_time,_value
2026-01-21 10:00:00,44.31444444444444
2026-01-21 11:00:00,33.722232142857145
2026-01-21 12:00:00,42.599999999999994
2026-01-21 13:00:00,44.98594594594594
2026-01-21 14:00:00,43.74903381642512
2026-01-21 15:00:00,49.120255102040815
2026-01-21 16:00:00,52.56203045685279
2026-01-21 17:00:00,60.74422330097087
2026-01-21 18:00:00,73.92274611398963
2026-01-21 19:00:00,81.64455128205128
2026-01-21 20:00:00,86.30206106870229
2026-01-21 21:00:00,88.03076923076924
2026-01-21 22:00:00,88.3746511627907
2026-01-21 23:00:00,88.2462837837838
2026-01-22 00:00:00,89.04190789473685
2026-01-22 01:00:00,87.52077519379846
2026-01-22 02:00:00,89.15401869158877
2026-01-22 03:00:00,87.96591666666667
2026-01-22 04:00:00,84.52887218045113
2026-01-22 05:00:00,76.97405882352942
2026-01-22 06:00:00,72.310875
2026-01-22 07:00:00,68.7791812865497
2026-01-22 08:00:00,58.62
2026-01-22 09:00:00,42.4062962962963
2026-01-22 10:00:00,35.25885964912281
2026-01-22 11:00:00,32.78949074074074
2026-01-22 12:00:00,30.726885964912277
2026-01-22 13:00:00,33.933564814814815
2026-01-22 14:00:00,32.14022321428571
2026-01-22 15:00:00,35.137972972972975
2026-01-22 16:00:00,38.2031797235023
2026-01-22 17:00:00,45.05323943661972
2026-01-22 18:00:00,58.468333333333334
2026-01-22 19:00:00,68.11121827411168
2026-01-22 20:00:00,69.55369458128078
2026-01-22 21:00:00,66.13123076923077
2026-01-22 22:00:00,65.62892307692307
2026-01-22 23:00:00,69.18005952380952
2026-01-23 00:00:00,76.93588571428572
2026-01-23 01:00:00,82.07891156462586
2026-01-23 02:00:00,84.29213333333333
2026-01-23 03:00:00,85.84310606060606
2026-01-23 04:00:00,82.89221428571429
2026-01-23 05:00:00,81.75738562091503
2026-01-23 06:00:00,85.22609271523179
2026-01-23 07:00:00,86.75585365853658
2026-01-23 08:00:00,82.63917721518987
2026-01-23 09:00:00,75.50938461538462
2026-01-23 10:00:00,63.29203703703703
2026-01-23 11:00:00,52.66828054298643
2026-01-23 12:00:00,41.21172093023256
2026-01-23 13:00:00,37.76809523809524
2026-01-23 14:00:00,30.80275229357798
2026-01-23 15:00:00,33.00122727272728
2026-01-23 16:00:00,34.06309090909091
2026-01-23 17:00:00,38.40910714285714
2026-01-23 18:00:00,40.869521531100474
2026-01-23 19:00:00,44.39545893719807
2026-01-23 20:00:00,53.62034146341463
2026-01-23 21:00:00,59.73451612903225
2026-01-23 22:00:00,59.9204469273743
2026-01-23 23:00:00,58.01532258064516
2026-01-24 00:00:00,58.67030612244898
2026-01-24 01:00:00,61.55629834254144
2026-01-24 02:00:00,60.33579787234042
2026-01-24 03:00:00,63.87613259668508
2026-01-24 04:00:00,67.09507692307693
2026-01-24 05:00:00,68.01618784530388
2026-01-24 06:00:00,65.23535519125683
2026-01-24 07:00:00,64.41841584158416
2026-01-24 08:00:00,55.526513761467896
2026-01-24 09:00:00,42.78308056872038
2026-01-24 10:00:00,32.074684684684684
2026-01-24 11:00:00,27.133640350877194
2026-01-24 12:00:00,30.262890995260666
2026-01-24 13:00:00,34.50599099099099
2026-01-24 14:00:00,33.199230769230766
2026-01-24 15:00:00,28.983041474654378
2026-01-24 16:00:00,33.41009433962264
2026-01-24 17:00:00,43.022110091743116
2026-01-24 18:00:00,50.31427184466019
2026-01-24 19:00:00,50.66264705882353
2026-01-24 20:00:00,52.80759615384615
2026-01-24 21:00:00,53.17281081081081
2026-01-24 22:00:00,55.052688172043005
2026-01-24 23:00:00,54.33979591836735
2026-01-25 00:00:00,54.240307692307695
2026-01-25 01:00:00,56.089441624365485
2026-01-25 02:00:00,59.18725806451613
2026-01-25 03:00:00,61.38345945945946
2026-01-25 04:00:00,64.84893854748603
2026-01-25 05:00:00,73.1621081081081
2026-01-25 06:00:00,76.8310909090909
2026-01-25 07:00:00,74.94306818181818
2026-01-25 08:00:00,70.86640776699029
2026-01-25 09:00:00,50.994573991031395
2026-01-25 10:00:00,35.31968609865471
2026-01-25 11:00:00,32.59947826086957
2026-01-25 12:00:00,29.515917431192662
2026-01-25 13:00:00,40.82632478632479
2026-01-25 14:00:00,44.77481308411215
2026-01-25 15:00:00,38.92360360360361
2026-01-25 16:00:00,36.50607305936073
2026-01-25 17:00:00,43.454193548387096
2026-01-25 18:00:00,53.402682926829264
2026-01-25 19:00:00,62.258870967741935
2026-01-25 20:00:00,68.52592592592592
2026-01-25 21:00:00,70.92149425287356
2026-01-25 22:00:00,66.48301675977653
2026-01-25 23:00:00,65.32929824561403
2026-01-26 00:00:00,65.61470588235294
2026-01-26 01:00:00,63.97840659340659
2026-01-26 02:00:00,62.79347593582887
2026-01-26 03:00:00,60.807471910112355
2026-01-26 04:00:00,69.52451612903225
2026-01-26 05:00:00,76.59620689655173
2026-01-26 06:00:00,78.34330985915493
2026-01-26 07:00:00,81.62263157894736
2026-01-26 08:00:00,72.27995238095238
2026-01-26 09:00:00,59.31316964285714
2026-01-26 10:00:00,44.23230046948357
2026-01-26 11:00:00,35.25064516129032
2026-01-26 12:00:00,36.84505319148936
2026-01-26 13:00:00,38.31388888888889
2026-01-26 14:00:00,43.31999999999999
2026-01-26 15:00:00,56.383737864077666
2026-01-26 16:00:00,54.528932038834945
2026-01-26 17:00:00,57.48891625615764
2026-01-26 18:00:00,66.27220994475138
2026-01-26 19:00:00,72.1268253968254
2026-01-26 20:00:00,76.81254901960784
2026-01-26 21:00:00,74.80109677419355
2026-01-26 22:00:00,73.25708609271523
2026-01-26 23:00:00,70.11147239263803
2026-01-27 00:00:00,75.08937499999999
2026-01-27 01:00:00,75.04280303030303
2026-01-27 02:00:00,69.97771241830065
2026-01-27 03:00:00,65.84123076923076
2026-01-27 04:00:00,64.51978723404255
2026-01-27 05:00:00,68.19197604790419
2026-01-27 06:00:00,68.29933333333334
2026-01-27 07:00:00,68.43720930232558
2026-01-27 08:00:00,66.39248888888889
2026-01-27 09:00:00,45.48291079812207
2026-01-27 10:00:00,38.05730088495576
2026-01-27 11:00:00,35.884414414414415
2026-01-27 12:00:00,47.90352941176471
2026-01-27 13:00:00,58.13167487684729
2026-01-27 14:00:00,54.51281818181818
2026-01-27 15:00:00,41.197511312217195
2026-01-27 16:00:00,43.3816894977169
2026-01-27 17:00:00,39.586800000000004
2026-01-27 18:00:00,46.722200956937805
2026-01-27 19:00:00,52.97834123222749
2026-01-27 20:00:00,59.67903381642512
2026-01-27 21:00:00,64.30886010362694
2026-01-27 22:00:00,68.05632978723405
2026-01-27 23:00:00,74.60050632911393
2026-01-28 00:00:00,74.2752808988764
2026-01-28 01:00:00,72.65908045977012
2026-01-28 02:00:00,72.09571428571428
2026-01-28 03:00:00,70.67994318181819
2026-01-28 04:00:00,72.09107344632768
2026-01-28 05:00:00,72.30609375
2026-01-28 06:00:00,76.89894444444444
2026-01-28 07:00:00,79.5234939759036
2026-01-28 08:00:00,77.4068156424581
2026-01-28 09:00:00,76.99324607329842
2026-01-28 10:00:00,78.09954545454545
2026-01-28 11:00:00,65.5522009569378
2026-01-28 12:00:00,43.736894977168944
2026-01-28 13:00:00,28.73345132743363
2026-01-28 14:00:00,28.48563063063063
2026-01-28 15:00:00,34.065377777777776
2026-01-28 16:00:00,36.9004
2026-01-28 17:00:00,43.57619266055046
2026-01-28 18:00:00,55.964000000000006
2026-01-28 19:00:00,61.41285
2026-01-28 20:00:00,59.48082901554404
2026-01-28 21:00:00,55.038762886597944
2026-01-28 22:00:00,52.380334928229665
2026-01-28 23:00:00,53.643921568627455
2026-01-29 00:00:00,52.20848780487805
2026-01-29 01:00:00,56.30529702970297
2026-01-29 02:00:00,64.64415841584159
2026-01-29 03:00:00,72.06266666666667
2026-01-29 04:00:00,77.53548387096774
2026-01-29 05:00:00,77.95979865771812
2026-01-29 06:00:00,79.54239130434783
2026-01-29 07:00:00,81.59475308641976
2026-01-29 08:00:00,69.82720930232558
2026-01-29 09:00:00,54.65771689497717
2026-01-29 10:00:00,47.57528846153846
2026-01-29 11:00:00,50.71019736842105
2026-01-29 12:00:00,55.902361111111105
2026-01-29 13:00:00,58.136901408450704
2026-01-29 14:00:00,59.634336283185846
2026-01-29 15:00:00,56.49614678899083
2026-01-29 16:00:00,55.130221238938056
2026-01-29 17:00:00,57.31030150753769
2026-01-29 18:00:00,63.66851851851852
2026-01-29 19:00:00,67.68377142857143
2026-01-29 20:00:00,67.28454081632653
2026-01-29 21:00:00,63.60247422680412
2026-01-29 22:00:00,61.64437837837838
2026-01-29 23:00:00,66.23763975155279
2026-01-30 00:00:00,67.78507246376812
2026-01-30 01:00:00,68.5340909090909
2026-01-30 02:00:00,62.758397435897436
2026-01-30 03:00:00,60.560235294117646
2026-01-30 04:00:00,62.06101694915254
2026-01-30 05:00:00,61.763375796178345
2026-01-30 06:00:00,64.66630952380953
2026-01-30 07:00:00,72.17367346938777
2026-01-30 08:00:00,67.52419512195121
2026-01-30 09:00:00,44.57696832579185
2026-01-30 10:00:00,37.549136363636364
2026-01-30 11:00:00,45.60441314553991
2026-01-30 12:00:00,41.52908256880734
2026-01-30 13:00:00,46.00004975124378
2026-01-30 14:00:00,38.45961904761904
2026-01-30 15:00:00,40.798144796380086
2026-01-30 16:00:00,38.86726851851852
2026-01-30 17:00:00,41.63677272727273
2026-01-30 18:00:00,52.72802030456853
2026-01-30 19:00:00,54.84081632653061
2026-01-30 20:00:00,59.72560240963856
2026-01-30 21:00:00,62.97328767123288
2026-01-30 22:00:00,61.784156626506025
2026-01-30 23:00:00,61.75042682926829
2026-01-31 00:00:00,69.16265895953757
2026-01-31 01:00:00,74.13348837209303
2026-01-31 02:00:00,66.32427027027028
2026-01-31 03:00:00,54.73213483146067
2026-01-31 04:00:00,53.499550561797754
2026-01-31 05:00:00,53.81894117647058
2026-01-31 06:00:00,52.05737142857142
2026-01-31 07:00:00,51.93925
2026-01-31 08:00:00,46.103818181818184
2026-01-31 09:00:00,39.90405405405406
2026-01-31 10:00:00,34.104838709677416
2026-01-31 11:00:00,31.93990867579909
2026-01-31 12:00:00,31.617239819004524
2026-01-31 13:00:00,37.2893488372093
2026-01-31 14:00:00,34.042863636363634
2026-01-31 15:00:00,29.26103139013453
2026-01-31 16:00:00,30.420221238938055
2026-01-31 17:00:00,37.60792626728111
2026-01-31 18:00:00,46.39124401913876
2026-01-31 19:00:00,52.9203743315508
2026-01-31 20:00:00,55.7267032967033
2026-01-31 21:00:00,61.647349397590354
2026-01-31 22:00:00,62.0645508982036
2026-01-31 23:00:00,60.18206250000001
2026-02-01 00:00:00,62.047000000000004
2026-02-01 01:00:00,67.51263473053892
2026-02-01 02:00:00,68.60924050632912
2026-02-01 03:00:00,63.83257142857143
2026-02-01 04:00:00,66.17006896551725
2026-02-01 05:00:00,67.90512
2026-02-01 06:00:00,67.64346405228758
2026-02-01 07:00:00,70.1679781420765
2026-02-01 08:00:00,64.62134615384615
2026-02-01 09:00:00,51.05678571428571
2026-02-01 10:00:00,39.31340611353712
2026-02-01 11:00:00,48.461312217194575
2026-02-01 12:00:00,52.294608294930875
2026-02-01 13:00:00,53.54990697674418
2026-02-01 14:00:00,48.31313901345291
2026-02-01 15:00:00,37.0396261682243
2026-02-01 16:00:00,34.850986547085206
2026-02-01 17:00:00,44.00900943396226
2026-02-01 18:00:00,57.24301507537689
2026-02-01 19:00:00,65.7547191011236
2026-02-01 20:00:00,72.00726666666667
2026-02-01 21:00:00,75.92847328244274
2026-02-01 22:00:00,78.19639705882354
2026-02-01 23:00:00,79.19782945736435
2026-02-02 00:00:00,80.23619834710743
2026-02-02 01:00:00,81.7399193548387
2026-02-02 02:00:00,82.27314285714286
2026-02-02 03:00:00,83.80092592592592
2026-02-02 04:00:00,84.56051724137932
2026-02-02 05:00:00,85.25029411764706
2026-02-02 06:00:00,84.682
2026-02-02 07:00:00,86.88929936305733
2026-02-02 08:00:00,84.3545744680851
2026-02-02 09:00:00,76.35752631578947
2026-02-02 10:00:00,64.34865470852019
2026-02-02 11:00:00,47.589120370370374
2026-02-02 12:00:00,54.225067264573994
2026-02-02 13:00:00,51.08268867924529
2026-02-02 14:00:00,45.7013023255814
2026-02-02 15:00:00,47.8772641509434
2026-02-02 16:00:00,49.46178403755869
2026-02-02 17:00:00,48.5466976744186
2026-02-02 18:00:00,57.94066326530613
2026-02-02 19:00:00,59.26471204188481
2026-02-02 20:00:00,58.77580838323353
2026-02-02 21:00:00,58.71073446327683
2026-02-02 22:00:00,59.300714285714285
2026-02-02 23:00:00,59.059890109890105
2026-02-03 00:00:00,61.03921686746988
2026-02-03 01:00:00,68.73896296296296
2026-02-03 02:00:00,71.41655172413793
2026-02-03 03:00:00,74.64976744186046
2026-02-03 04:00:00,76.66312977099237
2026-02-03 05:00:00,77.92246268656717
2026-02-03 06:00:00,77.13118811881188
2026-02-03 07:00:00,78.8778409090909
2026-02-03 08:00:00,68.80985221674877
2026-02-03 09:00:00,56.17668224299065
2026-02-03 10:00:00,39.72468181818182
2026-02-03 11:00:00,43.82018779342723
2026-02-03 12:00:00,36.26150234741784
2026-02-03 13:00:00,38.542927927927934
2026-02-03 14:00:00,45.44547169811321
2026-02-03 15:00:00,34.221614349775784
2026-02-03 16:00:00,56.63287804878048
2026-02-03 17:00:00,65.05663101604279
2026-02-03 18:00:00,73.94120689655173
2026-02-03 19:00:00,78.75014814814816
2026-02-03 20:00:00,81.93298387096775
2026-02-03 21:00:00,83.05528455284552
2026-02-03 22:00:00,83.66764705882353
2026-02-03 23:00:00,84.71191489361702
2026-02-04 00:00:00,85.49982608695652
2026-02-04 01:00:00,85.06082568807341
2026-02-04 02:00:00,84.74291262135922
2026-02-04 03:00:00,85.53194444444445
2026-02-04 04:00:00,86.08075471698113
2026-02-04 05:00:00,85.93959999999998
2026-02-04 06:00:00,86.67547368421053
2026-02-04 07:00:00,88.027734375
2026-02-04 08:00:00,89.7109090909091
2026-02-04 09:00:00,87.76267045454546
2026-02-04 10:00:00,81.0636075949367
2026-02-04 11:00:00,81.8116551724138
2026-02-04 12:00:00,70.14323671497584
2026-02-04 13:00:00,59.8495067264574
2026-02-04 14:00:00,65.37153110047846
2026-02-04 15:00:00,72.14567251461989
2026-02-04 16:00:00,72.21786885245902
2026-02-04 17:00:00,73.72746478873239
2026-02-04 18:00:00,80.83536458333333
2026-02-04 19:00:00,86.59556603773584
2026-02-04 20:00:00,87.75121495327102
2026-02-04 21:00:00,89.00884615384615
2026-02-04 22:00:00,88.92824561403509
2026-02-04 23:00:00,88.21091666666666
2026-02-05 00:00:00,87.83401869158878
2026-02-05 01:00:00,89.04070707070707
2026-02-05 02:00:00,87.87336363636364
2026-02-05 03:00:00,88.00372549019608
2026-02-05 04:00:00,89.22671532846715
2026-02-05 05:00:00,87.98669491525423
2026-02-05 06:00:00,88.51666666666667
2026-02-05 07:00:00,90.14280303030303
2026-02-05 08:00:00,92.39310126582279
2026-02-05 09:00:00,72.17946428571429
2026-02-05 10:00:00,47.92013215859031
2026-02-05 11:00:00,40.594955752212385
2026-02-05 12:00:00,40.20306306306306
2026-02-05 13:00:00,39.08557603686636
2026-02-05 14:00:00,39.315555555555555
2026-02-05 15:00:00,29.623720930232558
2026-02-05 16:00:00,35.012844036697246
2026-02-05 17:00:00,36.17197183098592
2026-02-05 18:00:00,45.3100956937799
2026-02-05 19:00:00,48.385797872340426
2026-02-05 20:00:00,49.47244897959184
2026-02-05 21:00:00,52.23268292682927
2026-02-05 22:00:00,53.18871165644172
2026-02-05 23:00:00,54.03186813186813
2026-02-06 00:00:00,55.180670391061454
2026-02-06 01:00:00,57.46337142857143
2026-02-06 02:00:00,59.92155844155844
2026-02-06 03:00:00,60.346133333333334
2026-02-06 04:00:00,61.0128313253012
2026-02-06 05:00:00,66.83127777777777
2026-02-06 06:00:00,71.34204545454546
2026-02-06 07:00:00,76.60740740740741
2026-02-06 08:00:00,62.91253456221198
2026-02-06 09:00:00,40.83950450450451
2026-02-06 10:00:00,37.8103125
2026-02-06 11:00:00,39.24746478873239
2026-02-06 12:00:00,44.83707547169811
2026-02-06 13:00:00,48.97031674208145
2026-02-06 14:00:00,42.36674418604651
2026-02-06 15:00:00,32.12408071748879
2026-02-06 16:00:00,37.22328828828829
2026-02-06 17:00:00,43.531576576576576
2026-02-06 18:00:00,50.02892523364486
2026-02-06 19:00:00,55.14961352657004
2026-02-06 20:00:00,53.571063829787235
2026-02-06 21:00:00,57.05659574468085
2026-02-06 22:00:00,61.628750000000004
2026-02-06 23:00:00,67.70281437125749
2026-02-07 00:00:00,69.62641379310345
2026-02-07 01:00:00,67.97354609929079
2026-02-07 02:00:00,66.87185714285714
2026-02-07 03:00:00,70.34162790697674
2026-02-07 04:00:00,68.73945945945947
2026-02-07 05:00:00,69.51697478991596
2026-02-07 06:00:00,69.68228070175438
2026-02-07 07:00:00,73.25820652173913
2026-02-07 08:00:00,59.63990521327015
2026-02-07 09:00:00,47.81107142857143
2026-02-07 10:00:00,34.68756637168142
2026-02-07 11:00:00,30.840230414746543
2026-02-07 12:00:00,31.683809523809526
2026-02-07 13:00:00,38.18527522935779
2026-02-07 14:00:00,39.50446601941748
2026-02-07 15:00:00,43.89037209302326
2026-02-07 16:00:00,45.73609302325581
2026-02-07 17:00:00,55.716517412935325
2026-02-07 18:00:00,64.2092817679558
2026-02-07 19:00:00,66.83455555555555
2026-02-07 20:00:00,67.80818181818182
2026-02-07 21:00:00,64.80152709359605
2026-02-07 22:00:00,61.17711956521739
2026-02-07 23:00:00,59.94931216931217
2026-02-08 00:00:00,63.139432624113475
2026-02-08 01:00:00,62.045697674418605
2026-02-08 02:00:00,62.04915151515152
2026-02-08 03:00:00,61.07169398907104
2026-02-08 04:00:00,59.65642458100559
2026-02-08 05:00:00,64.17514124293785
2026-02-08 06:00:00,67.23291139240506
2026-02-08 07:00:00,69.09
2026-02-08 08:00:00,60.4695067264574
2026-02-08 09:00:00,49.79739336492891
2026-02-08 10:00:00,44.98286995515695
2026-02-08 11:00:00,47.68570776255708
2026-02-08 12:00:00,40.28438596491228
2026-02-08 13:00:00,38.98497777777778
2026-02-08 14:00:00,39.92081447963801
2026-02-08 15:00:00,31.239907407407404
2026-02-08 16:00:00,34.12930875576037
2026-02-08 17:00:00,36.31972972972973
2026-02-08 18:00:00,44.7991943127962
2026-02-08 19:00:00,46.562153110047845
2026-02-08 20:00:00,48.51065
2026-02-08 21:00:00,50.05964646464646
2026-02-08 22:00:00,52.83897058823529
2026-02-08 23:00:00,54.947978723404255
2026-02-09 00:00:00,58.831
2026-02-09 01:00:00,59.91296116504854
2026-02-09 02:00:00,57.963482587064675
2026-02-09 03:00:00,61.15924242424243
2026-02-09 04:00:00,71.70746113989638
2026-02-09 05:00:00,77.73732620320855
2026-02-09 06:00:00,77.29742647058823
2026-02-09 07:00:00,78.52079268292682
2026-02-09 08:00:00,72.03828431372548
2026-02-09 09:00:00,50.8573732718894
2026-02-09 10:00:00,37.122956521739134
2026-02-09 11:00:00,33.85382882882883
2026-02-09 12:00:00,30.96675799086758
2026-02-09 13:00:00,36.53597156398104
2026-02-09 14:00:00,37.38628440366973
2026-02-09 15:00:00,32.788648648648646
2026-02-09 16:00:00,36.59497695852534
2026-02-09 17:00:00,41.03286343612335
2026-02-09 18:00:00,48.529804878048786
2026-02-09 19:00:00,58.3403
2026-02-09 20:00:00,62.59867403314917
2026-02-09 21:00:00,67.4103448275862
2026-02-09 22:00:00,70.02631205673758
2026-02-09 23:00:00,69.46197604790419
2026-02-10 00:00:00,70.7407594936709
2026-02-10 01:00:00,72.77492424242425
2026-02-10 02:00:00,76.77883720930232
2026-02-10 03:00:00,78.51299065420561
2026-02-10 04:00:00,79.4785576923077
2026-02-10 05:00:00,78.3805303030303
2026-02-10 06:00:00,80.10425742574257
2026-02-10 07:00:00,82.56083333333333
2026-02-10 08:00:00,79.66875647668394
2026-02-10 09:00:00,71.79666666666667
2026-02-10 10:00:00,63.644145077720204
2026-02-10 11:00:00,44.31072072072072
2026-02-10 12:00:00,44.095625
2026-02-10 13:00:00,49.54558139534883
2026-02-10 14:00:00,53.99322580645162
2026-02-10 15:00:00,56.33751152073732
2026-02-10 16:00:00,57.635235849056606
2026-02-10 17:00:00,51.17063106796116
2026-02-10 18:00:00,57.699536082474225
2026-02-10 19:00:00,64.82347826086956
2026-02-10 20:00:00,67.97342657342658
2026-02-10 21:00:00,69.89733333333334
2026-02-10 22:00:00,72.7724031007752
2026-02-10 23:00:00,75.5273015873016
2026-02-11 00:00:00,76.43788461538462
2026-02-11 01:00:00,74.66813008130082
2026-02-11 02:00:00,73.40376811594203
2026-02-11 03:00:00,72.25844827586207
2026-02-11 04:00:00,73.18986754966888
2026-02-11 05:00:00,76.78107692307692
2026-02-11 06:00:00,77.44017699115044
2026-02-11 07:00:00,79.38726708074535
2026-02-11 08:00:00,76.9009756097561
2026-02-11 09:00:00,
2026-02-11 10:00:00,
2026-02-11 11:00:00,
2026-02-11 12:00:00,
2026-02-11 13:00:00,44.70622448979592
2026-02-11 14:00:00,43.90409909909909
2026-02-11 15:00:00,45.62550925925926
2026-02-11 16:00:00,49.11183098591549
2026-02-11 17:00:00,48.64668202764977
2026-02-11 18:00:00,44.520355555555554
2026-02-11 19:00:00,45.31589371980676
2026-02-11 20:00:00,47.80502487562189
2026-02-11 21:00:00,50.12952153110048
2026-02-11 22:00:00,52.61041237113402
2026-02-11 23:00:00,56.46707865168539
2026-02-12 00:00:00,56.7740206185567
2026-02-12 01:00:00,57.43637362637363
2026-02-12 02:00:00,59.96958333333333
2026-02-12 03:00:00,61.32348837209302
2026-02-12 04:00:00,57.96895833333334
2026-02-12 05:00:00,51.96189320388349
2026-02-12 06:00:00,51.07478048780488
2026-02-12 07:00:00,51.6702
2026-02-12 08:00:00,44.12105527638191
2026-02-12 09:00:00,32.656666666666666
2026-02-12 10:00:00,30.14054455445545
2026-02-12 11:00:00,30.858521739130435
2026-02-12 12:00:00,33.100545454545454
2026-02-12 13:00:00,26.639504504504504
2026-02-12 14:00:00,24.15509090909091
2026-02-12 15:00:00,21.881955555555553
2026-02-12 16:00:00,24.034222222222223
2026-02-12 17:00:00,35.97411214953271
2026-02-12 18:00:00,43.47914691943128
2026-02-12 19:00:00,46.373645833333335
2026-02-12 20:00:00,49.790000000000006
2026-02-12 21:00:00,52.32856435643565
2026-02-12 22:00:00,51.70797752808989
2026-02-12 23:00:00,51.20943820224719
2026-02-13 00:00:00,55.935958549222796
2026-02-13 01:00:00,60.053715846994535
2026-02-13 02:00:00,63.083121387283235
2026-02-13 03:00:00,65.38774390243903
2026-02-13 04:00:00,67.74199999999999
2026-02-13 05:00:00,70.64676470588235
2026-02-13 06:00:00,71.95244274809161
2026-02-13 07:00:00,75.61169312169312
2026-02-13 08:00:00,58.002863636363635
2026-02-13 09:00:00,47.17977272727273
2026-02-13 10:00:00,45.605954545454544
2026-02-13 11:00:00,45.506491228070175
2026-02-13 12:00:00,39.62039301310043
2026-02-13 13:00:00,41.984838709677426
2026-02-13 14:00:00,46.17237668161435
2026-02-13 15:00:00,34.628454545454545
2026-02-13 16:00:00,28.76626794258373
2026-02-13 17:00:00,36.43577669902913
2026-02-13 18:00:00,44.583982300884955
2026-02-13 19:00:00,47.857142857142854
2026-02-13 20:00:00,49.17075376884422
2026-02-13 21:00:00,45.542328042328045
2026-02-13 22:00:00,45.80155080213903
2026-02-13 23:00:00,47.0878350515464
2026-02-14 00:00:00,48.580809248554914
2026-02-14 01:00:00,49.94071856287425
2026-02-14 02:00:00,50.35755813953488
2026-02-14 03:00:00,49.910714285714285
2026-02-14 04:00:00,48.968936170212764
2026-02-14 05:00:00,48.419333333333334
2026-02-14 06:00:00,49.32989473684211
2026-02-14 07:00:00,48.75893023255814
2026-02-14 08:00:00,40.74788990825689
2026-02-14 09:00:00,34.76031674208145
2026-02-14 10:00:00,31.19340807174888
2026-02-14 11:00:00,28.818847926267278
2026-02-14 12:00:00,31.174342105263158
2026-02-14 13:00:00,30.192811059907836
2026-02-14 14:00:00,28.972589285714285
2026-02-14 15:00:00,26.656188340807173
2026-02-14 16:00:00,27.914210526315788
2026-02-14 17:00:00,32.02064220183486
2026-02-14 18:00:00,36.3803738317757
2026-02-14 19:00:00,38.60642857142857
2026-02-14 20:00:00,39.657832512315274
2026-02-14 21:00:00,38.800094339622646
2026-02-14 22:00:00,39.417184466019414
2026-02-14 23:00:00,39.659263157894735
2026-02-15 00:00:00,38.871044776119405
2026-02-15 01:00:00,40.50963541666667
2026-02-15 02:00:00,42.942486187845304
2026-02-15 03:00:00,42.812
2026-02-15 04:00:00,40.8405
2026-02-15 05:00:00,39.7367032967033
2026-02-15 06:00:00,40.467800000000004
2026-02-15 07:00:00,40.00322429906542
2026-02-15 08:00:00,37.8442600896861
2026-02-15 09:00:00,32.144633027522936
2026-02-15 10:00:00,31.5198623853211
2026-02-15 11:00:00,33.81982300884955
2026-02-15 12:00:00,38.3595067264574
2026-02-15 13:00:00,41.883242009132424
2026-02-15 14:00:00,37.355479452054794
2026-02-15 15:00:00,31.147927927927928
2026-02-15 16:00:00,26.97126126126126
2026-02-15 17:00:00,30.291212121212123
2026-02-15 18:00:00,36.97733031674208
2026-02-15 19:00:00,39.018840579710144
2026-02-15 20:00:00,44.08578947368421
2026-02-15 21:00:00,47.532222222222224
2026-02-15 22:00:00,49.716797752808986
2026-02-15 23:00:00,52.46429378531074
2026-02-16 00:00:00,57.13598930481284
2026-02-16 01:00:00,62.50457627118644
2026-02-16 02:00:00,61.94535947712418
2026-02-16 03:00:00,59.09496774193548
2026-02-16 04:00:00,57.77967948717949
2026-02-16 05:00:00,58.31178571428571
2026-02-16 06:00:00,59.16782051282051
2026-02-16 07:00:00,56.676780487804876
2026-02-16 08:00:00,54.65607476635514
2026-02-16 09:00:00,48.99454545454545
2026-02-16 10:00:00,48.61565022421525
2026-02-16 11:00:00,49.487314814814816
2026-02-16 12:00:00,51.65260273972603
2026-02-16 13:00:00,49.35895734597156
2026-02-16 14:00:00,37.59115740740741
2026-02-16 15:00:00,44.435874439461884
2026-02-16 16:00:00,44.13551569506726
2026-02-16 17:00:00,42.99513636363636
2026-02-16 18:00:00,51.814516129032256
2026-02-16 19:00:00,59.210157894736845
2026-02-16 20:00:00,58.88343558282209
2026-02-16 21:00:00,58.025240963855424
2026-02-16 22:00:00,57.72122448979592
2026-02-16 23:00:00,58.85211538461539
2026-02-17 00:00:00,60.3365
2026-02-17 01:00:00,61.009246575342466
2026-02-17 02:00:00,62.32604166666667
2026-02-17 03:00:00,64.24606896551724
2026-02-17 04:00:00,65.75535211267606
2026-02-17 05:00:00,64.10229813664596
2026-02-17 06:00:00,67.96502923976608
2026-02-17 07:00:00,72.35855721393035
2026-02-17 08:00:00,57.7247247706422
2026-02-17 09:00:00,43.37124444444445
2026-02-17 10:00:00,37.4072850678733
2026-02-17 11:00:00,37.72550660792952
2026-02-17 12:00:00,37.026434782608696
2026-02-17 13:00:00,35.79412037037037
2026-02-17 14:00:00,33.93793427230047
2026-02-17 15:00:00,32.20656108597285
2026-02-17 16:00:00,37.945896226415094
2026-02-17 17:00:00,38.41905660377358
2026-02-17 18:00:00,48.89858407079646
2026-02-17 19:00:00,57.49086206896552
2026-02-17 20:00:00,61.05523255813954
2026-02-17 21:00:00,63.115443037974686
2026-02-17 22:00:00,68.03089285714286
2026-02-17 23:00:00,71.98685714285715
2026-02-18 00:00:00,73.06682926829268
2026-02-18 01:00:00,74.02650406504065
2026-02-18 02:00:00,74.22854166666667
2026-02-18 03:00:00,75.76935251798561
2026-02-18 04:00:00,77.87263157894736
2026-02-18 05:00:00,78.30462962962963
2026-02-18 06:00:00,78.4638524590164
2026-02-18 07:00:00,77.62747368421053
2026-02-18 08:00:00,61.43668292682927
2026-02-18 09:00:00,49.24277272727273
2026-02-18 10:00:00,36.57695067264574
2026-02-18 11:00:00,37.094746543778804
2026-02-18 12:00:00,41.773009259259254
2026-02-18 13:00:00,39.80564593301435
2026-02-18 14:00:00,35.99630136986301
2026-02-18 15:00:00,34.7996803652968
2026-02-18 16:00:00,44.08176470588235
2026-02-18 17:00:00,41.08663507109005
2026-02-18 18:00:00,51.23037914691943
2026-02-18 19:00:00,46.284642857142856
2026-02-18 20:00:00,48.243168316831685
2026-02-18 21:00:00,52.81680203045685
2026-02-18 22:00:00,53.736825396825395
2026-02-18 23:00:00,54.19412790697674
2026-02-19 00:00:00,58.2019209039548
2026-02-19 01:00:00,62.71346153846154
2026-02-19 02:00:00,65.23506578947368
2026-02-19 03:00:00,65.70214285714285
2026-02-19 04:00:00,63.63931428571428
2026-02-19 05:00:00,53.78727272727272
2026-02-19 06:00:00,52.879100529100526
2026-02-19 07:00:00,53.91686363636363
2026-02-19 08:00:00,46.27334841628959
2026-02-19 09:00:00,38.05672566371681
2026-02-19 10:00:00,28.569910714285715
2026-02-19 11:00:00,27.77657534246575
2026-02-19 12:00:00,30.365225225225224
2026-02-19 13:00:00,27.729826839826842
2026-02-19 14:00:00,25.592887931034483
2026-02-19 15:00:00,31.503955555555557
2026-02-19 16:00:00,24.49626126126126
2026-02-19 17:00:00,26.922289719626168
2026-02-19 18:00:00,34.09774336283186
2026-02-19 19:00:00,38.63957943925234
2026-02-19 20:00:00,39.5925
2026-02-19 21:00:00,41.035933014354065
2026-02-19 22:00:00,43.74639024390244
2026-02-19 23:00:00,48.19373786407767
2026-02-20 00:00:00,52.982344497607656
2026-02-20 01:00:00,55.218505154639175
2026-02-20 02:00:00,49.789310344827584
2026-02-20 03:00:00,47.43775280898876
2026-02-20 04:00:00,46.700653266331656
2026-02-20 05:00:00,48.9494923857868
2026-02-20 06:00:00,51.30390862944163
2026-02-20 07:00:00,51.10888349514563
2026-02-20 08:00:00,39.8976923076923
2026-02-20 09:00:00,34.70753488372093
2026-02-20 10:00:00,27.374122807017546
2026-02-20 11:00:00,24.174657534246574
2026-02-20 12:00:00,40.272714932126696
2026-02-20 13:00:00,29.938558558558558
2026-02-20 14:00:00,24.492453703703703
2026-02-20 15:00:00,22.16872807017544
2026-02-20 16:00:00,29.449022222222222
2026-02-20 17:00:00,33.77191964285714
2026-02-20 18:00:00,40.26182692307692
2026-02-20 19:00:00,53.81048648648649
2026-02-20 20:00:00,62.006644736842105
2026-02-20 21:00:00,66.83590277777779
2026-02-20 22:00:00,70.56371212121212
2026-02-20 23:00:00,72.00060869565218
2026-02-21 00:00:00,72.71760330578512
2026-02-21 01:00:00,69.73434210526317
2026-02-21 02:00:00,68.44275362318841
2026-02-21 03:00:00,70.55369696969697
2026-02-21 04:00:00,72.45948529411764
2026-02-21 05:00:00,71.89951388888889
2026-02-21 06:00:00,71.81721428571429
2026-02-21 07:00:00,71.60432160804021
2026-02-21 08:00:00,54.49439252336448
2026-02-21 09:00:00,40.49972727272728
2026-02-21 10:00:00,33.97439814814815
2026-02-21 11:00:00,32.87581081081081
2026-02-21 12:00:00,41.60577272727273
2026-02-21 13:00:00,42.501756756756755
2026-02-21 14:00:00,42.745652173913044
2026-02-21 15:00:00,34.50206278026906
2026-02-21 16:00:00,33.76098591549296
2026-02-21 17:00:00,36.50683486238532
2026-02-21 18:00:00,52.87976635514019
2026-02-21 19:00:00,62.09409090909091
2026-02-21 20:00:00,65.16127659574468
2026-02-21 21:00:00,69.64234042553191
2026-02-21 22:00:00,71.58258333333333
2026-02-21 23:00:00,73.17777777777778
2026-02-22 00:00:00,75.40925373134328
2026-02-22 01:00:00,76.17740384615385
2026-02-22 02:00:00,75.23944
2026-02-22 03:00:00,75.58866071428572
2026-02-22 04:00:00,76.89496183206107
2026-02-22 05:00:00,76.75561403508772
2026-02-22 06:00:00,77.21176923076924
2026-02-22 07:00:00,80.36
2026-02-22 08:00:00,64.29004587155963
2026-02-22 09:00:00,49.926098654708525
2026-02-22 10:00:00,47.577523364485984
2026-02-22 11:00:00,33.28414746543779
2026-02-22 12:00:00,36.27217194570136
2026-02-22 13:00:00,44.59408071748879
2026-02-22 14:00:00,44.60502283105023
2026-02-22 15:00:00,36.10940366972477
2026-02-22 16:00:00,32.41203703703704
2026-02-22 17:00:00,33.41041095890411
2026-02-22 18:00:00,48.15018518518519
2026-02-22 19:00:00,60.320402298850574
2026-02-22 20:00:00,62.702176870748296
2026-02-22 21:00:00,65.43351515151515
2026-02-22 22:00:00,67.92801652892561
2026-02-22 23:00:00,69.58208633093525
2026-02-23 00:00:00,69.94333333333333
2026-02-23 01:00:00,70.425
2026-02-23 02:00:00,70.31
2026-02-23 03:00:00,72.20666666666666
2026-02-23 04:00:00,72.96333333333334
2026-02-23 05:00:00,73.55916666666667
2026-02-23 06:00:00,74.2025
2026-02-23 07:00:00,74.38166666666666
2026-02-23 08:00:00,58.479166666666664
2026-02-23 09:00:00,43.65
2026-02-23 10:00:00,36.160833333333336
2026-02-23 11:00:00,33.505833333333335
2026-02-23 12:00:00,32.29083333333333
2026-02-23 13:00:00,33.165
2026-02-23 14:00:00,30.098333333333333
2026-02-23 15:00:00,27.2675
2026-02-23 16:00:00,34.06666666666667
2026-02-23 17:00:00,36.505
2026-02-23 18:00:00,43.044999999999995
2026-02-23 19:00:00,56.409166666666664
2026-02-23 20:00:00,60.98583333333334
2026-02-23 21:00:00,65.40416666666667
2026-02-23 22:00:00,69.93833333333333
2026-02-23 23:00:00,71.97500000000001
2026-02-24 00:00:00,71.35166666666667
2026-02-24 01:00:00,73.6075
2026-02-24 02:00:00,74.92166666666667
2026-02-24 03:00:00,75.07666666666667
2026-02-24 04:00:00,74.085
2026-02-24 05:00:00,74.95333333333333
2026-02-24 06:00:00,76.12
2026-02-24 07:00:00,75.99416666666667
2026-02-24 08:00:00,55.44833333333333
2026-02-24 09:00:00,46.99166666666667
2026-02-24 10:00:00,39.14666666666667
2026-02-24 11:00:00,34.795833333333334
2026-02-24 12:00:00,34.20166666666667
2026-02-24 13:00:00,33.916666666666664
2026-02-24 14:00:00,34.4825
2026-02-24 15:00:00,31.27916666666667
2026-02-24 16:00:00,36.93
2026-02-24 17:00:00,34.66833333333334
2026-02-24 18:00:00,45.63666666666666
2026-02-24 19:00:00,57.725833333333334
2026-02-24 20:00:00,60.86166666666667
2026-02-24 21:00:00,65.14416666666666
2026-02-24 22:00:00,68.58166666666666
2026-02-24 23:00:00,71.84
2026-02-25 00:00:00,74.26333333333334
2026-02-25 01:00:00,74.77833333333334
2026-02-25 02:00:00,75.41333333333334
2026-02-25 03:00:00,75.86166666666666
2026-02-25 04:00:00,76.96083333333333
2026-02-25 05:00:00,77.90583333333333
2026-02-25 06:00:00,76.13000000000001
2026-02-25 07:00:00,74.135
2026-02-25 08:00:00,56.04749999999999
2026-02-25 09:00:00,45.754444444444445
2026-02-25 10:00:00,38.277499999999996
2026-02-25 11:00:00,33.65083333333333
2026-02-25 12:00:00,35.016666666666666
2026-02-25 13:00:00,32.938
2026-02-25 14:00:00,29.9825
2026-02-25 15:00:00,31.425833333333333
2026-02-25 16:00:00,32.9275
2026-02-25 17:00:00,39.21
2026-02-25 18:00:00,46.321666666666665
2026-02-25 19:00:00,60.946666666666665
2026-02-25 20:00:00,74.90083333333332
2026-02-25 21:00:00,76.66916666666667
2026-02-25 22:00:00,75.59833333333334
2026-02-25 23:00:00,77.53333333333333
2026-02-26 00:00:00,78.77666666666667
2026-02-26 01:00:00,78.57000000000001
2026-02-26 02:00:00,78.84333333333333
2026-02-26 03:00:00,78.78666666666668
2026-02-26 04:00:00,79.49333333333333
2026-02-26 05:00:00,79.895
2026-02-26 06:00:00,80.69083333333333
2026-02-26 07:00:00,80.52499999999999
2026-02-26 08:00:00,63.965
2026-02-26 09:00:00,51.00833333333333
2026-02-26 10:00:00,41.28
2026-02-26 11:00:00,32.6925
2026-02-26 12:00:00,34.472500000000004
2026-02-26 13:00:00,32.085
2026-02-26 14:00:00,25.52333333333333
2026-02-26 15:00:00,23.968333333333334
2026-02-26 16:00:00,29.561666666666667
2026-02-26 17:00:00,33.39
2026-02-26 18:00:00,43.81
2026-02-26 19:00:00,54.41583333333333
2026-02-26 20:00:00,59.4775
2026-02-26 21:00:00,63.5875
2026-02-26 22:00:00,65.57083333333334
2026-02-26 23:00:00,64.18833333333333
2026-02-27 00:00:00,65.43416666666667
2026-02-27 01:00:00,68.32416666666667
2026-02-27 02:00:00,70.7025
2026-02-27 03:00:00,71.19916666666667
2026-02-27 04:00:00,71.87333333333333
2026-02-27 05:00:00,72.34166666666667
2026-02-27 06:00:00,73.91916666666667
2026-02-27 07:00:00,73.22416666666668
2026-02-27 08:00:00,51.98083333333333
2026-02-27 09:00:00,42.175
2026-02-27 10:00:00,32.865
2026-02-27 11:00:00,35.583333333333336
2026-02-27 12:00:00,34.844166666666666
2026-02-27 13:00:00,33.130833333333335
2026-02-27 14:00:00,36.67333333333333
2026-02-27 15:00:00,46.16583333333333
2026-02-27 16:00:00,55.43666666666667
2026-02-27 17:00:00,56.365833333333335
2026-02-27 18:00:00,59.373333333333335
2026-02-27 19:00:00,64.855
2026-02-27 20:00:00,72.41666666666667
2026-02-27 21:00:00,75.7675
2026-02-27 22:00:00,75.53083333333333
2026-02-27 23:00:00,76.19083333333333
2026-02-28 00:00:00,76.55666666666667
2026-02-28 01:00:00,76.38416666666667
2026-02-28 02:00:00,76.7475
2026-02-28 03:00:00,75.45083333333334
2026-02-28 04:00:00,74.97583333333334
2026-02-28 05:00:00,74.93583333333333
2026-02-28 06:00:00,74.1475
2026-02-28 07:00:00,75.37333333333333
2026-02-28 08:00:00,73.02333333333333
2026-02-28 09:00:00,64.19583333333334
2026-02-28 10:00:00,55.66
2026-02-28 11:00:00,48.66416666666667
2026-02-28 12:00:00,48.112500000000004
2026-02-28 13:00:00,45.7575
2026-02-28 14:00:00,49.41
2026-02-28 15:00:00,39.135
2026-02-28 16:00:00,48.321666666666665
2026-02-28 17:00:00,59.280833333333334
2026-02-28 18:00:00,62.425000000000004
2026-02-28 19:00:00,69.71583333333334
2026-02-28 20:00:00,71.5825
2026-02-28 21:00:00,72.06916666666667
2026-02-28 22:00:00,73.35666666666667
2026-02-28 23:00:00,74.48083333333334
2026-03-01 00:00:00,74.58166666666666
2026-03-01 01:00:00,75.74833333333333
2026-03-01 02:00:00,77.60583333333334
2026-03-01 03:00:00,76.66
2026-03-01 04:00:00,76.97166666666666
2026-03-01 05:00:00,79.3175
2026-03-01 06:00:00,80.71
2026-03-01 07:00:00,84.06166666666667
2026-03-01 08:00:00,74.15083333333334
2026-03-01 09:00:00,64.83583333333333
2026-03-01 10:00:00,58.38916666666666
2026-03-01 11:00:00,51.373333333333335
2026-03-01 12:00:00,48.65
2026-03-01 13:00:00,47.99166666666667
2026-03-01 14:00:00,46.65833333333333
2026-03-01 15:00:00,44.19083333333333
2026-03-01 16:00:00,43.44333333333333
2026-03-01 17:00:00,45.39416666666667
2026-03-01 18:00:00,57.86000000000001
2026-03-01 19:00:00,69.70333333333333
2026-03-01 20:00:00,77.1125
2026-03-01 21:00:00,78.12
2026-03-01 22:00:00,77.32083333333334
2026-03-01 23:00:00,79.61916666666666
2026-03-02 00:00:00,79.32416666666667
2026-03-02 01:00:00,81.5725
2026-03-02 02:00:00,81.43666666666667
2026-03-02 03:00:00,82.73583333333333
2026-03-02 04:00:00,83.48666666666666
2026-03-02 05:00:00,82.74916666666667
2026-03-02 06:00:00,81.97083333333333
2026-03-02 07:00:00,78.82666666666667
2026-03-02 08:00:00,78.66333333333334
2026-03-02 09:00:00,67.8975
2026-03-02 10:00:00,64.1375
2026-03-02 11:00:00,66.12916666666668
2026-03-02 12:00:00,57.685
2026-03-02 13:00:00,62.65833333333333
2026-03-02 14:00:00,66.6725
2026-03-02 15:00:00,66.75333333333333
2026-03-02 16:00:00,63.70416666666667
2026-03-02 17:00:00,64.77333333333333
2026-03-02 18:00:00,63.73833333333334
2026-03-02 19:00:00,68.415
2026-03-02 20:00:00,72.75
2026-03-02 21:00:00,75.0575
2026-03-02 22:00:00,79.07916666666667
2026-03-02 23:00:00,82.96833333333333
2026-03-03 00:00:00,84.94333333333333
2026-03-03 01:00:00,84.535
2026-03-03 02:00:00,84.78416666666666
2026-03-03 03:00:00,85.20416666666667
2026-03-03 04:00:00,84.78
2026-03-03 05:00:00,83.065
2026-03-03 06:00:00,83.40333333333334
2026-03-03 07:00:00,86.86
2026-03-03 08:00:00,71.24083333333333
2026-03-03 09:00:00,57.166666666666664
2026-03-03 10:00:00,53.01
2026-03-03 11:00:00,50.2275
2026-03-03 12:00:00,47.52583333333334
2026-03-03 13:00:00,45.44083333333333
2026-03-03 14:00:00,45.51500000000001
2026-03-03 15:00:00,48.365
2026-03-03 16:00:00,46.165
2026-03-03 17:00:00,46.485
2026-03-03 18:00:00,54.00333333333333
2026-03-03 19:00:00,65.41250000000001
2026-03-03 20:00:00,70.2675
2026-03-03 21:00:00,74.09
2026-03-03 22:00:00,76.08916666666667
2026-03-03 23:00:00,77.365
2026-03-04 00:00:00,79.72500000000001
2026-03-04 01:00:00,81.31083333333333
2026-03-04 02:00:00,81.07166666666667
2026-03-04 03:00:00,80.57666666666667
2026-03-04 04:00:00,80.45666666666666
2026-03-04 05:00:00,80.16
2026-03-04 06:00:00,79.6575
2026-03-04 07:00:00,79.69583333333334
2026-03-04 08:00:00,71.64999999999999
2026-03-04 09:00:00,57.142500000000005
2026-03-04 10:00:00,56.280833333333334
2026-03-04 11:00:00,55.51833333333334
2026-03-04 12:00:00,56.13
2026-03-04 13:00:00,58.18083333333333
2026-03-04 14:00:00,55.60999999999999
2026-03-04 15:00:00,56.37583333333333
2026-03-04 16:00:00,58.23500000000001
2026-03-04 17:00:00,57.99583333333334
2026-03-04 18:00:00,65.6775
2026-03-04 19:00:00,72.8325
2026-03-04 20:00:00,76.53166666666667
2026-03-04 21:00:00,78.42416666666666
2026-03-04 22:00:00,79.83166666666666
2026-03-04 23:00:00,81.50500000000001
2026-03-05 00:00:00,82.11
2026-03-05 01:00:00,82.74333333333334
2026-03-05 02:00:00,81.80833333333334
2026-03-05 03:00:00,83.13333333333334
2026-03-05 04:00:00,84.23333333333333
2026-03-05 05:00:00,84.26
2026-03-05 06:00:00,86.34583333333335
2026-03-05 07:00:00,86.93666666666667
2026-03-05 08:00:00,85.05333333333333
2026-03-05 09:00:00,73.76166666666667
2026-03-05 10:00:00,61.4925
2026-03-05 11:00:00,66.28916666666667
2026-03-05 12:00:00,75.3025
2026-03-05 13:00:00,75.44166666666668
2026-03-05 14:00:00,70.03583333333333
2026-03-05 15:00:00,76.91333333333334
2026-03-05 16:00:00,80.86749999999999
2026-03-05 17:00:00,81.42583333333333
2026-03-05 18:00:00,81.10916666666667
2026-03-05 19:00:00,84.79
2026-03-05 20:00:00,85.11749999999999
2026-03-05 21:00:00,85.3575
2026-03-05 22:00:00,86.2375
2026-03-05 23:00:00,88.69416666666666
2026-03-06 00:00:00,89.59333333333332
2026-03-06 01:00:00,86.98
2026-03-06 02:00:00,84.15833333333333
2026-03-06 03:00:00,85.11
2026-03-06 04:00:00,85.18083333333333
2026-03-06 05:00:00,84.81083333333333
2026-03-06 06:00:00,85.56583333333333
2026-03-06 07:00:00,83.7625
2026-03-06 08:00:00,71.83916666666667
2026-03-06 09:00:00,60.46083333333333
2026-03-06 10:00:00,49.385
2026-03-06 11:00:00,47.75666666666667
2026-03-06 12:00:00,50.053333333333335
2026-03-06 13:00:00,49.682500000000005
2026-03-06 14:00:00,43.73
2026-03-06 15:00:00,46.807500000000005
2026-03-06 16:00:00,50.275
2026-03-06 17:00:00,60.29
2026-03-06 18:00:00,63.705000000000005
2026-03-06 19:00:00,66.495
2026-03-06 20:00:00,74.24249999999999
2026-03-06 21:00:00,80.08416666666666
2026-03-06 22:00:00,79.88250000000001
2026-03-06 23:00:00,81.57166666666667
2026-03-07 00:00:00,83.6775
2026-03-07 01:00:00,86.33166666666666
2026-03-07 02:00:00,86.77749999999999
2026-03-07 03:00:00,86.71
2026-03-07 04:00:00,85.01166666666667
2026-03-07 05:00:00,83.90833333333333
2026-03-07 06:00:00,84.08583333333333
2026-03-07 07:00:00,83.72
2026-03-07 08:00:00,68.60833333333333
2026-03-07 09:00:00,53.379999999999995
2026-03-07 10:00:00,44.57666666666666
2026-03-07 11:00:00,45.458333333333336
2026-03-07 12:00:00,41.251666666666665
2026-03-07 13:00:00,38.51583333333333
2026-03-07 14:00:00,38.4475
2026-03-07 15:00:00,45.2125
2026-03-07 16:00:00,52.12083333333334
2026-03-07 17:00:00,54.16083333333333
2026-03-07 18:00:00,63.574999999999996
2026-03-07 19:00:00,72.34
2026-03-07 20:00:00,77.42833333333333
2026-03-07 21:00:00,79.665
2026-03-07 22:00:00,81.385
2026-03-07 23:00:00,83.68416666666667
2026-03-08 00:00:00,84.63333333333334
2026-03-08 01:00:00,85.59666666666665
2026-03-08 02:00:00,86.50666666666666
2026-03-08 03:00:00,87.72666666666667
2026-03-08 04:00:00,88.30083333333334
2026-03-08 05:00:00,88.87
2026-03-08 06:00:00,89.26583333333333
2026-03-08 07:00:00,90.52833333333332
2026-03-08 08:00:00,83.67916666666666
2026-03-08 09:00:00,69.17333333333333
2026-03-08 10:00:00,55.25
2026-03-08 11:00:00,42.76333333333333
2026-03-08 12:00:00,45.800000000000004
2026-03-08 13:00:00,48.79333333333333
2026-03-08 14:00:00,47.314166666666665
2026-03-08 15:00:00,60.99916666666667
2026-03-08 16:00:00,62.166666666666664
2026-03-08 17:00:00,61.653333333333336
2026-03-08 18:00:00,66.37833333333333
2026-03-08 19:00:00,74.17416666666666
2026-03-08 20:00:00,83.35083333333334
2026-03-08 21:00:00,82.08166666666666
2026-03-08 22:00:00,84.39916666666666
2026-03-08 23:00:00,84.97
2026-03-09 00:00:00,84.41916666666667
2026-03-09 01:00:00,83.90666666666667
2026-03-09 02:00:00,84.44833333333334
2026-03-09 03:00:00,85.705
2026-03-09 04:00:00,85.10833333333333
2026-03-09 05:00:00,84.99666666666667
2026-03-09 06:00:00,85.44166666666666
2026-03-09 07:00:00,81.64833333333333
2026-03-09 08:00:00,63.20583333333334
2026-03-09 09:00:00,53.19083333333333
2026-03-09 10:00:00,42.4225
2026-03-09 11:00:00,50.99333333333333
2026-03-09 12:00:00,48.748333333333335
2026-03-09 13:00:00,45.13333333333333
2026-03-09 14:00:00,36.7925
2026-03-09 15:00:00,44.639166666666675
2026-03-09 16:00:00,52.5
2026-03-09 17:00:00,54.406666666666666
2026-03-09 18:00:00,63.15
2026-03-09 19:00:00,71.7625
2026-03-09 20:00:00,75.70416666666667
2026-03-09 21:00:00,78.79916666666666
2026-03-09 22:00:00,82.33583333333333
2026-03-09 23:00:00,83.57583333333334
2026-03-10 00:00:00,84.08
2026-03-10 01:00:00,83.78666666666668
2026-03-10 02:00:00,85.05583333333333
2026-03-10 03:00:00,77.78416666666668
2026-03-10 04:00:00,72.75166666666667
2026-03-10 05:00:00,75.76583333333333
2026-03-10 06:00:00,79.26
2026-03-10 07:00:00,80.98
2026-03-10 08:00:00,79.86166666666666
2026-03-10 09:00:00,65.125
2026-03-10 10:00:00,70.31333333333333
2026-03-10 11:00:00,70.53166666666667
2026-03-10 12:00:00,66.43833333333333
2026-03-10 13:00:00,67.37333333333333
2026-03-10 14:00:00,68.79583333333333
2026-03-10 15:00:00,68.55083333333333
2026-03-10 16:00:00,71.86166666666666
2026-03-10 17:00:00,75.75833333333334
2026-03-10 18:00:00,81.07000000000001
2026-03-10 19:00:00,78.97833333333334
2026-03-10 20:00:00,84.29083333333334
2026-03-10 21:00:00,86.37416666666667
2026-03-10 22:00:00,87.12833333333333
2026-03-10 23:00:00,88.84333333333335
2026-03-11 00:00:00,88.28250000000001
2026-03-11 01:00:00,89.805
2026-03-11 02:00:00,88.3275
2026-03-11 03:00:00,87.995
2026-03-11 04:00:00,89.43416666666667
2026-03-11 05:00:00,89.95583333333333
2026-03-11 06:00:00,92.49083333333334
2026-03-11 07:00:00,88.43083333333334
2026-03-11 08:00:00,77.28916666666667
2026-03-11 09:00:00,70.005
2026-03-11 10:00:00,57.38999999999999
2026-03-11 11:00:00,47.107499999999995
2026-03-11 12:00:00,52.846666666666664
2026-03-11 13:00:00,60.748333333333335
2026-03-11 14:00:00,52.732499999999995
2026-03-11 15:00:00,47.9975
2026-03-11 16:00:00,47.0625
2026-03-11 17:00:00,57.6825
2026-03-11 18:00:00,68.11916666666667
2026-03-11 19:00:00,73.99249999999999
2026-03-11 20:00:00,78.94
2026-03-11 21:00:00,81.56666666666666
2026-03-11 22:00:00,82.81416666666667
2026-03-11 23:00:00,88.76583333333333
2026-03-12 00:00:00,89.05250000000001
2026-03-12 01:00:00,89.62333333333333
2026-03-12 02:00:00,89.72583333333334
2026-03-12 03:00:00,89.79333333333334
2026-03-12 04:00:00,88.48416666666667
2026-03-12 05:00:00,88.4775
2026-03-12 06:00:00,85.33416666666666
2026-03-12 07:00:00,85.54333333333334
2026-03-12 08:00:00,67.34
2026-03-12 09:00:00,55.32083333333333
2026-03-12 10:00:00,53.4375
2026-03-12 11:00:00,49.544999999999995
2026-03-12 12:00:00,46.18416666666667
2026-03-12 13:00:00,44.94583333333333
2026-03-12 14:00:00,43.085
2026-03-12 15:00:00,43.225833333333334
2026-03-12 16:00:00,44.935
2026-03-12 17:00:00,41.405
2026-03-12 18:00:00,55.16833333333333
2026-03-12 19:00:00,70.24666666666667
2026-03-12 20:00:00,73.92833333333333
2026-03-12 21:00:00,76.93083333333333
2026-03-12 22:00:00,79.30749999999999
2026-03-12 23:00:00,79.99666666666667
2026-03-13 00:00:00,80.64166666666667
2026-03-13 01:00:00,81.0125
2026-03-13 02:00:00,82.03916666666667
2026-03-13 03:00:00,82.05
2026-03-13 04:00:00,82.16916666666667
2026-03-13 05:00:00,83.49166666666666
2026-03-13 06:00:00,84.31666666666666
2026-03-13 07:00:00,82.05166666666666
2026-03-13 08:00:00,60.03333333333333
2026-03-13 09:00:00,45.71083333333333
2026-03-13 10:00:00,47.129999999999995
2026-03-13 11:00:00,40.160000000000004
2026-03-13 12:00:00,33.84583333333333
2026-03-13 13:00:00,35.1625
2026-03-13 14:00:00,31.33666666666667
2026-03-13 15:00:00,27.2375
2026-03-13 16:00:00,34.07833333333333
2026-03-13 17:00:00,42.975833333333334
2026-03-13 18:00:00,48.72833333333333
2026-03-13 19:00:00,60.35833333333333
2026-03-13 20:00:00,67.93833333333333
2026-03-13 21:00:00,68.33999999999999
2026-03-13 22:00:00,69.8475
2026-03-13 23:00:00,74.21083333333333
2026-03-14 00:00:00,79.21249999999999
2026-03-14 01:00:00,80.52333333333333
2026-03-14 02:00:00,80.78583333333333
2026-03-14 03:00:00,82.24583333333334
2026-03-14 04:00:00,82.93583333333333
2026-03-14 05:00:00,84.23
2026-03-14 06:00:00,83.60333333333334
2026-03-14 07:00:00,83.62333333333333
2026-03-14 08:00:00,82.17916666666666
2026-03-14 09:00:00,64.615
2026-03-14 10:00:00,55.251666666666665
2026-03-14 11:00:00,59.95333333333334
2026-03-14 12:00:00,51.35666666666666
2026-03-14 13:00:00,44.88916666666666
2026-03-14 14:00:00,43.544999999999995
2026-03-14 15:00:00,41.505833333333335
2026-03-14 16:00:00,47.3525
2026-03-14 17:00:00,48.623333333333335
2026-03-14 18:00:00,56.47083333333333
2026-03-14 19:00:00,58.55833333333334
2026-03-14 20:00:00,59.7525
2026-03-14 21:00:00,65.0525
2026-03-14 22:00:00,70.6075
2026-03-14 23:00:00,72.5975
2026-03-15 00:00:00,75.985
2026-03-15 01:00:00,79.92666666666666
2026-03-15 02:00:00,81.44416666666667
2026-03-15 03:00:00,80.2325
2026-03-15 04:00:00,78.76166666666667
2026-03-15 05:00:00,75.04416666666667
2026-03-15 06:00:00,68.53166666666667
2026-03-15 07:00:00,56.56666666666666
2026-03-15 08:00:00,43.149166666666666
2026-03-15 09:00:00,35.1625
2026-03-15 10:00:00,37.931666666666665
2026-03-15 11:00:00,44.343333333333334
2026-03-15 12:00:00,35.82666666666666
2026-03-15 13:00:00,39.339999999999996
2026-03-15 14:00:00,34.63
2026-03-15 15:00:00,34.916666666666664
2026-03-15 16:00:00,33.068333333333335
2026-03-15 17:00:00,31.252499999999998
2026-03-15 18:00:00,41.4625
2026-03-15 19:00:00,52.38833333333333
2026-03-15 20:00:00,58.310833333333335
2026-03-15 21:00:00,61.44083333333333
2026-03-15 22:00:00,64.40666666666667
2026-03-15 23:00:00,70.34916666666668
2026-03-16 00:00:00,67.58916666666667
2026-03-16 01:00:00,64.59583333333333
2026-03-16 02:00:00,73.3975
2026-03-16 03:00:00,77.19500000000001
2026-03-16 04:00:00,77.88416666666667
2026-03-16 05:00:00,79.9975
2026-03-16 06:00:00,79.08916666666666
2026-03-16 07:00:00,64.20333333333333
2026-03-16 08:00:00,44.86000000000001
2026-03-16 09:00:00,37.678333333333335
2026-03-16 10:00:00,38.76833333333334
2026-03-16 11:00:00,32.06583333333334
2026-03-16 12:00:00,35.030833333333334
2026-03-16 13:00:00,43.96083333333333
2026-03-16 14:00:00,38.149166666666666
2026-03-16 15:00:00,27.323333333333334
2026-03-16 16:00:00,34.0225
2026-03-16 17:00:00,34.413333333333334
2026-03-16 18:00:00,49.445
2026-03-16 19:00:00,66.16000000000001
2026-03-16 20:00:00,75.61
2026-03-16 21:00:00,77.27749999999999
2026-03-16 22:00:00,78.40083333333332
2026-03-16 23:00:00,80.19416666666667
2026-03-17 00:00:00,81.55166666666666
2026-03-17 01:00:00,82.83333333333333
2026-03-17 02:00:00,84.05416666666666
2026-03-17 03:00:00,84.03333333333333
2026-03-17 04:00:00,85.51666666666667
2026-03-17 05:00:00,85.30833333333334
2026-03-17 06:00:00,85.7425
2026-03-17 07:00:00,74.94083333333333
2026-03-17 08:00:00,50.83083333333334
2026-03-17 09:00:00,35.9825
2026-03-17 10:00:00,31.269166666666667
2026-03-17 11:00:00,36.37416666666667
2026-03-17 12:00:00,31.94666666666667
2026-03-17 13:00:00,26.550833333333333
2026-03-17 14:00:00,24.77333333333333
2026-03-17 15:00:00,23.05666666666667
2026-03-17 16:00:00,24.46666666666667
2026-03-17 17:00:00,28.724999999999998
2026-03-17 18:00:00,38.2575
2026-03-17 19:00:00,54.08166666666667
2026-03-17 20:00:00,63.718333333333334
2026-03-17 21:00:00,65.35916666666667
2026-03-17 22:00:00,69.84
2026-03-17 23:00:00,74.10000000000001
2026-03-18 00:00:00,74.6575
2026-03-18 01:00:00,76.24249999999999
2026-03-18 02:00:00,77.01666666666667
2026-03-18 03:00:00,75.27666666666666
2026-03-18 04:00:00,76.19583333333334
2026-03-18 05:00:00,75.56916666666667
2026-03-18 06:00:00,73.755
2026-03-18 07:00:00,65.07333333333334
2026-03-18 08:00:00,49.9275
2026-03-18 09:00:00,37.09583333333333
2026-03-18 10:00:00,32.04416666666667
2026-03-18 11:00:00,31.314999999999998
2026-03-18 12:00:00,30.516666666666666
2026-03-18 13:00:00,31.1425
2026-03-18 14:00:00,37.343333333333334
2026-03-18 15:00:00,42.49583333333333
2026-03-18 16:00:00,45.10333333333333
2026-03-18 17:00:00,49.3725
2026-03-18 18:00:00,58.14000000000001
2026-03-18 19:00:00,70.25583333333334
2026-03-18 20:00:00,76.6825
2026-03-18 21:00:00,79.89
2026-03-18 22:00:00,82.37916666666666
2026-03-18 23:00:00,84.03166666666667
2026-03-19 00:00:00,85.695
2026-03-19 01:00:00,85.15083333333334
2026-03-19 02:00:00,84.46583333333334
2026-03-19 03:00:00,84.48416666666667
2026-03-19 04:00:00,83.9775
2026-03-19 05:00:00,84.55666666666667
2026-03-19 06:00:00,83.21
2026-03-19 07:00:00,68.78500000000001
2026-03-19 08:00:00,39.902499999999996
2026-03-19 09:00:00,25.796666666666667
2026-03-19 10:00:00,22.845
2026-03-19 11:00:00,23.319999999999997
2026-03-19 12:00:00,22.757500000000004
2026-03-19 13:00:00,23.923333333333332
2026-03-19 14:00:00,24.75583333333333
2026-03-19 15:00:00,28.941666666666666
2026-03-19 16:00:00,29.6525
2026-03-19 17:00:00,32.428333333333335
2026-03-19 18:00:00,45.971666666666664
2026-03-19 19:00:00,58.642500000000005
2026-03-19 20:00:00,68.36416666666666
2026-03-19 21:00:00,68.83
2026-03-19 22:00:00,75.3175
2026-03-19 23:00:00,80.76333333333334
2026-03-20 00:00:00,80.64833333333333
2026-03-20 01:00:00,77.54833333333333
2026-03-20 02:00:00,72.7275
2026-03-20 03:00:00,70.4875
2026-03-20 04:00:00,71.31083333333333
2026-03-20 05:00:00,73.17083333333333
2026-03-20 06:00:00,75.94500000000001
2026-03-20 07:00:00,72.925
2026-03-20 08:00:00,65.6275
2026-03-20 09:00:00,61.100833333333334
2026-03-20 10:00:00,52.990833333333335
2026-03-20 11:00:00,55.79714285714285
2026-03-20 12:00:00,
2026-03-20 13:00:00,
2026-03-20 14:00:00,46.88
2026-03-20 15:00:00,34.464166666666664
2026-03-20 16:00:00,32.395
2026-03-20 17:00:00,40.193333333333335
2026-03-20 18:00:00,47.87166666666667
2026-03-20 19:00:00,60.19083333333333
2026-03-20 20:00:00,64.53166666666667
2026-03-20 21:00:00,69.43083333333333
2026-03-20 22:00:00,73.41666666666667
2026-03-20 23:00:00,72.74
2026-03-21 00:00:00,70.67166666666667
2026-03-21 01:00:00,73.1825
2026-03-21 02:00:00,73.51916666666666
2026-03-21 03:00:00,72.44416666666667
2026-03-21 04:00:00,77.9375
2026-03-21 05:00:00,83.22416666666666
2026-03-21 06:00:00,86.72500000000001
2026-03-21 07:00:00,85.3225
2026-03-21 08:00:00,73.66333333333334
2026-03-21 09:00:00,57.314166666666665
2026-03-21 10:00:00,47.45249999999999
2026-03-21 11:00:00,39.55583333333333
2026-03-21 12:00:00,34.774166666666666
2026-03-21 13:00:00,32.5925
2026-03-21 14:00:00,36.538333333333334
2026-03-21 15:00:00,41.94166666666667
2026-03-21 16:00:00,46.26833333333334
2026-03-21 17:00:00,46.850833333333334
2026-03-21 18:00:00,50.01499999999999
2026-03-21 19:00:00,57.623333333333335
2026-03-21 20:00:00,63.23500000000001
2026-03-21 21:00:00,67.72
2026-03-21 22:00:00,70.17
2026-03-21 23:00:00,75.465
2026-03-22 00:00:00,80.36666666666666
2026-03-22 01:00:00,83.25416666666666
2026-03-22 02:00:00,82.7925
2026-03-22 03:00:00,82.5475
2026-03-22 04:00:00,83.95333333333333
2026-03-22 05:00:00,84.14166666666667
2026-03-22 06:00:00,84.19166666666666
2026-03-22 07:00:00,70.13166666666667
2026-03-22 08:00:00,43.42916666666667
2026-03-22 09:00:00,26.09
2026-03-22 10:00:00,20.536666666666665
2026-03-22 11:00:00,19.463333333333335
2026-03-22 12:00:00,18.163333333333334
2026-03-22 13:00:00,17.103333333333335
2026-03-22 14:00:00,18.909166666666668
2026-03-22 15:00:00,23.52333333333333
2026-03-22 16:00:00,20.982499999999998
2026-03-22 17:00:00,23.501666666666665
2026-03-22 18:00:00,40.78333333333333
2026-03-22 19:00:00,63.07416666666666
2026-03-22 20:00:00,73.67333333333333
2026-03-22 21:00:00,79.05499999999999
2026-03-22 22:00:00,78.965
2026-03-22 23:00:00,80.34083333333334
2026-03-23 00:00:00,81.90333333333334
2026-03-23 01:00:00,83.105
2026-03-23 02:00:00,84.08416666666666
2026-03-23 03:00:00,85.19583333333334
2026-03-23 04:00:00,84.46916666666667
2026-03-23 05:00:00,85.50166666666667
2026-03-23 06:00:00,85.84250000000002
2026-03-23 07:00:00,71.04416666666667
2026-03-23 08:00:00,41.025
2026-03-23 09:00:00,26.543333333333333
2026-03-23 10:00:00,22.959166666666665
2026-03-23 11:00:00,25.997500000000002
2026-03-23 12:00:00,25.891666666666666
2026-03-23 13:00:00,23.11
2026-03-23 14:00:00,24.2325
2026-03-23 15:00:00,27.269166666666667
2026-03-23 16:00:00,34.824999999999996
2026-03-23 17:00:00,49.07083333333333
2026-03-23 18:00:00,62.90416666666667
2026-03-23 19:00:00,71.8025
2026-03-23 20:00:00,80.28416666666666
2026-03-23 21:00:00,83.51083333333334
2026-03-23 22:00:00,83.8
2026-03-23 23:00:00,85.12166666666667
2026-03-24 00:00:00,86.62916666666666
2026-03-24 01:00:00,87.66833333333334
2026-03-24 02:00:00,88.78333333333335
2026-03-24 03:00:00,89.57583333333334
2026-03-24 04:00:00,88.33333333333333
2026-03-24 05:00:00,88.12
2026-03-24 06:00:00,87.11083333333333
2026-03-24 07:00:00,67.81
2026-03-24 08:00:00,44.875
2026-03-24 09:00:00,29.905
2026-03-24 10:00:00,24.584166666666665
2026-03-24 11:00:00,23.72083333333333
2026-03-24 12:00:00,23.69333333333333
2026-03-24 13:00:00,22.46166666666667
2026-03-24 14:00:00,16.954166666666666
2026-03-24 15:00:00,18.936666666666667
2026-03-24 16:00:00,20.735833333333336
2026-03-24 17:00:00,27.132500000000004
2026-03-24 18:00:00,46.0225
2026-03-24 19:00:00,65.76833333333333
2026-03-24 20:00:00,76.065
2026-03-24 21:00:00,79.70916666666666
2026-03-24 22:00:00,81.29333333333334
2026-03-24 23:00:00,82.71333333333332
2026-03-25 00:00:00,83.86083333333333
2026-03-25 01:00:00,83.11083333333333
2026-03-25 02:00:00,82.34583333333333
2026-03-25 03:00:00,83.02916666666667
2026-03-25 04:00:00,82.27916666666667
2026-03-25 05:00:00,83.22833333333334
2026-03-25 06:00:00,84.37
2026-03-25 07:00:00,65.095
2026-03-25 08:00:00,44.754999999999995
2026-03-25 09:00:00,32.0175
2026-03-25 10:00:00,26.675833333333333
2026-03-25 11:00:00,24.7825
2026-03-25 12:00:00,21.0525
2026-03-25 13:00:00,18.298333333333332
2026-03-25 14:00:00,15.896666666666667
2026-03-25 15:00:00,16.048333333333336
2026-03-25 16:00:00,19.636666666666667
2026-03-25 17:00:00,27.105
2026-03-25 18:00:00,38.770833333333336
2026-03-25 19:00:00,53.52
2026-03-25 20:00:00,67.1475
2026-03-25 21:00:00,74.83166666666666
2026-03-25 22:00:00,74.59666666666666
2026-03-25 23:00:00,78.20666666666666
2026-03-26 00:00:00,79.5475
2026-03-26 01:00:00,80.6975
2026-03-26 02:00:00,79.81166666666667
2026-03-26 03:00:00,82.36166666666666
2026-03-26 04:00:00,83.34916666666668
2026-03-26 05:00:00,83.8325
2026-03-26 06:00:00,83.05083333333333
2026-03-26 07:00:00,66.02416666666666
2026-03-26 08:00:00,43.935
2026-03-26 09:00:00,33.4225
2026-03-26 10:00:00,32.5725
2026-03-26 11:00:00,30.579166666666666
2026-03-26 12:00:00,28.99
2026-03-26 13:00:00,25.498333333333335
2026-03-26 14:00:00,22.694166666666664
2026-03-26 15:00:00,23.436666666666667
2026-03-26 16:00:00,27.4225
2026-03-26 17:00:00,31.72083333333333
2026-03-26 18:00:00,43.6875
2026-03-26 19:00:00,55.28333333333333
2026-03-26 20:00:00,63.759166666666665
2026-03-26 21:00:00,72.565
2026-03-26 22:00:00,76.7175
2026-03-26 23:00:00,73.48416666666667
2026-03-27 00:00:00,72.94166666666668
2026-03-27 01:00:00,73.74166666666666
2026-03-27 02:00:00,71.37333333333333
2026-03-27 03:00:00,75.69833333333334
2026-03-27 04:00:00,77.44583333333334
2026-03-27 05:00:00,74.94916666666667
2026-03-27 06:00:00,70.10916666666667
2026-03-27 07:00:00,65.45083333333334
2026-03-27 08:00:00,56.96083333333333
2026-03-27 09:00:00,47.44583333333333
2026-03-27 10:00:00,39.94833333333333
2026-03-27 11:00:00,30.46166666666667
2026-03-27 12:00:00,25.644166666666667
2026-03-27 13:00:00,23.190833333333334
2026-03-27 14:00:00,27.381666666666664
2026-03-27 15:00:00,24.5825
2026-03-27 16:00:00,27.497500000000002
2026-03-27 17:00:00,
2026-03-27 18:00:00,
2026-03-27 19:00:00,
2026-03-27 20:00:00,
2026-03-27 21:00:00,
2026-03-27 22:00:00,
2026-03-27 23:00:00,
2026-03-28 00:00:00,
2026-03-28 01:00:00,
2026-03-28 02:00:00,
2026-03-28 03:00:00,
2026-03-28 04:00:00,
2026-03-28 05:00:00,
2026-03-28 06:00:00,
2026-03-28 07:00:00,
2026-03-28 08:00:00,
2026-03-28 09:00:00,
2026-03-28 10:00:00,
2026-03-28 11:00:00,
2026-03-28 12:00:00,
2026-03-28 13:00:00,
2026-03-28 14:00:00,
2026-03-28 15:00:00,
2026-03-28 16:00:00,
2026-03-28 17:00:00,
2026-03-28 18:00:00,
2026-03-28 19:00:00,
2026-03-28 20:00:00,
2026-03-28 21:00:00,
2026-03-28 22:00:00,
2026-03-28 23:00:00,
2026-03-29 00:00:00,
2026-03-29 01:00:00,
2026-03-29 02:00:00,
2026-03-29 03:00:00,
2026-03-29 04:00:00,
2026-03-29 05:00:00,
2026-03-29 06:00:00,
2026-03-29 07:00:00,
2026-03-29 08:00:00,
2026-03-29 09:00:00,
2026-03-29 10:00:00,
2026-03-29 11:00:00,
2026-03-29 12:00:00,
2026-03-29 13:00:00,
2026-03-29 14:00:00,
2026-03-29 15:00:00,
2026-03-29 16:00:00,
2026-03-29 17:00:00,
2026-03-29 18:00:00,
2026-03-29 19:00:00,
2026-03-29 20:00:00,
2026-03-29 21:00:00,
2026-03-29 22:00:00,
2026-03-29 23:00:00,
2026-03-30 00:00:00,
2026-03-30 01:00:00,
2026-03-30 02:00:00,
2026-03-30 03:00:00,
2026-03-30 04:00:00,
2026-03-30 05:00:00,
2026-03-30 06:00:00,
2026-03-30 07:00:00,
2026-03-30 08:00:00,
2026-03-30 09:00:00,
2026-03-30 10:00:00,
2026-03-30 11:00:00,
2026-03-30 12:00:00,10.56
2026-03-30 13:00:00,10.3875
2026-03-30 14:00:00,12.988333333333335
2026-03-30 15:00:00,15.891666666666666
2026-03-30 16:00:00,11.573333333333332
2026-03-30 17:00:00,15.405833333333334
2026-03-30 18:00:00,31.035
2026-03-30 19:00:00,45.43833333333333
2026-03-30 20:00:00,56.653333333333336
2026-03-30 21:00:00,62.065
2026-03-30 22:00:00,66.19583333333333
2026-03-30 23:00:00,67.32416666666667
2026-03-31 00:00:00,68.97333333333334
2026-03-31 01:00:00,71.9225
2026-03-31 02:00:00,72.28833333333334
2026-03-31 03:00:00,68.4325
2026-03-31 04:00:00,67.74583333333334
2026-03-31 05:00:00,71.26
2026-03-31 06:00:00,68.49416666666667
2026-03-31 07:00:00,43.80083333333334
2026-03-31 08:00:00,27.679166666666664
2026-03-31 09:00:00,20.399166666666666
2026-03-31 10:00:00,16.676666666666666
2026-03-31 11:00:00,14.619166666666667
2026-03-31 12:00:00,18.087500000000002
2026-03-31 13:00:00,20.5
2026-03-31 14:00:00,22.195833333333336
2026-03-31 15:00:00,23.78333333333333
2026-03-31 16:00:00,25.83
2026-03-31 17:00:00,29.491666666666664
2026-03-31 18:00:00,41.16833333333333
2026-03-31 19:00:00,57.130833333333335
2026-03-31 20:00:00,68.22583333333334
2026-03-31 21:00:00,75.44916666666667
2026-03-31 22:00:00,78.70916666666666
2026-03-31 23:00:00,80.52166666666666
2026-04-01 00:00:00,81.67583333333333
2026-04-01 01:00:00,82.61416666666666
2026-04-01 02:00:00,83.03166666666667
2026-04-01 03:00:00,83.46249999999999
2026-04-01 04:00:00,83.28833333333334
2026-04-01 05:00:00,80.73666666666666
2026-04-01 06:00:00,75.90916666666666
2026-04-01 07:00:00,52.7925
2026-04-01 08:00:00,27.650833333333335
2026-04-01 09:00:00,20.107499999999998
2026-04-01 10:00:00,16.8475
2026-04-01 11:00:00,14.907499999999999
2026-04-01 12:00:00,13.669166666666667
2026-04-01 13:00:00,12.709166666666667
2026-04-01 14:00:00,12.084166666666667
2026-04-01 15:00:00,13.363333333333332
2026-04-01 16:00:00,16.944166666666668
2026-04-01 17:00:00,22.514166666666668
2026-04-01 18:00:00,38.65833333333333
2026-04-01 19:00:00,52.593333333333334
2026-04-01 20:00:00,63.317499999999995
2026-04-01 21:00:00,70.31916666666667
2026-04-01 22:00:00,75.26
2026-04-01 23:00:00,70.78916666666667
2026-04-02 00:00:00,49.25
2026-04-02 01:00:00,44.77166666666667
2026-04-02 02:00:00,42.61833333333333
2026-04-02 03:00:00,41.755
2026-04-02 04:00:00,43.593333333333334
2026-04-02 05:00:00,43.751666666666665
2026-04-02 06:00:00,43.0925
2026-04-02 07:00:00,33.762499999999996
2026-04-02 08:00:00,23.28333333333333
2026-04-02 09:00:00,16.584999999999997
2026-04-02 10:00:00,13.853333333333333
2026-04-02 11:00:00,12.8975
2026-04-02 12:00:00,11.693333333333333
2026-04-02 13:00:00,11.538333333333334
2026-04-02 14:00:00,11.525833333333333
2026-04-02 15:00:00,11.165
2026-04-02 16:00:00,11.206666666666665
2026-04-02 17:00:00,14.9125
2026-04-02 18:00:00,29.512500000000003
2026-04-02 19:00:00,46.1525
2026-04-02 20:00:00,56.7525
2026-04-02 21:00:00,65.51333333333334
2026-04-02 22:00:00,73.72833333333334
2026-04-02 23:00:00,77.04
2026-04-03 00:00:00,77.16333333333334
2026-04-03 01:00:00,78.42166666666667
2026-04-03 02:00:00,76.69333333333334
2026-04-03 03:00:00,74.30499999999999
2026-04-03 04:00:00,76.11083333333333
2026-04-03 05:00:00,76.12083333333334
2026-04-03 06:00:00,74.73333333333333
2026-04-03 07:00:00,47.98499999999999
2026-04-03 08:00:00,23.133333333333336
2026-04-03 09:00:00,16.2
2026-04-03 10:00:00,14.025833333333333
2026-04-03 11:00:00,12.532499999999999
2026-04-03 12:00:00,10.335833333333333
2026-04-03 13:00:00,9.786666666666667
2026-04-03 14:00:00,9.800833333333333
2026-04-03 15:00:00,12.441666666666668
2026-04-03 16:00:00,18.106666666666666
2026-04-03 17:00:00,23.748333333333335
2026-04-03 18:00:00,38.589166666666664
2026-04-03 19:00:00,55.3325
2026-04-03 20:00:00,63.98333333333334
2026-04-03 21:00:00,71.0125
2026-04-03 22:00:00,75.29083333333334
2026-04-03 23:00:00,77.415
2026-04-04 00:00:00,78.9675
2026-04-04 01:00:00,79.77416666666666
2026-04-04 02:00:00,80.72416666666668
2026-04-04 03:00:00,80.88333333333334
2026-04-04 04:00:00,80.93333333333334
2026-04-04 05:00:00,81.28333333333333
2026-04-04 06:00:00,80.8625
2026-04-04 07:00:00,59.40083333333334
2026-04-04 08:00:00,33.775
2026-04-04 09:00:00,22.939166666666665
2026-04-04 10:00:00,19.854166666666668
2026-04-04 11:00:00,17.495
2026-04-04 12:00:00,15.901666666666666
2026-04-04 13:00:00,14.904166666666667
2026-04-04 14:00:00,14.795
2026-04-04 15:00:00,15.155833333333334
2026-04-04 16:00:00,14.439166666666667
2026-04-04 17:00:00,17.4575
2026-04-04 18:00:00,28.329166666666666
2026-04-04 19:00:00,43.495000000000005
2026-04-04 20:00:00,53.55833333333334
2026-04-04 21:00:00,61.410833333333336
2026-04-04 22:00:00,67.04083333333334
2026-04-04 23:00:00,71.05416666666666
2026-04-05 00:00:00,71.7275
2026-04-05 01:00:00,73.91833333333334
2026-04-05 02:00:00,75.8575
2026-04-05 03:00:00,76.61083333333333
2026-04-05 04:00:00,77.66333333333334
2026-04-05 05:00:00,77.9825
2026-04-05 06:00:00,76.96416666666667
2026-04-05 07:00:00,53.4775
2026-04-05 08:00:00,29.115
2026-04-05 09:00:00,20.310833333333335
2026-04-05 10:00:00,17.069166666666668
2026-04-05 11:00:00,14.612499999999999
2026-04-05 12:00:00,12.859166666666667
2026-04-05 13:00:00,11.591666666666667
2026-04-05 14:00:00,12.085833333333333
2026-04-05 15:00:00,12.669166666666667
2026-04-05 16:00:00,14.014166666666668
2026-04-05 17:00:00,16.198333333333334
2026-04-05 18:00:00,24.86
2026-04-05 19:00:00,44.14666666666667
2026-04-05 20:00:00,59.55083333333334
2026-04-05 21:00:00,69.37166666666667
2026-04-05 22:00:00,77.0525
2026-04-05 23:00:00,80.69500000000001
2026-04-06 00:00:00,82.43833333333333
2026-04-06 01:00:00,80.92166666666667
2026-04-06 02:00:00,79.4125
2026-04-06 03:00:00,76.955
2026-04-06 04:00:00,79.82666666666667
2026-04-06 05:00:00,80.45833333333333
2026-04-06 06:00:00,74.61666666666666
2026-04-06 07:00:00,50.66166666666667
2026-04-06 08:00:00,29.123333333333335
2026-04-06 09:00:00,20.999166666666667
2026-04-06 10:00:00,19.404166666666665
2026-04-06 11:00:00,17.856666666666666
2026-04-06 12:00:00,17.501666666666665
2026-04-06 13:00:00,16.666666666666668
2026-04-06 14:00:00,15.354999999999999
2026-04-06 15:00:00,17.085
2026-04-06 16:00:00,20.1675
2026-04-06 17:00:00,29.081666666666667
2026-04-06 18:00:00,46.70333333333334
2026-04-06 19:00:00,63.00083333333333
2026-04-06 20:00:00,73.10000000000001
2026-04-06 21:00:00,77.51333333333334
2026-04-06 22:00:00,79.7525
2026-04-06 23:00:00,81.31166666666667
2026-04-07 00:00:00,81.28
2026-04-07 01:00:00,81.7
2026-04-07 02:00:00,81.02416666666666
2026-04-07 03:00:00,82.015
2026-04-07 04:00:00,82.71583333333334
2026-04-07 05:00:00,82.9775
2026-04-07 06:00:00,79.71
2026-04-07 07:00:00,58.335
2026-04-07 08:00:00,33.97833333333333
2026-04-07 09:00:00,26.503333333333334
2026-04-07 10:00:00,19.3775
2026-04-07 11:00:00,18.25
2026-04-07 12:00:00,19.913333333333334
2026-04-07 13:00:00,20.238333333333333
2026-04-07 14:00:00,23.334166666666665
2026-04-07 15:00:00,27.676666666666666
2026-04-07 16:00:00,31.325833333333335
2026-04-07 17:00:00,37.88916666666666
2026-04-07 18:00:00,53.02666666666667
2026-04-07 19:00:00,65.52666666666667
2026-04-07 20:00:00,72.3925
2026-04-07 21:00:00,77.19333333333334
2026-04-07 22:00:00,78.94333333333334
2026-04-07 23:00:00,79.8325
2026-04-08 00:00:00,81.13666666666667
2026-04-08 01:00:00,82.68666666666667
2026-04-08 02:00:00,81.52583333333332
2026-04-08 03:00:00,81.45833333333333
2026-04-08 04:00:00,79.91083333333333
2026-04-08 05:00:00,80.0625
2026-04-08 06:00:00,75.905
2026-04-08 07:00:00,52.21333333333333
2026-04-08 08:00:00,30.53833333333333
2026-04-08 09:00:00,22.339166666666667
2026-04-08 10:00:00,22.160833333333333
2026-04-08 11:00:00,21.13
2026-04-08 12:00:00,21.196666666666665
2026-04-08 13:00:00,21.465833333333332
2026-04-08 14:00:00,19.3025
2026-04-08 15:00:00,21.395
2026-04-08 16:00:00,27.849999999999998
2026-04-08 17:00:00,33.3225
2026-04-08 18:00:00,46.705000000000005
2026-04-08 19:00:00,59.34583333333333
2026-04-08 20:00:00,68.02666666666666
2026-04-08 21:00:00,74.9825
2026-04-08 22:00:00,78.535
2026-04-08 23:00:00,79.45166666666667
2026-04-09 00:00:00,80.06750000000001
2026-04-09 01:00:00,80.61416666666666
2026-04-09 02:00:00,81.48
2026-04-09 03:00:00,81.24249999999999
2026-04-09 04:00:00,80.2475
2026-04-09 05:00:00,78.72416666666668
2026-04-09 06:00:00,76.98333333333333
2026-04-09 07:00:00,54.07749999999999
2026-04-09 08:00:00,31.081666666666667
2026-04-09 09:00:00,21.231666666666666
2026-04-09 10:00:00,16.916666666666668
2026-04-09 11:00:00,14.640833333333333
2026-04-09 12:00:00,14.532499999999999
2026-04-09 13:00:00,14.43
2026-04-09 14:00:00,13.928333333333333
2026-04-09 15:00:00,15.149166666666666
2026-04-09 16:00:00,16.908333333333335
2026-04-09 17:00:00,22.168333333333333
2026-04-09 18:00:00,34.155833333333334
2026-04-09 19:00:00,48.64416666666667
2026-04-09 20:00:00,57.32666666666666
2026-04-09 21:00:00,62.10833333333333
2026-04-09 22:00:00,64.35083333333334
2026-04-09 23:00:00,63.857499999999995
2026-04-10 00:00:00,63.82666666666666
2026-04-10 01:00:00,63.09583333333333
2026-04-10 02:00:00,61.245
2026-04-10 03:00:00,62.20916666666667
2026-04-10 04:00:00,62.26083333333333
2026-04-10 05:00:00,65.43583333333333
2026-04-10 06:00:00,58.5525
2026-04-10 07:00:00,40.30166666666667
2026-04-10 08:00:00,27.136666666666667
2026-04-10 09:00:00,22.6075
2026-04-10 10:00:00,19.438333333333333
2026-04-10 11:00:00,16.913333333333334
2026-04-10 12:00:00,14.800833333333332
2026-04-10 13:00:00,15.1325
2026-04-10 14:00:00,14.885
2026-04-10 15:00:00,15.320833333333333
2026-04-10 16:00:00,18.0625
2026-04-10 17:00:00,23.930833333333336
2026-04-10 18:00:00,30.496666666666666
2026-04-10 19:00:00,37.11166666666667
2026-04-10 20:00:00,42.170833333333334
2026-04-10 21:00:00,45.90833333333333
2026-04-10 22:00:00,45.979166666666664
2026-04-10 23:00:00,48.67416666666667
2026-04-11 00:00:00,47.71416666666667
2026-04-11 01:00:00,45.759166666666665
2026-04-11 02:00:00,46.1
2026-04-11 03:00:00,47.68416666666667
2026-04-11 04:00:00,48.53666666666667
2026-04-11 05:00:00,48.538333333333334
2026-04-11 06:00:00,49.76500000000001
2026-04-11 07:00:00,45.821666666666665
2026-04-11 08:00:00,36.85166666666667
2026-04-11 09:00:00,34.045833333333334
2026-04-11 10:00:00,31.655833333333334
2026-04-11 11:00:00,25.140833333333333
2026-04-11 12:00:00,22.141666666666666
2026-04-11 13:00:00,23.8225
2026-04-11 14:00:00,24.3175
2026-04-11 15:00:00,23.645833333333332
2026-04-11 16:00:00,27.746666666666666
2026-04-11 17:00:00,30.375
2026-04-11 18:00:00,38.59583333333333
2026-04-11 19:00:00,47.99166666666667
2026-04-11 20:00:00,52.41416666666667
2026-04-11 21:00:00,55.8225
2026-04-11 22:00:00,55.33083333333334
2026-04-11 23:00:00,59.860833333333325
2026-04-12 00:00:00,68.3975
2026-04-12 01:00:00,72.41416666666667
2026-04-12 02:00:00,72.76916666666666
2026-04-12 03:00:00,72.85666666666667
2026-04-12 04:00:00,70.925
2026-04-12 05:00:00,67.11
2026-04-12 06:00:00,67.03583333333333
2026-04-12 07:00:00,63.6475
2026-04-12 08:00:00,68.18916666666667
2026-04-12 09:00:00,65.62166666666667
2026-04-12 10:00:00,56.58583333333333
2026-04-12 11:00:00,41.153333333333336
2026-04-12 12:00:00,35.84583333333333
2026-04-12 13:00:00,36.8525
2026-04-12 14:00:00,32.151666666666664
2026-04-12 15:00:00,26.6575
2026-04-12 16:00:00,29.508333333333336
2026-04-12 17:00:00,49.44166666666666
2026-04-12 18:00:00,62.39666666666667
2026-04-12 19:00:00,77.02333333333333
2026-04-12 20:00:00,85.47250000000001
2026-04-12 21:00:00,87.31916666666666
2026-04-12 22:00:00,87.41250000000001
2026-04-12 23:00:00,87.28333333333335
2026-04-13 00:00:00,78.90916666666666
2026-04-13 01:00:00,74.23416666666667
2026-04-13 02:00:00,71.05416666666666
2026-04-13 03:00:00,67.1025
2026-04-13 04:00:00,62.76416666666666
2026-04-13 05:00:00,62.155833333333334
2026-04-13 06:00:00,55.965833333333336
2026-04-13 07:00:00,37.11333333333334
2026-04-13 08:00:00,27.499166666666667
2026-04-13 09:00:00,21.0925
2026-04-13 10:00:00,17.96
2026-04-13 11:00:00,16.633333333333333
2026-04-13 12:00:00,15.615833333333333
2026-04-13 13:00:00,14.521666666666667
2026-04-13 14:00:00,14.043333333333335
2026-04-13 15:00:00,15.1225
2026-04-13 16:00:00,16.268333333333334
2026-04-13 17:00:00,17.799166666666668
2026-04-13 18:00:00,23.545
2026-04-13 19:00:00,32.2725
2026-04-13 20:00:00,35.461666666666666
2026-04-13 21:00:00,36.8925
2026-04-13 22:00:00,40.2925
2026-04-13 23:00:00,50.192499999999995
2026-04-14 00:00:00,55.126666666666665
2026-04-14 01:00:00,53.66166666666667
2026-04-14 02:00:00,56.669999999999995
2026-04-14 03:00:00,63.43
2026-04-14 04:00:00,66.9675
2026-04-14 05:00:00,68.85833333333333
2026-04-14 06:00:00,61.857499999999995
2026-04-14 07:00:00,38.660833333333336
2026-04-14 08:00:00,25.599166666666665
2026-04-14 09:00:00,19.464166666666667
2026-04-14 10:00:00,17.121666666666666
2026-04-14 11:00:00,16.090833333333332
2026-04-14 12:00:00,14.075000000000001
2026-04-14 13:00:00,12.5525
2026-04-14 14:00:00,13.5475
2026-04-14 15:00:00,20.36583333333333
2026-04-14 16:00:00,28.540833333333335
2026-04-14 17:00:00,38.652499999999996
2026-04-14 18:00:00,47.642500000000005
2026-04-14 19:00:00,56.53333333333333
2026-04-14 20:00:00,67.27166666666666
2026-04-14 21:00:00,74.6675
2026-04-14 22:00:00,77.59666666666668
2026-04-14 23:00:00,79.70833333333333
2026-04-15 00:00:00,80.48333333333333
2026-04-15 01:00:00,80.58166666666666
2026-04-15 02:00:00,81.24916666666667
2026-04-15 03:00:00,81.555
2026-04-15 04:00:00,82.28666666666668
2026-04-15 05:00:00,82.41083333333333
2026-04-15 06:00:00,79.25333333333333
2026-04-15 07:00:00,53.35333333333333
2026-04-15 08:00:00,29.736666666666668
2026-04-15 09:00:00,21.035833333333333
2026-04-15 10:00:00,17.548333333333332
2026-04-15 11:00:00,16.1825
2026-04-15 12:00:00,15.033333333333333
2026-04-15 13:00:00,15.841666666666667
2026-04-15 14:00:00,23.95
2026-04-15 15:00:00,28.599999999999998
2026-04-15 16:00:00,22.795
2026-04-15 17:00:00,23.349999999999998
2026-04-15 18:00:00,31.674166666666665
2026-04-15 19:00:00,49.19416666666667
2026-04-15 20:00:00,59.4675
2026-04-15 21:00:00,66.34
2026-04-15 22:00:00,73.50500000000001
2026-04-15 23:00:00,77.645
2026-04-16 00:00:00,79.02
2026-04-16 01:00:00,80.14083333333333
2026-04-16 02:00:00,81.27083333333333
2026-04-16 03:00:00,81.565
2026-04-16 04:00:00,81.69583333333334
2026-04-16 05:00:00,81.335
2026-04-16 06:00:00,79.68166666666666
2026-04-16 07:00:00,53.86333333333334
2026-04-16 08:00:00,40.90083333333333
2026-04-16 09:00:00,45.285
2026-04-16 10:00:00,
2026-04-16 11:00:00,
2026-04-16 12:00:00,
2026-04-16 13:00:00,
2026-04-16 14:00:00,
2026-04-16 15:00:00,
2026-04-16 16:00:00,
2026-04-16 17:00:00,
2026-04-16 18:00:00,46.17818181818182
2026-04-16 19:00:00,57.1
2026-04-16 20:00:00,64.48916666666666
2026-04-16 21:00:00,69.2725
2026-04-16 22:00:00,72.85583333333334
2026-04-16 23:00:00,75.34916666666668
2026-04-17 00:00:00,77.20416666666667
2026-04-17 01:00:00,79.76166666666667
2026-04-17 02:00:00,81.11333333333333
2026-04-17 03:00:00,80.72166666666666
2026-04-17 04:00:00,82.21583333333334
2026-04-17 05:00:00,80.8425
2026-04-17 06:00:00,76.5025
2026-04-17 07:00:00,60.21333333333333
2026-04-17 08:00:00,52.25
2026-04-17 09:00:00,37.415
2026-04-17 10:00:00,32.005
2026-04-17 11:00:00,32.7225
2026-04-17 12:00:00,31.1575
2026-04-17 13:00:00,26.25
2026-04-17 14:00:00,25.473333333333333
2026-04-17 15:00:00,24.554166666666664
2026-04-17 16:00:00,22.954166666666666
2026-04-17 17:00:00,26.430833333333336
2026-04-17 18:00:00,44.666666666666664
2026-04-17 19:00:00,55.074999999999996
2026-04-17 20:00:00,56.682500000000005
2026-04-17 21:00:00,64.83666666666666
2026-04-17 22:00:00,72.93583333333333
2026-04-17 23:00:00,77.505
2026-04-18 00:00:00,79.7475
2026-04-18 01:00:00,81.64833333333333
2026-04-18 02:00:00,82.69416666666667
2026-04-18 03:00:00,82.75916666666667
2026-04-18 04:00:00,81.705
2026-04-18 05:00:00,82.69166666666666
2026-04-18 06:00:00,78.58916666666666
2026-04-18 07:00:00,56.98166666666666
2026-04-18 08:00:00,34.589999999999996
2026-04-18 09:00:00,23.474166666666665
2026-04-18 10:00:00,21.808333333333334
2026-04-18 11:00:00,26.458333333333332
2026-04-18 12:00:00,24.620833333333334
2026-04-18 13:00:00,26.798333333333332
2026-04-18 14:00:00,24.49
2026-04-18 15:00:00,22.338333333333335
2026-04-18 16:00:00,22.485
2026-04-18 17:00:00,25.340833333333332
2026-04-18 18:00:00,30.3175
2026-04-18 19:00:00,40.96333333333333
2026-04-18 20:00:00,47.693333333333335
2026-04-18 21:00:00,55.86416666666667
2026-04-18 22:00:00,64.31416666666667
2026-04-18 23:00:00,71.71416666666667
2026-04-19 00:00:00,75.64666666666666
2026-04-19 01:00:00,69.66416666666667
2026-04-19 02:00:00,74.24833333333333
2026-04-19 03:00:00,75.01333333333334
2026-04-19 04:00:00,72.68416666666667
2026-04-19 05:00:00,74.36583333333333
2026-04-19 06:00:00,66.96249999999999
2026-04-19 07:00:00,50.53333333333333
2026-04-19 08:00:00,38.11833333333333
2026-04-19 09:00:00,29.521666666666665
2026-04-19 10:00:00,26.189999999999998
2026-04-19 11:00:00,24.718333333333334
2026-04-19 12:00:00,21.852500000000003
2026-04-19 13:00:00,21.364166666666666
2026-04-19 14:00:00,23.978333333333335
2026-04-19 15:00:00,22.790000000000003
2026-04-19 16:00:00,22.905
2026-04-19 17:00:00,25.965
2026-04-19 18:00:00,30.830833333333334
2026-04-19 19:00:00,40.87833333333334
2026-04-19 20:00:00,49.504999999999995
2026-04-19 21:00:00,56.5225
2026-04-19 22:00:00,61.175000000000004
2026-04-19 23:00:00,66.64666666666666
2026-04-20 00:00:00,72.2375
2026-04-20 01:00:00,72.71583333333334
2026-04-20 02:00:00,74.06833333333333
2026-04-20 03:00:00,72.30583333333333
2026-04-20 04:00:00,73.17999999999999
2026-04-20 05:00:00,76.05749999999999
2026-04-20 06:00:00,71.39833333333333
2026-04-20 07:00:00,46.86666666666667
2026-04-20 08:00:00,31.346666666666664
2026-04-20 09:00:00,29.161666666666665
2026-04-20 10:00:00,26.978333333333335
2026-04-20 11:00:00,24.650833333333335
2026-04-20 12:00:00,23.617500000000003
2026-04-20 13:00:00,21.953333333333333
2026-04-20 14:00:00,24.6525
2026-04-20 15:00:00,24.124166666666667
2026-04-20 16:00:00,25.808333333333334
2026-04-20 17:00:00,29.72
2026-04-20 18:00:00,37.915
2026-04-20 19:00:00,48.3825
2026-04-20 20:00:00,56.9375
2026-04-20 21:00:00,62.45583333333334
2026-04-20 22:00:00,68.14166666666667
2026-04-20 23:00:00,73.505
2026-04-21 00:00:00,74.43083333333333
2026-04-21 01:00:00,71.7275
2026-04-21 02:00:00,71.61583333333333
2026-04-21 03:00:00,75.20666666666666
2026-04-21 04:00:00,76.29583333333333
2026-04-21 05:00:00,72.79666666666667
2026-04-21 06:00:00,65.4
2026-04-21 07:00:00,48.80916666666667
2026-04-21 08:00:00,40.708
2026-04-21 09:00:00,27.10625
2026-04-21 10:00:00,24.59166666666667
2026-04-21 11:00:00,22.50916666666667
2026-04-21 12:00:00,24.257499999999997
2026-04-21 13:00:00,24.264166666666668
2026-04-21 14:00:00,25.724166666666665
2026-04-21 15:00:00,26.002499999999998
2026-04-21 16:00:00,27.002499999999998
2026-04-21 17:00:00,32.18333333333333
2026-04-21 18:00:00,43.935833333333335
2026-04-21 19:00:00,48.870000000000005
2026-04-21 20:00:00,59.77166666666667
2026-04-21 21:00:00,66.75583333333334
2026-04-21 22:00:00,72.6775
2026-04-21 23:00:00,71.05666666666666
2026-04-22 00:00:00,69.44
2026-04-22 01:00:00,73.75666666666666
2026-04-22 02:00:00,74.07000000000001
2026-04-22 03:00:00,70.885
2026-04-22 04:00:00,68.79416666666667
2026-04-22 05:00:00,73.19166666666666
2026-04-22 06:00:00,61.403333333333336
2026-04-22 07:00:00,44.240833333333335
2026-04-22 08:00:00,40.16571428571428
2026-04-22 09:00:00,32.65
2026-04-22 10:00:00,28.21492957746479
2026-04-22 11:00:00,40.95259433962264
2026-04-22 12:00:00,30.749170506912442
2026-04-22 13:00:00,30.089753694581283
2026-04-22 14:00:00,28.207042253521127
2026-04-22 15:00:00,30.290717703349284
2026-04-22 16:00:00,28.78093896713615
2026-04-22 17:00:00,29.480186915887852
2026-04-22 18:00:00,36.94585
2026-04-22 19:00:00,46.10009900990099
2026-04-22 20:00:00,54.106134020618555
2026-04-22 21:00:00,59.316524064171126
2026-04-22 22:00:00,69.29881081081082
2026-04-22 23:00:00,73.79445205479452
2026-04-23 00:00:00,78.81684523809524
2026-04-23 01:00:00,86.2834375
2026-04-23 02:00:00,87.13219512195123
2026-04-23 03:00:00,83.14092198581561
2026-04-23 04:00:00,82.82830985915494
2026-04-23 05:00:00,85.00766666666667
2026-04-23 06:00:00,79.16460122699387
2026-04-23 07:00:00,70.42142105263157
2026-04-23 08:00:00,57.19455882352941
2026-04-23 09:00:00,46.63090909090909
2026-04-23 10:00:00,36.08343511450382
2026-04-23 11:00:00,34.193564356435644
2026-04-23 12:00:00,29.62685567010309
2026-04-23 13:00:00,31.65371287128713
2026-04-23 14:00:00,35.0503125
2026-04-23 15:00:00,39.138061224489796
2026-04-23 16:00:00,42.28079207920792
2026-04-23 17:00:00,43.22486187845304
2026-04-23 18:00:00,42.386802030456856
2026-04-23 19:00:00,51.89424870466321
2026-04-23 20:00:00,59.72459016393443
2026-04-23 21:00:00,68.43303370786516
2026-04-23 22:00:00,72.86744318181819
2026-04-23 23:00:00,73.3279865771812
2026-04-24 00:00:00,77.18157894736842
2026-04-24 01:00:00,78.68607142857142
2026-04-24 02:00:00,78.87631901840491
2026-04-24 03:00:00,77.90993377483443
2026-04-24 04:00:00,79.39123287671234
2026-04-24 05:00:00,80.98776
2026-04-24 06:00:00,79.80903846153845
2026-04-24 07:00:00,77.42666666666666
2026-04-24 08:00:00,55.42378787878788
2026-04-24 09:00:00,45.972019230769234
2026-04-24 10:00:00,44.60464114832536
2026-04-24 11:00:00,41.49419811320755
2026-04-24 12:00:00,45.06629807692308
2026-04-24 13:00:00,44.46354838709677
2026-04-24 14:00:00,44.78304761904762
2026-04-24 15:00:00,53.93955882352941
2026-04-24 16:00:00,69.70330188679246
2026-04-24 17:00:00,72.07150485436892
2026-04-24 18:00:00,75.15723163841808
2026-04-24 19:00:00,75.21616766467066
2026-04-24 20:00:00,76.69489932885907
2026-04-24 21:00:00,75.89888888888889
2026-04-24 22:00:00,76.79570469798658
2026-04-24 23:00:00,77.84215277777778
2026-04-25 00:00:00,80.07858156028368
2026-04-25 01:00:00,80.41701923076924
2026-04-25 02:00:00,82.54190082644628
2026-04-25 03:00:00,85.61476190476189
2026-04-25 04:00:00,86.38296296296296
2026-04-25 05:00:00,79.51452736318409
2026-04-25 06:00:00,70.79061224489796
2026-04-25 07:00:00,69.63963768115943
2026-04-25 08:00:00,66.6828640776699
2026-04-25 09:00:00,66.56367346938775
2026-04-25 10:00:00,63.79770053475936
2026-04-25 11:00:00,53.97057894736842
2026-04-25 12:00:00,52.34195
2026-04-25 13:00:00,54.871348837209304
2026-04-25 14:00:00,53.26354545454545
2026-04-25 15:00:00,55.00479591836735
2026-04-25 16:00:00,54.40299465240642
2026-04-25 17:00:00,57.369613259668505
2026-04-25 18:00:00,60.806196319018404
2026-04-25 19:00:00,65.26964071856288
2026-04-25 20:00:00,71.29374233128834
2026-04-25 21:00:00,71.66057142857143
2026-04-25 22:00:00,71.6046052631579
2026-04-25 23:00:00,74.5823125
2026-04-26 00:00:00,71.33208695652175
2026-04-26 01:00:00,72.6236090225564
2026-04-26 02:00:00,71.79175000000001
2026-04-26 03:00:00,65.57686746987952
2026-04-26 04:00:00,67.01618497109826
2026-04-26 05:00:00,65.39350318471338
2026-04-26 06:00:00,64.25248520710059
2026-04-26 07:00:00,54.77045248868779
2026-04-26 08:00:00,54.50369369369369
2026-04-26 09:00:00,53.2504954954955
2026-04-26 10:00:00,50.41382222222222
2026-04-26 11:00:00,48.838325791855205
2026-04-26 12:00:00,42.57788990825688
2026-04-26 13:00:00,38.68451162790698
2026-04-26 14:00:00,42.47896713615024
2026-04-26 15:00:00,46.22646288209607
2026-04-26 16:00:00,43.046509433962264
2026-04-26 17:00:00,40.054225352112674
2026-04-26 18:00:00,45.233593750000004
2026-04-26 19:00:00,59.54133663366337
2026-04-26 20:00:00,73.285956284153
2026-04-26 21:00:00,80.108671875
2026-04-26 22:00:00,82.90702479338843
2026-04-26 23:00:00,84.36646464646465
2026-04-27 00:00:00,85.19336363636364
2026-04-27 01:00:00,85.08504201680672
2026-04-27 02:00:00,86.04565573770492
2026-04-27 03:00:00,85.94930434782609
2026-04-27 04:00:00,85.22816666666667
2026-04-27 05:00:00,83.30558011049723
2026-04-27 06:00:00,68.22854838709678
2026-04-27 07:00:00,55.625
2026-04-27 08:00:00,49.35279411764706
2026-04-27 09:00:00,47.79486363636364
2026-04-27 10:00:00,42.299814814814816
2026-04-27 11:00:00,37.76276497695853
2026-04-27 12:00:00,33.62100436681223
2026-04-27 13:00:00,32.48756756756757
2026-04-27 14:00:00,39.32072072072072
2026-04-27 15:00:00,39.00414285714286
2026-04-27 16:00:00,43.056666666666665
2026-04-27 17:00:00,45.856407766990294
2026-04-27 18:00:00,53.276082474226804
2026-04-27 19:00:00,66.57461111111111
2026-04-27 20:00:00,76.1380606060606
2026-04-27 21:00:00,81.98687022900764
2026-04-27 22:00:00,84.14947826086957
2026-04-27 23:00:00,85.2230701754386
2026-04-28 00:00:00,85.14647619047618
2026-04-28 01:00:00,85.65522935779816
2026-04-28 02:00:00,86.95672566371682
2026-04-28 03:00:00,86.25538461538461
2026-04-28 04:00:00,81.75685185185185
2026-04-28 05:00:00,75.30023391812865
2026-04-28 06:00:00,69.5794623655914
2026-04-28 07:00:00,58.5490206185567
2026-04-28 08:00:00,54.855000000000004
2026-04-28 09:00:00,55.73655367231639
2026-04-28 10:00:00,52.14977168949771
2026-04-28 11:00:00,42.59404545454546
2026-04-28 12:00:00,41.60321100917431
2026-04-28 13:00:00,44.48628440366973
2026-04-28 14:00:00,41.122579185520365
2026-04-28 15:00:00,43.1564824120603
2026-04-28 16:00:00,42.581809523809525
2026-04-28 17:00:00,46.08792079207921
2026-04-28 18:00:00,57.365174129353235
2026-04-28 19:00:00,70.23095505617978
2026-04-28 20:00:00,73.78836477987421
2026-04-28 21:00:00,74.98346405228757
2026-04-28 22:00:00,77.78506250000001
2026-04-28 23:00:00,81.5008547008547
2026-04-29 00:00:00,83.52728971962617
2026-04-29 01:00:00,85.11922413793103
2026-04-29 02:00:00,85.85763440860215
2026-04-29 03:00:00,86.63364583333333
2026-04-29 04:00:00,85.94359477124183
2026-04-29 05:00:00,77.68862637362638
2026-04-29 06:00:00,70.01414893617022
2026-04-29 07:00:00,60.28504950495049
2026-04-29 08:00:00,53.82076576576576
2026-04-29 09:00:00,50.97946601941748
2026-04-29 10:00:00,46.60868544600939
2026-04-29 11:00:00,47.764575471698116
2026-04-29 12:00:00,46.700185185185184
2026-04-29 13:00:00,46.127546296296295
2026-04-29 14:00:00,45.71123762376238
2026-04-29 15:00:00,44.724898989898996
2026-04-29 16:00:00,50.51014851485148
2026-04-29 17:00:00,53.86214285714286
2026-04-29 18:00:00,60.67163157894737
2026-04-29 19:00:00,65.88101123595506
2026-04-29 20:00:00,72.76672619047619
2026-04-29 21:00:00,78.52139393939395
2026-04-29 22:00:00,83.05766666666666
2026-04-29 23:00:00,85.069793814433
2026-04-30 00:00:00,86.77
2026-04-30 01:00:00,87.33663716814158
2026-04-30 02:00:00,88.41075000000001
2026-04-30 03:00:00,82.80811764705884
2026-04-30 04:00:00,81.96026845637584
2026-04-30 05:00:00,85.51152866242037
2026-04-30 06:00:00,74.90748717948719
2026-04-30 07:00:00,62.84164319248826
2026-04-30 08:00:00,53.52128571428571
2026-04-30 09:00:00,49.63014423076923
2026-04-30 10:00:00,47.35143478260869
2026-04-30 11:00:00,45.58447004608295
2026-04-30 12:00:00,43.272747747747744
2026-04-30 13:00:00,39.35289592760181
2026-04-30 14:00:00,42.50851162790698
2026-04-30 15:00:00,47.42369158878505
2026-04-30 16:00:00,46.279817351598176
2026-04-30 17:00:00,49.77775609756098
2026-04-30 18:00:00,56.298153846153845
2026-04-30 19:00:00,63.574375
2026-04-30 20:00:00,67.259754601227
2026-04-30 21:00:00,70.84731543624162
2026-04-30 22:00:00,72.56767741935484
2026-04-30 23:00:00,76.66014084507042
2026-05-01 00:00:00,78.73439393939394
2026-05-01 01:00:00,80.12597014925373
2026-05-01 02:00:00,82.8722480620155
2026-05-01 03:00:00,83.53767441860465
2026-05-01 04:00:00,84.28938461538462
2026-05-01 05:00:00,83.47727272727273
2026-05-01 06:00:00,82.29167785234898
2026-05-01 07:00:00,67.76243902439025
2026-05-01 08:00:00,63.53805882352941
2026-05-01 09:00:00,56.700502512562814
2026-05-01 10:00:00,54.36
2026-05-01 11:00:00,51.92566820276498
2026-05-01 12:00:00,50.75371428571429
2026-05-01 13:00:00,52.256714975845405
2026-05-01 14:00:00,52.92028301886793
2026-05-01 15:00:00,55.804558823529405
2026-05-01 16:00:00,60.626394230769236
2026-05-01 17:00:00,59.65994382022472
2026-05-01 18:00:00,61.507213114754094
2026-05-01 19:00:00,69.29989583333334
2026-05-01 20:00:00,73.47708791208791
2026-05-01 21:00:00,78.79267080745342
2026-05-01 22:00:00,80.26602094240837
2026-05-01 23:00:00,80.84652173913044
2026-05-02 00:00:00,81.93578616352201
2026-05-02 01:00:00,82.3760606060606
2026-05-02 02:00:00,82.96267515923566
2026-05-02 03:00:00,82.55278787878787
2026-05-02 04:00:00,83.05798701298701
2026-05-02 05:00:00,80.8992972972973
2026-05-02 06:00:00,75.12134146341464
2026-05-02 07:00:00,69.6885294117647
2026-05-02 08:00:00,66.40301204819276
2026-05-02 09:00:00,62.05296703296703
2026-05-02 10:00:00,54.005272727272725
2026-05-02 11:00:00,56.16926108374385
2026-05-02 12:00:00,57.521658291457285
2026-05-02 13:00:00,54.439371980676334
2026-05-02 14:00:00,55.91313432835821
2026-05-02 15:00:00,56.41853773584906
2026-05-02 16:00:00,55.64328571428572
2026-05-02 17:00:00,55.29594202898551
2026-05-02 18:00:00,62.962081218274115
2026-05-02 19:00:00,74.82541176470588
2026-05-02 20:00:00,81.52482269503547
2026-05-02 21:00:00,84.66328125
2026-05-02 22:00:00,83.45398601398601
2026-05-02 23:00:00,83.96685950413223
2026-05-03 00:00:00,83.55844444444445
2026-05-03 01:00:00,86.46645390070923
2026-05-03 02:00:00,86.6533870967742
2026-05-03 03:00:00,89.04440677966102
2026-05-03 04:00:00,90.186
2026-05-03 05:00:00,88.14690476190476
2026-05-03 06:00:00,83.87812903225807
2026-05-03 07:00:00,78.65781954887218
2026-05-03 08:00:00,72.5394054054054
2026-05-03 09:00:00,63.31602094240838
2026-05-03 10:00:00,53.90521951219512
2026-05-03 11:00:00,51.2007476635514
2026-05-03 12:00:00,50.024811320754715
2026-05-03 13:00:00,47.86923766816144
2026-05-03 14:00:00,45.045642201834866
2026-05-03 15:00:00,45.97957547169811
2026-05-03 16:00:00,48.85995327102804
2026-05-03 17:00:00,58.06132275132275
2026-05-03 18:00:00,62.102094240837694
2026-05-03 19:00:00,69.33538461538461
2026-05-03 20:00:00,74.00695121951219
2026-05-03 21:00:00,76.06058394160583
2026-05-03 22:00:00,77.72763888888889
2026-05-03 23:00:00,80.25173228346456
2026-05-04 00:00:00,82.0632824427481
2026-05-04 01:00:00,83.33372727272726
2026-05-04 02:00:00,85.13739495798319
2026-05-04 03:00:00,86.04044776119403
2026-05-04 04:00:00,85.87162962962962
2026-05-04 05:00:00,85.4575
2026-05-04 06:00:00,84.44768595041323
2026-05-04 07:00:00,80.9471052631579
2026-05-04 08:00:00,72.98506097560976
2026-05-04 09:00:00,61.33758241758242
2026-05-04 10:00:00,53.26738219895288
2026-05-04 11:00:00,48.37697435897436
2026-05-04 12:00:00,45.52410256410257
2026-05-04 13:00:00,42.609162303664924
2026-05-04 14:00:00,38.1100518134715
2026-05-04 15:00:00,35.17848958333334
2026-05-04 16:00:00,36.995282051282054
2026-05-04 17:00:00,41.591153846153844
2026-05-04 18:00:00,46.066858638743454
2026-05-04 19:00:00,54.91005747126437
2026-05-04 20:00:00,63.9040119760479
2026-05-04 21:00:00,72.168375
2026-05-04 22:00:00,78.54698412698413
2026-05-04 23:00:00,82.26365217391304
2026-05-05 00:00:00,83.45276785714285
2026-05-05 01:00:00,80.76512195121951
2026-05-05 02:00:00,72.22024691358025
2026-05-05 03:00:00,66.24655555555555
2026-05-05 04:00:00,54.00175
2026-05-05 05:00:00,51.772634730538925
2026-05-05 06:00:00,47.39774869109947
2026-05-05 07:00:00,39.22598039215686
2026-05-05 08:00:00,32.11363157894737
2026-05-05 09:00:00,28.60291666666667
2026-05-05 10:00:00,26.00595
2026-05-05 11:00:00,26.7059585492228
2026-05-05 12:00:00,27.585876288659794
2026-05-05 13:00:00,25.21502590673575
2026-05-05 14:00:00,25.43854368932039
2026-05-05 15:00:00,26.46427135678392
2026-05-05 16:00:00,29.016329787234042
2026-05-05 17:00:00,30.71952879581152
2026-05-05 18:00:00,35.82611111111111
2026-05-05 19:00:00,46.116649484536076
2026-05-05 20:00:00,55.29488636363636
2026-05-05 21:00:00,60.171699346405234
2026-05-05 22:00:00,62.26981012658227
2026-05-05 23:00:00,69.63718562874251
2026-05-06 00:00:00,74.4267701863354
2026-05-06 01:00:00,62.04606741573034
2026-05-06 02:00:00,65.11958333333334
2026-05-06 03:00:00,58.12497076023392
2026-05-06 04:00:00,53.80771604938272
2026-05-06 05:00:00,53.21835443037975
2026-05-06 06:00:00,46.18352631578948
2026-05-06 07:00:00,48.329206349206345
2026-05-06 08:00:00,49.054
2026-05-06 09:00:00,
2026-05-06 10:00:00,
2026-05-06 11:00:00,
2026-05-06 12:00:00,
2026-05-06 13:00:00,
2026-05-06 14:00:00,
2026-05-06 15:00:00,
2026-05-06 16:00:00,
2026-05-06 17:00:00,
2026-05-06 18:00:00,
2026-05-06 19:00:00,
2026-05-06 20:00:00,
2026-05-06 21:00:00,
2026-05-06 22:00:00,
2026-05-06 23:00:00,
2026-05-07 00:00:00,
2026-05-07 01:00:00,
2026-05-07 02:00:00,
2026-05-07 03:00:00,
2026-05-07 04:00:00,
2026-05-07 05:00:00,
2026-05-07 06:00:00,
2026-05-07 07:00:00,
2026-05-07 08:00:00,
2026-05-07 09:00:00,
2026-05-07 10:00:00,
2026-05-07 11:00:00,
2026-05-07 12:00:00,
2026-05-07 13:00:00,
2026-05-07 14:00:00,
2026-05-07 15:00:00,
2026-05-07 16:00:00,
2026-05-07 17:00:00,
2026-05-07 18:00:00,
2026-05-07 19:00:00,
2026-05-07 20:00:00,
2026-05-07 21:00:00,
2026-05-07 22:00:00,
2026-05-07 23:00:00,
2026-05-08 00:00:00,
2026-05-08 01:00:00,
2026-05-08 02:00:00,
2026-05-08 03:00:00,
2026-05-08 04:00:00,
2026-05-08 05:00:00,
2026-05-08 06:00:00,
2026-05-08 07:00:00,
2026-05-08 08:00:00,
2026-05-08 09:00:00,
2026-05-08 10:00:00,
2026-05-08 11:00:00,
2026-05-08 12:00:00,
2026-05-08 13:00:00,
2026-05-08 14:00:00,
2026-05-08 15:00:00,
2026-05-08 16:00:00,
2026-05-08 17:00:00,
2026-05-08 18:00:00,
2026-05-08 19:00:00,
2026-05-08 20:00:00,
2026-05-08 21:00:00,
2026-05-08 22:00:00,
2026-05-08 23:00:00,
2026-05-09 00:00:00,
2026-05-09 01:00:00,
2026-05-09 02:00:00,
2026-05-09 03:00:00,
2026-05-09 04:00:00,
2026-05-09 05:00:00,
2026-05-09 06:00:00,
2026-05-09 07:00:00,
2026-05-09 08:00:00,
2026-05-09 09:00:00,
2026-05-09 10:00:00,
2026-05-09 11:00:00,
2026-05-09 12:00:00,
2026-05-09 13:00:00,
2026-05-09 14:00:00,
2026-05-09 15:00:00,
2026-05-09 16:00:00,
2026-05-09 17:00:00,
2026-05-09 18:00:00,
2026-05-09 19:00:00,
2026-05-09 20:00:00,
2026-05-09 21:00:00,
2026-05-09 22:00:00,
2026-05-09 23:00:00,
2026-05-10 00:00:00,
2026-05-10 01:00:00,
2026-05-10 02:00:00,
2026-05-10 03:00:00,
2026-05-10 04:00:00,
2026-05-10 05:00:00,
2026-05-10 06:00:00,
2026-05-10 07:00:00,
2026-05-10 08:00:00,
2026-05-10 09:00:00,
2026-05-10 10:00:00,
2026-05-10 11:00:00,
2026-05-10 12:00:00,
2026-05-10 13:00:00,
2026-05-10 14:00:00,
2026-05-10 15:00:00,
2026-05-10 16:00:00,
2026-05-10 17:00:00,
2026-05-10 18:00:00,
2026-05-10 19:00:00,
2026-05-10 20:00:00,
2026-05-10 21:00:00,
2026-05-10 22:00:00,
2026-05-10 23:00:00,
2026-05-11 00:00:00,
2026-05-11 01:00:00,
2026-05-11 02:00:00,
2026-05-11 03:00:00,
2026-05-11 04:00:00,
2026-05-11 05:00:00,
2026-05-11 06:00:00,
2026-05-11 07:00:00,
2026-05-11 08:00:00,
2026-05-11 09:00:00,
2026-05-11 10:00:00,
2026-05-11 11:00:00,
2026-05-11 12:00:00,
2026-05-11 13:00:00,
2026-05-11 14:00:00,
2026-05-11 15:00:00,
2026-05-11 16:00:00,
2026-05-11 17:00:00,
2026-05-11 18:00:00,
2026-05-11 19:00:00,
2026-05-11 20:00:00,
2026-05-11 21:00:00,
2026-05-11 22:00:00,
2026-05-11 23:00:00,
2026-05-12 00:00:00,
2026-05-12 01:00:00,
2026-05-12 02:00:00,
2026-05-12 03:00:00,
2026-05-12 04:00:00,
2026-05-12 05:00:00,
2026-05-12 06:00:00,
2026-05-12 07:00:00,
2026-05-12 08:00:00,
2026-05-12 09:00:00,
2026-05-12 10:00:00,
2026-05-12 11:00:00,
2026-05-12 12:00:00,
2026-05-12 13:00:00,
2026-05-12 14:00:00,
2026-05-12 15:00:00,
2026-05-12 16:00:00,
2026-05-12 17:00:00,
2026-05-12 18:00:00,
2026-05-12 19:00:00,
2026-05-12 20:00:00,
2026-05-12 21:00:00,
2026-05-12 22:00:00,
2026-05-12 23:00:00,
2026-05-13 00:00:00,
2026-05-13 01:00:00,
2026-05-13 02:00:00,
2026-05-13 03:00:00,
2026-05-13 04:00:00,
2026-05-13 05:00:00,
2026-05-13 06:00:00,
2026-05-13 07:00:00,
2026-05-13 08:00:00,
2026-05-13 09:00:00,
2026-05-13 10:00:00,
2026-05-13 11:00:00,
2026-05-13 12:00:00,
2026-05-13 13:00:00,
2026-05-13 14:00:00,
2026-05-13 15:00:00,
2026-05-13 16:00:00,
2026-05-13 17:00:00,
2026-05-13 18:00:00,
2026-05-13 19:00:00,
2026-05-13 20:00:00,
2026-05-13 21:00:00,
2026-05-13 22:00:00,
2026-05-13 23:00:00,
2026-05-14 00:00:00,
2026-05-14 01:00:00,
2026-05-14 02:00:00,
2026-05-14 03:00:00,
2026-05-14 04:00:00,
2026-05-14 05:00:00,
2026-05-14 06:00:00,
2026-05-14 07:00:00,
2026-05-14 08:00:00,
2026-05-14 09:00:00,
2026-05-14 10:00:00,
2026-05-14 11:00:00,
2026-05-14 12:00:00,
2026-05-14 13:00:00,
2026-05-14 14:00:00,
2026-05-14 15:00:00,
2026-05-14 16:00:00,
2026-05-14 17:00:00,
2026-05-14 18:00:00,
2026-05-14 19:00:00,
2026-05-14 20:00:00,
2026-05-14 21:00:00,
2026-05-14 22:00:00,
2026-05-14 23:00:00,
2026-05-15 00:00:00,
2026-05-15 01:00:00,
2026-05-15 02:00:00,
2026-05-15 03:00:00,
2026-05-15 04:00:00,
2026-05-15 05:00:00,
2026-05-15 06:00:00,34.45351351351351
2026-05-15 07:00:00,35.77534391534392
2026-05-15 08:00:00,39.8639705882353
2026-05-15 09:00:00,39.03357512953368
2026-05-15 10:00:00,34.58819095477387
2026-05-15 11:00:00,35.081911764705886
2026-05-15 12:00:00,35.52051643192488
2026-05-15 13:00:00,38.275588235294116
2026-05-15 14:00:00,38.94210526315789
2026-05-15 15:00:00,41.60326923076923
2026-05-15 16:00:00,46.73138613861386
2026-05-15 17:00:00,48.95507389162561
2026-05-15 18:00:00,38.72886010362694
2026-05-15 19:00:00,46.82164102564102
2026-05-15 20:00:00,52.18371428571428
2026-05-15 21:00:00,47.82127516778523
2026-05-15 22:00:00,50.63137362637362
2026-05-15 23:00:00,49.93076433121019
2026-05-16 00:00:00,48.425234899328856
2026-05-16 01:00:00,50.23756756756757
2026-05-16 02:00:00,52.907018633540375
2026-05-16 03:00:00,54.93371428571429
2026-05-16 04:00:00,54.8754609929078
2026-05-16 05:00:00,52.89434065934066
2026-05-16 06:00:00,48.40189320388349
2026-05-16 07:00:00,41.84514851485148
2026-05-16 08:00:00,35.33731707317073
2026-05-16 09:00:00,29.804811320754716
2026-05-16 10:00:00,28.14371428571429
2026-05-16 11:00:00,26.135458937198067
2026-05-16 12:00:00,25.86616113744076
2026-05-16 13:00:00,22.471095238095238
2026-05-16 14:00:00,20.937450980392157
2026-05-16 15:00:00,30.922857142857143
2026-05-16 16:00:00,37.848093023255814
2026-05-16 17:00:00,39.73825242718446
2026-05-16 18:00:00,43.71045
2026-05-16 19:00:00,56.4072864321608
2026-05-16 20:00:00,63.52541899441341
2026-05-16 21:00:00,69.64294478527607
2026-05-16 22:00:00,66.28094972067039
2026-05-16 23:00:00,65.835625
2026-05-17 00:00:00,68.49222222222222
2026-05-17 01:00:00,65.21732876712329
2026-05-17 02:00:00,65.87335616438357
2026-05-17 03:00:00,65.79525423728813
2026-05-17 04:00:00,65.65611111111112
2026-05-17 05:00:00,63.45932515337424
2026-05-17 06:00:00,58.42005263157895
2026-05-17 07:00:00,53.35195238095238
2026-05-17 08:00:00,49.430049504950496
2026-05-17 09:00:00,48.681584158415845
2026-05-17 10:00:00,43.4489705882353
2026-05-17 11:00:00,43.19942028985508
2026-05-17 12:00:00,39.24976190476191
2026-05-17 13:00:00,44.440463917525776
2026-05-17 14:00:00,54.36664974619289
2026-05-17 15:00:00,60.0156783919598
2026-05-17 16:00:00,55.82785714285714
2026-05-17 17:00:00,55.8190052356021
2026-05-17 18:00:00,56.24216931216932
2026-05-17 19:00:00,64.8514534883721
2026-05-17 20:00:00,72.21037037037037
2026-05-17 21:00:00,77.96768707482993
2026-05-17 22:00:00,82.0271052631579
2026-05-17 23:00:00,83.925
2026-05-18 00:00:00,85.25426573426574
2026-05-18 01:00:00,79.43299435028248
2026-05-18 02:00:00,73.00554794520548
2026-05-18 03:00:00,79.70213903743316
2026-05-18 04:00:00,78.46007462686566
2026-05-18 05:00:00,73.21060240963855
2026-05-18 06:00:00,65.08230366492147
2026-05-18 07:00:00,55.35890476190477
2026-05-18 08:00:00,53.65345
2026-05-18 09:00:00,43.28586206896552
2026-05-18 10:00:00,39.696962616822425
2026-05-18 11:00:00,35.312401960784314
2026-05-18 12:00:00,32.50257425742574
2026-05-18 13:00:00,29.353676470588233
2026-05-18 14:00:00,31.555837320574163
2026-05-18 15:00:00,36.4444019138756
2026-05-18 16:00:00,36.459064039408865
2026-05-18 17:00:00,38.05199004975124
2026-05-18 18:00:00,40.36858585858586
2026-05-18 19:00:00,47.911165048543694
2026-05-18 20:00:00,56.733599999999996
2026-05-18 21:00:00,60.867303370786516
2026-05-18 22:00:00,66.50525641025641
2026-05-18 23:00:00,75.84791666666668
2026-05-19 00:00:00,81.5079069767442
2026-05-19 01:00:00,80.41762711864406
2026-05-19 02:00:00,77.6404347826087
2026-05-19 03:00:00,77.66312138728323
2026-05-19 04:00:00,74.95485207100592
2026-05-19 05:00:00,74.9144827586207
2026-05-19 06:00:00,62.55049751243781
2026-05-19 07:00:00,50.62063414634146
2026-05-19 08:00:00,40.980940594059405
2026-05-19 09:00:00,36.99
2026-05-19 10:00:00,32.62990291262136
2026-05-19 11:00:00,29.555270935960593
2026-05-19 12:00:00,28.48962085308057
2026-05-19 13:00:00,33.570049261083746
2026-05-19 14:00:00,28.651100478468898
2026-05-19 15:00:00,26.022222222222226
2026-05-19 16:00:00,25.466600985221675
2026-05-19 17:00:00,23.63251256281407
2026-05-19 18:00:00,26.330717703349283
2026-05-19 19:00:00,34.90258706467662
2026-05-19 20:00:00,46.41858757062147
2026-05-19 21:00:00,56.11731843575419
2026-05-19 22:00:00,69.65268571428571
2026-05-19 23:00:00,78.13363636363637
2026-05-20 00:00:00,82.55217741935483
2026-05-20 01:00:00,82.31265625
2026-05-20 02:00:00,77.21451807228917
2026-05-20 03:00:00,67.8080790960452
2026-05-20 04:00:00,71.06530726256983
2026-05-20 05:00:00,65.09145161290323
2026-05-20 06:00:00,55.7660621761658
2026-05-20 07:00:00,47.30094527363184
2026-05-20 08:00:00,41.95636363636364
2026-05-20 09:00:00,36.99555023923445
2026-05-20 10:00:00,33.910666666666664
2026-05-20 11:00:00,32.46514423076923
2026-05-20 12:00:00,32.313039215686274
2026-05-20 13:00:00,29.292878048780487
2026-05-20 14:00:00,29.280046082949312
2026-05-20 15:00:00,29.815096153846152
2026-05-20 16:00:00,29.760981308411218
2026-05-20 17:00:00,31.667169811320754
2026-05-20 18:00:00,28.851414141414143
2026-05-20 19:00:00,39.27721698113208
2026-05-20 20:00:00,46.95215053763441
2026-05-20 21:00:00,54.74656565656566
2026-05-20 22:00:00,58.74141414141414
2026-05-20 23:00:00,62.753368983957216
2026-05-21 00:00:00,60.9863492063492
2026-05-21 01:00:00,58.51382653061225
2026-05-21 02:00:00,53.741775147929
2026-05-21 03:00:00,59.39679144385027
2026-05-21 04:00:00,58.06093567251462
2026-05-21 05:00:00,52.538423645320194
2026-05-21 06:00:00,54.10330097087379
2026-05-21 07:00:00,50.5186432160804
2026-05-21 08:00:00,49.59019607843137
2026-05-21 09:00:00,37.78177884615384
2026-05-21 10:00:00,41.18818181818182
2026-05-21 11:00:00,39.93627450980392
2026-05-21 12:00:00,39.10216748768473
2026-05-21 13:00:00,35.23806603773585
2026-05-21 14:00:00,35.57473933649289
2026-05-21 15:00:00,41.549758454106275
2026-05-21 16:00:00,44.531330049261086
2026-05-21 17:00:00,46.991280788177335
2026-05-21 18:00:00,42.65235294117647
2026-05-21 19:00:00,48.8594708994709
2026-05-21 20:00:00,59.2947311827957
2026-05-21 21:00:00,64.94471337579617
2026-05-21 22:00:00,66.55189024390243
2026-05-21 23:00:00,67.9947928994083
2026-05-22 00:00:00,68.22857142857143
2026-05-22 01:00:00,71.24811320754718
2026-05-22 02:00:00,70.31838323353294
2026-05-22 03:00:00,67.14818681318681
2026-05-22 04:00:00,59.02852071005917
2026-05-22 05:00:00,60.71407960199005
2026-05-22 06:00:00,54.546926829268294
2026-05-22 07:00:00,47.32458937198068
2026-05-22 08:00:00,58.315989847715734
2026-05-22 09:00:00,54.375
2026-05-22 10:00:00,46.13053658536585
2026-05-22 11:00:00,44.34504901960784
2026-05-22 12:00:00,43.88514018691589
2026-05-22 13:00:00,39.07229268292683
2026-05-22 14:00:00,38.91358208955224
2026-05-22 15:00:00,39.749264705882354
2026-05-22 16:00:00,46.00038461538462
2026-05-22 17:00:00,49.075428571428574
2026-05-22 18:00:00,43.39320388349515
2026-05-22 19:00:00,48.39108374384236
2026-05-22 20:00:00,58.15707182320442
2026-05-22 21:00:00,65.41975308641975
2026-05-22 22:00:00,67.99545945945945
2026-05-22 23:00:00,69.02125786163522
2026-05-23 00:00:00,70.63654320987655
2026-05-23 01:00:00,72.35191616766467
2026-05-23 02:00:00,71.39438596491229
2026-05-23 03:00:00,67.83689265536722
2026-05-23 04:00:00,66.85827586206896
2026-05-23 05:00:00,66.67374331550802
2026-05-23 06:00:00,53.42367149758454
2026-05-23 07:00:00,46.982604651162795
2026-05-23 08:00:00,43.305792079207926
2026-05-23 09:00:00,38.25732673267326
2026-05-23 10:00:00,36.188146341463415
2026-05-23 11:00:00,35.78024154589372
2026-05-23 12:00:00,36.16478260869565
2026-05-23 13:00:00,31.294516129032257
2026-05-23 14:00:00,33.27682242990654
2026-05-23 15:00:00,32.20547619047619
2026-05-23 16:00:00,32.890049261083746
2026-05-23 17:00:00,33.74162436548224
2026-05-23 18:00:00,37.94160194174757
2026-05-23 19:00:00,47.2365671641791
2026-05-23 20:00:00,59.41363128491621
2026-05-23 21:00:00,70.28368421052632
2026-05-23 22:00:00,76.07287769784172
2026-05-23 23:00:00,77.97330708661418
2026-05-24 00:00:00,76.10300578034682
2026-05-24 01:00:00,72.58804597701149
2026-05-24 02:00:00,71.31202380952381
2026-05-24 03:00:00,68.27930481283423
2026-05-24 04:00:00,63.86654970760234
2026-05-24 05:00:00,63.28773869346734
2026-05-24 06:00:00,50.725492227979274
2026-05-24 07:00:00,47.20241706161137
2026-05-24 08:00:00,42.94908212560386
2026-05-24 09:00:00,40.319655172413796
2026-05-24 10:00:00,34.90846153846154
2026-05-24 11:00:00,31.885260663507108
2026-05-24 12:00:00,31.007524271844662
2026-05-24 13:00:00,27.339514563106793
2026-05-24 14:00:00,33.434386792452834
2026-05-24 15:00:00,30.621182266009853
2026-05-24 16:00:00,31.84488151658768
2026-05-24 17:00:00,32.42140776699029
2026-05-24 18:00:00,34.886386138613865
2026-05-24 19:00:00,43.584924623115576
2026-05-24 20:00:00,53.49142105263158
2026-05-24 21:00:00,61.110402298850566
2026-05-24 22:00:00,65.62349112426035
2026-05-24 23:00:00,68.22101265822785
2026-05-25 00:00:00,66.96587570621469
2026-05-25 01:00:00,70.82836734693878
2026-05-25 02:00:00,69.40747252747252
2026-05-25 03:00:00,68.83728813559323
2026-05-25 04:00:00,67.50216374269006
2026-05-25 05:00:00,59.60848484848485
2026-05-25 06:00:00,50.89907692307692
2026-05-25 07:00:00,42.321220657276996
2026-05-25 08:00:00,44.67752427184466
2026-05-25 09:00:00,58.240048309178746
2026-05-25 10:00:00,59.642809523809525
2026-05-25 11:00:00,59.44781990521327
2026-05-25 12:00:00,58.48975961538462
2026-05-25 13:00:00,59.71762376237624
2026-05-25 14:00:00,59.56264705882353
2026-05-25 15:00:00,60.483744075829385
2026-05-25 16:00:00,62.075148514851485
2026-05-25 17:00:00,62.553588516746416
2026-05-25 18:00:00,55.81028301886793
2026-05-25 19:00:00,62.61543147208122
2026-05-25 20:00:00,69.76666666666667
2026-05-25 21:00:00,76.10824675324676
2026-05-25 22:00:00,80.01396694214877
2026-05-25 23:00:00,82.29081300813009
2026-05-26 00:00:00,82.00431818181818
2026-05-26 01:00:00,80.32006249999999
2026-05-26 02:00:00,80.63275449101796
2026-05-26 03:00:00,82.335
2026-05-26 04:00:00,75.64692307692307
2026-05-26 05:00:00,69.8962365591398
2026-05-26 06:00:00,57.29641148325359
2026-05-26 07:00:00,51.14913043478261
2026-05-26 08:00:00,45.019609756097566
2026-05-26 09:00:00,42.24427184466019
2026-05-26 10:00:00,59.335117370892014
2026-05-26 11:00:00,54.71787735849057
2026-05-26 12:00:00,59.980694444444445
2026-05-26 13:00:00,58.397330097087384
2026-05-26 14:00:00,58.878461538461536
2026-05-26 15:00:00,60.063317757009344
2026-05-26 16:00:00,61.40654028436019
2026-05-26 17:00:00,45.13057971014493
2026-05-26 18:00:00,39.957360406091375
2026-05-26 19:00:00,50.662135416666665
2026-05-26 20:00:00,64.09836363636363
2026-05-26 21:00:00,72.8885064935065
2026-05-26 22:00:00,77.13136752136751
2026-05-26 23:00:00,78.63183098591549
2026-05-27 00:00:00,77.4514935064935
2026-05-27 01:00:00,77.74294871794872
2026-05-27 02:00:00,78.41372549019607
2026-05-27 03:00:00,75.27021276595744
2026-05-27 04:00:00,66.84756613756613
2026-05-27 05:00:00,71.33359788359788
2026-05-27 06:00:00,59.452842639593904
2026-05-27 07:00:00,56.93622009569378
2026-05-27 08:00:00,60.95495192307692
2026-05-27 09:00:00,56.445317073170735
2026-05-27 10:00:00,56.324045454545455
2026-05-27 11:00:00,57.17391304347826
2026-05-27 12:00:00,56.29937198067633
2026-05-27 13:00:00,54.44213930348259
2026-05-27 14:00:00,55.29681372549019
2026-05-27 15:00:00,56.79269607843137
2026-05-27 16:00:00,57.665145631067965
2026-05-27 17:00:00,58.15708333333333
2026-05-27 18:00:00,48.75478672985782
2026-05-27 19:00:00,50.79969230769231
2026-05-27 20:00:00,57.00610256410257
2026-05-27 21:00:00,63.65771573604061
2026-05-27 22:00:00,68.53575163398692
2026-05-27 23:00:00,73.38014598540146
2026-05-28 00:00:00,76.31241666666666
2026-05-28 01:00:00,76.82886075949367
2026-05-28 02:00:00,74.24125748502993
2026-05-28 03:00:00,74.79234939759037
2026-05-28 04:00:00,72.65763005780347
2026-05-28 05:00:00,64.55593582887701
2026-05-28 06:00:00,52.820392156862745
2026-05-28 07:00:00,48.68004901960784
2026-05-28 08:00:00,53.7658256880734
2026-05-28 09:00:00,44.402596153846154
2026-05-28 10:00:00,55.762582159624415
2026-05-28 11:00:00,56.16390243902439
2026-05-28 12:00:00,56.880616113744075
2026-05-28 13:00:00,58.016038647342995
2026-05-28 14:00:00,54.53851674641148
2026-05-28 15:00:00,56.617794117647065
2026-05-28 16:00:00,55.69747663551402
2026-05-28 17:00:00,55.20704081632653
2026-05-28 18:00:00,43.93769607843138
2026-05-28 19:00:00,45.97751295336788
2026-05-28 20:00:00,55.40234375
2026-05-28 21:00:00,61.18139037433155
2026-05-28 22:00:00,63.18464705882353
2026-05-28 23:00:00,66.4229696969697
2026-05-29 00:00:00,66.60781818181817
2026-05-29 01:00:00,69.40132911392405
2026-05-29 02:00:00,67.27415730337079
2026-05-29 03:00:00,67.26112359550561
2026-05-29 04:00:00,66.45247252747252
2026-05-29 05:00:00,58.87970731707317
2026-05-29 06:00:00,49.25587378640776
2026-05-29 07:00:00,43.15039215686274
2026-05-29 08:00:00,44.76894230769231
2026-05-29 09:00:00,48.271534653465345
2026-05-29 10:00:00,52.60861244019139
2026-05-29 11:00:00,58.27220657276995
2026-05-29 12:00:00,54.024433962264155
2026-05-29 13:00:00,49.60081339712919
2026-05-29 14:00:00,55.7540579710145
2026-05-29 15:00:00,60.344460093896714
2026-05-29 16:00:00,59.85415458937198
2026-05-29 17:00:00,58.91798076923077
2026-05-29 18:00:00,48.74603092783505
2026-05-29 19:00:00,44.964773869346736
2026-05-29 20:00:00,49.27300970873786
2026-05-29 21:00:00,51.39629032258064
2026-05-29 22:00:00,55.39887755102041
2026-05-29 23:00:00,58.92015706806283
2026-05-30 00:00:00,62.29027472527473
2026-05-30 01:00:00,63.6334554973822
2026-05-30 02:00:00,60.48579234972677
2026-05-30 03:00:00,61.8483152173913
2026-05-30 04:00:00,64.76055555555556
2026-05-30 05:00:00,64.65133333333334
2026-05-30 06:00:00,51.760153061224486
2026-05-30 07:00:00,52.53057416267942
2026-05-30 08:00:00,54.8266826923077
2026-05-30 09:00:00,55.36212560386473
2026-05-30 10:00:00,54.10910447761194
2026-05-30 11:00:00,50.43183574879227
2026-05-30 12:00:00,48.55179723502304
2026-05-30 13:00:00,48.611310679611655
2026-05-30 14:00:00,45.781717171717176
2026-05-30 15:00:00,48.8931884057971
2026-05-30 16:00:00,49.22445497630332
2026-05-30 17:00:00,44.172107843137255
2026-05-30 18:00:00,35.57626213592233
2026-05-30 19:00:00,37.40842105263158
2026-05-30 20:00:00,41.8755612244898
2026-05-30 21:00:00,47.471420765027325
2026-05-30 22:00:00,57.49106598984771
2026-05-30 23:00:00,65.16799999999999
2026-05-31 00:00:00,68.57033783783784
2026-05-31 01:00:00,69.83478260869566
2026-05-31 02:00:00,71.14932835820896
2026-05-31 03:00:00,70.24811688311688
2026-05-31 04:00:00,72.49644295302014
2026-05-31 05:00:00,71.90121212121213
2026-05-31 06:00:00,56.264824120603016
2026-05-31 07:00:00,59.16564356435643
2026-05-31 08:00:00,57.528285714285715
2026-05-31 09:00:00,56.512009569377994
2026-05-31 10:00:00,57.691809523809525
2026-05-31 11:00:00,58.02169082125604
2026-05-31 12:00:00,57.085837320574164
2026-05-31 13:00:00,54.160761904761905
2026-05-31 14:00:00,56.97411483253589
2026-05-31 15:00:00,56.45783251231527
2026-05-31 16:00:00,58.46567307692308
2026-05-31 17:00:00,56.17848341232227
2026-05-31 18:00:00,53.202512562814064
2026-05-31 19:00:00,50.430098522167484
2026-05-31 20:00:00,54.826180904522616
2026-05-31 21:00:00,58.88687830687831
2026-05-31 22:00:00,62.71939086294416
2026-05-31 23:00:00,65.69981927710843
2026-06-01 00:00:00,69.56886524822694
2026-06-01 01:00:00,71.38291390728476
2026-06-01 02:00:00,76.35582781456954
2026-06-01 03:00:00,76.14480263157895
2026-06-01 04:00:00,73.31645161290322
2026-06-01 05:00:00,68.85869109947645
2026-06-01 06:00:00,58.468208955223886
2026-06-01 07:00:00,53.845
2026-06-01 08:00:00,51.86388349514563
2026-06-01 09:00:00,48.275000000000006
2026-06-01 10:00:00,64.59038647342994
2026-06-01 11:00:00,64.18855769230768
2026-06-01 12:00:00,64.66221153846153
2026-06-01 13:00:00,61.18995145631067
2026-06-01 14:00:00,59.211714285714294
2026-06-01 15:00:00,61.63512315270936
2026-06-01 16:00:00,67.75223958333333
2026-06-01 17:00:00,
2026-06-01 18:00:00,
2026-06-01 19:00:00,
2026-06-01 20:00:00,
2026-06-01 21:00:00,
2026-06-01 22:00:00,
2026-06-01 23:00:00,
2026-06-02 00:00:00,
2026-06-02 01:00:00,
2026-06-02 02:00:00,
2026-06-02 03:00:00,
2026-06-02 04:00:00,
2026-06-02 05:00:00,74.69333333333333
2026-06-02 06:00:00,67.0840909090909
2026-06-02 07:00:00,56.837785714285715
2026-06-02 08:00:00,40.92686274509804
2026-06-02 09:00:00,35.53362745098039
2026-06-02 10:00:00,33.24947368421053
2026-06-02 11:00:00,48.06413461538462
2026-06-02 12:00:00,44.82613065326633
2026-06-02 13:00:00,51.60857819905213
2026-06-02 14:00:00,52.74663507109004
2026-06-02 15:00:00,54.96895734597157
2026-06-02 16:00:00,57.168391959798996
2026-06-02 17:00:00,61.65888349514563
2026-06-02 18:00:00,42.32127358490566
2026-06-02 19:00:00,38.07470588235294
2026-06-02 20:00:00,56.037395833333335
2026-06-02 21:00:00,65.68028735632184
2026-06-02 22:00:00,71.42104294478527
2026-06-02 23:00:00,76.59247933884298
2026-06-03 00:00:00,79.26214876033058
2026-06-03 01:00:00,82.05930434782609
2026-06-03 02:00:00,84.59798165137614
2026-06-03 03:00:00,84.7214049586777
2026-06-03 04:00:00,86.59676691729324
2026-06-03 05:00:00,81.1910752688172
2026-06-03 06:00:00,70.81709359605912
2026-06-03 07:00:00,68.48437810945273
2026-06-03 08:00:00,64.09832487309644
2026-06-03 09:00:00,58.576878048780486
2026-06-03 10:00:00,61.51024038461538
2026-06-03 11:00:00,60.550432692307695
2026-06-03 12:00:00,62.30202830188679
2026-06-03 13:00:00,65.04635467980296
2026-06-03 14:00:00,64.8881347150259
2026-06-03 15:00:00,65.62767326732674
2026-06-03 16:00:00,66.0969268292683
2026-06-03 17:00:00,61.36475247524753
2026-06-03 18:00:00,60.301700000000004
2026-06-03 19:00:00,65.02049723756906
2026-06-03 20:00:00,71.11950704225352
2026-06-03 21:00:00,75.156953125
2026-06-03 22:00:00,78.23632478632479
2026-06-03 23:00:00,80.61649484536083
2026-06-04 00:00:00,82.8777570093458
2026-06-04 01:00:00,84.7958762886598
2026-06-04 02:00:00,86.3853947368421
2026-06-04 03:00:00,88.18267857142857
2026-06-04 04:00:00,87.88869565217392
2026-06-04 05:00:00,84.55788819875777
2026-06-04 06:00:00,77.37574712643678
2026-06-04 07:00:00,71.17772020725388
2026-06-04 08:00:00,67.32653465346534
2026-06-04 09:00:00,62.152392344497606
2026-06-04 10:00:00,61.77138888888889
2026-06-04 11:00:00,61.86661904761905
2026-06-04 12:00:00,62.69384615384615
2026-06-04 13:00:00,61.637644230769226
2026-06-04 14:00:00,63.36691542288557
2026-06-04 15:00:00,61.266999999999996
2026-06-04 16:00:00,62.165071770334926
2026-06-04 17:00:00,62.50061904761905
2026-06-04 18:00:00,58.60644670050761
2026-06-04 19:00:00,60.48427083333333
2026-06-04 20:00:00,71.445
2026-06-04 21:00:00,78.95075757575758
2026-06-04 22:00:00,82.28619047619047
2026-06-04 23:00:00,84.64754545454545
2026-06-05 00:00:00,85.86891089108912
2026-06-05 01:00:00,83.69112676056338
2026-06-05 02:00:00,81.56367346938777
2026-06-05 03:00:00,85.62025
2026-06-05 04:00:00,87.8135
2026-06-05 05:00:00,84.4516564417178
2026-06-05 06:00:00,78.89347826086956
2026-06-05 07:00:00,69.93778350515464
2026-06-05 08:00:00,64.9493896713615
2026-06-05 09:00:00,61.19596059113301
2026-06-05 10:00:00,61.915607476635515
2026-06-05 11:00:00,62.67746341463414
2026-06-05 12:00:00,62.936190476190475
2026-06-05 13:00:00,64.27271428571429
2026-06-05 14:00:00,63.2087684729064
2026-06-05 15:00:00,64.34049504950495
2026-06-05 16:00:00,63.06124423963134
2026-06-05 17:00:00,64.59025510204081
2026-06-05 18:00:00,70.41462962962963
2026-06-05 19:00:00,73.88866197183098
2026-06-05 20:00:00,76.3879365079365
2026-06-05 21:00:00,78.39760330578513
2026-06-05 22:00:00,79.71521367521368
2026-06-05 23:00:00,80.19871559633027
2026-06-06 00:00:00,80.8901652892562
2026-06-06 01:00:00,81.68404255319149
2026-06-06 02:00:00,82.95583333333333
2026-06-06 03:00:00,83.26306818181818
2026-06-06 04:00:00,84.18731092436975
2026-06-06 05:00:00,82.2566265060241
2026-06-06 06:00:00,77.96564705882354
2026-06-06 07:00:00,70.66492063492063
2026-06-06 08:00:00,66.14712264150944
2026-06-06 09:00:00,61.23854368932039
2026-06-06 10:00:00,60.18552380952381
2026-06-06 11:00:00,59.96598130841121
2026-06-06 12:00:00,59.30481132075472
2026-06-06 13:00:00,60.54936274509804
2026-06-06 14:00:00,59.64051401869159
2026-06-06 15:00:00,59.84696078431373
2026-06-06 16:00:00,59.974928229665075
2026-06-06 17:00:00,59.06980676328503
2026-06-06 18:00:00,64.78287234042553
2026-06-06 19:00:00,68.94813664596273
2026-06-06 20:00:00,72.80318181818183
2026-06-06 21:00:00,76.3763909774436
2026-06-06 22:00:00,79.40225000000001
2026-06-06 23:00:00,81.65292035398231
2026-06-07 00:00:00,82.98056603773585
2026-06-07 01:00:00,82.53106194690265
2026-06-07 02:00:00,83.46230769230769
2026-06-07 03:00:00,84.14891891891892
2026-06-07 04:00:00,85.6970796460177
2026-06-07 05:00:00,82.62834285714285
2026-06-07 06:00:00,76.39954802259886
2026-06-07 07:00:00,67.78194029850746
2026-06-07 08:00:00,62.0003431372549
2026-06-07 09:00:00,59.72671568627451
2026-06-07 10:00:00,58.05530516431925
2026-06-07 11:00:00,55.11621359223301
2026-06-07 12:00:00,54.081394230769234
2026-06-07 13:00:00,54.021886792452825
2026-06-07 14:00:00,58.28098039215686
2026-06-07 15:00:00,58.58331775700935
2026-06-07 16:00:00,58.48706730769231
2026-06-07 17:00:00,57.37665048543689
2026-06-07 18:00:00,59.717979797979794
2026-06-07 19:00:00,61.61968586387435
2026-06-07 20:00:00,65.22987804878049
2026-06-07 21:00:00,69.23226666666666
2026-06-07 22:00:00,74.76682926829268
2026-06-07 23:00:00,75.05428571428571
2026-06-08 00:00:00,74.43585714285715
2026-06-08 01:00:00,75.80188811188812
2026-06-08 02:00:00,76.62136363636364
2026-06-08 03:00:00,79.52352517985612
2026-06-08 04:00:00,77.50566176470589
2026-06-08 05:00:00,73.26601123595506
2026-06-08 06:00:00,61.17681592039801
2026-06-08 07:00:00,59.32611650485437
2026-06-08 08:00:00,59.75384976525822
2026-06-08 09:00:00,53.40627906976744
2026-06-08 10:00:00,52.32799019607843
2026-06-08 11:00:00,51.86526570048309
2026-06-08 12:00:00,60.84661904761905
2026-06-08 13:00:00,64.11411483253589
2026-06-08 14:00:00,65.30826732673268
2026-06-08 15:00:00,68.81566502463055
2026-06-08 16:00:00,68.63129807692307
2026-06-08 17:00:00,68.37866995073892
2026-06-08 18:00:00,56.23800995024876
2026-06-08 19:00:00,59.30489247311827
2026-06-08 20:00:00,65.78759562841529
2026-06-08 21:00:00,71.03635802469135
2026-06-08 22:00:00,75.20038461538462
2026-06-08 23:00:00,79.69044776119404
2026-06-09 00:00:00,83.03999999999999
2026-06-09 01:00:00,85.66857142857144
2026-06-09 02:00:00,87.81715596330275
2026-06-09 03:00:00,89.61217821782178
2026-06-09 04:00:00,90.14978494623657
2026-06-09 05:00:00,88.42020000000001
2026-06-09 06:00:00,80.77230337078652
2026-06-09 07:00:00,73.67413407821229
2026-06-09 08:00:00,70.27570680628273
2026-06-09 09:00:00,70.73140625
2026-06-09 10:00:00,64.02657276995305
2026-06-09 11:00:00,62.84842105263158
2026-06-09 12:00:00,61.6649756097561
2026-06-09 13:00:00,61.325414634146334
2026-06-09 14:00:00,61.650388349514564
2026-06-09 15:00:00,63.71413612565445
2026-06-09 16:00:00,65.24230392156863
2026-06-09 17:00:00,60.85580952380952
2026-06-09 18:00:00,61.7082
2026-06-09 19:00:00,66.72268156424582
2026-06-09 20:00:00,71.2787074829932
2026-06-09 21:00:00,74.926015625
2026-06-09 22:00:00,79.96863945578231
2026-06-09 23:00:00,84.65867346938775
2026-06-10 00:00:00,86.27923076923076
2026-06-10 01:00:00,88.91165217391304
2026-06-10 02:00:00,88.89550847457627
2026-06-10 03:00:00,82.77395683453237
2026-06-10 04:00:00,82.48242105263158
2026-06-10 05:00:00,79.83561403508772
2026-06-10 06:00:00,73.76
2026-06-10 07:00:00,68.98752525252526
2026-06-10 08:00:00,62.37625
2026-06-10 09:00:00,61.543732057416264
2026-06-10 10:00:00,61.98706730769231
2026-06-10 11:00:00,61.92521739130435
2026-06-10 12:00:00,61.527788461538464
2026-06-10 13:00:00,62.16422110552764
2026-06-10 14:00:00,63.15396039603961
2026-06-10 15:00:00,64.24296650717703
2026-06-10 16:00:00,63.47778301886793
2026-06-10 17:00:00,60.319900497512435
2026-06-10 18:00:00,63.28648936170213
2026-06-10 19:00:00,66.62594285714286
2026-06-10 20:00:00,70.28305732484077
2026-06-10 21:00:00,72.81248062015503
2026-06-10 22:00:00,72.29876623376623
2026-06-10 23:00:00,71.69545454545455
2026-06-11 00:00:00,74.15578231292517
2026-06-11 01:00:00,76.70777027027027
2026-06-11 02:00:00,78.4504958677686
2026-06-11 03:00:00,75.12618705035972
2026-06-11 04:00:00,75.19281690140845
2026-06-11 05:00:00,74.15903225806451
2026-06-11 06:00:00,71.0054854368932
2026-06-11 07:00:00,63.57150485436893
2026-06-11 08:00:00,62.78435897435898
2026-06-11 09:00:00,60.076521739130435
2026-06-11 10:00:00,60.036587677725116
2026-06-11 11:00:00,60.488975609756096
2026-06-11 12:00:00,60.4226213592233
2026-06-11 13:00:00,60.244923857868024
2026-06-11 14:00:00,60.09657276995305
2026-06-11 15:00:00,59.874146341463415
2026-06-11 16:00:00,56.323427230046946
2026-06-11 17:00:00,55.85288557213931
2026-06-11 18:00:00,54.00306532663317
2026-06-11 19:00:00,57.25729166666667
2026-06-11 20:00:00,63.54966666666667
2026-06-11 21:00:00,68.89999999999999
2026-06-11 22:00:00,73.04766917293233
2026-06-11 23:00:00,77.1752027027027
2026-06-12 00:00:00,80.57720338983052
2026-06-12 01:00:00,81.57067164179104
2026-06-12 02:00:00,80.1559375
2026-06-12 03:00:00,81.43934959349593
2026-06-12 04:00:00,82.24024390243902
2026-06-12 05:00:00,78.58168674698796
2026-06-12 06:00:00,66.39138613861385
2026-06-12 07:00:00,59.739121951219516
2026-06-12 08:00:00,59.705813953488374
2026-06-12 09:00:00,58.369665071770335
2026-06-12 10:00:00,56.71247524752475
2026-06-12 11:00:00,51.58889423076923
2026-06-12 12:00:00,51.12668316831683
2026-06-12 13:00:00,53.735198019801985
2026-06-12 14:00:00,57.024975609756105
2026-06-12 15:00:00,56.26413461538462
2026-06-12 16:00:00,53.93529702970297
2026-06-12 17:00:00,52.749466019417476
2026-06-12 18:00:00,50.23
2026-06-12 19:00:00,58.18387434554974
2026-06-12 20:00:00,66.08317365269461
2026-06-12 21:00:00,73.10871794871794
2026-06-12 22:00:00,77.47056603773584
2026-06-12 23:00:00,76.1501515151515
2026-06-13 00:00:00,73.24323529411765
2026-06-13 01:00:00,71.71326530612245
2026-06-13 02:00:00,72.99460431654676
2026-06-13 03:00:00,71.39119047619047
2026-06-13 04:00:00,69.0856462585034
2026-06-13 05:00:00,69.84906593406593
2026-06-13 06:00:00,65.62926966292135
2026-06-13 07:00:00,51.28860696517413
2026-06-13 08:00:00,53.59349514563107
2026-06-13 09:00:00,56.08485576923077
2026-06-13 10:00:00,55.31995192307692
2026-06-13 11:00:00,52.89573529411764
2026-06-13 12:00:00,51.01
2026-06-13 13:00:00,50.20009950248756
2026-06-13 14:00:00,55.54014285714286
2026-06-13 15:00:00,54.29261904761905
2026-06-13 16:00:00,56.34755980861244
2026-06-13 17:00:00,56.22311004784689
2026-06-13 18:00:00,46.48674876847291
2026-06-13 19:00:00,50.299359605911334
2026-06-13 20:00:00,60.50435294117647
2026-06-13 21:00:00,64.4319018404908
2026-06-13 22:00:00,66.34931972789116
2026-06-13 23:00:00,64.85972972972972
2026-06-14 00:00:00,63.46380208333333
2026-06-14 01:00:00,61.192804232804235
2026-06-14 02:00:00,61.92188481675392
2026-06-14 03:00:00,67.17244897959183
2026-06-14 04:00:00,67.42363095238095
2026-06-14 05:00:00,63.786802030456855
2026-06-14 06:00:00,55.28655172413793
2026-06-14 07:00:00,51.867777777777775
2026-06-14 08:00:00,57.067056074766356
2026-06-14 09:00:00,57.718599999999995
2026-06-14 10:00:00,57.67771428571429
2026-06-14 11:00:00,61.28233830845771
2026-06-14 12:00:00,64.29924170616114
2026-06-14 13:00:00,58.70985148514851
2026-06-14 14:00:00,59.49151658767772
2026-06-14 15:00:00,57.01980487804878
2026-06-14 16:00:00,58.738651162790696
2026-06-14 17:00:00,57.212450980392155
2026-06-14 18:00:00,48.32450980392157
2026-06-14 19:00:00,52.62621890547264
2026-06-14 20:00:00,65.07139037433156
2026-06-14 21:00:00,74.07625730994152
2026-06-14 22:00:00,79.40666666666667
2026-06-14 23:00:00,81.45647058823529
2026-06-15 00:00:00,83.54724770642201
2026-06-15 01:00:00,84.19447916666667
2026-06-15 02:00:00,84.2604958677686
2026-06-15 03:00:00,77.36109195402298
2026-06-15 04:00:00,77.20924528301887
2026-06-15 05:00:00,70.6007894736842
2026-06-15 06:00:00,60.04646464646465
2026-06-15 07:00:00,51.63261904761905
2026-06-15 08:00:00,46.974251207729466
2026-06-15 09:00:00,56.45183574879228
2026-06-15 10:00:00,60.25781553398058
2026-06-15 11:00:00,59.92701030927835
2026-06-15 12:00:00,62.97601990049751
2026-06-15 13:00:00,66.59756097560975
2026-06-15 14:00:00,66.57360576923077
2026-06-15 15:00:00,65.21693396226415
2026-06-15 16:00:00,66.69927184466019
2026-06-15 17:00:00,63.5222966507177
2026-06-15 18:00:00,54.6393137254902
2026-06-15 19:00:00,60.65169312169312
2026-06-15 20:00:00,70.33888268156424
2026-06-15 21:00:00,78.159875
2026-06-15 22:00:00,81.90185840707964
2026-06-15 23:00:00,82.779296875
2026-06-16 00:00:00,84.23610619469027
2026-06-16 01:00:00,83.79711538461538
2026-06-16 02:00:00,86.06360655737706
2026-06-16 03:00:00,87.69991666666667
2026-06-16 04:00:00,89.10236363636363
2026-06-16 05:00:00,85.64306010928962
2026-06-16 06:00:00,80.64193370165746
2026-06-16 07:00:00,72.30892857142857
2026-06-16 08:00:00,70.67074257425743
2026-06-16 09:00:00,56.15526570048309
2026-06-16 10:00:00,58.02752427184466
2026-06-16 11:00:00,60.64150753768844
2026-06-16 12:00:00,59.403601895734596
2026-06-16 13:00:00,55.90391304347826
2026-06-16 14:00:00,58.542673267326734
2026-06-16 15:00:00,58.79611111111111
2026-06-16 16:00:00,58.76725961538462
2026-06-16 17:00:00,57.93
2026-06-16 18:00:00,50.03719806763285
2026-06-16 19:00:00,57.49146464646464
2026-06-16 20:00:00,65.74871508379888
2026-06-16 21:00:00,73.07724719101124
2026-06-16 22:00:00,78.86190476190477
2026-06-16 23:00:00,77.90741935483871
2026-06-17 00:00:00,77.03496688741723
2026-06-17 01:00:00,80.61564935064935
2026-06-17 02:00:00,78.77213333333333
2026-06-17 03:00:00,75.402625
2026-06-17 04:00:00,72.92390804597702
2026-06-17 05:00:00,68.8871590909091
2026-06-17 06:00:00,56.941407766990295
2026-06-17 07:00:00,48.977487922705315
2026-06-17 08:00:00,53.33291262135922
2026-06-17 09:00:00,60.34879069767442
2026-06-17 10:00:00,60.03521951219512
2026-06-17 11:00:00,60.97131707317074
2026-06-17 12:00:00,65.64517587939699
2026-06-17 13:00:00,66.22361386138614
2026-06-17 14:00:00,66.37877450980392
2026-06-17 15:00:00,66.33782608695653
2026-06-17 16:00:00,66.76837563451777
2026-06-17 17:00:00,66.47556097560975
2026-06-17 18:00:00,47.13870192307692
2026-06-17 19:00:00,53.29464646464646
2026-06-17 20:00:00,62.6435632183908
2026-06-17 21:00:00,64.22097297297297
2026-06-17 22:00:00,68.7578409090909
2026-06-17 23:00:00,73.14675675675676
2026-06-18 00:00:00,75.54469512195122
2026-06-18 01:00:00,71.58625806451613
2026-06-18 02:00:00,68.72396103896104
2026-06-18 03:00:00,68.59720670391062
2026-06-18 04:00:00,70.7735
2026-06-18 05:00:00,68.74881720430108
2026-06-18 06:00:00,56.5722009569378
2026-06-18 07:00:00,51.039847715736045
2026-06-18 08:00:00,46.381499999999996
2026-06-18 09:00:00,56.904495412844035
2026-06-18 10:00:00,59.88150943396226
2026-06-18 11:00:00,62.302238095238096
2026-06-18 12:00:00,59.63391304347826
2026-06-18 13:00:00,59.22482587064677
2026-06-18 14:00:00,59.30955223880596
2026-06-18 15:00:00,61.78431279620853
2026-06-18 16:00:00,57.4995652173913
2026-06-18 17:00:00,57.55834951456311
2026-06-18 18:00:00,55.92094059405941
2026-06-18 19:00:00,56.85712121212121
2026-06-18 20:00:00,66.70957055214724
2026-06-18 21:00:00,71.24853333333334
2026-06-18 22:00:00,73.68078947368421
2026-06-18 23:00:00,79.34940397350994
2026-06-19 00:00:00,82.5541134751773
2026-06-19 01:00:00,77.17290502793297
2026-06-19 02:00:00,77.10993288590603
2026-06-19 03:00:00,72.99765060240964
2026-06-19 04:00:00,72.48975757575758
2026-06-19 05:00:00,71.95789772727272
2026-06-19 06:00:00,58.46979274611399
2026-06-19 07:00:00,53.669405940594054
2026-06-19 08:00:00,52.7231884057971
2026-06-19 09:00:00,59.49494897959184
2026-06-19 10:00:00,62.84981042654028
2026-06-19 11:00:00,61.038823529411765
2026-06-19 12:00:00,62.72753768844221
2026-06-19 13:00:00,62.02368932038834
2026-06-19 14:00:00,61.877079207920794
2026-06-19 15:00:00,63.18108910891089
2026-06-19 16:00:00,62.72178743961353
2026-06-19 17:00:00,62.526372549019605
2026-06-19 18:00:00,58.361024390243905
2026-06-19 19:00:00,61.65607843137255
2026-06-19 20:00:00,66.33850574712643
2026-06-19 21:00:00,71.58975903614457
2026-06-19 22:00:00,78.7325
2026-06-19 23:00:00,80.4868493150685
2026-06-20 00:00:00,77.27992907801418
2026-06-20 01:00:00,75.69162790697673
2026-06-20 02:00:00,75.26503649635036
2026-06-20 03:00:00,72.69453333333334
2026-06-20 04:00:00,71.4976923076923
2026-06-20 05:00:00,68.44017045454545
2026-06-20 06:00:00,62.71955445544555
2026-06-20 07:00:00,59.86926829268293
2026-06-20 08:00:00,60.46307692307692
2026-06-20 09:00:00,60.302512077294686
2026-06-20 10:00:00,57.99563106796116
2026-06-20 11:00:00,56.376121495327105
2026-06-20 12:00:00,58.208855721393036
2026-06-20 13:00:00,56.702475728155335
2026-06-20 14:00:00,58.409468599033815
2026-06-20 15:00:00,57.390046948356805
2026-06-20 16:00:00,58.7906862745098
2026-06-20 17:00:00,55.958773584905664
2026-06-20 18:00:00,58.25888888888889
2026-06-20 19:00:00,65.07171122994653
2026-06-20 20:00:00,68.86074324324323
2026-06-20 21:00:00,71.94701388888889
2026-06-20 22:00:00,75.54348484848485
2026-06-20 23:00:00,75.38324074074075
2026-06-21 00:00:00,75.4709219858156
2026-06-21 01:00:00,77.07715384615385
2026-06-21 02:00:00,74.47946153846154
2026-06-21 03:00:00,68.63246666666667
2026-06-21 04:00:00,68.69679012345678
2026-06-21 05:00:00,68.68215789473685
2026-06-21 06:00:00,60.045500000000004
2026-06-21 07:00:00,57.662829268292676
2026-06-21 08:00:00,59.47410628019323
2026-06-21 09:00:00,59.957414634146346
2026-06-21 10:00:00,58.356809523809524
2026-06-21 11:00:00,58.064729064039405
2026-06-21 12:00:00,58.34867647058823
2026-06-21 13:00:00,59.45700460829493
2026-06-21 14:00:00,58.80655339805825
2026-06-21 15:00:00,58.03980582524272
2026-06-21 16:00:00,58.18940886699508
2026-06-21 17:00:00,54.98478260869565
2026-06-21 18:00:00,53.22195238095238
2026-06-21 19:00:00,54.36753846153846
2026-06-21 20:00:00,59.10867816091954
2026-06-21 21:00:00,63.984940476190474
2026-06-21 22:00:00,67.48652482269503
2026-06-21 23:00:00,67.0670731707317
2026-06-22 00:00:00,64.08697674418605
2026-06-22 01:00:00,62.564126984126986
2026-06-22 02:00:00,64.00247126436781
2026-06-22 03:00:00,67.47376470588236
2026-06-22 04:00:00,64.70478494623656
2026-06-22 05:00:00,61.52858536585366
2026-06-22 06:00:00,54.274328358208955
2026-06-22 07:00:00,57.45406698564593
2026-06-22 08:00:00,55.55091787439614
2026-06-22 09:00:00,53.804057971014494
2026-06-22 10:00:00,56.72860696517413
2026-06-22 11:00:00,57.544427860696516
2026-06-22 12:00:00,61.90530303030303
2026-06-22 13:00:00,61.76865384615384
2026-06-22 14:00:00,61.964757281553396
2026-06-22 15:00:00,64.5304
2026-06-22 16:00:00,66.53608695652174
2026-06-22 17:00:00,66.49377450980391
2026-06-22 18:00:00,54.36742424242424
2026-06-22 19:00:00,55.88583333333333
2026-06-22 20:00:00,63.87619791666666
2026-06-22 21:00:00,66.79497041420119
2026-06-22 22:00:00,67.81492957746478
2026-06-22 23:00:00,70.438828125
2026-06-23 00:00:00,69.64496598639455
2026-06-23 01:00:00,66.29407185628743
2026-06-23 02:00:00,63.606983240223464
2026-06-23 03:00:00,64.547875
2026-06-23 04:00:00,65.16269461077844
2026-06-23 05:00:00,64.44748691099475
2026-06-23 06:00:00,54.98321951219512
2026-06-23 07:00:00,47.531592039801
2026-06-23 08:00:00,45.68530612244898
2026-06-23 09:00:00,51.4933495145631
2026-06-23 10:00:00,52.764375
2026-06-23 11:00:00,53.646
2026-06-23 12:00:00,51.70421296296296
2026-06-23 13:00:00,54.11512077294686
2026-06-23 14:00:00,58.50058536585366
2026-06-23 15:00:00,68.8867
2026-06-23 16:00:00,70.71544554455446
2026-06-23 17:00:00,70.65
2026-06-23 18:00:00,57.74076923076923
2026-06-23 19:00:00,55.31760416666666
2026-06-23 20:00:00,59.85227513227513
2026-06-23 21:00:00,63.16960893854749
2026-06-23 22:00:00,67.28430463576159
2026-06-23 23:00:00,68.31706586826348
2026-06-24 00:00:00,70.23613793103448
2026-06-24 01:00:00,70.37469798657717
2026-06-24 02:00:00,67.6004375
2026-06-24 03:00:00,67.9810759493671
2026-06-24 04:00:00,69.82445859872612
2026-06-24 05:00:00,68.375956284153
2026-06-24 06:00:00,56.77371134020619
2026-06-24 07:00:00,45.6451724137931
2026-06-24 08:00:00,49.44850241545894
2026-06-24 09:00:00,63.48906403940887
2026-06-24 10:00:00,68.50252475247525
2026-06-24 11:00:00,68.67721649484535
2026-06-24 12:00:00,69.87415
2026-06-24 13:00:00,70.68408866995074
2026-06-24 14:00:00,70.90221105527638
2026-06-24 15:00:00,70.87388349514563
2026-06-24 16:00:00,70.95285
2026-06-24 17:00:00,63.47639810426541
2026-06-24 18:00:00,59.76906862745098
2026-06-24 19:00:00,60.05852040816326
2026-06-24 20:00:00,64.14492462311559
2026-06-24 21:00:00,65.75976744186046
2026-06-24 22:00:00,66.8979746835443
2026-06-24 23:00:00,69.31155405405406
2026-06-25 00:00:00,69.82523809523809
2026-06-25 01:00:00,70.82964285714286
2026-06-25 02:00:00,74.67193181818182
2026-06-25 03:00:00,65.3482320441989
2026-06-25 04:00:00,66.56668539325842
2026-06-25 05:00:00,69.1054054054054
2026-06-25 06:00:00,56.48239024390244
2026-06-25 07:00:00,57.04384236453202
2026-06-25 08:00:00,61.0951923076923
2026-06-25 09:00:00,63.493168316831685
2026-06-25 10:00:00,62.40110576923077
2026-06-25 11:00:00,62.44497536945813
2026-06-25 12:00:00,66.39828431372548
2026-06-25 13:00:00,68.3378672985782
2026-06-25 14:00:00,69.66070351758793
2026-06-25 15:00:00,68.99273631840796
2026-06-25 16:00:00,64.10164179104478
2026-06-25 17:00:00,62.705876777251184
2026-06-25 18:00:00,58.65323383084577
2026-06-25 19:00:00,64.58855614973261
2026-06-25 20:00:00,73.52815950920245
2026-06-25 21:00:00,80.25148387096773
2026-06-25 22:00:00,84.34214285714286
2026-06-25 23:00:00,88.14211009174312
2026-06-26 00:00:00,88.93714285714286
2026-06-26 01:00:00,90.19435643564356
2026-06-26 02:00:00,90.78403508771929
2026-06-26 03:00:00,89.32376
2026-06-26 04:00:00,89.39951219512194
2026-06-26 05:00:00,83.2442774566474
2026-06-26 06:00:00,75.57185792349726
2026-06-26 07:00:00,68.85185
2026-06-26 08:00:00,66.78273684210527
2026-06-26 09:00:00,62.52331632653061
2026-06-26 10:00:00,59.37812807881774
2026-06-26 11:00:00,64.68222772277227
2026-06-26 12:00:00,65.55888324873096
2026-06-26 13:00:00,64.53114427860697
2026-06-26 14:00:00,64.74725961538462
2026-06-26 15:00:00,64.90393034825871
2026-06-26 16:00:00,65.52692307692308
2026-06-26 17:00:00,62.9537558685446
2026-06-26 18:00:00,63.21894472361809
2026-06-26 19:00:00,71.99196531791908
2026-06-26 20:00:00,77.676484375
2026-06-26 21:00:00,82.24489655172414
2026-06-26 22:00:00,86.20097014925373
2026-06-26 23:00:00,88.567890625
2026-06-27 00:00:00,89.8410891089109
2026-06-27 01:00:00,88.08078260869566
2026-06-27 02:00:00,84.40824324324325
2026-06-27 03:00:00,81.76039682539682
2026-06-27 04:00:00,82.94727999999999
2026-06-27 05:00:00,80.93681818181818
2026-06-27 06:00:00,70.44446153846154
2026-06-27 07:00:00,66.06855
2026-06-27 08:00:00,64.74543147208122
2026-06-27 09:00:00,63.592820512820516
2026-06-27 10:00:00,65.15433673469387
2026-06-27 11:00:00,66.46524752475247
2026-06-27 12:00:00,65.97234999999999
2026-06-27 13:00:00,66.72502392344498
2026-06-27 14:00:00,69.0154081632653
2026-06-27 15:00:00,70.58686170212766
2026-06-27 16:00:00,66.04656862745098
2026-06-27 17:00:00,63.99044117647058
2026-06-27 18:00:00,63.87360824742268
2026-06-27 19:00:00,72.28536842105262
2026-06-27 20:00:00,78.89753521126761
2026-06-27 21:00:00,82.14375
2026-06-27 22:00:00,84.58223776223777
2026-06-27 23:00:00,88.5292372881356
2026-06-28 00:00:00,90.22084033613446
2026-06-28 01:00:00,91.26128440366972
2026-06-28 02:00:00,92.21719999999999
2026-06-28 03:00:00,90.73153333333333
2026-06-28 04:00:00,87.14617886178861
2026-06-28 05:00:00,84.15102564102564
2026-06-28 06:00:00,76.10173184357542
2026-06-28 07:00:00,69.4339175257732
2026-06-28 08:00:00,67.13128078817734
2026-06-28 09:00:00,65.59504854368932
2026-06-28 10:00:00,66.04289215686275
2026-06-28 11:00:00,66.8603448275862
2026-06-28 12:00:00,67.02933333333333
2026-06-28 13:00:00,66.71453271028037
2026-06-28 14:00:00,68.23339901477833
2026-06-28 15:00:00,65.60600917431194
2026-06-28 16:00:00,64.00715025906736
2026-06-28 17:00:00,63.105073891625615
2026-06-28 18:00:00,68.92989528795812
2026-06-28 19:00:00,76.60817610062894
2026-06-28 20:00:00,81.77930769230768
2026-06-28 21:00:00,86.81555555555556
2026-06-28 22:00:00,90.39759615384615
2026-06-28 23:00:00,90.68709302325581
2026-06-29 00:00:00,91.38926315789473
2026-06-29 01:00:00,92.26261261261261
2026-06-29 02:00:00,93.62666666666667
2026-06-29 03:00:00,92.10636363636364
2026-06-29 04:00:00,91.714125
2026-06-29 05:00:00,88.15278106508876
2026-06-29 06:00:00,78.11881081081081
2026-06-29 07:00:00,71.9348730964467
2026-06-29 08:00:00,66.04950980392157
2026-06-29 09:00:00,64.24313131313131
2026-06-29 10:00:00,64.47666666666666
2026-06-29 11:00:00,65.34951690821256
2026-06-29 12:00:00,66.26326530612245
2026-06-29 13:00:00,67.28622549019607
2026-06-29 14:00:00,67.67325358851676
2026-06-29 15:00:00,63.48717171717171
2026-06-29 16:00:00,64.84386473429952
2026-06-29 17:00:00,63.061601941747575
2026-06-29 18:00:00,60.461850000000005
2026-06-29 19:00:00,61.32589743589743
2026-06-29 20:00:00,66.27550898203593
2026-06-29 21:00:00,67.3216049382716
2026-06-29 22:00:00,70.22583333333333
2026-06-29 23:00:00,72.48858208955224
2026-06-30 00:00:00,75.41313043478262
2026-06-30 01:00:00,73.61628378378379
2026-06-30 02:00:00,68.48172839506172
2026-06-30 03:00:00,70.17924050632911
2026-06-30 04:00:00,70.27438596491228
2026-06-30 05:00:00,69.13016949152542
2026-06-30 06:00:00,58.54164948453608
2026-06-30 07:00:00,58.110145631067965
2026-06-30 08:00:00,61.90240384615385
2026-06-30 09:00:00,66.22509803921568
2026-06-30 10:00:00,66.8457142857143
2026-06-30 11:00:00,70.69580487804878
2026-06-30 12:00:00,71.23953608247422
2026-06-30 13:00:00,71.83710659898478
2026-06-30 14:00:00,72.22766497461929
2026-06-30 15:00:00,72.00610837438424
2026-06-30 16:00:00,72.1979381443299
2026-06-30 17:00:00,71.88573604060913
2026-06-30 18:00:00,64.25040404040404
2026-06-30 19:00:00,66.34662921348315
2026-06-30 20:00:00,72.33086705202312
2026-06-30 21:00:00,78.23456790123457
2026-06-30 22:00:00,80.89855072463769
2026-06-30 23:00:00,82.17609022556391
2026-07-01 00:00:00,85.61289473684211
2026-07-01 01:00:00,86.52760416666666
2026-07-01 02:00:00,87.85019417475728
2026-07-01 03:00:00,89.02564356435644
2026-07-01 04:00:00,88.9963963963964
2026-07-01 05:00:00,84.50834394904459
2026-07-01 06:00:00,74.32336842105263
2026-07-01 07:00:00,67.13407216494845
2026-07-01 08:00:00,63.313567839195976
2026-07-01 09:00:00,66.70471204188482
2026-07-01 10:00:00,70.09109452736318
2026-07-01 11:00:00,72.42025641025641
2026-07-01 12:00:00,72.78960975609756
2026-07-01 13:00:00,73.42258706467662
2026-07-01 14:00:00,73.121213592233
2026-07-01 15:00:00,72.79497487437186
2026-07-01 16:00:00,72.7315306122449
2026-07-01 17:00:00,71.8810824742268
2026-07-01 18:00:00,65.5721608040201
2026-07-01 19:00:00,64.09481675392671
2026-07-01 20:00:00,68.94720930232558
2026-07-01 21:00:00,74.11589887640449
2026-07-01 22:00:00,78.48383647798742
2026-07-01 23:00:00,82.15625
2026-07-02 00:00:00,85.6083870967742
2026-07-02 01:00:00,89.21705882352941
2026-07-02 02:00:00,91.49691489361702
2026-07-02 03:00:00,92.66360824742269
2026-07-02 04:00:00,93.80294736842106
2026-07-02 05:00:00,92.35445859872611
2026-07-02 06:00:00,86.35309782608695
2026-07-02 07:00:00,75.90272727272728
2026-07-02 08:00:00,67.90697916666666
2026-07-02 09:00:00,65.42567307692308
2026-07-02 10:00:00,65.08526570048309
2026-07-02 11:00:00,65.47597014925373
2026-07-02 12:00:00,67.13310679611651
2026-07-02 13:00:00,65.64135922330098
2026-07-02 14:00:00,65.18971153846154
2026-07-02 15:00:00,65.7681592039801
2026-07-02 16:00:00,66.18628571428572
2026-07-02 17:00:00,64.98323671497585
2026-07-02 18:00:00,63.0725641025641
2026-07-02 19:00:00,71.78326086956523
2026-07-02 20:00:00,78.35140845070423
2026-07-02 21:00:00,81.23870748299319
2026-07-02 22:00:00,82.0445925925926
2026-07-02 23:00:00,84.71171428571428
2026-07-03 00:00:00,85.81340579710145
2026-07-03 01:00:00,86.88698412698413
2026-07-03 02:00:00,84.62063492063493
2026-07-03 03:00:00,82.38343065693431
2026-07-03 04:00:00,86.60743243243243
2026-07-03 05:00:00,85.50040935672514
2026-07-03 06:00:00,73.47591836734694
2026-07-03 07:00:00,66.94966507177033
2026-07-03 08:00:00,63.17624390243902
2026-07-03 09:00:00,63.05591346153846
2026-07-03 10:00:00,63.61775609756097
2026-07-03 11:00:00,66.88835820895522
2026-07-03 12:00:00,67.44663265306123
2026-07-03 13:00:00,70.02658163265306
2026-07-03 14:00:00,71.31632653061224
2026-07-03 15:00:00,71.37123076923076
2026-07-03 16:00:00,71.1078
2026-07-03 17:00:00,66.06030303030303
2026-07-03 18:00:00,60.62169902912621
2026-07-03 19:00:00,56.33818652849741
2026-07-03 20:00:00,62.04313131313132
2026-07-03 21:00:00,67.2720731707317
2026-07-03 22:00:00,68.93441558441558
2026-07-03 23:00:00,70.6955223880597
2026-07-04 00:00:00,71.53853211009174
2026-07-04 01:00:00,73.98795081967214
2026-07-04 02:00:00,75.62053846153846
2026-07-04 03:00:00,69.97011428571429
2026-07-04 04:00:00,70.76710982658959
2026-07-04 05:00:00,67.93313186813187
2026-07-04 06:00:00,56.957386934673366
2026-07-04 07:00:00,58.02831683168316
2026-07-04 08:00:00,60.934
2026-07-04 09:00:00,64.64357142857142
2026-07-04 10:00:00,66.402
2026-07-04 11:00:00,67.50245098039215
2026-07-04 12:00:00,71.2270297029703
2026-07-04 13:00:00,71.64256544502618
2026-07-04 14:00:00,72.01100000000001
2026-07-04 15:00:00,70.98365979381444
2026-07-04 16:00:00,70.85044776119403
2026-07-04 17:00:00,66.77521739130434
2026-07-04 18:00:00,63.14123076923077
2026-07-04 19:00:00,61.67494680851063
2026-07-04 20:00:00,67.97860962566845
2026-07-04 21:00:00,70.84662921348315
2026-07-04 22:00:00,73.06450704225352
2026-07-04 23:00:00,75.74868613138686
2026-07-05 00:00:00,79.28907692307692
2026-07-05 01:00:00,77.80825
2026-07-05 02:00:00,77.43195804195804
2026-07-05 03:00:00,75.34910569105692
2026-07-05 04:00:00,74.20786764705883
2026-07-05 05:00:00,70.09035714285714
2026-07-05 06:00:00,63.601919191919194
2026-07-05 07:00:00,59.66816425120773
2026-07-05 08:00:00,60.72918660287081
2026-07-05 09:00:00,63.72039408866995
2026-07-05 10:00:00,65.25126213592233
2026-07-05 11:00:00,68.25681592039801
2026-07-05 12:00:00,70.0403125
2026-07-05 13:00:00,70.81985365853659
2026-07-05 14:00:00,71.40544041450777
2026-07-05 15:00:00,71.13046391752577
2026-07-05 16:00:00,71.15
2026-07-05 17:00:00,70.6760103626943
2026-07-05 18:00:00,63.561099999999996
2026-07-05 19:00:00,58.762116402116405
2026-07-05 20:00:00,65.3299447513812
2026-07-05 21:00:00,69.08062893081761
2026-07-05 22:00:00,71.10820143884891
2026-07-05 23:00:00,71.492265625
2026-07-06 00:00:00,72.24179487179488
2026-07-06 01:00:00,74.76232558139534
2026-07-06 02:00:00,72.51276119402985
2026-07-06 03:00:00,68.73892655367231
2026-07-06 04:00:00,69.38666666666667
2026-07-06 05:00:00,65.78902173913043
2026-07-06 06:00:00,55.37813397129187
2026-07-06 07:00:00,50.04812807881773
2026-07-06 08:00:00,52.09626865671642
2026-07-06 09:00:00,64.30567164179105
2026-07-06 10:00:00,67.31304761904762
2026-07-06 11:00:00,67.54916256157635
2026-07-06 12:00:00,66.91055555555556
2026-07-06 13:00:00,65.21842639593909
2026-07-06 14:00:00,66.58574879227054
2026-07-06 15:00:00,67.13156097560976
2026-07-06 16:00:00,67.09035353535353
2026-07-06 17:00:00,67.15094527363185
2026-07-06 18:00:00,65.40432291666666
2026-07-06 19:00:00,58.45471794871795
2026-07-06 20:00:00,60.62195767195767
2026-07-06 21:00:00,61.72297752808989
2026-07-06 22:00:00,68.17711409395973
2026-07-06 23:00:00,73.69818181818182
2026-07-07 00:00:00,78.15916666666666
2026-07-07 01:00:00,76.02347517730496
2026-07-07 02:00:00,75.32624060150376
2026-07-07 03:00:00,70.37622950819673
2026-07-07 04:00:00,69.0325
2026-07-07 05:00:00,64.07703296703296
2026-07-07 06:00:00,54.11668316831683
2026-07-07 07:00:00,54.9865
2026-07-07 08:00:00,60.43495098039215
2026-07-07 09:00:00,63.77638190954774
2026-07-07 10:00:00,64.32960396039604
2026-07-07 11:00:00,64.38292307692308
2026-07-07 12:00:00,62.82863636363636
2026-07-07 13:00:00,61.82223300970873
2026-07-07 14:00:00,60.86629268292683
2026-07-07 15:00:00,60.245769230769234
2026-07-07 16:00:00,62.21649038461539
2026-07-07 17:00:00,62.38254901960785
2026-07-07 18:00:00,62.07252577319588
2026-07-07 19:00:00,56.78983606557377
2026-07-07 20:00:00,57.472051282051275
2026-07-07 21:00:00,62.11183168316832
2026-07-07 22:00:00,65.64909090909092
2026-07-07 23:00:00,70.07396825396825
2026-07-08 00:00:00,74.2803076923077
2026-07-08 01:00:00,76.92648854961833
2026-07-08 02:00:00,72.78662921348315
2026-07-08 03:00:00,69.7848427672956
2026-07-08 04:00:00,68.07125654450262
2026-07-08 05:00:00,65.83868421052632
2026-07-08 06:00:00,54.780143540669854
2026-07-08 07:00:00,55.063018867924534
2026-07-08 08:00:00,62.054729064039414
2026-07-08 09:00:00,66.65586206896552
2026-07-08 10:00:00,68.40558823529412
2026-07-08 11:00:00,67.8172
2026-07-08 12:00:00,66.92025510204083
2026-07-08 13:00:00,67.6673953488372
2026-07-08 14:00:00,67.04745
2026-07-08 15:00:00,66.85492537313434
2026-07-08 16:00:00,64.74398148148148
2026-07-08 17:00:00,66.4451269035533
2026-07-08 18:00:00,65.19795121951219
2026-07-08 19:00:00,57.27021164021164
2026-07-08 20:00:00,55.61112299465241
2026-07-08 21:00:00,53.761216931216936
2026-07-08 22:00:00,52.084361702127666
2026-07-08 23:00:00,52.907015706806284
2026-07-09 00:00:00,55.571081081081076
2026-07-09 01:00:00,56.97844444444445
2026-07-09 02:00:00,58.8694708994709
2026-07-09 03:00:00,55.060656565656565
2026-07-09 04:00:00,57.24457894736842
2026-07-09 05:00:00,56.36744791666666
2026-07-09 06:00:00,58.779359605911324
2026-07-09 07:00:00,62.67788659793815
2026-07-09 08:00:00,65.53852791878172
2026-07-09 09:00:00,69.76147208121827
2026-07-09 10:00:00,71.6328
2026-07-09 11:00:00,71.80074626865672
2026-07-09 12:00:00,72.17590425531915
2026-07-09 13:00:00,71.21927083333334
2026-07-09 14:00:00,69.36504950495049
2026-07-09 15:00:00,66.98678048780488
2026-07-09 16:00:00,56.5184236453202
2026-07-09 17:00:00,53.21637305699482
2026-07-09 18:00:00,54.07215789473684
2026-07-09 19:00:00,55.6959793814433
2026-07-09 20:00:00,62.58469072164949
2026-07-09 21:00:00,70.51286458333333
2026-07-09 22:00:00,77.06493333333333
2026-07-09 23:00:00,81.07621428571429
2026-07-10 00:00:00,82.1684297520661
2026-07-10 01:00:00,84.23576271186441
2026-07-10 02:00:00,86.48339805825243
2026-07-10 03:00:00,87.62281250000001
2026-07-10 04:00:00,87.35459999999999
2026-07-10 05:00:00,80.99386363636364
2026-07-10 06:00:00,63.89041450777202
2026-07-10 07:00:00,60.9407614213198
2026-07-10 08:00:00,62.56923076923077
2026-07-10 09:00:00,64.73395238095237
2026-07-10 10:00:00,67.00676616915423
2026-07-10 11:00:00,70.02010050251256
2026-07-10 12:00:00,70.84572164948453
2026-07-10 13:00:00,72.29723618090452
2026-07-10 14:00:00,73.53552083333334
2026-07-10 15:00:00,72.75494845360825
2026-07-10 16:00:00,70.04392670157068
2026-07-10 17:00:00,68.28929648241206
2026-07-10 18:00:00,66.10825641025642
2026-07-10 19:00:00,68.9638341968912
2026-07-10 20:00:00,76.76310810810811
2026-07-10 21:00:00,80.8656338028169
2026-07-10 22:00:00,85.01448818897637
2026-07-10 23:00:00,88.05372727272727
2026-07-11 00:00:00,89.30158415841584
2026-07-11 01:00:00,90.29095238095238
2026-07-11 02:00:00,91.17411764705882
2026-07-11 03:00:00,90.23453608247422
2026-07-11 04:00:00,89.22970873786407
2026-07-11 05:00:00,84.98577922077922
2026-07-11 06:00:00,78.24402366863904
2026-07-11 07:00:00,72.5053125
2026-07-11 08:00:00,67.52386934673366
2026-07-11 09:00:00,66.773
2026-07-11 10:00:00,67.89392156862745
2026-07-11 11:00:00,70.02928205128205
2026-07-11 12:00:00,72.46294416243656
2026-07-11 13:00:00,71.11171875000001
2026-07-11 14:00:00,68.99606796116505
2026-07-11 15:00:00,65.11529702970297
2026-07-11 16:00:00,60.867603686635945
2026-07-11 17:00:00,62.00646226415095
2026-07-11 18:00:00,64.67083333333333
2026-07-11 19:00:00,73.97616216216217
2026-07-11 20:00:00,79.9088888888889
2026-07-11 21:00:00,82.88383333333333
2026-07-11 22:00:00,84.49112359550561
2026-07-11 23:00:00,86.96669491525424
2026-07-12 00:00:00,89.48061224489797
2026-07-12 01:00:00,89.74764705882353
2026-07-12 02:00:00,88.08935185185184
2026-07-12 03:00:00,86.91631578947367
2026-07-12 04:00:00,83.85326315789474
2026-07-12 05:00:00,80.01919540229885
2026-07-12 06:00:00,73.39137931034483
2026-07-12 07:00:00,67.8743961352657
2026-07-12 08:00:00,66.4581592039801
2026-07-12 09:00:00,66.58404761904762
2026-07-12 10:00:00,67.3013
2026-07-12 11:00:00,68.39399061032864
2026-07-12 12:00:00,69.2559512195122
2026-07-12 13:00:00,70.56979274611399
2026-07-12 14:00:00,69.58241206030151
2026-07-12 15:00:00,68.5689898989899
2026-07-12 16:00:00,68.20490291262135
2026-07-12 17:00:00,66.42660194174756
2026-07-12 18:00:00,67.14675257731959
2026-07-12 19:00:00,72.74630057803469
2026-07-12 20:00:00,77.65424242424243
2026-07-12 21:00:00,81.4356923076923
2026-07-12 22:00:00,84.13508620689655
2026-07-12 23:00:00,87.08036363636364
2026-07-13 00:00:00,89.52041666666668
2026-07-13 01:00:00,91.0371
2026-07-13 02:00:00,92.3205376344086
2026-07-13 03:00:00,93.55285714285715
2026-07-13 04:00:00,94.3878947368421
2026-07-13 05:00:00,89.93967532467532
2026-07-13 06:00:00,84.93791946308725
2026-07-13 07:00:00,76.61534759358288
2026-07-13 08:00:00,68.49099476439791
2026-07-13 09:00:00,68.59099502487562
2026-07-13 10:00:00,67.92724489795918
2026-07-13 11:00:00,70.3617
2026-07-13 12:00:00,70.52151832460733
2026-07-13 13:00:00,70.36455958549223
2026-07-13 14:00:00,69.4868932038835
2026-07-13 15:00:00,70.80677248677249
2026-07-13 16:00:00,72.00080808080808
2026-07-13 17:00:00,63.681576354679805
2026-07-13 18:00:00,62.14049019607843
2026-07-13 19:00:00,63.968863636363636
2026-07-13 20:00:00,67.37921465968587
2026-07-13 21:00:00,71.47238372093024
2026-07-13 22:00:00,77.61435064935065
