_time,_value
2026-01-01 00:00:00,1.0905
2026-01-01 01:00:00,1.0453333333333332
2026-01-01 02:00:00,0.9866666666666666
2026-01-01 03:00:00,0.9488888888888888
2026-01-01 04:00:00,1.0096153846153846
2026-01-01 05:00:00,0.9666666666666666
2026-01-01 06:00:00,0.9110810810810811
2026-01-01 07:00:00,0.9571875
2026-01-01 08:00:00,1.0915384615384616
2026-01-01 09:00:00,1.2809756097560974
2026-01-01 10:00:00,1.5557142857142858
2026-01-01 11:00:00,1.6217307692307692
2026-01-01 12:00:00,1.6422413793103448
2026-01-01 13:00:00,1.596875
2026-01-01 14:00:00,1.5337254901960784
2026-01-01 15:00:00,1.3752173913043477
2026-01-01 16:00:00,1.31
2026-01-01 17:00:00,1.2823333333333333
2026-01-01 18:00:00,1.2712820512820513
2026-01-01 19:00:00,1.20025
2026-01-01 20:00:00,1.1264516129032258
2026-01-01 21:00:00,1.125
2026-01-01 22:00:00,1.13
2026-01-01 23:00:00,1.0835714285714286
2026-01-02 00:00:00,1.0130434782608695
2026-01-02 01:00:00,1.0282857142857142
2026-01-02 02:00:00,1.022
2026-01-02 03:00:00,0.9717241379310345
2026-01-02 04:00:00,0.95
2026-01-02 05:00:00,0.9716666666666666
2026-01-02 06:00:00,0.9657142857142856
2026-01-02 07:00:00,0.9528947368421052
2026-01-02 08:00:00,1.0990243902439025
2026-01-02 09:00:00,1.2846341463414634
2026-01-02 10:00:00,1.449111111111111
2026-01-02 11:00:00,1.6283333333333332
2026-01-02 12:00:00,1.6774545454545453
2026-01-02 13:00:00,1.6094444444444445
2026-01-02 14:00:00,1.5698039215686275
2026-01-02 15:00:00,1.487450980392157
2026-01-02 16:00:00,1.355
2026-01-02 17:00:00,1.262972972972973
2026-01-02 18:00:00,1.2188888888888887
2026-01-02 19:00:00,1.1651351351351351
2026-01-02 20:00:00,1.1052000000000002
2026-01-02 21:00:00,1.0805000000000002
2026-01-02 22:00:00,1.1152777777777778
2026-01-02 23:00:00,1.1207407407407408
2026-01-03 00:00:00,1.1076190476190477
2026-01-03 01:00:00,1.0903333333333334
2026-01-03 02:00:00,1.0851351351351353
2026-01-03 03:00:00,1.0783333333333336
2026-01-03 04:00:00,1.0577419354838709
2026-01-03 05:00:00,1.0364705882352943
2026-01-03 06:00:00,1.0042857142857142
2026-01-03 07:00:00,1.0328205128205128
2026-01-03 08:00:00,1.158
2026-01-03 09:00:00,1.303404255319149
2026-01-03 10:00:00,1.345897435897436
2026-01-03 11:00:00,1.4235135135135133
2026-01-03 12:00:00,1.4760526315789473
2026-01-03 13:00:00,1.581190476190476
2026-01-03 14:00:00,1.5057142857142858
2026-01-03 15:00:00,1.4739024390243902
2026-01-03 16:00:00,1.4136111111111112
2026-01-03 17:00:00,1.3948717948717948
2026-01-03 18:00:00,1.3480555555555556
2026-01-03 19:00:00,1.3056521739130436
2026-01-03 20:00:00,1.2679411764705881
2026-01-03 21:00:00,1.2625000000000002
2026-01-03 22:00:00,1.2494444444444444
2026-01-03 23:00:00,1.2257142857142858
2026-01-04 00:00:00,1.2
2026-01-04 01:00:00,1.1311363636363636
2026-01-04 02:00:00,1.0973333333333335
2026-01-04 03:00:00,1.086666666666667
2026-01-04 04:00:00,1.0728125000000002
2026-01-04 05:00:00,1.0234375
2026-01-04 06:00:00,1.0557500000000002
2026-01-04 07:00:00,1.1424999999999998
2026-01-04 08:00:00,1.252258064516129
2026-01-04 09:00:00,1.3258139534883722
2026-01-04 10:00:00,1.3866666666666667
2026-01-04 11:00:00,1.4495238095238094
2026-01-04 12:00:00,1.5602272727272728
2026-01-04 13:00:00,1.6053846153846154
2026-01-04 14:00:00,1.4791304347826084
2026-01-04 15:00:00,1.3763157894736842
2026-01-04 16:00:00,1.3248648648648649
2026-01-04 17:00:00,1.3145000000000002
2026-01-04 18:00:00,1.3125
2026-01-04 19:00:00,1.2602702702702704
2026-01-04 20:00:00,1.2020512820512819
2026-01-04 21:00:00,1.188611111111111
2026-01-04 22:00:00,1.1955263157894738
2026-01-04 23:00:00,1.1938297872340426
2026-01-05 00:00:00,1.188157894736842
2026-01-05 01:00:00,1.1936
2026-01-05 02:00:00,1.1754838709677418
2026-01-05 03:00:00,1.163
2026-01-05 04:00:00,1.1597222222222223
2026-01-05 05:00:00,1.155121951219512
2026-01-05 06:00:00,1.1557499999999998
2026-01-05 07:00:00,1.146206896551724
2026-01-05 08:00:00,1.1710526315789473
2026-01-05 09:00:00,1.33
2026-01-05 10:00:00,1.4086046511627908
2026-01-05 11:00:00,1.4317948717948716
2026-01-05 12:00:00,1.4927777777777778
2026-01-05 13:00:00,1.4004651162790698
2026-01-05 14:00:00,1.317826086956522
2026-01-05 15:00:00,1.2415625
2026-01-05 16:00:00,1.1774285714285715
2026-01-05 17:00:00,1.1590909090909092
2026-01-05 18:00:00,1.16
2026-01-05 19:00:00,1.1041176470588234
2026-01-05 20:00:00,1.0545833333333334
2026-01-05 21:00:00,1.04675
2026-01-05 22:00:00,1.06
2026-01-05 23:00:00,1.0663157894736843
2026-01-06 00:00:00,1.0504166666666668
2026-01-06 01:00:00,1.0277777777777777
2026-01-06 02:00:00,0.9891891891891892
2026-01-06 03:00:00,0.938125
2026-01-06 04:00:00,0.845945945945946
2026-01-06 05:00:00,0.7771794871794873
2026-01-06 06:00:00,0.6496666666666666
2026-01-06 07:00:00,0.5961538461538461
2026-01-06 08:00:00,0.6678125
2026-01-06 09:00:00,0.685
2026-01-06 10:00:00,0.7282926829268292
2026-01-06 11:00:00,0.835111111111111
2026-01-06 12:00:00,0.9097872340425531
2026-01-06 13:00:00,1.024561403508772
2026-01-06 14:00:00,1.0320754716981133
2026-01-06 15:00:00,0.9478260869565218
2026-01-06 16:00:00,0.8512820512820511
2026-01-06 17:00:00,0.79475
2026-01-06 18:00:00,0.7864864864864866
2026-01-06 19:00:00,0.7406896551724138
2026-01-06 20:00:00,0.6923076923076923
2026-01-06 21:00:00,0.6594594594594595
2026-01-06 22:00:00,0.6362962962962962
2026-01-06 23:00:00,0.6184615384615384
2026-01-07 00:00:00,0.6166666666666666
2026-01-07 01:00:00,0.6071428571428571
2026-01-07 02:00:00,0.6066666666666666
2026-01-07 03:00:00,0.6026315789473684
2026-01-07 04:00:00,0.5763333333333333
2026-01-07 05:00:00,0.5527586206896552
2026-01-07 06:00:00,0.55
2026-01-07 07:00:00,0.5792307692307692
2026-01-07 08:00:00,0.7311627906976744
2026-01-07 09:00:00,0.845438596491228
2026-01-07 10:00:00,0.7629090909090909
2026-01-07 11:00:00,1.1880357142857143
2026-01-07 12:00:00,1.0629310344827585
2026-01-07 13:00:00,1.1777966101694914
2026-01-07 14:00:00,1.0105084745762711
2026-01-07 15:00:00,0.9625
2026-01-07 16:00:00,0.866326530612245
2026-01-07 17:00:00,0.8317073170731708
2026-01-07 18:00:00,0.7985714285714286
2026-01-07 19:00:00,0.7452777777777777
2026-01-07 20:00:00,0.7271428571428571
2026-01-07 21:00:00,0.7108333333333333
2026-01-07 22:00:00,0.7183333333333334
2026-01-07 23:00:00,0.7076923076923076
2026-01-08 00:00:00,0.694516129032258
2026-01-08 01:00:00,0.6961290322580644
2026-01-08 02:00:00,0.6896153846153846
2026-01-08 03:00:00,0.6884210526315789
2026-01-08 04:00:00,0.6929166666666666
2026-01-08 05:00:00,0.6991666666666666
2026-01-08 06:00:00,0.6951851851851851
2026-01-08 07:00:00,0.7009375
2026-01-08 08:00:00,0.8327500000000001
2026-01-08 09:00:00,1.0503571428571428
2026-01-08 10:00:00,1.2242105263157894
2026-01-08 11:00:00,1.3142857142857145
2026-01-08 12:00:00,1.3954385964912281
2026-01-08 13:00:00,1.5064150943396226
2026-01-08 14:00:00,1.5413793103448277
2026-01-08 15:00:00,1.47811320754717
2026-01-08 16:00:00,1.3055769230769232
2026-01-08 17:00:00,1.0943243243243244
2026-01-08 18:00:00,1.0127777777777778
2026-01-08 19:00:00,0.9826470588235293
2026-01-08 20:00:00,0.9518181818181818
2026-01-08 21:00:00,0.9197142857142856
2026-01-08 22:00:00,0.8869444444444444
2026-01-08 23:00:00,0.8593333333333334
2026-01-09 00:00:00,0.83
2026-01-09 01:00:00,0.8171428571428571
2026-01-09 02:00:00,0.8007142857142858
2026-01-09 03:00:00,0.7866666666666666
2026-01-09 04:00:00,0.8431818181818183
2026-01-09 05:00:00,0.8558333333333333
2026-01-09 06:00:00,0.8582758620689656
2026-01-09 07:00:00,0.8663333333333333
2026-01-09 08:00:00,1.015777777777778
2026-01-09 09:00:00,1.267111111111111
2026-01-09 10:00:00,1.4991304347826087
2026-01-09 11:00:00,1.6576363636363636
2026-01-09 12:00:00,1.804516129032258
2026-01-09 13:00:00,1.8432203389830508
2026-01-09 14:00:00,1.6388333333333334
2026-01-09 15:00:00,1.4061666666666668
2026-01-09 16:00:00,1.377457627118644
2026-01-09 17:00:00,1.1608888888888889
2026-01-09 18:00:00,1.033809523809524
2026-01-09 19:00:00,0.9857142857142858
2026-01-09 20:00:00,0.9369999999999999
2026-01-09 21:00:00,0.9088571428571429
2026-01-09 22:00:00,0.8783333333333334
2026-01-09 23:00:00,0.8541666666666666
2026-01-10 00:00:00,0.8441379310344828
2026-01-10 01:00:00,0.870625
2026-01-10 02:00:00,0.9037931034482759
2026-01-10 03:00:00,0.9339999999999999
2026-01-10 04:00:00,0.9202439024390245
2026-01-10 05:00:00,0.8883870967741935
2026-01-10 06:00:00,0.8496551724137931
2026-01-10 07:00:00,0.8548484848484849
2026-01-10 08:00:00,1.0519607843137255
2026-01-10 09:00:00,1.1567796610169492
2026-01-10 10:00:00,1.28984126984127
2026-01-10 11:00:00,1.3627272727272728
2026-01-10 12:00:00,1.3591666666666666
2026-01-10 13:00:00,1.3998181818181816
2026-01-10 14:00:00,1.3296825396825396
2026-01-10 15:00:00,1.2436363636363637
2026-01-10 16:00:00,1.241551724137931
2026-01-10 17:00:00,1.0513157894736842
2026-01-10 18:00:00,0.9028205128205128
2026-01-10 19:00:00,0.78875
2026-01-10 20:00:00,0.7845161290322581
2026-01-10 21:00:00,0.7417241379310344
2026-01-10 22:00:00,0.758
2026-01-10 23:00:00,0.757741935483871
2026-01-11 00:00:00,0.7566666666666667
2026-01-11 01:00:00,0.7534375
2026-01-11 02:00:00,0.7454166666666667
2026-01-11 03:00:00,0.7370588235294118
2026-01-11 04:00:00,0.7366666666666667
2026-01-11 05:00:00,0.7362857142857143
2026-01-11 06:00:00,0.738
2026-01-11 07:00:00,0.7692
2026-01-11 08:00:00,0.941063829787234
2026-01-11 09:00:00,1.1298076923076923
2026-01-11 10:00:00,1.2703174603174603
2026-01-11 11:00:00,1.4179365079365078
2026-01-11 12:00:00,1.436984126984127
2026-01-11 13:00:00,1.4975862068965518
2026-01-11 14:00:00,1.1754098360655738
2026-01-11 15:00:00,1.2780357142857144
2026-01-11 16:00:00,1.2827083333333333
2026-01-11 17:00:00,1.099047619047619
2026-01-11 18:00:00,1.0545454545454547
2026-01-11 19:00:00,0.997
2026-01-11 20:00:00,0.9592105263157894
2026-01-11 21:00:00,0.9397368421052632
2026-01-11 22:00:00,0.9025714285714286
2026-01-11 23:00:00,0.8783333333333334
2026-01-12 00:00:00,0.8662857142857143
2026-01-12 01:00:00,0.8375
2026-01-12 02:00:00,0.8306896551724138
2026-01-12 03:00:00,0.8258064516129031
2026-01-12 04:00:00,0.8054285714285715
2026-01-12 05:00:00,0.7904347826086956
2026-01-12 06:00:00,0.777391304347826
2026-01-12 07:00:00,0.8026190476190477
2026-01-12 08:00:00,1.0382692307692307
2026-01-12 09:00:00,1.2880952380952382
2026-01-12 10:00:00,1.4378260869565218
2026-01-12 11:00:00,1.5581355932203391
2026-01-12 12:00:00,1.6830508474576271
2026-01-12 13:00:00,1.5776666666666666
2026-01-12 14:00:00,1.4885714285714284
2026-01-12 15:00:00,1.5178846153846155
2026-01-12 16:00:00,1.4953999999999998
2026-01-12 17:00:00,1.2892000000000001
2026-01-12 18:00:00,1.17225
2026-01-12 19:00:00,1.0871875
2026-01-12 20:00:00,1.01
2026-01-12 21:00:00,0.9584848484848485
2026-01-12 22:00:00,0.9448275862068966
2026-01-12 23:00:00,0.9142857142857143
2026-01-13 00:00:00,0.9215151515151515
2026-01-13 01:00:00,0.9928125
2026-01-13 02:00:00,0.9797368421052631
2026-01-13 03:00:00,1.008148148148148
2026-01-13 04:00:00,1.0331428571428571
2026-01-13 05:00:00,1.0324242424242425
2026-01-13 06:00:00,1.0541463414634147
2026-01-13 07:00:00,1.0703703703703704
2026-01-13 08:00:00,1.110625
2026-01-13 09:00:00,1.2094117647058822
2026-01-13 10:00:00,1.3060526315789474
2026-01-13 11:00:00,1.6281481481481481
2026-01-13 12:00:00,1.7198275862068966
2026-01-13 13:00:00,1.7073684210526314
2026-01-13 14:00:00,1.5731372549019609
2026-01-13 15:00:00,1.5922448979591837
2026-01-13 16:00:00,1.4229268292682926
2026-01-13 17:00:00,1.2697435897435898
2026-01-13 18:00:00,1.1712121212121211
2026-01-13 19:00:00,1.1423529411764706
2026-01-13 20:00:00,1.0871794871794873
2026-01-13 21:00:00,1.0451724137931035
2026-01-13 22:00:00,1.0040625
2026-01-13 23:00:00,0.9765625
2026-01-14 00:00:00,0.9103125000000001
2026-01-14 01:00:00,0.8855172413793103
2026-01-14 02:00:00,0.8784000000000001
2026-01-14 03:00:00,0.8735483870967742
2026-01-14 04:00:00,0.8848571428571428
2026-01-14 05:00:00,0.8522222222222222
2026-01-14 06:00:00,0.8575757575757575
2026-01-14 07:00:00,0.8830555555555555
2026-01-14 08:00:00,0.9836363636363636
2026-01-14 09:00:00,1.1568292682926828
2026-01-14 10:00:00,1.3824444444444444
2026-01-14 11:00:00,1.7161818181818183
2026-01-14 12:00:00,1.7898305084745763
2026-01-14 13:00:00,1.7828846153846156
2026-01-14 14:00:00,1.6685714285714286
2026-01-14 15:00:00,1.6698039215686273
2026-01-14 16:00:00,1.5672881355932202
2026-01-14 17:00:00,1.3338297872340426
2026-01-14 18:00:00,1.23125
2026-01-14 19:00:00,1.1333333333333333
2026-01-14 20:00:00,1.0965517241379312
2026-01-14 21:00:00,1.0877419354838709
2026-01-14 22:00:00,1.0503571428571428
2026-01-14 23:00:00,0.9853125
2026-01-15 00:00:00,0.9525925925925925
2026-01-15 01:00:00,0.9092592592592593
2026-01-15 02:00:00,0.8694285714285714
2026-01-15 03:00:00,0.866304347826087
2026-01-15 04:00:00,0.8713793103448275
2026-01-15 05:00:00,0.8727586206896552
2026-01-15 06:00:00,0.8428571428571429
2026-01-15 07:00:00,0.8478571428571428
2026-01-15 08:00:00,1.046326530612245
2026-01-15 09:00:00,1.3376363636363637
2026-01-15 10:00:00,1.679298245614035
2026-01-15 11:00:00,1.3894545454545455
2026-01-15 12:00:00,1.4154545454545453
2026-01-15 13:00:00,1.7301694915254238
2026-01-15 14:00:00,1.5998148148148148
2026-01-15 15:00:00,1.6994
2026-01-15 16:00:00,1.7689473684210526
2026-01-15 17:00:00,1.5337931034482757
2026-01-15 18:00:00,1.2453061224489796
2026-01-15 19:00:00,1.1382051282051282
2026-01-15 20:00:00,1.106764705882353
2026-01-15 21:00:00,1.0960526315789476
2026-01-15 22:00:00,1.0876190476190477
2026-01-15 23:00:00,1.0672916666666667
2026-01-16 00:00:00,1.1097560975609757
2026-01-16 01:00:00,1.128
2026-01-16 02:00:00,1.1029268292682928
2026-01-16 03:00:00,1.1278124999999999
2026-01-16 04:00:00,1.1374999999999997
2026-01-16 05:00:00,1.121388888888889
2026-01-16 06:00:00,1.056842105263158
2026-01-16 07:00:00,1.0602857142857143
2026-01-16 08:00:00,1.253653846153846
2026-01-16 09:00:00,1.5540816326530613
2026-01-16 10:00:00,1.6146428571428573
2026-01-16 11:00:00,1.592542372881356
2026-01-16 12:00:00,1.7244262295081967
2026-01-16 13:00:00,1.5718644067796612
2026-01-16 14:00:00,1.5524561403508774
2026-01-16 15:00:00,1.422608695652174
2026-01-16 16:00:00,1.3872972972972972
2026-01-16 17:00:00,1.346857142857143
2026-01-16 18:00:00,1.3166666666666669
2026-01-16 19:00:00,1.293783783783784
2026-01-16 20:00:00,1.2542424242424242
2026-01-16 21:00:00,1.2733333333333334
2026-01-16 22:00:00,1.2627027027027027
2026-01-16 23:00:00,1.2286842105263158
2026-01-17 00:00:00,1.2062857142857142
2026-01-17 01:00:00,1.1836363636363636
2026-01-17 02:00:00,1.2082857142857142
2026-01-17 03:00:00,1.2355263157894738
2026-01-17 04:00:00,1.2248571428571429
2026-01-17 05:00:00,1.2229545454545454
2026-01-17 06:00:00,1.2071874999999999
2026-01-17 07:00:00,1.1782926829268292
2026-01-17 08:00:00,1.1732142857142858
2026-01-17 09:00:00,1.2972093023255815
2026-01-17 10:00:00,1.454
2026-01-17 11:00:00,1.757377049180328
2026-01-17 12:00:00,1.9087301587301588
2026-01-17 13:00:00,1.5414516129032256
2026-01-17 14:00:00,1.4469811320754717
2026-01-17 15:00:00,1.403529411764706
2026-01-17 16:00:00,1.410188679245283
2026-01-17 17:00:00,1.26
2026-01-17 18:00:00,1.1848780487804877
2026-01-17 19:00:00,1.1532608695652173
2026-01-17 20:00:00,1.0943589743589743
2026-01-17 21:00:00,1.0811111111111111
2026-01-17 22:00:00,1.0497435897435898
2026-01-17 23:00:00,0.9906818181818181
2026-01-18 00:00:00,0.889375
2026-01-18 01:00:00,0.8200000000000001
2026-01-18 02:00:00,0.8208
2026-01-18 03:00:00,0.8437931034482758
2026-01-18 04:00:00,0.7913333333333334
2026-01-18 05:00:00,0.7393333333333333
2026-01-18 06:00:00,0.7053571428571429
2026-01-18 07:00:00,0.7366666666666666
2026-01-18 08:00:00,0.9800000000000001
2026-01-18 09:00:00,1.328909090909091
2026-01-18 10:00:00,1.532962962962963
2026-01-18 11:00:00,1.33
2026-01-18 12:00:00,1.5473333333333334
2026-01-18 13:00:00,1.5911666666666666
2026-01-18 14:00:00,1.5516129032258066
2026-01-18 15:00:00,1.343404255319149
2026-01-18 16:00:00,1.1977777777777778
2026-01-18 17:00:00,1.1115625
2026-01-18 18:00:00,0.9956756756756757
2026-01-18 19:00:00,0.9503225806451613
2026-01-18 20:00:00,0.9070967741935484
2026-01-18 21:00:00,0.9148780487804877
2026-01-18 22:00:00,0.8826923076923077
2026-01-18 23:00:00,0.8548148148148148
2026-01-19 00:00:00,0.8327272727272728
2026-01-19 01:00:00,0.8471794871794872
2026-01-19 02:00:00,0.9125714285714286
2026-01-19 03:00:00,0.916060606060606
2026-01-19 04:00:00,0.8483870967741935
2026-01-19 05:00:00,0.8309677419354838
2026-01-19 06:00:00,0.8193939393939393
2026-01-19 07:00:00,0.8151612903225807
2026-01-19 08:00:00,0.8178571428571428
2026-01-19 09:00:00,0.9280487804878048
2026-01-19 10:00:00,1.1647916666666667
2026-01-19 11:00:00,1.398135593220339
2026-01-19 12:00:00,1.295737704918033
2026-01-19 13:00:00,1.4207692307692308
2026-01-19 14:00:00,1.3403225806451615
2026-01-19 15:00:00,1.145
2026-01-19 16:00:00,1.1085714285714285
2026-01-19 17:00:00,1.001304347826087
2026-01-19 18:00:00,0.913235294117647
2026-01-19 19:00:00,0.9052380952380953
2026-01-19 20:00:00,0.8911111111111111
2026-01-19 21:00:00,0.8876315789473685
2026-01-19 22:00:00,0.8824242424242424
2026-01-19 23:00:00,0.8740000000000001
2026-01-20 00:00:00,0.8594285714285714
2026-01-20 01:00:00,0.8282608695652174
2026-01-20 02:00:00,0.8114814814814815
2026-01-20 03:00:00,0.8122222222222222
2026-01-20 04:00:00,0.8054545454545455
2026-01-20 05:00:00,0.8012
2026-01-20 06:00:00,0.796
2026-01-20 07:00:00,0.8156521739130436
2026-01-20 08:00:00,0.8457894736842105
2026-01-20 09:00:00,0.9341304347826087
2026-01-20 10:00:00,1.1859649122807017
2026-01-20 11:00:00,1.268
2026-01-20 12:00:00,1.2501960784313726
2026-01-20 13:00:00,1.04672131147541
2026-01-20 14:00:00,1.0065517241379311
2026-01-20 15:00:00,1.0405102040816328
2026-01-20 16:00:00,1.0303191489361703
2026-01-20 17:00:00,0.8226190476190476
2026-01-20 18:00:00,0.7271232876712328
2026-01-20 19:00:00,0.6890140845070422
2026-01-20 20:00:00,0.694931506849315
2026-01-20 21:00:00,0.7006756756756756
2026-01-20 22:00:00,0.694861111111111
2026-01-20 23:00:00,0.7313698630136987
2026-01-21 00:00:00,0.77125
2026-01-21 01:00:00,0.8071428571428572
2026-01-21 02:00:00,0.835
2026-01-21 03:00:00,0.8771212121212121
2026-01-21 04:00:00,0.8660294117647059
2026-01-21 05:00:00,0.8583333333333333
2026-01-21 06:00:00,0.8513888888888889
2026-01-21 07:00:00,0.8843243243243243
2026-01-21 08:00:00,0.9249230769230768
2026-01-21 09:00:00,1.1089130434782608
2026-01-21 10:00:00,1.2436666666666667
2026-01-21 11:00:00,1.4354744525547445
2026-01-21 12:00:00,1.1511016949152544
2026-01-21 13:00:00,1.371551724137931
2026-01-21 14:00:00,1.244871794871795
2026-01-21 15:00:00,1.2055913978494623
2026-01-21 16:00:00,1.2117142857142855
2026-01-21 17:00:00,1.1781372549019606
2026-01-21 18:00:00,1.1777227722772277
2026-01-21 19:00:00,1.1962626262626261
2026-01-21 20:00:00,1.200990099009901
2026-01-21 21:00:00,1.1891346153846152
2026-01-21 22:00:00,1.1772549019607843
2026-01-21 23:00:00,1.0973626373626375
2026-01-22 00:00:00,1.1029807692307694
2026-01-22 01:00:00,1.0980434782608697
2026-01-22 02:00:00,1.0955555555555556
2026-01-22 03:00:00,1.0770588235294118
2026-01-22 04:00:00,1.0032142857142856
2026-01-22 05:00:00,0.9607142857142856
2026-01-22 06:00:00,0.9232631578947369
2026-01-22 07:00:00,0.9139784946236559
2026-01-22 08:00:00,1.1135344827586207
2026-01-22 09:00:00,1.2613793103448274
2026-01-22 10:00:00,1.0835245901639343
2026-01-22 11:00:00,1.2390983606557375
2026-01-22 12:00:00,1.2501492537313434
2026-01-22 13:00:00,1.1991666666666667
2026-01-22 14:00:00,0.9062931034482758
2026-01-22 15:00:00,1.0125862068965519
2026-01-22 16:00:00,0.9401960784313727
2026-01-22 17:00:00,0.8878021978021978
2026-01-22 18:00:00,0.9175268817204301
2026-01-22 19:00:00,0.9470786516853932
2026-01-22 20:00:00,0.9255434782608696
2026-01-22 21:00:00,0.874
2026-01-22 22:00:00,0.8756818181818182
2026-01-22 23:00:00,0.9058415841584158
2026-01-23 00:00:00,0.9775789473684211
2026-01-23 01:00:00,1.0031067961165048
2026-01-23 02:00:00,0.9890291262135923
2026-01-23 03:00:00,1.027340425531915
2026-01-23 04:00:00,1.0148979591836735
2026-01-23 05:00:00,1.0087912087912088
2026-01-23 06:00:00,1.0302061855670104
2026-01-23 07:00:00,1.04
2026-01-23 08:00:00,1.0983
2026-01-23 09:00:00,1.141122448979592
2026-01-23 10:00:00,1.1336458333333332
2026-01-23 11:00:00,1.1792307692307693
2026-01-23 12:00:00,1.6821985815602836
2026-01-23 13:00:00,1.4632258064516128
2026-01-23 14:00:00,1.4323880597014924
2026-01-23 15:00:00,1.2721374045801528
2026-01-23 16:00:00,1.1735433070866141
2026-01-23 17:00:00,0.9400000000000001
2026-01-23 18:00:00,0.7040206185567011
2026-01-23 19:00:00,0.7065168539325842
2026-01-23 20:00:00,0.7732142857142857
2026-01-23 21:00:00,0.7883695652173913
2026-01-23 22:00:00,0.7995
2026-01-23 23:00:00,0.816923076923077
2026-01-24 00:00:00,0.8067469879518073
2026-01-24 01:00:00,0.8068131868131868
2026-01-24 02:00:00,0.7980232558139536
2026-01-24 03:00:00,0.7893258426966292
2026-01-24 04:00:00,0.7403333333333333
2026-01-24 05:00:00,0.6907058823529411
2026-01-24 06:00:00,0.6483333333333333
2026-01-24 07:00:00,0.6667816091954023
2026-01-24 08:00:00,0.8955339805825242
2026-01-24 09:00:00,1.0928688524590164
2026-01-24 10:00:00,0.9796825396825397
2026-01-24 11:00:00,0.9491935483870968
2026-01-24 12:00:00,1.01359375
2026-01-24 13:00:00,1.1552713178294574
2026-01-24 14:00:00,1.0905426356589147
2026-01-24 15:00:00,0.9173148148148148
2026-01-24 16:00:00,0.7376470588235293
2026-01-24 17:00:00,0.7146236559139785
2026-01-24 18:00:00,0.6728915662650603
2026-01-24 19:00:00,0.6370731707317073
2026-01-24 20:00:00,0.6390123456790123
2026-01-24 21:00:00,0.6451648351648351
2026-01-24 22:00:00,0.6731111111111112
2026-01-24 23:00:00,0.6882278481012658
2026-01-25 00:00:00,0.690632911392405
2026-01-25 01:00:00,0.7028915662650602
2026-01-25 02:00:00,0.7119607843137254
2026-01-25 03:00:00,0.7083908045977011
2026-01-25 04:00:00,0.7241463414634146
2026-01-25 05:00:00,0.7347368421052631
2026-01-25 06:00:00,0.7462637362637362
2026-01-25 07:00:00,0.7446428571428572
2026-01-25 08:00:00,0.8429761904761905
2026-01-25 09:00:00,1.1064423076923076
2026-01-25 10:00:00,1.3151401869158879
2026-01-25 11:00:00,1.522406015037594
2026-01-25 12:00:00,1.3262903225806453
2026-01-25 13:00:00,1.24140625
2026-01-25 14:00:00,1.1820661157024794
2026-01-25 15:00:00,1.17
2026-01-25 16:00:00,1.155233644859813
2026-01-25 17:00:00,1.0584545454545455
2026-01-25 18:00:00,1.0115686274509805
2026-01-25 19:00:00,1.0620618556701031
2026-01-25 20:00:00,1.1091304347826088
2026-01-25 21:00:00,1.0963
2026-01-25 22:00:00,1.0377894736842106
2026-01-25 23:00:00,1.005744680851064
2026-01-26 00:00:00,0.9729347826086956
2026-01-26 01:00:00,0.941
2026-01-26 02:00:00,0.9009090909090909
2026-01-26 03:00:00,0.8965625
2026-01-26 04:00:00,0.9017977528089888
2026-01-26 05:00:00,0.9032926829268294
2026-01-26 06:00:00,0.9322727272727274
2026-01-26 07:00:00,0.9779166666666667
2026-01-26 08:00:00,1.1675257731958764
2026-01-26 09:00:00,1.3522321428571427
2026-01-26 10:00:00,1.6506976744186046
2026-01-26 11:00:00,1.6578676470588236
2026-01-26 12:00:00,1.3434905660377359
2026-01-26 13:00:00,1.4496296296296296
2026-01-26 14:00:00,1.3015748031496064
2026-01-26 15:00:00,1.4394871794871793
2026-01-26 16:00:00,1.5335849056603774
2026-01-26 17:00:00,1.478828828828829
2026-01-26 18:00:00,1.396504854368932
2026-01-26 19:00:00,1.3683168316831684
2026-01-26 20:00:00,1.3304950495049503
2026-01-26 21:00:00,1.2876767676767678
2026-01-26 22:00:00,1.25875
2026-01-26 23:00:00,1.2287368421052631
2026-01-27 00:00:00,1.2158653846153846
2026-01-27 01:00:00,1.1894059405940594
2026-01-27 02:00:00,1.1453061224489796
2026-01-27 03:00:00,1.106276595744681
2026-01-27 04:00:00,1.1223999999999998
2026-01-27 05:00:00,1.1357843137254902
2026-01-27 06:00:00,1.1268421052631579
2026-01-27 07:00:00,1.1302020202020202
2026-01-27 08:00:00,1.0814814814814815
2026-01-27 09:00:00,1.31464
2026-01-27 10:00:00,1.2375182481751825
2026-01-27 11:00:00,1.2084873949579833
2026-01-27 12:00:00,1.2489655172413792
2026-01-27 13:00:00,1.4526229508196722
2026-01-27 14:00:00,1.357913043478261
2026-01-27 15:00:00,1.2266964285714284
2026-01-27 16:00:00,1.29128
2026-01-27 17:00:00,1.075357142857143
2026-01-27 18:00:00,0.9130188679245284
2026-01-27 19:00:00,0.931
2026-01-27 20:00:00,0.9324742268041237
2026-01-27 21:00:00,0.9504040404040405
2026-01-27 22:00:00,0.9091346153846154
2026-01-27 23:00:00,0.8839024390243903
2026-01-28 00:00:00,0.854516129032258
2026-01-28 01:00:00,0.8257142857142857
2026-01-28 02:00:00,0.8164634146341464
2026-01-28 03:00:00,0.8441747572815534
2026-01-28 04:00:00,0.8560204081632653
2026-01-28 05:00:00,0.8715094339622641
2026-01-28 06:00:00,0.8855208333333334
2026-01-28 07:00:00,0.9382417582417582
2026-01-28 08:00:00,0.955505617977528
2026-01-28 09:00:00,1.0562626262626262
2026-01-28 10:00:00,1.0958947368421053
2026-01-28 11:00:00,1.50009009009009
2026-01-28 12:00:00,1.5422222222222222
2026-01-28 13:00:00,0.8897499999999999
2026-01-28 14:00:00,0.7549549549549549
2026-01-28 15:00:00,0.8132380952380952
2026-01-28 16:00:00,0.9973983739837399
2026-01-28 17:00:00,0.960952380952381
2026-01-28 18:00:00,0.936470588235294
2026-01-28 19:00:00,0.9191752577319589
2026-01-28 20:00:00,0.9027368421052632
2026-01-28 21:00:00,0.8367708333333334
2026-01-28 22:00:00,0.8430612244897958
2026-01-28 23:00:00,0.8088421052631579
2026-01-29 00:00:00,0.8274999999999999
2026-01-29 01:00:00,0.8815151515151515
2026-01-29 02:00:00,0.9108490566037736
2026-01-29 03:00:00,0.9279569892473118
2026-01-29 04:00:00,0.9516161616161616
2026-01-29 05:00:00,0.953469387755102
2026-01-29 06:00:00,0.9556862745098038
2026-01-29 07:00:00,0.9770967741935485
2026-01-29 08:00:00,1.1141836734693877
2026-01-29 09:00:00,1.2391056910569105
2026-01-29 10:00:00,1.3172950819672131
2026-01-29 11:00:00,1.4072448979591836
2026-01-29 12:00:00,1.378974358974359
2026-01-29 13:00:00,1.3569724770642202
2026-01-29 14:00:00,1.653015873015873
2026-01-29 15:00:00,1.7196694214876032
2026-01-29 16:00:00,1.6218260869565218
2026-01-29 17:00:00,1.590353982300885
2026-01-29 18:00:00,1.4605504587155962
2026-01-29 19:00:00,1.4678571428571427
2026-01-29 20:00:00,1.4137373737373737
2026-01-29 21:00:00,1.2583838383838384
2026-01-29 22:00:00,1.1971698113207547
2026-01-29 23:00:00,1.16
2026-01-30 00:00:00,1.0866326530612245
2026-01-30 01:00:00,1.0515151515151515
2026-01-30 02:00:00,0.983960396039604
2026-01-30 03:00:00,0.9613483146067416
2026-01-30 04:00:00,0.9061855670103094
2026-01-30 05:00:00,0.9158823529411765
2026-01-30 06:00:00,0.9043010752688173
2026-01-30 07:00:00,0.9081720430107526
2026-01-30 08:00:00,1.2135897435897436
2026-01-30 09:00:00,1.3585714285714288
2026-01-30 10:00:00,1.2520491803278688
2026-01-30 11:00:00,1.3184126984126985
2026-01-30 12:00:00,1.513821138211382
2026-01-30 13:00:00,1.4385123966942148
2026-01-30 14:00:00,1.651127819548872
2026-01-30 15:00:00,1.3954961832061068
2026-01-30 16:00:00,1.2536641221374045
2026-01-30 17:00:00,1.1520833333333333
2026-01-30 18:00:00,1.0476
2026-01-30 19:00:00,1.0224175824175825
2026-01-30 20:00:00,1.0501923076923076
2026-01-30 21:00:00,1.109901960784314
2026-01-30 22:00:00,1.0569811320754718
2026-01-30 23:00:00,1.0830927835051547
2026-01-31 00:00:00,1.1256701030927836
2026-01-31 01:00:00,1.1056122448979593
2026-01-31 02:00:00,0.945940594059406
2026-01-31 03:00:00,0.7947916666666667
2026-01-31 04:00:00,0.7728571428571428
2026-01-31 05:00:00,0.7546391752577319
2026-01-31 06:00:00,0.7418181818181818
2026-01-31 07:00:00,0.7595959595959596
2026-01-31 08:00:00,0.9059433962264151
2026-01-31 09:00:00,1.0316260162601627
2026-01-31 10:00:00,1.066328125
2026-01-31 11:00:00,1.1357599999999999
2026-01-31 12:00:00,1.267258064516129
2026-01-31 13:00:00,1.3763779527559057
2026-01-31 14:00:00,1.2463565891472868
2026-01-31 15:00:00,1.1103636363636364
2026-01-31 16:00:00,1.10128
2026-01-31 17:00:00,0.9222115384615385
2026-01-31 18:00:00,0.873177570093458
2026-01-31 19:00:00,0.8952884615384615
2026-01-31 20:00:00,0.8781632653061224
2026-01-31 21:00:00,0.8792079207920792
2026-01-31 22:00:00,0.8407865168539326
2026-01-31 23:00:00,0.8093617021276596
2026-02-01 00:00:00,0.8049462365591398
2026-02-01 01:00:00,0.8228888888888889
2026-02-01 02:00:00,0.8257608695652173
2026-02-01 03:00:00,0.8248275862068964
2026-02-01 04:00:00,0.8589361702127659
2026-02-01 05:00:00,0.8869473684210527
2026-02-01 06:00:00,0.8923595505617977
2026-02-01 07:00:00,0.9141836734693878
2026-02-01 08:00:00,1.115
2026-02-01 09:00:00,1.3396610169491527
2026-02-01 10:00:00,1.1239999999999999
2026-02-01 11:00:00,1.1798058252427184
2026-02-01 12:00:00,1.2262385321100917
2026-02-01 13:00:00,1.3425862068965517
2026-02-01 14:00:00,1.451439393939394
2026-02-01 15:00:00,1.529037037037037
2026-02-01 16:00:00,1.3844715447154472
2026-02-01 17:00:00,1.1686315789473685
2026-02-01 18:00:00,1.05921568627451
2026-02-01 19:00:00,1.0959782608695654
2026-02-01 20:00:00,1.0826315789473686
2026-02-01 21:00:00,1.0775000000000001
2026-02-01 22:00:00,1.0827522935779816
2026-02-01 23:00:00,1.1002061855670104
2026-02-02 00:00:00,1.097157894736842
2026-02-02 01:00:00,1.100967741935484
2026-02-02 02:00:00,1.0965656565656565
2026-02-02 03:00:00,1.0999029126213593
2026-02-02 04:00:00,1.0948076923076924
2026-02-02 05:00:00,1.0931868131868132
2026-02-02 06:00:00,1.0614893617021277
2026-02-02 07:00:00,1.0398979591836734
2026-02-02 08:00:00,1.1455
2026-02-02 09:00:00,1.2516981132075473
2026-02-02 10:00:00,1.548918918918919
2026-02-02 11:00:00,1.5092248062015503
2026-02-02 12:00:00,1.3161111111111112
2026-02-02 13:00:00,1.2606796116504855
2026-02-02 14:00:00,1.0102941176470588
2026-02-02 15:00:00,0.9276767676767678
2026-02-02 16:00:00,0.9753773584905661
2026-02-02 17:00:00,0.9501123595505618
2026-02-02 18:00:00,0.9305376344086023
2026-02-02 19:00:00,0.8523655913978494
2026-02-02 20:00:00,0.8239130434782609
2026-02-02 21:00:00,0.8293684210526315
2026-02-02 22:00:00,0.8333333333333334
2026-02-02 23:00:00,0.8076041666666667
2026-02-03 00:00:00,0.8153191489361702
2026-02-03 01:00:00,0.8174468085106383
2026-02-03 02:00:00,0.8163736263736264
2026-02-03 03:00:00,0.8013829787234042
2026-02-03 04:00:00,0.7893827160493828
2026-02-03 05:00:00,0.787752808988764
2026-02-03 06:00:00,0.7717241379310344
2026-02-03 07:00:00,0.8116842105263158
2026-02-03 08:00:00,1.013131313131313
2026-02-03 09:00:00,1.2250862068965518
2026-02-03 10:00:00,1.2725
2026-02-03 11:00:00,1.27775
2026-02-03 12:00:00,1.6089855072463768
2026-02-03 13:00:00,1.5026400000000002
2026-02-03 14:00:00,1.4331451612903225
2026-02-03 15:00:00,1.2177777777777778
2026-02-03 16:00:00,1.1578301886792453
2026-02-03 17:00:00,1.2149999999999999
2026-02-03 18:00:00,1.0621359223300972
2026-02-03 19:00:00,1.0047368421052632
2026-02-03 20:00:00,1.0055882352941177
2026-02-03 21:00:00,0.9954945054945056
2026-02-03 22:00:00,1.0017647058823531
2026-02-03 23:00:00,1.0219
2026-02-04 00:00:00,1.0520454545454545
2026-02-04 01:00:00,1.0573267326732674
2026-02-04 02:00:00,1.0575257731958763
2026-02-04 03:00:00,1.0641489361702128
2026-02-04 04:00:00,1.0759183673469388
2026-02-04 05:00:00,1.0824468085106382
2026-02-04 06:00:00,1.0962626262626265
2026-02-04 07:00:00,1.0933684210526315
2026-02-04 08:00:00,1.1144791666666667
2026-02-04 09:00:00,1.2381632653061225
2026-02-04 10:00:00,1.2337623762376237
2026-02-04 11:00:00,1.3094791666666667
2026-02-04 12:00:00,1.3725438596491228
2026-02-04 13:00:00,1.2439823008849558
2026-02-04 14:00:00,1.342058823529412
2026-02-04 15:00:00,1.3454285714285714
2026-02-04 16:00:00,1.3599047619047622
2026-02-04 17:00:00,1.3582105263157895
2026-02-04 18:00:00,1.2692708333333333
2026-02-04 19:00:00,1.2736842105263158
2026-02-04 20:00:00,1.288301886792453
2026-02-04 21:00:00,1.2844086021505376
2026-02-04 22:00:00,1.2832
2026-02-04 23:00:00,1.2578070175438598
2026-02-05 00:00:00,1.2183168316831683
2026-02-05 01:00:00,1.2317
2026-02-05 02:00:00,1.1882
2026-02-05 03:00:00,1.1622115384615384
2026-02-05 04:00:00,1.1747222222222222
2026-02-05 05:00:00,1.1378723404255318
2026-02-05 06:00:00,1.1336842105263156
2026-02-05 07:00:00,1.1445454545454545
2026-02-05 08:00:00,1.3500934579439252
2026-02-05 09:00:00,1.6444628099173553
2026-02-05 10:00:00,1.452222222222222
2026-02-05 11:00:00,1.4458015267175572
2026-02-05 12:00:00,1.535503875968992
2026-02-05 13:00:00,1.678225806451613
2026-02-05 14:00:00,1.6490697674418604
2026-02-05 15:00:00,1.4832
2026-02-05 16:00:00,1.47171875
2026-02-05 17:00:00,1.219203539823009
2026-02-05 18:00:00,1.0623423423423424
2026-02-05 19:00:00,1.0244859813084113
2026-02-05 20:00:00,1.0201851851851853
2026-02-05 21:00:00,1.0095614035087719
2026-02-05 22:00:00,0.9693693693693693
2026-02-05 23:00:00,0.9290291262135922
2026-02-06 00:00:00,0.9496116504854369
2026-02-06 01:00:00,0.9715533980582524
2026-02-06 02:00:00,0.9848
2026-02-06 03:00:00,0.941047619047619
2026-02-06 04:00:00,0.9609900990099011
2026-02-06 05:00:00,0.9794339622641509
2026-02-06 06:00:00,0.9911224489795918
2026-02-06 07:00:00,1.0226315789473686
2026-02-06 08:00:00,1.2697087378640777
2026-02-06 09:00:00,1.2660162601626017
2026-02-06 10:00:00,1.19984
2026-02-06 11:00:00,1.2112096774193548
2026-02-06 12:00:00,1.1885087719298244
2026-02-06 13:00:00,1.24496
2026-02-06 14:00:00,1.2742105263157895
2026-02-06 15:00:00,1.218046875
2026-02-06 16:00:00,1.1905405405405405
2026-02-06 17:00:00,1.2723148148148147
2026-02-06 18:00:00,1.0377570093457944
2026-02-06 19:00:00,0.9485714285714285
2026-02-06 20:00:00,0.884
2026-02-06 21:00:00,0.887159090909091
2026-02-06 22:00:00,0.8927906976744187
2026-02-06 23:00:00,0.9116279069767442
2026-02-07 00:00:00,0.9255339805825242
2026-02-07 01:00:00,0.9271910112359552
2026-02-07 02:00:00,0.9130952380952382
2026-02-07 03:00:00,0.9111340206185568
2026-02-07 04:00:00,0.8740229885057472
2026-02-07 05:00:00,0.8483333333333333
2026-02-07 06:00:00,0.8406818181818182
2026-02-07 07:00:00,0.8965168539325842
2026-02-07 08:00:00,1.150701754385965
2026-02-07 09:00:00,1.283529411764706
2026-02-07 10:00:00,1.1173809523809524
2026-02-07 11:00:00,1.0233064516129031
2026-02-07 12:00:00,1.018050847457627
2026-02-07 13:00:00,1.0598333333333334
2026-02-07 14:00:00,1.0402727272727272
2026-02-07 15:00:00,1.0464814814814816
2026-02-07 16:00:00,1.0327272727272727
2026-02-07 17:00:00,1.1602
2026-02-07 18:00:00,1.139787234042553
2026-02-07 19:00:00,1.125625
2026-02-07 20:00:00,1.1031
2026-02-07 21:00:00,1.0278571428571428
2026-02-07 22:00:00,0.9306796116504854
2026-02-07 23:00:00,0.9215841584158415
2026-02-08 00:00:00,0.9581818181818181
2026-02-08 01:00:00,0.936530612244898
2026-02-08 02:00:00,0.9236956521739131
2026-02-08 03:00:00,0.8722826086956522
2026-02-08 04:00:00,0.8378
2026-02-08 05:00:00,0.8465217391304347
2026-02-08 06:00:00,0.8271264367816091
2026-02-08 07:00:00,0.7952808988764045
2026-02-08 08:00:00,1.059736842105263
2026-02-08 09:00:00,1.1914655172413793
2026-02-08 10:00:00,1.1650877192982456
2026-02-08 11:00:00,1.1342622950819672
2026-02-08 12:00:00,0.9584426229508197
2026-02-08 13:00:00,1.079327731092437
2026-02-08 14:00:00,1.0472641509433962
2026-02-08 15:00:00,1.0833870967741936
2026-02-08 16:00:00,1.0616279069767443
2026-02-08 17:00:00,0.9720408163265306
2026-02-08 18:00:00,0.8220175438596491
2026-02-08 19:00:00,0.7935483870967741
2026-02-08 20:00:00,0.7553125
2026-02-08 21:00:00,0.7456701030927835
2026-02-08 22:00:00,0.7480952380952381
2026-02-08 23:00:00,0.7417894736842106
2026-02-09 00:00:00,0.7736170212765957
2026-02-09 01:00:00,0.7864516129032258
2026-02-09 02:00:00,0.7925274725274726
2026-02-09 03:00:00,0.8389108910891088
2026-02-09 04:00:00,0.9448000000000001
2026-02-09 05:00:00,1.0010588235294118
2026-02-09 06:00:00,1.0079591836734694
2026-02-09 07:00:00,1.007
2026-02-09 08:00:00,1.1900900900900901
2026-02-09 09:00:00,1.4196774193548387
2026-02-09 10:00:00,1.3549152542372882
2026-02-09 11:00:00,1.312
2026-02-09 12:00:00,1.4297619047619048
2026-02-09 13:00:00,1.4242241379310345
2026-02-09 14:00:00,1.40312
2026-02-09 15:00:00,1.3987804878048782
2026-02-09 16:00:00,1.4045217391304345
2026-02-09 17:00:00,1.4766071428571428
2026-02-09 18:00:00,1.3826732673267328
2026-02-09 19:00:00,1.3518627450980394
2026-02-09 20:00:00,1.3376851851851852
2026-02-09 21:00:00,1.3604854368932038
2026-02-09 22:00:00,1.3671428571428572
2026-02-09 23:00:00,1.3171844660194176
2026-02-10 00:00:00,1.2739814814814816
2026-02-10 01:00:00,1.2396808510638297
2026-02-10 02:00:00,1.2253773584905658
2026-02-10 03:00:00,1.2109803921568627
2026-02-10 04:00:00,1.2174999999999998
2026-02-10 05:00:00,1.2040206185567008
2026-02-10 06:00:00,1.1863809523809523
2026-02-10 07:00:00,1.2043157894736842
2026-02-10 08:00:00,1.3046788990825688
2026-02-10 09:00:00,1.378095238095238
2026-02-10 10:00:00,1.690357142857143
2026-02-10 11:00:00,1.7489763779527558
2026-02-10 12:00:00,1.5552892561983471
2026-02-10 13:00:00,1.4739823008849557
2026-02-10 14:00:00,1.5877118644067796
2026-02-10 15:00:00,1.5640540540540542
2026-02-10 16:00:00,1.6359829059829059
2026-02-10 17:00:00,1.7823214285714286
2026-02-10 18:00:00,1.6452678571428572
2026-02-10 19:00:00,1.5299099099099098
2026-02-10 20:00:00,1.5060747663551401
2026-02-10 21:00:00,1.5022448979591836
2026-02-10 22:00:00,1.4722105263157894
2026-02-10 23:00:00,1.4417307692307693
2026-02-11 00:00:00,1.4414583333333333
2026-02-11 01:00:00,1.409108910891089
2026-02-11 02:00:00,1.422952380952381
2026-02-11 03:00:00,1.3918446601941745
2026-02-11 04:00:00,1.3506481481481483
2026-02-11 05:00:00,1.3413207547169812
2026-02-11 06:00:00,1.3644897959183673
2026-02-11 07:00:00,1.370277777777778
2026-02-11 08:00:00,1.4176190476190476
2026-02-11 09:00:00,
2026-02-11 10:00:00,
2026-02-11 11:00:00,
2026-02-11 12:00:00,
2026-02-11 13:00:00,1.8825
2026-02-11 14:00:00,1.7706716417910449
2026-02-11 15:00:00,1.755701754385965
2026-02-11 16:00:00,1.6600826446280992
2026-02-11 17:00:00,1.5650458715596332
2026-02-11 18:00:00,1.2706194690265489
2026-02-11 19:00:00,1.2094897959183672
2026-02-11 20:00:00,1.1680582524271843
2026-02-11 21:00:00,1.1933
2026-02-11 22:00:00,1.2233333333333334
2026-02-11 23:00:00,1.2518279569892474
2026-02-12 00:00:00,1.238
2026-02-12 01:00:00,1.258018018018018
2026-02-12 02:00:00,1.2686868686868689
2026-02-12 03:00:00,1.2590000000000001
2026-02-12 04:00:00,1.1827777777777777
2026-02-12 05:00:00,1.0543434343434344
2026-02-12 06:00:00,0.9790526315789474
2026-02-12 07:00:00,1.014909090909091
2026-02-12 08:00:00,1.220462962962963
2026-02-12 09:00:00,0.9715789473684211
2026-02-12 10:00:00,0.92
2026-02-12 11:00:00,1.1145528455284552
2026-02-12 12:00:00,1.5655555555555556
2026-02-12 13:00:00,1.2061344537815126
2026-02-12 14:00:00,0.9172727272727272
2026-02-12 15:00:00,0.8973134328358209
2026-02-12 16:00:00,0.8872321428571429
2026-02-12 17:00:00,1.1261467889908257
2026-02-12 18:00:00,1.0867961165048545
2026-02-12 19:00:00,1.0039130434782608
2026-02-12 20:00:00,0.9904999999999999
2026-02-12 21:00:00,0.9632
2026-02-12 22:00:00,0.9366666666666665
2026-02-12 23:00:00,0.9273626373626374
2026-02-13 00:00:00,0.9612371134020617
2026-02-13 01:00:00,0.9694897959183673
2026-02-13 02:00:00,0.9798936170212766
2026-02-13 03:00:00,0.9825510204081632
2026-02-13 04:00:00,0.9876344086021505
2026-02-13 05:00:00,0.9791860465116279
2026-02-13 06:00:00,0.9469306930693069
2026-02-13 07:00:00,1.0280188679245283
2026-02-13 08:00:00,1.2753636363636363
2026-02-13 09:00:00,1.3726785714285714
2026-02-13 10:00:00,1.148125
2026-02-13 11:00:00,1.297950819672131
2026-02-13 12:00:00,1.1994214876033058
2026-02-13 13:00:00,1.139291338582677
2026-02-13 14:00:00,1.1603669724770642
2026-02-13 15:00:00,1.2842424242424244
2026-02-13 16:00:00,1.1377692307692306
2026-02-13 17:00:00,1.0320192307692309
2026-02-13 18:00:00,0.944891304347826
2026-02-13 19:00:00,0.8271875
2026-02-13 20:00:00,0.813529411764706
2026-02-13 21:00:00,0.7715841584158416
2026-02-13 22:00:00,0.773063063063063
2026-02-13 23:00:00,0.7696590909090909
2026-02-14 00:00:00,0.7834
2026-02-14 01:00:00,0.8042857142857143
2026-02-14 02:00:00,0.8091250000000001
2026-02-14 03:00:00,0.7962068965517243
2026-02-14 04:00:00,0.7628409090909091
2026-02-14 05:00:00,0.7388172043010752
2026-02-14 06:00:00,0.727029702970297
2026-02-14 07:00:00,0.7122580645161289
2026-02-14 08:00:00,0.8108
2026-02-14 09:00:00,0.8618803418803419
2026-02-14 10:00:00,0.9029914529914529
2026-02-14 11:00:00,0.9918045112781955
2026-02-14 12:00:00,1.0267716535433071
2026-02-14 13:00:00,1.024126984126984
2026-02-14 14:00:00,1.0127642276422766
2026-02-14 15:00:00,0.9083739837398375
2026-02-14 16:00:00,0.8382075471698113
2026-02-14 17:00:00,0.7863809523809524
2026-02-14 18:00:00,0.7638947368421053
2026-02-14 19:00:00,0.704943820224719
2026-02-14 20:00:00,0.6885714285714286
2026-02-14 21:00:00,0.6670967741935484
2026-02-14 22:00:00,0.6632530120481929
2026-02-14 23:00:00,0.6506521739130434
2026-02-15 00:00:00,0.6196969696969697
2026-02-15 01:00:00,0.6170930232558139
2026-02-15 02:00:00,0.6262365591397849
2026-02-15 03:00:00,0.6134042553191489
2026-02-15 04:00:00,0.5864516129032258
2026-02-15 05:00:00,0.5726923076923076
2026-02-15 06:00:00,0.585625
2026-02-15 07:00:00,0.6208045977011494
2026-02-15 08:00:00,0.8339252336448598
2026-02-15 09:00:00,0.9318548387096774
2026-02-15 10:00:00,0.9694214876033057
2026-02-15 11:00:00,1.014390243902439
2026-02-15 12:00:00,1.2147619047619047
2026-02-15 13:00:00,1.4196062992125984
2026-02-15 14:00:00,1.2037301587301585
2026-02-15 15:00:00,1.282258064516129
2026-02-15 16:00:00,1.0841880341880343
2026-02-15 17:00:00,1.0412903225806451
2026-02-15 18:00:00,0.9416161616161616
2026-02-15 19:00:00,0.8485321100917431
2026-02-15 20:00:00,0.8724210526315789
2026-02-15 21:00:00,0.904421052631579
2026-02-15 22:00:00,0.9163809523809524
2026-02-15 23:00:00,0.9329
2026-02-16 00:00:00,0.952020202020202
2026-02-16 01:00:00,0.9583870967741935
2026-02-16 02:00:00,0.9427678571428572
2026-02-16 03:00:00,0.9782352941176471
2026-02-16 04:00:00,0.9791919191919192
2026-02-16 05:00:00,0.9934444444444444
2026-02-16 06:00:00,0.9925510204081632
2026-02-16 07:00:00,0.9297849462365592
2026-02-16 08:00:00,0.9514414414414414
2026-02-16 09:00:00,0.9673737373737373
2026-02-16 10:00:00,1.0909615384615385
2026-02-16 11:00:00,1.2562608695652173
2026-02-16 12:00:00,1.4385714285714286
2026-02-16 13:00:00,1.576293103448276
2026-02-16 14:00:00,1.6163414634146342
2026-02-16 15:00:00,1.294957264957265
2026-02-16 16:00:00,1.4608196721311475
2026-02-16 17:00:00,1.4273043478260867
2026-02-16 18:00:00,1.2988
2026-02-16 19:00:00,1.2483018867924527
2026-02-16 20:00:00,1.199158878504673
2026-02-16 21:00:00,1.1704385964912278
2026-02-16 22:00:00,1.1566990291262134
2026-02-16 23:00:00,1.1559047619047618
2026-02-17 00:00:00,1.1558064516129032
2026-02-17 01:00:00,1.1272
2026-02-17 02:00:00,1.1318867924528302
2026-02-17 03:00:00,1.151470588235294
2026-02-17 04:00:00,1.120747663551402
2026-02-17 05:00:00,1.1140625
2026-02-17 06:00:00,1.1216326530612246
2026-02-17 07:00:00,1.2085294117647059
2026-02-17 08:00:00,1.6139495798319328
2026-02-17 09:00:00,1.656060606060606
2026-02-17 10:00:00,1.3245864661654136
2026-02-17 11:00:00,1.376030534351145
2026-02-17 12:00:00,1.3031782945736434
2026-02-17 13:00:00,1.3292741935483872
2026-02-17 14:00:00,1.3478030303030302
2026-02-17 15:00:00,1.2969747899159665
2026-02-17 16:00:00,1.3599130434782607
2026-02-17 17:00:00,1.6025217391304347
2026-02-17 18:00:00,1.4078640776699027
2026-02-17 19:00:00,1.3122222222222222
2026-02-17 20:00:00,1.2544444444444445
2026-02-17 21:00:00,1.2333663366336634
2026-02-17 22:00:00,1.1856701030927834
2026-02-17 23:00:00,1.1596774193548387
2026-02-18 00:00:00,1.1289108910891088
2026-02-18 01:00:00,1.1
2026-02-18 02:00:00,1.0697959183673469
2026-02-18 03:00:00,1.018
2026-02-18 04:00:00,1.01
2026-02-18 05:00:00,1.000989010989011
2026-02-18 06:00:00,0.9849514563106796
2026-02-18 07:00:00,1.0206521739130436
2026-02-18 08:00:00,1.1754954954954955
2026-02-18 09:00:00,1.2920689655172413
2026-02-18 10:00:00,1.3492063492063493
2026-02-18 11:00:00,1.3157500000000002
2026-02-18 12:00:00,1.4899236641221374
2026-02-18 13:00:00,1.4505645161290324
2026-02-18 14:00:00,1.3749193548387098
2026-02-18 15:00:00,1.4283471074380167
2026-02-18 16:00:00,1.62755905511811
2026-02-18 17:00:00,1.662767857142857
2026-02-18 18:00:00,1.3892660550458715
2026-02-18 19:00:00,1.0282857142857142
2026-02-18 20:00:00,0.9920833333333333
2026-02-18 21:00:00,0.9941584158415842
2026-02-18 22:00:00,0.9580612244897959
2026-02-18 23:00:00,0.9451960784313725
2026-02-19 00:00:00,0.9745544554455445
2026-02-19 01:00:00,0.9846315789473683
2026-02-19 02:00:00,0.9937234042553191
2026-02-19 03:00:00,0.9976666666666667
2026-02-19 04:00:00,0.9636363636363636
2026-02-19 05:00:00,0.8584313725490196
2026-02-19 06:00:00,0.8133333333333334
2026-02-19 07:00:00,0.8427777777777777
2026-02-19 08:00:00,1.096293103448276
2026-02-19 09:00:00,1.2047761194029851
2026-02-19 10:00:00,0.8708264462809918
2026-02-19 11:00:00,0.8732142857142857
2026-02-19 12:00:00,1.0839669421487603
2026-02-19 13:00:00,1.1649999999999998
2026-02-19 14:00:00,0.865
2026-02-19 15:00:00,1.0837096774193549
2026-02-19 16:00:00,0.9932000000000001
2026-02-19 17:00:00,0.9283333333333333
2026-02-19 18:00:00,0.8138297872340425
2026-02-19 19:00:00,0.7515000000000001
2026-02-19 20:00:00,0.7120370370370369
2026-02-19 21:00:00,0.7
2026-02-19 22:00:00,0.6988043478260869
2026-02-19 23:00:00,0.7126744186046512
2026-02-20 00:00:00,0.7214772727272727
2026-02-20 01:00:00,0.7153535353535353
2026-02-20 02:00:00,0.6865217391304348
2026-02-20 03:00:00,0.6908333333333333
2026-02-20 04:00:00,0.6878021978021978
2026-02-20 05:00:00,0.6957894736842105
2026-02-20 06:00:00,0.6849999999999999
2026-02-20 07:00:00,0.7340217391304348
2026-02-20 08:00:00,0.9094594594594595
2026-02-20 09:00:00,1.079504132231405
2026-02-20 10:00:00,1.0526890756302523
2026-02-20 11:00:00,0.9288617886178862
2026-02-20 12:00:00,1.227109375
2026-02-20 13:00:00,1.1943076923076923
2026-02-20 14:00:00,1.0299180327868853
2026-02-20 15:00:00,0.9456910569105691
2026-02-20 16:00:00,1.0682539682539682
2026-02-20 17:00:00,1.2382882882882882
2026-02-20 18:00:00,1.0558653846153847
2026-02-20 19:00:00,1.0429807692307693
2026-02-20 20:00:00,1.0796938775510205
2026-02-20 21:00:00,1.0422105263157895
2026-02-20 22:00:00,1.0146067415730338
2026-02-20 23:00:00,0.9760674157303372
2026-02-21 00:00:00,0.9376842105263158
2026-02-21 01:00:00,0.8895348837209303
2026-02-21 02:00:00,0.8672448979591836
2026-02-21 03:00:00,0.8378431372549019
2026-02-21 04:00:00,0.8146067415730337
2026-02-21 05:00:00,0.8107766990291263
2026-02-21 06:00:00,0.7976344086021506
2026-02-21 07:00:00,0.8707608695652174
2026-02-21 08:00:00,1.2144
2026-02-21 09:00:00,1.3519354838709678
2026-02-21 10:00:00,1.4002962962962962
2026-02-21 11:00:00,1.6797037037037037
2026-02-21 12:00:00,1.6813178294573645
2026-02-21 13:00:00,1.752394366197183
2026-02-21 14:00:00,1.8023076923076924
2026-02-21 15:00:00,1.7677118644067797
2026-02-21 16:00:00,1.651048387096774
2026-02-21 17:00:00,1.5561061946902655
2026-02-21 18:00:00,1.3805042016806723
2026-02-21 19:00:00,1.2744791666666668
2026-02-21 20:00:00,1.188
2026-02-21 21:00:00,1.1199999999999999
2026-02-21 22:00:00,1.0594117647058823
2026-02-21 23:00:00,1.0103296703296702
2026-02-22 00:00:00,1.005108695652174
2026-02-22 01:00:00,0.9925274725274724
2026-02-22 02:00:00,0.9632222222222222
2026-02-22 03:00:00,0.9157142857142857
2026-02-22 04:00:00,0.9008333333333334
2026-02-22 05:00:00,0.8803960396039604
2026-02-22 06:00:00,0.8498
2026-02-22 07:00:00,0.9729411764705882
2026-02-22 08:00:00,1.3637719298245614
2026-02-22 09:00:00,1.586058394160584
2026-02-22 10:00:00,1.9298214285714284
2026-02-22 11:00:00,1.567846153846154
2026-02-22 12:00:00,1.622809917355372
2026-02-22 13:00:00,1.712595419847328
2026-02-22 14:00:00,1.9012121212121214
2026-02-22 15:00:00,1.883109243697479
2026-02-22 16:00:00,1.592377049180328
2026-02-22 17:00:00,1.434090909090909
2026-02-22 18:00:00,1.2857142857142858
2026-02-22 19:00:00,1.2277227722772277
2026-02-22 20:00:00,1.1369767441860466
2026-02-22 21:00:00,1.0563157894736843
2026-02-22 22:00:00,0.9897894736842106
2026-02-22 23:00:00,0.9732653061224489
2026-02-23 00:00:00,0.9600000000000001
2026-02-23 01:00:00,0.9466666666666667
2026-02-23 02:00:00,0.9266666666666666
2026-02-23 03:00:00,0.9188888888888889
2026-02-23 04:00:00,0.9099999999999999
2026-02-23 05:00:00,0.9109090909090909
2026-02-23 06:00:00,0.92125
2026-02-23 07:00:00,1.028888888888889
2026-02-23 08:00:00,1.355
2026-02-23 09:00:00,1.5299999999999998
2026-02-23 10:00:00,1.3981818181818182
2026-02-23 11:00:00,1.27
2026-02-23 12:00:00,1.2341666666666666
2026-02-23 13:00:00,1.3363636363636362
2026-02-23 14:00:00,1.4611111111111112
2026-02-23 15:00:00,1.40875
2026-02-23 16:00:00,1.5633333333333335
2026-02-23 17:00:00,1.517
2026-02-23 18:00:00,1.2550000000000001
2026-02-23 19:00:00,1.220909090909091
2026-02-23 20:00:00,1.1809090909090907
2026-02-23 21:00:00,1.13125
2026-02-23 22:00:00,1.0936363636363637
2026-02-23 23:00:00,1.100909090909091
2026-02-24 00:00:00,1.07
2026-02-24 01:00:00,1.0272727272727273
2026-02-24 02:00:00,1.0125
2026-02-24 03:00:00,1.0133333333333334
2026-02-24 04:00:00,0.9874999999999999
2026-02-24 05:00:00,0.9466666666666667
2026-02-24 06:00:00,0.9154545454545455
2026-02-24 07:00:00,1.009
2026-02-24 08:00:00,1.0
2026-02-24 09:00:00,1.088888888888889
2026-02-24 10:00:00,1.25
2026-02-24 11:00:00,1.504
2026-02-24 12:00:00,1.7
2026-02-24 13:00:00,1.7058333333333333
2026-02-24 14:00:00,1.4922222222222221
2026-02-24 15:00:00,1.289090909090909
2026-02-24 16:00:00,1.5385714285714285
2026-02-24 17:00:00,1.5539999999999998
2026-02-24 18:00:00,1.3354545454545457
2026-02-24 19:00:00,1.28
2026-02-24 20:00:00,1.2072727272727273
2026-02-24 21:00:00,1.172
2026-02-24 22:00:00,1.13125
2026-02-24 23:00:00,1.0955555555555556
2026-02-25 00:00:00,1.076
2026-02-25 01:00:00,1.040909090909091
2026-02-25 02:00:00,1.03
2026-02-25 03:00:00,0.999
2026-02-25 04:00:00,0.9866666666666666
2026-02-25 05:00:00,0.9745454545454545
2026-02-25 06:00:00,0.944
2026-02-25 07:00:00,1.01
2026-02-25 08:00:00,1.1199999999999999
2026-02-25 09:00:00,1.1233333333333333
2026-02-25 10:00:00,1.3181818181818181
2026-02-25 11:00:00,1.2622222222222221
2026-02-25 12:00:00,1.308888888888889
2026-02-25 13:00:00,1.36125
2026-02-25 14:00:00,1.3490909090909091
2026-02-25 15:00:00,1.238888888888889
2026-02-25 16:00:00,1.198
2026-02-25 17:00:00,1.446
2026-02-25 18:00:00,1.2870000000000001
2026-02-25 19:00:00,1.2550000000000001
2026-02-25 20:00:00,1.336
2026-02-25 21:00:00,1.30125
2026-02-25 22:00:00,1.241
2026-02-25 23:00:00,1.23
2026-02-26 00:00:00,1.2225
2026-02-26 01:00:00,1.1145454545454545
2026-02-26 02:00:00,1.0630000000000002
2026-02-26 03:00:00,1.01
2026-02-26 04:00:00,0.9771428571428571
2026-02-26 05:00:00,0.9636363636363636
2026-02-26 06:00:00,0.9677777777777776
2026-02-26 07:00:00,1.0836363636363637
2026-02-26 08:00:00,1.16
2026-02-26 09:00:00,1.1480000000000001
2026-02-26 10:00:00,1.1849999999999998
2026-02-26 11:00:00,1.232
2026-02-26 12:00:00,1.404
2026-02-26 13:00:00,1.307
2026-02-26 14:00:00,1.1145454545454545
2026-02-26 15:00:00,1.020909090909091
2026-02-26 16:00:00,0.9800000000000001
2026-02-26 17:00:00,1.1941666666666666
2026-02-26 18:00:00,1.07375
2026-02-26 19:00:00,1.0281818181818183
2026-02-26 20:00:00,1.022
2026-02-26 21:00:00,1.006
2026-02-26 22:00:00,0.9690909090909091
2026-02-26 23:00:00,0.9277777777777777
2026-02-27 00:00:00,0.889
2026-02-27 01:00:00,0.8677777777777778
2026-02-27 02:00:00,0.8663636363636363
2026-02-27 03:00:00,0.8539999999999999
2026-02-27 04:00:00,0.8263636363636363
2026-02-27 05:00:00,0.798
2026-02-27 06:00:00,0.791
2026-02-27 07:00:00,0.8939999999999999
2026-02-27 08:00:00,1.1375
2026-02-27 09:00:00,1.3066666666666666
2026-02-27 10:00:00,1.6500000000000001
2026-02-27 11:00:00,1.3522222222222222
2026-02-27 12:00:00,1.1945454545454546
2026-02-27 13:00:00,1.1536363636363636
2026-02-27 14:00:00,1.2563636363636363
2026-02-27 15:00:00,1.301111111111111
2026-02-27 16:00:00,1.3666666666666667
2026-02-27 17:00:00,1.3450000000000002
2026-02-27 18:00:00,1.3225
2026-02-27 19:00:00,1.3144444444444445
2026-02-27 20:00:00,1.27625
2026-02-27 21:00:00,1.2966666666666666
2026-02-27 22:00:00,1.2925
2026-02-27 23:00:00,1.290909090909091
2026-02-28 00:00:00,1.294
2026-02-28 01:00:00,1.2675
2026-02-28 02:00:00,1.2663636363636364
2026-02-28 03:00:00,1.2466666666666668
2026-02-28 04:00:00,1.23
2026-02-28 05:00:00,1.225
2026-02-28 06:00:00,1.2077777777777776
2026-02-28 07:00:00,1.1963636363636363
2026-02-28 08:00:00,1.251111111111111
2026-02-28 09:00:00,1.3688888888888888
2026-02-28 10:00:00,1.5066666666666666
2026-02-28 11:00:00,1.481
2026-02-28 12:00:00,1.577
2026-02-28 13:00:00,1.585
2026-02-28 14:00:00,1.748888888888889
2026-02-28 15:00:00,1.7042857142857142
2026-02-28 16:00:00,1.426
2026-02-28 17:00:00,1.3933333333333333
2026-02-28 18:00:00,1.3599999999999999
2026-02-28 19:00:00,1.3081818181818183
2026-02-28 20:00:00,1.3
2026-02-28 21:00:00,1.296
2026-02-28 22:00:00,1.2963636363636364
2026-02-28 23:00:00,1.2962500000000001
2026-03-01 00:00:00,1.28375
2026-03-01 01:00:00,1.282
2026-03-01 02:00:00,1.29
2026-03-01 03:00:00,1.2109999999999999
2026-03-01 04:00:00,1.1066666666666667
2026-03-01 05:00:00,1.0645454545454547
2026-03-01 06:00:00,1.042
2026-03-01 07:00:00,1.1222222222222222
2026-03-01 08:00:00,1.3266666666666669
2026-03-01 09:00:00,1.4044444444444444
2026-03-01 10:00:00,1.530909090909091
2026-03-01 11:00:00,1.597777777777778
2026-03-01 12:00:00,1.6030000000000002
2026-03-01 13:00:00,1.6227272727272728
2026-03-01 14:00:00,1.64
2026-03-01 15:00:00,1.59125
2026-03-01 16:00:00,1.5477777777777777
2026-03-01 17:00:00,1.449
2026-03-01 18:00:00,1.317
2026-03-01 19:00:00,1.2544444444444443
2026-03-01 20:00:00,1.252
2026-03-01 21:00:00,1.2375
2026-03-01 22:00:00,1.1463636363636363
2026-03-01 23:00:00,1.1424999999999998
2026-03-02 00:00:00,1.124
2026-03-02 01:00:00,1.1255555555555554
2026-03-02 02:00:00,1.0885714285714287
2026-03-02 03:00:00,1.0985714285714285
2026-03-02 04:00:00,1.094
2026-03-02 05:00:00,1.1
2026-03-02 06:00:00,1.1154545454545455
2026-03-02 07:00:00,1.078
2026-03-02 08:00:00,1.1380000000000001
2026-03-02 09:00:00,1.38
2026-03-02 10:00:00,1.3900000000000001
2026-03-02 11:00:00,1.5911111111111111
2026-03-02 12:00:00,1.5345454545454544
2026-03-02 13:00:00,1.4816666666666667
2026-03-02 14:00:00,1.4522222222222223
2026-03-02 15:00:00,1.4408333333333332
2026-03-02 16:00:00,1.4599999999999997
2026-03-02 17:00:00,1.5310000000000001
2026-03-02 18:00:00,1.4241666666666666
2026-03-02 19:00:00,1.3444444444444446
2026-03-02 20:00:00,1.3266666666666669
2026-03-02 21:00:00,1.3157142857142858
2026-03-02 22:00:00,1.338
2026-03-02 23:00:00,1.363
2026-03-03 00:00:00,1.3809090909090909
2026-03-03 01:00:00,1.3780000000000001
2026-03-03 02:00:00,1.3644444444444446
2026-03-03 03:00:00,1.325
2026-03-03 04:00:00,1.316
2026-03-03 05:00:00,1.251
2026-03-03 06:00:00,1.192
2026-03-03 07:00:00,1.231818181818182
2026-03-03 08:00:00,1.5875
2026-03-03 09:00:00,1.7144444444444444
2026-03-03 10:00:00,1.7644444444444445
2026-03-03 11:00:00,1.7762499999999999
2026-03-03 12:00:00,1.6849999999999998
2026-03-03 13:00:00,1.59
2026-03-03 14:00:00,1.6409090909090909
2026-03-03 15:00:00,1.6909090909090911
2026-03-03 16:00:00,1.74
2026-03-03 17:00:00,1.5390000000000001
2026-03-03 18:00:00,1.4436363636363636
2026-03-03 19:00:00,1.3677777777777778
2026-03-03 20:00:00,1.328888888888889
2026-03-03 21:00:00,1.2866666666666666
2026-03-03 22:00:00,1.2822222222222224
2026-03-03 23:00:00,1.252857142857143
2026-03-04 00:00:00,1.2225
2026-03-04 01:00:00,1.2218181818181817
2026-03-04 02:00:00,1.219090909090909
2026-03-04 03:00:00,1.2189999999999999
2026-03-04 04:00:00,1.2366666666666666
2026-03-04 05:00:00,1.239090909090909
2026-03-04 06:00:00,1.225
2026-03-04 07:00:00,1.268
2026-03-04 08:00:00,1.4914285714285713
2026-03-04 09:00:00,1.6440000000000001
2026-03-04 10:00:00,1.660909090909091
2026-03-04 11:00:00,1.719
2026-03-04 12:00:00,1.6144444444444443
2026-03-04 13:00:00,1.643
2026-03-04 14:00:00,1.588888888888889
2026-03-04 15:00:00,1.50625
2026-03-04 16:00:00,1.5354545454545454
2026-03-04 17:00:00,1.5633333333333335
2026-03-04 18:00:00,1.5575
2026-03-04 19:00:00,1.442
2026-03-04 20:00:00,1.409
2026-03-04 21:00:00,1.3614285714285717
2026-03-04 22:00:00,1.3411111111111111
2026-03-04 23:00:00,1.3263636363636364
2026-03-05 00:00:00,1.3
2026-03-05 01:00:00,1.275
2026-03-05 02:00:00,1.246
2026-03-05 03:00:00,1.2075
2026-03-05 04:00:00,1.2137499999999999
2026-03-05 05:00:00,1.2
2026-03-05 06:00:00,1.238181818181818
2026-03-05 07:00:00,1.29
2026-03-05 08:00:00,1.3927272727272728
2026-03-05 09:00:00,1.663333333333333
2026-03-05 10:00:00,1.6866666666666668
2026-03-05 11:00:00,1.514
2026-03-05 12:00:00,1.6277777777777778
2026-03-05 13:00:00,1.56375
2026-03-05 14:00:00,1.545
2026-03-05 15:00:00,1.45125
2026-03-05 16:00:00,1.4288888888888889
2026-03-05 17:00:00,1.46
2026-03-05 18:00:00,1.484
2026-03-05 19:00:00,1.3936363636363636
2026-03-05 20:00:00,1.375
2026-03-05 21:00:00,1.3618181818181818
2026-03-05 22:00:00,1.34
2026-03-05 23:00:00,1.3272727272727274
2026-03-06 00:00:00,1.3157142857142858
2026-03-06 01:00:00,1.233
2026-03-06 02:00:00,1.1333333333333333
2026-03-06 03:00:00,1.094
2026-03-06 04:00:00,1.0733333333333333
2026-03-06 05:00:00,1.022
2026-03-06 06:00:00,0.9845454545454545
2026-03-06 07:00:00,1.169
2026-03-06 08:00:00,1.28
2026-03-06 09:00:00,1.3325
2026-03-06 10:00:00,1.3888888888888888
2026-03-06 11:00:00,1.347
2026-03-06 12:00:00,1.3633333333333333
2026-03-06 13:00:00,1.466
2026-03-06 14:00:00,1.458888888888889
2026-03-06 15:00:00,1.496
2026-03-06 16:00:00,1.498
2026-03-06 17:00:00,1.4366666666666665
2026-03-06 18:00:00,1.4314285714285713
2026-03-06 19:00:00,1.308888888888889
2026-03-06 20:00:00,1.1863636363636363
2026-03-06 21:00:00,1.1754545454545455
2026-03-06 22:00:00,1.127
2026-03-06 23:00:00,1.0466666666666666
2026-03-07 00:00:00,1.00375
2026-03-07 01:00:00,1.0391666666666668
2026-03-07 02:00:00,1.0663636363636364
2026-03-07 03:00:00,1.0675000000000001
2026-03-07 04:00:00,0.9883333333333333
2026-03-07 05:00:00,0.935
2026-03-07 06:00:00,0.913
2026-03-07 07:00:00,1.1644444444444444
2026-03-07 08:00:00,1.429
2026-03-07 09:00:00,1.5791666666666666
2026-03-07 10:00:00,1.7533333333333332
2026-03-07 11:00:00,1.66625
2026-03-07 12:00:00,1.57
2026-03-07 13:00:00,1.374
2026-03-07 14:00:00,1.299090909090909
2026-03-07 15:00:00,1.151111111111111
2026-03-07 16:00:00,1.293
2026-03-07 17:00:00,1.3518181818181818
2026-03-07 18:00:00,1.298
2026-03-07 19:00:00,1.2522222222222221
2026-03-07 20:00:00,1.2349999999999999
2026-03-07 21:00:00,1.214
2026-03-07 22:00:00,1.191111111111111
2026-03-07 23:00:00,1.22
2026-03-08 00:00:00,1.22
2026-03-08 01:00:00,1.23
2026-03-08 02:00:00,1.2277777777777779
2026-03-08 03:00:00,1.23
2026-03-08 04:00:00,1.2327272727272727
2026-03-08 05:00:00,1.2433333333333332
2026-03-08 06:00:00,1.2449999999999999
2026-03-08 07:00:00,1.2977777777777777
2026-03-08 08:00:00,1.482
2026-03-08 09:00:00,1.6940000000000002
2026-03-08 10:00:00,2.075714285714286
2026-03-08 11:00:00,2.0277777777777777
2026-03-08 12:00:00,1.8190909090909093
2026-03-08 13:00:00,1.8333333333333333
2026-03-08 14:00:00,1.60125
2026-03-08 15:00:00,1.4875
2026-03-08 16:00:00,1.4414285714285715
2026-03-08 17:00:00,1.441
2026-03-08 18:00:00,1.431111111111111
2026-03-08 19:00:00,1.387
2026-03-08 20:00:00,1.3644444444444446
2026-03-08 21:00:00,1.2808333333333335
2026-03-08 22:00:00,1.18625
2026-03-08 23:00:00,1.12
2026-03-09 00:00:00,1.0690000000000002
2026-03-09 01:00:00,1.03
2026-03-09 02:00:00,1.027
2026-03-09 03:00:00,1.029090909090909
2026-03-09 04:00:00,1.011818181818182
2026-03-09 05:00:00,0.9755555555555555
2026-03-09 06:00:00,0.9409090909090909
2026-03-09 07:00:00,1.3363636363636362
2026-03-09 08:00:00,1.7
2026-03-09 09:00:00,1.9936363636363637
2026-03-09 10:00:00,1.7429999999999999
2026-03-09 11:00:00,1.8079999999999998
2026-03-09 12:00:00,1.762
2026-03-09 13:00:00,1.797
2026-03-09 14:00:00,1.4977777777777779
2026-03-09 15:00:00,1.4327272727272726
2026-03-09 16:00:00,1.45
2026-03-09 17:00:00,1.4555555555555555
2026-03-09 18:00:00,1.401111111111111
2026-03-09 19:00:00,1.2888888888888888
2026-03-09 20:00:00,1.22125
2026-03-09 21:00:00,1.2137499999999999
2026-03-09 22:00:00,1.26
2026-03-09 23:00:00,1.2810000000000001
2026-03-10 00:00:00,1.3063636363636364
2026-03-10 01:00:00,1.3263636363636364
2026-03-10 02:00:00,1.3322222222222222
2026-03-10 03:00:00,1.216
2026-03-10 04:00:00,1.06125
2026-03-10 05:00:00,1.06375
2026-03-10 06:00:00,1.057
2026-03-10 07:00:00,1.0533333333333335
2026-03-10 08:00:00,1.192
2026-03-10 09:00:00,1.22
2026-03-10 10:00:00,1.1918181818181817
2026-03-10 11:00:00,1.3190000000000002
2026-03-10 12:00:00,1.2975
2026-03-10 13:00:00,1.36
2026-03-10 14:00:00,1.335
2026-03-10 15:00:00,1.4044444444444446
2026-03-10 16:00:00,1.3172727272727274
2026-03-10 17:00:00,1.34
2026-03-10 18:00:00,1.3927272727272728
2026-03-10 19:00:00,1.2866666666666666
2026-03-10 20:00:00,1.248
2026-03-10 21:00:00,1.2655555555555555
2026-03-10 22:00:00,1.2775
2026-03-10 23:00:00,1.2870000000000001
2026-03-11 00:00:00,1.2654545454545454
2026-03-11 01:00:00,1.2733333333333334
2026-03-11 02:00:00,1.268
2026-03-11 03:00:00,1.2614285714285713
2026-03-11 04:00:00,1.2777777777777777
2026-03-11 05:00:00,1.282
2026-03-11 06:00:00,1.411111111111111
2026-03-11 07:00:00,1.5362500000000001
2026-03-11 08:00:00,1.5854545454545457
2026-03-11 09:00:00,1.741666666666667
2026-03-11 10:00:00,2.0318181818181817
2026-03-11 11:00:00,1.865
2026-03-11 12:00:00,1.8099999999999998
2026-03-11 13:00:00,1.8190000000000002
2026-03-11 14:00:00,1.92
2026-03-11 15:00:00,1.8311111111111111
2026-03-11 16:00:00,1.7645454545454546
2026-03-11 17:00:00,1.6422222222222222
2026-03-11 18:00:00,1.5945454545454545
2026-03-11 19:00:00,1.432
2026-03-11 20:00:00,1.3699999999999999
2026-03-11 21:00:00,1.2975
2026-03-11 22:00:00,1.258181818181818
2026-03-11 23:00:00,1.3509090909090908
2026-03-12 00:00:00,1.3818181818181818
2026-03-12 01:00:00,1.3954545454545455
2026-03-12 02:00:00,1.41125
2026-03-12 03:00:00,1.41875
2026-03-12 04:00:00,1.3875
2026-03-12 05:00:00,1.365
2026-03-12 06:00:00,1.2442857142857144
2026-03-12 07:00:00,1.4214285714285713
2026-03-12 08:00:00,1.54875
2026-03-12 09:00:00,1.6244444444444444
2026-03-12 10:00:00,1.482222222222222
2026-03-12 11:00:00,1.476
2026-03-12 12:00:00,1.4728571428571429
2026-03-12 13:00:00,1.556
2026-03-12 14:00:00,1.4075
2026-03-12 15:00:00,1.377
2026-03-12 16:00:00,1.719
2026-03-12 17:00:00,1.7825
2026-03-12 18:00:00,1.59125
2026-03-12 19:00:00,1.4536363636363636
2026-03-12 20:00:00,1.35
2026-03-12 21:00:00,1.294
2026-03-12 22:00:00,1.2733333333333334
2026-03-12 23:00:00,1.20875
2026-03-13 00:00:00,1.1663636363636363
2026-03-13 01:00:00,1.11
2026-03-13 02:00:00,1.1025
2026-03-13 03:00:00,1.106
2026-03-13 04:00:00,1.0454545454545454
2026-03-13 05:00:00,1.0454545454545454
2026-03-13 06:00:00,1.052
2026-03-13 07:00:00,1.3625
2026-03-13 08:00:00,1.809
2026-03-13 09:00:00,1.498
2026-03-13 10:00:00,1.481818181818182
2026-03-13 11:00:00,1.83
2026-03-13 12:00:00,1.7491666666666665
2026-03-13 13:00:00,1.759
2026-03-13 14:00:00,1.6444444444444446
2026-03-13 15:00:00,1.0875
2026-03-13 16:00:00,1.2842857142857143
2026-03-13 17:00:00,1.3916666666666666
2026-03-13 18:00:00,1.3766666666666667
2026-03-13 19:00:00,1.2433333333333332
2026-03-13 20:00:00,1.216
2026-03-13 21:00:00,1.1636363636363636
2026-03-13 22:00:00,1.145
2026-03-13 23:00:00,1.142
2026-03-14 00:00:00,1.12
2026-03-14 01:00:00,1.09
2026-03-14 02:00:00,1.083
2026-03-14 03:00:00,1.0766666666666669
2026-03-14 04:00:00,1.073
2026-03-14 05:00:00,1.0930000000000002
2026-03-14 06:00:00,1.13875
2026-03-14 07:00:00,1.1766666666666665
2026-03-14 08:00:00,1.2999999999999998
2026-03-14 09:00:00,1.4725
2026-03-14 10:00:00,1.4072727272727272
2026-03-14 11:00:00,1.3744444444444446
2026-03-14 12:00:00,1.387
2026-03-14 13:00:00,1.2554545454545456
2026-03-14 14:00:00,1.26625
2026-03-14 15:00:00,1.27
2026-03-14 16:00:00,1.25
2026-03-14 17:00:00,1.3318181818181818
2026-03-14 18:00:00,1.2888888888888888
2026-03-14 19:00:00,1.169090909090909
2026-03-14 20:00:00,1.149090909090909
2026-03-14 21:00:00,1.1975
2026-03-14 22:00:00,1.2177777777777776
2026-03-14 23:00:00,1.2114285714285715
2026-03-15 00:00:00,1.249090909090909
2026-03-15 01:00:00,1.26625
2026-03-15 02:00:00,1.233
2026-03-15 03:00:00,1.198
2026-03-15 04:00:00,1.1654545454545453
2026-03-15 05:00:00,1.0742857142857143
2026-03-15 06:00:00,0.9744444444444444
2026-03-15 07:00:00,1.031111111111111
2026-03-15 08:00:00,1.2857142857142858
2026-03-15 09:00:00,1.3375000000000001
2026-03-15 10:00:00,1.4327272727272726
2026-03-15 11:00:00,1.6011111111111112
2026-03-15 12:00:00,1.3912499999999999
2026-03-15 13:00:00,1.452
2026-03-15 14:00:00,1.228
2026-03-15 15:00:00,1.0271428571428571
2026-03-15 16:00:00,1.08
2026-03-15 17:00:00,1.1566666666666667
2026-03-15 18:00:00,1.0225
2026-03-15 19:00:00,0.9422222222222223
2026-03-15 20:00:00,0.9099999999999999
2026-03-15 21:00:00,0.89625
2026-03-15 22:00:00,0.8688888888888889
2026-03-15 23:00:00,0.87125
2026-03-16 00:00:00,0.82875
2026-03-16 01:00:00,0.794
2026-03-16 02:00:00,0.808
2026-03-16 03:00:00,0.7933333333333334
2026-03-16 04:00:00,0.77
2026-03-16 05:00:00,0.758888888888889
2026-03-16 06:00:00,0.82
2026-03-16 07:00:00,1.055
2026-03-16 08:00:00,1.3028571428571427
2026-03-16 09:00:00,1.460909090909091
2026-03-16 10:00:00,1.294
2026-03-16 11:00:00,1.2744444444444445
2026-03-16 12:00:00,1.2810000000000001
2026-03-16 13:00:00,1.508888888888889
2026-03-16 14:00:00,1.6033333333333333
2026-03-16 15:00:00,1.3585714285714285
2026-03-16 16:00:00,1.6079999999999999
2026-03-16 17:00:00,1.5385714285714285
2026-03-16 18:00:00,1.260909090909091
2026-03-16 19:00:00,1.158181818181818
2026-03-16 20:00:00,1.1290909090909091
2026-03-16 21:00:00,1.0944444444444446
2026-03-16 22:00:00,1.0522222222222224
2026-03-16 23:00:00,1.0245454545454544
2026-03-17 00:00:00,0.9966666666666667
2026-03-17 01:00:00,0.9683333333333333
2026-03-17 02:00:00,0.9381818181818182
2026-03-17 03:00:00,0.8911111111111111
2026-03-17 04:00:00,0.8763636363636365
2026-03-17 05:00:00,0.8622222222222222
2026-03-17 06:00:00,0.8522222222222222
2026-03-17 07:00:00,1.0999999999999999
2026-03-17 08:00:00,1.4522222222222223
2026-03-17 09:00:00,1.6555555555555557
2026-03-17 10:00:00,1.738
2026-03-17 11:00:00,1.8381818181818181
2026-03-17 12:00:00,1.5833333333333333
2026-03-17 13:00:00,1.17
2026-03-17 14:00:00,1.151
2026-03-17 15:00:00,1.075
2026-03-17 16:00:00,0.9730000000000001
2026-03-17 17:00:00,1.059
2026-03-17 18:00:00,1.041818181818182
2026-03-17 19:00:00,0.9480000000000001
2026-03-17 20:00:00,0.9233333333333333
2026-03-17 21:00:00,0.8636363636363636
2026-03-17 22:00:00,0.8320000000000001
2026-03-17 23:00:00,0.82
2026-03-18 00:00:00,0.8130000000000001
2026-03-18 01:00:00,0.798888888888889
2026-03-18 02:00:00,0.7944444444444445
2026-03-18 03:00:00,0.7744444444444445
2026-03-18 04:00:00,0.7566666666666667
2026-03-18 05:00:00,0.7445454545454545
2026-03-18 06:00:00,0.7466666666666667
2026-03-18 07:00:00,0.825
2026-03-18 08:00:00,0.9560000000000001
2026-03-18 09:00:00,1.06
2026-03-18 10:00:00,0.8640000000000001
2026-03-18 11:00:00,0.9366666666666666
2026-03-18 12:00:00,0.9654545454545456
2026-03-18 13:00:00,1.06
2026-03-18 14:00:00,1.064
2026-03-18 15:00:00,1.1300000000000001
2026-03-18 16:00:00,1.19
2026-03-18 17:00:00,1.18625
2026-03-18 18:00:00,1.2349999999999999
2026-03-18 19:00:00,1.288181818181818
2026-03-18 20:00:00,1.3109090909090908
2026-03-18 21:00:00,1.31
2026-03-18 22:00:00,1.249090909090909
2026-03-18 23:00:00,1.2175
2026-03-19 00:00:00,1.174
2026-03-19 01:00:00,1.112
2026-03-19 02:00:00,1.05
2026-03-19 03:00:00,1.0470000000000002
2026-03-19 04:00:00,1.0227272727272727
2026-03-19 05:00:00,1.021111111111111
2026-03-19 06:00:00,1.0333333333333334
2026-03-19 07:00:00,1.2122222222222223
2026-03-19 08:00:00,1.3988888888888888
2026-03-19 09:00:00,1.4933333333333332
2026-03-19 10:00:00,1.524
2026-03-19 11:00:00,1.6300000000000001
2026-03-19 12:00:00,1.5744444444444445
2026-03-19 13:00:00,1.5036363636363637
2026-03-19 14:00:00,1.5436363636363637
2026-03-19 15:00:00,1.3977777777777778
2026-03-19 16:00:00,1.283
2026-03-19 17:00:00,1.1888888888888889
2026-03-19 18:00:00,1.1424999999999998
2026-03-19 19:00:00,1.145
2026-03-19 20:00:00,1.152
2026-03-19 21:00:00,1.1333333333333333
2026-03-19 22:00:00,1.1333333333333333
2026-03-19 23:00:00,1.1672727272727272
2026-03-20 00:00:00,1.2166666666666666
2026-03-20 01:00:00,1.217
2026-03-20 02:00:00,1.172222222222222
2026-03-20 03:00:00,1.137272727272727
2026-03-20 04:00:00,1.137
2026-03-20 05:00:00,1.175
2026-03-20 06:00:00,1.2054545454545453
2026-03-20 07:00:00,1.246
2026-03-20 08:00:00,1.25375
2026-03-20 09:00:00,1.2454545454545454
2026-03-20 10:00:00,1.2542857142857142
2026-03-20 11:00:00,1.198
2026-03-20 12:00:00,
2026-03-20 13:00:00,
2026-03-20 14:00:00,1.1342857142857143
2026-03-20 15:00:00,1.293
2026-03-20 16:00:00,1.185
2026-03-20 17:00:00,1.1157142857142859
2026-03-20 18:00:00,1.0733333333333333
2026-03-20 19:00:00,1.068888888888889
2026-03-20 20:00:00,1.054
2026-03-20 21:00:00,1.058888888888889
2026-03-20 22:00:00,1.0770000000000002
2026-03-20 23:00:00,1.0850000000000002
2026-03-21 00:00:00,1.0766666666666669
2026-03-21 01:00:00,1.09
2026-03-21 02:00:00,1.099
2026-03-21 03:00:00,1.0857142857142859
2026-03-21 04:00:00,1.1183333333333334
2026-03-21 05:00:00,1.1389999999999998
2026-03-21 06:00:00,1.166
2026-03-21 07:00:00,1.2269999999999999
2026-03-21 08:00:00,1.308888888888889
2026-03-21 09:00:00,1.3391666666666666
2026-03-21 10:00:00,1.3430000000000002
2026-03-21 11:00:00,1.3250000000000002
2026-03-21 12:00:00,1.25625
2026-03-21 13:00:00,1.278888888888889
2026-03-21 14:00:00,1.1775
2026-03-21 15:00:00,1.13375
2026-03-21 16:00:00,1.1
2026-03-21 17:00:00,1.066
2026-03-21 18:00:00,1.0411111111111113
2026-03-21 19:00:00,1.0327272727272727
2026-03-21 20:00:00,1.042
2026-03-21 21:00:00,1.0581818181818183
2026-03-21 22:00:00,1.0766666666666669
2026-03-21 23:00:00,1.042
2026-03-22 00:00:00,0.9836363636363636
2026-03-22 01:00:00,0.9855555555555555
2026-03-22 02:00:00,1.0
2026-03-22 03:00:00,0.974
2026-03-22 04:00:00,0.9609090909090909
2026-03-22 05:00:00,0.9254545454545454
2026-03-22 06:00:00,0.9018181818181819
2026-03-22 07:00:00,1.1227272727272728
2026-03-22 08:00:00,1.2922222222222224
2026-03-22 09:00:00,1.37875
2026-03-22 10:00:00,1.4355555555555555
2026-03-22 11:00:00,1.375
2026-03-22 12:00:00,1.3736363636363635
2026-03-22 13:00:00,1.4381818181818182
2026-03-22 14:00:00,1.4289999999999998
2026-03-22 15:00:00,1.3775
2026-03-22 16:00:00,1.330909090909091
2026-03-22 17:00:00,1.2777777777777777
2026-03-22 18:00:00,1.198
2026-03-22 19:00:00,1.1466666666666665
2026-03-22 20:00:00,1.1033333333333333
2026-03-22 21:00:00,1.066
2026-03-22 22:00:00,1.0690000000000002
2026-03-22 23:00:00,1.072
2026-03-23 00:00:00,1.06
2026-03-23 01:00:00,1.0275
2026-03-23 02:00:00,1.002857142857143
2026-03-23 03:00:00,0.986
2026-03-23 04:00:00,0.9512499999999999
2026-03-23 05:00:00,0.9287500000000001
2026-03-23 06:00:00,0.9444444444444444
2026-03-23 07:00:00,1.1785714285714286
2026-03-23 08:00:00,1.3472727272727274
2026-03-23 09:00:00,1.4536363636363636
2026-03-23 10:00:00,1.478181818181818
2026-03-23 11:00:00,1.35375
2026-03-23 12:00:00,1.326
2026-03-23 13:00:00,1.29125
2026-03-23 14:00:00,1.2922222222222224
2026-03-23 15:00:00,1.2963636363636364
2026-03-23 16:00:00,1.1783333333333332
2026-03-23 17:00:00,1.1344444444444444
2026-03-23 18:00:00,1.185
2026-03-23 19:00:00,1.209
2026-03-23 20:00:00,1.2244444444444444
2026-03-23 21:00:00,1.234
2026-03-23 22:00:00,1.1557142857142857
2026-03-23 23:00:00,1.0610000000000002
2026-03-24 00:00:00,1.0266666666666666
2026-03-24 01:00:00,1.0363636363636364
2026-03-24 02:00:00,1.0230000000000001
2026-03-24 03:00:00,1.024
2026-03-24 04:00:00,0.97625
2026-03-24 05:00:00,0.9325
2026-03-24 06:00:00,0.9322222222222223
2026-03-24 07:00:00,1.156
2026-03-24 08:00:00,1.278
2026-03-24 09:00:00,1.3081818181818183
2026-03-24 10:00:00,1.2475
2026-03-24 11:00:00,1.2550000000000001
2026-03-24 12:00:00,1.23
2026-03-24 13:00:00,1.3190000000000002
2026-03-24 14:00:00,1.31
2026-03-24 15:00:00,1.1918181818181817
2026-03-24 16:00:00,1.1025
2026-03-24 17:00:00,1.018
2026-03-24 18:00:00,1.010909090909091
2026-03-24 19:00:00,1.082
2026-03-24 20:00:00,1.1266666666666665
2026-03-24 21:00:00,1.1066666666666667
2026-03-24 22:00:00,1.0733333333333333
2026-03-24 23:00:00,1.0316666666666667
2026-03-25 00:00:00,1.03
2026-03-25 01:00:00,1.00125
2026-03-25 02:00:00,0.961
2026-03-25 03:00:00,0.9016666666666667
2026-03-25 04:00:00,0.8777777777777778
2026-03-25 05:00:00,0.845
2026-03-25 06:00:00,0.8663636363636363
2026-03-25 07:00:00,1.018888888888889
2026-03-25 08:00:00,1.0855555555555556
2026-03-25 09:00:00,1.144
2026-03-25 10:00:00,1.236
2026-03-25 11:00:00,1.2583333333333333
2026-03-25 12:00:00,1.17
2026-03-25 13:00:00,1.124
2026-03-25 14:00:00,1.0733333333333335
2026-03-25 15:00:00,1.1245454545454547
2026-03-25 16:00:00,1.1977777777777776
2026-03-25 17:00:00,1.010909090909091
2026-03-25 18:00:00,0.9691666666666666
2026-03-25 19:00:00,1.0427272727272727
2026-03-25 20:00:00,1.124
2026-03-25 21:00:00,1.11375
2026-03-25 22:00:00,1.0627272727272727
2026-03-25 23:00:00,1.0727272727272728
2026-03-26 00:00:00,1.07
2026-03-26 01:00:00,1.05125
2026-03-26 02:00:00,1.0163636363636364
2026-03-26 03:00:00,0.99875
2026-03-26 04:00:00,0.998
2026-03-26 05:00:00,0.99
2026-03-26 06:00:00,1.04
2026-03-26 07:00:00,1.2309090909090907
2026-03-26 08:00:00,1.3536363636363637
2026-03-26 09:00:00,1.405
2026-03-26 10:00:00,1.2900000000000003
2026-03-26 11:00:00,1.2545454545454546
2026-03-26 12:00:00,1.3236363636363637
2026-03-26 13:00:00,1.3777777777777775
2026-03-26 14:00:00,1.3458333333333334
2026-03-26 15:00:00,1.251111111111111
2026-03-26 16:00:00,1.182222222222222
2026-03-26 17:00:00,1.02
2026-03-26 18:00:00,0.8560000000000001
2026-03-26 19:00:00,0.8544444444444443
2026-03-26 20:00:00,0.885
2026-03-26 21:00:00,0.93875
2026-03-26 22:00:00,0.9650000000000001
2026-03-26 23:00:00,0.94
2026-03-27 00:00:00,0.9018181818181819
2026-03-27 01:00:00,0.8863636363636364
2026-03-27 02:00:00,0.849
2026-03-27 03:00:00,0.843
2026-03-27 04:00:00,0.8390000000000001
2026-03-27 05:00:00,0.8699999999999999
2026-03-27 06:00:00,0.8672727272727272
2026-03-27 07:00:00,0.9033333333333334
2026-03-27 08:00:00,0.9308333333333333
2026-03-27 09:00:00,0.974
2026-03-27 10:00:00,1.1125
2026-03-27 11:00:00,1.2944444444444445
2026-03-27 12:00:00,1.312
2026-03-27 13:00:00,1.252
2026-03-27 14:00:00,1.2072727272727273
2026-03-27 15:00:00,1.3371428571428574
2026-03-27 16:00:00,1.334
2026-03-27 17:00:00,
2026-03-27 18:00:00,
2026-03-27 19:00:00,
2026-03-27 20:00:00,
2026-03-27 21:00:00,
2026-03-27 22:00:00,
2026-03-27 23:00:00,
2026-03-28 00:00:00,
2026-03-28 01:00:00,
2026-03-28 02:00:00,
2026-03-28 03:00:00,
2026-03-28 04:00:00,
2026-03-28 05:00:00,
2026-03-28 06:00:00,
2026-03-28 07:00:00,
2026-03-28 08:00:00,
2026-03-28 09:00:00,
2026-03-28 10:00:00,
2026-03-28 11:00:00,
2026-03-28 12:00:00,
2026-03-28 13:00:00,
2026-03-28 14:00:00,
2026-03-28 15:00:00,
2026-03-28 16:00:00,
2026-03-28 17:00:00,
2026-03-28 18:00:00,
2026-03-28 19:00:00,
2026-03-28 20:00:00,
2026-03-28 21:00:00,
2026-03-28 22:00:00,
2026-03-28 23:00:00,
2026-03-29 00:00:00,
2026-03-29 01:00:00,
2026-03-29 02:00:00,
2026-03-29 03:00:00,
2026-03-29 04:00:00,
2026-03-29 05:00:00,
2026-03-29 06:00:00,
2026-03-29 07:00:00,
2026-03-29 08:00:00,
2026-03-29 09:00:00,
2026-03-29 10:00:00,
2026-03-29 11:00:00,
2026-03-29 12:00:00,
2026-03-29 13:00:00,
2026-03-29 14:00:00,
2026-03-29 15:00:00,
2026-03-29 16:00:00,
2026-03-29 17:00:00,
2026-03-29 18:00:00,
2026-03-29 19:00:00,
2026-03-29 20:00:00,
2026-03-29 21:00:00,
2026-03-29 22:00:00,
2026-03-29 23:00:00,
2026-03-30 00:00:00,
2026-03-30 01:00:00,
2026-03-30 02:00:00,
2026-03-30 03:00:00,
2026-03-30 04:00:00,
2026-03-30 05:00:00,
2026-03-30 06:00:00,
2026-03-30 07:00:00,
2026-03-30 08:00:00,
2026-03-30 09:00:00,
2026-03-30 10:00:00,
2026-03-30 11:00:00,
2026-03-30 12:00:00,0.9450000000000001
2026-03-30 13:00:00,0.9781818181818182
2026-03-30 14:00:00,0.92
2026-03-30 15:00:00,0.9114285714285714
2026-03-30 16:00:00,0.8757142857142857
2026-03-30 17:00:00,0.859
2026-03-30 18:00:00,0.8500000000000001
2026-03-30 19:00:00,0.8037500000000001
2026-03-30 20:00:00,0.843
2026-03-30 21:00:00,0.84625
2026-03-30 22:00:00,0.849
2026-03-30 23:00:00,0.8379999999999999
2026-03-31 00:00:00,0.8318181818181819
2026-03-31 01:00:00,0.835
2026-03-31 02:00:00,0.84
2026-03-31 03:00:00,0.8633333333333333
2026-03-31 04:00:00,0.8763636363636365
2026-03-31 05:00:00,0.875
2026-03-31 06:00:00,0.9009090909090909
2026-03-31 07:00:00,0.995
2026-03-31 08:00:00,1.09
2026-03-31 09:00:00,1.2189999999999999
2026-03-31 10:00:00,1.2518181818181817
2026-03-31 11:00:00,1.2810000000000001
2026-03-31 12:00:00,1.3344444444444443
2026-03-31 13:00:00,1.041
2026-03-31 14:00:00,1.17
2026-03-31 15:00:00,1.2533333333333332
2026-03-31 16:00:00,1.2
2026-03-31 17:00:00,1.200909090909091
2026-03-31 18:00:00,1.0954545454545455
2026-03-31 19:00:00,1.104
2026-03-31 20:00:00,1.1427272727272726
2026-03-31 21:00:00,1.1627272727272726
2026-03-31 22:00:00,1.1424999999999998
2026-03-31 23:00:00,1.11
2026-04-01 00:00:00,1.089
2026-04-01 01:00:00,1.049090909090909
2026-04-01 02:00:00,1.0281818181818183
2026-04-01 03:00:00,1.002
2026-04-01 04:00:00,0.9711111111111111
2026-04-01 05:00:00,0.9259999999999999
2026-04-01 06:00:00,0.9259999999999999
2026-04-01 07:00:00,1.07
2026-04-01 08:00:00,1.0150000000000001
2026-04-01 09:00:00,1.112
2026-04-01 10:00:00,1.1709999999999998
2026-04-01 11:00:00,1.162222222222222
2026-04-01 12:00:00,1.172222222222222
2026-04-01 13:00:00,1.236
2026-04-01 14:00:00,1.2463636363636363
2026-04-01 15:00:00,1.1737499999999998
2026-04-01 16:00:00,1.21
2026-04-01 17:00:00,1.16875
2026-04-01 18:00:00,1.1
2026-04-01 19:00:00,1.092857142857143
2026-04-01 20:00:00,1.1320000000000001
2026-04-01 21:00:00,1.1316666666666666
2026-04-01 22:00:00,1.125
2026-04-01 23:00:00,1.058
2026-04-02 00:00:00,0.82
2026-04-02 01:00:00,0.749
2026-04-02 02:00:00,0.707
2026-04-02 03:00:00,0.673
2026-04-02 04:00:00,0.665
2026-04-02 05:00:00,0.658888888888889
2026-04-02 06:00:00,0.6809090909090909
2026-04-02 07:00:00,0.7566666666666667
2026-04-02 08:00:00,0.8577777777777778
2026-04-02 09:00:00,0.975
2026-04-02 10:00:00,1.0322222222222224
2026-04-02 11:00:00,1.02625
2026-04-02 12:00:00,1.0433333333333334
2026-04-02 13:00:00,1.09
2026-04-02 14:00:00,1.091
2026-04-02 15:00:00,1.0536363636363637
2026-04-02 16:00:00,0.9550000000000001
2026-04-02 17:00:00,0.8955555555555557
2026-04-02 18:00:00,0.9225
2026-04-02 19:00:00,0.9257142857142858
2026-04-02 20:00:00,1.006
2026-04-02 21:00:00,1.08
2026-04-02 22:00:00,1.105
2026-04-02 23:00:00,1.0985714285714285
2026-04-03 00:00:00,1.048
2026-04-03 01:00:00,1.011818181818182
2026-04-03 02:00:00,0.9655555555555555
2026-04-03 03:00:00,0.8966666666666667
2026-04-03 04:00:00,0.8685714285714285
2026-04-03 05:00:00,0.8327272727272728
2026-04-03 06:00:00,0.8722222222222222
2026-04-03 07:00:00,1.0058333333333334
2026-04-03 08:00:00,0.995
2026-04-03 09:00:00,1.0616666666666668
2026-04-03 10:00:00,1.0983333333333334
2026-04-03 11:00:00,1.075
2026-04-03 12:00:00,1.018
2026-04-03 13:00:00,1.02
2026-04-03 14:00:00,1.06875
2026-04-03 15:00:00,1.1236363636363635
2026-04-03 16:00:00,1.175
2026-04-03 17:00:00,1.1728571428571428
2026-04-03 18:00:00,1.0933333333333333
2026-04-03 19:00:00,1.057
2026-04-03 20:00:00,1.0633333333333335
2026-04-03 21:00:00,1.078
2026-04-03 22:00:00,1.067
2026-04-03 23:00:00,1.0566666666666666
2026-04-04 00:00:00,1.04
2026-04-04 01:00:00,1.012
2026-04-04 02:00:00,0.9960000000000001
2026-04-04 03:00:00,0.9869999999999999
2026-04-04 04:00:00,0.9583333333333334
2026-04-04 05:00:00,0.92
2026-04-04 06:00:00,0.9663636363636364
2026-04-04 07:00:00,1.1918181818181817
2026-04-04 08:00:00,1.309090909090909
2026-04-04 09:00:00,1.41
2026-04-04 10:00:00,1.46875
2026-04-04 11:00:00,1.51625
2026-04-04 12:00:00,1.491818181818182
2026-04-04 13:00:00,1.501
2026-04-04 14:00:00,1.4975
2026-04-04 15:00:00,1.3566666666666667
2026-04-04 16:00:00,1.2183333333333333
2026-04-04 17:00:00,1.0870000000000002
2026-04-04 18:00:00,0.9766666666666666
2026-04-04 19:00:00,0.9388888888888888
2026-04-04 20:00:00,0.966
2026-04-04 21:00:00,0.9855555555555555
2026-04-04 22:00:00,0.9977777777777779
2026-04-04 23:00:00,1.0150000000000001
2026-04-05 00:00:00,0.9970000000000001
2026-04-05 01:00:00,0.9690909090909091
2026-04-05 02:00:00,0.9655555555555555
2026-04-05 03:00:00,0.9725
2026-04-05 04:00:00,0.9714285714285714
2026-04-05 05:00:00,0.9522222222222223
2026-04-05 06:00:00,0.9875
2026-04-05 07:00:00,1.1555555555555554
2026-04-05 08:00:00,1.2818181818181817
2026-04-05 09:00:00,1.412
2026-04-05 10:00:00,1.4327272727272726
2026-04-05 11:00:00,1.403
2026-04-05 12:00:00,1.3210000000000002
2026-04-05 13:00:00,1.2790000000000001
2026-04-05 14:00:00,1.2825
2026-04-05 15:00:00,1.2177777777777776
2026-04-05 16:00:00,1.16
2026-04-05 17:00:00,1.02
2026-04-05 18:00:00,0.9044444444444445
2026-04-05 19:00:00,1.0
2026-04-05 20:00:00,1.138
2026-04-05 21:00:00,1.198
2026-04-05 22:00:00,1.22
2026-04-05 23:00:00,1.21
2026-04-06 00:00:00,1.2075
2026-04-06 01:00:00,1.1422222222222222
2026-04-06 02:00:00,1.0818181818181818
2026-04-06 03:00:00,1.004
2026-04-06 04:00:00,0.99
2026-04-06 05:00:00,0.9809090909090908
2026-04-06 06:00:00,0.9958333333333332
2026-04-06 07:00:00,1.1122222222222222
2026-04-06 08:00:00,1.241
2026-04-06 09:00:00,1.3811111111111112
2026-04-06 10:00:00,1.4455555555555555
2026-04-06 11:00:00,1.5150000000000001
2026-04-06 12:00:00,1.5800000000000003
2026-04-06 13:00:00,1.5481818181818183
2026-04-06 14:00:00,1.43875
2026-04-06 15:00:00,1.3800000000000001
2026-04-06 16:00:00,1.36625
2026-04-06 17:00:00,1.318888888888889
2026-04-06 18:00:00,1.2149999999999999
2026-04-06 19:00:00,1.256
2026-04-06 20:00:00,1.2725
2026-04-06 21:00:00,1.2236363636363636
2026-04-06 22:00:00,1.1885714285714286
2026-04-06 23:00:00,1.1955555555555555
2026-04-07 00:00:00,1.1637499999999998
2026-04-07 01:00:00,1.1424999999999998
2026-04-07 02:00:00,1.1218181818181818
2026-04-07 03:00:00,1.085
2026-04-07 04:00:00,1.0522222222222224
2026-04-07 05:00:00,1.035
2026-04-07 06:00:00,1.0870000000000002
2026-04-07 07:00:00,1.3130000000000002
2026-04-07 08:00:00,1.3455555555555554
2026-04-07 09:00:00,1.4271428571428573
2026-04-07 10:00:00,1.4722222222222223
2026-04-07 11:00:00,1.5244444444444445
2026-04-07 12:00:00,1.548
2026-04-07 13:00:00,1.5611111111111111
2026-04-07 14:00:00,1.568
2026-04-07 15:00:00,1.623
2026-04-07 16:00:00,1.6433333333333333
2026-04-07 17:00:00,1.5070000000000001
2026-04-07 18:00:00,1.3654545454545455
2026-04-07 19:00:00,1.3154545454545454
2026-04-07 20:00:00,1.2818181818181817
2026-04-07 21:00:00,1.2571428571428573
2026-04-07 22:00:00,1.2544444444444443
2026-04-07 23:00:00,1.2325
2026-04-08 00:00:00,1.20875
2026-04-08 01:00:00,1.2449999999999999
2026-04-08 02:00:00,1.2655555555555555
2026-04-08 03:00:00,1.2428571428571427
2026-04-08 04:00:00,1.2233333333333334
2026-04-08 05:00:00,1.2218181818181817
2026-04-08 06:00:00,1.2936363636363637
2026-04-08 07:00:00,1.3362500000000002
2026-04-08 08:00:00,1.3683333333333334
2026-04-08 09:00:00,1.5050000000000001
2026-04-08 10:00:00,1.6388888888888888
2026-04-08 11:00:00,1.77
2026-04-08 12:00:00,1.75875
2026-04-08 13:00:00,1.808888888888889
2026-04-08 14:00:00,1.8219999999999998
2026-04-08 15:00:00,1.660909090909091
2026-04-08 16:00:00,1.497272727272727
2026-04-08 17:00:00,1.4966666666666668
2026-04-08 18:00:00,1.366
2026-04-08 19:00:00,1.334
2026-04-08 20:00:00,1.3527272727272728
2026-04-08 21:00:00,1.36
2026-04-08 22:00:00,1.348
2026-04-08 23:00:00,1.327777777777778
2026-04-09 00:00:00,1.32
2026-04-09 01:00:00,1.3025
2026-04-09 02:00:00,1.285
2026-04-09 03:00:00,1.2644444444444445
2026-04-09 04:00:00,1.251
2026-04-09 05:00:00,1.208
2026-04-09 06:00:00,1.2375
2026-04-09 07:00:00,1.352857142857143
2026-04-09 08:00:00,1.4422222222222223
2026-04-09 09:00:00,1.5590909090909093
2026-04-09 10:00:00,1.508181818181818
2026-04-09 11:00:00,1.518
2026-04-09 12:00:00,1.5277777777777777
2026-04-09 13:00:00,1.5470000000000002
2026-04-09 14:00:00,1.4658333333333333
2026-04-09 15:00:00,1.3808333333333334
2026-04-09 16:00:00,1.28
2026-04-09 17:00:00,1.171111111111111
2026-04-09 18:00:00,1.1190000000000002
2026-04-09 19:00:00,1.1320000000000001
2026-04-09 20:00:00,1.1644444444444444
2026-04-09 21:00:00,1.1809090909090907
2026-04-09 22:00:00,1.1677777777777778
2026-04-09 23:00:00,1.136
2026-04-10 00:00:00,1.1155555555555556
2026-04-10 01:00:00,1.0885714285714287
2026-04-10 02:00:00,1.0455555555555556
2026-04-10 03:00:00,1.03
2026-04-10 04:00:00,1.0150000000000001
2026-04-10 05:00:00,1.0130000000000001
2026-04-10 06:00:00,1.0672727272727274
2026-04-10 07:00:00,1.1875
2026-04-10 08:00:00,1.33875
2026-04-10 09:00:00,1.4527272727272729
2026-04-10 10:00:00,1.204
2026-04-10 11:00:00,1.2133333333333334
2026-04-10 12:00:00,1.049090909090909
2026-04-10 13:00:00,1.034
2026-04-10 14:00:00,1.0366666666666666
2026-04-10 15:00:00,1.0166666666666666
2026-04-10 16:00:00,0.9918181818181818
2026-04-10 17:00:00,0.90125
2026-04-10 18:00:00,0.897
2026-04-10 19:00:00,0.9372727272727274
2026-04-10 20:00:00,0.9690909090909091
2026-04-10 21:00:00,0.985
2026-04-10 22:00:00,1.0014285714285713
2026-04-10 23:00:00,1.01
2026-04-11 00:00:00,1.004
2026-04-11 01:00:00,0.945
2026-04-11 02:00:00,0.9325
2026-04-11 03:00:00,0.9355555555555556
2026-04-11 04:00:00,0.9172727272727272
2026-04-11 05:00:00,0.909
2026-04-11 06:00:00,0.9536363636363636
2026-04-11 07:00:00,1.0144444444444445
2026-04-11 08:00:00,1.059090909090909
2026-04-11 09:00:00,1.129
2026-04-11 10:00:00,1.1709999999999998
2026-04-11 11:00:00,1.2155555555555555
2026-04-11 12:00:00,1.19
2026-04-11 13:00:00,1.18
2026-04-11 14:00:00,1.1583333333333332
2026-04-11 15:00:00,1.0655555555555556
2026-04-11 16:00:00,1.0863636363636364
2026-04-11 17:00:00,1.121
2026-04-11 18:00:00,1.1442857142857144
2026-04-11 19:00:00,1.1922222222222223
2026-04-11 20:00:00,1.2111111111111112
2026-04-11 21:00:00,1.2349999999999999
2026-04-11 22:00:00,1.2372727272727273
2026-04-11 23:00:00,1.29125
2026-04-12 00:00:00,1.413333333333333
2026-04-12 01:00:00,1.4545454545454546
2026-04-12 02:00:00,1.452
2026-04-12 03:00:00,1.4366666666666665
2026-04-12 04:00:00,1.3688888888888888
2026-04-12 05:00:00,1.3145454545454547
2026-04-12 06:00:00,1.3311111111111111
2026-04-12 07:00:00,1.3988888888888888
2026-04-12 08:00:00,1.5657142857142858
2026-04-12 09:00:00,1.616
2026-04-12 10:00:00,1.718
2026-04-12 11:00:00,1.742727272727273
2026-04-12 12:00:00,1.68125
2026-04-12 13:00:00,1.58
2026-04-12 14:00:00,1.6590909090909092
2026-04-12 15:00:00,1.68
2026-04-12 16:00:00,1.636
2026-04-12 17:00:00,1.5545454545454547
2026-04-12 18:00:00,1.481
2026-04-12 19:00:00,1.514
2026-04-12 20:00:00,1.5370000000000001
2026-04-12 21:00:00,1.5150000000000001
2026-04-12 22:00:00,1.5075
2026-04-12 23:00:00,1.4877777777777779
2026-04-13 00:00:00,1.2655555555555555
2026-04-13 01:00:00,1.156
2026-04-13 02:00:00,1.0925
2026-04-13 03:00:00,1.0145454545454546
2026-04-13 04:00:00,0.909
2026-04-13 05:00:00,0.8300000000000001
2026-04-13 06:00:00,0.8240000000000001
2026-04-13 07:00:00,0.8572727272727273
2026-04-13 08:00:00,0.8880000000000001
2026-04-13 09:00:00,1.0122222222222221
2026-04-13 10:00:00,1.0981818181818184
2026-04-13 11:00:00,1.127
2026-04-13 12:00:00,1.1
2026-04-13 13:00:00,1.09
2026-04-13 14:00:00,1.074
2026-04-13 15:00:00,0.991111111111111
2026-04-13 16:00:00,0.9425
2026-04-13 17:00:00,0.8428571428571429
2026-04-13 18:00:00,0.7525
2026-04-13 19:00:00,0.7055555555555555
2026-04-13 20:00:00,0.6944444444444444
2026-04-13 21:00:00,0.681
2026-04-13 22:00:00,0.6966666666666667
2026-04-13 23:00:00,0.7455555555555555
2026-04-14 00:00:00,0.755
2026-04-14 01:00:00,0.7488888888888889
2026-04-14 02:00:00,0.757
2026-04-14 03:00:00,0.78
2026-04-14 04:00:00,0.80125
2026-04-14 05:00:00,0.8127272727272726
2026-04-14 06:00:00,0.8766666666666666
2026-04-14 07:00:00,1.009090909090909
2026-04-14 08:00:00,1.08
2026-04-14 09:00:00,1.2366666666666666
2026-04-14 10:00:00,1.3290000000000002
2026-04-14 11:00:00,1.3316666666666668
2026-04-14 12:00:00,1.3416666666666668
2026-04-14 13:00:00,1.4227272727272726
2026-04-14 14:00:00,1.420909090909091
2026-04-14 15:00:00,1.177
2026-04-14 16:00:00,1.20875
2026-04-14 17:00:00,1.2477777777777779
2026-04-14 18:00:00,1.25
2026-04-14 19:00:00,1.20625
2026-04-14 20:00:00,1.2570000000000001
2026-04-14 21:00:00,1.2583333333333333
2026-04-14 22:00:00,1.2083333333333333
2026-04-14 23:00:00,1.174
2026-04-15 00:00:00,1.1785714285714286
2026-04-15 01:00:00,1.1424999999999998
2026-04-15 02:00:00,1.1166666666666667
2026-04-15 03:00:00,1.091
2026-04-15 04:00:00,1.082
2026-04-15 05:00:00,1.072
2026-04-15 06:00:00,1.1722222222222223
2026-04-15 07:00:00,1.44
2026-04-15 08:00:00,1.462
2026-04-15 09:00:00,1.558
2026-04-15 10:00:00,1.5862500000000002
2026-04-15 11:00:00,1.6363636363636365
2026-04-15 12:00:00,1.6588888888888889
2026-04-15 13:00:00,1.62
2026-04-15 14:00:00,1.3781818181818182
2026-04-15 15:00:00,1.4655555555555555
2026-04-15 16:00:00,1.61625
2026-04-15 17:00:00,1.4666666666666666
2026-04-15 18:00:00,1.344
2026-04-15 19:00:00,1.2730000000000001
2026-04-15 20:00:00,1.2977777777777777
2026-04-15 21:00:00,1.3081818181818183
2026-04-15 22:00:00,1.3233333333333333
2026-04-15 23:00:00,1.315
2026-04-16 00:00:00,1.2827272727272727
2026-04-16 01:00:00,1.2744444444444445
2026-04-16 02:00:00,1.275
2026-04-16 03:00:00,1.274
2026-04-16 04:00:00,1.261
2026-04-16 05:00:00,1.2344444444444445
2026-04-16 06:00:00,1.34375
2026-04-16 07:00:00,1.5741666666666667
2026-04-16 08:00:00,1.524
2026-04-16 09:00:00,1.545
2026-04-16 10:00:00,
2026-04-16 11:00:00,
2026-04-16 12:00:00,
2026-04-16 13:00:00,
2026-04-16 14:00:00,
2026-04-16 15:00:00,
2026-04-16 16:00:00,
2026-04-16 17:00:00,
2026-04-16 18:00:00,1.3055555555555556
2026-04-16 19:00:00,1.334
2026-04-16 20:00:00,1.3663636363636364
2026-04-16 21:00:00,1.39
2026-04-16 22:00:00,1.371
2026-04-16 23:00:00,1.3257142857142858
2026-04-17 00:00:00,1.2833333333333334
2026-04-17 01:00:00,1.2777777777777777
2026-04-17 02:00:00,1.3163636363636364
2026-04-17 03:00:00,1.283
2026-04-17 04:00:00,1.2455555555555557
2026-04-17 05:00:00,1.2
2026-04-17 06:00:00,1.238
2026-04-17 07:00:00,1.4555555555555555
2026-04-17 08:00:00,1.5944444444444443
2026-04-17 09:00:00,1.6288888888888888
2026-04-17 10:00:00,1.6011111111111112
2026-04-17 11:00:00,1.6077777777777778
2026-04-17 12:00:00,1.6763636363636365
2026-04-17 13:00:00,1.654
2026-04-17 14:00:00,1.6777777777777778
2026-04-17 15:00:00,1.5583333333333333
2026-04-17 16:00:00,1.4277777777777778
2026-04-17 17:00:00,1.261818181818182
2026-04-17 18:00:00,1.28
2026-04-17 19:00:00,1.274
2026-04-17 20:00:00,1.1908333333333332
2026-04-17 21:00:00,1.24
2026-04-17 22:00:00,1.306
2026-04-17 23:00:00,1.3162500000000001
2026-04-18 00:00:00,1.2922222222222224
2026-04-18 01:00:00,1.2766666666666666
2026-04-18 02:00:00,1.259
2026-04-18 03:00:00,1.2455555555555557
2026-04-18 04:00:00,1.21125
2026-04-18 05:00:00,1.1877777777777778
2026-04-18 06:00:00,1.292
2026-04-18 07:00:00,1.5244444444444445
2026-04-18 08:00:00,1.6490909090909092
2026-04-18 09:00:00,1.71
2026-04-18 10:00:00,1.7766666666666666
2026-04-18 11:00:00,1.4708333333333332
2026-04-18 12:00:00,1.49
2026-04-18 13:00:00,1.47625
2026-04-18 14:00:00,1.5633333333333335
2026-04-18 15:00:00,1.471818181818182
2026-04-18 16:00:00,1.354
2026-04-18 17:00:00,1.318888888888889
2026-04-18 18:00:00,1.2127272727272727
2026-04-18 19:00:00,1.12
2026-04-18 20:00:00,1.12
2026-04-18 21:00:00,1.172
2026-04-18 22:00:00,1.24
2026-04-18 23:00:00,1.2777777777777777
2026-04-19 00:00:00,1.268
2026-04-19 01:00:00,1.1881818181818182
2026-04-19 02:00:00,1.2216666666666667
2026-04-19 03:00:00,1.175
2026-04-19 04:00:00,1.12375
2026-04-19 05:00:00,1.136
2026-04-19 06:00:00,1.1590909090909092
2026-04-19 07:00:00,1.2188888888888887
2026-04-19 08:00:00,1.3325
2026-04-19 09:00:00,1.443
2026-04-19 10:00:00,1.50375
2026-04-19 11:00:00,1.488
2026-04-19 12:00:00,1.4377777777777778
2026-04-19 13:00:00,1.46
2026-04-19 14:00:00,1.521
2026-04-19 15:00:00,1.4428571428571428
2026-04-19 16:00:00,1.3622222222222222
2026-04-19 17:00:00,1.231111111111111
2026-04-19 18:00:00,1.1344444444444446
2026-04-19 19:00:00,1.088
2026-04-19 20:00:00,1.1125
2026-04-19 21:00:00,1.1736363636363636
2026-04-19 22:00:00,1.1844444444444444
2026-04-19 23:00:00,1.1975
2026-04-20 00:00:00,1.2244444444444444
2026-04-20 01:00:00,1.2209999999999999
2026-04-20 02:00:00,1.1969999999999998
2026-04-20 03:00:00,1.166
2026-04-20 04:00:00,1.1433333333333333
2026-04-20 05:00:00,1.137
2026-04-20 06:00:00,1.2481818181818183
2026-04-20 07:00:00,1.4133333333333333
2026-04-20 08:00:00,1.459
2026-04-20 09:00:00,1.317
2026-04-20 10:00:00,1.3585714285714285
2026-04-20 11:00:00,1.4418181818181817
2026-04-20 12:00:00,1.418
2026-04-20 13:00:00,1.4872727272727273
2026-04-20 14:00:00,1.5172727272727273
2026-04-20 15:00:00,1.349
2026-04-20 16:00:00,1.311
2026-04-20 17:00:00,1.2372727272727273
2026-04-20 18:00:00,1.2057142857142857
2026-04-20 19:00:00,1.2027272727272729
2026-04-20 20:00:00,1.2622222222222221
2026-04-20 21:00:00,1.2481818181818183
2026-04-20 22:00:00,1.261818181818182
2026-04-20 23:00:00,1.2650000000000001
2026-04-21 00:00:00,1.25
2026-04-21 01:00:00,1.2063636363636363
2026-04-21 02:00:00,1.1588888888888889
2026-04-21 03:00:00,1.147142857142857
2026-04-21 04:00:00,1.1066666666666667
2026-04-21 05:00:00,1.05
2026-04-21 06:00:00,1.1216666666666668
2026-04-21 07:00:00,1.1444444444444444
2026-04-21 08:00:00,1.225
2026-04-21 09:00:00,1.3150000000000002
2026-04-21 10:00:00,1.321818181818182
2026-04-21 11:00:00,1.3422222222222222
2026-04-21 12:00:00,1.3944444444444446
2026-04-21 13:00:00,1.4163636363636363
2026-04-21 14:00:00,1.47
2026-04-21 15:00:00,1.3577777777777778
2026-04-21 16:00:00,1.3081818181818183
2026-04-21 17:00:00,1.387
2026-04-21 18:00:00,1.3
2026-04-21 19:00:00,1.2344444444444445
2026-04-21 20:00:00,1.34
2026-04-21 21:00:00,1.383
2026-04-21 22:00:00,1.4254545454545455
2026-04-21 23:00:00,1.3688888888888888
2026-04-22 00:00:00,1.3518181818181818
2026-04-22 01:00:00,1.396
2026-04-22 02:00:00,1.3427272727272728
2026-04-22 03:00:00,1.305
2026-04-22 04:00:00,1.26
2026-04-22 05:00:00,1.26
2026-04-22 06:00:00,1.2375
2026-04-22 07:00:00,1.1944444444444444
2026-04-22 08:00:00,1.272857142857143
2026-04-22 09:00:00,1.3625
2026-04-22 10:00:00,1.519782608695652
2026-04-22 11:00:00,1.833359375
2026-04-22 12:00:00,1.7791472868217053
2026-04-22 13:00:00,1.7420799999999999
2026-04-22 14:00:00,1.7395454545454545
2026-04-22 15:00:00,1.6849107142857143
2026-04-22 16:00:00,1.5525833333333334
2026-04-22 17:00:00,1.26152
2026-04-22 18:00:00,1.1377570093457943
2026-04-22 19:00:00,1.228118811881188
2026-04-22 20:00:00,1.3275000000000001
2026-04-22 21:00:00,1.3282075471698116
2026-04-22 22:00:00,1.410943396226415
2026-04-22 23:00:00,1.3947126436781607
2026-04-23 00:00:00,1.434123711340206
2026-04-23 01:00:00,1.667128712871287
2026-04-23 02:00:00,1.7315463917525773
2026-04-23 03:00:00,1.6886021505376343
2026-04-23 04:00:00,1.579519230769231
2026-04-23 05:00:00,1.5436470588235296
2026-04-23 06:00:00,1.5671000000000002
2026-04-23 07:00:00,1.642608695652174
2026-04-23 08:00:00,1.622803738317757
2026-04-23 09:00:00,1.6358035714285715
2026-04-23 10:00:00,1.5971052631578946
2026-04-23 11:00:00,1.5358333333333334
2026-04-23 12:00:00,1.3601923076923077
2026-04-23 13:00:00,1.4574489795918366
2026-04-23 14:00:00,1.2941836734693877
2026-04-23 15:00:00,1.3277
2026-04-23 16:00:00,1.411875
2026-04-23 17:00:00,1.5257142857142858
2026-04-23 18:00:00,1.3818095238095238
2026-04-23 19:00:00,1.302921348314607
2026-04-23 20:00:00,1.3410344827586207
2026-04-23 21:00:00,1.3954081632653061
2026-04-23 22:00:00,1.3938888888888887
2026-04-23 23:00:00,1.3757692307692309
2026-04-24 00:00:00,1.4128125
2026-04-24 01:00:00,1.3767346938775509
2026-04-24 02:00:00,1.3425
2026-04-24 03:00:00,1.3108411214953273
2026-04-24 04:00:00,1.2968627450980392
2026-04-24 05:00:00,1.2790291262135922
2026-04-24 06:00:00,1.3268
2026-04-24 07:00:00,1.34
2026-04-24 08:00:00,1.405148514851485
2026-04-24 09:00:00,1.5806363636363636
2026-04-24 10:00:00,1.54
2026-04-24 11:00:00,1.463728813559322
2026-04-24 12:00:00,1.5190909090909093
2026-04-24 13:00:00,1.4918103448275863
2026-04-24 14:00:00,1.4557407407407408
2026-04-24 15:00:00,1.585217391304348
2026-04-24 16:00:00,1.7144247787610618
2026-04-24 17:00:00,1.6391262135922329
2026-04-24 18:00:00,1.5915887850467292
2026-04-24 19:00:00,1.5148275862068965
2026-04-24 20:00:00,1.5122222222222224
2026-04-24 21:00:00,1.489
2026-04-24 22:00:00,1.4939814814814814
2026-04-24 23:00:00,1.4992391304347827
2026-04-25 00:00:00,1.5097115384615383
2026-04-25 01:00:00,1.5168627450980392
2026-04-25 02:00:00,1.5214563106796117
2026-04-25 03:00:00,1.5342574257425743
2026-04-25 04:00:00,1.5256880733944955
2026-04-25 05:00:00,1.5871698113207549
2026-04-25 06:00:00,1.606078431372549
2026-04-25 07:00:00,1.6529245283018865
2026-04-25 08:00:00,1.5345283018867923
2026-04-25 09:00:00,1.5095876288659795
2026-04-25 10:00:00,1.5667961165048543
2026-04-25 11:00:00,1.4265384615384613
2026-04-25 12:00:00,1.4818421052631578
2026-04-25 13:00:00,1.5466666666666666
2026-04-25 14:00:00,1.4813084112149533
2026-04-25 15:00:00,1.418155339805825
2026-04-25 16:00:00,1.3858415841584157
2026-04-25 17:00:00,1.3816831683168316
2026-04-25 18:00:00,1.3968367346938775
2026-04-25 19:00:00,1.4584761904761903
2026-04-25 20:00:00,1.4418811881188118
2026-04-25 21:00:00,1.4908695652173913
2026-04-25 22:00:00,1.4476530612244898
2026-04-25 23:00:00,1.4912745098039215
2026-04-26 00:00:00,1.4954205607476634
2026-04-26 01:00:00,1.4991176470588234
2026-04-26 02:00:00,1.4496153846153845
2026-04-26 03:00:00,1.313240740740741
2026-04-26 04:00:00,1.3095959595959596
2026-04-26 05:00:00,1.224795918367347
2026-04-26 06:00:00,1.3050485436893204
2026-04-26 07:00:00,1.4063963963963966
2026-04-26 08:00:00,1.8115873015873014
2026-04-26 09:00:00,1.8935766423357665
2026-04-26 10:00:00,1.83
2026-04-26 11:00:00,1.6715555555555555
2026-04-26 12:00:00,1.589375
2026-04-26 13:00:00,1.476
2026-04-26 14:00:00,1.4604
2026-04-26 15:00:00,1.4561607142857143
2026-04-26 16:00:00,1.4167521367521367
2026-04-26 17:00:00,1.3641999999999999
2026-04-26 18:00:00,1.2200970873786408
2026-04-26 19:00:00,1.249090909090909
2026-04-26 20:00:00,1.3716666666666666
2026-04-26 21:00:00,1.3917117117117117
2026-04-26 22:00:00,1.3798809523809523
2026-04-26 23:00:00,1.3687128712871288
2026-04-27 00:00:00,1.3517475728155341
2026-04-27 01:00:00,1.3205102040816326
2026-04-27 02:00:00,1.3053921568627451
2026-04-27 03:00:00,1.2559
2026-04-27 04:00:00,1.2192307692307691
2026-04-27 05:00:00,1.3163541666666667
2026-04-27 06:00:00,1.3626595744680852
2026-04-27 07:00:00,1.4689423076923078
2026-04-27 08:00:00,1.6076923076923078
2026-04-27 09:00:00,1.6425
2026-04-27 10:00:00,1.56421875
2026-04-27 11:00:00,1.3345454545454545
2026-04-27 12:00:00,1.2186046511627906
2026-04-27 13:00:00,1.174920634920635
2026-04-27 14:00:00,1.355655737704918
2026-04-27 15:00:00,1.2862698412698412
2026-04-27 16:00:00,1.353551401869159
2026-04-27 17:00:00,1.4222549019607842
2026-04-27 18:00:00,1.4137614678899082
2026-04-27 19:00:00,1.4352678571428572
2026-04-27 20:00:00,1.478653846153846
2026-04-27 21:00:00,1.5113725490196077
2026-04-27 22:00:00,1.5055769230769231
2026-04-27 23:00:00,1.4727619047619047
2026-04-28 00:00:00,1.4363461538461537
2026-04-28 01:00:00,1.3967676767676769
2026-04-28 02:00:00,1.3889320388349515
2026-04-28 03:00:00,1.353076923076923
2026-04-28 04:00:00,1.3177669902912623
2026-04-28 05:00:00,1.2303061224489795
2026-04-28 06:00:00,1.2842857142857143
2026-04-28 07:00:00,1.321909090909091
2026-04-28 08:00:00,1.3724742268041237
2026-04-28 09:00:00,1.4971153846153844
2026-04-28 10:00:00,1.6141129032258066
2026-04-28 11:00:00,1.4647933884297522
2026-04-28 12:00:00,1.4778813559322033
2026-04-28 13:00:00,1.5583035714285713
2026-04-28 14:00:00,1.5542477876106193
2026-04-28 15:00:00,1.588803418803419
2026-04-28 16:00:00,1.566822429906542
2026-04-28 17:00:00,1.4881372549019607
2026-04-28 18:00:00,1.533008849557522
2026-04-28 19:00:00,1.6134821428571429
2026-04-28 20:00:00,1.6559649122807019
2026-04-28 21:00:00,1.6702727272727271
2026-04-28 22:00:00,1.6500961538461536
2026-04-28 23:00:00,1.5972549019607845
2026-04-29 00:00:00,1.569809523809524
2026-04-29 01:00:00,1.525840707964602
2026-04-29 02:00:00,1.4962616822429906
2026-04-29 03:00:00,1.4635051546391753
2026-04-29 04:00:00,1.5305309734513275
2026-04-29 05:00:00,1.590485436893204
2026-04-29 06:00:00,1.5736792452830188
2026-04-29 07:00:00,1.647232142857143
2026-04-29 08:00:00,1.7569827586206896
2026-04-29 09:00:00,1.7824
2026-04-29 10:00:00,1.709557522123894
2026-04-29 11:00:00,1.694
2026-04-29 12:00:00,1.6770967741935483
2026-04-29 13:00:00,1.7036036036036035
2026-04-29 14:00:00,1.694245283018868
2026-04-29 15:00:00,1.6755357142857144
2026-04-29 16:00:00,1.6184466019417478
2026-04-29 17:00:00,1.603888888888889
2026-04-29 18:00:00,1.6059183673469388
2026-04-29 19:00:00,1.613904761904762
2026-04-29 20:00:00,1.6056756756756758
2026-04-29 21:00:00,1.6354205607476633
2026-04-29 22:00:00,1.6515929203539823
2026-04-29 23:00:00,1.6311926605504585
2026-04-30 00:00:00,1.5932352941176473
2026-04-30 01:00:00,1.562336448598131
2026-04-30 02:00:00,1.5857692307692308
2026-04-30 03:00:00,1.7071929824561405
2026-04-30 04:00:00,1.5664356435643565
2026-04-30 05:00:00,1.5604385964912282
2026-04-30 06:00:00,1.6255045871559635
2026-04-30 07:00:00,1.7307826086956521
2026-04-30 08:00:00,1.7648245614035087
2026-04-30 09:00:00,1.7790677966101696
2026-04-30 10:00:00,1.8095488721804514
2026-04-30 11:00:00,1.802520325203252
2026-04-30 12:00:00,1.7360504201680673
2026-04-30 13:00:00,1.7275213675213676
2026-04-30 14:00:00,1.8188695652173914
2026-04-30 15:00:00,1.8276422764227642
2026-04-30 16:00:00,1.7902500000000001
2026-04-30 17:00:00,1.6788288288288287
2026-04-30 18:00:00,1.6472173913043477
2026-04-30 19:00:00,1.6565420560747663
2026-04-30 20:00:00,1.6346363636363637
2026-04-30 21:00:00,1.655315315315315
2026-04-30 22:00:00,1.6891666666666667
2026-04-30 23:00:00,1.7162244897959182
2026-05-01 00:00:00,1.731081081081081
2026-05-01 01:00:00,1.7521008403361344
2026-05-01 02:00:00,1.7802830188679246
2026-05-01 03:00:00,1.7785714285714285
2026-05-01 04:00:00,1.7618965517241378
2026-05-01 05:00:00,1.7346846846846848
2026-05-01 06:00:00,1.7565
2026-05-01 07:00:00,1.8084684684684686
2026-05-01 08:00:00,1.7864077669902914
2026-05-01 09:00:00,1.86675
2026-05-01 10:00:00,1.836271186440678
2026-05-01 11:00:00,1.8648760330578513
2026-05-01 12:00:00,1.84009009009009
2026-05-01 13:00:00,1.8487826086956523
2026-05-01 14:00:00,1.8265040650406503
2026-05-01 15:00:00,1.8567241379310344
2026-05-01 16:00:00,1.8722641509433964
2026-05-01 17:00:00,1.7987962962962964
2026-05-01 18:00:00,1.7660176991150442
2026-05-01 19:00:00,1.7146226415094339
2026-05-01 20:00:00,1.6947169811320753
2026-05-01 21:00:00,1.7129906542056075
2026-05-01 22:00:00,1.7453333333333332
2026-05-01 23:00:00,1.7584313725490197
2026-05-02 00:00:00,1.7582291666666665
2026-05-02 01:00:00,1.7569444444444444
2026-05-02 02:00:00,1.75311320754717
2026-05-02 03:00:00,1.7442477876106195
2026-05-02 04:00:00,1.7426785714285715
2026-05-02 05:00:00,1.709646017699115
2026-05-02 06:00:00,1.7135514018691589
2026-05-02 07:00:00,1.7582178217821784
2026-05-02 08:00:00,1.7660550458715596
2026-05-02 09:00:00,1.803157894736842
2026-05-02 10:00:00,1.883360655737705
2026-05-02 11:00:00,1.7873684210526315
2026-05-02 12:00:00,1.780181818181818
2026-05-02 13:00:00,1.8545871559633027
2026-05-02 14:00:00,1.7622641509433963
2026-05-02 15:00:00,1.8094166666666667
2026-05-02 16:00:00,1.7277192982456142
2026-05-02 17:00:00,1.7679646017699115
2026-05-02 18:00:00,1.730892857142857
2026-05-02 19:00:00,1.6992307692307693
2026-05-02 20:00:00,1.6920833333333332
2026-05-02 21:00:00,1.7254716981132077
2026-05-02 22:00:00,1.7476923076923077
2026-05-02 23:00:00,1.7589565217391305
2026-05-03 00:00:00,1.7546846846846849
2026-05-03 01:00:00,1.7222
2026-05-03 02:00:00,1.688316831683168
2026-05-03 03:00:00,1.6535897435897435
2026-05-03 04:00:00,1.707090909090909
2026-05-03 05:00:00,1.7118269230769232
2026-05-03 06:00:00,1.7141904761904763
2026-05-03 07:00:00,1.6882857142857142
2026-05-03 08:00:00,1.6742857142857142
2026-05-03 09:00:00,1.6897196261682241
2026-05-03 10:00:00,1.8177118644067798
2026-05-03 11:00:00,1.7964102564102564
2026-05-03 12:00:00,1.790084745762712
2026-05-03 13:00:00,1.7930327868852458
2026-05-03 14:00:00,1.705546218487395
2026-05-03 15:00:00,1.6675396825396824
2026-05-03 16:00:00,1.7178761061946903
2026-05-03 17:00:00,1.825948275862069
2026-05-03 18:00:00,1.765377358490566
2026-05-03 19:00:00,1.735
2026-05-03 20:00:00,1.7501086956521739
2026-05-03 21:00:00,1.7690697674418607
2026-05-03 22:00:00,1.7855813953488373
2026-05-03 23:00:00,1.8068604651162792
2026-05-04 00:00:00,1.8207954545454548
2026-05-04 01:00:00,1.83125
2026-05-04 02:00:00,1.8322988505747126
2026-05-04 03:00:00,1.8163829787234043
2026-05-04 04:00:00,1.792093023255814
2026-05-04 05:00:00,1.7602409638554217
2026-05-04 06:00:00,1.7719999999999998
2026-05-04 07:00:00,1.8209756097560974
2026-05-04 08:00:00,1.9122916666666665
2026-05-04 09:00:00,1.9493814432989691
2026-05-04 10:00:00,1.9594782608695653
2026-05-04 11:00:00,1.8168
2026-05-04 12:00:00,1.7868518518518517
2026-05-04 13:00:00,1.6626881720430107
2026-05-04 14:00:00,1.5037362637362637
2026-05-04 15:00:00,1.30989898989899
2026-05-04 16:00:00,1.3195505617977528
2026-05-04 17:00:00,1.4057777777777778
2026-05-04 18:00:00,1.4823863636363634
2026-05-04 19:00:00,1.479318181818182
2026-05-04 20:00:00,1.487684210526316
2026-05-04 21:00:00,1.5703225806451613
2026-05-04 22:00:00,1.5790697674418606
2026-05-04 23:00:00,1.5556976744186046
2026-05-05 00:00:00,1.5513186813186814
2026-05-05 01:00:00,1.5196296296296297
2026-05-05 02:00:00,1.488421052631579
2026-05-05 03:00:00,1.25975
2026-05-05 04:00:00,1.1379487179487178
2026-05-05 05:00:00,1.0949382716049385
2026-05-05 06:00:00,1.1884269662921347
2026-05-05 07:00:00,1.2668468468468468
2026-05-05 08:00:00,1.2514150943396227
2026-05-05 09:00:00,1.2089622641509434
2026-05-05 10:00:00,1.1327184466019418
2026-05-05 11:00:00,1.0872277227722773
2026-05-05 12:00:00,1.1499074074074074
2026-05-05 13:00:00,1.1229032258064517
2026-05-05 14:00:00,1.0488785046728972
2026-05-05 15:00:00,1.0327083333333333
2026-05-05 16:00:00,1.0630392156862747
2026-05-05 17:00:00,1.0476404494382023
2026-05-05 18:00:00,1.1655172413793102
2026-05-05 19:00:00,1.228170731707317
2026-05-05 20:00:00,1.2748101265822787
2026-05-05 21:00:00,1.2590697674418605
2026-05-05 22:00:00,1.2527058823529411
2026-05-05 23:00:00,1.3193902439024392
2026-05-06 00:00:00,1.36
2026-05-06 01:00:00,1.301046511627907
2026-05-06 02:00:00,1.222872340425532
2026-05-06 03:00:00,1.207142857142857
2026-05-06 04:00:00,1.1231645569620254
2026-05-06 05:00:00,1.1247435897435898
2026-05-06 06:00:00,1.223932584269663
2026-05-06 07:00:00,1.4767676767676767
2026-05-06 08:00:00,1.6209090909090909
2026-05-06 09:00:00,
2026-05-06 10:00:00,
2026-05-06 11:00:00,
2026-05-06 12:00:00,
2026-05-06 13:00:00,
2026-05-06 14:00:00,
2026-05-06 15:00:00,
2026-05-06 16:00:00,
2026-05-06 17:00:00,
2026-05-06 18:00:00,
2026-05-06 19:00:00,
2026-05-06 20:00:00,
2026-05-06 21:00:00,
2026-05-06 22:00:00,
2026-05-06 23:00:00,
2026-05-07 00:00:00,
2026-05-07 01:00:00,
2026-05-07 02:00:00,
2026-05-07 03:00:00,
2026-05-07 04:00:00,
2026-05-07 05:00:00,
2026-05-07 06:00:00,
2026-05-07 07:00:00,
2026-05-07 08:00:00,
2026-05-07 09:00:00,
2026-05-07 10:00:00,
2026-05-07 11:00:00,
2026-05-07 12:00:00,
2026-05-07 13:00:00,
2026-05-07 14:00:00,
2026-05-07 15:00:00,
2026-05-07 16:00:00,
2026-05-07 17:00:00,
2026-05-07 18:00:00,
2026-05-07 19:00:00,
2026-05-07 20:00:00,
2026-05-07 21:00:00,
2026-05-07 22:00:00,
2026-05-07 23:00:00,
2026-05-08 00:00:00,
2026-05-08 01:00:00,
2026-05-08 02:00:00,
2026-05-08 03:00:00,
2026-05-08 04:00:00,
2026-05-08 05:00:00,
2026-05-08 06:00:00,
2026-05-08 07:00:00,
2026-05-08 08:00:00,
2026-05-08 09:00:00,
2026-05-08 10:00:00,
2026-05-08 11:00:00,1.9114285714285713
2026-05-08 12:00:00,1.8699999999999999
2026-05-08 13:00:00,1.5380327868852457
2026-05-08 14:00:00,1.486346153846154
2026-05-08 15:00:00,1.4512962962962963
2026-05-08 16:00:00,1.3981132075471696
2026-05-08 17:00:00,1.4465
2026-05-08 18:00:00,1.4216666666666666
2026-05-08 19:00:00,1.3982978723404256
2026-05-08 20:00:00,1.40027027027027
2026-05-08 21:00:00,1.4565116279069767
2026-05-08 22:00:00,1.496888888888889
2026-05-08 23:00:00,1.4881081081081082
2026-05-09 00:00:00,1.4815625
2026-05-09 01:00:00,1.462
2026-05-09 02:00:00,1.470294117647059
2026-05-09 03:00:00,1.4602499999999998
2026-05-09 04:00:00,1.4274358974358974
2026-05-09 05:00:00,1.386578947368421
2026-05-09 06:00:00,1.4646341463414634
2026-05-09 07:00:00,1.4975
2026-05-09 08:00:00,1.5297872340425533
2026-05-09 09:00:00,1.6022727272727273
2026-05-09 10:00:00,1.8550943396226414
2026-05-09 11:00:00,1.8
2026-05-09 12:00:00,1.7854901960784315
2026-05-09 13:00:00,1.75375
2026-05-09 14:00:00,1.6563461538461537
2026-05-09 15:00:00,1.5916326530612246
2026-05-09 16:00:00,1.606521739130435
2026-05-09 17:00:00,1.4927083333333335
2026-05-09 18:00:00,1.4660416666666667
2026-05-09 19:00:00,1.4434999999999998
2026-05-09 20:00:00,1.4588095238095238
2026-05-09 21:00:00,1.5367567567567568
2026-05-09 22:00:00,1.468222222222222
2026-05-09 23:00:00,1.3842424242424243
2026-05-10 00:00:00,1.3534375
2026-05-10 01:00:00,1.3405555555555557
2026-05-10 02:00:00,1.3406666666666667
2026-05-10 03:00:00,1.3217500000000002
2026-05-10 04:00:00,1.3374285714285714
2026-05-10 05:00:00,1.3784444444444444
2026-05-10 06:00:00,1.6087037037037037
2026-05-10 07:00:00,1.719814814814815
2026-05-10 08:00:00,1.7633333333333334
2026-05-10 09:00:00,1.7437500000000001
2026-05-10 10:00:00,1.6576363636363636
2026-05-10 11:00:00,1.4190566037735848
2026-05-10 12:00:00,1.4138
2026-05-10 13:00:00,1.4213999999999998
2026-05-10 14:00:00,1.3846938775510202
2026-05-10 15:00:00,1.3480392156862746
2026-05-10 16:00:00,1.3560869565217393
2026-05-10 17:00:00,1.298695652173913
2026-05-10 18:00:00,1.3709090909090909
2026-05-10 19:00:00,1.3841304347826087
2026-05-10 20:00:00,1.4267391304347825
2026-05-10 21:00:00,1.3669565217391304
2026-05-10 22:00:00,1.2605555555555557
2026-05-10 23:00:00,1.2441666666666666
2026-05-11 00:00:00,1.22625
2026-05-11 01:00:00,1.2671428571428571
2026-05-11 02:00:00,1.31425
2026-05-11 03:00:00,1.205111111111111
2026-05-11 04:00:00,1.3050000000000002
2026-05-11 05:00:00,1.2305405405405405
2026-05-11 06:00:00,1.354423076923077
2026-05-11 07:00:00,1.3266037735849057
2026-05-11 08:00:00,1.2010714285714286
2026-05-11 09:00:00,1.1765454545454543
2026-05-11 10:00:00,1.1725490196078432
2026-05-11 11:00:00,1.1924489795918367
2026-05-11 12:00:00,1.1705172413793103
2026-05-11 13:00:00,1.3098039215686275
2026-05-11 14:00:00,1.3484
2026-05-11 15:00:00,1.3805555555555555
2026-05-11 16:00:00,1.4185999999999999
2026-05-11 17:00:00,1.3355000000000001
2026-05-11 18:00:00,1.3490697674418606
2026-05-11 19:00:00,1.370952380952381
2026-05-11 20:00:00,1.4404347826086954
2026-05-11 21:00:00,1.4938636363636364
2026-05-11 22:00:00,1.5480392156862746
2026-05-11 23:00:00,1.5713513513513513
2026-05-12 00:00:00,1.5504878048780488
2026-05-12 01:00:00,1.67575
2026-05-12 02:00:00,1.5552173913043479
2026-05-12 03:00:00,1.5847368421052632
2026-05-12 04:00:00,1.4618181818181817
2026-05-12 05:00:00,1.2259574468085106
2026-05-12 06:00:00,1.3815555555555554
2026-05-12 07:00:00,1.3920833333333331
2026-05-12 08:00:00,1.488909090909091
2026-05-12 09:00:00,1.3910526315789475
2026-05-12 10:00:00,1.2156363636363636
2026-05-12 11:00:00,1.2044642857142858
2026-05-12 12:00:00,1.1959615384615385
2026-05-12 13:00:00,1.2224137931034484
2026-05-12 14:00:00,1.095
2026-05-12 15:00:00,0.9607843137254902
2026-05-12 16:00:00,0.9377777777777778
2026-05-12 17:00:00,0.9772093023255815
2026-05-12 18:00:00,1.08475
2026-05-12 19:00:00,1.0445238095238096
2026-05-12 20:00:00,1.0555882352941177
2026-05-12 21:00:00,1.080769230769231
2026-05-12 22:00:00,1.106111111111111
2026-05-12 23:00:00,1.1197222222222223
2026-05-13 00:00:00,1.0783333333333334
2026-05-13 01:00:00,1.04
2026-05-13 02:00:00,1.1368749999999999
2026-05-13 03:00:00,1.2009090909090907
2026-05-13 04:00:00,1.2025806451612904
2026-05-13 05:00:00,1.226923076923077
2026-05-13 06:00:00,1.3760784313725491
2026-05-13 07:00:00,1.32
2026-05-13 08:00:00,1.2734615384615384
2026-05-13 09:00:00,1.249107142857143
2026-05-13 10:00:00,1.1512068965517241
2026-05-13 11:00:00,1.1475
2026-05-13 12:00:00,1.1452631578947368
2026-05-13 13:00:00,1.1221818181818182
2026-05-13 14:00:00,1.0983018867924528
2026-05-13 15:00:00,1.1142857142857143
2026-05-13 16:00:00,1.2375438596491228
2026-05-13 17:00:00,1.2163043478260869
2026-05-13 18:00:00,1.209090909090909
2026-05-13 19:00:00,1.1454999999999997
2026-05-13 20:00:00,1.1692682926829268
2026-05-13 21:00:00,1.201470588235294
2026-05-13 22:00:00,1.2303125
2026-05-13 23:00:00,1.2043243243243242
2026-05-14 00:00:00,1.21
2026-05-14 01:00:00,1.2494871794871794
2026-05-14 02:00:00,1.2133333333333334
2026-05-14 03:00:00,1.2568421052631578
2026-05-14 04:00:00,1.2797222222222222
2026-05-14 05:00:00,1.3094594594594595
2026-05-14 06:00:00,1.4173333333333333
2026-05-14 07:00:00,1.4901694915254238
2026-05-14 08:00:00,1.5350000000000001
2026-05-14 09:00:00,1.3274545454545454
2026-05-14 10:00:00,1.2767241379310343
2026-05-14 11:00:00,1.2866666666666666
2026-05-14 12:00:00,1.2547457627118643
2026-05-14 13:00:00,1.2631147540983607
2026-05-14 14:00:00,1.24
2026-05-14 15:00:00,1.338
2026-05-14 16:00:00,1.334909090909091
2026-05-14 17:00:00,1.2346
2026-05-14 18:00:00,1.2283333333333333
2026-05-14 19:00:00,1.1404347826086956
2026-05-14 20:00:00,1.116
2026-05-14 21:00:00,1.1733333333333331
2026-05-14 22:00:00,1.2333333333333334
2026-05-14 23:00:00,1.234705882352941
2026-05-15 00:00:00,1.223611111111111
2026-05-15 01:00:00,1.1723684210526315
2026-05-15 02:00:00,1.1853846153846153
2026-05-15 03:00:00,1.131904761904762
2026-05-15 04:00:00,1.0815789473684212
2026-05-15 05:00:00,1.1588095238095237
2026-05-15 06:00:00,1.2814754098360657
2026-05-15 07:00:00,1.1597530864197532
2026-05-15 08:00:00,1.2494117647058822
2026-05-15 09:00:00,1.2964646464646463
2026-05-15 10:00:00,1.2356730769230768
2026-05-15 11:00:00,1.211509433962264
2026-05-15 12:00:00,1.2250980392156863
2026-05-15 13:00:00,1.2805050505050504
2026-05-15 14:00:00,1.1944
2026-05-15 15:00:00,1.1749532710280375
2026-05-15 16:00:00,1.1537142857142857
2026-05-15 17:00:00,1.2176041666666666
2026-05-15 18:00:00,1.078433734939759
2026-05-15 19:00:00,0.983
2026-05-15 20:00:00,1.042857142857143
2026-05-15 21:00:00,1.0684444444444445
2026-05-15 22:00:00,1.0293023255813953
2026-05-15 23:00:00,1.0402173913043478
2026-05-16 00:00:00,1.030506329113924
2026-05-16 01:00:00,1.0230120481927711
2026-05-16 02:00:00,1.0203703703703704
2026-05-16 03:00:00,1.0244303797468355
2026-05-16 04:00:00,1.0223529411764707
2026-05-16 05:00:00,1.0580681818181819
2026-05-16 06:00:00,1.3386138613861385
2026-05-16 07:00:00,1.3390654205607477
2026-05-16 08:00:00,1.2989830508474576
2026-05-16 09:00:00,1.1739090909090908
2026-05-16 10:00:00,1.0561111111111112
2026-05-16 11:00:00,0.9658771929824561
2026-05-16 12:00:00,0.9733620689655172
2026-05-16 13:00:00,0.8791666666666667
2026-05-16 14:00:00,0.8395575221238939
2026-05-16 15:00:00,1.1753
2026-05-16 16:00:00,1.3520535714285715
2026-05-16 17:00:00,1.393069306930693
2026-05-16 18:00:00,1.3018750000000001
2026-05-16 19:00:00,1.3075824175824178
2026-05-16 20:00:00,1.3021739130434784
2026-05-16 21:00:00,1.3271428571428572
2026-05-16 22:00:00,1.4078048780487804
2026-05-16 23:00:00,1.3442268041237115
2026-05-17 00:00:00,1.413956043956044
2026-05-17 01:00:00,1.4014583333333333
2026-05-17 02:00:00,1.3814634146341465
2026-05-17 03:00:00,1.3931914893617021
2026-05-17 04:00:00,1.3277011494252875
2026-05-17 05:00:00,1.340722891566265
2026-05-17 06:00:00,1.4738999999999998
2026-05-17 07:00:00,1.6844859813084112
2026-05-17 08:00:00,1.765929203539823
2026-05-17 09:00:00,1.7123364485981307
2026-05-17 10:00:00,1.6245794392523365
2026-05-17 11:00:00,1.6172072072072072
2026-05-17 12:00:00,1.6269369369369369
2026-05-17 13:00:00,1.5994392523364487
2026-05-17 14:00:00,1.8357943925233646
2026-05-17 15:00:00,1.9825688073394494
2026-05-17 16:00:00,1.9160377358490566
2026-05-17 17:00:00,1.726
2026-05-17 18:00:00,1.5449038461538462
2026-05-17 19:00:00,1.4986458333333335
2026-05-17 20:00:00,1.5270833333333333
2026-05-17 21:00:00,1.5503125000000002
2026-05-17 22:00:00,1.5768316831683171
2026-05-17 23:00:00,1.5747191011235955
2026-05-18 00:00:00,1.5894382022471911
2026-05-18 01:00:00,1.649891304347826
2026-05-18 02:00:00,1.607878787878788
2026-05-18 03:00:00,1.5569318181818181
2026-05-18 04:00:00,1.6309473684210527
2026-05-18 05:00:00,1.6233980582524272
2026-05-18 06:00:00,1.7548484848484847
2026-05-18 07:00:00,1.7106930693069307
2026-05-18 08:00:00,1.850833333333333
2026-05-18 09:00:00,1.5622429906542055
2026-05-18 10:00:00,1.4509734513274337
2026-05-18 11:00:00,1.3900000000000001
2026-05-18 12:00:00,1.389056603773585
2026-05-18 13:00:00,1.297857142857143
2026-05-18 14:00:00,1.3635849056603773
2026-05-18 15:00:00,1.4931192660550459
2026-05-18 16:00:00,1.441517857142857
2026-05-18 17:00:00,1.3508695652173912
2026-05-18 18:00:00,1.4312121212121212
2026-05-18 19:00:00,1.3930337078651684
2026-05-18 20:00:00,1.3914285714285712
2026-05-18 21:00:00,1.3848936170212764
2026-05-18 22:00:00,1.404
2026-05-18 23:00:00,1.5177659574468083
2026-05-19 00:00:00,1.537
2026-05-19 01:00:00,1.732127659574468
2026-05-19 02:00:00,1.5287777777777778
2026-05-19 03:00:00,1.588
2026-05-19 04:00:00,1.4374698795180723
2026-05-19 05:00:00,1.4957647058823529
2026-05-19 06:00:00,1.6873267326732675
2026-05-19 07:00:00,1.5668141592920355
2026-05-19 08:00:00,1.415188679245283
2026-05-19 09:00:00,1.3892561983471075
2026-05-19 10:00:00,1.4304464285714287
2026-05-19 11:00:00,1.4024324324324324
2026-05-19 12:00:00,1.4461739130434783
2026-05-19 13:00:00,1.416470588235294
2026-05-19 14:00:00,1.3433333333333333
2026-05-19 15:00:00,1.2367592592592591
2026-05-19 16:00:00,1.177941176470588
2026-05-19 17:00:00,1.044742268041237
2026-05-19 18:00:00,1.0605357142857144
2026-05-19 19:00:00,1.1151111111111112
2026-05-19 20:00:00,1.2115217391304347
2026-05-19 21:00:00,1.3266355140186914
2026-05-19 22:00:00,1.5580459770114943
2026-05-19 23:00:00,1.6293023255813954
2026-05-20 00:00:00,1.6123333333333334
2026-05-20 01:00:00,1.572
2026-05-20 02:00:00,1.5239784946236559
2026-05-20 03:00:00,1.490888888888889
2026-05-20 04:00:00,1.3885555555555555
2026-05-20 05:00:00,1.4455294117647057
2026-05-20 06:00:00,1.591981981981982
2026-05-20 07:00:00,1.505229357798165
2026-05-20 08:00:00,1.6296521739130434
2026-05-20 09:00:00,1.695
2026-05-20 10:00:00,1.784
2026-05-20 11:00:00,1.6423728813559324
2026-05-20 12:00:00,1.7235294117647058
2026-05-20 13:00:00,1.6547457627118642
2026-05-20 14:00:00,1.4781300813008131
2026-05-20 15:00:00,1.4769747899159662
2026-05-20 16:00:00,1.3842500000000002
2026-05-20 17:00:00,1.335
2026-05-20 18:00:00,1.0547115384615384
2026-05-20 19:00:00,1.1502970297029704
2026-05-20 20:00:00,1.1919565217391304
2026-05-20 21:00:00,1.2480434782608696
2026-05-20 22:00:00,1.2567857142857144
2026-05-20 23:00:00,1.250864197530864
2026-05-21 00:00:00,1.1820454545454544
2026-05-21 01:00:00,1.1312222222222224
2026-05-21 02:00:00,1.188181818181818
2026-05-21 03:00:00,1.1796470588235293
2026-05-21 04:00:00,1.1937349397590362
2026-05-21 05:00:00,1.2029885057471263
2026-05-21 06:00:00,1.4483035714285715
2026-05-21 07:00:00,1.6043333333333334
2026-05-21 08:00:00,1.9280172413793104
2026-05-21 09:00:00,1.74576
2026-05-21 10:00:00,2.1221666666666668
2026-05-21 11:00:00,2.2285714285714286
2026-05-21 12:00:00,2.1888793103448276
2026-05-21 13:00:00,2.0102479338842976
2026-05-21 14:00:00,1.9709482758620689
2026-05-21 15:00:00,2.3452459016393443
2026-05-21 16:00:00,2.3914529914529914
2026-05-21 17:00:00,2.2693103448275864
2026-05-21 18:00:00,1.7853535353535352
2026-05-21 19:00:00,1.5425252525252526
2026-05-21 20:00:00,1.557857142857143
2026-05-21 21:00:00,1.5292000000000001
2026-05-21 22:00:00,1.4710344827586208
2026-05-21 23:00:00,1.4354455445544554
2026-05-22 00:00:00,1.3824675324675324
2026-05-22 01:00:00,1.3734444444444445
2026-05-22 02:00:00,1.3401176470588236
2026-05-22 03:00:00,1.3114285714285714
2026-05-22 04:00:00,1.312142857142857
2026-05-22 05:00:00,1.3349411764705883
2026-05-22 06:00:00,1.5854285714285714
2026-05-22 07:00:00,1.700103092783505
2026-05-22 08:00:00,2.272090909090909
2026-05-22 09:00:00,2.485130434782609
2026-05-22 10:00:00,2.224054054054054
2026-05-22 11:00:00,2.1803305785123968
2026-05-22 12:00:00,2.198974358974359
2026-05-22 13:00:00,1.9733333333333334
2026-05-22 14:00:00,1.998728813559322
2026-05-22 15:00:00,2.002894736842105
2026-05-22 16:00:00,2.2905504587155963
2026-05-22 17:00:00,2.285945945945946
2026-05-22 18:00:00,1.800857142857143
2026-05-22 19:00:00,1.5369767441860467
2026-05-22 20:00:00,1.5412222222222223
2026-05-22 21:00:00,1.5471739130434783
2026-05-22 22:00:00,1.502608695652174
2026-05-22 23:00:00,1.4732967032967033
2026-05-23 00:00:00,1.4491011235955056
2026-05-23 01:00:00,1.4040625
2026-05-23 02:00:00,1.3567326732673268
2026-05-23 03:00:00,1.4382417582417582
2026-05-23 04:00:00,1.344494382022472
2026-05-23 05:00:00,1.4589583333333334
2026-05-23 06:00:00,1.6478
2026-05-23 07:00:00,1.837956989247312
2026-05-23 08:00:00,1.9766990291262136
2026-05-23 09:00:00,1.9705000000000001
2026-05-23 10:00:00,1.8642857142857143
2026-05-23 11:00:00,1.9260869565217391
2026-05-23 12:00:00,1.9307079646017697
2026-05-23 13:00:00,1.7394545454545456
2026-05-23 14:00:00,1.863173076923077
2026-05-23 15:00:00,1.8232075471698113
2026-05-23 16:00:00,1.7917117117117116
2026-05-23 17:00:00,1.7317924528301887
2026-05-23 18:00:00,1.6429473684210527
2026-05-23 19:00:00,1.4746000000000001
2026-05-23 20:00:00,1.5421276595744682
2026-05-23 21:00:00,1.6332222222222224
2026-05-23 22:00:00,1.6243529411764706
2026-05-23 23:00:00,1.5976923076923077
2026-05-24 00:00:00,1.5319148936170213
2026-05-24 01:00:00,1.435978260869565
2026-05-24 02:00:00,1.3586363636363636
2026-05-24 03:00:00,1.4465591397849462
2026-05-24 04:00:00,1.3085106382978724
2026-05-24 05:00:00,1.4180681818181817
2026-05-24 06:00:00,1.5692134831460673
2026-05-24 07:00:00,1.8556565656565658
2026-05-24 08:00:00,1.9663302752293577
2026-05-24 09:00:00,2.0748571428571427
2026-05-24 10:00:00,1.8087272727272727
2026-05-24 11:00:00,1.6846491228070177
2026-05-24 12:00:00,1.6316379310344828
2026-05-24 13:00:00,1.5084347826086957
2026-05-24 14:00:00,1.7017272727272728
2026-05-24 15:00:00,1.5667592592592594
2026-05-24 16:00:00,1.669904761904762
2026-05-24 17:00:00,1.6292307692307693
2026-05-24 18:00:00,1.5515384615384613
2026-05-24 19:00:00,1.4198979591836736
2026-05-24 20:00:00,1.46438202247191
2026-05-24 21:00:00,1.4877777777777776
2026-05-24 22:00:00,1.4761855670103092
2026-05-24 23:00:00,1.44
2026-05-25 00:00:00,1.3951086956521739
2026-05-25 01:00:00,1.3922105263157893
2026-05-25 02:00:00,1.3411224489795919
2026-05-25 03:00:00,1.307303370786517
2026-05-25 04:00:00,1.3871874999999998
2026-05-25 05:00:00,1.392808988764045
2026-05-25 06:00:00,1.6081818181818182
2026-05-25 07:00:00,1.4902020202020203
2026-05-25 08:00:00,1.7991228070175438
2026-05-25 09:00:00,2.547017543859649
2026-05-25 10:00:00,2.768620689655173
2026-05-25 11:00:00,2.7054237288135594
2026-05-25 12:00:00,2.633559322033898
2026-05-25 13:00:00,2.6729166666666666
2026-05-25 14:00:00,2.7047499999999998
2026-05-25 15:00:00,2.8133333333333335
2026-05-25 16:00:00,2.8178761061946904
2026-05-25 17:00:00,2.9025
2026-05-25 18:00:00,2.2003960396039606
2026-05-25 19:00:00,1.859901960784314
2026-05-25 20:00:00,1.8013333333333335
2026-05-25 21:00:00,1.7853398058252428
2026-05-25 22:00:00,1.7317021276595745
2026-05-25 23:00:00,1.6973033707865168
2026-05-26 00:00:00,1.6737755102040817
2026-05-26 01:00:00,1.6031578947368421
2026-05-26 02:00:00,1.5510638297872341
2026-05-26 03:00:00,1.560721649484536
2026-05-26 04:00:00,1.6425925925925924
2026-05-26 05:00:00,1.654950495049505
2026-05-26 06:00:00,1.780091743119266
2026-05-26 07:00:00,1.6133962264150945
2026-05-26 08:00:00,1.648181818181818
2026-05-26 09:00:00,1.6270093457943926
2026-05-26 10:00:00,2.332105263157895
2026-05-26 11:00:00,2.4789344262295083
2026-05-26 12:00:00,2.70198275862069
2026-05-26 13:00:00,2.6017241379310345
2026-05-26 14:00:00,2.6764957264957263
2026-05-26 15:00:00,2.7378632478632476
2026-05-26 16:00:00,2.9121367521367523
2026-05-26 17:00:00,1.9568807339449543
2026-05-26 18:00:00,1.3884999999999998
2026-05-26 19:00:00,1.5042574257425743
2026-05-26 20:00:00,1.6846875
2026-05-26 21:00:00,1.7289898989898989
2026-05-26 22:00:00,1.7109375
2026-05-26 23:00:00,1.6783516483516483
2026-05-27 00:00:00,1.6177659574468084
2026-05-27 01:00:00,1.5566336633663367
2026-05-27 02:00:00,1.498139534883721
2026-05-27 03:00:00,1.5867045454545454
2026-05-27 04:00:00,1.489655172413793
2026-05-27 05:00:00,1.5259036144578313
2026-05-27 06:00:00,1.6990566037735848
2026-05-27 07:00:00,1.748859649122807
2026-05-27 08:00:00,2.042577319587629
2026-05-27 09:00:00,2.5127184466019417
2026-05-27 10:00:00,2.533421052631579
2026-05-27 11:00:00,2.4458260869565214
2026-05-27 12:00:00,2.482727272727273
2026-05-27 13:00:00,2.5108928571428573
2026-05-27 14:00:00,2.6042857142857145
2026-05-27 15:00:00,2.6834513274336285
2026-05-27 16:00:00,2.758135593220339
2026-05-27 17:00:00,2.8278260869565215
2026-05-27 18:00:00,2.1401941747572817
2026-05-27 19:00:00,1.699019607843137
2026-05-27 20:00:00,1.5926213592233012
2026-05-27 21:00:00,1.5992857142857144
2026-05-27 22:00:00,1.5904347826086955
2026-05-27 23:00:00,1.5703296703296703
2026-05-28 00:00:00,1.5487912087912088
2026-05-28 01:00:00,1.52144578313253
2026-05-28 02:00:00,1.465157894736842
2026-05-28 03:00:00,1.4259302325581396
2026-05-28 04:00:00,1.5086046511627909
2026-05-28 05:00:00,1.5627102803738318
2026-05-28 06:00:00,1.6754545454545455
2026-05-28 07:00:00,1.5417094017094017
2026-05-28 08:00:00,1.8078260869565217
2026-05-28 09:00:00,1.936936936936937
2026-05-28 10:00:00,2.6564347826086956
2026-05-28 11:00:00,2.676050420168067
2026-05-28 12:00:00,2.583658536585366
2026-05-28 13:00:00,2.7372727272727273
2026-05-28 14:00:00,2.4800847457627118
2026-05-28 15:00:00,2.585508474576271
2026-05-28 16:00:00,2.5892436974789916
2026-05-28 17:00:00,2.520769230769231
2026-05-28 18:00:00,1.871089108910891
2026-05-28 19:00:00,1.5415999999999999
2026-05-28 20:00:00,1.5694565217391305
2026-05-28 21:00:00,1.5626041666666668
2026-05-28 22:00:00,1.4926436781609198
2026-05-28 23:00:00,1.4652525252525253
2026-05-29 00:00:00,1.4196739130434781
2026-05-29 01:00:00,1.4070114942528735
2026-05-29 02:00:00,1.3252808988764044
2026-05-29 03:00:00,1.2779310344827588
2026-05-29 04:00:00,1.3398969072164948
2026-05-29 05:00:00,1.3970707070707071
2026-05-29 06:00:00,1.5472115384615384
2026-05-29 07:00:00,1.3738053097345133
2026-05-29 08:00:00,1.4865217391304346
2026-05-29 09:00:00,1.9442105263157894
2026-05-29 10:00:00,2.670854700854701
2026-05-29 11:00:00,2.7936
2026-05-29 12:00:00,2.5730172413793104
2026-05-29 13:00:00,2.4481746031746034
2026-05-29 14:00:00,2.875609756097561
2026-05-29 15:00:00,3.0544262295081968
2026-05-29 16:00:00,3.014778761061947
2026-05-29 17:00:00,2.850416666666667
2026-05-29 18:00:00,2.2291379310344825
2026-05-29 19:00:00,1.7120408163265306
2026-05-29 20:00:00,1.5491
2026-05-29 21:00:00,1.4549473684210525
2026-05-29 22:00:00,1.4248351648351647
2026-05-29 23:00:00,1.4147311827956988
2026-05-30 00:00:00,1.4139080459770115
2026-05-30 01:00:00,1.3838297872340424
2026-05-30 02:00:00,1.3336458333333334
2026-05-30 03:00:00,1.327872340425532
2026-05-30 04:00:00,1.3405747126436782
2026-05-30 05:00:00,1.4652127659574468
2026-05-30 06:00:00,1.6982075471698113
2026-05-30 07:00:00,1.6604201680672268
2026-05-30 08:00:00,1.865892857142857
2026-05-30 09:00:00,2.2369421487603307
2026-05-30 10:00:00,2.332377049180328
2026-05-30 11:00:00,2.2445833333333334
2026-05-30 12:00:00,2.2665289256198347
2026-05-30 13:00:00,2.35364406779661
2026-05-30 14:00:00,2.1937288135593223
2026-05-30 15:00:00,2.2472033898305086
2026-05-30 16:00:00,2.273534482758621
2026-05-30 17:00:00,1.9278151260504202
2026-05-30 18:00:00,1.4923762376237624
2026-05-30 19:00:00,1.4014583333333333
2026-05-30 20:00:00,1.4057575757575755
2026-05-30 21:00:00,1.5545192307692306
2026-05-30 22:00:00,1.6901063829787235
2026-05-30 23:00:00,1.769611650485437
2026-05-31 00:00:00,1.7344565217391303
2026-05-31 01:00:00,1.681086956521739
2026-05-31 02:00:00,1.631888888888889
2026-05-31 03:00:00,1.590967741935484
2026-05-31 04:00:00,1.5938235294117649
2026-05-31 05:00:00,1.7465909090909089
2026-05-31 06:00:00,1.9730275229357799
2026-05-31 07:00:00,2.0794392523364484
2026-05-31 08:00:00,2.102090909090909
2026-05-31 09:00:00,2.1492241379310344
2026-05-31 10:00:00,2.207627118644068
2026-05-31 11:00:00,2.38258064516129
2026-05-31 12:00:00,2.4533333333333336
2026-05-31 13:00:00,2.4530833333333333
2026-05-31 14:00:00,2.7756666666666665
2026-05-31 15:00:00,2.6724166666666664
2026-05-31 16:00:00,2.429051724137931
2026-05-31 17:00:00,2.1687826086956523
2026-05-31 18:00:00,1.9288421052631577
2026-05-31 19:00:00,1.691698113207547
2026-05-31 20:00:00,1.6603225806451614
2026-05-31 21:00:00,1.6831914893617022
2026-05-31 22:00:00,1.6859793814432988
2026-05-31 23:00:00,1.6781720430107525
2026-06-01 00:00:00,1.691685393258427
2026-06-01 01:00:00,1.6985869565217389
2026-06-01 02:00:00,1.7505208333333335
2026-06-01 03:00:00,1.6871
2026-06-01 04:00:00,1.5957894736842104
2026-06-01 05:00:00,1.6494505494505494
2026-06-01 06:00:00,1.9822641509433963
2026-06-01 07:00:00,1.7898181818181818
2026-06-01 08:00:00,1.854622641509434
2026-06-01 09:00:00,2.000185185185185
2026-06-01 10:00:00,3.1762385321100917
2026-06-01 11:00:00,3.255982905982906
2026-06-01 12:00:00,3.3073275862068963
2026-06-01 13:00:00,3.1274336283185837
2026-06-01 14:00:00,2.9978048780487807
2026-06-01 15:00:00,3.026280991735537
2026-06-01 16:00:00,3.5283035714285718
2026-06-01 17:00:00,
2026-06-01 18:00:00,
2026-06-01 19:00:00,
2026-06-01 20:00:00,
2026-06-01 21:00:00,
2026-06-01 22:00:00,
2026-06-01 23:00:00,
2026-06-02 00:00:00,
2026-06-02 01:00:00,
2026-06-02 02:00:00,
2026-06-02 03:00:00,
2026-06-02 04:00:00,
2026-06-02 05:00:00,2.105
2026-06-02 06:00:00,2.0
2026-06-02 07:00:00,1.9117699115044249
2026-06-02 08:00:00,1.7297391304347824
2026-06-02 09:00:00,1.7834513274336283
2026-06-02 10:00:00,1.8175000000000001
2026-06-02 11:00:00,2.4792561983471075
2026-06-02 12:00:00,2.57272
2026-06-02 13:00:00,2.683658536585366
2026-06-02 14:00:00,2.5947540983606556
2026-06-02 15:00:00,2.7516260162601625
2026-06-02 16:00:00,2.7977678571428575
2026-06-02 17:00:00,2.883790322580645
2026-06-02 18:00:00,2.0410377358490566
2026-06-02 19:00:00,1.804298245614035
2026-06-02 20:00:00,2.291698113207547
2026-06-02 21:00:00,2.3261467889908256
2026-06-02 22:00:00,2.2877678571428572
2026-06-02 23:00:00,2.299607843137255
2026-06-03 00:00:00,2.2755555555555556
2026-06-03 01:00:00,2.252727272727273
2026-06-03 02:00:00,2.240190476190476
2026-06-03 03:00:00,2.2079591836734695
2026-06-03 04:00:00,2.1770909090909094
2026-06-03 05:00:00,2.2476190476190476
2026-06-03 06:00:00,2.383529411764706
2026-06-03 07:00:00,2.3966355140186915
2026-06-03 08:00:00,2.3166666666666664
2026-06-03 09:00:00,2.416068376068376
2026-06-03 10:00:00,2.660573770491803
2026-06-03 11:00:00,2.7364462809917356
2026-06-03 12:00:00,2.7204098360655737
2026-06-03 13:00:00,2.80781512605042
2026-06-03 14:00:00,2.8184745762711865
2026-06-03 15:00:00,2.8433620689655172
2026-06-03 16:00:00,2.9415652173913047
2026-06-03 17:00:00,2.561764705882353
2026-06-03 18:00:00,2.1782692307692306
2026-06-03 19:00:00,2.1156190476190475
2026-06-03 20:00:00,2.107938144329897
2026-06-03 21:00:00,2.1091346153846153
2026-06-03 22:00:00,2.1230526315789473
2026-06-03 23:00:00,2.124387755102041
2026-06-04 00:00:00,2.1231999999999998
2026-06-04 01:00:00,2.1249038461538463
2026-06-04 02:00:00,2.1190243902439025
2026-06-04 03:00:00,2.138989898989899
2026-06-04 04:00:00,2.2075961538461537
2026-06-04 05:00:00,2.2713684210526317
2026-06-04 06:00:00,2.3040000000000003
2026-06-04 07:00:00,2.3176190476190475
2026-06-04 08:00:00,2.448425925925926
2026-06-04 09:00:00,2.5134210526315792
2026-06-04 10:00:00,2.4974074074074077
2026-06-04 11:00:00,2.6302419354838706
2026-06-04 12:00:00,2.7619827586206895
2026-06-04 13:00:00,2.85875
2026-06-04 14:00:00,3.127666666666667
2026-06-04 15:00:00,3.005
2026-06-04 16:00:00,3.1619354838709675
2026-06-04 17:00:00,3.127851239669422
2026-06-04 18:00:00,2.7323076923076925
2026-06-04 19:00:00,2.2393805309734516
2026-06-04 20:00:00,2.270873786407767
2026-06-04 21:00:00,2.3154867256637166
2026-06-04 22:00:00,2.299010989010989
2026-06-04 23:00:00,2.2348958333333333
2026-06-05 00:00:00,2.201263157894737
2026-06-05 01:00:00,2.1175257731958763
2026-06-05 02:00:00,2.0848936170212764
2026-06-05 03:00:00,2.1221978021978023
2026-06-05 04:00:00,2.1629896907216497
2026-06-05 05:00:00,2.2805050505050506
2026-06-05 06:00:00,2.3321052631578945
2026-06-05 07:00:00,2.324587155963303
2026-06-05 08:00:00,2.2786607142857145
2026-06-05 09:00:00,2.3906306306306306
2026-06-05 10:00:00,2.4604237288135593
2026-06-05 11:00:00,2.4419658119658116
2026-06-05 12:00:00,2.426608695652174
2026-06-05 13:00:00,2.4666115702479336
2026-06-05 14:00:00,2.395929203539823
2026-06-05 15:00:00,2.3594690265486724
2026-06-05 16:00:00,2.2724770642201833
2026-06-05 17:00:00,2.234757281553398
2026-06-05 18:00:00,2.1441304347826087
2026-06-05 19:00:00,2.1032323232323233
2026-06-05 20:00:00,2.0892708333333334
2026-06-05 21:00:00,2.085578947368421
2026-06-05 22:00:00,2.1013541666666664
2026-06-05 23:00:00,2.1148387096774193
2026-06-06 00:00:00,2.1220454545454546
2026-06-06 01:00:00,2.1313684210526316
2026-06-06 02:00:00,2.1235106382978723
2026-06-06 03:00:00,2.136734693877551
2026-06-06 04:00:00,2.1214851485148514
2026-06-06 05:00:00,2.2049494949494948
2026-06-06 06:00:00,2.2597029702970297
2026-06-06 07:00:00,2.332912621359223
2026-06-06 08:00:00,2.397314814814815
2026-06-06 09:00:00,2.339724770642202
2026-06-06 10:00:00,2.2474166666666666
2026-06-06 11:00:00,2.3021739130434784
2026-06-06 12:00:00,2.403898305084746
2026-06-06 13:00:00,2.602372881355932
2026-06-06 14:00:00,2.5250847457627117
2026-06-06 15:00:00,2.442627118644068
2026-06-06 16:00:00,2.364871794871795
2026-06-06 17:00:00,2.1449532710280375
2026-06-06 18:00:00,2.138709677419355
2026-06-06 19:00:00,2.095212765957447
2026-06-06 20:00:00,2.0615533980582526
2026-06-06 21:00:00,2.079611650485437
2026-06-06 22:00:00,2.0862626262626263
2026-06-06 23:00:00,2.101098901098901
2026-06-07 00:00:00,2.1028155339805825
2026-06-07 01:00:00,2.085049504950495
2026-06-07 02:00:00,2.0736470588235294
2026-06-07 03:00:00,2.0713541666666666
2026-06-07 04:00:00,2.06
2026-06-07 05:00:00,2.1283333333333334
2026-06-07 06:00:00,2.172871287128713
2026-06-07 07:00:00,2.168269230769231
2026-06-07 08:00:00,2.1389908256880736
2026-06-07 09:00:00,2.1735344827586207
2026-06-07 10:00:00,2.1275833333333334
2026-06-07 11:00:00,2.003103448275862
2026-06-07 12:00:00,1.9758260869565216
2026-06-07 13:00:00,2.0075206611570247
2026-06-07 14:00:00,2.155294117647059
2026-06-07 15:00:00,2.134144144144144
2026-06-07 16:00:00,2.082410714285714
2026-06-07 17:00:00,2.0230841121495327
2026-06-07 18:00:00,1.9871134020618557
2026-06-07 19:00:00,1.9016161616161615
2026-06-07 20:00:00,1.8745161290322583
2026-06-07 21:00:00,1.8828260869565216
2026-06-07 22:00:00,1.853846153846154
2026-06-07 23:00:00,1.854536082474227
2026-06-08 00:00:00,1.8080232558139535
2026-06-08 01:00:00,1.7741573033707865
2026-06-08 02:00:00,1.7406593406593407
2026-06-08 03:00:00,1.7342045454545454
2026-06-08 04:00:00,1.6999009900990099
2026-06-08 05:00:00,1.761340206185567
2026-06-08 06:00:00,1.9884466019417475
2026-06-08 07:00:00,1.9324166666666664
2026-06-08 08:00:00,2.1292982456140352
2026-06-08 09:00:00,2.074375
2026-06-08 10:00:00,2.0530909090909093
2026-06-08 11:00:00,2.201842105263158
2026-06-08 12:00:00,2.583217391304348
2026-06-08 13:00:00,2.7807142857142857
2026-06-08 14:00:00,3.0729411764705885
2026-06-08 15:00:00,3.567457627118644
2026-06-08 16:00:00,3.6148275862068964
2026-06-08 17:00:00,3.4995726495726496
2026-06-08 18:00:00,2.5695412844036696
2026-06-08 19:00:00,2.13031914893617
2026-06-08 20:00:00,2.1298936170212768
2026-06-08 21:00:00,2.1392857142857142
2026-06-08 22:00:00,2.1464285714285714
2026-06-08 23:00:00,2.169207920792079
2026-06-09 00:00:00,2.1656862745098038
2026-06-09 01:00:00,2.143979591836735
2026-06-09 02:00:00,2.1495833333333336
2026-06-09 03:00:00,2.167010309278351
2026-06-09 04:00:00,2.223846153846154
2026-06-09 05:00:00,2.303232323232323
2026-06-09 06:00:00,2.347184466019417
2026-06-09 07:00:00,2.2766336633663364
2026-06-09 08:00:00,2.391327433628319
2026-06-09 09:00:00,2.5966019417475725
2026-06-09 10:00:00,2.2976576576576577
2026-06-09 11:00:00,2.491440677966102
2026-06-09 12:00:00,2.5105217391304344
2026-06-09 13:00:00,2.5152212389380533
2026-06-09 14:00:00,2.512
2026-06-09 15:00:00,2.5116260162601627
2026-06-09 16:00:00,2.5758823529411763
2026-06-09 17:00:00,2.3383783783783785
2026-06-09 18:00:00,2.2133644859813084
2026-06-09 19:00:00,2.1932673267326734
2026-06-09 20:00:00,2.095463917525773
2026-06-09 21:00:00,2.037272727272727
2026-06-09 22:00:00,2.0628
2026-06-09 23:00:00,2.1406315789473687
2026-06-10 00:00:00,2.1210309278350516
2026-06-10 01:00:00,2.1643157894736844
2026-06-10 02:00:00,2.2870192307692307
2026-06-10 03:00:00,2.1582105263157896
2026-06-10 04:00:00,2.1911650485436893
2026-06-10 05:00:00,2.241734693877551
2026-06-10 06:00:00,2.22
2026-06-10 07:00:00,2.3125
2026-06-10 08:00:00,2.401844660194175
2026-06-10 09:00:00,2.419918032786885
2026-06-10 10:00:00,2.4536666666666664
2026-06-10 11:00:00,2.4364864864864866
2026-06-10 12:00:00,2.4974166666666666
2026-06-10 13:00:00,2.5307627118644067
2026-06-10 14:00:00,2.4549166666666666
2026-06-10 15:00:00,2.438623853211009
2026-06-10 16:00:00,2.3527350427350426
2026-06-10 17:00:00,2.186330275229358
2026-06-10 18:00:00,2.242424242424242
2026-06-10 19:00:00,2.2018095238095237
2026-06-10 20:00:00,2.168645833333333
2026-06-10 21:00:00,2.163047619047619
2026-06-10 22:00:00,2.1510576923076923
2026-06-10 23:00:00,2.0791089108910894
2026-06-11 00:00:00,2.0967676767676764
2026-06-11 01:00:00,2.115257731958763
2026-06-11 02:00:00,2.1312
2026-06-11 03:00:00,2.015353535353535
2026-06-11 04:00:00,1.977319587628866
2026-06-11 05:00:00,2.011428571428571
2026-06-11 06:00:00,2.038846153846154
2026-06-11 07:00:00,2.0483486238532107
2026-06-11 08:00:00,2.031574074074074
2026-06-11 09:00:00,2.047889908256881
2026-06-11 10:00:00,2.0670192307692306
2026-06-11 11:00:00,2.0330275229357797
2026-06-11 12:00:00,2.2376106194690264
2026-06-11 13:00:00,2.221
2026-06-11 14:00:00,2.253032786885246
2026-06-11 15:00:00,2.2119642857142856
2026-06-11 16:00:00,2.018272727272727
2026-06-11 17:00:00,1.9179411764705883
2026-06-11 18:00:00,1.7591578947368423
2026-06-11 19:00:00,1.6999009900990099
2026-06-11 20:00:00,1.724
2026-06-11 21:00:00,1.787777777777778
2026-06-11 22:00:00,1.8185714285714287
2026-06-11 23:00:00,1.82989898989899
2026-06-12 00:00:00,1.8171287128712872
2026-06-12 01:00:00,1.7970000000000002
2026-06-12 02:00:00,1.7314285714285715
2026-06-12 03:00:00,1.698735632183908
2026-06-12 04:00:00,1.6652222222222224
2026-06-12 05:00:00,1.7204
2026-06-12 06:00:00,1.8626732673267326
2026-06-12 07:00:00,1.9324999999999999
2026-06-12 08:00:00,2.009826086956522
2026-06-12 09:00:00,2.0185087719298243
2026-06-12 10:00:00,2.0383464566929135
2026-06-12 11:00:00,1.9871774193548386
2026-06-12 12:00:00,2.0784821428571427
2026-06-12 13:00:00,2.102436974789916
2026-06-12 14:00:00,2.1385087719298244
2026-06-12 15:00:00,2.0706194690265485
2026-06-12 16:00:00,1.9301599999999999
2026-06-12 17:00:00,1.8567567567567567
2026-06-12 18:00:00,1.727238095238095
2026-06-12 19:00:00,1.765
2026-06-12 20:00:00,1.7757291666666666
2026-06-12 21:00:00,1.7734736842105263
2026-06-12 22:00:00,1.7616326530612247
2026-06-12 23:00:00,1.7201098901098901
2026-06-13 00:00:00,1.631777777777778
2026-06-13 01:00:00,1.5771717171717172
2026-06-13 02:00:00,1.5496739130434782
2026-06-13 03:00:00,1.4476136363636363
2026-06-13 04:00:00,1.4236170212765957
2026-06-13 05:00:00,1.5463725490196076
2026-06-13 06:00:00,1.8607216494845362
2026-06-13 07:00:00,1.7097087378640776
2026-06-13 08:00:00,1.8449532710280374
2026-06-13 09:00:00,2.037478260869565
2026-06-13 10:00:00,1.9671074380165288
2026-06-13 11:00:00,1.9625619834710744
2026-06-13 12:00:00,1.903482142857143
2026-06-13 13:00:00,1.9144444444444446
2026-06-13 14:00:00,2.2222222222222223
2026-06-13 15:00:00,2.2742241379310344
2026-06-13 16:00:00,2.319396551724138
2026-06-13 17:00:00,2.244122807017544
2026-06-13 18:00:00,1.8032692307692306
2026-06-13 19:00:00,1.6633333333333333
2026-06-13 20:00:00,1.6945
2026-06-13 21:00:00,1.6087628865979382
2026-06-13 22:00:00,1.5720652173913043
2026-06-13 23:00:00,1.514367816091954
2026-06-14 00:00:00,1.462560975609756
2026-06-14 01:00:00,1.3922891566265059
2026-06-14 02:00:00,1.3657954545454545
2026-06-14 03:00:00,1.4070588235294117
2026-06-14 04:00:00,1.394375
2026-06-14 05:00:00,1.4823863636363634
2026-06-14 06:00:00,1.7607407407407407
2026-06-14 07:00:00,1.7000869565217391
2026-06-14 08:00:00,2.0194827586206894
2026-06-14 09:00:00,2.343813559322034
2026-06-14 10:00:00,2.4108333333333336
2026-06-14 11:00:00,2.7480165289256195
2026-06-14 12:00:00,3.0398360655737706
2026-06-14 13:00:00,2.339375
2026-06-14 14:00:00,2.4073636363636366
2026-06-14 15:00:00,2.1521666666666666
2026-06-14 16:00:00,2.4616239316239317
2026-06-14 17:00:00,2.431826086956522
2026-06-14 18:00:00,1.8699999999999999
2026-06-14 19:00:00,1.7958585858585858
2026-06-14 20:00:00,1.9884374999999999
2026-06-14 21:00:00,2.059255319148936
2026-06-14 22:00:00,2.0736559139784947
2026-06-14 23:00:00,2.041063829787234
2026-06-15 00:00:00,2.0105102040816325
2026-06-15 01:00:00,2.062020202020202
2026-06-15 02:00:00,1.9946153846153845
2026-06-15 03:00:00,1.8591919191919193
2026-06-15 04:00:00,1.8426666666666667
2026-06-15 05:00:00,1.798235294117647
2026-06-15 06:00:00,2.038608695652174
2026-06-15 07:00:00,1.7530172413793104
2026-06-15 08:00:00,1.8312037037037039
2026-06-15 09:00:00,2.4272881355932205
2026-06-15 10:00:00,3.1213793103448273
2026-06-15 11:00:00,2.947457627118644
2026-06-15 12:00:00,3.231451612903226
2026-06-15 13:00:00,3.8107317073170734
2026-06-15 14:00:00,3.90225
2026-06-15 15:00:00,3.608235294117647
2026-06-15 16:00:00,3.581120689655173
2026-06-15 17:00:00,3.276774193548387
2026-06-15 18:00:00,2.3672222222222223
2026-06-15 19:00:00,2.2316
2026-06-15 20:00:00,2.316666666666667
2026-06-15 21:00:00,2.365514018691589
2026-06-15 22:00:00,2.341443298969072
2026-06-15 23:00:00,2.2689690721649485
2026-06-16 00:00:00,2.227920792079208
2026-06-16 01:00:00,2.200111111111111
2026-06-16 02:00:00,2.2024271844660195
2026-06-16 03:00:00,2.2179439252336453
2026-06-16 04:00:00,2.2390526315789474
2026-06-16 05:00:00,2.2425
2026-06-16 06:00:00,2.449263157894737
2026-06-16 07:00:00,2.419375
2026-06-16 08:00:00,2.5723275862068964
2026-06-16 09:00:00,2.2920338983050845
2026-06-16 10:00:00,2.3674137931034482
2026-06-16 11:00:00,2.8035833333333335
2026-06-16 12:00:00,2.6165833333333333
2026-06-16 13:00:00,2.40537037037037
2026-06-16 14:00:00,2.5928688524590164
2026-06-16 15:00:00,2.6427586206896554
2026-06-16 16:00:00,2.6485483870967745
2026-06-16 17:00:00,2.503333333333333
2026-06-16 18:00:00,2.057714285714286
2026-06-16 19:00:00,1.9613131313131311
2026-06-16 20:00:00,1.991578947368421
2026-06-16 21:00:00,2.0606666666666666
2026-06-16 22:00:00,2.1553125
2026-06-16 23:00:00,2.047920792079208
2026-06-17 00:00:00,1.910869565217391
2026-06-17 01:00:00,1.9698979591836734
2026-06-17 02:00:00,1.8654545454545455
2026-06-17 03:00:00,1.6826041666666667
2026-06-17 04:00:00,1.6062626262626263
2026-06-17 05:00:00,1.8413333333333333
2026-06-17 06:00:00,1.8704123711340206
2026-06-17 07:00:00,1.7636842105263157
2026-06-17 08:00:00,2.0502702702702704
2026-06-17 09:00:00,2.5599152542372883
2026-06-17 10:00:00,2.7976576576576577
2026-06-17 11:00:00,2.992
2026-06-17 12:00:00,3.3670833333333334
2026-06-17 13:00:00,3.543305084745763
2026-06-17 14:00:00,3.4825619834710744
2026-06-17 15:00:00,3.4050862068965517
2026-06-17 16:00:00,3.2738532110091745
2026-06-17 17:00:00,3.231269841269841
2026-06-17 18:00:00,2.044608695652174
2026-06-17 19:00:00,1.906938775510204
2026-06-17 20:00:00,2.0027619047619045
2026-06-17 21:00:00,1.8976999999999997
2026-06-17 22:00:00,1.9663636363636363
2026-06-17 23:00:00,1.977378640776699
2026-06-18 00:00:00,1.9362376237623762
2026-06-18 01:00:00,1.8186000000000002
2026-06-18 02:00:00,1.7929
2026-06-18 03:00:00,1.7604347826086957
2026-06-18 04:00:00,1.728494623655914
2026-06-18 05:00:00,1.905225225225225
2026-06-18 06:00:00,1.8149056603773583
2026-06-18 07:00:00,1.6948076923076922
2026-06-18 08:00:00,1.8930434782608694
2026-06-18 09:00:00,2.361111111111111
2026-06-18 10:00:00,2.4812903225806453
2026-06-18 11:00:00,2.8548695652173914
2026-06-18 12:00:00,2.7555
2026-06-18 13:00:00,2.744782608695652
2026-06-18 14:00:00,2.675641025641026
2026-06-18 15:00:00,2.7639669421487603
2026-06-18 16:00:00,2.488521739130435
2026-06-18 17:00:00,2.4204999999999997
2026-06-18 18:00:00,2.1494495412844037
2026-06-18 19:00:00,2.0015533980582525
2026-06-18 20:00:00,2.1377884615384617
2026-06-18 21:00:00,2.1350526315789473
2026-06-18 22:00:00,2.1099019607843137
2026-06-18 23:00:00,2.1825510204081633
2026-06-19 00:00:00,2.2045192307692307
2026-06-19 01:00:00,2.0185999999999997
2026-06-19 02:00:00,1.9575824175824175
2026-06-19 03:00:00,1.8171428571428574
2026-06-19 04:00:00,1.7693103448275862
2026-06-19 05:00:00,1.9124038461538464
2026-06-19 06:00:00,1.9944444444444442
2026-06-19 07:00:00,1.895128205128205
2026-06-19 08:00:00,2.0417948717948717
2026-06-19 09:00:00,2.423247863247863
2026-06-19 10:00:00,2.670086956521739
2026-06-19 11:00:00,2.4891452991452994
2026-06-19 12:00:00,2.7777678571428575
2026-06-19 13:00:00,2.8642857142857143
2026-06-19 14:00:00,2.9606896551724136
2026-06-19 15:00:00,3.032820512820513
2026-06-19 16:00:00,3.0661666666666667
2026-06-19 17:00:00,2.7761864406779657
2026-06-19 18:00:00,2.330377358490566
2026-06-19 19:00:00,2.2913265306122446
2026-06-19 20:00:00,2.281980198019802
2026-06-19 21:00:00,2.280366972477064
2026-06-19 22:00:00,2.3377884615384614
2026-06-19 23:00:00,2.289578947368421
2026-06-20 00:00:00,2.244731182795699
2026-06-20 01:00:00,2.1929
2026-06-20 02:00:00,2.1296938775510204
2026-06-20 03:00:00,2.040842105263158
2026-06-20 04:00:00,1.997450980392157
2026-06-20 05:00:00,2.103076923076923
2026-06-20 06:00:00,2.1499099099099097
2026-06-20 07:00:00,2.1057894736842107
2026-06-20 08:00:00,2.325
2026-06-20 09:00:00,2.5284347826086955
2026-06-20 10:00:00,2.5250420168067227
2026-06-20 11:00:00,2.4865254237288137
2026-06-20 12:00:00,2.696198347107438
2026-06-20 13:00:00,2.62536
2026-06-20 14:00:00,2.6774796747967478
2026-06-20 15:00:00,2.636115702479339
2026-06-20 16:00:00,2.696885245901639
2026-06-20 17:00:00,2.419375
2026-06-20 18:00:00,2.2214285714285715
2026-06-20 19:00:00,2.3331683168316832
2026-06-20 20:00:00,2.3317021276595744
2026-06-20 21:00:00,2.3054545454545456
2026-06-20 22:00:00,2.3083
2026-06-20 23:00:00,2.282244897959184
2026-06-21 00:00:00,2.245217391304348
2026-06-21 01:00:00,2.2203921568627454
2026-06-21 02:00:00,2.1518947368421055
2026-06-21 03:00:00,2.013962264150943
2026-06-21 04:00:00,2.024489795918367
2026-06-21 05:00:00,2.1041666666666665
2026-06-21 06:00:00,2.075607476635514
2026-06-21 07:00:00,2.083904761904762
2026-06-21 08:00:00,2.2685470085470087
2026-06-21 09:00:00,2.6166666666666667
2026-06-21 10:00:00,2.689145299145299
2026-06-21 11:00:00,2.758048780487805
2026-06-21 12:00:00,2.7665289256198347
2026-06-21 13:00:00,2.9268032786885247
2026-06-21 14:00:00,2.8637190082644626
2026-06-21 15:00:00,2.7899206349206347
2026-06-21 16:00:00,2.834
2026-06-21 17:00:00,2.5280487804878047
2026-06-21 18:00:00,2.2139823008849557
2026-06-21 19:00:00,2.0651546391752578
2026-06-21 20:00:00,2.088118811881188
2026-06-21 21:00:00,2.0664
2026-06-21 22:00:00,2.02438202247191
2026-06-21 23:00:00,1.9595918367346938
2026-06-22 00:00:00,1.869207920792079
2026-06-22 01:00:00,1.812087912087912
2026-06-22 02:00:00,1.7888888888888888
2026-06-22 03:00:00,1.7798130841121496
2026-06-22 04:00:00,1.6760416666666667
2026-06-22 05:00:00,1.7941747572815534
2026-06-22 06:00:00,1.7700847457627118
2026-06-22 07:00:00,2.0745
2026-06-22 08:00:00,2.342991452991453
2026-06-22 09:00:00,2.371
2026-06-22 10:00:00,2.67609756097561
2026-06-22 11:00:00,2.88218487394958
2026-06-22 12:00:00,3.2872950819672133
2026-06-22 13:00:00,3.3316666666666666
2026-06-22 14:00:00,3.3097368421052633
2026-06-22 15:00:00,3.3887704918032786
2026-06-22 16:00:00,3.5981967213114756
2026-06-22 17:00:00,3.3630172413793105
2026-06-22 18:00:00,2.124745762711864
2026-06-22 19:00:00,2.1327777777777777
2026-06-22 20:00:00,2.2316161616161616
2026-06-22 21:00:00,2.125858585858586
2026-06-22 22:00:00,2.039375
2026-06-22 23:00:00,2.006082474226804
2026-06-23 00:00:00,1.9802105263157894
2026-06-23 01:00:00,1.8684536082474228
2026-06-23 02:00:00,1.7588172043010752
2026-06-23 03:00:00,1.7379347826086955
2026-06-23 04:00:00,1.706236559139785
2026-06-23 05:00:00,1.8506930693069306
2026-06-23 06:00:00,1.7480357142857144
2026-06-23 07:00:00,1.7510655737704917
2026-06-23 08:00:00,1.904537037037037
2026-06-23 09:00:00,2.352
2026-06-23 10:00:00,2.5216
2026-06-23 11:00:00,2.5628813559322037
2026-06-23 12:00:00,2.4854166666666666
2026-06-23 13:00:00,2.7187603305785126
2026-06-23 14:00:00,2.7488793103448277
2026-06-23 15:00:00,3.4432478632478634
2026-06-23 16:00:00,3.712782608695652
2026-06-23 17:00:00,3.7212280701754383
2026-06-23 18:00:00,2.4250833333333333
2026-06-23 19:00:00,2.0780000000000003
2026-06-23 20:00:00,2.0925773195876287
2026-06-23 21:00:00,2.036153846153846
2026-06-23 22:00:00,1.9912999999999998
2026-06-23 23:00:00,1.9783673469387755
2026-06-24 00:00:00,1.9513999999999998
2026-06-24 01:00:00,1.9039130434782607
2026-06-24 02:00:00,1.801720430107527
2026-06-24 03:00:00,1.741511627906977
2026-06-24 04:00:00,1.7176288659793812
2026-06-24 05:00:00,1.8960416666666668
2026-06-24 06:00:00,1.863008849557522
2026-06-24 07:00:00,1.7573684210526317
2026-06-24 08:00:00,1.9183333333333332
2026-06-24 09:00:00,2.876186440677966
2026-06-24 10:00:00,3.4720338983050847
2026-06-24 11:00:00,3.617217391304348
2026-06-24 12:00:00,3.6646017699115045
2026-06-24 13:00:00,3.748050847457627
2026-06-24 14:00:00,3.795877192982456
2026-06-24 15:00:00,3.7351199999999998
2026-06-24 16:00:00,3.8332432432432433
2026-06-24 17:00:00,3.113451327433628
2026-06-24 18:00:00,2.478684210526316
2026-06-24 19:00:00,2.1968367346938775
2026-06-24 20:00:00,2.1555855855855857
2026-06-24 21:00:00,2.0438317757009345
2026-06-24 22:00:00,1.958469387755102
2026-06-24 23:00:00,1.926
2026-06-25 00:00:00,1.9226530612244896
2026-06-25 01:00:00,1.8990384615384615
2026-06-25 02:00:00,1.8905825242718446
2026-06-25 03:00:00,1.6367021276595743
2026-06-25 04:00:00,1.6421276595744678
2026-06-25 05:00:00,1.8575757575757577
2026-06-25 06:00:00,1.8374774774774776
2026-06-25 07:00:00,1.9453153153153153
2026-06-25 08:00:00,2.4402586206896553
2026-06-25 09:00:00,2.7677477477477477
2026-06-25 10:00:00,2.664873949579832
2026-06-25 11:00:00,3.071260504201681
2026-06-25 12:00:00,3.3588235294117648
2026-06-25 13:00:00,3.5826050420168065
2026-06-25 14:00:00,3.6727731092436975
2026-06-25 15:00:00,3.6103389830508474
2026-06-25 16:00:00,3.20034188034188
2026-06-25 17:00:00,2.8212295081967214
2026-06-25 18:00:00,2.3735897435897435
2026-06-25 19:00:00,2.3848076923076924
2026-06-25 20:00:00,2.421470588235294
2026-06-25 21:00:00,2.4860416666666665
2026-06-25 22:00:00,2.532857142857143
2026-06-25 23:00:00,2.626470588235294
2026-06-26 00:00:00,2.636504854368932
2026-06-26 01:00:00,2.5941964285714287
2026-06-26 02:00:00,2.515096153846154
2026-06-26 03:00:00,2.3749514563106797
2026-06-26 04:00:00,2.3423762376237622
2026-06-26 05:00:00,2.2849999999999997
2026-06-26 06:00:00,2.555876288659794
2026-06-26 07:00:00,2.578125
2026-06-26 08:00:00,2.651759259259259
2026-06-26 09:00:00,2.7616666666666667
2026-06-26 10:00:00,2.765809523809524
2026-06-26 11:00:00,3.0134745762711863
2026-06-26 12:00:00,2.972109375
2026-06-26 13:00:00,2.890416666666667
2026-06-26 14:00:00,2.8929166666666664
2026-06-26 15:00:00,2.9122608695652175
2026-06-26 16:00:00,3.002991452991453
2026-06-26 17:00:00,2.6158928571428572
2026-06-26 18:00:00,2.4568627450980394
2026-06-26 19:00:00,2.5389
2026-06-26 20:00:00,2.513495145631068
2026-06-26 21:00:00,2.492685185185185
2026-06-26 22:00:00,2.494607843137255
2026-06-26 23:00:00,2.4948453608247423
2026-06-27 00:00:00,2.579126213592233
2026-06-27 01:00:00,2.595684210526316
2026-06-27 02:00:00,2.4998058252427184
2026-06-27 03:00:00,2.4000990099009902
2026-06-27 04:00:00,2.4075700934579443
2026-06-27 05:00:00,2.4825714285714287
2026-06-27 06:00:00,2.4335135135135135
2026-06-27 07:00:00,2.357924528301887
2026-06-27 08:00:00,2.471517857142857
2026-06-27 09:00:00,2.649391304347826
2026-06-27 10:00:00,2.889115044247788
2026-06-27 11:00:00,3.088852459016393
2026-06-27 12:00:00,3.0544067796610173
2026-06-27 13:00:00,3.227413793103448
2026-06-27 14:00:00,3.45675
2026-06-27 15:00:00,3.839396551724138
2026-06-27 16:00:00,3.1287179487179486
2026-06-27 17:00:00,2.901282051282051
2026-06-27 18:00:00,2.5702884615384614
2026-06-27 19:00:00,2.6079999999999997
2026-06-27 20:00:00,2.6021428571428573
2026-06-27 21:00:00,2.548073394495413
2026-06-27 22:00:00,2.5285046728971965
2026-06-27 23:00:00,2.5439
2026-06-28 00:00:00,2.492872340425532
2026-06-28 01:00:00,2.4475000000000002
2026-06-28 02:00:00,2.4166346153846154
2026-06-28 03:00:00,2.3096969696969696
2026-06-28 04:00:00,2.1892
2026-06-28 05:00:00,2.2846728971962618
2026-06-28 06:00:00,2.3821568627450977
2026-06-28 07:00:00,2.4356435643564356
2026-06-28 08:00:00,2.550619469026549
2026-06-28 09:00:00,2.805135135135135
2026-06-28 10:00:00,3.01034188034188
2026-06-28 11:00:00,3.0771818181818182
2026-06-28 12:00:00,3.1613675213675214
2026-06-28 13:00:00,3.140769230769231
2026-06-28 14:00:00,3.359406779661017
2026-06-28 15:00:00,2.9382644628099173
2026-06-28 16:00:00,2.6525000000000003
2026-06-28 17:00:00,2.5297979797979795
2026-06-28 18:00:00,2.583809523809524
2026-06-28 19:00:00,2.727547169811321
2026-06-28 20:00:00,2.7091089108910893
2026-06-28 21:00:00,2.741981981981982
2026-06-28 22:00:00,2.8084466019417476
2026-06-28 23:00:00,2.835754716981132
2026-06-29 00:00:00,2.8154285714285714
2026-06-29 01:00:00,2.7561764705882354
2026-06-29 02:00:00,2.7905607476635512
2026-06-29 03:00:00,2.686936936936937
2026-06-29 04:00:00,2.6233684210526316
2026-06-29 05:00:00,2.6890816326530613
2026-06-29 06:00:00,2.755840707964602
2026-06-29 07:00:00,2.7077118644067797
2026-06-29 08:00:00,2.679649122807018
2026-06-29 09:00:00,2.6865254237288134
2026-06-29 10:00:00,2.8817213114754097
2026-06-29 11:00:00,2.9447154471544716
2026-06-29 12:00:00,3.0814876033057854
2026-06-29 13:00:00,3.1927419354838706
2026-06-29 14:00:00,3.245833333333333
2026-06-29 15:00:00,2.8205645161290325
2026-06-29 16:00:00,2.9543589743589744
2026-06-29 17:00:00,2.6672580645161292
2026-06-29 18:00:00,2.4427966101694913
2026-06-29 19:00:00,2.256470588235294
2026-06-29 20:00:00,2.319230769230769
2026-06-29 21:00:00,2.236542056074766
2026-06-29 22:00:00,2.1757142857142857
2026-06-29 23:00:00,2.1570370370370373
2026-06-30 00:00:00,2.1613333333333333
2026-06-30 01:00:00,2.082551020408163
2026-06-30 02:00:00,1.9567307692307692
2026-06-30 03:00:00,1.956111111111111
2026-06-30 04:00:00,1.8972043010752688
2026-06-30 05:00:00,2.0589320388349512
2026-06-30 06:00:00,2.0036842105263157
2026-06-30 07:00:00,2.0808035714285715
2026-06-30 08:00:00,2.4514678899082565
2026-06-30 09:00:00,3.0121774193548387
2026-06-30 10:00:00,3.130588235294118
2026-06-30 11:00:00,3.757142857142857
2026-06-30 12:00:00,3.865294117647059
2026-06-30 13:00:00,3.9660526315789473
2026-06-30 14:00:00,4.040338983050847
2026-06-30 15:00:00,3.97008547008547
2026-06-30 16:00:00,4.010916666666667
2026-06-30 17:00:00,3.9441818181818182
2026-06-30 18:00:00,2.9923529411764704
2026-06-30 19:00:00,2.626216216216216
2026-06-30 20:00:00,2.6225225225225226
2026-06-30 21:00:00,2.619514563106796
2026-06-30 22:00:00,2.581792452830189
2026-06-30 23:00:00,2.5599065420560745
2026-07-01 00:00:00,2.5972277227722773
2026-07-01 01:00:00,2.5628431372549016
2026-07-01 02:00:00,2.465943396226415
2026-07-01 03:00:00,2.4402020202020203
2026-07-01 04:00:00,2.4096039603960397
2026-07-01 05:00:00,2.510673076923077
2026-07-01 06:00:00,2.55156862745098
2026-07-01 07:00:00,2.4697142857142858
2026-07-01 08:00:00,2.605765765765766
2026-07-01 09:00:00,3.0993220338983054
2026-07-01 10:00:00,3.6420689655172414
2026-07-01 11:00:00,4.075044247787611
2026-07-01 12:00:00,4.147317073170732
2026-07-01 13:00:00,4.2548360655737705
2026-07-01 14:00:00,4.2159504132231405
2026-07-01 15:00:00,4.028235294117647
2026-07-01 16:00:00,4.1118749999999995
2026-07-01 17:00:00,3.9180341880341882
2026-07-01 18:00:00,3.0618103448275864
2026-07-01 19:00:00,2.610918367346939
2026-07-01 20:00:00,2.6045
2026-07-01 21:00:00,2.6166336633663363
2026-07-01 22:00:00,2.6359139784946235
2026-07-01 23:00:00,2.6925252525252525
2026-07-02 00:00:00,2.742095238095238
2026-07-02 01:00:00,2.7673
2026-07-02 02:00:00,2.78156862745098
2026-07-02 03:00:00,2.761651376146789
2026-07-02 04:00:00,2.75
2026-07-02 05:00:00,2.8626168224299064
2026-07-02 06:00:00,2.9017272727272725
2026-07-02 07:00:00,2.829107142857143
2026-07-02 08:00:00,2.8037288135593217
2026-07-02 09:00:00,2.924392523364486
2026-07-02 10:00:00,2.8807826086956525
2026-07-02 11:00:00,2.9814634146341468
2026-07-02 12:00:00,3.1954782608695655
2026-07-02 13:00:00,3.0324786324786324
2026-07-02 14:00:00,2.9965289256198346
2026-07-02 15:00:00,3.04
2026-07-02 16:00:00,3.083083333333333
2026-07-02 17:00:00,2.8895
2026-07-02 18:00:00,2.608214285714286
2026-07-02 19:00:00,2.7125
2026-07-02 20:00:00,2.735909090909091
2026-07-02 21:00:00,2.666989247311828
2026-07-02 22:00:00,2.5686868686868687
2026-07-02 23:00:00,2.5484761904761903
2026-07-03 00:00:00,2.4924
2026-07-03 01:00:00,2.4748453608247423
2026-07-03 02:00:00,2.4636458333333335
2026-07-03 03:00:00,2.3950505050505053
2026-07-03 04:00:00,2.3690526315789473
2026-07-03 05:00:00,2.494787234042553
2026-07-03 06:00:00,2.5690654205607477
2026-07-03 07:00:00,2.5185185185185186
2026-07-03 08:00:00,2.4775
2026-07-03 09:00:00,2.565966386554622
2026-07-03 10:00:00,2.78272
2026-07-03 11:00:00,3.1599999999999997
2026-07-03 12:00:00,3.3794736842105264
2026-07-03 13:00:00,3.695169491525424
2026-07-03 14:00:00,3.807142857142857
2026-07-03 15:00:00,3.7915079365079367
2026-07-03 16:00:00,3.8246610169491526
2026-07-03 17:00:00,3.3006837606837607
2026-07-03 18:00:00,2.6436936936936934
2026-07-03 19:00:00,2.1817924528301886
2026-07-03 20:00:00,2.1775531914893618
2026-07-03 21:00:00,2.1295098039215685
2026-07-03 22:00:00,2.034949494949495
2026-07-03 23:00:00,2.0034831460674156
2026-07-04 00:00:00,1.9797029702970297
2026-07-04 01:00:00,1.9387755102040816
2026-07-04 02:00:00,1.903333333333333
2026-07-04 03:00:00,1.7538297872340427
2026-07-04 04:00:00,1.7375
2026-07-04 05:00:00,1.8792660550458715
2026-07-04 06:00:00,1.912966101694915
2026-07-04 07:00:00,2.0068468468468468
2026-07-04 08:00:00,2.345948275862069
2026-07-04 09:00:00,2.6766386554621846
2026-07-04 10:00:00,3.0883333333333334
2026-07-04 11:00:00,3.27
2026-07-04 12:00:00,3.8403418803418803
2026-07-04 13:00:00,3.921382113821138
2026-07-04 14:00:00,3.974406779661017
2026-07-04 15:00:00,3.7672131147540986
2026-07-04 16:00:00,3.761239669421488
2026-07-04 17:00:00,3.2569999999999997
2026-07-04 18:00:00,2.826260869565217
2026-07-04 19:00:00,2.4255
2026-07-04 20:00:00,2.4089690721649486
2026-07-04 21:00:00,2.3132291666666664
2026-07-04 22:00:00,2.29
2026-07-04 23:00:00,2.3289719626168224
2026-07-05 00:00:00,2.335252525252525
2026-07-05 01:00:00,2.160761904761905
2026-07-05 02:00:00,2.08
2026-07-05 03:00:00,1.9717204301075268
2026-07-05 04:00:00,1.9476
2026-07-05 05:00:00,1.9376
2026-07-05 06:00:00,1.9380373831775701
2026-07-05 07:00:00,2.1205504587155963
2026-07-05 08:00:00,2.3233613445378154
2026-07-05 09:00:00,2.701949152542373
2026-07-05 10:00:00,2.9588888888888887
2026-07-05 11:00:00,3.341900826446281
2026-07-05 12:00:00,3.6796774193548383
2026-07-05 13:00:00,3.81075
2026-07-05 14:00:00,3.8880172413793104
2026-07-05 15:00:00,3.807478260869565
2026-07-05 16:00:00,3.8364166666666666
2026-07-05 17:00:00,3.714224137931035
2026-07-05 18:00:00,2.948909090909091
2026-07-05 19:00:00,2.348653846153846
2026-07-05 20:00:00,2.3479047619047617
2026-07-05 21:00:00,2.271980198019802
2026-07-05 22:00:00,2.1734259259259257
2026-07-05 23:00:00,2.068285714285714
2026-07-06 00:00:00,2.0375531914893616
2026-07-06 01:00:00,2.0289887640449438
2026-07-06 02:00:00,1.9478723404255318
2026-07-06 03:00:00,1.8345000000000002
2026-07-06 04:00:00,1.7371717171717171
2026-07-06 05:00:00,1.8559803921568627
2026-07-06 06:00:00,1.8283035714285716
2026-07-06 07:00:00,1.8671698113207547
2026-07-06 08:00:00,2.282105263157895
2026-07-06 09:00:00,2.9895762711864404
2026-07-06 10:00:00,3.451592920353982
2026-07-06 11:00:00,3.864710743801653
2026-07-06 12:00:00,3.9574193548387093
2026-07-06 13:00:00,3.929831932773109
2026-07-06 14:00:00,4.067741935483871
2026-07-06 15:00:00,3.9772499999999997
2026-07-06 16:00:00,3.869763779527559
2026-07-06 17:00:00,3.752764227642276
2026-07-06 18:00:00,3.254137931034483
2026-07-06 19:00:00,2.4564150943396226
2026-07-06 20:00:00,2.2273
2026-07-06 21:00:00,2.064387755102041
2026-07-06 22:00:00,2.1954285714285717
2026-07-06 23:00:00,2.2432323232323235
2026-07-07 00:00:00,2.232142857142857
2026-07-07 01:00:00,2.0788297872340427
2026-07-07 02:00:00,1.9816483516483514
2026-07-07 03:00:00,1.8143617021276597
2026-07-07 04:00:00,1.7782
2026-07-07 05:00:00,1.8233333333333333
2026-07-07 06:00:00,1.7821100917431192
2026-07-07 07:00:00,1.9241739130434783
2026-07-07 08:00:00,2.3890163934426227
2026-07-07 09:00:00,2.9010526315789478
2026-07-07 10:00:00,3.4046666666666665
2026-07-07 11:00:00,3.8375423728813556
2026-07-07 12:00:00,3.90755905511811
2026-07-07 13:00:00,3.9420168067226893
2026-07-07 14:00:00,3.89832
2026-07-07 15:00:00,3.748559322033898
2026-07-07 16:00:00,3.864297520661157
2026-07-07 17:00:00,3.7871794871794875
2026-07-07 18:00:00,3.3086915887850465
2026-07-07 19:00:00,2.501261261261261
2026-07-07 20:00:00,2.2476363636363637
2026-07-07 21:00:00,2.2016326530612247
2026-07-07 22:00:00,2.211121495327103
2026-07-07 23:00:00,2.2616326530612243
2026-07-08 00:00:00,2.2589690721649487
2026-07-08 01:00:00,2.1931868131868133
2026-07-08 02:00:00,2.0227
2026-07-08 03:00:00,1.8895698924731181
2026-07-08 04:00:00,1.7779787234042552
2026-07-08 05:00:00,1.8151041666666667
2026-07-08 06:00:00,1.783125
2026-07-08 07:00:00,1.9194736842105262
2026-07-08 08:00:00,2.6163865546218488
2026-07-08 09:00:00,3.3150833333333334
2026-07-08 10:00:00,4.065357142857143
2026-07-08 11:00:00,4.401206896551725
2026-07-08 12:00:00,4.491885245901639
2026-07-08 13:00:00,4.404999999999999
2026-07-08 14:00:00,4.292950819672131
2026-07-08 15:00:00,4.163793103448276
2026-07-08 16:00:00,3.8681451612903226
2026-07-08 17:00:00,3.880245901639344
2026-07-08 18:00:00,3.3821052631578947
2026-07-08 19:00:00,2.6314814814814813
2026-07-08 20:00:00,2.2626470588235295
2026-07-08 21:00:00,1.9794791666666667
2026-07-08 22:00:00,1.7953846153846154
2026-07-08 23:00:00,1.7084466019417475
2026-07-09 00:00:00,1.675
2026-07-09 01:00:00,1.6460784313725492
2026-07-09 02:00:00,1.62375
2026-07-09 03:00:00,1.5215151515151515
2026-07-09 04:00:00,1.5277319587628866
2026-07-09 05:00:00,1.667843137254902
2026-07-09 06:00:00,2.0624770642201833
2026-07-09 07:00:00,2.600648148148148
2026-07-09 08:00:00,2.986666666666667
2026-07-09 09:00:00,3.645142857142857
2026-07-09 10:00:00,4.15739837398374
2026-07-09 11:00:00,4.411864406779661
2026-07-09 12:00:00,4.514745762711865
2026-07-09 13:00:00,4.58616
2026-07-09 14:00:00,4.392314049586777
2026-07-09 15:00:00,4.04741935483871
2026-07-09 16:00:00,3.8960169491525427
2026-07-09 17:00:00,3.70904347826087
2026-07-09 18:00:00,3.2363636363636363
2026-07-09 19:00:00,2.6508695652173917
2026-07-09 20:00:00,2.5731460674157303
2026-07-09 21:00:00,2.61
2026-07-09 22:00:00,2.6038613861386137
2026-07-09 23:00:00,2.585631067961165
2026-07-10 00:00:00,2.541157894736842
2026-07-10 01:00:00,2.584230769230769
2026-07-10 02:00:00,2.6037
2026-07-10 03:00:00,2.533777777777778
2026-07-10 04:00:00,2.452264150943396
2026-07-10 05:00:00,2.384862385321101
2026-07-10 06:00:00,2.1434234234234233
2026-07-10 07:00:00,2.3933913043478263
2026-07-10 08:00:00,2.6007272727272728
2026-07-10 09:00:00,2.9049565217391304
2026-07-10 10:00:00,3.2087931034482757
2026-07-10 11:00:00,3.825040650406504
2026-07-10 12:00:00,4.082272727272727
2026-07-10 13:00:00,4.42155737704918
2026-07-10 14:00:00,4.530081967213114
2026-07-10 15:00:00,4.2977685950413225
2026-07-10 16:00:00,3.841570247933884
2026-07-10 17:00:00,3.658318584070796
2026-07-10 18:00:00,3.1760952380952383
2026-07-10 19:00:00,2.870747663551402
2026-07-10 20:00:00,2.836698113207547
2026-07-10 21:00:00,2.7836448598130836
2026-07-10 22:00:00,2.786893203883495
2026-07-10 23:00:00,2.786991150442478
2026-07-11 00:00:00,2.768
2026-07-11 01:00:00,2.7498130841121498
2026-07-11 02:00:00,2.758282828282828
2026-07-11 03:00:00,2.7032380952380954
2026-07-11 04:00:00,2.6637113402061856
2026-07-11 05:00:00,2.640576923076923
2026-07-11 06:00:00,2.6075247524752476
2026-07-11 07:00:00,2.7117857142857145
2026-07-11 08:00:00,2.8195495495495497
2026-07-11 09:00:00,3.1266666666666665
2026-07-11 10:00:00,3.318275862068966
2026-07-11 11:00:00,3.6949565217391305
2026-07-11 12:00:00,4.108983050847458
2026-07-11 13:00:00,3.903050847457627
2026-07-11 14:00:00,3.6897435897435895
2026-07-11 15:00:00,3.011150442477876
2026-07-11 16:00:00,2.5557142857142856
2026-07-11 17:00:00,2.511206896551724
2026-07-11 18:00:00,2.541651376146789
2026-07-11 19:00:00,2.755288461538462
2026-07-11 20:00:00,2.7976767676767675
2026-07-11 21:00:00,2.789306930693069
2026-07-11 22:00:00,2.77990990990991
2026-07-11 23:00:00,2.763535353535353
2026-07-12 00:00:00,2.762156862745098
2026-07-12 01:00:00,2.7051063829787236
2026-07-12 02:00:00,2.5672549019607844
2026-07-12 03:00:00,2.507142857142857
2026-07-12 04:00:00,2.4151648351648354
2026-07-12 05:00:00,2.430619469026549
2026-07-12 06:00:00,2.490594059405941
2026-07-12 07:00:00,2.68
2026-07-12 08:00:00,2.8228828828828827
2026-07-12 09:00:00,3.0758878504672897
2026-07-12 10:00:00,3.217647058823529
2026-07-12 11:00:00,3.4894915254237286
2026-07-12 12:00:00,3.5968103448275865
2026-07-12 13:00:00,3.765737704918033
2026-07-12 14:00:00,3.5823893805309734
2026-07-12 15:00:00,3.46944
2026-07-12 16:00:00,3.3838655462184875
2026-07-12 17:00:00,3.1760360360360362
2026-07-12 18:00:00,2.986504854368932
2026-07-12 19:00:00,2.9891
2026-07-12 20:00:00,2.962300884955752
2026-07-12 21:00:00,2.9576190476190476
2026-07-12 22:00:00,2.9752173913043483
2026-07-12 23:00:00,2.993551401869159
2026-07-13 00:00:00,2.956761904761905
2026-07-13 01:00:00,2.9077064220183484
2026-07-13 02:00:00,2.8680909090909092
2026-07-13 03:00:00,2.866116504854369
2026-07-13 04:00:00,2.9504854368932043
2026-07-13 05:00:00,2.9955882352941177
2026-07-13 06:00:00,3.019626168224299
2026-07-13 07:00:00,3.097948717948718
2026-07-13 08:00:00,3.1275
2026-07-13 09:00:00,3.459586776859504
2026-07-13 10:00:00,3.413793103448276
2026-07-13 11:00:00,3.8196774193548384
2026-07-13 12:00:00,4.040975609756098
2026-07-13 13:00:00,4.316694214876033
2026-07-13 14:00:00,4.052173913043478
2026-07-13 15:00:00,3.9638793103448275
2026-07-13 16:00:00,4.131282051282051
2026-07-13 17:00:00,3.1996610169491526
2026-07-13 18:00:00,2.8155932203389833
2026-07-13 19:00:00,2.713611111111111
2026-07-13 20:00:00,2.6395412844036694
2026-07-13 21:00:00,2.5964356435643565
2026-07-13 22:00:00,2.6193877551020406
