_time,_value
2026-01-01 00:00:00,0.02266666666666667
2026-01-01 01:00:00,0.01916666666666667
2026-01-01 02:00:00,0.02142857142857143
2026-01-01 03:00:00,0.01756756756756757
2026-01-01 04:00:00,0.020666666666666667
2026-01-01 05:00:00,0.02046511627906977
2026-01-01 06:00:00,0.04956521739130435
2026-01-01 07:00:00,7.068805970149254
2026-01-01 08:00:00,43.93313432835821
2026-01-01 09:00:00,120.20558823529412
2026-01-01 10:00:00,219.96121212121213
2026-01-01 11:00:00,241.02632352941177
2026-01-01 12:00:00,328.57268656716417
2026-01-01 13:00:00,129.40136363636364
2026-01-01 14:00:00,110.74515151515152
2026-01-01 15:00:00,42.41373134328358
2026-01-01 16:00:00,48.73808823529412
2026-01-01 17:00:00,68.57849056603773
2026-01-01 18:00:00,68.56564516129032
2026-01-01 19:00:00,2.8810416666666665
2026-01-01 20:00:00,0.022083333333333333
2026-01-01 21:00:00,0.02392156862745098
2026-01-01 22:00:00,0.02142857142857143
2026-01-01 23:00:00,0.02216216216216216
2026-01-02 00:00:00,0.02
2026-01-02 01:00:00,0.01846153846153846
2026-01-02 02:00:00,0.02119047619047619
2026-01-02 03:00:00,0.020377358490566037
2026-01-02 04:00:00,0.0194
2026-01-02 05:00:00,0.018367346938775512
2026-01-02 06:00:00,0.030952380952380953
2026-01-02 07:00:00,7.619384615384615
2026-01-02 08:00:00,58.443970588235295
2026-01-02 09:00:00,91.96630769230768
2026-01-02 10:00:00,145.2420895522388
2026-01-02 11:00:00,225.55764705882353
2026-01-02 12:00:00,204.41833333333335
2026-01-02 13:00:00,164.1864705882353
2026-01-02 14:00:00,111.125
2026-01-02 15:00:00,62.99044776119403
2026-01-02 16:00:00,47.74573529411765
2026-01-02 17:00:00,68.68157894736842
2026-01-02 18:00:00,68.66189655172414
2026-01-02 19:00:00,1.3715686274509802
2026-01-02 20:00:00,0.019782608695652175
2026-01-02 21:00:00,0.020999999999999998
2026-01-02 22:00:00,0.020999999999999998
2026-01-02 23:00:00,0.02186046511627907
2026-01-03 00:00:00,0.01977272727272727
2026-01-03 01:00:00,0.021304347826086957
2026-01-03 02:00:00,0.02148936170212766
2026-01-03 03:00:00,0.019591836734693877
2026-01-03 04:00:00,0.019782608695652175
2026-01-03 05:00:00,0.0215
2026-01-03 06:00:00,0.026521739130434784
2026-01-03 07:00:00,6.168955223880597
2026-01-03 08:00:00,47.87264705882353
2026-01-03 09:00:00,81.30348484848484
2026-01-03 10:00:00,76.7555223880597
2026-01-03 11:00:00,86.31522388059702
2026-01-03 12:00:00,99.17686567164179
2026-01-03 13:00:00,112.39716417910448
2026-01-03 14:00:00,71.60449275362319
2026-01-03 15:00:00,40.16089552238806
2026-01-03 16:00:00,42.00060606060606
2026-01-03 17:00:00,68.50542372881357
2026-01-03 18:00:00,68.43610169491525
2026-01-03 19:00:00,1.5110869565217393
2026-01-03 20:00:00,0.022745098039215685
2026-01-03 21:00:00,0.023658536585365854
2026-01-03 22:00:00,0.02225
2026-01-03 23:00:00,0.02382978723404255
2026-01-04 00:00:00,0.023076923076923075
2026-01-04 01:00:00,0.022173913043478263
2026-01-04 02:00:00,0.023636363636363636
2026-01-04 03:00:00,0.021176470588235297
2026-01-04 04:00:00,0.021777777777777778
2026-01-04 05:00:00,0.02089285714285714
2026-01-04 06:00:00,0.02530612244897959
2026-01-04 07:00:00,2.09328125
2026-01-04 08:00:00,24.773913043478263
2026-01-04 09:00:00,15.241538461538463
2026-01-04 10:00:00,58.606268656716416
2026-01-04 11:00:00,62.97850746268657
2026-01-04 12:00:00,90.74477611940299
2026-01-04 13:00:00,69.48058823529412
2026-01-04 14:00:00,38.44217391304348
2026-01-04 15:00:00,21.875151515151515
2026-01-04 16:00:00,40.53573529411764
2026-01-04 17:00:00,68.70666666666666
2026-01-04 18:00:00,68.55452830188679
2026-01-04 19:00:00,1.481276595744681
2026-01-04 20:00:00,0.020851063829787235
2026-01-04 21:00:00,0.02
2026-01-04 22:00:00,0.02372093023255814
2026-01-04 23:00:00,0.021707317073170734
2026-01-05 00:00:00,0.02116279069767442
2026-01-05 01:00:00,0.01925
2026-01-05 02:00:00,0.02119047619047619
2026-01-05 03:00:00,0.02291666666666667
2026-01-05 04:00:00,0.02125
2026-01-05 05:00:00,0.020217391304347826
2026-01-05 06:00:00,0.021219512195121953
2026-01-05 07:00:00,1.8195161290322581
2026-01-05 08:00:00,36.41641791044776
2026-01-05 09:00:00,96.05477611940299
2026-01-05 10:00:00,92.60358208955223
2026-01-05 11:00:00,120.11646153846154
2026-01-05 12:00:00,118.34358208955223
2026-01-05 13:00:00,89.1497014925373
2026-01-05 14:00:00,68.47676470588236
2026-01-05 15:00:00,26.98076923076923
2026-01-05 16:00:00,42.78939393939394
2026-01-05 17:00:00,68.75783333333334
2026-01-05 18:00:00,68.68285714285715
2026-01-05 19:00:00,1.4504166666666665
2026-01-05 20:00:00,0.02122448979591837
2026-01-05 21:00:00,0.02
2026-01-05 22:00:00,0.020476190476190474
2026-01-05 23:00:00,0.021875
2026-01-06 00:00:00,0.018571428571428572
2026-01-06 01:00:00,0.02
2026-01-06 02:00:00,0.017826086956521738
2026-01-06 03:00:00,0.018139534883720932
2026-01-06 04:00:00,0.018292682926829267
2026-01-06 05:00:00,0.017804878048780486
2026-01-06 06:00:00,0.030425531914893614
2026-01-06 07:00:00,11.23279411764706
2026-01-06 08:00:00,92.7219696969697
2026-01-06 09:00:00,118.2375
2026-01-06 10:00:00,168.13
2026-01-06 11:00:00,250.12072463768118
2026-01-06 12:00:00,231.10803030303032
2026-01-06 13:00:00,279.1319117647059
2026-01-06 14:00:00,198.2034782608696
2026-01-06 15:00:00,100.94485294117646
2026-01-06 16:00:00,69.31298507462687
2026-01-06 17:00:00,69.63241935483872
2026-01-06 18:00:00,68.94036363636364
2026-01-06 19:00:00,1.6227906976744186
2026-01-06 20:00:00,0.017272727272727273
2026-01-06 21:00:00,0.017826086956521738
2026-01-06 22:00:00,0.014615384615384617
2026-01-06 23:00:00,0.014782608695652176
2026-01-07 00:00:00,0.016097560975609757
2026-01-07 01:00:00,0.015510204081632653
2026-01-07 02:00:00,0.018163265306122448
2026-01-07 03:00:00,0.015714285714285715
2026-01-07 04:00:00,0.016341463414634147
2026-01-07 05:00:00,0.015714285714285715
2026-01-07 06:00:00,0.03456521739130435
2026-01-07 07:00:00,16.996923076923075
2026-01-07 08:00:00,126.08985294117647
2026-01-07 09:00:00,191.56641791044777
2026-01-07 10:00:00,304.8272727272727
2026-01-07 11:00:00,299.1794117647059
2026-01-07 12:00:00,202.9819117647059
2026-01-07 13:00:00,171.2204411764706
2026-01-07 14:00:00,135.4168656716418
2026-01-07 15:00:00,96.47882352941176
2026-01-07 16:00:00,62.45194029850746
2026-01-07 17:00:00,69.2015
2026-01-07 18:00:00,68.77263157894737
2026-01-07 19:00:00,1.516304347826087
2026-01-07 20:00:00,0.018823529411764704
2026-01-07 21:00:00,0.01673913043478261
2026-01-07 22:00:00,0.016734693877551023
2026-01-07 23:00:00,0.01681818181818182
2026-01-08 00:00:00,0.017954545454545456
2026-01-08 01:00:00,0.017291666666666667
2026-01-08 02:00:00,0.0175
2026-01-08 03:00:00,0.015476190476190477
2026-01-08 04:00:00,0.0178
2026-01-08 05:00:00,0.01711111111111111
2026-01-08 06:00:00,0.04568627450980392
2026-01-08 07:00:00,16.565735294117648
2026-01-08 08:00:00,123.9568656716418
2026-01-08 09:00:00,180.14955223880597
2026-01-08 10:00:00,291.1025
2026-01-08 11:00:00,241.28731343283582
2026-01-08 12:00:00,184.7058823529412
2026-01-08 13:00:00,166.23735294117645
2026-01-08 14:00:00,130.3528787878788
2026-01-08 15:00:00,156.10537313432835
2026-01-08 16:00:00,103.45926470588235
2026-01-08 17:00:00,43.40464285714285
2026-01-08 18:00:00,0.022391304347826088
2026-01-08 19:00:00,0.019795918367346937
2026-01-08 20:00:00,0.0202
2026-01-08 21:00:00,0.021458333333333333
2026-01-08 22:00:00,0.02022222222222222
2026-01-08 23:00:00,0.02106382978723404
2026-01-09 00:00:00,0.01916666666666667
2026-01-09 01:00:00,0.01764705882352941
2026-01-09 02:00:00,0.019130434782608695
2026-01-09 03:00:00,0.016595744680851066
2026-01-09 04:00:00,0.018958333333333334
2026-01-09 05:00:00,0.020232558139534885
2026-01-09 06:00:00,0.0286
2026-01-09 07:00:00,7.957611940298507
2026-01-09 08:00:00,83.12985294117647
2026-01-09 09:00:00,194.65223880597017
2026-01-09 10:00:00,272.90476923076926
2026-01-09 11:00:00,243.43000000000004
2026-01-09 12:00:00,346.3889393939394
2026-01-09 13:00:00,164.52863636363637
2026-01-09 14:00:00,181.82470588235293
2026-01-09 15:00:00,102.72417910447761
2026-01-09 16:00:00,106.98696969696971
2026-01-09 17:00:00,44.553396226415096
2026-01-09 18:00:00,0.02170212765957447
2026-01-09 19:00:00,0.02127659574468085
2026-01-09 20:00:00,0.021764705882352943
2026-01-09 21:00:00,0.021346153846153848
2026-01-09 22:00:00,0.019574468085106385
2026-01-09 23:00:00,0.020625
2026-01-10 00:00:00,0.018823529411764704
2026-01-10 01:00:00,0.018857142857142857
2026-01-10 02:00:00,0.021041666666666667
2026-01-10 03:00:00,0.019318181818181818
2026-01-10 04:00:00,0.019591836734693877
2026-01-10 05:00:00,0.019591836734693877
2026-01-10 06:00:00,0.04454545454545455
2026-01-10 07:00:00,16.730149253731344
2026-01-10 08:00:00,129.38220588235293
2026-01-10 09:00:00,197.88432835820896
2026-01-10 10:00:00,300.5131343283582
2026-01-10 11:00:00,211.15529411764706
2026-01-10 12:00:00,188.0334328358209
2026-01-10 13:00:00,167.59264705882353
2026-01-10 14:00:00,167.1486567164179
2026-01-10 15:00:00,149.55768115942027
2026-01-10 16:00:00,103.31477611940299
2026-01-10 17:00:00,41.39421052631579
2026-01-10 18:00:00,0.021666666666666667
2026-01-10 19:00:00,0.02
2026-01-10 20:00:00,0.019782608695652175
2026-01-10 21:00:00,0.020425531914893616
2026-01-10 22:00:00,0.019767441860465116
2026-01-10 23:00:00,0.018936170212765956
2026-01-11 00:00:00,0.017555555555555557
2026-01-11 01:00:00,0.01888888888888889
2026-01-11 02:00:00,0.01825
2026-01-11 03:00:00,0.016666666666666666
2026-01-11 04:00:00,0.017872340425531916
2026-01-11 05:00:00,0.01847826086956522
2026-01-11 06:00:00,0.04068181818181818
2026-01-11 07:00:00,10.145147058823529
2026-01-11 08:00:00,100.28863636363637
2026-01-11 09:00:00,206.05272727272725
2026-01-11 10:00:00,298.9962121212121
2026-01-11 11:00:00,337.02850746268655
2026-01-11 12:00:00,185.64424242424244
2026-01-11 13:00:00,166.66424242424242
2026-01-11 14:00:00,208.41671641791044
2026-01-11 15:00:00,140.79352941176472
2026-01-11 16:00:00,106.8641791044776
2026-01-11 17:00:00,42.159285714285716
2026-01-11 18:00:00,0.023043478260869565
2026-01-11 19:00:00,0.021666666666666667
2026-01-11 20:00:00,0.019615384615384614
2026-01-11 21:00:00,0.01826086956521739
2026-01-11 22:00:00,0.016666666666666666
2026-01-11 23:00:00,0.015925925925925927
2026-01-12 00:00:00,0.017333333333333333
2026-01-12 01:00:00,0.0202
2026-01-12 02:00:00,0.01723404255319149
2026-01-12 03:00:00,0.018936170212765956
2026-01-12 04:00:00,0.016756756756756756
2026-01-12 05:00:00,0.016875
2026-01-12 06:00:00,0.048604651162790696
2026-01-12 07:00:00,16.7221875
2026-01-12 08:00:00,130.41529411764705
2026-01-12 09:00:00,202.8958208955224
2026-01-12 10:00:00,299.7458208955224
2026-01-12 11:00:00,251.3982608695652
2026-01-12 12:00:00,187.8723880597015
2026-01-12 13:00:00,167.36136363636365
2026-01-12 14:00:00,232.15826086956523
2026-01-12 15:00:00,141.85727272727271
2026-01-12 16:00:00,107.58441176470588
2026-01-12 17:00:00,43.945454545454545
2026-01-12 18:00:00,0.021951219512195124
2026-01-12 19:00:00,0.019545454545454546
2026-01-12 20:00:00,0.019799999999999998
2026-01-12 21:00:00,0.02
2026-01-12 22:00:00,0.020425531914893616
2026-01-12 23:00:00,0.018378378378378378
2026-01-13 00:00:00,0.0196
2026-01-13 01:00:00,0.01975609756097561
2026-01-13 02:00:00,0.01956521739130435
2026-01-13 03:00:00,0.019148936170212766
2026-01-13 04:00:00,0.021764705882352943
2026-01-13 05:00:00,0.020980392156862746
2026-01-13 06:00:00,0.03229166666666667
2026-01-13 07:00:00,4.750447761194029
2026-01-13 08:00:00,50.23378787878788
2026-01-13 09:00:00,87.20279411764706
2026-01-13 10:00:00,188.12469696969697
2026-01-13 11:00:00,334.50926470588234
2026-01-13 12:00:00,363.4180303030303
2026-01-13 13:00:00,239.25588235294117
2026-01-13 14:00:00,188.59676470588235
2026-01-13 15:00:00,128.82954545454547
2026-01-13 16:00:00,94.00044776119402
2026-01-13 17:00:00,42.64263157894737
2026-01-13 18:00:00,0.024693877551020406
2026-01-13 19:00:00,0.02277777777777778
2026-01-13 20:00:00,0.022156862745098038
2026-01-13 21:00:00,0.020714285714285713
2026-01-13 22:00:00,0.0192
2026-01-13 23:00:00,0.019807692307692307
2026-01-14 00:00:00,0.017674418604651163
2026-01-14 01:00:00,0.016734693877551023
2026-01-14 02:00:00,0.020652173913043477
2026-01-14 03:00:00,0.018372093023255816
2026-01-14 04:00:00,0.02
2026-01-14 05:00:00,0.016875
2026-01-14 06:00:00,0.025348837209302328
2026-01-14 07:00:00,8.408088235294118
2026-01-14 08:00:00,51.882985074626866
2026-01-14 09:00:00,81.09588235294119
2026-01-14 10:00:00,193.04560606060608
2026-01-14 11:00:00,305.88791044776116
2026-01-14 12:00:00,319.55701492537315
2026-01-14 13:00:00,301.59833333333336
2026-01-14 14:00:00,200.0
2026-01-14 15:00:00,163.01492537313433
2026-01-14 16:00:00,117.70507462686567
2026-01-14 17:00:00,44.909433962264146
2026-01-14 18:00:00,0.025686274509803923
2026-01-14 19:00:00,0.025777777777777774
2026-01-14 20:00:00,0.023255813953488372
2026-01-14 21:00:00,0.020999999999999998
2026-01-14 22:00:00,0.020930232558139535
2026-01-14 23:00:00,0.0216
2026-01-15 00:00:00,0.02102040816326531
2026-01-15 01:00:00,0.010181818181818183
2026-01-15 02:00:00,0.005384615384615385
2026-01-15 03:00:00,0.0027450980392156863
2026-01-15 04:00:00,0.0025454545454545456
2026-01-15 05:00:00,0.0013207547169811322
2026-01-15 06:00:00,0.022040816326530613
2026-01-15 07:00:00,18.651044776119406
2026-01-15 08:00:00,120.83641791044776
2026-01-15 09:00:00,223.61059701492536
2026-01-15 10:00:00,284.3685074626865
2026-01-15 11:00:00,418.6034328358209
2026-01-15 12:00:00,344.01485294117646
2026-01-15 13:00:00,225.20691176470586
2026-01-15 14:00:00,122.03308823529412
2026-01-15 15:00:00,137.49289855072465
2026-01-15 16:00:00,110.50676923076922
2026-01-15 17:00:00,39.90525423728813
2026-01-15 18:00:00,0.009166666666666667
2026-01-15 19:00:00,0.006585365853658537
2026-01-15 20:00:00,0.006071428571428572
2026-01-15 21:00:00,0.003962264150943397
2026-01-15 22:00:00,0.003148148148148148
2026-01-15 23:00:00,0.004528301886792453
2026-01-16 00:00:00,0.002727272727272727
2026-01-16 01:00:00,0.003653846153846154
2026-01-16 02:00:00,0.002181818181818182
2026-01-16 03:00:00,0.004680851063829788
2026-01-16 04:00:00,0.0020754716981132076
2026-01-16 05:00:00,0.0058
2026-01-16 06:00:00,0.0184
2026-01-16 07:00:00,20.460434782608694
2026-01-16 08:00:00,101.7410447761194
2026-01-16 09:00:00,222.58264705882354
2026-01-16 10:00:00,135.4668656716418
2026-01-16 11:00:00,268.58411764705886
2026-01-16 12:00:00,170.34925373134328
2026-01-16 13:00:00,184.4716417910448
2026-01-16 14:00:00,176.15686567164178
2026-01-16 15:00:00,98.6810447761194
2026-01-16 16:00:00,83.94636363636364
2026-01-16 17:00:00,38.20770491803279
2026-01-16 18:00:00,0.009811320754716982
2026-01-16 19:00:00,0.00673076923076923
2026-01-16 20:00:00,0.006727272727272728
2026-01-16 21:00:00,0.005600000000000001
2026-01-16 22:00:00,0.006153846153846154
2026-01-16 23:00:00,0.005510204081632653
2026-01-17 00:00:00,0.0038461538461538464
2026-01-17 01:00:00,0.0038775510204081634
2026-01-17 02:00:00,0.006136363636363637
2026-01-17 03:00:00,0.004107142857142857
2026-01-17 04:00:00,0.005714285714285715
2026-01-17 05:00:00,0.005370370370370371
2026-01-17 06:00:00,0.007037037037037037
2026-01-17 07:00:00,5.65921875
2026-01-17 08:00:00,33.59850746268656
2026-01-17 09:00:00,90.99088235294118
2026-01-17 10:00:00,172.8917910447761
2026-01-17 11:00:00,417.36530303030304
2026-01-17 12:00:00,319.1563768115942
2026-01-17 13:00:00,113.84242424242424
2026-01-17 14:00:00,180.94848484848487
2026-01-17 15:00:00,117.8940909090909
2026-01-17 16:00:00,133.76454545454544
2026-01-17 17:00:00,41.81629032258065
2026-01-17 18:00:00,0.00723404255319149
2026-01-17 19:00:00,0.005961538461538462
2026-01-17 20:00:00,0.0048000000000000004
2026-01-17 21:00:00,0.004313725490196078
2026-01-17 22:00:00,0.001764705882352941
2026-01-17 23:00:00,0.004
2026-01-18 00:00:00,0.0035714285714285718
2026-01-18 01:00:00,0.0016
2026-01-18 02:00:00,0.0018
2026-01-18 03:00:00,0.0022641509433962265
2026-01-18 04:00:00,0.0005263157894736842
2026-01-18 05:00:00,0.0
2026-01-18 06:00:00,0.012040816326530614
2026-01-18 07:00:00,21.95279411764706
2026-01-18 08:00:00,101.20636363636363
2026-01-18 09:00:00,242.61515151515152
2026-01-18 10:00:00,298.51941176470586
2026-01-18 11:00:00,379.24424242424243
2026-01-18 12:00:00,276.2960606060606
2026-01-18 13:00:00,260.7976119402985
2026-01-18 14:00:00,168.89892307692307
2026-01-18 15:00:00,113.43910447761193
2026-01-18 16:00:00,82.17164179104478
2026-01-18 17:00:00,40.33857142857143
2026-01-18 18:00:00,0.006545454545454545
2026-01-18 19:00:00,0.004901960784313725
2026-01-18 20:00:00,0.0038
2026-01-18 21:00:00,0.005
2026-01-18 22:00:00,0.0015217391304347828
2026-01-18 23:00:00,0.0005660377358490566
2026-01-19 00:00:00,0.0024
2026-01-19 01:00:00,0.001764705882352941
2026-01-19 02:00:00,0.0026
2026-01-19 03:00:00,0.002830188679245283
2026-01-19 04:00:00,0.0007272727272727273
2026-01-19 05:00:00,0.0010344827586206897
2026-01-19 06:00:00,0.0106
2026-01-19 07:00:00,9.381159420289855
2026-01-19 08:00:00,46.18253731343284
2026-01-19 09:00:00,90.56268656716418
2026-01-19 10:00:00,182.27092307692308
2026-01-19 11:00:00,325.25044776119404
2026-01-19 12:00:00,254.3491176470588
2026-01-19 13:00:00,318.6594029850746
2026-01-19 14:00:00,147.3417910447761
2026-01-19 15:00:00,104.97940298507463
2026-01-19 16:00:00,97.69632352941177
2026-01-19 17:00:00,41.55642857142857
2026-01-19 18:00:00,0.0077777777777777776
2026-01-19 19:00:00,0.0054
2026-01-19 20:00:00,0.005636363636363636
2026-01-19 21:00:00,0.005892857142857143
2026-01-19 22:00:00,0.0038
2026-01-19 23:00:00,0.005581395348837209
2026-01-20 00:00:00,0.006341463414634147
2026-01-20 01:00:00,0.004565217391304347
2026-01-20 02:00:00,0.005106382978723405
2026-01-20 03:00:00,0.0043749999999999995
2026-01-20 04:00:00,0.0029411764705882353
2026-01-20 05:00:00,0.0027659574468085106
2026-01-20 06:00:00,0.014423076923076924
2026-01-20 07:00:00,7.080588235294118
2026-01-20 08:00:00,44.79544117647059
2026-01-20 09:00:00,186.15283582089552
2026-01-20 10:00:00,292.3438235294118
2026-01-20 11:00:00,381.4147692307692
2026-01-20 12:00:00,169.88967213114753
2026-01-20 13:00:00,256.4785074626866
2026-01-20 14:00:00,260.649552238806
2026-01-20 15:00:00,223.99653846153845
2026-01-20 16:00:00,139.61434210526318
2026-01-20 17:00:00,39.269466666666666
2026-01-20 18:00:00,0.006764705882352942
2026-01-20 19:00:00,0.0071875
2026-01-20 20:00:00,0.007
2026-01-20 21:00:00,0.0076388888888888895
2026-01-20 22:00:00,0.007361111111111112
2026-01-20 23:00:00,0.008873239436619718
2026-01-21 00:00:00,0.006984126984126984
2026-01-21 01:00:00,0.00639344262295082
2026-01-21 02:00:00,0.004477611940298508
2026-01-21 03:00:00,0.003972602739726027
2026-01-21 04:00:00,0.005245901639344262
2026-01-21 05:00:00,0.004925373134328359
2026-01-21 06:00:00,0.018032786885245903
2026-01-21 07:00:00,6.502352941176471
2026-01-21 08:00:00,46.2764367816092
2026-01-21 09:00:00,128.90706666666668
2026-01-21 10:00:00,277.77063157894736
2026-01-21 11:00:00,355.1868224299065
2026-01-21 12:00:00,165.78881720430107
2026-01-21 13:00:00,120.50076923076924
2026-01-21 14:00:00,88.83525252525253
2026-01-21 15:00:00,86.80876288659795
2026-01-21 16:00:00,84.71739583333333
2026-01-21 17:00:00,36.0238
2026-01-21 18:00:00,0.008681318681318682
2026-01-21 19:00:00,0.008620689655172414
2026-01-21 20:00:00,0.0059340659340659345
2026-01-21 21:00:00,0.006785714285714286
2026-01-21 22:00:00,0.005063291139240506
2026-01-21 23:00:00,0.004382022471910113
2026-01-22 00:00:00,0.0051764705882352945
2026-01-22 01:00:00,0.005232558139534884
2026-01-22 02:00:00,0.004303797468354431
2026-01-22 03:00:00,0.0027160493827160493
2026-01-22 04:00:00,0.004545454545454546
2026-01-22 05:00:00,0.004888888888888889
2026-01-22 06:00:00,0.025882352941176474
2026-01-22 07:00:00,22.066764705882353
2026-01-22 08:00:00,152.91559999999998
2026-01-22 09:00:00,255.12065934065933
2026-01-22 10:00:00,294.819494949495
2026-01-22 11:00:00,453.76161904761904
2026-01-22 12:00:00,374.44349514563106
2026-01-22 13:00:00,264.3325490196078
2026-01-22 14:00:00,221.14970588235295
2026-01-22 15:00:00,131.51908163265307
2026-01-22 16:00:00,87.28183673469388
2026-01-22 17:00:00,37.656344086021505
2026-01-22 18:00:00,0.007954545454545454
2026-01-22 19:00:00,0.004941176470588235
2026-01-22 20:00:00,0.005434782608695652
2026-01-22 21:00:00,0.005164835164835165
2026-01-22 22:00:00,0.005326086956521739
2026-01-22 23:00:00,0.0049425287356321835
2026-01-23 00:00:00,0.005465116279069768
2026-01-23 01:00:00,0.003855421686746988
2026-01-23 02:00:00,0.004691358024691358
2026-01-23 03:00:00,0.002988505747126437
2026-01-23 04:00:00,0.005647058823529412
2026-01-23 05:00:00,0.005411764705882353
2026-01-23 06:00:00,0.016043956043956045
2026-01-23 07:00:00,3.9335416666666667
2026-01-23 08:00:00,32.95757281553398
2026-01-23 09:00:00,87.72976470588235
2026-01-23 10:00:00,119.71113402061856
2026-01-23 11:00:00,262.48137254901957
2026-01-23 12:00:00,356.71547368421056
2026-01-23 13:00:00,247.7631460674157
2026-01-23 14:00:00,277.6655
2026-01-23 15:00:00,207.85593406593406
2026-01-23 16:00:00,129.68485148514853
2026-01-23 17:00:00,37.740947368421054
2026-01-23 18:00:00,0.008433734939759036
2026-01-23 19:00:00,0.007586206896551724
2026-01-23 20:00:00,0.007204301075268818
2026-01-23 21:00:00,0.005609756097560976
2026-01-23 22:00:00,0.004216867469879518
2026-01-23 23:00:00,0.006333333333333334
2026-01-24 00:00:00,0.004516129032258064
2026-01-24 01:00:00,0.004891304347826087
2026-01-24 02:00:00,0.005274725274725275
2026-01-24 03:00:00,0.004651162790697674
2026-01-24 04:00:00,0.0033333333333333335
2026-01-24 05:00:00,0.003291139240506329
2026-01-24 06:00:00,0.03098901098901099
2026-01-24 07:00:00,31.732680412371135
2026-01-24 08:00:00,166.57762376237625
2026-01-24 09:00:00,249.66808080808082
2026-01-24 10:00:00,322.02240384615385
2026-01-24 11:00:00,420.74199999999996
2026-01-24 12:00:00,296.3267021276596
2026-01-24 13:00:00,180.16070707070708
2026-01-24 14:00:00,171.12785714285712
2026-01-24 15:00:00,131.4443396226415
2026-01-24 16:00:00,88.34538461538462
2026-01-24 17:00:00,39.30393258426967
2026-01-24 18:00:00,0.005365853658536586
2026-01-24 19:00:00,0.005517241379310344
2026-01-24 20:00:00,0.004081632653061225
2026-01-24 21:00:00,0.004050632911392405
2026-01-24 22:00:00,0.004204545454545455
2026-01-24 23:00:00,0.004337349397590362
2026-01-25 00:00:00,0.003977272727272727
2026-01-25 01:00:00,0.004556962025316456
2026-01-25 02:00:00,0.0030434782608695656
2026-01-25 03:00:00,0.0043678160919540234
2026-01-25 04:00:00,0.0032258064516129032
2026-01-25 05:00:00,0.0030952380952380953
2026-01-25 06:00:00,0.017912087912087912
2026-01-25 07:00:00,7.025656565656566
2026-01-25 08:00:00,81.75979166666666
2026-01-25 09:00:00,244.64971698113206
2026-01-25 10:00:00,294.6896875
2026-01-25 11:00:00,363.9321296296296
2026-01-25 12:00:00,239.77404255319146
2026-01-25 13:00:00,141.43184466019417
2026-01-25 14:00:00,160.36127659574467
2026-01-25 15:00:00,206.95037735849058
2026-01-25 16:00:00,94.22868131868131
2026-01-25 17:00:00,37.59216494845361
2026-01-25 18:00:00,0.009764705882352943
2026-01-25 19:00:00,0.010823529411764706
2026-01-25 20:00:00,0.008470588235294117
2026-01-25 21:00:00,0.006941176470588235
2026-01-25 22:00:00,0.00783132530120482
2026-01-25 23:00:00,0.007386363636363636
2026-01-26 00:00:00,0.006
2026-01-26 01:00:00,0.007790697674418605
2026-01-26 02:00:00,0.0056179775280898875
2026-01-26 03:00:00,0.006043956043956044
2026-01-26 04:00:00,0.004
2026-01-26 05:00:00,0.004941176470588235
2026-01-26 06:00:00,0.031625
2026-01-26 07:00:00,30.63141304347826
2026-01-26 08:00:00,75.05941747572815
2026-01-26 09:00:00,225.3856701030928
2026-01-26 10:00:00,273.2053260869565
2026-01-26 11:00:00,300.984854368932
2026-01-26 12:00:00,245.40580246913578
2026-01-26 13:00:00,139.67414634146343
2026-01-26 14:00:00,65.12061855670103
2026-01-26 15:00:00,64.36915887850468
2026-01-26 16:00:00,84.26873786407768
2026-01-26 17:00:00,35.14020202020202
2026-01-26 18:00:00,0.012298850574712644
2026-01-26 19:00:00,0.010602409638554217
2026-01-26 20:00:00,0.009864864864864865
2026-01-26 21:00:00,0.008658536585365853
2026-01-26 22:00:00,0.006
2026-01-26 23:00:00,0.007349397590361445
2026-01-27 00:00:00,0.008902439024390243
2026-01-27 01:00:00,0.0074418604651162795
2026-01-27 02:00:00,0.006235294117647059
2026-01-27 03:00:00,0.00630952380952381
2026-01-27 04:00:00,0.007419354838709678
2026-01-27 05:00:00,0.007912087912087912
2026-01-27 06:00:00,0.046125
2026-01-27 07:00:00,8.281473684210527
2026-01-27 08:00:00,77.31572815533981
2026-01-27 09:00:00,207.4778723404255
2026-01-27 10:00:00,265.98102040816326
2026-01-27 11:00:00,272.2711881188119
2026-01-27 12:00:00,104.0589
2026-01-27 13:00:00,66.10464646464646
2026-01-27 14:00:00,97.06163265306124
2026-01-27 15:00:00,174.88849056603775
2026-01-27 16:00:00,137.89434343434345
2026-01-27 17:00:00,39.598679245283016
2026-01-27 18:00:00,0.06352941176470589
2026-01-27 19:00:00,0.0625
2026-01-27 20:00:00,0.061744186046511634
2026-01-27 21:00:00,0.060000000000000005
2026-01-27 22:00:00,0.05340659340659341
2026-01-27 23:00:00,0.05771084337349398
2026-01-28 00:00:00,0.05658536585365853
2026-01-28 01:00:00,0.056785714285714294
2026-01-28 02:00:00,0.05731707317073171
2026-01-28 03:00:00,0.057777777777777775
2026-01-28 04:00:00,0.056385542168674696
2026-01-28 05:00:00,0.058170731707317076
2026-01-28 06:00:00,0.062470588235294125
2026-01-28 07:00:00,2.3008235294117645
2026-01-28 08:00:00,19.529072164948452
2026-01-28 09:00:00,39.291326530612245
2026-01-28 10:00:00,64.8547572815534
2026-01-28 11:00:00,388.30747474747477
2026-01-28 12:00:00,363.4589320388349
2026-01-28 13:00:00,322.8165625
2026-01-28 14:00:00,255.55650943396228
2026-01-28 15:00:00,172.6476699029126
2026-01-28 16:00:00,115.25028846153847
2026-01-28 17:00:00,39.48191919191919
2026-01-28 18:00:00,0.0608139534883721
2026-01-28 19:00:00,0.059756097560975614
2026-01-28 20:00:00,0.05939759036144578
2026-01-28 21:00:00,0.058522727272727275
2026-01-28 22:00:00,0.05823529411764706
2026-01-28 23:00:00,0.059875
2026-01-29 00:00:00,0.05911392405063291
2026-01-29 01:00:00,0.059534883720930236
2026-01-29 02:00:00,0.059204545454545454
2026-01-29 03:00:00,0.058152173913043476
2026-01-29 04:00:00,0.05716049382716049
2026-01-29 05:00:00,0.057777777777777775
2026-01-29 06:00:00,0.11226190476190476
2026-01-29 07:00:00,24.63274725274725
2026-01-29 08:00:00,121.60309278350516
2026-01-29 09:00:00,195.08266666666668
2026-01-29 10:00:00,155.62326530612245
2026-01-29 11:00:00,180.478375
2026-01-29 12:00:00,95.20753424657534
2026-01-29 13:00:00,90.9651
2026-01-29 14:00:00,194.80384615384614
2026-01-29 15:00:00,97.06323232323233
2026-01-29 16:00:00,114.43219047619047
2026-01-29 17:00:00,41.3658
2026-01-29 18:00:00,0.07
2026-01-29 19:00:00,0.06888888888888889
2026-01-29 20:00:00,0.07011494252873564
2026-01-29 21:00:00,0.06806818181818182
2026-01-29 22:00:00,0.068625
2026-01-29 23:00:00,0.06616279069767442
2026-01-30 00:00:00,0.0664935064935065
2026-01-30 01:00:00,0.06666666666666668
2026-01-30 02:00:00,0.06481481481481481
2026-01-30 03:00:00,0.06414634146341464
2026-01-30 04:00:00,0.06438202247191012
2026-01-30 05:00:00,0.0624390243902439
2026-01-30 06:00:00,0.16813953488372094
2026-01-30 07:00:00,39.97637254901961
2026-01-30 08:00:00,200.30705263157893
2026-01-30 09:00:00,201.78578431372551
2026-01-30 10:00:00,217.66326086956522
2026-01-30 11:00:00,252.12894736842105
2026-01-30 12:00:00,219.3041237113402
2026-01-30 13:00:00,208.4644086021505
2026-01-30 14:00:00,266.3961052631579
2026-01-30 15:00:00,150.66181818181818
2026-01-30 16:00:00,134.09480392156863
2026-01-30 17:00:00,43.729684210526315
2026-01-30 18:00:00,0.06752941176470588
2026-01-30 19:00:00,0.06764705882352941
2026-01-30 20:00:00,0.06677777777777778
2026-01-30 21:00:00,0.06609756097560976
2026-01-30 22:00:00,0.06736842105263158
2026-01-30 23:00:00,0.06662162162162164
2026-01-31 00:00:00,0.06658823529411764
2026-01-31 01:00:00,0.0652325581395349
2026-01-31 02:00:00,0.06282051282051282
2026-01-31 03:00:00,0.06325842696629214
2026-01-31 04:00:00,0.06477272727272727
2026-01-31 05:00:00,0.06407407407407407
2026-01-31 06:00:00,0.14954545454545454
2026-01-31 07:00:00,41.19173469387755
2026-01-31 08:00:00,192.9239814814815
2026-01-31 09:00:00,231.64759615384614
2026-01-31 10:00:00,277.7465263157895
2026-01-31 11:00:00,485.46319587628864
2026-01-31 12:00:00,421.91926315789476
2026-01-31 13:00:00,193.46855670103093
2026-01-31 14:00:00,201.05463917525773
2026-01-31 15:00:00,235.8520588235294
2026-01-31 16:00:00,156.69021052631578
2026-01-31 17:00:00,46.84557894736842
2026-01-31 18:00:00,0.06774193548387097
2026-01-31 19:00:00,0.06666666666666668
2026-01-31 20:00:00,0.06511627906976745
2026-01-31 21:00:00,0.06569767441860465
2026-01-31 22:00:00,0.06151162790697674
2026-01-31 23:00:00,0.0655421686746988
2026-02-01 00:00:00,0.06345679012345679
2026-02-01 01:00:00,0.06370786516853932
2026-02-01 02:00:00,0.0644186046511628
2026-02-01 03:00:00,0.061954022988505754
2026-02-01 04:00:00,0.061685393258426965
2026-02-01 05:00:00,0.06352272727272727
2026-02-01 06:00:00,0.1519318181818182
2026-02-01 07:00:00,40.5593137254902
2026-02-01 08:00:00,143.42956043956045
2026-02-01 09:00:00,228.5178217821782
2026-02-01 10:00:00,145.34485148514852
2026-02-01 11:00:00,126.8254
2026-02-01 12:00:00,114.53106796116505
2026-02-01 13:00:00,119.75061855670103
2026-02-01 14:00:00,196.41757575757575
2026-02-01 15:00:00,248.08447619047618
2026-02-01 16:00:00,136.10536842105265
2026-02-01 17:00:00,43.06021505376344
2026-02-01 18:00:00,0.06821428571428571
2026-02-01 19:00:00,0.0672289156626506
2026-02-01 20:00:00,0.06415584415584416
2026-02-01 21:00:00,0.06540229885057472
2026-02-01 22:00:00,0.06633333333333334
2026-02-01 23:00:00,0.06647727272727273
2026-02-02 00:00:00,0.06556818181818182
2026-02-02 01:00:00,0.06506024096385543
2026-02-02 02:00:00,0.06505376344086022
2026-02-02 03:00:00,0.06541176470588236
2026-02-02 04:00:00,0.0646987951807229
2026-02-02 05:00:00,0.0630952380952381
2026-02-02 06:00:00,0.12036144578313253
2026-02-02 07:00:00,17.309693877551023
2026-02-02 08:00:00,69.88096153846153
2026-02-02 09:00:00,108.10532608695652
2026-02-02 10:00:00,247.70169811320756
2026-02-02 11:00:00,408.8254285714286
2026-02-02 12:00:00,48.92505050505051
2026-02-02 13:00:00,45.16804123711341
2026-02-02 14:00:00,32.97457943925233
2026-02-02 15:00:00,77.53968421052632
2026-02-02 16:00:00,103.71988764044943
2026-02-02 17:00:00,44.40783505154639
2026-02-02 18:00:00,0.06987951807228916
2026-02-02 19:00:00,0.06647058823529413
2026-02-02 20:00:00,0.06544444444444444
2026-02-02 21:00:00,0.0651764705882353
2026-02-02 22:00:00,0.06425
2026-02-02 23:00:00,0.06333333333333334
2026-02-03 00:00:00,0.06366666666666668
2026-02-03 01:00:00,0.06273809523809525
2026-02-03 02:00:00,0.06329411764705882
2026-02-03 03:00:00,0.06304878048780488
2026-02-03 04:00:00,0.06139240506329115
2026-02-03 05:00:00,0.05952380952380952
2026-02-03 06:00:00,0.15226190476190476
2026-02-03 07:00:00,35.237019230769235
2026-02-03 08:00:00,144.65789999999998
2026-02-03 09:00:00,226.21391752577318
2026-02-03 10:00:00,175.70080000000002
2026-02-03 11:00:00,237.6241052631579
2026-02-03 12:00:00,246.65484536082474
2026-02-03 13:00:00,125.91415841584158
2026-02-03 14:00:00,224.29454545454544
2026-02-03 15:00:00,93.18499999999999
2026-02-03 16:00:00,109.15617647058824
2026-02-03 17:00:00,43.29642857142857
2026-02-03 18:00:00,0.06476190476190477
2026-02-03 19:00:00,0.06232558139534884
2026-02-03 20:00:00,0.06388235294117647
2026-02-03 21:00:00,0.06379746835443038
2026-02-03 22:00:00,0.06315789473684211
2026-02-03 23:00:00,0.06459770114942529
2026-02-04 00:00:00,0.06414893617021276
2026-02-04 01:00:00,0.06452054794520548
2026-02-04 02:00:00,0.06373333333333334
2026-02-04 03:00:00,0.064125
2026-02-04 04:00:00,0.06431818181818182
2026-02-04 05:00:00,0.06397727272727273
2026-02-04 06:00:00,0.07035294117647059
2026-02-04 07:00:00,2.3894845360824744
2026-02-04 08:00:00,28.339148936170215
2026-02-04 09:00:00,61.265888888888895
2026-02-04 10:00:00,38.57061224489796
2026-02-04 11:00:00,73.28052083333334
2026-02-04 12:00:00,147.80032258064517
2026-02-04 13:00:00,94.85676470588234
2026-02-04 14:00:00,66.93165048543689
2026-02-04 15:00:00,79.04427083333333
2026-02-04 16:00:00,95.47367346938776
2026-02-04 17:00:00,42.843295454545455
2026-02-04 18:00:00,0.06482758620689656
2026-02-04 19:00:00,0.06264367816091954
2026-02-04 20:00:00,0.06438202247191012
2026-02-04 21:00:00,0.06426966292134832
2026-02-04 22:00:00,0.06236559139784946
2026-02-04 23:00:00,0.06146341463414634
2026-02-05 00:00:00,0.06134146341463415
2026-02-05 01:00:00,0.059294117647058824
2026-02-05 02:00:00,0.06190476190476191
2026-02-05 03:00:00,0.05977272727272727
2026-02-05 04:00:00,0.05886075949367089
2026-02-05 05:00:00,0.060000000000000005
2026-02-05 06:00:00,0.10241379310344828
2026-02-05 07:00:00,16.601923076923075
2026-02-05 08:00:00,108.98545454545454
2026-02-05 09:00:00,223.52343434343433
2026-02-05 10:00:00,241.9719191919192
2026-02-05 11:00:00,303.59267441860464
2026-02-05 12:00:00,275.0343617021277
2026-02-05 13:00:00,178.67736842105262
2026-02-05 14:00:00,210.32000000000002
2026-02-05 15:00:00,222.09392523364485
2026-02-05 16:00:00,164.3411
2026-02-05 17:00:00,40.4895
2026-02-05 18:00:00,0.07024096385542168
2026-02-05 19:00:00,0.06845238095238096
2026-02-05 20:00:00,0.06987804878048781
2026-02-05 21:00:00,0.0669767441860465
2026-02-05 22:00:00,0.06647727272727273
2026-02-05 23:00:00,0.06517241379310344
2026-02-06 00:00:00,0.06569767441860465
2026-02-06 01:00:00,0.0676829268292683
2026-02-06 02:00:00,0.06611764705882353
2026-02-06 03:00:00,0.0653012048192771
2026-02-06 04:00:00,0.0658888888888889
2026-02-06 05:00:00,0.0655952380952381
2026-02-06 06:00:00,0.24988505747126435
2026-02-06 07:00:00,34.863232323232324
2026-02-06 08:00:00,128.46010204081634
2026-02-06 09:00:00,260.2362
2026-02-06 10:00:00,217.81060606060606
2026-02-06 11:00:00,183.3216494845361
2026-02-06 12:00:00,77.70812500000001
2026-02-06 13:00:00,97.0872
2026-02-06 14:00:00,129.72862745098038
2026-02-06 15:00:00,228.70990196078432
2026-02-06 16:00:00,146.2129411764706
2026-02-06 17:00:00,47.826195652173915
2026-02-06 18:00:00,0.06988505747126438
2026-02-06 19:00:00,0.06853658536585366
2026-02-06 20:00:00,0.06666666666666667
2026-02-06 21:00:00,0.06536585365853659
2026-02-06 22:00:00,0.06425287356321839
2026-02-06 23:00:00,0.06488095238095239
2026-02-07 00:00:00,0.065
2026-02-07 01:00:00,0.06568181818181819
2026-02-07 02:00:00,0.06443181818181819
2026-02-07 03:00:00,0.06585365853658537
2026-02-07 04:00:00,0.0642857142857143
2026-02-07 05:00:00,0.06355263157894737
2026-02-07 06:00:00,0.2656470588235294
2026-02-07 07:00:00,42.41117647058823
2026-02-07 08:00:00,125.7346875
2026-02-07 09:00:00,251.66549999999998
2026-02-07 10:00:00,238.22395833333334
2026-02-07 11:00:00,401.45067961165046
2026-02-07 12:00:00,205.5953125
2026-02-07 13:00:00,119.6217
2026-02-07 14:00:00,62.67693877551021
2026-02-07 15:00:00,94.65673469387755
2026-02-07 16:00:00,98.5544680851064
2026-02-07 17:00:00,43.54709302325582
2026-02-07 18:00:00,0.06952941176470588
2026-02-07 19:00:00,0.0675
2026-02-07 20:00:00,0.06694117647058824
2026-02-07 21:00:00,0.06682926829268293
2026-02-07 22:00:00,0.06493827160493827
2026-02-07 23:00:00,0.064875
2026-02-08 00:00:00,0.06609195402298851
2026-02-08 01:00:00,0.06565217391304348
2026-02-08 02:00:00,0.06424657534246576
2026-02-08 03:00:00,0.065125
2026-02-08 04:00:00,0.06480519480519481
2026-02-08 05:00:00,0.0640909090909091
2026-02-08 06:00:00,0.20149425287356323
2026-02-08 07:00:00,14.483461538461539
2026-02-08 08:00:00,118.21058823529411
2026-02-08 09:00:00,163.78626373626372
2026-02-08 10:00:00,115.14807692307691
2026-02-08 11:00:00,119.22610526315789
2026-02-08 12:00:00,146.00828571428573
2026-02-08 13:00:00,119.96346153846154
2026-02-08 14:00:00,168.87670212765957
2026-02-08 15:00:00,208.9943157894737
2026-02-08 16:00:00,175.2736082474227
2026-02-08 17:00:00,46.97086538461539
2026-02-08 18:00:00,0.06975903614457832
2026-02-08 19:00:00,0.067375
2026-02-08 20:00:00,0.06536585365853659
2026-02-08 21:00:00,0.0663529411764706
2026-02-08 22:00:00,0.06426966292134832
2026-02-08 23:00:00,0.06397590361445783
2026-02-09 00:00:00,0.06418604651162792
2026-02-09 01:00:00,0.0653012048192771
2026-02-09 02:00:00,0.06626666666666667
2026-02-09 03:00:00,0.06584415584415584
2026-02-09 04:00:00,0.06506172839506173
2026-02-09 05:00:00,0.06487804878048781
2026-02-09 06:00:00,0.13741176470588234
2026-02-09 07:00:00,7.498775510204082
2026-02-09 08:00:00,132.6079120879121
2026-02-09 09:00:00,151.56142857142856
2026-02-09 10:00:00,261.42783505154637
2026-02-09 11:00:00,452.8365263157895
2026-02-09 12:00:00,432.7794949494949
2026-02-09 13:00:00,193.05164948453606
2026-02-09 14:00:00,203.69917525773195
2026-02-09 15:00:00,217.79224489795916
2026-02-09 16:00:00,136.93559139784946
2026-02-09 17:00:00,87.60657142857143
2026-02-09 18:00:00,39.05729411764706
2026-02-09 19:00:00,0.03875
2026-02-09 20:00:00,0.037093023255813956
2026-02-09 21:00:00,0.03576470588235294
2026-02-09 22:00:00,0.0363953488372093
2026-02-09 23:00:00,0.03457831325301205
2026-02-10 00:00:00,0.03333333333333333
2026-02-10 01:00:00,0.03275
2026-02-10 02:00:00,0.032705882352941175
2026-02-10 03:00:00,0.03325
2026-02-10 04:00:00,0.03155555555555555
2026-02-10 05:00:00,0.03341463414634146
2026-02-10 06:00:00,0.3652127659574468
2026-02-10 07:00:00,18.0098
2026-02-10 08:00:00,79.95688679245283
2026-02-10 09:00:00,100.9749504950495
2026-02-10 10:00:00,232.40488095238092
2026-02-10 11:00:00,373.32480000000004
2026-02-10 12:00:00,140.93411764705883
2026-02-10 13:00:00,49.39804347826087
2026-02-10 14:00:00,39.876116504854366
2026-02-10 15:00:00,46.748773584905656
2026-02-10 16:00:00,118.21327102803738
2026-02-10 17:00:00,82.86428571428571
2026-02-10 18:00:00,37.77912087912088
2026-02-10 19:00:00,0.038
2026-02-10 20:00:00,0.03609195402298851
2026-02-10 21:00:00,0.03609195402298851
2026-02-10 22:00:00,0.034772727272727275
2026-02-10 23:00:00,0.03390243902439024
2026-02-11 00:00:00,0.03294871794871795
2026-02-11 01:00:00,0.0345
2026-02-11 02:00:00,0.03431578947368421
2026-02-11 03:00:00,0.03344086021505376
2026-02-11 04:00:00,0.03534090909090909
2026-02-11 05:00:00,0.033448275862068964
2026-02-11 06:00:00,0.15168674698795181
2026-02-11 07:00:00,35.21041237113402
2026-02-11 08:00:00,96.1016
2026-02-11 09:00:00,
2026-02-11 10:00:00,
2026-02-11 11:00:00,
2026-02-11 12:00:00,
2026-02-11 13:00:00,173.29460674157303
2026-02-11 14:00:00,150.8945283018868
2026-02-11 15:00:00,90.16357142857143
2026-02-11 16:00:00,90.54440000000001
2026-02-11 17:00:00,90.6375
2026-02-11 18:00:00,37.66034482758621
2026-02-11 19:00:00,0.013372093023255814
2026-02-11 20:00:00,0.010864197530864197
2026-02-11 21:00:00,0.25054945054945055
2026-02-11 22:00:00,0.03205128205128205
2026-02-11 23:00:00,0.03219512195121951
2026-02-12 00:00:00,0.031358024691358025
2026-02-12 01:00:00,0.031785714285714285
2026-02-12 02:00:00,0.03255813953488372
2026-02-12 03:00:00,0.030574712643678163
2026-02-12 04:00:00,0.030595238095238092
2026-02-12 05:00:00,0.031379310344827584
2026-02-12 06:00:00,0.5143820224719101
2026-02-12 07:00:00,60.79103092783506
2026-02-12 08:00:00,202.5690804597701
2026-02-12 09:00:00,268.94595238095235
2026-02-12 10:00:00,320.21722891566264
2026-02-12 11:00:00,388.54495049504953
2026-02-12 12:00:00,226.68061855670103
2026-02-12 13:00:00,202.412
2026-02-12 14:00:00,232.08270000000002
2026-02-12 15:00:00,196.1026168224299
2026-02-12 16:00:00,167.3818811881188
2026-02-12 17:00:00,86.59364583333333
2026-02-12 18:00:00,38.949780219780216
2026-02-12 19:00:00,0.00869047619047619
2026-02-12 20:00:00,0.007303370786516854
2026-02-12 21:00:00,0.0054761904761904765
2026-02-12 22:00:00,0.005280898876404495
2026-02-12 23:00:00,0.005595238095238096
2026-02-13 00:00:00,0.005679012345679013
2026-02-13 01:00:00,0.004418604651162791
2026-02-13 02:00:00,0.003793103448275862
2026-02-13 03:00:00,0.003048780487804878
2026-02-13 04:00:00,0.002142857142857143
2026-02-13 05:00:00,0.0035802469135802466
2026-02-13 06:00:00,0.3889010989010989
2026-02-13 07:00:00,58.25431372549019
2026-02-13 08:00:00,147.0948
2026-02-13 09:00:00,217.74252525252524
2026-02-13 10:00:00,104.22772277227723
2026-02-13 11:00:00,188.41209523809525
2026-02-13 12:00:00,133.61319587628864
2026-02-13 13:00:00,121.71714285714286
2026-02-13 14:00:00,212.0824761904762
2026-02-13 15:00:00,220.19400000000002
2026-02-13 16:00:00,161.76103092783504
2026-02-13 17:00:00,84.06677419354838
2026-02-13 18:00:00,38.73542553191489
2026-02-13 19:00:00,0.035333333333333335
2026-02-13 20:00:00,0.034125
2026-02-13 21:00:00,0.03354838709677419
2026-02-13 22:00:00,0.03393258426966292
2026-02-13 23:00:00,0.030941176470588232
2026-02-14 00:00:00,0.03282051282051282
2026-02-14 01:00:00,0.03144578313253012
2026-02-14 02:00:00,0.030000000000000002
2026-02-14 03:00:00,0.03282051282051282
2026-02-14 04:00:00,0.032
2026-02-14 05:00:00,0.03354430379746835
2026-02-14 06:00:00,0.39566666666666667
2026-02-14 07:00:00,35.6943137254902
2026-02-14 08:00:00,216.55265306122448
2026-02-14 09:00:00,286.22181818181815
2026-02-14 10:00:00,341.6347826086957
2026-02-14 11:00:00,363.31
2026-02-14 12:00:00,227.86961538461537
2026-02-14 13:00:00,204.59967391304346
2026-02-14 14:00:00,218.12131313131312
2026-02-14 15:00:00,194.49387755102043
2026-02-14 16:00:00,152.99354166666666
2026-02-14 17:00:00,79.41555555555556
2026-02-14 18:00:00,39.07470588235294
2026-02-14 19:00:00,0.035176470588235295
2026-02-14 20:00:00,0.032530120481927716
2026-02-14 21:00:00,0.03258426966292135
2026-02-14 22:00:00,0.033255813953488374
2026-02-14 23:00:00,0.03147727272727273
2026-02-15 00:00:00,0.03133333333333333
2026-02-15 01:00:00,0.032439024390243903
2026-02-15 02:00:00,0.030602409638554217
2026-02-15 03:00:00,0.032528735632183906
2026-02-15 04:00:00,0.03154761904761905
2026-02-15 05:00:00,0.03152777777777778
2026-02-15 06:00:00,0.7676999999999999
2026-02-15 07:00:00,52.20326315789474
2026-02-15 08:00:00,216.24293478260867
2026-02-15 09:00:00,209.6463
2026-02-15 10:00:00,273.2018556701031
2026-02-15 11:00:00,158.78745098039215
2026-02-15 12:00:00,170.39049504950495
2026-02-15 13:00:00,145.20322916666666
2026-02-15 14:00:00,197.9522340425532
2026-02-15 15:00:00,174.8151063829787
2026-02-15 16:00:00,146.16815533980582
2026-02-15 17:00:00,82.68639999999999
2026-02-15 18:00:00,37.574285714285715
2026-02-15 19:00:00,0.03464285714285714
2026-02-15 20:00:00,0.03383720930232558
2026-02-15 21:00:00,0.03558139534883721
2026-02-15 22:00:00,0.033095238095238094
2026-02-15 23:00:00,0.033255813953488374
2026-02-16 00:00:00,0.03211764705882353
2026-02-16 01:00:00,0.03166666666666667
2026-02-16 02:00:00,0.03209876543209877
2026-02-16 03:00:00,0.03144444444444445
2026-02-16 04:00:00,0.03258823529411765
2026-02-16 05:00:00,0.033950617283950615
2026-02-16 06:00:00,0.2826136363636364
2026-02-16 07:00:00,19.35181818181818
2026-02-16 08:00:00,52.718725490196086
2026-02-16 09:00:00,72.66138297872341
2026-02-16 10:00:00,137.73215686274511
2026-02-16 11:00:00,122.54065217391305
2026-02-16 12:00:00,155.6677
2026-02-16 13:00:00,255.4618556701031
2026-02-16 14:00:00,327.8388659793814
2026-02-16 15:00:00,94.46704081632653
2026-02-16 16:00:00,154.48120370370373
2026-02-16 17:00:00,81.83571428571429
2026-02-16 18:00:00,37.894948453608244
2026-02-16 19:00:00,0.03461538461538462
2026-02-16 20:00:00,0.035955056179775284
2026-02-16 21:00:00,0.03505882352941177
2026-02-16 22:00:00,0.034666666666666665
2026-02-16 23:00:00,1.8351724137931034
2026-02-17 00:00:00,0.0372289156626506
2026-02-17 01:00:00,0.036547619047619044
2026-02-17 02:00:00,0.037294117647058825
2026-02-17 03:00:00,0.034125
2026-02-17 04:00:00,0.037160493827160496
2026-02-17 05:00:00,0.036463414634146346
2026-02-17 06:00:00,1.2708888888888887
2026-02-17 07:00:00,71.46058823529411
2026-02-17 08:00:00,218.0866990291262
2026-02-17 09:00:00,277.65125
2026-02-17 10:00:00,310.7
2026-02-17 11:00:00,213.0776
2026-02-17 12:00:00,199.75267326732674
2026-02-17 13:00:00,193.84101010101008
2026-02-17 14:00:00,224.26676470588234
2026-02-17 15:00:00,195.15090909090907
2026-02-17 16:00:00,161.83619565217393
2026-02-17 17:00:00,86.74131313131312
2026-02-17 18:00:00,40.26511111111111
2026-02-17 19:00:00,0.036463414634146346
2026-02-17 20:00:00,0.03447058823529412
2026-02-17 21:00:00,0.0332258064516129
2026-02-17 22:00:00,0.03354430379746835
2026-02-17 23:00:00,0.033555555555555554
2026-02-18 00:00:00,0.03266666666666666
2026-02-18 01:00:00,0.032530120481927716
2026-02-18 02:00:00,0.031046511627906975
2026-02-18 03:00:00,0.03056179775280899
2026-02-18 04:00:00,0.029634146341463417
2026-02-18 05:00:00,0.03149425287356322
2026-02-18 06:00:00,1.6236666666666666
2026-02-18 07:00:00,63.20578431372549
2026-02-18 08:00:00,160.2072
2026-02-18 09:00:00,173.04433962264153
2026-02-18 10:00:00,161.51850000000002
2026-02-18 11:00:00,194.24319587628867
2026-02-18 12:00:00,203.21469387755104
2026-02-18 13:00:00,185.62626262626262
2026-02-18 14:00:00,221.78784946236559
2026-02-18 15:00:00,205.33484210526316
2026-02-18 16:00:00,156.5347
2026-02-18 17:00:00,87.38818181818182
2026-02-18 18:00:00,36.97279569892473
2026-02-18 19:00:00,0.025411764705882356
2026-02-18 20:00:00,0.025357142857142856
2026-02-18 21:00:00,0.026853932584269664
2026-02-18 22:00:00,0.027564102564102563
2026-02-18 23:00:00,0.03228260869565218
2026-02-19 00:00:00,0.03235294117647059
2026-02-19 01:00:00,0.03443181818181818
2026-02-19 02:00:00,0.03318181818181818
2026-02-19 03:00:00,0.029342105263157895
2026-02-19 04:00:00,0.0336144578313253
2026-02-19 05:00:00,0.0263953488372093
2026-02-19 06:00:00,0.9795698924731182
2026-02-19 07:00:00,56.23909090909091
2026-02-19 08:00:00,220.55357142857142
2026-02-19 09:00:00,173.08752475247525
2026-02-19 10:00:00,152.93980952380952
2026-02-19 11:00:00,257.49123711340206
2026-02-19 12:00:00,226.43805825242717
2026-02-19 13:00:00,193.97074766355138
2026-02-19 14:00:00,235.65438095238093
2026-02-19 15:00:00,224.54250000000002
2026-02-19 16:00:00,170.62232323232323
2026-02-19 17:00:00,87.17440860215054
2026-02-19 18:00:00,38.8567816091954
2026-02-19 19:00:00,0.016125
2026-02-19 20:00:00,0.01880952380952381
2026-02-19 21:00:00,0.013373493975903615
2026-02-19 22:00:00,0.02189873417721519
2026-02-19 23:00:00,0.023636363636363636
2026-02-20 00:00:00,0.022045454545454545
2026-02-20 01:00:00,0.02197674418604651
2026-02-20 02:00:00,0.020588235294117647
2026-02-20 03:00:00,0.020999999999999998
2026-02-20 04:00:00,0.02329113924050633
2026-02-20 05:00:00,0.028641975308641973
2026-02-20 06:00:00,1.0927906976744186
2026-02-20 07:00:00,74.61142857142858
2026-02-20 08:00:00,227.81586538461536
2026-02-20 09:00:00,112.35085106382978
2026-02-20 10:00:00,212.9444117647059
2026-02-20 11:00:00,232.87425742574257
2026-02-20 12:00:00,229.19479591836736
2026-02-20 13:00:00,199.13297029702971
2026-02-20 14:00:00,234.8575
2026-02-20 15:00:00,219.39390476190476
2026-02-20 16:00:00,147.6758163265306
2026-02-20 17:00:00,90.5495283018868
2026-02-20 18:00:00,40.68044444444444
2026-02-20 19:00:00,0.01588888888888889
2026-02-20 20:00:00,0.012272727272727274
2026-02-20 21:00:00,0.01011904761904762
2026-02-20 22:00:00,0.007764705882352942
2026-02-20 23:00:00,0.008095238095238096
2026-02-21 00:00:00,0.006941176470588235
2026-02-21 01:00:00,0.009587628865979383
2026-02-21 02:00:00,0.010864197530864197
2026-02-21 03:00:00,0.008395061728395062
2026-02-21 04:00:00,0.007804878048780488
2026-02-21 05:00:00,0.005764705882352941
2026-02-21 06:00:00,1.2953124999999999
2026-02-21 07:00:00,71.11805825242719
2026-02-21 08:00:00,229.45778947368422
2026-02-21 09:00:00,104.93754901960783
2026-02-21 10:00:00,253.24519230769232
2026-02-21 11:00:00,193.49759999999998
2026-02-21 12:00:00,227.6035
2026-02-21 13:00:00,199.70641509433963
2026-02-21 14:00:00,231.16039603960397
2026-02-21 15:00:00,212.05235294117648
2026-02-21 16:00:00,126.23576923076924
2026-02-21 17:00:00,87.59949494949495
2026-02-21 18:00:00,39.64148936170213
2026-02-21 19:00:00,0.012637362637362636
2026-02-21 20:00:00,0.009431818181818182
2026-02-21 21:00:00,0.010609756097560976
2026-02-21 22:00:00,0.009411764705882354
2026-02-21 23:00:00,0.007261904761904762
2026-02-22 00:00:00,0.007023809523809523
2026-02-22 01:00:00,0.007887323943661973
2026-02-22 02:00:00,0.007717391304347826
2026-02-22 03:00:00,0.006666666666666667
2026-02-22 04:00:00,0.005909090909090909
2026-02-22 05:00:00,0.005238095238095238
2026-02-22 06:00:00,1.3940000000000001
2026-02-22 07:00:00,77.0980412371134
2026-02-22 08:00:00,211.7864
2026-02-22 09:00:00,140.42611650485438
2026-02-22 10:00:00,254.17652173913046
2026-02-22 11:00:00,187.56676190476188
2026-02-22 12:00:00,233.01135416666668
2026-02-22 13:00:00,197.84925925925927
2026-02-22 14:00:00,226.17690721649484
2026-02-22 15:00:00,223.11823529411765
2026-02-22 16:00:00,122.47478723404255
2026-02-22 17:00:00,86.3379381443299
2026-02-22 18:00:00,40.66894117647059
2026-02-22 19:00:00,0.021538461538461538
2026-02-22 20:00:00,0.017317073170731705
2026-02-22 21:00:00,0.014155844155844156
2026-02-22 22:00:00,0.014499999999999999
2026-02-22 23:00:00,0.01611764705882353
2026-02-23 00:00:00,0.013333333333333334
2026-02-23 01:00:00,0.01875
2026-02-23 02:00:00,0.01625
2026-02-23 03:00:00,0.02
2026-02-23 04:00:00,0.01875
2026-02-23 05:00:00,0.018571428571428572
2026-02-23 06:00:00,1.1316666666666666
2026-02-23 07:00:00,48.74333333333333
2026-02-23 08:00:00,169.92714285714285
2026-02-23 09:00:00,105.73888888888888
2026-02-23 10:00:00,224.83
2026-02-23 11:00:00,185.132
2026-02-23 12:00:00,235.685
2026-02-23 13:00:00,197.59555555555553
2026-02-23 14:00:00,225.9333333333333
2026-02-23 15:00:00,199.18875
2026-02-23 16:00:00,100.80285714285715
2026-02-23 17:00:00,87.0311111111111
2026-02-23 18:00:00,47.02222222222222
2026-02-23 19:00:00,0.026000000000000002
2026-02-23 20:00:00,0.025
2026-02-23 21:00:00,0.015
2026-02-23 22:00:00,0.018333333333333333
2026-02-23 23:00:00,0.022
2026-02-24 00:00:00,0.021111111111111112
2026-02-24 01:00:00,0.02090909090909091
2026-02-24 02:00:00,0.018571428571428572
2026-02-24 03:00:00,0.014444444444444446
2026-02-24 04:00:00,0.018181818181818184
2026-02-24 05:00:00,0.01625
2026-02-24 06:00:00,1.2844444444444443
2026-02-24 07:00:00,94.93625
2026-02-24 08:00:00,201.63625
2026-02-24 09:00:00,149.26625
2026-02-24 10:00:00,205.892
2026-02-24 11:00:00,214.22375
2026-02-24 12:00:00,234.7718181818182
2026-02-24 13:00:00,195.99909090909094
2026-02-24 14:00:00,211.62375
2026-02-24 15:00:00,235.9575
2026-02-24 16:00:00,104.78399999999999
2026-02-24 17:00:00,91.10714285714286
2026-02-24 18:00:00,43.85875
2026-02-24 19:00:00,0.024444444444444446
2026-02-24 20:00:00,0.02
2026-02-24 21:00:00,0.025714285714285714
2026-02-24 22:00:00,0.03125
2026-02-24 23:00:00,0.0225
2026-02-25 00:00:00,0.02375
2026-02-25 01:00:00,0.021666666666666667
2026-02-25 02:00:00,0.02
2026-02-25 03:00:00,0.01625
2026-02-25 04:00:00,0.02375
2026-02-25 05:00:00,0.021249999999999998
2026-02-25 06:00:00,0.99
2026-02-25 07:00:00,85.66714285714285
2026-02-25 08:00:00,187.66125
2026-02-25 09:00:00,188.65
2026-02-25 10:00:00,307.0325
2026-02-25 11:00:00,213.63
2026-02-25 12:00:00,231.83777777777777
2026-02-25 13:00:00,215.88
2026-02-25 14:00:00,193.28
2026-02-25 15:00:00,127.45625
2026-02-25 16:00:00,108.77857142857144
2026-02-25 17:00:00,86.7625
2026-02-25 18:00:00,35.03375
2026-02-25 19:00:00,0.016666666666666666
2026-02-25 20:00:00,0.015
2026-02-25 21:00:00,0.016666666666666666
2026-02-25 22:00:00,0.012
2026-02-25 23:00:00,0.017142857142857144
2026-02-26 00:00:00,0.01875
2026-02-26 01:00:00,0.012222222222222223
2026-02-26 02:00:00,0.0125
2026-02-26 03:00:00,0.011111111111111112
2026-02-26 04:00:00,0.006666666666666667
2026-02-26 05:00:00,0.011111111111111112
2026-02-26 06:00:00,0.5850000000000001
2026-02-26 07:00:00,84.3075
2026-02-26 08:00:00,139.22142857142856
2026-02-26 09:00:00,124.36888888888888
2026-02-26 10:00:00,295.399
2026-02-26 11:00:00,247.24
2026-02-26 12:00:00,231.0142857142857
2026-02-26 13:00:00,204.345
2026-02-26 14:00:00,318.93375000000003
2026-02-26 15:00:00,164.11333333333332
2026-02-26 16:00:00,138.4077777777778
2026-02-26 17:00:00,95.38181818181819
2026-02-26 18:00:00,40.65428571428571
2026-02-26 19:00:00,0.016
2026-02-26 20:00:00,0.0125
2026-02-26 21:00:00,0.011111111111111112
2026-02-26 22:00:00,0.014000000000000002
2026-02-26 23:00:00,0.008571428571428572
2026-02-27 00:00:00,0.01375
2026-02-27 01:00:00,0.01
2026-02-27 02:00:00,0.012222222222222223
2026-02-27 03:00:00,0.01125
2026-02-27 04:00:00,0.013000000000000001
2026-02-27 05:00:00,0.005555555555555556
2026-02-27 06:00:00,2.1122222222222224
2026-02-27 07:00:00,66.98555555555555
2026-02-27 08:00:00,132.215
2026-02-27 09:00:00,123.39200000000001
2026-02-27 10:00:00,253.92333333333332
2026-02-27 11:00:00,315.16
2026-02-27 12:00:00,222.5
2026-02-27 13:00:00,179.06571428571428
2026-02-27 14:00:00,162.855
2026-02-27 15:00:00,133.366
2026-02-27 16:00:00,56.23
2026-02-27 17:00:00,62.340999999999994
2026-02-27 18:00:00,54.38727272727272
2026-02-27 19:00:00,51.480000000000004
2026-02-27 20:00:00,0.011428571428571429
2026-02-27 21:00:00,0.015
2026-02-27 22:00:00,0.01625
2026-02-27 23:00:00,0.016
2026-02-28 00:00:00,0.01
2026-02-28 01:00:00,0.011428571428571429
2026-02-28 02:00:00,0.01
2026-02-28 03:00:00,0.015
2026-02-28 04:00:00,0.005
2026-02-28 05:00:00,0.01375
2026-02-28 06:00:00,0.618
2026-02-28 07:00:00,8.098
2026-02-28 08:00:00,59.644000000000005
2026-02-28 09:00:00,109.38
2026-02-28 10:00:00,149.51090909090908
2026-02-28 11:00:00,101.72444444444444
2026-02-28 12:00:00,161.65333333333334
2026-02-28 13:00:00,130.47875
2026-02-28 14:00:00,243.87142857142857
2026-02-28 15:00:00,156.846
2026-02-28 16:00:00,60.6725
2026-02-28 17:00:00,70.50333333333333
2026-02-28 18:00:00,42.378750000000004
2026-02-28 19:00:00,0.0125
2026-02-28 20:00:00,0.012
2026-02-28 21:00:00,0.008571428571428572
2026-02-28 22:00:00,0.009
2026-02-28 23:00:00,0.0125
2026-03-01 00:00:00,0.008571428571428572
2026-03-01 01:00:00,0.011428571428571429
2026-03-01 02:00:00,0.01
2026-03-01 03:00:00,0.01
2026-03-01 04:00:00,0.004285714285714286
2026-03-01 05:00:00,0.0075
2026-03-01 06:00:00,1.7550000000000001
2026-03-01 07:00:00,51.43
2026-03-01 08:00:00,77.18666666666667
2026-03-01 09:00:00,113.33571428571429
2026-03-01 10:00:00,136.30125
2026-03-01 11:00:00,135.152
2026-03-01 12:00:00,140.94375
2026-03-01 13:00:00,149.93333333333334
2026-03-01 14:00:00,154.5325
2026-03-01 15:00:00,138.35666666666665
2026-03-01 16:00:00,117.72166666666668
2026-03-01 17:00:00,84.24666666666667
2026-03-01 18:00:00,37.025555555555556
2026-03-01 19:00:00,0.011250000000000001
2026-03-01 20:00:00,0.012222222222222223
2026-03-01 21:00:00,0.01
2026-03-01 22:00:00,0.013000000000000001
2026-03-01 23:00:00,0.01
2026-03-02 00:00:00,0.012
2026-03-02 01:00:00,0.008571428571428572
2026-03-02 02:00:00,0.013333333333333334
2026-03-02 03:00:00,0.011666666666666667
2026-03-02 04:00:00,0.007777777777777778
2026-03-02 05:00:00,0.0125
2026-03-02 06:00:00,0.29555555555555557
2026-03-02 07:00:00,6.66375
2026-03-02 08:00:00,41.128571428571426
2026-03-02 09:00:00,87.955
2026-03-02 10:00:00,86.68727272727273
2026-03-02 11:00:00,128.93125
2026-03-02 12:00:00,103.30199999999999
2026-03-02 13:00:00,45.740833333333335
2026-03-02 14:00:00,36.51375
2026-03-02 15:00:00,62.191818181818185
2026-03-02 16:00:00,92.212
2026-03-02 17:00:00,67.04285714285714
2026-03-02 18:00:00,49.94444444444444
2026-03-02 19:00:00,0.019999999999999997
2026-03-02 20:00:00,0.016666666666666666
2026-03-02 21:00:00,0.01
2026-03-02 22:00:00,0.014285714285714287
2026-03-02 23:00:00,0.014000000000000002
2026-03-03 00:00:00,0.016666666666666666
2026-03-03 01:00:00,0.018571428571428572
2026-03-03 02:00:00,0.018333333333333333
2026-03-03 03:00:00,0.015454545454545455
2026-03-03 04:00:00,0.005
2026-03-03 05:00:00,0.01375
2026-03-03 06:00:00,1.1766666666666667
2026-03-03 07:00:00,33.65375
2026-03-03 08:00:00,155.665
2026-03-03 09:00:00,177.57000000000002
2026-03-03 10:00:00,168.31875
2026-03-03 11:00:00,168.93666666666667
2026-03-03 12:00:00,180.75454545454545
2026-03-03 13:00:00,172.4385714285714
2026-03-03 14:00:00,152.5011111111111
2026-03-03 15:00:00,163.09777777777776
2026-03-03 16:00:00,126.95
2026-03-03 17:00:00,82.0175
2026-03-03 18:00:00,42.083333333333336
2026-03-03 19:00:00,0.015714285714285715
2026-03-03 20:00:00,0.01
2026-03-03 21:00:00,0.0125
2026-03-03 22:00:00,0.0014285714285714286
2026-03-03 23:00:00,0.012857142857142857
2026-03-04 00:00:00,0.009166666666666667
2026-03-04 01:00:00,0.01
2026-03-04 02:00:00,0.005
2026-03-04 03:00:00,0.0075
2026-03-04 04:00:00,0.01
2026-03-04 05:00:00,0.0075
2026-03-04 06:00:00,1.0362500000000001
2026-03-04 07:00:00,29.07125
2026-03-04 08:00:00,112.37666666666667
2026-03-04 09:00:00,147.3942857142857
2026-03-04 10:00:00,121.38454545454546
2026-03-04 11:00:00,88.7575
2026-03-04 12:00:00,70.94714285714285
2026-03-04 13:00:00,82.53666666666668
2026-03-04 14:00:00,68.56571428571428
2026-03-04 15:00:00,60.07000000000001
2026-03-04 16:00:00,67.485
2026-03-04 17:00:00,79.40599999999999
2026-03-04 18:00:00,21.231666666666666
2026-03-04 19:00:00,0.014285714285714287
2026-03-04 20:00:00,0.011428571428571429
2026-03-04 21:00:00,0.014285714285714287
2026-03-04 22:00:00,0.01125
2026-03-04 23:00:00,0.01
2026-03-05 00:00:00,0.008333333333333333
2026-03-05 01:00:00,0.01125
2026-03-05 02:00:00,0.015000000000000001
2026-03-05 03:00:00,0.008
2026-03-05 04:00:00,0.01
2026-03-05 05:00:00,0.00875
2026-03-05 06:00:00,1.0333333333333334
2026-03-05 07:00:00,14.156666666666666
2026-03-05 08:00:00,45.73888888888889
2026-03-05 09:00:00,155.62
2026-03-05 10:00:00,67.00454545454545
2026-03-05 11:00:00,32.632222222222225
2026-03-05 12:00:00,36.224000000000004
2026-03-05 13:00:00,53.885000000000005
2026-03-05 14:00:00,92.42875000000001
2026-03-05 15:00:00,62.55625
2026-03-05 16:00:00,52.176249999999996
2026-03-05 17:00:00,73.89285714285714
2026-03-05 18:00:00,45.278888888888886
2026-03-05 19:00:00,0.015714285714285715
2026-03-05 20:00:00,0.01625
2026-03-05 21:00:00,0.01375
2026-03-05 22:00:00,0.014000000000000002
2026-03-05 23:00:00,0.01375
2026-03-06 00:00:00,0.016666666666666666
2026-03-06 01:00:00,0.00875
2026-03-06 02:00:00,0.015714285714285715
2026-03-06 03:00:00,0.01375
2026-03-06 04:00:00,0.015
2026-03-06 05:00:00,0.015
2026-03-06 06:00:00,4.268571428571429
2026-03-06 07:00:00,67.14
2026-03-06 08:00:00,88.01375
2026-03-06 09:00:00,140.25555555555556
2026-03-06 10:00:00,159.89857142857142
2026-03-06 11:00:00,173.55
2026-03-06 12:00:00,107.22857142857143
2026-03-06 13:00:00,217.7588888888889
2026-03-06 14:00:00,137.40428571428572
2026-03-06 15:00:00,235.095
2026-03-06 16:00:00,67.94
2026-03-06 17:00:00,73.835
2026-03-06 18:00:00,41.836
2026-03-06 19:00:00,0.027142857142857142
2026-03-06 20:00:00,0.027000000000000003
2026-03-06 21:00:00,0.026666666666666665
2026-03-06 22:00:00,0.02625
2026-03-06 23:00:00,0.021111111111111112
2026-03-07 00:00:00,0.02
2026-03-07 01:00:00,0.021818181818181816
2026-03-07 02:00:00,0.02090909090909091
2026-03-07 03:00:00,0.024999999999999998
2026-03-07 04:00:00,0.02
2026-03-07 05:00:00,0.021666666666666667
2026-03-07 06:00:00,8.994285714285715
2026-03-07 07:00:00,87.71666666666665
2026-03-07 08:00:00,104.9575
2026-03-07 09:00:00,132.1457142857143
2026-03-07 10:00:00,190.225
2026-03-07 11:00:00,234.92
2026-03-07 12:00:00,210.388
2026-03-07 13:00:00,142.10875
2026-03-07 14:00:00,68.458
2026-03-07 15:00:00,71.68714285714286
2026-03-07 16:00:00,91.34111111111112
2026-03-07 17:00:00,84.07875
2026-03-07 18:00:00,34.576
2026-03-07 19:00:00,0.018333333333333333
2026-03-07 20:00:00,0.01
2026-03-07 21:00:00,0.011428571428571429
2026-03-07 22:00:00,0.01
2026-03-07 23:00:00,0.01
2026-03-08 00:00:00,0.004285714285714286
2026-03-08 01:00:00,0.0075
2026-03-08 02:00:00,0.0075
2026-03-08 03:00:00,0.008333333333333333
2026-03-08 04:00:00,0.008888888888888889
2026-03-08 05:00:00,0.008888888888888889
2026-03-08 06:00:00,1.7525
2026-03-08 07:00:00,28.81857142857143
2026-03-08 08:00:00,87.54375
2026-03-08 09:00:00,136.91333333333333
2026-03-08 10:00:00,235.745
2026-03-08 11:00:00,160.07874999999999
2026-03-08 12:00:00,118.511
2026-03-08 13:00:00,110.71666666666665
2026-03-08 14:00:00,50.586666666666666
2026-03-08 15:00:00,104.104
2026-03-08 16:00:00,98.06
2026-03-08 17:00:00,71.73444444444445
2026-03-08 18:00:00,43.292857142857144
2026-03-08 19:00:00,0.014444444444444446
2026-03-08 20:00:00,0.01
2026-03-08 21:00:00,0.008888888888888889
2026-03-08 22:00:00,0.00875
2026-03-08 23:00:00,0.0125
2026-03-09 00:00:00,0.01
2026-03-09 01:00:00,0.01
2026-03-09 02:00:00,0.01
2026-03-09 03:00:00,0.007500000000000001
2026-03-09 04:00:00,0.0075
2026-03-09 05:00:00,0.011428571428571429
2026-03-09 06:00:00,4.466666666666667
2026-03-09 07:00:00,68.27555555555556
2026-03-09 08:00:00,145.04
2026-03-09 09:00:00,129.19400000000002
2026-03-09 10:00:00,162.06571428571428
2026-03-09 11:00:00,237.474
2026-03-09 12:00:00,241.23999999999998
2026-03-09 13:00:00,243.0225
2026-03-09 14:00:00,133.52333333333334
2026-03-09 15:00:00,126.44090909090909
2026-03-09 16:00:00,88.17125
2026-03-09 17:00:00,74.92
2026-03-09 18:00:00,26.6425
2026-03-09 19:00:00,0.03333333333333333
2026-03-09 20:00:00,0.03
2026-03-09 21:00:00,0.02
2026-03-09 22:00:00,0.026000000000000002
2026-03-09 23:00:00,0.025
2026-03-10 00:00:00,0.0275
2026-03-10 01:00:00,0.0225
2026-03-10 02:00:00,0.027142857142857142
2026-03-10 03:00:00,0.030000000000000002
2026-03-10 04:00:00,0.02666666666666667
2026-03-10 05:00:00,0.027142857142857142
2026-03-10 06:00:00,1.064
2026-03-10 07:00:00,18.045555555555556
2026-03-10 08:00:00,60.14
2026-03-10 09:00:00,37.098181818181814
2026-03-10 10:00:00,53.492222222222225
2026-03-10 11:00:00,65.46714285714286
2026-03-10 12:00:00,67.625
2026-03-10 13:00:00,123.18285714285715
2026-03-10 14:00:00,122.73
2026-03-10 15:00:00,110.77166666666666
2026-03-10 16:00:00,62.41818181818182
2026-03-10 17:00:00,73.31714285714285
2026-03-10 18:00:00,34.8575
2026-03-10 19:00:00,0.024444444444444446
2026-03-10 20:00:00,0.022222222222222223
2026-03-10 21:00:00,0.024999999999999998
2026-03-10 22:00:00,0.024285714285714282
2026-03-10 23:00:00,0.024
2026-03-11 00:00:00,0.022
2026-03-11 01:00:00,0.025
2026-03-11 02:00:00,0.017142857142857144
2026-03-11 03:00:00,0.025
2026-03-11 04:00:00,0.024999999999999998
2026-03-11 05:00:00,0.024444444444444446
2026-03-11 06:00:00,1.9633333333333336
2026-03-11 07:00:00,86.48857142857143
2026-03-11 08:00:00,111.53600000000002
2026-03-11 09:00:00,195.525
2026-03-11 10:00:00,273.19571428571425
2026-03-11 11:00:00,165.07142857142858
2026-03-11 12:00:00,140.56363636363636
2026-03-11 13:00:00,141.725
2026-03-11 14:00:00,362.459
2026-03-11 15:00:00,236.50111111111113
2026-03-11 16:00:00,138.17555555555555
2026-03-11 17:00:00,89.19888888888889
2026-03-11 18:00:00,41.96125
2026-03-11 19:00:00,0.025555555555555557
2026-03-11 20:00:00,0.019
2026-03-11 21:00:00,0.02125
2026-03-11 22:00:00,0.021111111111111112
2026-03-11 23:00:00,0.017
2026-03-12 00:00:00,0.014444444444444446
2026-03-12 01:00:00,0.016666666666666666
2026-03-12 02:00:00,0.011666666666666667
2026-03-12 03:00:00,0.016
2026-03-12 04:00:00,0.018181818181818184
2026-03-12 05:00:00,0.01875
2026-03-12 06:00:00,6.728571428571429
2026-03-12 07:00:00,63.714
2026-03-12 08:00:00,163.935
2026-03-12 09:00:00,144.16571428571427
2026-03-12 10:00:00,183.07666666666668
2026-03-12 11:00:00,231.06
2026-03-12 12:00:00,237.03333333333333
2026-03-12 13:00:00,232.82199999999997
2026-03-12 14:00:00,171.16875
2026-03-12 15:00:00,195.42444444444445
2026-03-12 16:00:00,134.75333333333333
2026-03-12 17:00:00,99.90625
2026-03-12 18:00:00,24.556
2026-03-12 19:00:00,0.012
2026-03-12 20:00:00,0.009
2026-03-12 21:00:00,0.00625
2026-03-12 22:00:00,0.005
2026-03-12 23:00:00,0.008571428571428572
2026-03-13 00:00:00,0.004
2026-03-13 01:00:00,0.008
2026-03-13 02:00:00,0.004285714285714286
2026-03-13 03:00:00,0.004285714285714286
2026-03-13 04:00:00,-0.0009999999999999998
2026-03-13 05:00:00,0.01
2026-03-13 06:00:00,10.999
2026-03-13 07:00:00,90.92428571428572
2026-03-13 08:00:00,219.093
2026-03-13 09:00:00,244.08125
2026-03-13 10:00:00,246.60999999999999
2026-03-13 11:00:00,252.7225
2026-03-13 12:00:00,247.57599999999996
2026-03-13 13:00:00,243.43
2026-03-13 14:00:00,232.62
2026-03-13 15:00:00,253.41500000000002
2026-03-13 16:00:00,99.624
2026-03-13 17:00:00,116.05199999999999
2026-03-13 18:00:00,30.39125
2026-03-13 19:00:00,0.011666666666666667
2026-03-13 20:00:00,0.01
2026-03-13 21:00:00,0.011818181818181818
2026-03-13 22:00:00,0.013333333333333332
2026-03-13 23:00:00,0.0075
2026-03-14 00:00:00,0.013333333333333334
2026-03-14 01:00:00,0.0075
2026-03-14 02:00:00,0.01
2026-03-14 03:00:00,0.00625
2026-03-14 04:00:00,0.01
2026-03-14 05:00:00,0.006
2026-03-14 06:00:00,1.3283333333333334
2026-03-14 07:00:00,10.936
2026-03-14 08:00:00,68.01857142857143
2026-03-14 09:00:00,137.26
2026-03-14 10:00:00,49.766000000000005
2026-03-14 11:00:00,75.39142857142858
2026-03-14 12:00:00,138.051
2026-03-14 13:00:00,93.00111111111111
2026-03-14 14:00:00,215.045
2026-03-14 15:00:00,53.385714285714286
2026-03-14 16:00:00,68.10142857142857
2026-03-14 17:00:00,73.4588888888889
2026-03-14 18:00:00,36.23571428571429
2026-03-14 19:00:00,0.0125
2026-03-14 20:00:00,0.015555555555555557
2026-03-14 21:00:00,0.011111111111111112
2026-03-14 22:00:00,0.013333333333333334
2026-03-14 23:00:00,0.018333333333333333
2026-03-15 00:00:00,0.014444444444444446
2026-03-15 01:00:00,0.012
2026-03-15 02:00:00,0.01
2026-03-15 03:00:00,0.01
2026-03-15 04:00:00,0.007000000000000001
2026-03-15 05:00:00,0.024999999999999998
2026-03-15 06:00:00,13.36111111111111
2026-03-15 07:00:00,67.582
2026-03-15 08:00:00,225.53
2026-03-15 09:00:00,297.145
2026-03-15 10:00:00,228.09111111111113
2026-03-15 11:00:00,280.0628571428571
2026-03-15 12:00:00,156.44428571428574
2026-03-15 13:00:00,122.22999999999999
2026-03-15 14:00:00,75.905
2026-03-15 15:00:00,149.222
2026-03-15 16:00:00,99.5875
2026-03-15 17:00:00,92.41714285714285
2026-03-15 18:00:00,37.352
2026-03-15 19:00:00,0.0071428571428571435
2026-03-15 20:00:00,0.01125
2026-03-15 21:00:00,0.013333333333333334
2026-03-15 22:00:00,0.00625
2026-03-15 23:00:00,0.006666666666666667
2026-03-16 00:00:00,0.008571428571428572
2026-03-16 01:00:00,0.007000000000000001
2026-03-16 02:00:00,0.006
2026-03-16 03:00:00,0.004285714285714286
2026-03-16 04:00:00,0.01
2026-03-16 05:00:00,0.002857142857142857
2026-03-16 06:00:00,12.2775
2026-03-16 07:00:00,75.83166666666666
2026-03-16 08:00:00,183.88333333333333
2026-03-16 09:00:00,267.39700000000005
2026-03-16 10:00:00,195.3788888888889
2026-03-16 11:00:00,253.94
2026-03-16 12:00:00,249.5675
2026-03-16 13:00:00,252.545
2026-03-16 14:00:00,210.32714285714286
2026-03-16 15:00:00,279.6725
2026-03-16 16:00:00,172.42777777777778
2026-03-16 17:00:00,105.208
2026-03-16 18:00:00,35.898888888888884
2026-03-16 19:00:00,0.009090909090909092
2026-03-16 20:00:00,0.011
2026-03-16 21:00:00,0.0025
2026-03-16 22:00:00,0.0016666666666666668
2026-03-16 23:00:00,0.005555555555555556
2026-03-17 00:00:00,0.008571428571428572
2026-03-17 01:00:00,0.005454545454545454
2026-03-17 02:00:00,0.0009090909090909091
2026-03-17 03:00:00,0.0
2026-03-17 04:00:00,0.003333333333333333
2026-03-17 05:00:00,0.006666666666666667
2026-03-17 06:00:00,16.405
2026-03-17 07:00:00,215.60333333333332
2026-03-17 08:00:00,288.8025
2026-03-17 09:00:00,494.64874999999995
2026-03-17 10:00:00,257.95714285714286
2026-03-17 11:00:00,259.6516666666667
2026-03-17 12:00:00,258.3985714285714
2026-03-17 13:00:00,262.4566666666667
2026-03-17 14:00:00,221.51749999999998
2026-03-17 15:00:00,220.419
2026-03-17 16:00:00,176.285
2026-03-17 17:00:00,121.58555555555556
2026-03-17 18:00:00,68.60428571428572
2026-03-17 19:00:00,0.0037500000000000003
2026-03-17 20:00:00,0.007500000000000001
2026-03-17 21:00:00,0.003333333333333333
2026-03-17 22:00:00,0.0022222222222222222
2026-03-17 23:00:00,0.0
2026-03-18 00:00:00,0.0011111111111111111
2026-03-18 01:00:00,0.0014285714285714286
2026-03-18 02:00:00,0.003333333333333333
2026-03-18 03:00:00,0.0014285714285714286
2026-03-18 04:00:00,0.0037500000000000003
2026-03-18 05:00:00,0.053000000000000005
2026-03-18 06:00:00,17.47
2026-03-18 07:00:00,92.67444444444443
2026-03-18 08:00:00,178.895
2026-03-18 09:00:00,253.87666666666667
2026-03-18 10:00:00,214.25666666666666
2026-03-18 11:00:00,270.49125
2026-03-18 12:00:00,226.13555555555556
2026-03-18 13:00:00,181.44333333333336
2026-03-18 14:00:00,112.78666666666668
2026-03-18 15:00:00,150.16166666666666
2026-03-18 16:00:00,83.355
2026-03-18 17:00:00,73.21000000000001
2026-03-18 18:00:00,0.6471428571428571
2026-03-18 19:00:00,0.034444444444444444
2026-03-18 20:00:00,0.027777777777777776
2026-03-18 21:00:00,0.024999999999999998
2026-03-18 22:00:00,0.026000000000000002
2026-03-18 23:00:00,0.02333333333333333
2026-03-19 00:00:00,0.03
2026-03-19 01:00:00,0.028749999999999998
2026-03-19 02:00:00,0.028333333333333332
2026-03-19 03:00:00,0.026000000000000002
2026-03-19 04:00:00,0.025
2026-03-19 05:00:00,0.07571428571428572
2026-03-19 06:00:00,20.372
2026-03-19 07:00:00,153.57666666666668
2026-03-19 08:00:00,315.02
2026-03-19 09:00:00,392.4144444444444
2026-03-19 10:00:00,180.5822222222222
2026-03-19 11:00:00,276.9016666666667
2026-03-19 12:00:00,257.40875
2026-03-19 13:00:00,201.95555555555555
2026-03-19 14:00:00,246.596
2026-03-19 15:00:00,197.61999999999998
2026-03-19 16:00:00,234.58999999999997
2026-03-19 17:00:00,113.8
2026-03-19 18:00:00,56.239
2026-03-19 19:00:00,0.03142857142857143
2026-03-19 20:00:00,0.025
2026-03-19 21:00:00,0.0225
2026-03-19 22:00:00,0.028333333333333332
2026-03-19 23:00:00,0.027777777777777776
2026-03-20 00:00:00,0.03166666666666667
2026-03-20 01:00:00,0.02666666666666667
2026-03-20 02:00:00,0.026000000000000002
2026-03-20 03:00:00,0.025555555555555557
2026-03-20 04:00:00,0.031
2026-03-20 05:00:00,0.04
2026-03-20 06:00:00,2.8955555555555557
2026-03-20 07:00:00,34.89142857142857
2026-03-20 08:00:00,40.015
2026-03-20 09:00:00,111.75714285714285
2026-03-20 10:00:00,108.94857142857143
2026-03-20 11:00:00,72.602
2026-03-20 12:00:00,
2026-03-20 13:00:00,
2026-03-20 14:00:00,140.34
2026-03-20 15:00:00,205.72222222222223
2026-03-20 16:00:00,157.96428571428572
2026-03-20 17:00:00,113.628
2026-03-20 18:00:00,40.235
2026-03-20 19:00:00,0.028749999999999998
2026-03-20 20:00:00,0.028571428571428574
2026-03-20 21:00:00,0.027142857142857142
2026-03-20 22:00:00,0.02857142857142857
2026-03-20 23:00:00,0.027777777777777776
2026-03-21 00:00:00,0.03
2026-03-21 01:00:00,0.0275
2026-03-21 02:00:00,0.025
2026-03-21 03:00:00,0.02666666666666667
2026-03-21 04:00:00,0.028999999999999998
2026-03-21 05:00:00,0.046
2026-03-21 06:00:00,3.141
2026-03-21 07:00:00,40.64333333333334
2026-03-21 08:00:00,103.50399999999999
2026-03-21 09:00:00,130.86666666666667
2026-03-21 10:00:00,111.3075
2026-03-21 11:00:00,129.9442857142857
2026-03-21 12:00:00,161.18714285714285
2026-03-21 13:00:00,123.36571428571428
2026-03-21 14:00:00,69.318
2026-03-21 15:00:00,69.51375
2026-03-21 16:00:00,76.5825
2026-03-21 17:00:00,97.898
2026-03-21 18:00:00,25.87333333333333
2026-03-21 19:00:00,0.028000000000000004
2026-03-21 20:00:00,0.03
2026-03-21 21:00:00,0.028749999999999998
2026-03-21 22:00:00,0.02
2026-03-21 23:00:00,0.022857142857142857
2026-03-22 00:00:00,0.026000000000000002
2026-03-22 01:00:00,0.03
2026-03-22 02:00:00,0.025714285714285714
2026-03-22 03:00:00,0.021666666666666667
2026-03-22 04:00:00,0.023
2026-03-22 05:00:00,0.12727272727272726
2026-03-22 06:00:00,26.707
2026-03-22 07:00:00,159.45625
2026-03-22 08:00:00,268.8771428571428
2026-03-22 09:00:00,506.1314285714285
2026-03-22 10:00:00,220.1
2026-03-22 11:00:00,288.3728571428572
2026-03-22 12:00:00,268.81333333333333
2026-03-22 13:00:00,302.6377777777778
2026-03-22 14:00:00,167.469
2026-03-22 15:00:00,133.15166666666667
2026-03-22 16:00:00,216.06857142857143
2026-03-22 17:00:00,127.58428571428571
2026-03-22 18:00:00,34.36142857142857
2026-03-22 19:00:00,0.034545454545454546
2026-03-22 20:00:00,0.027777777777777776
2026-03-22 21:00:00,0.025555555555555557
2026-03-22 22:00:00,0.02625
2026-03-22 23:00:00,0.028999999999999998
2026-03-23 00:00:00,0.027142857142857142
2026-03-23 01:00:00,0.023333333333333334
2026-03-23 02:00:00,0.023333333333333334
2026-03-23 03:00:00,0.02428571428571429
2026-03-23 04:00:00,0.0275
2026-03-23 05:00:00,0.18
2026-03-23 06:00:00,23.049999999999997
2026-03-23 07:00:00,155.87
2026-03-23 08:00:00,311.6972727272727
2026-03-23 09:00:00,510.1911111111111
2026-03-23 10:00:00,240.196
2026-03-23 11:00:00,289.82666666666665
2026-03-23 12:00:00,268.961
2026-03-23 13:00:00,268.48
2026-03-23 14:00:00,194.63285714285715
2026-03-23 15:00:00,242.57555555555558
2026-03-23 16:00:00,77.04636363636364
2026-03-23 17:00:00,29.28
2026-03-23 18:00:00,2.4722222222222223
2026-03-23 19:00:00,0.02375
2026-03-23 20:00:00,0.015
2026-03-23 21:00:00,0.016666666666666666
2026-03-23 22:00:00,0.023333333333333334
2026-03-23 23:00:00,0.01888888888888889
2026-03-24 00:00:00,0.017
2026-03-24 01:00:00,0.0175
2026-03-24 02:00:00,0.015714285714285715
2026-03-24 03:00:00,0.017499999999999998
2026-03-24 04:00:00,0.02
2026-03-24 05:00:00,0.05625
2026-03-24 06:00:00,36.64875
2026-03-24 07:00:00,181.97
2026-03-24 08:00:00,308.25125
2026-03-24 09:00:00,497.0175
2026-03-24 10:00:00,217.92000000000002
2026-03-24 11:00:00,298.56
2026-03-24 12:00:00,288.88714285714286
2026-03-24 13:00:00,274.89
2026-03-24 14:00:00,231.61777777777777
2026-03-24 15:00:00,283.279
2026-03-24 16:00:00,197.072
2026-03-24 17:00:00,69.78
2026-03-24 18:00:00,3.1214285714285714
2026-03-24 19:00:00,0.003333333333333333
2026-03-24 20:00:00,0.005
2026-03-24 21:00:00,0.0
2026-03-24 22:00:00,0.0037500000000000003
2026-03-24 23:00:00,0.0
2026-03-25 00:00:00,0.0
2026-03-25 01:00:00,-0.002857142857142857
2026-03-25 02:00:00,0.003
2026-03-25 03:00:00,0.0
2026-03-25 04:00:00,0.0025
2026-03-25 05:00:00,0.15142857142857144
2026-03-25 06:00:00,35.61
2026-03-25 07:00:00,213.78125
2026-03-25 08:00:00,254.17428571428573
2026-03-25 09:00:00,538.4033333333333
2026-03-25 10:00:00,268.6066666666667
2026-03-25 11:00:00,286.5042857142857
2026-03-25 12:00:00,285.82142857142856
2026-03-25 13:00:00,275.1385714285714
2026-03-25 14:00:00,222.85375
2026-03-25 15:00:00,313.5175
2026-03-25 16:00:00,165.41428571428568
2026-03-25 17:00:00,45.767272727272726
2026-03-25 18:00:00,1.6333333333333333
2026-03-25 19:00:00,0.006666666666666666
2026-03-25 20:00:00,0.006
2026-03-25 21:00:00,0.006
2026-03-25 22:00:00,0.004
2026-03-25 23:00:00,0.0025
2026-03-26 00:00:00,0.0016666666666666668
2026-03-26 01:00:00,0.006
2026-03-26 02:00:00,0.0022222222222222222
2026-03-26 03:00:00,0.0037500000000000003
2026-03-26 04:00:00,0.0
2026-03-26 05:00:00,0.43714285714285717
2026-03-26 06:00:00,56.10666666666666
2026-03-26 07:00:00,163.634
2026-03-26 08:00:00,269.554
2026-03-26 09:00:00,245.57000000000002
2026-03-26 10:00:00,217.655
2026-03-26 11:00:00,316.35125
2026-03-26 12:00:00,225.98200000000003
2026-03-26 13:00:00,282.602
2026-03-26 14:00:00,226.83583333333334
2026-03-26 15:00:00,320.2083333333333
2026-03-26 16:00:00,208.115
2026-03-26 17:00:00,44.11625
2026-03-26 18:00:00,3.7514285714285713
2026-03-26 19:00:00,0.0075
2026-03-26 20:00:00,0.006
2026-03-26 21:00:00,0.008
2026-03-26 22:00:00,0.005
2026-03-26 23:00:00,0.004545454545454546
2026-03-27 00:00:00,0.0011111111111111111
2026-03-27 01:00:00,0.00625
2026-03-27 02:00:00,-0.0014285714285714286
2026-03-27 03:00:00,0.0
2026-03-27 04:00:00,0.005
2026-03-27 05:00:00,0.2714285714285714
2026-03-27 06:00:00,16.19666666666667
2026-03-27 07:00:00,39.64833333333333
2026-03-27 08:00:00,89.99333333333333
2026-03-27 09:00:00,201.20499999999998
2026-03-27 10:00:00,220.19111111111113
2026-03-27 11:00:00,331.60125
2026-03-27 12:00:00,304.5866666666667
2026-03-27 13:00:00,167.23444444444442
2026-03-27 14:00:00,179.01111111111112
2026-03-27 15:00:00,304.3314285714286
2026-03-27 16:00:00,210.038
2026-03-27 17:00:00,
2026-03-27 18:00:00,
2026-03-27 19:00:00,
2026-03-27 20:00:00,
2026-03-27 21:00:00,
2026-03-27 22:00:00,
2026-03-27 23:00:00,
2026-03-28 00:00:00,
2026-03-28 01:00:00,
2026-03-28 02:00:00,
2026-03-28 03:00:00,
2026-03-28 04:00:00,
2026-03-28 05:00:00,
2026-03-28 06:00:00,
2026-03-28 07:00:00,
2026-03-28 08:00:00,
2026-03-28 09:00:00,
2026-03-28 10:00:00,
2026-03-28 11:00:00,
2026-03-28 12:00:00,
2026-03-28 13:00:00,
2026-03-28 14:00:00,
2026-03-28 15:00:00,
2026-03-28 16:00:00,
2026-03-28 17:00:00,
2026-03-28 18:00:00,
2026-03-28 19:00:00,
2026-03-28 20:00:00,
2026-03-28 21:00:00,
2026-03-28 22:00:00,
2026-03-28 23:00:00,
2026-03-29 00:00:00,
2026-03-29 01:00:00,
2026-03-29 02:00:00,
2026-03-29 03:00:00,
2026-03-29 04:00:00,
2026-03-29 05:00:00,
2026-03-29 06:00:00,
2026-03-29 07:00:00,
2026-03-29 08:00:00,
2026-03-29 09:00:00,
2026-03-29 10:00:00,
2026-03-29 11:00:00,
2026-03-29 12:00:00,
2026-03-29 13:00:00,
2026-03-29 14:00:00,
2026-03-29 15:00:00,
2026-03-29 16:00:00,
2026-03-29 17:00:00,
2026-03-29 18:00:00,
2026-03-29 19:00:00,
2026-03-29 20:00:00,
2026-03-29 21:00:00,
2026-03-29 22:00:00,
2026-03-29 23:00:00,
2026-03-30 00:00:00,
2026-03-30 01:00:00,
2026-03-30 02:00:00,
2026-03-30 03:00:00,
2026-03-30 04:00:00,
2026-03-30 05:00:00,
2026-03-30 06:00:00,
2026-03-30 07:00:00,
2026-03-30 08:00:00,
2026-03-30 09:00:00,
2026-03-30 10:00:00,
2026-03-30 11:00:00,
2026-03-30 12:00:00,549.01
2026-03-30 13:00:00,640.94375
2026-03-30 14:00:00,368.4166666666667
2026-03-30 15:00:00,380.7285714285714
2026-03-30 16:00:00,249.72333333333336
2026-03-30 17:00:00,63.544444444444444
2026-03-30 18:00:00,3.56
2026-03-30 19:00:00,0.03
2026-03-30 20:00:00,0.024999999999999998
2026-03-30 21:00:00,0.023333333333333334
2026-03-30 22:00:00,0.030000000000000002
2026-03-30 23:00:00,0.03
2026-03-31 00:00:00,0.027777777777777776
2026-03-31 01:00:00,0.028749999999999998
2026-03-31 02:00:00,0.022857142857142857
2026-03-31 03:00:00,0.03
2026-03-31 04:00:00,0.026666666666666665
2026-03-31 05:00:00,1.0733333333333333
2026-03-31 06:00:00,52.472
2026-03-31 07:00:00,139.448
2026-03-31 08:00:00,208.22875
2026-03-31 09:00:00,237.3025
2026-03-31 10:00:00,229.84545454545457
2026-03-31 11:00:00,309.021
2026-03-31 12:00:00,293.89625
2026-03-31 13:00:00,285.53666666666663
2026-03-31 14:00:00,229.94375
2026-03-31 15:00:00,254.1
2026-03-31 16:00:00,155.76555555555558
2026-03-31 17:00:00,54.721428571428575
2026-03-31 18:00:00,4.067142857142857
2026-03-31 19:00:00,0.03
2026-03-31 20:00:00,0.02909090909090909
2026-03-31 21:00:00,0.028000000000000004
2026-03-31 22:00:00,0.03125
2026-03-31 23:00:00,0.027777777777777776
2026-04-01 00:00:00,0.024444444444444446
2026-04-01 01:00:00,0.027000000000000003
2026-04-01 02:00:00,0.027142857142857142
2026-04-01 03:00:00,0.022857142857142857
2026-04-01 04:00:00,0.02
2026-04-01 05:00:00,0.7811111111111111
2026-04-01 06:00:00,69.1842857142857
2026-04-01 07:00:00,136.07333333333335
2026-04-01 08:00:00,181.40333333333334
2026-04-01 09:00:00,239.715
2026-04-01 10:00:00,230.75111111111107
2026-04-01 11:00:00,310.59999999999997
2026-04-01 12:00:00,283.77000000000004
2026-04-01 13:00:00,303.25125
2026-04-01 14:00:00,234.1488888888889
2026-04-01 15:00:00,215.49714285714285
2026-04-01 16:00:00,122.14555555555555
2026-04-01 17:00:00,46.971666666666664
2026-04-01 18:00:00,6.815
2026-04-01 19:00:00,0.033999999999999996
2026-04-01 20:00:00,0.035
2026-04-01 21:00:00,0.03
2026-04-01 22:00:00,0.025555555555555554
2026-04-01 23:00:00,0.02666666666666667
2026-04-02 00:00:00,0.026666666666666665
2026-04-02 01:00:00,0.026666666666666665
2026-04-02 02:00:00,0.030000000000000002
2026-04-02 03:00:00,0.026666666666666665
2026-04-02 04:00:00,0.026000000000000002
2026-04-02 05:00:00,1.54875
2026-04-02 06:00:00,48.42888888888889
2026-04-02 07:00:00,167.66666666666666
2026-04-02 08:00:00,184.924
2026-04-02 09:00:00,248.427
2026-04-02 10:00:00,256.8925
2026-04-02 11:00:00,328.17
2026-04-02 12:00:00,285.21625
2026-04-02 13:00:00,284.019
2026-04-02 14:00:00,240.27625
2026-04-02 15:00:00,267.87375
2026-04-02 16:00:00,110.89916666666666
2026-04-02 17:00:00,59.67333333333334
2026-04-02 18:00:00,4.3133333333333335
2026-04-02 19:00:00,0.033999999999999996
2026-04-02 20:00:00,0.03
2026-04-02 21:00:00,0.025714285714285714
2026-04-02 22:00:00,0.024
2026-04-02 23:00:00,0.0275
2026-04-03 00:00:00,0.028000000000000004
2026-04-03 01:00:00,0.026666666666666665
2026-04-03 02:00:00,0.026666666666666665
2026-04-03 03:00:00,0.024285714285714282
2026-04-03 04:00:00,0.025
2026-04-03 05:00:00,1.403
2026-04-03 06:00:00,67.07000000000001
2026-04-03 07:00:00,126.755
2026-04-03 08:00:00,138.8825
2026-04-03 09:00:00,244.5909090909091
2026-04-03 10:00:00,240.6955555555556
2026-04-03 11:00:00,312.2055555555555
2026-04-03 12:00:00,295.5544444444444
2026-04-03 13:00:00,296.3514285714286
2026-04-03 14:00:00,228.735
2026-04-03 15:00:00,270.60714285714283
2026-04-03 16:00:00,103.64625
2026-04-03 17:00:00,73.6275
2026-04-03 18:00:00,3.4949999999999997
2026-04-03 19:00:00,0.028571428571428574
2026-04-03 20:00:00,0.024285714285714282
2026-04-03 21:00:00,0.027000000000000003
2026-04-03 22:00:00,0.024444444444444446
2026-04-03 23:00:00,0.027999999999999997
2026-04-04 00:00:00,0.031111111111111114
2026-04-04 01:00:00,0.024285714285714282
2026-04-04 02:00:00,0.02666666666666667
2026-04-04 03:00:00,0.03
2026-04-04 04:00:00,0.021666666666666667
2026-04-04 05:00:00,1.018
2026-04-04 06:00:00,59.135
2026-04-04 07:00:00,133.59875
2026-04-04 08:00:00,158.44666666666666
2026-04-04 09:00:00,229.99200000000002
2026-04-04 10:00:00,234.29571428571427
2026-04-04 11:00:00,300.78
2026-04-04 12:00:00,283.60999999999996
2026-04-04 13:00:00,284.6075
2026-04-04 14:00:00,223.51571428571427
2026-04-04 15:00:00,159.837
2026-04-04 16:00:00,95.95599999999999
2026-04-04 17:00:00,69.33777777777777
2026-04-04 18:00:00,5.064285714285715
2026-04-04 19:00:00,0.028571428571428574
2026-04-04 20:00:00,0.0275
2026-04-04 21:00:00,0.03
2026-04-04 22:00:00,0.024285714285714282
2026-04-04 23:00:00,0.028000000000000004
2026-04-05 00:00:00,0.027142857142857142
2026-04-05 01:00:00,0.026666666666666665
2026-04-05 02:00:00,0.025714285714285714
2026-04-05 03:00:00,0.022727272727272728
2026-04-05 04:00:00,0.025
2026-04-05 05:00:00,2.8485714285714288
2026-04-05 06:00:00,52.748333333333335
2026-04-05 07:00:00,138.28555555555556
2026-04-05 08:00:00,155.20222222222222
2026-04-05 09:00:00,239.79666666666665
2026-04-05 10:00:00,238.26222222222225
2026-04-05 11:00:00,298.22444444444443
2026-04-05 12:00:00,275.31111111111113
2026-04-05 13:00:00,287.77125
2026-04-05 14:00:00,232.77799999999996
2026-04-05 15:00:00,162.31857142857143
2026-04-05 16:00:00,98.341
2026-04-05 17:00:00,72.93875
2026-04-05 18:00:00,2.1599999999999997
2026-04-05 19:00:00,0.032857142857142856
2026-04-05 20:00:00,0.030000000000000002
2026-04-05 21:00:00,0.033
2026-04-05 22:00:00,0.027999999999999997
2026-04-05 23:00:00,0.03166666666666667
2026-04-06 00:00:00,0.03
2026-04-06 01:00:00,0.02142857142857143
2026-04-06 02:00:00,0.02625
2026-04-06 03:00:00,0.03
2026-04-06 04:00:00,0.025555555555555554
2026-04-06 05:00:00,3.461428571428571
2026-04-06 06:00:00,66.39545454545454
2026-04-06 07:00:00,131.68125
2026-04-06 08:00:00,148.92875
2026-04-06 09:00:00,233.88625
2026-04-06 10:00:00,231.20428571428573
2026-04-06 11:00:00,300.2225
2026-04-06 12:00:00,277.8666666666666
2026-04-06 13:00:00,284.028
2026-04-06 14:00:00,232.885
2026-04-06 15:00:00,170.095
2026-04-06 16:00:00,98.33714285714287
2026-04-06 17:00:00,47.00333333333333
2026-04-06 18:00:00,5.305714285714286
2026-04-06 19:00:00,0.035
2026-04-06 20:00:00,0.028333333333333332
2026-04-06 21:00:00,0.033999999999999996
2026-04-06 22:00:00,0.024
2026-04-06 23:00:00,0.02375
2026-04-07 00:00:00,0.025714285714285714
2026-04-07 01:00:00,0.025714285714285714
2026-04-07 02:00:00,0.030000000000000002
2026-04-07 03:00:00,0.02
2026-04-07 04:00:00,0.022857142857142857
2026-04-07 05:00:00,2.6885714285714286
2026-04-07 06:00:00,66.35111111111111
2026-04-07 07:00:00,151.22142857142856
2026-04-07 08:00:00,157.59285714285716
2026-04-07 09:00:00,229.87333333333333
2026-04-07 10:00:00,231.68142857142857
2026-04-07 11:00:00,283.04375
2026-04-07 12:00:00,237.1225
2026-04-07 13:00:00,231.42857142857142
2026-04-07 14:00:00,156.46375
2026-04-07 15:00:00,200.30142857142854
2026-04-07 16:00:00,124.851
2026-04-07 17:00:00,50.5575
2026-04-07 18:00:00,8.588571428571429
2026-04-07 19:00:00,0.03272727272727272
2026-04-07 20:00:00,0.025555555555555557
2026-04-07 21:00:00,0.03
2026-04-07 22:00:00,0.022857142857142857
2026-04-07 23:00:00,0.023333333333333334
2026-04-08 00:00:00,0.022
2026-04-08 01:00:00,0.027777777777777776
2026-04-08 02:00:00,0.03
2026-04-08 03:00:00,0.027999999999999997
2026-04-08 04:00:00,0.03125
2026-04-08 05:00:00,1.1018181818181818
2026-04-08 06:00:00,58.885555555555555
2026-04-08 07:00:00,118.48714285714286
2026-04-08 08:00:00,152.528
2026-04-08 09:00:00,238.26375000000002
2026-04-08 10:00:00,238.81428571428572
2026-04-08 11:00:00,292.11333333333334
2026-04-08 12:00:00,226.51166666666666
2026-04-08 13:00:00,289.1688888888889
2026-04-08 14:00:00,231.20714285714286
2026-04-08 15:00:00,159.6018181818182
2026-04-08 16:00:00,126.38333333333334
2026-04-08 17:00:00,70.41875
2026-04-08 18:00:00,8.055555555555555
2026-04-08 19:00:00,0.0275
2026-04-08 20:00:00,0.033999999999999996
2026-04-08 21:00:00,0.025454545454545455
2026-04-08 22:00:00,0.027999999999999997
2026-04-08 23:00:00,0.0275
2026-04-09 00:00:00,0.028333333333333332
2026-04-09 01:00:00,0.03
2026-04-09 02:00:00,0.03
2026-04-09 03:00:00,0.02857142857142857
2026-04-09 04:00:00,0.028571428571428574
2026-04-09 05:00:00,0.5766666666666667
2026-04-09 06:00:00,57.462857142857146
2026-04-09 07:00:00,139.185
2026-04-09 08:00:00,165.685
2026-04-09 09:00:00,234.85399999999998
2026-04-09 10:00:00,239.02875
2026-04-09 11:00:00,296.3025
2026-04-09 12:00:00,277.2057142857143
2026-04-09 13:00:00,276.8025
2026-04-09 14:00:00,237.1222222222222
2026-04-09 15:00:00,169.05888888888887
2026-04-09 16:00:00,121.09499999999998
2026-04-09 17:00:00,80.16777777777777
2026-04-09 18:00:00,4.711428571428571
2026-04-09 19:00:00,0.03
2026-04-09 20:00:00,0.03
2026-04-09 21:00:00,0.027777777777777776
2026-04-09 22:00:00,0.028333333333333332
2026-04-09 23:00:00,0.02625
2026-04-10 00:00:00,0.02375
2026-04-10 01:00:00,0.025
2026-04-10 02:00:00,0.025555555555555554
2026-04-10 03:00:00,0.025714285714285714
2026-04-10 04:00:00,0.02888888888888889
2026-04-10 05:00:00,2.66375
2026-04-10 06:00:00,77.23888888888888
2026-04-10 07:00:00,144.81199999999998
2026-04-10 08:00:00,190.02625
2026-04-10 09:00:00,228.33200000000002
2026-04-10 10:00:00,245.3177777777778
2026-04-10 11:00:00,286.21
2026-04-10 12:00:00,279.181
2026-04-10 13:00:00,246.50111111111113
2026-04-10 14:00:00,230.3414285714286
2026-04-10 15:00:00,189.72222222222223
2026-04-10 16:00:00,131.317
2026-04-10 17:00:00,39.98428571428571
2026-04-10 18:00:00,7.236666666666666
2026-04-10 19:00:00,0.016666666666666666
2026-04-10 20:00:00,0.01375
2026-04-10 21:00:00,0.0071428571428571435
2026-04-10 22:00:00,0.01
2026-04-10 23:00:00,0.007777777777777778
2026-04-11 00:00:00,0.00125
2026-04-11 01:00:00,0.0071428571428571435
2026-04-11 02:00:00,0.007500000000000001
2026-04-11 03:00:00,0.006666666666666667
2026-04-11 04:00:00,0.00875
2026-04-11 05:00:00,1.4114285714285715
2026-04-11 06:00:00,25.14428571428571
2026-04-11 07:00:00,73.895
2026-04-11 08:00:00,90.30555555555556
2026-04-11 09:00:00,69.28125
2026-04-11 10:00:00,102.05857142857143
2026-04-11 11:00:00,145.90714285714287
2026-04-11 12:00:00,134.79625
2026-04-11 13:00:00,71.556
2026-04-11 14:00:00,102.47222222222223
2026-04-11 15:00:00,66.32333333333332
2026-04-11 16:00:00,61.5025
2026-04-11 17:00:00,51.39
2026-04-11 18:00:00,6.138571428571429
2026-04-11 19:00:00,0.016666666666666666
2026-04-11 20:00:00,0.015
2026-04-11 21:00:00,0.007500000000000001
2026-04-11 22:00:00,0.007500000000000001
2026-04-11 23:00:00,0.01
2026-04-12 00:00:00,0.01125
2026-04-12 01:00:00,0.005714285714285714
2026-04-12 02:00:00,0.011111111111111112
2026-04-12 03:00:00,0.01
2026-04-12 04:00:00,0.00625
2026-04-12 05:00:00,1.1175000000000002
2026-04-12 06:00:00,18.235555555555557
2026-04-12 07:00:00,34.01
2026-04-12 08:00:00,63.212857142857146
2026-04-12 09:00:00,72.11666666666666
2026-04-12 10:00:00,151.80833333333334
2026-04-12 11:00:00,163.18666666666667
2026-04-12 12:00:00,192.346
2026-04-12 13:00:00,129.15833333333333
2026-04-12 14:00:00,165.474
2026-04-12 15:00:00,218.85
2026-04-12 16:00:00,66.805
2026-04-12 17:00:00,28.770909090909093
2026-04-12 18:00:00,1.918
2026-04-12 19:00:00,0.00375
2026-04-12 20:00:00,0.005
2026-04-12 21:00:00,0.008571428571428572
2026-04-12 22:00:00,0.006666666666666667
2026-04-12 23:00:00,0.008
2026-04-13 00:00:00,0.006666666666666667
2026-04-13 01:00:00,0.005
2026-04-13 02:00:00,0.01
2026-04-13 03:00:00,0.005454545454545454
2026-04-13 04:00:00,0.0
2026-04-13 05:00:00,2.58875
2026-04-13 06:00:00,78.095
2026-04-13 07:00:00,143.08444444444444
2026-04-13 08:00:00,138.4875
2026-04-13 09:00:00,261.2857142857143
2026-04-13 10:00:00,266.06714285714287
2026-04-13 11:00:00,338.11
2026-04-13 12:00:00,298.415
2026-04-13 13:00:00,269.93285714285713
2026-04-13 14:00:00,250.25714285714284
2026-04-13 15:00:00,120.91749999999999
2026-04-13 16:00:00,88.89571428571428
2026-04-13 17:00:00,109.89142857142858
2026-04-13 18:00:00,12.73
2026-04-13 19:00:00,0.01
2026-04-13 20:00:00,0.0044444444444444444
2026-04-13 21:00:00,0.012222222222222223
2026-04-13 22:00:00,0.01125
2026-04-13 23:00:00,0.0044444444444444444
2026-04-14 00:00:00,0.005
2026-04-14 01:00:00,0.005714285714285714
2026-04-14 02:00:00,0.00625
2026-04-14 03:00:00,0.006666666666666667
2026-04-14 04:00:00,0.006
2026-04-14 05:00:00,1.9233333333333336
2026-04-14 06:00:00,82.188
2026-04-14 07:00:00,154.28
2026-04-14 08:00:00,144.44333333333336
2026-04-14 09:00:00,253.5188888888889
2026-04-14 10:00:00,263.68857142857144
2026-04-14 11:00:00,319.618
2026-04-14 12:00:00,326.614
2026-04-14 13:00:00,351.46999999999997
2026-04-14 14:00:00,183.19272727272727
2026-04-14 15:00:00,104.404
2026-04-14 16:00:00,57.5
2026-04-14 17:00:00,37.25
2026-04-14 18:00:00,9.622222222222224
2026-04-14 19:00:00,0.043333333333333335
2026-04-14 20:00:00,0.011111111111111112
2026-04-14 21:00:00,0.0033333333333333335
2026-04-14 22:00:00,0.007000000000000001
2026-04-14 23:00:00,0.0
2026-04-15 00:00:00,0.0
2026-04-15 01:00:00,0.005714285714285714
2026-04-15 02:00:00,0.0044444444444444444
2026-04-15 03:00:00,0.007777777777777778
2026-04-15 04:00:00,0.0071428571428571435
2026-04-15 05:00:00,4.180000000000001
2026-04-15 06:00:00,72.13142857142857
2026-04-15 07:00:00,144.06714285714287
2026-04-15 08:00:00,140.29857142857142
2026-04-15 09:00:00,248.2533333333333
2026-04-15 10:00:00,243.60999999999999
2026-04-15 11:00:00,330.008
2026-04-15 12:00:00,291.5288888888889
2026-04-15 13:00:00,272.13111111111107
2026-04-15 14:00:00,132.58
2026-04-15 15:00:00,126.96142857142857
2026-04-15 16:00:00,92.28857142857143
2026-04-15 17:00:00,102.21666666666668
2026-04-15 18:00:00,5.64875
2026-04-15 19:00:00,0.05444444444444444
2026-04-15 20:00:00,0.03125
2026-04-15 21:00:00,0.025714285714285714
2026-04-15 22:00:00,0.03333333333333333
2026-04-15 23:00:00,0.03
2026-04-16 00:00:00,0.03
2026-04-16 01:00:00,0.025555555555555554
2026-04-16 02:00:00,0.03
2026-04-16 03:00:00,0.03
2026-04-16 04:00:00,0.02888888888888889
2026-04-16 05:00:00,7.43
2026-04-16 06:00:00,104.53500000000001
2026-04-16 07:00:00,161.345
2026-04-16 08:00:00,202.77333333333334
2026-04-16 09:00:00,248.335
2026-04-16 10:00:00,
2026-04-16 11:00:00,
2026-04-16 12:00:00,
2026-04-16 13:00:00,
2026-04-16 14:00:00,
2026-04-16 15:00:00,
2026-04-16 16:00:00,
2026-04-16 17:00:00,
2026-04-16 18:00:00,5.5175
2026-04-16 19:00:00,0.03666666666666667
2026-04-16 20:00:00,0.028571428571428574
2026-04-16 21:00:00,0.03428571428571429
2026-04-16 22:00:00,0.031111111111111114
2026-04-16 23:00:00,0.03666666666666667
2026-04-17 00:00:00,0.03333333333333333
2026-04-17 01:00:00,0.028571428571428574
2026-04-17 02:00:00,0.03
2026-04-17 03:00:00,0.028000000000000004
2026-04-17 04:00:00,0.03
2026-04-17 05:00:00,3.684
2026-04-17 06:00:00,105.19999999999999
2026-04-17 07:00:00,174.39444444444445
2026-04-17 08:00:00,206.545
2026-04-17 09:00:00,255.7277777777778
2026-04-17 10:00:00,263.11125
2026-04-17 11:00:00,299.98375
2026-04-17 12:00:00,294.2442857142857
2026-04-17 13:00:00,295.05875000000003
2026-04-17 14:00:00,248.75857142857143
2026-04-17 15:00:00,135.97727272727272
2026-04-17 16:00:00,121.7057142857143
2026-04-17 17:00:00,113.86888888888888
2026-04-17 18:00:00,7.39
2026-04-17 19:00:00,0.052000000000000005
2026-04-17 20:00:00,0.028000000000000004
2026-04-17 21:00:00,0.0275
2026-04-17 22:00:00,0.01125
2026-04-17 23:00:00,0.00375
2026-04-18 00:00:00,0.008571428571428572
2026-04-18 01:00:00,0.005
2026-04-18 02:00:00,0.005714285714285714
2026-04-18 03:00:00,0.00375
2026-04-18 04:00:00,0.005714285714285714
2026-04-18 05:00:00,6.00375
2026-04-18 06:00:00,81.025
2026-04-18 07:00:00,163.8014285714286
2026-04-18 08:00:00,139.08714285714285
2026-04-18 09:00:00,205.15285714285713
2026-04-18 10:00:00,263.7733333333333
2026-04-18 11:00:00,320.3175
2026-04-18 12:00:00,295.49555555555554
2026-04-18 13:00:00,295.01875
2026-04-18 14:00:00,246.60285714285715
2026-04-18 15:00:00,129.69111111111113
2026-04-18 16:00:00,110.44666666666666
2026-04-18 17:00:00,119.008
2026-04-18 18:00:00,5.984285714285714
2026-04-18 19:00:00,0.044444444444444446
2026-04-18 20:00:00,0.03142857142857143
2026-04-18 21:00:00,0.03125
2026-04-18 22:00:00,0.02375
2026-04-18 23:00:00,0.02857142857142857
2026-04-19 00:00:00,0.031111111111111107
2026-04-19 01:00:00,0.027000000000000003
2026-04-19 02:00:00,0.028999999999999998
2026-04-19 03:00:00,0.027999999999999997
2026-04-19 04:00:00,0.027142857142857142
2026-04-19 05:00:00,6.238888888888889
2026-04-19 06:00:00,91.5411111111111
2026-04-19 07:00:00,191.5666666666667
2026-04-19 08:00:00,146.21833333333333
2026-04-19 09:00:00,244.58333333333334
2026-04-19 10:00:00,252.98
2026-04-19 11:00:00,322.99111111111114
2026-04-19 12:00:00,294.48999999999995
2026-04-19 13:00:00,293.425
2026-04-19 14:00:00,233.28666666666666
2026-04-19 15:00:00,139.38285714285715
2026-04-19 16:00:00,116.37125
2026-04-19 17:00:00,132.93166666666667
2026-04-19 18:00:00,10.318888888888887
2026-04-19 19:00:00,0.02888888888888889
2026-04-19 20:00:00,0.0071428571428571435
2026-04-19 21:00:00,0.005
2026-04-19 22:00:00,0.018333333333333333
2026-04-19 23:00:00,0.03
2026-04-20 00:00:00,0.03142857142857143
2026-04-20 01:00:00,0.032857142857142856
2026-04-20 02:00:00,0.032
2026-04-20 03:00:00,0.02625
2026-04-20 04:00:00,0.032
2026-04-20 05:00:00,8.04625
2026-04-20 06:00:00,100.59400000000001
2026-04-20 07:00:00,172.17499999999998
2026-04-20 08:00:00,140.79142857142855
2026-04-20 09:00:00,253.61
2026-04-20 10:00:00,256.62428571428575
2026-04-20 11:00:00,322.4766666666667
2026-04-20 12:00:00,308.40142857142854
2026-04-20 13:00:00,292.6111111111111
2026-04-20 14:00:00,224.49142857142857
2026-04-20 15:00:00,173.1657142857143
2026-04-20 16:00:00,156.93571428571428
2026-04-20 17:00:00,115.86599999999999
2026-04-20 18:00:00,14.85
2026-04-20 19:00:00,0.044444444444444446
2026-04-20 20:00:00,0.01
2026-04-20 21:00:00,0.008888888888888889
2026-04-20 22:00:00,0.00875
2026-04-20 23:00:00,0.00625
2026-04-21 00:00:00,0.011111111111111112
2026-04-21 01:00:00,0.002
2026-04-21 02:00:00,0.00375
2026-04-21 03:00:00,0.006666666666666667
2026-04-21 04:00:00,0.008333333333333333
2026-04-21 05:00:00,9.01142857142857
2026-04-21 06:00:00,123.566
2026-04-21 07:00:00,192.44444444444446
2026-04-21 08:00:00,148.18
2026-04-21 09:00:00,251.385
2026-04-21 10:00:00,256.5866666666667
2026-04-21 11:00:00,326.1333333333334
2026-04-21 12:00:00,271.2583333333334
2026-04-21 13:00:00,255.68555555555557
2026-04-21 14:00:00,209.14285714285714
2026-04-21 15:00:00,200.465
2026-04-21 16:00:00,177.028
2026-04-21 17:00:00,101.44875
2026-04-21 18:00:00,9.88875
2026-04-21 19:00:00,0.051428571428571435
2026-04-21 20:00:00,0.012857142857142857
2026-04-21 21:00:00,0.008571428571428572
2026-04-21 22:00:00,0.00875
2026-04-21 23:00:00,0.005555555555555556
2026-04-22 00:00:00,0.008888888888888889
2026-04-22 01:00:00,0.008333333333333333
2026-04-22 02:00:00,0.006666666666666666
2026-04-22 03:00:00,0.0071428571428571435
2026-04-22 04:00:00,0.011666666666666667
2026-04-22 05:00:00,6.3
2026-04-22 06:00:00,102.02428571428571
2026-04-22 07:00:00,176.8842857142857
2026-04-22 08:00:00,146.48
2026-04-22 09:00:00,202.7942857142857
2026-04-22 10:00:00,228.8239705882353
2026-04-22 11:00:00,282.5154081632653
2026-04-22 12:00:00,293.8111827956989
2026-04-22 13:00:00,294.128785046729
2026-04-22 14:00:00,235.19317307692307
2026-04-22 15:00:00,144.9408163265306
2026-04-22 16:00:00,171.67593406593406
2026-04-22 17:00:00,92.41575471698113
2026-04-22 18:00:00,8.133861386138614
2026-04-22 19:00:00,0.04647727272727273
2026-04-22 20:00:00,0.027176470588235295
2026-04-22 21:00:00,0.024375
2026-04-22 22:00:00,0.023950617283950617
2026-04-22 23:00:00,0.02278481012658228
2026-04-23 00:00:00,0.024666666666666667
2026-04-23 01:00:00,0.025454545454545455
2026-04-23 02:00:00,0.0236
2026-04-23 03:00:00,0.025866666666666666
2026-04-23 04:00:00,0.03211267605633803
2026-04-23 05:00:00,15.018214285714285
2026-04-23 06:00:00,105.80178947368421
2026-04-23 07:00:00,188.79956043956042
2026-04-23 08:00:00,181.55316326530613
2026-04-23 09:00:00,211.7054081632653
2026-04-23 10:00:00,288.7495081967213
2026-04-23 11:00:00,300.1920481927711
2026-04-23 12:00:00,315.9005747126437
2026-04-23 13:00:00,245.34177777777776
2026-04-23 14:00:00,167.46457446808512
2026-04-23 15:00:00,135.6080808080808
2026-04-23 16:00:00,113.9891
2026-04-23 17:00:00,74.03850574712644
2026-04-23 18:00:00,11.019186046511628
2026-04-23 19:00:00,0.06641975308641976
2026-04-23 20:00:00,0.04666666666666667
2026-04-23 21:00:00,0.04423076923076923
2026-04-23 22:00:00,0.04469135802469136
2026-04-23 23:00:00,0.04566666666666667
2026-04-24 00:00:00,0.045294117647058825
2026-04-24 01:00:00,0.045116279069767444
2026-04-24 02:00:00,0.04455555555555556
2026-04-24 03:00:00,0.04377777777777778
2026-04-24 04:00:00,0.0489010989010989
2026-04-24 05:00:00,10.341603773584906
2026-04-24 06:00:00,48.29600000000001
2026-04-24 07:00:00,61.88
2026-04-24 08:00:00,120.24377551020407
2026-04-24 09:00:00,225.03010752688172
2026-04-24 10:00:00,204.82738317757008
2026-04-24 11:00:00,285.0680582524272
2026-04-24 12:00:00,268.961359223301
2026-04-24 13:00:00,155.91057142857144
2026-04-24 14:00:00,139.0346153846154
2026-04-24 15:00:00,65.84111111111112
2026-04-24 16:00:00,44.82154639175258
2026-04-24 17:00:00,9.906116504854369
2026-04-24 18:00:00,2.4931182795698925
2026-04-24 19:00:00,0.015
2026-04-24 20:00:00,0.009010989010989012
2026-04-24 21:00:00,0.007415730337078652
2026-04-24 22:00:00,0.008478260869565218
2026-04-24 23:00:00,0.008974358974358975
2026-04-25 00:00:00,0.008024691358024692
2026-04-25 01:00:00,0.008488372093023255
2026-04-25 02:00:00,0.006813186813186813
2026-04-25 03:00:00,0.006593406593406593
2026-04-25 04:00:00,0.01118421052631579
2026-04-25 05:00:00,5.580707070707071
2026-04-25 06:00:00,25.7172
2026-04-25 07:00:00,38.291489361702126
2026-04-25 08:00:00,41.75118811881188
2026-04-25 09:00:00,70.29140000000001
2026-04-25 10:00:00,114.67829787234042
2026-04-25 11:00:00,109.34725490196078
2026-04-25 12:00:00,177.92156250000002
2026-04-25 13:00:00,106.064
2026-04-25 14:00:00,128.2609
2026-04-25 15:00:00,68.05505154639175
2026-04-25 16:00:00,48.473627450980395
2026-04-25 17:00:00,32.00205882352941
2026-04-25 18:00:00,4.10404255319149
2026-04-25 19:00:00,0.06337349397590361
2026-04-25 20:00:00,0.04710843373493976
2026-04-25 21:00:00,0.04423529411764706
2026-04-25 22:00:00,0.04607594936708861
2026-04-25 23:00:00,0.04614457831325301
2026-04-26 00:00:00,0.046419753086419754
2026-04-26 01:00:00,0.04477777777777778
2026-04-26 02:00:00,0.04395061728395062
2026-04-26 03:00:00,0.04411764705882353
2026-04-26 04:00:00,0.0727906976744186
2026-04-26 05:00:00,12.136736842105263
2026-04-26 06:00:00,54.39443396226415
2026-04-26 07:00:00,148.47271844660196
2026-04-26 08:00:00,148.06485436893203
2026-04-26 09:00:00,249.88906542056077
2026-04-26 10:00:00,258.4824761904762
2026-04-26 11:00:00,225.58911764705883
2026-04-26 12:00:00,340.67066666666665
2026-04-26 13:00:00,293.7034020618557
2026-04-26 14:00:00,198.72434343434344
2026-04-26 15:00:00,146.4151886792453
2026-04-26 16:00:00,174.7708
2026-04-26 17:00:00,115.18863157894737
2026-04-26 18:00:00,14.043571428571429
2026-04-26 19:00:00,0.07352272727272727
2026-04-26 20:00:00,0.01880952380952381
2026-04-26 21:00:00,0.01911111111111111
2026-04-26 22:00:00,0.01755813953488372
2026-04-26 23:00:00,0.017499999999999998
2026-04-27 00:00:00,0.0175
2026-04-27 01:00:00,0.017294117647058824
2026-04-27 02:00:00,0.017848101265822782
2026-04-27 03:00:00,0.017176470588235293
2026-04-27 04:00:00,0.05566666666666666
2026-04-27 05:00:00,15.0547
2026-04-27 06:00:00,116.65571428571428
2026-04-27 07:00:00,192.654693877551
2026-04-27 08:00:00,131.42707070707073
2026-04-27 09:00:00,187.93141509433963
2026-04-27 10:00:00,306.1865979381443
2026-04-27 11:00:00,313.90500000000003
2026-04-27 12:00:00,335.7022857142857
2026-04-27 13:00:00,297.41844660194175
2026-04-27 14:00:00,227.54156250000003
2026-04-27 15:00:00,193.09826530612247
2026-04-27 16:00:00,187.28392523364488
2026-04-27 17:00:00,120.47322916666667
2026-04-27 18:00:00,12.3427
2026-04-27 19:00:00,0.10897727272727273
2026-04-27 20:00:00,0.027439024390243903
2026-04-27 21:00:00,0.03542168674698795
2026-04-27 22:00:00,0.04423529411764706
2026-04-27 23:00:00,0.04477777777777778
2026-04-28 00:00:00,0.04523255813953488
2026-04-28 01:00:00,0.04390243902439025
2026-04-28 02:00:00,0.04231707317073171
2026-04-28 03:00:00,0.042093023255813954
2026-04-28 04:00:00,0.07229885057471265
2026-04-28 05:00:00,7.7764
2026-04-28 06:00:00,54.0039393939394
2026-04-28 07:00:00,77.12398148148148
2026-04-28 08:00:00,96.95463917525774
2026-04-28 09:00:00,124.99123711340206
2026-04-28 10:00:00,252.19712962962964
2026-04-28 11:00:00,325.9993069306931
2026-04-28 12:00:00,267.70718446601944
2026-04-28 13:00:00,289.41226415094343
2026-04-28 14:00:00,223.70158415841584
2026-04-28 15:00:00,167.9933695652174
2026-04-28 16:00:00,187.5273076923077
2026-04-28 17:00:00,93.69806122448979
2026-04-28 18:00:00,10.599411764705883
2026-04-28 19:00:00,0.1055056179775281
2026-04-28 20:00:00,0.046987951807228916
2026-04-28 21:00:00,0.04482758620689655
2026-04-28 22:00:00,0.045625
2026-04-28 23:00:00,0.04369047619047619
2026-04-29 00:00:00,0.043720930232558144
2026-04-29 01:00:00,0.041999999999999996
2026-04-29 02:00:00,0.043548387096774194
2026-04-29 03:00:00,0.042808988764044945
2026-04-29 04:00:00,0.08214285714285714
2026-04-29 05:00:00,16.002254901960786
2026-04-29 06:00:00,108.34717171717172
2026-04-29 07:00:00,177.18989583333334
2026-04-29 08:00:00,182.1671171171171
2026-04-29 09:00:00,184.3235294117647
2026-04-29 10:00:00,234.42475247524754
2026-04-29 11:00:00,300.9006382978723
2026-04-29 12:00:00,283.47938144329896
2026-04-29 13:00:00,230.19814159292034
2026-04-29 14:00:00,208.7063829787234
2026-04-29 15:00:00,181.00446808510637
2026-04-29 16:00:00,127.8339603960396
2026-04-29 17:00:00,81.05936363636364
2026-04-29 18:00:00,14.387244897959183
2026-04-29 19:00:00,0.14526881720430107
2026-04-29 20:00:00,0.021136363636363637
2026-04-29 21:00:00,0.022444444444444444
2026-04-29 22:00:00,0.02202247191011236
2026-04-29 23:00:00,0.02139784946236559
2026-04-30 00:00:00,0.02140845070422535
2026-04-30 01:00:00,0.01909090909090909
2026-04-30 02:00:00,0.01964705882352941
2026-04-30 03:00:00,0.02090909090909091
2026-04-30 04:00:00,0.09655172413793103
2026-04-30 05:00:00,14.613130434782608
2026-04-30 06:00:00,124.42825688073395
2026-04-30 07:00:00,257.505
2026-04-30 08:00:00,282.4520792079208
2026-04-30 09:00:00,236.94949494949495
2026-04-30 10:00:00,311.0949514563107
2026-04-30 11:00:00,306.92078431372545
2026-04-30 12:00:00,323.22298969072165
2026-04-30 13:00:00,282.8106930693069
2026-04-30 14:00:00,182.4343925233645
2026-04-30 15:00:00,383.61079207920795
2026-04-30 16:00:00,213.11927835051546
2026-04-30 17:00:00,53.03020618556701
2026-04-30 18:00:00,6.605754716981132
2026-04-30 19:00:00,0.11302325581395349
2026-04-30 20:00:00,0.06034883720930233
2026-04-30 21:00:00,0.05855555555555556
2026-04-30 22:00:00,0.0594186046511628
2026-04-30 23:00:00,0.060000000000000005
2026-05-01 00:00:00,0.05942528735632184
2026-05-01 01:00:00,0.05814814814814815
2026-05-01 02:00:00,0.059647058823529414
2026-05-01 03:00:00,0.057948717948717955
2026-05-01 04:00:00,0.07172413793103448
2026-05-01 05:00:00,3.7472340425531914
2026-05-01 06:00:00,54.49205882352942
2026-05-01 07:00:00,103.1708
2026-05-01 08:00:00,98.23
2026-05-01 09:00:00,167.5139175257732
2026-05-01 10:00:00,212.0982978723404
2026-05-01 11:00:00,281.4684375
2026-05-01 12:00:00,228.5761616161616
2026-05-01 13:00:00,195.79867346938775
2026-05-01 14:00:00,171.4489583333333
2026-05-01 15:00:00,124.41625
2026-05-01 16:00:00,74.21084210526315
2026-05-01 17:00:00,62.03358490566038
2026-05-01 18:00:00,14.944077669902912
2026-05-01 19:00:00,0.06333333333333332
2026-05-01 20:00:00,0.009
2026-05-01 21:00:00,0.01
2026-05-01 22:00:00,0.011058823529411765
2026-05-01 23:00:00,0.010574712643678161
2026-05-02 00:00:00,0.009058823529411765
2026-05-02 01:00:00,0.009382716049382716
2026-05-02 02:00:00,0.0085
2026-05-02 03:00:00,0.009195402298850575
2026-05-02 04:00:00,0.04951219512195123
2026-05-02 05:00:00,9.862181818181817
2026-05-02 06:00:00,43.90959595959596
2026-05-02 07:00:00,90.37556701030928
2026-05-02 08:00:00,135.5457894736842
2026-05-02 09:00:00,206.274375
2026-05-02 10:00:00,301.86536082474225
2026-05-02 11:00:00,192.97141414141413
2026-05-02 12:00:00,93.41421568627452
2026-05-02 13:00:00,118.42566666666666
2026-05-02 14:00:00,153.81552083333335
2026-05-02 15:00:00,121.879375
2026-05-02 16:00:00,114.84970297029703
2026-05-02 17:00:00,67.38
2026-05-02 18:00:00,14.312385321100917
2026-05-02 19:00:00,0.11382716049382717
2026-05-02 20:00:00,0.02727272727272727
2026-05-02 21:00:00,0.029047619047619048
2026-05-02 22:00:00,0.02857142857142857
2026-05-02 23:00:00,0.027790697674418607
2026-05-03 00:00:00,0.028452380952380955
2026-05-03 01:00:00,0.029610389610389608
2026-05-03 02:00:00,0.029629629629629627
2026-05-03 03:00:00,0.02715909090909091
2026-05-03 04:00:00,0.04908045977011495
2026-05-03 05:00:00,5.108404255319149
2026-05-03 06:00:00,19.322211538461538
2026-05-03 07:00:00,28.601397849462362
2026-05-03 08:00:00,79.74515151515152
2026-05-03 09:00:00,132.6907476635514
2026-05-03 10:00:00,293.435
2026-05-03 11:00:00,309.0196774193549
2026-05-03 12:00:00,294.4671287128713
2026-05-03 13:00:00,310.3981553398058
2026-05-03 14:00:00,278.91571428571433
2026-05-03 15:00:00,257.3683177570093
2026-05-03 16:00:00,208.0498
2026-05-03 17:00:00,65.2221359223301
2026-05-03 18:00:00,16.321758241758243
2026-05-03 19:00:00,0.12341772151898735
2026-05-03 20:00:00,0.02955223880597015
2026-05-03 21:00:00,0.03076923076923077
2026-05-03 22:00:00,0.030853658536585362
2026-05-03 23:00:00,0.02704225352112676
2026-05-04 00:00:00,0.029444444444444447
2026-05-04 01:00:00,0.030821917808219176
2026-05-04 02:00:00,0.028630136986301367
2026-05-04 03:00:00,0.029130434782608693
2026-05-04 04:00:00,0.044000000000000004
2026-05-04 05:00:00,2.6606493506493507
2026-05-04 06:00:00,20.8655
2026-05-04 07:00:00,47.38421686746988
2026-05-04 08:00:00,162.18109589041094
2026-05-04 09:00:00,187.48698795180724
2026-05-04 10:00:00,329.3610344827586
2026-05-04 11:00:00,280.3177647058824
2026-05-04 12:00:00,322.31898876404495
2026-05-04 13:00:00,334.89890243902437
2026-05-04 14:00:00,241.778625
2026-05-04 15:00:00,193.4011904761905
2026-05-04 16:00:00,178.18208791208792
2026-05-04 17:00:00,59.157419354838716
2026-05-04 18:00:00,15.299746835443038
2026-05-04 19:00:00,0.32425000000000004
2026-05-04 20:00:00,0.028985507246376812
2026-05-04 21:00:00,0.026805555555555555
2026-05-04 22:00:00,0.026231884057971014
2026-05-04 23:00:00,0.027012987012987013
2026-05-05 00:00:00,0.025857142857142856
2026-05-05 01:00:00,0.025866666666666666
2026-05-05 02:00:00,0.028169014084507043
2026-05-05 03:00:00,0.026865671641791045
2026-05-05 04:00:00,0.2482716049382716
2026-05-05 05:00:00,15.600526315789473
2026-05-05 06:00:00,119.80022988505748
2026-05-05 07:00:00,255.26729411764708
2026-05-05 08:00:00,268.0853658536585
2026-05-05 09:00:00,241.4673913043478
2026-05-05 10:00:00,321.0735802469136
2026-05-05 11:00:00,298.91379310344826
2026-05-05 12:00:00,342.759
2026-05-05 13:00:00,291.39974683544307
2026-05-05 14:00:00,259.82747368421053
2026-05-05 15:00:00,228.4367901234568
2026-05-05 16:00:00,162.53809523809525
2026-05-05 17:00:00,96.65393258426967
2026-05-05 18:00:00,24.684512195121954
2026-05-05 19:00:00,0.5257831325301204
2026-05-05 20:00:00,0.012739726027397261
2026-05-05 21:00:00,0.01103896103896104
2026-05-05 22:00:00,0.010294117647058823
2026-05-05 23:00:00,0.008615384615384617
2026-05-06 00:00:00,0.008333333333333333
2026-05-06 01:00:00,0.009857142857142858
2026-05-06 02:00:00,0.009714285714285715
2026-05-06 03:00:00,0.010597014925373134
2026-05-06 04:00:00,0.23712499999999997
2026-05-06 05:00:00,17.825222222222223
2026-05-06 06:00:00,107.25353658536584
2026-05-06 07:00:00,165.42976744186046
2026-05-06 08:00:00,186.95555555555558
2026-05-06 09:00:00,
2026-05-06 10:00:00,
2026-05-06 11:00:00,
2026-05-06 12:00:00,
2026-05-06 13:00:00,
2026-05-06 14:00:00,
2026-05-06 15:00:00,
2026-05-06 16:00:00,
2026-05-06 17:00:00,
2026-05-06 18:00:00,
2026-05-06 19:00:00,
2026-05-06 20:00:00,
2026-05-06 21:00:00,
2026-05-06 22:00:00,
2026-05-06 23:00:00,
2026-05-07 00:00:00,
2026-05-07 01:00:00,
2026-05-07 02:00:00,
2026-05-07 03:00:00,
2026-05-07 04:00:00,
2026-05-07 05:00:00,
2026-05-07 06:00:00,
2026-05-07 07:00:00,
2026-05-07 08:00:00,
2026-05-07 09:00:00,
2026-05-07 10:00:00,
2026-05-07 11:00:00,
2026-05-07 12:00:00,
2026-05-07 13:00:00,
2026-05-07 14:00:00,
2026-05-07 15:00:00,
2026-05-07 16:00:00,
2026-05-07 17:00:00,
2026-05-07 18:00:00,
2026-05-07 19:00:00,
2026-05-07 20:00:00,
2026-05-07 21:00:00,
2026-05-07 22:00:00,
2026-05-07 23:00:00,
2026-05-08 00:00:00,
2026-05-08 01:00:00,
2026-05-08 02:00:00,
2026-05-08 03:00:00,
2026-05-08 04:00:00,
2026-05-08 05:00:00,
2026-05-08 06:00:00,
2026-05-08 07:00:00,
2026-05-08 08:00:00,
2026-05-08 09:00:00,
2026-05-08 10:00:00,
2026-05-08 11:00:00,283.978064516129
2026-05-08 12:00:00,317.36603174603175
2026-05-08 13:00:00,295.6309677419355
2026-05-08 14:00:00,259.4652380952381
2026-05-08 15:00:00,224.45888888888888
2026-05-08 16:00:00,166.05032258064517
2026-05-08 17:00:00,80.19174603174604
2026-05-08 18:00:00,20.284285714285716
2026-05-08 19:00:00,0.43859649122807015
2026-05-08 20:00:00,0.0082
2026-05-08 21:00:00,0.007555555555555556
2026-05-08 22:00:00,0.007560975609756097
2026-05-08 23:00:00,0.008222222222222223
2026-05-09 00:00:00,0.007777777777777778
2026-05-09 01:00:00,0.008958333333333334
2026-05-09 02:00:00,0.01
2026-05-09 03:00:00,0.006739130434782609
2026-05-09 04:00:00,0.12279999999999999
2026-05-09 05:00:00,1.9244444444444444
2026-05-09 06:00:00,13.270327868852458
2026-05-09 07:00:00,58.55916666666667
2026-05-09 08:00:00,40.21523809523809
2026-05-09 09:00:00,42.44583333333333
2026-05-09 10:00:00,152.31349206349208
2026-05-09 11:00:00,237.83112903225808
2026-05-09 12:00:00,279.49507936507933
2026-05-09 13:00:00,295.9427868852459
2026-05-09 14:00:00,256.79483870967744
2026-05-09 15:00:00,81.36111111111111
2026-05-09 16:00:00,166.0334375
2026-05-09 17:00:00,71.67919354838709
2026-05-09 18:00:00,13.98258064516129
2026-05-09 19:00:00,0.5742592592592592
2026-05-09 20:00:00,0.0241304347826087
2026-05-09 21:00:00,0.02333333333333333
2026-05-09 22:00:00,0.023095238095238096
2026-05-09 23:00:00,0.025348837209302328
2026-05-10 00:00:00,0.02297872340425532
2026-05-10 01:00:00,0.020714285714285713
2026-05-10 02:00:00,0.021956521739130434
2026-05-10 03:00:00,0.02418604651162791
2026-05-10 04:00:00,0.3922222222222222
2026-05-10 05:00:00,18.695396825396823
2026-05-10 06:00:00,126.5709375
2026-05-10 07:00:00,206.84079365079364
2026-05-10 08:00:00,222.11262295081968
2026-05-10 09:00:00,251.52650793650793
2026-05-10 10:00:00,302.41079365079366
2026-05-10 11:00:00,342.687619047619
2026-05-10 12:00:00,282.4032258064516
2026-05-10 13:00:00,258.73548387096776
2026-05-10 14:00:00,241.03433333333334
2026-05-10 15:00:00,235.46174603174603
2026-05-10 16:00:00,171.03349206349208
2026-05-10 17:00:00,90.99063492063492
2026-05-10 18:00:00,24.08984375
2026-05-10 19:00:00,0.6754000000000001
2026-05-10 20:00:00,0.025348837209302328
2026-05-10 21:00:00,0.02522727272727273
2026-05-10 22:00:00,0.026842105263157896
2026-05-10 23:00:00,0.027399999999999997
2026-05-11 00:00:00,0.022765957446808514
2026-05-11 01:00:00,0.022702702702702703
2026-05-11 02:00:00,0.023170731707317073
2026-05-11 03:00:00,0.02547619047619048
2026-05-11 04:00:00,0.43060000000000004
2026-05-11 05:00:00,14.652258064516129
2026-05-11 06:00:00,121.40080645161291
2026-05-11 07:00:00,189.395
2026-05-11 08:00:00,222.14903225806452
2026-05-11 09:00:00,252.2016129032258
2026-05-11 10:00:00,306.5138709677419
2026-05-11 11:00:00,319.97193548387094
2026-05-11 12:00:00,354.478064516129
2026-05-11 13:00:00,288.7995238095238
2026-05-11 14:00:00,271.96031746031747
2026-05-11 15:00:00,224.84650793650795
2026-05-11 16:00:00,162.3139344262295
2026-05-11 17:00:00,81.81140625
2026-05-11 18:00:00,16.645714285714288
2026-05-11 19:00:00,0.8708163265306123
2026-05-11 20:00:00,0.03488372093023256
2026-05-11 21:00:00,0.03829268292682927
2026-05-11 22:00:00,0.03513513513513514
2026-05-11 23:00:00,0.036170212765957444
2026-05-12 00:00:00,0.035217391304347825
2026-05-12 01:00:00,0.035918367346938776
2026-05-12 02:00:00,0.03488372093023256
2026-05-12 03:00:00,0.035454545454545454
2026-05-12 04:00:00,0.6452727272727273
2026-05-12 05:00:00,20.432666666666666
2026-05-12 06:00:00,80.27
2026-05-12 07:00:00,138.93714285714287
2026-05-12 08:00:00,172.99016666666665
2026-05-12 09:00:00,210.5340625
2026-05-12 10:00:00,298.23209677419356
2026-05-12 11:00:00,319.7711290322581
2026-05-12 12:00:00,283.4095081967213
2026-05-12 13:00:00,307.0389393939394
2026-05-12 14:00:00,266.5812903225807
2026-05-12 15:00:00,250.61793650793652
2026-05-12 16:00:00,175.03426229508196
2026-05-12 17:00:00,80.96095238095238
2026-05-12 18:00:00,15.274761904761906
2026-05-12 19:00:00,0.8623404255319149
2026-05-12 20:00:00,0.03785714285714286
2026-05-12 21:00:00,0.03553191489361702
2026-05-12 22:00:00,0.03386363636363637
2026-05-12 23:00:00,0.03354166666666667
2026-05-13 00:00:00,0.035526315789473684
2026-05-13 01:00:00,0.035476190476190474
2026-05-13 02:00:00,0.03574468085106383
2026-05-13 03:00:00,0.036041666666666666
2026-05-13 04:00:00,0.7662745098039215
2026-05-13 05:00:00,17.009677419354837
2026-05-13 06:00:00,122.16661290322581
2026-05-13 07:00:00,168.3840625
2026-05-13 08:00:00,205.69292307692308
2026-05-13 09:00:00,257.26359375
2026-05-13 10:00:00,306.6456451612903
2026-05-13 11:00:00,315.35796875
2026-05-13 12:00:00,379.75920634920635
2026-05-13 13:00:00,282.48833333333334
2026-05-13 14:00:00,209.33921875
2026-05-13 15:00:00,209.3211111111111
2026-05-13 16:00:00,142.16603174603173
2026-05-13 17:00:00,51.431774193548385
2026-05-13 18:00:00,14.85483870967742
2026-05-13 19:00:00,0.706551724137931
2026-05-13 20:00:00,0.05361111111111111
2026-05-13 21:00:00,0.051923076923076926
2026-05-13 22:00:00,0.0530952380952381
2026-05-13 23:00:00,0.05125
2026-05-14 00:00:00,0.04976744186046512
2026-05-14 01:00:00,0.05042553191489362
2026-05-14 02:00:00,0.05125
2026-05-14 03:00:00,0.05024390243902439
2026-05-14 04:00:00,1.1014545454545455
2026-05-14 05:00:00,25.135161290322582
2026-05-14 06:00:00,89.768125
2026-05-14 07:00:00,128.4316393442623
2026-05-14 08:00:00,210.78092307692307
2026-05-14 09:00:00,264.77758064516127
2026-05-14 10:00:00,291.78890625
2026-05-14 11:00:00,273.50365079365076
2026-05-14 12:00:00,297.71109375
2026-05-14 13:00:00,199.0324193548387
2026-05-14 14:00:00,268.235
2026-05-14 15:00:00,240.79833333333332
2026-05-14 16:00:00,159.50935483870967
2026-05-14 17:00:00,109.48311475409837
2026-05-14 18:00:00,21.125806451612902
2026-05-14 19:00:00,0.7807407407407408
2026-05-14 20:00:00,0.018857142857142857
2026-05-14 21:00:00,0.021707317073170734
2026-05-14 22:00:00,0.020232558139534885
2026-05-14 23:00:00,0.01782608695652174
2026-05-15 00:00:00,0.016904761904761905
2026-05-15 01:00:00,0.016666666666666666
2026-05-15 02:00:00,0.015531914893617021
2026-05-15 03:00:00,0.017045454545454544
2026-05-15 04:00:00,0.8134
2026-05-15 05:00:00,54.3358064516129
2026-05-15 06:00:00,141.1676119402985
2026-05-15 07:00:00,162.5446511627907
2026-05-15 08:00:00,159.9265934065934
2026-05-15 09:00:00,219.52506329113925
2026-05-15 10:00:00,306.8734117647059
2026-05-15 11:00:00,258.11532608695654
2026-05-15 12:00:00,157.55539325842696
2026-05-15 13:00:00,146.63922222222223
2026-05-15 14:00:00,129.7804705882353
2026-05-15 15:00:00,115.4128409090909
2026-05-15 16:00:00,93.8065909090909
2026-05-15 17:00:00,110.08845238095239
2026-05-15 18:00:00,22.95173913043478
2026-05-15 19:00:00,1.003372093023256
2026-05-15 20:00:00,0.016714285714285713
2026-05-15 21:00:00,0.01732394366197183
2026-05-15 22:00:00,0.016933333333333335
2026-05-15 23:00:00,0.017499999999999998
2026-05-16 00:00:00,0.017222222222222222
2026-05-16 01:00:00,0.015466666666666665
2026-05-16 02:00:00,0.017285714285714286
2026-05-16 03:00:00,0.01473684210526316
2026-05-16 04:00:00,1.0334999999999999
2026-05-16 05:00:00,88.17121951219512
2026-05-16 06:00:00,169.69134831460676
2026-05-16 07:00:00,160.394
2026-05-16 08:00:00,214.1338947368421
2026-05-16 09:00:00,248.955376344086
2026-05-16 10:00:00,314.1169565217391
2026-05-16 11:00:00,311.6141573033708
2026-05-16 12:00:00,358.2880459770115
2026-05-16 13:00:00,284.48829787234047
2026-05-16 14:00:00,266.8874725274725
2026-05-16 15:00:00,229.8411956521739
2026-05-16 16:00:00,167.98221052631578
2026-05-16 17:00:00,113.55763440860215
2026-05-16 18:00:00,20.043793103448277
2026-05-16 19:00:00,0.798409090909091
2026-05-16 20:00:00,0.05153846153846155
2026-05-16 21:00:00,0.051527777777777777
2026-05-16 22:00:00,0.05171428571428571
2026-05-16 23:00:00,0.053
2026-05-17 00:00:00,0.052000000000000005
2026-05-17 01:00:00,0.05092105263157895
2026-05-17 02:00:00,0.05105263157894737
2026-05-17 03:00:00,0.05090909090909091
2026-05-17 04:00:00,0.8909411764705882
2026-05-17 05:00:00,89.59821052631578
2026-05-17 06:00:00,145.71733333333333
2026-05-17 07:00:00,155.32559139784948
2026-05-17 08:00:00,201.76923913043478
2026-05-17 09:00:00,226.7093023255814
2026-05-17 10:00:00,274.9610526315789
2026-05-17 11:00:00,266.0840425531915
2026-05-17 12:00:00,317.2178888888889
2026-05-17 13:00:00,176.2398780487805
2026-05-17 14:00:00,130.77691489361703
2026-05-17 15:00:00,142.1336559139785
2026-05-17 16:00:00,113.65775280898877
2026-05-17 17:00:00,128.65282352941176
2026-05-17 18:00:00,13.333529411764705
2026-05-17 19:00:00,0.4401315789473685
2026-05-17 20:00:00,0.054189189189189184
2026-05-17 21:00:00,0.052533333333333335
2026-05-17 22:00:00,0.0505
2026-05-17 23:00:00,0.05158536585365854
2026-05-18 00:00:00,0.050493827160493825
2026-05-18 01:00:00,0.051388888888888894
2026-05-18 02:00:00,0.05105263157894737
2026-05-18 03:00:00,0.05146666666666667
2026-05-18 04:00:00,0.8307894736842105
2026-05-18 05:00:00,85.89228915662652
2026-05-18 06:00:00,178.0361855670103
2026-05-18 07:00:00,136.9710752688172
2026-05-18 08:00:00,204.159010989011
2026-05-18 09:00:00,259.389010989011
2026-05-18 10:00:00,299.793052631579
2026-05-18 11:00:00,312.97402298850574
2026-05-18 12:00:00,344.8689156626506
2026-05-18 13:00:00,270.56697916666667
2026-05-18 14:00:00,242.5223333333333
2026-05-18 15:00:00,195.75352272727275
2026-05-18 16:00:00,161.27827956989248
2026-05-18 17:00:00,127.45270000000001
2026-05-18 18:00:00,29.658817204301076
2026-05-18 19:00:00,0.9123529411764706
2026-05-18 20:00:00,0.04723684210526316
2026-05-18 21:00:00,0.04626506024096386
2026-05-18 22:00:00,0.0436986301369863
2026-05-18 23:00:00,0.044
2026-05-19 00:00:00,0.04135135135135135
2026-05-19 01:00:00,0.039473684210526314
2026-05-19 02:00:00,0.04053333333333333
2026-05-19 03:00:00,0.03858974358974359
2026-05-19 04:00:00,1.0083544303797467
2026-05-19 05:00:00,100.59232558139536
2026-05-19 06:00:00,177.46662921348315
2026-05-19 07:00:00,151.8741489361702
2026-05-19 08:00:00,204.3794318181818
2026-05-19 09:00:00,236.94989130434783
2026-05-19 10:00:00,298.6707608695652
2026-05-19 11:00:00,307.4886363636364
2026-05-19 12:00:00,268.6748387096774
2026-05-19 13:00:00,175.198
2026-05-19 14:00:00,255.36333333333334
2026-05-19 15:00:00,226.25043956043956
2026-05-19 16:00:00,173.9411627906977
2026-05-19 17:00:00,137.01940476190475
2026-05-19 18:00:00,29.1604
2026-05-19 19:00:00,1.4303947368421053
2026-05-19 20:00:00,0.04435897435897436
2026-05-19 21:00:00,0.04594594594594594
2026-05-19 22:00:00,0.0472
2026-05-19 23:00:00,0.0445945945945946
2026-05-20 00:00:00,0.046
2026-05-20 01:00:00,0.04513888888888889
2026-05-20 02:00:00,0.04643835616438356
2026-05-20 03:00:00,0.04794871794871795
2026-05-20 04:00:00,1.1471428571428572
2026-05-20 05:00:00,93.12114942528736
2026-05-20 06:00:00,186.52545454545455
2026-05-20 07:00:00,159.96808988764045
2026-05-20 08:00:00,210.73724137931035
2026-05-20 09:00:00,247.69617977528088
2026-05-20 10:00:00,301.3969318181818
2026-05-20 11:00:00,302.84362637362636
2026-05-20 12:00:00,334.7875581395349
2026-05-20 13:00:00,274.2386046511628
2026-05-20 14:00:00,263.88838383838385
2026-05-20 15:00:00,228.12855421686749
2026-05-20 16:00:00,180.36826530612245
2026-05-20 17:00:00,140.20011363636365
2026-05-20 18:00:00,38.4121875
2026-05-20 19:00:00,1.9909999999999999
2026-05-20 20:00:00,0.0528
2026-05-20 21:00:00,0.05211267605633803
2026-05-20 22:00:00,0.051829268292682924
2026-05-20 23:00:00,0.04986486486486486
2026-05-21 00:00:00,0.05164383561643836
2026-05-21 01:00:00,0.050256410256410255
2026-05-21 02:00:00,0.05104477611940298
2026-05-21 03:00:00,0.049861111111111106
2026-05-21 04:00:00,1.2985555555555557
2026-05-21 05:00:00,99.58680412371135
2026-05-21 06:00:00,197.39127906976745
2026-05-21 07:00:00,149.61308510638298
2026-05-21 08:00:00,206.20159090909092
2026-05-21 09:00:00,262.11704545454546
2026-05-21 10:00:00,312.293023255814
2026-05-21 11:00:00,303.07910112359554
2026-05-21 12:00:00,342.6281914893617
2026-05-21 13:00:00,299.1439325842697
2026-05-21 14:00:00,245.6483908045977
2026-05-21 15:00:00,218.64811764705883
2026-05-21 16:00:00,165.35855555555557
2026-05-21 17:00:00,142.0956043956044
2026-05-21 18:00:00,26.90714285714286
2026-05-21 19:00:00,1.3816666666666666
2026-05-21 20:00:00,0.011807228915662651
2026-05-21 21:00:00,0.00948051948051948
2026-05-21 22:00:00,0.008513513513513513
2026-05-21 23:00:00,0.00891891891891892
2026-05-22 00:00:00,0.007922077922077922
2026-05-22 01:00:00,0.009487179487179488
2026-05-22 02:00:00,0.008
2026-05-22 03:00:00,0.008088235294117648
2026-05-22 04:00:00,1.372289156626506
2026-05-22 05:00:00,100.71574712643678
2026-05-22 06:00:00,206.72108695652173
2026-05-22 07:00:00,138.05114942528738
2026-05-22 08:00:00,156.38940476190476
2026-05-22 09:00:00,181.8043157894737
2026-05-22 10:00:00,205.64241379310343
2026-05-22 11:00:00,217.75595238095238
2026-05-22 12:00:00,238.92845360824742
2026-05-22 13:00:00,220.5496511627907
2026-05-22 14:00:00,198.3886904761905
2026-05-22 15:00:00,179.02615384615385
2026-05-22 16:00:00,150.01307692307694
2026-05-22 17:00:00,143.6221111111111
2026-05-22 18:00:00,40.12210526315789
2026-05-22 19:00:00,1.2267032967032967
2026-05-22 20:00:00,0.033125
2026-05-22 21:00:00,0.03292307692307692
2026-05-22 22:00:00,0.03230769230769231
2026-05-22 23:00:00,0.031216216216216217
2026-05-23 00:00:00,0.03324675324675325
2026-05-23 01:00:00,0.0312987012987013
2026-05-23 02:00:00,0.029855072463768118
2026-05-23 03:00:00,0.03151898734177216
2026-05-23 04:00:00,1.5430588235294118
2026-05-23 05:00:00,108.03313253012048
2026-05-23 06:00:00,200.96425287356323
2026-05-23 07:00:00,136.24211111111111
2026-05-23 08:00:00,156.92385542168674
2026-05-23 09:00:00,182.80055555555555
2026-05-23 10:00:00,203.89973684210526
2026-05-23 11:00:00,216.89261363636362
2026-05-23 12:00:00,239.20566666666664
2026-05-23 13:00:00,221.22416666666666
2026-05-23 14:00:00,200.03858695652173
2026-05-23 15:00:00,181.6974117647059
2026-05-23 16:00:00,222.57465116279067
2026-05-23 17:00:00,202.50923913043476
2026-05-23 18:00:00,39.09909090909091
2026-05-23 19:00:00,1.8461445783132528
2026-05-23 20:00:00,0.06097222222222222
2026-05-23 21:00:00,0.059864864864864864
2026-05-23 22:00:00,0.05932432432432432
2026-05-23 23:00:00,0.05961038961038961
2026-05-24 00:00:00,0.05826666666666667
2026-05-24 01:00:00,0.056973684210526315
2026-05-24 02:00:00,0.056911764705882356
2026-05-24 03:00:00,0.05824324324324324
2026-05-24 04:00:00,1.7945569620253166
2026-05-24 05:00:00,103.94086956521738
2026-05-24 06:00:00,217.24031914893618
2026-05-24 07:00:00,197.99296703296704
2026-05-24 08:00:00,166.6006818181818
2026-05-24 09:00:00,184.185
2026-05-24 10:00:00,214.44119047619049
2026-05-24 11:00:00,231.9798924731183
2026-05-24 12:00:00,252.62651162790698
2026-05-24 13:00:00,233.71223529411765
2026-05-24 14:00:00,200.37033333333332
2026-05-24 15:00:00,204.90219780219778
2026-05-24 16:00:00,212.75161290322583
2026-05-24 17:00:00,208.30434782608697
2026-05-24 18:00:00,42.37348314606742
2026-05-24 19:00:00,1.057283950617284
2026-05-24 20:00:00,0.06205479452054795
2026-05-24 21:00:00,0.059473684210526324
2026-05-24 22:00:00,0.059864864864864864
2026-05-24 23:00:00,0.056760563380281695
2026-05-25 00:00:00,0.060389610389610396
2026-05-25 01:00:00,0.05971830985915493
2026-05-25 02:00:00,0.05810126582278481
2026-05-25 03:00:00,0.05843373493975904
2026-05-25 04:00:00,1.879240506329114
2026-05-25 05:00:00,105.47910256410258
2026-05-25 06:00:00,231.82965116279067
2026-05-25 07:00:00,161.05129032258066
2026-05-25 08:00:00,166.18072916666668
2026-05-25 09:00:00,179.57786516853932
2026-05-25 10:00:00,204.27738095238095
2026-05-25 11:00:00,213.23778947368422
2026-05-25 12:00:00,229.97988764044942
2026-05-25 13:00:00,217.62800000000001
2026-05-25 14:00:00,193.49209302325582
2026-05-25 15:00:00,174.50295454545454
2026-05-25 16:00:00,196.98833333333334
2026-05-25 17:00:00,199.1389361702128
2026-05-25 18:00:00,41.3925
2026-05-25 19:00:00,1.2780681818181818
2026-05-25 20:00:00,0.035405405405405405
2026-05-25 21:00:00,0.032375
2026-05-25 22:00:00,0.031447368421052634
2026-05-25 23:00:00,0.03125
2026-05-26 00:00:00,0.031486486486486484
2026-05-26 01:00:00,0.03041095890410959
2026-05-26 02:00:00,0.03173913043478261
2026-05-26 03:00:00,0.0312
2026-05-26 04:00:00,1.733764705882353
2026-05-26 05:00:00,104.64242105263159
2026-05-26 06:00:00,223.00455445544554
2026-05-26 07:00:00,126.54644444444445
2026-05-26 08:00:00,161.28627659574468
2026-05-26 09:00:00,178.2267391304348
2026-05-26 10:00:00,213.7053684210526
2026-05-26 11:00:00,269.67041237113403
2026-05-26 12:00:00,231.87862068965515
2026-05-26 13:00:00,220.65595505617978
2026-05-26 14:00:00,198.18978494623659
2026-05-26 15:00:00,179.2436559139785
2026-05-26 16:00:00,219.1404301075269
2026-05-26 17:00:00,202.5
2026-05-26 18:00:00,51.001011235955055
2026-05-26 19:00:00,1.7183333333333333
2026-05-26 20:00:00,0.011486486486486485
2026-05-26 21:00:00,0.011066666666666666
2026-05-26 22:00:00,0.009577464788732394
2026-05-26 23:00:00,0.009367088607594937
2026-05-27 00:00:00,0.009466666666666667
2026-05-27 01:00:00,0.008888888888888889
2026-05-27 02:00:00,0.007397260273972603
2026-05-27 03:00:00,0.0075
2026-05-27 04:00:00,1.5377659574468086
2026-05-27 05:00:00,108.47311827956989
2026-05-27 06:00:00,214.0248888888889
2026-05-27 07:00:00,173.58689655172412
2026-05-27 08:00:00,177.72258426966292
2026-05-27 09:00:00,179.79351063829787
2026-05-27 10:00:00,209.71652173913043
2026-05-27 11:00:00,215.24256097560976
2026-05-27 12:00:00,234.28835164835166
2026-05-27 13:00:00,217.95372093023255
2026-05-27 14:00:00,208.9305617977528
2026-05-27 15:00:00,184.9988372093023
2026-05-27 16:00:00,215.40306818181818
2026-05-27 17:00:00,206.1908910891089
2026-05-27 18:00:00,52.454226804123714
2026-05-27 19:00:00,2.16375
2026-05-27 20:00:00,0.03397260273972603
2026-05-27 21:00:00,0.032777777777777774
2026-05-27 22:00:00,0.031842105263157894
2026-05-27 23:00:00,0.0316
2026-05-28 00:00:00,0.028666666666666667
2026-05-28 01:00:00,0.030000000000000002
2026-05-28 02:00:00,0.02826666666666667
2026-05-28 03:00:00,0.029154929577464787
2026-05-28 04:00:00,2.2208108108108107
2026-05-28 05:00:00,108.02626506024097
2026-05-28 06:00:00,224.47468085106382
2026-05-28 07:00:00,165.03365853658536
2026-05-28 08:00:00,170.0139175257732
2026-05-28 09:00:00,181.40604651162792
2026-05-28 10:00:00,207.64453488372092
2026-05-28 11:00:00,216.2788043478261
2026-05-28 12:00:00,229.35923076923075
2026-05-28 13:00:00,218.78936170212768
2026-05-28 14:00:00,207.69750000000002
2026-05-28 15:00:00,178.7751111111111
2026-05-28 16:00:00,214.1182474226804
2026-05-28 17:00:00,202.73000000000002
2026-05-28 18:00:00,48.842555555555556
2026-05-28 19:00:00,1.8371764705882352
2026-05-28 20:00:00,0.05536231884057972
2026-05-28 21:00:00,0.05345679012345679
2026-05-28 22:00:00,0.05136986301369863
2026-05-28 23:00:00,0.05048192771084338
2026-05-29 00:00:00,0.051566265060240965
2026-05-29 01:00:00,0.05077922077922078
2026-05-29 02:00:00,0.051756756756756755
2026-05-29 03:00:00,0.052533333333333335
2026-05-29 04:00:00,2.104
2026-05-29 05:00:00,106.30666666666667
2026-05-29 06:00:00,223.93164835164833
2026-05-29 07:00:00,166.69712643678162
2026-05-29 08:00:00,169.64840425531915
2026-05-29 09:00:00,178.4709195402299
2026-05-29 10:00:00,204.57642105263156
2026-05-29 11:00:00,212.23768421052634
2026-05-29 12:00:00,228.329
2026-05-29 13:00:00,219.95420454545456
2026-05-29 14:00:00,194.2980459770115
2026-05-29 15:00:00,174.97595505617977
2026-05-29 16:00:00,214.5717857142857
2026-05-29 17:00:00,203.69124999999997
2026-05-29 18:00:00,50.01255319148937
2026-05-29 19:00:00,2.1184615384615384
2026-05-29 20:00:00,0.02666666666666667
2026-05-29 21:00:00,0.0264
2026-05-29 22:00:00,0.024155844155844153
2026-05-29 23:00:00,0.0225
2026-05-30 00:00:00,0.023243243243243242
2026-05-30 01:00:00,0.02144736842105263
2026-05-30 02:00:00,0.023205128205128205
2026-05-30 03:00:00,0.02103896103896104
2026-05-30 04:00:00,1.5403409090909093
2026-05-30 05:00:00,102.6474117647059
2026-05-30 06:00:00,200.73866666666666
2026-05-30 07:00:00,155.595421686747
2026-05-30 08:00:00,169.97808988764044
2026-05-30 09:00:00,178.08526315789473
2026-05-30 10:00:00,203.19099999999997
2026-05-30 11:00:00,210.98091954022988
2026-05-30 12:00:00,225.2086170212766
2026-05-30 13:00:00,215.5926595744681
2026-05-30 14:00:00,190.36811764705882
2026-05-30 15:00:00,176.16395604395603
2026-05-30 16:00:00,206.28232558139533
2026-05-30 17:00:00,193.4745652173913
2026-05-30 18:00:00,17.317473684210526
2026-05-30 19:00:00,0.9219753086419754
2026-05-30 20:00:00,0.025890410958904108
2026-05-30 21:00:00,0.024264705882352938
2026-05-30 22:00:00,0.024473684210526314
2026-05-30 23:00:00,0.024929577464788733
2026-05-31 00:00:00,0.024202898550724637
2026-05-31 01:00:00,0.02380281690140845
2026-05-31 02:00:00,0.02375
2026-05-31 03:00:00,0.022916666666666665
2026-05-31 04:00:00,1.621566265060241
2026-05-31 05:00:00,103.17344444444446
2026-05-31 06:00:00,186.2976923076923
2026-05-31 07:00:00,158.9467391304348
2026-05-31 08:00:00,173.82372093023255
2026-05-31 09:00:00,176.58
2026-05-31 10:00:00,199.8989898989899
2026-05-31 11:00:00,208.7984946236559
2026-05-31 12:00:00,219.11325581395351
2026-05-31 13:00:00,207.60989130434783
2026-05-31 14:00:00,189.7940625
2026-05-31 15:00:00,178.93931818181818
2026-05-31 16:00:00,164.36522727272725
2026-05-31 17:00:00,136.9175
2026-05-31 18:00:00,31.85229166666667
2026-05-31 19:00:00,1.4357142857142857
2026-05-31 20:00:00,0.025121951219512197
2026-05-31 21:00:00,0.025584415584415585
2026-05-31 22:00:00,0.02513888888888889
2026-05-31 23:00:00,0.022820512820512822
2026-06-01 00:00:00,0.02287878787878788
2026-06-01 01:00:00,0.02402439024390244
2026-06-01 02:00:00,0.025405405405405403
2026-06-01 03:00:00,0.022307692307692306
2026-06-01 04:00:00,1.3789285714285715
2026-06-01 05:00:00,102.14554347826086
2026-06-01 06:00:00,187.61149425287357
2026-06-01 07:00:00,146.34376470588234
2026-06-01 08:00:00,151.76595505617976
2026-06-01 09:00:00,177.4201098901099
2026-06-01 10:00:00,200.70094117647062
2026-06-01 11:00:00,210.61517647058824
2026-06-01 12:00:00,225.42926315789472
2026-06-01 13:00:00,213.14116279069768
2026-06-01 14:00:00,183.65168539325842
2026-06-01 15:00:00,167.95955056179776
2026-06-01 16:00:00,198.4410975609756
2026-06-01 17:00:00,
2026-06-01 18:00:00,
2026-06-01 19:00:00,
2026-06-01 20:00:00,
2026-06-01 21:00:00,
2026-06-01 22:00:00,
2026-06-01 23:00:00,
2026-06-02 00:00:00,
2026-06-02 01:00:00,
2026-06-02 02:00:00,
2026-06-02 03:00:00,
2026-06-02 04:00:00,
2026-06-02 05:00:00,117.74
2026-06-02 06:00:00,173.29461538461538
2026-06-02 07:00:00,165.9857714285714
2026-06-02 08:00:00,150.91244444444445
2026-06-02 09:00:00,172.4078409090909
2026-06-02 10:00:00,194.8411111111111
2026-06-02 11:00:00,209.74602272727273
2026-06-02 12:00:00,223.08459770114942
2026-06-02 13:00:00,196.03784090909093
2026-06-02 14:00:00,175.87064516129033
2026-06-02 15:00:00,191.5633695652174
2026-06-02 16:00:00,191.765
2026-06-02 17:00:00,178.28455555555556
2026-06-02 18:00:00,38.002168674698794
2026-06-02 19:00:00,2.8486206896551725
2026-06-02 20:00:00,0.030379746835443037
2026-06-02 21:00:00,0.027567567567567567
2026-06-02 22:00:00,0.027200000000000002
2026-06-02 23:00:00,0.027662337662337663
2026-06-03 00:00:00,0.027160493827160497
2026-06-03 01:00:00,0.025857142857142856
2026-06-03 02:00:00,0.02430379746835443
2026-06-03 03:00:00,0.026
2026-06-03 04:00:00,2.1818604651162787
2026-06-03 05:00:00,105.85440860215053
2026-06-03 06:00:00,200.47494505494507
2026-06-03 07:00:00,129.96
2026-06-03 08:00:00,113.45187499999999
2026-06-03 09:00:00,145.90804347826088
2026-06-03 10:00:00,207.1918181818182
2026-06-03 11:00:00,211.1655789473684
2026-06-03 12:00:00,221.4122448979592
2026-06-03 13:00:00,204.56202127659577
2026-06-03 14:00:00,183.49344827586208
2026-06-03 15:00:00,170.11758620689653
2026-06-03 16:00:00,208.50583333333336
2026-06-03 17:00:00,201.8710465116279
2026-06-03 18:00:00,48.36227272727273
2026-06-03 19:00:00,2.5522093023255814
2026-06-03 20:00:00,0.012236842105263159
2026-06-03 21:00:00,0.012638888888888889
2026-06-03 22:00:00,0.01219178082191781
2026-06-03 23:00:00,0.011666666666666665
2026-06-04 00:00:00,0.012463768115942029
2026-06-04 01:00:00,0.0112987012987013
2026-06-04 02:00:00,0.012162162162162163
2026-06-04 03:00:00,0.011756756756756756
2026-06-04 04:00:00,0.9923863636363636
2026-06-04 05:00:00,82.61917647058824
2026-06-04 06:00:00,92.65326086956522
2026-06-04 07:00:00,108.70477777777778
2026-06-04 08:00:00,181.35633333333334
2026-06-04 09:00:00,176.617311827957
2026-06-04 10:00:00,186.55663366336634
2026-06-04 11:00:00,203.4058695652174
2026-06-04 12:00:00,218.0026966292135
2026-06-04 13:00:00,205.66837209302324
2026-06-04 14:00:00,181.68552941176472
2026-06-04 15:00:00,167.7446153846154
2026-06-04 16:00:00,204.23703296703297
2026-06-04 17:00:00,202.84258426966295
2026-06-04 18:00:00,49.94449438202248
2026-06-04 19:00:00,3.4807777777777775
2026-06-04 20:00:00,0.03189189189189189
2026-06-04 21:00:00,0.03014705882352941
2026-06-04 22:00:00,0.030441176470588232
2026-06-04 23:00:00,0.028333333333333335
2026-06-05 00:00:00,0.029743589743589743
2026-06-05 01:00:00,0.02888888888888889
2026-06-05 02:00:00,0.029571428571428568
2026-06-05 03:00:00,0.028904109589041094
2026-06-05 04:00:00,1.01
2026-06-05 05:00:00,83.90791208791208
2026-06-05 06:00:00,78.60123595505618
2026-06-05 07:00:00,119.33870967741936
2026-06-05 08:00:00,176.26733333333334
2026-06-05 09:00:00,215.1987356321839
2026-06-05 10:00:00,217.54887640449437
2026-06-05 11:00:00,201.8318811881188
2026-06-05 12:00:00,224.66191489361702
2026-06-05 13:00:00,202.18408602150538
2026-06-05 14:00:00,192.17253012048192
2026-06-05 15:00:00,186.4094252873563
2026-06-05 16:00:00,177.35785714285714
2026-06-05 17:00:00,163.4305319148936
2026-06-05 18:00:00,9.983373493975904
2026-06-05 19:00:00,0.7071794871794871
2026-06-05 20:00:00,0.04808823529411765
2026-06-05 21:00:00,0.04742857142857143
2026-06-05 22:00:00,0.0476
2026-06-05 23:00:00,0.04807228915662651
2026-06-06 00:00:00,0.049275362318840575
2026-06-06 01:00:00,0.04855263157894737
2026-06-06 02:00:00,0.046375
2026-06-06 03:00:00,0.047692307692307694
2026-06-06 04:00:00,1.9704210526315789
2026-06-06 05:00:00,102.91954545454546
2026-06-06 06:00:00,81.07011363636364
2026-06-06 07:00:00,133.0665934065934
2026-06-06 08:00:00,170.04255319148936
2026-06-06 09:00:00,181.28632183908047
2026-06-06 10:00:00,183.3709677419355
2026-06-06 11:00:00,188.79032608695653
2026-06-06 12:00:00,218.85833333333332
2026-06-06 13:00:00,214.98729411764702
2026-06-06 14:00:00,212.31882978723405
2026-06-06 15:00:00,200.3784090909091
2026-06-06 16:00:00,194.40935483870967
2026-06-06 17:00:00,166.25088888888888
2026-06-06 18:00:00,30.854069767441857
2026-06-06 19:00:00,2.5285393258426967
2026-06-06 20:00:00,0.04949367088607595
2026-06-06 21:00:00,0.047123287671232875
2026-06-06 22:00:00,0.04641025641025641
2026-06-06 23:00:00,0.04675
2026-06-07 00:00:00,0.047341772151898734
2026-06-07 01:00:00,0.04666666666666667
2026-06-07 02:00:00,0.04753246753246754
2026-06-07 03:00:00,0.04784810126582279
2026-06-07 04:00:00,1.9049367088607596
2026-06-07 05:00:00,95.006875
2026-06-07 06:00:00,114.25075268817204
2026-06-07 07:00:00,151.800412371134
2026-06-07 08:00:00,172.14239583333335
2026-06-07 09:00:00,177.97817204301077
2026-06-07 10:00:00,183.07231578947366
2026-06-07 11:00:00,205.71693181818182
2026-06-07 12:00:00,214.3736470588235
2026-06-07 13:00:00,198.3197894736842
2026-06-07 14:00:00,191.8242857142857
2026-06-07 15:00:00,188.04989130434782
2026-06-07 16:00:00,191.6321739130435
2026-06-07 17:00:00,190.56425531914894
2026-06-07 18:00:00,57.30772727272727
2026-06-07 19:00:00,5.291428571428572
2026-06-07 20:00:00,0.054189189189189184
2026-06-07 21:00:00,0.05354430379746836
2026-06-07 22:00:00,0.053
2026-06-07 23:00:00,0.05132352941176471
2026-06-08 00:00:00,0.05243243243243243
2026-06-08 01:00:00,0.0523943661971831
2026-06-08 02:00:00,0.052597402597402594
2026-06-08 03:00:00,0.05171052631578948
2026-06-08 04:00:00,2.352051282051282
2026-06-08 05:00:00,110.25593023255814
2026-06-08 06:00:00,210.3213793103448
2026-06-08 07:00:00,167.90913978494623
2026-06-08 08:00:00,166.26488636363635
2026-06-08 09:00:00,173.19078651685393
2026-06-08 10:00:00,184.89886363636364
2026-06-08 11:00:00,203.56097826086958
2026-06-08 12:00:00,218.61231578947366
2026-06-08 13:00:00,204.30249999999998
2026-06-08 14:00:00,179.36652631578946
2026-06-08 15:00:00,162.94920454545456
2026-06-08 16:00:00,198.9038823529412
2026-06-08 17:00:00,204.95247422680413
2026-06-08 18:00:00,56.17325842696629
2026-06-08 19:00:00,3.6361176470588235
2026-06-08 20:00:00,0.056266666666666666
2026-06-08 21:00:00,0.056249999999999994
2026-06-08 22:00:00,0.05459459459459459
2026-06-08 23:00:00,0.05313432835820896
2026-06-09 00:00:00,0.05266666666666667
2026-06-09 01:00:00,0.05317073170731708
2026-06-09 02:00:00,0.05210526315789474
2026-06-09 03:00:00,0.05192307692307692
2026-06-09 04:00:00,1.1464197530864197
2026-06-09 05:00:00,89.76786516853933
2026-06-09 06:00:00,66.97978260869566
2026-06-09 07:00:00,123.46297619047618
2026-06-09 08:00:00,161.82967741935482
2026-06-09 09:00:00,151.0925
2026-06-09 10:00:00,191.8738202247191
2026-06-09 11:00:00,221.74263736263734
2026-06-09 12:00:00,233.48379310344828
2026-06-09 13:00:00,205.54378048780487
2026-06-09 14:00:00,181.26045454545454
2026-06-09 15:00:00,169.90413793103448
2026-06-09 16:00:00,207.47880952380953
2026-06-09 17:00:00,213.4195652173913
2026-06-09 18:00:00,57.07
2026-06-09 19:00:00,3.2140697674418606
2026-06-09 20:00:00,0.04205128205128206
2026-06-09 21:00:00,0.03972602739726027
2026-06-09 22:00:00,0.039873417721518985
2026-06-09 23:00:00,0.03865671641791044
2026-06-10 00:00:00,0.037702702702702706
2026-06-10 01:00:00,0.04013333333333333
2026-06-10 02:00:00,0.03986486486486487
2026-06-10 03:00:00,0.03940298507462687
2026-06-10 04:00:00,0.6204761904761904
2026-06-10 05:00:00,79.0929761904762
2026-06-10 06:00:00,102.055
2026-06-10 07:00:00,152.06593023255815
2026-06-10 08:00:00,161.13701149425287
2026-06-10 09:00:00,194.55263157894737
2026-06-10 10:00:00,203.35299999999998
2026-06-10 11:00:00,185.53760869565215
2026-06-10 12:00:00,220.7221348314607
2026-06-10 13:00:00,206.82720430107528
2026-06-10 14:00:00,179.77
2026-06-10 15:00:00,168.5367021276596
2026-06-10 16:00:00,213.0837894736842
2026-06-10 17:00:00,207.11578313253014
2026-06-10 18:00:00,52.650240963855424
2026-06-10 19:00:00,1.8765168539325843
2026-06-10 20:00:00,0.049759036144578314
2026-06-10 21:00:00,0.04851351351351352
2026-06-10 22:00:00,0.048933333333333336
2026-06-10 23:00:00,0.04753246753246754
2026-06-11 00:00:00,0.04736842105263158
2026-06-11 01:00:00,0.047341772151898734
2026-06-11 02:00:00,0.04935897435897436
2026-06-11 03:00:00,0.04645569620253164
2026-06-11 04:00:00,0.326144578313253
2026-06-11 05:00:00,83.50521276595744
2026-06-11 06:00:00,134.06097826086958
2026-06-11 07:00:00,127.1790425531915
2026-06-11 08:00:00,97.86388235294118
2026-06-11 09:00:00,166.67956989247313
2026-06-11 10:00:00,168.32623655913977
2026-06-11 11:00:00,191.09433333333334
2026-06-11 12:00:00,172.66857142857143
2026-06-11 13:00:00,196.59141304347827
2026-06-11 14:00:00,199.01617977528088
2026-06-11 15:00:00,189.13517241379307
2026-06-11 16:00:00,203.79319587628865
2026-06-11 17:00:00,197.3290476190476
2026-06-11 18:00:00,55.154875000000004
2026-06-11 19:00:00,3.812117647058824
2026-06-11 20:00:00,0.016352941176470587
2026-06-11 21:00:00,0.012278481012658228
2026-06-11 22:00:00,0.011875
2026-06-11 23:00:00,0.01025974025974026
2026-06-12 00:00:00,0.011558441558441558
2026-06-12 01:00:00,0.010987654320987654
2026-06-12 02:00:00,0.009411764705882354
2026-06-12 03:00:00,0.010142857142857143
2026-06-12 04:00:00,3.02358024691358
2026-06-12 05:00:00,113.51351648351648
2026-06-12 06:00:00,214.25440860215053
2026-06-12 07:00:00,160.42827956989248
2026-06-12 08:00:00,163.0245744680851
2026-06-12 09:00:00,172.07696629213484
2026-06-12 10:00:00,187.84195652173912
2026-06-12 11:00:00,200.65755319148937
2026-06-12 12:00:00,214.38964285714286
2026-06-12 13:00:00,197.7078651685393
2026-06-12 14:00:00,207.34279069767442
2026-06-12 15:00:00,183.61333333333334
2026-06-12 16:00:00,214.64431578947367
2026-06-12 17:00:00,200.87406976744185
2026-06-12 18:00:00,66.89752808988764
2026-06-12 19:00:00,3.598333333333333
2026-06-12 20:00:00,0.015362318840579712
2026-06-12 21:00:00,0.012658227848101266
2026-06-12 22:00:00,0.012625
2026-06-12 23:00:00,0.011408450704225352
2026-06-13 00:00:00,0.01175
2026-06-13 01:00:00,0.010266666666666667
2026-06-13 02:00:00,0.009753086419753088
2026-06-13 03:00:00,0.011168831168831168
2026-06-13 04:00:00,2.9052272727272728
2026-06-13 05:00:00,94.63141304347826
2026-06-13 06:00:00,104.76093023255815
2026-06-13 07:00:00,131.45934065934065
2026-06-13 08:00:00,186.80788235294116
2026-06-13 09:00:00,166.99568421052632
2026-06-13 10:00:00,190.28956043956043
2026-06-13 11:00:00,203.30155555555555
2026-06-13 12:00:00,216.53089743589743
2026-06-13 13:00:00,201.64021505376346
2026-06-13 14:00:00,178.3830487804878
2026-06-13 15:00:00,161.0758888888889
2026-06-13 16:00:00,202.37666666666667
2026-06-13 17:00:00,202.72297619047617
2026-06-13 18:00:00,61.95043478260869
2026-06-13 19:00:00,3.909569892473118
2026-06-13 20:00:00,0.013544303797468356
2026-06-13 21:00:00,0.011428571428571429
2026-06-13 22:00:00,0.011025641025641025
2026-06-13 23:00:00,0.010921052631578948
2026-06-14 00:00:00,0.011604938271604939
2026-06-14 01:00:00,0.011428571428571429
2026-06-14 02:00:00,0.010666666666666668
2026-06-14 03:00:00,0.01108108108108108
2026-06-14 04:00:00,2.0101075268817206
2026-06-14 05:00:00,100.94707865168539
2026-06-14 06:00:00,182.69545454545457
2026-06-14 07:00:00,153.39506172839506
2026-06-14 08:00:00,159.0708988764045
2026-06-14 09:00:00,169.39045454545456
2026-06-14 10:00:00,198.51238095238097
2026-06-14 11:00:00,208.76857142857145
2026-06-14 12:00:00,193.82326530612247
2026-06-14 13:00:00,178.89966666666666
2026-06-14 14:00:00,169.80170212765958
2026-06-14 15:00:00,157.22659574468085
2026-06-14 16:00:00,205.0040860215054
2026-06-14 17:00:00,193.6051162790698
2026-06-14 18:00:00,39.22571428571428
2026-06-14 19:00:00,3.1045882352941176
2026-06-14 20:00:00,0.01419753086419753
2026-06-14 21:00:00,0.013600000000000001
2026-06-14 22:00:00,0.012207792207792209
2026-06-14 23:00:00,0.011666666666666665
2026-06-15 00:00:00,0.010714285714285714
2026-06-15 01:00:00,0.011714285714285714
2026-06-15 02:00:00,0.011891891891891892
2026-06-15 03:00:00,0.012266666666666667
2026-06-15 04:00:00,1.1174666666666666
2026-06-15 05:00:00,85.67731958762887
2026-06-15 06:00:00,187.76352272727271
2026-06-15 07:00:00,152.14244680851064
2026-06-15 08:00:00,151.24488636363637
2026-06-15 09:00:00,163.97630952380953
2026-06-15 10:00:00,188.68727272727273
2026-06-15 11:00:00,201.84214285714287
2026-06-15 12:00:00,217.83635294117647
2026-06-15 13:00:00,207.47233333333332
2026-06-15 14:00:00,178.6830681818182
2026-06-15 15:00:00,164.23132530120483
2026-06-15 16:00:00,191.20098901098902
2026-06-15 17:00:00,179.4719540229885
2026-06-15 18:00:00,31.20966292134831
2026-06-15 19:00:00,3.7036666666666664
2026-06-15 20:00:00,0.014024390243902438
2026-06-15 21:00:00,0.0108
2026-06-15 22:00:00,0.012428571428571428
2026-06-15 23:00:00,0.012133333333333335
2026-06-16 00:00:00,0.009863013698630137
2026-06-16 01:00:00,0.010131578947368422
2026-06-16 02:00:00,0.011518987341772152
2026-06-16 03:00:00,0.01267605633802817
2026-06-16 04:00:00,1.9375862068965517
2026-06-16 05:00:00,94.11333333333334
2026-06-16 06:00:00,94.22282608695652
2026-06-16 07:00:00,123.39076086956523
2026-06-16 08:00:00,140.14402298850575
2026-06-16 09:00:00,165.696
2026-06-16 10:00:00,185.55604395604394
2026-06-16 11:00:00,202.05322222222225
2026-06-16 12:00:00,219.77448979591838
2026-06-16 13:00:00,205.53395604395604
2026-06-16 14:00:00,180.46244444444446
2026-06-16 15:00:00,174.25629213483145
2026-06-16 16:00:00,194.07432989690722
2026-06-16 17:00:00,200.58329411764709
2026-06-16 18:00:00,67.60373493975904
2026-06-16 19:00:00,3.7151685393258425
2026-06-16 20:00:00,0.03867647058823529
2026-06-16 21:00:00,0.0373972602739726
2026-06-16 22:00:00,0.03628205128205128
2026-06-16 23:00:00,0.036625000000000005
2026-06-17 00:00:00,0.034459459459459454
2026-06-17 01:00:00,0.034736842105263156
2026-06-17 02:00:00,0.03441558441558441
2026-06-17 03:00:00,0.03514285714285714
2026-06-17 04:00:00,2.3732911392405063
2026-06-17 05:00:00,109.58903225806452
2026-06-17 06:00:00,178.33173469387754
2026-06-17 07:00:00,118.18913978494624
2026-06-17 08:00:00,145.07360824742267
2026-06-17 09:00:00,179.57042105263156
2026-06-17 10:00:00,196.06623529411766
2026-06-17 11:00:00,205.32922222222223
2026-06-17 12:00:00,221.71705263157892
2026-06-17 13:00:00,207.61623529411767
2026-06-17 14:00:00,194.4345238095238
2026-06-17 15:00:00,172.10573033707865
2026-06-17 16:00:00,182.861511627907
2026-06-17 17:00:00,194.7340909090909
2026-06-17 18:00:00,57.50775280898876
2026-06-17 19:00:00,4.361785714285714
2026-06-17 20:00:00,0.03732394366197183
2026-06-17 21:00:00,0.035641025641025635
2026-06-17 22:00:00,0.035405405405405405
2026-06-17 23:00:00,0.035256410256410256
2026-06-18 00:00:00,0.033924050632911394
2026-06-18 01:00:00,0.033466666666666665
2026-06-18 02:00:00,0.034459459459459454
2026-06-18 03:00:00,0.03544303797468354
2026-06-18 04:00:00,1.6139759036144579
2026-06-18 05:00:00,104.87081395348837
2026-06-18 06:00:00,75.29553191489362
2026-06-18 07:00:00,116.4951724137931
2026-06-18 08:00:00,145.99888888888887
2026-06-18 09:00:00,165.56970588235293
2026-06-18 10:00:00,182.01414893617024
2026-06-18 11:00:00,198.70282608695652
2026-06-18 12:00:00,213.3196590909091
2026-06-18 13:00:00,203.01655555555558
2026-06-18 14:00:00,175.74699999999999
2026-06-18 15:00:00,162.30263736263737
2026-06-18 16:00:00,198.68142857142854
2026-06-18 17:00:00,180.9322105263158
2026-06-18 18:00:00,48.5267816091954
2026-06-18 19:00:00,2.9409302325581392
2026-06-18 20:00:00,0.05615384615384615
2026-06-18 21:00:00,0.05514705882352941
2026-06-18 22:00:00,0.05546666666666667
2026-06-18 23:00:00,0.05333333333333333
2026-06-19 00:00:00,0.05236111111111111
2026-06-19 01:00:00,0.053625
2026-06-19 02:00:00,0.052318840579710146
2026-06-19 03:00:00,0.05310810810810811
2026-06-19 04:00:00,1.3550588235294116
2026-06-19 05:00:00,99.14571428571428
2026-06-19 06:00:00,127.29655172413793
2026-06-19 07:00:00,111.57177777777778
2026-06-19 08:00:00,144.20021505376343
2026-06-19 09:00:00,172.78493670886076
2026-06-19 10:00:00,168.73677777777777
2026-06-19 11:00:00,190.92922222222222
2026-06-19 12:00:00,211.39602409638553
2026-06-19 13:00:00,204.5247191011236
2026-06-19 14:00:00,173.67840425531915
2026-06-19 15:00:00,164.01461538461538
2026-06-19 16:00:00,191.09136363636364
2026-06-19 17:00:00,143.82865168539325
2026-06-19 18:00:00,43.13142857142857
2026-06-19 19:00:00,3.2065517241379315
2026-06-19 20:00:00,0.05466666666666666
2026-06-19 21:00:00,0.055696202531645575
2026-06-19 22:00:00,0.05385714285714286
2026-06-19 23:00:00,0.05272727272727272
2026-06-20 00:00:00,0.05435897435897436
2026-06-20 01:00:00,0.053513513513513515
2026-06-20 02:00:00,0.05347826086956522
2026-06-20 03:00:00,0.055769230769230765
2026-06-20 04:00:00,4.3279487179487175
2026-06-20 05:00:00,89.80130434782608
2026-06-20 06:00:00,103.87989010989011
2026-06-20 07:00:00,127.61888888888888
2026-06-20 08:00:00,163.10744444444444
2026-06-20 09:00:00,174.47489130434784
2026-06-20 10:00:00,180.59848837209302
2026-06-20 11:00:00,192.1615789473684
2026-06-20 12:00:00,211.71289156626509
2026-06-20 13:00:00,187.4541111111111
2026-06-20 14:00:00,166.1281052631579
2026-06-20 15:00:00,163.4458585858586
2026-06-20 16:00:00,189.91590909090908
2026-06-20 17:00:00,182.57177777777775
2026-06-20 18:00:00,39.512417582417584
2026-06-20 19:00:00,3.086385542168675
2026-06-20 20:00:00,0.012916666666666667
2026-06-20 21:00:00,0.012972972972972972
2026-06-20 22:00:00,0.011351351351351352
2026-06-20 23:00:00,0.011216216216216216
2026-06-21 00:00:00,0.008947368421052633
2026-06-21 01:00:00,0.010266666666666667
2026-06-21 02:00:00,0.010481927710843374
2026-06-21 03:00:00,0.011948051948051949
2026-06-21 04:00:00,1.2439759036144578
2026-06-21 05:00:00,95.12547368421053
2026-06-21 06:00:00,115.620989010989
2026-06-21 07:00:00,154.79822916666666
2026-06-21 08:00:00,164.84835164835167
2026-06-21 09:00:00,158.03831460674158
2026-06-21 10:00:00,184.4841111111111
2026-06-21 11:00:00,197.6590909090909
2026-06-21 12:00:00,211.0
2026-06-21 13:00:00,202.0641304347826
2026-06-21 14:00:00,181.32898876404496
2026-06-21 15:00:00,163.56168539325841
2026-06-21 16:00:00,200.5793548387097
2026-06-21 17:00:00,196.11159574468087
2026-06-21 18:00:00,62.23775280898876
2026-06-21 19:00:00,2.207415730337079
2026-06-21 20:00:00,0.012375
2026-06-21 21:00:00,0.011621621621621621
2026-06-21 22:00:00,0.010579710144927536
2026-06-21 23:00:00,0.01
2026-06-22 00:00:00,0.010909090909090908
2026-06-22 01:00:00,0.010512820512820514
2026-06-22 02:00:00,0.009589041095890411
2026-06-22 03:00:00,0.011645569620253165
2026-06-22 04:00:00,2.2459090909090906
2026-06-22 05:00:00,105.81922222222222
2026-06-22 06:00:00,181.72022727272727
2026-06-22 07:00:00,160.31559523809523
2026-06-22 08:00:00,152.44478260869565
2026-06-22 09:00:00,160.51697674418602
2026-06-22 10:00:00,185.24059523809524
2026-06-22 11:00:00,199.40176470588236
2026-06-22 12:00:00,215.6075308641975
2026-06-22 13:00:00,205.69102272727275
2026-06-22 14:00:00,179.6092682926829
2026-06-22 15:00:00,161.32172413793103
2026-06-22 16:00:00,190.95608247422683
2026-06-22 17:00:00,135.37208333333334
2026-06-22 18:00:00,51.62142857142857
2026-06-22 19:00:00,6.127209302325582
2026-06-22 20:00:00,0.04384615384615385
2026-06-22 21:00:00,0.04026315789473684
2026-06-22 22:00:00,0.04230769230769231
2026-06-22 23:00:00,0.042328767123287675
2026-06-23 00:00:00,0.043333333333333335
2026-06-23 01:00:00,0.040273972602739724
2026-06-23 02:00:00,0.039629629629629626
2026-06-23 03:00:00,0.04082191780821918
2026-06-23 04:00:00,1.537191011235955
2026-06-23 05:00:00,96.99011904761905
2026-06-23 06:00:00,145.60174418604652
2026-06-23 07:00:00,114.55954022988506
2026-06-23 08:00:00,148.22953488372093
2026-06-23 09:00:00,162.41397849462365
2026-06-23 10:00:00,181.8105154639175
2026-06-23 11:00:00,196.37344086021506
2026-06-23 12:00:00,214.13021276595745
2026-06-23 13:00:00,202.70325301204818
2026-06-23 14:00:00,174.54615384615386
2026-06-23 15:00:00,156.72279569892473
2026-06-23 16:00:00,195.38783132530122
2026-06-23 17:00:00,192.5629069767442
2026-06-23 18:00:00,50.015617977528095
2026-06-23 19:00:00,4.886385542168675
2026-06-23 20:00:00,0.0408
2026-06-23 21:00:00,0.03901408450704225
2026-06-23 22:00:00,0.03782608695652174
2026-06-23 23:00:00,0.03793103448275862
2026-06-24 00:00:00,0.03922077922077922
2026-06-24 01:00:00,0.03826666666666667
2026-06-24 02:00:00,0.038148148148148146
2026-06-24 03:00:00,0.036231884057971016
2026-06-24 04:00:00,1.9378048780487807
2026-06-24 05:00:00,99.53644444444446
2026-06-24 06:00:00,161.20261904761907
2026-06-24 07:00:00,130.75588235294117
2026-06-24 08:00:00,134.2429213483146
2026-06-24 09:00:00,158.08247191011236
2026-06-24 10:00:00,184.61703296703297
2026-06-24 11:00:00,198.223875
2026-06-24 12:00:00,204.35764044943818
2026-06-24 13:00:00,203.48888888888888
2026-06-24 14:00:00,175.1120930232558
2026-06-24 15:00:00,159.77662921348315
2026-06-24 16:00:00,198.52390804597698
2026-06-24 17:00:00,190.08505494505496
2026-06-24 18:00:00,68.32511363636364
2026-06-24 19:00:00,3.479080459770115
2026-06-24 20:00:00,0.03390243902439024
2026-06-24 21:00:00,0.031153846153846157
2026-06-24 22:00:00,0.029605263157894735
2026-06-24 23:00:00,0.02962025316455696
2026-06-25 00:00:00,0.03044776119402985
2026-06-25 01:00:00,0.031
2026-06-25 02:00:00,0.03064935064935065
2026-06-25 03:00:00,0.027866666666666665
2026-06-25 04:00:00,1.7704819277108432
2026-06-25 05:00:00,98.89744680851065
2026-06-25 06:00:00,185.62271739130435
2026-06-25 07:00:00,155.04204545454547
2026-06-25 08:00:00,164.43084210526317
2026-06-25 09:00:00,164.92166666666668
2026-06-25 10:00:00,178.75
2026-06-25 11:00:00,190.26989130434785
2026-06-25 12:00:00,211.8122105263158
2026-06-25 13:00:00,202.10155555555554
2026-06-25 14:00:00,170.58526315789473
2026-06-25 15:00:00,155.2231818181818
2026-06-25 16:00:00,188.22
2026-06-25 17:00:00,188.3555319148936
2026-06-25 18:00:00,54.82827956989247
2026-06-25 19:00:00,8.752588235294118
2026-06-25 20:00:00,0.034342105263157896
2026-06-25 21:00:00,0.0327027027027027
2026-06-25 22:00:00,0.030555555555555558
2026-06-25 23:00:00,0.03131578947368421
2026-06-26 00:00:00,0.03075
2026-06-26 01:00:00,0.030657894736842106
2026-06-26 02:00:00,0.029873417721518986
2026-06-26 03:00:00,0.0292
2026-06-26 04:00:00,1.6917441860465117
2026-06-26 05:00:00,99.79098901098901
2026-06-26 06:00:00,162.02633333333335
2026-06-26 07:00:00,156.90955555555556
2026-06-26 08:00:00,158.70393258426967
2026-06-26 09:00:00,160.40355555555556
2026-06-26 10:00:00,179.53935483870967
2026-06-26 11:00:00,193.06418604651162
2026-06-26 12:00:00,207.7256818181818
2026-06-26 13:00:00,197.615
2026-06-26 14:00:00,169.8638043478261
2026-06-26 15:00:00,155.69532608695653
2026-06-26 16:00:00,191.01838709677418
2026-06-26 17:00:00,194.22117021276597
2026-06-26 18:00:00,65.21888888888888
2026-06-26 19:00:00,4.926888888888889
2026-06-26 20:00:00,0.035671641791044775
2026-06-26 21:00:00,0.028591549295774645
2026-06-26 22:00:00,0.030289855072463765
2026-06-26 23:00:00,0.030131578947368422
2026-06-27 00:00:00,0.030657894736842106
2026-06-27 01:00:00,0.030136986301369864
2026-06-27 02:00:00,0.0325
2026-06-27 03:00:00,0.03180555555555556
2026-06-27 04:00:00,1.304578313253012
2026-06-27 05:00:00,102.01655913978496
2026-06-27 06:00:00,153.52583333333334
2026-06-27 07:00:00,122.77839080459769
2026-06-27 08:00:00,153.46758620689656
2026-06-27 09:00:00,155.3632183908046
2026-06-27 10:00:00,176.81905882352942
2026-06-27 11:00:00,190.9
2026-06-27 12:00:00,206.93736263736264
2026-06-27 13:00:00,196.8608988764045
2026-06-27 14:00:00,172.16674418604651
2026-06-27 15:00:00,157.19046511627906
2026-06-27 16:00:00,192.5567021276596
2026-06-27 17:00:00,194.04946236559138
2026-06-27 18:00:00,68.84855555555555
2026-06-27 19:00:00,2.9697777777777774
2026-06-27 20:00:00,0.035526315789473684
2026-06-27 21:00:00,0.03186046511627907
2026-06-27 22:00:00,0.028333333333333335
2026-06-27 23:00:00,0.028194444444444442
2026-06-28 00:00:00,0.030394736842105263
2026-06-28 01:00:00,0.030379746835443037
2026-06-28 02:00:00,0.02986301369863014
2026-06-28 03:00:00,0.02881578947368421
2026-06-28 04:00:00,2.2422222222222223
2026-06-28 05:00:00,93.96347826086956
2026-06-28 06:00:00,81.40087912087911
2026-06-28 07:00:00,143.10894117647058
2026-06-28 08:00:00,167.70675
2026-06-28 09:00:00,163.99144578313252
2026-06-28 10:00:00,186.5287912087912
2026-06-28 11:00:00,186.55808988764042
2026-06-28 12:00:00,204.5033695652174
2026-06-28 13:00:00,198.4508791208791
2026-06-28 14:00:00,168.185421686747
2026-06-28 15:00:00,169.01178947368422
2026-06-28 16:00:00,97.20962499999999
2026-06-28 17:00:00,110.86588235294118
2026-06-28 18:00:00,17.69469135802469
2026-06-28 19:00:00,8.167159090909092
2026-06-28 20:00:00,0.03638888888888889
2026-06-28 21:00:00,0.03135135135135135
2026-06-28 22:00:00,0.03242857142857143
2026-06-28 23:00:00,0.0325
2026-06-29 00:00:00,0.02986842105263158
2026-06-29 01:00:00,0.03216216216216216
2026-06-29 02:00:00,0.030131578947368422
2026-06-29 03:00:00,0.030140845070422535
2026-06-29 04:00:00,1.739156626506024
2026-06-29 05:00:00,99.80471264367816
2026-06-29 06:00:00,127.15355555555556
2026-06-29 07:00:00,120.00619565217391
2026-06-29 08:00:00,140.36862068965516
2026-06-29 09:00:00,162.5702197802198
2026-06-29 10:00:00,180.42065934065934
2026-06-29 11:00:00,189.6328409090909
2026-06-29 12:00:00,216.82058139534882
2026-06-29 13:00:00,206.12344444444446
2026-06-29 14:00:00,182.68964285714287
2026-06-29 15:00:00,158.78758620689655
2026-06-29 16:00:00,188.93774193548387
2026-06-29 17:00:00,199.65772727272727
2026-06-29 18:00:00,54.577
2026-06-29 19:00:00,2.102577319587629
2026-06-29 20:00:00,0.033999999999999996
2026-06-29 21:00:00,0.03205479452054794
2026-06-29 22:00:00,0.03064935064935065
2026-06-29 23:00:00,0.03133333333333333
2026-06-30 00:00:00,0.029315068493150687
2026-06-30 01:00:00,0.03152777777777778
2026-06-30 02:00:00,0.029743589743589743
2026-06-30 03:00:00,0.03027777777777778
2026-06-30 04:00:00,1.5394805194805194
2026-06-30 05:00:00,96.581797752809
2026-06-30 06:00:00,165.62465116279068
2026-06-30 07:00:00,151.93458823529411
2026-06-30 08:00:00,161.86206896551724
2026-06-30 09:00:00,151.11241758241758
2026-06-30 10:00:00,176.537816091954
2026-06-30 11:00:00,188.685
2026-06-30 12:00:00,207.7
2026-06-30 13:00:00,198.01860465116278
2026-06-30 14:00:00,169.55736263736264
2026-06-30 15:00:00,152.98591397849464
2026-06-30 16:00:00,187.18988505747126
2026-06-30 17:00:00,186.61606382978724
2026-06-30 18:00:00,56.641888888888886
2026-06-30 19:00:00,2.9374117647058826
2026-06-30 20:00:00,0.0236231884057971
2026-06-30 21:00:00,0.02205128205128205
2026-06-30 22:00:00,0.02125
2026-06-30 23:00:00,0.020909090909090912
2026-07-01 00:00:00,0.02144736842105263
2026-07-01 01:00:00,0.022307692307692306
2026-07-01 02:00:00,0.020126582278481013
2026-07-01 03:00:00,0.018533333333333332
2026-07-01 04:00:00,1.3232467532467533
2026-07-01 05:00:00,95.03999999999999
2026-07-01 06:00:00,144.3654430379747
2026-07-01 07:00:00,119.32390804597702
2026-07-01 08:00:00,138.47935483870967
2026-07-01 09:00:00,151.53247191011235
2026-07-01 10:00:00,175.20340659340658
2026-07-01 11:00:00,187.5553409090909
2026-07-01 12:00:00,203.57500000000002
2026-07-01 13:00:00,192.76989361702127
2026-07-01 14:00:00,165.38344444444445
2026-07-01 15:00:00,149.46430379746835
2026-07-01 16:00:00,186.06627906976746
2026-07-01 17:00:00,173.12563829787234
2026-07-01 18:00:00,50.77141176470588
2026-07-01 19:00:00,3.996195652173913
2026-07-01 20:00:00,0.043108108108108105
2026-07-01 21:00:00,0.03971014492753624
2026-07-01 22:00:00,0.037976190476190476
2026-07-01 23:00:00,0.03819444444444445
2026-07-02 00:00:00,0.039870129870129875
2026-07-02 01:00:00,0.037564102564102565
2026-07-02 02:00:00,0.03859154929577465
2026-07-02 03:00:00,0.03721518987341772
2026-07-02 04:00:00,1.168625
2026-07-02 05:00:00,84.51633333333334
2026-07-02 06:00:00,80.595
2026-07-02 07:00:00,129.86614583333332
2026-07-02 08:00:00,148.48946808510638
2026-07-02 09:00:00,164.52415730337077
2026-07-02 10:00:00,180.89461538461538
2026-07-02 11:00:00,192.69170454545454
2026-07-02 12:00:00,201.6053086419753
2026-07-02 13:00:00,204.0717441860465
2026-07-02 14:00:00,175.45476744186047
2026-07-02 15:00:00,159.11082352941176
2026-07-02 16:00:00,188.6471590909091
2026-07-02 17:00:00,193.89956989247312
2026-07-02 18:00:00,53.20445652173913
2026-07-02 19:00:00,3.90968085106383
2026-07-02 20:00:00,0.04116883116883117
2026-07-02 21:00:00,0.03769230769230769
2026-07-02 22:00:00,0.03679487179487179
2026-07-02 23:00:00,0.03626666666666667
2026-07-03 00:00:00,0.038493150684931504
2026-07-03 01:00:00,0.0375
2026-07-03 02:00:00,0.03736842105263158
2026-07-03 03:00:00,0.038082191780821915
2026-07-03 04:00:00,1.533
2026-07-03 05:00:00,96.90384615384616
2026-07-03 06:00:00,186.87252525252526
2026-07-03 07:00:00,116.86093749999999
2026-07-03 08:00:00,133.65302325581396
2026-07-03 09:00:00,151.9901098901099
2026-07-03 10:00:00,173.9854761904762
2026-07-03 11:00:00,186.9932967032967
2026-07-03 12:00:00,205.72146341463414
2026-07-03 13:00:00,194.52844444444446
2026-07-03 14:00:00,163.7579012345679
2026-07-03 15:00:00,152.30897727272728
2026-07-03 16:00:00,181.8766265060241
2026-07-03 17:00:00,205.66454545454545
2026-07-03 18:00:00,58.69381443298969
2026-07-03 19:00:00,3.4773255813953488
2026-07-03 20:00:00,0.05195121951219512
2026-07-03 21:00:00,0.048235294117647064
2026-07-03 22:00:00,0.04763888888888889
2026-07-03 23:00:00,0.04971830985915493
2026-07-04 00:00:00,0.05
2026-07-04 01:00:00,0.05064102564102564
2026-07-04 02:00:00,0.0492
2026-07-04 03:00:00,0.04816901408450704
2026-07-04 04:00:00,1.560609756097561
2026-07-04 05:00:00,93.64666666666668
2026-07-04 06:00:00,194.6474193548387
2026-07-04 07:00:00,147.95469879518072
2026-07-04 08:00:00,155.54725274725274
2026-07-04 09:00:00,153.64436170212767
2026-07-04 10:00:00,175.7454255319149
2026-07-04 11:00:00,186.09337209302328
2026-07-04 12:00:00,203.44168539325844
2026-07-04 13:00:00,195.0790909090909
2026-07-04 14:00:00,166.8
2026-07-04 15:00:00,151.02586206896552
2026-07-04 16:00:00,185.79764044943823
2026-07-04 17:00:00,202.77877777777778
2026-07-04 18:00:00,57.426086956521736
2026-07-04 19:00:00,2.929047619047619
2026-07-04 20:00:00,0.052465753424657535
2026-07-04 21:00:00,0.04985714285714286
2026-07-04 22:00:00,0.051470588235294115
2026-07-04 23:00:00,0.05039473684210526
2026-07-05 00:00:00,0.05116883116883117
2026-07-05 01:00:00,0.05
2026-07-05 02:00:00,0.04886363636363636
2026-07-05 03:00:00,0.05067567567567568
2026-07-05 04:00:00,1.4485365853658536
2026-07-05 05:00:00,95.08517647058824
2026-07-05 06:00:00,170.10096385542167
2026-07-05 07:00:00,142.9448275862069
2026-07-05 08:00:00,157.64755813953488
2026-07-05 09:00:00,149.82760869565217
2026-07-05 10:00:00,173.70644444444446
2026-07-05 11:00:00,184.6006976744186
2026-07-05 12:00:00,201.1537894736842
2026-07-05 13:00:00,192.17489795918368
2026-07-05 14:00:00,166.35407407407408
2026-07-05 15:00:00,149.10775280898878
2026-07-05 16:00:00,183.50318181818182
2026-07-05 17:00:00,184.20951807228914
2026-07-05 18:00:00,51.04705882352941
2026-07-05 19:00:00,3.23659793814433
2026-07-05 20:00:00,0.05197368421052632
2026-07-05 21:00:00,0.049176470588235294
2026-07-05 22:00:00,0.04949367088607595
2026-07-05 23:00:00,0.049078947368421055
2026-07-06 00:00:00,0.05048192771084338
2026-07-06 01:00:00,0.05026315789473684
2026-07-06 02:00:00,0.048493150684931506
2026-07-06 03:00:00,0.04842105263157895
2026-07-06 04:00:00,1.2838202247191013
2026-07-06 05:00:00,91.99814814814815
2026-07-06 06:00:00,150.0645744680851
2026-07-06 07:00:00,116.44209876543209
2026-07-06 08:00:00,133.25867469879518
2026-07-06 09:00:00,154.18869565217392
2026-07-06 10:00:00,180.21951807228916
2026-07-06 11:00:00,190.4444565217391
2026-07-06 12:00:00,205.3449411764706
2026-07-06 13:00:00,196.24433333333334
2026-07-06 14:00:00,175.09574468085106
2026-07-06 15:00:00,157.29682352941177
2026-07-06 16:00:00,190.39877777777778
2026-07-06 17:00:00,190.70380952380953
2026-07-06 18:00:00,50.636781609195396
2026-07-06 19:00:00,2.043010752688172
2026-07-06 20:00:00,0.014054054054054054
2026-07-06 21:00:00,0.013943661971830985
2026-07-06 22:00:00,0.012833333333333334
2026-07-06 23:00:00,0.012575757575757577
2026-07-07 00:00:00,0.011428571428571429
2026-07-07 01:00:00,0.011014492753623189
2026-07-07 02:00:00,0.010526315789473684
2026-07-07 03:00:00,0.010632911392405063
2026-07-07 04:00:00,1.318292682926829
2026-07-07 05:00:00,90.09954545454546
2026-07-07 06:00:00,158.14466666666667
2026-07-07 07:00:00,147.17939759036145
2026-07-07 08:00:00,157.51613636363638
2026-07-07 09:00:00,151.13095238095238
2026-07-07 10:00:00,176.96099999999998
2026-07-07 11:00:00,187.56481927710843
2026-07-07 12:00:00,204.77438202247188
2026-07-07 13:00:00,196.73842696629214
2026-07-07 14:00:00,176.06666666666666
2026-07-07 15:00:00,158.92714285714285
2026-07-07 16:00:00,191.02554347826086
2026-07-07 17:00:00,190.1668604651163
2026-07-07 18:00:00,49.208089887640455
2026-07-07 19:00:00,2.517560975609756
2026-07-07 20:00:00,0.014743589743589743
2026-07-07 21:00:00,0.012916666666666667
2026-07-07 22:00:00,0.011714285714285715
2026-07-07 23:00:00,0.012962962962962964
2026-07-08 00:00:00,0.011973684210526317
2026-07-08 01:00:00,0.011341463414634148
2026-07-08 02:00:00,0.010285714285714285
2026-07-08 03:00:00,0.01
2026-07-08 04:00:00,0.7325
2026-07-08 05:00:00,89.78354166666666
2026-07-08 06:00:00,164.119010989011
2026-07-08 07:00:00,115.84516483516484
2026-07-08 08:00:00,126.32266666666666
2026-07-08 09:00:00,150.43588888888888
2026-07-08 10:00:00,176.3935
2026-07-08 11:00:00,186.65916666666666
2026-07-08 12:00:00,201.1759036144578
2026-07-08 13:00:00,186.95451612903227
2026-07-08 14:00:00,179.48815217391305
2026-07-08 15:00:00,158.23988636363637
2026-07-08 16:00:00,194.453125
2026-07-08 17:00:00,182.4545
2026-07-08 18:00:00,42.78451219512195
2026-07-08 19:00:00,3.0094736842105263
2026-07-08 20:00:00,0.02857142857142857
2026-07-08 21:00:00,0.02611111111111111
2026-07-08 22:00:00,0.019743589743589744
2026-07-08 23:00:00,0.015365853658536585
2026-07-09 00:00:00,0.014328358208955224
2026-07-09 01:00:00,0.016052631578947367
2026-07-09 02:00:00,0.014117647058823528
2026-07-09 03:00:00,0.014235294117647058
2026-07-09 04:00:00,1.128395061728395
2026-07-09 05:00:00,81.67647058823529
2026-07-09 06:00:00,112.41551020408163
2026-07-09 07:00:00,127.19388235294117
2026-07-09 08:00:00,157.19935897435897
2026-07-09 09:00:00,157.69168674698795
2026-07-09 10:00:00,179.38
2026-07-09 11:00:00,186.88702127659576
2026-07-09 12:00:00,200.0132967032967
2026-07-09 13:00:00,190.80426966292137
2026-07-09 14:00:00,177.6278494623656
2026-07-09 15:00:00,157.30443298969072
2026-07-09 16:00:00,186.2922619047619
2026-07-09 17:00:00,179.29953488372092
2026-07-09 18:00:00,42.926625
2026-07-09 19:00:00,3.333684210526316
2026-07-09 20:00:00,0.020138888888888887
2026-07-09 21:00:00,0.01735294117647059
2026-07-09 22:00:00,0.01821917808219178
2026-07-09 23:00:00,0.015714285714285715
2026-07-10 00:00:00,0.0148
2026-07-10 01:00:00,0.015375
2026-07-10 02:00:00,0.015526315789473683
2026-07-10 03:00:00,0.015844155844155845
2026-07-10 04:00:00,0.6274025974025974
2026-07-10 05:00:00,90.75742268041236
2026-07-10 06:00:00,131.63804347826087
2026-07-10 07:00:00,128.41021505376344
2026-07-10 08:00:00,132.8421505376344
2026-07-10 09:00:00,149.24477777777778
2026-07-10 10:00:00,169.86587500000002
2026-07-10 11:00:00,183.17044943820224
2026-07-10 12:00:00,196.03486486486486
2026-07-10 13:00:00,187.89377551020408
2026-07-10 14:00:00,161.36333333333334
2026-07-10 15:00:00,145.49546511627906
2026-07-10 16:00:00,124.70296703296702
2026-07-10 17:00:00,170.45000000000002
2026-07-10 18:00:00,38.53627906976744
2026-07-10 19:00:00,3.132727272727273
2026-07-10 20:00:00,0.02115384615384615
2026-07-10 21:00:00,0.018695652173913044
2026-07-10 22:00:00,0.017901234567901235
2026-07-10 23:00:00,0.017560975609756096
2026-07-11 00:00:00,0.017402597402597402
2026-07-11 01:00:00,0.018045977011494255
2026-07-11 02:00:00,0.016923076923076926
2026-07-11 03:00:00,0.017638888888888888
2026-07-11 04:00:00,0.32142857142857145
2026-07-11 05:00:00,77.6329347826087
2026-07-11 06:00:00,60.335542168674706
2026-07-11 07:00:00,128.41654320987655
2026-07-11 08:00:00,125.00988372093023
2026-07-11 09:00:00,143.75977528089888
2026-07-11 10:00:00,165.55274725274725
2026-07-11 11:00:00,173.6270652173913
2026-07-11 12:00:00,196.29153846153844
2026-07-11 13:00:00,150.93010869565217
2026-07-11 14:00:00,171.2622340425532
2026-07-11 15:00:00,121.86732558139535
2026-07-11 16:00:00,155.13892473118278
2026-07-11 17:00:00,125.16242105263159
2026-07-11 18:00:00,21.404642857142857
2026-07-11 19:00:00,2.0553164556962025
2026-07-11 20:00:00,0.019253731343283582
2026-07-11 21:00:00,0.017662337662337664
2026-07-11 22:00:00,0.018421052631578946
2026-07-11 23:00:00,0.0168
2026-07-12 00:00:00,0.017848101265822782
2026-07-12 01:00:00,0.016666666666666666
2026-07-12 02:00:00,0.017384615384615387
2026-07-12 03:00:00,0.01631578947368421
2026-07-12 04:00:00,0.49742857142857144
2026-07-12 05:00:00,61.7621875
2026-07-12 06:00:00,90.96059523809524
2026-07-12 07:00:00,129.38608695652175
2026-07-12 08:00:00,154.1854347826087
2026-07-12 09:00:00,165.07752808988764
2026-07-12 10:00:00,149.86700000000002
2026-07-12 11:00:00,189.17876404494382
2026-07-12 12:00:00,152.03137931034482
2026-07-12 13:00:00,160.17499999999998
2026-07-12 14:00:00,129.27739583333332
2026-07-12 15:00:00,141.28978494623658
2026-07-12 16:00:00,124.23556818181818
2026-07-12 17:00:00,162.88477777777777
2026-07-12 18:00:00,52.73845238095238
2026-07-12 19:00:00,6.405
2026-07-12 20:00:00,0.02196969696969697
2026-07-12 21:00:00,0.01945945945945946
2026-07-12 22:00:00,0.019367088607594937
2026-07-12 23:00:00,0.019506172839506175
2026-07-13 00:00:00,0.017792207792207793
2026-07-13 01:00:00,0.0171875
2026-07-13 02:00:00,0.017792207792207793
2026-07-13 03:00:00,0.01620253164556962
2026-07-13 04:00:00,0.44866666666666666
2026-07-13 05:00:00,73.87887640449439
2026-07-13 06:00:00,58.650370370370375
2026-07-13 07:00:00,114.88626373626373
2026-07-13 08:00:00,173.75073684210525
2026-07-13 09:00:00,151.16865168539326
2026-07-13 10:00:00,166.0
2026-07-13 11:00:00,174.22583333333333
2026-07-13 12:00:00,186.7591208791209
2026-07-13 13:00:00,185.5828048780488
2026-07-13 14:00:00,154.26629213483147
2026-07-13 15:00:00,141.86767123287672
2026-07-13 16:00:00,117.3534090909091
2026-07-13 17:00:00,171.9465909090909
2026-07-13 18:00:00,51.07604651162791
2026-07-13 19:00:00,2.549247311827957
2026-07-13 20:00:00,0.019240506329113925
2026-07-13 21:00:00,0.017625
2026-07-13 22:00:00,0.01810810810810811
