_time,_value
2026-01-01 00:00:00,10.341025641025642
2026-01-01 01:00:00,9.473809523809523
2026-01-01 02:00:00,8.741666666666667
2026-01-01 03:00:00,8.006976744186046
2026-01-01 04:00:00,8.668571428571427
2026-01-01 05:00:00,8.317391304347826
2026-01-01 06:00:00,7.331818181818182
2026-01-01 07:00:00,7.685
2026-01-01 08:00:00,9.857142857142858
2026-01-01 09:00:00,13.769811320754716
2026-01-01 10:00:00,20.842105263157894
2026-01-01 11:00:00,25.876470588235296
2026-01-01 12:00:00,26.8734693877551
2026-01-01 13:00:00,26.029824561403508
2026-01-01 14:00:00,24.05918367346939
2026-01-01 15:00:00,20.054000000000002
2026-01-01 16:00:00,16.533333333333335
2026-01-01 17:00:00,14.757499999999999
2026-01-01 18:00:00,14.117021276595745
2026-01-01 19:00:00,12.894871794871793
2026-01-01 20:00:00,11.213636363636363
2026-01-01 21:00:00,10.66578947368421
2026-01-01 22:00:00,10.548780487804878
2026-01-01 23:00:00,10.036842105263156
2026-01-02 00:00:00,8.983333333333334
2026-01-02 01:00:00,8.955
2026-01-02 02:00:00,8.819444444444445
2026-01-02 03:00:00,8.227027027027026
2026-01-02 04:00:00,7.7586956521739125
2026-01-02 05:00:00,7.9
2026-01-02 06:00:00,7.8999999999999995
2026-01-02 07:00:00,7.713333333333334
2026-01-02 08:00:00,9.822000000000001
2026-01-02 09:00:00,13.869565217391305
2026-01-02 10:00:00,17.12093023255814
2026-01-02 11:00:00,21.38269230769231
2026-01-02 12:00:00,24.397674418604648
2026-01-02 13:00:00,24.325581395348838
2026-01-02 14:00:00,23.46590909090909
2026-01-02 15:00:00,20.847727272727273
2026-01-02 16:00:00,17.162745098039213
2026-01-02 17:00:00,14.382978723404255
2026-01-02 18:00:00,13.234090909090908
2026-01-02 19:00:00,12.25
2026-01-02 20:00:00,10.75294117647059
2026-01-02 21:00:00,10.023809523809524
2026-01-02 22:00:00,10.191891891891892
2026-01-02 23:00:00,10.268292682926829
2026-01-03 00:00:00,10.068181818181818
2026-01-03 01:00:00,9.82
2026-01-03 02:00:00,9.71025641025641
2026-01-03 03:00:00,9.53404255319149
2026-01-03 04:00:00,9.287804878048782
2026-01-03 05:00:00,8.973529411764707
2026-01-03 06:00:00,8.544444444444444
2026-01-03 07:00:00,8.675609756097561
2026-01-03 08:00:00,10.518749999999999
2026-01-03 09:00:00,13.57906976744186
2026-01-03 10:00:00,15.208571428571426
2026-01-03 11:00:00,16.530434782608694
2026-01-03 12:00:00,17.7
2026-01-03 13:00:00,20.214285714285715
2026-01-03 14:00:00,20.184615384615388
2026-01-03 15:00:00,18.892857142857142
2026-01-03 16:00:00,16.653333333333332
2026-01-03 17:00:00,15.662857142857144
2026-01-03 18:00:00,15.184999999999999
2026-01-03 19:00:00,14.465909090909092
2026-01-03 20:00:00,12.97142857142857
2026-01-03 21:00:00,12.519444444444444
2026-01-03 22:00:00,12.131428571428572
2026-01-03 23:00:00,11.695238095238095
2026-01-04 00:00:00,11.279487179487178
2026-01-04 01:00:00,10.594736842105263
2026-01-04 02:00:00,9.961538461538462
2026-01-04 03:00:00,9.665116279069766
2026-01-04 04:00:00,9.507692307692308
2026-01-04 05:00:00,8.785
2026-01-04 06:00:00,8.984782608695653
2026-01-04 07:00:00,9.997674418604651
2026-01-04 08:00:00,11.116666666666665
2026-01-04 09:00:00,12.304761904761904
2026-01-04 10:00:00,13.448837209302324
2026-01-04 11:00:00,15.06
2026-01-04 12:00:00,17.023255813953487
2026-01-04 13:00:00,18.204761904761906
2026-01-04 14:00:00,16.936842105263157
2026-01-04 15:00:00,15.431818181818182
2026-01-04 16:00:00,14.25128205128205
2026-01-04 17:00:00,14.010526315789473
2026-01-04 18:00:00,14.065116279069766
2026-01-04 19:00:00,13.353488372093024
2026-01-04 20:00:00,12.438461538461539
2026-01-04 21:00:00,12.005714285714285
2026-01-04 22:00:00,11.5775
2026-01-04 23:00:00,11.325641025641024
2026-01-05 00:00:00,11.102702702702704
2026-01-05 01:00:00,10.956097560975609
2026-01-05 02:00:00,10.72325581395349
2026-01-05 03:00:00,10.523809523809524
2026-01-05 04:00:00,10.421621621621622
2026-01-05 05:00:00,10.327659574468086
2026-01-05 06:00:00,10.27111111111111
2026-01-05 07:00:00,10.146875
2026-01-05 08:00:00,10.436842105263159
2026-01-05 09:00:00,12.64782608695652
2026-01-05 10:00:00,15.106976744186047
2026-01-05 11:00:00,15.728205128205127
2026-01-05 12:00:00,17.804651162790698
2026-01-05 13:00:00,17.336734693877553
2026-01-05 14:00:00,16.212195121951222
2026-01-05 15:00:00,14.642105263157895
2026-01-05 16:00:00,12.723076923076922
2026-01-05 17:00:00,12.213513513513513
2026-01-05 18:00:00,11.890909090909092
2026-01-05 19:00:00,11.017948717948718
2026-01-05 20:00:00,9.863636363636363
2026-01-05 21:00:00,9.358536585365853
2026-01-05 22:00:00,9.233333333333334
2026-01-05 23:00:00,9.252500000000001
2026-01-06 00:00:00,9.04102564102564
2026-01-06 01:00:00,8.786046511627907
2026-01-06 02:00:00,8.404878048780489
2026-01-06 03:00:00,7.75
2026-01-06 04:00:00,6.940540540540541
2026-01-06 05:00:00,6.23
2026-01-06 06:00:00,4.657575757575757
2026-01-06 07:00:00,3.8342105263157893
2026-01-06 08:00:00,7.520370370370371
2026-01-06 09:00:00,10.664285714285715
2026-01-06 10:00:00,12.689795918367347
2026-01-06 11:00:00,15.579166666666666
2026-01-06 12:00:00,17.947727272727274
2026-01-06 13:00:00,19.98913043478261
2026-01-06 14:00:00,22.520454545454545
2026-01-06 15:00:00,21.30909090909091
2026-01-06 16:00:00,16.618181818181817
2026-01-06 17:00:00,12.06530612244898
2026-01-06 18:00:00,9.815384615384616
2026-01-06 19:00:00,7.688235294117647
2026-01-06 20:00:00,5.473333333333334
2026-01-06 21:00:00,4.221052631578948
2026-01-06 22:00:00,3.4490196078431374
2026-01-06 23:00:00,2.790625
2026-01-07 00:00:00,2.878947368421053
2026-01-07 01:00:00,2.9515151515151516
2026-01-07 02:00:00,3.106382978723404
2026-01-07 03:00:00,3.4
2026-01-07 04:00:00,2.471794871794872
2026-01-07 05:00:00,3.225
2026-01-07 06:00:00,2.7625
2026-01-07 07:00:00,3.050943396226415
2026-01-07 08:00:00,10.644927536231885
2026-01-07 09:00:00,18.598333333333336
2026-01-07 10:00:00,19.391228070175437
2026-01-07 11:00:00,26.572727272727274
2026-01-07 12:00:00,27.95689655172414
2026-01-07 13:00:00,30.425581395348836
2026-01-07 14:00:00,28.34473684210526
2026-01-07 15:00:00,26.26304347826087
2026-01-07 16:00:00,21.452542372881357
2026-01-07 17:00:00,15.160377358490566
2026-01-07 18:00:00,12.176190476190476
2026-01-07 19:00:00,10.568085106382979
2026-01-07 20:00:00,8.453333333333333
2026-01-07 21:00:00,7.957894736842104
2026-01-07 22:00:00,7.31764705882353
2026-01-07 23:00:00,6.5
2026-01-08 00:00:00,6.572727272727272
2026-01-08 01:00:00,5.902777777777778
2026-01-08 02:00:00,5.0813953488372094
2026-01-08 03:00:00,5.257894736842106
2026-01-08 04:00:00,5.596875
2026-01-08 05:00:00,6.341860465116278
2026-01-08 06:00:00,6.348484848484849
2026-01-08 07:00:00,6.427083333333333
2026-01-08 08:00:00,12.60909090909091
2026-01-08 09:00:00,20.49818181818182
2026-01-08 10:00:00,25.628846153846155
2026-01-08 11:00:00,29.298148148148147
2026-01-08 12:00:00,31.51
2026-01-08 13:00:00,32.372972972972974
2026-01-08 14:00:00,32.11842105263158
2026-01-08 15:00:00,30.84255319148936
2026-01-08 16:00:00,27.052459016393442
2026-01-08 17:00:00,18.4046875
2026-01-08 18:00:00,13.076595744680851
2026-01-08 19:00:00,10.955882352941176
2026-01-08 20:00:00,9.95135135135135
2026-01-08 21:00:00,9.428571428571429
2026-01-08 22:00:00,8.995000000000001
2026-01-08 23:00:00,8.554285714285713
2026-01-09 00:00:00,8.054347826086957
2026-01-09 01:00:00,7.602083333333333
2026-01-09 02:00:00,6.997142857142857
2026-01-09 03:00:00,6.455813953488373
2026-01-09 04:00:00,7.212765957446808
2026-01-09 05:00:00,7.865217391304348
2026-01-09 06:00:00,7.641025641025641
2026-01-09 07:00:00,7.811111111111111
2026-01-09 08:00:00,10.512068965517242
2026-01-09 09:00:00,19.080000000000002
2026-01-09 10:00:00,27.331999999999997
2026-01-09 11:00:00,32.236
2026-01-09 12:00:00,34.63617021276596
2026-01-09 13:00:00,35.209999999999994
2026-01-09 14:00:00,33.872727272727275
2026-01-09 15:00:00,29.53448275862069
2026-01-09 16:00:00,27.567213114754097
2026-01-09 17:00:00,19.903278688524587
2026-01-09 18:00:00,14.710416666666667
2026-01-09 19:00:00,12.404545454545454
2026-01-09 20:00:00,11.537209302325582
2026-01-09 21:00:00,10.436363636363636
2026-01-09 22:00:00,8.707692307692309
2026-01-09 23:00:00,8.082857142857142
2026-01-10 00:00:00,7.699999999999999
2026-01-10 01:00:00,8.05952380952381
2026-01-10 02:00:00,8.557894736842105
2026-01-10 03:00:00,8.948888888888888
2026-01-10 04:00:00,9.195652173913043
2026-01-10 05:00:00,8.448571428571428
2026-01-10 06:00:00,7.828947368421052
2026-01-10 07:00:00,8.506382978723405
2026-01-10 08:00:00,15.093650793650793
2026-01-10 09:00:00,21.70566037735849
2026-01-10 10:00:00,25.60588235294118
2026-01-10 11:00:00,29.247826086956525
2026-01-10 12:00:00,30.708333333333332
2026-01-10 13:00:00,31.415384615384617
2026-01-10 14:00:00,29.978
2026-01-10 15:00:00,28.354761904761908
2026-01-10 16:00:00,26.059322033898304
2026-01-10 17:00:00,17.877586206896552
2026-01-10 18:00:00,12.854347826086956
2026-01-10 19:00:00,11.897142857142857
2026-01-10 20:00:00,10.867441860465117
2026-01-10 21:00:00,11.026315789473685
2026-01-10 22:00:00,10.065116279069768
2026-01-10 23:00:00,7.885
2026-01-11 00:00:00,7.336842105263158
2026-01-11 01:00:00,7.042857142857143
2026-01-11 02:00:00,6.711111111111111
2026-01-11 03:00:00,6.76
2026-01-11 04:00:00,6.705882352941177
2026-01-11 05:00:00,7.219444444444444
2026-01-11 06:00:00,7.385
2026-01-11 07:00:00,7.8500000000000005
2026-01-11 08:00:00,12.482692307692307
2026-01-11 09:00:00,19.646666666666665
2026-01-11 10:00:00,24.724528301886796
2026-01-11 11:00:00,28.418367346938776
2026-01-11 12:00:00,31.339999999999996
2026-01-11 13:00:00,32.295744680851065
2026-01-11 14:00:00,29.268085106382976
2026-01-11 15:00:00,29.945833333333336
2026-01-11 16:00:00,28.948333333333334
2026-01-11 17:00:00,19.3390625
2026-01-11 18:00:00,13.462
2026-01-11 19:00:00,10.726829268292683
2026-01-11 20:00:00,9.485365853658536
2026-01-11 21:00:00,9.023809523809524
2026-01-11 22:00:00,8.360975609756098
2026-01-11 23:00:00,7.726829268292684
2026-01-12 00:00:00,7.7325
2026-01-12 01:00:00,7.160869565217391
2026-01-12 02:00:00,6.979545454545455
2026-01-12 03:00:00,6.827272727272728
2026-01-12 04:00:00,6.550000000000001
2026-01-12 05:00:00,5.983333333333333
2026-01-12 06:00:00,5.7372093023255815
2026-01-12 07:00:00,6.34375
2026-01-12 08:00:00,12.155555555555555
2026-01-12 09:00:00,20.73050847457627
2026-01-12 10:00:00,26.410204081632653
2026-01-12 11:00:00,30.72340425531915
2026-01-12 12:00:00,33.24166666666667
2026-01-12 13:00:00,31.2
2026-01-12 14:00:00,31.880851063829788
2026-01-12 15:00:00,31.40277777777778
2026-01-12 16:00:00,29.255357142857143
2026-01-12 17:00:00,20.2703125
2026-01-12 18:00:00,14.454166666666666
2026-01-12 19:00:00,11.605
2026-01-12 20:00:00,9.943589743589744
2026-01-12 21:00:00,8.86470588235294
2026-01-12 22:00:00,8.2875
2026-01-12 23:00:00,7.870731707317073
2026-01-13 00:00:00,7.6
2026-01-13 01:00:00,8.48
2026-01-13 02:00:00,8.430434782608696
2026-01-13 03:00:00,8.636111111111111
2026-01-13 04:00:00,8.965909090909092
2026-01-13 05:00:00,8.950000000000001
2026-01-13 06:00:00,9.134883720930233
2026-01-13 07:00:00,9.32
2026-01-13 08:00:00,10.015384615384615
2026-01-13 09:00:00,12.337777777777779
2026-01-13 10:00:00,15.34909090909091
2026-01-13 11:00:00,22.322388059701492
2026-01-13 12:00:00,27.23125
2026-01-13 13:00:00,27.22972972972973
2026-01-13 14:00:00,25.57894736842105
2026-01-13 15:00:00,26.103508771929825
2026-01-13 16:00:00,21.503846153846155
2026-01-13 17:00:00,16.292727272727273
2026-01-13 18:00:00,12.933333333333334
2026-01-13 19:00:00,11.436363636363636
2026-01-13 20:00:00,10.434146341463414
2026-01-13 21:00:00,9.65609756097561
2026-01-13 22:00:00,8.976190476190476
2026-01-13 23:00:00,8.490243902439024
2026-01-14 00:00:00,7.552777777777777
2026-01-14 01:00:00,7.043589743589743
2026-01-14 02:00:00,6.748571428571428
2026-01-14 03:00:00,6.5675
2026-01-14 04:00:00,6.726190476190476
2026-01-14 05:00:00,6.313953488372093
2026-01-14 06:00:00,6.256756756756757
2026-01-14 07:00:00,6.713157894736842
2026-01-14 08:00:00,8.46595744680851
2026-01-14 09:00:00,12.35
2026-01-14 10:00:00,16.65090909090909
2026-01-14 11:00:00,24.863333333333333
2026-01-14 12:00:00,29.30652173913043
2026-01-14 13:00:00,30.031111111111112
2026-01-14 14:00:00,29.327659574468086
2026-01-14 15:00:00,29.617948717948714
2026-01-14 16:00:00,27.743636363636366
2026-01-14 17:00:00,20.475409836065573
2026-01-14 18:00:00,15.07391304347826
2026-01-14 19:00:00,12.28
2026-01-14 20:00:00,10.969696969696969
2026-01-14 21:00:00,10.479411764705883
2026-01-14 22:00:00,9.926530612244898
2026-01-14 23:00:00,9.06969696969697
2026-01-15 00:00:00,8.2925
2026-01-15 01:00:00,7.614634146341463
2026-01-15 02:00:00,6.8775
2026-01-15 03:00:00,6.642
2026-01-15 04:00:00,6.683720930232558
2026-01-15 05:00:00,6.6812499999999995
2026-01-15 06:00:00,6.194594594594595
2026-01-15 07:00:00,6.2317073170731705
2026-01-15 08:00:00,11.610000000000001
2026-01-15 09:00:00,19.257142857142856
2026-01-15 10:00:00,25.972727272727273
2026-01-15 11:00:00,25.741509433962264
2026-01-15 12:00:00,26.176923076923078
2026-01-15 13:00:00,32.181395348837206
2026-01-15 14:00:00,31.085416666666664
2026-01-15 15:00:00,30.52608695652174
2026-01-15 16:00:00,27.89818181818182
2026-01-15 17:00:00,20.240909090909092
2026-01-15 18:00:00,14.007692307692308
2026-01-15 19:00:00,11.395918367346939
2026-01-15 20:00:00,10.393939393939394
2026-01-15 21:00:00,10.05625
2026-01-15 22:00:00,9.827906976744186
2026-01-15 23:00:00,9.439130434782609
2026-01-16 00:00:00,9.838297872340425
2026-01-16 01:00:00,10.119444444444445
2026-01-16 02:00:00,9.78936170212766
2026-01-16 03:00:00,10.021951219512195
2026-01-16 04:00:00,10.226666666666667
2026-01-16 05:00:00,10.1325
2026-01-16 06:00:00,9.471794871794872
2026-01-16 07:00:00,9.434693877551021
2026-01-16 08:00:00,13.520454545454545
2026-01-16 09:00:00,18.878947368421052
2026-01-16 10:00:00,24.356818181818184
2026-01-16 11:00:00,24.396363636363635
2026-01-16 12:00:00,27.890196078431373
2026-01-16 13:00:00,25.736363636363638
2026-01-16 14:00:00,27.579545454545453
2026-01-16 15:00:00,24.445283018867922
2026-01-16 16:00:00,20.345454545454547
2026-01-16 17:00:00,17.751020408163264
2026-01-16 18:00:00,15.657142857142858
2026-01-16 19:00:00,14.0875
2026-01-16 20:00:00,12.805714285714286
2026-01-16 21:00:00,12.538235294117648
2026-01-16 22:00:00,12.336363636363636
2026-01-16 23:00:00,11.875675675675675
2026-01-17 00:00:00,11.462857142857143
2026-01-17 01:00:00,11.096969696969696
2026-01-17 02:00:00,11.194736842105263
2026-01-17 03:00:00,11.482051282051282
2026-01-17 04:00:00,11.43421052631579
2026-01-17 05:00:00,11.383720930232558
2026-01-17 06:00:00,11.2
2026-01-17 07:00:00,10.96
2026-01-17 08:00:00,11.005882352941176
2026-01-17 09:00:00,13.196078431372548
2026-01-17 10:00:00,17.903636363636366
2026-01-17 11:00:00,25.09206349206349
2026-01-17 12:00:00,30.302
2026-01-17 13:00:00,26.42542372881356
2026-01-17 14:00:00,24.61333333333333
2026-01-17 15:00:00,24.075000000000003
2026-01-17 16:00:00,23.658490566037738
2026-01-17 17:00:00,18.85576923076923
2026-01-17 18:00:00,14.440816326530612
2026-01-17 19:00:00,12.253846153846153
2026-01-17 20:00:00,11.524324324324324
2026-01-17 21:00:00,10.644444444444444
2026-01-17 22:00:00,9.976190476190476
2026-01-17 23:00:00,8.9175
2026-01-18 00:00:00,7.4452380952380945
2026-01-18 01:00:00,6.18780487804878
2026-01-18 02:00:00,5.956818181818182
2026-01-18 03:00:00,6.255263157894737
2026-01-18 04:00:00,5.5978260869565215
2026-01-18 05:00:00,4.690476190476191
2026-01-18 06:00:00,3.894444444444444
2026-01-18 07:00:00,4.44468085106383
2026-01-18 08:00:00,9.947540983606556
2026-01-18 09:00:00,18.024193548387096
2026-01-18 10:00:00,24.27962962962963
2026-01-18 11:00:00,24.62258064516129
2026-01-18 12:00:00,27.55535714285714
2026-01-18 13:00:00,31.20952380952381
2026-01-18 14:00:00,29.119999999999997
2026-01-18 15:00:00,24.963157894736845
2026-01-18 16:00:00,18.59642857142857
2026-01-18 17:00:00,14.517777777777777
2026-01-18 18:00:00,11.76888888888889
2026-01-18 19:00:00,9.897142857142857
2026-01-18 20:00:00,8.483333333333334
2026-01-18 21:00:00,8.238636363636363
2026-01-18 22:00:00,7.602564102564102
2026-01-18 23:00:00,6.9523809523809526
2026-01-19 00:00:00,6.408333333333333
2026-01-19 01:00:00,6.511904761904762
2026-01-19 02:00:00,7.28125
2026-01-19 03:00:00,7.732558139534884
2026-01-19 04:00:00,6.7714285714285705
2026-01-19 05:00:00,6.411363636363637
2026-01-19 06:00:00,6.363157894736842
2026-01-19 07:00:00,6.763414634146342
2026-01-19 08:00:00,8.633333333333335
2026-01-19 09:00:00,11.771739130434783
2026-01-19 10:00:00,16.10377358490566
2026-01-19 11:00:00,22.466037735849056
2026-01-19 12:00:00,24.69090909090909
2026-01-19 13:00:00,26.715555555555557
2026-01-19 14:00:00,26.01111111111111
2026-01-19 15:00:00,21.116981132075473
2026-01-19 16:00:00,18.530232558139534
2026-01-19 17:00:00,16.106122448979594
2026-01-19 18:00:00,13.670588235294119
2026-01-19 19:00:00,12.657142857142858
2026-01-19 20:00:00,11.843243243243244
2026-01-19 21:00:00,11.340909090909092
2026-01-19 22:00:00,11.053658536585365
2026-01-19 23:00:00,10.737777777777778
2026-01-20 00:00:00,10.644444444444444
2026-01-20 01:00:00,10.697619047619048
2026-01-20 02:00:00,10.686842105263157
2026-01-20 03:00:00,10.346511627906976
2026-01-20 04:00:00,9.877500000000001
2026-01-20 05:00:00,9.717073170731709
2026-01-20 06:00:00,9.2875
2026-01-20 07:00:00,10.042105263157895
2026-01-20 08:00:00,11.916279069767441
2026-01-20 09:00:00,15.503846153846155
2026-01-20 10:00:00,22.928571428571427
2026-01-20 11:00:00,25.728333333333335
2026-01-20 12:00:00,29.628301886792453
2026-01-20 13:00:00,26.70952380952381
2026-01-20 14:00:00,27.426086956521736
2026-01-20 15:00:00,27.963529411764707
2026-01-20 16:00:00,28.169148936170213
2026-01-20 17:00:00,20.153684210526315
2026-01-20 18:00:00,14.717333333333332
2026-01-20 19:00:00,13.226249999999999
2026-01-20 20:00:00,12.681481481481482
2026-01-20 21:00:00,12.851249999999999
2026-01-20 22:00:00,13.022988505747126
2026-01-20 23:00:00,12.47
2026-01-21 00:00:00,12.276543209876543
2026-01-21 01:00:00,11.8675
2026-01-21 02:00:00,11.446835443037974
2026-01-21 03:00:00,10.3875
2026-01-21 04:00:00,10.0175
2026-01-21 05:00:00,10.366249999999999
2026-01-21 06:00:00,10.990243902439024
2026-01-21 07:00:00,10.996341463414634
2026-01-21 08:00:00,12.03661971830986
2026-01-21 09:00:00,16.42087912087912
2026-01-21 10:00:00,22.78055555555556
2026-01-21 11:00:00,28.76991869918699
2026-01-21 12:00:00,24.224324324324325
2026-01-21 13:00:00,25.778787878787877
2026-01-21 14:00:00,23.509649122807016
2026-01-21 15:00:00,20.375
2026-01-21 16:00:00,19.038317757009345
2026-01-21 17:00:00,16.993636363636362
2026-01-21 18:00:00,14.25925925925926
2026-01-21 19:00:00,12.996296296296295
2026-01-21 20:00:00,12.20648148148148
2026-01-21 21:00:00,11.710344827586205
2026-01-21 22:00:00,11.494392523364485
2026-01-21 23:00:00,10.514705882352942
2026-01-22 00:00:00,10.489795918367347
2026-01-22 01:00:00,10.51340206185567
2026-01-22 02:00:00,10.224509803921567
2026-01-22 03:00:00,10.026732673267327
2026-01-22 04:00:00,9.50531914893617
2026-01-22 05:00:00,10.033999999999999
2026-01-22 06:00:00,10.198148148148148
2026-01-22 07:00:00,10.939252336448599
2026-01-22 08:00:00,17.094736842105263
2026-01-22 09:00:00,24.02549019607843
2026-01-22 10:00:00,24.430000000000003
2026-01-22 11:00:00,27.615
2026-01-22 12:00:00,28.676
2026-01-22 13:00:00,29.219827586206897
2026-01-22 14:00:00,23.40086956521739
2026-01-22 15:00:00,23.077064220183487
2026-01-22 16:00:00,19.489795918367346
2026-01-22 17:00:00,16.639603960396038
2026-01-22 18:00:00,13.617821782178218
2026-01-22 19:00:00,11.89909090909091
2026-01-22 20:00:00,11.340776699029128
2026-01-22 21:00:00,11.367
2026-01-22 22:00:00,11.38019801980198
2026-01-22 23:00:00,11.05
2026-01-23 00:00:00,10.553571428571429
2026-01-23 01:00:00,10.097222222222221
2026-01-23 02:00:00,9.541592920353983
2026-01-23 03:00:00,9.831428571428571
2026-01-23 04:00:00,9.997142857142858
2026-01-23 05:00:00,10.056000000000001
2026-01-23 06:00:00,9.876991150442477
2026-01-23 07:00:00,9.751546391752576
2026-01-23 08:00:00,11.17142857142857
2026-01-23 09:00:00,13.324038461538462
2026-01-23 10:00:00,16.199029126213592
2026-01-23 11:00:00,19.905217391304348
2026-01-23 12:00:00,27.784745762711864
2026-01-23 13:00:00,32.94181818181818
2026-01-23 14:00:00,33.1
2026-01-23 15:00:00,31.736538461538462
2026-01-23 16:00:00,29.691509433962267
2026-01-23 17:00:00,20.997520661157022
2026-01-23 18:00:00,15.136697247706422
2026-01-23 19:00:00,13.946078431372548
2026-01-23 20:00:00,12.580808080808081
2026-01-23 21:00:00,11.136633663366336
2026-01-23 22:00:00,11.158035714285715
2026-01-23 23:00:00,11.77837837837838
2026-01-24 00:00:00,11.694117647058823
2026-01-24 01:00:00,10.956190476190477
2026-01-24 02:00:00,10.947474747474747
2026-01-24 03:00:00,10.111578947368422
2026-01-24 04:00:00,8.263302752293578
2026-01-24 05:00:00,7.086
2026-01-24 06:00:00,6.609677419354839
2026-01-24 07:00:00,7.866071428571429
2026-01-24 08:00:00,14.805405405405406
2026-01-24 09:00:00,22.202912621359225
2026-01-24 10:00:00,24.50576923076923
2026-01-24 11:00:00,25.160550458715598
2026-01-24 12:00:00,24.855263157894736
2026-01-24 13:00:00,28.409183673469386
2026-01-24 14:00:00,28.523529411764706
2026-01-24 15:00:00,24.049107142857142
2026-01-24 16:00:00,17.727358490566036
2026-01-24 17:00:00,14.15
2026-01-24 18:00:00,11.127522935779817
2026-01-24 19:00:00,10.413207547169812
2026-01-24 20:00:00,9.685148514851484
2026-01-24 21:00:00,9.680645161290322
2026-01-24 22:00:00,9.798275862068964
2026-01-24 23:00:00,10.394845360824743
2026-01-25 00:00:00,10.594117647058823
2026-01-25 01:00:00,10.408695652173913
2026-01-25 02:00:00,9.884482758620688
2026-01-25 03:00:00,9.086238532110091
2026-01-25 04:00:00,8.61505376344086
2026-01-25 05:00:00,7.118018018018018
2026-01-25 06:00:00,6.66788990825688
2026-01-25 07:00:00,6.856310679611651
2026-01-25 08:00:00,9.516831683168316
2026-01-25 09:00:00,19.045081967213115
2026-01-25 10:00:00,26.93398058252427
2026-01-25 11:00:00,30.242424242424242
2026-01-25 12:00:00,30.563063063063062
2026-01-25 13:00:00,30.17948717948718
2026-01-25 14:00:00,28.721
2026-01-25 15:00:00,29.7447619047619
2026-01-25 16:00:00,26.22
2026-01-25 17:00:00,20.326363636363638
2026-01-25 18:00:00,16.67047619047619
2026-01-25 19:00:00,15.208333333333334
2026-01-25 20:00:00,14.148039215686273
2026-01-25 21:00:00,13.713333333333335
2026-01-25 22:00:00,13.515463917525773
2026-01-25 23:00:00,13.395145631067962
2026-01-26 00:00:00,12.782727272727271
2026-01-26 01:00:00,12.732692307692307
2026-01-26 02:00:00,12.3
2026-01-26 03:00:00,12.471296296296297
2026-01-26 04:00:00,10.992631578947368
2026-01-26 05:00:00,9.557575757575759
2026-01-26 06:00:00,9.632323232323232
2026-01-26 07:00:00,9.92909090909091
2026-01-26 08:00:00,14.892660550458714
2026-01-26 09:00:00,20.676106194690266
2026-01-26 10:00:00,27.74322033898305
2026-01-26 11:00:00,31.397272727272725
2026-01-26 12:00:00,28.31758241758242
2026-01-26 13:00:00,30.340999999999998
2026-01-26 14:00:00,24.997345132743362
2026-01-26 15:00:00,22.868468468468468
2026-01-26 16:00:00,22.20267857142857
2026-01-26 17:00:00,20.727777777777778
2026-01-26 18:00:00,18.048514851485148
2026-01-26 19:00:00,16.572727272727274
2026-01-26 20:00:00,15.341509433962264
2026-01-26 21:00:00,15.19532710280374
2026-01-26 22:00:00,14.976190476190476
2026-01-26 23:00:00,15.111650485436893
2026-01-27 00:00:00,14.310679611650485
2026-01-27 01:00:00,13.782692307692308
2026-01-27 02:00:00,14.184761904761906
2026-01-27 03:00:00,14.980952380952381
2026-01-27 04:00:00,15.085321100917431
2026-01-27 05:00:00,14.322857142857142
2026-01-27 06:00:00,14.286915887850467
2026-01-27 07:00:00,14.285046728971963
2026-01-27 08:00:00,16.525688073394495
2026-01-27 09:00:00,24.25855855855856
2026-01-27 10:00:00,25.893396226415092
2026-01-27 11:00:00,26.237391304347828
2026-01-27 12:00:00,23.535
2026-01-27 13:00:00,24.29537037037037
2026-01-27 14:00:00,23.92970297029703
2026-01-27 15:00:00,25.550980392156863
2026-01-27 16:00:00,26.259633027522938
2026-01-27 17:00:00,22.283035714285713
2026-01-27 18:00:00,17.457272727272727
2026-01-27 19:00:00,15.680555555555555
2026-01-27 20:00:00,14.017924528301888
2026-01-27 21:00:00,13.022727272727273
2026-01-27 22:00:00,11.269026548672567
2026-01-27 23:00:00,9.399047619047618
2026-01-28 00:00:00,9.060747663551401
2026-01-28 01:00:00,8.825471698113208
2026-01-28 02:00:00,8.710752688172043
2026-01-28 03:00:00,9.466336633663367
2026-01-28 04:00:00,9.44054054054054
2026-01-28 05:00:00,9.707272727272727
2026-01-28 06:00:00,9.107619047619048
2026-01-28 07:00:00,9.498019801980197
2026-01-28 08:00:00,10.118367346938776
2026-01-28 09:00:00,11.686607142857143
2026-01-28 10:00:00,12.142000000000001
2026-01-28 11:00:00,19.46639344262295
2026-01-28 12:00:00,25.96078431372549
2026-01-28 13:00:00,23.782075471698114
2026-01-28 14:00:00,22.22962962962963
2026-01-28 15:00:00,21.161061946902652
2026-01-28 16:00:00,22.34766355140187
2026-01-28 17:00:00,18.179000000000002
2026-01-28 18:00:00,14.818947368421052
2026-01-28 19:00:00,12.993636363636364
2026-01-28 20:00:00,13.066964285714286
2026-01-28 21:00:00,13.188785046728972
2026-01-28 22:00:00,13.663917525773195
2026-01-28 23:00:00,13.913392857142856
2026-01-29 00:00:00,14.457407407407409
2026-01-29 01:00:00,13.671559633027524
2026-01-29 02:00:00,12.257142857142856
2026-01-29 03:00:00,10.923300970873786
2026-01-29 04:00:00,10.191
2026-01-29 05:00:00,10.158653846153847
2026-01-29 06:00:00,9.925
2026-01-29 07:00:00,9.858585858585858
2026-01-29 08:00:00,14.417094017094017
2026-01-29 09:00:00,20.77767857142857
2026-01-29 10:00:00,24.362608695652174
2026-01-29 11:00:00,24.74625
2026-01-29 12:00:00,23.143661971830987
2026-01-29 13:00:00,21.417346938775513
2026-01-29 14:00:00,25.67927927927928
2026-01-29 15:00:00,26.837383177570093
2026-01-29 16:00:00,25.796
2026-01-29 17:00:00,24.145631067961165
2026-01-29 18:00:00,21.373831775700936
2026-01-29 19:00:00,19.991891891891893
2026-01-29 20:00:00,18.34862385321101
2026-01-29 21:00:00,17.72659574468085
2026-01-29 22:00:00,17.173529411764708
2026-01-29 23:00:00,14.801834862385322
2026-01-30 00:00:00,13.453271028037383
2026-01-30 01:00:00,13.026605504587156
2026-01-30 02:00:00,13.887096774193548
2026-01-30 03:00:00,13.250526315789473
2026-01-30 04:00:00,12.08529411764706
2026-01-30 05:00:00,12.276
2026-01-30 06:00:00,11.208256880733945
2026-01-30 07:00:00,10.51346153846154
2026-01-30 08:00:00,16.90813008130081
2026-01-30 09:00:00,25.01881188118812
2026-01-30 10:00:00,26.78787878787879
2026-01-30 11:00:00,24.274311926605506
2026-01-30 12:00:00,28.174107142857142
2026-01-30 13:00:00,27.180555555555557
2026-01-30 14:00:00,32.07117117117117
2026-01-30 15:00:00,27.74736842105263
2026-01-30 16:00:00,26.355454545454545
2026-01-30 17:00:00,22.47570093457944
2026-01-30 18:00:00,17.175471698113206
2026-01-30 19:00:00,15.447000000000001
2026-01-30 20:00:00,14.844660194174757
2026-01-30 21:00:00,14.817
2026-01-30 22:00:00,14.66868686868687
2026-01-30 23:00:00,14.841
2026-01-31 00:00:00,13.935135135135134
2026-01-31 01:00:00,12.702912621359225
2026-01-31 02:00:00,11.868571428571428
2026-01-31 03:00:00,12.026415094339622
2026-01-31 04:00:00,11.654455445544553
2026-01-31 05:00:00,11.31919191919192
2026-01-31 06:00:00,11.515151515151516
2026-01-31 07:00:00,12.334513274336283
2026-01-31 08:00:00,17.69811320754717
2026-01-31 09:00:00,22.64622641509434
2026-01-31 10:00:00,25.302857142857146
2026-01-31 11:00:00,27.164423076923075
2026-01-31 12:00:00,28.274774774774773
2026-01-31 13:00:00,28.980188679245284
2026-01-31 14:00:00,29.47307692307692
2026-01-31 15:00:00,28.045714285714286
2026-01-31 16:00:00,26.70384615384615
2026-01-31 17:00:00,20.96034482758621
2026-01-31 18:00:00,16.101020408163265
2026-01-31 19:00:00,14.121238938053098
2026-01-31 20:00:00,13.041121495327104
2026-01-31 21:00:00,11.537837837837838
2026-01-31 22:00:00,11.095652173913043
2026-01-31 23:00:00,10.70438596491228
2026-02-01 00:00:00,10.187037037037037
2026-02-01 01:00:00,9.34622641509434
2026-02-01 02:00:00,9.39423076923077
2026-02-01 03:00:00,10.360377358490567
2026-02-01 04:00:00,10.349532710280375
2026-02-01 05:00:00,10.4
2026-02-01 06:00:00,10.636274509803922
2026-02-01 07:00:00,10.861818181818181
2026-02-01 08:00:00,15.663247863247863
2026-02-01 09:00:00,23.205555555555552
2026-02-01 10:00:00,23.5364406779661
2026-02-01 11:00:00,21.828000000000003
2026-02-01 12:00:00,22.030841121495328
2026-02-01 13:00:00,23.941747572815533
2026-02-01 14:00:00,28.032352941176473
2026-02-01 15:00:00,31.238383838383836
2026-02-01 16:00:00,28.388793103448275
2026-02-01 17:00:00,21.631666666666668
2026-02-01 18:00:00,16.584745762711865
2026-02-01 19:00:00,14.073737373737373
2026-02-01 20:00:00,12.49032258064516
2026-02-01 21:00:00,11.825742574257427
2026-02-01 22:00:00,11.565094339622643
2026-02-01 23:00:00,11.621100917431193
2026-02-02 00:00:00,11.375
2026-02-02 01:00:00,11.166981132075472
2026-02-02 02:00:00,11.018627450980393
2026-02-02 03:00:00,10.744761904761905
2026-02-02 04:00:00,10.61047619047619
2026-02-02 05:00:00,10.508737864077672
2026-02-02 06:00:00,10.13980582524272
2026-02-02 07:00:00,9.620183486238531
2026-02-02 08:00:00,11.852
2026-02-02 09:00:00,14.845454545454546
2026-02-02 10:00:00,21.345378151260505
2026-02-02 11:00:00,25.763963963963967
2026-02-02 12:00:00,21.26637168141593
2026-02-02 13:00:00,20.59722222222222
2026-02-02 14:00:00,18.456880733944953
2026-02-02 15:00:00,17.132
2026-02-02 16:00:00,17.214414414414414
2026-02-02 17:00:00,17.50673076923077
2026-02-02 18:00:00,14.027450980392157
2026-02-02 19:00:00,11.908910891089109
2026-02-02 20:00:00,11.332
2026-02-02 21:00:00,11.452525252525252
2026-02-02 22:00:00,11.226732673267328
2026-02-02 23:00:00,11.02450980392157
2026-02-03 00:00:00,10.568686868686868
2026-02-03 01:00:00,8.779
2026-02-03 02:00:00,8.352
2026-02-03 03:00:00,7.582828282828284
2026-02-03 04:00:00,6.9879999999999995
2026-02-03 05:00:00,6.857843137254902
2026-02-03 06:00:00,6.598095238095238
2026-02-03 07:00:00,7.466666666666667
2026-02-03 08:00:00,12.78888888888889
2026-02-03 09:00:00,19.9375
2026-02-03 10:00:00,24.878846153846155
2026-02-03 11:00:00,23.56607142857143
2026-02-03 12:00:00,29.85213675213675
2026-02-03 13:00:00,29.349999999999998
2026-02-03 14:00:00,29.053508771929824
2026-02-03 15:00:00,25.976666666666667
2026-02-03 16:00:00,17.45818181818182
2026-02-03 17:00:00,16.58165137614679
2026-02-03 18:00:00,12.456190476190477
2026-02-03 19:00:00,10.437272727272726
2026-02-03 20:00:00,9.90566037735849
2026-02-03 21:00:00,9.61574074074074
2026-02-03 22:00:00,9.577884615384615
2026-02-03 23:00:00,9.687962962962963
2026-02-04 00:00:00,9.983333333333333
2026-02-04 01:00:00,10.051754385964912
2026-02-04 02:00:00,9.865263157894738
2026-02-04 03:00:00,9.780198019801981
2026-02-04 04:00:00,9.848076923076924
2026-02-04 05:00:00,9.855555555555556
2026-02-04 06:00:00,9.951960784313727
2026-02-04 07:00:00,9.897222222222224
2026-02-04 08:00:00,10.158715596330275
2026-02-04 09:00:00,12.348598130841122
2026-02-04 10:00:00,13.23394495412844
2026-02-04 11:00:00,13.880208333333334
2026-02-04 12:00:00,17.25462962962963
2026-02-04 13:00:00,19.879591836734694
2026-02-04 14:00:00,17.965346534653467
2026-02-04 15:00:00,16.509999999999998
2026-02-04 16:00:00,16.093396226415095
2026-02-04 17:00:00,15.813084112149532
2026-02-04 18:00:00,13.71578947368421
2026-02-04 19:00:00,12.720388349514563
2026-02-04 20:00:00,12.58095238095238
2026-02-04 21:00:00,12.483168316831684
2026-02-04 22:00:00,12.447474747474747
2026-02-04 23:00:00,12.225892857142856
2026-02-05 00:00:00,11.570093457943925
2026-02-05 01:00:00,11.572222222222221
2026-02-05 02:00:00,11.183673469387756
2026-02-05 03:00:00,10.761111111111111
2026-02-05 04:00:00,10.78640776699029
2026-02-05 05:00:00,10.409375
2026-02-05 06:00:00,10.248571428571427
2026-02-05 07:00:00,10.330097087378642
2026-02-05 08:00:00,12.960550458715597
2026-02-05 09:00:00,20.668852459016392
2026-02-05 10:00:00,26.13302752293578
2026-02-05 11:00:00,27.702727272727273
2026-02-05 12:00:00,28.75225225225225
2026-02-05 13:00:00,31.311304347826088
2026-02-05 14:00:00,32.10818181818182
2026-02-05 15:00:00,32.34090909090909
2026-02-05 16:00:00,30.795098039215684
2026-02-05 17:00:00,25.8018018018018
2026-02-05 18:00:00,20.07547169811321
2026-02-05 19:00:00,18.116981132075473
2026-02-05 20:00:00,17.200934579439252
2026-02-05 21:00:00,16.085858585858585
2026-02-05 22:00:00,15.588073394495412
2026-02-05 23:00:00,15.385
2026-02-06 00:00:00,14.863793103448277
2026-02-06 01:00:00,14.376699029126213
2026-02-06 02:00:00,13.60462962962963
2026-02-06 03:00:00,13.356880733944955
2026-02-06 04:00:00,13.019047619047619
2026-02-06 05:00:00,11.637614678899082
2026-02-06 06:00:00,11.095238095238095
2026-02-06 07:00:00,11.324074074074074
2026-02-06 08:00:00,18.15462962962963
2026-02-06 09:00:00,24.700000000000003
2026-02-06 10:00:00,25.577272727272728
2026-02-06 11:00:00,25.069090909090907
2026-02-06 12:00:00,23.13240740740741
2026-02-06 13:00:00,23.15648148148148
2026-02-06 14:00:00,26.664814814814818
2026-02-06 15:00:00,28.55754716981132
2026-02-06 16:00:00,25.310576923076926
2026-02-06 17:00:00,23.407339449541286
2026-02-06 18:00:00,17.799152542372884
2026-02-06 19:00:00,14.377777777777778
2026-02-06 20:00:00,13.620192307692308
2026-02-06 21:00:00,12.618181818181819
2026-02-06 22:00:00,11.723711340206187
2026-02-06 23:00:00,10.747058823529413
2026-02-07 00:00:00,10.790178571428571
2026-02-07 01:00:00,11.192233009708737
2026-02-07 02:00:00,10.97378640776699
2026-02-07 03:00:00,10.154285714285715
2026-02-07 04:00:00,9.75090909090909
2026-02-07 05:00:00,9.031958762886598
2026-02-07 06:00:00,8.79245283018868
2026-02-07 07:00:00,9.984536082474227
2026-02-07 08:00:00,16.520325203252032
2026-02-07 09:00:00,22.711111111111112
2026-02-07 10:00:00,24.370642201834862
2026-02-07 11:00:00,25.546788990825686
2026-02-07 12:00:00,25.02566371681416
2026-02-07 13:00:00,24.29826086956522
2026-02-07 14:00:00,23.074766355140188
2026-02-07 15:00:00,20.482568807339447
2026-02-07 16:00:00,19.114285714285714
2026-02-07 17:00:00,18.234615384615385
2026-02-07 18:00:00,15.544329896907216
2026-02-07 19:00:00,14.514851485148515
2026-02-07 20:00:00,14.069827586206896
2026-02-07 21:00:00,13.63551401869159
2026-02-07 22:00:00,12.93960396039604
2026-02-07 23:00:00,12.923809523809524
2026-02-08 00:00:00,12.378431372549022
2026-02-08 01:00:00,12.459574468085107
2026-02-08 02:00:00,12.164814814814815
2026-02-08 03:00:00,11.698095238095238
2026-02-08 04:00:00,11.192553191489361
2026-02-08 05:00:00,10.025490196078431
2026-02-08 06:00:00,9.177450980392157
2026-02-08 07:00:00,8.678181818181818
2026-02-08 08:00:00,14.910714285714286
2026-02-08 09:00:00,21.054054054054053
2026-02-08 10:00:00,22.383653846153848
2026-02-08 11:00:00,22.115887850467292
2026-02-08 12:00:00,20.822857142857142
2026-02-08 13:00:00,23.11949152542373
2026-02-08 14:00:00,22.957798165137614
2026-02-08 15:00:00,26.258181818181818
2026-02-08 16:00:00,24.951851851851853
2026-02-08 17:00:00,21.918691588785048
2026-02-08 18:00:00,15.795495495495494
2026-02-08 19:00:00,14.176363636363638
2026-02-08 20:00:00,13.079245283018869
2026-02-08 21:00:00,12.134
2026-02-08 22:00:00,11.15
2026-02-08 23:00:00,10.486734693877551
2026-02-09 00:00:00,10.838888888888889
2026-02-09 01:00:00,11.17142857142857
2026-02-09 02:00:00,11.350515463917526
2026-02-09 03:00:00,11.467241379310344
2026-02-09 04:00:00,10.996296296296295
2026-02-09 05:00:00,10.698019801980198
2026-02-09 06:00:00,10.838053097345133
2026-02-09 07:00:00,10.576146788990826
2026-02-09 08:00:00,14.164166666666667
2026-02-09 09:00:00,22.732323232323232
2026-02-09 10:00:00,26.53960396039604
2026-02-09 11:00:00,28.394642857142856
2026-02-09 12:00:00,30.893396226415092
2026-02-09 13:00:00,31.63909090909091
2026-02-09 14:00:00,30.116
2026-02-09 15:00:00,30.334821428571427
2026-02-09 16:00:00,28.857943925233645
2026-02-09 17:00:00,26.941509433962267
2026-02-09 18:00:00,23.195999999999998
2026-02-09 19:00:00,19.963551401869157
2026-02-09 20:00:00,17.90462962962963
2026-02-09 21:00:00,17.11339285714286
2026-02-09 22:00:00,16.570588235294117
2026-02-09 23:00:00,15.928571428571429
2026-02-10 00:00:00,14.894285714285715
2026-02-10 01:00:00,14.069
2026-02-10 02:00:00,13.222727272727273
2026-02-10 03:00:00,12.778181818181817
2026-02-10 04:00:00,12.723809523809523
2026-02-10 05:00:00,12.839449541284404
2026-02-10 06:00:00,12.228
2026-02-10 07:00:00,12.360377358490567
2026-02-10 08:00:00,14.670588235294119
2026-02-10 09:00:00,17.705405405405404
2026-02-10 10:00:00,23.643636363636364
2026-02-10 11:00:00,31.200934579439252
2026-02-10 12:00:00,28.822429906542055
2026-02-10 13:00:00,25.163809523809523
2026-02-10 14:00:00,24.593636363636364
2026-02-10 15:00:00,23.874285714285715
2026-02-10 16:00:00,25.40747663551402
2026-02-10 17:00:00,26.22685185185185
2026-02-10 18:00:00,23.301904761904762
2026-02-10 19:00:00,20.369811320754714
2026-02-10 20:00:00,18.95098039215686
2026-02-10 21:00:00,17.847
2026-02-10 22:00:00,16.939175257731957
2026-02-10 23:00:00,16.04313725490196
2026-02-11 00:00:00,16.04646464646465
2026-02-11 01:00:00,16.499019607843138
2026-02-11 02:00:00,16.998924731182797
2026-02-11 03:00:00,16.301941747572815
2026-02-11 04:00:00,15.53235294117647
2026-02-11 05:00:00,14.799000000000001
2026-02-11 06:00:00,14.994000000000002
2026-02-11 07:00:00,15.110619469026549
2026-02-11 08:00:00,16.595
2026-02-11 09:00:00,
2026-02-11 10:00:00,
2026-02-11 11:00:00,
2026-02-11 12:00:00,
2026-02-11 13:00:00,32.010999999999996
2026-02-11 14:00:00,30.869
2026-02-11 15:00:00,29.310101010101008
2026-02-11 16:00:00,27.395145631067958
2026-02-11 17:00:00,25.799029126213593
2026-02-11 18:00:00,23.576767676767677
2026-02-11 19:00:00,21.745045045045043
2026-02-11 20:00:00,20.43495145631068
2026-02-11 21:00:00,20.13271028037383
2026-02-11 22:00:00,19.687878787878788
2026-02-11 23:00:00,18.785
2026-02-12 00:00:00,18.759292035398232
2026-02-12 01:00:00,18.687719298245614
2026-02-12 02:00:00,18.179411764705883
2026-02-12 03:00:00,17.835576923076925
2026-02-12 04:00:00,17.751515151515154
2026-02-12 05:00:00,17.179411764705883
2026-02-12 06:00:00,16.480198019801982
2026-02-12 07:00:00,17.995238095238093
2026-02-12 08:00:00,23.773404255319146
2026-02-12 09:00:00,25.41
2026-02-12 10:00:00,26.456179775280898
2026-02-12 11:00:00,29.50176991150442
2026-02-12 12:00:00,36.16788990825688
2026-02-12 13:00:00,32.638679245283015
2026-02-12 14:00:00,29.716161616161617
2026-02-12 15:00:00,29.235576923076923
2026-02-12 16:00:00,27.470175438596492
2026-02-12 17:00:00,26.275454545454547
2026-02-12 18:00:00,22.626168224299064
2026-02-12 19:00:00,18.382
2026-02-12 20:00:00,16.44864864864865
2026-02-12 21:00:00,15.350999999999999
2026-02-12 22:00:00,15.191176470588236
2026-02-12 23:00:00,15.381443298969073
2026-02-13 00:00:00,14.413461538461538
2026-02-13 01:00:00,13.535643564356434
2026-02-13 02:00:00,12.959433962264152
2026-02-13 03:00:00,12.595283018867924
2026-02-13 04:00:00,12.076190476190476
2026-02-13 05:00:00,11.269791666666668
2026-02-13 06:00:00,10.454716981132076
2026-02-13 07:00:00,11.577570093457943
2026-02-13 08:00:00,19.140540540540538
2026-02-13 09:00:00,24.802564102564105
2026-02-13 10:00:00,22.717117117117116
2026-02-13 11:00:00,24.793913043478263
2026-02-13 12:00:00,27.251428571428573
2026-02-13 13:00:00,24.38703703703704
2026-02-13 14:00:00,22.46990291262136
2026-02-13 15:00:00,28.764814814814812
2026-02-13 16:00:00,28.607339449541282
2026-02-13 17:00:00,23.753636363636364
2026-02-13 18:00:00,19.562886597938142
2026-02-13 19:00:00,15.742307692307692
2026-02-13 20:00:00,14.579787234042554
2026-02-13 21:00:00,14.391089108910892
2026-02-13 22:00:00,14.077477477477476
2026-02-13 23:00:00,13.389320388349514
2026-02-14 00:00:00,13.18623853211009
2026-02-14 01:00:00,13.361855670103095
2026-02-14 02:00:00,13.43030303030303
2026-02-14 03:00:00,13.29203539823009
2026-02-14 04:00:00,13.021359223300971
2026-02-14 05:00:00,12.541284403669724
2026-02-14 06:00:00,12.024545454545455
2026-02-14 07:00:00,12.512962962962964
2026-02-14 08:00:00,17.758474576271187
2026-02-14 09:00:00,22.51530612244898
2026-02-14 10:00:00,24.521818181818183
2026-02-14 11:00:00,27.2
2026-02-14 12:00:00,27.16095238095238
2026-02-14 13:00:00,27.81188118811881
2026-02-14 14:00:00,28.10970873786408
2026-02-14 15:00:00,26.615454545454543
2026-02-14 16:00:00,24.343243243243244
2026-02-14 17:00:00,20.22871287128713
2026-02-14 18:00:00,17.84952380952381
2026-02-14 19:00:00,15.444660194174757
2026-02-14 20:00:00,14.670175438596493
2026-02-14 21:00:00,14.368269230769231
2026-02-14 22:00:00,13.950526315789473
2026-02-14 23:00:00,13.593457943925234
2026-02-15 00:00:00,13.046086956521739
2026-02-15 01:00:00,12.324509803921568
2026-02-15 02:00:00,11.632323232323232
2026-02-15 03:00:00,11.450000000000001
2026-02-15 04:00:00,11.480952380952381
2026-02-15 05:00:00,11.514423076923077
2026-02-15 06:00:00,11.424770642201834
2026-02-15 07:00:00,12.836448598130842
2026-02-15 08:00:00,19.541346153846153
2026-02-15 09:00:00,24.973913043478262
2026-02-15 10:00:00,26.394642857142856
2026-02-15 11:00:00,26.133000000000003
2026-02-15 12:00:00,28.556310679611652
2026-02-15 13:00:00,31.196190476190477
2026-02-15 14:00:00,29.75
2026-02-15 15:00:00,33.01714285714286
2026-02-15 16:00:00,30.11881188118812
2026-02-15 17:00:00,27.15945945945946
2026-02-15 18:00:00,22.579816513761465
2026-02-15 19:00:00,18.478378378378377
2026-02-15 20:00:00,16.61122448979592
2026-02-15 21:00:00,15.846315789473685
2026-02-15 22:00:00,15.39245283018868
2026-02-15 23:00:00,14.761111111111111
2026-02-16 00:00:00,13.67156862745098
2026-02-16 01:00:00,12.576699029126214
2026-02-16 02:00:00,13.176146788990826
2026-02-16 03:00:00,14.073
2026-02-16 04:00:00,14.373267326732673
2026-02-16 05:00:00,14.311881188118813
2026-02-16 06:00:00,14.045918367346939
2026-02-16 07:00:00,14.32685185185185
2026-02-16 08:00:00,15.858771929824563
2026-02-16 09:00:00,17.283962264150944
2026-02-16 10:00:00,19.830851063829787
2026-02-16 11:00:00,23.358715596330274
2026-02-16 12:00:00,24.604807692307695
2026-02-16 13:00:00,26.58918918918919
2026-02-16 14:00:00,32.41293103448276
2026-02-16 15:00:00,26.090476190476192
2026-02-16 16:00:00,28.3125
2026-02-16 17:00:00,25.778260869565216
2026-02-16 18:00:00,22.071296296296296
2026-02-16 19:00:00,18.37090909090909
2026-02-16 20:00:00,17.218867924528304
2026-02-16 21:00:00,17.116
2026-02-16 22:00:00,16.95111111111111
2026-02-16 23:00:00,16.603225806451615
2026-02-17 00:00:00,16.137373737373736
2026-02-17 01:00:00,15.669158878504673
2026-02-17 02:00:00,15.600934579439253
2026-02-17 03:00:00,14.914953271028038
2026-02-17 04:00:00,14.50943396226415
2026-02-17 05:00:00,15.060824742268043
2026-02-17 06:00:00,13.562626262626264
2026-02-17 07:00:00,14.663636363636364
2026-02-17 08:00:00,23.959504132231405
2026-02-17 09:00:00,29.989380530973452
2026-02-17 10:00:00,28.096666666666668
2026-02-17 11:00:00,28.335833333333333
2026-02-17 12:00:00,27.63157894736842
2026-02-17 13:00:00,29.123931623931625
2026-02-17 14:00:00,30.768807339449545
2026-02-17 15:00:00,29.59642857142857
2026-02-17 16:00:00,29.050980392156863
2026-02-17 17:00:00,30.06936936936937
2026-02-17 18:00:00,24.6392523364486
2026-02-17 19:00:00,19.509
2026-02-17 20:00:00,17.04660194174757
2026-02-17 21:00:00,16.196153846153848
2026-02-17 22:00:00,14.327619047619049
2026-02-17 23:00:00,13.467326732673268
2026-02-18 00:00:00,12.884821428571428
2026-02-18 01:00:00,12.255434782608695
2026-02-18 02:00:00,11.821782178217822
2026-02-18 03:00:00,10.761538461538462
2026-02-18 04:00:00,10.379807692307692
2026-02-18 05:00:00,10.142574257425743
2026-02-18 06:00:00,9.892592592592594
2026-02-18 07:00:00,10.918691588785046
2026-02-18 08:00:00,17.073684210526316
2026-02-18 09:00:00,23.087931034482757
2026-02-18 10:00:00,28.59576271186441
2026-02-18 11:00:00,28.361538461538462
2026-02-18 12:00:00,30.36637168141593
2026-02-18 13:00:00,29.071171171171173
2026-02-18 14:00:00,29.22336448598131
2026-02-18 15:00:00,30.014655172413793
2026-02-18 16:00:00,30.63142857142857
2026-02-18 17:00:00,29.217094017094016
2026-02-18 18:00:00,23.543518518518518
2026-02-18 19:00:00,19.004587155963304
2026-02-18 20:00:00,16.94752475247525
2026-02-18 21:00:00,15.622448979591837
2026-02-18 22:00:00,14.895495495495496
2026-02-18 23:00:00,14.408737864077668
2026-02-19 00:00:00,13.76126126126126
2026-02-19 01:00:00,13.007766990291262
2026-02-19 02:00:00,12.633962264150943
2026-02-19 03:00:00,12.653921568627451
2026-02-19 04:00:00,13.04433962264151
2026-02-19 05:00:00,13.379207920792078
2026-02-19 06:00:00,12.722115384615384
2026-02-19 07:00:00,13.48019801980198
2026-02-19 08:00:00,20.568067226890754
2026-02-19 09:00:00,26.95225225225225
2026-02-19 10:00:00,25.73272727272727
2026-02-19 11:00:00,26.497142857142855
2026-02-19 12:00:00,30.030630630630633
2026-02-19 13:00:00,32.35825242718447
2026-02-19 14:00:00,27.312280701754386
2026-02-19 15:00:00,29.380582524271844
2026-02-19 16:00:00,29.55
2026-02-19 17:00:00,26.517117117117117
2026-02-19 18:00:00,20.984403669724774
2026-02-19 19:00:00,16.506796116504855
2026-02-19 20:00:00,15.023364485981308
2026-02-19 21:00:00,14.163157894736843
2026-02-19 22:00:00,13.159615384615384
2026-02-19 23:00:00,12.086597938144331
2026-02-20 00:00:00,10.705154639175259
2026-02-20 01:00:00,10.475728155339805
2026-02-20 02:00:00,11.651428571428573
2026-02-20 03:00:00,12.198039215686276
2026-02-20 04:00:00,12.102941176470589
2026-02-20 05:00:00,11.39795918367347
2026-02-20 06:00:00,10.355670103092784
2026-02-20 07:00:00,11.989423076923078
2026-02-20 08:00:00,19.672566371681416
2026-02-20 09:00:00,26.099009900990097
2026-02-20 10:00:00,29.74368932038835
2026-02-20 11:00:00,28.850442477876104
2026-02-20 12:00:00,30.156140350877195
2026-02-20 13:00:00,32.76190476190476
2026-02-20 14:00:00,32.55841584158416
2026-02-20 15:00:00,32.31720430107527
2026-02-20 16:00:00,30.6625
2026-02-20 17:00:00,28.195535714285715
2026-02-20 18:00:00,21.662264150943393
2026-02-20 19:00:00,16.541284403669724
2026-02-20 20:00:00,13.936633663366337
2026-02-20 21:00:00,12.455045871559632
2026-02-20 22:00:00,11.559803921568626
2026-02-20 23:00:00,10.717821782178218
2026-02-21 00:00:00,10.04018691588785
2026-02-21 01:00:00,10.001941747572817
2026-02-21 02:00:00,9.69326923076923
2026-02-21 03:00:00,8.776991150442477
2026-02-21 04:00:00,8.118918918918919
2026-02-21 05:00:00,8.223853211009175
2026-02-21 06:00:00,8.025742574257427
2026-02-21 07:00:00,9.897368421052631
2026-02-21 08:00:00,19.15083333333333
2026-02-21 09:00:00,26.6109243697479
2026-02-21 10:00:00,31.535643564356434
2026-02-21 11:00:00,35.79306930693069
2026-02-21 12:00:00,35.007894736842104
2026-02-21 13:00:00,38.15533980582524
2026-02-21 14:00:00,38.760000000000005
2026-02-21 15:00:00,37.016190476190474
2026-02-21 16:00:00,33.93838383838384
2026-02-21 17:00:00,29.43243243243243
2026-02-21 18:00:00,23.158558558558557
2026-02-21 19:00:00,17.510526315789473
2026-02-21 20:00:00,14.630188679245283
2026-02-21 21:00:00,13.044230769230769
2026-02-21 22:00:00,11.943137254901961
2026-02-21 23:00:00,10.952380952380953
2026-02-22 00:00:00,10.518627450980393
2026-02-22 01:00:00,10.224242424242425
2026-02-22 02:00:00,9.8196261682243
2026-02-22 03:00:00,9.041747572815535
2026-02-22 04:00:00,8.63302752293578
2026-02-22 05:00:00,8.268224299065421
2026-02-22 06:00:00,7.66788990825688
2026-02-22 07:00:00,9.51559633027523
2026-02-22 08:00:00,18.896747967479676
2026-02-22 09:00:00,26.643362831858404
2026-02-22 10:00:00,29.916666666666668
2026-02-22 11:00:00,32.81346153846154
2026-02-22 12:00:00,35.63490566037736
2026-02-22 13:00:00,34.7776
2026-02-22 14:00:00,39.992982456140346
2026-02-22 15:00:00,38.973076923076924
2026-02-22 16:00:00,35.72596153846154
2026-02-22 17:00:00,30.670270270270272
2026-02-22 18:00:00,24.00720720720721
2026-02-22 19:00:00,17.845714285714287
2026-02-22 20:00:00,14.588043478260868
2026-02-22 21:00:00,13.072815533980583
2026-02-22 22:00:00,11.747524752475247
2026-02-22 23:00:00,11.325806451612904
2026-02-23 00:00:00,11.0
2026-02-23 01:00:00,10.655555555555557
2026-02-23 02:00:00,10.333333333333334
2026-02-23 03:00:00,10.055555555555555
2026-02-23 04:00:00,9.6
2026-02-23 05:00:00,9.427272727272728
2026-02-23 06:00:00,9.45
2026-02-23 07:00:00,11.622222222222222
2026-02-23 08:00:00,20.06
2026-02-23 09:00:00,28.11818181818182
2026-02-23 10:00:00,29.69090909090909
2026-02-23 11:00:00,29.357142857142858
2026-02-23 12:00:00,30.275000000000002
2026-02-23 13:00:00,29.936363636363637
2026-02-23 14:00:00,35.766666666666666
2026-02-23 15:00:00,35.425
2026-02-23 16:00:00,32.94166666666667
2026-02-23 17:00:00,29.419999999999998
2026-02-23 18:00:00,23.72
2026-02-23 19:00:00,18.436363636363637
2026-02-23 20:00:00,15.390909090909092
2026-02-23 21:00:00,13.6875
2026-02-23 22:00:00,12.590909090909092
2026-02-23 23:00:00,12.545454545454545
2026-02-24 00:00:00,12.100000000000001
2026-02-24 01:00:00,11.081818181818182
2026-02-24 02:00:00,10.7625
2026-02-24 03:00:00,10.822222222222223
2026-02-24 04:00:00,10.375
2026-02-24 05:00:00,9.711111111111112
2026-02-24 06:00:00,8.981818181818182
2026-02-24 07:00:00,11.2
2026-02-24 08:00:00,16.55
2026-02-24 09:00:00,21.544444444444444
2026-02-24 10:00:00,26.5625
2026-02-24 11:00:00,32.05
2026-02-24 12:00:00,36.38181818181818
2026-02-24 13:00:00,37.016666666666666
2026-02-24 14:00:00,33.388888888888886
2026-02-24 15:00:00,31.663636363636364
2026-02-24 16:00:00,34.385714285714286
2026-02-24 17:00:00,31.619999999999997
2026-02-24 18:00:00,25.018181818181816
2026-02-24 19:00:00,18.477777777777778
2026-02-24 20:00:00,15.754545454545456
2026-02-24 21:00:00,14.309999999999999
2026-02-24 22:00:00,13.1375
2026-02-24 23:00:00,12.244444444444445
2026-02-25 00:00:00,11.75
2026-02-25 01:00:00,11.127272727272727
2026-02-25 02:00:00,10.828571428571427
2026-02-25 03:00:00,10.28
2026-02-25 04:00:00,9.988888888888889
2026-02-25 05:00:00,9.9
2026-02-25 06:00:00,9.47
2026-02-25 07:00:00,11.2625
2026-02-25 08:00:00,18.59
2026-02-25 09:00:00,22.900000000000002
2026-02-25 10:00:00,28.072727272727274
2026-02-25 11:00:00,29.22222222222222
2026-02-25 12:00:00,29.58888888888889
2026-02-25 13:00:00,32.6
2026-02-25 14:00:00,33.53636363636363
2026-02-25 15:00:00,31.599999999999998
2026-02-25 16:00:00,28.75
2026-02-25 17:00:00,28.139999999999997
2026-02-25 18:00:00,22.380000000000003
2026-02-25 19:00:00,17.2
2026-02-25 20:00:00,15.51
2026-02-25 21:00:00,14.6625
2026-02-25 22:00:00,13.6
2026-02-25 23:00:00,12.969999999999999
2026-02-26 00:00:00,12.8875
2026-02-26 01:00:00,11.581818181818182
2026-02-26 02:00:00,10.790000000000001
2026-02-26 03:00:00,10.077777777777778
2026-02-26 04:00:00,9.585714285714285
2026-02-26 05:00:00,9.245454545454546
2026-02-26 06:00:00,9.244444444444445
2026-02-26 07:00:00,11.4
2026-02-26 08:00:00,16.875
2026-02-26 09:00:00,20.79
2026-02-26 10:00:00,24.8
2026-02-26 11:00:00,29.410000000000004
2026-02-26 12:00:00,32.06
2026-02-26 13:00:00,31.02
2026-02-26 14:00:00,32.02727272727273
2026-02-26 15:00:00,29.845454545454547
2026-02-26 16:00:00,26.43
2026-02-26 17:00:00,27.349999999999998
2026-02-26 18:00:00,22.5625
2026-02-26 19:00:00,16.136363636363637
2026-02-26 20:00:00,14.02
2026-02-26 21:00:00,12.790000000000001
2026-02-26 22:00:00,12.181818181818182
2026-02-26 23:00:00,11.711111111111112
2026-02-27 00:00:00,10.73
2026-02-27 01:00:00,9.866666666666667
2026-02-27 02:00:00,9.545454545454545
2026-02-27 03:00:00,9.28
2026-02-27 04:00:00,8.636363636363637
2026-02-27 05:00:00,7.970000000000001
2026-02-27 06:00:00,7.55
2026-02-27 07:00:00,9.83
2026-02-27 08:00:00,19.35
2026-02-27 09:00:00,24.966666666666665
2026-02-27 10:00:00,31.866666666666664
2026-02-27 11:00:00,28.622222222222224
2026-02-27 12:00:00,30.781818181818185
2026-02-27 13:00:00,29.645454545454548
2026-02-27 14:00:00,28.60909090909091
2026-02-27 15:00:00,23.755555555555556
2026-02-27 16:00:00,21.12222222222222
2026-02-27 17:00:00,19.56
2026-02-27 18:00:00,18.641666666666666
2026-02-27 19:00:00,17.522222222222222
2026-02-27 20:00:00,15.1625
2026-02-27 21:00:00,14.799999999999999
2026-02-27 22:00:00,14.7375
2026-02-27 23:00:00,14.627272727272727
2026-02-28 00:00:00,14.580000000000002
2026-02-28 01:00:00,14.425
2026-02-28 02:00:00,14.3
2026-02-28 03:00:00,14.255555555555556
2026-02-28 04:00:00,13.9875
2026-02-28 05:00:00,13.930000000000001
2026-02-28 06:00:00,13.866666666666667
2026-02-28 07:00:00,13.718181818181819
2026-02-28 08:00:00,15.066666666666666
2026-02-28 09:00:00,18.811111111111114
2026-02-28 10:00:00,23.291666666666668
2026-02-28 11:00:00,26.24
2026-02-28 12:00:00,28.23
2026-02-28 13:00:00,28.3
2026-02-28 14:00:00,32.01111111111111
2026-02-28 15:00:00,31.614285714285717
2026-02-28 16:00:00,24.169999999999998
2026-02-28 17:00:00,20.849999999999998
2026-02-28 18:00:00,19.45
2026-02-28 19:00:00,16.627272727272725
2026-02-28 20:00:00,15.942857142857145
2026-02-28 21:00:00,15.62
2026-02-28 22:00:00,15.372727272727273
2026-02-28 23:00:00,15.2
2026-03-01 00:00:00,15.0125
2026-03-01 01:00:00,14.809999999999999
2026-03-01 02:00:00,14.440000000000001
2026-03-01 03:00:00,13.23
2026-03-01 04:00:00,11.711111111111112
2026-03-01 05:00:00,10.863636363636363
2026-03-01 06:00:00,10.379999999999999
2026-03-01 07:00:00,11.322222222222223
2026-03-01 08:00:00,15.744444444444444
2026-03-01 09:00:00,18.555555555555557
2026-03-01 10:00:00,22.345454545454544
2026-03-01 11:00:00,27.177777777777777
2026-03-01 12:00:00,28.330000000000002
2026-03-01 13:00:00,29.663636363636364
2026-03-01 14:00:00,29.799999999999997
2026-03-01 15:00:00,27.925
2026-03-01 16:00:00,27.044444444444444
2026-03-01 17:00:00,24.98
2026-03-01 18:00:00,20.65
2026-03-01 19:00:00,16.0
2026-03-01 20:00:00,14.38
2026-03-01 21:00:00,13.7
2026-03-01 22:00:00,12.381818181818181
2026-03-01 23:00:00,11.9625
2026-03-02 00:00:00,11.66
2026-03-02 01:00:00,11.477777777777778
2026-03-02 02:00:00,10.9
2026-03-02 03:00:00,10.771428571428572
2026-03-02 04:00:00,10.84
2026-03-02 05:00:00,11.075
2026-03-02 06:00:00,11.427272727272728
2026-03-02 07:00:00,11.53
2026-03-02 08:00:00,12.459999999999999
2026-03-02 09:00:00,20.08888888888889
2026-03-02 10:00:00,19.827272727272728
2026-03-02 11:00:00,21.62222222222222
2026-03-02 12:00:00,21.990909090909092
2026-03-02 13:00:00,21.016666666666666
2026-03-02 14:00:00,19.433333333333334
2026-03-02 15:00:00,18.55
2026-03-02 16:00:00,18.985714285714288
2026-03-02 17:00:00,23.419999999999998
2026-03-02 18:00:00,20.116666666666667
2026-03-02 19:00:00,16.433333333333334
2026-03-02 20:00:00,15.322222222222223
2026-03-02 21:00:00,14.785714285714286
2026-03-02 22:00:00,14.430000000000001
2026-03-02 23:00:00,14.14
2026-03-03 00:00:00,14.036363636363637
2026-03-03 01:00:00,13.930000000000001
2026-03-03 02:00:00,13.7
2026-03-03 03:00:00,13.299999999999999
2026-03-03 04:00:00,13.2
2026-03-03 05:00:00,12.559999999999999
2026-03-03 06:00:00,11.879999999999999
2026-03-03 07:00:00,12.30909090909091
2026-03-03 08:00:00,20.3125
2026-03-03 09:00:00,23.833333333333332
2026-03-03 10:00:00,27.655555555555555
2026-03-03 11:00:00,29.5875
2026-03-03 12:00:00,29.191666666666666
2026-03-03 13:00:00,28.84444444444444
2026-03-03 14:00:00,29.536363636363635
2026-03-03 15:00:00,28.827272727272728
2026-03-03 16:00:00,28.2
2026-03-03 17:00:00,25.080000000000002
2026-03-03 18:00:00,21.900000000000002
2026-03-03 19:00:00,17.822222222222223
2026-03-03 20:00:00,15.466666666666665
2026-03-03 21:00:00,14.455555555555556
2026-03-03 22:00:00,14.399999999999999
2026-03-03 23:00:00,13.728571428571428
2026-03-04 00:00:00,12.924999999999999
2026-03-04 01:00:00,12.70909090909091
2026-03-04 02:00:00,12.69090909090909
2026-03-04 03:00:00,12.75
2026-03-04 04:00:00,13.016666666666666
2026-03-04 05:00:00,13.081818181818182
2026-03-04 06:00:00,12.99
2026-03-04 07:00:00,13.669999999999998
2026-03-04 08:00:00,20.614285714285717
2026-03-04 09:00:00,23.410000000000004
2026-03-04 10:00:00,24.063636363636363
2026-03-04 11:00:00,25.35
2026-03-04 12:00:00,24.055555555555557
2026-03-04 13:00:00,24.27
2026-03-04 14:00:00,24.244444444444444
2026-03-04 15:00:00,22.4625
2026-03-04 16:00:00,21.599999999999998
2026-03-04 17:00:00,21.7
2026-03-04 18:00:00,20.85
2026-03-04 19:00:00,17.96
2026-03-04 20:00:00,16.0
2026-03-04 21:00:00,14.857142857142858
2026-03-04 22:00:00,14.255555555555556
2026-03-04 23:00:00,13.936363636363637
2026-03-05 00:00:00,13.627272727272727
2026-03-05 01:00:00,13.2
2026-03-05 02:00:00,12.930000000000001
2026-03-05 03:00:00,12.200000000000001
2026-03-05 04:00:00,12.1
2026-03-05 05:00:00,11.890909090909092
2026-03-05 06:00:00,12.109090909090908
2026-03-05 07:00:00,12.8625
2026-03-05 08:00:00,14.636363636363637
2026-03-05 09:00:00,22.811111111111114
2026-03-05 10:00:00,25.05
2026-03-05 11:00:00,19.4
2026-03-05 12:00:00,21.22222222222222
2026-03-05 13:00:00,20.475
2026-03-05 14:00:00,20.75
2026-03-05 15:00:00,17.2875
2026-03-05 16:00:00,16.0
2026-03-05 17:00:00,16.2125
2026-03-05 18:00:00,17.1
2026-03-05 19:00:00,14.772727272727273
2026-03-05 20:00:00,14.05
2026-03-05 21:00:00,13.754545454545456
2026-03-05 22:00:00,13.385714285714286
2026-03-05 23:00:00,13.036363636363637
2026-03-06 00:00:00,12.814285714285715
2026-03-06 01:00:00,12.11
2026-03-06 02:00:00,10.944444444444445
2026-03-06 03:00:00,10.25
2026-03-06 04:00:00,9.966666666666667
2026-03-06 05:00:00,9.34
2026-03-06 06:00:00,8.709090909090909
2026-03-06 07:00:00,12.459999999999999
2026-03-06 08:00:00,16.88888888888889
2026-03-06 09:00:00,21.59166666666667
2026-03-06 10:00:00,26.51111111111111
2026-03-06 11:00:00,26.339999999999996
2026-03-06 12:00:00,24.955555555555556
2026-03-06 13:00:00,27.71
2026-03-06 14:00:00,29.422222222222224
2026-03-06 15:00:00,27.189999999999998
2026-03-06 16:00:00,24.4
2026-03-06 17:00:00,21.022222222222222
2026-03-06 18:00:00,19.685714285714287
2026-03-06 19:00:00,16.61111111111111
2026-03-06 20:00:00,13.47272727272727
2026-03-06 21:00:00,12.345454545454546
2026-03-06 22:00:00,11.68
2026-03-06 23:00:00,10.555555555555555
2026-03-07 00:00:00,9.6625
2026-03-07 01:00:00,9.941666666666666
2026-03-07 02:00:00,10.200000000000001
2026-03-07 03:00:00,10.2125
2026-03-07 04:00:00,9.366666666666667
2026-03-07 05:00:00,8.425
2026-03-07 06:00:00,7.9799999999999995
2026-03-07 07:00:00,11.755555555555555
2026-03-07 08:00:00,18.4
2026-03-07 09:00:00,23.383333333333336
2026-03-07 10:00:00,27.633333333333333
2026-03-07 11:00:00,32.225
2026-03-07 12:00:00,33.042857142857144
2026-03-07 13:00:00,30.869999999999997
2026-03-07 14:00:00,28.654545454545453
2026-03-07 15:00:00,21.944444444444443
2026-03-07 16:00:00,21.47
2026-03-07 17:00:00,21.209090909090907
2026-03-07 18:00:00,19.05
2026-03-07 19:00:00,15.52222222222222
2026-03-07 20:00:00,14.0375
2026-03-07 21:00:00,13.27
2026-03-07 22:00:00,12.622222222222222
2026-03-07 23:00:00,12.654545454545454
2026-03-08 00:00:00,12.5375
2026-03-08 01:00:00,12.466666666666667
2026-03-08 02:00:00,12.233333333333334
2026-03-08 03:00:00,12.1
2026-03-08 04:00:00,12.02727272727273
2026-03-08 05:00:00,12.066666666666666
2026-03-08 06:00:00,12.059999999999999
2026-03-08 07:00:00,12.61111111111111
2026-03-08 08:00:00,15.780000000000001
2026-03-08 09:00:00,20.080000000000002
2026-03-08 10:00:00,29.885714285714283
2026-03-08 11:00:00,33.21111111111111
2026-03-08 12:00:00,28.90909090909091
2026-03-08 13:00:00,28.650000000000002
2026-03-08 14:00:00,25.8875
2026-03-08 15:00:00,21.6375
2026-03-08 16:00:00,20.285714285714285
2026-03-08 17:00:00,19.38
2026-03-08 18:00:00,18.58888888888889
2026-03-08 19:00:00,15.61
2026-03-08 20:00:00,14.266666666666667
2026-03-08 21:00:00,13.333333333333334
2026-03-08 22:00:00,12.0
2026-03-08 23:00:00,11.133333333333333
2026-03-09 00:00:00,10.379999999999999
2026-03-09 01:00:00,9.777777777777779
2026-03-09 02:00:00,9.55
2026-03-09 03:00:00,9.381818181818183
2026-03-09 04:00:00,9.236363636363636
2026-03-09 05:00:00,8.744444444444445
2026-03-09 06:00:00,8.227272727272727
2026-03-09 07:00:00,17.063636363636363
2026-03-09 08:00:00,23.5
2026-03-09 09:00:00,28.063636363636363
2026-03-09 10:00:00,30.45
2026-03-09 11:00:00,33.55
2026-03-09 12:00:00,28.8
2026-03-09 13:00:00,33.21
2026-03-09 14:00:00,31.922222222222224
2026-03-09 15:00:00,26.427272727272726
2026-03-09 16:00:00,23.45
2026-03-09 17:00:00,22.41111111111111
2026-03-09 18:00:00,20.200000000000003
2026-03-09 19:00:00,16.0
2026-03-09 20:00:00,13.6375
2026-03-09 21:00:00,12.9375
2026-03-09 22:00:00,13.144444444444444
2026-03-09 23:00:00,13.3
2026-03-10 00:00:00,13.47272727272727
2026-03-10 01:00:00,13.545454545454545
2026-03-10 02:00:00,13.5
2026-03-10 03:00:00,13.16
2026-03-10 04:00:00,12.0875
2026-03-10 05:00:00,11.7125
2026-03-10 06:00:00,11.05
2026-03-10 07:00:00,10.9
2026-03-10 08:00:00,15.13
2026-03-10 09:00:00,18.009090909090908
2026-03-10 10:00:00,14.681818181818182
2026-03-10 11:00:00,17.22
2026-03-10 12:00:00,18.0625
2026-03-10 13:00:00,19.188888888888886
2026-03-10 14:00:00,17.93
2026-03-10 15:00:00,19.711111111111112
2026-03-10 16:00:00,16.3
2026-03-10 17:00:00,15.877777777777778
2026-03-10 18:00:00,17.581818181818182
2026-03-10 19:00:00,15.899999999999999
2026-03-10 20:00:00,12.89
2026-03-10 21:00:00,12.722222222222221
2026-03-10 22:00:00,12.649999999999999
2026-03-10 23:00:00,12.58
2026-03-11 00:00:00,12.363636363636363
2026-03-11 01:00:00,12.255555555555555
2026-03-11 02:00:00,12.26
2026-03-11 03:00:00,12.142857142857142
2026-03-11 04:00:00,12.233333333333333
2026-03-11 05:00:00,12.24
2026-03-11 06:00:00,15.533333333333335
2026-03-11 07:00:00,18.9
2026-03-11 08:00:00,20.236363636363635
2026-03-11 09:00:00,21.391666666666666
2026-03-11 10:00:00,26.7
2026-03-11 11:00:00,29.0625
2026-03-11 12:00:00,26.333333333333332
2026-03-11 13:00:00,24.59
2026-03-11 14:00:00,27.82
2026-03-11 15:00:00,28.622222222222224
2026-03-11 16:00:00,28.772727272727273
2026-03-11 17:00:00,23.91111111111111
2026-03-11 18:00:00,21.154545454545453
2026-03-11 19:00:00,16.740000000000002
2026-03-11 20:00:00,14.91
2026-03-11 21:00:00,13.55
2026-03-11 22:00:00,12.909090909090908
2026-03-11 23:00:00,13.372727272727273
2026-03-12 00:00:00,13.69090909090909
2026-03-12 01:00:00,13.781818181818181
2026-03-12 02:00:00,13.850000000000001
2026-03-12 03:00:00,13.9125
2026-03-12 04:00:00,13.616666666666667
2026-03-12 05:00:00,13.419999999999998
2026-03-12 06:00:00,12.228571428571428
2026-03-12 07:00:00,14.671428571428573
2026-03-12 08:00:00,20.4125
2026-03-12 09:00:00,25.477777777777778
2026-03-12 10:00:00,26.4
2026-03-12 11:00:00,27.32
2026-03-12 12:00:00,27.52857142857143
2026-03-12 13:00:00,28.97
2026-03-12 14:00:00,25.833333333333332
2026-03-12 15:00:00,26.160000000000004
2026-03-12 16:00:00,30.54
2026-03-12 17:00:00,29.075
2026-03-12 18:00:00,23.7625
2026-03-12 19:00:00,18.445454545454545
2026-03-12 20:00:00,15.709999999999999
2026-03-12 21:00:00,14.3
2026-03-12 22:00:00,13.633333333333333
2026-03-12 23:00:00,12.7
2026-03-13 00:00:00,12.072727272727274
2026-03-13 01:00:00,11.285714285714286
2026-03-13 02:00:00,10.9375
2026-03-13 03:00:00,10.82
2026-03-13 04:00:00,10.172727272727274
2026-03-13 05:00:00,9.909090909090908
2026-03-13 06:00:00,9.959999999999999
2026-03-13 07:00:00,14.7
2026-03-13 08:00:00,24.21
2026-03-13 09:00:00,26.689999999999998
2026-03-13 10:00:00,27.327272727272728
2026-03-13 11:00:00,33.82857142857143
2026-03-13 12:00:00,35.65833333333333
2026-03-13 13:00:00,37.730000000000004
2026-03-13 14:00:00,37.900000000000006
2026-03-13 15:00:00,29.1625
2026-03-13 16:00:00,27.985714285714288
2026-03-13 17:00:00,26.45
2026-03-13 18:00:00,23.38888888888889
2026-03-13 19:00:00,18.533333333333335
2026-03-13 20:00:00,16.41
2026-03-13 21:00:00,15.47272727272727
2026-03-13 22:00:00,14.75
2026-03-13 23:00:00,14.040000000000001
2026-03-14 00:00:00,12.9125
2026-03-14 01:00:00,12.01
2026-03-14 02:00:00,11.8
2026-03-14 03:00:00,11.391666666666666
2026-03-14 04:00:00,11.08
2026-03-14 05:00:00,11.11
2026-03-14 06:00:00,11.8375
2026-03-14 07:00:00,12.383333333333333
2026-03-14 08:00:00,15.755555555555556
2026-03-14 09:00:00,23.9875
2026-03-14 10:00:00,22.463636363636365
2026-03-14 11:00:00,21.08888888888889
2026-03-14 12:00:00,23.29
2026-03-14 13:00:00,24.063636363636363
2026-03-14 14:00:00,24.0375
2026-03-14 15:00:00,24.466666666666665
2026-03-14 16:00:00,23.3
2026-03-14 17:00:00,23.145454545454545
2026-03-14 18:00:00,20.62222222222222
2026-03-14 19:00:00,17.69090909090909
2026-03-14 20:00:00,16.363636363636363
2026-03-14 21:00:00,15.5
2026-03-14 22:00:00,14.555555555555555
2026-03-14 23:00:00,14.299999999999999
2026-03-15 00:00:00,14.136363636363637
2026-03-15 01:00:00,13.6125
2026-03-15 02:00:00,13.09
2026-03-15 03:00:00,12.88
2026-03-15 04:00:00,12.718181818181819
2026-03-15 05:00:00,12.214285714285714
2026-03-15 06:00:00,11.733333333333333
2026-03-15 07:00:00,15.700000000000001
2026-03-15 08:00:00,24.657142857142855
2026-03-15 09:00:00,29.375
2026-03-15 10:00:00,30.99090909090909
2026-03-15 11:00:00,32.455555555555556
2026-03-15 12:00:00,32.0625
2026-03-15 13:00:00,32.87
2026-03-15 14:00:00,28.810000000000002
2026-03-15 15:00:00,24.071428571428573
2026-03-15 16:00:00,25.700000000000003
2026-03-15 17:00:00,27.58888888888889
2026-03-15 18:00:00,21.483333333333334
2026-03-15 19:00:00,16.200000000000003
2026-03-15 20:00:00,13.98
2026-03-15 21:00:00,12.875
2026-03-15 22:00:00,11.711111111111112
2026-03-15 23:00:00,10.375
2026-03-16 00:00:00,10.025
2026-03-16 01:00:00,10.290000000000001
2026-03-16 02:00:00,8.879999999999999
2026-03-16 03:00:00,7.633333333333334
2026-03-16 04:00:00,7.2
2026-03-16 05:00:00,6.566666666666666
2026-03-16 06:00:00,8.433333333333334
2026-03-16 07:00:00,16.3625
2026-03-16 08:00:00,23.75714285714286
2026-03-16 09:00:00,28.44545454545454
2026-03-16 10:00:00,31.340000000000003
2026-03-16 11:00:00,34.733333333333334
2026-03-16 12:00:00,34.07
2026-03-16 13:00:00,31.522222222222222
2026-03-16 14:00:00,31.200000000000003
2026-03-16 15:00:00,33.142857142857146
2026-03-16 16:00:00,31.85
2026-03-16 17:00:00,29.814285714285713
2026-03-16 18:00:00,22.145454545454545
2026-03-16 19:00:00,16.10909090909091
2026-03-16 20:00:00,13.663636363636364
2026-03-16 21:00:00,12.744444444444445
2026-03-16 22:00:00,11.922222222222222
2026-03-16 23:00:00,11.209090909090909
2026-03-17 00:00:00,10.466666666666667
2026-03-17 01:00:00,9.725
2026-03-17 02:00:00,8.936363636363636
2026-03-17 03:00:00,8.155555555555557
2026-03-17 04:00:00,7.627272727272728
2026-03-17 05:00:00,7.388888888888889
2026-03-17 06:00:00,7.211111111111112
2026-03-17 07:00:00,12.754545454545452
2026-03-17 08:00:00,22.966666666666665
2026-03-17 09:00:00,30.22222222222222
2026-03-17 10:00:00,35.82
2026-03-17 11:00:00,39.09090909090909
2026-03-17 12:00:00,36.111111111111114
2026-03-17 13:00:00,31.860000000000003
2026-03-17 14:00:00,34.67
2026-03-17 15:00:00,32.233333333333334
2026-03-17 16:00:00,28.53
2026-03-17 17:00:00,28.630000000000003
2026-03-17 18:00:00,23.045454545454547
2026-03-17 19:00:00,16.279999999999998
2026-03-17 20:00:00,13.077777777777778
2026-03-17 21:00:00,11.427272727272728
2026-03-17 22:00:00,9.98
2026-03-17 23:00:00,8.75
2026-03-18 00:00:00,8.5
2026-03-18 01:00:00,7.922222222222222
2026-03-18 02:00:00,7.644444444444444
2026-03-18 03:00:00,7.566666666666666
2026-03-18 04:00:00,7.144444444444444
2026-03-18 05:00:00,6.963636363636363
2026-03-18 06:00:00,7.2749999999999995
2026-03-18 07:00:00,10.41
2026-03-18 08:00:00,16.75
2026-03-18 09:00:00,23.119999999999997
2026-03-18 10:00:00,24.880000000000003
2026-03-18 11:00:00,27.522222222222222
2026-03-18 12:00:00,27.60909090909091
2026-03-18 13:00:00,29.014285714285712
2026-03-18 14:00:00,24.84
2026-03-18 15:00:00,23.957142857142856
2026-03-18 16:00:00,22.740000000000002
2026-03-18 17:00:00,20.45
2026-03-18 18:00:00,18.125
2026-03-18 19:00:00,16.38181818181818
2026-03-18 20:00:00,15.463636363636363
2026-03-18 21:00:00,14.718181818181819
2026-03-18 22:00:00,13.736363636363636
2026-03-18 23:00:00,12.983333333333334
2026-03-19 00:00:00,12.26
2026-03-19 01:00:00,11.559999999999999
2026-03-19 02:00:00,10.844444444444443
2026-03-19 03:00:00,10.59
2026-03-19 04:00:00,10.30909090909091
2026-03-19 05:00:00,10.255555555555555
2026-03-19 06:00:00,10.641666666666667
2026-03-19 07:00:00,15.644444444444446
2026-03-19 08:00:00,26.37777777777778
2026-03-19 09:00:00,33.56666666666667
2026-03-19 10:00:00,36.769999999999996
2026-03-19 11:00:00,39.75
2026-03-19 12:00:00,38.41111111111111
2026-03-19 13:00:00,37.199999999999996
2026-03-19 14:00:00,37.52727272727273
2026-03-19 15:00:00,33.04444444444445
2026-03-19 16:00:00,30.439999999999998
2026-03-19 17:00:00,27.12222222222222
2026-03-19 18:00:00,20.016666666666666
2026-03-19 19:00:00,16.630000000000003
2026-03-19 20:00:00,15.040000000000001
2026-03-19 21:00:00,14.666666666666666
2026-03-19 22:00:00,13.644444444444444
2026-03-19 23:00:00,13.02727272727273
2026-03-20 00:00:00,13.444444444444445
2026-03-20 01:00:00,13.819999999999999
2026-03-20 02:00:00,14.011111111111111
2026-03-20 03:00:00,14.054545454545455
2026-03-20 04:00:00,13.959999999999999
2026-03-20 05:00:00,14.069999999999999
2026-03-20 06:00:00,14.009090909090908
2026-03-20 07:00:00,14.87
2026-03-20 08:00:00,16.575
2026-03-20 09:00:00,17.70909090909091
2026-03-20 10:00:00,20.97142857142857
2026-03-20 11:00:00,19.259999999999998
2026-03-20 12:00:00,
2026-03-20 13:00:00,
2026-03-20 14:00:00,21.928571428571427
2026-03-20 15:00:00,28.76
2026-03-20 16:00:00,27.8
2026-03-20 17:00:00,22.585714285714285
2026-03-20 18:00:00,17.544444444444444
2026-03-20 19:00:00,15.52222222222222
2026-03-20 20:00:00,14.569999999999999
2026-03-20 21:00:00,13.733333333333333
2026-03-20 22:00:00,13.209999999999999
2026-03-20 23:00:00,13.319999999999999
2026-03-21 00:00:00,13.491666666666667
2026-03-21 01:00:00,13.314285714285715
2026-03-21 02:00:00,13.24
2026-03-21 03:00:00,13.185714285714285
2026-03-21 04:00:00,12.691666666666668
2026-03-21 05:00:00,11.99
2026-03-21 06:00:00,11.92
2026-03-21 07:00:00,12.85
2026-03-21 08:00:00,16.233333333333334
2026-03-21 09:00:00,20.266666666666666
2026-03-21 10:00:00,23.45
2026-03-21 11:00:00,26.175
2026-03-21 12:00:00,27.5125
2026-03-21 13:00:00,29.0
2026-03-21 14:00:00,25.475
2026-03-21 15:00:00,22.4
2026-03-21 16:00:00,20.490000000000002
2026-03-21 17:00:00,19.53
2026-03-21 18:00:00,17.68888888888889
2026-03-21 19:00:00,15.618181818181819
2026-03-21 20:00:00,14.48
2026-03-21 21:00:00,13.990909090909092
2026-03-21 22:00:00,13.677777777777777
2026-03-21 23:00:00,12.42
2026-03-22 00:00:00,10.663636363636364
2026-03-22 01:00:00,10.122222222222222
2026-03-22 02:00:00,10.18888888888889
2026-03-22 03:00:00,9.78
2026-03-22 04:00:00,9.39090909090909
2026-03-22 05:00:00,8.799999999999999
2026-03-22 06:00:00,8.345454545454546
2026-03-22 07:00:00,14.372727272727273
2026-03-22 08:00:00,23.62222222222222
2026-03-22 09:00:00,31.4375
2026-03-22 10:00:00,37.888888888888886
2026-03-22 11:00:00,39.67
2026-03-22 12:00:00,40.445454545454545
2026-03-22 13:00:00,43.08181818181818
2026-03-22 14:00:00,41.760000000000005
2026-03-22 15:00:00,35.9
2026-03-22 16:00:00,35.18181818181818
2026-03-22 17:00:00,32.48888888888889
2026-03-22 18:00:00,23.55
2026-03-22 19:00:00,16.991666666666667
2026-03-22 20:00:00,14.0
2026-03-22 21:00:00,12.459999999999999
2026-03-22 22:00:00,12.059999999999999
2026-03-22 23:00:00,11.74
2026-03-23 00:00:00,11.288888888888888
2026-03-23 01:00:00,10.6
2026-03-23 02:00:00,10.071428571428571
2026-03-23 03:00:00,9.709999999999999
2026-03-23 04:00:00,9.2375
2026-03-23 05:00:00,8.7
2026-03-23 06:00:00,8.81111111111111
2026-03-23 07:00:00,15.214285714285714
2026-03-23 08:00:00,25.336363636363636
2026-03-23 09:00:00,33.06363636363636
2026-03-23 10:00:00,37.38181818181818
2026-03-23 11:00:00,34.2
2026-03-23 12:00:00,33.39
2026-03-23 13:00:00,34.6875
2026-03-23 14:00:00,33.900000000000006
2026-03-23 15:00:00,31.88181818181818
2026-03-23 16:00:00,26.316666666666666
2026-03-23 17:00:00,20.044444444444444
2026-03-23 18:00:00,17.009999999999998
2026-03-23 19:00:00,15.34
2026-03-23 20:00:00,13.866666666666667
2026-03-23 21:00:00,13.440000000000001
2026-03-23 22:00:00,12.328571428571427
2026-03-23 23:00:00,10.8
2026-03-24 00:00:00,10.033333333333333
2026-03-24 01:00:00,10.027272727272727
2026-03-24 02:00:00,9.65
2026-03-24 03:00:00,9.55
2026-03-24 04:00:00,8.9625
2026-03-24 05:00:00,8.275
2026-03-24 06:00:00,8.5
2026-03-24 07:00:00,15.85
2026-03-24 08:00:00,24.45
2026-03-24 09:00:00,30.727272727272727
2026-03-24 10:00:00,33.2
2026-03-24 11:00:00,33.8
2026-03-24 12:00:00,33.3
2026-03-24 13:00:00,36.31
2026-03-24 14:00:00,40.78
2026-03-24 15:00:00,36.77272727272727
2026-03-24 16:00:00,33.6
2026-03-24 17:00:00,28.82
2026-03-24 18:00:00,19.490909090909092
2026-03-24 19:00:00,15.35
2026-03-24 20:00:00,13.61111111111111
2026-03-24 21:00:00,12.683333333333332
2026-03-24 22:00:00,11.766666666666667
2026-03-24 23:00:00,10.875
2026-03-25 00:00:00,10.533333333333333
2026-03-25 01:00:00,10.1875
2026-03-25 02:00:00,9.690000000000001
2026-03-25 03:00:00,8.691666666666666
2026-03-25 04:00:00,8.255555555555555
2026-03-25 05:00:00,7.57
2026-03-25 06:00:00,7.827272727272727
2026-03-25 07:00:00,14.811111111111112
2026-03-25 08:00:00,22.51111111111111
2026-03-25 09:00:00,28.75
2026-03-25 10:00:00,34.55
2026-03-25 11:00:00,37.666666666666664
2026-03-25 12:00:00,38.900000000000006
2026-03-25 13:00:00,40.07
2026-03-25 14:00:00,40.74166666666667
2026-03-25 15:00:00,39.64545454545455
2026-03-25 16:00:00,36.36666666666667
2026-03-25 17:00:00,26.8
2026-03-25 18:00:00,21.291666666666668
2026-03-25 19:00:00,18.136363636363637
2026-03-25 20:00:00,15.569999999999999
2026-03-25 21:00:00,13.9
2026-03-25 22:00:00,12.9
2026-03-25 23:00:00,12.281818181818181
2026-03-26 00:00:00,11.922222222222222
2026-03-26 01:00:00,11.3625
2026-03-26 02:00:00,11.009090909090908
2026-03-26 03:00:00,10.4125
2026-03-26 04:00:00,10.209999999999999
2026-03-26 05:00:00,9.91
2026-03-26 06:00:00,10.775
2026-03-26 07:00:00,16.581818181818182
2026-03-26 08:00:00,26.227272727272727
2026-03-26 09:00:00,31.75
2026-03-26 10:00:00,32.0
2026-03-26 11:00:00,31.345454545454547
2026-03-26 12:00:00,34.43636363636364
2026-03-26 13:00:00,36.81111111111111
2026-03-26 14:00:00,37.425000000000004
2026-03-26 15:00:00,35.233333333333334
2026-03-26 16:00:00,31.599999999999998
2026-03-26 17:00:00,25.880000000000003
2026-03-26 18:00:00,17.21
2026-03-26 19:00:00,14.033333333333333
2026-03-26 20:00:00,12.819999999999999
2026-03-26 21:00:00,11.85
2026-03-26 22:00:00,11.11
2026-03-26 23:00:00,11.009090909090908
2026-03-27 00:00:00,10.481818181818182
2026-03-27 01:00:00,10.090909090909092
2026-03-27 02:00:00,9.9
2026-03-27 03:00:00,9.0
2026-03-27 04:00:00,8.52
2026-03-27 05:00:00,9.34
2026-03-27 06:00:00,10.290909090909091
2026-03-27 07:00:00,11.877777777777778
2026-03-27 08:00:00,14.475
2026-03-27 09:00:00,18.85
2026-03-27 10:00:00,25.28333333333333
2026-03-27 11:00:00,35.544444444444444
2026-03-27 12:00:00,37.519999999999996
2026-03-27 13:00:00,37.62
2026-03-27 14:00:00,32.336363636363636
2026-03-27 15:00:00,35.7
2026-03-27 16:00:00,33.72
2026-03-27 17:00:00,
2026-03-27 18:00:00,
2026-03-27 19:00:00,
2026-03-27 20:00:00,
2026-03-27 21:00:00,
2026-03-27 22:00:00,
2026-03-27 23:00:00,
2026-03-28 00:00:00,
2026-03-28 01:00:00,
2026-03-28 02:00:00,
2026-03-28 03:00:00,
2026-03-28 04:00:00,
2026-03-28 05:00:00,
2026-03-28 06:00:00,
2026-03-28 07:00:00,
2026-03-28 08:00:00,
2026-03-28 09:00:00,
2026-03-28 10:00:00,
2026-03-28 11:00:00,
2026-03-28 12:00:00,
2026-03-28 13:00:00,
2026-03-28 14:00:00,
2026-03-28 15:00:00,
2026-03-28 16:00:00,
2026-03-28 17:00:00,
2026-03-28 18:00:00,
2026-03-28 19:00:00,
2026-03-28 20:00:00,
2026-03-28 21:00:00,
2026-03-28 22:00:00,
2026-03-28 23:00:00,
2026-03-29 00:00:00,
2026-03-29 01:00:00,
2026-03-29 02:00:00,
2026-03-29 03:00:00,
2026-03-29 04:00:00,
2026-03-29 05:00:00,
2026-03-29 06:00:00,
2026-03-29 07:00:00,
2026-03-29 08:00:00,
2026-03-29 09:00:00,
2026-03-29 10:00:00,
2026-03-29 11:00:00,
2026-03-29 12:00:00,
2026-03-29 13:00:00,
2026-03-29 14:00:00,
2026-03-29 15:00:00,
2026-03-29 16:00:00,
2026-03-29 17:00:00,
2026-03-29 18:00:00,
2026-03-29 19:00:00,
2026-03-29 20:00:00,
2026-03-29 21:00:00,
2026-03-29 22:00:00,
2026-03-29 23:00:00,
2026-03-30 00:00:00,
2026-03-30 01:00:00,
2026-03-30 02:00:00,
2026-03-30 03:00:00,
2026-03-30 04:00:00,
2026-03-30 05:00:00,
2026-03-30 06:00:00,
2026-03-30 07:00:00,
2026-03-30 08:00:00,
2026-03-30 09:00:00,
2026-03-30 10:00:00,
2026-03-30 11:00:00,
2026-03-30 12:00:00,41.6
2026-03-30 13:00:00,42.627272727272725
2026-03-30 14:00:00,39.42727272727273
2026-03-30 15:00:00,34.800000000000004
2026-03-30 16:00:00,37.800000000000004
2026-03-30 17:00:00,33.54
2026-03-30 18:00:00,22.48888888888889
2026-03-30 19:00:00,16.6125
2026-03-30 20:00:00,13.91
2026-03-30 21:00:00,12.5375
2026-03-30 22:00:00,11.559999999999999
2026-03-30 23:00:00,11.040000000000001
2026-03-31 00:00:00,10.545454545454545
2026-03-31 01:00:00,10.01
2026-03-31 02:00:00,9.766666666666666
2026-03-31 03:00:00,10.855555555555556
2026-03-31 04:00:00,11.19090909090909
2026-03-31 05:00:00,10.57
2026-03-31 06:00:00,11.354545454545455
2026-03-31 07:00:00,20.616666666666667
2026-03-31 08:00:00,28.877777777777776
2026-03-31 09:00:00,35.53
2026-03-31 10:00:00,40.77272727272727
2026-03-31 11:00:00,43.589999999999996
2026-03-31 12:00:00,41.9
2026-03-31 13:00:00,33.15
2026-03-31 14:00:00,33.81
2026-03-31 15:00:00,33.21111111111111
2026-03-31 16:00:00,31.263636363636362
2026-03-31 17:00:00,29.6
2026-03-31 18:00:00,22.736363636363635
2026-03-31 19:00:00,17.71
2026-03-31 20:00:00,15.627272727272727
2026-03-31 21:00:00,14.354545454545455
2026-03-31 22:00:00,13.424999999999999
2026-03-31 23:00:00,12.555555555555555
2026-04-01 00:00:00,11.99
2026-04-01 01:00:00,11.254545454545454
2026-04-01 02:00:00,10.836363636363636
2026-04-01 03:00:00,10.4
2026-04-01 04:00:00,9.899999999999999
2026-04-01 05:00:00,9.49
2026-04-01 06:00:00,10.47
2026-04-01 07:00:00,18.81
2026-04-01 08:00:00,28.53
2026-04-01 09:00:00,34.23
2026-04-01 10:00:00,39.239999999999995
2026-04-01 11:00:00,41.84444444444445
2026-04-01 12:00:00,42.36666666666667
2026-04-01 13:00:00,44.660000000000004
2026-04-01 14:00:00,45.88181818181818
2026-04-01 15:00:00,42.125
2026-04-01 16:00:00,38.42
2026-04-01 17:00:00,32.8875
2026-04-01 18:00:00,23.47
2026-04-01 19:00:00,19.485714285714288
2026-04-01 20:00:00,16.5
2026-04-01 21:00:00,15.15
2026-04-01 22:00:00,13.709999999999999
2026-04-01 23:00:00,13.330000000000002
2026-04-02 00:00:00,14.63
2026-04-02 01:00:00,14.940000000000001
2026-04-02 02:00:00,14.74
2026-04-02 03:00:00,14.319999999999999
2026-04-02 04:00:00,13.75
2026-04-02 05:00:00,13.255555555555555
2026-04-02 06:00:00,13.963636363636363
2026-04-02 07:00:00,19.666666666666668
2026-04-02 08:00:00,27.48888888888889
2026-04-02 09:00:00,35.05
2026-04-02 10:00:00,39.94444444444444
2026-04-02 11:00:00,41.75
2026-04-02 12:00:00,42.47777777777778
2026-04-02 13:00:00,43.58181818181818
2026-04-02 14:00:00,43.79
2026-04-02 15:00:00,42.49090909090909
2026-04-02 16:00:00,39.38333333333333
2026-04-02 17:00:00,34.17777777777778
2026-04-02 18:00:00,24.65
2026-04-02 19:00:00,18.685714285714287
2026-04-02 20:00:00,16.419999999999998
2026-04-02 21:00:00,15.200000000000001
2026-04-02 22:00:00,13.95
2026-04-02 23:00:00,13.185714285714285
2026-04-03 00:00:00,12.319999999999999
2026-04-03 01:00:00,11.554545454545455
2026-04-03 02:00:00,11.066666666666666
2026-04-03 03:00:00,10.444444444444445
2026-04-03 04:00:00,9.62857142857143
2026-04-03 05:00:00,8.918181818181818
2026-04-03 06:00:00,9.877777777777778
2026-04-03 07:00:00,19.491666666666667
2026-04-03 08:00:00,29.5375
2026-04-03 09:00:00,36.81666666666667
2026-04-03 10:00:00,41.24166666666667
2026-04-03 11:00:00,43.35
2026-04-03 12:00:00,43.82
2026-04-03 13:00:00,45.266666666666666
2026-04-03 14:00:00,46.1375
2026-04-03 15:00:00,43.699999999999996
2026-04-03 16:00:00,38.22
2026-04-03 17:00:00,32.8
2026-04-03 18:00:00,23.288888888888888
2026-04-03 19:00:00,17.619999999999997
2026-04-03 20:00:00,15.433333333333334
2026-04-03 21:00:00,14.180000000000001
2026-04-03 22:00:00,13.069999999999999
2026-04-03 23:00:00,12.450000000000001
2026-04-04 00:00:00,11.879999999999999
2026-04-04 01:00:00,11.309999999999999
2026-04-04 02:00:00,10.83
2026-04-04 03:00:00,10.58
2026-04-04 04:00:00,10.183333333333332
2026-04-04 05:00:00,9.485714285714286
2026-04-04 06:00:00,10.263636363636364
2026-04-04 07:00:00,18.745454545454546
2026-04-04 08:00:00,28.79090909090909
2026-04-04 09:00:00,36.24
2026-04-04 10:00:00,41.225
2026-04-04 11:00:00,43.925
2026-04-04 12:00:00,44.5
2026-04-04 13:00:00,46.32
2026-04-04 14:00:00,46.35
2026-04-04 15:00:00,43.625
2026-04-04 16:00:00,40.108333333333334
2026-04-04 17:00:00,34.540000000000006
2026-04-04 18:00:00,25.755555555555556
2026-04-04 19:00:00,19.555555555555557
2026-04-04 20:00:00,16.93
2026-04-04 21:00:00,14.955555555555556
2026-04-04 22:00:00,13.766666666666667
2026-04-04 23:00:00,13.040000000000001
2026-04-05 00:00:00,12.49
2026-04-05 01:00:00,11.636363636363637
2026-04-05 02:00:00,11.333333333333334
2026-04-05 03:00:00,11.283333333333333
2026-04-05 04:00:00,11.071428571428571
2026-04-05 05:00:00,10.533333333333333
2026-04-05 06:00:00,11.25
2026-04-05 07:00:00,19.233333333333334
2026-04-05 08:00:00,30.79090909090909
2026-04-05 09:00:00,38.410000000000004
2026-04-05 10:00:00,43.40909090909091
2026-04-05 11:00:00,45.3
2026-04-05 12:00:00,45.730000000000004
2026-04-05 13:00:00,46.94
2026-04-05 14:00:00,46.5875
2026-04-05 15:00:00,44.12222222222223
2026-04-05 16:00:00,41.08
2026-04-05 17:00:00,35.76363636363636
2026-04-05 18:00:00,26.12222222222222
2026-04-05 19:00:00,20.091666666666665
2026-04-05 20:00:00,17.66
2026-04-05 21:00:00,16.009999999999998
2026-04-05 22:00:00,14.85
2026-04-05 23:00:00,13.988888888888889
2026-04-06 00:00:00,13.4875
2026-04-06 01:00:00,12.977777777777778
2026-04-06 02:00:00,12.372727272727273
2026-04-06 03:00:00,11.620000000000001
2026-04-06 04:00:00,10.95
2026-04-06 05:00:00,10.618181818181817
2026-04-06 06:00:00,11.941666666666668
2026-04-06 07:00:00,19.788888888888888
2026-04-06 08:00:00,30.28
2026-04-06 09:00:00,37.333333333333336
2026-04-06 10:00:00,41.95555555555555
2026-04-06 11:00:00,43.39
2026-04-06 12:00:00,43.78181818181818
2026-04-06 13:00:00,44.85454545454545
2026-04-06 14:00:00,44.5125
2026-04-06 15:00:00,42.528571428571425
2026-04-06 16:00:00,38.3125
2026-04-06 17:00:00,32.21111111111111
2026-04-06 18:00:00,22.2125
2026-04-06 19:00:00,18.06
2026-04-06 20:00:00,15.9375
2026-04-06 21:00:00,14.609090909090908
2026-04-06 22:00:00,13.771428571428572
2026-04-06 23:00:00,13.466666666666667
2026-04-07 00:00:00,13.0125
2026-04-07 01:00:00,12.65
2026-04-07 02:00:00,12.445454545454545
2026-04-07 03:00:00,11.7875
2026-04-07 04:00:00,11.277777777777779
2026-04-07 05:00:00,10.860000000000001
2026-04-07 06:00:00,12.190000000000001
2026-04-07 07:00:00,20.7
2026-04-07 08:00:00,28.988888888888887
2026-04-07 09:00:00,34.15714285714286
2026-04-07 10:00:00,41.333333333333336
2026-04-07 11:00:00,43.166666666666664
2026-04-07 12:00:00,42.03
2026-04-07 13:00:00,41.855555555555554
2026-04-07 14:00:00,38.910000000000004
2026-04-07 15:00:00,36.71
2026-04-07 16:00:00,34.80833333333333
2026-04-07 17:00:00,29.919999999999998
2026-04-07 18:00:00,22.09090909090909
2026-04-07 19:00:00,18.354545454545455
2026-04-07 20:00:00,16.28181818181818
2026-04-07 21:00:00,15.0
2026-04-07 22:00:00,14.600000000000001
2026-04-07 23:00:00,14.0875
2026-04-08 00:00:00,13.55
2026-04-08 01:00:00,13.74
2026-04-08 02:00:00,14.144444444444444
2026-04-08 03:00:00,13.885714285714286
2026-04-08 04:00:00,13.877777777777778
2026-04-08 05:00:00,13.8
2026-04-08 06:00:00,15.518181818181818
2026-04-08 07:00:00,21.7375
2026-04-08 08:00:00,30.95
2026-04-08 09:00:00,38.22
2026-04-08 10:00:00,42.13333333333333
2026-04-08 11:00:00,43.971428571428575
2026-04-08 12:00:00,42.8875
2026-04-08 13:00:00,43.63333333333333
2026-04-08 14:00:00,45.4
2026-04-08 15:00:00,40.89090909090909
2026-04-08 16:00:00,34.5
2026-04-08 17:00:00,32.099999999999994
2026-04-08 18:00:00,24.3
2026-04-08 19:00:00,19.990000000000002
2026-04-08 20:00:00,17.927272727272726
2026-04-08 21:00:00,16.636363636363637
2026-04-08 22:00:00,15.76
2026-04-08 23:00:00,15.344444444444443
2026-04-09 00:00:00,15.0875
2026-04-09 01:00:00,14.7625
2026-04-09 02:00:00,14.41
2026-04-09 03:00:00,14.144444444444444
2026-04-09 04:00:00,13.99
2026-04-09 05:00:00,13.74
2026-04-09 06:00:00,14.6875
2026-04-09 07:00:00,21.857142857142858
2026-04-09 08:00:00,31.799999999999997
2026-04-09 09:00:00,39.76363636363636
2026-04-09 10:00:00,44.43636363636364
2026-04-09 11:00:00,46.69
2026-04-09 12:00:00,46.599999999999994
2026-04-09 13:00:00,47.03
2026-04-09 14:00:00,46.225
2026-04-09 15:00:00,44.050000000000004
2026-04-09 16:00:00,40.74285714285714
2026-04-09 17:00:00,34.3
2026-04-09 18:00:00,25.82
2026-04-09 19:00:00,20.73
2026-04-09 20:00:00,18.38888888888889
2026-04-09 21:00:00,17.336363636363636
2026-04-09 22:00:00,16.61111111111111
2026-04-09 23:00:00,16.32
2026-04-10 00:00:00,16.0
2026-04-10 01:00:00,15.585714285714285
2026-04-10 02:00:00,15.399999999999999
2026-04-10 03:00:00,14.871428571428572
2026-04-10 04:00:00,14.680000000000001
2026-04-10 05:00:00,13.9
2026-04-10 06:00:00,16.21818181818182
2026-04-10 07:00:00,24.641666666666666
2026-04-10 08:00:00,33.1
2026-04-10 09:00:00,37.86363636363637
2026-04-10 10:00:00,36.17
2026-04-10 11:00:00,38.01111111111111
2026-04-10 12:00:00,37.92727272727273
2026-04-10 13:00:00,37.269999999999996
2026-04-10 14:00:00,37.7
2026-04-10 15:00:00,36.388888888888886
2026-04-10 16:00:00,33.336363636363636
2026-04-10 17:00:00,27.25
2026-04-10 18:00:00,23.84
2026-04-10 19:00:00,21.40909090909091
2026-04-10 20:00:00,19.900000000000002
2026-04-10 21:00:00,19.2
2026-04-10 22:00:00,19.25714285714286
2026-04-10 23:00:00,18.7
2026-04-11 00:00:00,18.48
2026-04-11 01:00:00,18.14
2026-04-11 02:00:00,17.8375
2026-04-11 03:00:00,17.37777777777778
2026-04-11 04:00:00,16.863636363636363
2026-04-11 05:00:00,16.68
2026-04-11 06:00:00,17.11818181818182
2026-04-11 07:00:00,19.577777777777776
2026-04-11 08:00:00,23.436363636363637
2026-04-11 09:00:00,25.630000000000003
2026-04-11 10:00:00,27.389999999999997
2026-04-11 11:00:00,31.977777777777778
2026-04-11 12:00:00,33.845454545454544
2026-04-11 13:00:00,33.43333333333333
2026-04-11 14:00:00,31.858333333333334
2026-04-11 15:00:00,30.033333333333335
2026-04-11 16:00:00,27.9
2026-04-11 17:00:00,27.139999999999997
2026-04-11 18:00:00,24.657142857142855
2026-04-11 19:00:00,21.366666666666667
2026-04-11 20:00:00,20.4
2026-04-11 21:00:00,19.5375
2026-04-11 22:00:00,19.636363636363637
2026-04-11 23:00:00,19.2125
2026-04-12 00:00:00,18.544444444444444
2026-04-12 01:00:00,18.045454545454547
2026-04-12 02:00:00,17.889999999999997
2026-04-12 03:00:00,17.744444444444444
2026-04-12 04:00:00,17.299999999999997
2026-04-12 05:00:00,17.445454545454545
2026-04-12 06:00:00,17.77777777777778
2026-04-12 07:00:00,19.355555555555554
2026-04-12 08:00:00,19.928571428571427
2026-04-12 09:00:00,21.16
2026-04-12 10:00:00,25.27
2026-04-12 11:00:00,31.09090909090909
2026-04-12 12:00:00,32.525
2026-04-12 13:00:00,30.54444444444444
2026-04-12 14:00:00,34.0
2026-04-12 15:00:00,37.18181818181818
2026-04-12 16:00:00,35.769999999999996
2026-04-12 17:00:00,25.29090909090909
2026-04-12 18:00:00,20.21
2026-04-12 19:00:00,17.55
2026-04-12 20:00:00,16.380000000000003
2026-04-12 21:00:00,15.88
2026-04-12 22:00:00,15.625
2026-04-12 23:00:00,15.433333333333334
2026-04-13 00:00:00,14.2
2026-04-13 01:00:00,13.709999999999999
2026-04-13 02:00:00,13.5
2026-04-13 03:00:00,13.218181818181819
2026-04-13 04:00:00,12.620000000000001
2026-04-13 05:00:00,11.510000000000002
2026-04-13 06:00:00,13.13
2026-04-13 07:00:00,20.818181818181817
2026-04-13 08:00:00,26.360000000000003
2026-04-13 09:00:00,32.400000000000006
2026-04-13 10:00:00,36.57272727272727
2026-04-13 11:00:00,39.1
2026-04-13 12:00:00,39.142857142857146
2026-04-13 13:00:00,39.98888888888889
2026-04-13 14:00:00,40.13
2026-04-13 15:00:00,36.666666666666664
2026-04-13 16:00:00,34.0
2026-04-13 17:00:00,30.642857142857142
2026-04-13 18:00:00,23.5625
2026-04-13 19:00:00,19.01111111111111
2026-04-13 20:00:00,17.333333333333332
2026-04-13 21:00:00,16.53
2026-04-13 22:00:00,15.583333333333334
2026-04-13 23:00:00,13.399999999999999
2026-04-14 00:00:00,12.28
2026-04-14 01:00:00,12.477777777777778
2026-04-14 02:00:00,11.95
2026-04-14 03:00:00,10.777777777777779
2026-04-14 04:00:00,10.3625
2026-04-14 05:00:00,10.036363636363637
2026-04-14 06:00:00,12.966666666666667
2026-04-14 07:00:00,23.636363636363637
2026-04-14 08:00:00,30.32857142857143
2026-04-14 09:00:00,37.011111111111106
2026-04-14 10:00:00,41.56
2026-04-14 11:00:00,43.34166666666667
2026-04-14 12:00:00,45.291666666666664
2026-04-14 13:00:00,48.13636363636363
2026-04-14 14:00:00,46.45454545454545
2026-04-14 15:00:00,33.81
2026-04-14 16:00:00,28.225
2026-04-14 17:00:00,24.755555555555556
2026-04-14 18:00:00,21.9
2026-04-14 19:00:00,19.0
2026-04-14 20:00:00,16.919999999999998
2026-04-14 21:00:00,15.633333333333333
2026-04-14 22:00:00,14.358333333333334
2026-04-14 23:00:00,13.61
2026-04-15 00:00:00,13.328571428571427
2026-04-15 01:00:00,12.8
2026-04-15 02:00:00,12.288888888888888
2026-04-15 03:00:00,11.940000000000001
2026-04-15 04:00:00,11.719999999999999
2026-04-15 05:00:00,11.5
2026-04-15 06:00:00,13.366666666666667
2026-04-15 07:00:00,24.02857142857143
2026-04-15 08:00:00,33.739999999999995
2026-04-15 09:00:00,40.269999999999996
2026-04-15 10:00:00,44.6375
2026-04-15 11:00:00,47.2
2026-04-15 12:00:00,47.65555555555555
2026-04-15 13:00:00,47.72727272727273
2026-04-15 14:00:00,38.31818181818182
2026-04-15 15:00:00,34.55555555555556
2026-04-15 16:00:00,39.4625
2026-04-15 17:00:00,35.78888888888889
2026-04-15 18:00:00,28.939999999999998
2026-04-15 19:00:00,22.240000000000002
2026-04-15 20:00:00,19.666666666666668
2026-04-15 21:00:00,18.136363636363637
2026-04-15 22:00:00,16.58888888888889
2026-04-15 23:00:00,15.59
2026-04-16 00:00:00,14.80909090909091
2026-04-16 01:00:00,14.444444444444445
2026-04-16 02:00:00,14.280000000000001
2026-04-16 03:00:00,14.15
2026-04-16 04:00:00,14.02
2026-04-16 05:00:00,13.677777777777777
2026-04-16 06:00:00,15.5
2026-04-16 07:00:00,25.325
2026-04-16 08:00:00,30.410000000000004
2026-04-16 09:00:00,30.0
2026-04-16 10:00:00,
2026-04-16 11:00:00,
2026-04-16 12:00:00,
2026-04-16 13:00:00,
2026-04-16 14:00:00,
2026-04-16 15:00:00,
2026-04-16 16:00:00,
2026-04-16 17:00:00,
2026-04-16 18:00:00,22.755555555555556
2026-04-16 19:00:00,19.85
2026-04-16 20:00:00,18.454545454545453
2026-04-16 21:00:00,17.455555555555556
2026-04-16 22:00:00,16.56
2026-04-16 23:00:00,15.742857142857144
2026-04-17 00:00:00,14.733333333333333
2026-04-17 01:00:00,14.255555555555556
2026-04-17 02:00:00,14.354545454545455
2026-04-17 03:00:00,14.069999999999999
2026-04-17 04:00:00,13.366666666666667
2026-04-17 05:00:00,13.133333333333333
2026-04-17 06:00:00,14.74
2026-04-17 07:00:00,22.12222222222222
2026-04-17 08:00:00,26.48888888888889
2026-04-17 09:00:00,33.400000000000006
2026-04-17 10:00:00,37.333333333333336
2026-04-17 11:00:00,37.333333333333336
2026-04-17 12:00:00,38.199999999999996
2026-04-17 13:00:00,40.35
2026-04-17 14:00:00,40.55555555555556
2026-04-17 15:00:00,38.458333333333336
2026-04-17 16:00:00,36.56666666666667
2026-04-17 17:00:00,31.30909090909091
2026-04-17 18:00:00,24.65833333333333
2026-04-17 19:00:00,20.79
2026-04-17 20:00:00,18.966666666666665
2026-04-17 21:00:00,17.566666666666666
2026-04-17 22:00:00,16.57
2026-04-17 23:00:00,15.5875
2026-04-18 00:00:00,14.755555555555556
2026-04-18 01:00:00,14.255555555555556
2026-04-18 02:00:00,13.820000000000002
2026-04-18 03:00:00,13.622222222222222
2026-04-18 04:00:00,13.375
2026-04-18 05:00:00,12.88888888888889
2026-04-18 06:00:00,15.15
2026-04-18 07:00:00,23.87777777777778
2026-04-18 08:00:00,33.20909090909091
2026-04-18 09:00:00,40.3
2026-04-18 10:00:00,42.94444444444444
2026-04-18 11:00:00,35.141666666666666
2026-04-18 12:00:00,38.71
2026-04-18 13:00:00,36.8125
2026-04-18 14:00:00,39.78888888888889
2026-04-18 15:00:00,38.309090909090905
2026-04-18 16:00:00,35.480000000000004
2026-04-18 17:00:00,32.111111111111114
2026-04-18 18:00:00,27.6
2026-04-18 19:00:00,22.822222222222223
2026-04-18 20:00:00,20.4625
2026-04-18 21:00:00,19.02
2026-04-18 22:00:00,17.41
2026-04-18 23:00:00,16.288888888888888
2026-04-19 00:00:00,15.38
2026-04-19 01:00:00,15.29090909090909
2026-04-19 02:00:00,14.975
2026-04-19 03:00:00,14.14
2026-04-19 04:00:00,13.8375
2026-04-19 05:00:00,13.719999999999999
2026-04-19 06:00:00,16.363636363636363
2026-04-19 07:00:00,22.566666666666666
2026-04-19 08:00:00,29.8625
2026-04-19 09:00:00,35.18
2026-04-19 10:00:00,39.15
2026-04-19 11:00:00,40.339999999999996
2026-04-19 12:00:00,40.733333333333334
2026-04-19 13:00:00,41.225
2026-04-19 14:00:00,39.769999999999996
2026-04-19 15:00:00,38.028571428571425
2026-04-19 16:00:00,35.72222222222222
2026-04-19 17:00:00,31.377777777777776
2026-04-19 18:00:00,27.37777777777778
2026-04-19 19:00:00,22.34
2026-04-19 20:00:00,20.0375
2026-04-19 21:00:00,18.845454545454544
2026-04-19 22:00:00,17.633333333333333
2026-04-19 23:00:00,16.316666666666666
2026-04-20 00:00:00,15.366666666666667
2026-04-20 01:00:00,15.180000000000001
2026-04-20 02:00:00,14.709999999999999
2026-04-20 03:00:00,14.5
2026-04-20 04:00:00,14.083333333333334
2026-04-20 05:00:00,13.61
2026-04-20 06:00:00,16.37272727272727
2026-04-20 07:00:00,26.349999999999998
2026-04-20 08:00:00,32.33
2026-04-20 09:00:00,33.45
2026-04-20 10:00:00,35.028571428571425
2026-04-20 11:00:00,36.945454545454545
2026-04-20 12:00:00,36.69
2026-04-20 13:00:00,39.00909090909091
2026-04-20 14:00:00,38.372727272727275
2026-04-20 15:00:00,34.7
2026-04-20 16:00:00,32.89
2026-04-20 17:00:00,29.336363636363636
2026-04-20 18:00:00,25.585714285714285
2026-04-20 19:00:00,21.527272727272727
2026-04-20 20:00:00,19.655555555555555
2026-04-20 21:00:00,18.045454545454547
2026-04-20 22:00:00,16.88181818181818
2026-04-20 23:00:00,15.75
2026-04-21 00:00:00,15.290000000000001
2026-04-21 01:00:00,15.118181818181819
2026-04-21 02:00:00,14.622222222222222
2026-04-21 03:00:00,13.957142857142857
2026-04-21 04:00:00,13.1
2026-04-21 05:00:00,12.9
2026-04-21 06:00:00,16.033333333333335
2026-04-21 07:00:00,22.133333333333333
2026-04-21 08:00:00,26.3375
2026-04-21 09:00:00,34.766666666666666
2026-04-21 10:00:00,37.372727272727275
2026-04-21 11:00:00,39.166666666666664
2026-04-21 12:00:00,37.77777777777778
2026-04-21 13:00:00,36.981818181818184
2026-04-21 14:00:00,36.475
2026-04-21 15:00:00,34.32222222222222
2026-04-21 16:00:00,32.46363636363637
2026-04-21 17:00:00,29.869999999999997
2026-04-21 18:00:00,24.900000000000002
2026-04-21 19:00:00,21.6
2026-04-21 20:00:00,19.957142857142856
2026-04-21 21:00:00,18.69
2026-04-21 22:00:00,17.90909090909091
2026-04-21 23:00:00,17.466666666666665
2026-04-22 00:00:00,17.509090909090908
2026-04-22 01:00:00,17.05
2026-04-22 02:00:00,16.263636363636365
2026-04-22 03:00:00,16.416666666666668
2026-04-22 04:00:00,16.4
2026-04-22 05:00:00,15.64
2026-04-22 06:00:00,18.2375
2026-04-22 07:00:00,23.811111111111114
2026-04-22 08:00:00,26.75714285714286
2026-04-22 09:00:00,31.6
2026-04-22 10:00:00,37.03125
2026-04-22 11:00:00,35.578813559322036
2026-04-22 12:00:00,38.31339285714286
2026-04-22 13:00:00,35.87410714285714
2026-04-22 14:00:00,37.70241935483871
2026-04-22 15:00:00,37.32037037037037
2026-04-22 16:00:00,36.62347826086956
2026-04-22 17:00:00,31.809565217391302
2026-04-22 18:00:00,25.004587155963304
2026-04-22 19:00:00,22.756249999999998
2026-04-22 20:00:00,21.285
2026-04-22 21:00:00,19.91926605504587
2026-04-22 22:00:00,18.464423076923076
2026-04-22 23:00:00,17.31590909090909
2026-04-23 00:00:00,16.679347826086957
2026-04-23 01:00:00,17.653125
2026-04-23 02:00:00,18.17912087912088
2026-04-23 03:00:00,18.309677419354838
2026-04-23 04:00:00,17.54736842105263
2026-04-23 05:00:00,16.672340425531914
2026-04-23 06:00:00,18.76595744680851
2026-04-23 07:00:00,22.59777777777778
2026-04-23 08:00:00,26.106796116504853
2026-04-23 09:00:00,29.560576923076926
2026-04-23 10:00:00,33.24864864864865
2026-04-23 11:00:00,31.515384615384615
2026-04-23 12:00:00,31.517021276595745
2026-04-23 13:00:00,31.48469387755102
2026-04-23 14:00:00,28.162376237623764
2026-04-23 15:00:00,27.55824175824176
2026-04-23 16:00:00,26.83921568627451
2026-04-23 17:00:00,27.793333333333333
2026-04-23 18:00:00,24.469791666666666
2026-04-23 19:00:00,21.382978723404257
2026-04-23 20:00:00,19.93536585365854
2026-04-23 21:00:00,18.533684210526317
2026-04-23 22:00:00,17.527522935779817
2026-04-23 23:00:00,17.155263157894737
2026-04-24 00:00:00,16.907526881720432
2026-04-24 01:00:00,16.220588235294116
2026-04-24 02:00:00,15.708510638297872
2026-04-24 03:00:00,15.448598130841122
2026-04-24 04:00:00,14.947115384615385
2026-04-24 05:00:00,14.492307692307692
2026-04-24 06:00:00,15.16
2026-04-24 07:00:00,15.6
2026-04-24 08:00:00,21.982075471698113
2026-04-24 09:00:00,28.04954954954955
2026-04-24 10:00:00,28.67156862745098
2026-04-24 11:00:00,29.24867256637168
2026-04-24 12:00:00,29.442268041237114
2026-04-24 13:00:00,28.03392857142857
2026-04-24 14:00:00,26.473333333333333
2026-04-24 15:00:00,24.284259259259258
2026-04-24 16:00:00,21.345
2026-04-24 17:00:00,19.646874999999998
2026-04-24 18:00:00,18.601869158878504
2026-04-24 19:00:00,17.920754716981133
2026-04-24 20:00:00,17.66990291262136
2026-04-24 21:00:00,17.523469387755103
2026-04-24 22:00:00,17.405714285714286
2026-04-24 23:00:00,17.24326923076923
2026-04-25 00:00:00,16.93238095238095
2026-04-25 01:00:00,16.866
2026-04-25 02:00:00,16.68653846153846
2026-04-25 03:00:00,16.354901960784314
2026-04-25 04:00:00,16.168316831683168
2026-04-25 05:00:00,18.185714285714287
2026-04-25 06:00:00,21.438095238095237
2026-04-25 07:00:00,22.8607476635514
2026-04-25 08:00:00,20.86146788990826
2026-04-25 09:00:00,20.01340206185567
2026-04-25 10:00:00,21.271134020618558
2026-04-25 11:00:00,22.119266055045873
2026-04-25 12:00:00,23.461320754716983
2026-04-25 13:00:00,23.57927927927928
2026-04-25 14:00:00,23.846534653465348
2026-04-25 15:00:00,22.077272727272728
2026-04-25 16:00:00,21.540366972477067
2026-04-25 17:00:00,20.650495049504947
2026-04-25 18:00:00,20.149
2026-04-25 19:00:00,21.371559633027523
2026-04-25 20:00:00,18.047916666666666
2026-04-25 21:00:00,20.666037735849056
2026-04-25 22:00:00,19.628037383177567
2026-04-25 23:00:00,19.841346153846153
2026-04-26 00:00:00,21.319811320754717
2026-04-26 01:00:00,20.575961538461538
2026-04-26 02:00:00,20.347572815533983
2026-04-26 03:00:00,20.236448598130842
2026-04-26 04:00:00,19.934285714285714
2026-04-26 05:00:00,18.505263157894735
2026-04-26 06:00:00,20.66057692307692
2026-04-26 07:00:00,23.44736842105263
2026-04-26 08:00:00,28.246153846153845
2026-04-26 09:00:00,29.81451612903226
2026-04-26 10:00:00,31.29537037037037
2026-04-26 11:00:00,30.741463414634143
2026-04-26 12:00:00,31.73302752293578
2026-04-26 13:00:00,29.51271186440678
2026-04-26 14:00:00,27.02037037037037
2026-04-26 15:00:00,27.208108108108107
2026-04-26 16:00:00,28.46868686868687
2026-04-26 17:00:00,27.27699115044248
2026-04-26 18:00:00,23.191089108910894
2026-04-26 19:00:00,19.285858585858584
2026-04-26 20:00:00,17.325961538461538
2026-04-26 21:00:00,16.194845360824743
2026-04-26 22:00:00,15.49080459770115
2026-04-26 23:00:00,15.102970297029703
2026-04-27 00:00:00,14.685714285714287
2026-04-27 01:00:00,14.321782178217822
2026-04-27 02:00:00,14.019811320754716
2026-04-27 03:00:00,13.43177570093458
2026-04-27 04:00:00,13.015
2026-04-27 05:00:00,16.012037037037036
2026-04-27 06:00:00,20.081553398058254
2026-04-27 07:00:00,23.744660194174756
2026-04-27 08:00:00,26.79586776859504
2026-04-27 09:00:00,30.450847457627116
2026-04-27 10:00:00,31.674358974358974
2026-04-27 11:00:00,30.26893203883495
2026-04-27 12:00:00,30.453921568627454
2026-04-27 13:00:00,30.309708737864078
2026-04-27 14:00:00,29.58165137614679
2026-04-27 15:00:00,28.349504950495053
2026-04-27 16:00:00,26.88909090909091
2026-04-27 17:00:00,26.653333333333332
2026-04-27 18:00:00,23.266666666666666
2026-04-27 19:00:00,19.635185185185183
2026-04-27 20:00:00,17.99532710280374
2026-04-27 21:00:00,17.135922330097088
2026-04-27 22:00:00,16.62596153846154
2026-04-27 23:00:00,16.10952380952381
2026-04-28 00:00:00,15.627450980392156
2026-04-28 01:00:00,15.133333333333335
2026-04-28 02:00:00,14.847115384615385
2026-04-28 03:00:00,14.437000000000001
2026-04-28 04:00:00,15.224107142857141
2026-04-28 05:00:00,15.39245283018868
2026-04-28 06:00:00,18.39047619047619
2026-04-28 07:00:00,22.14074074074074
2026-04-28 08:00:00,21.54848484848485
2026-04-28 09:00:00,22.74368932038835
2026-04-28 10:00:00,26.384403669724772
2026-04-28 11:00:00,30.38214285714286
2026-04-28 12:00:00,29.20181818181818
2026-04-28 13:00:00,28.866666666666667
2026-04-28 14:00:00,28.897196261682243
2026-04-28 15:00:00,28.47433628318584
2026-04-28 16:00:00,28.536633663366334
2026-04-28 17:00:00,26.19904761904762
2026-04-28 18:00:00,23.010619469026548
2026-04-28 19:00:00,20.330000000000002
2026-04-28 20:00:00,19.84537037037037
2026-04-28 21:00:00,19.673584905660377
2026-04-28 22:00:00,19.05728155339806
2026-04-28 23:00:00,17.931372549019606
2026-04-29 00:00:00,17.313725490196077
2026-04-29 01:00:00,16.62268907563025
2026-04-29 02:00:00,16.135353535353538
2026-04-29 03:00:00,15.652040816326531
2026-04-29 04:00:00,17.752777777777776
2026-04-29 05:00:00,21.31237113402062
2026-04-29 06:00:00,21.02
2026-04-29 07:00:00,23.639655172413793
2026-04-29 08:00:00,27.749523809523808
2026-04-29 09:00:00,29.983035714285712
2026-04-29 10:00:00,30.639622641509437
2026-04-29 11:00:00,28.94086956521739
2026-04-29 12:00:00,28.683193277310927
2026-04-29 13:00:00,29.028155339805828
2026-04-29 14:00:00,29.08691588785047
2026-04-29 15:00:00,29.243636363636366
2026-04-29 16:00:00,26.11743119266055
2026-04-29 17:00:00,24.88095238095238
2026-04-29 18:00:00,22.835869565217394
2026-04-29 19:00:00,21.441739130434783
2026-04-29 20:00:00,19.799166666666668
2026-04-29 21:00:00,18.886
2026-04-29 22:00:00,18.198130841121497
2026-04-29 23:00:00,17.666666666666668
2026-04-30 00:00:00,17.067326732673266
2026-04-30 01:00:00,16.61919191919192
2026-04-30 02:00:00,17.127884615384616
2026-04-30 03:00:00,21.59444444444444
2026-04-30 04:00:00,18.165137614678898
2026-04-30 05:00:00,17.623423423423425
2026-04-30 06:00:00,20.01212121212121
2026-04-30 07:00:00,23.82095238095238
2026-04-30 08:00:00,27.446428571428573
2026-04-30 09:00:00,30.28108108108108
2026-04-30 10:00:00,31.097345132743364
2026-04-30 11:00:00,29.808403361344535
2026-04-30 12:00:00,30.047826086956523
2026-04-30 13:00:00,31.48363636363636
2026-04-30 14:00:00,30.97196261682243
2026-04-30 15:00:00,29.59607843137255
2026-04-30 16:00:00,29.675
2026-04-30 17:00:00,27.014953271028038
2026-04-30 18:00:00,24.701834862385322
2026-04-30 19:00:00,22.65252525252525
2026-04-30 20:00:00,21.340384615384615
2026-04-30 21:00:00,20.656363636363636
2026-04-30 22:00:00,20.58080808080808
2026-04-30 23:00:00,20.052525252525253
2026-05-01 00:00:00,19.74811320754717
2026-05-01 01:00:00,19.625
2026-05-01 02:00:00,19.37821782178218
2026-05-01 03:00:00,19.194059405940592
2026-05-01 04:00:00,18.90090909090909
2026-05-01 05:00:00,18.671698113207547
2026-05-01 06:00:00,19.245631067961163
2026-05-01 07:00:00,23.117924528301888
2026-05-01 08:00:00,23.614736842105263
2026-05-01 09:00:00,26.808256880733943
2026-05-01 10:00:00,27.805217391304346
2026-05-01 11:00:00,29.470642201834863
2026-05-01 12:00:00,27.543119266055044
2026-05-01 13:00:00,27.240776699029126
2026-05-01 14:00:00,27.412264150943393
2026-05-01 15:00:00,26.88407079646018
2026-05-01 16:00:00,25.503418803418803
2026-05-01 17:00:00,24.919642857142858
2026-05-01 18:00:00,24.182882882882886
2026-05-01 19:00:00,21.625233644859815
2026-05-01 20:00:00,20.524271844660195
2026-05-01 21:00:00,19.655963302752294
2026-05-01 22:00:00,19.497916666666665
2026-05-01 23:00:00,19.479
2026-05-02 00:00:00,19.33495145631068
2026-05-02 01:00:00,19.18878504672897
2026-05-02 02:00:00,19.04368932038835
2026-05-02 03:00:00,18.97027027027027
2026-05-02 04:00:00,18.852777777777778
2026-05-02 05:00:00,18.832038834951458
2026-05-02 06:00:00,19.91651376146789
2026-05-02 07:00:00,21.871698113207547
2026-05-02 08:00:00,22.939449541284404
2026-05-02 09:00:00,24.654368932038835
2026-05-02 10:00:00,29.493636363636366
2026-05-02 11:00:00,28.380392156862747
2026-05-02 12:00:00,26.602941176470587
2026-05-02 13:00:00,26.980198019801982
2026-05-02 14:00:00,26.98857142857143
2026-05-02 15:00:00,27.00462962962963
2026-05-02 16:00:00,26.565346534653465
2026-05-02 17:00:00,26.18440366972477
2026-05-02 18:00:00,23.639047619047616
2026-05-02 19:00:00,20.57549019607843
2026-05-02 20:00:00,18.99827586206897
2026-05-02 21:00:00,18.6156862745098
2026-05-02 22:00:00,18.856603773584904
2026-05-02 23:00:00,18.835185185185185
2026-05-03 00:00:00,18.871698113207547
2026-05-03 01:00:00,18.265
2026-05-03 02:00:00,17.809278350515463
2026-05-03 03:00:00,17.20285714285714
2026-05-03 04:00:00,17.42972972972973
2026-05-03 05:00:00,17.59622641509434
2026-05-03 06:00:00,18.28846153846154
2026-05-03 07:00:00,19.027
2026-05-03 08:00:00,20.34766355140187
2026-05-03 09:00:00,23.075221238938052
2026-05-03 10:00:00,27.652991452991454
2026-05-03 11:00:00,30.133928571428573
2026-05-03 12:00:00,29.90573770491803
2026-05-03 13:00:00,30.021818181818183
2026-05-03 14:00:00,29.407207207207204
2026-05-03 15:00:00,28.646728971962617
2026-05-03 16:00:00,28.138834951456314
2026-05-03 17:00:00,25.915652173913045
2026-05-03 18:00:00,24.0873786407767
2026-05-03 19:00:00,21.778640776699028
2026-05-03 20:00:00,20.812941176470588
2026-05-03 21:00:00,20.473684210526315
2026-05-03 22:00:00,20.28214285714286
2026-05-03 23:00:00,20.02409638554217
2026-05-04 00:00:00,19.78390804597701
2026-05-04 01:00:00,19.611702127659573
2026-05-04 02:00:00,19.32048192771084
2026-05-04 03:00:00,19.034117647058824
2026-05-04 04:00:00,18.778651685393257
2026-05-04 05:00:00,18.49156626506024
2026-05-04 06:00:00,18.805063291139238
2026-05-04 07:00:00,19.9253164556962
2026-05-04 08:00:00,22.623076923076923
2026-05-04 09:00:00,26.30344827586207
2026-05-04 10:00:00,29.954807692307693
2026-05-04 11:00:00,28.588297872340426
2026-05-04 12:00:00,29.756249999999998
2026-05-04 13:00:00,29.61578947368421
2026-05-04 14:00:00,29.77752808988764
2026-05-04 15:00:00,28.303061224489795
2026-05-04 16:00:00,27.748958333333334
2026-05-04 17:00:00,27.184042553191492
2026-05-04 18:00:00,26.371276595744682
2026-05-04 19:00:00,23.120481927710845
2026-05-04 20:00:00,20.81264367816092
2026-05-04 21:00:00,19.56477272727273
2026-05-04 22:00:00,18.388636363636365
2026-05-04 23:00:00,17.478823529411766
2026-05-05 00:00:00,17.126436781609197
2026-05-05 01:00:00,18.364583333333332
2026-05-05 02:00:00,20.54421052631579
2026-05-05 03:00:00,18.687912087912085
2026-05-05 04:00:00,21.23617021276596
2026-05-05 05:00:00,20.49891304347826
2026-05-05 06:00:00,22.03232323232323
2026-05-05 07:00:00,27.496039603960394
2026-05-05 08:00:00,29.816326530612244
2026-05-05 09:00:00,32.37216494845361
2026-05-05 10:00:00,32.27403846153846
2026-05-05 11:00:00,29.22244897959184
2026-05-05 12:00:00,29.792631578947372
2026-05-05 13:00:00,30.93409090909091
2026-05-05 14:00:00,29.561855670103093
2026-05-05 15:00:00,28.736666666666668
2026-05-05 16:00:00,27.990526315789474
2026-05-05 17:00:00,27.310714285714283
2026-05-05 18:00:00,26.383333333333333
2026-05-05 19:00:00,22.944444444444443
2026-05-05 20:00:00,20.580000000000002
2026-05-05 21:00:00,18.98433734939759
2026-05-05 22:00:00,18.251648351648353
2026-05-05 23:00:00,17.504761904761907
2026-05-06 00:00:00,17.101041666666667
2026-05-06 01:00:00,21.193684210526317
2026-05-06 02:00:00,18.208602150537637
2026-05-06 03:00:00,21.22022471910112
2026-05-06 04:00:00,20.844827586206897
2026-05-06 05:00:00,21.45714285714286
2026-05-06 06:00:00,23.352631578947367
2026-05-06 07:00:00,25.989583333333332
2026-05-06 08:00:00,27.5875
2026-05-06 09:00:00,
2026-05-06 10:00:00,
2026-05-06 11:00:00,
2026-05-06 12:00:00,
2026-05-06 13:00:00,
2026-05-06 14:00:00,
2026-05-06 15:00:00,
2026-05-06 16:00:00,
2026-05-06 17:00:00,
2026-05-06 18:00:00,
2026-05-06 19:00:00,
2026-05-06 20:00:00,
2026-05-06 21:00:00,
2026-05-06 22:00:00,
2026-05-06 23:00:00,
2026-05-07 00:00:00,
2026-05-07 01:00:00,
2026-05-07 02:00:00,
2026-05-07 03:00:00,
2026-05-07 04:00:00,
2026-05-07 05:00:00,
2026-05-07 06:00:00,
2026-05-07 07:00:00,
2026-05-07 08:00:00,
2026-05-07 09:00:00,
2026-05-07 10:00:00,
2026-05-07 11:00:00,
2026-05-07 12:00:00,
2026-05-07 13:00:00,
2026-05-07 14:00:00,
2026-05-07 15:00:00,
2026-05-07 16:00:00,
2026-05-07 17:00:00,
2026-05-07 18:00:00,
2026-05-07 19:00:00,
2026-05-07 20:00:00,
2026-05-07 21:00:00,
2026-05-07 22:00:00,
2026-05-07 23:00:00,
2026-05-08 00:00:00,
2026-05-08 01:00:00,
2026-05-08 02:00:00,
2026-05-08 03:00:00,
2026-05-08 04:00:00,
2026-05-08 05:00:00,
2026-05-08 06:00:00,
2026-05-08 07:00:00,
2026-05-08 08:00:00,
2026-05-08 09:00:00,
2026-05-08 10:00:00,
2026-05-08 11:00:00,36.292307692307695
2026-05-08 12:00:00,37.59803921568628
2026-05-08 13:00:00,31.090566037735847
2026-05-08 14:00:00,29.964444444444446
2026-05-08 15:00:00,29.014999999999997
2026-05-08 16:00:00,27.947619047619046
2026-05-08 17:00:00,26.589999999999996
2026-05-08 18:00:00,23.95
2026-05-08 19:00:00,20.206
2026-05-08 20:00:00,18.34
2026-05-08 21:00:00,17.614893617021277
2026-05-08 22:00:00,18.01276595744681
2026-05-08 23:00:00,16.38
2026-05-09 00:00:00,15.93888888888889
2026-05-09 01:00:00,15.615625
2026-05-09 02:00:00,15.734210526315788
2026-05-09 03:00:00,16.22439024390244
2026-05-09 04:00:00,16.242105263157896
2026-05-09 05:00:00,15.951282051282051
2026-05-09 06:00:00,15.806060606060607
2026-05-09 07:00:00,17.041666666666668
2026-05-09 08:00:00,19.114583333333332
2026-05-09 09:00:00,18.707894736842103
2026-05-09 10:00:00,22.48032786885246
2026-05-09 11:00:00,27.024
2026-05-09 12:00:00,28.304166666666664
2026-05-09 13:00:00,31.05714285714286
2026-05-09 14:00:00,29.922500000000003
2026-05-09 15:00:00,26.661702127659574
2026-05-09 16:00:00,26.988372093023255
2026-05-09 17:00:00,28.019565217391307
2026-05-09 18:00:00,25.056603773584907
2026-05-09 19:00:00,20.683333333333334
2026-05-09 20:00:00,18.52051282051282
2026-05-09 21:00:00,20.260416666666668
2026-05-09 22:00:00,19.37222222222222
2026-05-09 23:00:00,15.93421052631579
2026-05-10 00:00:00,15.002857142857144
2026-05-10 01:00:00,14.515151515151516
2026-05-10 02:00:00,14.32857142857143
2026-05-10 03:00:00,14.0
2026-05-10 04:00:00,13.910810810810812
2026-05-10 05:00:00,14.371739130434783
2026-05-10 06:00:00,20.208064516129035
2026-05-10 07:00:00,27.03846153846154
2026-05-10 08:00:00,29.455319148936173
2026-05-10 09:00:00,32.4936170212766
2026-05-10 10:00:00,32.09583333333333
2026-05-10 11:00:00,28.553571428571427
2026-05-10 12:00:00,28.90909090909091
2026-05-10 13:00:00,28.76521739130435
2026-05-10 14:00:00,28.244444444444444
2026-05-10 15:00:00,28.504651162790697
2026-05-10 16:00:00,29.24878048780488
2026-05-10 17:00:00,28.246153846153845
2026-05-10 18:00:00,26.367391304347827
2026-05-10 19:00:00,23.311627906976742
2026-05-10 20:00:00,20.972093023255812
2026-05-10 21:00:00,19.958536585365852
2026-05-10 22:00:00,20.066666666666666
2026-05-10 23:00:00,19.61842105263158
2026-05-11 00:00:00,19.200000000000003
2026-05-11 01:00:00,17.886363636363637
2026-05-11 02:00:00,21.533333333333335
2026-05-11 03:00:00,19.678846153846152
2026-05-11 04:00:00,20.96136363636364
2026-05-11 05:00:00,22.010526315789473
2026-05-11 06:00:00,24.73333333333333
2026-05-11 07:00:00,27.412499999999998
2026-05-11 08:00:00,26.70943396226415
2026-05-11 09:00:00,28.090384615384615
2026-05-11 10:00:00,29.20925925925926
2026-05-11 11:00:00,29.866666666666667
2026-05-11 12:00:00,28.940384615384616
2026-05-11 13:00:00,30.298076923076923
2026-05-11 14:00:00,29.189743589743593
2026-05-11 15:00:00,28.858823529411765
2026-05-11 16:00:00,28.027272727272727
2026-05-11 17:00:00,27.35625
2026-05-11 18:00:00,27.02608695652174
2026-05-11 19:00:00,23.611363636363638
2026-05-11 20:00:00,21.13684210526316
2026-05-11 21:00:00,19.81860465116279
2026-05-11 22:00:00,18.934883720930234
2026-05-11 23:00:00,18.099999999999998
2026-05-12 00:00:00,17.485714285714284
2026-05-12 01:00:00,21.51
2026-05-12 02:00:00,19.596363636363634
2026-05-12 03:00:00,20.695652173913043
2026-05-12 04:00:00,20.864444444444445
2026-05-12 05:00:00,19.025000000000002
2026-05-12 06:00:00,22.759183673469387
2026-05-12 07:00:00,24.97407407407407
2026-05-12 08:00:00,27.445283018867922
2026-05-12 09:00:00,28.2625
2026-05-12 10:00:00,29.345098039215685
2026-05-12 11:00:00,29.936734693877554
2026-05-12 12:00:00,28.501785714285713
2026-05-12 13:00:00,30.807692307692307
2026-05-12 14:00:00,29.65625
2026-05-12 15:00:00,29.281818181818185
2026-05-12 16:00:00,28.375555555555557
2026-05-12 17:00:00,27.30697674418605
2026-05-12 18:00:00,26.325581395348838
2026-05-12 19:00:00,23.277083333333334
2026-05-12 20:00:00,21.6875
2026-05-12 21:00:00,20.397560975609753
2026-05-12 22:00:00,19.120512820512822
2026-05-12 23:00:00,18.13030303030303
2026-05-13 00:00:00,17.564285714285713
2026-05-13 01:00:00,17.395
2026-05-13 02:00:00,20.1
2026-05-13 03:00:00,21.539473684210527
2026-05-13 04:00:00,20.78
2026-05-13 05:00:00,21.902439024390244
2026-05-13 06:00:00,25.907692307692308
2026-05-13 07:00:00,27.69787234042553
2026-05-13 08:00:00,27.897959183673468
2026-05-13 09:00:00,29.138181818181817
2026-05-13 10:00:00,28.656521739130437
2026-05-13 11:00:00,30.041666666666668
2026-05-13 12:00:00,30.234
2026-05-13 13:00:00,29.04259259259259
2026-05-13 14:00:00,27.97446808510638
2026-05-13 15:00:00,28.44081632653061
2026-05-13 16:00:00,28.80652173913043
2026-05-13 17:00:00,27.54318181818182
2026-05-13 18:00:00,25.925
2026-05-13 19:00:00,23.492682926829268
2026-05-13 20:00:00,21.553658536585367
2026-05-13 21:00:00,19.961111111111112
2026-05-13 22:00:00,18.665714285714284
2026-05-13 23:00:00,18.191176470588236
2026-05-14 00:00:00,17.84565217391304
2026-05-14 01:00:00,19.96595744680851
2026-05-14 02:00:00,20.4375
2026-05-14 03:00:00,20.848979591836734
2026-05-14 04:00:00,21.865625
2026-05-14 05:00:00,22.171428571428574
2026-05-14 06:00:00,23.584313725490194
2026-05-14 07:00:00,26.98813559322034
2026-05-14 08:00:00,28.304000000000002
2026-05-14 09:00:00,28.758181818181818
2026-05-14 10:00:00,28.83809523809524
2026-05-14 11:00:00,29.929310344827588
2026-05-14 12:00:00,29.646551724137932
2026-05-14 13:00:00,30.08448275862069
2026-05-14 14:00:00,30.994444444444444
2026-05-14 15:00:00,31.316666666666666
2026-05-14 16:00:00,30.152941176470588
2026-05-14 17:00:00,28.772549019607844
2026-05-14 18:00:00,27.76304347826087
2026-05-14 19:00:00,24.39782608695652
2026-05-14 20:00:00,23.034285714285716
2026-05-14 21:00:00,22.358823529411765
2026-05-14 22:00:00,21.31714285714286
2026-05-14 23:00:00,19.80952380952381
2026-05-15 00:00:00,18.382051282051282
2026-05-15 01:00:00,17.644444444444446
2026-05-15 02:00:00,19.81
2026-05-15 03:00:00,20.67222222222222
2026-05-15 04:00:00,18.087755102040816
2026-05-15 05:00:00,22.4468085106383
2026-05-15 06:00:00,24.99076923076923
2026-05-15 07:00:00,25.858024691358025
2026-05-15 08:00:00,26.998837209302327
2026-05-15 09:00:00,26.99484536082474
2026-05-15 10:00:00,26.947
2026-05-15 11:00:00,26.778000000000002
2026-05-15 12:00:00,26.845945945945946
2026-05-15 13:00:00,27.257303370786516
2026-05-15 14:00:00,25.344318181818185
2026-05-15 15:00:00,23.63222222222222
2026-05-15 16:00:00,21.547191011235956
2026-05-15 17:00:00,21.325555555555557
2026-05-15 18:00:00,22.979120879120877
2026-05-15 19:00:00,19.043333333333333
2026-05-15 20:00:00,18.833673469387755
2026-05-15 21:00:00,21.787619047619046
2026-05-15 22:00:00,19.57578947368421
2026-05-15 23:00:00,20.76105263157895
2026-05-16 00:00:00,20.6816091954023
2026-05-16 01:00:00,19.755172413793105
2026-05-16 02:00:00,18.927272727272726
2026-05-16 03:00:00,18.57191011235955
2026-05-16 04:00:00,18.506122448979593
2026-05-16 05:00:00,20.245454545454546
2026-05-16 06:00:00,25.531632653061223
2026-05-16 07:00:00,27.731372549019607
2026-05-16 08:00:00,29.5021978021978
2026-05-16 09:00:00,29.713978494623657
2026-05-16 10:00:00,27.685148514851484
2026-05-16 11:00:00,27.1625
2026-05-16 12:00:00,27.652631578947368
2026-05-16 13:00:00,27.86413043478261
2026-05-16 14:00:00,28.302
2026-05-16 15:00:00,28.115624999999998
2026-05-16 16:00:00,27.51153846153846
2026-05-16 17:00:00,26.84255319148936
2026-05-16 18:00:00,25.030232558139534
2026-05-16 19:00:00,20.830107526881722
2026-05-16 20:00:00,18.705434782608698
2026-05-16 21:00:00,17.736082474226805
2026-05-16 22:00:00,21.373118279569894
2026-05-16 23:00:00,19.345192307692308
2026-05-17 00:00:00,20.957894736842107
2026-05-17 01:00:00,21.628723404255318
2026-05-17 02:00:00,20.953488372093023
2026-05-17 03:00:00,21.31195652173913
2026-05-17 04:00:00,20.01875
2026-05-17 05:00:00,21.091011235955055
2026-05-17 06:00:00,22.834513274336285
2026-05-17 07:00:00,25.33177570093458
2026-05-17 08:00:00,27.38425925925926
2026-05-17 09:00:00,27.069999999999997
2026-05-17 10:00:00,27.537837837837838
2026-05-17 11:00:00,28.05982142857143
2026-05-17 12:00:00,29.27326732673267
2026-05-17 13:00:00,27.658407079646018
2026-05-17 14:00:00,26.917708333333334
2026-05-17 15:00:00,25.527368421052632
2026-05-17 16:00:00,25.61443298969072
2026-05-17 17:00:00,24.742268041237114
2026-05-17 18:00:00,22.59166666666667
2026-05-17 19:00:00,20.086206896551722
2026-05-17 20:00:00,18.840999999999998
2026-05-17 21:00:00,17.88736842105263
2026-05-17 22:00:00,17.438297872340424
2026-05-17 23:00:00,17.188372093023258
2026-05-18 00:00:00,17.124175824175822
2026-05-18 01:00:00,21.280208333333334
2026-05-18 02:00:00,21.857894736842105
2026-05-18 03:00:00,18.884946236559138
2026-05-18 04:00:00,21.64123711340206
2026-05-18 05:00:00,21.649056603773587
2026-05-18 06:00:00,22.749462365591395
2026-05-18 07:00:00,24.740384615384617
2026-05-18 08:00:00,27.69677419354839
2026-05-18 09:00:00,27.164601769911503
2026-05-18 10:00:00,27.63809523809524
2026-05-18 11:00:00,28.525961538461537
2026-05-18 12:00:00,30.08061224489796
2026-05-18 13:00:00,30.594117647058823
2026-05-18 14:00:00,30.545794392523366
2026-05-18 15:00:00,29.787755102040816
2026-05-18 16:00:00,28.893877551020406
2026-05-18 17:00:00,27.367346938775512
2026-05-18 18:00:00,27.8031914893617
2026-05-18 19:00:00,24.3
2026-05-18 20:00:00,21.616666666666667
2026-05-18 21:00:00,20.157731958762888
2026-05-18 22:00:00,19.06629213483146
2026-05-18 23:00:00,18.273118279569893
2026-05-19 00:00:00,17.525510204081634
2026-05-19 01:00:00,22.070833333333336
2026-05-19 02:00:00,18.710416666666667
2026-05-19 03:00:00,20.844565217391306
2026-05-19 04:00:00,18.46938775510204
2026-05-19 05:00:00,19.440449438202247
2026-05-19 06:00:00,23.653465346534652
2026-05-19 07:00:00,25.410714285714285
2026-05-19 08:00:00,26.48125
2026-05-19 09:00:00,28.262857142857143
2026-05-19 10:00:00,30.986315789473682
2026-05-19 11:00:00,32.092
2026-05-19 12:00:00,33.14736842105263
2026-05-19 13:00:00,30.28
2026-05-19 14:00:00,32.53932584269663
2026-05-19 15:00:00,32.48282828282829
2026-05-19 16:00:00,31.710869565217394
2026-05-19 17:00:00,30.272222222222222
2026-05-19 18:00:00,29.241176470588233
2026-05-19 19:00:00,25.426041666666666
2026-05-19 20:00:00,22.640196078431373
2026-05-19 21:00:00,20.893877551020406
2026-05-19 22:00:00,19.93448275862069
2026-05-19 23:00:00,18.787499999999998
2026-05-20 00:00:00,17.824468085106382
2026-05-20 01:00:00,17.535955056179777
2026-05-20 02:00:00,18.856521739130436
2026-05-20 03:00:00,21.92127659574468
2026-05-20 04:00:00,18.879797979797978
2026-05-20 05:00:00,22.315384615384616
2026-05-20 06:00:00,24.674038461538462
2026-05-20 07:00:00,25.684158415841583
2026-05-20 08:00:00,29.088118811881188
2026-05-20 09:00:00,32.47113402061856
2026-05-20 10:00:00,35.02884615384615
2026-05-20 11:00:00,33.7631067961165
2026-05-20 12:00:00,35.20961538461539
2026-05-20 13:00:00,36.82857142857143
2026-05-20 14:00:00,34.23039215686274
2026-05-20 15:00:00,34.03142857142857
2026-05-20 16:00:00,32.51078431372549
2026-05-20 17:00:00,30.516161616161614
2026-05-20 18:00:00,26.886999999999997
2026-05-20 19:00:00,24.347572815533983
2026-05-20 20:00:00,22.188172043010752
2026-05-20 21:00:00,20.49550561797753
2026-05-20 22:00:00,19.219540229885055
2026-05-20 23:00:00,18.013793103448275
2026-05-21 00:00:00,17.42528735632184
2026-05-21 01:00:00,17.77
2026-05-21 02:00:00,22.110112359550563
2026-05-21 03:00:00,18.891666666666666
2026-05-21 04:00:00,20.82
2026-05-21 05:00:00,22.406666666666666
2026-05-21 06:00:00,23.663725490196075
2026-05-21 07:00:00,25.560747663551403
2026-05-21 08:00:00,29.375510204081635
2026-05-21 09:00:00,32.30285714285714
2026-05-21 10:00:00,35.258762886597935
2026-05-21 11:00:00,36.749494949494945
2026-05-21 12:00:00,37.019444444444446
2026-05-21 13:00:00,37.049019607843135
2026-05-21 14:00:00,36.51855670103093
2026-05-21 15:00:00,36.85876288659794
2026-05-21 16:00:00,35.44018691588785
2026-05-21 17:00:00,33.204040404040406
2026-05-21 18:00:00,29.452083333333334
2026-05-21 19:00:00,25.314432989690722
2026-05-21 20:00:00,22.71875
2026-05-21 21:00:00,21.038297872340426
2026-05-21 22:00:00,19.907317073170734
2026-05-21 23:00:00,19.05
2026-05-22 00:00:00,18.401162790697676
2026-05-22 01:00:00,17.623595505617978
2026-05-22 02:00:00,17.29888888888889
2026-05-22 03:00:00,18.383838383838384
2026-05-22 04:00:00,22.434065934065934
2026-05-22 05:00:00,19.995876288659794
2026-05-22 06:00:00,24.074747474747475
2026-05-22 07:00:00,27.517525773195874
2026-05-22 08:00:00,29.819354838709675
2026-05-22 09:00:00,33.313
2026-05-22 10:00:00,34.10217391304348
2026-05-22 11:00:00,34.76534653465346
2026-05-22 12:00:00,35.1659793814433
2026-05-22 13:00:00,35.146
2026-05-22 14:00:00,35.50480769230769
2026-05-22 15:00:00,34.87830188679245
2026-05-22 16:00:00,34.32826086956521
2026-05-22 17:00:00,32.73225806451613
2026-05-22 18:00:00,29.588297872340426
2026-05-22 19:00:00,25.38222222222222
2026-05-22 20:00:00,22.847191011235957
2026-05-22 21:00:00,20.951612903225808
2026-05-22 22:00:00,19.814736842105265
2026-05-22 23:00:00,19.18505747126437
2026-05-23 00:00:00,18.560606060606062
2026-05-23 01:00:00,17.81237113402062
2026-05-23 02:00:00,17.430208333333333
2026-05-23 03:00:00,21.956521739130434
2026-05-23 04:00:00,19.072
2026-05-23 05:00:00,22.03904761904762
2026-05-23 06:00:00,24.940384615384616
2026-05-23 07:00:00,29.15108695652174
2026-05-23 08:00:00,32.2659793814433
2026-05-23 09:00:00,34.666315789473686
2026-05-23 10:00:00,35.20869565217391
2026-05-23 11:00:00,35.757999999999996
2026-05-23 12:00:00,36.50103092783505
2026-05-23 13:00:00,36.50869565217391
2026-05-23 14:00:00,37.202127659574465
2026-05-23 15:00:00,36.32637362637362
2026-05-23 16:00:00,35.76304347826087
2026-05-23 17:00:00,34.07157894736842
2026-05-23 18:00:00,29.929032258064517
2026-05-23 19:00:00,25.095604395604393
2026-05-23 20:00:00,22.662765957446812
2026-05-23 21:00:00,20.843956043956045
2026-05-23 22:00:00,19.523863636363636
2026-05-23 23:00:00,18.777173913043477
2026-05-24 00:00:00,18.400000000000002
2026-05-24 01:00:00,17.957954545454545
2026-05-24 02:00:00,17.39462365591398
2026-05-24 03:00:00,21.846
2026-05-24 04:00:00,19.32340425531915
2026-05-24 05:00:00,22.57281553398058
2026-05-24 06:00:00,24.401123595505616
2026-05-24 07:00:00,29.440206185567007
2026-05-24 08:00:00,32.09795918367347
2026-05-24 09:00:00,35.12765957446808
2026-05-24 10:00:00,35.665625
2026-05-24 11:00:00,35.849514563106794
2026-05-24 12:00:00,35.81086956521739
2026-05-24 13:00:00,35.93069306930693
2026-05-24 14:00:00,35.547474747474745
2026-05-24 15:00:00,35.12222222222222
2026-05-24 16:00:00,35.549462365591395
2026-05-24 17:00:00,34.282978723404256
2026-05-24 18:00:00,30.476530612244897
2026-05-24 19:00:00,25.75463917525773
2026-05-24 20:00:00,23.28488372093023
2026-05-24 21:00:00,21.54470588235294
2026-05-24 22:00:00,20.227083333333333
2026-05-24 23:00:00,19.208988764044943
2026-05-25 00:00:00,18.926190476190477
2026-05-25 01:00:00,18.079775280898875
2026-05-25 02:00:00,17.613829787234042
2026-05-25 03:00:00,17.329885057471266
2026-05-25 04:00:00,21.28484848484848
2026-05-25 05:00:00,21.78690476190476
2026-05-25 06:00:00,24.85408163265306
2026-05-25 07:00:00,26.622105263157895
2026-05-25 08:00:00,29.93669724770642
2026-05-25 09:00:00,32.71826923076923
2026-05-25 10:00:00,34.335922330097084
2026-05-25 11:00:00,34.23
2026-05-25 12:00:00,34.14403669724771
2026-05-25 13:00:00,34.12525252525253
2026-05-25 14:00:00,34.1348623853211
2026-05-25 15:00:00,33.94571428571429
2026-05-25 16:00:00,32.79545454545455
2026-05-25 17:00:00,32.65051546391752
2026-05-25 18:00:00,28.551960784313728
2026-05-25 19:00:00,24.27282608695652
2026-05-25 20:00:00,22.352222222222224
2026-05-25 21:00:00,20.951685393258426
2026-05-25 22:00:00,19.53936170212766
2026-05-25 23:00:00,18.773255813953487
2026-05-26 00:00:00,18.50967741935484
2026-05-26 01:00:00,18.060000000000002
2026-05-26 02:00:00,17.519565217391303
2026-05-26 03:00:00,18.09207920792079
2026-05-26 04:00:00,22.445348837209302
2026-05-26 05:00:00,21.787499999999998
2026-05-26 06:00:00,24.33655913978495
2026-05-26 07:00:00,26.144186046511628
2026-05-26 08:00:00,29.718367346938777
2026-05-26 09:00:00,29.920388349514564
2026-05-26 10:00:00,31.986792452830187
2026-05-26 11:00:00,33.94347826086957
2026-05-26 12:00:00,34.391
2026-05-26 13:00:00,34.25686274509804
2026-05-26 14:00:00,34.6027027027027
2026-05-26 15:00:00,34.21619047619048
2026-05-26 16:00:00,34.06601941747573
2026-05-26 17:00:00,31.370833333333334
2026-05-26 18:00:00,26.71098901098901
2026-05-26 19:00:00,24.511827956989247
2026-05-26 20:00:00,22.74285714285714
2026-05-26 21:00:00,21.20412371134021
2026-05-26 22:00:00,19.96063829787234
2026-05-26 23:00:00,19.242696629213484
2026-05-27 00:00:00,18.771134020618558
2026-05-27 01:00:00,18.06063829787234
2026-05-27 02:00:00,17.373563218390803
2026-05-27 03:00:00,21.35981308411215
2026-05-27 04:00:00,21.996907216494844
2026-05-27 05:00:00,19.116455696202532
2026-05-27 06:00:00,23.52164948453608
2026-05-27 07:00:00,26.253191489361704
2026-05-27 08:00:00,27.921999999999997
2026-05-27 09:00:00,33.319148936170215
2026-05-27 10:00:00,33.81836734693877
2026-05-27 11:00:00,33.46632653061224
2026-05-27 12:00:00,34.348453608247425
2026-05-27 13:00:00,35.25252525252525
2026-05-27 14:00:00,35.49080459770115
2026-05-27 15:00:00,34.865591397849464
2026-05-27 16:00:00,34.52178217821782
2026-05-27 17:00:00,34.29387755102041
2026-05-27 18:00:00,30.960416666666664
2026-05-27 19:00:00,26.208163265306123
2026-05-27 20:00:00,23.774468085106385
2026-05-27 21:00:00,21.9989010989011
2026-05-27 22:00:00,20.61182795698925
2026-05-27 23:00:00,19.345454545454547
2026-05-28 00:00:00,18.380459770114943
2026-05-28 01:00:00,17.91951219512195
2026-05-28 02:00:00,17.848484848484848
2026-05-28 03:00:00,17.29404761904762
2026-05-28 04:00:00,21.230526315789476
2026-05-28 05:00:00,22.824742268041238
2026-05-28 06:00:00,25.242857142857144
2026-05-28 07:00:00,27.21222222222222
2026-05-28 08:00:00,27.614150943396226
2026-05-28 09:00:00,32.38543689320388
2026-05-28 10:00:00,35.035
2026-05-28 11:00:00,35.411764705882355
2026-05-28 12:00:00,34.711
2026-05-28 13:00:00,35.599000000000004
2026-05-28 14:00:00,35.541
2026-05-28 15:00:00,34.89
2026-05-28 16:00:00,34.564516129032256
2026-05-28 17:00:00,33.58
2026-05-28 18:00:00,30.4989898989899
2026-05-28 19:00:00,26.339080459770116
2026-05-28 20:00:00,23.922580645161293
2026-05-28 21:00:00,22.117977528089888
2026-05-28 22:00:00,20.70232558139535
2026-05-28 23:00:00,19.484536082474225
2026-05-29 00:00:00,18.753932584269663
2026-05-29 01:00:00,18.18607594936709
2026-05-29 02:00:00,17.573863636363637
2026-05-29 03:00:00,17.070588235294117
2026-05-29 04:00:00,19.83627450980392
2026-05-29 05:00:00,22.634736842105266
2026-05-29 06:00:00,25.351401869158877
2026-05-29 07:00:00,26.406666666666666
2026-05-29 08:00:00,27.217708333333334
2026-05-29 09:00:00,32.32181818181818
2026-05-29 10:00:00,36.647706422018345
2026-05-29 11:00:00,35.813265306122446
2026-05-29 12:00:00,36.137499999999996
2026-05-29 13:00:00,37.02574257425742
2026-05-29 14:00:00,37.78585858585859
2026-05-29 15:00:00,36.68198198198198
2026-05-29 16:00:00,36.151041666666664
2026-05-29 17:00:00,34.90190476190476
2026-05-29 18:00:00,32.574509803921565
2026-05-29 19:00:00,28.159302325581393
2026-05-29 20:00:00,25.369791666666668
2026-05-29 21:00:00,23.543956043956044
2026-05-29 22:00:00,21.963917525773194
2026-05-29 23:00:00,20.878947368421052
2026-05-30 00:00:00,19.906451612903226
2026-05-30 01:00:00,19.23936170212766
2026-05-30 02:00:00,19.420408163265307
2026-05-30 03:00:00,19.086734693877553
2026-05-30 04:00:00,18.413684210526316
2026-05-30 05:00:00,19.8876404494382
2026-05-30 06:00:00,25.22608695652174
2026-05-30 07:00:00,27.191346153846155
2026-05-30 08:00:00,28.572043010752687
2026-05-30 09:00:00,32.48425925925926
2026-05-30 10:00:00,34.18043478260869
2026-05-30 11:00:00,35.558064516129036
2026-05-30 12:00:00,36.60952380952381
2026-05-30 13:00:00,37.32621359223301
2026-05-30 14:00:00,37.23020833333333
2026-05-30 15:00:00,36.27
2026-05-30 16:00:00,35.703092783505156
2026-05-30 17:00:00,33.96923076923077
2026-05-30 18:00:00,30.841052631578947
2026-05-30 19:00:00,27.822352941176472
2026-05-30 20:00:00,25.988888888888887
2026-05-30 21:00:00,25.5625
2026-05-30 22:00:00,24.383157894736843
2026-05-30 23:00:00,22.967441860465115
2026-05-31 00:00:00,21.80344827586207
2026-05-31 01:00:00,20.95056179775281
2026-05-31 02:00:00,20.211702127659574
2026-05-31 03:00:00,19.91521739130435
2026-05-31 04:00:00,19.506451612903223
2026-05-31 05:00:00,20.85
2026-05-31 06:00:00,25.868316831683167
2026-05-31 07:00:00,27.124742268041235
2026-05-31 08:00:00,28.49157894736842
2026-05-31 09:00:00,30.19896907216495
2026-05-31 10:00:00,31.55454545454546
2026-05-31 11:00:00,33.41290322580645
2026-05-31 12:00:00,34.640697674418604
2026-05-31 13:00:00,35.63838383838384
2026-05-31 14:00:00,36.87010309278351
2026-05-31 15:00:00,35.35729166666667
2026-05-31 16:00:00,32.546875
2026-05-31 17:00:00,30.6030303030303
2026-05-31 18:00:00,28.178021978021977
2026-05-31 19:00:00,26.23139534883721
2026-05-31 20:00:00,24.6025
2026-05-31 21:00:00,23.565217391304348
2026-05-31 22:00:00,22.65
2026-05-31 23:00:00,21.806521739130435
2026-06-01 00:00:00,21.10919540229885
2026-06-01 01:00:00,20.71290322580645
2026-06-01 02:00:00,20.181632653061225
2026-06-01 03:00:00,19.53191489361702
2026-06-01 04:00:00,19.06206896551724
2026-06-01 05:00:00,20.503260869565217
2026-06-01 06:00:00,25.80212765957447
2026-06-01 07:00:00,25.993000000000002
2026-06-01 08:00:00,28.629411764705882
2026-06-01 09:00:00,31.616
2026-06-01 10:00:00,35.90217391304348
2026-06-01 11:00:00,36.21827956989247
2026-06-01 12:00:00,36.58924731182796
2026-06-01 13:00:00,37.141666666666666
2026-06-01 14:00:00,36.88297872340426
2026-06-01 15:00:00,36.04845360824742
2026-06-01 16:00:00,36.23695652173913
2026-06-01 17:00:00,
2026-06-01 18:00:00,
2026-06-01 19:00:00,
2026-06-01 20:00:00,
2026-06-01 21:00:00,
2026-06-01 22:00:00,
2026-06-01 23:00:00,
2026-06-02 00:00:00,
2026-06-02 01:00:00,
2026-06-02 02:00:00,
2026-06-02 03:00:00,
2026-06-02 04:00:00,
2026-06-02 05:00:00,23.95
2026-06-02 06:00:00,25.25
2026-06-02 07:00:00,26.762694300518135
2026-06-02 08:00:00,31.382653061224488
2026-06-02 09:00:00,35.0875
2026-06-02 10:00:00,37.36923076923077
2026-06-02 11:00:00,38.833333333333336
2026-06-02 12:00:00,40.457142857142856
2026-06-02 13:00:00,38.420833333333334
2026-06-02 14:00:00,37.89433962264151
2026-06-02 15:00:00,37.90679611650486
2026-06-02 16:00:00,36.9010101010101
2026-06-02 17:00:00,35.5406976744186
2026-06-02 18:00:00,34.75473684210526
2026-06-02 19:00:00,32.245054945054946
2026-06-02 20:00:00,29.452272727272728
2026-06-02 21:00:00,26.74891304347826
2026-06-02 22:00:00,25.273958333333336
2026-06-02 23:00:00,24.281818181818185
2026-06-03 00:00:00,23.698947368421052
2026-06-03 01:00:00,23.09655172413793
2026-06-03 02:00:00,22.436559139784944
2026-06-03 03:00:00,22.23
2026-06-03 04:00:00,21.746739130434783
2026-06-03 05:00:00,23.080459770114942
2026-06-03 06:00:00,26.697979797979798
2026-06-03 07:00:00,27.47450980392157
2026-06-03 08:00:00,28.09375
2026-06-03 09:00:00,30.916190476190476
2026-06-03 10:00:00,32.94
2026-06-03 11:00:00,35.11134020618557
2026-06-03 12:00:00,33.6063829787234
2026-06-03 13:00:00,32.666326530612245
2026-06-03 14:00:00,32.64845360824742
2026-06-03 15:00:00,32.329069767441865
2026-06-03 16:00:00,32.41208791208791
2026-06-03 17:00:00,30.88
2026-06-03 18:00:00,27.763440860215052
2026-06-03 19:00:00,25.67865168539326
2026-06-03 20:00:00,24.363953488372093
2026-06-03 21:00:00,23.55578947368421
2026-06-03 22:00:00,22.909574468085108
2026-06-03 23:00:00,22.46309523809524
2026-06-04 00:00:00,22.054347826086957
2026-06-04 01:00:00,21.68695652173913
2026-06-04 02:00:00,21.35764705882353
2026-06-04 03:00:00,21.248863636363637
2026-06-04 04:00:00,21.645
2026-06-04 05:00:00,22.5
2026-06-04 06:00:00,24.089156626506025
2026-06-04 07:00:00,25.591208791208793
2026-06-04 08:00:00,28.73469387755102
2026-06-04 09:00:00,30.116666666666667
2026-06-04 10:00:00,30.785106382978725
2026-06-04 11:00:00,32.461682242990655
2026-06-04 12:00:00,33.67956989247312
2026-06-04 13:00:00,34.73737373737374
2026-06-04 14:00:00,36.03181818181818
2026-06-04 15:00:00,35.546236559139786
2026-06-04 16:00:00,35.77474747474747
2026-06-04 17:00:00,35.003191489361704
2026-06-04 18:00:00,32.37052631578947
2026-06-04 19:00:00,28.002884615384616
2026-06-04 20:00:00,25.843529411764703
2026-06-04 21:00:00,24.595049504950495
2026-06-04 22:00:00,23.723333333333333
2026-06-04 23:00:00,22.81590909090909
2026-06-05 00:00:00,22.269565217391307
2026-06-05 01:00:00,21.85909090909091
2026-06-05 02:00:00,21.945882352941176
2026-06-05 03:00:00,21.56590909090909
2026-06-05 04:00:00,21.427083333333332
2026-06-05 05:00:00,22.66021505376344
2026-06-05 06:00:00,24.351190476190474
2026-06-05 07:00:00,26.446236559139784
2026-06-05 08:00:00,27.96969696969697
2026-06-05 09:00:00,30.11862745098039
2026-06-05 10:00:00,30.169607843137257
2026-06-05 11:00:00,29.75463917525773
2026-06-05 12:00:00,29.755434782608695
2026-06-05 13:00:00,29.610416666666666
2026-06-05 14:00:00,29.366666666666667
2026-06-05 15:00:00,28.734444444444442
2026-06-05 16:00:00,28.128282828282828
2026-06-05 17:00:00,27.06179775280899
2026-06-05 18:00:00,24.66829268292683
2026-06-05 19:00:00,23.770967741935483
2026-06-05 20:00:00,23.041379310344826
2026-06-05 21:00:00,22.57362637362637
2026-06-05 22:00:00,22.406896551724138
2026-06-05 23:00:00,22.365957446808512
2026-06-06 00:00:00,22.295348837209303
2026-06-06 01:00:00,22.226666666666667
2026-06-06 02:00:00,21.94404761904762
2026-06-06 03:00:00,21.886734693877553
2026-06-06 04:00:00,21.622352941176473
2026-06-06 05:00:00,22.6
2026-06-06 06:00:00,24.36627906976744
2026-06-06 07:00:00,26.777659574468085
2026-06-06 08:00:00,28.991752577319584
2026-06-06 09:00:00,29.275961538461537
2026-06-06 10:00:00,29.371153846153845
2026-06-06 11:00:00,30.971276595744683
2026-06-06 12:00:00,31.758695652173916
2026-06-06 13:00:00,32.103092783505154
2026-06-06 14:00:00,31.72857142857143
2026-06-06 15:00:00,30.932967032967035
2026-06-06 16:00:00,30.048936170212766
2026-06-06 17:00:00,28.113636363636363
2026-06-06 18:00:00,25.99777777777778
2026-06-06 19:00:00,24.654545454545453
2026-06-06 20:00:00,23.619607843137253
2026-06-06 21:00:00,22.92325581395349
2026-06-06 22:00:00,22.367058823529412
2026-06-06 23:00:00,21.99625
2026-06-07 00:00:00,21.74255319148936
2026-06-07 01:00:00,21.62680412371134
2026-06-07 02:00:00,21.406024096385543
2026-06-07 03:00:00,21.2494623655914
2026-06-07 04:00:00,20.91290322580645
2026-06-07 05:00:00,21.77934782608696
2026-06-07 06:00:00,23.688043478260873
2026-06-07 07:00:00,26.117894736842103
2026-06-07 08:00:00,27.74230769230769
2026-06-07 09:00:00,28.748421052631578
2026-06-07 10:00:00,29.376288659793815
2026-06-07 11:00:00,29.659036144578312
2026-06-07 12:00:00,29.920618556701033
2026-06-07 13:00:00,29.859574468085107
2026-06-07 14:00:00,29.57340425531915
2026-06-07 15:00:00,28.849473684210526
2026-06-07 16:00:00,28.495454545454546
2026-06-07 17:00:00,28.01530612244898
2026-06-07 18:00:00,26.383516483516484
2026-06-07 19:00:00,24.978651685393256
2026-06-07 20:00:00,23.52560975609756
2026-06-07 21:00:00,22.518367346938778
2026-06-07 22:00:00,21.549484536082478
2026-06-07 23:00:00,21.132967032967034
2026-06-08 00:00:00,20.861290322580643
2026-06-08 01:00:00,20.36235294117647
2026-06-08 02:00:00,19.827272727272728
2026-06-08 03:00:00,19.30574712643678
2026-06-08 04:00:00,19.12840909090909
2026-06-08 05:00:00,20.702083333333334
2026-06-08 06:00:00,25.912745098039213
2026-06-08 07:00:00,26.33904761904762
2026-06-08 08:00:00,28.122680412371135
2026-06-08 09:00:00,29.792473118279567
2026-06-08 10:00:00,30.17127659574468
2026-06-08 11:00:00,32.171578947368424
2026-06-08 12:00:00,32.63191489361702
2026-06-08 13:00:00,33.735955056179776
2026-06-08 14:00:00,35.23737373737374
2026-06-08 15:00:00,36.50869565217391
2026-06-08 16:00:00,36.26022727272727
2026-06-08 17:00:00,35.508602150537634
2026-06-08 18:00:00,31.975247524752476
2026-06-08 19:00:00,27.5978021978022
2026-06-08 20:00:00,25.971910112359552
2026-06-08 21:00:00,24.830526315789474
2026-06-08 22:00:00,24.05
2026-06-08 23:00:00,23.243333333333336
2026-06-09 00:00:00,22.595
2026-06-09 01:00:00,22.030208333333334
2026-06-09 02:00:00,21.658620689655173
2026-06-09 03:00:00,21.45952380952381
2026-06-09 04:00:00,21.55952380952381
2026-06-09 05:00:00,22.330681818181816
2026-06-09 06:00:00,24.185858585858586
2026-06-09 07:00:00,25.39578947368421
2026-06-09 08:00:00,27.607207207207207
2026-06-09 09:00:00,28.869072164948456
2026-06-09 10:00:00,28.548275862068962
2026-06-09 11:00:00,30.635
2026-06-09 12:00:00,31.05148514851485
2026-06-09 13:00:00,31.38817204301075
2026-06-09 14:00:00,31.291666666666668
2026-06-09 15:00:00,30.49
2026-06-09 16:00:00,30.456999999999997
2026-06-09 17:00:00,29.395959595959596
2026-06-09 18:00:00,27.703000000000003
2026-06-09 19:00:00,25.968817204301075
2026-06-09 20:00:00,24.33793103448276
2026-06-09 21:00:00,23.269791666666666
2026-06-09 22:00:00,22.47171717171717
2026-06-09 23:00:00,22.11777777777778
2026-06-10 00:00:00,21.66206896551724
2026-06-10 01:00:00,21.45909090909091
2026-06-10 02:00:00,22.136082474226804
2026-06-10 03:00:00,22.00111111111111
2026-06-10 04:00:00,22.321739130434782
2026-06-10 05:00:00,23.063736263736267
2026-06-10 06:00:00,24.469135802469136
2026-06-10 07:00:00,26.98586956521739
2026-06-10 08:00:00,29.34536082474227
2026-06-10 09:00:00,29.808910891089106
2026-06-10 10:00:00,30.349999999999998
2026-06-10 11:00:00,30.32840909090909
2026-06-10 12:00:00,30.928712871287132
2026-06-10 13:00:00,30.80792079207921
2026-06-10 14:00:00,30.140594059405938
2026-06-10 15:00:00,29.54736842105263
2026-06-10 16:00:00,29.219791666666666
2026-06-10 17:00:00,28.38061224489796
2026-06-10 18:00:00,27.506249999999998
2026-06-10 19:00:00,25.91530612244898
2026-06-10 20:00:00,24.77415730337079
2026-06-10 21:00:00,24.266326530612243
2026-06-10 22:00:00,23.99021739130435
2026-06-10 23:00:00,23.616161616161616
2026-06-11 00:00:00,23.353061224489796
2026-06-11 01:00:00,23.021348314606744
2026-06-11 02:00:00,22.757471264367815
2026-06-11 03:00:00,22.384
2026-06-11 04:00:00,22.150588235294116
2026-06-11 05:00:00,22.645238095238096
2026-06-11 06:00:00,24.26086956521739
2026-06-11 07:00:00,26.259302325581398
2026-06-11 08:00:00,26.295604395604396
2026-06-11 09:00:00,27.210101010101013
2026-06-11 10:00:00,27.311363636363637
2026-06-11 11:00:00,27.218367346938777
2026-06-11 12:00:00,29.186666666666667
2026-06-11 13:00:00,28.96590909090909
2026-06-11 14:00:00,29.5
2026-06-11 15:00:00,29.08556701030928
2026-06-11 16:00:00,28.331999999999997
2026-06-11 17:00:00,27.042391304347827
2026-06-11 18:00:00,25.820689655172416
2026-06-11 19:00:00,24.232
2026-06-11 20:00:00,22.62826086956522
2026-06-11 21:00:00,21.87319587628866
2026-06-11 22:00:00,21.271428571428572
2026-06-11 23:00:00,20.467032967032967
2026-06-12 00:00:00,19.905102040816328
2026-06-12 01:00:00,19.46
2026-06-12 02:00:00,19.15505617977528
2026-06-12 03:00:00,18.732941176470586
2026-06-12 04:00:00,18.21627906976744
2026-06-12 05:00:00,19.42828282828283
2026-06-12 06:00:00,23.343298969072166
2026-06-12 07:00:00,26.42159090909091
2026-06-12 08:00:00,27.183333333333334
2026-06-12 09:00:00,27.892929292929296
2026-06-12 10:00:00,28.94705882352941
2026-06-12 11:00:00,31.20851063829787
2026-06-12 12:00:00,32.40561797752809
2026-06-12 13:00:00,31.245631067961167
2026-06-12 14:00:00,30.59591836734694
2026-06-12 15:00:00,29.242708333333336
2026-06-12 16:00:00,29.040776699029124
2026-06-12 17:00:00,28.344444444444445
2026-06-12 18:00:00,27.06421052631579
2026-06-12 19:00:00,24.70520833333333
2026-06-12 20:00:00,22.83936170212766
2026-06-12 21:00:00,21.63132530120482
2026-06-12 22:00:00,20.243750000000002
2026-06-12 23:00:00,19.797777777777778
2026-06-13 00:00:00,19.526923076923076
2026-06-13 01:00:00,19.308163265306124
2026-06-13 02:00:00,18.872043010752687
2026-06-13 03:00:00,18.017777777777777
2026-06-13 04:00:00,18.21195652173913
2026-06-13 05:00:00,19.4234693877551
2026-06-13 06:00:00,23.21875
2026-06-13 07:00:00,26.33894736842105
2026-06-13 08:00:00,27.927083333333332
2026-06-13 09:00:00,29.068224299065424
2026-06-13 10:00:00,29.159183673469386
2026-06-13 11:00:00,30.424742268041236
2026-06-13 12:00:00,30.555670103092783
2026-06-13 13:00:00,30.877777777777776
2026-06-13 14:00:00,31.939560439560438
2026-06-13 15:00:00,31.885858585858585
2026-06-13 16:00:00,31.50111111111111
2026-06-13 17:00:00,30.593478260869563
2026-06-13 18:00:00,29.182105263157897
2026-06-13 19:00:00,26.165517241379312
2026-06-13 20:00:00,23.518823529411765
2026-06-13 21:00:00,21.51914893617021
2026-06-13 22:00:00,20.573404255319147
2026-06-13 23:00:00,20.233333333333334
2026-06-14 00:00:00,19.910588235294117
2026-06-14 01:00:00,19.585
2026-06-14 02:00:00,19.27415730337079
2026-06-14 03:00:00,18.564444444444444
2026-06-14 04:00:00,18.169999999999998
2026-06-14 05:00:00,19.957608695652173
2026-06-14 06:00:00,24.528723404255317
2026-06-14 07:00:00,27.3
2026-06-14 08:00:00,28.898076923076925
2026-06-14 09:00:00,31.217708333333334
2026-06-14 10:00:00,31.988541666666666
2026-06-14 11:00:00,33.89072164948454
2026-06-14 12:00:00,34.013000000000005
2026-06-14 13:00:00,30.978
2026-06-14 14:00:00,31.321739130434782
2026-06-14 15:00:00,30.01359223300971
2026-06-14 16:00:00,31.833684210526314
2026-06-14 17:00:00,31.571739130434782
2026-06-14 18:00:00,29.09032258064516
2026-06-14 19:00:00,26.81413043478261
2026-06-14 20:00:00,24.947252747252744
2026-06-14 21:00:00,23.623076923076923
2026-06-14 22:00:00,22.54767441860465
2026-06-14 23:00:00,21.777272727272727
2026-06-15 00:00:00,21.15232558139535
2026-06-15 01:00:00,21.3
2026-06-15 02:00:00,20.796666666666667
2026-06-15 03:00:00,20.809473684210527
2026-06-15 04:00:00,20.85326086956522
2026-06-15 05:00:00,21.751685393258427
2026-06-15 06:00:00,25.93861386138614
2026-06-15 07:00:00,27.613000000000003
2026-06-15 08:00:00,29.998936170212765
2026-06-15 09:00:00,32.005102040816325
2026-06-15 10:00:00,36.61010101010101
2026-06-15 11:00:00,34.98947368421052
2026-06-15 12:00:00,36.91063829787234
2026-06-15 13:00:00,38.88404255319149
2026-06-15 14:00:00,39.4046511627907
2026-06-15 15:00:00,37.94886363636363
2026-06-15 16:00:00,37.165346534653466
2026-06-15 17:00:00,35.46767676767677
2026-06-15 18:00:00,31.01188118811881
2026-06-15 19:00:00,28.047727272727272
2026-06-15 20:00:00,26.383516483516484
2026-06-15 21:00:00,25.147916666666664
2026-06-15 22:00:00,24.08235294117647
2026-06-15 23:00:00,23.22826086956522
2026-06-16 00:00:00,22.638636363636365
2026-06-16 01:00:00,22.35853658536585
2026-06-16 02:00:00,22.098863636363635
2026-06-16 03:00:00,21.910989010989013
2026-06-16 04:00:00,21.894252873563218
2026-06-16 05:00:00,22.422580645161293
2026-06-16 06:00:00,24.846511627906978
2026-06-16 07:00:00,26.514583333333334
2026-06-16 08:00:00,29.12526315789474
2026-06-16 09:00:00,31.041836734693877
2026-06-16 10:00:00,31.574444444444442
2026-06-16 11:00:00,33.714
2026-06-16 12:00:00,32.887368421052635
2026-06-16 13:00:00,32.54157303370786
2026-06-16 14:00:00,33.155789473684216
2026-06-16 15:00:00,32.960204081632654
2026-06-16 16:00:00,32.79252336448598
2026-06-16 17:00:00,31.86237623762376
2026-06-16 18:00:00,30.212903225806453
2026-06-16 19:00:00,26.81237113402062
2026-06-16 20:00:00,24.948863636363637
2026-06-16 21:00:00,23.972941176470588
2026-06-16 22:00:00,23.198901098901096
2026-06-16 23:00:00,22.27252747252747
2026-06-17 00:00:00,21.357954545454547
2026-06-17 01:00:00,21.215625
2026-06-17 02:00:00,20.563157894736843
2026-06-17 03:00:00,19.573958333333334
2026-06-17 04:00:00,19.66021505376344
2026-06-17 05:00:00,22.538636363636364
2026-06-17 06:00:00,25.34526315789474
2026-06-17 07:00:00,28.134444444444444
2026-06-17 08:00:00,29.78988764044944
2026-06-17 09:00:00,31.971999999999998
2026-06-17 10:00:00,34.264
2026-06-17 11:00:00,35.32448979591837
2026-06-17 12:00:00,36.15
2026-06-17 13:00:00,37.02065217391304
2026-06-17 14:00:00,36.68775510204082
2026-06-17 15:00:00,35.43478260869565
2026-06-17 16:00:00,34.442708333333336
2026-06-17 17:00:00,34.138775510204084
2026-06-17 18:00:00,31.519540229885056
2026-06-17 19:00:00,27.602298850574712
2026-06-17 20:00:00,25.5
2026-06-17 21:00:00,24.410869565217393
2026-06-17 22:00:00,23.653846153846153
2026-06-17 23:00:00,22.775000000000002
2026-06-18 00:00:00,21.863829787234042
2026-06-18 01:00:00,21.707865168539325
2026-06-18 02:00:00,21.797777777777778
2026-06-18 03:00:00,21.493137254901963
2026-06-18 04:00:00,20.778494623655916
2026-06-18 05:00:00,22.383157894736843
2026-06-18 06:00:00,25.561702127659576
2026-06-18 07:00:00,27.43888888888889
2026-06-18 08:00:00,31.528260869565216
2026-06-18 09:00:00,31.629670329670333
2026-06-18 10:00:00,31.660999999999998
2026-06-18 11:00:00,33.62150537634409
2026-06-18 12:00:00,34.05816326530612
2026-06-18 13:00:00,33.61089108910891
2026-06-18 14:00:00,33.15108695652174
2026-06-18 15:00:00,32.67052631578947
2026-06-18 16:00:00,31.825806451612905
2026-06-18 17:00:00,31.41978021978022
2026-06-18 18:00:00,29.28494623655914
2026-06-18 19:00:00,27.061458333333334
2026-06-18 20:00:00,25.613978494623655
2026-06-18 21:00:00,24.629885057471267
2026-06-18 22:00:00,24.037755102040816
2026-06-18 23:00:00,23.22577319587629
2026-06-19 00:00:00,22.50588235294118
2026-06-19 01:00:00,22.35529411764706
2026-06-19 02:00:00,21.75483870967742
2026-06-19 03:00:00,21.55581395348837
2026-06-19 04:00:00,20.948421052631577
2026-06-19 05:00:00,22.104040404040404
2026-06-19 06:00:00,25.88953488372093
2026-06-19 07:00:00,27.380851063829788
2026-06-19 08:00:00,29.789361702127657
2026-06-19 09:00:00,30.8392523364486
2026-06-19 10:00:00,31.958695652173912
2026-06-19 11:00:00,31.136734693877553
2026-06-19 12:00:00,32.71340206185567
2026-06-19 13:00:00,33.628
2026-06-19 14:00:00,34.51413043478261
2026-06-19 15:00:00,34.28636363636363
2026-06-19 16:00:00,34.17307692307692
2026-06-19 17:00:00,32.279381443298966
2026-06-19 18:00:00,30.14516129032258
2026-06-19 19:00:00,28.158163265306122
2026-06-19 20:00:00,26.62688172043011
2026-06-19 21:00:00,25.796938775510203
2026-06-19 22:00:00,24.717045454545453
2026-06-19 23:00:00,23.82340425531915
2026-06-20 00:00:00,24.102597402597404
2026-06-20 01:00:00,23.90947368421053
2026-06-20 02:00:00,23.392553191489363
2026-06-20 03:00:00,23.196842105263155
2026-06-20 04:00:00,22.988000000000003
2026-06-20 05:00:00,24.38
2026-06-20 06:00:00,26.254022988505746
2026-06-20 07:00:00,27.506666666666664
2026-06-20 08:00:00,29.619540229885057
2026-06-20 09:00:00,31.995698924731183
2026-06-20 10:00:00,32.89255319148936
2026-06-20 11:00:00,33.58817204301075
2026-06-20 12:00:00,34.42934782608695
2026-06-20 13:00:00,34.41612903225806
2026-06-20 14:00:00,34.12421052631579
2026-06-20 15:00:00,33.818390804597705
2026-06-20 16:00:00,33.291666666666664
2026-06-20 17:00:00,31.607446808510637
2026-06-20 18:00:00,29.148387096774197
2026-06-20 19:00:00,27.486315789473682
2026-06-20 20:00:00,26.49195402298851
2026-06-20 21:00:00,25.78988764044944
2026-06-20 22:00:00,25.014285714285712
2026-06-20 23:00:00,24.559550561797757
2026-06-21 00:00:00,24.28369565217391
2026-06-21 01:00:00,23.825609756097563
2026-06-21 02:00:00,23.570114942528736
2026-06-21 03:00:00,24.14639175257732
2026-06-21 04:00:00,23.848863636363635
2026-06-21 05:00:00,24.48390804597701
2026-06-21 06:00:00,26.807692307692307
2026-06-21 07:00:00,28.066
2026-06-21 08:00:00,30.084848484848486
2026-06-21 09:00:00,32.91888888888889
2026-06-21 10:00:00,34.547826086956526
2026-06-21 11:00:00,35.04347826086956
2026-06-21 12:00:00,35.264367816091955
2026-06-21 13:00:00,36.018181818181816
2026-06-21 14:00:00,35.86067415730337
2026-06-21 15:00:00,35.17173913043479
2026-06-21 16:00:00,35.206896551724135
2026-06-21 17:00:00,33.6295918367347
2026-06-21 18:00:00,31.261363636363637
2026-06-21 19:00:00,28.747191011235955
2026-06-21 20:00:00,27.165217391304346
2026-06-21 21:00:00,25.667368421052632
2026-06-21 22:00:00,24.527272727272727
2026-06-21 23:00:00,23.94158415841584
2026-06-22 00:00:00,23.89101123595506
2026-06-22 01:00:00,23.67640449438202
2026-06-22 02:00:00,23.096039603960396
2026-06-22 03:00:00,22.24040404040404
2026-06-22 04:00:00,21.97052631578947
2026-06-22 05:00:00,23.994791666666668
2026-06-22 06:00:00,26.81978021978022
2026-06-22 07:00:00,28.481914893617024
2026-06-22 08:00:00,31.75728155339806
2026-06-22 09:00:00,33.45666666666666
2026-06-22 10:00:00,34.98315789473684
2026-06-22 11:00:00,36.431111111111115
2026-06-22 12:00:00,37.4
2026-06-22 13:00:00,37.922448979591834
2026-06-22 14:00:00,37.70681818181818
2026-06-22 15:00:00,37.064646464646465
2026-06-22 16:00:00,37.01797752808989
2026-06-22 17:00:00,34.746153846153845
2026-06-22 18:00:00,30.601075268817205
2026-06-22 19:00:00,28.82421052631579
2026-06-22 20:00:00,26.94705882352941
2026-06-22 21:00:00,25.52282608695652
2026-06-22 22:00:00,24.32808988764045
2026-06-22 23:00:00,23.505208333333332
2026-06-23 00:00:00,23.238709677419354
2026-06-23 01:00:00,22.91919191919192
2026-06-23 02:00:00,22.602222222222224
2026-06-23 03:00:00,22.38131868131868
2026-06-23 04:00:00,21.88351648351648
2026-06-23 05:00:00,23.19120879120879
2026-06-23 06:00:00,26.56105263157895
2026-06-23 07:00:00,28.854807692307695
2026-06-23 08:00:00,31.94105263157895
2026-06-23 09:00:00,34.196969696969695
2026-06-23 10:00:00,35.056382978723406
2026-06-23 11:00:00,35.8765306122449
2026-06-23 12:00:00,36.40487804878049
2026-06-23 13:00:00,37.254945054945054
2026-06-23 14:00:00,36.128571428571426
2026-06-23 15:00:00,36.58953488372093
2026-06-23 16:00:00,36.497894736842106
2026-06-23 17:00:00,36.06138613861386
2026-06-23 18:00:00,31.330693069306932
2026-06-23 19:00:00,28.624175824175826
2026-06-23 20:00:00,26.976404494382024
2026-06-23 21:00:00,25.716666666666665
2026-06-23 22:00:00,24.36195652173913
2026-06-23 23:00:00,23.77659574468085
2026-06-24 00:00:00,23.024489795918367
2026-06-24 01:00:00,22.452747252747255
2026-06-24 02:00:00,22.163529411764706
2026-06-24 03:00:00,21.666233766233766
2026-06-24 04:00:00,21.053932584269663
2026-06-24 05:00:00,22.778571428571432
2026-06-24 06:00:00,26.860416666666666
2026-06-24 07:00:00,29.257894736842104
2026-06-24 08:00:00,31.045192307692307
2026-06-24 09:00:00,33.470652173913045
2026-06-24 10:00:00,35.68586956521739
2026-06-24 11:00:00,36.60851063829787
2026-06-24 12:00:00,36.49666666666666
2026-06-24 13:00:00,37.161386138613864
2026-06-24 14:00:00,37.251612903225805
2026-06-24 15:00:00,36.83152173913044
2026-06-24 16:00:00,36.52903225806451
2026-06-24 17:00:00,33.859375
2026-06-24 18:00:00,30.916161616161613
2026-06-24 19:00:00,27.967045454545453
2026-06-24 20:00:00,26.404255319148938
2026-06-24 21:00:00,25.30344827586207
2026-06-24 22:00:00,24.003571428571426
2026-06-24 23:00:00,23.06153846153846
2026-06-25 00:00:00,22.82247191011236
2026-06-25 01:00:00,22.577659574468086
2026-06-25 02:00:00,21.765555555555558
2026-06-25 03:00:00,21.441111111111113
2026-06-25 04:00:00,20.96842105263158
2026-06-25 05:00:00,22.339130434782607
2026-06-25 06:00:00,26.69148936170213
2026-06-25 07:00:00,27.840425531914892
2026-06-25 08:00:00,30.654347826086955
2026-06-25 09:00:00,32.58586956521739
2026-06-25 10:00:00,32.66969696969697
2026-06-25 11:00:00,35.48039215686274
2026-06-25 12:00:00,35.51683168316831
2026-06-25 13:00:00,36.609375
2026-06-25 14:00:00,36.40625
2026-06-25 15:00:00,36.145161290322584
2026-06-25 16:00:00,34.32222222222222
2026-06-25 17:00:00,32.40560747663552
2026-06-25 18:00:00,29.962626262626266
2026-06-25 19:00:00,27.926966292134832
2026-06-25 20:00:00,26.4978021978022
2026-06-25 21:00:00,25.528260869565216
2026-06-25 22:00:00,24.48488372093023
2026-06-25 23:00:00,24.544705882352943
2026-06-26 00:00:00,24.417977528089885
2026-06-26 01:00:00,23.936666666666667
2026-06-26 02:00:00,23.3
2026-06-26 03:00:00,22.732530120481925
2026-06-26 04:00:00,22.471264367816094
2026-06-26 05:00:00,23.20824742268041
2026-06-26 06:00:00,26.743157894736843
2026-06-26 07:00:00,28.119565217391305
2026-06-26 08:00:00,29.736170212765956
2026-06-26 09:00:00,31.894623655913975
2026-06-26 10:00:00,33.016666666666666
2026-06-26 11:00:00,33.58440366972477
2026-06-26 12:00:00,33.415306122448975
2026-06-26 13:00:00,33.49904761904762
2026-06-26 14:00:00,33.18411214953271
2026-06-26 15:00:00,33.269473684210524
2026-06-26 16:00:00,32.872115384615384
2026-06-26 17:00:00,31.01290322580645
2026-06-26 18:00:00,28.981914893617024
2026-06-26 19:00:00,27.073195876288658
2026-06-26 20:00:00,25.87391304347826
2026-06-26 21:00:00,24.793548387096777
2026-06-26 22:00:00,23.94301075268817
2026-06-26 23:00:00,23.626136363636363
2026-06-27 00:00:00,24.16823529411765
2026-06-27 01:00:00,24.4978021978022
2026-06-27 02:00:00,24.418085106382982
2026-06-27 03:00:00,24.249438202247187
2026-06-27 04:00:00,24.01595744680851
2026-06-27 05:00:00,25.089010989010987
2026-06-27 06:00:00,26.98409090909091
2026-06-27 07:00:00,27.458333333333332
2026-06-27 08:00:00,29.02553191489362
2026-06-27 09:00:00,31.015686274509804
2026-06-27 10:00:00,32.36875
2026-06-27 11:00:00,33.662135922330094
2026-06-27 12:00:00,33.906060606060606
2026-06-27 13:00:00,34.9265306122449
2026-06-27 14:00:00,35.704166666666666
2026-06-27 15:00:00,36.5
2026-06-27 16:00:00,33.458
2026-06-27 17:00:00,32.56530612244898
2026-06-27 18:00:00,29.77444444444444
2026-06-27 19:00:00,27.451612903225808
2026-06-27 20:00:00,26.322580645161292
2026-06-27 21:00:00,25.1968085106383
2026-06-27 22:00:00,24.53684210526316
2026-06-27 23:00:00,23.914117647058823
2026-06-28 00:00:00,23.35764705882353
2026-06-28 01:00:00,22.907865168539324
2026-06-28 02:00:00,22.567777777777778
2026-06-28 03:00:00,22.153260869565216
2026-06-28 04:00:00,21.845882352941175
2026-06-28 05:00:00,23.216326530612243
2026-06-28 06:00:00,25.40909090909091
2026-06-28 07:00:00,27.403488372093022
2026-06-28 08:00:00,29.251515151515154
2026-06-28 09:00:00,31.33
2026-06-28 10:00:00,32.73047619047619
2026-06-28 11:00:00,33.15148514851485
2026-06-28 12:00:00,33.91368421052632
2026-06-28 13:00:00,34.23673469387755
2026-06-28 14:00:00,35.166326530612245
2026-06-28 15:00:00,32.957731958762885
2026-06-28 16:00:00,30.916326530612245
2026-06-28 17:00:00,29.814606741573034
2026-06-28 18:00:00,28.27977528089888
2026-06-28 19:00:00,27.29887640449438
2026-06-28 20:00:00,26.290217391304346
2026-06-28 21:00:00,25.425555555555558
2026-06-28 22:00:00,25.434042553191492
2026-06-28 23:00:00,25.53804347826087
2026-06-29 00:00:00,25.292391304347827
2026-06-29 01:00:00,24.76741573033708
2026-06-29 02:00:00,24.934117647058823
2026-06-29 03:00:00,24.427956989247313
2026-06-29 04:00:00,24.156818181818185
2026-06-29 05:00:00,25.40744680851064
2026-06-29 06:00:00,27.537894736842105
2026-06-29 07:00:00,28.623157894736842
2026-06-29 08:00:00,30.22083333333333
2026-06-29 09:00:00,31.034653465346533
2026-06-29 10:00:00,32.756565656565655
2026-06-29 11:00:00,33.99690721649484
2026-06-29 12:00:00,35.170833333333334
2026-06-29 13:00:00,35.527
2026-06-29 14:00:00,35.80769230769231
2026-06-29 15:00:00,34.14807692307692
2026-06-29 16:00:00,33.951764705882354
2026-06-29 17:00:00,32.21098901098901
2026-06-29 18:00:00,30.572448979591837
2026-06-29 19:00:00,28.12087912087912
2026-06-29 20:00:00,26.945054945054945
2026-06-29 21:00:00,26.01443298969072
2026-06-29 22:00:00,25.003296703296705
2026-06-29 23:00:00,24.51078431372549
2026-06-30 00:00:00,23.91190476190476
2026-06-30 01:00:00,23.348275862068967
2026-06-30 02:00:00,23.374757281553396
2026-06-30 03:00:00,23.141304347826086
2026-06-30 04:00:00,22.501052631578947
2026-06-30 05:00:00,23.954444444444444
2026-06-30 06:00:00,27.173626373626377
2026-06-30 07:00:00,28.21372549019608
2026-06-30 08:00:00,30.568421052631578
2026-06-30 09:00:00,33.14716981132075
2026-06-30 10:00:00,33.80392156862745
2026-06-30 11:00:00,36.61142857142857
2026-06-30 12:00:00,36.81612903225807
2026-06-30 13:00:00,37.3505376344086
2026-06-30 14:00:00,37.442056074766356
2026-06-30 15:00:00,37.16326530612245
2026-06-30 16:00:00,36.908
2026-06-30 17:00:00,36.24148936170213
2026-06-30 18:00:00,32.405
2026-06-30 19:00:00,29.27916666666667
2026-06-30 20:00:00,27.877
2026-06-30 21:00:00,27.04193548387097
2026-06-30 22:00:00,25.96842105263158
2026-06-30 23:00:00,25.180898876404495
2026-07-01 00:00:00,24.883908045977012
2026-07-01 01:00:00,24.454945054945057
2026-07-01 02:00:00,23.54736842105263
2026-07-01 03:00:00,23.24516129032258
2026-07-01 04:00:00,23.2
2026-07-01 05:00:00,24.807777777777776
2026-07-01 06:00:00,27.007142857142856
2026-07-01 07:00:00,28.35402298850575
2026-07-01 08:00:00,30.797029702970296
2026-07-01 09:00:00,33.59811320754717
2026-07-01 10:00:00,35.959
2026-07-01 11:00:00,37.59175257731959
2026-07-01 12:00:00,38.10096153846154
2026-07-01 13:00:00,38.650961538461544
2026-07-01 14:00:00,38.19684210526316
2026-07-01 15:00:00,37.678000000000004
2026-07-01 16:00:00,37.572916666666664
2026-07-01 17:00:00,36.51914893617022
2026-07-01 18:00:00,32.86831683168317
2026-07-01 19:00:00,29.828865979381444
2026-07-01 20:00:00,28.414772727272727
2026-07-01 21:00:00,27.690217391304348
2026-07-01 22:00:00,26.856470588235297
2026-07-01 23:00:00,26.23614457831325
2026-07-02 00:00:00,25.667816091954023
2026-07-02 01:00:00,25.26705882352941
2026-07-02 02:00:00,25.004545454545454
2026-07-02 03:00:00,24.779999999999998
2026-07-02 04:00:00,24.586363636363636
2026-07-02 05:00:00,25.682758620689658
2026-07-02 06:00:00,27.05578947368421
2026-07-02 07:00:00,28.443157894736842
2026-07-02 08:00:00,30.513402061855672
2026-07-02 09:00:00,32.11573033707865
2026-07-02 10:00:00,32.119811320754714
2026-07-02 11:00:00,33.378846153846155
2026-07-02 12:00:00,34.09183673469388
2026-07-02 13:00:00,33.62626262626262
2026-07-02 14:00:00,33.71523809523809
2026-07-02 15:00:00,33.35339805825243
2026-07-02 16:00:00,33.18484848484849
2026-07-02 17:00:00,32.07
2026-07-02 18:00:00,30.30909090909091
2026-07-02 19:00:00,28.18421052631579
2026-07-02 20:00:00,27.16021505376344
2026-07-02 21:00:00,26.29647058823529
2026-07-02 22:00:00,25.28804347826087
2026-07-02 23:00:00,24.669318181818184
2026-07-03 00:00:00,24.08020833333333
2026-07-03 01:00:00,23.917708333333334
2026-07-03 02:00:00,24.308139534883722
2026-07-03 03:00:00,23.844210526315788
2026-07-03 04:00:00,23.08131868131868
2026-07-03 05:00:00,24.62906976744186
2026-07-03 06:00:00,27.345454545454547
2026-07-03 07:00:00,27.878947368421052
2026-07-03 08:00:00,29.19183673469388
2026-07-03 09:00:00,31.796739130434784
2026-07-03 10:00:00,32.68829787234042
2026-07-03 11:00:00,34.331250000000004
2026-07-03 12:00:00,35.57857142857143
2026-07-03 13:00:00,36.5030612244898
2026-07-03 14:00:00,37.140625
2026-07-03 15:00:00,36.8421568627451
2026-07-03 16:00:00,36.956043956043956
2026-07-03 17:00:00,34.87931034482759
2026-07-03 18:00:00,31.953684210526315
2026-07-03 19:00:00,28.755434782608695
2026-07-03 20:00:00,26.841463414634145
2026-07-03 21:00:00,25.33737373737374
2026-07-03 22:00:00,24.1968085106383
2026-07-03 23:00:00,23.5109756097561
2026-07-04 00:00:00,22.94137931034483
2026-07-04 01:00:00,22.120224719101124
2026-07-04 02:00:00,21.446666666666665
2026-07-04 03:00:00,21.138144329896907
2026-07-04 04:00:00,20.724137931034484
2026-07-04 05:00:00,22.865263157894734
2026-07-04 06:00:00,27.513829787234044
2026-07-04 07:00:00,28.242156862745095
2026-07-04 08:00:00,29.813483146067416
2026-07-04 09:00:00,31.734905660377358
2026-07-04 10:00:00,33.96060606060606
2026-07-04 11:00:00,34.884
2026-07-04 12:00:00,36.74583333333333
2026-07-04 13:00:00,37.28775510204081
2026-07-04 14:00:00,37.6
2026-07-04 15:00:00,36.7313725490196
2026-07-04 16:00:00,36.467045454545456
2026-07-04 17:00:00,34.34736842105263
2026-07-04 18:00:00,32.38666666666667
2026-07-04 19:00:00,28.992708333333336
2026-07-04 20:00:00,27.240229885057474
2026-07-04 21:00:00,26.18470588235294
2026-07-04 22:00:00,25.51
2026-07-04 23:00:00,24.832608695652173
2026-07-05 00:00:00,24.02247191011236
2026-07-05 01:00:00,23.218811881188117
2026-07-05 02:00:00,22.613541666666666
2026-07-05 03:00:00,22.351111111111113
2026-07-05 04:00:00,22.347252747252746
2026-07-05 05:00:00,23.337777777777777
2026-07-05 06:00:00,25.018681318681317
2026-07-05 07:00:00,27.27857142857143
2026-07-05 08:00:00,29.11904761904762
2026-07-05 09:00:00,32.068627450980394
2026-07-05 10:00:00,33.33669724770642
2026-07-05 11:00:00,35.381188118811885
2026-07-05 12:00:00,36.55652173913043
2026-07-05 13:00:00,37.153124999999996
2026-07-05 14:00:00,37.324999999999996
2026-07-05 15:00:00,36.86914893617021
2026-07-05 16:00:00,36.77444444444444
2026-07-05 17:00:00,35.93260869565218
2026-07-05 18:00:00,32.733000000000004
2026-07-05 19:00:00,29.294897959183675
2026-07-05 20:00:00,27.531868131868134
2026-07-05 21:00:00,26.16701030927835
2026-07-05 22:00:00,24.937623762376237
2026-07-05 23:00:00,23.9375
2026-07-06 00:00:00,23.305617977528087
2026-07-06 01:00:00,22.557608695652174
2026-07-06 02:00:00,22.19787234042553
2026-07-06 03:00:00,21.980681818181818
2026-07-06 04:00:00,21.127956989247313
2026-07-06 05:00:00,23.086274509803925
2026-07-06 06:00:00,26.98064516129032
2026-07-06 07:00:00,28.936842105263157
2026-07-06 08:00:00,31.26831683168317
2026-07-06 09:00:00,33.4265306122449
2026-07-06 10:00:00,36.475531914893615
2026-07-06 11:00:00,37.92365591397849
2026-07-06 12:00:00,38.770212765957446
2026-07-06 13:00:00,39.49666666666666
2026-07-06 14:00:00,39.762135922330096
2026-07-06 15:00:00,39.0821052631579
2026-07-06 16:00:00,38.334653465346534
2026-07-06 17:00:00,37.501041666666666
2026-07-06 18:00:00,34.125263157894736
2026-07-06 19:00:00,29.990526315789474
2026-07-06 20:00:00,27.60568181818182
2026-07-06 21:00:00,26.24845360824742
2026-07-06 22:00:00,25.403488372093022
2026-07-06 23:00:00,24.533333333333335
2026-07-07 00:00:00,23.453333333333337
2026-07-07 01:00:00,22.94418604651163
2026-07-07 02:00:00,22.370886075949368
2026-07-07 03:00:00,21.504597701149425
2026-07-07 04:00:00,21.37157894736842
2026-07-07 05:00:00,23.066326530612244
2026-07-07 06:00:00,26.29326923076923
2026-07-07 07:00:00,28.082653061224487
2026-07-07 08:00:00,30.057731958762886
2026-07-07 09:00:00,33.146875
2026-07-07 10:00:00,36.49387755102041
2026-07-07 11:00:00,39.1319587628866
2026-07-07 12:00:00,40.16770833333333
2026-07-07 13:00:00,41.00842105263158
2026-07-07 14:00:00,41.268181818181816
2026-07-07 15:00:00,40.42222222222222
2026-07-07 16:00:00,39.83020833333333
2026-07-07 17:00:00,39.02061855670103
2026-07-07 18:00:00,35.05212765957447
2026-07-07 19:00:00,30.910679611650487
2026-07-07 20:00:00,29.1
2026-07-07 21:00:00,27.576288659793814
2026-07-07 22:00:00,26.36451612903226
2026-07-07 23:00:00,25.460227272727273
2026-07-08 00:00:00,24.470000000000002
2026-07-08 01:00:00,23.336781609195402
2026-07-08 02:00:00,22.773684210526316
2026-07-08 03:00:00,22.290425531914895
2026-07-08 04:00:00,21.617894736842103
2026-07-08 05:00:00,22.643333333333334
2026-07-08 06:00:00,27.063218390804597
2026-07-08 07:00:00,28.035869565217393
2026-07-08 08:00:00,31.109473684210528
2026-07-08 09:00:00,34.62340425531915
2026-07-08 10:00:00,38.672826086956526
2026-07-08 11:00:00,40.72087912087912
2026-07-08 12:00:00,41.52105263157895
2026-07-08 13:00:00,41.478571428571435
2026-07-08 14:00:00,41.49333333333333
2026-07-08 15:00:00,40.886813186813185
2026-07-08 16:00:00,39.94444444444444
2026-07-08 17:00:00,38.79896907216495
2026-07-08 18:00:00,35.15531914893617
2026-07-08 19:00:00,31.8031914893617
2026-07-08 20:00:00,29.251648351648353
2026-07-08 21:00:00,27.64659090909091
2026-07-08 22:00:00,26.27906976744186
2026-07-08 23:00:00,25.32
2026-07-09 00:00:00,24.261855670103095
2026-07-09 01:00:00,23.609183673469385
2026-07-09 02:00:00,22.974157303370788
2026-07-09 03:00:00,22.593877551020412
2026-07-09 04:00:00,22.01958762886598
2026-07-09 05:00:00,23.55744680851064
2026-07-09 06:00:00,27.94148936170213
2026-07-09 07:00:00,30.929069767441863
2026-07-09 08:00:00,32.59519230769231
2026-07-09 09:00:00,35.57448979591837
2026-07-09 10:00:00,38.11413043478261
2026-07-09 11:00:00,39.22222222222222
2026-07-09 12:00:00,40.07934782608696
2026-07-09 13:00:00,41.047826086956526
2026-07-09 14:00:00,41.1578947368421
2026-07-09 15:00:00,39.38645833333333
2026-07-09 16:00:00,41.9929292929293
2026-07-09 17:00:00,41.64712643678161
2026-07-09 18:00:00,37.255208333333336
2026-07-09 19:00:00,32.25979381443299
2026-07-09 20:00:00,29.954651162790697
2026-07-09 21:00:00,28.391860465116277
2026-07-09 22:00:00,27.21505376344086
2026-07-09 23:00:00,25.96153846153846
2026-07-10 00:00:00,25.09047619047619
2026-07-10 01:00:00,24.97
2026-07-10 02:00:00,24.661627906976744
2026-07-10 03:00:00,24.071951219512197
2026-07-10 04:00:00,23.567032967032965
2026-07-10 05:00:00,24.341758241758242
2026-07-10 06:00:00,26.75408163265306
2026-07-10 07:00:00,28.873958333333334
2026-07-10 08:00:00,30.129347826086956
2026-07-10 09:00:00,32.18155339805825
2026-07-10 10:00:00,34.27395833333333
2026-07-10 11:00:00,37.0
2026-07-10 12:00:00,38.425274725274726
2026-07-10 13:00:00,39.65060240963855
2026-07-10 14:00:00,39.77741935483871
2026-07-10 15:00:00,39.123655913978496
2026-07-10 16:00:00,37.643181818181816
2026-07-10 17:00:00,37.05113636363637
2026-07-10 18:00:00,33.4890243902439
2026-07-10 19:00:00,29.905952380952378
2026-07-10 20:00:00,28.15632183908046
2026-07-10 21:00:00,27.2
2026-07-10 22:00:00,26.015625
2026-07-10 23:00:00,25.585263157894737
2026-07-11 00:00:00,25.276923076923076
2026-07-11 01:00:00,25.054347826086957
2026-07-11 02:00:00,24.97530864197531
2026-07-11 03:00:00,24.823076923076925
2026-07-11 04:00:00,24.76063829787234
2026-07-11 05:00:00,25.402173913043477
2026-07-11 06:00:00,26.289361702127657
2026-07-11 07:00:00,28.424742268041236
2026-07-11 08:00:00,30.379047619047622
2026-07-11 09:00:00,32.444117647058825
2026-07-11 10:00:00,33.7
2026-07-11 11:00:00,36.038317757009345
2026-07-11 12:00:00,37.18414634146341
2026-07-11 13:00:00,36.43564356435643
2026-07-11 14:00:00,36.35208333333333
2026-07-11 15:00:00,32.924731182795696
2026-07-11 16:00:00,31.22222222222222
2026-07-11 17:00:00,30.926262626262623
2026-07-11 18:00:00,29.152577319587632
2026-07-11 19:00:00,27.92888888888889
2026-07-11 20:00:00,27.24761904761905
2026-07-11 21:00:00,26.56404494382022
2026-07-11 22:00:00,26.124742268041235
2026-07-11 23:00:00,25.55287356321839
2026-07-12 00:00:00,25.26666666666667
2026-07-12 01:00:00,24.841666666666665
2026-07-12 02:00:00,24.29891304347826
2026-07-12 03:00:00,24.110101010101012
2026-07-12 04:00:00,24.014457831325302
2026-07-12 05:00:00,25.012500000000003
2026-07-12 06:00:00,26.885106382978723
2026-07-12 07:00:00,29.58494623655914
2026-07-12 08:00:00,30.916999999999998
2026-07-12 09:00:00,32.26796116504854
2026-07-12 10:00:00,32.938
2026-07-12 11:00:00,34.912244897959184
2026-07-12 12:00:00,35.1178947368421
2026-07-12 13:00:00,35.83870967741935
2026-07-12 14:00:00,35.06060606060606
2026-07-12 15:00:00,34.71836734693878
2026-07-12 16:00:00,34.134
2026-07-12 17:00:00,33.06938775510204
2026-07-12 18:00:00,31.206451612903223
2026-07-12 19:00:00,29.62022471910112
2026-07-12 20:00:00,28.695238095238096
2026-07-12 21:00:00,28.06421052631579
2026-07-12 22:00:00,27.474157303370784
2026-07-12 23:00:00,26.89777777777778
2026-07-13 00:00:00,26.341975308641974
2026-07-13 01:00:00,25.827173913043477
2026-07-13 02:00:00,25.41157894736842
2026-07-13 03:00:00,25.290526315789474
2026-07-13 04:00:00,25.84787234042553
2026-07-13 05:00:00,26.879545454545454
2026-07-13 06:00:00,27.65952380952381
2026-07-13 07:00:00,29.936633663366337
2026-07-13 08:00:00,31.72197802197802
2026-07-13 09:00:00,33.64636363636364
2026-07-13 10:00:00,34.3
2026-07-13 11:00:00,36.487500000000004
2026-07-13 12:00:00,37.55913978494624
2026-07-13 13:00:00,38.57142857142857
2026-07-13 14:00:00,38.18350515463918
2026-07-13 15:00:00,37.693617021276594
2026-07-13 16:00:00,37.21122448979592
2026-07-13 17:00:00,34.61313131313131
2026-07-13 18:00:00,32.48453608247423
2026-07-13 19:00:00,30.36413043478261
2026-07-13 20:00:00,29.073863636363637
2026-07-13 21:00:00,28.09550561797753
2026-07-13 22:00:00,27.40246913580247
