_time,_value
2026-08-03T00:00:11.293Z,0.67
2026-08-03T00:00:16.197Z,0.67
2026-08-03T00:00:31.367Z,0.67
2026-08-03T00:00:46.43Z,0.67
2026-08-03T00:01:06.414Z,0.67
2026-08-03T00:01:27.166Z,0.67
2026-08-03T00:01:47.099Z,0.67
2026-08-03T00:02:06.804Z,0.67
2026-08-03T00:02:21.871Z,0.67
2026-08-03T00:02:36.955Z,0.67
2026-08-03T00:02:57.013Z,0.66
2026-08-03T00:03:12.139Z,0.66
2026-08-03T00:03:27.233Z,0.66
2026-08-03T00:03:42.728Z,0.66
2026-08-03T00:03:57.392Z,0.66
2026-08-03T00:04:12.459Z,0.66
2026-08-03T00:04:27Z,0.66
2026-08-03T00:04:27.597Z,0.66
2026-08-03T00:04:42.625Z,0.66
2026-08-03T00:04:57.685Z,0.66
2026-08-03T00:05:17.786Z,0.66
2026-08-03T00:05:34.359Z,0.65
2026-08-03T00:05:47.946Z,0.65
2026-08-03T00:06:08.044Z,0.65
2026-08-03T00:06:23.132Z,0.65
2026-08-03T00:06:38.185Z,0.65
2026-08-03T00:06:58.882Z,0.65
2026-08-03T00:07:18.441Z,0.65
2026-08-03T00:07:33.489Z,0.65
2026-08-03T00:07:53.554Z,0.64
2026-08-03T00:08:08.649Z,0.64
2026-08-03T00:08:23.706Z,0.64
2026-08-03T00:08:43.811Z,0.64
2026-08-03T00:08:58.896Z,0.64
2026-08-03T00:09:14.022Z,0.64
2026-08-03T00:09:28Z,0.64
2026-08-03T00:09:29.018Z,0.64
2026-08-03T00:09:44.108Z,0.64
2026-08-03T00:09:59.665Z,0.64
2026-08-03T00:10:14.22Z,0.64
2026-08-03T00:10:29.343Z,0.64
2026-08-03T00:10:44.44Z,0.64
2026-08-03T00:10:59.528Z,0.64
2026-08-03T00:11:14.668Z,0.63
2026-08-03T00:11:34.65Z,0.63
2026-08-03T00:11:54.723Z,0.63
2026-08-03T00:12:14.803Z,0.63
2026-08-03T00:12:30.005Z,0.63
2026-08-03T00:12:50.081Z,0.63
2026-08-03T00:13:05.152Z,0.63
2026-08-03T00:13:25.235Z,0.63
2026-08-03T00:13:45.32Z,0.63
2026-08-03T00:14:00.384Z,0.63
2026-08-03T00:14:15.487Z,0.63
2026-08-03T00:14:30Z,0.63
2026-08-03T00:14:30.642Z,0.63
2026-08-03T00:14:46.604Z,0.63
2026-08-03T00:15:10.428Z,0.63
2026-08-03T00:15:15.929Z,0.63
2026-08-03T00:15:31.074Z,0.62
2026-08-03T00:15:51.087Z,0.62
2026-08-03T00:16:06.153Z,0.62
2026-08-03T00:16:21.221Z,0.62
2026-08-03T00:16:36.312Z,0.62
2026-08-03T00:16:51.42Z,0.62
2026-08-03T00:17:06.46Z,0.62
2026-08-03T00:17:26.539Z,0.62
2026-08-03T00:17:41.643Z,0.62
2026-08-03T00:17:56.774Z,0.62
2026-08-03T00:18:11.801Z,0.62
2026-08-03T00:18:26.841Z,0.62
2026-08-03T00:18:41.915Z,0.62
2026-08-03T00:18:57.007Z,0.62
2026-08-03T00:19:12.073Z,0.62
2026-08-03T00:19:31Z,0.62
2026-08-03T00:19:32.189Z,0.62
2026-08-03T00:19:52.228Z,0.61
2026-08-03T00:20:11.12Z,0.61
2026-08-03T00:20:27.44Z,0.61
2026-08-03T00:20:47.451Z,0.61
2026-08-03T00:21:03.724Z,0.61
2026-08-03T00:21:17.697Z,0.61
2026-08-03T00:21:32.848Z,0.61
2026-08-03T00:21:47.739Z,0.61
2026-08-03T00:22:07.958Z,0.61
2026-08-03T00:22:22.902Z,0.61
2026-08-03T00:22:37.999Z,0.61
2026-08-03T00:22:53.049Z,0.6
2026-08-03T00:23:08.143Z,0.6
2026-08-03T00:23:28.195Z,0.6
2026-08-03T00:23:51.686Z,0.6
2026-08-03T00:24:03.358Z,0.6
2026-08-03T00:24:18.482Z,0.6
2026-08-03T00:24:33Z,0.6
2026-08-03T00:24:33.519Z,0.6
2026-08-03T00:24:48.58Z,0.6
2026-08-03T00:25:12.573Z,0.6
2026-08-03T00:25:18.721Z,0.6
2026-08-03T00:25:34.503Z,0.6
2026-08-03T00:25:48.921Z,0.6
2026-08-03T00:26:03.935Z,0.59
2026-08-03T00:26:19.055Z,0.59
2026-08-03T00:26:34.113Z,0.59
2026-08-03T00:26:54.193Z,0.59
2026-08-03T00:27:09.259Z,0.59
2026-08-03T00:27:24.365Z,0.59
2026-08-03T00:27:39.785Z,0.59
2026-08-03T00:27:54.571Z,0.59
2026-08-03T00:28:09.642Z,0.59
2026-08-03T00:28:24.704Z,0.59
2026-08-03T00:28:44.781Z,0.59
2026-08-03T00:28:59.865Z,0.59
2026-08-03T00:29:19.956Z,0.59
2026-08-03T00:29:34Z,0.59
2026-08-03T00:29:35.053Z,0.59
2026-08-03T00:29:50.136Z,0.59
2026-08-03T00:30:09.06Z,0.59
2026-08-03T00:30:25.339Z,0.58
2026-08-03T00:30:40.425Z,0.58
2026-08-03T00:31:00.517Z,0.58
2026-08-03T00:31:15.59Z,0.58
2026-08-03T00:31:30.623Z,0.58
2026-08-03T00:31:50.679Z,0.58
2026-08-03T00:32:06.193Z,0.58
2026-08-03T00:32:20.854Z,0.58
2026-08-03T00:32:35.912Z,0.58
2026-08-03T00:32:55.999Z,0.58
2026-08-03T00:33:16.751Z,0.58
2026-08-03T00:33:31.243Z,0.58
2026-08-03T00:33:46.341Z,0.58
2026-08-03T00:34:02.55Z,0.58
2026-08-03T00:34:17.318Z,0.57
2026-08-03T00:34:36Z,0.57
2026-08-03T00:34:36.641Z,0.57
2026-08-03T00:34:57.406Z,0.57
2026-08-03T00:35:12.694Z,0.57
2026-08-03T00:35:27.18Z,0.57
2026-08-03T00:35:42.322Z,0.57
2026-08-03T00:36:05.112Z,0.57
2026-08-03T00:36:17.424Z,0.57
2026-08-03T00:36:32.497Z,0.56
2026-08-03T00:36:47.566Z,0.56
2026-08-03T00:37:02.796Z,0.56
2026-08-03T00:37:22.714Z,0.56
2026-08-03T00:37:42.789Z,0.56
2026-08-03T00:37:57.87Z,0.56
2026-08-03T00:38:13.334Z,0.56
2026-08-03T00:38:28.02Z,0.56
2026-08-03T00:38:48.108Z,0.56
2026-08-03T00:39:08.211Z,0.56
2026-08-03T00:39:27Z,0.56
2026-08-03T00:39:28.729Z,0.56
2026-08-03T00:39:48.342Z,0.55
2026-08-03T00:40:11.403Z,0.55
2026-08-03T00:40:18.551Z,0.55
2026-08-03T00:40:34.012Z,0.55
2026-08-03T00:40:48.912Z,0.55
2026-08-03T00:41:03.812Z,0.55
2026-08-03T00:41:18.899Z,0.55
2026-08-03T00:41:34.275Z,0.55
2026-08-03T00:41:49.052Z,0.55
2026-08-03T00:42:04.096Z,0.55
2026-08-03T00:42:19.214Z,0.55
2026-08-03T00:42:34.439Z,0.55
2026-08-03T00:42:54.336Z,0.55
2026-08-03T00:43:09.424Z,0.55
2026-08-03T00:43:24.491Z,0.55
2026-08-03T00:43:39.575Z,0.55
2026-08-03T00:43:59.659Z,0.55
2026-08-03T00:44:14.704Z,0.54
2026-08-03T00:44:34Z,0.54
2026-08-03T00:44:34.805Z,0.54
2026-08-03T00:44:49.954Z,0.54
2026-08-03T00:45:12.607Z,0.54
2026-08-03T00:45:20.374Z,0.54
2026-08-03T00:45:35.491Z,0.54
2026-08-03T00:45:50.535Z,0.54
2026-08-03T00:46:05.667Z,0.54
2026-08-03T00:46:25.687Z,0.54
2026-08-03T00:46:40.731Z,0.54
2026-08-03T00:46:55.808Z,0.54
2026-08-03T00:47:15.891Z,0.54
2026-08-03T00:47:36.049Z,0.54
2026-08-03T00:47:51.128Z,0.54
2026-08-03T00:48:06.215Z,0.54
2026-08-03T00:48:26.303Z,0.54
2026-08-03T00:48:41.392Z,0.54
2026-08-03T00:48:56.649Z,0.54
2026-08-03T00:49:11.506Z,0.53
2026-08-03T00:49:26.595Z,0.53
2026-08-03T00:49:41Z,0.53
2026-08-03T00:49:41.687Z,0.53
2026-08-03T00:49:56.753Z,0.53
2026-08-03T00:50:12.791Z,0.53
2026-08-03T00:50:26.9Z,0.53
2026-08-03T00:50:41.965Z,0.53
2026-08-03T00:51:02.905Z,0.53
2026-08-03T00:51:17.171Z,0.53
2026-08-03T00:51:32.199Z,0.53
2026-08-03T00:51:52.473Z,0.53
2026-08-03T00:52:12.355Z,0.53
2026-08-03T00:52:27.467Z,0.53
2026-08-03T00:52:47.537Z,0.53
2026-08-03T00:53:07.606Z,0.52
2026-08-03T00:53:22.684Z,0.52
2026-08-03T00:53:37.755Z,0.52
2026-08-03T00:53:52.826Z,0.52
2026-08-03T00:54:07.917Z,0.52
2026-08-03T00:54:22.997Z,0.52
2026-08-03T00:54:42Z,0.52
2026-08-03T00:54:43.066Z,0.52
2026-08-03T00:54:58.189Z,0.52
2026-08-03T00:55:13.276Z,0.52
2026-08-03T00:55:33.376Z,0.52
2026-08-03T00:55:53.439Z,0.52
2026-08-03T00:56:08.512Z,0.52
2026-08-03T00:56:23.582Z,0.52
2026-08-03T00:56:38.671Z,0.52
2026-08-03T00:56:53.808Z,0.51
2026-08-03T00:57:08.841Z,0.51
2026-08-03T00:57:23.902Z,0.51
2026-08-03T00:57:38.992Z,0.51
2026-08-03T00:57:54.081Z,0.51
2026-08-03T00:58:09.17Z,0.51
2026-08-03T00:58:29.218Z,0.51
2026-08-03T00:58:45.275Z,0.51
2026-08-03T00:58:59.419Z,0.51
2026-08-03T00:59:14.46Z,0.51
2026-08-03T00:59:34Z,0.51
2026-08-03T00:59:34.537Z,0.51
2026-08-03T00:59:49.633Z,0.51
2026-08-03T01:00:13.079Z,0.51
2026-08-03T01:00:25.212Z,0.51
2026-08-03T01:00:44.949Z,0.51
2026-08-03T01:01:00.699Z,0.51
2026-08-03T01:01:15.243Z,0.51
2026-08-03T01:01:30.171Z,0.51
2026-08-03T01:01:45.262Z,0.5
2026-08-03T01:02:05.433Z,0.5
2026-08-03T01:02:22.454Z,0.5
2026-08-03T01:02:40.557Z,0.5
2026-08-03T01:02:55.617Z,0.5
2026-08-03T01:03:11.146Z,0.5
2026-08-03T01:03:25.763Z,0.5
2026-08-03T01:03:40.849Z,0.5
2026-08-03T01:04:03.018Z,0.5
2026-08-03T01:04:15.977Z,0.5
2026-08-03T01:04:31.07Z,0.5
2026-08-03T01:04:45Z,0.5
2026-08-03T01:04:46.138Z,0.5
2026-08-03T01:05:11.975Z,0.5
2026-08-03T01:05:16.702Z,0.5
2026-08-03T01:05:31.424Z,0.5
2026-08-03T01:05:46.477Z,0.5
2026-08-03T01:06:02.816Z,0.5
2026-08-03T01:06:17.02Z,0.5
2026-08-03T01:06:31.847Z,0.5
2026-08-03T01:06:51.94Z,0.5
2026-08-03T01:07:07.328Z,0.5
2026-08-03T01:07:27.117Z,0.5
2026-08-03T01:07:42.228Z,0.5
2026-08-03T01:07:57.405Z,0.5
2026-08-03T01:08:12.367Z,0.5
2026-08-03T01:08:32.436Z,0.5
2026-08-03T01:08:47.537Z,0.5
2026-08-03T01:09:07.609Z,0.5
2026-08-03T01:09:22.67Z,0.5
2026-08-03T01:09:42Z,0.5
2026-08-03T01:09:42.752Z,0.5
2026-08-03T01:09:57.834Z,0.49
2026-08-03T01:10:14.283Z,0.49
2026-08-03T01:10:32.985Z,0.49
2026-08-03T01:10:48.283Z,0.49
2026-08-03T01:11:03.409Z,0.49
2026-08-03T01:11:23.19Z,0.49
2026-08-03T01:11:38.28Z,0.49
2026-08-03T01:11:58.351Z,0.49
2026-08-03T01:12:13.424Z,0.49
2026-08-03T01:12:35.957Z,0.49
2026-08-03T01:12:48.595Z,0.49
2026-08-03T01:13:03.645Z,0.49
2026-08-03T01:13:18.714Z,0.49
2026-08-03T01:13:33.816Z,0.49
2026-08-03T01:13:53.868Z,0.49
2026-08-03T01:14:08.927Z,0.49
2026-08-03T01:14:24.031Z,0.49
2026-08-03T01:14:43Z,0.49
2026-08-03T01:14:44.156Z,0.49
2026-08-03T01:14:59.217Z,0.49
2026-08-03T01:15:14.298Z,0.49
2026-08-03T01:15:34.393Z,0.49
2026-08-03T01:15:49.478Z,0.49
2026-08-03T01:16:05.071Z,0.49
2026-08-03T01:16:24.664Z,0.49
2026-08-03T01:16:44.757Z,0.49
2026-08-03T01:16:59.861Z,0.49
2026-08-03T01:17:14.963Z,0.48
2026-08-03T01:17:30.047Z,0.48
2026-08-03T01:17:50.132Z,0.48
2026-08-03T01:18:05.252Z,0.48
2026-08-03T01:18:20.296Z,0.48
2026-08-03T01:18:35.333Z,0.48
2026-08-03T01:18:55.652Z,0.48
2026-08-03T01:19:10.541Z,0.48
2026-08-03T01:19:31.103Z,0.48
2026-08-03T01:19:45Z,0.48
2026-08-03T01:19:45.635Z,0.48
2026-08-03T01:20:11.691Z,0.48
2026-08-03T01:20:15.792Z,0.48
2026-08-03T01:20:30.879Z,0.48
2026-08-03T01:20:50.959Z,0.48
2026-08-03T01:21:11.609Z,0.48
2026-08-03T01:21:26.903Z,0.48
2026-08-03T01:21:41.167Z,0.48
2026-08-03T01:21:56.264Z,0.48
2026-08-03T01:22:11.351Z,0.48
2026-08-03T01:22:31.956Z,0.48
2026-08-03T01:22:51.456Z,0.48
2026-08-03T01:23:06.542Z,0.48
2026-08-03T01:23:26.792Z,0.48
2026-08-03T01:23:46.701Z,0.48
2026-08-03T01:24:02.833Z,0.48
2026-08-03T01:24:16.875Z,0.48
2026-08-03T01:24:32.034Z,0.48
2026-08-03T01:24:51Z,0.48
2026-08-03T01:24:52.099Z,0.48
2026-08-03T01:25:12.256Z,0.48
2026-08-03T01:25:22.236Z,0.48
2026-08-03T01:25:37.344Z,0.48
2026-08-03T01:25:52.644Z,0.48
2026-08-03T01:26:07.496Z,0.48
2026-08-03T01:26:22.536Z,0.48
2026-08-03T01:26:37.646Z,0.48
2026-08-03T01:26:52.718Z,0.48
2026-08-03T01:27:12.781Z,0.48
2026-08-03T01:27:27.866Z,0.48
2026-08-03T01:27:47.942Z,0.48
2026-08-03T01:28:08.006Z,0.48
2026-08-03T01:28:23.128Z,0.48
2026-08-03T01:28:38.199Z,0.48
2026-08-03T01:28:58.251Z,0.47
2026-08-03T01:29:18.36Z,0.47
2026-08-03T01:29:33.455Z,0.47
2026-08-03T01:29:48Z,0.47
2026-08-03T01:29:48.492Z,0.47
2026-08-03T01:30:08.52Z,0.47
2026-08-03T01:30:18.654Z,0.47
2026-08-03T01:30:38.734Z,0.47
2026-08-03T01:30:53.807Z,0.47
2026-08-03T01:31:08.907Z,0.47
2026-08-03T01:31:23.952Z,0.47
2026-08-03T01:31:39.041Z,0.47
2026-08-03T01:31:54.132Z,0.47
2026-08-03T01:32:09.221Z,0.47
2026-08-03T01:32:24.302Z,0.47
2026-08-03T01:32:39.488Z,0.47
2026-08-03T01:32:54.444Z,0.47
2026-08-03T01:33:09.518Z,0.47
2026-08-03T01:33:24.591Z,0.47
2026-08-03T01:33:39.665Z,0.47
2026-08-03T01:33:59.759Z,0.47
2026-08-03T01:34:14.905Z,0.47
2026-08-03T01:34:29.963Z,0.47
2026-08-03T01:34:49Z,0.47
2026-08-03T01:34:50.118Z,0.47
2026-08-03T01:35:12.272Z,0.47
2026-08-03T01:35:25.24Z,0.47
2026-08-03T01:35:45.344Z,0.47
2026-08-03T01:36:00.353Z,0.47
2026-08-03T01:36:20.896Z,0.47
2026-08-03T01:36:35.494Z,0.47
2026-08-03T01:36:50.576Z,0.47
2026-08-03T01:37:05.663Z,0.47
2026-08-03T01:37:20.718Z,0.47
2026-08-03T01:37:35.803Z,0.47
2026-08-03T01:37:50.895Z,0.47
2026-08-03T01:38:05.971Z,0.47
2026-08-03T01:38:21.066Z,0.46
2026-08-03T01:38:41.187Z,0.46
2026-08-03T01:38:56.238Z,0.46
2026-08-03T01:39:11.386Z,0.46
2026-08-03T01:39:32.029Z,0.46
2026-08-03T01:39:46Z,0.46
2026-08-03T01:39:46.771Z,0.46
2026-08-03T01:40:10.015Z,0.46
2026-08-03T01:40:26.854Z,0.46
2026-08-03T01:40:41.934Z,0.46
2026-08-03T01:40:57.028Z,0.46
2026-08-03T01:41:12.102Z,0.46
2026-08-03T01:41:27.169Z,0.46
2026-08-03T01:41:42.293Z,0.46
2026-08-03T01:41:57.379Z,0.46
2026-08-03T01:42:12.44Z,0.46
2026-08-03T01:42:27.596Z,0.46
2026-08-03T01:42:42.674Z,0.46
2026-08-03T01:43:03.395Z,0.45
2026-08-03T01:43:22.869Z,0.45
2026-08-03T01:43:37.911Z,0.45
2026-08-03T01:43:58.221Z,0.45
2026-08-03T01:44:13.565Z,0.45
2026-08-03T01:44:33.283Z,0.45
2026-08-03T01:44:47Z,0.45
2026-08-03T01:44:48.251Z,0.45
2026-08-03T01:45:11.157Z,0.45
2026-08-03T01:45:18.428Z,0.45
2026-08-03T01:45:34.395Z,0.45
2026-08-03T01:45:48.55Z,0.45
2026-08-03T01:46:03.85Z,0.44
2026-08-03T01:46:18.708Z,0.44
2026-08-03T01:46:34.126Z,0.44
2026-08-03T01:46:48.93Z,0.44
2026-08-03T01:47:09.007Z,0.44
2026-08-03T01:47:24.021Z,0.44
2026-08-03T01:47:44.134Z,0.44
2026-08-03T01:48:04.195Z,0.44
2026-08-03T01:48:19.311Z,0.44
2026-08-03T01:48:34.571Z,0.44
2026-08-03T01:48:54.467Z,0.44
2026-08-03T01:49:09.577Z,0.44
2026-08-03T01:49:24.668Z,0.44
2026-08-03T01:49:39.729Z,0.44
2026-08-03T01:49:59Z,0.44
2026-08-03T01:49:59.805Z,0.44
2026-08-03T01:50:14.912Z,0.44
2026-08-03T01:50:29.962Z,0.44
2026-08-03T01:50:45.036Z,0.44
2026-08-03T01:51:00.104Z,0.44
2026-08-03T01:51:15.211Z,0.44
2026-08-03T01:51:30.441Z,0.44
2026-08-03T01:51:45.326Z,0.43
2026-08-03T01:52:00.409Z,0.43
2026-08-03T01:52:15.494Z,0.43
2026-08-03T01:52:30.588Z,0.43
2026-08-03T01:52:50.65Z,0.43
2026-08-03T01:53:05.724Z,0.43
2026-08-03T01:53:20.797Z,0.43
2026-08-03T01:53:40.892Z,0.43
2026-08-03T01:53:55.986Z,0.43
2026-08-03T01:54:11.464Z,0.43
2026-08-03T01:54:26.105Z,0.43
2026-08-03T01:54:46.195Z,0.43
2026-08-03T01:55:00Z,0.43
2026-08-03T01:55:07.99Z,0.43
2026-08-03T01:55:16.374Z,0.43
2026-08-03T01:55:31.405Z,0.43
2026-08-03T01:55:46.535Z,0.43
2026-08-03T01:56:03.76Z,0.43
2026-08-03T01:56:16.654Z,0.43
2026-08-03T01:56:31.721Z,0.43
2026-08-03T01:56:46.798Z,0.43
2026-08-03T01:57:06.893Z,0.43
2026-08-03T01:57:21.989Z,0.43
2026-08-03T01:57:37.041Z,0.43
2026-08-03T01:57:52.11Z,0.43
2026-08-03T01:58:07.195Z,0.43
2026-08-03T01:58:22.294Z,0.43
2026-08-03T01:58:37.347Z,0.43
2026-08-03T01:58:52.474Z,0.42
2026-08-03T01:59:07.551Z,0.42
2026-08-03T01:59:27.638Z,0.42
2026-08-03T01:59:43.63Z,0.42
2026-08-03T01:59:57Z,0.42
2026-08-03T01:59:57.8Z,0.42
2026-08-03T02:00:14.051Z,0.42
2026-08-03T02:00:35.058Z,0.42
2026-08-03T02:00:48.019Z,0.42
2026-08-03T02:01:08.086Z,0.42
2026-08-03T02:01:23.18Z,0.42
2026-08-03T02:01:38.28Z,0.42
2026-08-03T02:01:53.364Z,0.42
2026-08-03T02:02:08.395Z,0.42
2026-08-03T02:02:23.479Z,0.42
2026-08-03T02:02:38.574Z,0.42
2026-08-03T02:02:53.625Z,0.42
2026-08-03T02:03:08.766Z,0.42
2026-08-03T02:03:24.629Z,0.42
2026-08-03T02:03:38.908Z,0.42
2026-08-03T02:03:53.984Z,0.42
2026-08-03T02:04:14.08Z,0.42
2026-08-03T02:04:34.12Z,0.42
2026-08-03T02:04:49.184Z,0.42
2026-08-03T02:05:03Z,0.42
2026-08-03T02:05:09.895Z,0.42
2026-08-03T02:05:19.347Z,0.42
2026-08-03T02:05:34.428Z,0.42
2026-08-03T02:05:49.554Z,0.42
2026-08-03T02:06:09.62Z,0.42
2026-08-03T02:06:24.718Z,0.42
2026-08-03T02:06:39.83Z,0.42
2026-08-03T02:06:54.886Z,0.42
2026-08-03T02:07:09.908Z,0.42
2026-08-03T02:07:30.034Z,0.42
2026-08-03T02:07:50.059Z,0.42
2026-08-03T02:08:05.16Z,0.42
2026-08-03T02:08:20.223Z,0.42
2026-08-03T02:08:35.299Z,0.42
2026-08-03T02:08:51.121Z,0.42
2026-08-03T02:09:10.469Z,0.42
2026-08-03T02:09:25.531Z,0.41
2026-08-03T02:09:41.977Z,0.41
2026-08-03T02:09:55Z,0.41
2026-08-03T02:09:55.941Z,0.41
2026-08-03T02:10:15.758Z,0.41
2026-08-03T02:10:37.709Z,0.41
2026-08-03T02:10:55.961Z,0.41
2026-08-03T02:11:11.058Z,0.41
2026-08-03T02:11:26.105Z,0.41
2026-08-03T02:11:46.58Z,0.41
2026-08-03T02:12:02.95Z,0.41
2026-08-03T02:12:21.304Z,0.41
2026-08-03T02:12:36.404Z,0.41
2026-08-03T02:12:51.482Z,0.41
2026-08-03T02:13:11.557Z,0.41
2026-08-03T02:13:26.662Z,0.41
2026-08-03T02:13:41.742Z,0.41
2026-08-03T02:13:57.182Z,0.41
2026-08-03T02:14:11.899Z,0.41
2026-08-03T02:14:27.023Z,0.41
2026-08-03T02:14:47.096Z,0.41
2026-08-03T02:15:01Z,0.41
2026-08-03T02:15:08.853Z,0.41
2026-08-03T02:15:17.424Z,0.41
2026-08-03T02:15:32.291Z,0.41
2026-08-03T02:15:47.38Z,0.41
2026-08-03T02:16:02.617Z,0.41
2026-08-03T02:16:17.538Z,0.41
2026-08-03T02:16:32.646Z,0.41
2026-08-03T02:16:47.701Z,0.41
2026-08-03T02:17:02.814Z,0.41
2026-08-03T02:17:22.871Z,0.4
2026-08-03T02:17:37.904Z,0.4
2026-08-03T02:17:52.996Z,0.4
2026-08-03T02:18:08.092Z,0.4
2026-08-03T02:18:23.197Z,0.4
2026-08-03T02:18:43.271Z,0.4
2026-08-03T02:18:58.587Z,0.4
2026-08-03T02:19:13.407Z,0.4
2026-08-03T02:19:28.492Z,0.4
2026-08-03T02:19:49.05Z,0.4
2026-08-03T02:20:03Z,0.4
2026-08-03T02:20:09.18Z,0.4
2026-08-03T02:20:18.695Z,0.4
2026-08-03T02:20:33.791Z,0.4
2026-08-03T02:20:54.188Z,0.4
2026-08-03T02:21:08.994Z,0.4
2026-08-03T02:21:24.229Z,0.4
2026-08-03T02:21:44.857Z,0.4
2026-08-03T02:22:04.29Z,0.4
2026-08-03T02:22:19.301Z,0.4
2026-08-03T02:22:34.361Z,0.4
2026-08-03T02:22:49.442Z,0.4
2026-08-03T02:23:04.729Z,0.4
2026-08-03T02:23:19.797Z,0.4
2026-08-03T02:23:35.147Z,0.4
2026-08-03T02:23:49.94Z,0.4
2026-08-03T02:24:05.045Z,0.4
2026-08-03T02:24:20.12Z,0.39
2026-08-03T02:24:40.206Z,0.39
2026-08-03T02:24:54Z,0.39
2026-08-03T02:24:55.294Z,0.39
2026-08-03T02:25:15.787Z,0.39
2026-08-03T02:25:30.411Z,0.39
2026-08-03T02:25:45.511Z,0.39
2026-08-03T02:26:05.585Z,0.39
2026-08-03T02:26:26.76Z,0.39
2026-08-03T02:26:40.733Z,0.39
2026-08-03T02:26:55.797Z,0.39
2026-08-03T02:27:10.896Z,0.39
2026-08-03T02:27:25.947Z,0.39
2026-08-03T02:27:41.866Z,0.39
2026-08-03T02:27:56.128Z,0.39
2026-08-03T02:28:11.198Z,0.39
2026-08-03T02:28:26.275Z,0.39
2026-08-03T02:28:46.382Z,0.39
2026-08-03T02:29:02.726Z,0.39
2026-08-03T02:29:16.493Z,0.39
2026-08-03T02:29:31.553Z,0.39
2026-08-03T02:29:51.663Z,0.39
2026-08-03T02:30:11Z,0.39
2026-08-03T02:30:11.734Z,0.39
2026-08-03T02:30:26.778Z,0.39
2026-08-03T02:30:41.867Z,0.38
2026-08-03T02:30:56.969Z,0.38
2026-08-03T02:31:12.042Z,0.38
2026-08-03T02:31:32.114Z,0.38
2026-08-03T02:31:52.2Z,0.38
2026-08-03T02:32:07.461Z,0.38
2026-08-03T02:32:22.522Z,0.38
2026-08-03T02:32:42.596Z,0.38
2026-08-03T02:32:57.669Z,0.38
2026-08-03T02:33:12.777Z,0.38
2026-08-03T02:33:27.856Z,0.38
2026-08-03T02:33:42.913Z,0.38
2026-08-03T02:34:03.016Z,0.38
2026-08-03T02:34:18.085Z,0.38
2026-08-03T02:34:33.178Z,0.38
2026-08-03T02:34:48.238Z,0.38
2026-08-03T02:35:07Z,0.38
2026-08-03T02:35:12.948Z,0.38
2026-08-03T02:35:23.399Z,0.38
2026-08-03T02:35:38.466Z,0.38
2026-08-03T02:35:58.541Z,0.38
2026-08-03T02:36:13.618Z,0.38
2026-08-03T02:36:28.699Z,0.38
2026-08-03T02:36:43.795Z,0.38
2026-08-03T02:37:03.866Z,0.38
2026-08-03T02:37:18.927Z,0.38
2026-08-03T02:37:34.013Z,0.38
2026-08-03T02:37:54.51Z,0.38
2026-08-03T02:38:09.153Z,0.38
2026-08-03T02:38:24.257Z,0.38
2026-08-03T02:38:41.553Z,0.38
2026-08-03T02:38:59.386Z,0.37
2026-08-03T02:39:14.502Z,0.37
2026-08-03T02:39:29.55Z,0.38
2026-08-03T02:39:44.629Z,0.37
2026-08-03T02:40:04Z,0.37
2026-08-03T02:40:08.99Z,0.37
2026-08-03T02:40:19.771Z,0.37
2026-08-03T02:40:34.85Z,0.37
2026-08-03T02:40:50.677Z,0.37
2026-08-03T02:41:05.316Z,0.37
2026-08-03T02:41:20.174Z,0.37
2026-08-03T02:41:35.247Z,0.37
2026-08-03T02:41:50.381Z,0.37
2026-08-03T02:42:10.426Z,0.37
2026-08-03T02:42:25.502Z,0.37
2026-08-03T02:42:45.6Z,0.37
2026-08-03T02:43:00.858Z,0.37
2026-08-03T02:43:15.777Z,0.37
2026-08-03T02:43:30.855Z,0.37
2026-08-03T02:43:45.937Z,0.37
2026-08-03T02:44:02.836Z,0.37
2026-08-03T02:44:21.157Z,0.37
2026-08-03T02:44:41.245Z,0.37
2026-08-03T02:44:56.33Z,0.37
2026-08-03T02:45:11Z,0.37
2026-08-03T02:45:13.812Z,0.37
2026-08-03T02:45:26.62Z,0.37
2026-08-03T02:45:41.653Z,0.37
2026-08-03T02:45:56.742Z,0.37
2026-08-03T02:46:18.137Z,0.37
2026-08-03T02:46:32.105Z,0.37
2026-08-03T02:46:47.087Z,0.37
2026-08-03T02:47:02.894Z,0.37
2026-08-03T02:47:17.261Z,0.37
2026-08-03T02:47:37.299Z,0.37
2026-08-03T02:47:52.427Z,0.37
2026-08-03T02:48:12.459Z,0.37
2026-08-03T02:48:27.559Z,0.37
2026-08-03T02:48:42.614Z,0.37
2026-08-03T02:49:03.169Z,0.37
2026-08-03T02:49:22.772Z,0.37
2026-08-03T02:49:37.864Z,0.37
2026-08-03T02:49:52.953Z,0.37
2026-08-03T02:50:12Z,0.37
2026-08-03T02:50:13.078Z,0.37
2026-08-03T02:50:28.549Z,0.37
2026-08-03T02:50:43.183Z,0.37
2026-08-03T02:50:58.259Z,0.37
2026-08-03T02:51:13.345Z,0.37
2026-08-03T02:51:28.437Z,0.37
2026-08-03T02:51:43.507Z,0.37
2026-08-03T02:51:58.572Z,0.37
2026-08-03T02:52:14.961Z,0.37
2026-08-03T02:52:28.736Z,0.37
2026-08-03T02:52:48.796Z,0.37
2026-08-03T02:53:04.023Z,0.37
2026-08-03T02:53:18.941Z,0.37
2026-08-03T02:53:39.078Z,0.37
2026-08-03T02:53:59.124Z,0.37
2026-08-03T02:54:19.219Z,0.37
2026-08-03T02:54:34.462Z,0.37
2026-08-03T02:54:49.456Z,0.37
2026-08-03T02:55:12.843Z,0.36
2026-08-03T02:55:19Z,0.36
2026-08-03T02:55:19.612Z,0.36
2026-08-03T02:55:35.167Z,0.37
2026-08-03T02:55:49.801Z,0.37
2026-08-03T02:56:04.871Z,0.37
2026-08-03T02:56:24.912Z,0.37
2026-08-03T02:56:44.984Z,0.37
2026-08-03T02:57:00.073Z,0.37
2026-08-03T02:57:15.189Z,0.37
2026-08-03T02:57:30.209Z,0.37
2026-08-03T02:57:45.293Z,0.37
2026-08-03T02:58:00.377Z,0.37
2026-08-03T02:58:15.515Z,0.37
2026-08-03T02:58:30.616Z,0.37
2026-08-03T02:58:45.675Z,0.37
2026-08-03T02:59:00.752Z,0.36
2026-08-03T02:59:15.835Z,0.36
2026-08-03T02:59:30.935Z,0.36
2026-08-03T02:59:45.962Z,0.36
2026-08-03T03:00:05Z,0.36
2026-08-03T03:00:08.99Z,0.36
2026-08-03T03:00:26.161Z,0.36
2026-08-03T03:00:46.219Z,0.36
2026-08-03T03:01:06.275Z,0.36
2026-08-03T03:01:21.346Z,0.36
2026-08-03T03:01:36.434Z,0.36
2026-08-03T03:01:58.294Z,0.36
2026-08-03T03:02:16.592Z,0.36
2026-08-03T03:02:31.673Z,0.36
2026-08-03T03:02:46.741Z,0.36
2026-08-03T03:03:07.678Z,0.36
2026-08-03T03:03:22.126Z,0.36
2026-08-03T03:03:42.218Z,0.36
2026-08-03T03:04:02.731Z,0.36
2026-08-03T03:04:17.371Z,0.36
2026-08-03T03:04:32.425Z,0.36
2026-08-03T03:04:52.532Z,0.36
2026-08-03T03:05:10.889Z,0.36
2026-08-03T03:05:22Z,0.36
2026-08-03T03:05:22.745Z,0.36
2026-08-03T03:05:37.809Z,0.36
2026-08-03T03:05:57.897Z,0.36
2026-08-03T03:06:13.995Z,0.36
2026-08-03T03:06:28.041Z,0.36
2026-08-03T03:06:43.162Z,0.36
2026-08-03T03:06:58.292Z,0.36
2026-08-03T03:07:18.288Z,0.36
2026-08-03T03:07:33.376Z,0.35
2026-08-03T03:07:48.433Z,0.35
2026-08-03T03:08:03.546Z,0.35
2026-08-03T03:08:18.638Z,0.35
2026-08-03T03:08:33.68Z,0.35
2026-08-03T03:08:48.727Z,0.35
2026-08-03T03:09:09.322Z,0.35
2026-08-03T03:09:28.93Z,0.35
2026-08-03T03:09:44.05Z,0.35
2026-08-03T03:09:59.059Z,0.35
2026-08-03T03:10:13Z,0.35
2026-08-03T03:10:14.14Z,0.35
2026-08-03T03:10:29.209Z,0.35
2026-08-03T03:10:44.302Z,0.35
2026-08-03T03:11:04.348Z,0.35
2026-08-03T03:11:24.429Z,0.35
2026-08-03T03:11:39.508Z,0.35
2026-08-03T03:11:59.578Z,0.35
2026-08-03T03:12:14.665Z,0.35
2026-08-03T03:12:29.832Z,0.35
2026-08-03T03:12:49.992Z,0.35
2026-08-03T03:13:10.084Z,0.35
2026-08-03T03:13:30.173Z,0.35
2026-08-03T03:13:45.769Z,0.35
2026-08-03T03:14:00.304Z,0.35
2026-08-03T03:14:15.366Z,0.35
2026-08-03T03:14:30.441Z,0.35
2026-08-03T03:14:45.502Z,0.35
2026-08-03T03:15:00.621Z,0.35
2026-08-03T03:15:15Z,0.35
2026-08-03T03:15:15.734Z,0.35
2026-08-03T03:15:30.798Z,0.35
2026-08-03T03:15:50.86Z,0.35
2026-08-03T03:16:10.97Z,0.35
2026-08-03T03:16:26.005Z,0.35
2026-08-03T03:16:41.094Z,0.35
2026-08-03T03:16:57.824Z,0.35
2026-08-03T03:17:12.161Z,0.35
2026-08-03T03:17:26.286Z,0.35
2026-08-03T03:17:41.357Z,0.35
2026-08-03T03:17:56.463Z,0.35
2026-08-03T03:18:11.616Z,0.35
2026-08-03T03:18:31.619Z,0.35
2026-08-03T03:18:46.689Z,0.35
2026-08-03T03:19:06.779Z,0.35
2026-08-03T03:19:21.832Z,0.35
2026-08-03T03:19:36.975Z,0.35
2026-08-03T03:19:52.827Z,0.35
2026-08-03T03:20:10.989Z,0.35
2026-08-03T03:20:21Z,0.35
2026-08-03T03:20:22.158Z,0.35
2026-08-03T03:20:37.244Z,0.35
2026-08-03T03:20:52.3Z,0.35
2026-08-03T03:21:12.381Z,0.35
2026-08-03T03:21:27.453Z,0.35
2026-08-03T03:21:42.542Z,0.35
2026-08-03T03:21:57.609Z,0.35
2026-08-03T03:22:17.685Z,0.35
2026-08-03T03:22:32.784Z,0.35
2026-08-03T03:22:52.876Z,0.35
2026-08-03T03:23:08.349Z,0.35
2026-08-03T03:23:23.005Z,0.35
2026-08-03T03:23:38.073Z,0.35
2026-08-03T03:23:53.154Z,0.35
2026-08-03T03:24:08.279Z,0.35
2026-08-03T03:24:23.318Z,0.35
2026-08-03T03:24:38.39Z,0.35
2026-08-03T03:24:53.482Z,0.35
2026-08-03T03:25:11.095Z,0.35
2026-08-03T03:25:28Z,0.35
2026-08-03T03:25:28.667Z,0.35
2026-08-03T03:25:45.562Z,0.35
2026-08-03T03:26:03.862Z,0.35
2026-08-03T03:26:18.926Z,0.35
2026-08-03T03:26:34.11Z,0.35
2026-08-03T03:26:49.352Z,0.35
2026-08-03T03:27:04.305Z,0.35
2026-08-03T03:27:19.453Z,0.35
2026-08-03T03:27:34.496Z,0.35
2026-08-03T03:27:54.669Z,0.35
2026-08-03T03:28:14.641Z,0.35
2026-08-03T03:28:34.707Z,0.35
2026-08-03T03:28:55.239Z,0.35
2026-08-03T03:29:09.914Z,0.35
2026-08-03T03:29:24.978Z,0.35
2026-08-03T03:29:40.103Z,0.35
2026-08-03T03:30:00.086Z,0.35
2026-08-03T03:30:15.199Z,0.35
2026-08-03T03:30:29Z,0.35
2026-08-03T03:30:30.26Z,0.35
2026-08-03T03:30:45.388Z,0.35
2026-08-03T03:31:05.739Z,0.35
2026-08-03T03:31:20.477Z,0.35
2026-08-03T03:31:35.568Z,0.35
2026-08-03T03:31:52.705Z,0.35
2026-08-03T03:32:05.69Z,0.35
2026-08-03T03:32:20.763Z,0.35
2026-08-03T03:32:40.859Z,0.35
2026-08-03T03:32:55.938Z,0.35
2026-08-03T03:33:16.037Z,0.35
2026-08-03T03:33:36.092Z,0.35
2026-08-03T03:33:51.171Z,0.35
2026-08-03T03:34:11.239Z,0.35
2026-08-03T03:34:31.316Z,0.34
2026-08-03T03:34:46.369Z,0.35
2026-08-03T03:35:09.622Z,0.34
2026-08-03T03:35:21Z,0.35
2026-08-03T03:35:21.536Z,0.35
2026-08-03T03:35:36.595Z,0.35
2026-08-03T03:35:51.677Z,0.35
2026-08-03T03:36:06.762Z,0.35
2026-08-03T03:36:26.856Z,0.34
2026-08-03T03:36:41.92Z,0.34
2026-08-03T03:36:57.009Z,0.34
2026-08-03T03:37:12.078Z,0.34
2026-08-03T03:37:27.168Z,0.34
2026-08-03T03:37:42.244Z,0.34
2026-08-03T03:38:02.487Z,0.34
2026-08-03T03:38:17.385Z,0.34
2026-08-03T03:38:32.459Z,0.34
2026-08-03T03:38:52.54Z,0.34
2026-08-03T03:39:07.628Z,0.34
2026-08-03T03:39:22.703Z,0.34
2026-08-03T03:39:37.779Z,0.34
2026-08-03T03:39:55.394Z,0.34
2026-08-03T03:40:12.823Z,0.34
2026-08-03T03:40:27Z,0.34
2026-08-03T03:40:28.111Z,0.34
2026-08-03T03:40:48.078Z,0.34
2026-08-03T03:41:03.766Z,0.34
2026-08-03T03:41:23.248Z,0.34
2026-08-03T03:41:38.325Z,0.34
2026-08-03T03:41:58.385Z,0.34
2026-08-03T03:42:13.516Z,0.34
2026-08-03T03:42:33.603Z,0.34
2026-08-03T03:42:48.7Z,0.34
2026-08-03T03:43:04.685Z,0.34
2026-08-03T03:43:18.833Z,0.34
2026-08-03T03:43:33.9Z,0.34
2026-08-03T03:43:49.014Z,0.34
2026-08-03T03:44:09.089Z,0.34
2026-08-03T03:44:24.131Z,0.34
2026-08-03T03:44:44.237Z,0.34
2026-08-03T03:45:09.592Z,0.34
2026-08-03T03:45:23Z,0.34
2026-08-03T03:45:24.385Z,0.34
2026-08-03T03:45:39.451Z,0.34
2026-08-03T03:45:54.84Z,0.34
2026-08-03T03:46:09.596Z,0.34
2026-08-03T03:46:24.676Z,0.34
2026-08-03T03:46:40.391Z,0.34
2026-08-03T03:47:01.212Z,0.34
2026-08-03T03:47:14.95Z,0.33
2026-08-03T03:47:34.992Z,0.33
2026-08-03T03:47:55.073Z,0.33
2026-08-03T03:48:10.173Z,0.33
2026-08-03T03:48:25.235Z,0.33
2026-08-03T03:48:40.312Z,0.33
2026-08-03T03:48:55.382Z,0.33
2026-08-03T03:49:10.478Z,0.33
2026-08-03T03:49:25.549Z,0.33
2026-08-03T03:49:40.652Z,0.33
2026-08-03T03:50:00.782Z,0.33
2026-08-03T03:50:15.793Z,0.33
2026-08-03T03:50:35Z,0.33
2026-08-03T03:50:35.87Z,0.33
2026-08-03T03:50:50.941Z,0.33
2026-08-03T03:51:05.997Z,0.33
2026-08-03T03:51:21.1Z,0.33
2026-08-03T03:51:36.15Z,0.33
2026-08-03T03:51:51.254Z,0.33
2026-08-03T03:52:06.292Z,0.33
2026-08-03T03:52:26.861Z,0.33
2026-08-03T03:52:41.472Z,0.33
2026-08-03T03:52:56.533Z,0.33
2026-08-03T03:53:11.579Z,0.33
2026-08-03T03:53:31.674Z,0.33
2026-08-03T03:53:46.76Z,0.33
2026-08-03T03:54:02.79Z,0.33
2026-08-03T03:54:16.924Z,0.33
2026-08-03T03:54:37.02Z,0.33
2026-08-03T03:54:53.024Z,0.33
2026-08-03T03:55:12.438Z,0.33
2026-08-03T03:55:26Z,0.33
2026-08-03T03:55:27.268Z,0.33
2026-08-03T03:55:42.341Z,0.33
2026-08-03T03:55:57.447Z,0.32
2026-08-03T03:56:17.516Z,0.32
2026-08-03T03:56:37.577Z,0.32
2026-08-03T03:56:57.642Z,0.32
2026-08-03T03:57:12.73Z,0.32
2026-08-03T03:57:27.832Z,0.32
2026-08-03T03:57:47.889Z,0.33
2026-08-03T03:58:03.111Z,0.33
2026-08-03T03:58:18.074Z,0.33
2026-08-03T03:58:38.129Z,0.33
2026-08-03T03:58:53.22Z,0.33
2026-08-03T03:59:08.316Z,0.33
2026-08-03T03:59:23.365Z,0.32
2026-08-03T03:59:38.893Z,0.32
2026-08-03T03:59:53.576Z,0.32
2026-08-03T04:00:11.973Z,0.32
2026-08-03T04:00:23.785Z,0.32
2026-08-03T04:00:38Z,0.32
2026-08-03T04:00:38.831Z,0.32
2026-08-03T04:00:55.512Z,0.32
2026-08-03T04:01:09.131Z,0.32
2026-08-03T04:01:29.191Z,0.32
2026-08-03T04:01:44.252Z,0.32
2026-08-03T04:01:59.325Z,0.32
2026-08-03T04:02:14.405Z,0.32
2026-08-03T04:02:29.475Z,0.32
2026-08-03T04:02:49.736Z,0.32
2026-08-03T04:03:04.654Z,0.32
2026-08-03T04:03:24.696Z,0.32
2026-08-03T04:03:39.781Z,0.32
2026-08-03T04:04:00.458Z,0.32
2026-08-03T04:04:20.065Z,0.32
2026-08-03T04:04:35.212Z,0.32
2026-08-03T04:04:50.225Z,0.32
2026-08-03T04:05:12.004Z,0.32
2026-08-03T04:05:20.363Z,0.32
2026-08-03T04:05:40Z,0.32
2026-08-03T04:05:40.477Z,0.32
2026-08-03T04:05:55.509Z,0.32
2026-08-03T04:06:10.595Z,0.32
2026-08-03T04:06:25.666Z,0.32
2026-08-03T04:06:45.778Z,0.32
2026-08-03T04:07:04.494Z,0.32
2026-08-03T04:07:20.912Z,0.32
2026-08-03T04:07:36.041Z,0.32
2026-08-03T04:07:51.107Z,0.32
2026-08-03T04:08:06.197Z,0.32
2026-08-03T04:08:26.264Z,0.32
2026-08-03T04:08:41.31Z,0.32
2026-08-03T04:09:02.512Z,0.32
2026-08-03T04:09:16.57Z,0.32
2026-08-03T04:09:31.563Z,0.32
2026-08-03T04:09:51.637Z,0.32
2026-08-03T04:10:11.326Z,0.32
2026-08-03T04:10:21.789Z,0.32
2026-08-03T04:10:36Z,0.32
2026-08-03T04:10:36.856Z,0.32
2026-08-03T04:10:51.981Z,0.32
2026-08-03T04:11:07.022Z,0.32
2026-08-03T04:11:27.138Z,0.32
2026-08-03T04:11:42.24Z,0.32
2026-08-03T04:11:57.324Z,0.32
2026-08-03T04:12:12.404Z,0.32
2026-08-03T04:12:27.511Z,0.32
2026-08-03T04:12:42.562Z,0.32
2026-08-03T04:12:59.777Z,0.32
2026-08-03T04:13:17.739Z,0.32
2026-08-03T04:13:32.819Z,0.32
2026-08-03T04:13:48.003Z,0.31
2026-08-03T04:14:02.998Z,0.31
2026-08-03T04:14:23.076Z,0.31
2026-08-03T04:14:38.385Z,0.31
2026-08-03T04:14:58.438Z,0.31
2026-08-03T04:15:18.224Z,0.32
2026-08-03T04:15:32Z,0.32
2026-08-03T04:15:33.34Z,0.32
2026-08-03T04:15:48.383Z,0.31
2026-08-03T04:16:03.516Z,0.31
2026-08-03T04:16:18.559Z,0.31
2026-08-03T04:16:33.634Z,0.31
2026-08-03T04:16:50.134Z,0.31
2026-08-03T04:17:03.756Z,0.31
2026-08-03T04:17:23.838Z,0.31
2026-08-03T04:17:38.898Z,0.31
2026-08-03T04:17:54.003Z,0.31
2026-08-03T04:18:09.069Z,0.31
2026-08-03T04:18:24.171Z,0.31
2026-08-03T04:18:39.257Z,0.31
2026-08-03T04:18:54.312Z,0.31
2026-08-03T04:19:09.499Z,0.31
2026-08-03T04:19:24.501Z,0.31
2026-08-03T04:19:41.685Z,0.31
2026-08-03T04:19:54.641Z,0.31
2026-08-03T04:20:12.344Z,0.31
2026-08-03T04:20:29.901Z,0.31
2026-08-03T04:20:44Z,0.31
2026-08-03T04:20:44.954Z,0.31
2026-08-03T04:20:59.965Z,0.31
2026-08-03T04:21:15.034Z,0.31
2026-08-03T04:21:32.17Z,0.31
2026-08-03T04:21:45.918Z,0.31
2026-08-03T04:22:00.288Z,0.31
2026-08-03T04:22:15.353Z,0.3
2026-08-03T04:22:31.024Z,0.3
2026-08-03T04:22:50.49Z,0.3
2026-08-03T04:23:10.575Z,0.3
2026-08-03T04:23:25.656Z,0.3
2026-08-03T04:23:45.726Z,0.3
2026-08-03T04:24:02.922Z,0.3
2026-08-03T04:24:15.987Z,0.3
2026-08-03T04:24:31.058Z,0.3
2026-08-03T04:24:46.115Z,0.3
2026-08-03T04:25:11.573Z,0.3
2026-08-03T04:25:16.373Z,0.3
2026-08-03T04:25:31Z,0.3
2026-08-03T04:25:31.406Z,0.3
2026-08-03T04:25:51.48Z,0.3
2026-08-03T04:26:07.53Z,0.3
2026-08-03T04:26:21.759Z,0.3
2026-08-03T04:26:36.839Z,0.3
2026-08-03T04:26:56.902Z,0.3
2026-08-03T04:27:11.986Z,0.3
2026-08-03T04:27:27.058Z,0.3
2026-08-03T04:27:42.155Z,0.3
2026-08-03T04:27:57.337Z,0.3
2026-08-03T04:28:17.399Z,0.3
2026-08-03T04:28:32.499Z,0.3
2026-08-03T04:28:47.567Z,0.3
2026-08-03T04:29:07.632Z,0.3
2026-08-03T04:29:22.695Z,0.3
2026-08-03T04:29:38.425Z,0.3
2026-08-03T04:29:52.865Z,0.3
2026-08-03T04:30:10.699Z,0.3
2026-08-03T04:30:23.006Z,0.3
2026-08-03T04:30:37Z,0.3
2026-08-03T04:30:38.198Z,0.3
2026-08-03T04:30:54.148Z,0.3
2026-08-03T04:31:08.283Z,0.3
2026-08-03T04:31:23.353Z,0.29
2026-08-03T04:31:38.453Z,0.29
2026-08-03T04:31:53.573Z,0.3
2026-08-03T04:32:08.616Z,0.3
2026-08-03T04:32:23.682Z,0.3
2026-08-03T04:32:38.765Z,0.3
2026-08-03T04:32:55.339Z,0.3
2026-08-03T04:33:08.922Z,0.3
2026-08-03T04:33:23.986Z,0.3
2026-08-03T04:33:39.145Z,0.3
2026-08-03T04:33:54.145Z,0.3
2026-08-03T04:34:14.328Z,0.3
2026-08-03T04:34:29.375Z,0.3
2026-08-03T04:34:49.45Z,0.3
2026-08-03T04:35:11.869Z,0.3
2026-08-03T04:35:24.601Z,0.3
2026-08-03T04:35:39Z,0.3
2026-08-03T04:35:39.64Z,0.3
2026-08-03T04:35:59.719Z,0.3
2026-08-03T04:36:15.174Z,0.3
2026-08-03T04:36:29.864Z,0.3
2026-08-03T04:36:44.974Z,0.3
2026-08-03T04:37:00.011Z,0.3
2026-08-03T04:37:15.093Z,0.3
2026-08-03T04:37:35.152Z,0.3
2026-08-03T04:37:50.223Z,0.3
2026-08-03T04:38:05.306Z,0.3
2026-08-03T04:38:20.432Z,0.3
2026-08-03T04:38:35.64Z,0.3
2026-08-03T04:38:55.585Z,0.3
2026-08-03T04:39:10.661Z,0.3
2026-08-03T04:39:30.728Z,0.3
2026-08-03T04:39:45.836Z,0.3
2026-08-03T04:40:10.139Z,0.3
2026-08-03T04:40:18.661Z,0.3
2026-08-03T04:40:31.045Z,0.3
2026-08-03T04:40:45Z,0.29
2026-08-03T04:40:46.127Z,0.29
2026-08-03T04:41:03.737Z,0.3
2026-08-03T04:41:16.411Z,0.29
2026-08-03T04:41:31.496Z,0.3
2026-08-03T04:41:46.548Z,0.3
2026-08-03T04:42:02.548Z,0.3
2026-08-03T04:42:16.701Z,0.3
2026-08-03T04:42:31.789Z,0.3
2026-08-03T04:42:46.899Z,0.3
2026-08-03T04:43:02.694Z,0.3
2026-08-03T04:43:17.033Z,0.3
2026-08-03T04:43:32.095Z,0.3
2026-08-03T04:43:52.339Z,0.3
2026-08-03T04:44:12.258Z,0.3
2026-08-03T04:44:27.316Z,0.3
2026-08-03T04:44:47.397Z,0.3
2026-08-03T04:45:12.223Z,0.3
2026-08-03T04:45:17.559Z,0.3
2026-08-03T04:45:32.631Z,0.29
2026-08-03T04:45:47Z,0.29
2026-08-03T04:45:47.808Z,0.29
2026-08-03T04:46:07.801Z,0.29
2026-08-03T04:46:22.862Z,0.29
2026-08-03T04:46:37.935Z,0.29
2026-08-03T04:46:58.03Z,0.29
2026-08-03T04:47:18.091Z,0.3
2026-08-03T04:47:33.242Z,0.3
2026-08-03T04:47:48.268Z,0.3
2026-08-03T04:48:03.373Z,0.29
2026-08-03T04:48:18.678Z,0.29
2026-08-03T04:48:33.598Z,0.29
2026-08-03T04:48:48.605Z,0.29
2026-08-03T04:49:03.883Z,0.29
2026-08-03T04:49:18.726Z,0.29
2026-08-03T04:49:33.819Z,0.29
2026-08-03T04:49:48.878Z,0.29
2026-08-03T04:50:11.604Z,0.29
2026-08-03T04:50:19.028Z,0.29
2026-08-03T04:50:34.118Z,0.29
2026-08-03T04:50:53Z,0.29
2026-08-03T04:50:54.191Z,0.29
2026-08-03T04:51:09.286Z,0.29
2026-08-03T04:51:24.562Z,0.29
2026-08-03T04:51:44.454Z,0.29
2026-08-03T04:51:59.602Z,0.29
2026-08-03T04:52:14.703Z,0.29
2026-08-03T04:52:34.694Z,0.29
2026-08-03T04:52:49.787Z,0.29
2026-08-03T04:53:09.861Z,0.29
2026-08-03T04:53:29.973Z,0.29
2026-08-03T04:53:50.085Z,0.29
2026-08-03T04:54:05.165Z,0.29
2026-08-03T04:54:20.453Z,0.29
2026-08-03T04:54:35.428Z,0.29
2026-08-03T04:54:55.505Z,0.29
2026-08-03T04:55:11.859Z,0.29
2026-08-03T04:55:25.62Z,0.29
2026-08-03T04:55:40.667Z,0.29
2026-08-03T04:55:55Z,0.29
2026-08-03T04:55:55.796Z,0.29
2026-08-03T04:56:10.78Z,0.29
2026-08-03T04:56:25.843Z,0.29
2026-08-03T04:56:41.056Z,0.29
2026-08-03T04:56:55.979Z,0.29
2026-08-03T04:57:11.062Z,0.29
2026-08-03T04:57:26.154Z,0.29
2026-08-03T04:57:41.233Z,0.29
2026-08-03T04:58:06.083Z,0.29
2026-08-03T04:58:21.397Z,0.29
2026-08-03T04:58:36.554Z,0.29
2026-08-03T04:58:51.622Z,0.29
2026-08-03T04:59:06.656Z,0.29
2026-08-03T04:59:21.777Z,0.29
2026-08-03T04:59:41.799Z,0.29
2026-08-03T04:59:57.194Z,0.29
2026-08-03T05:00:12.269Z,0.29
2026-08-03T05:00:27.168Z,0.29
2026-08-03T05:00:42.256Z,0.29
2026-08-03T05:00:56Z,0.29
2026-08-03T05:00:57.321Z,0.29
2026-08-03T05:01:18.093Z,0.29
2026-08-03T05:01:37.484Z,0.29
2026-08-03T05:01:57.575Z,0.29
2026-08-03T05:02:13.116Z,0.29
2026-08-03T05:02:32.755Z,0.29
2026-08-03T05:02:52.802Z,0.29
2026-08-03T05:03:08.586Z,0.29
2026-08-03T05:03:22.97Z,0.29
2026-08-03T05:03:38.061Z,0.29
2026-08-03T05:03:58.092Z,0.29
2026-08-03T05:04:13.236Z,0.29
2026-08-03T05:04:28.298Z,0.29
2026-08-03T05:04:48.376Z,0.29
2026-08-03T05:05:11.316Z,0.29
2026-08-03T05:05:18.513Z,0.29
2026-08-03T05:05:33.598Z,0.29
2026-08-03T05:05:48Z,0.29
2026-08-03T05:05:48.723Z,0.29
2026-08-03T05:06:03.746Z,0.29
2026-08-03T05:06:18.792Z,0.29
2026-08-03T05:06:33.877Z,0.29
2026-08-03T05:06:48.945Z,0.29
2026-08-03T05:07:09.895Z,0.29
2026-08-03T05:07:24.175Z,0.29
2026-08-03T05:07:39.199Z,0.29
2026-08-03T05:07:54.271Z,0.29
2026-08-03T05:08:14.379Z,0.29
2026-08-03T05:08:29.451Z,0.29
2026-08-03T05:08:44.558Z,0.29
2026-08-03T05:08:59.64Z,0.29
2026-08-03T05:09:14.684Z,0.28
2026-08-03T05:09:29.806Z,0.28
2026-08-03T05:09:49.855Z,0.29
2026-08-03T05:10:12.532Z,0.29
2026-08-03T05:10:24.981Z,0.29
2026-08-03T05:10:40.158Z,0.28
2026-08-03T05:10:54Z,0.28
2026-08-03T05:10:55.224Z,0.28
2026-08-03T05:11:10.297Z,0.29
2026-08-03T05:11:25.386Z,0.29
2026-08-03T05:11:45.448Z,0.29
2026-08-03T05:12:00.507Z,0.28
2026-08-03T05:12:15.618Z,0.28
2026-08-03T05:12:30.746Z,0.28
2026-08-03T05:12:46.381Z,0.28
2026-08-03T05:13:02.538Z,0.28
2026-08-03T05:13:15.934Z,0.28
2026-08-03T05:13:31.343Z,0.28
2026-08-03T05:13:46.694Z,0.28
2026-08-03T05:14:03.151Z,0.28
2026-08-03T05:14:21.294Z,0.28
2026-08-03T05:14:41.302Z,0.28
2026-08-03T05:14:56.372Z,0.28
2026-08-03T05:15:16.467Z,0.28
2026-08-03T05:15:31.511Z,0.28
2026-08-03T05:15:46.6Z,0.29
2026-08-03T05:16:01Z,0.29
2026-08-03T05:16:02.962Z,0.29
2026-08-03T05:16:17.606Z,0.29
2026-08-03T05:16:31.979Z,0.29
2026-08-03T05:16:47.075Z,0.29
2026-08-03T05:17:02.729Z,0.29
2026-08-03T05:17:17.216Z,0.29
2026-08-03T05:17:32.566Z,0.29
2026-08-03T05:17:47.377Z,0.29
2026-08-03T05:18:02.986Z,0.29
2026-08-03T05:18:17.549Z,0.29
2026-08-03T05:18:32.708Z,0.29
2026-08-03T05:18:47.717Z,0.29
2026-08-03T05:19:02.81Z,0.29
2026-08-03T05:19:22.895Z,0.28
2026-08-03T05:19:42.944Z,0.29
2026-08-03T05:19:58.013Z,0.29
2026-08-03T05:20:13.108Z,0.29
2026-08-03T05:20:28.167Z,0.29
2026-08-03T05:20:43.302Z,0.29
2026-08-03T05:20:57Z,0.29
2026-08-03T05:20:58.395Z,0.29
2026-08-03T05:21:18.462Z,0.29
2026-08-03T05:21:35.159Z,0.28
2026-08-03T05:21:48.621Z,0.28
2026-08-03T05:22:03.687Z,0.28
2026-08-03T05:22:18.75Z,0.28
2026-08-03T05:22:33.836Z,0.28
2026-08-03T05:22:49.294Z,0.28
2026-08-03T05:23:04.058Z,0.28
2026-08-03T05:23:19.203Z,0.28
2026-08-03T05:23:39.29Z,0.28
2026-08-03T05:23:59.365Z,0.28
2026-08-03T05:24:14.431Z,0.28
2026-08-03T05:24:29.503Z,0.28
2026-08-03T05:24:44.584Z,0.28
2026-08-03T05:24:59.737Z,0.28
2026-08-03T05:25:14.815Z,0.28
2026-08-03T05:25:29.925Z,0.28
2026-08-03T05:25:47.285Z,0.28
2026-08-03T05:25:59Z,0.28
2026-08-03T05:26:00.101Z,0.28
2026-08-03T05:26:15.222Z,0.28
2026-08-03T05:26:30.298Z,0.28
2026-08-03T05:26:45.313Z,0.28
2026-08-03T05:27:00.407Z,0.28
2026-08-03T05:27:15.488Z,0.28
2026-08-03T05:27:30.555Z,0.28
2026-08-03T05:27:50.646Z,0.28
2026-08-03T05:28:06.319Z,0.28
2026-08-03T05:28:21.02Z,0.28
2026-08-03T05:28:35.89Z,0.28
2026-08-03T05:28:50.98Z,0.28
2026-08-03T05:29:06.686Z,0.28
2026-08-03T05:29:26.148Z,0.28
2026-08-03T05:29:41.212Z,0.28
2026-08-03T05:29:56.836Z,0.28
2026-08-03T05:30:13.336Z,0.28
2026-08-03T05:30:26.501Z,0.28
2026-08-03T05:30:41.601Z,0.28
2026-08-03T05:30:56Z,0.28
2026-08-03T05:30:56.603Z,0.28
2026-08-03T05:31:11.713Z,0.28
2026-08-03T05:31:26.808Z,0.28
2026-08-03T05:31:46.876Z,0.28
2026-08-03T05:32:02.786Z,0.28
2026-08-03T05:32:17.072Z,0.28
2026-08-03T05:32:32.145Z,0.28
2026-08-03T05:32:47.2Z,0.28
2026-08-03T05:33:03.123Z,0.28
2026-08-03T05:33:17.431Z,0.28
2026-08-03T05:33:32.488Z,0.28
2026-08-03T05:33:47.561Z,0.28
2026-08-03T05:34:03.299Z,0.28
2026-08-03T05:34:18.47Z,0.28
2026-08-03T05:34:37.776Z,0.28
2026-08-03T05:34:52.885Z,0.28
2026-08-03T05:35:13.777Z,0.28
2026-08-03T05:35:28.144Z,0.28
2026-08-03T05:35:48.204Z,0.28
2026-08-03T05:36:02Z,0.28
2026-08-03T05:36:03.386Z,0.28
2026-08-03T05:36:18.346Z,0.28
2026-08-03T05:36:38.758Z,0.28
2026-08-03T05:36:53.448Z,0.28
2026-08-03T05:37:13.513Z,0.28
2026-08-03T05:37:33.585Z,0.28
2026-08-03T05:37:48.632Z,0.28
2026-08-03T05:38:08.714Z,0.28
2026-08-03T05:38:23.815Z,0.28
2026-08-03T05:38:38.908Z,0.28
2026-08-03T05:38:55.043Z,0.28
2026-08-03T05:39:14.125Z,0.28
2026-08-03T05:39:29.343Z,0.28
2026-08-03T05:39:44.26Z,0.28
2026-08-03T05:39:59.358Z,0.28
2026-08-03T05:40:14.929Z,0.28
2026-08-03T05:40:29.491Z,0.28
2026-08-03T05:40:44.55Z,0.28
2026-08-03T05:41:04Z,0.28
2026-08-03T05:41:05.46Z,0.28
2026-08-03T05:41:24.709Z,0.28
2026-08-03T05:41:40.455Z,0.28
2026-08-03T05:41:59.905Z,0.28
2026-08-03T05:42:14.918Z,0.28
2026-08-03T05:42:35.022Z,0.28
2026-08-03T05:42:50.118Z,0.28
2026-08-03T05:43:05.184Z,0.28
2026-08-03T05:43:20.292Z,0.28
2026-08-03T05:43:35.345Z,0.28
2026-08-03T05:43:50.417Z,0.28
2026-08-03T05:44:10.52Z,0.28
2026-08-03T05:44:30.561Z,0.28
2026-08-03T05:44:50.661Z,0.28
2026-08-03T05:45:08.872Z,0.28
2026-08-03T05:45:27.406Z,0.28
2026-08-03T05:45:46.525Z,0.28
2026-08-03T05:46:05Z,0.28
2026-08-03T05:46:06.118Z,0.28
2026-08-03T05:46:21.162Z,0.28
2026-08-03T05:46:36.227Z,0.28
2026-08-03T05:46:56.338Z,0.28
2026-08-03T05:47:16.405Z,0.28
2026-08-03T05:47:31.467Z,0.28
2026-08-03T05:47:46.538Z,0.28
2026-08-03T05:48:02.681Z,0.28
2026-08-03T05:48:16.699Z,0.28
2026-08-03T05:48:31.775Z,0.28
2026-08-03T05:48:46.829Z,0.28
2026-08-03T05:49:02.458Z,0.28
2026-08-03T05:49:17.015Z,0.28
2026-08-03T05:49:32.073Z,0.28
2026-08-03T05:49:47.144Z,0.28
2026-08-03T05:50:08.893Z,0.28
2026-08-03T05:50:17.375Z,0.28
2026-08-03T05:50:32.41Z,0.28
2026-08-03T05:50:47.45Z,0.28
2026-08-03T05:51:07Z,0.28
2026-08-03T05:51:07.531Z,0.28
2026-08-03T05:51:22.61Z,0.28
2026-08-03T05:51:37.794Z,0.28
2026-08-03T05:51:52.782Z,0.28
2026-08-03T05:52:07.874Z,0.28
2026-08-03T05:52:23.68Z,0.28
2026-08-03T05:52:38.768Z,0.28
2026-08-03T05:52:53.262Z,0.28
2026-08-03T05:53:13.341Z,0.28
2026-08-03T05:53:33.475Z,0.28
2026-08-03T05:53:48.649Z,0.28
2026-08-03T05:54:08.728Z,0.28
2026-08-03T05:54:29.419Z,0.28
2026-08-03T05:54:43.858Z,0.28
2026-08-03T05:54:58.927Z,0.28
2026-08-03T05:55:14.073Z,0.28
2026-08-03T05:55:29.161Z,0.28
2026-08-03T05:55:44.206Z,0.28
2026-08-03T05:55:58Z,0.28
2026-08-03T05:55:59.28Z,0.28
2026-08-03T05:56:19.99Z,0.28
2026-08-03T05:56:34.469Z,0.28
2026-08-03T05:56:49.6Z,0.28
2026-08-03T05:57:09.66Z,0.28
2026-08-03T05:57:24.968Z,0.28
2026-08-03T05:57:44.726Z,0.29
2026-08-03T05:57:59.837Z,0.29
2026-08-03T05:58:14.874Z,0.29
2026-08-03T05:58:35.01Z,0.29
2026-08-03T05:58:50.045Z,0.29
2026-08-03T05:59:05.126Z,0.29
2026-08-03T05:59:21.351Z,0.29
2026-08-03T05:59:40.286Z,0.29
2026-08-03T06:00:00.378Z,0.29
2026-08-03T06:00:15.406Z,0.29
2026-08-03T06:00:35.549Z,0.29
2026-08-03T06:00:50.579Z,0.29
2026-08-03T06:01:05Z,0.29
2026-08-03T06:01:05.658Z,0.29
2026-08-03T06:01:21.201Z,0.29
2026-08-03T06:01:35.86Z,0.29
2026-08-03T06:01:55.891Z,0.29
2026-08-03T06:02:10.957Z,0.29
2026-08-03T06:02:26.029Z,0.29
2026-08-03T06:02:41.093Z,0.29
2026-08-03T06:02:56.169Z,0.29
2026-08-03T06:03:11.563Z,0.29
2026-08-03T06:03:26.365Z,0.29
2026-08-03T06:03:41.405Z,0.3
2026-08-03T06:03:56.46Z,0.3
2026-08-03T06:04:17.336Z,0.3
2026-08-03T06:04:31.792Z,0.3
2026-08-03T06:04:51.708Z,0.3
2026-08-03T06:05:12.431Z,0.3
2026-08-03T06:05:26.889Z,0.3
2026-08-03T06:05:46.944Z,0.3
2026-08-03T06:06:01Z,0.3
2026-08-03T06:06:02.823Z,0.3
2026-08-03T06:06:22.094Z,0.3
2026-08-03T06:06:42.166Z,0.3
2026-08-03T06:06:57.231Z,0.3
2026-08-03T06:07:12.583Z,0.3
2026-08-03T06:07:27.477Z,0.3
2026-08-03T06:07:42.531Z,0.3
2026-08-03T06:07:57.621Z,0.3
2026-08-03T06:08:12.707Z,0.3
2026-08-03T06:08:29.82Z,0.3
2026-08-03T06:08:42.873Z,0.3
2026-08-03T06:08:57.906Z,0.3
2026-08-03T06:09:13.003Z,0.3
2026-08-03T06:09:28.075Z,0.3
2026-08-03T06:09:43.143Z,0.3
2026-08-03T06:09:58.221Z,0.3
2026-08-03T06:10:13.295Z,0.3
2026-08-03T06:10:28.379Z,0.3
2026-08-03T06:10:43.461Z,0.3
2026-08-03T06:10:58.561Z,0.3
2026-08-03T06:11:13Z,0.31
2026-08-03T06:11:13.59Z,0.31
2026-08-03T06:11:28.688Z,0.31
2026-08-03T06:11:43.756Z,0.31
2026-08-03T06:11:58.826Z,0.31
2026-08-03T06:12:19.241Z,0.31
2026-08-03T06:12:34.087Z,0.31
2026-08-03T06:12:49.163Z,0.31
2026-08-03T06:13:04.212Z,0.31
2026-08-03T06:13:19.3Z,0.31
2026-08-03T06:13:34.716Z,0.32
2026-08-03T06:13:54.509Z,0.32
2026-08-03T06:14:09.896Z,0.32
2026-08-03T06:14:24.645Z,0.32
2026-08-03T06:14:39.782Z,0.32
2026-08-03T06:14:54.916Z,0.32
2026-08-03T06:15:14.983Z,0.32
2026-08-03T06:15:30.069Z,0.32
2026-08-03T06:15:50.191Z,0.32
2026-08-03T06:16:09Z,0.32
2026-08-03T06:16:10.218Z,0.32
2026-08-03T06:16:25.348Z,0.32
2026-08-03T06:16:40.363Z,0.32
2026-08-03T06:16:55.479Z,0.32
2026-08-03T06:17:10.551Z,0.32
2026-08-03T06:17:25.577Z,0.32
2026-08-03T06:17:40.68Z,0.32
2026-08-03T06:17:55.741Z,0.33
2026-08-03T06:18:11.413Z,0.33
2026-08-03T06:18:25.921Z,0.33
2026-08-03T06:18:45.989Z,0.33
2026-08-03T06:19:07.2Z,0.33
2026-08-03T06:19:21.359Z,0.33
2026-08-03T06:19:36.371Z,0.33
2026-08-03T06:19:51.475Z,0.33
2026-08-03T06:20:10.697Z,0.34
2026-08-03T06:20:21.755Z,0.34
2026-08-03T06:20:36.761Z,0.34
2026-08-03T06:20:56.855Z,0.34
2026-08-03T06:21:11Z,0.34
2026-08-03T06:21:12.267Z,0.34
2026-08-03T06:21:26.983Z,0.34
2026-08-03T06:21:42.106Z,0.35
2026-08-03T06:21:57.703Z,0.35
2026-08-03T06:22:12.23Z,0.35
2026-08-03T06:22:36.04Z,0.35
2026-08-03T06:22:52.36Z,0.36
2026-08-03T06:23:12.485Z,0.36
2026-08-03T06:23:27.514Z,0.36
2026-08-03T06:23:47.58Z,0.37
2026-08-03T06:24:03.553Z,0.37
2026-08-03T06:24:17.782Z,0.37
2026-08-03T06:24:37.823Z,0.37
2026-08-03T06:24:52.909Z,0.38
2026-08-03T06:25:13.578Z,0.38
2026-08-03T06:25:28.466Z,0.38
2026-08-03T06:25:43.128Z,0.38
2026-08-03T06:25:58.225Z,0.39
2026-08-03T06:26:17Z,0.39
2026-08-03T06:26:18.284Z,0.39
2026-08-03T06:26:34.49Z,0.39
2026-08-03T06:26:48.515Z,0.4
2026-08-03T06:27:03.625Z,0.4
2026-08-03T06:27:18.666Z,0.41
2026-08-03T06:27:33.763Z,0.41
2026-08-03T06:27:48.957Z,0.42
2026-08-03T06:28:04.271Z,0.42
2026-08-03T06:28:25.126Z,0.43
2026-08-03T06:28:39.55Z,0.43
2026-08-03T06:28:54.233Z,0.43
2026-08-03T06:29:09.293Z,0.44
2026-08-03T06:29:24.384Z,0.44
2026-08-03T06:29:39.484Z,0.45
2026-08-03T06:29:54.571Z,0.45
2026-08-03T06:30:13.657Z,0.45
2026-08-03T06:30:24.736Z,0.45
2026-08-03T06:30:40.013Z,0.46
2026-08-03T06:31:00.02Z,0.46
2026-08-03T06:31:14Z,0.48
2026-08-03T06:31:15.093Z,0.48
2026-08-03T06:31:31.02Z,0.48
2026-08-03T06:31:45.319Z,0.49
2026-08-03T06:32:00.419Z,0.49
2026-08-03T06:32:15.51Z,0.5
2026-08-03T06:32:30.602Z,0.5
2026-08-03T06:32:45.678Z,0.51
2026-08-03T06:33:02.544Z,0.52
2026-08-03T06:33:15.828Z,0.53
2026-08-03T06:33:30.916Z,0.53
2026-08-03T06:33:50.982Z,0.54
2026-08-03T06:34:06.051Z,0.55
2026-08-03T06:34:22.526Z,0.56
2026-08-03T06:34:36.276Z,0.56
2026-08-03T06:34:51.399Z,0.57
2026-08-03T06:35:12.481Z,0.56
2026-08-03T06:35:21.429Z,0.56
2026-08-03T06:35:36.514Z,0.57
2026-08-03T06:35:51.6Z,0.58
2026-08-03T06:36:06.688Z,0.59
2026-08-03T06:36:21Z,0.6
2026-08-03T06:36:21.784Z,0.6
2026-08-03T06:36:36.9Z,0.6
2026-08-03T06:36:57.004Z,0.61
2026-08-03T06:37:17.46Z,0.62
2026-08-03T06:37:32.36Z,0.63
2026-08-03T06:37:52.403Z,0.64
2026-08-03T06:38:12.521Z,0.65
2026-08-03T06:38:27.586Z,0.65
2026-08-03T06:38:42.62Z,0.66
2026-08-03T06:38:57.714Z,0.66
2026-08-03T06:39:12.78Z,0.66
2026-08-03T06:39:27.855Z,0.67
2026-08-03T06:39:43.605Z,0.68
2026-08-03T06:39:58.165Z,0.69
2026-08-03T06:40:14.379Z,0.7
2026-08-03T06:40:28.312Z,0.7
2026-08-03T06:40:43.396Z,0.7
2026-08-03T06:40:58.435Z,0.7
2026-08-03T06:41:13Z,0.72
2026-08-03T06:41:13.558Z,0.72
2026-08-03T06:41:33.762Z,0.73
2026-08-03T06:41:48.706Z,0.74
2026-08-03T06:42:04.285Z,0.77
2026-08-03T06:42:18.951Z,0.77
2026-08-03T06:42:34.005Z,0.77
2026-08-03T06:42:50.524Z,0.8
2026-08-03T06:43:06.638Z,0.8
2026-08-03T06:43:19.249Z,0.81
2026-08-03T06:43:39.333Z,0.82
2026-08-03T06:43:54.394Z,0.83
2026-08-03T06:44:14.476Z,0.83
2026-08-03T06:44:29.552Z,0.84
2026-08-03T06:44:44.657Z,0.85
2026-08-03T06:45:00.618Z,0.85
2026-08-03T06:45:14.841Z,0.86
2026-08-03T06:45:34.902Z,0.87
2026-08-03T06:45:49.97Z,0.88
2026-08-03T06:46:05.052Z,0.89
2026-08-03T06:46:19Z,0.89
2026-08-03T06:46:20.128Z,0.89
2026-08-03T06:46:35.195Z,0.9
2026-08-03T06:46:50.279Z,0.91
2026-08-03T06:47:05.471Z,0.91
2026-08-03T06:47:20.439Z,0.91
2026-08-03T06:47:40.522Z,0.94
2026-08-03T06:47:55.875Z,0.94
2026-08-03T06:48:10.658Z,0.95
2026-08-03T06:48:30.795Z,0.95
2026-08-03T06:48:45.819Z,0.96
2026-08-03T06:49:02.794Z,0.97
2026-08-03T06:49:16.075Z,0.96
2026-08-03T06:49:31.192Z,0.97
2026-08-03T06:49:46.291Z,0.97
2026-08-03T06:50:12.137Z,0.98
2026-08-03T06:50:16.623Z,0.99
2026-08-03T06:50:33.461Z,1.0
2026-08-03T06:50:46.741Z,1.0
2026-08-03T06:51:06.784Z,1.0
2026-08-03T06:51:21Z,1.01
2026-08-03T06:51:21.862Z,1.01
2026-08-03T06:51:40.766Z,1.03
2026-08-03T06:51:52.12Z,1.04
2026-08-03T06:52:07.234Z,1.04
2026-08-03T06:52:22.376Z,1.05
2026-08-03T06:52:43.252Z,1.07
2026-08-03T06:52:57.467Z,1.07
2026-08-03T06:53:17.575Z,1.08
2026-08-03T06:53:32.644Z,1.09
2026-08-03T06:53:47.726Z,1.09
2026-08-03T06:54:02.792Z,1.09
2026-08-03T06:54:17.867Z,1.11
2026-08-03T06:54:32.931Z,1.11
2026-08-03T06:54:50.515Z,1.12
2026-08-03T06:55:13.391Z,1.13
2026-08-03T06:55:23.196Z,1.14
2026-08-03T06:55:38.323Z,1.14
2026-08-03T06:55:53.379Z,1.15
2026-08-03T06:56:08.488Z,1.16
2026-08-03T06:56:23Z,1.16
2026-08-03T06:56:23.575Z,1.16
2026-08-03T06:56:38.699Z,1.17
2026-08-03T06:56:54.555Z,1.18
2026-08-03T06:57:13.805Z,1.18
2026-08-03T06:57:28.894Z,1.19
2026-08-03T06:57:48.975Z,1.2
2026-08-03T06:58:04.045Z,1.21
2026-08-03T06:58:19.099Z,1.22
2026-08-03T06:58:37.926Z,1.23
2026-08-03T06:58:54.229Z,1.23
2026-08-03T06:59:09.396Z,1.23
2026-08-03T06:59:24.468Z,1.24
2026-08-03T06:59:39.583Z,1.24
2026-08-03T06:59:54.677Z,1.24
2026-08-03T07:00:15.667Z,1.26
2026-08-03T07:00:25.731Z,1.26
2026-08-03T07:00:44.899Z,1.27
2026-08-03T07:00:59.97Z,1.28
2026-08-03T07:01:18.178Z,1.28
2026-08-03T07:01:29Z,1.3
2026-08-03T07:01:30.985Z,1.3
2026-08-03T07:01:45.193Z,1.3
2026-08-03T07:02:00.612Z,1.3
2026-08-03T07:02:15.414Z,1.31
2026-08-03T07:02:30.457Z,1.33
2026-08-03T07:02:45.523Z,1.33
2026-08-03T07:03:00.603Z,1.34
2026-08-03T07:03:15.674Z,1.34
2026-08-03T07:03:31.984Z,1.35
2026-08-03T07:03:46.07Z,1.35
2026-08-03T07:04:02.892Z,1.36
2026-08-03T07:04:20.995Z,1.37
2026-08-03T07:04:36.056Z,1.37
2026-08-03T07:04:51.126Z,1.38
2026-08-03T07:05:16.355Z,1.39
2026-08-03T07:05:21.292Z,1.39
2026-08-03T07:05:41.356Z,1.41
2026-08-03T07:05:56.429Z,1.42
2026-08-03T07:06:12.248Z,1.43
2026-08-03T07:06:26Z,1.43
2026-08-03T07:06:27.567Z,1.43
2026-08-03T07:06:42.363Z,1.44
2026-08-03T07:06:57.111Z,1.45
2026-08-03T07:07:12.478Z,1.45
2026-08-03T07:07:31.943Z,1.46
2026-08-03T07:07:47.044Z,1.47
2026-08-03T07:08:07.127Z,1.47
2026-08-03T07:08:22.207Z,1.48
2026-08-03T07:08:42.303Z,1.49
2026-08-03T07:08:57.38Z,1.51
2026-08-03T07:09:12.454Z,1.51
2026-08-03T07:09:32.521Z,1.53
2026-08-03T07:09:47.597Z,1.54
2026-08-03T07:10:11.149Z,1.54
2026-08-03T07:10:22.958Z,1.56
2026-08-03T07:10:42.903Z,1.56
2026-08-03T07:11:02.958Z,1.57
2026-08-03T07:11:18.413Z,1.58
2026-08-03T07:11:32Z,1.59
2026-08-03T07:11:33.247Z,1.59
2026-08-03T07:11:53.316Z,1.59
2026-08-03T07:12:08.487Z,1.61
2026-08-03T07:12:26.052Z,1.62
2026-08-03T07:12:39.772Z,1.62
2026-08-03T07:12:58.779Z,1.63
2026-08-03T07:13:13.882Z,1.64
2026-08-03T07:13:28.955Z,1.64
2026-08-03T07:13:44.035Z,1.65
2026-08-03T07:13:59.114Z,1.66
2026-08-03T07:14:20.33Z,1.67
2026-08-03T07:14:34.252Z,1.67
2026-08-03T07:14:49.322Z,1.68
2026-08-03T07:15:09.888Z,1.69
2026-08-03T07:15:24.542Z,1.69
2026-08-03T07:15:39.717Z,1.71
2026-08-03T07:15:54.696Z,1.72
2026-08-03T07:16:09.735Z,1.73
2026-08-03T07:16:24Z,1.73
2026-08-03T07:16:24.794Z,1.73
2026-08-03T07:16:45.345Z,1.74
2026-08-03T07:17:05.039Z,1.75
2026-08-03T07:17:20.111Z,1.75
2026-08-03T07:17:35.196Z,1.78
2026-08-03T07:17:55.28Z,1.77
2026-08-03T07:18:10.347Z,1.77
2026-08-03T07:18:25.444Z,1.8
2026-08-03T07:18:40.686Z,1.8
2026-08-03T07:18:55.623Z,1.82
2026-08-03T07:19:10.675Z,1.82
2026-08-03T07:19:33.553Z,1.85
2026-08-03T07:19:45.871Z,1.85
2026-08-03T07:20:10.156Z,1.86
2026-08-03T07:20:15.985Z,1.86
2026-08-03T07:20:31.074Z,1.87
2026-08-03T07:20:46.133Z,1.88
2026-08-03T07:21:06.219Z,1.9
2026-08-03T07:21:21.3Z,1.91
2026-08-03T07:21:40Z,1.89
2026-08-03T07:21:41.402Z,1.89
2026-08-03T07:21:56.484Z,1.9
2026-08-03T07:22:11.758Z,1.92
2026-08-03T07:22:27.004Z,1.92
2026-08-03T07:22:41.742Z,1.92
2026-08-03T07:23:03.235Z,1.93
2026-08-03T07:23:18.066Z,1.97
2026-08-03T07:23:31.973Z,1.98
2026-08-03T07:23:47.028Z,1.99
2026-08-03T07:24:02.508Z,2.0
2026-08-03T07:24:17.202Z,2.01
2026-08-03T07:24:32.262Z,2.02
2026-08-03T07:24:52.327Z,2.03
2026-08-03T07:25:12.877Z,2.05
2026-08-03T07:25:22.579Z,2.05
2026-08-03T07:25:42.679Z,2.06
2026-08-03T07:26:03.247Z,2.09
2026-08-03T07:26:17.797Z,2.09
2026-08-03T07:26:32Z,2.08
2026-08-03T07:26:32.85Z,2.08
2026-08-03T07:26:47.952Z,2.08
2026-08-03T07:27:03.191Z,2.09
2026-08-03T07:27:23.272Z,2.09
2026-08-03T07:27:38.35Z,2.16
2026-08-03T07:27:53.453Z,2.16
2026-08-03T07:28:08.494Z,2.16
2026-08-03T07:28:23.775Z,2.18
2026-08-03T07:28:38.654Z,2.18
2026-08-03T07:28:53.762Z,2.19
2026-08-03T07:29:08.852Z,2.21
2026-08-03T07:29:23.971Z,2.22
2026-08-03T07:29:39.013Z,2.25
2026-08-03T07:29:54.186Z,2.25
2026-08-03T07:30:11.028Z,2.26
2026-08-03T07:30:24.246Z,2.28
2026-08-03T07:30:39.32Z,2.28
2026-08-03T07:30:54.378Z,2.29
2026-08-03T07:31:10.142Z,2.29
2026-08-03T07:31:24.538Z,2.29
2026-08-03T07:31:39Z,2.29
2026-08-03T07:31:39.617Z,2.29
2026-08-03T07:31:54.746Z,2.3
2026-08-03T07:32:14.841Z,2.37
2026-08-03T07:32:31.045Z,2.36
2026-08-03T07:32:50.047Z,2.36
2026-08-03T07:33:05.103Z,2.36
2026-08-03T07:33:20.195Z,2.4
2026-08-03T07:33:35.568Z,2.4
2026-08-03T07:33:50.573Z,2.4
2026-08-03T07:34:05.585Z,2.38
2026-08-03T07:34:26.209Z,2.41
2026-08-03T07:34:40.727Z,2.41
2026-08-03T07:35:08.839Z,2.45
2026-08-03T07:35:16.712Z,2.48
2026-08-03T07:35:35.932Z,2.46
2026-08-03T07:35:56.311Z,2.49
2026-08-03T07:36:16.153Z,2.48
2026-08-03T07:36:31.211Z,2.48
2026-08-03T07:36:45Z,2.51
2026-08-03T07:36:46.304Z,2.51
2026-08-03T07:37:02.599Z,2.51
2026-08-03T07:37:21.447Z,2.57
2026-08-03T07:37:41.54Z,2.6
2026-08-03T07:37:57.442Z,2.59
2026-08-03T07:38:12.236Z,2.57
2026-08-03T07:38:31.723Z,2.57
2026-08-03T07:38:46.805Z,2.56
2026-08-03T07:39:06.919Z,2.6
2026-08-03T07:39:22.038Z,2.61
2026-08-03T07:39:37.181Z,2.62
2026-08-03T07:39:52.167Z,2.65
2026-08-03T07:40:11.31Z,2.66
2026-08-03T07:40:27.328Z,2.7
2026-08-03T07:40:42.473Z,2.7
2026-08-03T07:40:58.094Z,2.71
2026-08-03T07:41:17.723Z,2.73
2026-08-03T07:41:32.81Z,2.77
2026-08-03T07:41:47Z,2.78
2026-08-03T07:41:47.948Z,2.78
2026-08-03T07:42:03.066Z,2.76
2026-08-03T07:42:18.15Z,2.76
2026-08-03T07:42:33.216Z,2.74
2026-08-03T07:42:48.298Z,2.78
2026-08-03T07:43:03.456Z,2.79
2026-08-03T07:43:23.45Z,2.86
2026-08-03T07:43:38.845Z,2.87
2026-08-03T07:43:58.554Z,2.85
2026-08-03T07:44:13.717Z,2.84
2026-08-03T07:44:28.788Z,2.86
2026-08-03T07:44:45.742Z,2.9
2026-08-03T07:44:59.084Z,2.91
2026-08-03T07:45:14.017Z,2.94
2026-08-03T07:45:34.18Z,2.94
2026-08-03T07:45:49.162Z,2.94
2026-08-03T07:46:04.247Z,2.94
2026-08-03T07:46:19.343Z,2.97
2026-08-03T07:46:34.397Z,2.98
2026-08-03T07:46:49Z,2.98
2026-08-03T07:46:50.631Z,2.98
2026-08-03T07:47:04.53Z,2.98
2026-08-03T07:47:19.594Z,2.98
2026-08-03T07:47:36.635Z,3.01
2026-08-03T07:47:50.347Z,3.01
2026-08-03T07:48:04.851Z,3.04
2026-08-03T07:48:24.924Z,3.08
2026-08-03T07:48:44.989Z,3.09
2026-08-03T07:49:05.143Z,3.11
2026-08-03T07:49:20.226Z,3.12
2026-08-03T07:49:40.369Z,3.14
2026-08-03T07:49:55.364Z,3.15
2026-08-03T07:50:14.013Z,3.16
2026-08-03T07:50:25.536Z,3.17
2026-08-03T07:50:46.285Z,3.17
2026-08-03T07:51:00.829Z,3.2
2026-08-03T07:51:15.859Z,3.2
2026-08-03T07:51:36.906Z,3.27
2026-08-03T07:51:50Z,3.27
2026-08-03T07:51:51.046Z,3.27
2026-08-03T07:52:06.121Z,3.28
2026-08-03T07:52:21.233Z,3.29
2026-08-03T07:52:41.288Z,3.32
2026-08-03T07:52:56.374Z,3.33
2026-08-03T07:53:11.509Z,3.34
2026-08-03T07:53:26.583Z,3.34
2026-08-03T07:53:42.481Z,3.37
2026-08-03T07:54:02.557Z,3.36
2026-08-03T07:54:16.8Z,3.39
2026-08-03T07:54:32.103Z,3.41
2026-08-03T07:54:46.973Z,3.41
2026-08-03T07:55:10.459Z,3.45
2026-08-03T07:55:17.217Z,3.45
2026-08-03T07:55:32.204Z,3.48
2026-08-03T07:55:47.332Z,3.48
2026-08-03T07:56:03.237Z,3.47
2026-08-03T07:56:17.413Z,3.47
2026-08-03T07:56:32.487Z,3.54
2026-08-03T07:56:52Z,3.56
2026-08-03T07:56:52.982Z,3.56
2026-08-03T07:57:07.65Z,3.57
2026-08-03T07:57:22.706Z,3.56
2026-08-03T07:57:37.785Z,3.57
2026-08-03T07:57:52.857Z,3.57
2026-08-03T07:58:07.974Z,3.6
2026-08-03T07:58:28.014Z,3.63
2026-08-03T07:58:48.547Z,3.68
2026-08-03T07:59:08.181Z,3.69
2026-08-03T07:59:23.24Z,3.72
2026-08-03T07:59:38.298Z,3.74
2026-08-03T07:59:53.397Z,3.74
2026-08-03T08:00:17.105Z,3.77
2026-08-03T08:00:29.661Z,3.79
2026-08-03T08:00:44.021Z,3.8
2026-08-03T08:01:03.746Z,3.77
2026-08-03T08:01:20.288Z,3.85
2026-08-03T08:01:34.209Z,3.85
2026-08-03T08:01:48Z,3.87
2026-08-03T08:01:48.992Z,3.87
2026-08-03T08:02:04.082Z,3.84
2026-08-03T08:02:19.132Z,3.87
2026-08-03T08:02:34.214Z,3.86
2026-08-03T08:02:49.351Z,3.91
2026-08-03T08:03:09.418Z,3.93
2026-08-03T08:03:24.49Z,3.94
2026-08-03T08:03:39.58Z,3.95
2026-08-03T08:03:54.65Z,3.97
2026-08-03T08:04:14.723Z,4.01
2026-08-03T08:04:29.801Z,4.01
2026-08-03T08:04:50.353Z,4.03
2026-08-03T08:05:21.058Z,4.05
2026-08-03T08:05:30.02Z,4.05
2026-08-03T08:05:45.12Z,4.02
2026-08-03T08:06:01.872Z,4.04
2026-08-03T08:06:15.305Z,4.07
2026-08-03T08:06:30.315Z,4.09
2026-08-03T08:06:44Z,4.1
2026-08-03T08:06:45.415Z,4.1
2026-08-03T08:07:07.385Z,4.12
2026-08-03T08:07:20.551Z,4.15
2026-08-03T08:07:35.593Z,4.17
2026-08-03T08:07:50.672Z,4.18
2026-08-03T08:08:05.875Z,4.19
2026-08-03T08:08:20.821Z,4.2
2026-08-03T08:08:35.924Z,4.24
2026-08-03T08:08:50.979Z,4.25
2026-08-03T08:09:06.064Z,4.25
2026-08-03T08:09:22.667Z,4.26
2026-08-03T08:09:41.248Z,4.29
2026-08-03T08:10:10.819Z,4.31
2026-08-03T08:10:19.952Z,4.31
2026-08-03T08:10:31.412Z,4.31
2026-08-03T08:10:51.493Z,4.33
2026-08-03T08:11:07.915Z,4.34
2026-08-03T08:11:21.684Z,4.34
2026-08-03T08:11:36.773Z,4.36
2026-08-03T08:11:56Z,4.39
2026-08-03T08:11:56.832Z,4.39
2026-08-03T08:12:13.058Z,4.42
2026-08-03T08:12:26.988Z,4.43
2026-08-03T08:12:42.071Z,4.42
2026-08-03T08:12:57.192Z,4.45
2026-08-03T08:13:12.279Z,4.47
2026-08-03T08:13:27.328Z,4.51
2026-08-03T08:13:42.468Z,4.51
2026-08-03T08:13:57.72Z,4.53
2026-08-03T08:14:17.587Z,4.53
2026-08-03T08:14:32.626Z,4.55
2026-08-03T08:14:53.255Z,4.54
2026-08-03T08:15:11.528Z,4.54
2026-08-03T08:15:27.885Z,4.58
2026-08-03T08:15:47.944Z,4.58
2026-08-03T08:16:08.166Z,4.6
2026-08-03T08:16:28.34Z,4.63
2026-08-03T08:16:43.193Z,4.65
2026-08-03T08:16:57Z,4.65
2026-08-03T08:16:58.274Z,4.65
2026-08-03T08:17:13.816Z,4.67
2026-08-03T08:17:28.491Z,4.71
2026-08-03T08:17:43.598Z,4.71
2026-08-03T08:18:03.644Z,4.74
2026-08-03T08:18:23.701Z,4.73
2026-08-03T08:18:38.746Z,4.76
2026-08-03T08:18:58.819Z,4.77
2026-08-03T08:19:16.653Z,4.8
2026-08-03T08:19:29.715Z,4.81
2026-08-03T08:19:44.069Z,4.82
2026-08-03T08:19:59.217Z,4.82
2026-08-03T08:20:14.747Z,4.84
2026-08-03T08:20:30.731Z,4.86
2026-08-03T08:20:44.414Z,4.88
2026-08-03T08:21:04.484Z,4.88
2026-08-03T08:21:19.57Z,4.89
2026-08-03T08:21:34.741Z,4.91
2026-08-03T08:21:49Z,4.91
2026-08-03T08:21:49.756Z,4.91
2026-08-03T08:22:09.82Z,4.93
2026-08-03T08:22:24.858Z,4.97
2026-08-03T08:22:39.944Z,4.97
2026-08-03T08:22:55.06Z,4.99
2026-08-03T08:23:15.742Z,5.0
2026-08-03T08:23:30.17Z,5.0
2026-08-03T08:23:45.256Z,5.03
2026-08-03T08:24:01.129Z,5.04
2026-08-03T08:24:16.901Z,5.07
2026-08-03T08:24:30.49Z,5.08
2026-08-03T08:24:45.634Z,5.09
2026-08-03T08:25:11.298Z,5.13
2026-08-03T08:25:15.83Z,5.11
2026-08-03T08:25:30.903Z,5.17
2026-08-03T08:25:46.008Z,5.19
2026-08-03T08:26:04.221Z,5.23
2026-08-03T08:26:21.144Z,5.23
2026-08-03T08:26:41.211Z,5.24
2026-08-03T08:27:00Z,5.25
2026-08-03T08:27:03.186Z,5.25
2026-08-03T08:27:21.358Z,5.25
2026-08-03T08:27:36.453Z,5.28
2026-08-03T08:27:51.536Z,5.29
2026-08-03T08:28:06.766Z,5.3
2026-08-03T08:28:21.793Z,5.31
2026-08-03T08:28:41.869Z,5.36
2026-08-03T08:28:56.998Z,5.36
2026-08-03T08:29:12.039Z,5.36
2026-08-03T08:29:27.127Z,5.41
2026-08-03T08:29:47.895Z,5.43
2026-08-03T08:30:12.038Z,5.41
2026-08-03T08:30:22.383Z,5.43
2026-08-03T08:30:37.464Z,5.43
2026-08-03T08:30:52.705Z,5.46
2026-08-03T08:31:07.757Z,5.46
2026-08-03T08:31:23.029Z,5.51
2026-08-03T08:31:37.869Z,5.51
2026-08-03T08:31:52Z,5.53
2026-08-03T08:31:52.939Z,5.53
2026-08-03T08:32:09.482Z,5.54
2026-08-03T08:32:23.544Z,5.55
2026-08-03T08:32:38.17Z,5.59
2026-08-03T08:32:58.26Z,5.6
2026-08-03T08:33:13.353Z,5.6
2026-08-03T08:33:33.421Z,5.62
2026-08-03T08:33:48.518Z,5.65
2026-08-03T08:34:03.546Z,5.68
2026-08-03T08:34:23.66Z,5.69
2026-08-03T08:34:38.716Z,5.69
2026-08-03T08:34:53.856Z,5.71
2026-08-03T08:35:13.025Z,5.73
2026-08-03T08:35:24.07Z,5.74
2026-08-03T08:35:39.122Z,5.76
2026-08-03T08:35:54.249Z,5.77
2026-08-03T08:36:09.323Z,5.77
2026-08-03T08:36:29.609Z,5.83
2026-08-03T08:36:50.097Z,5.89
2026-08-03T08:37:04Z,5.89
2026-08-03T08:37:04.661Z,5.89
2026-08-03T08:37:19.677Z,5.92
2026-08-03T08:37:34.761Z,5.93
2026-08-03T08:37:54.84Z,5.94
2026-08-03T08:38:10.278Z,5.97
2026-08-03T08:38:24.941Z,5.98
2026-08-03T08:38:40.01Z,6.02
2026-08-03T08:38:55.109Z,6.02
2026-08-03T08:39:10.182Z,6.06
2026-08-03T08:39:25.259Z,6.06
2026-08-03T08:39:41.087Z,6.13
2026-08-03T08:40:00.525Z,6.13
2026-08-03T08:40:15.554Z,6.18
2026-08-03T08:40:35.633Z,6.18
2026-08-03T08:40:50.703Z,6.21
2026-08-03T08:41:07.043Z,6.24
2026-08-03T08:41:20.863Z,6.25
2026-08-03T08:41:41.278Z,6.32
2026-08-03T08:41:55Z,6.33
2026-08-03T08:41:56.538Z,6.33
2026-08-03T08:42:11.066Z,6.36
2026-08-03T08:42:26.146Z,6.38
2026-08-03T08:42:41.219Z,6.4
2026-08-03T08:42:58.737Z,6.4
2026-08-03T08:43:11.375Z,6.4
2026-08-03T08:43:26.428Z,6.42
2026-08-03T08:43:46.524Z,6.46
2026-08-03T08:44:03.487Z,6.49
2026-08-03T08:44:16.673Z,6.49
2026-08-03T08:44:31.891Z,6.54
2026-08-03T08:44:46.896Z,6.56
2026-08-03T08:45:11.849Z,6.55
2026-08-03T08:45:17.016Z,6.57
2026-08-03T08:45:32.114Z,6.59
2026-08-03T08:45:47.279Z,6.62
2026-08-03T08:46:02.706Z,6.64
2026-08-03T08:46:17.352Z,6.68
2026-08-03T08:46:37.447Z,6.71
2026-08-03T08:46:52Z,6.72
2026-08-03T08:46:52.506Z,6.72
2026-08-03T08:47:12.57Z,6.72
2026-08-03T08:47:28.139Z,6.74
2026-08-03T08:47:47.763Z,6.75
2026-08-03T08:48:07.821Z,6.77
2026-08-03T08:48:22.886Z,6.8
2026-08-03T08:48:37.969Z,6.81
2026-08-03T08:48:54.142Z,6.84
2026-08-03T08:49:13.25Z,6.88
2026-08-03T08:49:28.337Z,6.89
2026-08-03T08:49:43.402Z,6.9
2026-08-03T08:50:11.71Z,6.92
2026-08-03T08:50:23.517Z,6.95
2026-08-03T08:50:38.606Z,6.95
2026-08-03T08:50:53.682Z,6.97
2026-08-03T08:51:08.751Z,6.98
2026-08-03T08:51:23.821Z,6.99
2026-08-03T08:51:38.897Z,6.99
2026-08-03T08:51:58Z,7.01
2026-08-03T08:51:59.066Z,7.01
2026-08-03T08:52:14.313Z,7.02
2026-08-03T08:52:29.402Z,7.03
2026-08-03T08:52:44.461Z,7.04
2026-08-03T08:53:02.183Z,7.06
2026-08-03T08:53:14.883Z,7.06
2026-08-03T08:53:29.728Z,7.09
2026-08-03T08:53:44.759Z,7.09
2026-08-03T08:53:59.828Z,7.1
2026-08-03T08:54:14.94Z,7.12
2026-08-03T08:54:30.507Z,7.14
2026-08-03T08:54:45.144Z,7.14
2026-08-03T08:55:00.282Z,7.19
2026-08-03T08:55:15.309Z,7.2
2026-08-03T08:55:30.585Z,7.22
2026-08-03T08:55:50.598Z,7.22
2026-08-03T08:56:05.646Z,7.25
2026-08-03T08:56:20.717Z,7.27
2026-08-03T08:56:36.273Z,7.29
2026-08-03T08:56:50.903Z,7.29
2026-08-03T08:57:05Z,7.31
2026-08-03T08:57:08.045Z,7.31
2026-08-03T08:57:21.081Z,7.31
2026-08-03T08:57:36.184Z,7.33
2026-08-03T08:57:51.317Z,7.35
2026-08-03T08:58:06.351Z,7.38
2026-08-03T08:58:27.723Z,7.4
2026-08-03T08:58:41.44Z,7.4
2026-08-03T08:58:56.595Z,7.43
2026-08-03T08:59:16.671Z,7.45
2026-08-03T08:59:31.864Z,7.48
2026-08-03T08:59:46.849Z,7.48
2026-08-03T09:00:09.109Z,7.65
2026-08-03T09:00:16.995Z,7.65
2026-08-03T09:00:32.081Z,7.73
2026-08-03T09:00:47.14Z,7.82
2026-08-03T09:01:04.139Z,7.89
2026-08-03T09:01:17.279Z,7.89
2026-08-03T09:01:32.354Z,7.91
2026-08-03T09:01:47.425Z,7.95
2026-08-03T09:02:02Z,7.98
2026-08-03T09:02:03.051Z,7.98
2026-08-03T09:02:37.201Z,7.97
2026-08-03T09:02:41.141Z,7.96
2026-08-03T09:02:52.842Z,7.98
2026-08-03T09:03:12.868Z,8.02
2026-08-03T09:03:28.252Z,7.98
2026-08-03T09:03:43.049Z,7.98
2026-08-03T09:03:58.113Z,7.91
2026-08-03T09:04:13.477Z,7.96
2026-08-03T09:04:28.33Z,7.86
2026-08-03T09:04:43.667Z,7.86
2026-08-03T09:04:58.487Z,7.77
2026-08-03T09:05:14.073Z,7.78
2026-08-03T09:05:33.656Z,7.73
2026-08-03T09:05:48.741Z,7.7
2026-08-03T09:06:08.884Z,7.59
2026-08-03T09:06:23.895Z,7.59
2026-08-03T09:06:38.938Z,7.53
2026-08-03T09:06:54.066Z,7.44
2026-08-03T09:07:08Z,7.37
2026-08-03T09:07:09.134Z,7.37
2026-08-03T09:07:24.221Z,7.37
2026-08-03T09:07:39.339Z,7.28
2026-08-03T09:07:59.377Z,7.24
2026-08-03T09:08:14.457Z,7.2
2026-08-03T09:08:34.522Z,7.13
2026-08-03T09:08:54.594Z,7.07
2026-08-03T09:09:14.664Z,6.98
2026-08-03T09:09:29.753Z,6.95
2026-08-03T09:09:44.843Z,6.91
2026-08-03T09:10:02.147Z,6.78
2026-08-03T09:10:16.739Z,6.78
2026-08-03T09:10:30.282Z,6.69
2026-08-03T09:10:45.436Z,6.62
2026-08-03T09:11:00.387Z,6.56
2026-08-03T09:11:15.41Z,6.56
2026-08-03T09:11:30.502Z,6.53
2026-08-03T09:11:45.575Z,6.53
2026-08-03T09:12:02.655Z,6.45
2026-08-03T09:12:15Z,6.45
2026-08-03T09:12:15.735Z,6.45
2026-08-03T09:12:30.807Z,6.41
2026-08-03T09:12:45.875Z,6.35
2026-08-03T09:13:03.559Z,6.32
2026-08-03T09:13:16.038Z,6.32
2026-08-03T09:13:31.088Z,6.24
2026-08-03T09:13:46.203Z,6.21
2026-08-03T09:14:04.072Z,6.15
2026-08-03T09:14:17.333Z,6.1
2026-08-03T09:14:31.41Z,6.08
2026-08-03T09:14:46.493Z,6.04
2026-08-03T09:15:10.099Z,6.04
2026-08-03T09:15:16.849Z,6.0
2026-08-03T09:15:31.791Z,5.96
2026-08-03T09:15:46.835Z,5.96
2026-08-03T09:16:03.345Z,5.91
2026-08-03T09:16:17.046Z,5.88
2026-08-03T09:16:33.069Z,5.82
2026-08-03T09:16:47.304Z,5.82
2026-08-03T09:17:03.546Z,5.81
2026-08-03T09:17:16Z,5.74
2026-08-03T09:17:17.538Z,5.74
2026-08-03T09:17:35.434Z,5.72
2026-08-03T09:17:48.108Z,5.68
2026-08-03T09:18:03.393Z,5.68
2026-08-03T09:18:18.1Z,5.62
2026-08-03T09:18:33.23Z,5.59
2026-08-03T09:18:48.844Z,5.56
2026-08-03T09:19:03.51Z,5.56
2026-08-03T09:19:18.054Z,5.52
2026-08-03T09:19:34.099Z,5.49
2026-08-03T09:19:48.192Z,5.47
2026-08-03T09:20:11.359Z,5.45
2026-08-03T09:20:18.331Z,5.44
2026-08-03T09:20:33.434Z,5.41
2026-08-03T09:20:49.633Z,5.42
2026-08-03T09:21:03.569Z,5.4
2026-08-03T09:21:18.66Z,5.39
2026-08-03T09:21:38.717Z,5.36
2026-08-03T09:21:53.788Z,5.36
2026-08-03T09:22:08Z,5.34
2026-08-03T09:22:08.907Z,5.34
2026-08-03T09:22:34.576Z,5.31
2026-08-03T09:22:39.055Z,5.31
2026-08-03T09:22:54.209Z,5.28
2026-08-03T09:23:09.24Z,5.28
2026-08-03T09:23:24.329Z,5.28
2026-08-03T09:23:39.389Z,5.26
2026-08-03T09:23:54.692Z,5.27
2026-08-03T09:24:09.512Z,5.27
2026-08-03T09:24:24.619Z,5.27
2026-08-03T09:24:39.67Z,5.27
2026-08-03T09:24:54.748Z,5.26
2026-08-03T09:25:09.818Z,5.26
2026-08-03T09:25:26Z,5.26
2026-08-03T09:25:40.021Z,5.27
2026-08-03T09:25:55.053Z,5.27
2026-08-03T09:26:10.118Z,5.27
2026-08-03T09:26:25.489Z,5.27
2026-08-03T09:26:40.281Z,5.27
2026-08-03T09:26:55.341Z,5.29
2026-08-03T09:27:10Z,5.3
2026-08-03T09:27:10.423Z,5.3
2026-08-03T09:27:25.508Z,5.29
2026-08-03T09:27:40.577Z,5.29
2026-08-03T09:27:55.742Z,5.29
2026-08-03T09:28:10.842Z,5.3
2026-08-03T09:28:25.919Z,5.31
2026-08-03T09:28:41.069Z,5.32
2026-08-03T09:28:56.086Z,5.33
2026-08-03T09:29:11.118Z,5.34
2026-08-03T09:29:26.204Z,5.37
2026-08-03T09:29:41.275Z,5.37
2026-08-03T09:29:56.348Z,5.36
2026-08-03T09:30:12.525Z,5.38
2026-08-03T09:30:26.473Z,5.41
2026-08-03T09:30:41.572Z,5.42
2026-08-03T09:30:56.664Z,5.42
2026-08-03T09:31:16.749Z,5.45
2026-08-03T09:31:31.839Z,5.46
2026-08-03T09:31:46.875Z,5.49
2026-08-03T09:32:03.094Z,5.49
2026-08-03T09:32:16Z,5.51
2026-08-03T09:32:17.127Z,5.51
2026-08-03T09:32:32.189Z,5.53
2026-08-03T09:32:47.271Z,5.55
2026-08-03T09:33:02.776Z,5.55
2026-08-03T09:33:17.446Z,5.58
2026-08-03T09:33:33.736Z,5.6
2026-08-03T09:33:47.6Z,5.6
2026-08-03T09:34:04.347Z,5.66
2026-08-03T09:34:17.761Z,5.67
2026-08-03T09:34:32.846Z,5.7
2026-08-03T09:34:47.941Z,5.71
2026-08-03T09:35:11.892Z,5.71
2026-08-03T09:35:18.152Z,5.75
2026-08-03T09:35:33.157Z,5.75
2026-08-03T09:35:48.231Z,5.8
2026-08-03T09:36:03.323Z,5.8
2026-08-03T09:36:18.428Z,5.84
2026-08-03T09:36:35.239Z,5.85
2026-08-03T09:36:48.662Z,5.87
2026-08-03T09:37:03.789Z,5.88
2026-08-03T09:37:18Z,5.9
2026-08-03T09:37:18.855Z,5.9
2026-08-03T09:37:33.936Z,5.94
2026-08-03T09:37:49.019Z,5.95
2026-08-03T09:38:05.186Z,5.96
2026-08-03T09:38:19.119Z,5.96
2026-08-03T09:38:34.194Z,5.99
2026-08-03T09:38:49.26Z,6.0
2026-08-03T09:39:09.347Z,6.0
2026-08-03T09:39:24.435Z,6.05
2026-08-03T09:39:39.5Z,6.07
2026-08-03T09:39:54.58Z,6.08
2026-08-03T09:40:11.212Z,6.11
2026-08-03T09:40:25.874Z,6.14
2026-08-03T09:40:39.924Z,6.16
2026-08-03T09:40:54.99Z,6.19
2026-08-03T09:41:11.244Z,6.2
2026-08-03T09:41:25.149Z,6.23
2026-08-03T09:41:40.217Z,6.23
2026-08-03T09:41:55.319Z,6.27
2026-08-03T09:42:10.363Z,6.29
2026-08-03T09:42:25Z,6.31
2026-08-03T09:42:25.639Z,6.31
2026-08-03T09:42:40.521Z,6.31
2026-08-03T09:42:55.588Z,6.37
2026-08-03T09:43:10.672Z,6.37
2026-08-03T09:43:25.756Z,6.39
2026-08-03T09:43:40.857Z,6.42
2026-08-03T09:43:55.917Z,6.45
2026-08-03T09:44:10.964Z,6.49
2026-08-03T09:44:26.044Z,6.51
2026-08-03T09:44:41.263Z,6.53
2026-08-03T09:44:56.21Z,6.56
2026-08-03T09:45:12.509Z,6.56
2026-08-03T09:45:26.36Z,6.58
2026-08-03T09:45:41.417Z,6.58
2026-08-03T09:45:56.566Z,6.59
2026-08-03T09:46:11.602Z,6.65
2026-08-03T09:46:26.662Z,6.67
2026-08-03T09:46:41.721Z,6.67
2026-08-03T09:46:56.809Z,6.69
2026-08-03T09:47:11.901Z,6.72
2026-08-03T09:47:26Z,6.75
2026-08-03T09:47:26.971Z,6.75
2026-08-03T09:47:42.04Z,6.76
2026-08-03T09:47:57.129Z,6.81
2026-08-03T09:48:12.33Z,6.85
2026-08-03T09:48:27.386Z,6.86
2026-08-03T09:48:42.454Z,6.86
2026-08-03T09:48:57.542Z,6.89
2026-08-03T09:49:13.656Z,6.96
2026-08-03T09:49:28.918Z,6.98
2026-08-03T09:49:42.793Z,7.01
2026-08-03T09:49:57.846Z,7.0
2026-08-03T09:50:13.371Z,7.0
2026-08-03T09:50:28.038Z,7.09
2026-08-03T09:50:43.11Z,7.08
2026-08-03T09:50:58.166Z,7.09
2026-08-03T09:51:13.205Z,7.1
2026-08-03T09:51:28.3Z,7.14
2026-08-03T09:51:43.373Z,7.18
2026-08-03T09:51:59.216Z,7.21
2026-08-03T09:52:13.543Z,7.22
2026-08-03T09:52:28Z,7.27
2026-08-03T09:52:28.624Z,7.27
2026-08-03T09:52:44.224Z,7.28
2026-08-03T09:52:58.867Z,7.3
2026-08-03T09:53:13.957Z,7.31
2026-08-03T09:53:29.017Z,7.36
2026-08-03T09:53:45.231Z,7.38
2026-08-03T09:54:04.186Z,7.4
2026-08-03T09:54:19.252Z,7.41
2026-08-03T09:54:34.516Z,7.45
2026-08-03T09:54:49.413Z,7.45
2026-08-03T09:55:09.542Z,7.46
2026-08-03T09:55:19.535Z,7.49
2026-08-03T09:55:34.613Z,7.52
2026-08-03T09:55:50.381Z,7.53
2026-08-03T09:56:04.77Z,7.6
2026-08-03T09:56:19.855Z,7.58
2026-08-03T09:56:34.998Z,7.62
2026-08-03T09:56:50.061Z,7.63
2026-08-03T09:57:05.148Z,7.64
2026-08-03T09:57:19Z,7.68
2026-08-03T09:57:20.25Z,7.68
2026-08-03T09:57:35.272Z,7.68
2026-08-03T09:57:50.325Z,7.71
2026-08-03T09:58:05.414Z,7.75
2026-08-03T09:58:20.472Z,7.78
2026-08-03T09:58:35.554Z,7.77
2026-08-03T09:58:51.029Z,7.81
2026-08-03T09:59:05.766Z,7.85
2026-08-03T09:59:20.903Z,7.88
2026-08-03T09:59:35.976Z,7.92
2026-08-03T09:59:50.938Z,7.95
2026-08-03T10:00:09.605Z,8.0
2026-08-03T10:00:21.123Z,7.99
2026-08-03T10:00:36.196Z,8.05
2026-08-03T10:00:51.237Z,8.06
2026-08-03T10:01:06.321Z,8.06
2026-08-03T10:01:21.392Z,8.1
2026-08-03T10:01:36.585Z,8.1
2026-08-03T10:01:51.568Z,8.14
2026-08-03T10:02:06.656Z,8.17
2026-08-03T10:02:21Z,8.2
2026-08-03T10:02:21.726Z,8.2
2026-08-03T10:02:36.854Z,8.25
2026-08-03T10:02:51.953Z,8.28
2026-08-03T10:03:06.965Z,8.28
2026-08-03T10:03:22.046Z,8.31
2026-08-03T10:03:37.154Z,8.34
2026-08-03T10:03:52.202Z,8.38
2026-08-03T10:04:07.287Z,8.44
2026-08-03T10:04:22.349Z,8.46
2026-08-03T10:04:37.451Z,8.46
2026-08-03T10:04:53.566Z,8.52
2026-08-03T10:05:11.082Z,8.55
2026-08-03T10:05:22.689Z,8.55
2026-08-03T10:05:37.773Z,8.58
2026-08-03T10:05:52.848Z,8.62
2026-08-03T10:06:07.95Z,8.66
2026-08-03T10:06:22.998Z,8.66
2026-08-03T10:06:38.08Z,8.68
2026-08-03T10:06:53.293Z,8.72
2026-08-03T10:07:08.627Z,8.74
2026-08-03T10:07:22Z,8.74
2026-08-03T10:07:23.306Z,8.74
2026-08-03T10:07:38.392Z,8.77
2026-08-03T10:07:53.509Z,8.79
2026-08-03T10:08:09.713Z,8.8
2026-08-03T10:08:23.701Z,8.84
2026-08-03T10:08:38.719Z,8.84
2026-08-03T10:08:53.807Z,8.88
2026-08-03T10:09:08.882Z,8.88
2026-08-03T10:09:24.193Z,8.93
2026-08-03T10:09:39.04Z,8.96
2026-08-03T10:09:54.127Z,8.96
2026-08-03T10:10:12.227Z,9.02
2026-08-03T10:10:24.317Z,9.02
2026-08-03T10:10:39.359Z,9.06
2026-08-03T10:10:54.426Z,9.04
2026-08-03T10:11:09.525Z,9.07
2026-08-03T10:11:24.623Z,9.09
2026-08-03T10:11:39.707Z,9.14
2026-08-03T10:11:54.831Z,9.17
2026-08-03T10:12:09.909Z,9.19
2026-08-03T10:12:24Z,9.19
2026-08-03T10:12:24.985Z,9.19
2026-08-03T10:12:40.1Z,9.23
2026-08-03T10:12:55.147Z,9.23
2026-08-03T10:13:10.253Z,9.27
2026-08-03T10:13:25.324Z,9.3
2026-08-03T10:13:40.392Z,9.39
2026-08-03T10:13:56.39Z,9.62
2026-08-03T10:14:10.696Z,9.62
2026-08-03T10:14:25.775Z,9.73
2026-08-03T10:14:40.836Z,9.76
2026-08-03T10:14:55.937Z,9.76
2026-08-03T10:15:14.388Z,9.76
2026-08-03T10:15:26.113Z,9.76
2026-08-03T10:15:41.165Z,9.77
2026-08-03T10:15:56.259Z,9.75
2026-08-03T10:16:12.071Z,9.74
2026-08-03T10:16:26.453Z,9.69
2026-08-03T10:16:41.553Z,9.63
2026-08-03T10:16:56.626Z,9.59
2026-08-03T10:17:11.677Z,9.59
2026-08-03T10:17:26Z,9.6
2026-08-03T10:17:26.761Z,9.6
2026-08-03T10:18:02.085Z,9.5
2026-08-03T10:18:05.581Z,9.51
2026-08-03T10:18:11.985Z,9.44
2026-08-03T10:18:27.063Z,9.37
2026-08-03T10:18:42.293Z,9.28
2026-08-03T10:18:57.359Z,9.24
2026-08-03T10:19:12.555Z,9.17
2026-08-03T10:19:27.602Z,9.12
2026-08-03T10:19:42.601Z,9.05
2026-08-03T10:19:57.712Z,8.98
2026-08-03T10:20:13.612Z,8.89
2026-08-03T10:20:27.9Z,8.81
2026-08-03T10:20:42.977Z,8.7
2026-08-03T10:20:58.073Z,8.7
2026-08-03T10:21:13.146Z,8.55
2026-08-03T10:21:28.288Z,8.5
2026-08-03T10:21:43.311Z,8.4
2026-08-03T10:21:58.443Z,8.26
2026-08-03T10:22:13.467Z,8.24
2026-08-03T10:22:28Z,8.18
2026-08-03T10:22:28.556Z,8.18
2026-08-03T10:22:44.564Z,8.07
2026-08-03T10:22:58.771Z,8.0
2026-08-03T10:23:13.795Z,8.0
2026-08-03T10:23:28.882Z,7.88
2026-08-03T10:23:43.963Z,7.88
2026-08-03T10:23:59.025Z,7.8
2026-08-03T10:24:14.152Z,7.8
2026-08-03T10:24:30.147Z,7.71
2026-08-03T10:24:44.353Z,7.71
2026-08-03T10:24:59.366Z,7.64
2026-08-03T10:25:14.442Z,7.63
2026-08-03T10:25:29.565Z,7.53
2026-08-03T10:25:45.576Z,7.53
2026-08-03T10:25:59.677Z,7.42
2026-08-03T10:26:14.759Z,7.38
2026-08-03T10:26:29.841Z,7.35
2026-08-03T10:26:44.924Z,7.37
2026-08-03T10:26:59.991Z,7.31
2026-08-03T10:27:16.011Z,7.26
2026-08-03T10:27:29Z,7.26
2026-08-03T10:27:30.147Z,7.26
2026-08-03T10:27:45.219Z,7.24
2026-08-03T10:28:00.389Z,7.26
2026-08-03T10:28:15.491Z,7.23
2026-08-03T10:28:30.499Z,7.17
2026-08-03T10:28:45.599Z,7.16
2026-08-03T10:29:02.663Z,7.1
2026-08-03T10:29:16.525Z,7.1
2026-08-03T10:29:30.861Z,7.09
2026-08-03T10:29:45.987Z,7.03
2026-08-03T10:30:10.566Z,7.04
2026-08-03T10:30:16.731Z,7.01
2026-08-03T10:30:31.15Z,7.01
2026-08-03T10:30:46.25Z,6.99
2026-08-03T10:31:03.802Z,6.95
2026-08-03T10:31:16.696Z,6.94
2026-08-03T10:31:31.635Z,6.94
2026-08-03T10:31:46.757Z,6.91
2026-08-03T10:32:02.811Z,6.88
2026-08-03T10:32:16.892Z,6.85
2026-08-03T10:32:31Z,6.85
2026-08-03T10:32:32.008Z,6.85
2026-08-03T10:33:08.402Z,6.84
2026-08-03T10:33:12.679Z,6.83
2026-08-03T10:33:17.328Z,6.82
2026-08-03T10:33:32.416Z,6.81
2026-08-03T10:33:47.456Z,6.81
2026-08-03T10:34:04.809Z,6.81
2026-08-03T10:34:17.677Z,6.81
2026-08-03T10:34:33.342Z,6.8
2026-08-03T10:34:47.794Z,6.8
2026-08-03T10:35:10.991Z,6.79
2026-08-03T10:35:17.983Z,6.78
2026-08-03T10:35:33.089Z,6.81
2026-08-03T10:35:48.166Z,6.81
2026-08-03T10:36:03.355Z,6.8
2026-08-03T10:36:18.422Z,6.8
2026-08-03T10:36:33.504Z,6.82
2026-08-03T10:36:48.587Z,6.83
2026-08-03T10:37:03.681Z,6.84
2026-08-03T10:37:18.786Z,6.87
2026-08-03T10:37:33Z,6.84
2026-08-03T10:37:33.894Z,6.84
2026-08-03T10:37:49.02Z,6.82
2026-08-03T10:38:04.051Z,6.84
2026-08-03T10:38:19.144Z,6.87
2026-08-03T10:38:34.269Z,6.87
2026-08-03T10:38:49.348Z,6.92
2026-08-03T10:39:04.473Z,6.93
2026-08-03T10:39:19.521Z,6.94
2026-08-03T10:39:34.615Z,6.95
2026-08-03T10:39:49.709Z,6.95
2026-08-03T10:40:13.201Z,6.98
2026-08-03T10:40:19.874Z,7.02
2026-08-03T10:40:36.801Z,7.09
2026-08-03T10:40:50.074Z,7.09
2026-08-03T10:41:05.176Z,7.11
2026-08-03T10:41:20.263Z,7.15
2026-08-03T10:41:35.366Z,7.19
2026-08-03T10:41:50.461Z,7.19
2026-08-03T10:42:05.538Z,7.23
2026-08-03T10:42:20.635Z,7.23
2026-08-03T10:42:35Z,7.23
2026-08-03T10:42:35.741Z,7.23
2026-08-03T10:42:50.818Z,7.25
2026-08-03T10:43:05.902Z,7.28
2026-08-03T10:43:21.694Z,7.3
2026-08-03T10:43:36.128Z,7.3
2026-08-03T10:43:51.27Z,7.31
2026-08-03T10:44:06.398Z,7.35
2026-08-03T10:44:21.372Z,7.39
2026-08-03T10:44:36.857Z,7.45
2026-08-03T10:44:51.543Z,7.45
2026-08-03T10:45:12.948Z,7.47
2026-08-03T10:45:21.733Z,7.47
2026-08-03T10:45:38.129Z,7.49
2026-08-03T10:45:51.944Z,7.49
2026-08-03T10:46:07.036Z,7.5
2026-08-03T10:46:22.134Z,7.52
2026-08-03T10:46:38.534Z,7.58
2026-08-03T10:46:52.316Z,7.6
2026-08-03T10:47:07.401Z,7.65
2026-08-03T10:47:22.822Z,7.69
2026-08-03T10:47:37Z,7.69
2026-08-03T10:47:37.582Z,7.69
2026-08-03T10:47:52.695Z,7.72
2026-08-03T10:48:07.782Z,7.81
2026-08-03T10:48:23.909Z,7.81
2026-08-03T10:48:38.011Z,7.83
2026-08-03T10:48:53.243Z,7.89
2026-08-03T10:49:08.373Z,7.91
2026-08-03T10:49:23.276Z,7.95
2026-08-03T10:49:38.897Z,7.98
2026-08-03T10:49:53.527Z,8.02
2026-08-03T10:50:11.747Z,8.04
2026-08-03T10:50:23.767Z,8.07
2026-08-03T10:50:38.885Z,8.07
2026-08-03T10:50:54.169Z,8.08
2026-08-03T10:51:09.005Z,8.11
2026-08-03T10:51:24.09Z,8.16
2026-08-03T10:51:39.275Z,8.11
2026-08-03T10:51:54.907Z,8.15
2026-08-03T10:52:09.639Z,8.18
2026-08-03T10:52:24.477Z,8.24
2026-08-03T10:52:39Z,8.3
2026-08-03T10:52:39.56Z,8.3
2026-08-03T10:52:56.958Z,8.33
2026-08-03T10:53:09.864Z,8.34
2026-08-03T10:53:24.969Z,8.36
2026-08-03T10:53:40.07Z,8.38
2026-08-03T10:53:55.168Z,8.39
2026-08-03T10:54:11.452Z,8.45
2026-08-03T10:54:25.345Z,8.45
2026-08-03T10:54:40.481Z,8.5
2026-08-03T10:54:55.515Z,8.57
2026-08-03T10:55:10.607Z,8.55
2026-08-03T10:55:25.701Z,8.55
2026-08-03T10:55:40.872Z,8.61
2026-08-03T10:55:55.942Z,8.75
2026-08-03T10:56:11.043Z,8.73
2026-08-03T10:56:26.858Z,8.78
2026-08-03T10:56:41.236Z,8.79
2026-08-03T10:56:56.324Z,8.82
2026-08-03T10:57:11.41Z,8.82
2026-08-03T10:57:26.659Z,8.88
2026-08-03T10:57:41Z,8.88
2026-08-03T10:57:41.855Z,8.88
2026-08-03T10:57:56.956Z,9.04
2026-08-03T10:58:12.085Z,9.04
2026-08-03T10:58:27.15Z,9.08
2026-08-03T10:58:42.975Z,9.1
2026-08-03T10:58:57.33Z,9.1
2026-08-03T10:59:12.405Z,9.18
2026-08-03T10:59:27.514Z,9.19
2026-08-03T10:59:42.698Z,9.2
2026-08-03T10:59:57.795Z,9.23
2026-08-03T11:00:12.888Z,9.26
2026-08-03T11:00:28.018Z,9.26
2026-08-03T11:00:43.07Z,9.3
2026-08-03T11:00:58.176Z,9.33
2026-08-03T11:01:13.277Z,9.36
2026-08-03T11:01:28.357Z,9.39
2026-08-03T11:01:43.525Z,9.47
2026-08-03T11:01:58.543Z,9.47
2026-08-03T11:02:13.634Z,9.52
2026-08-03T11:02:28.726Z,9.51
2026-08-03T11:02:43Z,9.55
2026-08-03T11:02:43.852Z,9.55
2026-08-03T11:03:00.225Z,9.6
2026-08-03T11:03:14.315Z,9.68
2026-08-03T11:03:29.261Z,9.72
2026-08-03T11:03:44.456Z,9.87
2026-08-03T11:03:59.751Z,9.87
2026-08-03T11:04:15.008Z,10.02
2026-08-03T11:04:29.628Z,10.08
2026-08-03T11:04:44.725Z,10.16
2026-08-03T11:05:00.342Z,10.16
2026-08-03T11:05:15.058Z,10.18
2026-08-03T11:05:29.985Z,10.18
2026-08-03T11:05:45.085Z,10.13
2026-08-03T11:06:00.154Z,10.09
2026-08-03T11:06:15.266Z,10.13
2026-08-03T11:06:30.383Z,10.13
2026-08-03T11:06:45.494Z,10.1
2026-08-03T11:07:02.598Z,10.06
2026-08-03T11:07:15.668Z,10.03
2026-08-03T11:07:30.755Z,9.94
2026-08-03T11:07:45Z,9.94
2026-08-03T11:07:45.859Z,9.94
2026-08-03T11:08:21.442Z,9.84
2026-08-03T11:08:25.825Z,9.8
2026-08-03T11:08:31.212Z,9.68
2026-08-03T11:08:46.314Z,9.57
2026-08-03T11:09:02.547Z,9.5
2026-08-03T11:09:16.549Z,9.4
2026-08-03T11:09:31.644Z,9.25
2026-08-03T11:09:46.729Z,9.16
2026-08-03T11:10:10.127Z,9.09
2026-08-03T11:10:16.921Z,9.08
2026-08-03T11:10:32.205Z,9.01
2026-08-03T11:10:47.224Z,8.88
2026-08-03T11:11:02.962Z,8.88
2026-08-03T11:11:17.365Z,8.74
2026-08-03T11:11:32.435Z,8.74
2026-08-03T11:11:47.558Z,8.64
2026-08-03T11:12:02.745Z,8.63
2026-08-03T11:12:17.76Z,8.53
2026-08-03T11:12:32.931Z,8.51
2026-08-03T11:12:47Z,8.44
2026-08-03T11:12:48.021Z,8.44
2026-08-03T11:13:03.107Z,8.41
2026-08-03T11:13:18.127Z,8.37
2026-08-03T11:13:33.237Z,8.32
2026-08-03T11:13:48.324Z,8.28
2026-08-03T11:14:03.431Z,8.22
2026-08-03T11:14:19.824Z,8.17
2026-08-03T11:14:33.652Z,8.17
2026-08-03T11:14:48.685Z,8.14
2026-08-03T11:15:09.334Z,8.08
2026-08-03T11:15:18.9Z,8.08
2026-08-03T11:15:34.007Z,8.03
2026-08-03T11:15:49.102Z,8.02
2026-08-03T11:16:04.143Z,7.97
2026-08-03T11:16:19.255Z,7.97
2026-08-03T11:16:34.359Z,7.94
2026-08-03T11:16:49.426Z,7.92
2026-08-03T11:17:04.558Z,7.87
2026-08-03T11:17:21.462Z,7.86
2026-08-03T11:17:34.754Z,7.86
2026-08-03T11:17:49Z,7.76
2026-08-03T11:17:49.889Z,7.76
2026-08-03T11:18:17.423Z,7.81
2026-08-03T11:18:23.134Z,7.78
2026-08-03T11:18:35.397Z,7.75
2026-08-03T11:18:50.359Z,7.71
2026-08-03T11:19:05.448Z,7.74
2026-08-03T11:19:20.57Z,7.7
2026-08-03T11:19:35.639Z,7.67
2026-08-03T11:19:50.768Z,7.66
2026-08-03T11:20:11.456Z,7.65
2026-08-03T11:20:20.99Z,7.6
2026-08-03T11:20:36.124Z,7.61
2026-08-03T11:20:51.308Z,7.65
2026-08-03T11:21:06.325Z,7.65
2026-08-03T11:21:21.489Z,7.6
2026-08-03T11:21:38.813Z,7.63
2026-08-03T11:21:51.701Z,7.63
2026-08-03T11:22:06.788Z,7.65
2026-08-03T11:22:21.849Z,7.63
2026-08-03T11:22:36.896Z,7.63
2026-08-03T11:22:51Z,7.63
2026-08-03T11:22:52.032Z,7.63
2026-08-03T11:23:16.537Z,7.64
2026-08-03T11:23:22.206Z,7.64
2026-08-03T11:23:37.272Z,7.66
2026-08-03T11:23:52.637Z,7.64
2026-08-03T11:24:07.451Z,7.64
2026-08-03T11:24:22.552Z,7.68
2026-08-03T11:24:37.698Z,7.77
2026-08-03T11:24:52.745Z,7.77
2026-08-03T11:25:09.251Z,7.79
2026-08-03T11:25:22.938Z,7.85
2026-08-03T11:25:38.035Z,7.86
2026-08-03T11:25:53.114Z,7.88
2026-08-03T11:26:08.213Z,7.86
2026-08-03T11:26:23.31Z,7.87
2026-08-03T11:26:38.414Z,7.88
2026-08-03T11:26:53.511Z,7.91
2026-08-03T11:27:09.094Z,7.92
2026-08-03T11:27:23.72Z,7.93
2026-08-03T11:27:38.801Z,7.96
2026-08-03T11:27:53Z,7.99
2026-08-03T11:27:53.898Z,7.99
2026-08-03T11:28:09.45Z,8.03
2026-08-03T11:28:24.368Z,8.06
2026-08-03T11:28:39.287Z,8.1
2026-08-03T11:28:54.398Z,8.11
2026-08-03T11:29:09.49Z,8.08
2026-08-03T11:29:24.575Z,8.12
2026-08-03T11:29:39.969Z,8.16
2026-08-03T11:29:54.753Z,8.16
2026-08-03T11:30:12.518Z,8.19
2026-08-03T11:30:24.958Z,8.24
2026-08-03T11:30:41.748Z,8.23
2026-08-03T11:30:55.306Z,8.26
2026-08-03T11:31:10.386Z,8.29
2026-08-03T11:31:25.468Z,8.29
2026-08-03T11:31:40.602Z,8.25
2026-08-03T11:31:55.958Z,8.3
2026-08-03T11:32:10.793Z,8.32
2026-08-03T11:32:25.924Z,8.34
2026-08-03T11:32:40.952Z,8.39
2026-08-03T11:32:55Z,8.41
2026-08-03T11:32:56.071Z,8.41
2026-08-03T11:33:11.423Z,8.38
2026-08-03T11:33:26.288Z,8.38
2026-08-03T11:33:41.368Z,8.42
2026-08-03T11:33:56.706Z,8.47
2026-08-03T11:34:12.812Z,8.49
2026-08-03T11:34:26.67Z,8.49
2026-08-03T11:34:41.756Z,8.53
2026-08-03T11:34:57.892Z,8.62
2026-08-03T11:35:12.326Z,8.62
2026-08-03T11:35:27.078Z,8.62
2026-08-03T11:35:42.275Z,8.79
2026-08-03T11:35:57.229Z,8.82
2026-08-03T11:36:12.385Z,8.82
2026-08-03T11:36:27.45Z,8.85
2026-08-03T11:36:42.51Z,8.87
2026-08-03T11:36:57.621Z,8.89
2026-08-03T11:37:12.75Z,8.89
2026-08-03T11:37:27.838Z,9.01
2026-08-03T11:37:42.917Z,9.02
2026-08-03T11:37:57Z,9.06
2026-08-03T11:37:58.489Z,9.06
2026-08-03T11:38:13.103Z,9.09
2026-08-03T11:38:28.194Z,9.15
2026-08-03T11:38:43.269Z,9.15
2026-08-03T11:38:58.397Z,9.19
2026-08-03T11:39:13.545Z,9.21
2026-08-03T11:39:28.75Z,9.24
2026-08-03T11:39:43.87Z,9.26
2026-08-03T11:39:59.152Z,9.28
2026-08-03T11:40:14.029Z,9.28
2026-08-03T11:40:29.138Z,9.35
2026-08-03T11:40:44.213Z,9.39
2026-08-03T11:40:59.337Z,9.45
2026-08-03T11:41:14.432Z,9.5
2026-08-03T11:41:29.539Z,9.5
2026-08-03T11:41:44.589Z,9.53
2026-08-03T11:41:59.701Z,9.56
2026-08-03T11:42:14.795Z,9.61
2026-08-03T11:42:29.89Z,9.61
2026-08-03T11:42:44.996Z,9.62
2026-08-03T11:42:59Z,9.66
2026-08-03T11:43:00.106Z,9.66
2026-08-03T11:43:15.428Z,9.68
2026-08-03T11:43:30.769Z,9.75
2026-08-03T11:43:46.086Z,9.79
2026-08-03T11:44:00.472Z,9.78
2026-08-03T11:44:15.576Z,9.98
2026-08-03T11:44:30.673Z,9.98
2026-08-03T11:44:45.816Z,10.17
2026-08-03T11:45:10.359Z,10.25
2026-08-03T11:45:16.092Z,10.27
2026-08-03T11:45:31.138Z,10.32
2026-08-03T11:45:46.247Z,10.32
2026-08-03T11:46:03.172Z,10.42
2026-08-03T11:46:16.949Z,10.45
2026-08-03T11:46:31.509Z,10.46
2026-08-03T11:46:46.599Z,10.46
2026-08-03T11:47:02.723Z,10.46
2026-08-03T11:47:16.795Z,10.46
2026-08-03T11:47:32.016Z,10.44
2026-08-03T11:47:47.314Z,10.39
2026-08-03T11:48:01Z,10.4
2026-08-03T11:48:02.504Z,10.4
2026-08-03T11:48:39.631Z,10.4
2026-08-03T11:48:43.407Z,10.38
2026-08-03T11:48:47.911Z,10.4
2026-08-03T11:49:02.748Z,10.4
2026-08-03T11:49:17.657Z,10.37
2026-08-03T11:49:32.787Z,10.33
2026-08-03T11:49:47.916Z,10.33
2026-08-03T11:50:11.188Z,10.27
2026-08-03T11:50:18.087Z,10.25
2026-08-03T11:50:33.222Z,10.2
2026-08-03T11:50:48.344Z,10.19
2026-08-03T11:51:04.055Z,10.14
2026-08-03T11:51:18.503Z,10.09
2026-08-03T11:51:33.621Z,10.09
2026-08-03T11:51:48.7Z,9.99
2026-08-03T11:52:03.787Z,9.95
2026-08-03T11:52:19.381Z,9.85
2026-08-03T11:52:34.094Z,9.85
2026-08-03T11:52:49.191Z,9.74
2026-08-03T11:53:03Z,9.68
2026-08-03T11:53:04.289Z,9.68
2026-08-03T11:53:19.417Z,9.65
2026-08-03T11:53:34.494Z,9.65
2026-08-03T11:53:49.539Z,9.54
2026-08-03T11:54:04.636Z,9.49
2026-08-03T11:54:19.792Z,9.44
2026-08-03T11:54:35.089Z,9.39
2026-08-03T11:54:49.944Z,9.38
2026-08-03T11:55:12.714Z,9.28
2026-08-03T11:55:20.159Z,9.28
2026-08-03T11:55:35.881Z,9.16
2026-08-03T11:55:50.336Z,9.13
2026-08-03T11:56:05.424Z,9.13
2026-08-03T11:56:20.513Z,9.08
2026-08-03T11:56:35.607Z,9.06
2026-08-03T11:56:51.566Z,9.01
2026-08-03T11:57:05.794Z,8.95
2026-08-03T11:57:21.258Z,8.92
2026-08-03T11:57:35.98Z,8.89
2026-08-03T11:57:51.137Z,8.89
2026-08-03T11:58:05Z,8.86
2026-08-03T11:58:06.289Z,8.86
2026-08-03T11:58:33.081Z,8.83
2026-08-03T11:58:38.569Z,8.81
2026-08-03T11:58:51.628Z,8.78
2026-08-03T11:59:06.735Z,8.79
2026-08-03T11:59:21.807Z,8.74
2026-08-03T11:59:36.903Z,8.72
2026-08-03T11:59:52.305Z,8.7
2026-08-03T12:00:11.83Z,8.7
2026-08-03T12:00:22.313Z,8.64
2026-08-03T12:00:37.466Z,8.61
2026-08-03T12:00:52.486Z,8.62
2026-08-03T12:01:07.577Z,8.6
2026-08-03T12:01:22.679Z,8.58
2026-08-03T12:01:37.785Z,8.56
2026-08-03T12:01:52.872Z,8.54
2026-08-03T12:02:07.974Z,8.53
2026-08-03T12:02:23.286Z,8.53
2026-08-03T12:02:38.259Z,8.51
2026-08-03T12:02:53.378Z,8.49
2026-08-03T12:03:08Z,8.5
2026-08-03T12:03:08.543Z,8.5
2026-08-03T12:03:35.67Z,8.5
2026-08-03T12:03:38.863Z,8.5
2026-08-03T12:03:53.843Z,8.51
2026-08-03T12:04:08.921Z,8.51
2026-08-03T12:04:24.084Z,8.51
2026-08-03T12:04:39.154Z,8.51
2026-08-03T12:04:54.301Z,8.52
2026-08-03T12:05:11.983Z,8.55
2026-08-03T12:05:24.454Z,8.54
2026-08-03T12:05:39.59Z,8.54
2026-08-03T12:05:54.672Z,8.51
2026-08-03T12:06:09.779Z,8.53
2026-08-03T12:06:24.878Z,8.56
2026-08-03T12:06:41.219Z,8.58
2026-08-03T12:06:55.143Z,8.58
2026-08-03T12:07:10.322Z,8.61
2026-08-03T12:07:25.421Z,8.59
2026-08-03T12:07:40.497Z,8.61
2026-08-03T12:07:55.582Z,8.61
2026-08-03T12:08:10Z,8.63
2026-08-03T12:08:10.749Z,8.63
2026-08-03T12:08:26.618Z,8.63
2026-08-03T12:08:40.876Z,8.66
2026-08-03T12:08:55.977Z,8.66
2026-08-03T12:09:11.079Z,8.69
2026-08-03T12:09:26.179Z,8.77
2026-08-03T12:09:41.273Z,8.76
2026-08-03T12:09:56.427Z,8.76
2026-08-03T12:10:13.16Z,8.8
2026-08-03T12:10:26.568Z,8.81
2026-08-03T12:10:41.679Z,8.81
2026-08-03T12:10:56.821Z,8.81
2026-08-03T12:11:11.877Z,8.86
2026-08-03T12:11:26.976Z,8.88
2026-08-03T12:11:42.705Z,8.9
2026-08-03T12:11:57.164Z,8.94
2026-08-03T12:12:12.278Z,8.95
2026-08-03T12:12:27.364Z,8.97
2026-08-03T12:12:42.456Z,8.99
2026-08-03T12:12:57.545Z,8.99
2026-08-03T12:13:12Z,9.02
2026-08-03T12:13:12.661Z,9.02
2026-08-03T12:13:27.765Z,9.03
2026-08-03T12:13:42.855Z,9.04
2026-08-03T12:14:00.62Z,9.06
2026-08-03T12:14:13.161Z,9.06
2026-08-03T12:14:28.271Z,9.13
2026-08-03T12:14:43.417Z,9.13
2026-08-03T12:14:58.727Z,9.18
2026-08-03T12:15:13.776Z,9.22
2026-08-03T12:15:28.848Z,9.22
2026-08-03T12:15:44.064Z,9.26
2026-08-03T12:15:59.212Z,9.3
2026-08-03T12:16:14.254Z,9.31
2026-08-03T12:16:29.281Z,9.32
2026-08-03T12:16:44.38Z,9.31
2026-08-03T12:16:59.559Z,9.33
2026-08-03T12:17:14.597Z,9.32
2026-08-03T12:17:29.726Z,9.34
2026-08-03T12:17:44.784Z,9.34
2026-08-03T12:17:59.884Z,9.39
2026-08-03T12:18:14Z,9.36
2026-08-03T12:18:14.994Z,9.36
2026-08-03T12:18:30.108Z,9.32
2026-08-03T12:18:45.359Z,9.36
2026-08-03T12:19:00.26Z,9.43
2026-08-03T12:19:15.68Z,9.48
2026-08-03T12:19:30.499Z,9.48
2026-08-03T12:19:45.668Z,9.55
2026-08-03T12:20:02.91Z,9.55
2026-08-03T12:20:15.831Z,9.6
2026-08-03T12:20:30.95Z,9.61
2026-08-03T12:20:46.039Z,9.63
2026-08-03T12:21:02.677Z,9.67
2026-08-03T12:21:17.575Z,9.67
2026-08-03T12:21:32.071Z,9.69
2026-08-03T12:21:46.683Z,9.69
2026-08-03T12:22:02.453Z,9.69
2026-08-03T12:22:16.892Z,9.74
2026-08-03T12:22:32.082Z,9.74
2026-08-03T12:22:47.744Z,9.8
2026-08-03T12:23:02.715Z,9.79
2026-08-03T12:23:16Z,9.83
2026-08-03T12:23:17.269Z,9.83
2026-08-03T12:23:32.441Z,9.84
2026-08-03T12:23:48.307Z,9.87
2026-08-03T12:24:02.585Z,9.87
2026-08-03T12:24:17.646Z,9.89
2026-08-03T12:24:32.746Z,9.89
2026-08-03T12:24:47.869Z,9.96
2026-08-03T12:25:09.275Z,9.96
2026-08-03T12:25:18.103Z,10.0
2026-08-03T12:25:33.221Z,9.99
2026-08-03T12:25:48.285Z,10.04
2026-08-03T12:26:03.411Z,10.05
2026-08-03T12:26:18.444Z,10.05
2026-08-03T12:26:34.534Z,10.09
2026-08-03T12:26:48.638Z,10.09
2026-08-03T12:27:03.745Z,10.12
2026-08-03T12:27:18.862Z,10.15
2026-08-03T12:27:34.176Z,10.18
2026-08-03T12:27:49.496Z,10.18
2026-08-03T12:28:04.196Z,10.2
2026-08-03T12:28:18Z,10.19
2026-08-03T12:28:19.363Z,10.19
2026-08-03T12:28:35.791Z,10.24
2026-08-03T12:28:49.484Z,10.24
2026-08-03T12:29:04.651Z,10.27
2026-08-03T12:29:20.024Z,10.3
2026-08-03T12:29:35.111Z,10.33
2026-08-03T12:29:50.16Z,10.37
2026-08-03T12:30:13.983Z,10.38
2026-08-03T12:30:20.262Z,10.38
2026-08-03T12:30:35.303Z,10.34
2026-08-03T12:30:50.401Z,10.52
2026-08-03T12:31:05.498Z,10.64
2026-08-03T12:31:22.642Z,10.64
2026-08-03T12:31:35.685Z,10.64
2026-08-03T12:31:50.785Z,10.71
2026-08-03T12:32:05.894Z,10.88
2026-08-03T12:32:21.038Z,10.88
2026-08-03T12:32:36.236Z,10.92
2026-08-03T12:32:51.374Z,10.94
2026-08-03T12:33:06.424Z,10.87
2026-08-03T12:33:21Z,10.8
2026-08-03T12:33:21.645Z,10.8
2026-08-03T12:34:00.549Z,10.8
2026-08-03T12:34:04.667Z,10.77
2026-08-03T12:34:08.054Z,10.73
2026-08-03T12:34:22.156Z,10.69
2026-08-03T12:34:37.263Z,10.62
2026-08-03T12:34:52.376Z,10.62
2026-08-03T12:35:11.628Z,10.57
2026-08-03T12:35:22.595Z,10.52
2026-08-03T12:35:37.708Z,10.48
2026-08-03T12:35:52.865Z,10.46
2026-08-03T12:36:08.007Z,10.37
2026-08-03T12:36:23.105Z,10.33
2026-08-03T12:36:38.236Z,10.28
2026-08-03T12:36:53.332Z,10.28
2026-08-03T12:37:08.394Z,10.18
2026-08-03T12:37:23.504Z,10.1
2026-08-03T12:37:38.604Z,10.05
2026-08-03T12:37:53.727Z,10.0
2026-08-03T12:38:08.845Z,9.96
2026-08-03T12:38:23Z,9.93
2026-08-03T12:38:23.94Z,9.93
2026-08-03T12:38:40.882Z,9.88
2026-08-03T12:38:54.327Z,9.84
2026-08-03T12:39:09.396Z,9.79
2026-08-03T12:39:24.462Z,9.77
2026-08-03T12:39:39.56Z,9.69
2026-08-03T12:39:55.164Z,9.6
2026-08-03T12:40:09.864Z,9.61
2026-08-03T12:40:25.825Z,9.49
2026-08-03T12:40:40.036Z,9.49
2026-08-03T12:40:55.52Z,9.43
2026-08-03T12:41:10.219Z,9.38
2026-08-03T12:41:25.306Z,9.3
2026-08-03T12:41:40.423Z,9.3
2026-08-03T12:41:56.95Z,9.23
2026-08-03T12:42:10.764Z,9.23
2026-08-03T12:42:25.892Z,9.2
2026-08-03T12:42:41.018Z,9.19
2026-08-03T12:42:56.627Z,9.15
2026-08-03T12:43:11.124Z,9.15
2026-08-03T12:43:25Z,9.14
2026-08-03T12:43:26.222Z,9.14
2026-08-03T12:43:41.313Z,9.14
2026-08-03T12:43:56.43Z,9.1
2026-08-03T12:44:11.532Z,9.06
2026-08-03T12:44:26.75Z,9.07
2026-08-03T12:44:41.739Z,9.0
2026-08-03T12:44:56.818Z,8.93
2026-08-03T12:45:11.99Z,8.94
2026-08-03T12:45:27.059Z,8.9
2026-08-03T12:45:42.224Z,8.88
2026-08-03T12:45:57.248Z,8.86
2026-08-03T12:46:12.465Z,8.85
2026-08-03T12:46:27.448Z,8.85
2026-08-03T12:46:42.55Z,8.79
2026-08-03T12:46:58.614Z,8.77
2026-08-03T12:47:12.786Z,8.73
2026-08-03T12:47:28.184Z,8.7
2026-08-03T12:47:43.034Z,8.7
2026-08-03T12:47:58.132Z,8.65
2026-08-03T12:48:14.216Z,8.64
2026-08-03T12:48:27Z,8.64
2026-08-03T12:48:28.323Z,8.64
2026-08-03T12:48:58.409Z,8.62
2026-08-03T12:49:04.534Z,8.59
2026-08-03T12:49:13.672Z,8.56
2026-08-03T12:49:29.097Z,8.53
2026-08-03T12:49:43.799Z,8.51
2026-08-03T12:49:58.938Z,8.51
2026-08-03T12:50:14.406Z,8.49
2026-08-03T12:50:29.11Z,8.44
2026-08-03T12:50:44.184Z,8.42
2026-08-03T12:50:59.845Z,8.37
2026-08-03T12:51:14.488Z,8.32
2026-08-03T12:51:29.589Z,8.31
2026-08-03T12:51:45.229Z,8.29
2026-08-03T12:51:59.825Z,8.29
2026-08-03T12:52:14.927Z,8.27
2026-08-03T12:52:30.02Z,8.19
2026-08-03T12:52:46.559Z,8.17
2026-08-03T12:53:00.194Z,8.15
2026-08-03T12:53:15.297Z,8.12
2026-08-03T12:53:29Z,8.15
2026-08-03T12:53:30.389Z,8.15
2026-08-03T12:53:54.048Z,8.15
2026-08-03T12:54:00.598Z,8.16
2026-08-03T12:54:15.677Z,8.15
2026-08-03T12:54:31.209Z,8.13
2026-08-03T12:54:46.903Z,8.12
2026-08-03T12:55:10.615Z,8.13
2026-08-03T12:55:16.259Z,8.12
2026-08-03T12:55:31.97Z,8.13
2026-08-03T12:55:46.701Z,8.13
2026-08-03T12:56:03.362Z,8.15
2026-08-03T12:56:16.672Z,8.14
2026-08-03T12:56:31.77Z,8.15
2026-08-03T12:56:47.897Z,8.14
2026-08-03T12:57:02.502Z,8.15
2026-08-03T12:57:17.177Z,8.15
2026-08-03T12:57:32.309Z,8.15
2026-08-03T12:57:47.798Z,8.14
2026-08-03T12:58:02.964Z,8.15
2026-08-03T12:58:17.612Z,8.14
2026-08-03T12:58:32Z,8.14
2026-08-03T12:58:32.729Z,8.14
2026-08-03T12:58:47.766Z,8.15
2026-08-03T12:59:02.911Z,8.13
2026-08-03T12:59:17.976Z,8.15
2026-08-03T12:59:33.071Z,8.14
2026-08-03T12:59:48.176Z,8.15
2026-08-03T13:00:12.966Z,8.15
2026-08-03T13:00:18.418Z,8.15
2026-08-03T13:00:33.53Z,8.16
2026-08-03T13:00:48.68Z,8.15
2026-08-03T13:01:04.644Z,8.16
2026-08-03T13:01:18.825Z,8.16
2026-08-03T13:01:34.087Z,8.16
2026-08-03T13:01:49.029Z,8.16
2026-08-03T13:02:04.191Z,8.16
2026-08-03T13:02:19.24Z,8.16
2026-08-03T13:02:34.403Z,8.16
2026-08-03T13:02:49.612Z,8.15
2026-08-03T13:03:04.592Z,8.13
2026-08-03T13:03:19.675Z,8.13
2026-08-03T13:03:34Z,8.13
2026-08-03T13:03:35.017Z,8.13
2026-08-03T13:03:51.368Z,8.12
2026-08-03T13:04:04.986Z,8.12
2026-08-03T13:04:20.103Z,8.12
2026-08-03T13:04:35.488Z,8.09
2026-08-03T13:04:50.277Z,8.08
2026-08-03T13:05:11.922Z,8.15
2026-08-03T13:05:20.457Z,8.18
2026-08-03T13:05:35.912Z,8.17
2026-08-03T13:05:50.709Z,8.17
2026-08-03T13:06:07.088Z,8.17
2026-08-03T13:06:20.842Z,8.2
2026-08-03T13:06:36.121Z,8.2
2026-08-03T13:06:51.055Z,8.2
2026-08-03T13:07:06.195Z,8.2
2026-08-03T13:07:21.287Z,8.19
2026-08-03T13:07:38.154Z,8.19
2026-08-03T13:07:51.648Z,8.18
2026-08-03T13:08:06.568Z,8.18
2026-08-03T13:08:21.655Z,8.18
2026-08-03T13:08:36Z,8.2
2026-08-03T13:08:36.757Z,8.2
2026-08-03T13:08:52.354Z,8.18
2026-08-03T13:09:06.997Z,8.19
2026-08-03T13:09:22.085Z,8.19
2026-08-03T13:09:37.212Z,8.21
2026-08-03T13:09:52.307Z,8.23
2026-08-03T13:10:12.929Z,8.24
2026-08-03T13:10:22.509Z,8.24
2026-08-03T13:10:37.602Z,8.23
2026-08-03T13:10:52.79Z,8.27
2026-08-03T13:11:07.863Z,8.3
2026-08-03T13:11:23.171Z,8.29
2026-08-03T13:11:38.083Z,8.29
2026-08-03T13:11:53.176Z,8.32
2026-08-03T13:12:08.286Z,8.33
2026-08-03T13:12:23.362Z,8.34
2026-08-03T13:12:38.454Z,8.37
2026-08-03T13:12:53.536Z,8.38
2026-08-03T13:13:08.686Z,8.37
2026-08-03T13:13:23.845Z,8.35
2026-08-03T13:13:38Z,8.36
2026-08-03T13:13:38.85Z,8.36
2026-08-03T13:13:54.014Z,8.33
2026-08-03T13:14:09.101Z,8.35
2026-08-03T13:14:24.204Z,8.35
2026-08-03T13:14:39.308Z,8.36
2026-08-03T13:14:54.421Z,8.35
2026-08-03T13:15:10.769Z,8.37
2026-08-03T13:15:24.72Z,8.36
2026-08-03T13:15:39.739Z,8.38
2026-08-03T13:15:54.886Z,8.38
2026-08-03T13:16:09.953Z,8.38
2026-08-03T13:16:26.106Z,8.37
2026-08-03T13:16:40.31Z,8.37
2026-08-03T13:16:55.415Z,8.37
2026-08-03T13:17:10.502Z,8.35
2026-08-03T13:17:25.585Z,8.29
2026-08-03T13:17:40.712Z,8.29
2026-08-03T13:17:55.811Z,8.29
2026-08-03T13:18:10.896Z,8.31
2026-08-03T13:18:25.999Z,8.34
2026-08-03T13:18:40Z,8.36
2026-08-03T13:18:42.136Z,8.36
2026-08-03T13:18:56.174Z,8.36
2026-08-03T13:19:11.341Z,8.38
2026-08-03T13:19:26.405Z,8.37
2026-08-03T13:19:41.477Z,8.36
2026-08-03T13:19:56.582Z,8.37
2026-08-03T13:20:13.622Z,8.42
2026-08-03T13:20:26.765Z,8.4
2026-08-03T13:20:41.966Z,8.38
2026-08-03T13:20:57.027Z,8.42
2026-08-03T13:21:12.119Z,8.44
2026-08-03T13:21:27.573Z,8.43
2026-08-03T13:21:44.012Z,8.43
2026-08-03T13:21:57.471Z,8.44
2026-08-03T13:22:12.537Z,8.42
2026-08-03T13:22:27.628Z,8.37
2026-08-03T13:22:42.765Z,8.36
2026-08-03T13:22:57.848Z,8.38
2026-08-03T13:23:12.976Z,8.4
2026-08-03T13:23:28.046Z,8.41
2026-08-03T13:23:42Z,8.41
2026-08-03T13:23:43.825Z,8.41
2026-08-03T13:23:58.221Z,8.47
2026-08-03T13:24:13.531Z,8.49
2026-08-03T13:24:28.585Z,8.5
2026-08-03T13:24:43.713Z,8.52
2026-08-03T13:24:58.706Z,8.54
2026-08-03T13:25:13.776Z,8.55
2026-08-03T13:25:28.908Z,8.55
2026-08-03T13:25:43.994Z,8.6
2026-08-03T13:26:00.215Z,8.6
2026-08-03T13:26:14.433Z,8.6
2026-08-03T13:26:29.435Z,8.61
2026-08-03T13:26:44.536Z,8.63
2026-08-03T13:26:59.622Z,8.63
2026-08-03T13:27:15.298Z,8.59
2026-08-03T13:27:29.825Z,8.59
2026-08-03T13:27:44.915Z,8.56
2026-08-03T13:28:00.023Z,8.56
2026-08-03T13:28:15.097Z,8.55
2026-08-03T13:28:30.179Z,8.55
2026-08-03T13:28:44Z,8.52
2026-08-03T13:28:45.283Z,8.52
2026-08-03T13:29:00.405Z,8.52
2026-08-03T13:29:15.496Z,8.51
2026-08-03T13:29:31.328Z,8.48
2026-08-03T13:29:45.693Z,8.45
2026-08-03T13:30:11.578Z,8.42
2026-08-03T13:30:15.918Z,8.42
2026-08-03T13:30:31.093Z,8.45
2026-08-03T13:30:46.198Z,8.47
2026-08-03T13:31:02.849Z,8.54
2026-08-03T13:31:17.044Z,8.47
2026-08-03T13:31:31.531Z,8.45
2026-08-03T13:31:46.639Z,8.43
2026-08-03T13:32:02.583Z,8.38
2026-08-03T13:32:16.901Z,8.36
2026-08-03T13:32:31.901Z,8.33
2026-08-03T13:32:47.046Z,8.33
2026-08-03T13:33:04.565Z,8.35
2026-08-03T13:33:17.226Z,8.37
2026-08-03T13:33:32.339Z,8.37
2026-08-03T13:33:47Z,8.38
2026-08-03T13:33:47.403Z,8.38
2026-08-03T13:34:02.653Z,8.35
2026-08-03T13:34:17.604Z,8.34
2026-08-03T13:34:32.671Z,8.34
2026-08-03T13:34:47.763Z,8.26
2026-08-03T13:35:08.949Z,8.25
2026-08-03T13:35:17.99Z,8.25
2026-08-03T13:35:33.119Z,8.22
2026-08-03T13:35:48.206Z,8.2
2026-08-03T13:36:03.324Z,8.17
2026-08-03T13:36:18.383Z,8.11
2026-08-03T13:36:33.46Z,8.09
2026-08-03T13:36:48.608Z,8.1
2026-08-03T13:37:03.698Z,8.1
2026-08-03T13:37:18.799Z,8.09
2026-08-03T13:37:33.917Z,8.09
2026-08-03T13:37:48.991Z,8.09
2026-08-03T13:38:04.187Z,8.09
2026-08-03T13:38:19.272Z,8.09
2026-08-03T13:38:34.376Z,8.06
2026-08-03T13:38:49Z,8.04
2026-08-03T13:38:49.53Z,8.04
2026-08-03T13:39:05.296Z,8.06
2026-08-03T13:39:19.727Z,8.06
2026-08-03T13:39:34.724Z,8.01
2026-08-03T13:39:49.82Z,8.01
2026-08-03T13:40:11.128Z,7.98
2026-08-03T13:40:20.038Z,7.98
2026-08-03T13:40:35.113Z,7.91
2026-08-03T13:40:50.215Z,7.91
2026-08-03T13:41:05.297Z,7.86
2026-08-03T13:41:21.1Z,7.87
2026-08-03T13:41:35.487Z,7.78
2026-08-03T13:41:50.584Z,7.78
2026-08-03T13:42:05.682Z,7.78
2026-08-03T13:42:20.77Z,7.79
2026-08-03T13:42:36.865Z,7.79
2026-08-03T13:42:50.996Z,7.79
2026-08-03T13:43:06.085Z,7.78
2026-08-03T13:43:23.075Z,7.78
2026-08-03T13:43:36.315Z,7.75
2026-08-03T13:43:50Z,7.7
2026-08-03T13:43:51.366Z,7.7
2026-08-03T13:44:06.483Z,7.71
2026-08-03T13:44:21.523Z,7.71
2026-08-03T13:44:36.647Z,7.68
2026-08-03T13:44:51.703Z,7.69
2026-08-03T13:45:12.003Z,7.68
2026-08-03T13:45:21.91Z,7.66
2026-08-03T13:45:37.264Z,7.44
2026-08-03T13:45:52.091Z,7.47
2026-08-03T13:46:08.323Z,7.5
2026-08-03T13:46:23.07Z,7.43
2026-08-03T13:46:37.354Z,7.42
2026-08-03T13:46:53.491Z,7.41
2026-08-03T13:47:07.703Z,7.26
2026-08-03T13:47:22.867Z,7.34
2026-08-03T13:47:37.889Z,7.23
2026-08-03T13:47:53.022Z,7.23
2026-08-03T13:48:08.073Z,7.21
2026-08-03T13:48:23.205Z,7.21
2026-08-03T13:48:38.322Z,7.17
2026-08-03T13:48:53Z,7.23
2026-08-03T13:48:53.405Z,7.23
2026-08-03T13:49:08.504Z,7.17
2026-08-03T13:49:23.577Z,7.17
2026-08-03T13:49:38.671Z,7.16
2026-08-03T13:49:53.798Z,7.11
2026-08-03T13:50:12.314Z,7.09
2026-08-03T13:50:23.95Z,7.08
2026-08-03T13:50:39.049Z,7.08
2026-08-03T13:50:54.137Z,7.03
2026-08-03T13:51:10.135Z,6.97
2026-08-03T13:51:24.325Z,6.96
2026-08-03T13:51:39.621Z,6.93
2026-08-03T13:51:54.673Z,6.91
2026-08-03T13:52:09.76Z,6.91
2026-08-03T13:52:24.907Z,6.92
2026-08-03T13:52:39.949Z,6.84
2026-08-03T13:52:55.083Z,6.82
2026-08-03T13:53:10.127Z,6.84
2026-08-03T13:53:25.226Z,6.75
2026-08-03T13:53:40.457Z,6.74
2026-08-03T13:53:55Z,6.66
2026-08-03T13:53:56.695Z,6.66
2026-08-03T13:54:10.66Z,6.65
2026-08-03T13:54:25.747Z,6.6
2026-08-03T13:54:41.431Z,6.55
2026-08-03T13:54:55.942Z,6.53
2026-08-03T13:55:13.826Z,6.53
2026-08-03T13:55:26.125Z,6.53
2026-08-03T13:55:41.202Z,6.53
2026-08-03T13:55:56.335Z,6.5
2026-08-03T13:56:11.401Z,6.44
2026-08-03T13:56:26.486Z,6.44
2026-08-03T13:56:41.97Z,6.45
2026-08-03T13:56:56.69Z,6.46
2026-08-03T13:57:11.752Z,6.45
2026-08-03T13:57:26.809Z,6.46
2026-08-03T13:57:42.28Z,6.44
2026-08-03T13:57:56.971Z,6.45
2026-08-03T13:58:12.063Z,6.41
2026-08-03T13:58:27.127Z,6.4
2026-08-03T13:58:42.203Z,6.32
2026-08-03T13:58:56Z,6.33
2026-08-03T13:58:57.284Z,6.33
2026-08-03T13:59:12.386Z,6.32
2026-08-03T13:59:27.465Z,6.34
2026-08-03T13:59:42.528Z,6.32
2026-08-03T13:59:57.811Z,6.28
2026-08-03T14:00:12.704Z,6.28
2026-08-03T14:00:27.775Z,6.3
2026-08-03T14:00:42.857Z,6.3
2026-08-03T14:00:57.909Z,6.28
2026-08-03T14:01:13.54Z,6.26
2026-08-03T14:01:28.08Z,6.26
2026-08-03T14:01:43.158Z,6.24
2026-08-03T14:01:58.24Z,6.24
2026-08-03T14:02:13.653Z,6.21
2026-08-03T14:02:28.403Z,6.15
2026-08-03T14:02:43.561Z,6.12
2026-08-03T14:02:58.588Z,6.15
2026-08-03T14:03:14.088Z,6.15
2026-08-03T14:03:28.721Z,6.15
2026-08-03T14:03:43.805Z,6.15
2026-08-03T14:03:58Z,6.15
2026-08-03T14:03:58.91Z,6.15
2026-08-03T14:04:13.975Z,6.15
2026-08-03T14:04:29.05Z,6.12
2026-08-03T14:04:44.131Z,6.12
2026-08-03T14:04:59.209Z,6.1
2026-08-03T14:05:14.33Z,6.1
2026-08-03T14:05:29.357Z,6.07
2026-08-03T14:05:44.427Z,6.1
2026-08-03T14:05:59.509Z,6.11
2026-08-03T14:06:14.563Z,6.11
2026-08-03T14:06:29.662Z,6.1
2026-08-03T14:06:44.735Z,6.11
2026-08-03T14:06:59.831Z,6.1
2026-08-03T14:07:14.901Z,6.03
2026-08-03T14:07:29.979Z,6.03
2026-08-03T14:07:45.054Z,6.02
2026-08-03T14:08:00.463Z,6.03
2026-08-03T14:08:15.219Z,6.01
2026-08-03T14:08:30.304Z,6.01
2026-08-03T14:08:45.389Z,6.01
2026-08-03T14:09:00Z,6.02
2026-08-03T14:09:00.504Z,6.02
2026-08-03T14:09:17.702Z,6.05
2026-08-03T14:09:30.648Z,6.06
2026-08-03T14:09:45.769Z,6.06
2026-08-03T14:10:07.637Z,6.03
2026-08-03T14:10:15.901Z,6.06
2026-08-03T14:10:30.991Z,6.05
2026-08-03T14:10:46.1Z,6.05
2026-08-03T14:11:02.734Z,6.05
2026-08-03T14:11:16.412Z,6.04
2026-08-03T14:11:31.65Z,6.04
2026-08-03T14:11:46.422Z,6.02
2026-08-03T14:12:02.94Z,6.04
2026-08-03T14:12:16.561Z,6.05
2026-08-03T14:12:32.058Z,6.03
2026-08-03T14:12:47.063Z,6.05
2026-08-03T14:13:03.441Z,6.03
2026-08-03T14:13:16.957Z,6.05
2026-08-03T14:13:31.995Z,6.04
2026-08-03T14:13:47.479Z,6.05
2026-08-03T14:14:01Z,6.05
2026-08-03T14:14:03.365Z,6.05
2026-08-03T14:14:17.229Z,6.08
2026-08-03T14:14:32.312Z,6.09
2026-08-03T14:14:47.506Z,6.1
2026-08-03T14:15:12.016Z,6.09
2026-08-03T14:15:17.544Z,6.09
2026-08-03T14:15:32.648Z,6.1
2026-08-03T14:15:47.708Z,6.1
2026-08-03T14:16:03.752Z,6.1
2026-08-03T14:16:17.978Z,6.1
2026-08-03T14:16:33.034Z,6.1
2026-08-03T14:16:48.156Z,6.1
2026-08-03T14:17:03.211Z,6.12
2026-08-03T14:17:18.315Z,6.12
2026-08-03T14:17:33.386Z,6.13
2026-08-03T14:17:48.472Z,6.14
2026-08-03T14:18:07.376Z,6.13
2026-08-03T14:18:18.68Z,6.14
2026-08-03T14:18:33.724Z,6.14
2026-08-03T14:18:48.759Z,6.15
2026-08-03T14:19:03Z,6.14
2026-08-03T14:19:03.861Z,6.14
2026-08-03T14:19:18.935Z,6.16
2026-08-03T14:19:34.012Z,6.18
2026-08-03T14:19:49.708Z,6.18
2026-08-03T14:20:08.055Z,6.18
2026-08-03T14:20:19.236Z,6.18
2026-08-03T14:20:34.391Z,6.18
2026-08-03T14:20:49.38Z,6.18
2026-08-03T14:21:04.456Z,6.17
2026-08-03T14:21:19.544Z,6.2
2026-08-03T14:21:34.877Z,6.21
2026-08-03T14:21:49.658Z,6.21
2026-08-03T14:22:04.804Z,6.19
2026-08-03T14:22:19.83Z,6.21
2026-08-03T14:22:34.943Z,6.22
2026-08-03T14:22:49.973Z,6.22
2026-08-03T14:23:05.053Z,6.22
2026-08-03T14:23:20.134Z,6.21
2026-08-03T14:23:35.257Z,6.21
2026-08-03T14:23:50.391Z,6.23
2026-08-03T14:24:04Z,6.24
2026-08-03T14:24:05.398Z,6.24
2026-08-03T14:24:20.429Z,6.24
2026-08-03T14:24:35.554Z,6.23
2026-08-03T14:24:50.695Z,6.23
2026-08-03T14:25:13.354Z,6.2
2026-08-03T14:25:20.74Z,6.2
2026-08-03T14:25:35.874Z,6.26
2026-08-03T14:25:51.099Z,6.24
2026-08-03T14:26:06.424Z,6.24
2026-08-03T14:26:21.058Z,6.26
2026-08-03T14:26:37.068Z,6.25
2026-08-03T14:26:53.343Z,6.24
2026-08-03T14:27:06.303Z,6.24
2026-08-03T14:27:21.366Z,6.27
2026-08-03T14:27:36.458Z,6.27
2026-08-03T14:27:51.522Z,6.28
2026-08-03T14:28:06.859Z,6.28
2026-08-03T14:28:21.674Z,6.28
2026-08-03T14:28:36.79Z,6.26
2026-08-03T14:28:51.823Z,6.28
2026-08-03T14:29:06Z,6.28
2026-08-03T14:29:06.893Z,6.28
2026-08-03T14:29:21.996Z,6.3
2026-08-03T14:29:37.071Z,6.25
2026-08-03T14:29:52.123Z,6.27
2026-08-03T14:30:09.334Z,6.28
2026-08-03T14:30:22.303Z,6.28
2026-08-03T14:30:37.42Z,6.28
2026-08-03T14:30:52.478Z,6.28
2026-08-03T14:31:07.659Z,6.28
2026-08-03T14:31:22.687Z,6.27
2026-08-03T14:31:37.737Z,6.27
2026-08-03T14:31:52.789Z,6.27
2026-08-03T14:32:09.087Z,6.27
2026-08-03T14:32:22.933Z,6.27
2026-08-03T14:32:38.048Z,6.25
2026-08-03T14:32:53.109Z,6.27
2026-08-03T14:33:08.204Z,6.26
2026-08-03T14:33:23.266Z,6.29
2026-08-03T14:33:38.32Z,6.27
2026-08-03T14:33:53.437Z,6.28
2026-08-03T14:34:08Z,6.27
2026-08-03T14:34:08.716Z,6.27
2026-08-03T14:34:23.547Z,6.24
2026-08-03T14:34:38.63Z,6.28
2026-08-03T14:34:53.713Z,6.26
2026-08-03T14:35:11.639Z,6.25
2026-08-03T14:35:24.412Z,6.26
2026-08-03T14:35:38.956Z,6.26
2026-08-03T14:35:54.029Z,6.25
2026-08-03T14:36:09.212Z,6.25
2026-08-03T14:36:24.19Z,6.22
2026-08-03T14:36:39.254Z,6.22
2026-08-03T14:36:54.37Z,6.25
2026-08-03T14:37:09.416Z,6.26
2026-08-03T14:37:26.92Z,6.26
2026-08-03T14:37:39.579Z,6.26
2026-08-03T14:37:54.665Z,6.22
2026-08-03T14:38:09.749Z,6.22
2026-08-03T14:38:24.897Z,6.27
2026-08-03T14:38:40.482Z,6.26
2026-08-03T14:38:54.983Z,6.26
2026-08-03T14:39:09Z,6.23
2026-08-03T14:39:10.057Z,6.23
2026-08-03T14:39:25.183Z,6.23
2026-08-03T14:39:40.25Z,6.24
2026-08-03T14:39:57.217Z,6.22
2026-08-03T14:40:11.56Z,6.22
2026-08-03T14:40:25.479Z,6.23
2026-08-03T14:40:40.539Z,6.23
2026-08-03T14:40:56.984Z,6.17
2026-08-03T14:41:10.677Z,6.17
2026-08-03T14:41:25.759Z,6.2
2026-08-03T14:41:40.827Z,6.21
2026-08-03T14:41:55.931Z,6.2
2026-08-03T14:42:10.956Z,6.19
2026-08-03T14:42:26.053Z,6.2
2026-08-03T14:42:41.105Z,6.19
2026-08-03T14:42:56.2Z,6.17
2026-08-03T14:43:11.32Z,6.16
2026-08-03T14:43:26.383Z,6.12
2026-08-03T14:43:41.424Z,6.11
2026-08-03T14:43:56.5Z,6.11
2026-08-03T14:44:11Z,6.08
2026-08-03T14:44:11.572Z,6.08
2026-08-03T14:44:26.654Z,6.09
2026-08-03T14:44:41.723Z,6.09
2026-08-03T14:44:56.829Z,6.08
2026-08-03T14:45:12.051Z,6.07
2026-08-03T14:45:26.997Z,6.07
2026-08-03T14:45:42.06Z,6.02
2026-08-03T14:45:57.128Z,6.01
2026-08-03T14:46:12.206Z,6.02
2026-08-03T14:46:27.293Z,6.02
2026-08-03T14:46:42.399Z,5.98
2026-08-03T14:46:57.432Z,5.98
2026-08-03T14:47:12.495Z,5.97
2026-08-03T14:47:27.641Z,5.98
2026-08-03T14:47:42.688Z,5.96
2026-08-03T14:47:57.758Z,5.96
2026-08-03T14:48:12.813Z,5.92
2026-08-03T14:48:27.897Z,5.92
2026-08-03T14:48:42.978Z,5.91
2026-08-03T14:48:58.101Z,5.89
2026-08-03T14:49:12Z,5.87
2026-08-03T14:49:13.144Z,5.87
2026-08-03T14:49:28.219Z,5.83
2026-08-03T14:49:43.289Z,5.81
2026-08-03T14:49:58.523Z,5.8
2026-08-03T14:50:13.454Z,5.8
2026-08-03T14:50:28.511Z,5.78
2026-08-03T14:50:43.6Z,5.77
2026-08-03T14:50:58.679Z,5.76
2026-08-03T14:51:13.764Z,5.72
2026-08-03T14:51:28.954Z,5.7
2026-08-03T14:51:44.226Z,5.67
2026-08-03T14:51:59.124Z,5.64
2026-08-03T14:52:14.078Z,5.64
2026-08-03T14:52:29.774Z,5.63
2026-08-03T14:52:44.197Z,5.62
2026-08-03T14:52:59.291Z,5.59
2026-08-03T14:53:14.405Z,5.58
2026-08-03T14:53:29.538Z,5.59
2026-08-03T14:53:44.589Z,5.56
2026-08-03T14:53:59.665Z,5.53
2026-08-03T14:54:14Z,5.52
2026-08-03T14:54:15.46Z,5.52
2026-08-03T14:54:29.819Z,5.52
2026-08-03T14:54:44.89Z,5.52
2026-08-03T14:54:59.971Z,5.5
2026-08-03T14:55:15.075Z,5.46
2026-08-03T14:55:30.121Z,5.45
2026-08-03T14:55:45.186Z,5.45
2026-08-03T14:56:00.308Z,5.4
2026-08-03T14:56:15.397Z,5.4
2026-08-03T14:56:30.436Z,5.4
2026-08-03T14:56:45.469Z,5.38
2026-08-03T14:57:00.563Z,5.37
2026-08-03T14:57:15.629Z,5.34
2026-08-03T14:57:30.703Z,5.33
2026-08-03T14:57:45.778Z,5.33
2026-08-03T14:58:02.616Z,5.31
2026-08-03T14:58:15.933Z,5.26
2026-08-03T14:58:31.028Z,5.25
2026-08-03T14:58:46.07Z,5.25
2026-08-03T14:59:02.498Z,5.24
2026-08-03T14:59:15Z,5.2
2026-08-03T14:59:16.244Z,5.2
2026-08-03T14:59:31.452Z,5.22
2026-08-03T14:59:46.461Z,5.21
2026-08-03T15:00:11.856Z,5.19
2026-08-03T15:00:16.66Z,5.17
2026-08-03T15:00:31.746Z,5.15
2026-08-03T15:00:46.811Z,5.13
2026-08-03T15:01:02.908Z,5.11
2026-08-03T15:01:16.953Z,5.09
2026-08-03T15:01:32.043Z,5.09
2026-08-03T15:01:48.78Z,5.06
2026-08-03T15:02:02.806Z,5.06
2026-08-03T15:02:17.313Z,5.01
2026-08-03T15:02:32.42Z,5.01
2026-08-03T15:02:47.469Z,5.02
2026-08-03T15:03:04.853Z,5.02
2026-08-03T15:03:17.614Z,5.01
2026-08-03T15:03:32.653Z,5.01
2026-08-03T15:03:47.76Z,4.99
2026-08-03T15:04:02.831Z,4.98
2026-08-03T15:04:17Z,4.95
2026-08-03T15:04:17.886Z,4.95
2026-08-03T15:04:33.459Z,4.94
2026-08-03T15:04:48.027Z,4.94
2026-08-03T15:05:08.304Z,4.89
2026-08-03T15:05:18.217Z,4.9
2026-08-03T15:05:33.244Z,4.91
2026-08-03T15:05:49.24Z,4.89
2026-08-03T15:06:03.403Z,4.89
2026-08-03T15:06:18.486Z,4.89
2026-08-03T15:06:33.558Z,4.86
2026-08-03T15:06:49.37Z,4.84
2026-08-03T15:07:03.701Z,4.84
2026-08-03T15:07:18.828Z,4.82
2026-08-03T15:07:33.843Z,4.77
2026-08-03T15:07:49.112Z,4.76
2026-08-03T15:08:04.48Z,4.77
2026-08-03T15:08:19.113Z,4.77
2026-08-03T15:08:34.204Z,4.76
2026-08-03T15:08:49.355Z,4.74
2026-08-03T15:09:04.358Z,4.73
2026-08-03T15:09:19Z,4.73
2026-08-03T15:09:19.524Z,4.73
2026-08-03T15:09:34.816Z,4.69
2026-08-03T15:09:49.803Z,4.69
2026-08-03T15:10:09.291Z,4.66
2026-08-03T15:10:19.736Z,4.65
2026-08-03T15:10:34.864Z,4.6
2026-08-03T15:10:50.38Z,4.6
2026-08-03T15:11:05.157Z,4.6
2026-08-03T15:11:20.092Z,4.6
2026-08-03T15:11:35.173Z,4.59
2026-08-03T15:11:50.33Z,4.58
2026-08-03T15:12:05.306Z,4.57
2026-08-03T15:12:20.451Z,4.55
2026-08-03T15:12:35.497Z,4.53
2026-08-03T15:12:50.481Z,4.52
2026-08-03T15:13:05.538Z,4.49
2026-08-03T15:13:22.503Z,4.47
2026-08-03T15:13:35.691Z,4.45
2026-08-03T15:13:50.769Z,4.44
2026-08-03T15:14:05.844Z,4.44
2026-08-03T15:14:20Z,4.41
2026-08-03T15:14:20.901Z,4.41
2026-08-03T15:14:36.077Z,4.38
2026-08-03T15:14:51.075Z,4.38
2026-08-03T15:15:12.922Z,4.38
2026-08-03T15:15:21.22Z,4.39
2026-08-03T15:15:36.584Z,4.38
2026-08-03T15:15:51.372Z,4.38
2026-08-03T15:16:06.425Z,4.38
2026-08-03T15:16:21.508Z,4.37
2026-08-03T15:16:36.635Z,4.36
2026-08-03T15:16:51.666Z,4.34
2026-08-03T15:17:06.733Z,4.34
2026-08-03T15:17:21.793Z,4.33
2026-08-03T15:17:36.879Z,4.32
2026-08-03T15:17:52.777Z,4.29
2026-08-03T15:18:07.059Z,4.27
2026-08-03T15:18:22.112Z,4.27
2026-08-03T15:18:37.176Z,4.26
2026-08-03T15:18:52.861Z,4.24
2026-08-03T15:19:07.363Z,4.24
2026-08-03T15:19:22Z,4.22
2026-08-03T15:19:22.416Z,4.22
2026-08-03T15:19:37.481Z,4.18
2026-08-03T15:19:53.924Z,4.16
2026-08-03T15:20:12.604Z,4.14
2026-08-03T15:20:22.769Z,4.17
2026-08-03T15:20:37.845Z,4.18
2026-08-03T15:20:53.598Z,4.17
2026-08-03T15:21:08.41Z,4.15
2026-08-03T15:21:23.111Z,4.16
2026-08-03T15:21:38.146Z,4.15
2026-08-03T15:21:53.553Z,4.14
2026-08-03T15:22:08.296Z,4.14
2026-08-03T15:22:23.392Z,4.12
2026-08-03T15:22:38.458Z,4.12
2026-08-03T15:22:54.1Z,4.1
2026-08-03T15:23:08.604Z,4.1
2026-08-03T15:23:23.821Z,4.09
2026-08-03T15:23:40.256Z,4.08
2026-08-03T15:23:58.982Z,4.06
2026-08-03T15:24:14.034Z,4.04
2026-08-03T15:24:28Z,4.03
2026-08-03T15:24:29.141Z,4.03
2026-08-03T15:24:44.233Z,4.02
2026-08-03T15:24:59.335Z,4.02
2026-08-03T15:25:14.386Z,4.02
2026-08-03T15:25:29.598Z,3.99
2026-08-03T15:25:44.617Z,3.98
2026-08-03T15:26:04.691Z,3.96
2026-08-03T15:26:19.79Z,3.94
2026-08-03T15:26:34.888Z,3.94
2026-08-03T15:26:49.942Z,3.94
2026-08-03T15:27:05.606Z,3.93
2026-08-03T15:27:25.103Z,3.9
2026-08-03T15:27:40.176Z,3.91
2026-08-03T15:27:55.241Z,3.92
2026-08-03T15:28:10.357Z,3.91
2026-08-03T15:28:25.431Z,3.91
2026-08-03T15:28:40.46Z,3.9
2026-08-03T15:29:02.542Z,3.89
2026-08-03T15:29:16.269Z,3.87
2026-08-03T15:29:35Z,3.86
2026-08-03T15:29:35.687Z,3.86
2026-08-03T15:29:50.775Z,3.82
2026-08-03T15:30:09.132Z,3.84
2026-08-03T15:30:22.511Z,3.84
2026-08-03T15:30:40.992Z,3.83
2026-08-03T15:30:56.101Z,3.82
2026-08-03T15:31:11.197Z,3.81
2026-08-03T15:31:31.249Z,3.81
2026-08-03T15:31:46.335Z,3.8
2026-08-03T15:32:02.77Z,3.79
2026-08-03T15:32:22.844Z,3.77
2026-08-03T15:32:37.049Z,3.76
2026-08-03T15:32:56.729Z,3.75
2026-08-03T15:33:16.761Z,3.74
2026-08-03T15:33:36.813Z,3.71
2026-08-03T15:33:51.899Z,3.7
2026-08-03T15:34:06.973Z,3.7
2026-08-03T15:34:21Z,3.7
2026-08-03T15:34:22.059Z,3.7
2026-08-03T15:34:42.34Z,3.69
2026-08-03T15:34:58.478Z,3.68
2026-08-03T15:35:12.332Z,3.68
2026-08-03T15:35:32.396Z,3.66
2026-08-03T15:35:47.432Z,3.66
2026-08-03T15:36:02.97Z,3.65
2026-08-03T15:36:17.601Z,3.64
2026-08-03T15:36:38.075Z,3.62
2026-08-03T15:36:52.756Z,3.62
2026-08-03T15:37:07.932Z,3.6
2026-08-03T15:37:27.983Z,3.6
2026-08-03T15:37:48.043Z,3.58
2026-08-03T15:38:03.588Z,3.57
2026-08-03T15:38:18.246Z,3.56
2026-08-03T15:38:33.363Z,3.55
2026-08-03T15:38:53.38Z,3.54
2026-08-03T15:39:09.45Z,3.53
2026-08-03T15:39:28Z,3.51
2026-08-03T15:39:28.563Z,3.51
2026-08-03T15:39:48.693Z,3.49
2026-08-03T15:40:11.212Z,3.49
2026-08-03T15:40:23.807Z,3.48
2026-08-03T15:40:38.931Z,3.48
2026-08-03T15:40:53.987Z,3.47
2026-08-03T15:41:14.098Z,3.44
2026-08-03T15:41:29.129Z,3.44
2026-08-03T15:41:44.233Z,3.43
2026-08-03T15:41:59.992Z,3.42
2026-08-03T15:42:14.349Z,3.42
2026-08-03T15:42:34.452Z,3.41
2026-08-03T15:42:49.509Z,3.4
2026-08-03T15:43:09.577Z,3.39
2026-08-03T15:43:24.655Z,3.38
2026-08-03T15:43:44.738Z,3.37
2026-08-03T15:44:05.394Z,3.35
2026-08-03T15:44:24.902Z,3.35
2026-08-03T15:44:39Z,3.34
2026-08-03T15:44:39.975Z,3.34
2026-08-03T15:44:55.028Z,3.33
2026-08-03T15:45:10.503Z,3.32
2026-08-03T15:45:25.633Z,3.32
2026-08-03T15:45:40.301Z,3.3
2026-08-03T15:45:55.342Z,3.3
2026-08-03T15:46:10.809Z,3.29
2026-08-03T15:46:25.498Z,3.29
2026-08-03T15:46:45.575Z,3.28
2026-08-03T15:47:00.657Z,3.27
2026-08-03T15:47:20.74Z,3.26
2026-08-03T15:47:35.817Z,3.25
2026-08-03T15:47:50.911Z,3.24
2026-08-03T15:48:10.949Z,3.23
2026-08-03T15:48:26.129Z,3.22
2026-08-03T15:48:41.144Z,3.22
2026-08-03T15:48:56.214Z,3.22
2026-08-03T15:49:11.418Z,3.21
2026-08-03T15:49:26.517Z,3.2
2026-08-03T15:49:41Z,3.19
2026-08-03T15:49:41.619Z,3.19
2026-08-03T15:49:56.694Z,3.19
2026-08-03T15:50:12.82Z,3.19
2026-08-03T15:50:31.827Z,3.17
2026-08-03T15:50:52.016Z,3.17
2026-08-03T15:51:07.062Z,3.16
2026-08-03T15:51:23.195Z,3.16
2026-08-03T15:51:42.155Z,3.16
2026-08-03T15:51:57.31Z,3.15
2026-08-03T15:52:12.603Z,3.13
2026-08-03T15:52:32.439Z,3.13
2026-08-03T15:52:47.513Z,3.13
2026-08-03T15:53:02.634Z,3.13
2026-08-03T15:53:22.972Z,3.12
2026-08-03T15:53:37.714Z,3.12
2026-08-03T15:53:52.791Z,3.11
2026-08-03T15:54:07.869Z,3.11
2026-08-03T15:54:28.409Z,3.09
2026-08-03T15:54:42Z,3.09
2026-08-03T15:54:43.346Z,3.09
2026-08-03T15:54:58.285Z,3.1
2026-08-03T15:55:13.38Z,3.09
2026-08-03T15:55:28.548Z,3.08
2026-08-03T15:55:43.444Z,3.08
2026-08-03T15:55:58.521Z,3.08
2026-08-03T15:56:18.61Z,3.07
2026-08-03T15:56:33.886Z,3.06
2026-08-03T15:56:53.915Z,3.06
2026-08-03T15:57:09.376Z,3.06
2026-08-03T15:57:29.072Z,3.05
2026-08-03T15:57:49.134Z,3.04
2026-08-03T15:58:04.221Z,3.05
2026-08-03T15:58:19.274Z,3.05
2026-08-03T15:58:34.39Z,3.04
2026-08-03T15:58:55.372Z,3.04
2026-08-03T15:59:10.174Z,3.04
2026-08-03T15:59:24.77Z,3.04
2026-08-03T15:59:39Z,3.03
2026-08-03T15:59:39.87Z,3.03
2026-08-03T15:59:54.926Z,3.03
2026-08-03T16:00:10.086Z,3.02
2026-08-03T16:00:25.083Z,3.02
2026-08-03T16:00:45.143Z,3.02
2026-08-03T16:01:00.253Z,3.02
2026-08-03T16:01:20.303Z,3.01
2026-08-03T16:01:35.37Z,3.01
2026-08-03T16:01:50.466Z,3.02
2026-08-03T16:02:05.551Z,3.02
2026-08-03T16:02:25.687Z,3.02
2026-08-03T16:02:40.735Z,3.02
2026-08-03T16:03:04.046Z,3.02
2026-08-03T16:03:15.867Z,3.02
2026-08-03T16:03:36.023Z,3.02
2026-08-03T16:03:56.296Z,3.02
2026-08-03T16:04:16.168Z,3.02
2026-08-03T16:04:31.288Z,3.02
2026-08-03T16:04:45Z,3.02
2026-08-03T16:04:46.44Z,3.02
2026-08-03T16:05:13.037Z,3.02
2026-08-03T16:05:26.51Z,3.02
2026-08-03T16:05:41.557Z,3.02
2026-08-03T16:06:03.915Z,3.02
2026-08-03T16:06:17.599Z,3.02
2026-08-03T16:06:31.781Z,3.03
2026-08-03T16:06:51.875Z,3.03
2026-08-03T16:07:06.949Z,3.03
2026-08-03T16:07:22.032Z,3.04
2026-08-03T16:07:37.133Z,3.03
2026-08-03T16:07:57.855Z,3.04
2026-08-03T16:08:17.273Z,3.05
2026-08-03T16:08:32.356Z,3.05
2026-08-03T16:08:47.449Z,3.05
2026-08-03T16:09:04.144Z,3.05
2026-08-03T16:09:18.669Z,3.06
2026-08-03T16:09:37Z,3.06
2026-08-03T16:09:37.652Z,3.06
2026-08-03T16:09:52.724Z,3.06
2026-08-03T16:10:12.44Z,3.06
2026-08-03T16:10:23.437Z,3.08
2026-08-03T16:10:37.949Z,3.08
2026-08-03T16:10:58.057Z,3.08
2026-08-03T16:11:14.241Z,3.09
2026-08-03T16:11:29.207Z,3.09
2026-08-03T16:11:43.426Z,3.08
2026-08-03T16:11:58.476Z,3.09
2026-08-03T16:12:13.578Z,3.11
2026-08-03T16:12:28.683Z,3.12
2026-08-03T16:12:43.735Z,3.12
2026-08-03T16:12:58.812Z,3.12
2026-08-03T16:13:13.904Z,3.13
2026-08-03T16:13:34.375Z,3.13
2026-08-03T16:13:49.042Z,3.14
2026-08-03T16:14:04.121Z,3.15
2026-08-03T16:14:19.516Z,3.15
2026-08-03T16:14:34Z,3.16
2026-08-03T16:14:34.456Z,3.16
2026-08-03T16:14:54.561Z,3.16
2026-08-03T16:15:09.924Z,3.16
2026-08-03T16:15:24.725Z,3.17
2026-08-03T16:15:44.76Z,3.17
2026-08-03T16:15:59.851Z,3.17
2026-08-03T16:16:14.902Z,3.19
2026-08-03T16:16:29.977Z,3.19
2026-08-03T16:16:50.071Z,3.2
2026-08-03T16:17:05.137Z,3.21
2026-08-03T16:17:20.22Z,3.21
2026-08-03T16:17:35.32Z,3.21
2026-08-03T16:17:50.45Z,3.22
2026-08-03T16:18:10.462Z,3.24
2026-08-03T16:18:30.531Z,3.25
2026-08-03T16:18:45.612Z,3.25
2026-08-03T16:19:02.678Z,3.26
2026-08-03T16:19:15.747Z,3.26
2026-08-03T16:19:35.836Z,3.27
2026-08-03T16:19:50Z,3.29
2026-08-03T16:19:52.103Z,3.29
2026-08-03T16:20:12.651Z,3.31
2026-08-03T16:20:21.071Z,3.31
2026-08-03T16:20:36.134Z,3.31
2026-08-03T16:20:51.208Z,3.32
2026-08-03T16:21:11.311Z,3.34
2026-08-03T16:21:26.385Z,3.33
2026-08-03T16:21:46.442Z,3.34
2026-08-03T16:22:02.456Z,3.35
2026-08-03T16:22:16.619Z,3.35
2026-08-03T16:22:36.703Z,3.35
2026-08-03T16:22:51.929Z,3.36
2026-08-03T16:23:07.024Z,3.36
2026-08-03T16:23:21.916Z,3.35
2026-08-03T16:23:36.992Z,3.37
2026-08-03T16:23:52.084Z,3.38
2026-08-03T16:24:07.157Z,3.39
2026-08-03T16:24:22.236Z,3.39
2026-08-03T16:24:37.339Z,3.4
2026-08-03T16:24:52Z,3.41
2026-08-03T16:24:52.405Z,3.41
2026-08-03T16:25:09.712Z,3.41
2026-08-03T16:25:22.547Z,3.41
2026-08-03T16:25:37.649Z,3.4
2026-08-03T16:25:52.722Z,3.4
2026-08-03T16:26:12.799Z,3.4
2026-08-03T16:26:27.938Z,3.4
2026-08-03T16:26:43.015Z,3.42
2026-08-03T16:27:03.136Z,3.42
2026-08-03T16:27:18.157Z,3.43
2026-08-03T16:27:33.243Z,3.44
2026-08-03T16:27:48.32Z,3.44
2026-08-03T16:28:03.398Z,3.44
2026-08-03T16:28:23.462Z,3.43
2026-08-03T16:28:43.567Z,3.43
2026-08-03T16:28:58.699Z,3.44
2026-08-03T16:29:18.79Z,3.45
2026-08-03T16:29:33.882Z,3.45
2026-08-03T16:29:48Z,3.46
2026-08-03T16:29:48.922Z,3.46
2026-08-03T16:30:12.126Z,3.47
2026-08-03T16:30:24.096Z,3.47
2026-08-03T16:30:39.165Z,3.48
2026-08-03T16:30:59.303Z,3.48
2026-08-03T16:31:14.321Z,3.49
2026-08-03T16:31:29.433Z,3.49
2026-08-03T16:31:44.565Z,3.5
2026-08-03T16:31:59.601Z,3.49
2026-08-03T16:32:14.682Z,3.49
2026-08-03T16:32:36.099Z,3.5
2026-08-03T16:32:54.851Z,3.5
2026-08-03T16:33:14.877Z,3.48
2026-08-03T16:33:32.05Z,3.48
2026-08-03T16:33:45.033Z,3.48
2026-08-03T16:34:00.105Z,3.48
2026-08-03T16:34:15.186Z,3.49
2026-08-03T16:34:30.299Z,3.5
2026-08-03T16:34:44Z,3.51
2026-08-03T16:34:45.336Z,3.51
2026-08-03T16:35:00.435Z,3.51
2026-08-03T16:35:20.489Z,3.5
2026-08-03T16:35:35.562Z,3.51
2026-08-03T16:35:50.62Z,3.51
2026-08-03T16:36:05.81Z,3.5
2026-08-03T16:36:20.93Z,3.5
2026-08-03T16:36:36.597Z,3.51
2026-08-03T16:36:51.765Z,3.51
2026-08-03T16:37:06.162Z,3.51
2026-08-03T16:37:26.208Z,3.5
2026-08-03T16:37:41.593Z,3.49
2026-08-03T16:37:57.443Z,3.49
2026-08-03T16:38:16.435Z,3.5
2026-08-03T16:38:36.503Z,3.5
2026-08-03T16:38:51.594Z,3.5
2026-08-03T16:39:06.669Z,3.5
2026-08-03T16:39:21.807Z,3.5
2026-08-03T16:39:41.878Z,3.49
2026-08-03T16:39:56Z,3.49
2026-08-03T16:39:57.766Z,3.49
2026-08-03T16:40:13.163Z,3.49
2026-08-03T16:40:27.051Z,3.49
2026-08-03T16:40:42.126Z,3.48
2026-08-03T16:40:57.244Z,3.48
2026-08-03T16:41:17.814Z,3.48
2026-08-03T16:41:32.43Z,3.48
2026-08-03T16:41:52.511Z,3.47
2026-08-03T16:42:07.579Z,3.46
2026-08-03T16:42:22.687Z,3.46
2026-08-03T16:42:42.72Z,3.45
2026-08-03T16:43:03.051Z,3.44
2026-08-03T16:43:17.934Z,3.43
2026-08-03T16:43:33.072Z,3.42
2026-08-03T16:43:48.154Z,3.42
2026-08-03T16:44:08.648Z,3.42
2026-08-03T16:44:24.213Z,3.42
2026-08-03T16:44:43.38Z,3.42
2026-08-03T16:44:58Z,3.41
2026-08-03T16:44:58.491Z,3.41
2026-08-03T16:45:13.541Z,3.4
2026-08-03T16:45:28.612Z,3.4
2026-08-03T16:45:43.685Z,3.4
2026-08-03T16:46:03.787Z,3.4
2026-08-03T16:46:18.89Z,3.39
2026-08-03T16:46:38.994Z,3.39
2026-08-03T16:46:54.053Z,3.37
2026-08-03T16:47:09.137Z,3.37
2026-08-03T16:47:29.205Z,3.37
2026-08-03T16:47:44.916Z,3.36
2026-08-03T16:47:59.387Z,3.37
2026-08-03T16:48:14.448Z,3.35
2026-08-03T16:48:34.633Z,3.35
2026-08-03T16:48:49.634Z,3.35
2026-08-03T16:49:04.796Z,3.34
2026-08-03T16:49:19.838Z,3.34
2026-08-03T16:49:34.908Z,3.34
2026-08-03T16:49:49Z,3.34
2026-08-03T16:49:50.703Z,3.34
2026-08-03T16:50:08.455Z,3.34
2026-08-03T16:50:25.151Z,3.33
2026-08-03T16:50:40.217Z,3.32
2026-08-03T16:50:56.178Z,3.34
2026-08-03T16:51:10.392Z,3.34
2026-08-03T16:51:25.445Z,3.34
2026-08-03T16:51:40.526Z,3.34
2026-08-03T16:51:57.302Z,3.33
2026-08-03T16:52:10.675Z,3.33
2026-08-03T16:52:30.762Z,3.32
2026-08-03T16:52:45.828Z,3.32
2026-08-03T16:53:03.614Z,3.31
2026-08-03T16:53:20.989Z,3.31
2026-08-03T16:53:36.209Z,3.3
2026-08-03T16:53:51.197Z,3.3
2026-08-03T16:54:06.29Z,3.3
2026-08-03T16:54:21.5Z,3.29
2026-08-03T16:54:36.599Z,3.29
2026-08-03T16:54:51Z,3.28
2026-08-03T16:54:51.661Z,3.28
2026-08-03T16:55:12.84Z,3.28
2026-08-03T16:55:21.828Z,3.28
2026-08-03T16:55:41.934Z,3.28
2026-08-03T16:55:56.981Z,3.28
2026-08-03T16:56:12.09Z,3.28
2026-08-03T16:56:32.14Z,3.28
2026-08-03T16:56:47.251Z,3.27
2026-08-03T16:57:02.997Z,3.28
2026-08-03T16:57:17.396Z,3.29
2026-08-03T16:57:32.504Z,3.28
2026-08-03T16:57:47.593Z,3.28
2026-08-03T16:58:02.866Z,3.27
2026-08-03T16:58:17.699Z,3.26
2026-08-03T16:58:32.83Z,3.26
2026-08-03T16:58:47.913Z,3.26
2026-08-03T16:59:02.98Z,3.26
2026-08-03T16:59:23.121Z,3.26
2026-08-03T16:59:38.124Z,3.26
2026-08-03T16:59:57Z,3.26
2026-08-03T16:59:58.226Z,3.26
2026-08-03T17:00:14.859Z,3.25
2026-08-03T17:00:33.376Z,3.25
2026-08-03T17:00:48.47Z,3.25
2026-08-03T17:01:04.142Z,3.24
2026-08-03T17:01:23.644Z,3.24
2026-08-03T17:01:38.734Z,3.24
2026-08-03T17:01:53.8Z,3.24
2026-08-03T17:02:08.911Z,3.24
2026-08-03T17:02:23.971Z,3.24
2026-08-03T17:02:39.035Z,3.24
2026-08-03T17:02:54.128Z,3.24
2026-08-03T17:03:10.435Z,3.24
2026-08-03T17:03:30.089Z,3.23
2026-08-03T17:03:44.378Z,3.24
2026-08-03T17:03:59.422Z,3.24
2026-08-03T17:04:14.506Z,3.24
2026-08-03T17:04:30.861Z,3.24
2026-08-03T17:04:44.656Z,3.24
2026-08-03T17:04:59Z,3.24
2026-08-03T17:04:59.856Z,3.24
2026-08-03T17:05:14.811Z,3.24
2026-08-03T17:05:34.904Z,3.24
2026-08-03T17:05:50.036Z,3.25
2026-08-03T17:06:05.561Z,3.24
2026-08-03T17:06:20.775Z,3.25
2026-08-03T17:06:40.246Z,3.25
2026-08-03T17:07:00.355Z,3.24
2026-08-03T17:07:20.413Z,3.24
2026-08-03T17:07:36.097Z,3.27
2026-08-03T17:07:50.59Z,3.26
2026-08-03T17:08:05.616Z,3.27
2026-08-03T17:08:20.693Z,3.28
2026-08-03T17:08:35.882Z,3.28
2026-08-03T17:08:50.89Z,3.28
2026-08-03T17:09:05.961Z,3.28
2026-08-03T17:09:21.046Z,3.28
2026-08-03T17:09:41.512Z,3.28
2026-08-03T17:09:55Z,3.29
2026-08-03T17:09:56.274Z,3.29
2026-08-03T17:10:13.963Z,3.29
2026-08-03T17:10:26.386Z,3.29
2026-08-03T17:10:41.518Z,3.3
2026-08-03T17:10:56.653Z,3.31
2026-08-03T17:11:11.762Z,3.31
2026-08-03T17:11:28.802Z,3.32
2026-08-03T17:11:41.882Z,3.32
2026-08-03T17:11:56.969Z,3.34
2026-08-03T17:12:12.034Z,3.33
2026-08-03T17:12:28.684Z,3.33
2026-08-03T17:12:47.187Z,3.35
2026-08-03T17:13:07.312Z,3.35
2026-08-03T17:13:22.383Z,3.36
2026-08-03T17:13:37.455Z,3.37
2026-08-03T17:13:52.562Z,3.37
2026-08-03T17:14:07.682Z,3.39
2026-08-03T17:14:22.716Z,3.4
2026-08-03T17:14:42.755Z,3.41
2026-08-03T17:14:57Z,3.42
2026-08-03T17:14:57.853Z,3.42
2026-08-03T17:15:12.917Z,3.43
2026-08-03T17:15:33.479Z,3.44
2026-08-03T17:15:48.091Z,3.44
2026-08-03T17:16:03.29Z,3.44
2026-08-03T17:16:23.254Z,3.47
2026-08-03T17:16:38.302Z,3.47
2026-08-03T17:16:58.359Z,3.48
2026-08-03T17:17:13.47Z,3.48
2026-08-03T17:17:28.545Z,3.49
2026-08-03T17:17:43.644Z,3.5
2026-08-03T17:18:03.791Z,3.51
2026-08-03T17:18:18.817Z,3.51
2026-08-03T17:18:38.985Z,3.54
2026-08-03T17:18:54.027Z,3.54
2026-08-03T17:19:10.244Z,3.56
2026-08-03T17:19:24.126Z,3.56
2026-08-03T17:19:44.219Z,3.56
2026-08-03T17:20:03Z,3.58
2026-08-03T17:20:09.532Z,3.58
2026-08-03T17:20:19.39Z,3.58
2026-08-03T17:20:34.455Z,3.58
2026-08-03T17:20:49.546Z,3.6
2026-08-03T17:21:10.534Z,3.63
2026-08-03T17:21:29.673Z,3.63
2026-08-03T17:21:44.731Z,3.63
2026-08-03T17:22:05.032Z,3.64
2026-08-03T17:22:19.923Z,3.65
2026-08-03T17:22:40.293Z,3.67
2026-08-03T17:22:55.228Z,3.67
2026-08-03T17:23:10.3Z,3.67
2026-08-03T17:23:30.354Z,3.67
2026-08-03T17:23:50.434Z,3.68
2026-08-03T17:24:10.552Z,3.69
2026-08-03T17:24:25.625Z,3.71
2026-08-03T17:24:45.677Z,3.74
2026-08-03T17:25:00Z,3.74
2026-08-03T17:25:00.751Z,3.74
2026-08-03T17:25:15.879Z,3.73
2026-08-03T17:25:30.969Z,3.74
2026-08-03T17:25:46.051Z,3.76
2026-08-03T17:26:06.116Z,3.77
2026-08-03T17:26:26.285Z,3.78
2026-08-03T17:26:46.286Z,3.78
2026-08-03T17:27:03.784Z,3.78
2026-08-03T17:27:16.472Z,3.79
2026-08-03T17:27:31.568Z,3.81
2026-08-03T17:27:46.842Z,3.82
2026-08-03T17:28:06.7Z,3.82
2026-08-03T17:28:21.765Z,3.83
2026-08-03T17:28:41.817Z,3.86
2026-08-03T17:28:56.919Z,3.86
2026-08-03T17:29:17Z,3.87
2026-08-03T17:29:32.206Z,3.87
2026-08-03T17:29:52.275Z,3.89
2026-08-03T17:30:07Z,3.91
2026-08-03T17:30:12.792Z,3.91
2026-08-03T17:30:22.506Z,3.91
2026-08-03T17:30:42.593Z,3.91
2026-08-03T17:30:57.68Z,3.91
2026-08-03T17:31:12.714Z,3.92
2026-08-03T17:31:27.79Z,3.92
2026-08-03T17:31:47.859Z,3.94
2026-08-03T17:32:05.446Z,3.95
2026-08-03T17:32:18.07Z,3.95
2026-08-03T17:32:33.113Z,3.96
2026-08-03T17:32:48.183Z,3.96
2026-08-03T17:33:08.542Z,3.99
2026-08-03T17:33:28.367Z,3.98
2026-08-03T17:33:43.407Z,3.98
2026-08-03T17:33:58.5Z,4.01
2026-08-03T17:34:13.562Z,4.0
2026-08-03T17:34:28.66Z,4.0
2026-08-03T17:34:43.721Z,4.0
2026-08-03T17:34:59.152Z,4.02
2026-08-03T17:35:13Z,4.03
2026-08-03T17:35:15.018Z,4.03
2026-08-03T17:35:33.926Z,4.04
2026-08-03T17:35:49.02Z,4.04
2026-08-03T17:36:04.08Z,4.06
2026-08-03T17:36:24.164Z,4.07
2026-08-03T17:36:39.242Z,4.08
2026-08-03T17:36:59.336Z,4.08
2026-08-03T17:37:14.643Z,4.07
2026-08-03T17:37:29.995Z,4.08
2026-08-03T17:37:44.669Z,4.09
2026-08-03T17:38:05.564Z,4.07
2026-08-03T17:38:20.167Z,4.07
2026-08-03T17:38:35.045Z,4.06
2026-08-03T17:38:49.963Z,4.06
2026-08-03T17:39:05.856Z,4.07
2026-08-03T17:39:20.115Z,4.1
2026-08-03T17:39:35.19Z,4.1
2026-08-03T17:39:55.256Z,4.1
2026-08-03T17:40:09Z,4.1
2026-08-03T17:40:12.56Z,4.1
2026-08-03T17:40:25.444Z,4.11
2026-08-03T17:40:45.702Z,4.11
2026-08-03T17:41:05.634Z,4.12
2026-08-03T17:41:21.021Z,4.15
2026-08-03T17:41:35.716Z,4.15
2026-08-03T17:41:50.798Z,4.16
2026-08-03T17:42:06.336Z,4.19
2026-08-03T17:42:20.967Z,4.19
2026-08-03T17:42:41.013Z,4.19
2026-08-03T17:42:56.112Z,4.19
2026-08-03T17:43:16.178Z,4.21
2026-08-03T17:43:36.231Z,4.21
2026-08-03T17:43:51.321Z,4.21
2026-08-03T17:44:11.399Z,4.22
2026-08-03T17:44:26.496Z,4.22
2026-08-03T17:44:41.659Z,4.18
2026-08-03T17:44:56.79Z,4.19
2026-08-03T17:45:11Z,4.19
2026-08-03T17:45:11.943Z,4.19
2026-08-03T17:45:27.016Z,4.21
2026-08-03T17:45:42.819Z,4.2
2026-08-03T17:45:57.169Z,4.2
2026-08-03T17:46:12.262Z,4.21
2026-08-03T17:46:32.341Z,4.19
2026-08-03T17:46:48.981Z,4.23
2026-08-03T17:47:02.796Z,4.23
2026-08-03T17:47:17.575Z,4.24
2026-08-03T17:47:32.66Z,4.23
2026-08-03T17:47:52.933Z,4.24
2026-08-03T17:48:07.77Z,4.25
2026-08-03T17:48:22.893Z,4.25
2026-08-03T17:48:37.932Z,4.24
2026-08-03T17:48:58.012Z,4.22
2026-08-03T17:49:13.211Z,4.24
2026-08-03T17:49:28.216Z,4.24
2026-08-03T17:49:43.276Z,4.23
2026-08-03T17:50:00.066Z,4.22
2026-08-03T17:50:13Z,4.21
2026-08-03T17:50:14.046Z,4.21
2026-08-03T17:50:28.504Z,4.21
2026-08-03T17:50:43.59Z,4.2
2026-08-03T17:50:58.765Z,4.19
2026-08-03T17:51:13.794Z,4.19
2026-08-03T17:51:33.804Z,4.2
2026-08-03T17:51:48.903Z,4.23
2026-08-03T17:52:03.971Z,4.23
2026-08-03T17:52:19.045Z,4.21
2026-08-03T17:52:34.174Z,4.2
2026-08-03T17:52:54.228Z,4.2
2026-08-03T17:53:09.312Z,4.19
2026-08-03T17:53:24.388Z,4.19
2026-08-03T17:53:39.471Z,4.18
2026-08-03T17:53:54.549Z,4.17
2026-08-03T17:54:10.134Z,4.19
2026-08-03T17:54:24.804Z,4.18
2026-08-03T17:54:44.783Z,4.17
2026-08-03T17:55:04Z,4.15
2026-08-03T17:55:11.662Z,4.15
2026-08-03T17:55:25.846Z,4.16
2026-08-03T17:55:45.019Z,4.15
2026-08-03T17:56:00.093Z,4.15
2026-08-03T17:56:15.168Z,4.14
2026-08-03T17:56:30.251Z,4.15
2026-08-03T17:56:45.334Z,4.14
2026-08-03T17:57:00.43Z,4.13
2026-08-03T17:57:16.119Z,4.12
2026-08-03T17:57:30.743Z,4.14
2026-08-03T17:57:45.816Z,4.14
2026-08-03T17:58:03.051Z,4.13
2026-08-03T17:58:15.962Z,4.13
2026-08-03T17:58:31.023Z,4.13
2026-08-03T17:58:46.1Z,4.12
2026-08-03T17:59:02.496Z,4.14
2026-08-03T17:59:21.245Z,4.15
2026-08-03T17:59:36.324Z,4.14
2026-08-03T17:59:51.419Z,4.14
2026-08-03T18:00:06Z,4.14
2026-08-03T18:00:12.319Z,4.14
2026-08-03T18:00:26.58Z,4.13
2026-08-03T18:00:41.629Z,4.13
2026-08-03T18:00:56.697Z,4.14
2026-08-03T18:01:11.794Z,4.14
2026-08-03T18:01:31.847Z,4.14
2026-08-03T18:01:46.925Z,4.13
2026-08-03T18:02:07.146Z,4.13
2026-08-03T18:02:22.152Z,4.12
2026-08-03T18:02:42.171Z,4.12
2026-08-03T18:02:59.766Z,4.11
2026-08-03T18:03:12.329Z,4.12
2026-08-03T18:03:27.409Z,4.13
2026-08-03T18:03:42.473Z,4.13
2026-08-03T18:03:57.578Z,4.12
2026-08-03T18:04:12.634Z,4.11
2026-08-03T18:04:32.793Z,4.11
2026-08-03T18:04:47.802Z,4.11
2026-08-03T18:05:08.303Z,4.11
2026-08-03T18:05:17Z,4.11
2026-08-03T18:05:17.963Z,4.11
2026-08-03T18:05:33.109Z,4.1
2026-08-03T18:05:48.122Z,4.08
2026-08-03T18:06:03.191Z,4.1
2026-08-03T18:06:18.818Z,4.09
2026-08-03T18:06:33.339Z,4.09
2026-08-03T18:06:48.4Z,4.09
2026-08-03T18:07:03.478Z,4.09
2026-08-03T18:07:24.656Z,4.09
2026-08-03T18:07:43.743Z,4.09
2026-08-03T18:07:59.314Z,4.08
2026-08-03T18:08:14.68Z,4.1
2026-08-03T18:08:28.947Z,4.1
2026-08-03T18:08:44.083Z,4.1
2026-08-03T18:08:59.094Z,4.09
2026-08-03T18:09:14.175Z,4.08
2026-08-03T18:09:29.882Z,4.1
2026-08-03T18:09:44.353Z,4.1
2026-08-03T18:09:59.415Z,4.1
2026-08-03T18:10:19Z,4.1
2026-08-03T18:10:19.472Z,4.1
2026-08-03T18:10:34.568Z,4.1
2026-08-03T18:10:49.697Z,4.09
2026-08-03T18:11:09.797Z,4.05
2026-08-03T18:11:29.837Z,4.05
2026-08-03T18:11:49.911Z,4.05
2026-08-03T18:12:04.998Z,4.05
2026-08-03T18:12:20.142Z,4.04
2026-08-03T18:12:40.21Z,4.04
2026-08-03T18:13:00.298Z,4.02
2026-08-03T18:13:15.573Z,4.02
2026-08-03T18:13:30.454Z,4.04
2026-08-03T18:13:45.504Z,4.04
2026-08-03T18:14:02.49Z,4.04
2026-08-03T18:14:20.668Z,4.06
2026-08-03T18:14:35.976Z,4.05
2026-08-03T18:14:51.031Z,4.05
2026-08-03T18:15:13.162Z,4.05
2026-08-03T18:15:25Z,4.05
2026-08-03T18:15:26.203Z,4.05
2026-08-03T18:15:41.291Z,4.04
2026-08-03T18:16:02.642Z,4.04
2026-08-03T18:16:16.405Z,4.04
2026-08-03T18:16:34.823Z,4.03
2026-08-03T18:16:46.589Z,4.03
2026-08-03T18:17:02.819Z,4.0
2026-08-03T18:17:17.04Z,4.01
2026-08-03T18:17:31.784Z,4.01
2026-08-03T18:17:46.903Z,4.0
2026-08-03T18:18:02.697Z,3.98
2026-08-03T18:18:17.076Z,3.97
2026-08-03T18:18:33.233Z,3.98
2026-08-03T18:18:47.178Z,3.98
2026-08-03T18:19:04.411Z,3.97
2026-08-03T18:19:17.395Z,3.97
2026-08-03T18:19:32.442Z,3.96
2026-08-03T18:19:47.577Z,3.96
2026-08-03T18:20:11.238Z,3.94
2026-08-03T18:20:17Z,3.91
2026-08-03T18:20:17.684Z,3.91
2026-08-03T18:20:32.777Z,3.92
2026-08-03T18:20:49.13Z,3.92
2026-08-03T18:21:02.952Z,3.92
2026-08-03T18:21:18.013Z,3.89
2026-08-03T18:21:33.115Z,3.89
2026-08-03T18:21:48.5Z,3.85
2026-08-03T18:22:03.214Z,3.86
2026-08-03T18:22:18.35Z,3.86
2026-08-03T18:22:33.424Z,3.83
2026-08-03T18:22:53.49Z,3.81
2026-08-03T18:23:13.559Z,3.8
2026-08-03T18:23:28.642Z,3.79
2026-08-03T18:23:43.722Z,3.79
2026-08-03T18:24:05.932Z,3.77
2026-08-03T18:24:18.877Z,3.77
2026-08-03T18:24:34.024Z,3.78
2026-08-03T18:24:49.139Z,3.77
2026-08-03T18:25:12.264Z,3.75
2026-08-03T18:25:23Z,3.75
2026-08-03T18:25:24.291Z,3.75
2026-08-03T18:25:39.35Z,3.73
2026-08-03T18:25:54.791Z,3.71
2026-08-03T18:26:14.521Z,3.71
2026-08-03T18:26:29.584Z,3.7
2026-08-03T18:26:44.72Z,3.7
2026-08-03T18:26:59.89Z,3.65
2026-08-03T18:27:14.837Z,3.66
2026-08-03T18:27:29.909Z,3.65
2026-08-03T18:27:45.612Z,3.64
2026-08-03T18:28:00.589Z,3.63
2026-08-03T18:28:15.183Z,3.62
2026-08-03T18:28:35.276Z,3.61
2026-08-03T18:28:50.334Z,3.6
2026-08-03T18:29:05.38Z,3.59
2026-08-03T18:29:25.481Z,3.58
2026-08-03T18:29:45.565Z,3.55
2026-08-03T18:30:12.378Z,3.53
2026-08-03T18:30:20Z,3.53
2026-08-03T18:30:20.718Z,3.53
2026-08-03T18:30:35.802Z,3.5
2026-08-03T18:30:55.89Z,3.49
2026-08-03T18:31:10.974Z,3.49
2026-08-03T18:31:26.117Z,3.48
2026-08-03T18:31:41.226Z,3.47
2026-08-03T18:31:56.254Z,3.46
2026-08-03T18:32:11.326Z,3.44
2026-08-03T18:32:27.017Z,3.44
2026-08-03T18:32:42.291Z,3.42
2026-08-03T18:32:56.568Z,3.41
2026-08-03T18:33:11.649Z,3.4
2026-08-03T18:33:31.714Z,3.39
2026-08-03T18:33:46.81Z,3.37
2026-08-03T18:34:06.857Z,3.34
2026-08-03T18:34:22.479Z,3.32
2026-08-03T18:34:37.371Z,3.32
2026-08-03T18:34:57.127Z,3.31
2026-08-03T18:35:16Z,3.29
2026-08-03T18:35:17.191Z,3.29
2026-08-03T18:35:37.698Z,3.26
2026-08-03T18:35:52.378Z,3.25
2026-08-03T18:36:14.212Z,3.24
2026-08-03T18:36:27.516Z,3.21
2026-08-03T18:36:42.641Z,3.21
2026-08-03T18:36:57.69Z,3.21
2026-08-03T18:37:17.766Z,3.19
2026-08-03T18:37:32.909Z,3.18
2026-08-03T18:37:53.198Z,3.17
2026-08-03T18:38:08.004Z,3.15
2026-08-03T18:38:23.117Z,3.15
2026-08-03T18:38:43.212Z,3.13
2026-08-03T18:38:58.228Z,3.12
2026-08-03T18:39:13.349Z,3.11
2026-08-03T18:39:33.507Z,3.1
2026-08-03T18:39:53.542Z,3.08
2026-08-03T18:40:12.406Z,3.07
2026-08-03T18:40:23Z,3.06
2026-08-03T18:40:23.645Z,3.06
2026-08-03T18:40:43.746Z,3.03
2026-08-03T18:40:58.806Z,3.02
2026-08-03T18:41:13.887Z,3.01
2026-08-03T18:41:28.954Z,2.99
2026-08-03T18:41:49.041Z,2.99
2026-08-03T18:42:09.188Z,2.96
2026-08-03T18:42:29.254Z,2.96
2026-08-03T18:42:44.295Z,2.95
2026-08-03T18:42:59.378Z,2.94
2026-08-03T18:43:21.664Z,2.92
2026-08-03T18:43:34.816Z,2.92
2026-08-03T18:43:54.545Z,2.91
2026-08-03T18:44:09.643Z,2.9
2026-08-03T18:44:24.74Z,2.88
2026-08-03T18:44:39.819Z,2.86
2026-08-03T18:44:54.933Z,2.86
2026-08-03T18:45:12.6Z,2.84
2026-08-03T18:45:24Z,2.84
2026-08-03T18:45:26.981Z,2.84
2026-08-03T18:45:40.618Z,2.83
2026-08-03T18:45:55.3Z,2.83
2026-08-03T18:46:10.381Z,2.82
2026-08-03T18:46:25.434Z,2.8
2026-08-03T18:46:41.043Z,2.79
2026-08-03T18:46:55.63Z,2.79
2026-08-03T18:47:10.742Z,2.78
2026-08-03T18:47:29.335Z,2.76
2026-08-03T18:47:40.879Z,2.75
2026-08-03T18:47:55.936Z,2.75
2026-08-03T18:48:11.941Z,2.74
2026-08-03T18:48:26.121Z,2.73
2026-08-03T18:48:46.252Z,2.72
2026-08-03T18:49:02.78Z,2.71
2026-08-03T18:49:16.348Z,2.71
2026-08-03T18:49:32.216Z,2.69
2026-08-03T18:49:46.49Z,2.69
2026-08-03T18:50:09.078Z,2.68
2026-08-03T18:50:22.348Z,2.67
2026-08-03T18:50:36Z,2.67
2026-08-03T18:50:36.787Z,2.67
2026-08-03T18:50:51.795Z,2.65
2026-08-03T18:51:06.867Z,2.65
2026-08-03T18:51:21.949Z,2.64
2026-08-03T18:51:37.033Z,2.63
2026-08-03T18:51:52.14Z,2.61
2026-08-03T18:52:07.222Z,2.61
2026-08-03T18:52:27.274Z,2.6
2026-08-03T18:52:47.371Z,2.6
2026-08-03T18:53:02.831Z,2.58
2026-08-03T18:53:17.656Z,2.58
2026-08-03T18:53:32.84Z,2.56
2026-08-03T18:53:52.666Z,2.54
2026-08-03T18:54:07.731Z,2.55
2026-08-03T18:54:22.91Z,2.54
2026-08-03T18:54:37.974Z,2.53
2026-08-03T18:54:53.036Z,2.53
2026-08-03T18:55:12.62Z,2.52
2026-08-03T18:55:23.184Z,2.52
2026-08-03T18:55:37Z,2.51
2026-08-03T18:55:38.284Z,2.51
2026-08-03T18:55:53.332Z,2.5
2026-08-03T18:56:08.533Z,2.5
2026-08-03T18:56:23.487Z,2.48
2026-08-03T18:56:38.564Z,2.48
2026-08-03T18:56:53.699Z,2.46
2026-08-03T18:57:08.772Z,2.46
2026-08-03T18:57:23.853Z,2.46
2026-08-03T18:57:38.998Z,2.45
2026-08-03T18:57:54.049Z,2.44
2026-08-03T18:58:09.537Z,2.44
2026-08-03T18:58:24.287Z,2.43
2026-08-03T18:58:39.364Z,2.43
2026-08-03T18:58:54.425Z,2.42
2026-08-03T18:59:09.51Z,2.4
2026-08-03T18:59:25.401Z,2.39
2026-08-03T18:59:39.684Z,2.39
2026-08-03T18:59:54.765Z,2.38
2026-08-03T19:00:13.039Z,2.38
2026-08-03T19:00:29Z,2.38
2026-08-03T19:00:29.898Z,2.38
2026-08-03T19:00:44.97Z,2.38
2026-08-03T19:01:00.083Z,2.39
2026-08-03T19:01:15.128Z,2.38
2026-08-03T19:01:35.228Z,2.38
2026-08-03T19:01:50.322Z,2.37
2026-08-03T19:02:05.471Z,2.37
2026-08-03T19:02:20.541Z,2.36
2026-08-03T19:02:35.596Z,2.35
2026-08-03T19:02:55.616Z,2.34
2026-08-03T19:03:10.684Z,2.33
2026-08-03T19:03:25.748Z,2.32
2026-08-03T19:03:40.902Z,2.32
2026-08-03T19:04:02.559Z,2.33
2026-08-03T19:04:16.033Z,2.34
2026-08-03T19:04:33.387Z,2.34
2026-08-03T19:04:46.382Z,2.34
2026-08-03T19:05:12.687Z,2.34
2026-08-03T19:05:21.573Z,2.33
2026-08-03T19:05:36Z,2.32
2026-08-03T19:05:36.766Z,2.32
2026-08-03T19:05:51.801Z,2.31
2026-08-03T19:06:06.88Z,2.32
2026-08-03T19:06:27.233Z,2.31
2026-08-03T19:06:42.123Z,2.31
2026-08-03T19:07:02.704Z,2.3
2026-08-03T19:07:17.318Z,2.3
2026-08-03T19:07:39.252Z,2.28
2026-08-03T19:07:57.48Z,2.28
2026-08-03T19:08:12.569Z,2.28
2026-08-03T19:08:27.632Z,2.32
2026-08-03T19:08:42.745Z,2.33
2026-08-03T19:08:57.815Z,2.34
2026-08-03T19:09:12.851Z,2.34
2026-08-03T19:09:28.01Z,2.34
2026-08-03T19:09:43.063Z,2.33
2026-08-03T19:09:58.133Z,2.33
2026-08-03T19:10:18.343Z,2.31
2026-08-03T19:10:32Z,2.29
2026-08-03T19:10:33.907Z,2.29
2026-08-03T19:10:48.432Z,2.29
2026-08-03T19:11:08.526Z,2.28
2026-08-03T19:11:23.605Z,2.27
2026-08-03T19:11:38.83Z,2.27
2026-08-03T19:11:53.948Z,2.27
2026-08-03T19:12:14.055Z,2.25
2026-08-03T19:12:29.099Z,2.25
2026-08-03T19:12:44.188Z,2.27
2026-08-03T19:12:59.245Z,2.27
2026-08-03T19:13:19.868Z,2.27
2026-08-03T19:13:39.554Z,2.26
2026-08-03T19:13:59.49Z,2.25
2026-08-03T19:14:14.563Z,2.25
2026-08-03T19:14:34.656Z,2.25
2026-08-03T19:14:49.729Z,2.24
2026-08-03T19:15:12.137Z,2.23
2026-08-03T19:15:24.925Z,2.23
2026-08-03T19:15:44Z,2.22
2026-08-03T19:15:45.216Z,2.22
2026-08-03T19:16:00.019Z,2.22
2026-08-03T19:16:20.096Z,2.2
2026-08-03T19:16:35.194Z,2.2
2026-08-03T19:16:50.315Z,2.2
2026-08-03T19:17:05.398Z,2.2
2026-08-03T19:17:20.461Z,2.21
2026-08-03T19:17:35.53Z,2.21
2026-08-03T19:17:50.635Z,2.19
2026-08-03T19:18:05.69Z,2.19
2026-08-03T19:18:20.889Z,2.19
2026-08-03T19:18:40.971Z,2.19
2026-08-03T19:18:56.066Z,2.19
2026-08-03T19:19:16.734Z,2.16
2026-08-03T19:19:36.214Z,2.16
2026-08-03T19:19:51.424Z,2.13
2026-08-03T19:20:12.136Z,2.13
2026-08-03T19:20:31.421Z,2.13
2026-08-03T19:20:46Z,2.14
2026-08-03T19:20:46.989Z,2.14
2026-08-03T19:21:03.281Z,2.14
2026-08-03T19:21:16.692Z,2.14
2026-08-03T19:21:31.779Z,2.14
2026-08-03T19:21:47.835Z,2.14
2026-08-03T19:22:03.034Z,2.14
2026-08-03T19:22:17.085Z,2.12
2026-08-03T19:22:32.215Z,2.11
2026-08-03T19:22:47.226Z,2.1
2026-08-03T19:23:07.318Z,2.09
2026-08-03T19:23:22.388Z,2.09
2026-08-03T19:23:42.458Z,2.08
2026-08-03T19:23:57.964Z,2.07
2026-08-03T19:24:17.678Z,2.07
2026-08-03T19:24:32.744Z,2.07
2026-08-03T19:24:48.076Z,2.07
2026-08-03T19:25:09.383Z,2.07
2026-08-03T19:25:17.973Z,2.07
2026-08-03T19:25:37Z,2.06
2026-08-03T19:25:38.032Z,2.06
2026-08-03T19:25:53.298Z,2.06
2026-08-03T19:26:13.18Z,2.05
2026-08-03T19:26:33.312Z,2.05
2026-08-03T19:26:48.388Z,2.03
2026-08-03T19:27:03.475Z,2.02
2026-08-03T19:27:18.532Z,2.02
2026-08-03T19:27:33.656Z,2.02
2026-08-03T19:27:54.513Z,2.01
2026-08-03T19:28:08.867Z,2.01
2026-08-03T19:28:28.977Z,2.0
2026-08-03T19:28:49.038Z,2.0
2026-08-03T19:29:04.719Z,2.0
2026-08-03T19:29:24.48Z,2.0
2026-08-03T19:29:39.554Z,2.0
2026-08-03T19:29:54.583Z,1.99
2026-08-03T19:30:10.039Z,1.99
2026-08-03T19:30:24.859Z,1.99
2026-08-03T19:30:44Z,1.97
2026-08-03T19:30:44.878Z,1.97
2026-08-03T19:30:59.924Z,1.97
2026-08-03T19:31:15.025Z,1.96
2026-08-03T19:31:35.131Z,1.94
2026-08-03T19:31:50.872Z,1.94
2026-08-03T19:32:05.355Z,1.93
2026-08-03T19:32:25.418Z,1.93
2026-08-03T19:32:45.516Z,1.92
2026-08-03T19:33:05.575Z,1.91
2026-08-03T19:33:25.656Z,1.91
2026-08-03T19:33:45.744Z,1.91
2026-08-03T19:34:02.85Z,1.9
2026-08-03T19:34:15.868Z,1.91
2026-08-03T19:34:30.927Z,1.91
2026-08-03T19:34:46.049Z,1.9
2026-08-03T19:35:11.621Z,1.9
2026-08-03T19:35:16.187Z,1.9
2026-08-03T19:35:36.301Z,1.89
2026-08-03T19:35:50Z,1.88
2026-08-03T19:35:51.334Z,1.88
2026-08-03T19:36:06.399Z,1.88
2026-08-03T19:36:26.513Z,1.88
2026-08-03T19:36:41.562Z,1.87
2026-08-03T19:36:56.646Z,1.86
2026-08-03T19:37:11.722Z,1.86
2026-08-03T19:37:31.801Z,1.85
2026-08-03T19:37:46.889Z,1.85
2026-08-03T19:38:06.964Z,1.85
2026-08-03T19:38:29.296Z,1.83
2026-08-03T19:38:42.116Z,1.83
2026-08-03T19:39:02.731Z,1.83
2026-08-03T19:39:18.304Z,1.82
2026-08-03T19:39:33.028Z,1.82
2026-08-03T19:39:47.5Z,1.82
2026-08-03T19:40:10.883Z,1.82
2026-08-03T19:40:27.615Z,1.82
2026-08-03T19:40:42Z,1.82
2026-08-03T19:40:42.694Z,1.82
2026-08-03T19:41:03.967Z,1.81
2026-08-03T19:41:18.035Z,1.81
2026-08-03T19:41:37.939Z,1.8
2026-08-03T19:41:58.181Z,1.8
2026-08-03T19:42:13.091Z,1.8
2026-08-03T19:42:33.265Z,1.8
2026-08-03T19:42:48.32Z,1.8
2026-08-03T19:43:03.991Z,1.78
2026-08-03T19:43:18.452Z,1.78
2026-08-03T19:43:33.476Z,1.78
2026-08-03T19:43:48.548Z,1.79
2026-08-03T19:44:03.637Z,1.79
2026-08-03T19:44:18.707Z,1.78
2026-08-03T19:44:33.858Z,1.78
2026-08-03T19:44:53.905Z,1.78
2026-08-03T19:45:14.482Z,1.78
2026-08-03T19:45:24.11Z,1.78
2026-08-03T19:45:43Z,1.77
2026-08-03T19:45:44.104Z,1.77
2026-08-03T19:45:59.177Z,1.77
2026-08-03T19:46:14.284Z,1.75
2026-08-03T19:46:29.37Z,1.75
2026-08-03T19:46:44.438Z,1.75
2026-08-03T19:46:59.493Z,1.75
2026-08-03T19:47:14.573Z,1.74
2026-08-03T19:47:34.681Z,1.73
2026-08-03T19:47:49.723Z,1.73
2026-08-03T19:48:04.811Z,1.72
2026-08-03T19:48:19.879Z,1.72
2026-08-03T19:48:39.971Z,1.72
2026-08-03T19:49:00.058Z,1.73
2026-08-03T19:49:15.132Z,1.72
2026-08-03T19:49:30.218Z,1.7
2026-08-03T19:49:50.281Z,1.71
2026-08-03T19:50:11.721Z,1.7
2026-08-03T19:50:20.425Z,1.7
2026-08-03T19:50:35.498Z,1.7
2026-08-03T19:50:50Z,1.7
2026-08-03T19:50:50.576Z,1.7
2026-08-03T19:51:05.682Z,1.7
2026-08-03T19:51:20.779Z,1.68
2026-08-03T19:51:41.343Z,1.68
2026-08-03T19:51:56.029Z,1.68
2026-08-03T19:52:11.083Z,1.68
2026-08-03T19:52:31.162Z,1.68
2026-08-03T19:52:46.43Z,1.67
2026-08-03T19:53:03.028Z,1.67
2026-08-03T19:53:16.543Z,1.67
2026-08-03T19:53:31.6Z,1.67
2026-08-03T19:53:51.767Z,1.66
2026-08-03T19:54:06.979Z,1.66
2026-08-03T19:54:27.05Z,1.66
2026-08-03T19:54:42.156Z,1.65
2026-08-03T19:54:57.221Z,1.65
2026-08-03T19:55:12.564Z,1.64
2026-08-03T19:55:27.36Z,1.64
2026-08-03T19:55:42Z,1.63
2026-08-03T19:55:42.424Z,1.63
2026-08-03T19:56:02.913Z,1.63
2026-08-03T19:56:17.692Z,1.63
2026-08-03T19:56:32.764Z,1.63
2026-08-03T19:56:47.84Z,1.63
2026-08-03T19:57:02.911Z,1.63
2026-08-03T19:57:18.172Z,1.63
2026-08-03T19:57:33.207Z,1.62
2026-08-03T19:57:53.313Z,1.61
2026-08-03T19:58:08.381Z,1.61
2026-08-03T19:58:23.466Z,1.61
2026-08-03T19:58:38.525Z,1.61
2026-08-03T19:58:53.704Z,1.61
2026-08-03T19:59:13.764Z,1.6
2026-08-03T19:59:33.768Z,1.6
2026-08-03T19:59:53.895Z,1.6
2026-08-03T20:00:10.862Z,1.59
2026-08-03T20:00:24.053Z,1.59
2026-08-03T20:00:44.107Z,1.59
2026-08-03T20:00:58Z,1.59
2026-08-03T20:00:59.205Z,1.59
2026-08-03T20:01:14.228Z,1.59
2026-08-03T20:01:29.357Z,1.58
2026-08-03T20:01:44.618Z,1.58
2026-08-03T20:02:00.789Z,1.58
2026-08-03T20:02:15.188Z,1.58
2026-08-03T20:02:29.758Z,1.58
2026-08-03T20:02:44.733Z,1.58
2026-08-03T20:03:04.869Z,1.57
2026-08-03T20:03:20.554Z,1.56
2026-08-03T20:03:39.971Z,1.56
2026-08-03T20:03:55.114Z,1.56
2026-08-03T20:04:10.181Z,1.55
2026-08-03T20:04:30.235Z,1.54
2026-08-03T20:04:50.317Z,1.54
2026-08-03T20:05:08.945Z,1.54
2026-08-03T20:05:25.485Z,1.54
2026-08-03T20:05:45.581Z,1.54
2026-08-03T20:06:00Z,1.54
2026-08-03T20:06:02.666Z,1.54
2026-08-03T20:06:15.753Z,1.53
2026-08-03T20:06:32.914Z,1.53
2026-08-03T20:06:45.949Z,1.52
2026-08-03T20:07:03.089Z,1.52
2026-08-03T20:07:16.099Z,1.52
2026-08-03T20:07:36.128Z,1.51
2026-08-03T20:07:51.189Z,1.51
2026-08-03T20:08:06.295Z,1.51
2026-08-03T20:08:26.377Z,1.5
2026-08-03T20:08:47.196Z,1.5
2026-08-03T20:09:02.465Z,1.5
2026-08-03T20:09:16.58Z,1.49
2026-08-03T20:09:31.688Z,1.48
2026-08-03T20:09:46.743Z,1.48
2026-08-03T20:10:09.036Z,1.48
2026-08-03T20:10:17.135Z,1.48
2026-08-03T20:10:32.132Z,1.48
2026-08-03T20:10:48.201Z,1.47
2026-08-03T20:11:01Z,1.47
2026-08-03T20:11:02.681Z,1.47
2026-08-03T20:11:17.502Z,1.47
2026-08-03T20:11:32.607Z,1.47
2026-08-03T20:11:49.971Z,1.47
2026-08-03T20:12:02.942Z,1.47
2026-08-03T20:12:17.802Z,1.46
2026-08-03T20:12:32.87Z,1.46
2026-08-03T20:12:52.959Z,1.46
2026-08-03T20:13:08.037Z,1.45
2026-08-03T20:13:28.125Z,1.45
2026-08-03T20:13:43.302Z,1.45
2026-08-03T20:13:58.353Z,1.45
2026-08-03T20:14:14.158Z,1.44
2026-08-03T20:14:28.493Z,1.44
2026-08-03T20:14:48.547Z,1.44
2026-08-03T20:15:11.754Z,1.44
2026-08-03T20:15:18.701Z,1.44
2026-08-03T20:15:38.787Z,1.43
2026-08-03T20:15:53Z,1.43
2026-08-03T20:15:53.835Z,1.43
2026-08-03T20:16:08.969Z,1.43
2026-08-03T20:16:24.066Z,1.43
2026-08-03T20:16:44.139Z,1.42
2026-08-03T20:16:59.25Z,1.43
2026-08-03T20:17:14.322Z,1.43
2026-08-03T20:17:29.362Z,1.42
2026-08-03T20:17:44.443Z,1.42
2026-08-03T20:18:04.523Z,1.42
2026-08-03T20:18:24.641Z,1.41
2026-08-03T20:18:44.675Z,1.41
2026-08-03T20:18:59.81Z,1.41
2026-08-03T20:19:14.833Z,1.4
2026-08-03T20:19:34.925Z,1.4
2026-08-03T20:19:55.11Z,1.4
2026-08-03T20:20:13.541Z,1.4
2026-08-03T20:20:30.15Z,1.39
2026-08-03T20:20:45.204Z,1.39
2026-08-03T20:20:59Z,1.39
2026-08-03T20:21:00.297Z,1.39
2026-08-03T20:21:15.348Z,1.39
2026-08-03T20:21:30.496Z,1.39
2026-08-03T20:21:50.524Z,1.39
2026-08-03T20:22:06.346Z,1.38
2026-08-03T20:22:20.686Z,1.38
2026-08-03T20:22:35.749Z,1.38
2026-08-03T20:22:55.906Z,1.38
2026-08-03T20:23:16.055Z,1.37
2026-08-03T20:23:31.121Z,1.37
2026-08-03T20:23:46.202Z,1.37
2026-08-03T20:24:02.959Z,1.37
2026-08-03T20:24:16.3Z,1.36
2026-08-03T20:24:31.375Z,1.36
2026-08-03T20:24:46.475Z,1.36
2026-08-03T20:25:10.559Z,1.36
2026-08-03T20:25:17.029Z,1.35
2026-08-03T20:25:32.393Z,1.35
2026-08-03T20:25:51.833Z,1.35
2026-08-03T20:26:06Z,1.34
2026-08-03T20:26:09.561Z,1.34
2026-08-03T20:26:22.016Z,1.34
2026-08-03T20:26:37.107Z,1.34
2026-08-03T20:26:52.164Z,1.34
2026-08-03T20:27:07.834Z,1.34
2026-08-03T20:27:22.328Z,1.34
2026-08-03T20:27:42.414Z,1.33
2026-08-03T20:27:57.476Z,1.34
2026-08-03T20:28:17.539Z,1.33
2026-08-03T20:28:32.668Z,1.33
2026-08-03T20:28:48.437Z,1.33
2026-08-03T20:29:07.908Z,1.33
2026-08-03T20:29:23.972Z,1.32
2026-08-03T20:29:38.586Z,1.32
2026-08-03T20:29:58.147Z,1.32
2026-08-03T20:30:13.262Z,1.32
2026-08-03T20:30:33.939Z,1.31
2026-08-03T20:30:53.355Z,1.31
2026-08-03T20:31:08Z,1.31
2026-08-03T20:31:08.441Z,1.31
2026-08-03T20:31:29.496Z,1.3
2026-08-03T20:31:43.617Z,1.3
2026-08-03T20:31:58.746Z,1.3
2026-08-03T20:32:13.773Z,1.3
2026-08-03T20:32:33.85Z,1.3
2026-08-03T20:32:48.89Z,1.3
2026-08-03T20:33:03.959Z,1.3
2026-08-03T20:33:24.052Z,1.29
2026-08-03T20:33:44.164Z,1.29
2026-08-03T20:33:59.709Z,1.28
2026-08-03T20:34:19.296Z,1.28
2026-08-03T20:34:34.354Z,1.28
2026-08-03T20:34:49.424Z,1.28
2026-08-03T20:35:11.699Z,1.28
2026-08-03T20:35:19.605Z,1.27
2026-08-03T20:35:34.716Z,1.27
2026-08-03T20:35:54.782Z,1.27
2026-08-03T20:36:09Z,1.27
2026-08-03T20:36:10.342Z,1.27
2026-08-03T20:36:29.964Z,1.27
2026-08-03T20:36:45.049Z,1.27
2026-08-03T20:37:00.101Z,1.26
2026-08-03T20:37:15.272Z,1.26
2026-08-03T20:37:30.366Z,1.25
2026-08-03T20:37:50.429Z,1.25
2026-08-03T20:38:10.494Z,1.25
2026-08-03T20:38:30.654Z,1.25
2026-08-03T20:38:45.711Z,1.25
2026-08-03T20:39:01.103Z,1.25
2026-08-03T20:39:20.884Z,1.25
2026-08-03T20:39:36.658Z,1.24
2026-08-03T20:39:51.026Z,1.24
2026-08-03T20:40:11.099Z,1.24
2026-08-03T20:40:26.207Z,1.24
2026-08-03T20:40:41.316Z,1.24
2026-08-03T20:40:56.673Z,1.23
2026-08-03T20:41:11Z,1.23
2026-08-03T20:41:11.51Z,1.23
2026-08-03T20:41:26.579Z,1.23
2026-08-03T20:41:46.642Z,1.23
2026-08-03T20:42:06.72Z,1.23
2026-08-03T20:42:26.797Z,1.22
2026-08-03T20:42:41.89Z,1.22
2026-08-03T20:42:57.095Z,1.22
2026-08-03T20:43:17.047Z,1.21
2026-08-03T20:43:32.121Z,1.22
2026-08-03T20:43:47.199Z,1.21
2026-08-03T20:44:03.04Z,1.21
2026-08-03T20:44:17.437Z,1.21
2026-08-03T20:44:32.415Z,1.21
2026-08-03T20:44:53.732Z,1.21
2026-08-03T20:45:10.434Z,1.21
2026-08-03T20:45:27.665Z,1.2
2026-08-03T20:45:42.738Z,1.2
2026-08-03T20:45:57.817Z,1.2
2026-08-03T20:46:12Z,1.2
2026-08-03T20:46:12.894Z,1.2
2026-08-03T20:46:33.137Z,1.2
2026-08-03T20:46:48.041Z,1.19
2026-08-03T20:47:03.202Z,1.19
2026-08-03T20:47:23.237Z,1.19
2026-08-03T20:47:38.703Z,1.19
2026-08-03T20:47:58.414Z,1.19
2026-08-03T20:48:13.527Z,1.19
2026-08-03T20:48:28.64Z,1.19
2026-08-03T20:48:48.671Z,1.19
2026-08-03T20:49:04.903Z,1.18
2026-08-03T20:49:19.14Z,1.18
2026-08-03T20:49:33.904Z,1.18
2026-08-03T20:49:53.976Z,1.18
2026-08-03T20:50:09.88Z,1.18
2026-08-03T20:50:29.156Z,1.18
2026-08-03T20:50:49.25Z,1.18
2026-08-03T20:51:03Z,1.17
2026-08-03T20:51:04.289Z,1.17
2026-08-03T20:51:19.422Z,1.17
2026-08-03T20:51:34.512Z,1.17
2026-08-03T20:51:49.612Z,1.17
2026-08-03T20:52:04.68Z,1.17
2026-08-03T20:52:19.723Z,1.17
2026-08-03T20:52:39.808Z,1.16
2026-08-03T20:52:59.898Z,1.16
2026-08-03T20:53:15.157Z,1.16
2026-08-03T20:53:30.705Z,1.16
2026-08-03T20:53:50.225Z,1.16
2026-08-03T20:54:05.328Z,1.16
2026-08-03T20:54:20.379Z,1.16
2026-08-03T20:54:35.46Z,1.16
2026-08-03T20:54:50.515Z,1.16
2026-08-03T20:55:12.78Z,1.15
2026-08-03T20:55:30.721Z,1.15
2026-08-03T20:55:50.78Z,1.15
2026-08-03T20:56:05Z,1.15
2026-08-03T20:56:05.87Z,1.15
2026-08-03T20:56:20.927Z,1.15
2026-08-03T20:56:36.024Z,1.15
2026-08-03T20:56:51.124Z,1.15
2026-08-03T20:57:06.17Z,1.14
2026-08-03T20:57:21.252Z,1.14
2026-08-03T20:57:36.321Z,1.14
2026-08-03T20:57:56.482Z,1.14
2026-08-03T20:58:11.544Z,1.14
2026-08-03T20:58:26.631Z,1.14
2026-08-03T20:58:41.713Z,1.14
2026-08-03T20:59:02.743Z,1.14
2026-08-03T20:59:16.851Z,1.14
2026-08-03T20:59:31.935Z,1.14
2026-08-03T20:59:52.25Z,1.14
2026-08-03T21:00:09.714Z,1.13
2026-08-03T21:00:22.239Z,1.13
2026-08-03T21:00:42.306Z,1.13
2026-08-03T21:01:02.987Z,1.13
2026-08-03T21:01:17Z,1.13
2026-08-03T21:01:17.461Z,1.13
2026-08-03T21:01:32.503Z,1.13
2026-08-03T21:01:52.58Z,1.12
2026-08-03T21:02:07.768Z,1.12
2026-08-03T21:02:22.847Z,1.12
2026-08-03T21:02:37.932Z,1.12
2026-08-03T21:02:53.112Z,1.12
2026-08-03T21:03:08.997Z,1.12
2026-08-03T21:03:23.225Z,1.12
2026-08-03T21:03:38.293Z,1.11
2026-08-03T21:03:53.476Z,1.11
2026-08-03T21:04:08.422Z,1.11
2026-08-03T21:04:23.511Z,1.11
2026-08-03T21:04:38.584Z,1.11
2026-08-03T21:04:53.674Z,1.11
2026-08-03T21:05:11.337Z,1.11
2026-08-03T21:05:23.882Z,1.1
2026-08-03T21:05:38.948Z,1.1
2026-08-03T21:05:54.647Z,1.1
2026-08-03T21:06:08Z,1.1
2026-08-03T21:06:09.775Z,1.1
2026-08-03T21:06:29.195Z,1.1
2026-08-03T21:06:49.248Z,1.09
2026-08-03T21:07:09.351Z,1.09
2026-08-03T21:07:24.417Z,1.09
2026-08-03T21:07:39.483Z,1.09
2026-08-03T21:07:59.568Z,1.09
2026-08-03T21:08:14.681Z,1.09
2026-08-03T21:08:29.725Z,1.08
2026-08-03T21:08:44.806Z,1.08
2026-08-03T21:08:59.886Z,1.08
2026-08-03T21:09:14.961Z,1.08
2026-08-03T21:09:30.051Z,1.08
2026-08-03T21:09:50.136Z,1.08
2026-08-03T21:10:11.973Z,1.08
2026-08-03T21:10:20.257Z,1.07
2026-08-03T21:10:35.392Z,1.07
2026-08-03T21:10:50.416Z,1.07
2026-08-03T21:11:05.488Z,1.07
2026-08-03T21:11:20Z,1.07
2026-08-03T21:11:21.297Z,1.07
2026-08-03T21:11:35.644Z,1.06
2026-08-03T21:11:55.944Z,1.06
2026-08-03T21:12:10.862Z,1.06
2026-08-03T21:12:30.867Z,1.05
2026-08-03T21:12:46.356Z,1.05
2026-08-03T21:13:02.877Z,1.05
2026-08-03T21:13:17.154Z,1.05
2026-08-03T21:13:31.311Z,1.05
2026-08-03T21:13:51.399Z,1.05
2026-08-03T21:14:11.735Z,1.04
2026-08-03T21:14:26.546Z,1.04
2026-08-03T21:14:41.623Z,1.04
2026-08-03T21:14:56.725Z,1.04
2026-08-03T21:15:12.92Z,1.04
2026-08-03T21:15:26.941Z,1.03
2026-08-03T21:15:42.03Z,1.03
2026-08-03T21:15:57.086Z,1.03
2026-08-03T21:16:11Z,1.03
2026-08-03T21:16:12.189Z,1.03
2026-08-03T21:16:27.255Z,1.03
2026-08-03T21:16:44.205Z,1.02
2026-08-03T21:16:57.59Z,1.02
2026-08-03T21:17:12.488Z,1.02
2026-08-03T21:17:27.541Z,1.02
2026-08-03T21:17:42.719Z,1.02
2026-08-03T21:18:02.787Z,1.01
2026-08-03T21:18:17.898Z,1.01
2026-08-03T21:18:32.935Z,1.01
2026-08-03T21:18:48.015Z,1.01
2026-08-03T21:19:08.565Z,1.01
2026-08-03T21:19:23.162Z,1.01
2026-08-03T21:19:38.222Z,1.0
2026-08-03T21:19:53.283Z,1.0
2026-08-03T21:20:09.333Z,1.0
2026-08-03T21:20:23.453Z,1.0
2026-08-03T21:20:38.552Z,1.0
2026-08-03T21:20:58.615Z,1.0
2026-08-03T21:21:13Z,0.99
2026-08-03T21:21:13.703Z,0.99
2026-08-03T21:21:28.936Z,0.99
2026-08-03T21:21:48.972Z,0.99
2026-08-03T21:22:04.309Z,0.99
2026-08-03T21:22:19.106Z,0.98
2026-08-03T21:22:34.192Z,0.98
2026-08-03T21:22:49.266Z,0.98
2026-08-03T21:23:04.596Z,0.98
2026-08-03T21:23:19.413Z,0.98
2026-08-03T21:23:34.462Z,0.97
2026-08-03T21:23:49.548Z,0.97
2026-08-03T21:24:04.667Z,0.97
2026-08-03T21:24:19.742Z,0.97
2026-08-03T21:24:34.802Z,0.97
2026-08-03T21:24:51.705Z,0.97
2026-08-03T21:25:12.725Z,0.97
2026-08-03T21:25:25.156Z,0.97
2026-08-03T21:25:40.155Z,0.96
2026-08-03T21:25:55.294Z,0.96
2026-08-03T21:26:10.312Z,0.96
2026-08-03T21:26:24Z,0.96
2026-08-03T21:26:25.387Z,0.96
2026-08-03T21:26:45.44Z,0.96
2026-08-03T21:27:02.676Z,0.95
2026-08-03T21:27:15.626Z,0.95
2026-08-03T21:27:30.703Z,0.95
2026-08-03T21:27:45.778Z,0.95
2026-08-03T21:28:02.843Z,0.95
2026-08-03T21:28:21.923Z,0.95
2026-08-03T21:28:36.034Z,0.94
2026-08-03T21:28:51.118Z,0.94
2026-08-03T21:29:07.619Z,0.94
2026-08-03T21:29:26.237Z,0.94
2026-08-03T21:29:46.332Z,0.94
2026-08-03T21:30:11.854Z,0.93
2026-08-03T21:30:16.59Z,0.93
2026-08-03T21:30:31.725Z,0.93
2026-08-03T21:30:46.73Z,0.93
2026-08-03T21:31:03.984Z,0.93
2026-08-03T21:31:16Z,0.93
2026-08-03T21:31:16.949Z,0.93
2026-08-03T21:31:32.049Z,0.93
2026-08-03T21:31:53.099Z,0.92
2026-08-03T21:32:07.269Z,0.92
2026-08-03T21:32:22.326Z,0.92
2026-08-03T21:32:42.879Z,0.92
2026-08-03T21:32:57.495Z,0.92
2026-08-03T21:33:12.573Z,0.92
2026-08-03T21:33:32.654Z,0.92
2026-08-03T21:33:47.723Z,0.91
2026-08-03T21:34:07.818Z,0.91
2026-08-03T21:34:22.888Z,0.91
2026-08-03T21:34:37.962Z,0.91
2026-08-03T21:34:53.111Z,0.9
2026-08-03T21:35:11.246Z,0.9
2026-08-03T21:35:23.243Z,0.9
2026-08-03T21:35:38.275Z,0.9
2026-08-03T21:35:53.35Z,0.9
2026-08-03T21:36:08.415Z,0.9
2026-08-03T21:36:28Z,0.89
2026-08-03T21:36:28.487Z,0.89
2026-08-03T21:36:43.573Z,0.89
2026-08-03T21:36:58.636Z,0.89
2026-08-03T21:37:13.792Z,0.89
2026-08-03T21:37:29.395Z,0.88
2026-08-03T21:37:43.971Z,0.88
2026-08-03T21:37:59.027Z,0.88
2026-08-03T21:38:19.093Z,0.88
2026-08-03T21:38:34.281Z,0.88
2026-08-03T21:38:54.247Z,0.88
2026-08-03T21:39:09.36Z,0.87
2026-08-03T21:39:24.405Z,0.87
2026-08-03T21:39:39.491Z,0.87
2026-08-03T21:39:54.59Z,0.87
2026-08-03T21:40:12.465Z,0.86
2026-08-03T21:40:24.757Z,0.86
2026-08-03T21:40:39.852Z,0.86
2026-08-03T21:40:54.93Z,0.86
2026-08-03T21:41:13.934Z,0.86
2026-08-03T21:41:24Z,0.85
2026-08-03T21:41:25.092Z,0.85
2026-08-03T21:41:40.164Z,0.85
2026-08-03T21:41:55.38Z,0.85
2026-08-03T21:42:15.661Z,0.85
2026-08-03T21:42:30.452Z,0.85
2026-08-03T21:42:45.468Z,0.85
2026-08-03T21:43:05.883Z,0.84
2026-08-03T21:43:20.753Z,0.84
2026-08-03T21:43:35.88Z,0.84
2026-08-03T21:43:51.999Z,0.84
2026-08-03T21:44:05.98Z,0.84
2026-08-03T21:44:21.069Z,0.84
2026-08-03T21:44:36.904Z,0.83
2026-08-03T21:44:56.254Z,0.83
2026-08-03T21:45:12.461Z,0.83
2026-08-03T21:45:26.419Z,0.83
2026-08-03T21:45:41.537Z,0.83
2026-08-03T21:45:57.53Z,0.83
2026-08-03T21:46:12.791Z,0.83
2026-08-03T21:46:31Z,0.83
2026-08-03T21:46:31.781Z,0.83
2026-08-03T21:46:51.888Z,0.83
2026-08-03T21:47:06.97Z,0.82
2026-08-03T21:47:23.972Z,0.82
2026-08-03T21:47:37.143Z,0.82
2026-08-03T21:47:52.236Z,0.82
2026-08-03T21:48:07.328Z,0.82
2026-08-03T21:48:22.41Z,0.82
2026-08-03T21:48:42.456Z,0.82
2026-08-03T21:48:57.649Z,0.82
2026-08-03T21:49:17.753Z,0.82
2026-08-03T21:49:32.802Z,0.82
2026-08-03T21:49:48.475Z,0.81
2026-08-03T21:50:11.705Z,0.81
2026-08-03T21:50:18.124Z,0.81
2026-08-03T21:50:33.243Z,0.81
2026-08-03T21:50:48.266Z,0.81
2026-08-03T21:51:03.7Z,0.81
2026-08-03T21:51:18.43Z,0.8
2026-08-03T21:51:33Z,0.8
2026-08-03T21:51:33.509Z,0.8
2026-08-03T21:51:48.565Z,0.8
2026-08-03T21:52:03.687Z,0.8
2026-08-03T21:52:18.989Z,0.8
2026-08-03T21:52:38.827Z,0.8
2026-08-03T21:52:53.97Z,0.8
2026-08-03T21:53:08.981Z,0.8
2026-08-03T21:53:29.068Z,0.79
2026-08-03T21:53:49.145Z,0.79
2026-08-03T21:54:04.221Z,0.79
2026-08-03T21:54:19.316Z,0.79
2026-08-03T21:54:35.243Z,0.79
2026-08-03T21:54:49.6Z,0.79
2026-08-03T21:55:10.935Z,0.78
2026-08-03T21:55:24.766Z,0.78
2026-08-03T21:55:39.869Z,0.78
2026-08-03T21:55:54.895Z,0.78
2026-08-03T21:56:09.974Z,0.78
2026-08-03T21:56:24Z,0.78
2026-08-03T21:56:25.074Z,0.78
2026-08-03T21:56:40.156Z,0.77
2026-08-03T21:56:55.204Z,0.77
2026-08-03T21:57:10.363Z,0.77
2026-08-03T21:57:25.38Z,0.77
2026-08-03T21:57:40.453Z,0.77
2026-08-03T21:58:02.757Z,0.77
2026-08-03T21:58:20.763Z,0.76
2026-08-03T21:58:35.708Z,0.76
2026-08-03T21:58:50.792Z,0.76
2026-08-03T21:59:05.84Z,0.76
2026-08-03T21:59:20.893Z,0.76
2026-08-03T21:59:41.106Z,0.76
2026-08-03T22:00:10.745Z,0.76
2026-08-03T22:00:16.141Z,0.75
2026-08-03T22:00:31.709Z,0.75
2026-08-03T22:00:51.312Z,0.75
2026-08-03T22:01:06.399Z,0.75
2026-08-03T22:01:21.538Z,0.75
2026-08-03T22:01:36Z,0.75
2026-08-03T22:01:36.534Z,0.75
2026-08-03T22:01:51.624Z,0.75
2026-08-03T22:02:06.726Z,0.75
2026-08-03T22:02:26.803Z,0.74
2026-08-03T22:02:41.891Z,0.74
2026-08-03T22:02:56.975Z,0.74
2026-08-03T22:03:12.171Z,0.74
2026-08-03T22:03:27.152Z,0.74
2026-08-03T22:03:47.197Z,0.74
2026-08-03T22:04:04.157Z,0.74
2026-08-03T22:04:18.614Z,0.74
2026-08-03T22:04:32.535Z,0.74
2026-08-03T22:04:52.549Z,0.74
2026-08-03T22:05:12.613Z,0.74
2026-08-03T22:05:27.709Z,0.74
2026-08-03T22:05:42.771Z,0.73
2026-08-03T22:05:57.851Z,0.73
2026-08-03T22:06:12.941Z,0.73
2026-08-03T22:06:27Z,0.73
2026-08-03T22:06:28.444Z,0.73
2026-08-03T22:06:43.125Z,0.73
2026-08-03T22:06:58.287Z,0.73
2026-08-03T22:07:13.31Z,0.73
2026-08-03T22:07:33.405Z,0.73
2026-08-03T22:07:53.473Z,0.73
2026-08-03T22:08:13.55Z,0.72
2026-08-03T22:08:28.662Z,0.72
2026-08-03T22:08:48.693Z,0.72
2026-08-03T22:09:03.914Z,0.72
2026-08-03T22:09:18.969Z,0.72
2026-08-03T22:09:34.046Z,0.72
2026-08-03T22:09:49.467Z,0.72
2026-08-03T22:10:12.024Z,0.72
2026-08-03T22:10:19.346Z,0.72
2026-08-03T22:10:34.404Z,0.72
2026-08-03T22:10:54.506Z,0.72
2026-08-03T22:11:09.55Z,0.72
2026-08-03T22:11:24Z,0.72
2026-08-03T22:11:26.035Z,0.72
2026-08-03T22:11:44.724Z,0.72
2026-08-03T22:11:59.766Z,0.72
2026-08-03T22:12:14.934Z,0.72
2026-08-03T22:12:29.974Z,0.71
2026-08-03T22:12:50.029Z,0.71
2026-08-03T22:13:05.144Z,0.71
2026-08-03T22:13:25.243Z,0.71
2026-08-03T22:13:40.261Z,0.71
2026-08-03T22:14:00.336Z,0.71
2026-08-03T22:14:15.41Z,0.71
2026-08-03T22:14:30.497Z,0.71
2026-08-03T22:14:45.583Z,0.7
2026-08-03T22:15:12.819Z,0.7
2026-08-03T22:15:25.791Z,0.7
2026-08-03T22:15:47.355Z,0.7
2026-08-03T22:16:02.699Z,0.7
2026-08-03T22:16:20.981Z,0.7
2026-08-03T22:16:40Z,0.7
2026-08-03T22:16:41.087Z,0.7
2026-08-03T22:16:56.163Z,0.7
2026-08-03T22:17:11.896Z,0.69
2026-08-03T22:17:26.318Z,0.69
2026-08-03T22:17:46.45Z,0.69
2026-08-03T22:18:06.956Z,0.69
2026-08-03T22:18:21.566Z,0.69
2026-08-03T22:18:36.646Z,0.69
2026-08-03T22:18:53.006Z,0.68
2026-08-03T22:19:06.911Z,0.68
2026-08-03T22:19:22.007Z,0.68
2026-08-03T22:19:42.071Z,0.68
2026-08-03T22:19:57.139Z,0.68
2026-08-03T22:20:17.324Z,0.68
2026-08-03T22:20:32.302Z,0.68
2026-08-03T22:20:47.445Z,0.68
2026-08-03T22:21:02.761Z,0.68
2026-08-03T22:21:17.52Z,0.67
2026-08-03T22:21:32Z,0.67
2026-08-03T22:21:32.621Z,0.67
2026-08-03T22:21:47.697Z,0.67
2026-08-03T22:22:07.79Z,0.67
2026-08-03T22:22:27.841Z,0.67
2026-08-03T22:22:42.935Z,0.67
2026-08-03T22:22:58.011Z,0.67
2026-08-03T22:23:19.457Z,0.67
2026-08-03T22:23:33.232Z,0.67
2026-08-03T22:23:53.249Z,0.67
2026-08-03T22:24:08.323Z,0.66
2026-08-03T22:24:23.396Z,0.66
2026-08-03T22:24:38.505Z,0.66
2026-08-03T22:24:53.639Z,0.66
2026-08-03T22:25:13.771Z,0.66
2026-08-03T22:25:34.084Z,0.66
2026-08-03T22:25:49.082Z,0.66
2026-08-03T22:26:04.266Z,0.66
2026-08-03T22:26:24.199Z,0.66
2026-08-03T22:26:43Z,0.66
2026-08-03T22:26:44.321Z,0.66
2026-08-03T22:26:59.363Z,0.66
2026-08-03T22:27:19.47Z,0.66
2026-08-03T22:27:34.517Z,0.66
2026-08-03T22:27:49.587Z,0.65
2026-08-03T22:28:04.664Z,0.65
2026-08-03T22:28:19.755Z,0.65
2026-08-03T22:28:35.778Z,0.65
2026-08-03T22:28:49.892Z,0.65
2026-08-03T22:29:04.972Z,0.65
2026-08-03T22:29:25.056Z,0.65
2026-08-03T22:29:40.139Z,0.65
2026-08-03T22:29:55.179Z,0.65
2026-08-03T22:30:13.031Z,0.65
2026-08-03T22:30:25.41Z,0.65
2026-08-03T22:30:40.766Z,0.64
2026-08-03T22:31:00.495Z,0.64
2026-08-03T22:31:15.553Z,0.64
2026-08-03T22:31:30Z,0.64
2026-08-03T22:31:31.206Z,0.64
2026-08-03T22:31:51.095Z,0.64
2026-08-03T22:32:11.214Z,0.64
2026-08-03T22:32:25.857Z,0.64
2026-08-03T22:32:40.977Z,0.64
2026-08-03T22:32:56.029Z,0.64
2026-08-03T22:33:11.096Z,0.64
2026-08-03T22:33:31.181Z,0.64
2026-08-03T22:33:46.298Z,0.64
2026-08-03T22:34:06.409Z,0.63
2026-08-03T22:34:22.287Z,0.63
2026-08-03T22:34:36.553Z,0.63
2026-08-03T22:34:51.576Z,0.63
2026-08-03T22:35:11.643Z,0.63
2026-08-03T22:35:26.721Z,0.63
2026-08-03T22:35:43.462Z,0.63
2026-08-03T22:36:03.07Z,0.63
2026-08-03T22:36:16.979Z,0.63
2026-08-03T22:36:31Z,0.63
2026-08-03T22:36:32.075Z,0.63
2026-08-03T22:36:52.148Z,0.63
2026-08-03T22:37:12.251Z,0.63
2026-08-03T22:37:27.302Z,0.62
2026-08-03T22:37:47.413Z,0.62
2026-08-03T22:38:03.243Z,0.62
2026-08-03T22:38:22.525Z,0.62
2026-08-03T22:38:37.802Z,0.62
2026-08-03T22:38:52.769Z,0.62
2026-08-03T22:39:12.832Z,0.62
2026-08-03T22:39:33.02Z,0.61
2026-08-03T22:39:47.976Z,0.61
2026-08-03T22:40:10.599Z,0.61
2026-08-03T22:40:23.201Z,0.61
2026-08-03T22:40:38.41Z,0.61
2026-08-03T22:40:53.312Z,0.61
2026-08-03T22:41:13.387Z,0.61
2026-08-03T22:41:28.453Z,0.61
2026-08-03T22:41:43Z,0.61
2026-08-03T22:41:43.526Z,0.61
2026-08-03T22:41:58.767Z,0.61
2026-08-03T22:42:13.844Z,0.6
2026-08-03T22:42:28.888Z,0.6
2026-08-03T22:42:43.969Z,0.6
2026-08-03T22:43:04.051Z,0.6
2026-08-03T22:43:19.095Z,0.6
2026-08-03T22:43:34.168Z,0.6
2026-08-03T22:43:49.249Z,0.6
2026-08-03T22:44:04.359Z,0.6
2026-08-03T22:44:19.416Z,0.6
2026-08-03T22:44:34.474Z,0.6
2026-08-03T22:44:54.597Z,0.6
2026-08-03T22:45:11.728Z,0.6
2026-08-03T22:45:24.726Z,0.59
2026-08-03T22:45:39.802Z,0.59
2026-08-03T22:45:54.919Z,0.59
2026-08-03T22:46:10.269Z,0.59
2026-08-03T22:46:30.123Z,0.59
2026-08-03T22:46:44Z,0.59
2026-08-03T22:46:45.182Z,0.59
2026-08-03T22:47:00.426Z,0.59
2026-08-03T22:47:15.334Z,0.59
2026-08-03T22:47:35.514Z,0.59
2026-08-03T22:47:50.982Z,0.59
2026-08-03T22:48:10.486Z,0.59
2026-08-03T22:48:25.599Z,0.59
2026-08-03T22:48:40.648Z,0.59
2026-08-03T22:48:55.768Z,0.58
2026-08-03T22:49:10.815Z,0.58
2026-08-03T22:49:30.859Z,0.58
2026-08-03T22:49:50.946Z,0.58
2026-08-03T22:50:11.201Z,0.58
2026-08-03T22:50:21.113Z,0.58
2026-08-03T22:50:36.193Z,0.58
2026-08-03T22:50:51.296Z,0.58
2026-08-03T22:51:06.332Z,0.58
2026-08-03T22:51:21.427Z,0.58
2026-08-03T22:51:41Z,0.58
2026-08-03T22:51:41.488Z,0.58
2026-08-03T22:51:56.586Z,0.58
2026-08-03T22:52:16.632Z,0.58
2026-08-03T22:52:31.716Z,0.58
2026-08-03T22:52:46.788Z,0.58
2026-08-03T22:53:06.877Z,0.58
2026-08-03T22:53:22.019Z,0.58
2026-08-03T22:53:37.095Z,0.58
2026-08-03T22:53:52.171Z,0.57
2026-08-03T22:54:09.418Z,0.57
2026-08-03T22:54:27.371Z,0.57
2026-08-03T22:54:42.391Z,0.57
2026-08-03T22:54:57.679Z,0.57
2026-08-03T22:55:13.193Z,0.57
2026-08-03T22:55:27.622Z,0.57
2026-08-03T22:55:42.71Z,0.57
2026-08-03T22:56:03.894Z,0.57
2026-08-03T22:56:17.886Z,0.57
2026-08-03T22:56:32.936Z,0.57
2026-08-03T22:56:47Z,0.57
2026-08-03T22:56:48.025Z,0.57
2026-08-03T22:57:04.178Z,0.57
2026-08-03T22:57:23.213Z,0.57
2026-08-03T22:57:38.259Z,0.57
2026-08-03T22:57:58.318Z,0.57
2026-08-03T22:58:18.397Z,0.57
2026-08-03T22:58:33.497Z,0.57
2026-08-03T22:58:53.546Z,0.56
2026-08-03T22:59:08.618Z,0.56
2026-08-03T22:59:23.761Z,0.56
2026-08-03T22:59:38.782Z,0.56
2026-08-03T22:59:58.838Z,0.56
2026-08-03T23:00:13.973Z,0.56
2026-08-03T23:00:34.03Z,0.56
2026-08-03T23:00:49.147Z,0.56
2026-08-03T23:01:04.196Z,0.56
2026-08-03T23:01:19.249Z,0.56
2026-08-03T23:01:39.343Z,0.56
2026-08-03T23:01:54Z,0.56
2026-08-03T23:01:54.426Z,0.56
2026-08-03T23:02:09.495Z,0.56
2026-08-03T23:02:24.571Z,0.56
2026-08-03T23:02:39.679Z,0.56
2026-08-03T23:02:54.717Z,0.56
2026-08-03T23:03:09.885Z,0.55
2026-08-03T23:03:24.923Z,0.55
2026-08-03T23:03:45.058Z,0.55
2026-08-03T23:04:05.53Z,0.55
2026-08-03T23:04:25.233Z,0.55
2026-08-03T23:04:40.322Z,0.55
2026-08-03T23:04:55.314Z,0.55
2026-08-03T23:05:15.408Z,0.55
2026-08-03T23:05:30.534Z,0.55
2026-08-03T23:05:45.603Z,0.55
2026-08-03T23:06:02.608Z,0.55
2026-08-03T23:06:17.26Z,0.55
2026-08-03T23:06:35.837Z,0.55
2026-08-03T23:06:50Z,0.55
2026-08-03T23:06:50.901Z,0.55
2026-08-03T23:07:05.986Z,0.55
2026-08-03T23:07:26.079Z,0.54
2026-08-03T23:07:41.156Z,0.54
2026-08-03T23:07:56.274Z,0.54
2026-08-03T23:08:11.374Z,0.54
2026-08-03T23:08:26.464Z,0.54
2026-08-03T23:08:46.551Z,0.54
2026-08-03T23:09:03.137Z,0.54
2026-08-03T23:09:16.706Z,0.54
2026-08-03T23:09:31.803Z,0.54
2026-08-03T23:09:46.88Z,0.54
2026-08-03T23:10:11.642Z,0.54
2026-08-03T23:10:22.061Z,0.54
2026-08-03T23:10:37.159Z,0.54
2026-08-03T23:10:52.197Z,0.54
2026-08-03T23:11:12.314Z,0.54
2026-08-03T23:11:32.381Z,0.54
2026-08-03T23:11:47Z,0.54
2026-08-03T23:11:47.427Z,0.54
2026-08-03T23:12:02.993Z,0.54
2026-08-03T23:12:17.589Z,0.54
2026-08-03T23:12:32.754Z,0.54
2026-08-03T23:12:47.835Z,0.54
2026-08-03T23:13:02.958Z,0.53
2026-08-03T23:13:17.988Z,0.53
2026-08-03T23:13:33.23Z,0.53
2026-08-03T23:13:48.26Z,0.53
2026-08-03T23:14:03.278Z,0.53
2026-08-03T23:14:18.356Z,0.53
2026-08-03T23:14:33.455Z,0.53
2026-08-03T23:14:48.532Z,0.53
2026-08-03T23:15:12.912Z,0.53
2026-08-03T23:15:23.727Z,0.53
2026-08-03T23:15:38.802Z,0.53
2026-08-03T23:15:53.872Z,0.53
2026-08-03T23:16:08.943Z,0.53
2026-08-03T23:16:24.037Z,0.53
2026-08-03T23:16:39.113Z,0.53
2026-08-03T23:16:53Z,0.53
2026-08-03T23:16:54.194Z,0.53
2026-08-03T23:17:09.281Z,0.53
2026-08-03T23:17:24.354Z,0.53
2026-08-03T23:17:39.444Z,0.53
2026-08-03T23:17:54.523Z,0.53
2026-08-03T23:18:09.67Z,0.53
2026-08-03T23:18:24.669Z,0.53
2026-08-03T23:18:45.054Z,0.53
2026-08-03T23:19:00.49Z,0.53
2026-08-03T23:19:19.91Z,0.53
2026-08-03T23:19:35.022Z,0.53
2026-08-03T23:19:50.163Z,0.53
2026-08-03T23:20:12.072Z,0.53
2026-08-03T23:20:20.378Z,0.53
2026-08-03T23:20:35.495Z,0.53
2026-08-03T23:20:50.556Z,0.52
2026-08-03T23:21:05.968Z,0.53
2026-08-03T23:21:20.686Z,0.53
2026-08-03T23:21:35.797Z,0.52
2026-08-03T23:21:55Z,0.52
2026-08-03T23:21:55.831Z,0.52
2026-08-03T23:22:11.416Z,0.52
2026-08-03T23:22:31.038Z,0.52
2026-08-03T23:22:46.119Z,0.52
2026-08-03T23:23:02.541Z,0.52
2026-08-03T23:23:16.754Z,0.52
2026-08-03T23:23:31.372Z,0.52
2026-08-03T23:23:52.074Z,0.52
2026-08-03T23:24:06.506Z,0.52
2026-08-03T23:24:26.579Z,0.52
2026-08-03T23:24:41.692Z,0.52
2026-08-03T23:25:12.015Z,0.52
2026-08-03T23:25:21.83Z,0.52
2026-08-03T23:25:36.899Z,0.52
2026-08-03T23:25:51.955Z,0.52
2026-08-03T23:26:07.035Z,0.52
2026-08-03T23:26:22.129Z,0.52
2026-08-03T23:26:37.209Z,0.52
2026-08-03T23:26:51Z,0.52
2026-08-03T23:26:52.307Z,0.52
2026-08-03T23:27:07.332Z,0.52
2026-08-03T23:27:22.457Z,0.51
2026-08-03T23:27:42.549Z,0.51
2026-08-03T23:28:03.363Z,0.51
2026-08-03T23:28:18.223Z,0.51
2026-08-03T23:28:37.756Z,0.51
2026-08-03T23:28:57.823Z,0.51
2026-08-03T23:29:17.951Z,0.51
2026-08-03T23:29:32.977Z,0.51
2026-08-03T23:29:48.129Z,0.51
2026-08-03T23:30:12.923Z,0.51
2026-08-03T23:30:23.262Z,0.51
2026-08-03T23:30:38.344Z,0.51
2026-08-03T23:30:53.375Z,0.5
2026-08-03T23:31:13.524Z,0.5
2026-08-03T23:31:29.416Z,0.5
2026-08-03T23:31:43.674Z,0.5
2026-08-03T23:32:03Z,0.5
2026-08-03T23:32:03.743Z,0.5
2026-08-03T23:32:18.805Z,0.5
2026-08-03T23:32:33.872Z,0.5
2026-08-03T23:32:48.95Z,0.5
2026-08-03T23:33:09.051Z,0.5
2026-08-03T23:33:24.104Z,0.5
2026-08-03T23:33:39.159Z,0.5
2026-08-03T23:33:54.242Z,0.5
2026-08-03T23:34:14.326Z,0.5
2026-08-03T23:34:29.437Z,0.5
2026-08-03T23:34:44.638Z,0.5
2026-08-03T23:34:59.758Z,0.5
2026-08-03T23:35:20Z,0.5
2026-08-03T23:35:34.85Z,0.5
2026-08-03T23:35:49.936Z,0.5
2026-08-03T23:36:05.011Z,0.5
2026-08-03T23:36:20.107Z,0.5
2026-08-03T23:36:35.228Z,0.5
2026-08-03T23:36:54Z,0.5
2026-08-03T23:36:55.268Z,0.5
2026-08-03T23:37:10.348Z,0.5
2026-08-03T23:37:25.408Z,0.5
2026-08-03T23:37:40.481Z,0.5
2026-08-03T23:37:55.559Z,0.5
2026-08-03T23:38:10.632Z,0.5
2026-08-03T23:38:25.724Z,0.5
2026-08-03T23:38:40.792Z,0.5
2026-08-03T23:38:55.979Z,0.5
2026-08-03T23:39:11.074Z,0.5
2026-08-03T23:39:26.147Z,0.5
2026-08-03T23:39:41.284Z,0.5
2026-08-03T23:40:08.016Z,0.5
2026-08-03T23:40:16.427Z,0.5
2026-08-03T23:40:36.508Z,0.5
2026-08-03T23:40:56.578Z,0.5
2026-08-03T23:41:16.662Z,0.5
2026-08-03T23:41:31.751Z,0.5
2026-08-03T23:41:51.814Z,0.5
2026-08-03T23:42:06Z,0.49
2026-08-03T23:42:07.134Z,0.49
2026-08-03T23:42:22.014Z,0.49
2026-08-03T23:42:37.147Z,0.49
2026-08-03T23:42:52.259Z,0.49
2026-08-03T23:43:12.248Z,0.49
2026-08-03T23:43:27.349Z,0.49
2026-08-03T23:43:42.418Z,0.49
2026-08-03T23:44:04.061Z,0.49
2026-08-03T23:44:22.556Z,0.49
2026-08-03T23:44:42.659Z,0.49
2026-08-03T23:45:12.149Z,0.49
2026-08-03T23:45:17.796Z,0.49
2026-08-03T23:45:32.873Z,0.49
2026-08-03T23:45:48.198Z,0.49
2026-08-03T23:46:09.56Z,0.49
2026-08-03T23:46:23.092Z,0.49
2026-08-03T23:46:43.157Z,0.49
2026-08-03T23:46:57Z,0.49
2026-08-03T23:46:58.28Z,0.49
2026-08-03T23:47:13.343Z,0.49
2026-08-03T23:47:28.945Z,0.49
2026-08-03T23:47:43.689Z,0.49
2026-08-03T23:47:58.711Z,0.49
2026-08-03T23:48:13.787Z,0.49
2026-08-03T23:48:35.678Z,0.49
2026-08-03T23:48:49.219Z,0.48
2026-08-03T23:49:04.23Z,0.48
2026-08-03T23:49:19.299Z,0.48
2026-08-03T23:49:34.389Z,0.48
2026-08-03T23:49:49.465Z,0.48
2026-08-03T23:50:11.5Z,0.48
2026-08-03T23:50:19.63Z,0.48
2026-08-03T23:50:34.744Z,0.48
2026-08-03T23:50:49.795Z,0.48
2026-08-03T23:51:09.882Z,0.48
2026-08-03T23:51:31.313Z,0.48
2026-08-03T23:51:50.02Z,0.48
2026-08-03T23:52:04Z,0.48
2026-08-03T23:52:05.139Z,0.48
2026-08-03T23:52:25.198Z,0.48
2026-08-03T23:52:40.281Z,0.47
2026-08-03T23:52:55.41Z,0.48
2026-08-03T23:53:10.488Z,0.47
2026-08-03T23:53:30.572Z,0.47
2026-08-03T23:53:45.654Z,0.47
2026-08-03T23:54:02.602Z,0.47
2026-08-03T23:54:20.821Z,0.47
2026-08-03T23:54:40.878Z,0.47
2026-08-03T23:54:55.971Z,0.47
2026-08-03T23:55:12.907Z,0.47
2026-08-03T23:55:26.146Z,0.47
2026-08-03T23:55:41.214Z,0.47
2026-08-03T23:55:56.287Z,0.47
2026-08-03T23:56:11.351Z,0.47
2026-08-03T23:56:26.467Z,0.47
2026-08-03T23:56:46.896Z,0.46
2026-08-03T23:57:01Z,0.46
2026-08-03T23:57:02.714Z,0.46
2026-08-03T23:57:16.668Z,0.46
2026-08-03T23:57:36.739Z,0.46
2026-08-03T23:57:52.668Z,0.46
2026-08-03T23:58:06.948Z,0.46
2026-08-03T23:58:22.11Z,0.46
2026-08-03T23:58:38.177Z,0.46
2026-08-03T23:58:57.268Z,0.46
2026-08-03T23:59:12.304Z,0.46
2026-08-03T23:59:27.408Z,0.46
2026-08-03T23:59:47.509Z,0.46
2026-08-04T00:00:12.794Z,0.46
2026-08-04T00:00:17.633Z,0.46
2026-08-04T00:00:32.695Z,0.45
2026-08-04T00:00:48.118Z,0.45
2026-08-04T00:01:02.995Z,0.45
2026-08-04T00:01:17.944Z,0.45
2026-08-04T00:01:38.013Z,0.45
2026-08-04T00:01:54.045Z,0.45
2026-08-04T00:02:07Z,0.45
2026-08-04T00:02:08.848Z,0.45
2026-08-04T00:02:23.339Z,0.45
2026-08-04T00:02:43.378Z,0.45
2026-08-04T00:02:58.459Z,0.45
2026-08-04T00:03:13.506Z,0.45
2026-08-04T00:03:28.589Z,0.45
2026-08-04T00:03:48.86Z,0.45
2026-08-04T00:04:03.742Z,0.45
2026-08-04T00:04:18.893Z,0.45
2026-08-04T00:04:33.956Z,0.45
2026-08-04T00:04:53.941Z,0.45
2026-08-04T00:05:10.541Z,0.45
2026-08-04T00:05:19.139Z,0.45
2026-08-04T00:05:34.242Z,0.45
2026-08-04T00:05:54.314Z,0.45
2026-08-04T00:06:14.385Z,0.45
2026-08-04T00:06:34.468Z,0.44
2026-08-04T00:06:49.661Z,0.44
2026-08-04T00:07:04Z,0.44
2026-08-04T00:07:04.882Z,0.44
2026-08-04T00:07:19.765Z,0.44
2026-08-04T00:07:39.838Z,0.44
2026-08-04T00:07:59.922Z,0.44
2026-08-04T00:08:20.008Z,0.44
2026-08-04T00:08:40.116Z,0.44
2026-08-04T00:08:55.164Z,0.44
2026-08-04T00:09:10.355Z,0.44
2026-08-04T00:09:25.73Z,0.44
2026-08-04T00:09:40.489Z,0.44
2026-08-04T00:09:55.5Z,0.44
2026-08-04T00:10:12.509Z,0.44
2026-08-04T00:10:25.682Z,0.44
2026-08-04T00:10:40.791Z,0.44
2026-08-04T00:11:03.009Z,0.44
2026-08-04T00:11:20.932Z,0.44
2026-08-04T00:11:36.062Z,0.44
2026-08-04T00:11:56.138Z,0.44
2026-08-04T00:12:15Z,0.44
2026-08-04T00:12:16.274Z,0.44
2026-08-04T00:12:31.33Z,0.44
2026-08-04T00:12:46.428Z,0.44
2026-08-04T00:13:02.854Z,0.44
2026-08-04T00:13:19.027Z,0.44
2026-08-04T00:13:36.616Z,0.44
2026-08-04T00:13:56.703Z,0.44
2026-08-04T00:14:11.794Z,0.44
2026-08-04T00:14:31.847Z,0.44
2026-08-04T00:14:46.93Z,0.44
2026-08-04T00:15:12.429Z,0.44
2026-08-04T00:15:22.109Z,0.44
2026-08-04T00:15:37.168Z,0.44
2026-08-04T00:15:52.275Z,0.44
2026-08-04T00:16:12.33Z,0.44
2026-08-04T00:16:32.499Z,0.44
2026-08-04T00:16:47.514Z,0.44
2026-08-04T00:17:07Z,0.44
2026-08-04T00:17:07.614Z,0.44
2026-08-04T00:17:27.716Z,0.44
2026-08-04T00:17:42.743Z,0.44
2026-08-04T00:17:57.854Z,0.44
2026-08-04T00:18:12.901Z,0.44
2026-08-04T00:18:28.149Z,0.44
2026-08-04T00:18:48.059Z,0.44
2026-08-04T00:19:08.182Z,0.44
2026-08-04T00:19:23.903Z,0.44
2026-08-04T00:19:38.292Z,0.44
2026-08-04T00:19:53.354Z,0.44
2026-08-04T00:20:12.616Z,0.44
2026-08-04T00:20:23.513Z,0.44
2026-08-04T00:20:38.722Z,0.43
2026-08-04T00:20:53.785Z,0.43
2026-08-04T00:21:08.861Z,0.43
2026-08-04T00:21:24.889Z,0.43
2026-08-04T00:21:39.187Z,0.43
2026-08-04T00:21:54.215Z,0.43
2026-08-04T00:22:08Z,0.43
2026-08-04T00:22:09.26Z,0.43
2026-08-04T00:22:24.586Z,0.43
2026-08-04T00:22:39.436Z,0.43
2026-08-04T00:22:59.467Z,0.43
2026-08-04T00:23:14.54Z,0.43
2026-08-04T00:23:29.895Z,0.43
2026-08-04T00:23:44.699Z,0.43
2026-08-04T00:23:59.787Z,0.43
2026-08-04T00:24:14.869Z,0.43
2026-08-04T00:24:34.941Z,0.43
2026-08-04T00:24:50.042Z,0.43
2026-08-04T00:25:07.525Z,0.43
2026-08-04T00:25:25.194Z,0.43
2026-08-04T00:25:40.244Z,0.43
2026-08-04T00:25:55.475Z,0.43
2026-08-04T00:26:15.609Z,0.43
2026-08-04T00:26:32.464Z,0.43
2026-08-04T00:26:45.702Z,0.43
2026-08-04T00:27:02.822Z,0.43
2026-08-04T00:27:15Z,0.43
2026-08-04T00:27:15.896Z,0.43
2026-08-04T00:27:30.944Z,0.43
2026-08-04T00:27:46.022Z,0.43
2026-08-04T00:28:06.098Z,0.43
2026-08-04T00:28:21.185Z,0.43
2026-08-04T00:28:36.261Z,0.44
2026-08-04T00:28:51.379Z,0.43
2026-08-04T00:29:06.495Z,0.43
2026-08-04T00:29:21.806Z,0.43
2026-08-04T00:29:36.665Z,0.43
2026-08-04T00:29:57.619Z,0.43
2026-08-04T00:30:16.913Z,0.43
2026-08-04T00:30:31.918Z,0.43
2026-08-04T00:30:46.99Z,0.43
2026-08-04T00:31:03.256Z,0.43
2026-08-04T00:31:17.1Z,0.43
2026-08-04T00:31:32.181Z,0.43
2026-08-04T00:31:47.235Z,0.43
2026-08-04T00:32:07.322Z,0.43
2026-08-04T00:32:21Z,0.43
2026-08-04T00:32:22.39Z,0.43
2026-08-04T00:32:43.014Z,0.43
2026-08-04T00:33:03.458Z,0.43
2026-08-04T00:33:22.634Z,0.43
2026-08-04T00:33:43.031Z,0.43
2026-08-04T00:33:57.759Z,0.43
2026-08-04T00:34:12.851Z,0.43
2026-08-04T00:34:27.973Z,0.43
2026-08-04T00:34:48.075Z,0.43
2026-08-04T00:35:12.411Z,0.43
2026-08-04T00:35:23.2Z,0.43
2026-08-04T00:35:38.225Z,0.43
2026-08-04T00:35:53.352Z,0.43
2026-08-04T00:36:10.145Z,0.43
2026-08-04T00:36:23.479Z,0.43
2026-08-04T00:36:38.605Z,0.43
2026-08-04T00:36:53.636Z,0.43
2026-08-04T00:37:08Z,0.43
2026-08-04T00:37:08.717Z,0.43
2026-08-04T00:37:28.807Z,0.43
2026-08-04T00:37:43.957Z,0.43
2026-08-04T00:37:58.971Z,0.43
2026-08-04T00:38:19.029Z,0.43
2026-08-04T00:38:39.13Z,0.43
2026-08-04T00:38:54.364Z,0.43
2026-08-04T00:39:09.278Z,0.43
2026-08-04T00:39:29.404Z,0.43
2026-08-04T00:39:44.468Z,0.43
2026-08-04T00:39:59.5Z,0.43
2026-08-04T00:40:19.657Z,0.43
2026-08-04T00:40:34.652Z,0.43
2026-08-04T00:40:49.732Z,0.43
2026-08-04T00:41:09.911Z,0.43
2026-08-04T00:41:24.948Z,0.43
2026-08-04T00:41:40.009Z,0.43
2026-08-04T00:41:55.386Z,0.43
2026-08-04T00:42:09Z,0.43
2026-08-04T00:42:10.244Z,0.43
2026-08-04T00:42:30.385Z,0.43
2026-08-04T00:42:45.459Z,0.43
2026-08-04T00:43:05.546Z,0.43
2026-08-04T00:43:20.707Z,0.43
2026-08-04T00:43:40.777Z,0.43
2026-08-04T00:43:55.849Z,0.43
2026-08-04T00:44:10.912Z,0.43
2026-08-04T00:44:25.994Z,0.43
2026-08-04T00:44:41.082Z,0.43
2026-08-04T00:44:56.154Z,0.43
2026-08-04T00:45:11.876Z,0.43
2026-08-04T00:45:31.299Z,0.43
2026-08-04T00:45:46.381Z,0.43
2026-08-04T00:46:02.816Z,0.43
2026-08-04T00:46:21.537Z,0.43
2026-08-04T00:46:41.608Z,0.43
2026-08-04T00:46:56.679Z,0.43
2026-08-04T00:47:11Z,0.43
2026-08-04T00:47:11.801Z,0.43
2026-08-04T00:47:31.866Z,0.43
2026-08-04T00:47:47.006Z,0.43
2026-08-04T00:48:07.149Z,0.43
2026-08-04T00:48:22.948Z,0.43
2026-08-04T00:48:37.204Z,0.43
2026-08-04T00:48:52.286Z,0.43
2026-08-04T00:49:07.363Z,0.43
2026-08-04T00:49:22.726Z,0.43
2026-08-04T00:49:37.549Z,0.43
2026-08-04T00:49:57.593Z,0.43
2026-08-04T00:50:13.686Z,0.43
2026-08-04T00:50:32.768Z,0.43
2026-08-04T00:50:47.969Z,0.43
2026-08-04T00:51:03.017Z,0.43
2026-08-04T00:51:18.3Z,0.43
2026-08-04T00:51:33.066Z,0.43
2026-08-04T00:51:48.197Z,0.43
2026-08-04T00:52:03.433Z,0.43
2026-08-04T00:52:17Z,0.43
2026-08-04T00:52:18.493Z,0.43
2026-08-04T00:52:33.371Z,0.43
2026-08-04T00:52:53.506Z,0.43
2026-08-04T00:53:08.538Z,0.43
2026-08-04T00:53:28.616Z,0.43
2026-08-04T00:53:43.708Z,0.43
2026-08-04T00:54:03.767Z,0.43
2026-08-04T00:54:23.903Z,0.43
2026-08-04T00:54:38.965Z,0.43
2026-08-04T00:54:54.008Z,0.43
2026-08-04T00:55:12.178Z,0.43
2026-08-04T00:55:24.156Z,0.43
2026-08-04T00:55:39.239Z,0.43
2026-08-04T00:55:59.367Z,0.43
2026-08-04T00:56:14.466Z,0.43
2026-08-04T00:56:34.443Z,0.43
2026-08-04T00:56:49.768Z,0.43
2026-08-04T00:57:09.671Z,0.44
2026-08-04T00:57:24Z,0.44
2026-08-04T00:57:24.701Z,0.44
2026-08-04T00:57:45.537Z,0.44
2026-08-04T00:58:04.956Z,0.44
2026-08-04T00:58:20.027Z,0.44
2026-08-04T00:58:35.193Z,0.44
2026-08-04T00:58:50.26Z,0.44
2026-08-04T00:59:05.332Z,0.44
2026-08-04T00:59:20.411Z,0.44
2026-08-04T00:59:35.546Z,0.44
2026-08-04T00:59:51.214Z,0.44
2026-08-04T01:00:11.426Z,0.44
2026-08-04T01:00:25.751Z,0.44
2026-08-04T01:00:45.792Z,0.44
2026-08-04T01:01:02.624Z,0.44
2026-08-04T01:01:15.988Z,0.44
2026-08-04T01:01:31.082Z,0.44
2026-08-04T01:01:51.163Z,0.44
2026-08-04T01:02:06.265Z,0.44
2026-08-04T01:02:20Z,0.44
2026-08-04T01:02:21.325Z,0.44
2026-08-04T01:02:36.474Z,0.44
2026-08-04T01:02:51.468Z,0.44
2026-08-04T01:03:06.551Z,0.44
2026-08-04T01:03:21.641Z,0.44
2026-08-04T01:03:41.726Z,0.44
2026-08-04T01:03:56.781Z,0.44
2026-08-04T01:04:11.879Z,0.44
2026-08-04T01:04:32.186Z,0.44
2026-08-04T01:04:47.446Z,0.44
2026-08-04T01:05:12.245Z,0.44
2026-08-04T01:05:28.028Z,0.44
2026-08-04T01:05:47.296Z,0.44
2026-08-04T01:06:02.947Z,0.44
2026-08-04T01:06:17.455Z,0.44
2026-08-04T01:06:34.105Z,0.44
2026-08-04T01:06:47.579Z,0.44
2026-08-04T01:07:02.663Z,0.44
2026-08-04T01:07:22Z,0.44
2026-08-04T01:07:22.718Z,0.44
2026-08-04T01:07:37.834Z,0.44
2026-08-04T01:07:52.878Z,0.44
2026-08-04T01:08:08.013Z,0.44
2026-08-04T01:08:23.069Z,0.44
2026-08-04T01:08:38.149Z,0.44
2026-08-04T01:08:53.234Z,0.44
2026-08-04T01:09:09.653Z,0.44
2026-08-04T01:09:23.378Z,0.44
2026-08-04T01:09:38.481Z,0.44
2026-08-04T01:09:53.776Z,0.44
2026-08-04T01:10:12.468Z,0.44
2026-08-04T01:10:23.685Z,0.44
2026-08-04T01:10:38.852Z,0.44
2026-08-04T01:10:53.965Z,0.45
2026-08-04T01:11:13.986Z,0.45
2026-08-04T01:11:29.061Z,0.45
2026-08-04T01:11:44.443Z,0.45
2026-08-04T01:11:59.362Z,0.45
2026-08-04T01:12:14.343Z,0.45
2026-08-04T01:12:28Z,0.45
2026-08-04T01:12:29.438Z,0.45
2026-08-04T01:12:44.447Z,0.45
2026-08-04T01:12:59.563Z,0.45
2026-08-04T01:13:14.622Z,0.45
2026-08-04T01:13:29.728Z,0.45
2026-08-04T01:13:49.757Z,0.45
2026-08-04T01:14:04.834Z,0.45
2026-08-04T01:14:19.918Z,0.45
2026-08-04T01:14:35.008Z,0.45
2026-08-04T01:14:55.092Z,0.45
2026-08-04T01:15:11.067Z,0.45
2026-08-04T01:15:30.317Z,0.44
2026-08-04T01:15:45.42Z,0.44
2026-08-04T01:16:00.461Z,0.44
2026-08-04T01:16:15.515Z,0.44
2026-08-04T01:16:30.574Z,0.44
2026-08-04T01:16:50.652Z,0.44
2026-08-04T01:17:06.739Z,0.44
2026-08-04T01:17:20.79Z,0.44
2026-08-04T01:17:35Z,0.44
2026-08-04T01:17:35.882Z,0.44
2026-08-04T01:17:50.948Z,0.44
2026-08-04T01:18:06.021Z,0.44
2026-08-04T01:18:26.133Z,0.44
2026-08-04T01:18:41.182Z,0.44
2026-08-04T01:18:56.252Z,0.44
2026-08-04T01:19:16.327Z,0.44
2026-08-04T01:19:31.423Z,0.44
2026-08-04T01:19:51.485Z,0.44
2026-08-04T01:20:08.8Z,0.44
2026-08-04T01:20:21.71Z,0.44
2026-08-04T01:20:36.769Z,0.44
2026-08-04T01:20:51.846Z,0.44
2026-08-04T01:21:11.964Z,0.44
2026-08-04T01:21:27.165Z,0.43
2026-08-04T01:21:42.088Z,0.43
2026-08-04T01:22:02.795Z,0.43
2026-08-04T01:22:17.229Z,0.43
2026-08-04T01:22:31Z,0.43
2026-08-04T01:22:32.313Z,0.43
2026-08-04T01:22:52.468Z,0.43
2026-08-04T01:23:12.552Z,0.43
2026-08-04T01:23:28.568Z,0.43
2026-08-04T01:23:42.761Z,0.43
2026-08-04T01:23:57.888Z,0.43
2026-08-04T01:24:12.89Z,0.43
2026-08-04T01:24:28.319Z,0.43
2026-08-04T01:24:48.169Z,0.43
2026-08-04T01:25:11.693Z,0.43
2026-08-04T01:25:23.223Z,0.43
2026-08-04T01:25:43.295Z,0.43
2026-08-04T01:25:58.437Z,0.43
2026-08-04T01:26:13.465Z,0.43
2026-08-04T01:26:28.572Z,0.43
2026-08-04T01:26:48.599Z,0.43
2026-08-04T01:27:08.66Z,0.43
2026-08-04T01:27:28Z,0.43
2026-08-04T01:27:28.765Z,0.43
2026-08-04T01:27:43.889Z,0.43
2026-08-04T01:27:58.967Z,0.43
2026-08-04T01:28:13.969Z,0.43
2026-08-04T01:28:29.462Z,0.43
2026-08-04T01:28:44.15Z,0.43
2026-08-04T01:28:59.214Z,0.43
2026-08-04T01:29:14.283Z,0.43
2026-08-04T01:29:29.453Z,0.43
2026-08-04T01:29:44.437Z,0.43
2026-08-04T01:30:08.522Z,0.42
2026-08-04T01:30:19.657Z,0.42
2026-08-04T01:30:34.714Z,0.43
2026-08-04T01:30:51.056Z,0.43
2026-08-04T01:31:05.015Z,0.43
2026-08-04T01:31:20.056Z,0.43
2026-08-04T01:31:35.143Z,0.43
2026-08-04T01:31:50.354Z,0.43
2026-08-04T01:32:10.322Z,0.43
2026-08-04T01:32:25.399Z,0.43
2026-08-04T01:32:40Z,0.43
2026-08-04T01:32:40.626Z,0.43
2026-08-04T01:32:56.439Z,0.43
2026-08-04T01:33:15.793Z,0.43
2026-08-04T01:33:35.865Z,0.43
2026-08-04T01:33:50.964Z,0.43
2026-08-04T01:34:06.499Z,0.43
2026-08-04T01:34:26.074Z,0.43
2026-08-04T01:34:46.14Z,0.43
2026-08-04T01:35:11.862Z,0.43
2026-08-04T01:35:21.545Z,0.43
2026-08-04T01:35:36.423Z,0.43
2026-08-04T01:35:56.48Z,0.43
2026-08-04T01:36:11.548Z,0.43
2026-08-04T01:36:27.155Z,0.43
2026-08-04T01:36:41.708Z,0.43
2026-08-04T01:36:56.781Z,0.43
2026-08-04T01:37:11.879Z,0.43
2026-08-04T01:37:26.931Z,0.43
2026-08-04T01:37:41Z,0.43
2026-08-04T01:37:42.017Z,0.43
2026-08-04T01:37:57.091Z,0.43
2026-08-04T01:38:12.169Z,0.43
2026-08-04T01:38:29.248Z,0.43
2026-08-04T01:38:42.302Z,0.43
2026-08-04T01:38:57.381Z,0.43
2026-08-04T01:39:17.454Z,0.43
2026-08-04T01:39:33.116Z,0.43
2026-08-04T01:39:47.681Z,0.43
2026-08-04T01:40:11.022Z,0.43
2026-08-04T01:40:27.834Z,0.43
2026-08-04T01:40:42.953Z,0.43
2026-08-04T01:40:58.034Z,0.43
2026-08-04T01:41:13.078Z,0.43
2026-08-04T01:41:28.169Z,0.43
2026-08-04T01:41:43.246Z,0.43
2026-08-04T01:41:58.402Z,0.43
2026-08-04T01:42:13.463Z,0.43
2026-08-04T01:42:28Z,0.43
2026-08-04T01:42:28.608Z,0.43
2026-08-04T01:42:50.073Z,0.43
2026-08-04T01:43:03.743Z,0.43
2026-08-04T01:43:18.815Z,0.43
2026-08-04T01:43:33.872Z,0.43
2026-08-04T01:43:48.962Z,0.43
2026-08-04T01:44:09.089Z,0.43
2026-08-04T01:44:24.115Z,0.43
2026-08-04T01:44:39.185Z,0.43
2026-08-04T01:44:59.325Z,0.43
2026-08-04T01:45:14.79Z,0.43
2026-08-04T01:45:34.683Z,0.43
2026-08-04T01:45:54.76Z,0.43
2026-08-04T01:46:09.821Z,0.43
2026-08-04T01:46:24.91Z,0.43
2026-08-04T01:46:44.964Z,0.43
2026-08-04T01:47:05.058Z,0.43
2026-08-04T01:47:20.122Z,0.43
2026-08-04T01:47:39Z,0.43
2026-08-04T01:47:40.248Z,0.43
2026-08-04T01:47:55.289Z,0.43
2026-08-04T01:48:15.38Z,0.43
2026-08-04T01:48:30.422Z,0.43
2026-08-04T01:48:45.513Z,0.43
2026-08-04T01:49:00.589Z,0.43
2026-08-04T01:49:15.685Z,0.43
2026-08-04T01:49:35.777Z,0.43
2026-08-04T01:49:55.954Z,0.43
2026-08-04T01:50:15.996Z,0.43
2026-08-04T01:50:31.045Z,0.43
2026-08-04T01:50:46.152Z,0.43
2026-08-04T01:51:06.311Z,0.43
2026-08-04T01:51:21.319Z,0.43
2026-08-04T01:51:36.398Z,0.43
2026-08-04T01:51:51.489Z,0.43
2026-08-04T01:52:06.573Z,0.43
2026-08-04T01:52:21.648Z,0.43
2026-08-04T01:52:36Z,0.43
2026-08-04T01:52:37.806Z,0.43
2026-08-04T01:52:51.817Z,0.43
2026-08-04T01:53:06.876Z,0.43
2026-08-04T01:53:21.995Z,0.43
2026-08-04T01:53:37.538Z,0.43
2026-08-04T01:53:52.093Z,0.43
2026-08-04T01:54:07.167Z,0.43
2026-08-04T01:54:22.317Z,0.43
2026-08-04T01:54:37.65Z,0.43
2026-08-04T01:54:57.399Z,0.43
2026-08-04T01:55:13.729Z,0.43
2026-08-04T01:55:27.59Z,0.43
2026-08-04T01:55:42.71Z,0.43
2026-08-04T01:56:03.23Z,0.43
2026-08-04T01:56:17.855Z,0.43
2026-08-04T01:56:38.003Z,0.43
2026-08-04T01:56:58.006Z,0.43
2026-08-04T01:57:13.124Z,0.43
2026-08-04T01:57:28.181Z,0.43
2026-08-04T01:57:42Z,0.43
2026-08-04T01:57:43.287Z,0.43
2026-08-04T01:57:58.351Z,0.43
2026-08-04T01:58:13.427Z,0.43
2026-08-04T01:58:28.499Z,0.43
2026-08-04T01:58:43.568Z,0.43
2026-08-04T01:58:58.655Z,0.43
2026-08-04T01:59:13.745Z,0.43
2026-08-04T01:59:33.87Z,0.43
2026-08-04T01:59:48.907Z,0.42
2026-08-04T02:00:11.554Z,0.42
2026-08-04T02:00:19.13Z,0.42
2026-08-04T02:00:34.223Z,0.42
2026-08-04T02:00:49.329Z,0.42
2026-08-04T02:01:09.37Z,0.42
2026-08-04T02:01:24.462Z,0.42
2026-08-04T02:01:39.506Z,0.42
2026-08-04T02:01:54.56Z,0.42
2026-08-04T02:02:09.676Z,0.42
2026-08-04T02:02:29.743Z,0.42
2026-08-04T02:02:44Z,0.42
2026-08-04T02:02:44.842Z,0.42
2026-08-04T02:02:59.921Z,0.42
2026-08-04T02:03:14.978Z,0.43
2026-08-04T02:03:35.221Z,0.42
2026-08-04T02:03:50.129Z,0.42
2026-08-04T02:04:05.219Z,0.42
2026-08-04T02:04:20.389Z,0.42
2026-08-04T02:04:35.408Z,0.42
2026-08-04T02:04:50.481Z,0.42
2026-08-04T02:05:10.274Z,0.42
2026-08-04T02:05:20.652Z,0.42
2026-08-04T02:05:40.731Z,0.42
2026-08-04T02:05:55.797Z,0.42
2026-08-04T02:06:10.869Z,0.42
2026-08-04T02:06:25.988Z,0.42
2026-08-04T02:06:43.536Z,0.42
2026-08-04T02:06:56.092Z,0.42
2026-08-04T02:07:11.179Z,0.42
2026-08-04T02:07:31.259Z,0.42
2026-08-04T02:07:45Z,0.42
2026-08-04T02:07:46.367Z,0.42
2026-08-04T02:08:02.701Z,0.42
2026-08-04T02:08:16.49Z,0.42
2026-08-04T02:08:31.592Z,0.42
2026-08-04T02:08:52.496Z,0.42
2026-08-04T02:09:07.934Z,0.42
2026-08-04T02:09:21.785Z,0.42
2026-08-04T02:09:36.85Z,0.42
2026-08-04T02:09:56.999Z,0.42
2026-08-04T02:10:17.75Z,0.42
2026-08-04T02:10:37.097Z,0.42
2026-08-04T02:10:52.197Z,0.42
2026-08-04T02:11:12.859Z,0.42
2026-08-04T02:11:27.449Z,0.42
2026-08-04T02:11:47.508Z,0.42
2026-08-04T02:12:03.958Z,0.42
2026-08-04T02:12:17.632Z,0.41
2026-08-04T02:12:32.7Z,0.41
2026-08-04T02:12:47Z,0.41
2026-08-04T02:12:47.788Z,0.41
2026-08-04T02:13:07.856Z,0.41
2026-08-04T02:13:27.932Z,0.41
2026-08-04T02:13:43.007Z,0.41
2026-08-04T02:13:58.199Z,0.41
2026-08-04T02:14:18.176Z,0.41
2026-08-04T02:14:38.28Z,0.41
2026-08-04T02:14:58.316Z,0.41
2026-08-04T02:15:18.708Z,0.41
2026-08-04T02:15:33.472Z,0.41
2026-08-04T02:15:48.54Z,0.41
2026-08-04T02:16:03.998Z,0.41
2026-08-04T02:16:18.697Z,0.41
2026-08-04T02:16:33.775Z,0.41
2026-08-04T02:16:48.929Z,0.41
2026-08-04T02:17:04.728Z,0.41
2026-08-04T02:17:19.039Z,0.41
2026-08-04T02:17:39.136Z,0.41
2026-08-04T02:17:53Z,0.42
2026-08-04T02:17:54.238Z,0.42
2026-08-04T02:18:09.273Z,0.42
2026-08-04T02:18:24.345Z,0.42
2026-08-04T02:18:39.424Z,0.42
2026-08-04T02:18:54.603Z,0.42
2026-08-04T02:19:11.255Z,0.42
2026-08-04T02:19:24.655Z,0.42
2026-08-04T02:19:39.733Z,0.42
2026-08-04T02:19:54.811Z,0.42
2026-08-04T02:20:13.569Z,0.42
2026-08-04T02:20:25.148Z,0.41
2026-08-04T02:20:45.187Z,0.41
2026-08-04T02:21:00.261Z,0.42
2026-08-04T02:21:15.367Z,0.42
2026-08-04T02:21:30.451Z,0.41
2026-08-04T02:21:45.534Z,0.42
2026-08-04T02:22:02.55Z,0.41
2026-08-04T02:22:20.711Z,0.41
2026-08-04T02:22:36.113Z,0.41
2026-08-04T02:22:50Z,0.41
2026-08-04T02:22:51.046Z,0.41
2026-08-04T02:23:06.117Z,0.41
2026-08-04T02:23:21.512Z,0.41
2026-08-04T02:23:41.269Z,0.41
2026-08-04T02:23:57.813Z,0.41
2026-08-04T02:24:11.413Z,0.41
2026-08-04T02:24:26.489Z,0.41
2026-08-04T02:24:46.547Z,0.41
2026-08-04T02:25:11.151Z,0.41
2026-08-04T02:25:17.132Z,0.41
2026-08-04T02:25:31.769Z,0.41
2026-08-04T02:25:46.866Z,0.41
2026-08-04T02:26:06.974Z,0.41
2026-08-04T02:26:22.061Z,0.41
2026-08-04T02:26:42.139Z,0.41
2026-08-04T02:26:57.22Z,0.41
2026-08-04T02:27:12.639Z,0.41
2026-08-04T02:27:27.415Z,0.41
2026-08-04T02:27:42.492Z,0.41
2026-08-04T02:27:57Z,0.41
2026-08-04T02:27:57.574Z,0.41
2026-08-04T02:28:12.665Z,0.41
2026-08-04T02:28:32.768Z,0.4
2026-08-04T02:28:52.793Z,0.4
2026-08-04T02:29:07.87Z,0.4
2026-08-04T02:29:23.051Z,0.4
2026-08-04T02:29:43.132Z,0.4
2026-08-04T02:29:58.305Z,0.4
2026-08-04T02:30:18.326Z,0.4
2026-08-04T02:30:33.345Z,0.4
2026-08-04T02:30:48.494Z,0.4
2026-08-04T02:31:03.508Z,0.4
2026-08-04T02:31:18.614Z,0.4
2026-08-04T02:31:33.662Z,0.4
2026-08-04T02:31:48.783Z,0.4
2026-08-04T02:32:03.855Z,0.4
2026-08-04T02:32:18.944Z,0.4
2026-08-04T02:32:34.034Z,0.4
2026-08-04T02:32:48Z,0.4
2026-08-04T02:32:49.099Z,0.4
2026-08-04T02:33:04.153Z,0.4
2026-08-04T02:33:19.225Z,0.4
2026-08-04T02:33:34.714Z,0.4
2026-08-04T02:33:49.412Z,0.4
2026-08-04T02:34:04.45Z,0.4
2026-08-04T02:34:19.602Z,0.4
2026-08-04T02:34:39.691Z,0.4
2026-08-04T02:34:54.722Z,0.4
2026-08-04T02:35:14.906Z,0.4
2026-08-04T02:35:29.901Z,0.4
2026-08-04T02:35:44.951Z,0.4
2026-08-04T02:36:00.038Z,0.4
2026-08-04T02:36:15.118Z,0.4
2026-08-04T02:36:30.188Z,0.4
2026-08-04T02:36:45.277Z,0.4
2026-08-04T02:37:05.344Z,0.4
2026-08-04T02:37:21.039Z,0.4
2026-08-04T02:37:35.509Z,0.4
2026-08-04T02:37:50Z,0.4
2026-08-04T02:37:50.582Z,0.4
2026-08-04T02:38:10.774Z,0.39
2026-08-04T02:38:25.713Z,0.39
2026-08-04T02:38:40.82Z,0.39
2026-08-04T02:38:55.868Z,0.39
2026-08-04T02:39:11.066Z,0.39
2026-08-04T02:39:26.151Z,0.39
2026-08-04T02:39:41.588Z,0.39
2026-08-04T02:39:56.363Z,0.39
2026-08-04T02:40:12.062Z,0.39
2026-08-04T02:40:26.46Z,0.39
2026-08-04T02:40:41.786Z,0.39
2026-08-04T02:41:02.733Z,0.39
2026-08-04T02:41:16.68Z,0.39
2026-08-04T02:41:36.776Z,0.39
2026-08-04T02:41:51.911Z,0.39
2026-08-04T02:42:11.944Z,0.39
2026-08-04T02:42:26.989Z,0.39
2026-08-04T02:42:47.11Z,0.39
2026-08-04T02:43:01Z,0.4
2026-08-04T02:43:02.709Z,0.4
2026-08-04T02:43:17.247Z,0.4
2026-08-04T02:43:32.357Z,0.4
2026-08-04T02:43:48.147Z,0.39
2026-08-04T02:44:02.857Z,0.39
2026-08-04T02:44:17.533Z,0.39
2026-08-04T02:44:32.661Z,0.4
2026-08-04T02:44:52.816Z,0.39
2026-08-04T02:45:12.845Z,0.39
2026-08-04T02:45:27.936Z,0.39
2026-08-04T02:45:42.987Z,0.39
2026-08-04T02:46:00.026Z,0.39
2026-08-04T02:46:13.185Z,0.39
2026-08-04T02:46:28.219Z,0.39
2026-08-04T02:46:43.353Z,0.39
2026-08-04T02:46:58.435Z,0.39
2026-08-04T02:47:13.531Z,0.39
2026-08-04T02:47:28.569Z,0.39
2026-08-04T02:47:43.669Z,0.39
2026-08-04T02:47:58Z,0.39
2026-08-04T02:48:00.623Z,0.39
2026-08-04T02:48:13.823Z,0.39
2026-08-04T02:48:28.966Z,0.39
2026-08-04T02:48:43.978Z,0.39
2026-08-04T02:48:59.059Z,0.39
2026-08-04T02:49:19.108Z,0.39
2026-08-04T02:49:34.229Z,0.39
2026-08-04T02:49:49.276Z,0.39
2026-08-04T02:50:10.611Z,0.39
2026-08-04T02:50:19.442Z,0.39
2026-08-04T02:50:39.787Z,0.39
2026-08-04T02:50:54.57Z,0.39
2026-08-04T02:51:09.664Z,0.39
2026-08-04T02:51:24.733Z,0.39
2026-08-04T02:51:40.112Z,0.39
2026-08-04T02:51:54.979Z,0.39
2026-08-04T02:52:10.083Z,0.39
2026-08-04T02:52:25.111Z,0.39
2026-08-04T02:52:40.494Z,0.39
2026-08-04T02:52:54Z,0.39
2026-08-04T02:52:55.27Z,0.39
2026-08-04T02:53:10.357Z,0.39
2026-08-04T02:53:25.414Z,0.39
2026-08-04T02:53:40.662Z,0.39
2026-08-04T02:53:56.911Z,0.39
2026-08-04T02:54:10.767Z,0.39
2026-08-04T02:54:25.842Z,0.39
2026-08-04T02:54:45.909Z,0.39
2026-08-04T02:55:11.634Z,0.39
2026-08-04T02:55:21.052Z,0.39
2026-08-04T02:55:36.127Z,0.39
2026-08-04T02:55:51.61Z,0.39
2026-08-04T02:56:06.26Z,0.39
2026-08-04T02:56:21.322Z,0.4
2026-08-04T02:56:36.492Z,0.4
2026-08-04T02:56:51.894Z,0.4
2026-08-04T02:57:11.607Z,0.4
2026-08-04T02:57:26.681Z,0.4
2026-08-04T02:57:41.753Z,0.4
2026-08-04T02:58:01Z,0.4
2026-08-04T02:58:03.738Z,0.4
2026-08-04T02:58:21.902Z,0.4
2026-08-04T02:58:37.029Z,0.4
2026-08-04T02:58:52.084Z,0.4
2026-08-04T02:59:12.147Z,0.4
2026-08-04T02:59:27.211Z,0.4
2026-08-04T02:59:47.299Z,0.4
2026-08-04T03:00:11.991Z,0.4
2026-08-04T03:00:17.435Z,0.41
2026-08-04T03:00:32.515Z,0.41
2026-08-04T03:00:47.898Z,0.41
2026-08-04T03:01:07.684Z,0.41
2026-08-04T03:01:22.753Z,0.41
2026-08-04T03:01:37.808Z,0.41
2026-08-04T03:01:53.734Z,0.41
2026-08-04T03:02:12.98Z,0.41
2026-08-04T03:02:28.047Z,0.41
2026-08-04T03:02:43.129Z,0.41
2026-08-04T03:02:57Z,0.41
2026-08-04T03:02:58.884Z,0.41
2026-08-04T03:03:18.376Z,0.41
2026-08-04T03:03:38.395Z,0.42
2026-08-04T03:03:53.515Z,0.42
2026-08-04T03:04:08.588Z,0.42
2026-08-04T03:04:28.92Z,0.42
2026-08-04T03:04:48.74Z,0.42
2026-08-04T03:05:12.165Z,0.42
2026-08-04T03:05:23.931Z,0.42
2026-08-04T03:05:39.224Z,0.42
2026-08-04T03:05:54.055Z,0.42
2026-08-04T03:06:10.36Z,0.42
2026-08-04T03:06:24.25Z,0.42
2026-08-04T03:06:39.57Z,0.42
2026-08-04T03:06:54.392Z,0.42
2026-08-04T03:07:09.478Z,0.42
2026-08-04T03:07:24.574Z,0.42
2026-08-04T03:07:45.55Z,0.42
2026-08-04T03:07:59Z,0.42
2026-08-04T03:07:59.706Z,0.42
2026-08-04T03:08:14.777Z,0.43
2026-08-04T03:08:29.903Z,0.43
2026-08-04T03:08:50.037Z,0.43
2026-08-04T03:09:05.123Z,0.43
2026-08-04T03:09:20.18Z,0.43
2026-08-04T03:09:36.27Z,0.44
2026-08-04T03:09:50.317Z,0.44
2026-08-04T03:10:13.288Z,0.44
2026-08-04T03:10:20.464Z,0.44
2026-08-04T03:10:35.549Z,0.44
2026-08-04T03:10:50.794Z,0.44
2026-08-04T03:11:10.675Z,0.44
2026-08-04T03:11:25.745Z,0.44
2026-08-04T03:11:40.829Z,0.44
2026-08-04T03:11:55.916Z,0.45
2026-08-04T03:12:11.805Z,0.45
2026-08-04T03:12:31.087Z,0.45
2026-08-04T03:12:46.127Z,0.45
2026-08-04T03:13:00Z,0.45
2026-08-04T03:13:02.515Z,0.45
2026-08-04T03:13:16.301Z,0.45
2026-08-04T03:13:32.136Z,0.45
2026-08-04T03:13:46.514Z,0.45
2026-08-04T03:14:02.763Z,0.45
2026-08-04T03:14:21.658Z,0.45
2026-08-04T03:14:36.809Z,0.45
2026-08-04T03:14:51.88Z,0.45
2026-08-04T03:15:12.799Z,0.46
2026-08-04T03:15:22.029Z,0.46
2026-08-04T03:15:42.102Z,0.46
2026-08-04T03:15:57.215Z,0.46
2026-08-04T03:16:12.271Z,0.46
2026-08-04T03:16:27.354Z,0.46
2026-08-04T03:16:47.408Z,0.46
2026-08-04T03:17:03.22Z,0.46
2026-08-04T03:17:22.575Z,0.46
2026-08-04T03:17:38.876Z,0.46
2026-08-04T03:17:52.753Z,0.46
2026-08-04T03:18:07Z,0.47
2026-08-04T03:18:07.822Z,0.47
2026-08-04T03:18:22.925Z,0.47
2026-08-04T03:18:37.99Z,0.47
2026-08-04T03:18:58.095Z,0.47
2026-08-04T03:19:13.209Z,0.47
2026-08-04T03:19:28.22Z,0.47
2026-08-04T03:19:43.289Z,0.47
2026-08-04T03:19:58.368Z,0.47
2026-08-04T03:20:13.452Z,0.47
2026-08-04T03:20:28.513Z,0.47
2026-08-04T03:20:48.598Z,0.47
2026-08-04T03:21:03.704Z,0.48
2026-08-04T03:21:18.75Z,0.48
2026-08-04T03:21:33.962Z,0.48
2026-08-04T03:21:49.049Z,0.48
2026-08-04T03:22:04.24Z,0.48
2026-08-04T03:22:20.391Z,0.48
2026-08-04T03:22:34.265Z,0.48
2026-08-04T03:22:54.627Z,0.48
2026-08-04T03:23:09Z,0.48
2026-08-04T03:23:09.397Z,0.48
2026-08-04T03:23:24.487Z,0.48
2026-08-04T03:23:39.603Z,0.48
2026-08-04T03:23:55.127Z,0.48
2026-08-04T03:24:14.752Z,0.48
2026-08-04T03:24:29.85Z,0.48
2026-08-04T03:24:44.912Z,0.48
2026-08-04T03:25:00.014Z,0.48
2026-08-04T03:25:20.063Z,0.48
2026-08-04T03:25:40.141Z,0.48
2026-08-04T03:26:00.272Z,0.48
2026-08-04T03:26:15.317Z,0.49
2026-08-04T03:26:30.369Z,0.49
2026-08-04T03:26:45.427Z,0.49
2026-08-04T03:27:05.519Z,0.49
2026-08-04T03:27:21.127Z,0.49
2026-08-04T03:27:35.695Z,0.49
2026-08-04T03:27:55.74Z,0.49
2026-08-04T03:28:10Z,0.49
2026-08-04T03:28:10.817Z,0.49
2026-08-04T03:28:25.903Z,0.49
2026-08-04T03:28:41.064Z,0.49
2026-08-04T03:28:56.137Z,0.49
2026-08-04T03:29:16.22Z,0.49
2026-08-04T03:29:31.292Z,0.49
2026-08-04T03:29:46.443Z,0.49
2026-08-04T03:30:08.672Z,0.49
2026-08-04T03:30:16.59Z,0.49
2026-08-04T03:30:39.563Z,0.49
2026-08-04T03:30:51.731Z,0.49
2026-08-04T03:31:06.81Z,0.49
2026-08-04T03:31:23.028Z,0.49
2026-08-04T03:31:36.945Z,0.49
2026-08-04T03:31:52.039Z,0.49
2026-08-04T03:32:07.123Z,0.49
2026-08-04T03:32:22.18Z,0.5
2026-08-04T03:32:37.252Z,0.5
2026-08-04T03:32:52.376Z,0.5
2026-08-04T03:33:07Z,0.5
2026-08-04T03:33:07.405Z,0.5
2026-08-04T03:33:27.562Z,0.5
2026-08-04T03:33:42.635Z,0.5
2026-08-04T03:33:57.737Z,0.5
2026-08-04T03:34:17.784Z,0.5
2026-08-04T03:34:32.875Z,0.5
2026-08-04T03:34:48.193Z,0.5
2026-08-04T03:35:10.646Z,0.5
2026-08-04T03:35:18.125Z,0.5
2026-08-04T03:35:33.972Z,0.5
2026-08-04T03:35:48.271Z,0.5
2026-08-04T03:36:03.375Z,0.5
2026-08-04T03:36:23.542Z,0.5
2026-08-04T03:36:44.372Z,0.5
2026-08-04T03:37:05.398Z,0.5
2026-08-04T03:37:18.632Z,0.5
2026-08-04T03:37:33.709Z,0.5
2026-08-04T03:37:53.834Z,0.5
2026-08-04T03:38:08Z,0.5
2026-08-04T03:38:08.883Z,0.5
2026-08-04T03:38:24.014Z,0.5
2026-08-04T03:38:39.492Z,0.5
2026-08-04T03:38:59.171Z,0.5
2026-08-04T03:39:14.288Z,0.5
2026-08-04T03:39:29.605Z,0.5
2026-08-04T03:39:44.364Z,0.5
2026-08-04T03:39:59.459Z,0.5
2026-08-04T03:40:19.535Z,0.5
2026-08-04T03:40:34.607Z,0.51
2026-08-04T03:40:54.745Z,0.51
2026-08-04T03:41:09.859Z,0.51
2026-08-04T03:41:24.913Z,0.51
2026-08-04T03:41:44.963Z,0.51
2026-08-04T03:42:00.034Z,0.51
2026-08-04T03:42:15.124Z,0.51
2026-08-04T03:42:30.444Z,0.51
2026-08-04T03:42:45.3Z,0.51
2026-08-04T03:43:00.349Z,0.51
2026-08-04T03:43:20Z,0.51
2026-08-04T03:43:20.42Z,0.51
2026-08-04T03:43:35.494Z,0.51
2026-08-04T03:43:50.593Z,0.51
2026-08-04T03:44:05.654Z,0.51
2026-08-04T03:44:20.728Z,0.51
2026-08-04T03:44:35.837Z,0.51
2026-08-04T03:44:50.882Z,0.51
2026-08-04T03:45:09.1Z,0.51
2026-08-04T03:45:21.045Z,0.51
2026-08-04T03:45:41.146Z,0.52
2026-08-04T03:46:02.655Z,0.52
2026-08-04T03:46:16.309Z,0.52
2026-08-04T03:46:31.497Z,0.51
2026-08-04T03:46:46.538Z,0.52
2026-08-04T03:47:06.604Z,0.52
2026-08-04T03:47:26.698Z,0.52
2026-08-04T03:47:46.763Z,0.52
2026-08-04T03:48:02.779Z,0.52
2026-08-04T03:48:16Z,0.52
2026-08-04T03:48:16.958Z,0.52
2026-08-04T03:48:32Z,0.52
2026-08-04T03:48:47.076Z,0.52
2026-08-04T03:49:03.727Z,0.52
2026-08-04T03:49:17.23Z,0.52
2026-08-04T03:49:32.401Z,0.52
2026-08-04T03:49:52.396Z,0.52
2026-08-04T03:50:15.462Z,0.52
2026-08-04T03:50:27.527Z,0.52
2026-08-04T03:50:47.626Z,0.52
2026-08-04T03:51:07.714Z,0.53
2026-08-04T03:51:27.797Z,0.53
2026-08-04T03:51:47.867Z,0.53
2026-08-04T03:52:02.988Z,0.53
2026-08-04T03:52:18.074Z,0.53
2026-08-04T03:52:38.131Z,0.53
2026-08-04T03:52:53.256Z,0.53
2026-08-04T03:53:07Z,0.53
2026-08-04T03:53:08.399Z,0.53
2026-08-04T03:53:28.413Z,0.53
2026-08-04T03:53:43.511Z,0.53
2026-08-04T03:53:58.569Z,0.53
2026-08-04T03:54:19.191Z,0.53
2026-08-04T03:54:33.754Z,0.53
2026-08-04T03:54:49.359Z,0.54
2026-08-04T03:55:11.436Z,0.54
2026-08-04T03:55:18.995Z,0.54
2026-08-04T03:55:39.056Z,0.54
2026-08-04T03:55:54.221Z,0.54
2026-08-04T03:56:09.407Z,0.54
2026-08-04T03:56:24.328Z,0.54
2026-08-04T03:56:39.39Z,0.55
2026-08-04T03:56:59.486Z,0.55
2026-08-04T03:57:15.302Z,0.55
2026-08-04T03:57:29.65Z,0.55
2026-08-04T03:57:44.677Z,0.55
2026-08-04T03:58:04.758Z,0.55
2026-08-04T03:58:19Z,0.55
2026-08-04T03:58:19.871Z,0.55
2026-08-04T03:58:34.932Z,0.55
2026-08-04T03:58:50.01Z,0.55
2026-08-04T03:59:05.085Z,0.55
2026-08-04T03:59:20.203Z,0.55
2026-08-04T03:59:40.257Z,0.55
2026-08-04T04:00:00.408Z,0.55
2026-08-04T04:00:16.178Z,0.56
2026-08-04T04:00:30.532Z,0.56
2026-08-04T04:00:45.603Z,0.56
2026-08-04T04:01:00.706Z,0.56
2026-08-04T04:01:21.652Z,0.57
2026-08-04T04:01:40.888Z,0.57
2026-08-04T04:01:55.984Z,0.57
2026-08-04T04:02:16.751Z,0.58
2026-08-04T04:02:31.065Z,0.58
2026-08-04T04:02:51.45Z,0.59
2026-08-04T04:03:06.284Z,0.59
2026-08-04T04:03:25Z,0.59
2026-08-04T04:03:26.369Z,0.59
2026-08-04T04:03:41.426Z,0.59
2026-08-04T04:03:56.515Z,0.59
2026-08-04T04:04:11.639Z,0.59
2026-08-04T04:04:26.696Z,0.59
2026-08-04T04:04:47.357Z,0.59
2026-08-04T04:05:11.568Z,0.6
2026-08-04T04:05:22.039Z,0.6
2026-08-04T04:05:37.083Z,0.6
2026-08-04T04:05:52.711Z,0.6
2026-08-04T04:06:12.251Z,0.6
2026-08-04T04:06:27.307Z,0.61
2026-08-04T04:06:42.427Z,0.61
2026-08-04T04:06:57.461Z,0.61
2026-08-04T04:07:17.522Z,0.61
2026-08-04T04:07:32.628Z,0.61
2026-08-04T04:07:47.688Z,0.61
2026-08-04T04:08:03.204Z,0.61
2026-08-04T04:08:22Z,0.62
2026-08-04T04:08:22.821Z,0.62
2026-08-04T04:08:37.904Z,0.62
2026-08-04T04:08:57.99Z,0.62
2026-08-04T04:09:13.065Z,0.62
2026-08-04T04:09:28.166Z,0.62
2026-08-04T04:09:43.2Z,0.62
2026-08-04T04:10:09.65Z,0.63
2026-08-04T04:10:18.652Z,0.63
2026-08-04T04:10:38.465Z,0.63
2026-08-04T04:10:58.536Z,0.64
2026-08-04T04:11:13.612Z,0.63
2026-08-04T04:11:28.679Z,0.64
2026-08-04T04:11:43.745Z,0.64
2026-08-04T04:12:04.082Z,0.64
2026-08-04T04:12:19.029Z,0.65
2026-08-04T04:12:34.112Z,0.65
2026-08-04T04:12:49.165Z,0.65
2026-08-04T04:13:04.889Z,0.65
2026-08-04T04:13:18Z,0.65
2026-08-04T04:13:19.35Z,0.65
2026-08-04T04:13:34.758Z,0.65
2026-08-04T04:13:49.475Z,0.65
2026-08-04T04:14:04.592Z,0.65
2026-08-04T04:14:19.645Z,0.65
2026-08-04T04:14:39.709Z,0.65
2026-08-04T04:14:56.067Z,0.65
2026-08-04T04:15:10.582Z,0.65
2026-08-04T04:15:30.031Z,0.65
2026-08-04T04:15:45.107Z,0.65
2026-08-04T04:16:00.198Z,0.66
2026-08-04T04:16:15.246Z,0.66
2026-08-04T04:16:30.325Z,0.66
2026-08-04T04:16:45.406Z,0.66
2026-08-04T04:17:00.505Z,0.65
2026-08-04T04:17:15.556Z,0.65
2026-08-04T04:17:35.686Z,0.65
2026-08-04T04:17:51.963Z,0.65
2026-08-04T04:18:05.876Z,0.65
2026-08-04T04:18:20Z,0.65
2026-08-04T04:18:20.876Z,0.65
2026-08-04T04:18:40.951Z,0.66
2026-08-04T04:18:56.065Z,0.66
2026-08-04T04:19:11.265Z,0.66
2026-08-04T04:19:26.361Z,0.66
2026-08-04T04:19:41.406Z,0.66
2026-08-04T04:20:12.362Z,0.66
2026-08-04T04:20:16.729Z,0.66
2026-08-04T04:20:31.744Z,0.67
2026-08-04T04:20:52.024Z,0.67
2026-08-04T04:21:11.891Z,0.67
2026-08-04T04:21:26.947Z,0.67
2026-08-04T04:21:42.02Z,0.67
2026-08-04T04:21:57.111Z,0.67
2026-08-04T04:22:12.177Z,0.67
2026-08-04T04:22:32.278Z,0.67
2026-08-04T04:22:47.358Z,0.67
2026-08-04T04:23:02.818Z,0.67
2026-08-04T04:23:22Z,0.67
2026-08-04T04:23:22.499Z,0.67
2026-08-04T04:23:37.66Z,0.67
2026-08-04T04:23:52.647Z,0.67
2026-08-04T04:24:07.754Z,0.67
2026-08-04T04:24:22.825Z,0.68
2026-08-04T04:24:37.904Z,0.68
2026-08-04T04:24:52.98Z,0.68
2026-08-04T04:25:13.433Z,0.68
2026-08-04T04:25:28.132Z,0.68
2026-08-04T04:25:43.189Z,0.68
2026-08-04T04:25:58.292Z,0.68
2026-08-04T04:26:13.359Z,0.68
2026-08-04T04:26:29.668Z,0.68
2026-08-04T04:26:43.492Z,0.68
2026-08-04T04:26:58.605Z,0.68
2026-08-04T04:27:18.654Z,0.68
2026-08-04T04:27:38.717Z,0.68
2026-08-04T04:27:53.818Z,0.68
2026-08-04T04:28:09.153Z,0.68
2026-08-04T04:28:23Z,0.68
2026-08-04T04:28:23.969Z,0.68
2026-08-04T04:28:39.092Z,0.68
2026-08-04T04:28:59.134Z,0.69
2026-08-04T04:29:19.184Z,0.69
2026-08-04T04:29:34.988Z,0.69
2026-08-04T04:29:49.418Z,0.69
2026-08-04T04:30:10.786Z,0.68
2026-08-04T04:30:19.572Z,0.69
2026-08-04T04:30:36.609Z,0.69
2026-08-04T04:30:49.728Z,0.69
2026-08-04T04:31:04.807Z,0.69
2026-08-04T04:31:19.895Z,0.69
2026-08-04T04:31:35.4Z,0.69
2026-08-04T04:31:50.023Z,0.69
2026-08-04T04:32:05.18Z,0.69
2026-08-04T04:32:20.232Z,0.69
2026-08-04T04:32:40.322Z,0.69
2026-08-04T04:32:55.403Z,0.69
2026-08-04T04:33:10.489Z,0.69
2026-08-04T04:33:25Z,0.69
2026-08-04T04:33:27.808Z,0.69
2026-08-04T04:33:40.639Z,0.69
2026-08-04T04:33:55.736Z,0.7
2026-08-04T04:34:10.781Z,0.7
2026-08-04T04:34:26.076Z,0.7
2026-08-04T04:34:45.946Z,0.7
2026-08-04T04:35:11.819Z,0.69
2026-08-04T04:35:16.101Z,0.69
2026-08-04T04:35:31.518Z,0.69
2026-08-04T04:35:46.354Z,0.69
2026-08-04T04:36:06.431Z,0.7
2026-08-04T04:36:21.51Z,0.7
2026-08-04T04:36:37.506Z,0.7
2026-08-04T04:36:56.778Z,0.7
2026-08-04T04:37:11.891Z,0.7
2026-08-04T04:37:26.993Z,0.7
2026-08-04T04:37:42.713Z,0.7
2026-08-04T04:38:02.497Z,0.7
2026-08-04T04:38:21Z,0.7
2026-08-04T04:38:22.219Z,0.7
2026-08-04T04:38:42.269Z,0.7
2026-08-04T04:38:57.357Z,0.7
2026-08-04T04:39:17.427Z,0.7
2026-08-04T04:39:37.497Z,0.7
2026-08-04T04:39:52.568Z,0.7
2026-08-04T04:40:13.194Z,0.7
2026-08-04T04:40:27.74Z,0.71
2026-08-04T04:40:44.055Z,0.71
2026-08-04T04:40:57.996Z,0.71
2026-08-04T04:41:13.04Z,0.71
2026-08-04T04:41:28.075Z,0.71
2026-08-04T04:41:48.205Z,0.71
2026-08-04T04:42:03.267Z,0.71
2026-08-04T04:42:23.315Z,0.71
2026-08-04T04:42:43.375Z,0.71
2026-08-04T04:43:03.446Z,0.71
2026-08-04T04:43:18.525Z,0.72
2026-08-04T04:43:33Z,0.72
2026-08-04T04:43:35.357Z,0.72
2026-08-04T04:43:48.692Z,0.72
2026-08-04T04:44:03.775Z,0.72
2026-08-04T04:44:18.853Z,0.72
2026-08-04T04:44:38.927Z,0.72
2026-08-04T04:44:53.992Z,0.72
2026-08-04T04:45:12.023Z,0.72
2026-08-04T04:45:29.179Z,0.72
2026-08-04T04:45:44.254Z,0.72
2026-08-04T04:45:59.331Z,0.72
2026-08-04T04:46:14.404Z,0.72
2026-08-04T04:46:29.474Z,0.72
2026-08-04T04:46:44.538Z,0.72
2026-08-04T04:47:00.291Z,0.72
2026-08-04T04:47:14.716Z,0.72
2026-08-04T04:47:29.778Z,0.72
2026-08-04T04:47:44.888Z,0.72
2026-08-04T04:48:04.929Z,0.72
2026-08-04T04:48:19.996Z,0.72
2026-08-04T04:48:39Z,0.72
2026-08-04T04:48:41.056Z,0.72
2026-08-04T04:48:55.184Z,0.72
2026-08-04T04:49:10.218Z,0.72
2026-08-04T04:49:25.29Z,0.72
2026-08-04T04:49:45.398Z,0.73
2026-08-04T04:50:00.521Z,0.73
2026-08-04T04:50:15.544Z,0.73
2026-08-04T04:50:30.61Z,0.73
2026-08-04T04:50:45.676Z,0.73
2026-08-04T04:51:02.521Z,0.73
2026-08-04T04:51:16.241Z,0.73
2026-08-04T04:51:31.222Z,0.73
2026-08-04T04:51:45.988Z,0.73
2026-08-04T04:52:02.657Z,0.73
2026-08-04T04:52:16.124Z,0.73
2026-08-04T04:52:31.807Z,0.73
2026-08-04T04:52:46.289Z,0.73
2026-08-04T04:53:06.356Z,0.73
2026-08-04T04:53:26.442Z,0.73
2026-08-04T04:53:41Z,0.73
2026-08-04T04:53:41.496Z,0.73
2026-08-04T04:53:56.588Z,0.73
2026-08-04T04:54:16.639Z,0.73
2026-08-04T04:54:36.76Z,0.73
2026-08-04T04:54:56.815Z,0.73
2026-08-04T04:55:12.604Z,0.73
2026-08-04T04:55:26.964Z,0.74
2026-08-04T04:55:42.041Z,0.74
2026-08-04T04:56:03.581Z,0.74
2026-08-04T04:56:17.187Z,0.74
2026-08-04T04:56:37.302Z,0.74
2026-08-04T04:56:52.343Z,0.74
2026-08-04T04:57:07.506Z,0.74
2026-08-04T04:57:22.536Z,0.74
2026-08-04T04:57:37.602Z,0.74
2026-08-04T04:57:52.669Z,0.74
2026-08-04T04:58:07.84Z,0.74
2026-08-04T04:58:22.937Z,0.74
2026-08-04T04:58:37Z,0.75
2026-08-04T04:58:38.005Z,0.75
2026-08-04T04:58:53.079Z,0.75
2026-08-04T04:59:08.212Z,0.75
2026-08-04T04:59:28.265Z,0.75
2026-08-04T04:59:43.346Z,0.75
2026-08-04T05:00:10.301Z,0.75
2026-08-04T05:00:18.601Z,0.74
2026-08-04T05:00:33.644Z,0.74
2026-08-04T05:00:48.739Z,0.74
2026-08-04T05:01:03.862Z,0.74
2026-08-04T05:01:23.905Z,0.74
2026-08-04T05:01:44.03Z,0.74
2026-08-04T05:02:04.064Z,0.74
2026-08-04T05:02:24.131Z,0.74
2026-08-04T05:02:39.919Z,0.74
2026-08-04T05:02:54.289Z,0.74
2026-08-04T05:03:09.371Z,0.75
2026-08-04T05:03:24.423Z,0.75
2026-08-04T05:03:44Z,0.75
2026-08-04T05:03:44.586Z,0.75
2026-08-04T05:03:59.641Z,0.75
2026-08-04T05:04:14.693Z,0.75
2026-08-04T05:04:34.756Z,0.75
2026-08-04T05:04:49.841Z,0.75
2026-08-04T05:05:09.279Z,0.75
2026-08-04T05:05:19.984Z,0.75
2026-08-04T05:05:35.356Z,0.75
2026-08-04T05:05:50.156Z,0.75
2026-08-04T05:06:05.228Z,0.75
2026-08-04T05:06:21.511Z,0.75
2026-08-04T05:06:35.417Z,0.75
2026-08-04T05:06:50.485Z,0.76
2026-08-04T05:07:05.597Z,0.76
2026-08-04T05:07:20.631Z,0.76
2026-08-04T05:07:35.736Z,0.76
2026-08-04T05:07:50.787Z,0.76
2026-08-04T05:08:10.941Z,0.76
2026-08-04T05:08:25.966Z,0.76
2026-08-04T05:08:40Z,0.76
2026-08-04T05:08:41.049Z,0.76
2026-08-04T05:08:56.138Z,0.76
2026-08-04T05:09:11.215Z,0.76
2026-08-04T05:09:26.285Z,0.76
2026-08-04T05:09:44.293Z,0.76
2026-08-04T05:10:11.694Z,0.76
2026-08-04T05:10:21.5Z,0.76
2026-08-04T05:10:36.847Z,0.76
2026-08-04T05:10:51.643Z,0.76
2026-08-04T05:11:06.721Z,0.76
2026-08-04T05:11:21.804Z,0.76
2026-08-04T05:11:36.889Z,0.76
2026-08-04T05:11:51.984Z,0.76
2026-08-04T05:12:07.039Z,0.76
2026-08-04T05:12:22.175Z,0.76
2026-08-04T05:12:37.206Z,0.76
2026-08-04T05:12:52.314Z,0.76
2026-08-04T05:13:07.344Z,0.76
2026-08-04T05:13:27.819Z,0.76
2026-08-04T05:13:42Z,0.76
2026-08-04T05:13:42.498Z,0.76
2026-08-04T05:14:02.602Z,0.77
2026-08-04T05:14:22.649Z,0.77
2026-08-04T05:14:37.732Z,0.77
2026-08-04T05:14:57.778Z,0.77
2026-08-04T05:15:13.057Z,0.77
2026-08-04T05:15:27.973Z,0.77
2026-08-04T05:15:43.051Z,0.77
2026-08-04T05:15:58.104Z,0.77
2026-08-04T05:16:13.264Z,0.77
2026-08-04T05:16:28.292Z,0.77
2026-08-04T05:16:43.371Z,0.77
2026-08-04T05:16:58.431Z,0.77
2026-08-04T05:17:13.867Z,0.77
2026-08-04T05:17:33.597Z,0.77
2026-08-04T05:17:48.674Z,0.77
2026-08-04T05:18:04.15Z,0.77
2026-08-04T05:18:18.843Z,0.77
2026-08-04T05:18:33Z,0.77
2026-08-04T05:18:33.913Z,0.77
2026-08-04T05:18:54.868Z,0.78
2026-08-04T05:19:09.46Z,0.78
2026-08-04T05:19:24.143Z,0.78
2026-08-04T05:19:39.229Z,0.78
2026-08-04T05:19:54.289Z,0.78
2026-08-04T05:20:09.417Z,0.78
2026-08-04T05:20:24.491Z,0.78
2026-08-04T05:20:39.586Z,0.78
2026-08-04T05:20:54.598Z,0.78
2026-08-04T05:21:09.68Z,0.78
2026-08-04T05:21:24.76Z,0.78
2026-08-04T05:21:44.827Z,0.78
2026-08-04T05:22:00.531Z,0.78
2026-08-04T05:22:14.98Z,0.78
2026-08-04T05:22:30.042Z,0.78
2026-08-04T05:22:50.123Z,0.78
2026-08-04T05:23:10.184Z,0.78
2026-08-04T05:23:25.262Z,0.78
2026-08-04T05:23:39Z,0.78
2026-08-04T05:23:40.477Z,0.78
2026-08-04T05:24:00.469Z,0.79
2026-08-04T05:24:15.539Z,0.79
2026-08-04T05:24:30.611Z,0.79
2026-08-04T05:24:45.678Z,0.79
2026-08-04T05:25:03.024Z,0.79
2026-08-04T05:25:21.263Z,0.79
2026-08-04T05:25:35.953Z,0.79
2026-08-04T05:25:51.035Z,0.79
2026-08-04T05:26:11.075Z,0.79
2026-08-04T05:26:27.496Z,0.79
2026-08-04T05:26:46.225Z,0.79
2026-08-04T05:27:06.32Z,0.79
2026-08-04T05:27:26.386Z,0.79
2026-08-04T05:27:42.572Z,0.79
2026-08-04T05:27:56.53Z,0.79
2026-08-04T05:28:11.586Z,0.8
2026-08-04T05:28:31.74Z,0.8
2026-08-04T05:28:46Z,0.8
2026-08-04T05:28:46.816Z,0.8
2026-08-04T05:29:06.924Z,0.8
2026-08-04T05:29:26.99Z,0.8
2026-08-04T05:29:42.657Z,0.8
2026-08-04T05:29:57.425Z,0.8
2026-08-04T05:30:17.205Z,0.8
2026-08-04T05:30:33.052Z,0.8
2026-08-04T05:30:52.36Z,0.8
2026-08-04T05:31:07.423Z,0.8
2026-08-04T05:31:22.525Z,0.8
2026-08-04T05:31:42.586Z,0.8
2026-08-04T05:31:57.676Z,0.8
2026-08-04T05:32:12.732Z,0.8
2026-08-04T05:32:27.826Z,0.8
2026-08-04T05:32:42.898Z,0.8
2026-08-04T05:32:57.975Z,0.81
2026-08-04T05:33:13.058Z,0.81
2026-08-04T05:33:28.206Z,0.81
2026-08-04T05:33:42Z,0.81
2026-08-04T05:33:43.268Z,0.81
2026-08-04T05:33:58.36Z,0.81
2026-08-04T05:34:18.41Z,0.81
2026-08-04T05:34:33.568Z,0.81
2026-08-04T05:34:53.61Z,0.81
2026-08-04T05:35:13.706Z,0.81
2026-08-04T05:35:28.85Z,0.81
2026-08-04T05:35:48.866Z,0.81
2026-08-04T05:36:03.975Z,0.81
2026-08-04T05:36:19.028Z,0.81
2026-08-04T05:36:34.103Z,0.81
2026-08-04T05:36:49.175Z,0.81
2026-08-04T05:37:04.233Z,0.81
2026-08-04T05:37:24.339Z,0.82
2026-08-04T05:37:39.392Z,0.82
2026-08-04T05:37:54.546Z,0.82
2026-08-04T05:38:09.624Z,0.82
2026-08-04T05:38:24.795Z,0.82
2026-08-04T05:38:39.855Z,0.82
2026-08-04T05:38:54Z,0.82
2026-08-04T05:38:54.945Z,0.82
2026-08-04T05:39:10.035Z,0.82
2026-08-04T05:39:25.113Z,0.82
2026-08-04T05:39:40.183Z,0.82
2026-08-04T05:39:55.259Z,0.82
2026-08-04T05:40:15.336Z,0.82
2026-08-04T05:40:30.413Z,0.82
2026-08-04T05:40:45.553Z,0.82
2026-08-04T05:41:02.483Z,0.82
2026-08-04T05:41:15.748Z,0.82
2026-08-04T05:41:30.747Z,0.82
2026-08-04T05:41:46.987Z,0.82
2026-08-04T05:42:05.896Z,0.83
2026-08-04T05:42:21.176Z,0.83
2026-08-04T05:42:36.077Z,0.83
2026-08-04T05:42:51.381Z,0.83
2026-08-04T05:43:06.212Z,0.83
2026-08-04T05:43:21.273Z,0.83
2026-08-04T05:43:36.405Z,0.83
2026-08-04T05:43:51Z,0.83
2026-08-04T05:43:51.426Z,0.83
2026-08-04T05:44:06.542Z,0.83
2026-08-04T05:44:21.627Z,0.83
2026-08-04T05:44:36.693Z,0.83
2026-08-04T05:44:51.74Z,0.83
2026-08-04T05:45:12.187Z,0.83
2026-08-04T05:45:21.932Z,0.83
2026-08-04T05:45:42.044Z,0.83
2026-08-04T05:46:02.892Z,0.83
2026-08-04T05:46:17.184Z,0.83
2026-08-04T05:46:32.283Z,0.83
2026-08-04T05:46:47.333Z,0.84
2026-08-04T05:47:02.946Z,0.83
2026-08-04T05:47:17.5Z,0.83
2026-08-04T05:47:32.582Z,0.83
2026-08-04T05:47:47.667Z,0.84
2026-08-04T05:48:03.479Z,0.84
2026-08-04T05:48:17.854Z,0.84
2026-08-04T05:48:32.932Z,0.84
2026-08-04T05:48:52Z,0.84
2026-08-04T05:48:53.087Z,0.84
2026-08-04T05:49:08.328Z,0.84
2026-08-04T05:49:23.188Z,0.84
2026-08-04T05:49:38.243Z,0.84
2026-08-04T05:49:53.323Z,0.84
2026-08-04T05:50:13.392Z,0.84
2026-08-04T05:50:33.496Z,0.84
2026-08-04T05:50:48.556Z,0.84
2026-08-04T05:51:10.319Z,0.84
2026-08-04T05:51:28.74Z,0.85
2026-08-04T05:51:43.774Z,0.85
2026-08-04T05:52:03.847Z,0.85
2026-08-04T05:52:18.937Z,0.85
2026-08-04T05:52:39.013Z,0.85
2026-08-04T05:53:01.131Z,0.86
2026-08-04T05:53:15.476Z,0.86
2026-08-04T05:53:29.261Z,0.86
2026-08-04T05:53:44.319Z,0.86
2026-08-04T05:53:59Z,0.86
2026-08-04T05:53:59.422Z,0.86
2026-08-04T05:54:14.724Z,0.86
2026-08-04T05:54:29.61Z,0.86
2026-08-04T05:54:49.613Z,0.86
2026-08-04T05:55:13.05Z,0.86
2026-08-04T05:55:24.792Z,0.87
2026-08-04T05:55:39.836Z,0.87
2026-08-04T05:55:54.917Z,0.87
2026-08-04T05:56:15.98Z,0.87
2026-08-04T05:56:30.066Z,0.87
2026-08-04T05:56:50.151Z,0.87
2026-08-04T05:57:06.114Z,0.88
2026-08-04T05:57:25.301Z,0.88
2026-08-04T05:57:40.451Z,0.88
2026-08-04T05:58:00.458Z,0.88
2026-08-04T05:58:15.52Z,0.88
2026-08-04T05:58:35.627Z,0.89
2026-08-04T05:58:50Z,0.89
2026-08-04T05:58:50.652Z,0.89
2026-08-04T05:59:11.222Z,0.89
2026-08-04T05:59:25.825Z,0.9
2026-08-04T05:59:40.895Z,0.9
2026-08-04T06:00:10.394Z,0.91
2026-08-04T06:00:16.116Z,0.91
2026-08-04T06:00:31.174Z,0.91
2026-08-04T06:00:46.236Z,0.91
2026-08-04T06:01:02.965Z,0.91
2026-08-04T06:01:16.395Z,0.9
2026-08-04T06:01:37.241Z,0.91
2026-08-04T06:01:51.538Z,0.91
2026-08-04T06:02:06.613Z,0.91
2026-08-04T06:02:26.707Z,0.91
2026-08-04T06:02:47.898Z,0.91
2026-08-04T06:03:04.842Z,0.92
2026-08-04T06:03:22.059Z,0.92
2026-08-04T06:03:37.132Z,0.92
2026-08-04T06:03:51Z,0.93
2026-08-04T06:03:52.23Z,0.93
2026-08-04T06:04:07.285Z,0.94
2026-08-04T06:04:22.37Z,0.95
2026-08-04T06:04:37.468Z,0.95
2026-08-04T06:04:57.518Z,0.96
2026-08-04T06:05:17.59Z,0.97
2026-08-04T06:05:32.678Z,0.97
2026-08-04T06:05:48.748Z,0.96
2026-08-04T06:06:03.029Z,0.96
2026-08-04T06:06:22.921Z,0.96
2026-08-04T06:06:38.316Z,0.96
2026-08-04T06:06:53.872Z,0.96
2026-08-04T06:07:08.112Z,0.95
2026-08-04T06:07:23.172Z,0.96
2026-08-04T06:07:38.308Z,0.96
2026-08-04T06:07:54.152Z,0.97
2026-08-04T06:08:08.659Z,0.97
2026-08-04T06:08:23.742Z,0.98
2026-08-04T06:08:38.842Z,0.98
2026-08-04T06:08:53Z,0.99
2026-08-04T06:08:53.872Z,0.99
2026-08-04T06:09:08.931Z,0.99
2026-08-04T06:09:24.031Z,0.99
2026-08-04T06:09:39.132Z,1.0
2026-08-04T06:09:54.207Z,1.01
2026-08-04T06:10:10.764Z,1.01
2026-08-04T06:10:24.384Z,1.01
2026-08-04T06:10:39.442Z,1.01
2026-08-04T06:10:54.511Z,1.01
2026-08-04T06:11:09.615Z,1.0
2026-08-04T06:11:31.176Z,1.02
2026-08-04T06:11:44.722Z,1.02
2026-08-04T06:12:05.895Z,1.02
2026-08-04T06:12:19.867Z,1.02
2026-08-04T06:12:34.957Z,1.02
2026-08-04T06:12:50.02Z,1.02
2026-08-04T06:13:10.088Z,1.03
2026-08-04T06:13:25.561Z,1.04
2026-08-04T06:13:45.234Z,1.04
2026-08-04T06:14:04Z,1.04
2026-08-04T06:14:06.118Z,1.04
2026-08-04T06:14:20.395Z,1.04
2026-08-04T06:14:35.515Z,1.04
2026-08-04T06:14:55.554Z,1.05
2026-08-04T06:15:11.489Z,1.07
2026-08-04T06:15:25.767Z,1.08
2026-08-04T06:15:45.865Z,1.1
2026-08-04T06:16:06.932Z,1.1
2026-08-04T06:16:21.254Z,1.1
2026-08-04T06:16:36.569Z,1.07
2026-08-04T06:16:51.312Z,1.07
2026-08-04T06:17:12.061Z,1.07
2026-08-04T06:17:31.461Z,1.06
2026-08-04T06:17:46.538Z,1.07
2026-08-04T06:18:06.622Z,1.07
2026-08-04T06:18:21.67Z,1.08
2026-08-04T06:18:36.795Z,1.09
2026-08-04T06:18:56Z,1.11
2026-08-04T06:18:56.855Z,1.11
2026-08-04T06:19:11.957Z,1.11
2026-08-04T06:19:27.039Z,1.11
2026-08-04T06:19:42.108Z,1.12
2026-08-04T06:19:57.184Z,1.14
2026-08-04T06:20:12.446Z,1.15
2026-08-04T06:20:27.723Z,1.19
2026-08-04T06:20:42.86Z,1.22
2026-08-04T06:20:57.554Z,1.22
2026-08-04T06:21:12.641Z,1.22
2026-08-04T06:21:28.588Z,1.24
2026-08-04T06:21:42.964Z,1.26
2026-08-04T06:22:02.859Z,1.26
2026-08-04T06:22:17.907Z,1.28
2026-08-04T06:22:33.02Z,1.3
2026-08-04T06:22:48.104Z,1.34
2026-08-04T06:23:05.03Z,1.34
2026-08-04T06:23:18.419Z,1.34
2026-08-04T06:23:33.384Z,1.37
2026-08-04T06:23:54.36Z,1.38
2026-08-04T06:24:08Z,1.4
2026-08-04T06:24:08.608Z,1.4
2026-08-04T06:24:23.684Z,1.4
2026-08-04T06:24:43.786Z,1.42
2026-08-04T06:24:58.828Z,1.44
2026-08-04T06:25:14.043Z,1.46
2026-08-04T06:25:29.173Z,1.46
2026-08-04T06:25:44.22Z,1.45
2026-08-04T06:25:59.287Z,1.46
2026-08-04T06:26:14.354Z,1.47
2026-08-04T06:26:34.464Z,1.49
2026-08-04T06:26:54.515Z,1.52
2026-08-04T06:27:09.778Z,1.53
2026-08-04T06:27:29.856Z,1.55
2026-08-04T06:27:45.036Z,1.57
2026-08-04T06:28:05.404Z,1.56
2026-08-04T06:28:20.486Z,1.57
2026-08-04T06:28:35.266Z,1.59
2026-08-04T06:28:50.306Z,1.59
2026-08-04T06:29:04Z,1.64
2026-08-04T06:29:05.384Z,1.64
2026-08-04T06:29:20.446Z,1.64
2026-08-04T06:29:41.366Z,1.66
2026-08-04T06:29:55.592Z,1.67
2026-08-04T06:30:10.731Z,1.67
2026-08-04T06:30:25.816Z,1.68
2026-08-04T06:30:45.919Z,1.72
2026-08-04T06:31:02.552Z,1.72
2026-08-04T06:31:16.032Z,1.74
2026-08-04T06:31:31.107Z,1.75
2026-08-04T06:31:47.726Z,1.77
2026-08-04T06:32:02.836Z,1.77
2026-08-04T06:32:16.366Z,1.8
2026-08-04T06:32:31.433Z,1.81
2026-08-04T06:32:51.528Z,1.82
2026-08-04T06:33:06.578Z,1.83
2026-08-04T06:33:21.647Z,1.83
2026-08-04T06:33:36.747Z,1.85
2026-08-04T06:33:51.814Z,1.86
2026-08-04T06:34:06Z,1.88
2026-08-04T06:34:06.902Z,1.88
2026-08-04T06:34:21.988Z,1.9
2026-08-04T06:34:37.065Z,1.91
2026-08-04T06:34:52.168Z,1.93
2026-08-04T06:35:11.371Z,1.94
2026-08-04T06:35:22.491Z,1.94
2026-08-04T06:35:37.547Z,1.96
2026-08-04T06:35:52.632Z,1.98
2026-08-04T06:36:07.708Z,1.98
2026-08-04T06:36:22.782Z,1.98
2026-08-04T06:36:37.87Z,1.99
2026-08-04T06:36:52.942Z,2.02
2026-08-04T06:37:08.035Z,2.03
2026-08-04T06:37:23.087Z,2.03
2026-08-04T06:37:43.367Z,2.06
2026-08-04T06:37:58.311Z,2.06
2026-08-04T06:38:13.382Z,2.07
2026-08-04T06:38:28.458Z,2.09
2026-08-04T06:38:49.734Z,2.11
2026-08-04T06:39:03Z,2.14
2026-08-04T06:39:03.58Z,2.14
2026-08-04T06:39:18.656Z,2.14
2026-08-04T06:39:38.743Z,2.15
2026-08-04T06:39:53.816Z,2.17
2026-08-04T06:40:11.276Z,2.18
2026-08-04T06:40:24.044Z,2.18
2026-08-04T06:40:39.128Z,2.2
2026-08-04T06:40:59.199Z,2.21
2026-08-04T06:41:19.334Z,2.22
2026-08-04T06:41:34.393Z,2.24
2026-08-04T06:41:49.475Z,2.25
2026-08-04T06:42:04.511Z,2.26
2026-08-04T06:42:19.6Z,2.28
2026-08-04T06:42:34.737Z,2.29
2026-08-04T06:42:52.274Z,2.3
2026-08-04T06:43:04.846Z,2.32
2026-08-04T06:43:19.932Z,2.33
2026-08-04T06:43:39.988Z,2.35
2026-08-04T06:43:55.087Z,2.36
2026-08-04T06:44:14Z,2.36
2026-08-04T06:44:15.142Z,2.36
2026-08-04T06:44:35.247Z,2.38
2026-08-04T06:44:55.301Z,2.39
2026-08-04T06:45:15.368Z,2.41
2026-08-04T06:45:30.435Z,2.43
2026-08-04T06:45:45.53Z,2.44
2026-08-04T06:46:00.626Z,2.46
2026-08-04T06:46:15.917Z,2.49
2026-08-04T06:46:30.954Z,2.49
2026-08-04T06:46:45.975Z,2.49
2026-08-04T06:47:03.011Z,2.51
2026-08-04T06:47:16.136Z,2.51
2026-08-04T06:47:31.081Z,2.53
2026-08-04T06:47:46.163Z,2.53
2026-08-04T06:48:07.014Z,2.55
2026-08-04T06:48:21.299Z,2.55
2026-08-04T06:48:36.419Z,2.58
2026-08-04T06:48:56.446Z,2.59
2026-08-04T06:49:16Z,2.59
2026-08-04T06:49:16.549Z,2.59
2026-08-04T06:49:36.647Z,2.61
2026-08-04T06:49:51.738Z,2.62
2026-08-04T06:50:07.852Z,2.62
2026-08-04T06:50:27.465Z,2.65
2026-08-04T06:50:46.948Z,2.67
2026-08-04T06:51:02.654Z,2.67
2026-08-04T06:51:22.525Z,2.69
2026-08-04T06:51:42.391Z,2.7
2026-08-04T06:52:04.182Z,2.71
2026-08-04T06:52:22.45Z,2.71
2026-08-04T06:52:37.482Z,2.74
2026-08-04T06:52:52.542Z,2.74
2026-08-04T06:53:14.192Z,2.76
2026-08-04T06:53:27.956Z,2.77
2026-08-04T06:53:42.781Z,2.78
2026-08-04T06:54:02Z,2.79
2026-08-04T06:54:03.212Z,2.79
2026-08-04T06:54:22.979Z,2.8
2026-08-04T06:54:38.119Z,2.82
2026-08-04T06:54:58.189Z,2.83
2026-08-04T06:55:18.278Z,2.84
2026-08-04T06:55:33.338Z,2.85
2026-08-04T06:55:48.403Z,2.86
2026-08-04T06:56:04.513Z,2.87
2026-08-04T06:56:18.616Z,2.87
2026-08-04T06:56:33.664Z,2.9
2026-08-04T06:56:48.719Z,2.9
2026-08-04T06:57:03.787Z,2.92
2026-08-04T06:57:18.888Z,2.93
2026-08-04T06:57:34.022Z,2.94
2026-08-04T06:57:49.1Z,2.94
2026-08-04T06:58:09.146Z,2.97
2026-08-04T06:58:24.455Z,2.97
2026-08-04T06:58:44.443Z,2.98
2026-08-04T06:58:59.567Z,3.0
2026-08-04T06:59:19Z,3.01
2026-08-04T06:59:19.622Z,3.01
2026-08-04T06:59:34.712Z,3.02
2026-08-04T06:59:49.789Z,3.03
2026-08-04T07:00:11.178Z,3.04
2026-08-04T07:00:20.493Z,3.06
2026-08-04T07:00:39.995Z,3.06
2026-08-04T07:00:55.074Z,3.08
2026-08-04T07:01:10.129Z,3.08
2026-08-04T07:01:31.216Z,3.09
2026-08-04T07:01:45.651Z,3.09
2026-08-04T07:02:01.182Z,3.11
2026-08-04T07:02:17.7Z,3.13
2026-08-04T07:02:36.027Z,3.13
2026-08-04T07:02:50.659Z,3.15
2026-08-04T07:03:05.751Z,3.16
2026-08-04T07:03:21.51Z,3.17
2026-08-04T07:03:35.888Z,3.18
2026-08-04T07:03:50.958Z,3.18
2026-08-04T07:04:06.04Z,3.19
2026-08-04T07:04:20Z,3.2
2026-08-04T07:04:21.162Z,3.2
2026-08-04T07:04:36.323Z,3.22
2026-08-04T07:04:51.39Z,3.22
2026-08-04T07:05:15.069Z,3.24
2026-08-04T07:05:26.497Z,3.24
2026-08-04T07:05:41.643Z,3.25
2026-08-04T07:06:02.858Z,3.27
2026-08-04T07:06:16.759Z,3.28
2026-08-04T07:06:31.829Z,3.29
2026-08-04T07:06:48.311Z,3.3
2026-08-04T07:07:02.722Z,3.3
2026-08-04T07:07:22.096Z,3.32
2026-08-04T07:07:37.178Z,3.32
2026-08-04T07:07:57.287Z,3.34
2026-08-04T07:08:12.323Z,3.34
2026-08-04T07:08:27.421Z,3.34
2026-08-04T07:08:42.492Z,3.35
2026-08-04T07:08:57.605Z,3.35
2026-08-04T07:09:17Z,3.37
2026-08-04T07:09:17.61Z,3.37
2026-08-04T07:09:32.829Z,3.4
2026-08-04T07:09:47.755Z,3.41
2026-08-04T07:10:13.458Z,3.42
2026-08-04T07:10:22.936Z,3.43
2026-08-04T07:10:37.994Z,3.44
2026-08-04T07:10:53.749Z,3.44
2026-08-04T07:11:08.5Z,3.45
2026-08-04T07:11:28.218Z,3.46
2026-08-04T07:11:48.284Z,3.47
2026-08-04T07:12:03.561Z,3.47
2026-08-04T07:12:23.422Z,3.48
2026-08-04T07:12:38.499Z,3.49
2026-08-04T07:12:53.577Z,3.5
2026-08-04T07:13:13.645Z,3.52
2026-08-04T07:13:28.723Z,3.52
2026-08-04T07:13:48.8Z,3.52
2026-08-04T07:14:03.874Z,3.53
2026-08-04T07:14:18Z,3.53
2026-08-04T07:14:20.604Z,3.53
2026-08-04T07:14:34.135Z,3.53
2026-08-04T07:14:49.157Z,3.56
2026-08-04T07:15:11.499Z,3.58
2026-08-04T07:15:24.411Z,3.59
2026-08-04T07:15:39.527Z,3.59
2026-08-04T07:15:54.554Z,3.6
2026-08-04T07:16:09.633Z,3.62
2026-08-04T07:16:25.903Z,3.63
2026-08-04T07:16:44.786Z,3.63
2026-08-04T07:16:59.844Z,3.64
2026-08-04T07:17:14.989Z,3.64
2026-08-04T07:17:29.989Z,3.67
2026-08-04T07:17:50.882Z,3.67
2026-08-04T07:18:05.351Z,3.68
2026-08-04T07:18:20.278Z,3.68
2026-08-04T07:18:35.323Z,3.7
2026-08-04T07:18:50.434Z,3.7
2026-08-04T07:19:05.519Z,3.73
2026-08-04T07:19:20Z,3.75
2026-08-04T07:19:20.567Z,3.75
2026-08-04T07:19:35.648Z,3.77
2026-08-04T07:19:50.709Z,3.77
2026-08-04T07:20:12.096Z,3.77
2026-08-04T07:20:30.911Z,3.79
2026-08-04T07:20:45.957Z,3.8
2026-08-04T07:21:02.62Z,3.8
2026-08-04T07:21:21.116Z,3.81
2026-08-04T07:21:38.536Z,3.83
2026-08-04T07:21:51.274Z,3.84
2026-08-04T07:22:06.339Z,3.84
2026-08-04T07:22:21.424Z,3.85
2026-08-04T07:22:37.05Z,3.87
2026-08-04T07:22:56.557Z,3.88
2026-08-04T07:23:12.912Z,3.89
2026-08-04T07:23:28.087Z,3.9
2026-08-04T07:23:41.781Z,3.91
2026-08-04T07:24:02.9Z,3.91
2026-08-04T07:24:16Z,3.92
2026-08-04T07:24:16.939Z,3.92
2026-08-04T07:24:32.046Z,3.93
2026-08-04T07:24:47.106Z,3.94
2026-08-04T07:25:11.674Z,3.96
2026-08-04T07:25:22.266Z,3.96
2026-08-04T07:25:37.346Z,3.97
2026-08-04T07:25:52.414Z,4.0
2026-08-04T07:26:12.474Z,4.01
2026-08-04T07:26:32.578Z,4.03
2026-08-04T07:26:52.649Z,4.01
2026-08-04T07:27:07.752Z,4.02
2026-08-04T07:27:22.808Z,4.05
2026-08-04T07:27:42.911Z,4.05
2026-08-04T07:27:57.968Z,4.07
2026-08-04T07:28:13.042Z,4.08
2026-08-04T07:28:28.609Z,4.09
2026-08-04T07:28:43.2Z,4.09
2026-08-04T07:28:58.365Z,4.1
2026-08-04T07:29:13.45Z,4.11
2026-08-04T07:29:28Z,4.12
2026-08-04T07:29:28.563Z,4.12
2026-08-04T07:29:43.679Z,4.13
2026-08-04T07:29:58.653Z,4.13
2026-08-04T07:30:18.75Z,4.14
2026-08-04T07:30:33.818Z,4.17
2026-08-04T07:30:53.898Z,4.17
2026-08-04T07:31:09.012Z,4.18
2026-08-04T07:31:29.124Z,4.2
2026-08-04T07:31:44.176Z,4.21
2026-08-04T07:32:04.202Z,4.22
2026-08-04T07:32:19.377Z,4.24
2026-08-04T07:32:34.379Z,4.24
2026-08-04T07:32:49.508Z,4.25
2026-08-04T07:33:04.547Z,4.25
2026-08-04T07:33:19.605Z,4.26
2026-08-04T07:33:34.697Z,4.26
2026-08-04T07:33:49.776Z,4.26
2026-08-04T07:34:04.921Z,4.27
2026-08-04T07:34:19Z,4.29
2026-08-04T07:34:19.98Z,4.29
2026-08-04T07:34:35.123Z,4.29
2026-08-04T07:34:55.144Z,4.31
2026-08-04T07:35:14.181Z,4.32
2026-08-04T07:35:25.291Z,4.34
2026-08-04T07:35:45.383Z,4.34
2026-08-04T07:36:00.444Z,4.37
2026-08-04T07:36:15.529Z,4.37
2026-08-04T07:36:30.626Z,4.38
2026-08-04T07:36:50.774Z,4.4
2026-08-04T07:37:05.778Z,4.42
2026-08-04T07:37:25.874Z,4.42
2026-08-04T07:37:40.935Z,4.43
2026-08-04T07:37:56.043Z,4.46
2026-08-04T07:38:11.107Z,4.46
2026-08-04T07:38:32.034Z,4.46
2026-08-04T07:38:46.4Z,4.46
2026-08-04T07:39:02.864Z,4.48
2026-08-04T07:39:21Z,4.48
2026-08-04T07:39:21.591Z,4.48
2026-08-04T07:39:37.355Z,4.49
2026-08-04T07:39:56.743Z,4.51
2026-08-04T07:40:12.813Z,4.51
2026-08-04T07:40:31.887Z,4.53
2026-08-04T07:40:46.996Z,4.53
2026-08-04T07:41:02.877Z,4.53
2026-08-04T07:41:22.141Z,4.56
2026-08-04T07:41:37.866Z,4.57
2026-08-04T07:41:52.429Z,4.58
2026-08-04T07:42:07.52Z,4.59
2026-08-04T07:42:22.534Z,4.59
2026-08-04T07:42:37.676Z,4.61
2026-08-04T07:42:57.762Z,4.64
2026-08-04T07:43:12.838Z,4.64
2026-08-04T07:43:27.908Z,4.64
2026-08-04T07:43:42.989Z,4.67
2026-08-04T07:43:58.819Z,4.67
2026-08-04T07:44:13.233Z,4.68
2026-08-04T07:44:27Z,4.68
2026-08-04T07:44:28.291Z,4.68
2026-08-04T07:44:43.353Z,4.7
2026-08-04T07:44:58.444Z,4.7
2026-08-04T07:45:13.521Z,4.72
2026-08-04T07:45:33.597Z,4.72
2026-08-04T07:45:48.681Z,4.74
2026-08-04T07:46:04.512Z,4.75
2026-08-04T07:46:18.914Z,4.77
2026-08-04T07:46:34.705Z,4.78
2026-08-04T07:46:48.994Z,4.78
2026-08-04T07:47:04.08Z,4.82
2026-08-04T07:47:19.156Z,4.81
2026-08-04T07:47:36.722Z,4.83
2026-08-04T07:47:54.317Z,4.83
2026-08-04T07:48:09.401Z,4.86
2026-08-04T07:48:29.439Z,4.88
2026-08-04T07:48:44.508Z,4.89
2026-08-04T07:48:59.571Z,4.89
2026-08-04T07:49:14.654Z,4.9
2026-08-04T07:49:29Z,4.92
2026-08-04T07:49:30.315Z,4.92
2026-08-04T07:49:44.812Z,4.92
2026-08-04T07:49:59.887Z,4.93
2026-08-04T07:50:19.96Z,4.94
2026-08-04T07:50:36.304Z,4.95
2026-08-04T07:50:50.324Z,4.97
2026-08-04T07:51:05.304Z,4.97
2026-08-04T07:51:20.333Z,4.99
2026-08-04T07:51:40.726Z,5.0
2026-08-04T07:52:00.534Z,5.01
2026-08-04T07:52:15.577Z,5.01
2026-08-04T07:52:31.635Z,5.04
2026-08-04T07:52:45.739Z,5.05
2026-08-04T07:53:00.794Z,5.07
2026-08-04T07:53:15.884Z,5.07
2026-08-04T07:53:35.98Z,5.08
2026-08-04T07:53:51.301Z,5.09
2026-08-04T07:54:06.109Z,5.09
2026-08-04T07:54:25Z,5.1
2026-08-04T07:54:27.234Z,5.1
2026-08-04T07:54:46.313Z,5.11
2026-08-04T07:55:10.493Z,5.13
2026-08-04T07:55:16.936Z,5.16
2026-08-04T07:55:31.708Z,5.16
2026-08-04T07:55:46.666Z,5.16
2026-08-04T07:56:05.729Z,5.17
2026-08-04T07:56:16.824Z,5.19
2026-08-04T07:56:36.889Z,5.2
2026-08-04T07:56:51.993Z,5.21
2026-08-04T07:57:07.048Z,5.22
2026-08-04T07:57:22.125Z,5.24
2026-08-04T07:57:37.277Z,5.24
2026-08-04T07:57:52.295Z,5.24
2026-08-04T07:58:07.335Z,5.27
2026-08-04T07:58:22.844Z,5.28
2026-08-04T07:58:37.774Z,5.28
2026-08-04T07:58:52.653Z,5.29
2026-08-04T07:59:07.745Z,5.31
2026-08-04T07:59:23.159Z,5.33
2026-08-04T07:59:37Z,5.33
2026-08-04T07:59:37.902Z,5.33
2026-08-04T07:59:52.967Z,5.34
2026-08-04T08:00:13.769Z,5.34
2026-08-04T08:00:23.108Z,5.38
2026-08-04T08:00:38.179Z,5.4
2026-08-04T08:00:53.261Z,5.4
2026-08-04T08:01:08.356Z,5.43
2026-08-04T08:01:23.411Z,5.44
2026-08-04T08:01:38.497Z,5.45
2026-08-04T08:01:53.59Z,5.51
2026-08-04T08:02:08.619Z,5.51
2026-08-04T08:02:35.193Z,5.55
2026-08-04T08:02:43.818Z,5.55
2026-08-04T08:03:02.049Z,5.58
2026-08-04T08:03:13.922Z,5.59
2026-08-04T08:03:29.233Z,5.59
2026-08-04T08:03:44.155Z,5.61
2026-08-04T08:03:59.162Z,5.61
2026-08-04T08:04:19.287Z,5.6
2026-08-04T08:04:33Z,5.61
2026-08-04T08:04:34.298Z,5.61
2026-08-04T08:04:52.964Z,5.61
2026-08-04T08:05:11.537Z,5.59
2026-08-04T08:05:24.536Z,5.59
2026-08-04T08:05:39.643Z,5.59
2026-08-04T08:05:59.668Z,5.59
2026-08-04T08:06:14.858Z,5.59
2026-08-04T08:06:35.342Z,5.57
2026-08-04T08:06:51.142Z,5.57
2026-08-04T08:07:10.076Z,5.57
2026-08-04T08:07:25.181Z,5.56
2026-08-04T08:07:40.254Z,5.55
2026-08-04T08:08:00.314Z,5.55
2026-08-04T08:08:20.378Z,5.53
2026-08-04T08:08:40.957Z,5.53
2026-08-04T08:08:55.62Z,5.53
2026-08-04T08:09:15.756Z,5.51
2026-08-04T08:09:30Z,5.51
2026-08-04T08:09:30.774Z,5.51
2026-08-04T08:09:50.869Z,5.5
2026-08-04T08:10:12.131Z,5.48
2026-08-04T08:10:21.04Z,5.47
2026-08-04T08:10:36.129Z,5.46
2026-08-04T08:10:57.291Z,5.46
2026-08-04T08:11:11.348Z,5.46
2026-08-04T08:11:26.408Z,5.44
2026-08-04T08:11:42.419Z,5.44
2026-08-04T08:11:56.726Z,5.42
2026-08-04T08:12:16.761Z,5.41
2026-08-04T08:12:31.856Z,5.41
2026-08-04T08:12:46.859Z,5.39
2026-08-04T08:13:04.103Z,5.39
2026-08-04T08:13:22.148Z,5.39
2026-08-04T08:13:42.215Z,5.38
2026-08-04T08:14:03.591Z,5.37
2026-08-04T08:14:17.347Z,5.36
2026-08-04T08:14:32Z,5.34
2026-08-04T08:14:32.46Z,5.34
2026-08-04T08:14:47.502Z,5.34
2026-08-04T08:15:11.873Z,5.34
2026-08-04T08:15:17.705Z,5.33
2026-08-04T08:15:32.781Z,5.32
2026-08-04T08:15:47.853Z,5.32
2026-08-04T08:16:07.934Z,5.3
2026-08-04T08:16:23.018Z,5.29
2026-08-04T08:16:38.136Z,5.29
2026-08-04T08:16:58.198Z,5.29
2026-08-04T08:17:13.875Z,5.29
2026-08-04T08:17:29.179Z,5.29
2026-08-04T08:17:48.395Z,5.28
2026-08-04T08:18:03.892Z,5.26
2026-08-04T08:18:18.588Z,5.26
2026-08-04T08:18:38.631Z,5.27
2026-08-04T08:18:53.76Z,5.26
2026-08-04T08:19:13.831Z,5.27
2026-08-04T08:19:28Z,5.26
2026-08-04T08:19:29.625Z,5.26
2026-08-04T08:19:48.986Z,5.26
2026-08-04T08:20:06.928Z,5.26
2026-08-04T08:20:24.209Z,5.25
2026-08-04T08:20:39.219Z,5.24
2026-08-04T08:20:59.293Z,5.24
2026-08-04T08:21:19.429Z,5.24
2026-08-04T08:21:34.504Z,5.22
2026-08-04T08:21:54.584Z,5.22
2026-08-04T08:22:09.667Z,5.22
2026-08-04T08:22:24.758Z,5.21
2026-08-04T08:22:39.916Z,5.19
2026-08-04T08:22:56.28Z,5.2
2026-08-04T08:23:10.042Z,5.2
2026-08-04T08:23:25.154Z,5.19
2026-08-04T08:23:45.24Z,5.19
2026-08-04T08:24:00.314Z,5.19
2026-08-04T08:24:15.394Z,5.2
2026-08-04T08:24:30Z,5.2
2026-08-04T08:24:30.475Z,5.2
2026-08-04T08:24:50.549Z,5.2
2026-08-04T08:25:11.824Z,5.2
2026-08-04T08:25:25.692Z,5.19
2026-08-04T08:25:40.775Z,5.19
2026-08-04T08:26:02.679Z,5.2
2026-08-04T08:26:20.946Z,5.21
2026-08-04T08:26:36.004Z,5.22
2026-08-04T08:26:56.102Z,5.22
2026-08-04T08:27:16.156Z,5.23
2026-08-04T08:27:31.249Z,5.23
2026-08-04T08:27:46.322Z,5.21
2026-08-04T08:28:06.408Z,5.21
2026-08-04T08:28:21.475Z,5.21
2026-08-04T08:28:41.603Z,5.2
2026-08-04T08:28:56.695Z,5.22
2026-08-04T08:29:11.75Z,5.22
2026-08-04T08:29:26.875Z,5.21
2026-08-04T08:29:41Z,5.21
2026-08-04T08:29:42.089Z,5.21
2026-08-04T08:30:11.327Z,5.22
2026-08-04T08:30:17.275Z,5.22
2026-08-04T08:30:32.245Z,5.22
2026-08-04T08:30:47.303Z,5.23
2026-08-04T08:31:02.851Z,5.23
2026-08-04T08:31:17.463Z,5.23
2026-08-04T08:31:37.513Z,5.22
2026-08-04T08:31:57.613Z,5.23
2026-08-04T08:32:12.66Z,5.24
2026-08-04T08:32:27.742Z,5.24
2026-08-04T08:32:48.269Z,5.24
2026-08-04T08:33:03.43Z,5.23
2026-08-04T08:33:18.102Z,5.23
2026-08-04T08:33:38.199Z,5.22
2026-08-04T08:33:53.684Z,5.22
2026-08-04T08:34:08.314Z,5.22
2026-08-04T08:34:28.424Z,5.22
2026-08-04T08:34:43Z,5.22
2026-08-04T08:34:43.491Z,5.22
2026-08-04T08:34:58.534Z,5.22
2026-08-04T08:35:18.7Z,5.21
2026-08-04T08:35:33.696Z,5.21
2026-08-04T08:35:53.793Z,5.2
2026-08-04T08:36:08.858Z,5.2
2026-08-04T08:36:28.927Z,5.2
2026-08-04T08:36:49.732Z,5.2
2026-08-04T08:37:04.098Z,5.2
2026-08-04T08:37:19.247Z,5.2
2026-08-04T08:37:34.342Z,5.2
2026-08-04T08:37:49.555Z,5.2
2026-08-04T08:38:04.487Z,5.2
2026-08-04T08:38:19.734Z,5.21
2026-08-04T08:38:34.705Z,5.19
2026-08-04T08:38:49.735Z,5.2
2026-08-04T08:39:04.889Z,5.19
2026-08-04T08:39:19.903Z,5.19
2026-08-04T08:39:35.454Z,5.19
2026-08-04T08:39:49Z,5.19
2026-08-04T08:39:50.063Z,5.19
2026-08-04T08:40:12.845Z,5.18
2026-08-04T08:40:20.431Z,5.19
2026-08-04T08:40:40.308Z,5.18
2026-08-04T08:40:55.389Z,5.18
2026-08-04T08:41:10.474Z,5.18
2026-08-04T08:41:25.514Z,5.18
2026-08-04T08:41:40.604Z,5.18
2026-08-04T08:41:55.789Z,5.17
2026-08-04T08:42:10.93Z,5.17
2026-08-04T08:42:25.963Z,5.17
2026-08-04T08:42:41.025Z,5.17
2026-08-04T08:42:56.138Z,5.17
2026-08-04T08:43:16.218Z,5.18
2026-08-04T08:43:31.335Z,5.17
2026-08-04T08:43:46.614Z,5.17
2026-08-04T08:44:02.733Z,5.17
2026-08-04T08:44:16.787Z,5.17
2026-08-04T08:44:31.893Z,5.16
2026-08-04T08:44:46Z,5.16
2026-08-04T08:44:46.954Z,5.16
2026-08-04T08:45:12.271Z,5.17
2026-08-04T08:45:22.106Z,5.16
2026-08-04T08:45:37.327Z,5.16
2026-08-04T08:45:57.26Z,5.17
2026-08-04T08:46:12.337Z,5.16
2026-08-04T08:46:32.41Z,5.16
2026-08-04T08:46:47.523Z,5.17
2026-08-04T08:47:03.081Z,5.17
2026-08-04T08:47:22.662Z,5.16
2026-08-04T08:47:42.731Z,5.16
2026-08-04T08:47:57.802Z,5.17
2026-08-04T08:48:12.879Z,5.16
2026-08-04T08:48:27.944Z,5.16
2026-08-04T08:48:43.034Z,5.16
2026-08-04T08:48:58.118Z,5.16
2026-08-04T08:49:18.194Z,5.16
2026-08-04T08:49:33.294Z,5.17
2026-08-04T08:49:47Z,5.18
2026-08-04T08:49:48.391Z,5.18
2026-08-04T08:50:12.012Z,5.18
2026-08-04T08:50:23.575Z,5.19
2026-08-04T08:50:39.119Z,5.19
2026-08-04T08:50:53.762Z,5.18
2026-08-04T08:51:08.816Z,5.19
2026-08-04T08:51:23.91Z,5.18
2026-08-04T08:51:39.145Z,5.18
2026-08-04T08:51:54.233Z,5.17
2026-08-04T08:52:09.23Z,5.17
2026-08-04T08:52:24.282Z,5.17
2026-08-04T08:52:39.333Z,5.18
2026-08-04T08:52:54.518Z,5.18
2026-08-04T08:53:09.598Z,5.18
2026-08-04T08:53:24.76Z,5.18
2026-08-04T08:53:45.441Z,5.17
2026-08-04T08:53:59.877Z,5.17
2026-08-04T08:54:19.968Z,5.19
2026-08-04T08:54:35.029Z,5.21
2026-08-04T08:54:49Z,5.21
2026-08-04T08:54:51.475Z,5.21
2026-08-04T08:55:12.665Z,5.21
2026-08-04T08:55:20.254Z,5.21
2026-08-04T08:55:35.355Z,5.22
2026-08-04T08:55:50.426Z,5.23
2026-08-04T08:56:05.467Z,5.23
2026-08-04T08:56:20.551Z,5.23
2026-08-04T08:56:35.726Z,5.23
2026-08-04T08:56:50.728Z,5.25
2026-08-04T08:57:10.797Z,5.25
2026-08-04T08:57:25.869Z,5.25
2026-08-04T08:57:40.947Z,5.25
2026-08-04T08:57:56.026Z,5.25
2026-08-04T08:58:11.102Z,5.25
2026-08-04T08:58:26.217Z,5.26
2026-08-04T08:58:41.302Z,5.26
2026-08-04T08:59:02.588Z,5.27
2026-08-04T08:59:16.914Z,5.27
2026-08-04T08:59:31.851Z,5.29
2026-08-04T08:59:46Z,5.29
2026-08-04T08:59:46.659Z,5.29
2026-08-04T09:00:11.237Z,5.3
2026-08-04T09:00:21.816Z,5.3
2026-08-04T09:00:36.953Z,5.3
2026-08-04T09:00:52.495Z,5.3
2026-08-04T09:01:12.079Z,5.31
2026-08-04T09:01:27.139Z,5.31
2026-08-04T09:01:47.219Z,5.31
2026-08-04T09:02:02.782Z,5.32
2026-08-04T09:02:17.378Z,5.32
2026-08-04T09:02:32.428Z,5.33
2026-08-04T09:02:54.343Z,5.33
2026-08-04T09:03:07.589Z,5.34
2026-08-04T09:03:22.623Z,5.35
2026-08-04T09:03:42.697Z,5.36
2026-08-04T09:04:06.578Z,5.36
2026-08-04T09:04:17.856Z,5.38
2026-08-04T09:04:37.93Z,5.37
2026-08-04T09:04:52Z,5.37
2026-08-04T09:04:53.042Z,5.37
2026-08-04T09:05:13.091Z,5.37
2026-08-04T09:05:23.186Z,5.38
2026-08-04T09:05:39.482Z,5.39
2026-08-04T09:05:53.387Z,5.4
2026-08-04T09:06:08.428Z,5.4
2026-08-04T09:06:23.513Z,5.4
2026-08-04T09:06:38.595Z,5.4
2026-08-04T09:06:54.663Z,5.4
2026-08-04T09:07:08.74Z,5.4
2026-08-04T09:07:28.815Z,5.42
2026-08-04T09:07:43.91Z,5.42
2026-08-04T09:07:59Z,5.41
2026-08-04T09:08:19.074Z,5.42
2026-08-04T09:08:34.132Z,5.42
2026-08-04T09:08:49.393Z,5.43
2026-08-04T09:09:04.295Z,5.43
2026-08-04T09:09:19.388Z,5.44
2026-08-04T09:09:34.444Z,5.44
2026-08-04T09:09:49Z,5.45
2026-08-04T09:09:49.515Z,5.45
2026-08-04T09:10:12.184Z,5.45
2026-08-04T09:10:19.725Z,5.45
2026-08-04T09:10:34.924Z,5.46
2026-08-04T09:10:49.966Z,5.47
2026-08-04T09:11:05.93Z,5.47
2026-08-04T09:11:24.999Z,5.49
2026-08-04T09:11:40.079Z,5.5
2026-08-04T09:12:00.151Z,5.5
2026-08-04T09:12:15.233Z,5.51
2026-08-04T09:12:35.326Z,5.5
2026-08-04T09:12:50.529Z,5.51
2026-08-04T09:13:05.599Z,5.52
2026-08-04T09:13:20.671Z,5.52
2026-08-04T09:13:35.662Z,5.52
2026-08-04T09:13:55.796Z,5.52
2026-08-04T09:14:10.91Z,5.52
2026-08-04T09:14:25.989Z,5.54
2026-08-04T09:14:40.991Z,5.54
2026-08-04T09:14:55Z,5.53
2026-08-04T09:14:56.084Z,5.53
2026-08-04T09:15:14.044Z,5.53
2026-08-04T09:15:26.34Z,5.52
2026-08-04T09:15:41.328Z,5.52
2026-08-04T09:16:02.707Z,5.54
2026-08-04T09:16:17.289Z,5.54
2026-08-04T09:16:36.575Z,5.53
2026-08-04T09:16:51.601Z,5.53
2026-08-04T09:17:06.691Z,5.53
2026-08-04T09:17:21.798Z,5.54
2026-08-04T09:17:36.876Z,5.53
2026-08-04T09:17:51.993Z,5.54
2026-08-04T09:18:07.03Z,5.53
2026-08-04T09:18:27.219Z,5.54
2026-08-04T09:18:47.208Z,5.55
2026-08-04T09:19:07.262Z,5.54
2026-08-04T09:19:22.341Z,5.54
2026-08-04T09:19:37.42Z,5.55
2026-08-04T09:19:52Z,5.55
2026-08-04T09:19:52.486Z,5.55
2026-08-04T09:20:14.802Z,5.55
2026-08-04T09:20:22.656Z,5.55
2026-08-04T09:20:37.743Z,5.55
2026-08-04T09:20:57.797Z,5.55
2026-08-04T09:21:12.892Z,5.55
2026-08-04T09:21:32.941Z,5.56
2026-08-04T09:21:50.236Z,5.55
2026-08-04T09:22:03.091Z,5.55
2026-08-04T09:22:18.176Z,5.55
2026-08-04T09:22:33.251Z,5.55
2026-08-04T09:22:53.345Z,5.55
2026-08-04T09:23:09.095Z,5.55
2026-08-04T09:23:23.504Z,5.55
2026-08-04T09:23:39.499Z,5.56
2026-08-04T09:23:53.635Z,5.56
2026-08-04T09:24:09.657Z,5.57
2026-08-04T09:24:23.8Z,5.57
2026-08-04T09:24:38.928Z,5.57
2026-08-04T09:24:53Z,5.57
2026-08-04T09:24:53.94Z,5.57
2026-08-04T09:25:13.857Z,5.57
2026-08-04T09:25:24.913Z,5.57
2026-08-04T09:25:39.211Z,5.58
2026-08-04T09:25:54.268Z,5.57
2026-08-04T09:26:14.334Z,5.57
2026-08-04T09:26:29.812Z,5.58
2026-08-04T09:26:44.643Z,5.58
2026-08-04T09:26:59.64Z,5.59
2026-08-04T09:27:14.735Z,5.59
2026-08-04T09:27:29.99Z,5.61
2026-08-04T09:27:45.103Z,5.61
2026-08-04T09:28:00.154Z,5.62
2026-08-04T09:28:16.162Z,5.62
2026-08-04T09:28:30.342Z,5.63
2026-08-04T09:28:50.416Z,5.62
2026-08-04T09:29:10.507Z,5.62
2026-08-04T09:29:30.58Z,5.64
2026-08-04T09:29:45.648Z,5.64
2026-08-04T09:30:00Z,5.64
2026-08-04T09:30:00.805Z,5.64
2026-08-04T09:30:15.894Z,5.65
2026-08-04T09:30:30.982Z,5.65
2026-08-04T09:30:51.037Z,5.66
2026-08-04T09:31:06.124Z,5.66
2026-08-04T09:31:21.238Z,5.65
2026-08-04T09:31:36.316Z,5.66
2026-08-04T09:31:51.367Z,5.67
2026-08-04T09:32:06.441Z,5.67
2026-08-04T09:32:21.543Z,5.68
2026-08-04T09:32:36.666Z,5.68
2026-08-04T09:32:56.873Z,5.68
2026-08-04T09:33:11.773Z,5.68
2026-08-04T09:33:26.867Z,5.68
2026-08-04T09:33:41.902Z,5.68
2026-08-04T09:33:57.388Z,5.69
2026-08-04T09:34:12.066Z,5.69
2026-08-04T09:34:32.17Z,5.72
2026-08-04T09:34:54.533Z,5.71
2026-08-04T09:35:06Z,5.72
2026-08-04T09:35:12.596Z,5.72
2026-08-04T09:35:22.4Z,5.72
2026-08-04T09:35:42.448Z,5.73
2026-08-04T09:35:57.51Z,5.74
2026-08-04T09:36:14.291Z,5.75
2026-08-04T09:36:27.699Z,5.75
2026-08-04T09:36:47.766Z,5.75
2026-08-04T09:37:02.998Z,5.74
2026-08-04T09:37:18.717Z,5.74
2026-08-04T09:37:33.312Z,5.75
2026-08-04T09:37:53.08Z,5.75
2026-08-04T09:38:08.141Z,5.76
2026-08-04T09:38:23.22Z,5.76
2026-08-04T09:38:38.293Z,5.75
2026-08-04T09:38:53.382Z,5.75
2026-08-04T09:39:08.452Z,5.77
2026-08-04T09:39:23.509Z,5.77
2026-08-04T09:39:38.632Z,5.79
2026-08-04T09:39:58Z,5.79
2026-08-04T09:39:58.699Z,5.79
2026-08-04T09:40:14.017Z,5.79
2026-08-04T09:40:28.878Z,5.8
2026-08-04T09:40:43.946Z,5.8
2026-08-04T09:40:59.381Z,5.8
2026-08-04T09:41:14.129Z,5.81
2026-08-04T09:41:29.158Z,5.8
2026-08-04T09:41:44.229Z,5.81
2026-08-04T09:42:07.621Z,5.83
2026-08-04T09:42:20.161Z,5.83
2026-08-04T09:42:39.641Z,5.82
2026-08-04T09:42:54.739Z,5.83
2026-08-04T09:43:14.851Z,5.85
2026-08-04T09:43:29.848Z,5.85
2026-08-04T09:43:44.922Z,5.85
2026-08-04T09:44:00.062Z,5.86
2026-08-04T09:44:20.107Z,5.86
2026-08-04T09:44:40.179Z,5.86
2026-08-04T09:44:55.257Z,5.86
2026-08-04T09:45:09Z,5.87
2026-08-04T09:45:10.334Z,5.87
2026-08-04T09:45:25.494Z,5.88
2026-08-04T09:45:45.503Z,5.86
2026-08-04T09:46:05.548Z,5.87
2026-08-04T09:46:20.664Z,5.87
2026-08-04T09:46:40.739Z,5.88
2026-08-04T09:47:04.106Z,5.89
2026-08-04T09:47:15.883Z,5.89
2026-08-04T09:47:30.965Z,5.89
2026-08-04T09:47:46.001Z,5.89
2026-08-04T09:48:06.101Z,5.9
2026-08-04T09:48:26.183Z,5.9
2026-08-04T09:48:41.242Z,5.91
2026-08-04T09:48:56.31Z,5.91
2026-08-04T09:49:11.381Z,5.91
2026-08-04T09:49:31.557Z,5.91
2026-08-04T09:49:46.589Z,5.91
2026-08-04T09:50:01Z,5.92
2026-08-04T09:50:11.95Z,5.92
2026-08-04T09:50:17.439Z,5.92
2026-08-04T09:50:36.82Z,5.92
2026-08-04T09:50:51.876Z,5.92
2026-08-04T09:51:06.983Z,5.93
2026-08-04T09:51:22.08Z,5.94
2026-08-04T09:51:37.384Z,5.94
2026-08-04T09:51:52.203Z,5.94
2026-08-04T09:52:07.33Z,5.95
2026-08-04T09:52:22.83Z,5.95
2026-08-04T09:52:38.376Z,5.95
2026-08-04T09:52:52.629Z,5.95
2026-08-04T09:53:07.722Z,5.96
2026-08-04T09:53:22.902Z,5.97
2026-08-04T09:53:37.872Z,5.96
2026-08-04T09:53:54.593Z,5.96
2026-08-04T09:54:08.202Z,5.96
2026-08-04T09:54:23.231Z,5.97
2026-08-04T09:54:38.444Z,5.98
2026-08-04T09:54:58.429Z,5.98
2026-08-04T09:55:13Z,5.99
2026-08-04T09:55:14.117Z,5.99
2026-08-04T09:55:33.561Z,5.99
2026-08-04T09:55:48.667Z,5.99
2026-08-04T09:56:04.528Z,6.0
2026-08-04T09:56:18.801Z,6.01
2026-08-04T09:56:38.864Z,6.01
2026-08-04T09:56:54.826Z,6.02
2026-08-04T09:57:09.057Z,6.02
2026-08-04T09:57:24.102Z,6.04
2026-08-04T09:57:39.202Z,6.05
2026-08-04T09:57:59.3Z,6.06
2026-08-04T09:58:19.338Z,6.08
2026-08-04T09:58:34.481Z,6.1
2026-08-04T09:58:49.487Z,6.1
2026-08-04T09:59:09.783Z,6.11
2026-08-04T09:59:24.691Z,6.11
2026-08-04T09:59:40.36Z,6.11
2026-08-04T09:59:54.86Z,6.1
2026-08-04T10:00:09Z,6.12
2026-08-04T10:00:12.546Z,6.12
2026-08-04T10:00:24.999Z,6.12
2026-08-04T10:00:45.154Z,6.12
2026-08-04T10:01:00.166Z,6.12
2026-08-04T10:01:15.227Z,6.13
2026-08-04T10:01:30.305Z,6.14
2026-08-04T10:01:45.417Z,6.13
2026-08-04T10:02:00.517Z,6.14
2026-08-04T10:02:15.579Z,6.14
2026-08-04T10:02:30.725Z,6.16
2026-08-04T10:02:50.767Z,6.17
2026-08-04T10:03:05.853Z,6.17
2026-08-04T10:03:20.93Z,6.19
2026-08-04T10:03:35.976Z,6.19
2026-08-04T10:03:51.048Z,6.19
2026-08-04T10:04:06.155Z,6.2
2026-08-04T10:04:26.282Z,6.21
2026-08-04T10:04:41.339Z,6.23
2026-08-04T10:04:56.406Z,6.23
2026-08-04T10:05:16Z,6.23
2026-08-04T10:05:16.49Z,6.23
2026-08-04T10:05:31.561Z,6.25
2026-08-04T10:05:46.617Z,6.25
2026-08-04T10:06:02.985Z,6.24
2026-08-04T10:06:16.777Z,6.24
2026-08-04T10:06:31.851Z,6.25
2026-08-04T10:06:51.999Z,6.27
2026-08-04T10:07:12.095Z,6.27
2026-08-04T10:07:32.222Z,6.3
2026-08-04T10:07:52.499Z,6.34
2026-08-04T10:08:07.318Z,6.33
2026-08-04T10:08:27.405Z,6.34
2026-08-04T10:08:42.985Z,6.34
2026-08-04T10:09:02.797Z,6.36
2026-08-04T10:09:23.877Z,6.36
2026-08-04T10:09:38.105Z,6.37
2026-08-04T10:09:57.795Z,6.39
2026-08-04T10:10:12Z,6.39
2026-08-04T10:10:12.899Z,6.39
2026-08-04T10:10:32.932Z,6.39
2026-08-04T10:10:48.205Z,6.4
2026-08-04T10:11:03.209Z,6.4
2026-08-04T10:11:18.239Z,6.4
2026-08-04T10:11:33.34Z,6.4
2026-08-04T10:11:53.426Z,6.4
2026-08-04T10:12:08.476Z,6.4
2026-08-04T10:12:28.581Z,6.41
2026-08-04T10:12:43.668Z,6.43
2026-08-04T10:12:58.716Z,6.43
2026-08-04T10:13:13.889Z,6.43
2026-08-04T10:13:28.848Z,6.45
2026-08-04T10:13:45.569Z,6.45
2026-08-04T10:13:59.392Z,6.45
2026-08-04T10:14:14.252Z,6.45
2026-08-04T10:14:29.19Z,6.45
2026-08-04T10:14:44.354Z,6.45
2026-08-04T10:14:59.577Z,6.46
2026-08-04T10:15:19Z,6.45
2026-08-04T10:15:19.597Z,6.45
2026-08-04T10:15:34.623Z,6.46
2026-08-04T10:15:49.702Z,6.46
2026-08-04T10:16:09.784Z,6.48
2026-08-04T10:16:29.943Z,6.5
2026-08-04T10:16:44.972Z,6.51
2026-08-04T10:17:00.084Z,6.51
2026-08-04T10:17:16.921Z,6.53
2026-08-04T10:17:35.302Z,6.53
2026-08-04T10:17:55.271Z,6.54
2026-08-04T10:18:10.958Z,6.56
2026-08-04T10:18:25.42Z,6.56
2026-08-04T10:18:40.494Z,6.56
2026-08-04T10:19:01.999Z,6.58
2026-08-04T10:19:15.686Z,6.58
2026-08-04T10:19:30.722Z,6.59
2026-08-04T10:19:45.797Z,6.59
2026-08-04T10:20:10.693Z,6.6
2026-08-04T10:20:20Z,6.6
2026-08-04T10:20:20.959Z,6.6
2026-08-04T10:20:36.129Z,6.62
2026-08-04T10:20:51.128Z,6.63
2026-08-04T10:21:06.195Z,6.64
2026-08-04T10:21:21.272Z,6.64
2026-08-04T10:21:36.405Z,6.65
2026-08-04T10:21:51.483Z,6.65
2026-08-04T10:22:06.522Z,6.65
2026-08-04T10:22:21.671Z,6.65
2026-08-04T10:22:41.764Z,6.67
2026-08-04T10:22:57.514Z,6.67
2026-08-04T10:23:13.349Z,6.69
2026-08-04T10:23:26.959Z,6.69
2026-08-04T10:23:42.032Z,6.69
2026-08-04T10:23:57.133Z,6.69
2026-08-04T10:24:12.188Z,6.71
2026-08-04T10:24:32.74Z,6.72
2026-08-04T10:24:52.405Z,6.73
2026-08-04T10:25:12Z,6.73
2026-08-04T10:25:13.41Z,6.73
2026-08-04T10:25:28.359Z,6.74
2026-08-04T10:25:47.755Z,6.76
2026-08-04T10:26:03.869Z,6.75
2026-08-04T10:26:17.921Z,6.75
2026-08-04T10:26:33.022Z,6.76
2026-08-04T10:26:48.104Z,6.77
2026-08-04T10:27:08.183Z,6.79
2026-08-04T10:27:28.28Z,6.8
2026-08-04T10:27:43.392Z,6.8
2026-08-04T10:27:58.46Z,6.8
2026-08-04T10:28:18.522Z,6.81
2026-08-04T10:28:33.594Z,6.82
2026-08-04T10:28:48.776Z,6.83
2026-08-04T10:29:03.894Z,6.84
2026-08-04T10:29:23.965Z,6.84
2026-08-04T10:29:39.1Z,6.85
2026-08-04T10:29:59.137Z,6.85
2026-08-04T10:30:13Z,6.85
2026-08-04T10:30:14.277Z,6.85
2026-08-04T10:30:29.373Z,6.86
2026-08-04T10:30:44.435Z,6.87
2026-08-04T10:31:02.343Z,6.89
2026-08-04T10:31:15.187Z,6.88
2026-08-04T10:31:34.853Z,6.87
2026-08-04T10:31:49.818Z,6.87
2026-08-04T10:32:04.892Z,6.88
2026-08-04T10:32:19.914Z,6.88
2026-08-04T10:32:35.039Z,6.88
2026-08-04T10:32:50.094Z,6.89
2026-08-04T10:33:05.205Z,6.88
2026-08-04T10:33:20.275Z,6.88
2026-08-04T10:33:40.34Z,6.88
2026-08-04T10:33:55.396Z,6.89
2026-08-04T10:34:11.147Z,6.9
2026-08-04T10:34:25.946Z,6.9
2026-08-04T10:34:45.612Z,6.91
2026-08-04T10:35:12.419Z,6.91
2026-08-04T10:35:20Z,6.9
2026-08-04T10:35:20.78Z,6.9
2026-08-04T10:35:36.259Z,6.93
2026-08-04T10:35:51.032Z,6.93
2026-08-04T10:36:06.103Z,6.94
2026-08-04T10:36:21.1Z,6.94
2026-08-04T10:36:36.671Z,6.94
2026-08-04T10:36:51.291Z,6.96
2026-08-04T10:37:06.33Z,6.98
2026-08-04T10:37:26.412Z,6.98
2026-08-04T10:37:41.679Z,7.0
2026-08-04T10:38:02.857Z,7.0
2026-08-04T10:38:21.787Z,7.03
2026-08-04T10:38:41.888Z,7.06
2026-08-04T10:38:56.989Z,7.08
2026-08-04T10:39:12.067Z,7.08
2026-08-04T10:39:27.154Z,7.08
2026-08-04T10:39:42.218Z,7.08
2026-08-04T10:40:07.811Z,7.09
2026-08-04T10:40:21Z,7.09
2026-08-04T10:40:22.377Z,7.09
2026-08-04T10:40:37.452Z,7.1
2026-08-04T10:40:52.524Z,7.1
2026-08-04T10:41:07.625Z,7.1
2026-08-04T10:41:23.798Z,7.11
2026-08-04T10:41:37.766Z,7.11
2026-08-04T10:41:52.835Z,7.11
2026-08-04T10:42:07.904Z,7.11
2026-08-04T10:42:23.064Z,7.11
2026-08-04T10:42:38.089Z,7.13
2026-08-04T10:42:58.176Z,7.13
2026-08-04T10:43:13.291Z,7.14
2026-08-04T10:43:33.508Z,7.14
2026-08-04T10:43:48.403Z,7.14
2026-08-04T10:44:04.067Z,7.15
2026-08-04T10:44:18.547Z,7.13
2026-08-04T10:44:38.639Z,7.13
2026-08-04T10:44:53.698Z,7.13
2026-08-04T10:45:10.566Z,7.13
2026-08-04T10:45:23Z,7.09
2026-08-04T10:45:23.854Z,7.09
2026-08-04T10:45:38.923Z,7.12
2026-08-04T10:45:54.005Z,7.12
2026-08-04T10:46:14.082Z,7.1
2026-08-04T10:46:29.159Z,7.1
2026-08-04T10:46:44.247Z,7.1
2026-08-04T10:46:59.35Z,7.1
2026-08-04T10:47:19.523Z,7.09
2026-08-04T10:47:34.503Z,7.09
2026-08-04T10:47:49.546Z,7.09
2026-08-04T10:48:04.654Z,7.12
2026-08-04T10:48:19.775Z,7.11
2026-08-04T10:48:40.39Z,7.1
2026-08-04T10:48:59.864Z,7.11
2026-08-04T10:49:19.958Z,7.11
2026-08-04T10:49:35.958Z,7.12
2026-08-04T10:49:55.102Z,7.12
2026-08-04T10:50:12.698Z,7.12
2026-08-04T10:50:24Z,7.12
2026-08-04T10:50:25.276Z,7.12
2026-08-04T10:50:40.32Z,7.12
2026-08-04T10:51:00.427Z,7.12
2026-08-04T10:51:15.502Z,7.12
2026-08-04T10:51:31.233Z,7.12
2026-08-04T10:51:45.62Z,7.12
2026-08-04T10:52:05.678Z,7.12
2026-08-04T10:52:20.757Z,7.14
2026-08-04T10:52:36.567Z,7.13
2026-08-04T10:52:55.896Z,7.15
2026-08-04T10:53:15.989Z,7.15
2026-08-04T10:53:31.149Z,7.16
2026-08-04T10:53:51.349Z,7.16
2026-08-04T10:54:11.312Z,7.16
2026-08-04T10:54:26.379Z,7.18
2026-08-04T10:54:41.448Z,7.18
2026-08-04T10:55:10.423Z,7.19
2026-08-04T10:55:16.636Z,7.2
2026-08-04T10:55:31Z,7.21
2026-08-04T10:55:31.682Z,7.21
2026-08-04T10:55:51.77Z,7.21
2026-08-04T10:56:11.861Z,7.22
2026-08-04T10:56:31.887Z,7.23
2026-08-04T10:56:53.189Z,7.26
2026-08-04T10:57:12.055Z,7.25
2026-08-04T10:57:32.147Z,7.25
2026-08-04T10:57:47.23Z,7.27
2026-08-04T10:58:03.523Z,7.29
2026-08-04T10:58:22.376Z,7.31
2026-08-04T10:58:37.495Z,7.31
2026-08-04T10:58:52.621Z,7.31
2026-08-04T10:59:07.663Z,7.32
2026-08-04T10:59:22.792Z,7.32
2026-08-04T10:59:37.852Z,7.32
2026-08-04T10:59:58.93Z,7.34
2026-08-04T11:00:13.047Z,7.34
2026-08-04T11:00:27Z,7.36
2026-08-04T11:00:28.429Z,7.36
2026-08-04T11:00:43.354Z,7.37
2026-08-04T11:00:58.209Z,7.39
2026-08-04T11:01:13.304Z,7.39
2026-08-04T11:01:33.364Z,7.43
2026-08-04T11:01:48.425Z,7.43
2026-08-04T11:02:03.495Z,7.44
2026-08-04T11:02:18.577Z,7.46
2026-08-04T11:02:33.669Z,7.47
2026-08-04T11:02:48.748Z,7.47
2026-08-04T11:03:03.949Z,7.49
2026-08-04T11:03:18.996Z,7.51
2026-08-04T11:03:34.069Z,7.51
2026-08-04T11:03:49.525Z,7.51
2026-08-04T11:04:04.228Z,7.51
2026-08-04T11:04:19.338Z,7.51
2026-08-04T11:04:34.356Z,7.51
2026-08-04T11:04:54.593Z,7.52
2026-08-04T11:05:14.54Z,7.52
2026-08-04T11:05:29Z,7.52
2026-08-04T11:05:29.576Z,7.52
2026-08-04T11:05:49.718Z,7.52
2026-08-04T11:06:04.784Z,7.52
2026-08-04T11:06:20.198Z,7.53
2026-08-04T11:06:34.94Z,7.53
2026-08-04T11:06:54.993Z,7.52
2026-08-04T11:07:10.076Z,7.53
2026-08-04T11:07:25.142Z,7.53
2026-08-04T11:07:45.293Z,7.52
2026-08-04T11:08:00.329Z,7.52
2026-08-04T11:08:20.443Z,7.52
2026-08-04T11:08:35.516Z,7.52
2026-08-04T11:08:50.628Z,7.52
2026-08-04T11:09:05.705Z,7.52
2026-08-04T11:09:20.789Z,7.52
2026-08-04T11:09:35.885Z,7.53
2026-08-04T11:09:50.932Z,7.56
2026-08-04T11:10:13.06Z,7.57
2026-08-04T11:10:21.087Z,7.57
2026-08-04T11:10:35Z,7.58
2026-08-04T11:10:36.146Z,7.58
2026-08-04T11:10:51.261Z,7.58
2026-08-04T11:11:06.342Z,7.59
2026-08-04T11:11:21.383Z,7.61
2026-08-04T11:11:36.487Z,7.61
2026-08-04T11:11:51.535Z,7.6
2026-08-04T11:12:06.616Z,7.61
2026-08-04T11:12:21.689Z,7.62
2026-08-04T11:12:37.08Z,7.62
2026-08-04T11:12:51.832Z,7.62
2026-08-04T11:13:06.91Z,7.63
2026-08-04T11:13:21.971Z,7.62
2026-08-04T11:13:37.119Z,7.65
2026-08-04T11:13:52.265Z,7.66
2026-08-04T11:14:07.355Z,7.67
2026-08-04T11:14:22.445Z,7.66
2026-08-04T11:14:37.515Z,7.68
2026-08-04T11:14:52.582Z,7.68
2026-08-04T11:15:09.657Z,7.7
2026-08-04T11:15:22.737Z,7.71
2026-08-04T11:15:37Z,7.72
2026-08-04T11:15:38.698Z,7.72
2026-08-04T11:15:52.892Z,7.72
2026-08-04T11:16:07.972Z,7.71
2026-08-04T11:16:23.057Z,7.72
2026-08-04T11:16:38.147Z,7.71
2026-08-04T11:16:53.217Z,7.71
2026-08-04T11:17:08.309Z,7.71
2026-08-04T11:17:23.45Z,7.7
2026-08-04T11:17:38.519Z,7.72
2026-08-04T11:17:53.816Z,7.71
2026-08-04T11:18:08.814Z,7.71
2026-08-04T11:18:23.925Z,7.71
2026-08-04T11:18:38.97Z,7.71
2026-08-04T11:18:54.004Z,7.72
2026-08-04T11:19:09.096Z,7.72
2026-08-04T11:19:24.153Z,7.73
2026-08-04T11:19:39.264Z,7.72
2026-08-04T11:19:54.36Z,7.72
2026-08-04T11:20:09.821Z,7.72
2026-08-04T11:20:24.491Z,7.72
2026-08-04T11:20:39Z,7.71
2026-08-04T11:20:39.614Z,7.71
2026-08-04T11:20:54.659Z,7.71
2026-08-04T11:21:10.378Z,7.69
2026-08-04T11:21:24.856Z,7.67
2026-08-04T11:21:39.888Z,7.67
2026-08-04T11:21:56.326Z,7.67
2026-08-04T11:22:10.037Z,7.66
2026-08-04T11:22:25.113Z,7.66
2026-08-04T11:22:40.191Z,7.65
2026-08-04T11:22:55.722Z,7.64
2026-08-04T11:23:10.347Z,7.63
2026-08-04T11:23:25.433Z,7.63
2026-08-04T11:23:40.498Z,7.62
2026-08-04T11:23:55.597Z,7.61
2026-08-04T11:24:10.651Z,7.59
2026-08-04T11:24:25.769Z,7.59
2026-08-04T11:24:40.837Z,7.58
2026-08-04T11:24:55.903Z,7.57
2026-08-04T11:25:13.592Z,7.56
2026-08-04T11:25:26.086Z,7.56
2026-08-04T11:25:40Z,7.54
2026-08-04T11:25:41.213Z,7.54
2026-08-04T11:25:56.24Z,7.55
2026-08-04T11:26:13.529Z,7.53
2026-08-04T11:26:26.371Z,7.52
2026-08-04T11:26:41.483Z,7.52
2026-08-04T11:26:56.63Z,7.49
2026-08-04T11:27:11.998Z,7.5
2026-08-04T11:27:26.765Z,7.5
2026-08-04T11:27:41.926Z,7.5
2026-08-04T11:27:56.915Z,7.48
2026-08-04T11:28:12.019Z,7.48
2026-08-04T11:28:27.041Z,7.46
2026-08-04T11:28:42.145Z,7.46
2026-08-04T11:28:57.574Z,7.44
2026-08-04T11:29:12.284Z,7.44
2026-08-04T11:29:27.359Z,7.44
2026-08-04T11:29:42.434Z,7.43
2026-08-04T11:29:57.504Z,7.44
2026-08-04T11:30:12.598Z,7.44
2026-08-04T11:30:27.686Z,7.43
2026-08-04T11:30:42Z,7.43
2026-08-04T11:30:42.762Z,7.43
2026-08-04T11:30:57.83Z,7.42
2026-08-04T11:31:13.31Z,7.43
2026-08-04T11:31:27.976Z,7.42
2026-08-04T11:31:43.065Z,7.42
2026-08-04T11:31:58.14Z,7.42
2026-08-04T11:32:13.283Z,7.42
2026-08-04T11:32:29.313Z,7.42
2026-08-04T11:32:43.495Z,7.41
2026-08-04T11:32:58.576Z,7.42
2026-08-04T11:33:13.655Z,7.41
2026-08-04T11:33:28.714Z,7.41
2026-08-04T11:33:43.833Z,7.4
2026-08-04T11:33:58.905Z,7.4
2026-08-04T11:34:13.982Z,7.38
2026-08-04T11:34:29.061Z,7.38
2026-08-04T11:34:44.179Z,7.38
2026-08-04T11:34:59.286Z,7.39
2026-08-04T11:35:14.407Z,7.38
2026-08-04T11:35:29.458Z,7.38
2026-08-04T11:35:44Z,7.37
2026-08-04T11:35:44.508Z,7.37
2026-08-04T11:35:59.674Z,7.38
2026-08-04T11:36:14.767Z,7.38
2026-08-04T11:36:29.841Z,7.36
2026-08-04T11:36:44.922Z,7.36
2026-08-04T11:37:00.035Z,7.35
2026-08-04T11:37:15.139Z,7.34
2026-08-04T11:37:30.205Z,7.36
2026-08-04T11:37:45.703Z,7.35
2026-08-04T11:38:01.119Z,7.36
2026-08-04T11:38:15.405Z,7.36
2026-08-04T11:38:30.454Z,7.34
2026-08-04T11:38:45.535Z,7.34
2026-08-04T11:39:02.661Z,7.34
2026-08-04T11:39:15.727Z,7.35
2026-08-04T11:39:30.778Z,7.35
2026-08-04T11:39:45.899Z,7.35
2026-08-04T11:40:09.143Z,7.35
2026-08-04T11:40:15.998Z,7.34
2026-08-04T11:40:31.083Z,7.35
2026-08-04T11:40:45Z,7.36
2026-08-04T11:40:47.786Z,7.36
2026-08-04T11:41:02.71Z,7.35
2026-08-04T11:41:16.709Z,7.35
2026-08-04T11:41:31.432Z,7.35
2026-08-04T11:41:46.495Z,7.35
2026-08-04T11:42:02.689Z,7.36
2026-08-04T11:42:16.628Z,7.36
2026-08-04T11:42:31.704Z,7.37
2026-08-04T11:42:47.225Z,7.37
2026-08-04T11:43:02.71Z,7.37
2026-08-04T11:43:16.931Z,7.38
2026-08-04T11:43:31.992Z,7.38
2026-08-04T11:43:47.08Z,7.39
2026-08-04T11:44:02.773Z,7.4
2026-08-04T11:44:17.371Z,7.41
2026-08-04T11:44:32.311Z,7.4
2026-08-04T11:44:47.85Z,7.4
2026-08-04T11:45:08.79Z,7.4
2026-08-04T11:45:18.865Z,7.41
2026-08-04T11:45:32.645Z,7.41
2026-08-04T11:45:47Z,7.4
2026-08-04T11:45:47.718Z,7.4
2026-08-04T11:46:02.849Z,7.4
2026-08-04T11:46:18.272Z,7.42
2026-08-04T11:46:32.951Z,7.42
2026-08-04T11:46:48.059Z,7.42
2026-08-04T11:47:06.049Z,7.43
2026-08-04T11:47:18.203Z,7.43
2026-08-04T11:47:33.305Z,7.43
2026-08-04T11:47:48.368Z,7.43
2026-08-04T11:48:03.439Z,7.43
2026-08-04T11:48:18.539Z,7.43
2026-08-04T11:48:33.592Z,7.43
2026-08-04T11:48:48.709Z,7.42
2026-08-04T11:49:03.755Z,7.41
2026-08-04T11:49:18.933Z,7.42
2026-08-04T11:49:35.114Z,7.41
2026-08-04T11:49:49.021Z,7.41
2026-08-04T11:50:09.993Z,7.42
2026-08-04T11:50:19.227Z,7.42
2026-08-04T11:50:34.271Z,7.42
2026-08-04T11:50:48Z,7.42
2026-08-04T11:50:49.353Z,7.42
2026-08-04T11:51:04.419Z,7.42
2026-08-04T11:51:19.757Z,7.42
2026-08-04T11:51:34.562Z,7.41
2026-08-04T11:51:49.655Z,7.41
2026-08-04T11:52:04.925Z,7.4
2026-08-04T11:52:21.054Z,7.4
2026-08-04T11:52:34.868Z,7.4
2026-08-04T11:52:49.975Z,7.4
2026-08-04T11:53:05.042Z,7.39
2026-08-04T11:53:20.785Z,7.39
2026-08-04T11:53:35.443Z,7.39
2026-08-04T11:53:50.307Z,7.38
2026-08-04T11:54:05.355Z,7.39
2026-08-04T11:54:20.436Z,7.38
2026-08-04T11:54:36.17Z,7.36
2026-08-04T11:54:50.607Z,7.36
2026-08-04T11:55:08.841Z,7.36
2026-08-04T11:55:20.764Z,7.36
2026-08-04T11:55:35.935Z,7.36
2026-08-04T11:55:50Z,7.36
2026-08-04T11:55:50.942Z,7.36
2026-08-04T11:56:06.057Z,7.35
2026-08-04T11:56:21.11Z,7.36
2026-08-04T11:56:36.195Z,7.35
2026-08-04T11:56:51.395Z,7.35
2026-08-04T11:57:06.329Z,7.35
2026-08-04T11:57:21.4Z,7.37
2026-08-04T11:57:36.506Z,7.37
2026-08-04T11:57:51.62Z,7.4
2026-08-04T11:58:06.913Z,7.41
2026-08-04T11:58:21.752Z,7.41
2026-08-04T11:58:36.854Z,7.43
2026-08-04T11:58:51.907Z,7.45
2026-08-04T11:59:06.995Z,7.46
2026-08-04T11:59:23.687Z,7.47
2026-08-04T11:59:37.141Z,7.47
2026-08-04T11:59:52.214Z,7.48
2026-08-04T12:00:11.965Z,7.49
2026-08-04T12:00:22.709Z,7.5
2026-08-04T12:00:37.455Z,7.5
2026-08-04T12:00:52Z,7.49
2026-08-04T12:00:52.524Z,7.49
2026-08-04T12:01:07.634Z,7.49
2026-08-04T12:01:22.717Z,7.49
2026-08-04T12:01:37.799Z,7.51
2026-08-04T12:01:52.87Z,7.51
2026-08-04T12:02:07.955Z,7.51
2026-08-04T12:02:23.056Z,7.49
2026-08-04T12:02:38.158Z,7.51
2026-08-04T12:02:53.199Z,7.53
2026-08-04T12:03:08.248Z,7.53
2026-08-04T12:03:23.343Z,7.52
2026-08-04T12:03:38.422Z,7.53
2026-08-04T12:03:53.497Z,7.54
2026-08-04T12:04:08.6Z,7.56
2026-08-04T12:04:23.652Z,7.57
2026-08-04T12:04:38.733Z,7.58
2026-08-04T12:04:53.832Z,7.58
2026-08-04T12:05:13.214Z,7.57
2026-08-04T12:05:23.973Z,7.6
2026-08-04T12:05:39.154Z,7.62
2026-08-04T12:05:53Z,7.64
2026-08-04T12:05:54.124Z,7.64
2026-08-04T12:06:09.206Z,7.65
2026-08-04T12:06:24.316Z,7.65
2026-08-04T12:06:40.684Z,7.7
2026-08-04T12:06:54.446Z,7.7
2026-08-04T12:07:09.527Z,7.71
2026-08-04T12:07:24.935Z,7.73
2026-08-04T12:07:39.662Z,7.73
2026-08-04T12:07:59.76Z,7.75
2026-08-04T12:08:14.838Z,7.75
2026-08-04T12:08:29.897Z,7.8
2026-08-04T12:08:45.423Z,7.8
2026-08-04T12:09:00.387Z,7.8
2026-08-04T12:09:15.221Z,7.84
2026-08-04T12:09:30.232Z,7.85
2026-08-04T12:09:45.318Z,7.85
2026-08-04T12:10:00.435Z,7.89
2026-08-04T12:10:15.654Z,7.94
2026-08-04T12:10:30.562Z,7.94
2026-08-04T12:10:45Z,8.01
2026-08-04T12:10:45.64Z,8.01
2026-08-04T12:11:02.663Z,8.03
2026-08-04T12:11:16.429Z,8.01
2026-08-04T12:11:30.921Z,8.01
2026-08-04T12:11:45.965Z,8.05
2026-08-04T12:12:02.686Z,8.1
2026-08-04T12:12:16.199Z,8.16
2026-08-04T12:12:31.244Z,8.18
2026-08-04T12:12:46.302Z,8.2
2026-08-04T12:13:02.652Z,8.2
2026-08-04T12:13:16.46Z,8.2
2026-08-04T12:13:31.864Z,8.22
2026-08-04T12:13:46.629Z,8.22
2026-08-04T12:14:02.715Z,8.29
2026-08-04T12:14:16.776Z,8.34
2026-08-04T12:14:31.887Z,8.37
2026-08-04T12:14:48.852Z,8.46
2026-08-04T12:15:11.718Z,8.46
2026-08-04T12:15:17.176Z,8.52
2026-08-04T12:15:32.221Z,8.52
2026-08-04T12:15:46Z,8.6
2026-08-04T12:15:47.266Z,8.6
2026-08-04T12:16:02.778Z,8.58
2026-08-04T12:16:20.077Z,8.62
2026-08-04T12:16:32.543Z,8.67
2026-08-04T12:16:48.145Z,8.69
2026-08-04T12:17:02.779Z,8.69
2026-08-04T12:17:17.761Z,8.73
2026-08-04T12:17:32.862Z,8.8
2026-08-04T12:17:48.108Z,8.83
2026-08-04T12:18:03.18Z,8.86
2026-08-04T12:18:18.243Z,8.86
2026-08-04T12:18:33.334Z,8.95
2026-08-04T12:18:48.429Z,8.94
2026-08-04T12:19:03.466Z,8.98
2026-08-04T12:19:18.553Z,9.01
2026-08-04T12:19:33.612Z,9.05
2026-08-04T12:19:48.732Z,9.08
2026-08-04T12:20:11.849Z,9.08
2026-08-04T12:20:18.883Z,9.09
2026-08-04T12:20:33.977Z,9.09
2026-08-04T12:20:48Z,9.15
2026-08-04T12:20:49.039Z,9.15
2026-08-04T12:21:04.118Z,9.26
2026-08-04T12:21:19.199Z,9.31
2026-08-04T12:21:34.265Z,9.32
2026-08-04T12:21:49.361Z,9.34
2026-08-04T12:22:04.465Z,9.34
2026-08-04T12:22:19.507Z,9.39
2026-08-04T12:22:34.574Z,9.44
2026-08-04T12:22:49.657Z,9.47
2026-08-04T12:23:04.918Z,9.49
2026-08-04T12:23:20.383Z,9.52
2026-08-04T12:23:34.943Z,9.52
2026-08-04T12:23:49.985Z,9.64
2026-08-04T12:24:05.113Z,9.64
2026-08-04T12:24:21.9Z,9.76
2026-08-04T12:24:35.256Z,9.76
2026-08-04T12:24:50.291Z,9.93
2026-08-04T12:25:12.031Z,9.96
2026-08-04T12:25:20.475Z,9.97
2026-08-04T12:25:35.531Z,10.08
2026-08-04T12:25:50Z,10.1
2026-08-04T12:25:50.616Z,10.1
2026-08-04T12:26:25.604Z,10.14
2026-08-04T12:26:31.466Z,10.16
2026-08-04T12:26:35.972Z,10.17
2026-08-04T12:26:51.016Z,10.18
2026-08-04T12:27:06.107Z,10.18
2026-08-04T12:27:21.15Z,10.18
2026-08-04T12:27:36.241Z,10.19
2026-08-04T12:27:51.307Z,10.19
2026-08-04T12:28:06.431Z,10.14
2026-08-04T12:28:21.518Z,10.09
2026-08-04T12:28:36.718Z,10.06
2026-08-04T12:28:51.973Z,10.03
2026-08-04T12:29:06.751Z,10.03
2026-08-04T12:29:21.831Z,9.99
2026-08-04T12:29:38.365Z,9.96
2026-08-04T12:29:51.982Z,9.94
2026-08-04T12:30:10.506Z,9.91
2026-08-04T12:30:22.147Z,9.85
2026-08-04T12:30:37.238Z,9.82
2026-08-04T12:30:51Z,9.8
2026-08-04T12:30:52.29Z,9.8
2026-08-04T12:31:08.733Z,9.77
2026-08-04T12:31:22.46Z,9.75
2026-08-04T12:31:37.565Z,9.73
2026-08-04T12:31:52.62Z,9.73
2026-08-04T12:32:07.677Z,9.63
2026-08-04T12:32:22.787Z,9.58
2026-08-04T12:32:37.867Z,9.54
2026-08-04T12:32:53.279Z,9.5
2026-08-04T12:33:08.051Z,9.5
2026-08-04T12:33:23.119Z,9.43
2026-08-04T12:33:38.295Z,9.36
2026-08-04T12:33:53.365Z,9.32
2026-08-04T12:34:08.413Z,9.31
2026-08-04T12:34:23.457Z,9.24
2026-08-04T12:34:38.522Z,9.24
2026-08-04T12:34:53.596Z,9.2
2026-08-04T12:35:11.984Z,9.19
2026-08-04T12:35:23.77Z,9.11
2026-08-04T12:35:38.846Z,9.11
2026-08-04T12:35:53Z,9.05
2026-08-04T12:35:53.95Z,9.05
2026-08-04T12:36:10.206Z,8.98
2026-08-04T12:36:24.221Z,8.98
2026-08-04T12:36:39.308Z,8.95
2026-08-04T12:36:54.364Z,8.93
2026-08-04T12:37:11.181Z,8.89
2026-08-04T12:37:24.531Z,8.89
2026-08-04T12:37:39.643Z,8.8
2026-08-04T12:37:54.679Z,8.83
2026-08-04T12:38:09.788Z,8.76
2026-08-04T12:38:25.996Z,8.72
2026-08-04T12:38:39.95Z,8.69
2026-08-04T12:38:55.015Z,8.66
2026-08-04T12:39:10.092Z,8.66
2026-08-04T12:39:26.121Z,8.56
2026-08-04T12:39:40.259Z,8.56
2026-08-04T12:39:55.337Z,8.53
2026-08-04T12:40:10.419Z,8.49
2026-08-04T12:40:25.527Z,8.47
2026-08-04T12:40:41.051Z,8.43
2026-08-04T12:40:55Z,8.36
2026-08-04T12:40:55.687Z,8.36
2026-08-04T12:41:10.772Z,8.36
2026-08-04T12:41:25.857Z,8.32
2026-08-04T12:41:40.925Z,8.29
2026-08-04T12:41:55.996Z,8.29
2026-08-04T12:42:11.103Z,8.21
2026-08-04T12:42:26.874Z,8.2
2026-08-04T12:42:41.236Z,8.13
2026-08-04T12:42:56.307Z,8.12
2026-08-04T12:43:11.366Z,8.09
2026-08-04T12:43:26.494Z,8.05
2026-08-04T12:43:41.767Z,8.02
2026-08-04T12:43:56.812Z,8.01
2026-08-04T12:44:11.82Z,8.01
2026-08-04T12:44:28.061Z,7.92
2026-08-04T12:44:41.994Z,7.88
2026-08-04T12:44:57.745Z,7.83
2026-08-04T12:45:14.063Z,7.83
2026-08-04T12:45:27.239Z,7.77
2026-08-04T12:45:42.306Z,7.71
2026-08-04T12:45:56Z,7.69
2026-08-04T12:45:57.378Z,7.69
2026-08-04T12:46:29.645Z,7.7
2026-08-04T12:46:34.445Z,7.68
2026-08-04T12:46:42.67Z,7.67
2026-08-04T12:46:57.738Z,7.64
2026-08-04T12:47:12.849Z,7.61
2026-08-04T12:47:27.916Z,7.59
2026-08-04T12:47:43.02Z,7.57
2026-08-04T12:47:58.092Z,7.56
2026-08-04T12:48:13.204Z,7.56
2026-08-04T12:48:28.261Z,7.55
2026-08-04T12:48:43.323Z,7.54
2026-08-04T12:48:58.408Z,7.54
2026-08-04T12:49:13.521Z,7.53
2026-08-04T12:49:28.58Z,7.53
2026-08-04T12:49:43.729Z,7.52
2026-08-04T12:49:59.308Z,7.53
2026-08-04T12:50:13.861Z,7.53
2026-08-04T12:50:28.906Z,7.54
2026-08-04T12:50:44.103Z,7.54
2026-08-04T12:50:58Z,7.53
2026-08-04T12:50:59.058Z,7.53
2026-08-04T12:51:14.186Z,7.55
2026-08-04T12:51:29.222Z,7.57
2026-08-04T12:51:44.344Z,7.58
2026-08-04T12:51:59.417Z,7.59
2026-08-04T12:52:14.533Z,7.59
2026-08-04T12:52:29.546Z,7.61
2026-08-04T12:52:44.854Z,7.62
2026-08-04T12:52:59.715Z,7.63
2026-08-04T12:53:14.935Z,7.64
2026-08-04T12:53:29.877Z,7.7
2026-08-04T12:53:44.99Z,7.71
2026-08-04T12:54:00.045Z,7.74
2026-08-04T12:54:15.129Z,7.71
2026-08-04T12:54:30.212Z,7.75
2026-08-04T12:54:45.626Z,7.79
2026-08-04T12:55:00.346Z,7.82
2026-08-04T12:55:15.524Z,7.84
2026-08-04T12:55:30.552Z,7.85
2026-08-04T12:55:45.617Z,7.85
2026-08-04T12:56:00Z,7.89
2026-08-04T12:56:01.674Z,7.89
2026-08-04T12:56:15.799Z,7.89
2026-08-04T12:56:30.87Z,7.93
2026-08-04T12:56:47.025Z,7.95
2026-08-04T12:57:02.94Z,7.95
2026-08-04T12:57:16.111Z,8.0
2026-08-04T12:57:31.202Z,8.0
2026-08-04T12:57:46.259Z,8.02
2026-08-04T12:58:02.495Z,8.02
2026-08-04T12:58:16.548Z,8.12
2026-08-04T12:58:31.651Z,8.14
2026-08-04T12:58:46.7Z,8.16
2026-08-04T12:59:02.702Z,8.18
2026-08-04T12:59:17.015Z,8.19
2026-08-04T12:59:31.943Z,8.25
2026-08-04T12:59:47.024Z,8.28
2026-08-04T13:00:11.921Z,8.3
2026-08-04T13:00:17.196Z,8.32
2026-08-04T13:00:32.407Z,8.33
2026-08-04T13:00:47.459Z,8.33
2026-08-04T13:01:02Z,8.39
2026-08-04T13:01:02.77Z,8.39
2026-08-04T13:01:17.615Z,8.43
2026-08-04T13:01:32.673Z,8.51
2026-08-04T13:01:47.765Z,8.54
2026-08-04T13:02:02.854Z,8.52
2026-08-04T13:02:17.931Z,8.56
2026-08-04T13:02:33.059Z,8.61
2026-08-04T13:02:48.096Z,8.64
2026-08-04T13:03:03.172Z,8.64
2026-08-04T13:03:18.414Z,8.69
2026-08-04T13:03:33.34Z,8.76
2026-08-04T13:03:48.436Z,8.77
2026-08-04T13:04:03.501Z,8.82
2026-08-04T13:04:18.573Z,8.83
2026-08-04T13:04:33.667Z,8.89
2026-08-04T13:04:48.712Z,8.9
2026-08-04T13:05:11.475Z,9.1
2026-08-04T13:05:23.891Z,9.1
2026-08-04T13:05:38.96Z,9.12
2026-08-04T13:05:54.12Z,9.15
2026-08-04T13:06:08Z,9.15
2026-08-04T13:06:09.113Z,9.15
2026-08-04T13:06:24.788Z,9.29
2026-08-04T13:06:39.279Z,9.31
2026-08-04T13:06:54.352Z,9.32
2026-08-04T13:07:09.489Z,9.38
2026-08-04T13:07:24.521Z,9.38
2026-08-04T13:07:39.595Z,9.41
2026-08-04T13:07:59.67Z,9.46
2026-08-04T13:08:14.842Z,9.5
2026-08-04T13:08:30.368Z,9.53
2026-08-04T13:08:44.949Z,9.53
2026-08-04T13:09:00.001Z,9.59
2026-08-04T13:09:15.085Z,9.58
2026-08-04T13:09:30.155Z,9.61
2026-08-04T13:09:45.234Z,9.68
2026-08-04T13:10:00.341Z,9.68
2026-08-04T13:10:16.774Z,9.87
2026-08-04T13:10:30.517Z,9.89
2026-08-04T13:10:45.595Z,9.95
2026-08-04T13:11:02.494Z,9.99
2026-08-04T13:11:15Z,10.01
2026-08-04T13:11:15.772Z,10.01
2026-08-04T13:11:34.695Z,10.07
2026-08-04T13:11:46.213Z,10.12
2026-08-04T13:12:03.108Z,10.14
2026-08-04T13:12:16.142Z,10.14
2026-08-04T13:12:31.174Z,10.14
2026-08-04T13:12:46.297Z,10.13
2026-08-04T13:13:03.014Z,10.13
2026-08-04T13:13:16.434Z,10.12
2026-08-04T13:13:31.956Z,10.08
2026-08-04T13:13:47.567Z,10.12
2026-08-04T13:14:06.628Z,10.1
2026-08-04T13:14:21.711Z,10.1
2026-08-04T13:14:37.423Z,10.05
2026-08-04T13:14:51.887Z,10.06
2026-08-04T13:15:12.575Z,10.04
2026-08-04T13:15:22.048Z,10.02
2026-08-04T13:15:37.154Z,9.96
2026-08-04T13:15:52.615Z,9.94
2026-08-04T13:16:06Z,9.94
2026-08-04T13:16:07.281Z,9.94
2026-08-04T13:16:26.991Z,9.84
2026-08-04T13:16:37.467Z,9.81
2026-08-04T13:16:53.3Z,9.77
2026-08-04T13:17:07.729Z,9.74
2026-08-04T13:17:22.808Z,9.7
2026-08-04T13:17:37.877Z,9.7
2026-08-04T13:17:53.006Z,9.67
2026-08-04T13:18:08.061Z,9.62
2026-08-04T13:18:23.153Z,9.58
2026-08-04T13:18:38.226Z,9.49
2026-08-04T13:18:53.369Z,9.52
2026-08-04T13:19:08.683Z,9.49
2026-08-04T13:19:23.682Z,9.44
2026-08-04T13:19:38.735Z,9.44
2026-08-04T13:19:53.817Z,9.42
2026-08-04T13:20:10.647Z,9.38
2026-08-04T13:20:23.956Z,9.36
2026-08-04T13:20:39.095Z,9.33
2026-08-04T13:20:54.138Z,9.32
2026-08-04T13:21:08Z,9.31
2026-08-04T13:21:09.248Z,9.31
2026-08-04T13:21:24.594Z,9.29
2026-08-04T13:21:39.377Z,9.29
2026-08-04T13:21:54.456Z,9.23
2026-08-04T13:22:09.527Z,9.22
2026-08-04T13:22:24.608Z,9.22
2026-08-04T13:22:40.263Z,9.16
2026-08-04T13:22:54.792Z,9.16
2026-08-04T13:23:09.822Z,9.15
2026-08-04T13:23:24.925Z,9.12
2026-08-04T13:23:40.006Z,9.12
2026-08-04T13:23:55.086Z,9.11
2026-08-04T13:24:10.557Z,9.06
2026-08-04T13:24:25.263Z,9.06
2026-08-04T13:24:40.32Z,9.04
2026-08-04T13:24:55.385Z,9.0
2026-08-04T13:25:11.971Z,8.99
2026-08-04T13:25:25.62Z,8.96
2026-08-04T13:25:40.655Z,8.93
2026-08-04T13:25:55.707Z,8.94
2026-08-04T13:26:10Z,8.92
2026-08-04T13:26:10.811Z,8.92
2026-08-04T13:26:26.099Z,8.91
2026-08-04T13:26:40.964Z,8.9
2026-08-04T13:26:57.915Z,8.87
2026-08-04T13:27:11.099Z,8.86
2026-08-04T13:27:26.184Z,8.85
2026-08-04T13:27:41.272Z,8.81
2026-08-04T13:27:56.341Z,8.81
2026-08-04T13:28:11.451Z,8.78
2026-08-04T13:28:27.162Z,8.75
2026-08-04T13:28:41.643Z,8.73
2026-08-04T13:28:56.737Z,8.7
2026-08-04T13:29:12.294Z,8.67
2026-08-04T13:29:26.863Z,8.66
2026-08-04T13:29:41.96Z,8.63
2026-08-04T13:29:57.096Z,8.6
2026-08-04T13:30:13.143Z,8.59
2026-08-04T13:30:27.218Z,8.56
2026-08-04T13:30:42.297Z,8.55
2026-08-04T13:30:57.366Z,8.54
2026-08-04T13:31:12Z,8.53
2026-08-04T13:31:12.446Z,8.53
2026-08-04T13:31:27.518Z,8.5
2026-08-04T13:31:42.735Z,8.49
2026-08-04T13:31:57.816Z,8.46
2026-08-04T13:32:13.593Z,8.42
2026-08-04T13:32:27.946Z,8.42
2026-08-04T13:32:43.039Z,8.42
2026-08-04T13:32:58.098Z,8.42
2026-08-04T13:33:13.159Z,8.41
2026-08-04T13:33:29.673Z,8.39
2026-08-04T13:33:43.466Z,8.39
2026-08-04T13:33:58.522Z,8.36
2026-08-04T13:34:13.629Z,8.34
2026-08-04T13:34:29.341Z,8.34
2026-08-04T13:34:43.825Z,8.3
2026-08-04T13:34:58.846Z,8.3
2026-08-04T13:35:13.996Z,8.27
2026-08-04T13:35:29.049Z,8.29
2026-08-04T13:35:44.181Z,8.27
2026-08-04T13:35:59.324Z,8.25
2026-08-04T13:36:14Z,8.23
2026-08-04T13:36:14.397Z,8.23
2026-08-04T13:36:29.507Z,8.22
2026-08-04T13:36:44.56Z,8.19
2026-08-04T13:36:59.661Z,8.19
2026-08-04T13:37:19.739Z,8.15
2026-08-04T13:37:34.813Z,8.12
2026-08-04T13:37:49.89Z,8.1
2026-08-04T13:38:05.601Z,8.08
2026-08-04T13:38:20.045Z,8.08
2026-08-04T13:38:35.164Z,8.07
2026-08-04T13:38:50.206Z,8.04
2026-08-04T13:39:05.367Z,8.05
2026-08-04T13:39:20.378Z,8.05
2026-08-04T13:39:35.482Z,8.03
2026-08-04T13:39:50.546Z,7.99
2026-08-04T13:40:12.35Z,7.97
2026-08-04T13:40:20.704Z,7.92
2026-08-04T13:40:35.811Z,7.87
2026-08-04T13:40:50.875Z,7.87
2026-08-04T13:41:05.961Z,7.84
2026-08-04T13:41:20Z,7.85
2026-08-04T13:41:21.02Z,7.85
2026-08-04T13:41:36.115Z,7.82
2026-08-04T13:41:51.669Z,7.78
2026-08-04T13:42:06.301Z,7.77
2026-08-04T13:42:21.386Z,7.79
2026-08-04T13:42:37.555Z,7.75
2026-08-04T13:42:51.732Z,7.72
2026-08-04T13:43:06.595Z,7.7
2026-08-04T13:43:21.682Z,7.67
2026-08-04T13:43:36.791Z,7.65
2026-08-04T13:43:52.431Z,7.64
2026-08-04T13:44:06.909Z,7.64
2026-08-04T13:44:21.988Z,7.51
2026-08-04T13:44:38.406Z,7.4
2026-08-04T13:44:52.155Z,7.39
2026-08-04T13:45:11.425Z,7.3
2026-08-04T13:45:22.421Z,7.28
2026-08-04T13:45:37.528Z,7.21
2026-08-04T13:45:54.898Z,7.19
2026-08-04T13:46:07.777Z,7.18
2026-08-04T13:46:22Z,7.13
2026-08-04T13:46:22.857Z,7.13
2026-08-04T13:46:42.935Z,7.08
2026-08-04T13:46:58.806Z,7.04
2026-08-04T13:47:13.171Z,7.0
2026-08-04T13:47:28.239Z,6.99
2026-08-04T13:47:48.384Z,6.88
2026-08-04T13:48:03.484Z,6.88
2026-08-04T13:48:18.489Z,6.85
2026-08-04T13:48:33.558Z,6.78
2026-08-04T13:48:55.175Z,6.76
2026-08-04T13:49:08.873Z,6.74
2026-08-04T13:49:23.819Z,6.73
2026-08-04T13:49:38.88Z,6.68
2026-08-04T13:49:53.938Z,6.66
2026-08-04T13:50:11.286Z,6.65
2026-08-04T13:50:24.141Z,6.64
2026-08-04T13:50:44.225Z,6.63
2026-08-04T13:51:00.103Z,6.61
2026-08-04T13:51:18Z,6.6
2026-08-04T13:51:19.354Z,6.6
2026-08-04T13:51:53.287Z,6.59
2026-08-04T13:51:57.756Z,6.59
2026-08-04T13:52:04.636Z,6.58
2026-08-04T13:52:19.714Z,6.58
2026-08-04T13:52:39.753Z,6.58
2026-08-04T13:52:54.854Z,6.57
2026-08-04T13:53:10.241Z,6.59
2026-08-04T13:53:24.96Z,6.59
2026-08-04T13:53:45.073Z,6.59
2026-08-04T13:54:05.169Z,6.61
2026-08-04T13:54:25.21Z,6.61
2026-08-04T13:54:40.33Z,6.61
2026-08-04T13:54:55.368Z,6.63
2026-08-04T13:55:15.441Z,6.65
2026-08-04T13:55:30.526Z,6.66
2026-08-04T13:55:50.579Z,6.69
2026-08-04T13:56:10.681Z,6.69
2026-08-04T13:56:25Z,6.74
2026-08-04T13:56:25.729Z,6.74
2026-08-04T13:56:46.307Z,6.75
2026-08-04T13:57:03.471Z,6.77
2026-08-04T13:57:16.027Z,6.75
2026-08-04T13:57:31.111Z,6.83
2026-08-04T13:57:46.271Z,6.83
2026-08-04T13:58:03.407Z,6.85
2026-08-04T13:58:21.329Z,6.88
2026-08-04T13:58:36.4Z,6.91
2026-08-04T13:58:56.492Z,6.95
2026-08-04T13:59:12.374Z,6.98
2026-08-04T13:59:26.629Z,6.99
2026-08-04T13:59:41.714Z,7.03
2026-08-04T13:59:56.814Z,7.08
2026-08-04T14:00:14.057Z,7.06
2026-08-04T14:00:26.957Z,7.06
2026-08-04T14:00:42.078Z,7.11
2026-08-04T14:01:03.02Z,7.18
2026-08-04T14:01:21Z,7.2
2026-08-04T14:01:22.228Z,7.2
2026-08-04T14:01:37.328Z,7.25
2026-08-04T14:01:52.385Z,7.3
2026-08-04T14:02:07.736Z,7.3
2026-08-04T14:02:22.528Z,7.35
2026-08-04T14:02:37.619Z,7.37
2026-08-04T14:02:52.697Z,7.37
2026-08-04T14:03:07.912Z,7.44
2026-08-04T14:03:22.831Z,7.45
2026-08-04T14:03:42.929Z,7.45
2026-08-04T14:04:04.858Z,7.55
2026-08-04T14:04:18.067Z,7.56
2026-08-04T14:04:33.149Z,7.56
2026-08-04T14:04:53.282Z,7.64
2026-08-04T14:05:12.585Z,7.67
2026-08-04T14:05:29.241Z,7.71
2026-08-04T14:05:48.721Z,7.71
2026-08-04T14:06:03.586Z,7.79
2026-08-04T14:06:18.662Z,7.78
2026-08-04T14:06:33Z,7.85
2026-08-04T14:06:34.42Z,7.85
2026-08-04T14:06:48.946Z,7.89
2026-08-04T14:07:04.028Z,7.9
2026-08-04T14:07:19.088Z,7.95
2026-08-04T14:07:34.17Z,7.96
2026-08-04T14:07:54.258Z,7.98
2026-08-04T14:08:09.326Z,8.0
2026-08-04T14:08:24.417Z,8.07
2026-08-04T14:08:46.158Z,8.11
2026-08-04T14:09:00.792Z,8.12
2026-08-04T14:09:14.785Z,8.12
2026-08-04T14:09:29.866Z,8.16
2026-08-04T14:09:44.941Z,8.2
2026-08-04T14:10:09.521Z,8.26
2026-08-04T14:10:20.056Z,8.26
2026-08-04T14:10:35.142Z,8.28
2026-08-04T14:10:55.214Z,8.3
2026-08-04T14:11:15.301Z,8.35
2026-08-04T14:11:34Z,8.4
2026-08-04T14:11:35.367Z,8.4
2026-08-04T14:11:50.655Z,8.42
2026-08-04T14:12:10.953Z,8.48
2026-08-04T14:12:25.6Z,8.47
2026-08-04T14:12:40.709Z,8.53
2026-08-04T14:12:56.344Z,8.56
2026-08-04T14:13:15.833Z,8.58
2026-08-04T14:13:30.929Z,8.6
2026-08-04T14:13:45.983Z,8.65
2026-08-04T14:14:03.695Z,8.65
2026-08-04T14:14:16.133Z,8.7
2026-08-04T14:14:31.227Z,8.7
2026-08-04T14:14:46.328Z,8.74
2026-08-04T14:15:10.597Z,8.75
2026-08-04T14:15:16.951Z,8.79
2026-08-04T14:15:31.767Z,8.81
2026-08-04T14:15:51.815Z,8.82
2026-08-04T14:16:06.855Z,8.86
2026-08-04T14:16:26Z,8.89
2026-08-04T14:16:27.032Z,8.89
2026-08-04T14:16:42.138Z,8.89
2026-08-04T14:16:57.11Z,8.93
2026-08-04T14:17:12.191Z,8.96
2026-08-04T14:17:27.236Z,8.96
2026-08-04T14:17:42.325Z,8.99
2026-08-04T14:17:57.402Z,9.01
2026-08-04T14:18:12.478Z,9.04
2026-08-04T14:18:27.577Z,9.05
2026-08-04T14:18:42.696Z,9.1
2026-08-04T14:18:57.693Z,9.13
2026-08-04T14:19:12.778Z,9.13
2026-08-04T14:19:27.989Z,9.15
2026-08-04T14:19:42.959Z,9.16
2026-08-04T14:20:10.622Z,9.18
2026-08-04T14:20:18.113Z,9.2
2026-08-04T14:20:38.189Z,9.24
2026-08-04T14:21:01.442Z,9.28
2026-08-04T14:21:13.615Z,9.31
2026-08-04T14:21:28Z,9.33
2026-08-04T14:21:29.273Z,9.33
2026-08-04T14:21:46.245Z,9.33
2026-08-04T14:22:04.005Z,9.36
2026-08-04T14:22:18.647Z,9.43
2026-08-04T14:22:34.67Z,9.46
2026-08-04T14:22:48.789Z,9.55
2026-08-04T14:23:03.849Z,9.57
2026-08-04T14:23:23.906Z,9.62
2026-08-04T14:23:38.992Z,9.66
2026-08-04T14:23:54.07Z,9.66
2026-08-04T14:24:09.149Z,9.68
2026-08-04T14:24:24.232Z,9.68
2026-08-04T14:24:39.35Z,9.68
2026-08-04T14:24:54.422Z,9.66
2026-08-04T14:25:13.14Z,9.66
2026-08-04T14:25:26.639Z,9.59
2026-08-04T14:25:44.656Z,9.55
2026-08-04T14:25:59.723Z,9.51
2026-08-04T14:26:15.123Z,9.46
2026-08-04T14:26:29Z,9.43
2026-08-04T14:26:29.983Z,9.43
2026-08-04T14:27:00.21Z,9.36
2026-08-04T14:27:05.192Z,9.28
2026-08-04T14:27:20.121Z,9.22
2026-08-04T14:27:35.226Z,9.18
2026-08-04T14:27:50.279Z,9.16
2026-08-04T14:28:05.362Z,9.07
2026-08-04T14:28:21.274Z,8.91
2026-08-04T14:28:35.853Z,8.82
2026-08-04T14:28:51.149Z,8.74
2026-08-04T14:29:05.665Z,8.72
2026-08-04T14:29:20.719Z,8.53
2026-08-04T14:29:35.811Z,8.44
2026-08-04T14:29:50.886Z,8.42
2026-08-04T14:30:12.596Z,8.22
2026-08-04T14:30:26.028Z,8.12
2026-08-04T14:30:46.121Z,8.02
2026-08-04T14:31:02.931Z,7.92
2026-08-04T14:31:16.255Z,7.75
2026-08-04T14:31:30Z,7.74
2026-08-04T14:31:31.315Z,7.74
2026-08-04T14:31:46.416Z,7.6
2026-08-04T14:32:08.502Z,7.52
2026-08-04T14:32:21.587Z,7.52
2026-08-04T14:32:41.734Z,7.43
2026-08-04T14:32:56.788Z,7.35
2026-08-04T14:33:11.799Z,7.27
2026-08-04T14:33:26.866Z,7.28
2026-08-04T14:33:41.947Z,7.28
2026-08-04T14:34:02.684Z,7.12
2026-08-04T14:34:17.125Z,7.1
2026-08-04T14:34:32.245Z,7.06
2026-08-04T14:34:48.314Z,7.01
2026-08-04T14:35:12.739Z,6.97
2026-08-04T14:35:17.623Z,6.96
2026-08-04T14:35:32.667Z,6.93
2026-08-04T14:35:52.687Z,6.88
2026-08-04T14:36:07.768Z,6.88
2026-08-04T14:36:27Z,6.83
2026-08-04T14:36:27.845Z,6.83
2026-08-04T14:36:50.864Z,6.74
2026-08-04T14:37:08.02Z,6.73
2026-08-04T14:37:23.074Z,6.65
2026-08-04T14:37:38.711Z,6.62
2026-08-04T14:37:53.266Z,6.62
2026-08-04T14:38:13.422Z,6.55
2026-08-04T14:38:28.375Z,6.49
2026-08-04T14:38:43.445Z,6.49
2026-08-04T14:38:58.519Z,6.46
2026-08-04T14:39:13.612Z,6.4
2026-08-04T14:39:34.007Z,6.38
2026-08-04T14:39:52.113Z,6.36
2026-08-04T14:40:12.745Z,6.35
2026-08-04T14:40:29.105Z,6.33
2026-08-04T14:40:49.57Z,6.31
2026-08-04T14:41:04.264Z,6.31
2026-08-04T14:41:24.358Z,6.29
2026-08-04T14:41:44Z,6.28
2026-08-04T14:41:44.997Z,6.28
2026-08-04T14:42:12.208Z,6.27
2026-08-04T14:42:16.614Z,6.27
2026-08-04T14:42:30.478Z,6.26
2026-08-04T14:42:49.883Z,6.27
2026-08-04T14:43:09.955Z,6.27
2026-08-04T14:43:30.045Z,6.27
2026-08-04T14:43:45.098Z,6.29
2026-08-04T14:44:00.215Z,6.28
2026-08-04T14:44:15.317Z,6.28
2026-08-04T14:44:30.381Z,6.3
2026-08-04T14:44:45.444Z,6.31
2026-08-04T14:45:11.743Z,6.31
2026-08-04T14:45:25.601Z,6.35
2026-08-04T14:45:40.712Z,6.35
2026-08-04T14:45:55.757Z,6.38
2026-08-04T14:46:16.626Z,6.41
2026-08-04T14:46:30Z,6.41
2026-08-04T14:46:30.944Z,6.41
2026-08-04T14:46:50.988Z,6.44
2026-08-04T14:47:11.088Z,6.45
2026-08-04T14:47:26.162Z,6.45
2026-08-04T14:47:46.263Z,6.51
2026-08-04T14:48:05.753Z,6.53
2026-08-04T14:48:21.404Z,6.54
2026-08-04T14:48:36.476Z,6.57
2026-08-04T14:48:51.531Z,6.63
2026-08-04T14:49:06.62Z,6.64
2026-08-04T14:49:21.708Z,6.65
2026-08-04T14:49:36.788Z,6.69
2026-08-04T14:49:51.855Z,6.7
2026-08-04T14:50:09.499Z,6.73
2026-08-04T14:50:22.031Z,6.76
2026-08-04T14:50:37.122Z,6.81
2026-08-04T14:50:57.681Z,6.85
2026-08-04T14:51:12.244Z,6.88
2026-08-04T14:51:27.318Z,6.87
2026-08-04T14:51:41Z,6.92
2026-08-04T14:51:42.395Z,6.92
2026-08-04T14:51:57.491Z,6.95
2026-08-04T14:52:12.541Z,7.02
2026-08-04T14:52:27.603Z,7.05
2026-08-04T14:52:42.692Z,7.08
2026-08-04T14:52:57.776Z,7.11
2026-08-04T14:53:12.814Z,7.11
2026-08-04T14:53:28.329Z,7.15
2026-08-04T14:53:43.012Z,7.19
2026-08-04T14:53:59.526Z,7.23
2026-08-04T14:54:18.144Z,7.26
2026-08-04T14:54:38.356Z,7.28
2026-08-04T14:54:53.334Z,7.28
2026-08-04T14:55:14.598Z,7.38
2026-08-04T14:55:33.913Z,7.43
2026-08-04T14:55:53.515Z,7.45
2026-08-04T14:56:13.594Z,7.5
2026-08-04T14:56:29.613Z,7.55
2026-08-04T14:56:43Z,7.55
2026-08-04T14:56:43.915Z,7.55
2026-08-04T14:56:59.04Z,7.59
2026-08-04T14:57:14.292Z,7.6
2026-08-04T14:57:29.382Z,7.63
2026-08-04T14:57:44.235Z,7.68
2026-08-04T14:57:59.324Z,7.7
2026-08-04T14:58:14.869Z,7.74
2026-08-04T14:58:29.444Z,7.75
2026-08-04T14:58:44.498Z,7.79
2026-08-04T14:58:59.642Z,7.81
2026-08-04T14:59:14.695Z,7.81
2026-08-04T14:59:34.785Z,7.85
2026-08-04T14:59:49.855Z,7.88
2026-08-04T15:00:10.301Z,7.92
2026-08-04T15:00:30.011Z,7.97
2026-08-04T15:00:45.107Z,7.99
2026-08-04T15:01:00.158Z,8.03
2026-08-04T15:01:15.281Z,8.05
2026-08-04T15:01:35.323Z,8.05
2026-08-04T15:01:50Z,8.07
2026-08-04T15:01:50.415Z,8.07
2026-08-04T15:02:05.479Z,8.09
2026-08-04T15:02:20.551Z,8.13
2026-08-04T15:02:35.691Z,8.15
2026-08-04T15:02:55.728Z,8.19
2026-08-04T15:03:15.814Z,8.2
2026-08-04T15:03:30.863Z,8.25
2026-08-04T15:03:45.955Z,8.27
2026-08-04T15:04:02.8Z,8.33
2026-08-04T15:04:16.095Z,8.34
2026-08-04T15:04:31.2Z,8.36
2026-08-04T15:04:46.231Z,8.38
2026-08-04T15:05:08.242Z,8.4
2026-08-04T15:05:16.405Z,8.42
2026-08-04T15:05:31.476Z,8.47
2026-08-04T15:05:46.533Z,8.45
2026-08-04T15:06:06.611Z,8.51
2026-08-04T15:06:21.757Z,8.52
2026-08-04T15:06:41Z,8.56
2026-08-04T15:06:41.825Z,8.56
2026-08-04T15:07:02.67Z,8.59
2026-08-04T15:07:17.043Z,8.6
2026-08-04T15:07:32.086Z,8.63
2026-08-04T15:07:47.181Z,8.65
2026-08-04T15:08:03.545Z,8.7
2026-08-04T15:08:17.318Z,8.7
2026-08-04T15:08:37.41Z,8.74
2026-08-04T15:08:53.174Z,8.73
2026-08-04T15:09:07.551Z,8.73
2026-08-04T15:09:22.758Z,8.77
2026-08-04T15:09:37.815Z,8.82
2026-08-04T15:09:52.935Z,8.79
2026-08-04T15:10:12.988Z,8.84
2026-08-04T15:10:28.059Z,8.87
2026-08-04T15:10:43.112Z,8.9
2026-08-04T15:10:58.218Z,8.9
2026-08-04T15:11:13.343Z,8.91
2026-08-04T15:11:28.407Z,8.92
2026-08-04T15:11:48Z,8.96
2026-08-04T15:11:48.475Z,8.96
2026-08-04T15:12:09.223Z,8.96
2026-08-04T15:12:23.634Z,8.99
2026-08-04T15:12:38.71Z,9.0
2026-08-04T15:12:53.786Z,9.06
2026-08-04T15:13:13.92Z,9.06
2026-08-04T15:13:29.182Z,9.07
2026-08-04T15:13:44.094Z,9.07
2026-08-04T15:13:59.119Z,9.1
2026-08-04T15:14:14.16Z,9.12
2026-08-04T15:14:29.541Z,9.14
2026-08-04T15:14:44.332Z,9.16
2026-08-04T15:15:09.818Z,9.16
2026-08-04T15:15:19.493Z,9.21
2026-08-04T15:15:39.574Z,9.21
2026-08-04T15:15:54.683Z,9.21
2026-08-04T15:16:09.696Z,9.26
2026-08-04T15:16:24.775Z,9.26
2026-08-04T15:16:44Z,9.29
2026-08-04T15:16:44.837Z,9.29
2026-08-04T15:16:59.922Z,9.28
2026-08-04T15:17:15.626Z,9.31
2026-08-04T15:17:30.041Z,9.32
2026-08-04T15:17:45.216Z,9.37
2026-08-04T15:18:05.233Z,9.4
2026-08-04T15:18:20.312Z,9.44
2026-08-04T15:18:36.294Z,9.47
2026-08-04T15:18:50.444Z,9.47
2026-08-04T15:19:10.501Z,9.47
2026-08-04T15:19:26.366Z,9.43
2026-08-04T15:19:40.645Z,9.43
2026-08-04T15:19:58.094Z,9.38
2026-08-04T15:20:10.928Z,9.3
2026-08-04T15:20:25.85Z,9.22
2026-08-04T15:20:41.335Z,9.18
2026-08-04T15:20:56.091Z,9.17
2026-08-04T15:21:11.128Z,9.08
2026-08-04T15:21:31.227Z,9.01
2026-08-04T15:21:45Z,8.94
2026-08-04T15:21:46.286Z,8.94
2026-08-04T15:22:23.36Z,8.83
2026-08-04T15:22:28.377Z,8.78
2026-08-04T15:22:36.801Z,8.7
2026-08-04T15:22:56.577Z,8.62
2026-08-04T15:23:11.653Z,8.5
2026-08-04T15:23:26.755Z,8.5
2026-08-04T15:23:41.809Z,8.37
2026-08-04T15:23:57.025Z,8.29
2026-08-04T15:24:11.964Z,8.21
2026-08-04T15:24:32.359Z,8.09
2026-08-04T15:24:47.219Z,8.09
2026-08-04T15:25:11.782Z,7.95
2026-08-04T15:25:17.362Z,7.85
2026-08-04T15:25:32.445Z,7.78
2026-08-04T15:25:47.503Z,7.65
2026-08-04T15:26:07.887Z,7.64
2026-08-04T15:26:22.875Z,7.52
2026-08-04T15:26:37.743Z,7.51
2026-08-04T15:26:52Z,7.41
2026-08-04T15:26:52.854Z,7.41
2026-08-04T15:27:09.312Z,7.35
2026-08-04T15:27:28.116Z,7.28
2026-08-04T15:27:43.243Z,7.28
2026-08-04T15:27:58.262Z,7.22
2026-08-04T15:28:18.357Z,7.15
2026-08-04T15:28:38.411Z,7.04
2026-08-04T15:28:54.226Z,7.0
2026-08-04T15:29:08.563Z,6.94
2026-08-04T15:29:28.621Z,6.89
2026-08-04T15:29:43.742Z,6.8
2026-08-04T15:29:58.822Z,6.78
2026-08-04T15:30:15.75Z,6.71
2026-08-04T15:30:28.927Z,6.67
2026-08-04T15:30:49.028Z,6.63
2026-08-04T15:31:04.098Z,6.59
2026-08-04T15:31:24.144Z,6.56
2026-08-04T15:31:39.487Z,6.5
2026-08-04T15:31:53Z,6.49
2026-08-04T15:31:54.33Z,6.49
2026-08-04T15:32:28.229Z,6.45
2026-08-04T15:32:35.247Z,6.4
2026-08-04T15:32:39.555Z,6.37
2026-08-04T15:32:55.941Z,6.36
2026-08-04T15:33:09.728Z,6.36
2026-08-04T15:33:29.81Z,6.33
2026-08-04T15:33:44.853Z,6.32
2026-08-04T15:33:59.934Z,6.31
2026-08-04T15:34:20.029Z,6.29
2026-08-04T15:34:35.094Z,6.29
2026-08-04T15:34:52.739Z,6.27
2026-08-04T15:35:11.701Z,6.26
2026-08-04T15:35:25.502Z,6.25
2026-08-04T15:35:40.549Z,6.25
2026-08-04T15:35:55.626Z,6.25
2026-08-04T15:36:10.847Z,6.26
2026-08-04T15:36:30.776Z,6.26
2026-08-04T15:36:50Z,6.26
2026-08-04T15:36:51.684Z,6.26
2026-08-04T15:37:08.539Z,6.26
2026-08-04T15:37:21.009Z,6.25
2026-08-04T15:37:36.074Z,6.25
2026-08-04T15:37:51.167Z,6.27
2026-08-04T15:38:06.283Z,6.28
2026-08-04T15:38:21.35Z,6.28
2026-08-04T15:38:41.391Z,6.29
2026-08-04T15:39:03.403Z,6.31
2026-08-04T15:39:21.548Z,6.33
2026-08-04T15:39:36.643Z,6.33
2026-08-04T15:39:51.735Z,6.35
2026-08-04T15:40:12.476Z,6.36
2026-08-04T15:40:21.861Z,6.38
2026-08-04T15:40:37.184Z,6.42
2026-08-04T15:40:52.079Z,6.43
2026-08-04T15:41:07.208Z,6.44
2026-08-04T15:41:22.241Z,6.45
2026-08-04T15:41:37.35Z,6.47
2026-08-04T15:41:51Z,6.5
2026-08-04T15:41:53.876Z,6.5
2026-08-04T15:42:13.008Z,6.53
2026-08-04T15:42:27.683Z,6.55
2026-08-04T15:42:47.907Z,6.59
2026-08-04T15:43:03.86Z,6.6
2026-08-04T15:43:22.96Z,6.64
2026-08-04T15:43:37.963Z,6.67
2026-08-04T15:43:53.51Z,6.71
2026-08-04T15:44:13.228Z,6.71
2026-08-04T15:44:28.219Z,6.71
2026-08-04T15:44:43.29Z,6.75
2026-08-04T15:44:58.371Z,6.79
2026-08-04T15:45:13.435Z,6.78
2026-08-04T15:45:28.518Z,6.78
2026-08-04T15:45:43.594Z,6.83
2026-08-04T15:46:03.66Z,6.87
2026-08-04T15:46:18.777Z,6.89
2026-08-04T15:46:33.821Z,6.89
2026-08-04T15:46:48Z,6.95
2026-08-04T15:46:48.933Z,6.95
2026-08-04T15:47:09.903Z,6.99
2026-08-04T15:47:24.114Z,6.99
2026-08-04T15:47:44.223Z,7.01
2026-08-04T15:47:59.303Z,7.09
2026-08-04T15:48:15.108Z,7.11
2026-08-04T15:48:29.558Z,7.07
2026-08-04T15:48:49.637Z,7.15
2026-08-04T15:49:09.674Z,7.19
2026-08-04T15:49:25.685Z,7.21
2026-08-04T15:49:39.851Z,7.21
2026-08-04T15:49:54.928Z,7.25
2026-08-04T15:50:11.666Z,7.28
2026-08-04T15:50:30.096Z,7.3
2026-08-04T15:50:45.174Z,7.32
2026-08-04T15:51:05.244Z,7.36
2026-08-04T15:51:25.295Z,7.36
2026-08-04T15:51:40.494Z,7.4
2026-08-04T15:51:55Z,7.43
2026-08-04T15:51:55.589Z,7.43
2026-08-04T15:52:15.658Z,7.43
2026-08-04T15:52:31.706Z,7.48
2026-08-04T15:52:45.845Z,7.49
2026-08-04T15:53:02.546Z,7.52
2026-08-04T15:53:15.997Z,7.52
2026-08-04T15:53:37.649Z,7.56
2026-08-04T15:53:56.161Z,7.56
2026-08-04T15:54:11.263Z,7.58
2026-08-04T15:54:26.314Z,7.62
2026-08-04T15:54:41.463Z,7.64
2026-08-04T15:54:56.464Z,7.63
2026-08-04T15:55:16.542Z,7.65
2026-08-04T15:55:31.764Z,7.69
2026-08-04T15:55:46.803Z,7.68
2026-08-04T15:56:02.607Z,7.72
2026-08-04T15:56:17.81Z,7.76
2026-08-04T15:56:32.251Z,7.76
2026-08-04T15:56:47.28Z,7.76
2026-08-04T15:57:06Z,7.78
2026-08-04T15:57:07.271Z,7.78
2026-08-04T15:57:22.405Z,7.81
2026-08-04T15:57:38.619Z,7.83
2026-08-04T15:57:52.514Z,7.82
2026-08-04T15:58:07.604Z,7.84
2026-08-04T15:58:22.664Z,7.87
2026-08-04T15:58:37.753Z,7.87
2026-08-04T15:58:57.843Z,7.91
2026-08-04T15:59:17.891Z,7.93
2026-08-04T15:59:32.982Z,7.93
2026-08-04T15:59:48.054Z,7.94
2026-08-04T16:00:10.6Z,7.95
2026-08-04T16:00:18.213Z,7.96
2026-08-04T16:00:33.303Z,7.99
2026-08-04T16:00:48.364Z,8.03
2026-08-04T16:01:03.425Z,8.05
2026-08-04T16:01:25.154Z,8.1
2026-08-04T16:01:43.573Z,8.13
2026-08-04T16:02:03Z,8.13
2026-08-04T16:02:03.66Z,8.13
2026-08-04T16:02:19.767Z,8.16
2026-08-04T16:02:33.838Z,8.16
2026-08-04T16:02:48.91Z,8.16
2026-08-04T16:03:04.031Z,8.18
2026-08-04T16:03:24.105Z,8.2
2026-08-04T16:03:39.424Z,8.2
2026-08-04T16:03:55.278Z,8.18
2026-08-04T16:04:09.318Z,8.18
2026-08-04T16:04:24.395Z,8.16
2026-08-04T16:04:44.471Z,8.14
2026-08-04T16:05:00.128Z,8.13
2026-08-04T16:05:14.634Z,8.13
2026-08-04T16:05:29.698Z,8.1
2026-08-04T16:05:50.863Z,8.07
2026-08-04T16:06:04.829Z,8.06
2026-08-04T16:06:24.945Z,8.06
2026-08-04T16:06:40.025Z,8.03
2026-08-04T16:06:55.084Z,8.0
2026-08-04T16:07:09Z,7.98
2026-08-04T16:07:10.163Z,7.98
2026-08-04T16:07:25.263Z,7.95
2026-08-04T16:07:40.788Z,7.92
2026-08-04T16:07:55.401Z,7.92
2026-08-04T16:08:10.493Z,7.91
2026-08-04T16:08:30.58Z,7.87
2026-08-04T16:08:46.509Z,7.85
2026-08-04T16:09:02.539Z,7.85
2026-08-04T16:09:20.819Z,7.81
2026-08-04T16:09:36.214Z,7.79
2026-08-04T16:09:50.972Z,7.76
2026-08-04T16:10:10.662Z,7.75
2026-08-04T16:10:21.132Z,7.74
2026-08-04T16:10:43.129Z,7.71
2026-08-04T16:10:56.288Z,7.68
2026-08-04T16:11:11.349Z,7.65
2026-08-04T16:11:31.41Z,7.65
2026-08-04T16:11:46.577Z,7.65
2026-08-04T16:12:01Z,7.62
2026-08-04T16:12:02.768Z,7.62
2026-08-04T16:12:18.07Z,7.59
2026-08-04T16:12:32.65Z,7.58
2026-08-04T16:12:46.907Z,7.56
2026-08-04T16:13:02.565Z,7.57
2026-08-04T16:13:22.079Z,7.52
2026-08-04T16:13:43.035Z,7.49
2026-08-04T16:13:57.205Z,7.46
2026-08-04T16:14:12.272Z,7.45
2026-08-04T16:14:34.035Z,7.44
2026-08-04T16:14:47.481Z,7.39
2026-08-04T16:15:11.671Z,7.39
2026-08-04T16:15:22.659Z,7.36
2026-08-04T16:15:38.252Z,7.34
2026-08-04T16:15:57.773Z,7.32
2026-08-04T16:16:12.85Z,7.29
2026-08-04T16:16:27.919Z,7.29
2026-08-04T16:16:43.048Z,7.27
2026-08-04T16:16:58.129Z,7.27
2026-08-04T16:17:12Z,7.23
2026-08-04T16:17:13.261Z,7.23
2026-08-04T16:17:28.298Z,7.24
2026-08-04T16:17:43.415Z,7.21
2026-08-04T16:18:03.712Z,7.21
2026-08-04T16:18:18.646Z,7.17
2026-08-04T16:18:33.655Z,7.16
2026-08-04T16:18:48.676Z,7.13
2026-08-04T16:19:08.758Z,7.12
2026-08-04T16:19:28.916Z,7.08
2026-08-04T16:19:43.953Z,7.05
2026-08-04T16:19:59.065Z,7.05
2026-08-04T16:20:14.142Z,7.03
2026-08-04T16:20:29.177Z,7.01
2026-08-04T16:20:44.214Z,6.99
2026-08-04T16:21:04.278Z,6.98
2026-08-04T16:21:19.39Z,6.96
2026-08-04T16:21:34.681Z,6.96
2026-08-04T16:21:49.5Z,6.93
2026-08-04T16:22:04Z,6.9
2026-08-04T16:22:04.581Z,6.9
2026-08-04T16:22:19.708Z,6.91
2026-08-04T16:22:35.463Z,6.89
2026-08-04T16:22:49.811Z,6.89
2026-08-04T16:23:04.898Z,6.86
2026-08-04T16:23:25.018Z,6.85
2026-08-04T16:23:40.079Z,6.81
2026-08-04T16:23:55.144Z,6.8
2026-08-04T16:24:10.212Z,6.79
2026-08-04T16:24:25.342Z,6.78
2026-08-04T16:24:45.415Z,6.77
2026-08-04T16:25:00.468Z,6.76
2026-08-04T16:25:15.841Z,6.74
2026-08-04T16:25:35.632Z,6.74
2026-08-04T16:25:55.724Z,6.71
2026-08-04T16:26:10.872Z,6.7
2026-08-04T16:26:26.105Z,6.7
2026-08-04T16:26:41.034Z,6.68
2026-08-04T16:26:56.136Z,6.7
2026-08-04T16:27:10Z,6.69
2026-08-04T16:27:11.241Z,6.69
2026-08-04T16:27:26.324Z,6.67
2026-08-04T16:27:41.384Z,6.67
2026-08-04T16:27:56.468Z,6.67
2026-08-04T16:28:11.564Z,6.66
2026-08-04T16:28:26.648Z,6.65
2026-08-04T16:28:41.849Z,6.63
2026-08-04T16:28:56.846Z,6.63
2026-08-04T16:29:16.878Z,6.59
2026-08-04T16:29:32.045Z,6.57
2026-08-04T16:29:47.102Z,6.57
2026-08-04T16:30:08.95Z,6.55
2026-08-04T16:30:17.517Z,6.53
2026-08-04T16:30:32.315Z,6.51
2026-08-04T16:30:47.387Z,6.51
2026-08-04T16:31:03.028Z,6.5
2026-08-04T16:31:22.543Z,6.48
2026-08-04T16:31:37.627Z,6.47
2026-08-04T16:31:52.712Z,6.46
2026-08-04T16:32:07Z,6.45
2026-08-04T16:32:07.772Z,6.45
2026-08-04T16:32:22.842Z,6.44
2026-08-04T16:32:42.956Z,6.43
2026-08-04T16:32:58.021Z,6.43
2026-08-04T16:33:18.093Z,6.41
2026-08-04T16:33:34.53Z,6.4
2026-08-04T16:33:48.225Z,6.4
2026-08-04T16:34:03.351Z,6.39
2026-08-04T16:34:18.423Z,6.39
2026-08-04T16:34:33.465Z,6.37
2026-08-04T16:34:48.545Z,6.37
2026-08-04T16:35:12.368Z,6.37
2026-08-04T16:35:24.267Z,6.36
2026-08-04T16:35:43.803Z,6.35
2026-08-04T16:35:58.861Z,6.37
2026-08-04T16:36:19.557Z,6.33
2026-08-04T16:36:34.353Z,6.33
2026-08-04T16:36:54.172Z,6.3
2026-08-04T16:37:08Z,6.31
2026-08-04T16:37:09.22Z,6.31
2026-08-04T16:37:29.283Z,6.3
2026-08-04T16:37:44.371Z,6.31
2026-08-04T16:37:59.423Z,6.3
2026-08-04T16:38:15.778Z,6.3
2026-08-04T16:38:30.18Z,6.27
2026-08-04T16:38:44.645Z,6.27
2026-08-04T16:38:59.765Z,6.25
2026-08-04T16:39:15.16Z,6.25
2026-08-04T16:39:30.312Z,6.24
2026-08-04T16:39:44.964Z,6.23
2026-08-04T16:40:00.03Z,6.24
2026-08-04T16:40:15.088Z,6.26
2026-08-04T16:40:30.571Z,6.26
2026-08-04T16:40:45.246Z,6.25
2026-08-04T16:41:00.297Z,6.26
2026-08-04T16:41:15.456Z,6.26
2026-08-04T16:41:31.813Z,6.25
2026-08-04T16:41:50.613Z,6.26
2026-08-04T16:42:05.706Z,6.27
2026-08-04T16:42:20Z,6.25
2026-08-04T16:42:20.748Z,6.25
2026-08-04T16:42:35.853Z,6.25
2026-08-04T16:42:55.917Z,6.24
2026-08-04T16:43:11.005Z,6.28
2026-08-04T16:43:26.091Z,6.27
2026-08-04T16:43:46.128Z,6.26
2026-08-04T16:44:02.858Z,6.26
2026-08-04T16:44:16.372Z,6.26
2026-08-04T16:44:36.433Z,6.26
2026-08-04T16:44:51.499Z,6.25
2026-08-04T16:45:11.719Z,6.24
2026-08-04T16:45:26.689Z,6.23
2026-08-04T16:45:42.435Z,6.24
2026-08-04T16:46:03.039Z,6.23
2026-08-04T16:46:21.908Z,6.23
2026-08-04T16:46:43.549Z,6.23
2026-08-04T16:46:57.174Z,6.23
2026-08-04T16:47:11Z,6.23
2026-08-04T16:47:12.242Z,6.23
2026-08-04T16:47:27.323Z,6.23
2026-08-04T16:47:42.401Z,6.22
2026-08-04T16:47:57.476Z,6.22
2026-08-04T16:48:12.531Z,6.21
2026-08-04T16:48:27.626Z,6.21
2026-08-04T16:48:47.695Z,6.2
2026-08-04T16:49:02.786Z,6.19
2026-08-04T16:49:22.854Z,6.19
2026-08-04T16:49:37.925Z,6.18
2026-08-04T16:49:58.033Z,6.17
2026-08-04T16:50:18.092Z,6.17
2026-08-04T16:50:33.184Z,6.16
2026-08-04T16:50:54.273Z,6.13
2026-08-04T16:51:08.535Z,6.13
2026-08-04T16:51:28.376Z,6.13
2026-08-04T16:51:43.458Z,6.13
2026-08-04T16:51:58.549Z,6.13
2026-08-04T16:52:18Z,6.12
2026-08-04T16:52:18.622Z,6.12
2026-08-04T16:52:38.678Z,6.12
2026-08-04T16:52:58.781Z,6.12
2026-08-04T16:53:14.028Z,6.11
2026-08-04T16:53:29.122Z,6.1
2026-08-04T16:53:44.862Z,6.1
2026-08-04T16:54:04.292Z,6.08
2026-08-04T16:54:19.324Z,6.08
2026-08-04T16:54:39.402Z,6.07
2026-08-04T16:54:54.464Z,6.07
2026-08-04T16:55:15.441Z,6.03
2026-08-04T16:55:29.615Z,6.03
2026-08-04T16:55:49.693Z,6.03
2026-08-04T16:56:04.767Z,6.02
2026-08-04T16:56:24.942Z,6.01
2026-08-04T16:56:39.903Z,6.02
2026-08-04T16:56:54.978Z,6.02
2026-08-04T16:57:11.78Z,6.01
2026-08-04T16:57:24Z,6.0
2026-08-04T16:57:25.13Z,6.0
2026-08-04T16:57:40.337Z,6.0
2026-08-04T16:57:55.421Z,6.01
2026-08-04T16:58:10.497Z,6.01
2026-08-04T16:58:25.577Z,5.97
2026-08-04T16:58:40.659Z,5.97
2026-08-04T16:59:04.178Z,6.0
2026-08-04T16:59:15.865Z,6.01
2026-08-04T16:59:30.939Z,6.02
2026-08-04T16:59:46.055Z,6.02
2026-08-04T17:00:11.543Z,6.02
2026-08-04T17:00:16.143Z,6.02
2026-08-04T17:00:31.238Z,6.01
2026-08-04T17:00:46.449Z,6.0
2026-08-04T17:01:03.433Z,5.99
2026-08-04T17:01:16.535Z,5.98
2026-08-04T17:01:31.635Z,5.98
2026-08-04T17:01:46.721Z,6.0
2026-08-04T17:02:02.793Z,6.0
2026-08-04T17:02:21Z,6.0
2026-08-04T17:02:22.179Z,6.0
2026-08-04T17:02:36.961Z,6.02
2026-08-04T17:02:54.602Z,6.02
2026-08-04T17:03:12.662Z,6.03
2026-08-04T17:03:27.152Z,6.05
2026-08-04T17:03:42.25Z,6.06
2026-08-04T17:03:57.339Z,6.07
2026-08-04T17:04:12.424Z,6.07
2026-08-04T17:04:27.482Z,6.07
2026-08-04T17:04:42.573Z,6.06
2026-08-04T17:05:12.573Z,6.08
2026-08-04T17:05:22.723Z,6.08
2026-08-04T17:05:37.86Z,6.06
2026-08-04T17:05:52.912Z,6.06
2026-08-04T17:06:07.95Z,6.05
2026-08-04T17:06:23.275Z,6.05
2026-08-04T17:06:38.159Z,6.03
2026-08-04T17:06:53.606Z,6.03
2026-08-04T17:07:13.313Z,6.03
2026-08-04T17:07:27Z,6.02
2026-08-04T17:07:28.79Z,6.02
2026-08-04T17:07:43.422Z,6.01
2026-08-04T17:07:58.511Z,6.0
2026-08-04T17:08:13.587Z,6.01
2026-08-04T17:08:28.725Z,6.03
2026-08-04T17:08:43.713Z,6.02
2026-08-04T17:09:04.528Z,6.0
2026-08-04T17:09:18.864Z,6.0
2026-08-04T17:09:33.951Z,6.0
2026-08-04T17:09:49.085Z,6.0
2026-08-04T17:10:09.802Z,6.0
2026-08-04T17:10:19.215Z,6.0
2026-08-04T17:10:40.093Z,6.0
2026-08-04T17:10:54.329Z,6.0
2026-08-04T17:11:14.429Z,5.99
2026-08-04T17:11:29.529Z,5.97
2026-08-04T17:11:44.614Z,5.97
2026-08-04T17:11:59.676Z,5.96
2026-08-04T17:12:14Z,5.95
2026-08-04T17:12:14.754Z,5.95
2026-08-04T17:12:35.595Z,5.94
2026-08-04T17:12:54.883Z,5.93
2026-08-04T17:13:09.969Z,5.92
2026-08-04T17:13:25.043Z,5.92
2026-08-04T17:13:45.177Z,5.92
2026-08-04T17:14:00.309Z,5.91
2026-08-04T17:14:15.331Z,5.9
2026-08-04T17:14:30.671Z,5.9
2026-08-04T17:14:50.471Z,5.9
2026-08-04T17:15:13.253Z,5.88
2026-08-04T17:15:30.606Z,5.87
2026-08-04T17:15:45.692Z,5.86
2026-08-04T17:16:02.617Z,5.86
2026-08-04T17:16:15.868Z,5.86
2026-08-04T17:16:30.928Z,5.85
2026-08-04T17:16:46.003Z,5.85
2026-08-04T17:17:03.069Z,5.84
2026-08-04T17:17:20Z,5.84
2026-08-04T17:17:21.196Z,5.84
2026-08-04T17:17:36.771Z,5.85
2026-08-04T17:17:51.354Z,5.85
2026-08-04T17:18:11.41Z,5.86
2026-08-04T17:18:26.995Z,5.87
2026-08-04T17:18:42.108Z,5.86
2026-08-04T17:18:56.721Z,5.86
2026-08-04T17:19:11.817Z,5.84
2026-08-04T17:19:26.89Z,5.85
2026-08-04T17:19:42.741Z,5.85
2026-08-04T17:19:57.08Z,5.84
2026-08-04T17:20:13.245Z,5.83
2026-08-04T17:20:27.251Z,5.83
2026-08-04T17:20:42.294Z,5.82
2026-08-04T17:20:57.36Z,5.81
2026-08-04T17:21:12.429Z,5.8
2026-08-04T17:21:27.492Z,5.8
2026-08-04T17:21:42.589Z,5.8
2026-08-04T17:21:57.657Z,5.8
2026-08-04T17:22:15.961Z,5.79
2026-08-04T17:22:27Z,5.78
2026-08-04T17:22:27.826Z,5.78
2026-08-04T17:22:43.097Z,5.78
2026-08-04T17:22:57.995Z,5.78
2026-08-04T17:23:18.052Z,5.77
2026-08-04T17:23:33.235Z,5.77
2026-08-04T17:23:48.262Z,5.77
2026-08-04T17:24:03.337Z,5.76
2026-08-04T17:24:18.419Z,5.76
2026-08-04T17:24:33.503Z,5.76
2026-08-04T17:24:48.561Z,5.75
2026-08-04T17:25:11.569Z,5.75
2026-08-04T17:25:19.038Z,5.75
2026-08-04T17:25:38.806Z,5.74
2026-08-04T17:25:54.21Z,5.75
2026-08-04T17:26:09.156Z,5.75
2026-08-04T17:26:24.202Z,5.75
2026-08-04T17:26:39.267Z,5.74
2026-08-04T17:26:54.335Z,5.74
2026-08-04T17:27:09.75Z,5.74
2026-08-04T17:27:24Z,5.73
2026-08-04T17:27:24.564Z,5.73
2026-08-04T17:27:39.638Z,5.73
2026-08-04T17:27:54.848Z,5.71
2026-08-04T17:28:11.059Z,5.71
2026-08-04T17:28:29.923Z,5.7
2026-08-04T17:28:44.98Z,5.7
2026-08-04T17:29:00.084Z,5.7
2026-08-04T17:29:16.516Z,5.69
2026-08-04T17:29:35.218Z,5.68
2026-08-04T17:29:50.352Z,5.66
2026-08-04T17:30:11.446Z,5.66
2026-08-04T17:30:25.477Z,5.66
2026-08-04T17:30:40.495Z,5.66
2026-08-04T17:30:55.595Z,5.66
2026-08-04T17:31:10.714Z,5.67
2026-08-04T17:31:25.768Z,5.66
2026-08-04T17:31:46.086Z,5.65
2026-08-04T17:32:02.856Z,5.64
2026-08-04T17:32:15.995Z,5.64
2026-08-04T17:32:30Z,5.64
2026-08-04T17:32:31.076Z,5.64
2026-08-04T17:32:46.147Z,5.63
2026-08-04T17:33:02.621Z,5.63
2026-08-04T17:33:16.309Z,5.63
2026-08-04T17:33:36.388Z,5.62
2026-08-04T17:33:51.475Z,5.62
2026-08-04T17:34:06.554Z,5.63
2026-08-04T17:34:21.621Z,5.63
2026-08-04T17:34:36.722Z,5.63
2026-08-04T17:34:56.758Z,5.62
2026-08-04T17:35:12.932Z,5.62
2026-08-04T17:35:27.044Z,5.62
2026-08-04T17:35:47.116Z,5.63
2026-08-04T17:36:03.323Z,5.66
2026-08-04T17:36:22.847Z,5.66
2026-08-04T17:36:37.44Z,5.65
2026-08-04T17:36:52.536Z,5.66
2026-08-04T17:37:08.322Z,5.67
2026-08-04T17:37:22Z,5.67
2026-08-04T17:37:22.647Z,5.67
2026-08-04T17:37:42.721Z,5.67
2026-08-04T17:37:58.113Z,5.66
2026-08-04T17:38:12.9Z,5.67
2026-08-04T17:38:28.086Z,5.69
2026-08-04T17:38:43.127Z,5.69
2026-08-04T17:38:58.234Z,5.69
2026-08-04T17:39:13.581Z,5.69
2026-08-04T17:39:28.347Z,5.69
2026-08-04T17:39:43.44Z,5.71
2026-08-04T17:39:58.519Z,5.7
2026-08-04T17:40:18.588Z,5.69
2026-08-04T17:40:33.668Z,5.69
2026-08-04T17:40:48.747Z,5.69
2026-08-04T17:41:04.265Z,5.7
2026-08-04T17:41:18.875Z,5.71
2026-08-04T17:41:38.962Z,5.7
2026-08-04T17:41:59.108Z,5.69
2026-08-04T17:42:14.113Z,5.7
2026-08-04T17:42:28Z,5.7
2026-08-04T17:42:29.171Z,5.7
2026-08-04T17:42:49.292Z,5.7
2026-08-04T17:43:04.425Z,5.7
2026-08-04T17:43:19.463Z,5.69
2026-08-04T17:43:34.785Z,5.71
2026-08-04T17:43:49.647Z,5.71
2026-08-04T17:44:04.729Z,5.7
2026-08-04T17:44:19.834Z,5.7
2026-08-04T17:44:34.883Z,5.69
2026-08-04T17:44:49.972Z,5.69
2026-08-04T17:45:12.305Z,5.67
2026-08-04T17:45:25.36Z,5.67
2026-08-04T17:45:45.236Z,5.65
2026-08-04T17:46:05.288Z,5.68
2026-08-04T17:46:20.397Z,5.68
2026-08-04T17:46:35.943Z,5.68
2026-08-04T17:46:50.494Z,5.68
2026-08-04T17:47:05.586Z,5.67
2026-08-04T17:47:20.695Z,5.66
2026-08-04T17:47:40Z,5.66
2026-08-04T17:47:40.751Z,5.66
2026-08-04T17:48:02.691Z,5.66
2026-08-04T17:48:15.963Z,5.66
2026-08-04T17:48:31.053Z,5.66
2026-08-04T17:48:46.144Z,5.65
2026-08-04T17:49:02.602Z,5.65
2026-08-04T17:49:16.283Z,5.64
2026-08-04T17:49:31.356Z,5.64
2026-08-04T17:49:46.464Z,5.63
2026-08-04T17:50:08.445Z,5.62
2026-08-04T17:50:16.588Z,5.6
2026-08-04T17:50:31.656Z,5.6
2026-08-04T17:50:46.742Z,5.59
2026-08-04T17:51:02.726Z,5.58
2026-08-04T17:51:16.944Z,5.58
2026-08-04T17:51:31.996Z,5.58
2026-08-04T17:51:47.059Z,5.58
2026-08-04T17:52:02.553Z,5.57
2026-08-04T17:52:17.208Z,5.57
2026-08-04T17:52:31Z,5.54
2026-08-04T17:52:32.305Z,5.54
2026-08-04T17:52:47.378Z,5.54
2026-08-04T17:53:07.457Z,5.54
2026-08-04T17:53:27.528Z,5.52
2026-08-04T17:53:42.682Z,5.5
2026-08-04T17:53:57.739Z,5.51
2026-08-04T17:54:13.126Z,5.51
2026-08-04T17:54:28.666Z,5.49
2026-08-04T17:54:43.066Z,5.49
2026-08-04T17:54:58.118Z,5.49
2026-08-04T17:55:13.241Z,5.49
2026-08-04T17:55:34.086Z,5.49
2026-08-04T17:55:48.542Z,5.48
2026-08-04T17:56:03.618Z,5.47
2026-08-04T17:56:18.74Z,5.47
2026-08-04T17:56:39.385Z,5.46
2026-08-04T17:56:58.863Z,5.46
2026-08-04T17:57:13.954Z,5.46
2026-08-04T17:57:29.024Z,5.44
2026-08-04T17:57:43Z,5.45
2026-08-04T17:57:44.652Z,5.45
2026-08-04T17:57:59.228Z,5.45
2026-08-04T17:58:14.261Z,5.45
2026-08-04T17:58:29.332Z,5.45
2026-08-04T17:58:44.779Z,5.45
2026-08-04T17:59:05.129Z,5.44
2026-08-04T17:59:19.561Z,5.44
2026-08-04T17:59:39.681Z,5.43
2026-08-04T17:59:59.682Z,5.43
2026-08-04T18:00:14.778Z,5.44
2026-08-04T18:00:29.845Z,5.43
2026-08-04T18:00:44.955Z,5.43
2026-08-04T18:01:00.09Z,5.42
2026-08-04T18:01:15.706Z,5.42
2026-08-04T18:01:30.39Z,5.42
2026-08-04T18:01:50.298Z,5.41
2026-08-04T18:02:06.06Z,5.43
2026-08-04T18:02:20.955Z,5.43
2026-08-04T18:02:40Z,5.43
2026-08-04T18:02:40.59Z,5.43
2026-08-04T18:02:55.725Z,5.43
2026-08-04T18:03:11.264Z,5.43
2026-08-04T18:03:30.998Z,5.41
2026-08-04T18:03:51.087Z,5.4
2026-08-04T18:04:07.34Z,5.4
2026-08-04T18:04:21.232Z,5.39
2026-08-04T18:04:36.347Z,5.4
2026-08-04T18:04:52.11Z,5.37
2026-08-04T18:05:12.343Z,5.37
2026-08-04T18:05:21.628Z,5.36
2026-08-04T18:05:36.727Z,5.36
2026-08-04T18:05:51.748Z,5.35
2026-08-04T18:06:06.831Z,5.34
2026-08-04T18:06:26.926Z,5.33
2026-08-04T18:06:41.982Z,5.33
2026-08-04T18:07:02.888Z,5.32
2026-08-04T18:07:17.156Z,5.32
2026-08-04T18:07:31Z,5.32
2026-08-04T18:07:32.247Z,5.32
2026-08-04T18:07:52.374Z,5.31
2026-08-04T18:08:08.278Z,5.3
2026-08-04T18:08:27.537Z,5.3
2026-08-04T18:08:42.642Z,5.29
2026-08-04T18:09:03.176Z,5.29
2026-08-04T18:09:18.097Z,5.28
2026-08-04T18:09:32.833Z,5.28
2026-08-04T18:09:47.947Z,5.26
2026-08-04T18:10:09.995Z,5.26
2026-08-04T18:10:23.089Z,5.25
2026-08-04T18:10:38.183Z,5.26
2026-08-04T18:10:58.24Z,5.25
2026-08-04T18:11:18.335Z,5.24
2026-08-04T18:11:33.366Z,5.23
2026-08-04T18:11:48.438Z,5.22
2026-08-04T18:12:03.528Z,5.22
2026-08-04T18:12:18.701Z,5.22
2026-08-04T18:12:33.675Z,5.22
2026-08-04T18:12:48Z,5.21
2026-08-04T18:12:48.865Z,5.21
2026-08-04T18:13:03.896Z,5.21
2026-08-04T18:13:18.997Z,5.21
2026-08-04T18:13:34.208Z,5.2
2026-08-04T18:13:49.307Z,5.2
2026-08-04T18:14:05.384Z,5.2
2026-08-04T18:14:24.577Z,5.19
2026-08-04T18:14:44.516Z,5.19
2026-08-04T18:15:12.251Z,5.18
2026-08-04T18:15:19.691Z,5.17
2026-08-04T18:15:34.744Z,5.17
2026-08-04T18:15:49.816Z,5.16
2026-08-04T18:16:04.893Z,5.17
2026-08-04T18:16:19.982Z,5.16
2026-08-04T18:16:35.459Z,5.16
2026-08-04T18:16:50.106Z,5.15
2026-08-04T18:17:05.194Z,5.15
2026-08-04T18:17:20.257Z,5.15
2026-08-04T18:17:35.359Z,5.15
2026-08-04T18:17:50Z,5.15
2026-08-04T18:17:50.471Z,5.15
2026-08-04T18:18:10.507Z,5.14
2026-08-04T18:18:25.576Z,5.14
2026-08-04T18:18:40.684Z,5.14
2026-08-04T18:19:03.228Z,5.13
2026-08-04T18:19:15.821Z,5.13
2026-08-04T18:19:35.89Z,5.13
2026-08-04T18:19:50.998Z,5.12
2026-08-04T18:20:11.139Z,5.13
2026-08-04T18:20:22.124Z,5.12
2026-08-04T18:20:41.277Z,5.11
2026-08-04T18:21:02.767Z,5.11
2026-08-04T18:21:16.423Z,5.11
2026-08-04T18:21:31.475Z,5.1
2026-08-04T18:21:46.598Z,5.1
2026-08-04T18:22:02.616Z,5.08
2026-08-04T18:22:16.748Z,5.08
2026-08-04T18:22:31.937Z,5.07
2026-08-04T18:22:46Z,5.07
2026-08-04T18:22:47.509Z,5.07
2026-08-04T18:23:03.11Z,5.07
2026-08-04T18:23:17.026Z,5.07
2026-08-04T18:23:32.089Z,5.06
2026-08-04T18:23:52.161Z,5.06
2026-08-04T18:24:07.398Z,5.05
2026-08-04T18:24:22.469Z,5.03
2026-08-04T18:24:37.577Z,5.03
2026-08-04T18:24:52.632Z,5.03
2026-08-04T18:25:13.425Z,5.04
2026-08-04T18:25:27.77Z,5.03
2026-08-04T18:25:42.85Z,5.03
2026-08-04T18:25:57.937Z,5.03
2026-08-04T18:26:12.997Z,5.02
2026-08-04T18:26:28.109Z,5.02
2026-08-04T18:26:43.215Z,5.02
2026-08-04T18:26:58.235Z,5.02
2026-08-04T18:27:13.351Z,5.01
2026-08-04T18:27:28.419Z,5.01
2026-08-04T18:27:43Z,5.0
2026-08-04T18:27:43.533Z,5.0
2026-08-04T18:27:58.582Z,5.0
2026-08-04T18:28:13.681Z,4.99
2026-08-04T18:28:28.722Z,4.99
2026-08-04T18:28:43.806Z,4.99
2026-08-04T18:28:58.885Z,5.0
2026-08-04T18:29:14.105Z,4.98
2026-08-04T18:29:34.048Z,4.98
2026-08-04T18:29:49.139Z,4.98
2026-08-04T18:30:12.226Z,4.97
2026-08-04T18:30:19.527Z,4.97
2026-08-04T18:30:34.344Z,4.96
2026-08-04T18:30:54.418Z,4.96
2026-08-04T18:31:14.469Z,4.96
2026-08-04T18:31:29.557Z,4.95
2026-08-04T18:31:44.645Z,4.94
2026-08-04T18:31:59.713Z,4.94
2026-08-04T18:32:19.798Z,4.93
2026-08-04T18:32:34.88Z,4.92
2026-08-04T18:32:49Z,4.92
2026-08-04T18:32:50.046Z,4.92
2026-08-04T18:33:05.122Z,4.91
2026-08-04T18:33:20.194Z,4.91
2026-08-04T18:33:35.247Z,4.89
2026-08-04T18:33:50.704Z,4.88
2026-08-04T18:34:05.401Z,4.89
2026-08-04T18:34:25.478Z,4.88
2026-08-04T18:34:40.541Z,4.88
2026-08-04T18:35:10.24Z,4.88
2026-08-04T18:35:15.711Z,4.87
2026-08-04T18:35:30.783Z,4.85
2026-08-04T18:35:45.899Z,4.85
2026-08-04T18:36:06.695Z,4.84
2026-08-04T18:36:21.188Z,4.85
2026-08-04T18:36:36.157Z,4.84
2026-08-04T18:36:56.232Z,4.83
2026-08-04T18:37:11.308Z,4.83
2026-08-04T18:37:31.411Z,4.82
2026-08-04T18:37:51Z,4.8
2026-08-04T18:37:51.461Z,4.8
2026-08-04T18:38:06.525Z,4.8
2026-08-04T18:38:21.595Z,4.79
2026-08-04T18:38:36.685Z,4.79
2026-08-04T18:38:51.762Z,4.78
2026-08-04T18:39:06.841Z,4.76
2026-08-04T18:39:21.923Z,4.76
2026-08-04T18:39:37.821Z,4.75
2026-08-04T18:39:52.301Z,4.75
2026-08-04T18:40:13.04Z,4.75
2026-08-04T18:40:22.465Z,4.75
2026-08-04T18:40:42.511Z,4.73
2026-08-04T18:41:02.978Z,4.74
2026-08-04T18:41:17.673Z,4.71
2026-08-04T18:41:32.769Z,4.72
2026-08-04T18:41:52.894Z,4.7
2026-08-04T18:42:07.925Z,4.7
2026-08-04T18:42:23.068Z,4.69
2026-08-04T18:42:38.071Z,4.68
2026-08-04T18:42:52Z,4.68
2026-08-04T18:42:53.18Z,4.68
2026-08-04T18:43:08.607Z,4.66
2026-08-04T18:43:23.31Z,4.66
2026-08-04T18:43:38.39Z,4.65
2026-08-04T18:43:53.436Z,4.65
2026-08-04T18:44:13.526Z,4.65
2026-08-04T18:44:28.64Z,4.63
2026-08-04T18:44:43.684Z,4.63
2026-08-04T18:44:58.793Z,4.63
2026-08-04T18:45:18.844Z,4.62
2026-08-04T18:45:33.902Z,4.61
2026-08-04T18:45:53.979Z,4.6
2026-08-04T18:46:09.513Z,4.59
2026-08-04T18:46:24.164Z,4.59
2026-08-04T18:46:39.231Z,4.58
2026-08-04T18:46:59.34Z,4.56
2026-08-04T18:47:14.396Z,4.57
2026-08-04T18:47:29.658Z,4.57
2026-08-04T18:47:49Z,4.55
2026-08-04T18:47:49.551Z,4.55
2026-08-04T18:48:09.623Z,4.54
2026-08-04T18:48:25.502Z,4.54
2026-08-04T18:48:39.777Z,4.54
2026-08-04T18:48:59.893Z,4.52
2026-08-04T18:49:14.957Z,4.52
2026-08-04T18:49:35.037Z,4.51
2026-08-04T18:49:50.096Z,4.51
2026-08-04T18:50:10.808Z,4.5
2026-08-04T18:50:20.423Z,4.5
2026-08-04T18:50:35.336Z,4.5
2026-08-04T18:50:55.401Z,4.49
2026-08-04T18:51:10.457Z,4.49
2026-08-04T18:51:25.529Z,4.48
2026-08-04T18:51:40.617Z,4.47
2026-08-04T18:51:55.794Z,4.46
2026-08-04T18:52:10.822Z,4.46
2026-08-04T18:52:26.259Z,4.45
2026-08-04T18:52:41.327Z,4.44
2026-08-04T18:52:55Z,4.44
2026-08-04T18:52:56.095Z,4.44
2026-08-04T18:53:11.129Z,4.43
2026-08-04T18:53:26.233Z,4.42
2026-08-04T18:53:41.408Z,4.42
2026-08-04T18:53:56.474Z,4.41
2026-08-04T18:54:16.559Z,4.4
2026-08-04T18:54:31.756Z,4.4
2026-08-04T18:54:51.75Z,4.39
2026-08-04T18:55:12.532Z,4.38
2026-08-04T18:55:21.843Z,4.38
2026-08-04T18:55:41.927Z,4.32
2026-08-04T18:56:02.893Z,4.24
2026-08-04T18:56:17.106Z,4.24
2026-08-04T18:56:37.412Z,4.16
2026-08-04T18:56:52.309Z,4.16
2026-08-04T18:57:07.368Z,4.19
2026-08-04T18:57:22.446Z,4.14
2026-08-04T18:57:42.527Z,4.11
2026-08-04T18:57:57Z,3.97
2026-08-04T18:57:57.68Z,3.97
2026-08-04T18:58:12.688Z,3.96
2026-08-04T18:58:32.756Z,3.94
2026-08-04T18:58:47.87Z,3.84
2026-08-04T18:59:07.897Z,3.86
2026-08-04T18:59:22.978Z,3.81
2026-08-04T18:59:38.086Z,3.71
2026-08-04T18:59:58.21Z,3.71
2026-08-04T19:00:18.216Z,3.7
2026-08-04T19:00:33.274Z,3.64
2026-08-04T19:00:48.364Z,3.64
2026-08-04T19:01:03.432Z,3.6
2026-08-04T19:01:18.656Z,3.59
2026-08-04T19:01:33.726Z,3.57
2026-08-04T19:01:48.83Z,3.54
2026-08-04T19:02:03.929Z,3.52
2026-08-04T19:02:23.993Z,3.48
2026-08-04T19:02:39.372Z,3.46
2026-08-04T19:02:53Z,3.43
2026-08-04T19:02:54.62Z,3.43
2026-08-04T19:03:09.554Z,3.41
2026-08-04T19:03:24.264Z,3.41
2026-08-04T19:03:39.351Z,3.4
2026-08-04T19:03:54.426Z,3.38
2026-08-04T19:04:09.523Z,3.37
2026-08-04T19:04:24.823Z,3.32
2026-08-04T19:04:39.904Z,3.32
2026-08-04T19:05:00.74Z,3.28
2026-08-04T19:05:15.041Z,3.28
2026-08-04T19:05:30.126Z,3.26
2026-08-04T19:05:45.203Z,3.23
2026-08-04T19:06:00.278Z,3.22
2026-08-04T19:06:15.353Z,3.21
2026-08-04T19:06:30.43Z,3.2
2026-08-04T19:06:45.597Z,3.18
2026-08-04T19:07:02.475Z,3.17
2026-08-04T19:07:16.088Z,3.12
2026-08-04T19:07:30.786Z,3.12
2026-08-04T19:07:45.86Z,3.11
2026-08-04T19:08:00Z,3.1
2026-08-04T19:08:03.012Z,3.1
2026-08-04T19:08:21.102Z,3.09
2026-08-04T19:08:41.099Z,3.05
2026-08-04T19:08:57.133Z,3.03
2026-08-04T19:09:11.316Z,3.02
2026-08-04T19:09:31.436Z,3.01
2026-08-04T19:09:47.989Z,2.98
2026-08-04T19:10:09.789Z,2.97
2026-08-04T19:10:21.631Z,2.96
2026-08-04T19:10:36.791Z,2.94
2026-08-04T19:10:52.403Z,2.93
2026-08-04T19:11:06.925Z,2.92
2026-08-04T19:11:26.986Z,2.9
2026-08-04T19:11:42.08Z,2.88
2026-08-04T19:11:57.718Z,2.87
2026-08-04T19:12:17.385Z,2.86
2026-08-04T19:12:32.481Z,2.83
2026-08-04T19:12:47.51Z,2.82
2026-08-04T19:13:07Z,2.8
2026-08-04T19:13:08.214Z,2.8
2026-08-04T19:13:22.688Z,2.8
2026-08-04T19:13:37.78Z,2.77
2026-08-04T19:13:52.832Z,2.76
2026-08-04T19:14:08.13Z,2.75
2026-08-04T19:14:22.972Z,2.74
2026-08-04T19:14:38.092Z,2.74
2026-08-04T19:14:53.58Z,2.71
2026-08-04T19:15:13.546Z,2.7
2026-08-04T19:15:28.279Z,2.69
2026-08-04T19:15:48.379Z,2.68
2026-08-04T19:16:08.433Z,2.66
2026-08-04T19:16:23.497Z,2.66
2026-08-04T19:16:38.645Z,2.63
2026-08-04T19:16:58.695Z,2.63
2026-08-04T19:17:18.762Z,2.62
2026-08-04T19:17:33.914Z,2.61
2026-08-04T19:17:48.924Z,2.59
2026-08-04T19:18:08Z,2.59
2026-08-04T19:18:10.14Z,2.59
2026-08-04T19:18:24.076Z,2.57
2026-08-04T19:18:39.154Z,2.55
2026-08-04T19:18:54.252Z,2.54
2026-08-04T19:19:09.556Z,2.54
2026-08-04T19:19:24.387Z,2.52
2026-08-04T19:19:39.463Z,2.51
2026-08-04T19:19:54.582Z,2.5
2026-08-04T19:20:09.663Z,2.49
2026-08-04T19:20:25.149Z,2.48
2026-08-04T19:20:39.742Z,2.48
2026-08-04T19:20:54.81Z,2.46
2026-08-04T19:21:14.879Z,2.46
2026-08-04T19:21:30.057Z,2.44
2026-08-04T19:21:45.87Z,2.43
2026-08-04T19:22:00.397Z,2.43
2026-08-04T19:22:20.449Z,2.41
2026-08-04T19:22:41.027Z,2.4
2026-08-04T19:22:55Z,2.39
2026-08-04T19:22:55.59Z,2.39
2026-08-04T19:23:15.765Z,2.38
2026-08-04T19:23:35.735Z,2.37
2026-08-04T19:23:51.615Z,2.36
2026-08-04T19:24:06.657Z,2.35
2026-08-04T19:24:25.993Z,2.34
2026-08-04T19:24:41.065Z,2.34
2026-08-04T19:24:56.186Z,2.33
2026-08-04T19:25:11.672Z,2.32
2026-08-04T19:25:26.32Z,2.3
2026-08-04T19:25:46.439Z,2.3
2026-08-04T19:26:03.207Z,2.3
2026-08-04T19:26:16.553Z,2.27
2026-08-04T19:26:37.652Z,2.27
2026-08-04T19:26:51.923Z,2.25
2026-08-04T19:27:11.76Z,2.24
2026-08-04T19:27:31.863Z,2.23
2026-08-04T19:27:53.089Z,2.23
2026-08-04T19:28:06Z,2.23
2026-08-04T19:28:07.125Z,2.23
2026-08-04T19:28:22.25Z,2.22
2026-08-04T19:28:42.317Z,2.2
2026-08-04T19:28:59.603Z,2.19
2026-08-04T19:29:12.462Z,2.19
2026-08-04T19:29:27.526Z,2.19
2026-08-04T19:29:42.606Z,2.18
2026-08-04T19:29:58.337Z,2.16
2026-08-04T19:30:12.768Z,2.16
2026-08-04T19:30:27.909Z,2.15
2026-08-04T19:30:48.78Z,2.14
2026-08-04T19:31:03.435Z,2.14
2026-08-04T19:31:18.118Z,2.13
2026-08-04T19:31:33.201Z,2.12
2026-08-04T19:31:48.294Z,2.11
2026-08-04T19:32:03.809Z,2.1
2026-08-04T19:32:18.414Z,2.1
2026-08-04T19:32:33.492Z,2.09
2026-08-04T19:32:53.594Z,2.08
2026-08-04T19:33:13Z,2.08
2026-08-04T19:33:13.765Z,2.08
2026-08-04T19:33:29.139Z,2.08
2026-08-04T19:33:43.798Z,2.06
2026-08-04T19:33:58.875Z,2.06
2026-08-04T19:34:14.073Z,2.05
2026-08-04T19:34:29.159Z,2.05
2026-08-04T19:34:49.208Z,2.04
2026-08-04T19:35:12.61Z,2.03
2026-08-04T19:35:24.367Z,2.03
2026-08-04T19:35:39.454Z,2.02
2026-08-04T19:35:54.844Z,2.02
2026-08-04T19:36:14.789Z,2.01
2026-08-04T19:36:29.684Z,2.01
2026-08-04T19:36:44.758Z,2.0
2026-08-04T19:36:59.845Z,2.0
2026-08-04T19:37:14.917Z,2.0
2026-08-04T19:37:35.022Z,1.99
2026-08-04T19:37:50.081Z,1.99
2026-08-04T19:38:09Z,1.97
2026-08-04T19:38:10.34Z,1.97
2026-08-04T19:38:25.275Z,1.97
2026-08-04T19:38:40.34Z,1.96
2026-08-04T19:38:55.406Z,1.96
2026-08-04T19:39:15.449Z,1.95
2026-08-04T19:39:35.529Z,1.95
2026-08-04T19:39:50.627Z,1.95
2026-08-04T19:40:09.313Z,1.94
2026-08-04T19:40:20.744Z,1.93
2026-08-04T19:40:40.821Z,1.92
2026-08-04T19:40:55.952Z,1.92
2026-08-04T19:41:11.678Z,1.91
2026-08-04T19:41:26.049Z,1.91
2026-08-04T19:41:41.146Z,1.9
2026-08-04T19:42:02.786Z,1.9
2026-08-04T19:42:16.302Z,1.89
2026-08-04T19:42:36.385Z,1.88
2026-08-04T19:42:51.438Z,1.87
2026-08-04T19:43:06Z,1.87
2026-08-04T19:43:06.852Z,1.87
2026-08-04T19:43:21.942Z,1.87
2026-08-04T19:43:42.007Z,1.86
2026-08-04T19:43:57.22Z,1.86
2026-08-04T19:44:12.165Z,1.85
2026-08-04T19:44:27.231Z,1.84
2026-08-04T19:44:42.311Z,1.84
2026-08-04T19:44:58.183Z,1.83
2026-08-04T19:45:12.96Z,1.83
2026-08-04T19:45:27.597Z,1.83
2026-08-04T19:45:42.703Z,1.82
2026-08-04T19:45:57.809Z,1.82
2026-08-04T19:46:12.874Z,1.81
2026-08-04T19:46:32.98Z,1.81
2026-08-04T19:46:49.261Z,1.8
2026-08-04T19:47:03.219Z,1.8
2026-08-04T19:47:18.265Z,1.8
2026-08-04T19:47:33.442Z,1.8
2026-08-04T19:47:50.094Z,1.79
2026-08-04T19:48:03.9Z,1.79
2026-08-04T19:48:18Z,1.78
2026-08-04T19:48:18.63Z,1.78
2026-08-04T19:48:33.698Z,1.78
2026-08-04T19:48:48.826Z,1.78
2026-08-04T19:49:03.987Z,1.78
2026-08-04T19:49:23.994Z,1.78
2026-08-04T19:49:39.089Z,1.77
2026-08-04T19:49:59.15Z,1.77
2026-08-04T19:50:14.219Z,1.76
2026-08-04T19:50:34.319Z,1.76
2026-08-04T19:50:49.441Z,1.76
2026-08-04T19:51:04.515Z,1.76
2026-08-04T19:51:24.558Z,1.76
2026-08-04T19:51:39.651Z,1.75
2026-08-04T19:51:59.728Z,1.75
2026-08-04T19:52:19.867Z,1.75
2026-08-04T19:52:35.114Z,1.75
2026-08-04T19:52:54.986Z,1.75
2026-08-04T19:53:09Z,1.74
2026-08-04T19:53:10.055Z,1.74
2026-08-04T19:53:25.139Z,1.74
2026-08-04T19:53:45.186Z,1.74
2026-08-04T19:54:00.254Z,1.73
2026-08-04T19:54:15.341Z,1.73
2026-08-04T19:54:35.393Z,1.72
2026-08-04T19:54:50.489Z,1.72
2026-08-04T19:55:10.59Z,1.72
2026-08-04T19:55:25.738Z,1.72
2026-08-04T19:55:40.805Z,1.71
2026-08-04T19:56:02.891Z,1.71
2026-08-04T19:56:15.932Z,1.7
2026-08-04T19:56:31.021Z,1.7
2026-08-04T19:56:46.077Z,1.69
2026-08-04T19:57:02.588Z,1.69
2026-08-04T19:57:16.216Z,1.69
2026-08-04T19:57:31.307Z,1.68
2026-08-04T19:57:51.391Z,1.68
2026-08-04T19:58:06Z,1.67
2026-08-04T19:58:06.496Z,1.67
2026-08-04T19:58:26.648Z,1.67
2026-08-04T19:58:42.262Z,1.66
2026-08-04T19:58:56.715Z,1.65
2026-08-04T19:59:11.775Z,1.65
2026-08-04T19:59:26.881Z,1.65
2026-08-04T19:59:41.972Z,1.65
2026-08-04T20:00:14.275Z,1.65
2026-08-04T20:00:18.783Z,1.64
2026-08-04T20:00:37.811Z,1.64
2026-08-04T20:00:57.314Z,1.63
2026-08-04T20:01:12.377Z,1.63
2026-08-04T20:01:32.414Z,1.62
2026-08-04T20:01:47.482Z,1.62
2026-08-04T20:02:03.407Z,1.62
2026-08-04T20:02:17.642Z,1.61
2026-08-04T20:02:37.88Z,1.61
2026-08-04T20:02:52.839Z,1.61
2026-08-04T20:03:07.896Z,1.61
2026-08-04T20:03:22Z,1.61
2026-08-04T20:03:22.977Z,1.61
2026-08-04T20:03:38.458Z,1.6
2026-08-04T20:03:58.146Z,1.6
2026-08-04T20:04:18.225Z,1.6
2026-08-04T20:04:33.287Z,1.6
2026-08-04T20:04:48.373Z,1.6
2026-08-04T20:05:10.71Z,1.59
2026-08-04T20:05:23.624Z,1.58
2026-08-04T20:05:43.664Z,1.58
2026-08-04T20:05:59.097Z,1.58
2026-08-04T20:06:13.848Z,1.58
2026-08-04T20:06:29.479Z,1.58
2026-08-04T20:06:43.988Z,1.58
2026-08-04T20:06:59.17Z,1.57
2026-08-04T20:07:14.41Z,1.57
2026-08-04T20:07:34.473Z,1.57
2026-08-04T20:07:49.544Z,1.57
2026-08-04T20:08:04.778Z,1.57
2026-08-04T20:08:19Z,1.56
2026-08-04T20:08:19.869Z,1.56
2026-08-04T20:08:34.917Z,1.56
2026-08-04T20:08:49.996Z,1.56
2026-08-04T20:09:05.352Z,1.56
2026-08-04T20:09:20.202Z,1.56
2026-08-04T20:09:36.157Z,1.56
2026-08-04T20:09:50.318Z,1.56
2026-08-04T20:10:12.788Z,1.55
2026-08-04T20:10:25.466Z,1.55
2026-08-04T20:10:40.535Z,1.55
2026-08-04T20:11:00.623Z,1.55
2026-08-04T20:11:15.695Z,1.55
2026-08-04T20:11:30.763Z,1.55
2026-08-04T20:11:48.703Z,1.54
2026-08-04T20:12:02.504Z,1.54
2026-08-04T20:12:16.024Z,1.54
2026-08-04T20:12:36.167Z,1.54
2026-08-04T20:12:51.285Z,1.54
2026-08-04T20:13:06.305Z,1.53
2026-08-04T20:13:25Z,1.53
2026-08-04T20:13:26.358Z,1.53
2026-08-04T20:13:47.435Z,1.53
2026-08-04T20:14:03.716Z,1.53
2026-08-04T20:14:21.594Z,1.53
2026-08-04T20:14:42.962Z,1.53
2026-08-04T20:14:56.732Z,1.53
2026-08-04T20:15:14.76Z,1.52
2026-08-04T20:15:31.987Z,1.52
2026-08-04T20:15:47.019Z,1.52
2026-08-04T20:16:02.863Z,1.52
2026-08-04T20:16:17.197Z,1.52
2026-08-04T20:16:32.272Z,1.52
2026-08-04T20:16:52.342Z,1.52
2026-08-04T20:17:07.407Z,1.52
2026-08-04T20:17:24.368Z,1.51
2026-08-04T20:17:37.564Z,1.51
2026-08-04T20:17:52.653Z,1.51
2026-08-04T20:18:07.733Z,1.51
2026-08-04T20:18:27Z,1.51
2026-08-04T20:18:27.8Z,1.51
2026-08-04T20:18:42.886Z,1.5
2026-08-04T20:18:57.991Z,1.5
2026-08-04T20:19:13.024Z,1.5
2026-08-04T20:19:28.12Z,1.5
2026-08-04T20:19:43.197Z,1.5
2026-08-04T20:19:58.298Z,1.5
2026-08-04T20:20:14.267Z,1.49
2026-08-04T20:20:28.461Z,1.49
2026-08-04T20:20:43.59Z,1.49
2026-08-04T20:20:58.684Z,1.49
2026-08-04T20:21:13.789Z,1.49
2026-08-04T20:21:28.814Z,1.49
2026-08-04T20:21:43.926Z,1.49
2026-08-04T20:22:03.998Z,1.49
2026-08-04T20:22:19.056Z,1.48
2026-08-04T20:22:39.152Z,1.48
2026-08-04T20:22:54.224Z,1.48
2026-08-04T20:23:09.281Z,1.48
2026-08-04T20:23:23Z,1.48
2026-08-04T20:23:24.377Z,1.48
2026-08-04T20:23:39.98Z,1.48
2026-08-04T20:23:54.911Z,1.47
2026-08-04T20:24:14.657Z,1.47
2026-08-04T20:24:34.73Z,1.47
2026-08-04T20:24:49.805Z,1.47
2026-08-04T20:25:11.722Z,1.47
2026-08-04T20:25:25.104Z,1.47
2026-08-04T20:25:40.102Z,1.46
2026-08-04T20:25:55.156Z,1.47
2026-08-04T20:26:10.291Z,1.47
2026-08-04T20:26:30.309Z,1.46
2026-08-04T20:26:45.391Z,1.46
2026-08-04T20:27:00.479Z,1.46
2026-08-04T20:27:15.529Z,1.46
2026-08-04T20:27:30.687Z,1.46
2026-08-04T20:27:46.336Z,1.46
2026-08-04T20:28:05.852Z,1.46
2026-08-04T20:28:20Z,1.46
2026-08-04T20:28:20.949Z,1.46
2026-08-04T20:28:36.015Z,1.46
2026-08-04T20:28:51.311Z,1.46
2026-08-04T20:29:06.163Z,1.46
2026-08-04T20:29:21.262Z,1.45
2026-08-04T20:29:36.346Z,1.45
2026-08-04T20:29:51.434Z,1.46
2026-08-04T20:30:11.16Z,1.46
2026-08-04T20:30:21.705Z,1.46
2026-08-04T20:30:41.786Z,1.45
2026-08-04T20:30:56.855Z,1.45
2026-08-04T20:31:12.524Z,1.45
2026-08-04T20:31:27.029Z,1.45
2026-08-04T20:31:42.092Z,1.45
2026-08-04T20:31:57.169Z,1.45
2026-08-04T20:32:12.281Z,1.45
2026-08-04T20:32:27.359Z,1.45
2026-08-04T20:32:42.426Z,1.45
2026-08-04T20:32:57.498Z,1.44
2026-08-04T20:33:17Z,1.44
2026-08-04T20:33:17.676Z,1.44
2026-08-04T20:33:37.651Z,1.44
2026-08-04T20:33:52.782Z,1.44
2026-08-04T20:34:07.817Z,1.44
2026-08-04T20:34:22.869Z,1.44
2026-08-04T20:34:37.996Z,1.44
2026-08-04T20:34:53.12Z,1.44
2026-08-04T20:35:13.192Z,1.44
2026-08-04T20:35:28.264Z,1.44
2026-08-04T20:35:48.346Z,1.44
2026-08-04T20:36:03.842Z,1.44
2026-08-04T20:36:23.494Z,1.43
2026-08-04T20:36:38.583Z,1.43
2026-08-04T20:36:53.663Z,1.44
2026-08-04T20:37:09.349Z,1.43
2026-08-04T20:37:23.785Z,1.43
2026-08-04T20:37:38.867Z,1.43
2026-08-04T20:37:58.977Z,1.43
2026-08-04T20:38:14.043Z,1.43
2026-08-04T20:38:28Z,1.43
2026-08-04T20:38:30.016Z,1.43
2026-08-04T20:38:44.203Z,1.43
2026-08-04T20:38:59.259Z,1.43
2026-08-04T20:39:14.409Z,1.43
2026-08-04T20:39:36.864Z,1.43
2026-08-04T20:39:49.547Z,1.43
2026-08-04T20:40:11.663Z,1.43
2026-08-04T20:40:24.695Z,1.43
2026-08-04T20:40:41.297Z,1.43
2026-08-04T20:40:59.888Z,1.43
2026-08-04T20:41:14.938Z,1.43
2026-08-04T20:41:30.078Z,1.42
2026-08-04T20:41:45.168Z,1.42
2026-08-04T20:42:00.275Z,1.42
2026-08-04T20:42:15.322Z,1.42
2026-08-04T20:42:30.406Z,1.42
2026-08-04T20:42:45.714Z,1.42
2026-08-04T20:43:05.546Z,1.42
2026-08-04T20:43:20.646Z,1.42
2026-08-04T20:43:35Z,1.42
2026-08-04T20:43:35.71Z,1.42
2026-08-04T20:43:50.806Z,1.42
2026-08-04T20:44:05.861Z,1.42
2026-08-04T20:44:21.128Z,1.42
2026-08-04T20:44:36.712Z,1.43
2026-08-04T20:44:56.151Z,1.42
2026-08-04T20:45:12.168Z,1.42
2026-08-04T20:45:26.374Z,1.42
2026-08-04T20:45:41.305Z,1.42
2026-08-04T20:45:56.375Z,1.42
2026-08-04T20:46:12.678Z,1.42
2026-08-04T20:46:26.51Z,1.42
2026-08-04T20:46:41.63Z,1.42
2026-08-04T20:46:56.729Z,1.42
2026-08-04T20:47:12.241Z,1.42
2026-08-04T20:47:26.864Z,1.42
2026-08-04T20:47:41.949Z,1.42
2026-08-04T20:47:57.034Z,1.42
2026-08-04T20:48:12.113Z,1.42
2026-08-04T20:48:26Z,1.42
2026-08-04T20:48:27.192Z,1.42
2026-08-04T20:48:42.277Z,1.42
2026-08-04T20:48:57.346Z,1.42
2026-08-04T20:49:17.463Z,1.42
2026-08-04T20:49:32.512Z,1.42
2026-08-04T20:49:48.67Z,1.42
2026-08-04T20:50:11.836Z,1.42
2026-08-04T20:50:17.816Z,1.41
2026-08-04T20:50:32.865Z,1.41
2026-08-04T20:50:47.969Z,1.42
2026-08-04T20:51:03.3Z,1.42
2026-08-04T20:51:18.617Z,1.42
2026-08-04T20:51:33.21Z,1.42
2026-08-04T20:51:48.28Z,1.41
2026-08-04T20:52:08.374Z,1.41
2026-08-04T20:52:23.412Z,1.41
2026-08-04T20:52:38.554Z,1.41
2026-08-04T20:52:53.597Z,1.41
2026-08-04T20:53:14.11Z,1.41
2026-08-04T20:53:28Z,1.41
2026-08-04T20:53:28.748Z,1.41
2026-08-04T20:53:43.884Z,1.41
2026-08-04T20:54:00.418Z,1.41
2026-08-04T20:54:13.936Z,1.4
2026-08-04T20:54:29.011Z,1.4
2026-08-04T20:54:49.103Z,1.4
2026-08-04T20:55:12.379Z,1.41
2026-08-04T20:55:19.259Z,1.41
2026-08-04T20:55:39.327Z,1.4
2026-08-04T20:55:54.507Z,1.4
2026-08-04T20:56:09.493Z,1.4
2026-08-04T20:56:24.571Z,1.4
2026-08-04T20:56:44.686Z,1.4
2026-08-04T20:57:04.724Z,1.4
2026-08-04T20:57:20.335Z,1.4
2026-08-04T20:57:39.854Z,1.4
2026-08-04T20:57:54.958Z,1.4
2026-08-04T20:58:10.019Z,1.4
2026-08-04T20:58:24Z,1.4
2026-08-04T20:58:25.103Z,1.4
2026-08-04T20:58:46.159Z,1.4
2026-08-04T20:59:05.808Z,1.4
2026-08-04T20:59:20.35Z,1.39
2026-08-04T20:59:35.415Z,1.39
2026-08-04T20:59:50.475Z,1.39
2026-08-04T21:00:12.77Z,1.39
2026-08-04T21:00:25.642Z,1.39
2026-08-04T21:00:40.774Z,1.39
2026-08-04T21:00:55.784Z,1.39
2026-08-04T21:01:15.876Z,1.39
2026-08-04T21:01:31.059Z,1.39
2026-08-04T21:01:51.071Z,1.39
2026-08-04T21:02:07.652Z,1.39
2026-08-04T21:02:26.21Z,1.39
2026-08-04T21:02:46.361Z,1.39
2026-08-04T21:03:02.721Z,1.38
2026-08-04T21:03:16.472Z,1.38
2026-08-04T21:03:31Z,1.38
2026-08-04T21:03:31.848Z,1.38
2026-08-04T21:03:47.145Z,1.38
2026-08-04T21:04:03.061Z,1.38
2026-08-04T21:04:16.788Z,1.38
2026-08-04T21:04:36.866Z,1.38
2026-08-04T21:04:51.948Z,1.38
2026-08-04T21:05:12.719Z,1.38
2026-08-04T21:05:22.099Z,1.38
2026-08-04T21:05:37.204Z,1.37
2026-08-04T21:05:52.414Z,1.37
2026-08-04T21:06:12.502Z,1.37
2026-08-04T21:06:27.615Z,1.37
2026-08-04T21:06:42.686Z,1.37
2026-08-04T21:07:03.252Z,1.37
2026-08-04T21:07:17.803Z,1.37
2026-08-04T21:07:37.902Z,1.37
2026-08-04T21:07:52.967Z,1.37
2026-08-04T21:08:08.044Z,1.36
2026-08-04T21:08:23.63Z,1.36
2026-08-04T21:08:37Z,1.36
2026-08-04T21:08:38.209Z,1.36
2026-08-04T21:08:53.324Z,1.36
2026-08-04T21:09:14.092Z,1.36
2026-08-04T21:09:28.471Z,1.36
2026-08-04T21:09:48.591Z,1.36
2026-08-04T21:10:10.303Z,1.36
2026-08-04T21:10:18.699Z,1.36
2026-08-04T21:10:33.874Z,1.35
2026-08-04T21:10:48.864Z,1.35
2026-08-04T21:11:04.163Z,1.35
2026-08-04T21:11:20.635Z,1.35
2026-08-04T21:11:34.233Z,1.35
2026-08-04T21:11:49.312Z,1.35
2026-08-04T21:12:09.82Z,1.35
2026-08-04T21:12:24.478Z,1.35
2026-08-04T21:12:39.545Z,1.35
2026-08-04T21:12:54.618Z,1.35
2026-08-04T21:13:09.726Z,1.34
2026-08-04T21:13:29.785Z,1.35
2026-08-04T21:13:44Z,1.34
2026-08-04T21:13:44.865Z,1.34
2026-08-04T21:14:04.927Z,1.34
2026-08-04T21:14:25.013Z,1.34
2026-08-04T21:14:40.123Z,1.34
2026-08-04T21:15:00.184Z,1.34
2026-08-04T21:15:20.265Z,1.33
2026-08-04T21:15:35.35Z,1.33
2026-08-04T21:15:50.398Z,1.33
2026-08-04T21:16:10.48Z,1.33
2026-08-04T21:16:25.638Z,1.33
2026-08-04T21:16:40.845Z,1.33
2026-08-04T21:16:55.827Z,1.33
2026-08-04T21:17:10.856Z,1.33
2026-08-04T21:17:28.464Z,1.33
2026-08-04T21:17:45.998Z,1.33
2026-08-04T21:18:06.082Z,1.32
2026-08-04T21:18:26.242Z,1.33
2026-08-04T21:18:40Z,1.32
2026-08-04T21:18:41.296Z,1.32
2026-08-04T21:18:56.44Z,1.32
2026-08-04T21:19:11.747Z,1.32
2026-08-04T21:19:27.045Z,1.32
2026-08-04T21:19:41.744Z,1.32
2026-08-04T21:19:56.856Z,1.32
2026-08-04T21:20:12.959Z,1.32
2026-08-04T21:20:26.978Z,1.32
2026-08-04T21:20:47.12Z,1.31
2026-08-04T21:21:02.665Z,1.31
2026-08-04T21:21:17.246Z,1.31
2026-08-04T21:21:32.308Z,1.32
2026-08-04T21:21:47.394Z,1.31
2026-08-04T21:22:03.219Z,1.31
2026-08-04T21:22:17.532Z,1.31
2026-08-04T21:22:32.617Z,1.31
2026-08-04T21:22:47.665Z,1.31
2026-08-04T21:23:07.758Z,1.31
2026-08-04T21:23:27.857Z,1.3
2026-08-04T21:23:42Z,1.3
2026-08-04T21:23:42.926Z,1.3
2026-08-04T21:24:03.547Z,1.3
2026-08-04T21:24:23.072Z,1.3
2026-08-04T21:24:38.156Z,1.3
2026-08-04T21:24:53.22Z,1.3
2026-08-04T21:25:12.668Z,1.3
2026-08-04T21:25:23.411Z,1.3
2026-08-04T21:25:45.143Z,1.3
2026-08-04T21:26:03.549Z,1.29
2026-08-04T21:26:18.679Z,1.29
2026-08-04T21:26:38.896Z,1.29
2026-08-04T21:26:54.023Z,1.29
2026-08-04T21:27:09.113Z,1.29
2026-08-04T21:27:29.059Z,1.29
2026-08-04T21:27:49.123Z,1.29
2026-08-04T21:28:04.199Z,1.29
2026-08-04T21:28:19.25Z,1.29
2026-08-04T21:28:34.336Z,1.29
2026-08-04T21:28:49Z,1.28
2026-08-04T21:28:49.487Z,1.28
2026-08-04T21:29:04.565Z,1.28
2026-08-04T21:29:19.631Z,1.28
2026-08-04T21:29:34.701Z,1.28
2026-08-04T21:29:54.819Z,1.28
2026-08-04T21:30:14.841Z,1.28
2026-08-04T21:30:34.96Z,1.28
2026-08-04T21:30:55.015Z,1.27
2026-08-04T21:31:10.193Z,1.27
2026-08-04T21:31:25.289Z,1.27
2026-08-04T21:31:40.36Z,1.27
2026-08-04T21:32:00.468Z,1.27
2026-08-04T21:32:15.522Z,1.27
2026-08-04T21:32:35.568Z,1.27
2026-08-04T21:32:55.92Z,1.27
2026-08-04T21:33:10.767Z,1.27
2026-08-04T21:33:25.861Z,1.26
2026-08-04T21:33:45Z,1.26
2026-08-04T21:33:45.918Z,1.26
2026-08-04T21:34:02.743Z,1.26
2026-08-04T21:34:16.052Z,1.26
2026-08-04T21:34:31.124Z,1.26
2026-08-04T21:34:51.584Z,1.26
2026-08-04T21:35:08.386Z,1.26
2026-08-04T21:35:21.387Z,1.26
2026-08-04T21:35:36.476Z,1.26
2026-08-04T21:35:51.511Z,1.26
2026-08-04T21:36:06.613Z,1.26
2026-08-04T21:36:21.736Z,1.26
2026-08-04T21:36:36.868Z,1.26
2026-08-04T21:36:56.841Z,1.26
2026-08-04T21:37:19.025Z,1.25
2026-08-04T21:37:31.972Z,1.25
2026-08-04T21:37:47.056Z,1.25
2026-08-04T21:38:04.192Z,1.25
2026-08-04T21:38:17.204Z,1.25
2026-08-04T21:38:32.403Z,1.25
2026-08-04T21:38:47Z,1.25
2026-08-04T21:38:47.522Z,1.25
2026-08-04T21:39:02.61Z,1.24
2026-08-04T21:39:17.598Z,1.24
2026-08-04T21:39:32.714Z,1.24
2026-08-04T21:39:52.816Z,1.24
2026-08-04T21:40:12.182Z,1.24
2026-08-04T21:40:27.947Z,1.24
2026-08-04T21:40:48.561Z,1.24
2026-08-04T21:41:03.101Z,1.24
2026-08-04T21:41:18.168Z,1.24
2026-08-04T21:41:33.224Z,1.24
2026-08-04T21:41:49.277Z,1.24
2026-08-04T21:42:03.418Z,1.24
2026-08-04T21:42:18.45Z,1.24
2026-08-04T21:42:38.54Z,1.24
2026-08-04T21:42:53.861Z,1.24
2026-08-04T21:43:08.69Z,1.23
2026-08-04T21:43:23.816Z,1.23
2026-08-04T21:43:38.902Z,1.24
2026-08-04T21:43:53Z,1.23
2026-08-04T21:43:54.027Z,1.23
2026-08-04T21:44:09.054Z,1.23
2026-08-04T21:44:29.145Z,1.23
2026-08-04T21:44:44.197Z,1.23
2026-08-04T21:45:12.366Z,1.23
2026-08-04T21:45:24.348Z,1.23
2026-08-04T21:45:39.446Z,1.23
2026-08-04T21:45:54.515Z,1.23
2026-08-04T21:46:09.631Z,1.23
2026-08-04T21:46:29.661Z,1.23
2026-08-04T21:46:44.731Z,1.23
2026-08-04T21:46:59.815Z,1.23
2026-08-04T21:47:14.883Z,1.22
2026-08-04T21:47:29.966Z,1.22
2026-08-04T21:47:50.036Z,1.22
2026-08-04T21:48:06.919Z,1.22
2026-08-04T21:48:20.2Z,1.22
2026-08-04T21:48:40.333Z,1.22
2026-08-04T21:48:54Z,1.22
2026-08-04T21:48:55.364Z,1.22
2026-08-04T21:49:10.465Z,1.22
2026-08-04T21:49:31.134Z,1.22
2026-08-04T21:49:45.695Z,1.22
2026-08-04T21:50:12.107Z,1.22
2026-08-04T21:50:20.848Z,1.22
2026-08-04T21:50:42.906Z,1.21
2026-08-04T21:50:56.066Z,1.21
2026-08-04T21:51:11.168Z,1.21
2026-08-04T21:51:26.2Z,1.21
2026-08-04T21:51:46.296Z,1.21
2026-08-04T21:52:02.76Z,1.21
2026-08-04T21:52:21.461Z,1.21
2026-08-04T21:52:36.552Z,1.21
2026-08-04T21:52:56.617Z,1.21
2026-08-04T21:53:11.679Z,1.21
2026-08-04T21:53:31.734Z,1.21
2026-08-04T21:53:46Z,1.21
2026-08-04T21:53:47.443Z,1.21
2026-08-04T21:54:02.836Z,1.2
2026-08-04T21:54:16.979Z,1.2
2026-08-04T21:54:32.089Z,1.2
2026-08-04T21:54:47.122Z,1.2
2026-08-04T21:55:11.887Z,1.2
2026-08-04T21:55:17.274Z,1.2
2026-08-04T21:55:32.405Z,1.2
2026-08-04T21:55:47.785Z,1.2
2026-08-04T21:56:04.007Z,1.2
2026-08-04T21:56:17.702Z,1.2
2026-08-04T21:56:32.771Z,1.2
2026-08-04T21:56:47.854Z,1.19
2026-08-04T21:57:08.538Z,1.19
2026-08-04T21:57:23.033Z,1.19
2026-08-04T21:57:38.117Z,1.19
2026-08-04T21:57:53.181Z,1.19
2026-08-04T21:58:08.261Z,1.19
2026-08-04T21:58:23.333Z,1.19
2026-08-04T21:58:43.415Z,1.19
2026-08-04T21:58:58Z,1.19
2026-08-04T21:58:58.64Z,1.19
2026-08-04T21:59:13.562Z,1.19
2026-08-04T21:59:28.662Z,1.19
2026-08-04T21:59:43.722Z,1.18
2026-08-04T21:59:58.839Z,1.18
2026-08-04T22:00:14.006Z,1.18
2026-08-04T22:00:29.342Z,1.18
2026-08-04T22:00:44.099Z,1.18
2026-08-04T22:01:04.146Z,1.18
2026-08-04T22:01:19.223Z,1.18
2026-08-04T22:01:34.312Z,1.18
2026-08-04T22:01:49.393Z,1.18
2026-08-04T22:02:04.447Z,1.18
2026-08-04T22:02:24.553Z,1.18
2026-08-04T22:02:44.596Z,1.18
2026-08-04T22:02:59.702Z,1.17
2026-08-04T22:03:14.787Z,1.17
2026-08-04T22:03:34.838Z,1.17
2026-08-04T22:03:54Z,1.17
2026-08-04T22:03:54.942Z,1.17
2026-08-04T22:04:09.991Z,1.17
2026-08-04T22:04:31.292Z,1.17
2026-08-04T22:04:50.146Z,1.17
2026-08-04T22:05:12.895Z,1.17
2026-08-04T22:05:25.359Z,1.17
2026-08-04T22:05:45.426Z,1.16
2026-08-04T22:06:00.502Z,1.16
2026-08-04T22:06:20.622Z,1.16
2026-08-04T22:06:40.661Z,1.16
2026-08-04T22:06:55.746Z,1.16
2026-08-04T22:07:15.839Z,1.16
2026-08-04T22:07:30.891Z,1.16
2026-08-04T22:07:45.997Z,1.16
2026-08-04T22:08:06.128Z,1.16
2026-08-04T22:08:21.419Z,1.16
2026-08-04T22:08:36.227Z,1.15
2026-08-04T22:08:55Z,1.15
2026-08-04T22:08:56.321Z,1.15
2026-08-04T22:09:11.388Z,1.15
2026-08-04T22:09:26.531Z,1.15
2026-08-04T22:09:41.521Z,1.15
2026-08-04T22:09:56.653Z,1.15
2026-08-04T22:10:11.705Z,1.15
2026-08-04T22:10:31.853Z,1.15
2026-08-04T22:10:46.909Z,1.14
2026-08-04T22:11:02.592Z,1.14
2026-08-04T22:11:17.05Z,1.14
2026-08-04T22:11:32.108Z,1.14
2026-08-04T22:11:52.222Z,1.14
2026-08-04T22:12:07.25Z,1.14
2026-08-04T22:12:22.354Z,1.14
2026-08-04T22:12:37.509Z,1.14
2026-08-04T22:12:52.636Z,1.14
2026-08-04T22:13:07.596Z,1.14
2026-08-04T22:13:22.671Z,1.14
2026-08-04T22:13:37.752Z,1.14
2026-08-04T22:13:57Z,1.13
2026-08-04T22:13:57.808Z,1.13
2026-08-04T22:14:19.057Z,1.13
2026-08-04T22:14:32.992Z,1.13
2026-08-04T22:14:48.048Z,1.13
2026-08-04T22:15:09.201Z,1.13
2026-08-04T22:15:18.214Z,1.13
2026-08-04T22:15:38.314Z,1.13
2026-08-04T22:15:53.371Z,1.13
2026-08-04T22:16:08.468Z,1.13
2026-08-04T22:16:23.526Z,1.13
2026-08-04T22:16:38.581Z,1.12
2026-08-04T22:16:58.675Z,1.12
2026-08-04T22:17:19.146Z,1.12
2026-08-04T22:17:33.906Z,1.12
2026-08-04T22:17:48.976Z,1.12
2026-08-04T22:18:06.774Z,1.12
2026-08-04T22:18:24.101Z,1.12
2026-08-04T22:18:39.179Z,1.12
2026-08-04T22:18:53Z,1.12
2026-08-04T22:18:54.446Z,1.12
2026-08-04T22:19:09.953Z,1.12
2026-08-04T22:19:29.423Z,1.12
2026-08-04T22:19:49.482Z,1.12
2026-08-04T22:20:12.305Z,1.11
2026-08-04T22:20:25.955Z,1.11
2026-08-04T22:20:39.742Z,1.11
2026-08-04T22:20:54.851Z,1.11
2026-08-04T22:21:09.9Z,1.11
2026-08-04T22:21:24.968Z,1.11
2026-08-04T22:21:45.08Z,1.11
2026-08-04T22:22:00.153Z,1.11
2026-08-04T22:22:16.647Z,1.11
2026-08-04T22:22:30.305Z,1.11
2026-08-04T22:22:45.539Z,1.11
2026-08-04T22:23:05.482Z,1.1
2026-08-04T22:23:20.567Z,1.1
2026-08-04T22:23:35.658Z,1.1
2026-08-04T22:23:50.735Z,1.1
2026-08-04T22:24:05Z,1.1
2026-08-04T22:24:05.817Z,1.1
2026-08-04T22:24:20.906Z,1.1
2026-08-04T22:24:36.244Z,1.1
2026-08-04T22:24:51.534Z,1.1
2026-08-04T22:25:09.93Z,1.1
2026-08-04T22:25:26.54Z,1.1
2026-08-04T22:25:41.429Z,1.1
2026-08-04T22:25:56.368Z,1.1
2026-08-04T22:26:16.441Z,1.09
2026-08-04T22:26:36.517Z,1.09
2026-08-04T22:26:52.019Z,1.09
2026-08-04T22:27:06.693Z,1.09
2026-08-04T22:27:21.76Z,1.09
2026-08-04T22:27:36.841Z,1.09
2026-08-04T22:27:51.944Z,1.09
2026-08-04T22:28:07.06Z,1.09
2026-08-04T22:28:22.1Z,1.09
2026-08-04T22:28:42.314Z,1.08
2026-08-04T22:29:01Z,1.08
2026-08-04T22:29:02.906Z,1.08
2026-08-04T22:29:22.34Z,1.08
2026-08-04T22:29:37.42Z,1.08
2026-08-04T22:29:52.52Z,1.08
2026-08-04T22:30:12.591Z,1.08
2026-08-04T22:30:22.661Z,1.08
2026-08-04T22:30:37.744Z,1.08
2026-08-04T22:30:57.982Z,1.07
2026-08-04T22:31:12.909Z,1.07
2026-08-04T22:31:33.023Z,1.07
2026-08-04T22:31:48.087Z,1.07
2026-08-04T22:32:03.893Z,1.07
2026-08-04T22:32:18.439Z,1.07
2026-08-04T22:32:38.872Z,1.07
2026-08-04T22:32:59.085Z,1.07
2026-08-04T22:33:13.938Z,1.07
2026-08-04T22:33:28.68Z,1.07
2026-08-04T22:33:44.249Z,1.07
2026-08-04T22:34:03Z,1.06
2026-08-04T22:34:03.84Z,1.06
2026-08-04T22:34:18.936Z,1.06
2026-08-04T22:34:34.01Z,1.06
2026-08-04T22:34:54.089Z,1.06
2026-08-04T22:35:14.249Z,1.06
2026-08-04T22:35:29.284Z,1.06
2026-08-04T22:35:49.324Z,1.06
2026-08-04T22:36:04.409Z,1.06
2026-08-04T22:36:19.716Z,1.06
2026-08-04T22:36:34.562Z,1.05
2026-08-04T22:36:49.588Z,1.05
2026-08-04T22:37:09.677Z,1.05
2026-08-04T22:37:24.782Z,1.05
2026-08-04T22:37:39.908Z,1.05
2026-08-04T22:37:54.965Z,1.05
2026-08-04T22:38:10.004Z,1.05
2026-08-04T22:38:25.114Z,1.04
2026-08-04T22:38:40.142Z,1.04
2026-08-04T22:38:54Z,1.04
2026-08-04T22:38:55.229Z,1.04
2026-08-04T22:39:15.444Z,1.04
2026-08-04T22:39:30.395Z,1.04
2026-08-04T22:39:50.482Z,1.04
2026-08-04T22:40:12.775Z,1.03
2026-08-04T22:40:25.612Z,1.03
2026-08-04T22:40:40.722Z,1.03
2026-08-04T22:40:55.868Z,1.03
2026-08-04T22:41:10.861Z,1.03
2026-08-04T22:41:25.92Z,1.02
2026-08-04T22:41:41.389Z,1.02
2026-08-04T22:41:56.169Z,1.02
2026-08-04T22:42:11.278Z,1.02
2026-08-04T22:42:26.353Z,1.02
2026-08-04T22:42:41.526Z,1.02
2026-08-04T22:42:56.512Z,1.02
2026-08-04T22:43:11.641Z,1.02
2026-08-04T22:43:31.691Z,1.01
2026-08-04T22:43:46.773Z,1.01
2026-08-04T22:44:06Z,1.01
2026-08-04T22:44:06.843Z,1.01
2026-08-04T22:44:21.903Z,1.01
2026-08-04T22:44:37.644Z,1.0
2026-08-04T22:44:52.088Z,1.0
2026-08-04T22:45:08.865Z,1.0
2026-08-04T22:45:22.241Z,1.0
2026-08-04T22:45:37.505Z,1.0
2026-08-04T22:45:52.955Z,1.0
2026-08-04T22:46:07.476Z,1.0
2026-08-04T22:46:22.537Z,1.0
2026-08-04T22:46:37.638Z,1.0
2026-08-04T22:46:52.706Z,0.99
2026-08-04T22:47:07.8Z,0.99
2026-08-04T22:47:22.906Z,0.99
2026-08-04T22:47:37.982Z,0.99
2026-08-04T22:47:53.049Z,0.99
2026-08-04T22:48:09.475Z,0.98
2026-08-04T22:48:23.299Z,0.98
2026-08-04T22:48:38.426Z,0.98
2026-08-04T22:48:53.447Z,0.98
2026-08-04T22:49:08Z,0.98
2026-08-04T22:49:08.679Z,0.98
2026-08-04T22:49:23.631Z,0.98
2026-08-04T22:49:38.765Z,0.98
2026-08-04T22:49:58.796Z,0.98
2026-08-04T22:50:15.867Z,0.97
2026-08-04T22:50:28.975Z,0.97
2026-08-04T22:50:43.991Z,0.97
2026-08-04T22:50:59.087Z,0.97
2026-08-04T22:51:14.176Z,0.97
2026-08-04T22:51:29.252Z,0.97
2026-08-04T22:51:49.306Z,0.96
2026-08-04T22:52:04.42Z,0.96
2026-08-04T22:52:20.013Z,0.96
2026-08-04T22:52:39.697Z,0.96
2026-08-04T22:52:59.674Z,0.96
2026-08-04T22:53:19.736Z,0.96
2026-08-04T22:53:34.833Z,0.96
2026-08-04T22:53:54.927Z,0.95
2026-08-04T22:54:09Z,0.95
2026-08-04T22:54:09.991Z,0.95
2026-08-04T22:54:30.385Z,0.95
2026-08-04T22:54:50.378Z,0.95
2026-08-04T22:55:10.922Z,0.95
2026-08-04T22:55:20.512Z,0.94
2026-08-04T22:55:40.619Z,0.94
2026-08-04T22:56:02.664Z,0.94
2026-08-04T22:56:15.721Z,0.94
2026-08-04T22:56:35.793Z,0.94
2026-08-04T22:56:55.918Z,0.94
2026-08-04T22:57:11.14Z,0.94
2026-08-04T22:57:26.232Z,0.93
2026-08-04T22:57:46.322Z,0.93
2026-08-04T22:58:02.672Z,0.93
2026-08-04T22:58:16.468Z,0.93
2026-08-04T22:58:31.561Z,0.93
2026-08-04T22:58:46.703Z,0.93
2026-08-04T22:59:06Z,0.93
2026-08-04T22:59:06.882Z,0.93
2026-08-04T22:59:21.929Z,0.93
2026-08-04T22:59:37.021Z,0.93
2026-08-04T22:59:52.079Z,0.92
2026-08-04T23:00:12.993Z,0.92
2026-08-04T23:00:22.922Z,0.92
2026-08-04T23:00:37.435Z,0.92
2026-08-04T23:00:57.515Z,0.92
2026-08-04T23:01:18.123Z,0.92
2026-08-04T23:01:32.814Z,0.92
2026-08-04T23:01:52.901Z,0.92
2026-08-04T23:02:07.983Z,0.91
2026-08-04T23:02:23.059Z,0.91
2026-08-04T23:02:38.16Z,0.91
2026-08-04T23:02:58.268Z,0.91
2026-08-04T23:03:13.774Z,0.91
2026-08-04T23:03:33.417Z,0.91
2026-08-04T23:03:53.504Z,0.91
2026-08-04T23:04:13Z,0.91
2026-08-04T23:04:13.594Z,0.91
2026-08-04T23:04:33.66Z,0.91
2026-08-04T23:04:53.797Z,0.91
2026-08-04T23:05:12.081Z,0.9
2026-08-04T23:05:23.904Z,0.9
2026-08-04T23:05:43.978Z,0.9
2026-08-04T23:05:59.06Z,0.9
2026-08-04T23:06:14.386Z,0.9
2026-08-04T23:06:34.266Z,0.9
2026-08-04T23:06:49.27Z,0.9
2026-08-04T23:07:04.414Z,0.9
2026-08-04T23:07:19.518Z,0.9
2026-08-04T23:07:39.601Z,0.9
2026-08-04T23:07:54.639Z,0.89
2026-08-04T23:08:09.897Z,0.89
2026-08-04T23:08:24.827Z,0.89
2026-08-04T23:08:39.877Z,0.89
2026-08-04T23:08:55.957Z,0.89
2026-08-04T23:09:09Z,0.89
2026-08-04T23:09:10.322Z,0.89
2026-08-04T23:09:25.396Z,0.89
2026-08-04T23:09:40.504Z,0.89
2026-08-04T23:09:55.604Z,0.89
2026-08-04T23:10:12.823Z,0.88
2026-08-04T23:10:30.865Z,0.88
2026-08-04T23:10:50.932Z,0.88
2026-08-04T23:11:06.012Z,0.88
2026-08-04T23:11:21.734Z,0.88
2026-08-04T23:11:36.214Z,0.88
2026-08-04T23:11:51.243Z,0.88
2026-08-04T23:12:06.321Z,0.88
2026-08-04T23:12:22.797Z,0.87
2026-08-04T23:12:41.489Z,0.87
2026-08-04T23:12:56.517Z,0.87
2026-08-04T23:13:16.59Z,0.87
2026-08-04T23:13:32.124Z,0.87
2026-08-04T23:13:51.85Z,0.87
2026-08-04T23:14:06Z,0.87
2026-08-04T23:14:06.92Z,0.87
2026-08-04T23:14:27.247Z,0.87
2026-08-04T23:14:42.084Z,0.87
2026-08-04T23:14:57.172Z,0.86
2026-08-04T23:15:17.267Z,0.86
2026-08-04T23:15:37.553Z,0.86
2026-08-04T23:15:52.409Z,0.86
2026-08-04T23:16:07.554Z,0.86
2026-08-04T23:16:23.076Z,0.86
2026-08-04T23:16:37.703Z,0.86
2026-08-04T23:16:57.782Z,0.86
2026-08-04T23:17:12.871Z,0.86
2026-08-04T23:17:27.96Z,0.86
2026-08-04T23:17:43.041Z,0.85
2026-08-04T23:17:58.118Z,0.85
2026-08-04T23:18:13.19Z,0.85
2026-08-04T23:18:28.281Z,0.85
2026-08-04T23:18:48.372Z,0.85
2026-08-04T23:19:08.423Z,0.85
2026-08-04T23:19:23Z,0.85
2026-08-04T23:19:23.524Z,0.85
2026-08-04T23:19:38.697Z,0.84
2026-08-04T23:19:53.663Z,0.84
2026-08-04T23:20:08.879Z,0.84
2026-08-04T23:20:28.861Z,0.84
2026-08-04T23:20:49.121Z,0.84
2026-08-04T23:21:04.096Z,0.84
2026-08-04T23:21:19.16Z,0.84
2026-08-04T23:21:34.56Z,0.84
2026-08-04T23:21:49.314Z,0.84
2026-08-04T23:22:05.899Z,0.84
2026-08-04T23:22:19.444Z,0.83
2026-08-04T23:22:34.52Z,0.83
2026-08-04T23:22:49.6Z,0.83
2026-08-04T23:23:09.714Z,0.83
2026-08-04T23:23:24.784Z,0.83
2026-08-04T23:23:44.887Z,0.83
2026-08-04T23:24:04.91Z,0.83
2026-08-04T23:24:19Z,0.83
2026-08-04T23:24:20.081Z,0.83
2026-08-04T23:24:35.17Z,0.83
2026-08-04T23:24:50.229Z,0.83
2026-08-04T23:25:10.372Z,0.82
2026-08-04T23:25:27.03Z,0.82
2026-08-04T23:25:40.496Z,0.82
2026-08-04T23:25:56.166Z,0.82
2026-08-04T23:26:10.621Z,0.82
2026-08-04T23:26:25.751Z,0.82
2026-08-04T23:26:40.781Z,0.82
2026-08-04T23:26:55.927Z,0.82
2026-08-04T23:27:10.995Z,0.82
2026-08-04T23:27:26.084Z,0.82
2026-08-04T23:27:41.147Z,0.82
2026-08-04T23:27:56.244Z,0.82
2026-08-04T23:28:11.344Z,0.82
2026-08-04T23:28:26.401Z,0.81
2026-08-04T23:28:46.495Z,0.81
2026-08-04T23:29:02.525Z,0.81
2026-08-04T23:29:16Z,0.81
2026-08-04T23:29:16.636Z,0.81
2026-08-04T23:29:31.704Z,0.81
2026-08-04T23:29:52.25Z,0.81
2026-08-04T23:30:12.239Z,0.81
2026-08-04T23:30:21.963Z,0.81
2026-08-04T23:30:37.061Z,0.81
2026-08-04T23:30:52.159Z,0.81
2026-08-04T23:31:12.188Z,0.8
2026-08-04T23:31:27.261Z,0.8
2026-08-04T23:31:42.35Z,0.8
2026-08-04T23:32:04.142Z,0.8
2026-08-04T23:32:17.832Z,0.8
2026-08-04T23:32:37.586Z,0.8
2026-08-04T23:32:52.685Z,0.8
2026-08-04T23:33:07.731Z,0.8
2026-08-04T23:33:22.84Z,0.8
2026-08-04T23:33:37.904Z,0.8
2026-08-04T23:33:57.966Z,0.79
2026-08-04T23:34:13.091Z,0.79
2026-08-04T23:34:27Z,0.79
2026-08-04T23:34:28.338Z,0.79
2026-08-04T23:34:43.809Z,0.79
2026-08-04T23:35:09.908Z,0.79
2026-08-04T23:35:18.412Z,0.79
2026-08-04T23:35:38.543Z,0.79
2026-08-04T23:35:53.593Z,0.79
2026-08-04T23:36:08.672Z,0.79
2026-08-04T23:36:23.737Z,0.79
2026-08-04T23:36:38.88Z,0.79
2026-08-04T23:36:53.912Z,0.79
2026-08-04T23:37:08.99Z,0.78
2026-08-04T23:37:24.073Z,0.78
2026-08-04T23:37:39.156Z,0.78
2026-08-04T23:37:54.223Z,0.78
2026-08-04T23:38:09.304Z,0.78
2026-08-04T23:38:24.732Z,0.78
2026-08-04T23:38:39.466Z,0.78
2026-08-04T23:38:54.564Z,0.78
2026-08-04T23:39:09.878Z,0.78
2026-08-04T23:39:24Z,0.78
2026-08-04T23:39:24.717Z,0.78
2026-08-04T23:39:39.795Z,0.78
2026-08-04T23:39:54.861Z,0.78
2026-08-04T23:40:14.978Z,0.78
2026-08-04T23:40:31.623Z,0.77
2026-08-04T23:40:45.166Z,0.77
2026-08-04T23:41:00.237Z,0.77
2026-08-04T23:41:15.309Z,0.77
2026-08-04T23:41:30.373Z,0.77
2026-08-04T23:41:50.467Z,0.77
2026-08-04T23:42:05.533Z,0.77
2026-08-04T23:42:25.628Z,0.77
2026-08-04T23:42:40.722Z,0.77
2026-08-04T23:43:02.717Z,0.77
2026-08-04T23:43:15.982Z,0.77
2026-08-04T23:43:31.098Z,0.77
2026-08-04T23:43:51.199Z,0.77
2026-08-04T23:44:11.218Z,0.77
2026-08-04T23:44:25Z,0.77
2026-08-04T23:44:26.328Z,0.77
2026-08-04T23:44:41.352Z,0.77
2026-08-04T23:44:56.479Z,0.77
2026-08-04T23:45:16.505Z,0.77
2026-08-04T23:45:31.701Z,0.77
2026-08-04T23:45:46.775Z,0.76
2026-08-04T23:46:02.709Z,0.76
2026-08-04T23:46:21.951Z,0.76
2026-08-04T23:46:37.136Z,0.76
2026-08-04T23:46:52.169Z,0.76
2026-08-04T23:47:08.445Z,0.76
2026-08-04T23:47:28.059Z,0.76
2026-08-04T23:47:42.368Z,0.76
2026-08-04T23:47:57.445Z,0.76
2026-08-04T23:48:12.551Z,0.76
2026-08-04T23:48:27.633Z,0.76
2026-08-04T23:48:47.706Z,0.76
2026-08-04T23:49:03.96Z,0.76
2026-08-04T23:49:17.885Z,0.76
2026-08-04T23:49:32Z,0.76
2026-08-04T23:49:32.975Z,0.76
2026-08-04T23:49:53.051Z,0.76
2026-08-04T23:50:11.676Z,0.76
2026-08-04T23:50:28.334Z,0.76
2026-08-04T23:50:43.279Z,0.76
2026-08-04T23:51:03.352Z,0.76
2026-08-04T23:51:18.412Z,0.76
2026-08-04T23:51:38.685Z,0.76
2026-08-04T23:51:53.605Z,0.76
2026-08-04T23:52:08.642Z,0.76
2026-08-04T23:52:23.758Z,0.76
2026-08-04T23:52:43.868Z,0.76
2026-08-04T23:52:58.886Z,0.75
2026-08-04T23:53:13.972Z,0.75
2026-08-04T23:53:29.072Z,0.75
2026-08-04T23:53:49.149Z,0.75
2026-08-04T23:54:04.253Z,0.76
2026-08-04T23:54:23Z,0.76
2026-08-04T23:54:24.314Z,0.76
2026-08-04T23:54:44.411Z,0.76
2026-08-04T23:55:12.115Z,0.76
2026-08-04T23:55:19.534Z,0.76
2026-08-04T23:55:34.62Z,0.75
2026-08-04T23:55:49.691Z,0.76
2026-08-04T23:56:04.749Z,0.76
2026-08-04T23:56:21.245Z,0.76
2026-08-04T23:56:34.94Z,0.75
2026-08-04T23:56:50.07Z,0.75
2026-08-04T23:57:05.13Z,0.75
2026-08-04T23:57:20.22Z,0.75
2026-08-04T23:57:35.255Z,0.75
2026-08-04T23:57:50.348Z,0.75
2026-08-04T23:58:12.1Z,0.75
2026-08-04T23:58:30.506Z,0.75
2026-08-04T23:58:45.568Z,0.75
2026-08-04T23:59:00.654Z,0.75
2026-08-04T23:59:20.746Z,0.75
2026-08-04T23:59:35Z,0.75
2026-08-04T23:59:38.049Z,0.75
2026-08-04T23:59:50.88Z,0.75
2026-08-05T00:00:13.154Z,0.75
2026-08-05T00:00:21.131Z,0.75
2026-08-05T00:00:36.224Z,0.75
2026-08-05T00:00:51.308Z,0.75
2026-08-05T00:01:06.422Z,0.75
2026-08-05T00:01:21.492Z,0.75
2026-08-05T00:01:36.558Z,0.75
2026-08-05T00:01:56.649Z,0.75
2026-08-05T00:02:16.698Z,0.75
2026-08-05T00:02:31.785Z,0.75
2026-08-05T00:02:46.869Z,0.75
2026-08-05T00:03:06.937Z,0.75
2026-08-05T00:03:22.017Z,0.75
2026-08-05T00:03:37.155Z,0.75
2026-08-05T00:03:52.239Z,0.75
2026-08-05T00:04:12.981Z,0.75
2026-08-05T00:04:26Z,0.75
2026-08-05T00:04:27.412Z,0.75
2026-08-05T00:04:47.445Z,0.75
2026-08-05T00:05:10.864Z,0.75
2026-08-05T00:05:17.598Z,0.75
2026-08-05T00:05:32.761Z,0.75
2026-08-05T00:05:49.85Z,0.75
2026-08-05T00:06:02.938Z,0.75
2026-08-05T00:06:17.95Z,0.75
2026-08-05T00:06:38.049Z,0.75
2026-08-05T00:06:53.127Z,0.75
2026-08-05T00:07:08.259Z,0.75
2026-08-05T00:07:28.373Z,0.75
2026-08-05T00:07:43.449Z,0.75
2026-08-05T00:08:03.683Z,0.75
2026-08-05T00:08:18.579Z,0.75
2026-08-05T00:08:33.663Z,0.75
2026-08-05T00:08:49.025Z,0.75
2026-08-05T00:09:03.861Z,0.75
2026-08-05T00:09:18.893Z,0.75
2026-08-05T00:09:33Z,0.75
2026-08-05T00:09:33.969Z,0.75
2026-08-05T00:09:49.067Z,0.75
2026-08-05T00:10:11.466Z,0.75
2026-08-05T00:10:24.18Z,0.75
2026-08-05T00:10:44.275Z,0.75
2026-08-05T00:10:59.916Z,0.75
2026-08-05T00:11:14.428Z,0.76
2026-08-05T00:11:29.507Z,0.76
2026-08-05T00:11:49.59Z,0.76
2026-08-05T00:12:04.674Z,0.76
2026-08-05T00:12:19.883Z,0.76
2026-08-05T00:12:34.849Z,0.76
2026-08-05T00:12:49.928Z,0.76
2026-08-05T00:13:05.499Z,0.76
2026-08-05T00:13:20.098Z,0.76
2026-08-05T00:13:40.166Z,0.76
2026-08-05T00:13:55.273Z,0.76
2026-08-05T00:14:10.422Z,0.76
2026-08-05T00:14:30Z,0.76
2026-08-05T00:14:30.422Z,0.76
2026-08-05T00:14:45.493Z,0.76
2026-08-05T00:15:10.333Z,0.76
2026-08-05T00:15:15.629Z,0.76
2026-08-05T00:15:36.389Z,0.76
2026-08-05T00:15:50.829Z,0.76
2026-08-05T00:16:05.892Z,0.76
2026-08-05T00:16:25.959Z,0.76
2026-08-05T00:16:41.036Z,0.76
2026-08-05T00:16:56.2Z,0.76
2026-08-05T00:17:11.206Z,0.76
2026-08-05T00:17:31.298Z,0.75
2026-08-05T00:17:46.439Z,0.75
2026-08-05T00:18:02.85Z,0.76
2026-08-05T00:18:21.56Z,0.75
2026-08-05T00:18:42.4Z,0.75
2026-08-05T00:19:02.533Z,0.75
2026-08-05T00:19:16.778Z,0.75
2026-08-05T00:19:36Z,0.75
2026-08-05T00:19:36.874Z,0.75
2026-08-05T00:19:51.95Z,0.75
2026-08-05T00:20:12.212Z,0.75
2026-08-05T00:20:22.117Z,0.75
2026-08-05T00:20:37.216Z,0.75
2026-08-05T00:20:53.055Z,0.75
2026-08-05T00:21:07.386Z,0.75
2026-08-05T00:21:22.474Z,0.75
2026-08-05T00:21:37.524Z,0.75
2026-08-05T00:21:54.154Z,0.75
2026-08-05T00:22:07.665Z,0.75
2026-08-05T00:22:22.733Z,0.75
2026-08-05T00:22:37.816Z,0.75
2026-08-05T00:22:52.902Z,0.75
2026-08-05T00:23:08.184Z,0.75
2026-08-05T00:23:23.34Z,0.75
2026-08-05T00:23:38.432Z,0.75
2026-08-05T00:23:53.457Z,0.75
2026-08-05T00:24:08.549Z,0.75
2026-08-05T00:24:23.77Z,0.75
2026-08-05T00:24:38Z,0.75
2026-08-05T00:24:38.77Z,0.75
2026-08-05T00:24:53.803Z,0.75
2026-08-05T00:25:12.146Z,0.75
2026-08-05T00:25:24.516Z,0.75
2026-08-05T00:25:39.193Z,0.75
2026-08-05T00:25:54.221Z,0.75
2026-08-05T00:26:09.308Z,0.75
2026-08-05T00:26:29.371Z,0.76
2026-08-05T00:26:44.663Z,0.75
2026-08-05T00:26:59.732Z,0.76
2026-08-05T00:27:14.808Z,0.75
2026-08-05T00:27:29.978Z,0.75
2026-08-05T00:27:45.046Z,0.75
2026-08-05T00:28:00.13Z,0.76
2026-08-05T00:28:15.194Z,0.75
2026-08-05T00:28:30.262Z,0.75
2026-08-05T00:28:45.331Z,0.75
2026-08-05T00:29:00.425Z,0.76
2026-08-05T00:29:15.51Z,0.76
2026-08-05T00:29:30Z,0.76
2026-08-05T00:29:31.293Z,0.76
2026-08-05T00:29:50.635Z,0.76
2026-08-05T00:30:11.954Z,0.76
2026-08-05T00:30:25.794Z,0.76
2026-08-05T00:30:46.167Z,0.76
2026-08-05T00:31:03.319Z,0.76
2026-08-05T00:31:16.336Z,0.76
2026-08-05T00:31:31.366Z,0.76
2026-08-05T00:31:46.424Z,0.76
2026-08-05T00:32:02.721Z,0.76
2026-08-05T00:32:16.564Z,0.76
2026-08-05T00:32:31.652Z,0.76
2026-08-05T00:32:48.473Z,0.76
2026-08-05T00:33:03.189Z,0.76
2026-08-05T00:33:16.939Z,0.76
2026-08-05T00:33:37.033Z,0.76
2026-08-05T00:33:52.521Z,0.76
2026-08-05T00:34:07.181Z,0.76
2026-08-05T00:34:22.245Z,0.76
2026-08-05T00:34:36Z,0.76
2026-08-05T00:34:37.344Z,0.76
2026-08-05T00:34:57.477Z,0.76
2026-08-05T00:35:12.479Z,0.76
2026-08-05T00:35:27.568Z,0.76
2026-08-05T00:35:42.639Z,0.76
2026-08-05T00:35:57.702Z,0.76
2026-08-05T00:36:12.794Z,0.76
2026-08-05T00:36:27.85Z,0.76
2026-08-05T00:36:42.929Z,0.76
2026-08-05T00:36:58.046Z,0.76
2026-08-05T00:37:13.091Z,0.76
2026-08-05T00:37:28.192Z,0.76
2026-08-05T00:37:43.216Z,0.76
2026-08-05T00:37:58.315Z,0.76
2026-08-05T00:38:18.939Z,0.76
2026-08-05T00:38:33.576Z,0.76
2026-08-05T00:38:53.683Z,0.76
2026-08-05T00:39:08.694Z,0.76
2026-08-05T00:39:24.451Z,0.76
2026-08-05T00:39:38Z,0.76
2026-08-05T00:39:38.847Z,0.76
2026-08-05T00:39:53.928Z,0.76
2026-08-05T00:40:14.691Z,0.76
2026-08-05T00:40:29.129Z,0.76
2026-08-05T00:40:49.154Z,0.77
2026-08-05T00:41:04.223Z,0.77
2026-08-05T00:41:19.311Z,0.77
2026-08-05T00:41:39.441Z,0.77
2026-08-05T00:41:54.516Z,0.76
2026-08-05T00:42:09.992Z,0.77
2026-08-05T00:42:30.883Z,0.77
2026-08-05T00:42:44.716Z,0.77
2026-08-05T00:42:59.782Z,0.77
2026-08-05T00:43:14.857Z,0.77
2026-08-05T00:43:29.938Z,0.77
2026-08-05T00:43:45.031Z,0.77
2026-08-05T00:44:00.094Z,0.77
2026-08-05T00:44:20.187Z,0.77
2026-08-05T00:44:35.256Z,0.77
2026-08-05T00:44:49Z,0.77
2026-08-05T00:44:51.767Z,0.77
2026-08-05T00:45:11.506Z,0.77
2026-08-05T00:45:25.494Z,0.77
2026-08-05T00:45:40.568Z,0.77
2026-08-05T00:45:55.909Z,0.77
2026-08-05T00:46:10.755Z,0.77
2026-08-05T00:46:25.8Z,0.77
2026-08-05T00:46:40.904Z,0.77
2026-08-05T00:46:55.96Z,0.77
2026-08-05T00:47:11.021Z,0.77
2026-08-05T00:47:26.135Z,0.77
2026-08-05T00:47:41.209Z,0.77
2026-08-05T00:47:56.308Z,0.77
2026-08-05T00:48:11.376Z,0.77
2026-08-05T00:48:26.504Z,0.77
2026-08-05T00:48:41.548Z,0.77
2026-08-05T00:48:56.607Z,0.77
2026-08-05T00:49:11.713Z,0.77
2026-08-05T00:49:32.23Z,0.77
2026-08-05T00:49:51Z,0.77
2026-08-05T00:49:51.863Z,0.77
2026-08-05T00:50:11.446Z,0.77
2026-08-05T00:50:22.011Z,0.77
2026-08-05T00:50:37.164Z,0.77
2026-08-05T00:50:52.425Z,0.77
2026-08-05T00:51:12.4Z,0.77
2026-08-05T00:51:27.535Z,0.77
2026-08-05T00:51:42.805Z,0.77
2026-08-05T00:52:02.816Z,0.77
2026-08-05T00:52:17.688Z,0.77
2026-08-05T00:52:37.768Z,0.76
2026-08-05T00:52:52.838Z,0.76
2026-08-05T00:53:07.919Z,0.76
2026-08-05T00:53:23.015Z,0.76
2026-08-05T00:53:38.079Z,0.76
2026-08-05T00:53:53.173Z,0.76
2026-08-05T00:54:08.329Z,0.76
2026-08-05T00:54:23.387Z,0.76
2026-08-05T00:54:43Z,0.76
2026-08-05T00:54:43.468Z,0.76
2026-08-05T00:54:58.555Z,0.76
2026-08-05T00:55:14.039Z,0.75
2026-08-05T00:55:28.767Z,0.75
2026-08-05T00:55:43.841Z,0.76
2026-08-05T00:56:03.964Z,0.75
2026-08-05T00:56:18.977Z,0.75
2026-08-05T00:56:34.041Z,0.75
2026-08-05T00:56:49.165Z,0.75
2026-08-05T00:57:04.207Z,0.75
2026-08-05T00:57:19.287Z,0.75
2026-08-05T00:57:34.386Z,0.75
2026-08-05T00:57:49.447Z,0.75
2026-08-05T00:58:04.522Z,0.75
2026-08-05T00:58:25.306Z,0.75
2026-08-05T00:58:44.674Z,0.74
2026-08-05T00:58:59.743Z,0.74
2026-08-05T00:59:14.831Z,0.74
2026-08-05T00:59:29.925Z,0.74
2026-08-05T00:59:44Z,0.74
2026-08-05T00:59:45.016Z,0.74
2026-08-05T01:00:00.392Z,0.74
2026-08-05T01:00:20.28Z,0.74
2026-08-05T01:00:35.262Z,0.74
2026-08-05T01:00:55.34Z,0.74
2026-08-05T01:01:10.41Z,0.74
2026-08-05T01:01:30.499Z,0.73
2026-08-05T01:01:45.602Z,0.73
2026-08-05T01:02:00.661Z,0.73
2026-08-05T01:02:15.707Z,0.73
2026-08-05T01:02:35.797Z,0.73
2026-08-05T01:02:51.72Z,0.73
2026-08-05T01:03:10.991Z,0.73
2026-08-05T01:03:26.078Z,0.73
2026-08-05T01:03:41.149Z,0.73
2026-08-05T01:03:56.514Z,0.73
2026-08-05T01:04:16.33Z,0.72
2026-08-05T01:04:31.386Z,0.72
2026-08-05T01:04:46Z,0.72
2026-08-05T01:04:46.454Z,0.72
2026-08-05T01:05:08.6Z,0.72
2026-08-05T01:05:22.873Z,0.72
2026-08-05T01:05:37.676Z,0.72
2026-08-05T01:05:51.758Z,0.72
2026-08-05T01:06:11.824Z,0.72
2026-08-05T01:06:26.917Z,0.72
2026-08-05T01:06:42.108Z,0.72
2026-08-05T01:06:57.168Z,0.72
2026-08-05T01:07:19.885Z,0.71
2026-08-05T01:07:37.318Z,0.71
2026-08-05T01:07:52.386Z,0.71
2026-08-05T01:08:12.514Z,0.71
2026-08-05T01:08:28.04Z,0.71
2026-08-05T01:08:47.62Z,0.71
2026-08-05T01:09:07.693Z,0.71
2026-08-05T01:09:22.883Z,0.71
2026-08-05T01:09:37.844Z,0.71
2026-08-05T01:09:52Z,0.71
2026-08-05T01:09:52.945Z,0.71
2026-08-05T01:10:08.172Z,0.71
2026-08-05T01:10:24.374Z,0.71
2026-08-05T01:10:38.741Z,0.71
2026-08-05T01:10:58.242Z,0.71
2026-08-05T01:11:18.331Z,0.71
2026-08-05T01:11:33.865Z,0.71
2026-08-05T01:11:48.491Z,0.71
2026-08-05T01:12:08.567Z,0.71
2026-08-05T01:12:23.634Z,0.71
2026-08-05T01:12:38.758Z,0.71
2026-08-05T01:12:53.873Z,0.71
2026-08-05T01:13:13.967Z,0.71
2026-08-05T01:13:28.98Z,0.71
2026-08-05T01:13:49.054Z,0.71
2026-08-05T01:14:09.186Z,0.71
2026-08-05T01:14:24.257Z,0.71
2026-08-05T01:14:40.026Z,0.71
2026-08-05T01:14:58Z,0.71
2026-08-05T01:14:59.408Z,0.71
2026-08-05T01:15:14.447Z,0.71
2026-08-05T01:15:29.56Z,0.71
2026-08-05T01:15:44.655Z,0.71
2026-08-05T01:15:59.662Z,0.71
2026-08-05T01:16:14.738Z,0.71
2026-08-05T01:16:29.824Z,0.71
2026-08-05T01:16:44.925Z,0.71
2026-08-05T01:17:00.038Z,0.71
2026-08-05T01:17:15.081Z,0.71
2026-08-05T01:17:30.172Z,0.71
2026-08-05T01:17:50.246Z,0.71
2026-08-05T01:18:06.143Z,0.71
2026-08-05T01:18:20.578Z,0.71
2026-08-05T01:18:35.647Z,0.71
2026-08-05T01:18:56.115Z,0.71
2026-08-05T01:19:10.778Z,0.71
2026-08-05T01:19:25.879Z,0.71
2026-08-05T01:19:40.938Z,0.71
2026-08-05T01:19:55Z,0.71
2026-08-05T01:19:55.993Z,0.71
2026-08-05T01:20:16.087Z,0.71
2026-08-05T01:20:31.182Z,0.71
2026-08-05T01:20:46.251Z,0.71
2026-08-05T01:21:02.879Z,0.71
2026-08-05T01:21:21.396Z,0.71
2026-08-05T01:21:36.503Z,0.71
2026-08-05T01:21:51.633Z,0.71
2026-08-05T01:22:06.659Z,0.71
2026-08-05T01:22:21.727Z,0.71
2026-08-05T01:22:41.806Z,0.71
2026-08-05T01:23:04.52Z,0.71
2026-08-05T01:23:21.96Z,0.71
2026-08-05T01:23:37.025Z,0.71
2026-08-05T01:23:52.115Z,0.71
2026-08-05T01:24:12.173Z,0.71
2026-08-05T01:24:32.262Z,0.71
2026-08-05T01:24:51Z,0.71
2026-08-05T01:24:52.406Z,0.71
2026-08-05T01:25:13.994Z,0.71
2026-08-05T01:25:22.529Z,0.71
2026-08-05T01:25:37.888Z,0.71
2026-08-05T01:25:57.985Z,0.71
2026-08-05T01:26:13.061Z,0.71
2026-08-05T01:26:33.779Z,0.71
2026-08-05T01:26:53.201Z,0.71
2026-08-05T01:27:08.257Z,0.71
2026-08-05T01:27:23.359Z,0.71
2026-08-05T01:27:38.441Z,0.71
2026-08-05T01:27:53.506Z,0.71
2026-08-05T01:28:08.595Z,0.72
2026-08-05T01:28:28.71Z,0.72
2026-08-05T01:28:45.906Z,0.72
2026-08-05T01:28:58.823Z,0.72
2026-08-05T01:29:13.924Z,0.72
2026-08-05T01:29:29.031Z,0.72
2026-08-05T01:29:44.106Z,0.72
2026-08-05T01:29:58Z,0.72
2026-08-05T01:29:59.152Z,0.72
2026-08-05T01:30:14.348Z,0.72
2026-08-05T01:30:34.279Z,0.73
2026-08-05T01:30:49.531Z,0.73
2026-08-05T01:31:04.57Z,0.72
2026-08-05T01:31:19.65Z,0.72
2026-08-05T01:31:40.048Z,0.73
2026-08-05T01:31:59.834Z,0.72
2026-08-05T01:32:14.88Z,0.73
2026-08-05T01:32:29.957Z,0.73
2026-08-05T01:32:45.03Z,0.73
2026-08-05T01:33:00.298Z,0.73
2026-08-05T01:33:20.257Z,0.73
2026-08-05T01:33:35.313Z,0.73
2026-08-05T01:33:50.403Z,0.73
2026-08-05T01:34:05.476Z,0.73
2026-08-05T01:34:20.546Z,0.74
2026-08-05T01:34:40.644Z,0.74
2026-08-05T01:35:00Z,0.74
2026-08-05T01:35:11.115Z,0.74
2026-08-05T01:35:16.735Z,0.74
2026-08-05T01:35:37.762Z,0.74
2026-08-05T01:35:50.948Z,0.74
2026-08-05T01:36:06.005Z,0.74
2026-08-05T01:36:26.08Z,0.74
2026-08-05T01:36:46.15Z,0.74
2026-08-05T01:37:02.507Z,0.74
2026-08-05T01:37:16.326Z,0.74
2026-08-05T01:37:36.488Z,0.74
2026-08-05T01:37:51.529Z,0.74
2026-08-05T01:38:11.578Z,0.74
2026-08-05T01:38:31.681Z,0.74
2026-08-05T01:38:46.751Z,0.74
2026-08-05T01:39:02.6Z,0.75
2026-08-05T01:39:21.875Z,0.75
2026-08-05T01:39:36.962Z,0.75
2026-08-05T01:39:52.021Z,0.75
2026-08-05T01:40:06Z,0.75
2026-08-05T01:40:13.601Z,0.75
2026-08-05T01:40:27.187Z,0.75
2026-08-05T01:40:42.259Z,0.75
2026-08-05T01:41:03.592Z,0.75
2026-08-05T01:41:22.398Z,0.75
2026-08-05T01:41:42.597Z,0.75
2026-08-05T01:41:57.602Z,0.75
2026-08-05T01:42:17.649Z,0.75
2026-08-05T01:42:34.322Z,0.76
2026-08-05T01:42:47.921Z,0.76
2026-08-05T01:43:08Z,0.76
2026-08-05T01:43:23.108Z,0.76
2026-08-05T01:43:38.617Z,0.77
2026-08-05T01:43:58.309Z,0.76
2026-08-05T01:44:13.384Z,0.76
2026-08-05T01:44:33.481Z,0.76
2026-08-05T01:44:48.582Z,0.76
2026-08-05T01:45:03Z,0.76
2026-08-05T01:45:10.691Z,0.76
2026-08-05T01:45:23.714Z,0.76
2026-08-05T01:45:38.817Z,0.76
2026-08-05T01:45:53.969Z,0.76
2026-08-05T01:46:09.022Z,0.76
2026-08-05T01:46:24.109Z,0.76
2026-08-05T01:46:39.259Z,0.76
2026-08-05T01:46:54.313Z,0.76
2026-08-05T01:47:09.425Z,0.76
2026-08-05T01:47:24.509Z,0.76
2026-08-05T01:47:39.578Z,0.76
2026-08-05T01:47:54.647Z,0.76
2026-08-05T01:48:10.845Z,0.76
2026-08-05T01:48:29.857Z,0.76
2026-08-05T01:48:49.919Z,0.76
2026-08-05T01:49:05.674Z,0.76
2026-08-05T01:49:21.314Z,0.76
2026-08-05T01:49:35.15Z,0.76
2026-08-05T01:49:50.232Z,0.76
2026-08-05T01:50:04Z,0.76
2026-08-05T01:50:08.44Z,0.76
2026-08-05T01:50:25.397Z,0.76
2026-08-05T01:50:45.473Z,0.76
2026-08-05T01:51:00.546Z,0.76
2026-08-05T01:51:16.011Z,0.76
2026-08-05T01:51:30.703Z,0.76
2026-08-05T01:51:45.802Z,0.76
2026-08-05T01:52:02.829Z,0.76
2026-08-05T01:52:17.186Z,0.76
2026-08-05T01:52:31.012Z,0.76
2026-08-05T01:52:46.08Z,0.76
2026-08-05T01:53:03.878Z,0.76
2026-08-05T01:53:16.248Z,0.76
2026-08-05T01:53:38.863Z,0.76
2026-08-05T01:53:51.372Z,0.76
2026-08-05T01:54:06.451Z,0.76
2026-08-05T01:54:21.538Z,0.76
2026-08-05T01:54:36.707Z,0.76
2026-08-05T01:54:51.826Z,0.76
2026-08-05T01:55:06Z,0.76
2026-08-05T01:55:10.094Z,0.76
2026-08-05T01:55:22.169Z,0.76
2026-08-05T01:55:38.078Z,0.76
2026-08-05T01:55:52.215Z,0.76
2026-08-05T01:56:12.386Z,0.76
2026-08-05T01:56:27.36Z,0.76
2026-08-05T01:56:42.431Z,0.76
2026-08-05T01:56:57.526Z,0.76
2026-08-05T01:57:14.049Z,0.76
2026-08-05T01:57:32.659Z,0.76
2026-08-05T01:57:52.733Z,0.77
2026-08-05T01:58:08.718Z,0.77
2026-08-05T01:58:22.923Z,0.77
2026-08-05T01:58:38.033Z,0.77
2026-08-05T01:58:53.07Z,0.77
2026-08-05T01:59:08.166Z,0.77
2026-08-05T01:59:28.272Z,0.77
2026-08-05T01:59:43.369Z,0.77
2026-08-05T01:59:58.439Z,0.77
2026-08-05T02:00:13Z,0.77
2026-08-05T02:00:13.557Z,0.77
2026-08-05T02:00:28.586Z,0.77
2026-08-05T02:00:43.666Z,0.77
2026-08-05T02:00:58.753Z,0.77
2026-08-05T02:01:18.84Z,0.77
2026-08-05T02:01:33.917Z,0.77
2026-08-05T02:01:48.98Z,0.77
2026-08-05T02:02:04.138Z,0.77
2026-08-05T02:02:19.246Z,0.77
2026-08-05T02:02:39.351Z,0.77
2026-08-05T02:02:54.407Z,0.77
2026-08-05T02:03:14.659Z,0.77
2026-08-05T02:03:29.609Z,0.77
2026-08-05T02:03:44.666Z,0.77
2026-08-05T02:03:59.767Z,0.77
2026-08-05T02:04:14.823Z,0.77
2026-08-05T02:04:29.968Z,0.78
2026-08-05T02:04:50.049Z,0.78
2026-08-05T02:05:09Z,0.78
2026-08-05T02:05:13.384Z,0.78
2026-08-05T02:05:25.246Z,0.78
2026-08-05T02:05:40.331Z,0.77
2026-08-05T02:05:55.336Z,0.78
2026-08-05T02:06:10.453Z,0.78
2026-08-05T02:06:25.531Z,0.78
2026-08-05T02:06:40.582Z,0.78
2026-08-05T02:06:55.707Z,0.78
2026-08-05T02:07:15.783Z,0.78
2026-08-05T02:07:35.89Z,0.78
2026-08-05T02:07:51.19Z,0.78
2026-08-05T02:08:06.008Z,0.78
2026-08-05T02:08:21.092Z,0.78
2026-08-05T02:08:41.191Z,0.78
2026-08-05T02:08:56.336Z,0.78
2026-08-05T02:09:11.397Z,0.78
2026-08-05T02:09:26.527Z,0.78
2026-08-05T02:09:41.666Z,0.78
2026-08-05T02:09:56.776Z,0.78
2026-08-05T02:10:11Z,0.78
2026-08-05T02:10:11.779Z,0.78
2026-08-05T02:10:26.859Z,0.78
2026-08-05T02:10:46.893Z,0.78
2026-08-05T02:11:02.695Z,0.78
2026-08-05T02:11:22.065Z,0.78
2026-08-05T02:11:37.148Z,0.78
2026-08-05T02:11:52.255Z,0.78
2026-08-05T02:12:07.317Z,0.78
2026-08-05T02:12:22.457Z,0.78
2026-08-05T02:12:37.516Z,0.78
2026-08-05T02:12:52.546Z,0.78
2026-08-05T02:13:07.629Z,0.79
2026-08-05T02:13:22.707Z,0.79
2026-08-05T02:13:38.564Z,0.79
2026-08-05T02:13:52.964Z,0.79
2026-08-05T02:14:08.031Z,0.79
2026-08-05T02:14:23.186Z,0.79
2026-08-05T02:14:38.28Z,0.79
2026-08-05T02:14:58.334Z,0.79
2026-08-05T02:15:12Z,0.79
2026-08-05T02:15:14.085Z,0.79
2026-08-05T02:15:33.45Z,0.79
2026-08-05T02:15:53.552Z,0.79
2026-08-05T02:16:08.601Z,0.79
2026-08-05T02:16:28.696Z,0.79
2026-08-05T02:16:43.789Z,0.79
2026-08-05T02:16:59.059Z,0.79
2026-08-05T02:17:13.938Z,0.79
2026-08-05T02:17:29.044Z,0.8
2026-08-05T02:17:44.184Z,0.8
2026-08-05T02:17:59.234Z,0.8
2026-08-05T02:18:14.33Z,0.8
2026-08-05T02:18:29.39Z,0.8
2026-08-05T02:18:44.448Z,0.8
2026-08-05T02:18:59.565Z,0.8
2026-08-05T02:19:14.677Z,0.8
2026-08-05T02:19:29.686Z,0.8
2026-08-05T02:19:44.758Z,0.81
2026-08-05T02:19:59.836Z,0.81
2026-08-05T02:20:19Z,0.81
2026-08-05T02:20:20.011Z,0.81
2026-08-05T02:20:35.066Z,0.81
2026-08-05T02:20:50.083Z,0.81
2026-08-05T02:21:10.167Z,0.81
2026-08-05T02:21:25.228Z,0.81
2026-08-05T02:21:40.807Z,0.81
2026-08-05T02:21:55.411Z,0.81
2026-08-05T02:22:15.458Z,0.81
2026-08-05T02:22:30.766Z,0.81
2026-08-05T02:22:45.667Z,0.81
2026-08-05T02:23:05.722Z,0.82
2026-08-05T02:23:26.074Z,0.82
2026-08-05T02:23:40.88Z,0.82
2026-08-05T02:23:55.972Z,0.82
2026-08-05T02:24:11.082Z,0.82
2026-08-05T02:24:31.771Z,0.82
2026-08-05T02:24:46.241Z,0.82
2026-08-05T02:25:08.952Z,0.82
2026-08-05T02:25:15Z,0.82
2026-08-05T02:25:18.349Z,0.82
2026-08-05T02:25:31.459Z,0.82
2026-08-05T02:25:46.557Z,0.82
2026-08-05T02:26:02.885Z,0.82
2026-08-05T02:26:16.688Z,0.82
2026-08-05T02:26:31.776Z,0.82
2026-08-05T02:26:46.858Z,0.82
2026-08-05T02:27:02.572Z,0.82
2026-08-05T02:27:17.03Z,0.82
2026-08-05T02:27:37.126Z,0.82
2026-08-05T02:27:52.171Z,0.82
2026-08-05T02:28:12.24Z,0.82
2026-08-05T02:28:28.213Z,0.82
2026-08-05T02:28:47.544Z,0.82
2026-08-05T02:29:03.102Z,0.82
2026-08-05T02:29:17.719Z,0.82
2026-08-05T02:29:33.053Z,0.82
2026-08-05T02:29:52.899Z,0.82
2026-08-05T02:30:07Z,0.82
2026-08-05T02:30:11.377Z,0.82
2026-08-05T02:30:28.025Z,0.83
2026-08-05T02:30:43.323Z,0.83
2026-08-05T02:30:58.203Z,0.82
2026-08-05T02:31:18.245Z,0.82
2026-08-05T02:31:33.349Z,0.82
2026-08-05T02:31:48.471Z,0.82
2026-08-05T02:32:03.93Z,0.83
2026-08-05T02:32:23.566Z,0.83
2026-08-05T02:32:38.679Z,0.83
2026-08-05T02:32:54.708Z,0.83
2026-08-05T02:33:08.936Z,0.83
2026-08-05T02:33:29.005Z,0.83
2026-08-05T02:33:44.087Z,0.83
2026-08-05T02:34:05.067Z,0.83
2026-08-05T02:34:19.331Z,0.83
2026-08-05T02:34:34.389Z,0.83
2026-08-05T02:34:54.418Z,0.83
2026-08-05T02:35:14Z,0.83
2026-08-05T02:35:14.509Z,0.83
2026-08-05T02:35:29.583Z,0.83
2026-08-05T02:35:44.68Z,0.83
2026-08-05T02:36:04.795Z,0.83
2026-08-05T02:36:19.784Z,0.83
2026-08-05T02:36:34.892Z,0.83
2026-08-05T02:36:49.922Z,0.83
2026-08-05T02:37:04.983Z,0.83
2026-08-05T02:37:20.333Z,0.83
2026-08-05T02:37:40.145Z,0.82
2026-08-05T02:38:00.242Z,0.82
2026-08-05T02:38:15.302Z,0.83
2026-08-05T02:38:35.373Z,0.83
2026-08-05T02:38:55.505Z,0.82
2026-08-05T02:39:15.597Z,0.82
2026-08-05T02:39:30.651Z,0.82
2026-08-05T02:39:50.759Z,0.82
2026-08-05T02:40:11.612Z,0.82
2026-08-05T02:40:20Z,0.82
2026-08-05T02:40:20.933Z,0.82
2026-08-05T02:40:36.038Z,0.82
2026-08-05T02:40:51.037Z,0.82
2026-08-05T02:41:06.126Z,0.82
2026-08-05T02:41:21.298Z,0.82
2026-08-05T02:41:36.305Z,0.82
2026-08-05T02:41:51.375Z,0.82
2026-08-05T02:42:06.47Z,0.82
2026-08-05T02:42:21.576Z,0.82
2026-08-05T02:42:36.861Z,0.82
2026-08-05T02:42:51.691Z,0.82
2026-08-05T02:43:06.757Z,0.82
2026-08-05T02:43:21.859Z,0.82
2026-08-05T02:43:36.921Z,0.82
2026-08-05T02:43:52.051Z,0.82
2026-08-05T02:44:07.127Z,0.82
2026-08-05T02:44:29.074Z,0.82
2026-08-05T02:44:42.326Z,0.82
2026-08-05T02:45:11.675Z,0.82
2026-08-05T02:45:17Z,0.82
2026-08-05T02:45:17.474Z,0.82
2026-08-05T02:45:33.338Z,0.82
2026-08-05T02:45:47.63Z,0.82
2026-08-05T02:46:02.993Z,0.82
2026-08-05T02:46:17.835Z,0.82
2026-08-05T02:46:32.947Z,0.82
2026-08-05T02:46:48.267Z,0.82
2026-08-05T02:47:08.068Z,0.82
2026-08-05T02:47:23.158Z,0.82
2026-08-05T02:47:38.236Z,0.82
2026-08-05T02:47:53.295Z,0.81
2026-08-05T02:48:13.371Z,0.81
2026-08-05T02:48:28.47Z,0.81
2026-08-05T02:48:43.604Z,0.81
2026-08-05T02:48:58.651Z,0.81
2026-08-05T02:49:13.772Z,0.81
2026-08-05T02:49:28.817Z,0.81
2026-08-05T02:49:48.88Z,0.81
2026-08-05T02:50:12.226Z,0.81
2026-08-05T02:50:18Z,0.81
2026-08-05T02:50:19.137Z,0.81
2026-08-05T02:50:34.247Z,0.81
2026-08-05T02:50:49.344Z,0.81
2026-08-05T02:51:04.376Z,0.81
2026-08-05T02:51:20.343Z,0.81
2026-08-05T02:51:34.511Z,0.81
2026-08-05T02:51:49.617Z,0.81
2026-08-05T02:52:06.704Z,0.81
2026-08-05T02:52:19.757Z,0.81
2026-08-05T02:52:34.867Z,0.81
2026-08-05T02:52:49.899Z,0.81
2026-08-05T02:53:04.978Z,0.81
2026-08-05T02:53:20.098Z,0.81
2026-08-05T02:53:35.422Z,0.81
2026-08-05T02:53:50.541Z,0.81
2026-08-05T02:54:05.608Z,0.81
2026-08-05T02:54:26.659Z,0.81
2026-08-05T02:54:45.783Z,0.81
2026-08-05T02:55:10.319Z,0.81
2026-08-05T02:55:15.915Z,0.81
2026-08-05T02:55:30Z,0.81
2026-08-05T02:55:31.005Z,0.81
2026-08-05T02:55:46.084Z,0.81
2026-08-05T02:56:03.085Z,0.81
2026-08-05T02:56:21.334Z,0.8
2026-08-05T02:56:36.396Z,0.8
2026-08-05T02:56:56.445Z,0.8
2026-08-05T02:57:11.528Z,0.8
2026-08-05T02:57:33.045Z,0.8
2026-08-05T02:57:51.753Z,0.8
2026-08-05T02:58:06.844Z,0.8
2026-08-05T02:58:26.908Z,0.8
2026-08-05T02:58:41.981Z,0.8
2026-08-05T02:58:57.052Z,0.8
2026-08-05T02:59:12.154Z,0.8
2026-08-05T02:59:32.235Z,0.8
2026-08-05T02:59:47.316Z,0.8
2026-08-05T03:00:12.133Z,0.8
2026-08-05T03:00:22Z,0.8
2026-08-05T03:00:22.425Z,0.8
2026-08-05T03:00:37.515Z,0.8
2026-08-05T03:00:52.586Z,0.8
2026-08-05T03:01:12.658Z,0.8
2026-08-05T03:01:32.744Z,0.8
2026-08-05T03:01:47.828Z,0.79
2026-08-05T03:02:02.912Z,0.79
2026-08-05T03:02:18.038Z,0.8
2026-08-05T03:02:33.188Z,0.8
2026-08-05T03:02:48.166Z,0.79
2026-08-05T03:03:08.221Z,0.79
2026-08-05T03:03:23.279Z,0.79
2026-08-05T03:03:38.403Z,0.79
2026-08-05T03:03:53.444Z,0.79
2026-08-05T03:04:08.535Z,0.79
2026-08-05T03:04:23.595Z,0.79
2026-08-05T03:04:39.446Z,0.79
2026-08-05T03:04:53.76Z,0.79
2026-08-05T03:05:12.721Z,0.79
2026-08-05T03:05:28Z,0.79
2026-08-05T03:05:28.897Z,0.79
2026-08-05T03:05:44.019Z,0.79
2026-08-05T03:05:59.073Z,0.78
2026-08-05T03:06:14.164Z,0.78
2026-08-05T03:06:29.234Z,0.78
2026-08-05T03:06:44.308Z,0.79
2026-08-05T03:06:59.431Z,0.79
2026-08-05T03:07:19.452Z,0.78
2026-08-05T03:07:39.533Z,0.78
2026-08-05T03:07:59.608Z,0.78
2026-08-05T03:08:14.69Z,0.78
2026-08-05T03:08:29.969Z,0.78
2026-08-05T03:08:44.879Z,0.78
2026-08-05T03:08:59.947Z,0.78
2026-08-05T03:09:15.266Z,0.78
2026-08-05T03:09:30.841Z,0.78
2026-08-05T03:09:45.355Z,0.78
2026-08-05T03:10:00.539Z,0.78
2026-08-05T03:10:15.503Z,0.78
2026-08-05T03:10:35Z,0.78
2026-08-05T03:10:36.058Z,0.78
2026-08-05T03:10:55.697Z,0.78
2026-08-05T03:11:11.367Z,0.78
2026-08-05T03:11:26.891Z,0.78
2026-08-05T03:11:40.958Z,0.78
2026-08-05T03:12:02.69Z,0.78
2026-08-05T03:12:16.129Z,0.77
2026-08-05T03:12:31.19Z,0.77
2026-08-05T03:12:46.309Z,0.78
2026-08-05T03:13:02.488Z,0.77
2026-08-05T03:13:21.431Z,0.77
2026-08-05T03:13:36.517Z,0.77
2026-08-05T03:13:51.658Z,0.77
2026-08-05T03:14:06.766Z,0.77
2026-08-05T03:14:21.815Z,0.77
2026-08-05T03:14:37.988Z,0.77
2026-08-05T03:14:52.05Z,0.77
2026-08-05T03:15:12.036Z,0.77
2026-08-05T03:15:26Z,0.77
2026-08-05T03:15:27.121Z,0.77
2026-08-05T03:15:47.202Z,0.77
2026-08-05T03:16:02.892Z,0.77
2026-08-05T03:16:17.417Z,0.77
2026-08-05T03:16:32.447Z,0.77
2026-08-05T03:16:47.551Z,0.77
2026-08-05T03:17:07.631Z,0.77
2026-08-05T03:17:22.88Z,0.77
2026-08-05T03:17:42.938Z,0.77
2026-08-05T03:18:03.142Z,0.76
2026-08-05T03:18:23.12Z,0.76
2026-08-05T03:18:43.206Z,0.76
2026-08-05T03:18:58.453Z,0.76
2026-08-05T03:19:18.607Z,0.76
2026-08-05T03:19:33.474Z,0.76
2026-08-05T03:19:48.503Z,0.76
2026-08-05T03:20:08.075Z,0.76
2026-08-05T03:20:18.645Z,0.76
2026-08-05T03:20:33Z,0.76
2026-08-05T03:20:33.8Z,0.76
2026-08-05T03:20:53.857Z,0.76
2026-08-05T03:21:13.979Z,0.76
2026-08-05T03:21:29.489Z,0.76
2026-08-05T03:21:44.107Z,0.76
2026-08-05T03:21:59.219Z,0.75
2026-08-05T03:22:14.247Z,0.75
2026-08-05T03:22:34.641Z,0.75
2026-08-05T03:22:54.436Z,0.75
2026-08-05T03:23:09.478Z,0.75
2026-08-05T03:23:24.604Z,0.75
2026-08-05T03:23:39.661Z,0.75
2026-08-05T03:23:54.761Z,0.75
2026-08-05T03:24:14.829Z,0.75
2026-08-05T03:24:34.927Z,0.75
2026-08-05T03:24:49.986Z,0.75
2026-08-05T03:25:10.052Z,0.75
2026-08-05T03:25:20.112Z,0.74
2026-08-05T03:25:34Z,0.74
2026-08-05T03:25:36.732Z,0.74
2026-08-05T03:25:50.274Z,0.74
2026-08-05T03:26:10.393Z,0.74
2026-08-05T03:26:25.442Z,0.74
2026-08-05T03:26:40.552Z,0.74
2026-08-05T03:26:55.58Z,0.74
2026-08-05T03:27:10.724Z,0.74
2026-08-05T03:27:31.061Z,0.74
2026-08-05T03:27:45.826Z,0.74
2026-08-05T03:28:02.773Z,0.74
2026-08-05T03:28:16.585Z,0.74
2026-08-05T03:28:36.112Z,0.74
2026-08-05T03:28:51.225Z,0.74
2026-08-05T03:29:06.293Z,0.74
2026-08-05T03:29:26.429Z,0.74
2026-08-05T03:29:41.404Z,0.74
2026-08-05T03:29:56.502Z,0.74
2026-08-05T03:30:16.589Z,0.74
2026-08-05T03:30:31Z,0.74
2026-08-05T03:30:31.651Z,0.74
2026-08-05T03:30:46.721Z,0.74
2026-08-05T03:31:02.543Z,0.74
2026-08-05T03:31:22.327Z,0.74
2026-08-05T03:31:37.005Z,0.74
2026-08-05T03:31:57.044Z,0.74
2026-08-05T03:32:13.242Z,0.74
2026-08-05T03:32:27.214Z,0.74
2026-08-05T03:32:42.34Z,0.74
2026-08-05T03:32:57.366Z,0.74
2026-08-05T03:33:12.459Z,0.74
2026-08-05T03:33:27.496Z,0.74
2026-08-05T03:33:42.62Z,0.74
2026-08-05T03:33:57.674Z,0.74
2026-08-05T03:34:12.757Z,0.74
2026-08-05T03:34:27.848Z,0.74
2026-08-05T03:34:47.906Z,0.74
2026-08-05T03:35:09.819Z,0.74
2026-08-05T03:35:18.053Z,0.74
2026-08-05T03:35:32Z,0.74
2026-08-05T03:35:33.14Z,0.74
2026-08-05T03:35:48.279Z,0.74
2026-08-05T03:36:08.353Z,0.74
2026-08-05T03:36:23.412Z,0.74
2026-08-05T03:36:39.08Z,0.74
2026-08-05T03:36:53.575Z,0.74
2026-08-05T03:37:08.675Z,0.74
2026-08-05T03:37:23.956Z,0.74
2026-08-05T03:37:38.958Z,0.73
2026-08-05T03:37:54.008Z,0.73
2026-08-05T03:38:14.101Z,0.73
2026-08-05T03:38:29.593Z,0.73
2026-08-05T03:38:44.246Z,0.73
2026-08-05T03:39:05.663Z,0.73
2026-08-05T03:39:24.42Z,0.73
2026-08-05T03:39:39.484Z,0.73
2026-08-05T03:39:54.56Z,0.73
2026-08-05T03:40:10.547Z,0.73
2026-08-05T03:40:29.703Z,0.73
2026-08-05T03:40:44Z,0.73
2026-08-05T03:40:44.828Z,0.73
2026-08-05T03:40:59.843Z,0.73
2026-08-05T03:41:15.294Z,0.73
2026-08-05T03:41:35.159Z,0.74
2026-08-05T03:41:50.09Z,0.74
2026-08-05T03:42:05.147Z,0.74
2026-08-05T03:42:20.233Z,0.74
2026-08-05T03:42:35.326Z,0.74
2026-08-05T03:42:55.64Z,0.74
2026-08-05T03:43:10.67Z,0.74
2026-08-05T03:43:25.755Z,0.74
2026-08-05T03:43:40.889Z,0.74
2026-08-05T03:43:55.937Z,0.73
2026-08-05T03:44:11.022Z,0.73
2026-08-05T03:44:26.096Z,0.73
2026-08-05T03:44:46.179Z,0.73
2026-08-05T03:45:10.611Z,0.73
2026-08-05T03:45:16.334Z,0.73
2026-08-05T03:45:31Z,0.74
2026-08-05T03:45:31.411Z,0.74
2026-08-05T03:45:51.517Z,0.74
2026-08-05T03:46:11.591Z,0.74
2026-08-05T03:46:26.674Z,0.74
2026-08-05T03:46:46.736Z,0.73
2026-08-05T03:47:02.472Z,0.74
2026-08-05T03:47:17.22Z,0.74
2026-08-05T03:47:31.962Z,0.74
2026-08-05T03:47:52.05Z,0.74
2026-08-05T03:48:07.11Z,0.74
2026-08-05T03:48:22.195Z,0.73
2026-08-05T03:48:37.313Z,0.74
2026-08-05T03:48:57.396Z,0.73
2026-08-05T03:49:17.399Z,0.73
2026-08-05T03:49:32.871Z,0.73
2026-08-05T03:49:48.136Z,0.74
2026-08-05T03:50:11.466Z,0.74
2026-08-05T03:50:17.77Z,0.73
2026-08-05T03:50:37Z,0.73
2026-08-05T03:50:38.26Z,0.73
2026-08-05T03:50:52.95Z,0.73
2026-08-05T03:51:13.014Z,0.74
2026-08-05T03:51:28.102Z,0.74
2026-08-05T03:51:48.17Z,0.74
2026-08-05T03:52:03.251Z,0.74
2026-08-05T03:52:18.305Z,0.74
2026-08-05T03:52:33.406Z,0.74
2026-08-05T03:52:48.473Z,0.74
2026-08-05T03:53:03.593Z,0.74
2026-08-05T03:53:18.625Z,0.74
2026-08-05T03:53:33.729Z,0.74
2026-08-05T03:53:49.957Z,0.74
2026-08-05T03:54:04.988Z,0.74
2026-08-05T03:54:23.939Z,0.74
2026-08-05T03:54:44.029Z,0.73
2026-08-05T03:54:59.088Z,0.73
2026-08-05T03:55:14.194Z,0.73
2026-08-05T03:55:34.258Z,0.73
2026-08-05T03:55:48Z,0.74
2026-08-05T03:55:49.542Z,0.74
2026-08-05T03:56:09.518Z,0.74
2026-08-05T03:56:24.694Z,0.74
2026-08-05T03:56:40.534Z,0.74
2026-08-05T03:56:54.678Z,0.74
2026-08-05T03:57:10.111Z,0.74
2026-08-05T03:57:24.839Z,0.74
2026-08-05T03:57:39.908Z,0.74
2026-08-05T03:57:54.978Z,0.74
2026-08-05T03:58:10.06Z,0.74
2026-08-05T03:58:25.357Z,0.74
2026-08-05T03:58:40.434Z,0.74
2026-08-05T03:58:55.502Z,0.74
2026-08-05T03:59:10.567Z,0.74
2026-08-05T03:59:30.66Z,0.74
2026-08-05T03:59:50.746Z,0.74
2026-08-05T04:00:12.796Z,0.74
2026-08-05T04:00:21.804Z,0.74
2026-08-05T04:00:40Z,0.74
2026-08-05T04:00:41.091Z,0.74
2026-08-05T04:00:58.534Z,0.74
2026-08-05T04:01:11.251Z,0.74
2026-08-05T04:01:27.373Z,0.74
2026-08-05T04:01:41.591Z,0.74
2026-08-05T04:01:56.686Z,0.74
2026-08-05T04:02:11.75Z,0.74
2026-08-05T04:02:34.429Z,0.75
2026-08-05T04:02:46.9Z,0.75
2026-08-05T04:03:04.325Z,0.75
2026-08-05T04:03:17.2Z,0.75
2026-08-05T04:03:37.311Z,0.75
2026-08-05T04:03:52.352Z,0.76
2026-08-05T04:04:07.405Z,0.76
2026-08-05T04:04:27.483Z,0.77
2026-08-05T04:04:42.56Z,0.77
2026-08-05T04:05:08.816Z,0.78
2026-08-05T04:05:22.693Z,0.78
2026-08-05T04:05:37Z,0.79
2026-08-05T04:05:37.774Z,0.79
2026-08-05T04:06:06.292Z,0.79
2026-08-05T04:06:12.961Z,0.8
2026-08-05T04:06:28.035Z,0.8
2026-08-05T04:06:43.126Z,0.8
2026-08-05T04:06:58.195Z,0.8
2026-08-05T04:07:18.252Z,0.81
2026-08-05T04:07:33.336Z,0.81
2026-08-05T04:07:48.405Z,0.81
2026-08-05T04:08:03.5Z,0.81
2026-08-05T04:08:18.589Z,0.81
2026-08-05T04:08:33.693Z,0.81
2026-08-05T04:08:48.783Z,0.82
2026-08-05T04:09:04.135Z,0.82
2026-08-05T04:09:18.955Z,0.82
2026-08-05T04:09:34.068Z,0.82
2026-08-05T04:09:54.115Z,0.83
2026-08-05T04:10:13.323Z,0.83
2026-08-05T04:10:24.254Z,0.83
2026-08-05T04:10:39.362Z,0.83
2026-08-05T04:10:54Z,0.83
2026-08-05T04:10:55.342Z,0.83
2026-08-05T04:11:09.633Z,0.83
2026-08-05T04:11:29.656Z,0.83
2026-08-05T04:11:49.717Z,0.84
2026-08-05T04:12:09.804Z,0.84
2026-08-05T04:12:24.867Z,0.84
2026-08-05T04:12:39.943Z,0.84
2026-08-05T04:12:55.024Z,0.84
2026-08-05T04:13:10.127Z,0.85
2026-08-05T04:13:25.305Z,0.85
2026-08-05T04:13:40.349Z,0.86
2026-08-05T04:13:55.4Z,0.86
2026-08-05T04:14:10.509Z,0.86
2026-08-05T04:14:30.578Z,0.86
2026-08-05T04:14:45.614Z,0.86
2026-08-05T04:15:12.155Z,0.86
2026-08-05T04:15:25.768Z,0.86
2026-08-05T04:15:41.037Z,0.86
2026-08-05T04:15:55Z,0.86
2026-08-05T04:15:55.937Z,0.86
2026-08-05T04:16:11.065Z,0.86
2026-08-05T04:16:26.094Z,0.86
2026-08-05T04:16:46.21Z,0.86
2026-08-05T04:17:04.794Z,0.86
2026-08-05T04:17:17.47Z,0.86
2026-08-05T04:17:36.466Z,0.87
2026-08-05T04:17:56.502Z,0.87
2026-08-05T04:18:11.585Z,0.88
2026-08-05T04:18:26.645Z,0.88
2026-08-05T04:18:41.716Z,0.88
2026-08-05T04:18:56.809Z,0.88
2026-08-05T04:19:12.932Z,0.88
2026-08-05T04:19:31.933Z,0.88
2026-08-05T04:19:47.111Z,0.88
2026-08-05T04:20:10.862Z,0.88
2026-08-05T04:20:22.561Z,0.88
2026-08-05T04:20:37.276Z,0.89
2026-08-05T04:20:51Z,0.89
2026-08-05T04:20:52.343Z,0.89
2026-08-05T04:21:07.417Z,0.89
2026-08-05T04:21:22.465Z,0.89
2026-08-05T04:21:38.125Z,0.89
2026-08-05T04:21:52.689Z,0.89
2026-08-05T04:22:07.805Z,0.89
2026-08-05T04:22:24.88Z,0.89
2026-08-05T04:22:42.89Z,0.9
2026-08-05T04:23:04.669Z,0.9
2026-08-05T04:23:18.367Z,0.9
2026-08-05T04:23:33.131Z,0.9
2026-08-05T04:23:48.245Z,0.9
2026-08-05T04:24:08.337Z,0.91
2026-08-05T04:24:23.446Z,0.91
2026-08-05T04:24:38.516Z,0.91
2026-08-05T04:24:58.603Z,0.92
2026-08-05T04:25:13.667Z,0.92
2026-08-05T04:25:29.183Z,0.92
2026-08-05T04:25:44.203Z,0.92
2026-08-05T04:25:58Z,0.92
2026-08-05T04:25:59.095Z,0.92
2026-08-05T04:26:14.305Z,0.92
2026-08-05T04:26:34.307Z,0.92
2026-08-05T04:26:49.293Z,0.92
2026-08-05T04:27:04.347Z,0.92
2026-08-05T04:27:19.48Z,0.92
2026-08-05T04:27:34.565Z,0.93
2026-08-05T04:27:49.615Z,0.93
2026-08-05T04:28:04.691Z,0.93
2026-08-05T04:28:24.759Z,0.93
2026-08-05T04:28:44.858Z,0.93
2026-08-05T04:29:04.914Z,0.94
2026-08-05T04:29:20.288Z,0.94
2026-08-05T04:29:35.084Z,0.94
2026-08-05T04:29:50.203Z,0.94
2026-08-05T04:30:11.35Z,0.94
2026-08-05T04:30:25.354Z,0.94
2026-08-05T04:30:40.48Z,0.94
2026-08-05T04:30:55Z,0.95
2026-08-05T04:30:55.522Z,0.95
2026-08-05T04:31:11.222Z,0.95
2026-08-05T04:31:30.638Z,0.95
2026-08-05T04:31:45.711Z,0.95
2026-08-05T04:32:02.581Z,0.95
2026-08-05T04:32:20.869Z,0.95
2026-08-05T04:32:35.943Z,0.95
2026-08-05T04:32:51.026Z,0.96
2026-08-05T04:33:06.138Z,0.96
2026-08-05T04:33:21.205Z,0.96
2026-08-05T04:33:36.514Z,0.96
2026-08-05T04:33:51.319Z,0.96
2026-08-05T04:34:11.403Z,0.96
2026-08-05T04:34:26.492Z,0.96
2026-08-05T04:34:41.558Z,0.97
2026-08-05T04:34:56.643Z,0.97
2026-08-05T04:35:16.874Z,0.98
2026-08-05T04:35:31.77Z,0.98
2026-08-05T04:35:47.059Z,0.98
2026-08-05T04:36:01Z,0.98
2026-08-05T04:36:02.761Z,0.98
2026-08-05T04:36:17.325Z,0.99
2026-08-05T04:36:37.182Z,0.99
2026-08-05T04:36:52.185Z,0.99
2026-08-05T04:37:07.241Z,0.99
2026-08-05T04:37:22.351Z,0.99
2026-08-05T04:37:37.424Z,0.99
2026-08-05T04:37:52.523Z,1.0
2026-08-05T04:38:07.594Z,1.0
2026-08-05T04:38:24.478Z,1.01
2026-08-05T04:38:42.754Z,1.01
2026-08-05T04:38:57.858Z,1.01
2026-08-05T04:39:12.922Z,1.01
2026-08-05T04:39:28.007Z,1.01
2026-08-05T04:39:43.13Z,1.01
2026-08-05T04:39:58.176Z,1.02
2026-08-05T04:40:13.213Z,1.02
2026-08-05T04:40:33.31Z,1.03
2026-08-05T04:40:48.375Z,1.03
2026-08-05T04:41:03Z,1.03
2026-08-05T04:41:03.443Z,1.03
2026-08-05T04:41:18.519Z,1.03
2026-08-05T04:41:33.595Z,1.03
2026-08-05T04:41:48.696Z,1.03
2026-08-05T04:42:04.02Z,1.03
2026-08-05T04:42:19.169Z,1.03
2026-08-05T04:42:38.932Z,1.03
2026-08-05T04:42:53.989Z,1.03
2026-08-05T04:43:09.083Z,1.03
2026-08-05T04:43:29.149Z,1.04
2026-08-05T04:43:49.649Z,1.04
2026-08-05T04:44:04.289Z,1.04
2026-08-05T04:44:19.378Z,1.04
2026-08-05T04:44:34.435Z,1.04
2026-08-05T04:44:49.531Z,1.04
2026-08-05T04:45:12.134Z,1.04
2026-08-05T04:45:19.718Z,1.04
2026-08-05T04:45:34.761Z,1.05
2026-08-05T04:45:49.864Z,1.05
2026-08-05T04:46:04Z,1.05
2026-08-05T04:46:04.929Z,1.05
2026-08-05T04:46:20.008Z,1.05
2026-08-05T04:46:35.567Z,1.05
2026-08-05T04:46:50.239Z,1.05
2026-08-05T04:47:05.341Z,1.05
2026-08-05T04:47:20.4Z,1.05
2026-08-05T04:47:35.494Z,1.05
2026-08-05T04:47:50.593Z,1.05
2026-08-05T04:48:05.643Z,1.05
2026-08-05T04:48:25.75Z,1.05
2026-08-05T04:48:41.401Z,1.05
2026-08-05T04:48:55.871Z,1.05
2026-08-05T04:49:10.955Z,1.05
2026-08-05T04:49:31.036Z,1.05
2026-08-05T04:49:46.136Z,1.05
2026-08-05T04:50:07.29Z,1.05
2026-08-05T04:50:16.337Z,1.05
2026-08-05T04:50:36.358Z,1.05
2026-08-05T04:50:51Z,1.05
2026-08-05T04:50:51.417Z,1.05
2026-08-05T04:51:11.498Z,1.05
2026-08-05T04:51:26.586Z,1.05
2026-08-05T04:51:42.868Z,1.05
2026-08-05T04:51:56.867Z,1.05
2026-08-05T04:52:11.953Z,1.05
2026-08-05T04:52:27.055Z,1.05
2026-08-05T04:52:42.113Z,1.05
2026-08-05T04:52:57.204Z,1.05
2026-08-05T04:53:12.304Z,1.05
2026-08-05T04:53:27.335Z,1.05
2026-08-05T04:53:47.414Z,1.05
2026-08-05T04:54:02.644Z,1.05
2026-08-05T04:54:17.537Z,1.05
2026-08-05T04:54:32.607Z,1.04
2026-08-05T04:54:47.688Z,1.04
2026-08-05T04:55:11.83Z,1.04
2026-08-05T04:55:17.905Z,1.04
2026-08-05T04:55:38.01Z,1.04
2026-08-05T04:55:52Z,1.04
2026-08-05T04:55:53.074Z,1.04
2026-08-05T04:56:13.166Z,1.04
2026-08-05T04:56:33.26Z,1.04
2026-08-05T04:56:48.292Z,1.04
2026-08-05T04:57:03.555Z,1.03
2026-08-05T04:57:18.815Z,1.03
2026-08-05T04:57:34.526Z,1.03
2026-08-05T04:57:48.64Z,1.03
2026-08-05T04:58:03.765Z,1.03
2026-08-05T04:58:18.827Z,1.03
2026-08-05T04:58:34.807Z,1.03
2026-08-05T04:58:49.048Z,1.03
2026-08-05T04:59:09.065Z,1.03
2026-08-05T04:59:24.15Z,1.03
2026-08-05T04:59:44.268Z,1.03
2026-08-05T05:00:09.108Z,1.03
2026-08-05T05:00:19.494Z,1.02
2026-08-05T05:00:39.443Z,1.03
2026-08-05T05:00:54Z,1.02
2026-08-05T05:00:54.562Z,1.02
2026-08-05T05:01:14.6Z,1.02
2026-08-05T05:01:29.759Z,1.02
2026-08-05T05:01:49.788Z,1.02
2026-08-05T05:02:04.838Z,1.02
2026-08-05T05:02:19.97Z,1.02
2026-08-05T05:02:35.056Z,1.02
2026-08-05T05:02:50.192Z,1.02
2026-08-05T05:03:05.225Z,1.02
2026-08-05T05:03:25.305Z,1.02
2026-08-05T05:03:40.378Z,1.02
2026-08-05T05:04:01.724Z,1.02
2026-08-05T05:04:20.572Z,1.02
2026-08-05T05:04:40.633Z,1.02
2026-08-05T05:04:55.708Z,1.02
2026-08-05T05:05:12.341Z,1.02
2026-08-05T05:05:25.897Z,1.02
2026-08-05T05:05:40.967Z,1.02
2026-08-05T05:05:55Z,1.02
2026-08-05T05:05:56.031Z,1.02
2026-08-05T05:06:16.115Z,1.01
2026-08-05T05:06:31.278Z,1.01
2026-08-05T05:06:46.367Z,1.01
2026-08-05T05:07:02.588Z,1.01
2026-08-05T05:07:16.607Z,1.01
2026-08-05T05:07:36.673Z,1.01
2026-08-05T05:07:51.752Z,1.0
2026-08-05T05:08:12.355Z,0.99
2026-08-05T05:08:26.887Z,0.99
2026-08-05T05:08:46.974Z,0.99
2026-08-05T05:09:07.414Z,0.99
2026-08-05T05:09:22.444Z,0.99
2026-08-05T05:09:37.238Z,0.99
2026-08-05T05:09:52.277Z,0.99
2026-08-05T05:10:11.173Z,0.99
2026-08-05T05:10:27.471Z,0.99
2026-08-05T05:10:43.665Z,0.98
2026-08-05T05:10:57.58Z,0.98
2026-08-05T05:11:12Z,0.98
2026-08-05T05:11:12.659Z,0.98
2026-08-05T05:11:27.726Z,0.98
2026-08-05T05:11:47.786Z,0.98
2026-08-05T05:12:02.935Z,0.98
2026-08-05T05:12:18.081Z,0.97
2026-08-05T05:12:38.155Z,0.97
2026-08-05T05:12:53.857Z,0.97
2026-08-05T05:13:13.316Z,0.96
2026-08-05T05:13:28.441Z,0.96
2026-08-05T05:13:48.498Z,0.96
2026-08-05T05:14:05.008Z,0.95
2026-08-05T05:14:23.616Z,0.95
2026-08-05T05:14:38.717Z,0.95
2026-08-05T05:14:53.822Z,0.94
2026-08-05T05:15:13.918Z,0.94
2026-08-05T05:15:30.941Z,0.94
2026-08-05T05:15:44.01Z,0.93
2026-08-05T05:15:58Z,0.93
2026-08-05T05:15:59.104Z,0.93
2026-08-05T05:16:19.163Z,0.93
2026-08-05T05:16:34.235Z,0.93
2026-08-05T05:16:49.424Z,0.92
2026-08-05T05:17:04.827Z,0.92
2026-08-05T05:17:19.539Z,0.92
2026-08-05T05:17:39.631Z,0.92
2026-08-05T05:17:55.349Z,0.92
2026-08-05T05:18:09.912Z,0.92
2026-08-05T05:18:25.03Z,0.91
2026-08-05T05:18:45.074Z,0.91
2026-08-05T05:19:00.152Z,0.91
2026-08-05T05:19:15.234Z,0.91
2026-08-05T05:19:30.88Z,0.9
2026-08-05T05:19:45.388Z,0.9
2026-08-05T05:20:08.569Z,0.9
2026-08-05T05:20:16.779Z,0.9
2026-08-05T05:20:30.625Z,0.9
2026-08-05T05:20:45.685Z,0.9
2026-08-05T05:21:05Z,0.89
2026-08-05T05:21:05.791Z,0.89
2026-08-05T05:21:20.847Z,0.89
2026-08-05T05:21:35.909Z,0.89
2026-08-05T05:21:50.995Z,0.89
2026-08-05T05:22:06.783Z,0.89
2026-08-05T05:22:21.187Z,0.89
2026-08-05T05:22:36.245Z,0.89
2026-08-05T05:22:51.324Z,0.89
2026-08-05T05:23:11.648Z,0.88
2026-08-05T05:23:26.535Z,0.88
2026-08-05T05:23:41.602Z,0.88
2026-08-05T05:24:02.556Z,0.88
2026-08-05T05:24:16.732Z,0.88
2026-08-05T05:24:36.805Z,0.88
2026-08-05T05:24:51.871Z,0.88
2026-08-05T05:25:11.97Z,0.88
2026-08-05T05:25:28.246Z,0.88
2026-08-05T05:25:42.122Z,0.88
2026-08-05T05:26:04.652Z,0.88
2026-08-05T05:26:16Z,0.88
2026-08-05T05:26:17.321Z,0.88
2026-08-05T05:26:32.336Z,0.88
2026-08-05T05:26:47.43Z,0.88
2026-08-05T05:27:02.831Z,0.87
2026-08-05T05:27:17.556Z,0.87
2026-08-05T05:27:32.611Z,0.87
2026-08-05T05:27:47.689Z,0.87
2026-08-05T05:28:02.813Z,0.87
2026-08-05T05:28:22.854Z,0.87
2026-08-05T05:28:42.943Z,0.86
2026-08-05T05:28:57.999Z,0.86
2026-08-05T05:29:13.1Z,0.86
2026-08-05T05:29:28.252Z,0.86
2026-08-05T05:29:43.315Z,0.86
2026-08-05T05:29:58.388Z,0.86
2026-08-05T05:30:13.513Z,0.85
2026-08-05T05:30:28.526Z,0.85
2026-08-05T05:30:43.673Z,0.85
2026-08-05T05:30:58.79Z,0.85
2026-08-05T05:31:18Z,0.85
2026-08-05T05:31:18.824Z,0.85
2026-08-05T05:31:38.946Z,0.85
2026-08-05T05:31:59.049Z,0.85
2026-08-05T05:32:14.15Z,0.85
2026-08-05T05:32:34.478Z,0.85
2026-08-05T05:32:49.315Z,0.84
2026-08-05T05:33:04.41Z,0.84
2026-08-05T05:33:24.497Z,0.84
2026-08-05T05:33:39.588Z,0.84
2026-08-05T05:33:54.76Z,0.84
2026-08-05T05:34:14.828Z,0.84
2026-08-05T05:34:30.368Z,0.84
2026-08-05T05:34:50.056Z,0.84
2026-08-05T05:35:12.131Z,0.84
2026-08-05T05:35:20.222Z,0.84
2026-08-05T05:35:40.306Z,0.84
2026-08-05T05:35:55.588Z,0.84
2026-08-05T05:36:10Z,0.84
2026-08-05T05:36:10.828Z,0.84
2026-08-05T05:36:25.587Z,0.84
2026-08-05T05:36:40.659Z,0.84
2026-08-05T05:36:55.793Z,0.84
2026-08-05T05:37:10.914Z,0.84
2026-08-05T05:37:25.968Z,0.84
2026-08-05T05:37:46.052Z,0.84
2026-08-05T05:38:07.779Z,0.83
2026-08-05T05:38:21.359Z,0.83
2026-08-05T05:38:36.361Z,0.83
2026-08-05T05:38:51.408Z,0.83
2026-08-05T05:39:06.488Z,0.83
2026-08-05T05:39:21.588Z,0.83
2026-08-05T05:39:36.639Z,0.83
2026-08-05T05:39:51.891Z,0.83
2026-08-05T05:40:09.491Z,0.83
2026-08-05T05:40:21.877Z,0.83
2026-08-05T05:40:36.978Z,0.83
2026-08-05T05:40:52.017Z,0.83
2026-08-05T05:41:07.622Z,0.83
2026-08-05T05:41:21Z,0.83
2026-08-05T05:41:22.887Z,0.83
2026-08-05T05:41:42.278Z,0.83
2026-08-05T05:41:57.901Z,0.83
2026-08-05T05:42:12.539Z,0.83
2026-08-05T05:42:27.602Z,0.83
2026-08-05T05:42:42.663Z,0.83
2026-08-05T05:43:03.412Z,0.83
2026-08-05T05:43:17.835Z,0.83
2026-08-05T05:43:32.907Z,0.83
2026-08-05T05:43:48.011Z,0.83
2026-08-05T05:44:03.315Z,0.83
2026-08-05T05:44:18.186Z,0.83
2026-08-05T05:44:33.25Z,0.83
2026-08-05T05:44:48.34Z,0.83
2026-08-05T05:45:08.885Z,0.83
2026-08-05T05:45:28.479Z,0.83
2026-08-05T05:45:48.545Z,0.83
2026-08-05T05:46:03.701Z,0.83
2026-08-05T05:46:18Z,0.83
2026-08-05T05:46:18.713Z,0.83
2026-08-05T05:46:38.822Z,0.83
2026-08-05T05:46:53.891Z,0.83
2026-08-05T05:47:08.956Z,0.83
2026-08-05T05:47:24.107Z,0.83
2026-08-05T05:47:39.241Z,0.83
2026-08-05T05:47:54.275Z,0.83
2026-08-05T05:48:09.342Z,0.83
2026-08-05T05:48:24.428Z,0.83
2026-08-05T05:48:39.515Z,0.83
2026-08-05T05:48:59.566Z,0.83
2026-08-05T05:49:19.643Z,0.83
2026-08-05T05:49:34.719Z,0.83
2026-08-05T05:49:49.804Z,0.83
2026-08-05T05:50:13.616Z,0.83
2026-08-05T05:50:24.991Z,0.83
2026-08-05T05:50:40.073Z,0.83
2026-08-05T05:51:01.224Z,0.83
2026-08-05T05:51:14Z,0.83
2026-08-05T05:51:15.182Z,0.83
2026-08-05T05:51:30.274Z,0.83
2026-08-05T05:51:45.687Z,0.83
2026-08-05T05:52:06.259Z,0.83
2026-08-05T05:52:25.48Z,0.83
2026-08-05T05:52:40.568Z,0.83
2026-08-05T05:52:55.636Z,0.83
2026-08-05T05:53:10.727Z,0.83
2026-08-05T05:53:25.988Z,0.83
2026-08-05T05:53:41.046Z,0.83
2026-08-05T05:53:56.887Z,0.83
2026-08-05T05:54:11.908Z,0.83
2026-08-05T05:54:26.413Z,0.83
2026-08-05T05:54:46.485Z,0.83
2026-08-05T05:55:12.31Z,0.83
2026-08-05T05:55:16.695Z,0.83
2026-08-05T05:55:36.789Z,0.83
2026-08-05T05:55:56.836Z,0.84
2026-08-05T05:56:11.927Z,0.84
2026-08-05T05:56:26Z,0.84
2026-08-05T05:56:26.994Z,0.84
2026-08-05T05:56:42.127Z,0.84
2026-08-05T05:56:57.429Z,0.85
2026-08-05T05:57:12.309Z,0.85
2026-08-05T05:57:27.356Z,0.85
2026-08-05T05:57:44.519Z,0.85
2026-08-05T05:57:57.499Z,0.85
2026-08-05T05:58:12.573Z,0.85
2026-08-05T05:58:27.656Z,0.85
2026-08-05T05:58:42.728Z,0.85
2026-08-05T05:58:57.786Z,0.85
2026-08-05T05:59:13.003Z,0.86
2026-08-05T05:59:28.031Z,0.86
2026-08-05T05:59:48.066Z,0.86
2026-08-05T06:00:12.6Z,0.86
2026-08-05T06:00:18.245Z,0.86
2026-08-05T06:00:33.449Z,0.87
2026-08-05T06:00:48.487Z,0.87
2026-08-05T06:01:03.571Z,0.88
2026-08-05T06:01:23Z,0.89
2026-08-05T06:01:23.618Z,0.89
2026-08-05T06:01:38.815Z,0.89
2026-08-05T06:01:53.828Z,0.89
2026-08-05T06:02:13.917Z,0.89
2026-08-05T06:02:33.949Z,0.89
2026-08-05T06:02:49.515Z,0.88
2026-08-05T06:03:09.201Z,0.89
2026-08-05T06:03:24.267Z,0.89
2026-08-05T06:03:39.516Z,0.89
2026-08-05T06:03:55.559Z,0.89
2026-08-05T06:04:09.598Z,0.89
2026-08-05T06:04:24.671Z,0.89
2026-08-05T06:04:39.77Z,0.89
2026-08-05T06:04:54.825Z,0.89
2026-08-05T06:05:10.009Z,0.89
2026-08-05T06:05:25.065Z,0.9
2026-08-05T06:05:45.163Z,0.9
2026-08-05T06:06:00.583Z,0.9
2026-08-05T06:06:19Z,0.9
2026-08-05T06:06:20.365Z,0.9
2026-08-05T06:06:35.506Z,0.9
2026-08-05T06:06:50.614Z,0.91
2026-08-05T06:07:10.567Z,0.91
2026-08-05T06:07:25.622Z,0.91
2026-08-05T06:07:40.709Z,0.91
2026-08-05T06:08:02.543Z,0.91
2026-08-05T06:08:15.872Z,0.91
2026-08-05T06:08:30.948Z,0.91
2026-08-05T06:08:47.54Z,0.92
2026-08-05T06:09:02.759Z,0.92
2026-08-05T06:09:21.185Z,0.92
2026-08-05T06:09:36.251Z,0.92
2026-08-05T06:09:51.331Z,0.93
2026-08-05T06:10:12.113Z,0.93
2026-08-05T06:10:26.472Z,0.93
2026-08-05T06:10:41.542Z,0.93
2026-08-05T06:10:56.62Z,0.93
2026-08-05T06:11:11.703Z,0.93
2026-08-05T06:11:31Z,0.93
2026-08-05T06:11:31.813Z,0.93
2026-08-05T06:11:46.885Z,0.94
2026-08-05T06:12:02.509Z,0.94
2026-08-05T06:12:17.14Z,0.94
2026-08-05T06:12:32.225Z,0.94
2026-08-05T06:12:47.281Z,0.94
2026-08-05T06:13:02.81Z,0.94
2026-08-05T06:13:22.464Z,0.94
2026-08-05T06:13:42.556Z,0.94
2026-08-05T06:13:57.619Z,0.95
2026-08-05T06:14:12.682Z,0.95
2026-08-05T06:14:32.766Z,0.95
2026-08-05T06:14:52.846Z,0.96
2026-08-05T06:15:12.081Z,0.96
2026-08-05T06:15:22.999Z,0.96
2026-08-05T06:15:38.073Z,0.96
2026-08-05T06:15:58.148Z,0.96
2026-08-05T06:16:13.226Z,0.97
2026-08-05T06:16:27Z,0.97
2026-08-05T06:16:28.32Z,0.97
2026-08-05T06:16:43.385Z,0.97
2026-08-05T06:17:03.509Z,0.97
2026-08-05T06:17:18.639Z,0.98
2026-08-05T06:17:33.631Z,0.98
2026-08-05T06:17:48.792Z,0.98
2026-08-05T06:18:09.512Z,0.99
2026-08-05T06:18:24.21Z,0.99
2026-08-05T06:18:39.118Z,0.99
2026-08-05T06:18:59.155Z,0.99
2026-08-05T06:19:14.209Z,0.99
2026-08-05T06:19:34.301Z,0.99
2026-08-05T06:19:49.373Z,0.99
2026-08-05T06:20:11.87Z,1.0
2026-08-05T06:20:24.503Z,1.0
2026-08-05T06:20:42.024Z,1.01
2026-08-05T06:20:59.655Z,1.01
2026-08-05T06:21:19.824Z,1.01
2026-08-05T06:21:34Z,1.02
2026-08-05T06:21:34.806Z,1.02
2026-08-05T06:21:49.937Z,1.02
2026-08-05T06:22:05.524Z,1.03
2026-08-05T06:22:20.172Z,1.03
2026-08-05T06:22:35.209Z,1.04
2026-08-05T06:22:57.832Z,1.04
2026-08-05T06:23:10.371Z,1.04
2026-08-05T06:23:25.436Z,1.04
2026-08-05T06:23:40.526Z,1.05
2026-08-05T06:24:02.47Z,1.05
2026-08-05T06:24:15.74Z,1.05
2026-08-05T06:24:35.815Z,1.07
2026-08-05T06:24:50.992Z,1.07
2026-08-05T06:25:13.275Z,1.07
2026-08-05T06:25:26.041Z,1.07
2026-08-05T06:25:41.089Z,1.09
2026-08-05T06:26:03.834Z,1.09
2026-08-05T06:26:21.312Z,1.09
2026-08-05T06:26:35Z,1.1
2026-08-05T06:26:36.373Z,1.1
2026-08-05T06:26:51.442Z,1.1
2026-08-05T06:27:06.539Z,1.11
2026-08-05T06:27:26.596Z,1.12
2026-08-05T06:27:41.658Z,1.12
2026-08-05T06:27:56.77Z,1.12
2026-08-05T06:28:11.82Z,1.13
2026-08-05T06:28:26.914Z,1.13
2026-08-05T06:28:47.023Z,1.14
2026-08-05T06:29:07.095Z,1.14
2026-08-05T06:29:22.179Z,1.15
2026-08-05T06:29:37.248Z,1.16
2026-08-05T06:29:52.389Z,1.17
2026-08-05T06:30:09.9Z,1.17
2026-08-05T06:30:27.478Z,1.19
2026-08-05T06:30:42.684Z,1.19
2026-08-05T06:30:57.761Z,1.2
2026-08-05T06:31:13.119Z,1.2
2026-08-05T06:31:27Z,1.2
2026-08-05T06:31:27.901Z,1.2
2026-08-05T06:31:42.981Z,1.21
2026-08-05T06:31:58.318Z,1.22
2026-08-05T06:32:18.137Z,1.22
2026-08-05T06:32:33.219Z,1.22
2026-08-05T06:32:48.299Z,1.22
2026-08-05T06:33:08.359Z,1.23
2026-08-05T06:33:23.441Z,1.24
2026-08-05T06:33:38.848Z,1.25
2026-08-05T06:33:53.624Z,1.25
2026-08-05T06:34:08.685Z,1.25
2026-08-05T06:34:23.996Z,1.26
2026-08-05T06:34:40.132Z,1.26
2026-08-05T06:34:53.93Z,1.26
2026-08-05T06:35:13.023Z,1.25
2026-08-05T06:35:24.052Z,1.26
2026-08-05T06:35:39.169Z,1.26
2026-08-05T06:35:59.695Z,1.26
2026-08-05T06:36:14.45Z,1.26
2026-08-05T06:36:29Z,1.27
2026-08-05T06:36:29.503Z,1.27
2026-08-05T06:36:44.597Z,1.27
2026-08-05T06:36:59.674Z,1.27
2026-08-05T06:37:15.32Z,1.29
2026-08-05T06:37:34.915Z,1.31
2026-08-05T06:37:50.659Z,1.31
2026-08-05T06:38:09.944Z,1.31
2026-08-05T06:38:25.123Z,1.31
2026-08-05T06:38:40.117Z,1.32
2026-08-05T06:38:55.175Z,1.32
2026-08-05T06:39:10.349Z,1.33
2026-08-05T06:39:30.355Z,1.33
2026-08-05T06:39:45.536Z,1.34
2026-08-05T06:40:07.503Z,1.35
2026-08-05T06:40:15.568Z,1.35
2026-08-05T06:40:30.719Z,1.36
2026-08-05T06:40:45.844Z,1.36
2026-08-05T06:41:02.911Z,1.37
2026-08-05T06:41:16.021Z,1.37
2026-08-05T06:41:30Z,1.38
2026-08-05T06:41:31.113Z,1.38
2026-08-05T06:41:51.213Z,1.38
2026-08-05T06:42:06.252Z,1.39
2026-08-05T06:42:21.357Z,1.39
2026-08-05T06:42:36.406Z,1.4
2026-08-05T06:42:56.528Z,1.4
2026-08-05T06:43:11.855Z,1.41
2026-08-05T06:43:31.693Z,1.42
2026-08-05T06:43:46.746Z,1.44
2026-08-05T06:44:03.467Z,1.44
2026-08-05T06:44:16.929Z,1.44
2026-08-05T06:44:32.043Z,1.45
2026-08-05T06:44:47.454Z,1.45
2026-08-05T06:45:10.368Z,1.45
2026-08-05T06:45:22.233Z,1.47
2026-08-05T06:45:37.33Z,1.48
2026-08-05T06:45:52.721Z,1.49
2026-08-05T06:46:07.445Z,1.49
2026-08-05T06:46:22.509Z,1.5
2026-08-05T06:46:37Z,1.52
2026-08-05T06:46:37.59Z,1.52
2026-08-05T06:46:57.683Z,1.53
2026-08-05T06:47:12.77Z,1.53
2026-08-05T06:47:27.906Z,1.54
2026-08-05T06:47:42.964Z,1.53
2026-08-05T06:47:59.424Z,1.54
2026-08-05T06:48:13.092Z,1.55
2026-08-05T06:48:28.173Z,1.55
2026-08-05T06:48:43.255Z,1.56
2026-08-05T06:49:03.328Z,1.56
2026-08-05T06:49:18.704Z,1.58
2026-08-05T06:49:33.496Z,1.59
2026-08-05T06:49:48.56Z,1.59
2026-08-05T06:50:12.463Z,1.62
2026-08-05T06:50:23.867Z,1.62
2026-08-05T06:50:38.983Z,1.63
2026-08-05T06:50:54.074Z,1.63
2026-08-05T06:51:10.964Z,1.63
2026-08-05T06:51:24.243Z,1.63
2026-08-05T06:51:43Z,1.64
2026-08-05T06:51:44.321Z,1.64
2026-08-05T06:51:59.342Z,1.65
2026-08-05T06:52:14.462Z,1.65
2026-08-05T06:52:29.541Z,1.65
2026-08-05T06:52:44.622Z,1.66
2026-08-05T06:53:04.868Z,1.67
2026-08-05T06:53:20.095Z,1.68
2026-08-05T06:53:40.244Z,1.69
2026-08-05T06:53:55.314Z,1.69
2026-08-05T06:54:10.406Z,1.7
2026-08-05T06:54:25.585Z,1.7
2026-08-05T06:54:45.685Z,1.7
2026-08-05T06:55:00.898Z,1.7
2026-08-05T06:55:16.207Z,1.72
2026-08-05T06:55:31.776Z,1.73
2026-08-05T06:55:46.02Z,1.73
2026-08-05T06:56:02.623Z,1.73
2026-08-05T06:56:16.228Z,1.74
2026-08-05T06:56:31.269Z,1.74
2026-08-05T06:56:45Z,1.75
2026-08-05T06:56:47.583Z,1.75
2026-08-05T06:57:02.85Z,1.75
2026-08-05T06:57:16.586Z,1.77
2026-08-05T06:57:36.752Z,1.77
2026-08-05T06:57:57.216Z,1.79
2026-08-05T06:58:16.797Z,1.79
2026-08-05T06:58:31.872Z,1.79
2026-08-05T06:58:47.385Z,1.8
2026-08-05T06:59:02.972Z,1.8
2026-08-05T06:59:22.222Z,1.81
2026-08-05T06:59:37.287Z,1.81
2026-08-05T06:59:57.5Z,1.82
2026-08-05T07:00:15.664Z,1.82
2026-08-05T07:00:27.6Z,1.82
2026-08-05T07:00:44.141Z,1.83
2026-08-05T07:00:57.734Z,1.84
2026-08-05T07:01:12.829Z,1.84
2026-08-05T07:01:28.601Z,1.84
2026-08-05T07:01:42Z,1.84
2026-08-05T07:01:42.987Z,1.84
2026-08-05T07:02:03.662Z,1.85
2026-08-05T07:02:18.814Z,1.85
2026-08-05T07:02:33.2Z,1.86
2026-08-05T07:02:48.289Z,1.86
2026-08-05T07:03:05.166Z,1.86
2026-08-05T07:03:19.152Z,1.86
2026-08-05T07:03:33.656Z,1.86
2026-08-05T07:03:53.826Z,1.86
2026-08-05T07:04:08.711Z,1.86
2026-08-05T07:04:28.774Z,1.86
2026-08-05T07:04:44.238Z,1.86
2026-08-05T07:04:58.958Z,1.86
2026-08-05T07:05:14.012Z,1.86
2026-08-05T07:05:29.056Z,1.87
2026-08-05T07:05:44.15Z,1.87
2026-08-05T07:05:59.258Z,1.87
2026-08-05T07:06:14.362Z,1.86
2026-08-05T07:06:29.427Z,1.87
2026-08-05T07:06:44Z,1.87
2026-08-05T07:06:44.512Z,1.87
2026-08-05T07:06:59.592Z,1.88
2026-08-05T07:07:14.687Z,1.88
2026-08-05T07:07:29.803Z,1.9
2026-08-05T07:07:44.842Z,1.9
2026-08-05T07:08:05.318Z,1.91
2026-08-05T07:08:25.121Z,1.9
2026-08-05T07:08:40.23Z,1.9
2026-08-05T07:08:55.287Z,1.9
2026-08-05T07:09:10.384Z,1.9
2026-08-05T07:09:25.491Z,1.9
2026-08-05T07:09:45.531Z,1.9
2026-08-05T07:10:01.316Z,1.91
2026-08-05T07:10:15.738Z,1.91
2026-08-05T07:10:30.768Z,1.91
2026-08-05T07:10:45.836Z,1.91
2026-08-05T07:11:02.559Z,1.91
2026-08-05T07:11:18.554Z,1.91
2026-08-05T07:11:35Z,1.92
2026-08-05T07:11:36.064Z,1.92
2026-08-05T07:11:56.132Z,1.93
2026-08-05T07:12:12.345Z,1.94
2026-08-05T07:12:26.324Z,1.94
2026-08-05T07:12:46.362Z,1.95
2026-08-05T07:13:06.444Z,1.95
2026-08-05T07:13:21.522Z,1.95
2026-08-05T07:13:41.607Z,1.96
2026-08-05T07:14:02.812Z,1.97
2026-08-05T07:14:16.778Z,1.97
2026-08-05T07:14:31.833Z,1.99
2026-08-05T07:14:46.905Z,1.99
2026-08-05T07:15:11.959Z,2.02
2026-08-05T07:15:27.059Z,2.02
2026-08-05T07:15:42.318Z,2.03
2026-08-05T07:15:57.429Z,2.02
2026-08-05T07:16:17.488Z,2.03
2026-08-05T07:16:37Z,2.03
2026-08-05T07:16:37.585Z,2.03
2026-08-05T07:16:57.658Z,2.03
2026-08-05T07:17:12.71Z,2.03
2026-08-05T07:17:27.779Z,2.03
2026-08-05T07:17:42.9Z,2.03
2026-08-05T07:17:57.959Z,2.03
2026-08-05T07:18:18.084Z,2.03
2026-08-05T07:18:33.382Z,2.04
2026-08-05T07:18:53.194Z,2.04
2026-08-05T07:19:08.288Z,2.03
2026-08-05T07:19:23.341Z,2.04
2026-08-05T07:19:38.436Z,2.04
2026-08-05T07:19:53.513Z,2.04
2026-08-05T07:20:12.094Z,2.04
2026-08-05T07:20:24.897Z,2.04
2026-08-05T07:20:38.763Z,2.04
2026-08-05T07:20:58.885Z,2.04
2026-08-05T07:21:13.917Z,2.04
2026-08-05T07:21:30.312Z,2.04
2026-08-05T07:21:43Z,2.05
2026-08-05T07:21:44.069Z,2.05
2026-08-05T07:21:59.168Z,2.04
2026-08-05T07:22:14.237Z,2.05
2026-08-05T07:22:29.438Z,2.05
2026-08-05T07:22:44.357Z,2.04
2026-08-05T07:23:01.485Z,2.04
2026-08-05T07:23:14.564Z,2.04
2026-08-05T07:23:29.632Z,2.04
2026-08-05T07:23:44.75Z,2.04
2026-08-05T07:23:59.836Z,2.05
2026-08-05T07:24:14.93Z,2.05
2026-08-05T07:24:30.76Z,2.06
2026-08-05T07:24:50.17Z,2.07
2026-08-05T07:25:10.499Z,2.07
2026-08-05T07:25:30.423Z,2.08
2026-08-05T07:25:50.314Z,2.08
2026-08-05T07:26:10.426Z,2.07
2026-08-05T07:26:30.491Z,2.07
2026-08-05T07:26:50Z,2.07
2026-08-05T07:26:50.603Z,2.07
2026-08-05T07:27:06.767Z,2.07
2026-08-05T07:27:20.843Z,2.07
2026-08-05T07:27:41.41Z,2.08
2026-08-05T07:27:55.937Z,2.07
2026-08-05T07:28:11.026Z,2.07
2026-08-05T07:28:26.103Z,2.07
2026-08-05T07:28:41.17Z,2.07
2026-08-05T07:29:02.866Z,2.07
2026-08-05T07:29:16.332Z,2.07
2026-08-05T07:29:36.395Z,2.07
2026-08-05T07:29:56.498Z,2.07
2026-08-05T07:30:12.21Z,2.06
2026-08-05T07:30:26.623Z,2.07
2026-08-05T07:30:42.217Z,2.06
2026-08-05T07:31:02.96Z,2.07
2026-08-05T07:31:16.972Z,2.07
2026-08-05T07:31:37.057Z,2.07
2026-08-05T07:31:51Z,2.07
2026-08-05T07:31:52.155Z,2.07
2026-08-05T07:32:07.203Z,2.07
2026-08-05T07:32:22.62Z,2.07
2026-08-05T07:32:37.417Z,2.07
2026-08-05T07:32:52.421Z,2.08
2026-08-05T07:33:07.524Z,2.09
2026-08-05T07:33:22.595Z,2.09
2026-08-05T07:33:43.06Z,2.08
2026-08-05T07:33:57.761Z,2.08
2026-08-05T07:34:12.842Z,2.08
2026-08-05T07:34:32.948Z,2.1
2026-08-05T07:34:53.015Z,2.09
2026-08-05T07:35:13.597Z,2.09
2026-08-05T07:35:23.245Z,2.08
2026-08-05T07:35:38.296Z,2.09
2026-08-05T07:35:58.359Z,2.09
2026-08-05T07:36:13.437Z,2.08
2026-08-05T07:36:28.515Z,2.08
2026-08-05T07:36:43Z,2.08
2026-08-05T07:36:43.595Z,2.08
2026-08-05T07:37:04.236Z,2.08
2026-08-05T07:37:18.78Z,2.08
2026-08-05T07:37:33.851Z,2.08
2026-08-05T07:37:53.964Z,2.07
2026-08-05T07:38:14.262Z,2.07
2026-08-05T07:38:29.129Z,2.07
2026-08-05T07:38:44.2Z,2.07
2026-08-05T07:38:59.28Z,2.07
2026-08-05T07:39:14.371Z,2.07
2026-08-05T07:39:34.551Z,2.07
2026-08-05T07:39:49.83Z,2.08
2026-08-05T07:40:12.471Z,2.08
2026-08-05T07:40:24.678Z,2.08
2026-08-05T07:40:39.748Z,2.08
2026-08-05T07:41:00.147Z,2.09
2026-08-05T07:41:15.62Z,2.1
2026-08-05T07:41:30.078Z,2.1
2026-08-05T07:41:45.156Z,2.1
2026-08-05T07:41:59Z,2.1
2026-08-05T07:42:00.227Z,2.1
2026-08-05T07:42:15.341Z,2.1
2026-08-05T07:42:30.378Z,2.1
2026-08-05T07:42:45.516Z,2.1
2026-08-05T07:43:02.532Z,2.11
2026-08-05T07:43:20.682Z,2.11
2026-08-05T07:43:35.771Z,2.11
2026-08-05T07:43:50.832Z,2.11
2026-08-05T07:44:05.955Z,2.12
2026-08-05T07:44:21.391Z,2.12
2026-08-05T07:44:36.081Z,2.12
2026-08-05T07:44:56.159Z,2.13
2026-08-05T07:45:11.984Z,2.14
2026-08-05T07:45:27.399Z,2.14
2026-08-05T07:45:46.592Z,2.14
2026-08-05T07:46:02.562Z,2.15
2026-08-05T07:46:21.747Z,2.15
2026-08-05T07:46:41.831Z,2.16
2026-08-05T07:46:56Z,2.16
2026-08-05T07:46:56.892Z,2.16
2026-08-05T07:47:11.983Z,2.16
2026-08-05T07:47:27.054Z,2.16
2026-08-05T07:47:42.239Z,2.18
2026-08-05T07:47:57.291Z,2.19
2026-08-05T07:48:12.39Z,2.2
2026-08-05T07:48:27.425Z,2.2
2026-08-05T07:48:42.515Z,2.21
2026-08-05T07:49:02.978Z,2.21
2026-08-05T07:49:17.663Z,2.22
2026-08-05T07:49:32.754Z,2.23
2026-08-05T07:49:47.865Z,2.24
2026-08-05T07:50:11.822Z,2.25
2026-08-05T07:50:22.995Z,2.25
2026-08-05T07:50:43.057Z,2.3
2026-08-05T07:50:58.143Z,2.3
2026-08-05T07:51:19.402Z,2.3
2026-08-05T07:51:33.4Z,2.31
2026-08-05T07:51:48.491Z,2.31
2026-08-05T07:52:03Z,2.31
2026-08-05T07:52:03.568Z,2.31
2026-08-05T07:52:23.676Z,2.33
2026-08-05T07:52:38.773Z,2.33
2026-08-05T07:52:53.803Z,2.33
2026-08-05T07:53:09.825Z,2.34
2026-08-05T07:53:28.963Z,2.34
2026-08-05T07:53:44.045Z,2.34
2026-08-05T07:53:59.121Z,2.35
2026-08-05T07:54:14.254Z,2.35
2026-08-05T07:54:29.314Z,2.36
2026-08-05T07:54:44.363Z,2.36
2026-08-05T07:54:59.451Z,2.37
2026-08-05T07:55:14.641Z,2.38
2026-08-05T07:55:29.731Z,2.38
2026-08-05T07:55:44.827Z,2.37
2026-08-05T07:56:00.364Z,2.43
2026-08-05T07:56:19.981Z,2.43
2026-08-05T07:56:35.022Z,2.41
2026-08-05T07:56:50.119Z,2.41
2026-08-05T07:57:04Z,2.41
2026-08-05T07:57:05.208Z,2.41
2026-08-05T07:57:25.127Z,2.41
2026-08-05T07:57:40.731Z,2.41
2026-08-05T07:58:00.396Z,2.43
2026-08-05T07:58:20.475Z,2.44
2026-08-05T07:58:35.537Z,2.44
2026-08-05T07:58:50.643Z,2.44
2026-08-05T07:59:05.758Z,2.44
2026-08-05T07:59:20.843Z,2.44
2026-08-05T07:59:35.913Z,2.43
2026-08-05T07:59:50.984Z,2.43
2026-08-05T08:00:15.403Z,2.42
2026-08-05T08:00:26.154Z,2.42
2026-08-05T08:00:41.267Z,2.41
2026-08-05T08:01:03.408Z,2.41
2026-08-05T08:01:21.357Z,2.41
2026-08-05T08:01:36.411Z,2.41
2026-08-05T08:01:51Z,2.41
2026-08-05T08:01:51.538Z,2.41
2026-08-05T08:02:21.132Z,2.41
2026-08-05T08:02:39.297Z,2.41
2026-08-05T08:02:44.803Z,2.42
2026-08-05T08:02:56.806Z,2.42
2026-08-05T08:03:11.975Z,2.42
2026-08-05T08:03:32.11Z,2.43
2026-08-05T08:03:47.134Z,2.43
2026-08-05T08:04:02.925Z,2.43
2026-08-05T08:04:17.267Z,2.43
2026-08-05T08:04:32.886Z,2.43
2026-08-05T08:04:47.445Z,2.44
2026-08-05T08:05:12.997Z,2.44
2026-08-05T08:05:27.567Z,2.45
2026-08-05T08:05:42.623Z,2.45
2026-08-05T08:05:57.722Z,2.46
2026-08-05T08:06:12.791Z,2.46
2026-08-05T08:06:27.906Z,2.47
2026-08-05T08:06:43.046Z,2.48
2026-08-05T08:06:57Z,2.49
2026-08-05T08:06:58.161Z,2.49
2026-08-05T08:07:16.953Z,2.51
2026-08-05T08:07:29.18Z,2.51
2026-08-05T08:07:48.349Z,2.52
2026-08-05T08:08:03.918Z,2.52
2026-08-05T08:08:24.356Z,2.55
2026-08-05T08:08:38.828Z,2.55
2026-08-05T08:08:58.752Z,2.58
2026-08-05T08:09:14.434Z,2.58
2026-08-05T08:09:28.921Z,2.59
2026-08-05T08:09:43.96Z,2.6
2026-08-05T08:09:59.258Z,2.62
2026-08-05T08:10:19.156Z,2.62
2026-08-05T08:10:34.187Z,2.64
2026-08-05T08:10:54.277Z,2.65
2026-08-05T08:11:09.329Z,2.66
2026-08-05T08:11:24.47Z,2.67
2026-08-05T08:11:39.576Z,2.69
2026-08-05T08:11:54.746Z,2.71
2026-08-05T08:12:09Z,2.71
2026-08-05T08:12:09.704Z,2.71
2026-08-05T08:12:24.782Z,2.72
2026-08-05T08:12:44.843Z,2.75
2026-08-05T08:12:59.925Z,2.76
2026-08-05T08:13:14.992Z,2.77
2026-08-05T08:13:35.136Z,2.79
2026-08-05T08:13:55.725Z,2.82
2026-08-05T08:14:10.23Z,2.83
2026-08-05T08:14:30.296Z,2.86
2026-08-05T08:14:45.385Z,2.88
2026-08-05T08:15:08.719Z,2.89
2026-08-05T08:15:25.549Z,2.91
2026-08-05T08:15:41.315Z,2.93
2026-08-05T08:15:57.857Z,2.95
2026-08-05T08:16:10.877Z,2.96
2026-08-05T08:16:26.407Z,2.97
2026-08-05T08:16:46.057Z,3.0
2026-08-05T08:17:00Z,3.01
2026-08-05T08:17:02.623Z,3.01
2026-08-05T08:17:16.93Z,3.03
2026-08-05T08:17:36.267Z,3.05
2026-08-05T08:17:56.522Z,3.09
2026-08-05T08:18:17.785Z,3.12
2026-08-05T08:18:31.478Z,3.13
2026-08-05T08:18:46.64Z,3.15
2026-08-05T08:19:02.692Z,3.16
2026-08-05T08:19:16.796Z,3.18
2026-08-05T08:19:36.876Z,3.2
2026-08-05T08:19:52.114Z,3.22
2026-08-05T08:20:12.027Z,3.24
2026-08-05T08:20:32.118Z,3.25
2026-08-05T08:20:47.224Z,3.27
2026-08-05T08:21:03.687Z,3.3
2026-08-05T08:21:17.551Z,3.33
2026-08-05T08:21:32.628Z,3.33
2026-08-05T08:21:47.798Z,3.37
2026-08-05T08:22:02Z,3.37
2026-08-05T08:22:03.57Z,3.37
2026-08-05T08:22:17.894Z,3.4
2026-08-05T08:22:32.975Z,3.42
2026-08-05T08:22:48.032Z,3.42
2026-08-05T08:23:03.161Z,3.44
2026-08-05T08:23:18.23Z,3.46
2026-08-05T08:23:38.319Z,3.47
2026-08-05T08:23:53.399Z,3.5
2026-08-05T08:24:09.407Z,3.53
2026-08-05T08:24:28.511Z,3.53
2026-08-05T08:24:43.61Z,3.55
2026-08-05T08:24:59.298Z,3.57
2026-08-05T08:25:13.779Z,3.58
2026-08-05T08:25:33.819Z,3.59
2026-08-05T08:25:51.733Z,3.62
2026-08-05T08:26:04.132Z,3.64
2026-08-05T08:26:24.164Z,3.64
2026-08-05T08:26:39.331Z,3.68
2026-08-05T08:26:54.344Z,3.7
2026-08-05T08:27:08Z,3.7
2026-08-05T08:27:09.383Z,3.7
2026-08-05T08:27:25.441Z,3.71
2026-08-05T08:27:39.562Z,3.75
2026-08-05T08:27:59.62Z,3.75
2026-08-05T08:28:14.686Z,3.76
2026-08-05T08:28:29.772Z,3.79
2026-08-05T08:28:45.392Z,3.82
2026-08-05T08:29:00.506Z,3.83
2026-08-05T08:29:15.018Z,3.84
2026-08-05T08:29:35.091Z,3.86
2026-08-05T08:29:50.164Z,3.87
2026-08-05T08:30:13.169Z,3.89
2026-08-05T08:30:25.361Z,3.9
2026-08-05T08:30:40.497Z,3.89
2026-08-05T08:30:55.489Z,3.91
2026-08-05T08:31:10.548Z,3.93
2026-08-05T08:31:25.625Z,3.95
2026-08-05T08:31:40.675Z,3.95
2026-08-05T08:31:56.567Z,3.98
2026-08-05T08:32:10Z,3.98
2026-08-05T08:32:10.837Z,3.98
2026-08-05T08:32:25.912Z,3.99
2026-08-05T08:32:41.359Z,4.04
2026-08-05T08:32:56.77Z,4.05
2026-08-05T08:33:16.126Z,4.08
2026-08-05T08:33:31.315Z,4.09
2026-08-05T08:33:46.741Z,4.1
2026-08-05T08:34:02.562Z,4.12
2026-08-05T08:34:21.499Z,4.13
2026-08-05T08:34:36.581Z,4.16
2026-08-05T08:34:51.93Z,4.17
2026-08-05T08:35:12.395Z,4.19
2026-08-05T08:35:26.828Z,4.2
2026-08-05T08:35:47.821Z,4.22
2026-08-05T08:36:02.867Z,4.23
2026-08-05T08:36:17.229Z,4.26
2026-08-05T08:36:32.176Z,4.26
2026-08-05T08:36:47.152Z,4.28
2026-08-05T08:37:02.881Z,4.29
2026-08-05T08:37:16Z,4.3
2026-08-05T08:37:17.373Z,4.3
2026-08-05T08:37:32.456Z,4.32
2026-08-05T08:37:48.049Z,4.34
2026-08-05T08:38:02.981Z,4.36
2026-08-05T08:38:22.805Z,4.37
2026-08-05T08:38:42.86Z,4.41
2026-08-05T08:39:03.055Z,4.43
2026-08-05T08:39:18.042Z,4.44
2026-08-05T08:39:33.088Z,4.45
2026-08-05T08:39:48.201Z,4.46
2026-08-05T08:40:09.684Z,4.47
2026-08-05T08:40:23.419Z,4.48
2026-08-05T08:40:43.431Z,4.51
2026-08-05T08:40:58.689Z,4.51
2026-08-05T08:41:13.769Z,4.53
2026-08-05T08:41:28.888Z,4.54
2026-08-05T08:41:44.299Z,4.56
2026-08-05T08:42:00.136Z,4.57
2026-08-05T08:42:13Z,4.59
2026-08-05T08:42:14.132Z,4.59
2026-08-05T08:42:29.185Z,4.59
2026-08-05T08:42:44.244Z,4.61
2026-08-05T08:42:59.329Z,4.63
2026-08-05T08:43:14.407Z,4.64
2026-08-05T08:43:34.466Z,4.67
2026-08-05T08:43:50.054Z,4.67
2026-08-05T08:44:04.883Z,4.67
2026-08-05T08:44:24.694Z,4.71
2026-08-05T08:44:39.773Z,4.73
2026-08-05T08:44:54.844Z,4.73
2026-08-05T08:45:10.482Z,4.76
2026-08-05T08:45:24.999Z,4.76
2026-08-05T08:45:45.132Z,4.78
2026-08-05T08:46:00.192Z,4.78
2026-08-05T08:46:20.26Z,4.81
2026-08-05T08:46:35.355Z,4.82
2026-08-05T08:46:50.395Z,4.83
2026-08-05T08:47:05.534Z,4.84
2026-08-05T08:47:20Z,4.84
2026-08-05T08:47:20.557Z,4.84
2026-08-05T08:47:35.625Z,4.86
2026-08-05T08:47:50.703Z,4.88
2026-08-05T08:48:05.802Z,4.88
2026-08-05T08:48:25.878Z,4.91
2026-08-05T08:48:41.671Z,4.93
2026-08-05T08:48:56.056Z,4.93
2026-08-05T08:49:11.097Z,4.94
2026-08-05T08:49:26.187Z,4.96
2026-08-05T08:49:41.256Z,4.98
2026-08-05T08:50:11.917Z,4.99
2026-08-05T08:50:16.413Z,5.01
2026-08-05T08:50:36.59Z,5.02
2026-08-05T08:50:52.09Z,5.05
2026-08-05T08:51:06.937Z,5.05
2026-08-05T08:51:26.804Z,5.08
2026-08-05T08:51:41.95Z,5.1
2026-08-05T08:51:56.995Z,5.13
2026-08-05T08:52:11Z,5.14
2026-08-05T08:52:12.13Z,5.14
2026-08-05T08:52:27.185Z,5.17
2026-08-05T08:52:42.417Z,5.2
2026-08-05T08:52:57.332Z,5.2
2026-08-05T08:53:12.441Z,5.21
2026-08-05T08:53:27.502Z,5.23
2026-08-05T08:53:42.602Z,5.23
2026-08-05T08:53:57.658Z,5.25
2026-08-05T08:54:12.75Z,5.26
2026-08-05T08:54:27.805Z,5.3
2026-08-05T08:54:49.004Z,5.3
2026-08-05T08:55:15.417Z,5.32
2026-08-05T08:55:23.047Z,5.34
2026-08-05T08:55:38.162Z,5.34
2026-08-05T08:55:53.232Z,5.36
2026-08-05T08:56:08.322Z,5.38
2026-08-05T08:56:23.371Z,5.4
2026-08-05T08:56:38.451Z,5.41
2026-08-05T08:56:58.538Z,5.41
2026-08-05T08:57:13Z,5.42
2026-08-05T08:57:13.714Z,5.42
2026-08-05T08:57:33.794Z,5.43
2026-08-05T08:57:48.787Z,5.43
2026-08-05T08:58:04.41Z,5.47
2026-08-05T08:58:19.781Z,5.48
2026-08-05T08:58:34.304Z,5.49
2026-08-05T08:58:49.373Z,5.52
2026-08-05T08:59:04.483Z,5.52
2026-08-05T08:59:19.536Z,5.54
2026-08-05T08:59:34.611Z,5.54
2026-08-05T08:59:55.047Z,5.56
2026-08-05T09:00:11.506Z,5.57
2026-08-05T09:00:24.887Z,5.58
2026-08-05T09:00:39.927Z,5.58
2026-08-05T09:01:00.075Z,5.6
2026-08-05T09:01:15.154Z,5.61
2026-08-05T09:01:30.24Z,5.62
2026-08-05T09:01:50.288Z,5.66
2026-08-05T09:02:11.087Z,5.69
2026-08-05T09:02:25Z,5.69
2026-08-05T09:02:25.512Z,5.69
2026-08-05T09:02:40.58Z,5.69
2026-08-05T09:02:55.666Z,5.71
2026-08-05T09:03:10.715Z,5.72
2026-08-05T09:03:25.808Z,5.72
2026-08-05T09:03:45.896Z,5.74
2026-08-05T09:04:02.611Z,5.74
2026-08-05T09:04:16.076Z,5.76
2026-08-05T09:04:31.14Z,5.77
2026-08-05T09:04:51.212Z,5.77
2026-08-05T09:05:10.827Z,5.8
2026-08-05T09:05:21.426Z,5.81
2026-08-05T09:05:36.469Z,5.83
2026-08-05T09:05:56.549Z,5.84
2026-08-05T09:06:16.614Z,5.84
2026-08-05T09:06:31.686Z,5.85
2026-08-05T09:06:47.097Z,5.86
2026-08-05T09:07:02.562Z,5.87
2026-08-05T09:07:16Z,5.87
2026-08-05T09:07:17.035Z,5.87
2026-08-05T09:07:32.115Z,5.89
2026-08-05T09:07:52.218Z,5.89
2026-08-05T09:08:07.267Z,5.91
2026-08-05T09:08:22.373Z,5.91
2026-08-05T09:08:38.239Z,5.93
2026-08-05T09:08:57.515Z,5.94
2026-08-05T09:09:17.608Z,5.95
2026-08-05T09:09:32.682Z,5.96
2026-08-05T09:09:47.717Z,5.96
2026-08-05T09:10:12.689Z,5.99
2026-08-05T09:10:22.907Z,6.05
2026-08-05T09:10:38.004Z,6.06
2026-08-05T09:10:53.124Z,6.07
2026-08-05T09:11:13.241Z,6.08
2026-08-05T09:11:33.271Z,6.09
2026-08-05T09:11:48.354Z,6.09
2026-08-05T09:12:08.442Z,6.12
2026-08-05T09:12:23Z,6.13
2026-08-05T09:12:23.496Z,6.13
2026-08-05T09:12:38.572Z,6.14
2026-08-05T09:12:53.627Z,6.16
2026-08-05T09:13:13.753Z,6.18
2026-08-05T09:13:33.809Z,6.19
2026-08-05T09:13:48.884Z,6.19
2026-08-05T09:14:06.312Z,6.22
2026-08-05T09:14:19.807Z,6.23
2026-08-05T09:14:34.24Z,6.24
2026-08-05T09:14:55.631Z,6.28
2026-08-05T09:15:13.427Z,6.29
2026-08-05T09:15:24.539Z,6.3
2026-08-05T09:15:44.523Z,6.3
2026-08-05T09:15:59.61Z,6.32
2026-08-05T09:16:19.679Z,6.34
2026-08-05T09:16:34.751Z,6.34
2026-08-05T09:16:54.804Z,6.36
2026-08-05T09:17:10.182Z,6.36
2026-08-05T09:17:24Z,6.36
2026-08-05T09:17:24.988Z,6.36
2026-08-05T09:17:40.148Z,6.36
2026-08-05T09:17:55.2Z,6.41
2026-08-05T09:18:15.289Z,6.43
2026-08-05T09:18:30.353Z,6.43
2026-08-05T09:18:45.5Z,6.45
2026-08-05T09:19:05.515Z,6.47
2026-08-05T09:19:20.581Z,6.48
2026-08-05T09:19:35.683Z,6.49
2026-08-05T09:19:50.738Z,6.51
2026-08-05T09:20:12.504Z,6.52
2026-08-05T09:20:25.887Z,6.55
2026-08-05T09:20:41.1Z,6.56
2026-08-05T09:20:56.195Z,6.57
2026-08-05T09:21:11.252Z,6.58
2026-08-05T09:21:31.388Z,6.59
2026-08-05T09:21:46.419Z,6.6
2026-08-05T09:22:02.827Z,6.63
2026-08-05T09:22:16Z,6.63
2026-08-05T09:22:16.559Z,6.63
2026-08-05T09:22:37.338Z,6.63
2026-08-05T09:22:56.778Z,6.65
2026-08-05T09:23:16.859Z,6.66
2026-08-05T09:23:31.956Z,6.67
2026-08-05T09:23:47.007Z,6.68
2026-08-05T09:24:07.075Z,6.7
2026-08-05T09:24:27.212Z,6.71
2026-08-05T09:24:42.454Z,6.72
2026-08-05T09:24:57.51Z,6.74
2026-08-05T09:25:12.585Z,6.75
2026-08-05T09:25:28.092Z,6.77
2026-08-05T09:25:42.84Z,6.79
2026-08-05T09:25:57.797Z,6.79
2026-08-05T09:26:17.856Z,6.81
2026-08-05T09:26:37.955Z,6.83
2026-08-05T09:26:53.029Z,6.85
2026-08-05T09:27:08.12Z,6.85
2026-08-05T09:27:22Z,6.89
2026-08-05T09:27:23.18Z,6.89
2026-08-05T09:27:38.285Z,6.89
2026-08-05T09:27:53.363Z,6.91
2026-08-05T09:28:13.423Z,6.91
2026-08-05T09:28:33.505Z,6.91
2026-08-05T09:28:48.65Z,6.91
2026-08-05T09:29:03.673Z,6.92
2026-08-05T09:29:18.794Z,6.94
2026-08-05T09:29:39.566Z,6.96
2026-08-05T09:29:53.9Z,6.96
2026-08-05T09:30:13.681Z,6.96
2026-08-05T09:30:24.08Z,6.97
2026-08-05T09:30:39.17Z,6.98
2026-08-05T09:30:59.23Z,7.0
2026-08-05T09:31:14.292Z,7.0
2026-08-05T09:31:29.405Z,7.01
2026-08-05T09:31:44.417Z,7.02
2026-08-05T09:32:00.458Z,7.02
2026-08-05T09:32:14.575Z,7.03
2026-08-05T09:32:29Z,7.05
2026-08-05T09:32:29.701Z,7.05
2026-08-05T09:32:44.778Z,7.05
2026-08-05T09:32:59.862Z,7.06
2026-08-05T09:33:19.92Z,7.06
2026-08-05T09:33:35.018Z,7.06
2026-08-05T09:33:51.468Z,7.07
2026-08-05T09:34:05.427Z,7.07
2026-08-05T09:34:20.48Z,7.11
2026-08-05T09:34:40.621Z,7.14
2026-08-05T09:35:10.363Z,7.14
2026-08-05T09:35:15.727Z,7.15
2026-08-05T09:35:30.854Z,7.15
2026-08-05T09:35:46.048Z,7.17
2026-08-05T09:36:03.788Z,7.17
2026-08-05T09:36:16.131Z,7.17
2026-08-05T09:36:36.205Z,7.18
2026-08-05T09:36:51.315Z,7.18
2026-08-05T09:37:06.36Z,7.21
2026-08-05T09:37:21.436Z,7.2
2026-08-05T09:37:36Z,7.22
2026-08-05T09:37:36.582Z,7.22
2026-08-05T09:37:51.673Z,7.23
2026-08-05T09:38:14.139Z,7.24
2026-08-05T09:38:32.288Z,7.28
2026-08-05T09:38:46.914Z,7.29
2026-08-05T09:39:07.022Z,7.29
2026-08-05T09:39:22.101Z,7.29
2026-08-05T09:39:37.309Z,7.3
2026-08-05T09:39:52.255Z,7.31
2026-08-05T09:40:13.358Z,7.31
2026-08-05T09:40:27.403Z,7.34
2026-08-05T09:40:42.484Z,7.36
2026-08-05T09:40:57.561Z,7.38
2026-08-05T09:41:17.909Z,7.39
2026-08-05T09:41:32.711Z,7.4
2026-08-05T09:41:52.771Z,7.38
2026-08-05T09:42:07.872Z,7.4
2026-08-05T09:42:27Z,7.41
2026-08-05T09:42:28.008Z,7.41
2026-08-05T09:42:43.058Z,7.41
2026-08-05T09:43:03.131Z,7.41
2026-08-05T09:43:23.419Z,7.43
2026-08-05T09:43:38.279Z,7.44
2026-08-05T09:43:53.356Z,7.45
2026-08-05T09:44:08.439Z,7.47
2026-08-05T09:44:23.542Z,7.48
2026-08-05T09:44:43.594Z,7.5
2026-08-05T09:44:58.678Z,7.5
2026-08-05T09:45:13.735Z,7.51
2026-08-05T09:45:33.813Z,7.51
2026-08-05T09:45:53.903Z,7.52
2026-08-05T09:46:08.943Z,7.52
2026-08-05T09:46:24.163Z,7.53
2026-08-05T09:46:44.15Z,7.53
2026-08-05T09:47:04.196Z,7.53
2026-08-05T09:47:19.267Z,7.55
2026-08-05T09:47:33Z,7.57
2026-08-05T09:47:34.522Z,7.57
2026-08-05T09:47:54.423Z,7.61
2026-08-05T09:48:09.53Z,7.64
2026-08-05T09:48:24.572Z,7.63
2026-08-05T09:48:39.676Z,7.64
2026-08-05T09:48:54.75Z,7.65
2026-08-05T09:49:14.818Z,7.66
2026-08-05T09:49:36.249Z,7.7
2026-08-05T09:49:50.013Z,7.7
2026-08-05T09:50:13.514Z,7.73
2026-08-05T09:50:25.218Z,7.76
2026-08-05T09:50:40.416Z,7.77
2026-08-05T09:50:55.351Z,7.77
2026-08-05T09:51:11.152Z,7.78
2026-08-05T09:51:25.922Z,7.78
2026-08-05T09:51:41.511Z,7.76
2026-08-05T09:51:55.667Z,7.78
2026-08-05T09:52:10.747Z,7.78
2026-08-05T09:52:30Z,7.79
2026-08-05T09:52:31.555Z,7.79
2026-08-05T09:52:45.892Z,7.8
2026-08-05T09:53:02.907Z,7.8
2026-08-05T09:53:23.975Z,7.84
2026-08-05T09:53:36.131Z,7.84
2026-08-05T09:53:51.225Z,7.84
2026-08-05T09:54:06.274Z,7.88
2026-08-05T09:54:21.751Z,7.88
2026-08-05T09:54:36.452Z,7.88
2026-08-05T09:54:51.582Z,7.88
2026-08-05T09:55:11.595Z,7.91
2026-08-05T09:55:21.707Z,7.96
2026-08-05T09:55:36.776Z,7.96
2026-08-05T09:55:51.837Z,7.96
2026-08-05T09:56:06.956Z,7.96
2026-08-05T09:56:21.992Z,7.96
2026-08-05T09:56:37.073Z,7.97
2026-08-05T09:56:52.223Z,7.98
2026-08-05T09:57:07.296Z,7.99
2026-08-05T09:57:25.593Z,8.0
2026-08-05T09:57:37Z,8.0
2026-08-05T09:57:37.426Z,8.0
2026-08-05T09:57:52.535Z,8.01
2026-08-05T09:58:07.638Z,8.01
2026-08-05T09:58:22.675Z,8.05
2026-08-05T09:58:37.761Z,8.04
2026-08-05T09:58:52.827Z,8.04
2026-08-05T09:59:07.908Z,8.04
2026-08-05T09:59:24.34Z,8.06
2026-08-05T09:59:38.246Z,8.06
2026-08-05T09:59:53.297Z,8.08
2026-08-05T10:00:12.592Z,8.07
2026-08-05T10:00:24.461Z,8.07
2026-08-05T10:00:38.756Z,8.07
2026-08-05T10:00:53.818Z,8.06
2026-08-05T10:01:13.923Z,8.04
2026-08-05T10:01:29.04Z,8.05
2026-08-05T10:01:44.196Z,8.05
2026-08-05T10:01:59.27Z,8.05
2026-08-05T10:02:14.358Z,8.05
2026-08-05T10:02:29.469Z,8.05
2026-08-05T10:02:44Z,8.05
2026-08-05T10:02:44.51Z,8.05
2026-08-05T10:02:59.565Z,8.05
2026-08-05T10:03:14.64Z,8.05
2026-08-05T10:03:29.728Z,8.06
2026-08-05T10:03:44.822Z,8.06
2026-08-05T10:03:59.932Z,8.07
2026-08-05T10:04:15.692Z,8.06
2026-08-05T10:04:35.048Z,8.06
2026-08-05T10:04:50.11Z,8.06
2026-08-05T10:05:09.949Z,8.06
2026-08-05T10:05:25.323Z,8.08
2026-08-05T10:05:45.342Z,8.06
2026-08-05T10:06:00.421Z,8.06
2026-08-05T10:06:15.5Z,8.06
2026-08-05T10:06:30.561Z,8.06
2026-08-05T10:06:45.675Z,8.1
2026-08-05T10:07:02.723Z,8.1
2026-08-05T10:07:20.8Z,8.13
2026-08-05T10:07:40Z,8.12
2026-08-05T10:07:40.898Z,8.12
2026-08-05T10:07:55.961Z,8.12
2026-08-05T10:08:13.348Z,8.12
2026-08-05T10:08:26.141Z,8.13
2026-08-05T10:08:41.23Z,8.15
2026-08-05T10:08:56.34Z,8.15
2026-08-05T10:09:11.34Z,8.14
2026-08-05T10:09:26.482Z,8.13
2026-08-05T10:09:41.562Z,8.14
2026-08-05T10:10:07.089Z,8.14
2026-08-05T10:10:17.626Z,8.16
2026-08-05T10:10:31.798Z,8.16
2026-08-05T10:10:46.893Z,8.16
2026-08-05T10:11:04.107Z,8.15
2026-08-05T10:11:22.049Z,8.19
2026-08-05T10:11:37.102Z,8.19
2026-08-05T10:11:57.19Z,8.19
2026-08-05T10:12:12.245Z,8.19
2026-08-05T10:12:27.318Z,8.2
2026-08-05T10:12:46Z,8.19
2026-08-05T10:12:47.407Z,8.19
2026-08-05T10:13:03.152Z,8.19
2026-08-05T10:13:22.682Z,8.2
2026-08-05T10:13:42.634Z,8.2
2026-08-05T10:14:03.113Z,8.23
2026-08-05T10:14:19.169Z,8.23
2026-08-05T10:14:32.929Z,8.23
2026-08-05T10:14:48.014Z,8.25
2026-08-05T10:15:08.705Z,8.24
2026-08-05T10:15:23.17Z,8.25
2026-08-05T10:15:38.228Z,8.26
2026-08-05T10:15:53.291Z,8.29
2026-08-05T10:16:08.364Z,8.3
2026-08-05T10:16:23.457Z,8.33
2026-08-05T10:16:38.515Z,8.33
2026-08-05T10:16:58.598Z,8.32
2026-08-05T10:17:13.681Z,8.32
2026-08-05T10:17:30.582Z,8.36
2026-08-05T10:17:43Z,8.36
2026-08-05T10:17:43.844Z,8.36
2026-08-05T10:17:58.931Z,8.36
2026-08-05T10:18:14.04Z,8.36
2026-08-05T10:18:34.11Z,8.45
2026-08-05T10:18:49.132Z,8.46
2026-08-05T10:19:09.274Z,8.49
2026-08-05T10:19:24.355Z,8.48
2026-08-05T10:19:39.484Z,8.49
2026-08-05T10:19:59.498Z,8.5
2026-08-05T10:20:14.581Z,8.51
2026-08-05T10:20:30.577Z,8.5
2026-08-05T10:20:44.718Z,8.51
2026-08-05T10:20:59.797Z,8.53
2026-08-05T10:21:14.88Z,8.53
2026-08-05T10:21:35.492Z,8.52
2026-08-05T10:21:55.074Z,8.53
2026-08-05T10:22:10.196Z,8.54
2026-08-05T10:22:25.214Z,8.55
2026-08-05T10:22:44Z,8.58
2026-08-05T10:22:45.716Z,8.58
2026-08-05T10:23:05.393Z,8.58
2026-08-05T10:23:25.454Z,8.59
2026-08-05T10:23:40.514Z,8.61
2026-08-05T10:23:55.602Z,8.61
2026-08-05T10:24:10.698Z,8.61
2026-08-05T10:24:25.81Z,8.62
2026-08-05T10:24:40.807Z,8.62
2026-08-05T10:24:55.927Z,8.64
2026-08-05T10:25:12.631Z,8.64
2026-08-05T10:25:26.044Z,8.64
2026-08-05T10:25:42.34Z,8.65
2026-08-05T10:25:56.312Z,8.65
2026-08-05T10:26:16.402Z,8.65
2026-08-05T10:26:31.554Z,8.64
2026-08-05T10:26:46.617Z,8.66
2026-08-05T10:27:06.689Z,8.66
2026-08-05T10:27:21.787Z,8.67
2026-08-05T10:27:41Z,8.67
2026-08-05T10:27:41.823Z,8.67
2026-08-05T10:27:58.022Z,8.64
2026-08-05T10:28:11.973Z,8.65
2026-08-05T10:28:27.149Z,8.69
2026-08-05T10:28:47.138Z,8.7
2026-08-05T10:29:02.768Z,8.7
2026-08-05T10:29:17.272Z,8.73
2026-08-05T10:29:32.371Z,8.74
2026-08-05T10:29:47.418Z,8.74
2026-08-05T10:30:10.981Z,8.73
2026-08-05T10:30:22.641Z,8.73
2026-08-05T10:30:37.742Z,8.74
2026-08-05T10:30:57.727Z,8.75
2026-08-05T10:31:14.264Z,8.75
2026-08-05T10:31:27.897Z,8.75
2026-08-05T10:31:42.952Z,8.76
2026-08-05T10:32:03.198Z,8.74
2026-08-05T10:32:18.098Z,8.77
2026-08-05T10:32:37Z,8.77
2026-08-05T10:32:38.193Z,8.77
2026-08-05T10:32:58.24Z,8.85
2026-08-05T10:33:13.347Z,8.83
2026-08-05T10:33:33.395Z,8.87
2026-08-05T10:33:48.58Z,8.88
2026-08-05T10:34:03.657Z,8.88
2026-08-05T10:34:18.755Z,8.89
2026-08-05T10:34:33.817Z,8.9
2026-08-05T10:34:49.163Z,8.9
2026-08-05T10:35:11.113Z,8.92
2026-08-05T10:35:19.096Z,8.93
2026-08-05T10:35:34.138Z,8.93
2026-08-05T10:35:49.229Z,8.93
2026-08-05T10:36:04.375Z,8.96
2026-08-05T10:36:19.506Z,8.96
2026-08-05T10:36:34.573Z,8.97
2026-08-05T10:36:54.659Z,8.95
2026-08-05T10:37:09.728Z,8.96
2026-08-05T10:37:29.784Z,8.96
2026-08-05T10:37:49Z,8.97
2026-08-05T10:37:49.901Z,8.97
2026-08-05T10:38:04.977Z,8.98
2026-08-05T10:38:20.04Z,8.97
2026-08-05T10:38:35.116Z,8.98
2026-08-05T10:38:50.18Z,8.99
2026-08-05T10:39:05.259Z,8.99
2026-08-05T10:39:20.359Z,9.01
2026-08-05T10:39:35.413Z,9.03
2026-08-05T10:39:52.153Z,9.04
2026-08-05T10:40:10.804Z,9.04
2026-08-05T10:40:20.651Z,9.05
2026-08-05T10:40:35.728Z,9.06
2026-08-05T10:40:51.473Z,9.07
2026-08-05T10:41:05.878Z,9.07
2026-08-05T10:41:20.96Z,9.07
2026-08-05T10:41:36.031Z,9.09
2026-08-05T10:41:51.119Z,9.09
2026-08-05T10:42:11.184Z,9.09
2026-08-05T10:42:27.281Z,9.11
2026-08-05T10:42:40Z,9.11
2026-08-05T10:42:41.328Z,9.11
2026-08-05T10:43:08.394Z,9.14
2026-08-05T10:43:17.654Z,9.16
2026-08-05T10:43:31.639Z,9.17
2026-08-05T10:43:46.691Z,9.18
2026-08-05T10:44:03.447Z,9.17
2026-08-05T10:44:22.264Z,9.17
2026-08-05T10:44:36.874Z,9.17
2026-08-05T10:44:56.952Z,9.13
2026-08-05T10:45:15.064Z,9.06
2026-08-05T10:45:27.734Z,8.97
2026-08-05T10:45:42.186Z,8.93
2026-08-05T10:45:57.284Z,8.96
2026-08-05T10:46:12.331Z,8.89
2026-08-05T10:46:28.235Z,8.77
2026-08-05T10:46:42.497Z,8.77
2026-08-05T10:46:57.574Z,8.67
2026-08-05T10:47:12.968Z,8.56
2026-08-05T10:47:27.769Z,8.47
2026-08-05T10:47:42Z,8.37
2026-08-05T10:47:42.896Z,8.37
2026-08-05T10:48:20.406Z,8.16
2026-08-05T10:48:24.707Z,8.07
2026-08-05T10:48:38.107Z,8.07
2026-08-05T10:48:58.18Z,7.81
2026-08-05T10:49:15.229Z,7.73
2026-08-05T10:49:28.558Z,7.73
2026-08-05T10:49:48.634Z,7.54
2026-08-05T10:50:08.798Z,7.51
2026-08-05T10:50:25.168Z,7.23
2026-08-05T10:50:43.98Z,7.23
2026-08-05T10:50:59.147Z,7.06
2026-08-05T10:51:14.17Z,6.95
2026-08-05T10:51:29.199Z,6.95
2026-08-05T10:51:44.447Z,6.78
2026-08-05T10:51:59.403Z,6.7
2026-08-05T10:52:19.483Z,6.63
2026-08-05T10:52:34.576Z,6.56
2026-08-05T10:52:49Z,6.5
2026-08-05T10:52:49.621Z,6.5
2026-08-05T10:53:27.191Z,6.42
2026-08-05T10:53:32.946Z,6.36
2026-08-05T10:53:38.542Z,6.25
2026-08-05T10:53:50.506Z,6.2
2026-08-05T10:54:06.617Z,6.17
2026-08-05T10:54:20.388Z,6.11
2026-08-05T10:54:40.448Z,6.05
2026-08-05T10:54:55.564Z,6.02
2026-08-05T10:55:11.519Z,6.0
2026-08-05T10:55:25.983Z,5.95
2026-08-05T10:55:40.774Z,5.91
2026-08-05T10:55:55.866Z,5.85
2026-08-05T10:56:10.93Z,5.83
2026-08-05T10:56:26.547Z,5.81
2026-08-05T10:56:41.325Z,5.78
2026-08-05T10:57:02.579Z,5.77
2026-08-05T10:57:16.405Z,5.77
2026-08-05T10:57:31.94Z,5.75
2026-08-05T10:57:46.557Z,5.72
2026-08-05T10:58:01Z,5.69
2026-08-05T10:58:02.795Z,5.69
2026-08-05T10:58:16.709Z,5.69
2026-08-05T10:58:31.778Z,5.65
2026-08-05T10:58:51.923Z,5.67
2026-08-05T10:59:07.273Z,5.65
2026-08-05T10:59:22.333Z,5.65
2026-08-05T10:59:37.494Z,5.65
2026-08-05T10:59:57.47Z,5.64
2026-08-05T11:00:12.616Z,5.63
2026-08-05T11:00:27.661Z,5.62
2026-08-05T11:00:42.765Z,5.63
2026-08-05T11:00:57.859Z,5.62
2026-08-05T11:01:12.878Z,5.62
2026-08-05T11:01:27.981Z,5.63
2026-08-05T11:01:43.188Z,5.64
2026-08-05T11:01:58.8Z,5.64
2026-08-05T11:02:18.26Z,5.65
2026-08-05T11:02:33.331Z,5.65
2026-08-05T11:02:48.651Z,5.66
2026-08-05T11:03:03Z,5.67
2026-08-05T11:03:03.618Z,5.67
2026-08-05T11:03:18.672Z,5.67
2026-08-05T11:03:33.772Z,5.67
2026-08-05T11:03:50.18Z,5.67
2026-08-05T11:04:04.131Z,5.67
2026-08-05T11:04:19.266Z,5.69
2026-08-05T11:04:34.762Z,5.7
2026-08-05T11:04:54.351Z,5.72
2026-08-05T11:05:14.446Z,5.73
2026-08-05T11:05:29.582Z,5.73
2026-08-05T11:05:44.596Z,5.75
2026-08-05T11:05:59.683Z,5.75
2026-08-05T11:06:14.74Z,5.76
2026-08-05T11:06:29.877Z,5.78
2026-08-05T11:06:49.949Z,5.79
2026-08-05T11:07:05.055Z,5.8
2026-08-05T11:07:20.099Z,5.81
2026-08-05T11:07:35.182Z,5.81
2026-08-05T11:07:50.26Z,5.82
2026-08-05T11:08:04Z,5.85
2026-08-05T11:08:05.332Z,5.85
2026-08-05T11:08:20.432Z,5.85
2026-08-05T11:08:35.491Z,5.84
2026-08-05T11:08:55.58Z,5.87
2026-08-05T11:09:10.646Z,5.92
2026-08-05T11:09:25.726Z,5.93
2026-08-05T11:09:40.805Z,5.97
2026-08-05T11:09:55.934Z,5.97
2026-08-05T11:10:11.695Z,5.99
2026-08-05T11:10:26.05Z,6.01
2026-08-05T11:10:41.155Z,6.03
2026-08-05T11:10:56.169Z,6.04
2026-08-05T11:11:11.245Z,6.05
2026-08-05T11:11:31.503Z,6.12
2026-08-05T11:11:46.399Z,6.14
2026-08-05T11:12:02.814Z,6.15
2026-08-05T11:12:21.588Z,6.14
2026-08-05T11:12:36.853Z,6.13
2026-08-05T11:12:51.699Z,6.14
2026-08-05T11:13:06Z,6.17
2026-08-05T11:13:06.778Z,6.17
2026-08-05T11:13:21.843Z,6.24
2026-08-05T11:13:37.844Z,6.24
2026-08-05T11:13:52.051Z,6.25
2026-08-05T11:14:12.147Z,6.27
2026-08-05T11:14:27.208Z,6.29
2026-08-05T11:14:47.265Z,6.33
2026-08-05T11:15:12.303Z,6.34
2026-08-05T11:15:22.519Z,6.38
2026-08-05T11:15:37.995Z,6.41
2026-08-05T11:15:57.617Z,6.41
2026-08-05T11:16:17.709Z,6.44
2026-08-05T11:16:32.879Z,6.46
2026-08-05T11:16:53.124Z,6.53
2026-08-05T11:17:03.84Z,6.53
2026-08-05T11:17:23.01Z,6.58
2026-08-05T11:17:38.149Z,6.61
2026-08-05T11:17:53.635Z,6.64
2026-08-05T11:18:08Z,6.64
2026-08-05T11:18:08.856Z,6.64
2026-08-05T11:19:15.345Z,6.69
2026-08-05T11:19:34.618Z,6.85
2026-08-05T11:19:49.396Z,6.87
2026-08-05T11:20:11.646Z,6.9
2026-08-05T11:20:19.794Z,6.91
2026-08-05T11:20:34.549Z,6.93
2026-08-05T11:20:49.619Z,6.94
2026-08-05T11:21:04.984Z,6.93
2026-08-05T11:21:19.839Z,6.95
2026-08-05T11:21:34.922Z,6.98
2026-08-05T11:21:49.99Z,7.0
2026-08-05T11:22:10.136Z,7.0
2026-08-05T11:22:25.157Z,7.03
2026-08-05T11:22:40.267Z,7.05
2026-08-05T11:22:55.866Z,7.12
2026-08-05T11:23:10.397Z,7.12
2026-08-05T11:23:25.509Z,7.14
2026-08-05T11:23:40.582Z,7.16
2026-08-05T11:23:55Z,7.16
2026-08-05T11:23:55.631Z,7.16
2026-08-05T11:24:10.708Z,7.24
2026-08-05T11:24:25.83Z,7.25
2026-08-05T11:24:40.911Z,7.28
2026-08-05T11:24:55.943Z,7.28
2026-08-05T11:25:11.01Z,7.36
2026-08-05T11:25:26.1Z,7.39
2026-08-05T11:25:41.171Z,7.43
2026-08-05T11:25:56.562Z,7.43
2026-08-05T11:26:11.363Z,7.46
2026-08-05T11:26:26.39Z,7.45
2026-08-05T11:26:41.47Z,7.48
2026-08-05T11:26:56.76Z,7.51
2026-08-05T11:27:11.637Z,7.52
2026-08-05T11:27:26.767Z,7.57
2026-08-05T11:27:42.406Z,7.56
2026-08-05T11:27:57.328Z,7.63
2026-08-05T11:28:12.145Z,7.64
2026-08-05T11:28:27.139Z,7.64
2026-08-05T11:28:42.186Z,7.7
2026-08-05T11:28:56Z,7.7
2026-08-05T11:28:57.251Z,7.7
2026-08-05T11:29:12.308Z,7.71
2026-08-05T11:29:27.395Z,7.72
2026-08-05T11:29:47.468Z,7.77
2026-08-05T11:30:10.391Z,7.81
2026-08-05T11:30:17.653Z,7.82
2026-08-05T11:30:37.76Z,7.81
2026-08-05T11:30:52.841Z,7.86
2026-08-05T11:31:07.849Z,7.86
2026-08-05T11:31:22.984Z,7.87
2026-08-05T11:31:43.065Z,7.97
2026-08-05T11:31:58.155Z,7.96
2026-08-05T11:32:13.26Z,7.95
2026-08-05T11:32:33.309Z,7.98
2026-08-05T11:32:48.413Z,8.01
2026-08-05T11:33:04.28Z,8.0
2026-08-05T11:33:21.018Z,7.98
2026-08-05T11:33:33.704Z,8.01
2026-08-05T11:33:48.709Z,8.06
2026-08-05T11:34:03Z,8.07
2026-08-05T11:34:03.768Z,8.07
2026-08-05T11:34:24.167Z,8.14
2026-08-05T11:34:38.974Z,8.16
2026-08-05T11:34:54.006Z,8.16
2026-08-05T11:35:12.614Z,8.2
2026-08-05T11:35:30.038Z,8.22
2026-08-05T11:35:44.297Z,8.22
2026-08-05T11:35:59.401Z,8.26
2026-08-05T11:36:14.46Z,8.27
2026-08-05T11:36:29.768Z,8.3
2026-08-05T11:36:44.93Z,8.37
2026-08-05T11:36:59.653Z,8.37
2026-08-05T11:37:14.755Z,8.39
2026-08-05T11:37:34.947Z,8.42
2026-08-05T11:37:54.892Z,8.41
2026-08-05T11:38:10.446Z,8.42
2026-08-05T11:38:30.776Z,8.4
2026-08-05T11:38:45.14Z,8.37
2026-08-05T11:38:59Z,8.34
2026-08-05T11:39:00.516Z,8.34
2026-08-05T11:39:36.915Z,8.34
2026-08-05T11:39:41.465Z,8.28
2026-08-05T11:39:45.952Z,8.24
2026-08-05T11:40:12.207Z,8.2
2026-08-05T11:40:15.971Z,8.2
2026-08-05T11:40:30.938Z,8.11
2026-08-05T11:40:45.949Z,8.01
2026-08-05T11:41:02.593Z,8.01
2026-08-05T11:41:21.053Z,7.96
2026-08-05T11:41:36.488Z,7.84
2026-08-05T11:41:51.367Z,7.81
2026-08-05T11:42:06.416Z,7.75
2026-08-05T11:42:26.507Z,7.7
2026-08-05T11:42:41.7Z,7.6
2026-08-05T11:42:56.683Z,7.55
2026-08-05T11:43:11.765Z,7.46
2026-08-05T11:43:26.843Z,7.36
2026-08-05T11:43:41.939Z,7.36
2026-08-05T11:43:56Z,7.12
2026-08-05T11:43:57.812Z,7.12
2026-08-05T11:44:13.206Z,7.09
2026-08-05T11:44:27.173Z,6.99
2026-08-05T11:44:42.207Z,6.92
2026-08-05T11:44:57.291Z,6.82
2026-08-05T11:45:14.06Z,6.72
2026-08-05T11:45:27.542Z,6.64
2026-08-05T11:45:42.487Z,6.64
2026-08-05T11:46:03.748Z,6.52
2026-08-05T11:46:17.665Z,6.52
2026-08-05T11:46:32.711Z,6.4
2026-08-05T11:46:47.781Z,6.34
2026-08-05T11:47:04.565Z,6.27
2026-08-05T11:47:18.009Z,6.23
2026-08-05T11:47:33.036Z,6.23
2026-08-05T11:47:48.113Z,6.09
2026-08-05T11:48:04.794Z,6.07
2026-08-05T11:48:18.269Z,6.07
2026-08-05T11:48:33.347Z,5.99
2026-08-05T11:48:48.459Z,5.96
2026-08-05T11:49:08Z,5.89
2026-08-05T11:49:09.235Z,5.89
2026-08-05T11:49:41.516Z,5.87
2026-08-05T11:49:45.148Z,5.84
2026-08-05T11:49:53.763Z,5.82
2026-08-05T11:50:13.881Z,5.8
2026-08-05T11:50:28.976Z,5.78
2026-08-05T11:50:49.38Z,5.74
2026-08-05T11:51:09.033Z,5.73
2026-08-05T11:51:24.114Z,5.69
2026-08-05T11:51:39.203Z,5.69
2026-08-05T11:51:54.284Z,5.7
2026-08-05T11:52:09.341Z,5.68
2026-08-05T11:52:24.413Z,5.67
2026-08-05T11:52:39.502Z,5.66
2026-08-05T11:52:54.548Z,5.66
2026-08-05T11:53:09.639Z,5.66
2026-08-05T11:53:24.777Z,5.66
2026-08-05T11:53:39.86Z,5.65
2026-08-05T11:53:59Z,5.65
2026-08-05T11:53:59.896Z,5.65
2026-08-05T11:54:14.98Z,5.65
2026-08-05T11:54:30.037Z,5.66
2026-08-05T11:54:45.401Z,5.67
2026-08-05T11:55:00.194Z,5.67
2026-08-05T11:55:15.294Z,5.68
2026-08-05T11:55:35.349Z,5.67
2026-08-05T11:55:50.422Z,5.67
2026-08-05T11:56:05.843Z,5.68
2026-08-05T11:56:20.573Z,5.71
2026-08-05T11:56:35.643Z,5.72
2026-08-05T11:56:50.723Z,5.72
2026-08-05T11:57:05.82Z,5.73
2026-08-05T11:57:20.876Z,5.75
2026-08-05T11:57:36.169Z,5.75
2026-08-05T11:57:56.125Z,5.77
2026-08-05T11:58:11.259Z,5.75
2026-08-05T11:58:26.255Z,5.76
2026-08-05T11:58:46.346Z,5.77
2026-08-05T11:59:01Z,5.8
2026-08-05T11:59:03.016Z,5.8
2026-08-05T11:59:16.551Z,5.79
2026-08-05T11:59:31.661Z,5.88
2026-08-05T11:59:51.687Z,5.87
2026-08-05T12:00:10.477Z,5.91
2026-08-05T12:00:21.893Z,5.89
2026-08-05T12:00:36.994Z,5.93
2026-08-05T12:00:52.376Z,5.94
2026-08-05T12:01:12.16Z,5.97
2026-08-05T12:01:27.209Z,5.98
2026-08-05T12:01:42.814Z,5.99
2026-08-05T12:01:57.399Z,6.0
2026-08-05T12:02:12.485Z,6.0
2026-08-05T12:02:27.572Z,6.03
2026-08-05T12:02:42.71Z,6.04
2026-08-05T12:02:57.871Z,6.1
2026-08-05T12:03:12.88Z,6.15
2026-08-05T12:03:32.937Z,6.15
2026-08-05T12:03:48.028Z,6.2
2026-08-05T12:04:02Z,6.22
2026-08-05T12:04:03.155Z,6.22
2026-08-05T12:04:18.681Z,6.22
2026-08-05T12:04:34.106Z,6.23
2026-08-05T12:04:48.857Z,6.23
2026-08-05T12:05:11.743Z,6.26
2026-08-05T12:05:23.541Z,6.3
2026-08-05T12:05:38.599Z,6.29
2026-08-05T12:05:53.682Z,6.3
2026-08-05T12:06:08.764Z,6.3
2026-08-05T12:06:23.845Z,6.32
2026-08-05T12:06:38.913Z,6.33
2026-08-05T12:06:54.035Z,6.33
2026-08-05T12:07:14.345Z,6.36
2026-08-05T12:07:29.198Z,6.39
2026-08-05T12:07:44.328Z,6.42
2026-08-05T12:07:59.413Z,6.43
2026-08-05T12:08:19.441Z,6.46
2026-08-05T12:08:34.519Z,6.46
2026-08-05T12:08:49.596Z,6.49
2026-08-05T12:09:04Z,6.5
2026-08-05T12:09:04.669Z,6.5
2026-08-05T12:09:19.757Z,6.5
2026-08-05T12:09:34.813Z,6.48
2026-08-05T12:09:49.896Z,6.52
2026-08-05T12:10:10.43Z,6.52
2026-08-05T12:10:25.212Z,6.55
2026-08-05T12:10:40.18Z,6.58
2026-08-05T12:10:55.343Z,6.59
2026-08-05T12:11:10.345Z,6.62
2026-08-05T12:11:25.419Z,6.63
2026-08-05T12:11:40.503Z,6.63
2026-08-05T12:11:55.57Z,6.65
2026-08-05T12:12:10.635Z,6.66
2026-08-05T12:12:25.724Z,6.64
2026-08-05T12:12:46.514Z,6.71
2026-08-05T12:13:02.71Z,6.71
2026-08-05T12:13:20.94Z,6.75
2026-08-05T12:13:36.033Z,6.77
2026-08-05T12:13:56.102Z,6.77
2026-08-05T12:14:10Z,6.78
2026-08-05T12:14:11.184Z,6.78
2026-08-05T12:14:27.103Z,6.81
2026-08-05T12:14:46.37Z,6.85
2026-08-05T12:15:11.653Z,6.84
2026-08-05T12:15:16.485Z,6.89
2026-08-05T12:15:32.058Z,6.9
2026-08-05T12:15:46.714Z,6.92
2026-08-05T12:16:02.706Z,6.9
2026-08-05T12:16:16.83Z,6.93
2026-08-05T12:16:31.856Z,6.93
2026-08-05T12:16:46.94Z,6.96
2026-08-05T12:17:02.871Z,6.96
2026-08-05T12:17:17.099Z,6.95
2026-08-05T12:17:32.202Z,6.95
2026-08-05T12:17:52.904Z,6.96
2026-08-05T12:18:07.323Z,6.97
2026-08-05T12:18:27.422Z,6.97
2026-08-05T12:18:42.486Z,7.0
2026-08-05T12:19:03.871Z,7.02
2026-08-05T12:19:17Z,7.03
2026-08-05T12:19:17.657Z,7.03
2026-08-05T12:19:32.726Z,7.03
2026-08-05T12:19:52.815Z,7.03
2026-08-05T12:20:09.844Z,7.05
2026-08-05T12:20:22.961Z,7.04
2026-08-05T12:20:38.07Z,7.02
2026-08-05T12:20:53.109Z,7.05
2026-08-05T12:21:08.212Z,7.06
2026-08-05T12:21:23.271Z,7.07
2026-08-05T12:21:43.335Z,7.05
2026-08-05T12:21:58.486Z,7.07
2026-08-05T12:22:18.495Z,7.06
2026-08-05T12:22:33.601Z,7.07
2026-08-05T12:22:53.639Z,7.07
2026-08-05T12:23:08.732Z,7.07
2026-08-05T12:23:23.806Z,7.09
2026-08-05T12:23:38.91Z,7.08
2026-08-05T12:23:53.952Z,7.08
2026-08-05T12:24:08Z,7.1
2026-08-05T12:24:09.078Z,7.1
2026-08-05T12:24:24.219Z,7.11
2026-08-05T12:24:39.202Z,7.1
2026-08-05T12:24:54.549Z,7.09
2026-08-05T12:25:14.322Z,7.14
2026-08-05T12:25:24.563Z,7.14
2026-08-05T12:25:39.675Z,7.15
2026-08-05T12:25:54.678Z,7.15
2026-08-05T12:26:10.244Z,7.17
2026-08-05T12:26:25.225Z,7.17
2026-08-05T12:26:39.883Z,7.17
2026-08-05T12:26:54.956Z,7.17
2026-08-05T12:27:15.157Z,7.18
2026-08-05T12:27:30.158Z,7.16
2026-08-05T12:27:45.199Z,7.2
2026-08-05T12:28:05.284Z,7.21
2026-08-05T12:28:27.14Z,7.21
2026-08-05T12:28:40.521Z,7.21
2026-08-05T12:28:55.544Z,7.21
2026-08-05T12:29:10Z,7.21
2026-08-05T12:29:10.63Z,7.21
2026-08-05T12:29:25.677Z,7.21
2026-08-05T12:29:45.827Z,7.22
2026-08-05T12:30:09.822Z,7.22
2026-08-05T12:30:16.002Z,7.23
2026-08-05T12:30:36.045Z,7.26
2026-08-05T12:30:51.127Z,7.27
2026-08-05T12:31:11.246Z,7.29
2026-08-05T12:31:26.298Z,7.28
2026-08-05T12:31:41.361Z,7.28
2026-08-05T12:31:56.696Z,7.29
2026-08-05T12:32:16.529Z,7.29
2026-08-05T12:32:31.594Z,7.31
2026-08-05T12:32:51.699Z,7.31
2026-08-05T12:33:06.856Z,7.32
2026-08-05T12:33:21.979Z,7.32
2026-08-05T12:33:36.992Z,7.31
2026-08-05T12:33:52.102Z,7.32
2026-08-05T12:34:11Z,7.32
2026-08-05T12:34:12.415Z,7.32
2026-08-05T12:34:27.244Z,7.33
2026-08-05T12:34:43.43Z,7.32
2026-08-05T12:34:57.387Z,7.35
2026-08-05T12:35:12.545Z,7.33
2026-08-05T12:35:27.536Z,7.35
2026-08-05T12:35:42.667Z,7.36
2026-08-05T12:35:57.701Z,7.37
2026-08-05T12:36:12.778Z,7.4
2026-08-05T12:36:27.829Z,7.41
2026-08-05T12:36:42.954Z,7.4
2026-08-05T12:36:57.979Z,7.42
2026-08-05T12:37:13.092Z,7.42
2026-08-05T12:37:28.158Z,7.44
2026-08-05T12:37:48.251Z,7.43
2026-08-05T12:38:04.076Z,7.45
2026-08-05T12:38:19.098Z,7.46
2026-08-05T12:38:33.461Z,7.46
2026-08-05T12:38:53.526Z,7.49
2026-08-05T12:39:08.878Z,7.5
2026-08-05T12:39:23Z,7.51
2026-08-05T12:39:23.672Z,7.51
2026-08-05T12:39:38.769Z,7.51
2026-08-05T12:39:58.904Z,7.51
2026-08-05T12:40:13.993Z,7.52
2026-08-05T12:40:28.999Z,7.54
2026-08-05T12:40:44.123Z,7.56
2026-08-05T12:40:59.167Z,7.56
2026-08-05T12:41:14.236Z,7.58
2026-08-05T12:41:29.337Z,7.59
2026-08-05T12:41:44.445Z,7.58
2026-08-05T12:42:04.499Z,7.6
2026-08-05T12:42:19.593Z,7.61
2026-08-05T12:42:34.658Z,7.68
2026-08-05T12:42:50.017Z,7.69
2026-08-05T12:43:04.912Z,7.7
2026-08-05T12:43:19.97Z,7.7
2026-08-05T12:43:40.077Z,7.72
2026-08-05T12:43:55.175Z,7.72
2026-08-05T12:44:10.209Z,7.73
2026-08-05T12:44:24Z,7.74
2026-08-05T12:44:25.341Z,7.74
2026-08-05T12:44:41.204Z,7.72
2026-08-05T12:45:07.148Z,7.72
2026-08-05T12:45:15.575Z,7.7
2026-08-05T12:45:35.652Z,7.72
2026-08-05T12:45:55.738Z,7.74
2026-08-05T12:46:10.804Z,7.76
2026-08-05T12:46:25.871Z,7.76
2026-08-05T12:46:41.072Z,7.77
2026-08-05T12:46:56.048Z,7.77
2026-08-05T12:47:13.661Z,7.81
2026-08-05T12:47:27.339Z,7.81
2026-08-05T12:47:46.392Z,7.82
2026-08-05T12:48:07.287Z,7.86
2026-08-05T12:48:21.564Z,7.86
2026-08-05T12:48:36.616Z,7.86
2026-08-05T12:48:51.68Z,7.87
2026-08-05T12:49:06.796Z,7.87
2026-08-05T12:49:21Z,7.87
2026-08-05T12:49:21.949Z,7.87
2026-08-05T12:49:36.972Z,7.88
2026-08-05T12:49:52.04Z,7.89
2026-08-05T12:50:12.181Z,7.89
2026-08-05T12:50:28.619Z,7.87
2026-08-05T12:50:42.265Z,7.87
2026-08-05T12:50:57.375Z,7.89
2026-08-05T12:51:12.423Z,7.89
2026-08-05T12:51:27.715Z,7.87
2026-08-05T12:51:42.592Z,7.87
2026-08-05T12:51:57.665Z,7.88
2026-08-05T12:52:17.738Z,7.88
2026-08-05T12:52:39.695Z,7.86
2026-08-05T12:52:53.336Z,7.87
2026-08-05T12:53:08.049Z,7.88
2026-08-05T12:53:23.163Z,7.87
2026-08-05T12:53:43.244Z,7.88
2026-08-05T12:53:58.251Z,7.88
2026-08-05T12:54:13.34Z,7.89
2026-08-05T12:54:28Z,7.92
2026-08-05T12:54:28.425Z,7.92
2026-08-05T12:54:43.494Z,7.93
2026-08-05T12:54:58.549Z,7.93
2026-08-05T12:55:13.629Z,7.93
2026-08-05T12:55:28.696Z,7.9
2026-08-05T12:55:43.797Z,7.92
2026-08-05T12:55:58.856Z,7.92
2026-08-05T12:56:13.982Z,7.92
2026-08-05T12:56:34.071Z,7.92
2026-08-05T12:56:54.112Z,7.92
2026-08-05T12:57:09.238Z,7.93
2026-08-05T12:57:24.34Z,7.92
2026-08-05T12:57:39.404Z,7.92
2026-08-05T12:57:54.729Z,7.92
2026-08-05T12:58:14.619Z,7.94
2026-08-05T12:58:29.726Z,7.95
2026-08-05T12:58:45.986Z,7.97
2026-08-05T12:58:59.752Z,7.97
2026-08-05T12:59:19Z,7.97
2026-08-05T12:59:19.836Z,7.97
2026-08-05T12:59:37.558Z,7.97
2026-08-05T12:59:50.013Z,7.97
2026-08-05T13:00:11.978Z,7.96
2026-08-05T13:00:20.267Z,7.97
2026-08-05T13:00:40.307Z,7.98
2026-08-05T13:00:56.426Z,7.97
2026-08-05T13:01:10.445Z,7.97
2026-08-05T13:01:30.511Z,7.95
2026-08-05T13:01:45.604Z,7.95
2026-08-05T13:02:02.878Z,7.94
2026-08-05T13:02:20.84Z,7.93
2026-08-05T13:02:35.926Z,7.94
2026-08-05T13:02:51.12Z,7.95
2026-08-05T13:03:07.066Z,7.95
2026-08-05T13:03:21.148Z,7.95
2026-08-05T13:03:36.238Z,7.94
2026-08-05T13:03:51.307Z,7.93
2026-08-05T13:04:11.373Z,7.94
2026-08-05T13:04:31Z,7.95
2026-08-05T13:04:31.522Z,7.95
2026-08-05T13:04:46.618Z,7.93
2026-08-05T13:05:11.391Z,7.95
2026-08-05T13:05:16.767Z,7.94
2026-08-05T13:05:31.883Z,7.94
2026-08-05T13:05:46.948Z,7.94
2026-08-05T13:06:03.469Z,7.94
2026-08-05T13:06:17.087Z,7.94
2026-08-05T13:06:32.511Z,7.96
2026-08-05T13:06:52.224Z,7.96
2026-08-05T13:07:07.373Z,7.97
2026-08-05T13:07:22.394Z,7.97
2026-08-05T13:07:37.918Z,7.98
2026-08-05T13:07:52.536Z,7.98
2026-08-05T13:08:12.615Z,7.99
2026-08-05T13:08:27.689Z,7.99
2026-08-05T13:08:42.771Z,7.99
2026-08-05T13:08:57.845Z,7.98
2026-08-05T13:09:12.926Z,7.98
2026-08-05T13:09:27Z,7.98
2026-08-05T13:09:28.069Z,7.98
2026-08-05T13:09:43.178Z,7.98
2026-08-05T13:09:58.23Z,7.97
2026-08-05T13:10:18.344Z,7.97
2026-08-05T13:10:35.956Z,7.98
2026-08-05T13:10:48.478Z,7.98
2026-08-05T13:11:08.537Z,7.96
2026-08-05T13:11:28.688Z,7.96
2026-08-05T13:11:43.715Z,7.96
2026-08-05T13:12:03.82Z,7.96
2026-08-05T13:12:18.846Z,7.95
2026-08-05T13:12:33.947Z,7.95
2026-08-05T13:12:49.004Z,7.95
2026-08-05T13:13:04.116Z,7.95
2026-08-05T13:13:24.166Z,7.95
2026-08-05T13:13:39.409Z,7.95
2026-08-05T13:13:54.328Z,7.92
2026-08-05T13:14:09.429Z,7.91
2026-08-05T13:14:24Z,7.93
2026-08-05T13:14:24.52Z,7.93
2026-08-05T13:14:39.605Z,7.93
2026-08-05T13:14:54.661Z,7.93
2026-08-05T13:15:13.469Z,7.93
2026-08-05T13:15:29.783Z,7.92
2026-08-05T13:15:44.925Z,7.92
2026-08-05T13:15:59.937Z,7.92
2026-08-05T13:16:20.058Z,7.92
2026-08-05T13:16:35.107Z,7.94
2026-08-05T13:16:50.17Z,7.92
2026-08-05T13:17:05.256Z,7.92
2026-08-05T13:17:20.357Z,7.94
2026-08-05T13:17:40.425Z,7.93
2026-08-05T13:17:55.474Z,7.94
2026-08-05T13:18:10.55Z,7.94
2026-08-05T13:18:30.63Z,7.92
2026-08-05T13:18:45.714Z,7.93
2026-08-05T13:19:02.623Z,7.93
2026-08-05T13:19:15.928Z,7.92
2026-08-05T13:19:35Z,7.93
2026-08-05T13:19:36.02Z,7.93
2026-08-05T13:19:56.149Z,7.94
2026-08-05T13:20:13.167Z,7.93
2026-08-05T13:20:26.288Z,7.96
2026-08-05T13:20:46.333Z,7.94
2026-08-05T13:21:02.651Z,7.93
2026-08-05T13:21:21.466Z,7.93
2026-08-05T13:21:42.981Z,7.92
2026-08-05T13:21:56.682Z,7.92
2026-08-05T13:22:16.75Z,7.93
2026-08-05T13:22:31.81Z,7.93
2026-08-05T13:22:46.903Z,7.93
2026-08-05T13:23:02.627Z,7.95
2026-08-05T13:23:22.236Z,7.95
2026-08-05T13:23:37.223Z,7.95
2026-08-05T13:23:52.221Z,7.93
2026-08-05T13:24:12.426Z,7.94
2026-08-05T13:24:27Z,7.93
2026-08-05T13:24:27.515Z,7.93
2026-08-05T13:24:47.575Z,7.92
2026-08-05T13:25:10.331Z,7.93
2026-08-05T13:25:22.714Z,7.93
2026-08-05T13:25:37.78Z,7.93
2026-08-05T13:25:52.852Z,7.94
2026-08-05T13:26:12.941Z,7.94
2026-08-05T13:26:35.362Z,7.96
2026-08-05T13:26:48.124Z,7.95
2026-08-05T13:27:03.343Z,7.95
2026-08-05T13:27:18.317Z,7.95
2026-08-05T13:27:33.373Z,7.95
2026-08-05T13:27:48.447Z,7.94
2026-08-05T13:28:05.395Z,7.93
2026-08-05T13:28:18.604Z,7.92
2026-08-05T13:28:33.658Z,7.92
2026-08-05T13:28:53.732Z,7.93
2026-08-05T13:29:08.936Z,7.93
2026-08-05T13:29:23Z,7.92
2026-08-05T13:29:24.437Z,7.92
2026-08-05T13:29:44.036Z,7.93
2026-08-05T13:29:59.127Z,7.93
2026-08-05T13:30:14.699Z,7.95
2026-08-05T13:30:29.24Z,7.95
2026-08-05T13:30:49.312Z,7.94
2026-08-05T13:31:09.565Z,7.95
2026-08-05T13:31:24.461Z,7.95
2026-08-05T13:31:39.551Z,7.97
2026-08-05T13:31:54.846Z,7.96
2026-08-05T13:32:15.165Z,7.96
2026-08-05T13:32:29.751Z,7.96
2026-08-05T13:32:49.83Z,7.96
2026-08-05T13:33:04.911Z,7.96
2026-08-05T13:33:20.101Z,7.97
2026-08-05T13:33:40.096Z,7.98
2026-08-05T13:33:55.223Z,7.98
2026-08-05T13:34:10.283Z,7.99
2026-08-05T13:34:29Z,7.99
2026-08-05T13:34:30.975Z,7.99
2026-08-05T13:34:45.441Z,7.99
2026-08-05T13:35:11.27Z,8.0
2026-08-05T13:35:21.275Z,8.0
2026-08-05T13:35:35.666Z,8.0
2026-08-05T13:35:55.719Z,8.03
2026-08-05T13:36:10.866Z,8.04
2026-08-05T13:36:26.505Z,8.04
2026-08-05T13:36:41.23Z,8.04
2026-08-05T13:37:02.89Z,8.06
2026-08-05T13:37:16.409Z,8.07
2026-08-05T13:37:31.458Z,8.07
2026-08-05T13:37:46.562Z,8.06
2026-08-05T13:38:02.62Z,8.06
2026-08-05T13:38:16.747Z,8.06
2026-08-05T13:38:31.783Z,8.07
2026-08-05T13:38:46.868Z,8.07
2026-08-05T13:39:02.855Z,8.07
2026-08-05T13:39:16.997Z,8.07
2026-08-05T13:39:31Z,8.07
2026-08-05T13:39:32.111Z,8.07
2026-08-05T13:39:47.176Z,8.07
2026-08-05T13:40:12.792Z,8.07
2026-08-05T13:40:22.363Z,8.07
2026-08-05T13:40:37.426Z,8.09
2026-08-05T13:40:57.496Z,8.09
2026-08-05T13:41:12.602Z,8.08
2026-08-05T13:41:32.664Z,8.09
2026-08-05T13:41:47.716Z,8.09
2026-08-05T13:42:03.781Z,8.09
2026-08-05T13:42:17.856Z,8.1
2026-08-05T13:42:34.218Z,8.1
2026-08-05T13:42:48.034Z,8.1
2026-08-05T13:43:03.157Z,8.09
2026-08-05T13:43:18.204Z,8.08
2026-08-05T13:43:33.582Z,8.06
2026-08-05T13:43:48.352Z,8.06
2026-08-05T13:44:03.421Z,8.09
2026-08-05T13:44:23.494Z,8.09
2026-08-05T13:44:38Z,8.08
2026-08-05T13:44:38.616Z,8.08
2026-08-05T13:44:58.674Z,8.09
2026-08-05T13:45:14.158Z,8.11
2026-08-05T13:45:28.855Z,8.11
2026-08-05T13:45:43.949Z,8.12
2026-08-05T13:45:59.158Z,8.12
2026-08-05T13:46:14.073Z,8.12
2026-08-05T13:46:34.14Z,8.13
2026-08-05T13:46:49.472Z,8.13
2026-08-05T13:47:04.631Z,8.12
2026-08-05T13:47:24.353Z,8.13
2026-08-05T13:47:39.455Z,8.13
2026-08-05T13:47:54.557Z,8.13
2026-08-05T13:48:09.626Z,8.13
2026-08-05T13:48:29.689Z,8.14
2026-08-05T13:48:44.789Z,8.14
2026-08-05T13:48:59.853Z,8.13
2026-08-05T13:49:14.944Z,8.13
2026-08-05T13:49:30.026Z,8.13
2026-08-05T13:49:44Z,8.13
2026-08-05T13:49:45.109Z,8.13
2026-08-05T13:50:00.801Z,8.14
2026-08-05T13:50:15.522Z,8.14
2026-08-05T13:50:30.325Z,8.14
2026-08-05T13:50:45.409Z,8.14
2026-08-05T13:51:02.458Z,8.13
2026-08-05T13:51:15.625Z,8.13
2026-08-05T13:51:30.724Z,8.11
2026-08-05T13:51:50.768Z,8.11
2026-08-05T13:52:05.844Z,8.1
2026-08-05T13:52:20.908Z,8.1
2026-08-05T13:52:35.979Z,8.08
2026-08-05T13:52:51.058Z,8.06
2026-08-05T13:53:06.139Z,8.05
2026-08-05T13:53:21.217Z,8.04
2026-08-05T13:53:36.307Z,8.03
2026-08-05T13:53:51.388Z,8.02
2026-08-05T13:54:11.451Z,8.01
2026-08-05T13:54:26.521Z,8.0
2026-08-05T13:54:41Z,7.99
2026-08-05T13:54:41.644Z,7.99
2026-08-05T13:54:57.468Z,7.97
2026-08-05T13:55:11.842Z,7.98
2026-08-05T13:55:26.843Z,7.97
2026-08-05T13:55:49.154Z,7.97
2026-08-05T13:56:03.195Z,7.97
2026-08-05T13:56:17.106Z,7.96
2026-08-05T13:56:32.166Z,7.96
2026-08-05T13:56:52.733Z,7.98
2026-08-05T13:57:12.319Z,7.99
2026-08-05T13:57:27.404Z,8.0
2026-08-05T13:57:42.464Z,7.99
2026-08-05T13:57:57.562Z,8.0
2026-08-05T13:58:12.611Z,8.0
2026-08-05T13:58:32.75Z,7.98
2026-08-05T13:58:47.809Z,7.99
2026-08-05T13:59:02.886Z,7.99
2026-08-05T13:59:17.942Z,7.98
2026-08-05T13:59:33.188Z,7.98
2026-08-05T13:59:47Z,7.97
2026-08-05T13:59:49.348Z,7.97
2026-08-05T14:00:11.832Z,7.98
2026-08-05T14:00:23.287Z,7.98
2026-08-05T14:00:39.7Z,7.96
2026-08-05T14:00:53.412Z,7.96
2026-08-05T14:01:08.488Z,7.96
2026-08-05T14:01:23.55Z,7.95
2026-08-05T14:01:39.96Z,7.94
2026-08-05T14:01:53.758Z,7.94
2026-08-05T14:02:08.817Z,7.95
2026-08-05T14:02:28.874Z,7.95
2026-08-05T14:02:43.961Z,7.95
2026-08-05T14:03:04.019Z,7.95
2026-08-05T14:03:19.132Z,7.94
2026-08-05T14:03:34.18Z,7.93
2026-08-05T14:03:49.281Z,7.93
2026-08-05T14:04:04.337Z,7.93
2026-08-05T14:04:19.406Z,7.93
2026-08-05T14:04:34.553Z,7.94
2026-08-05T14:04:49Z,7.94
2026-08-05T14:04:49.556Z,7.94
2026-08-05T14:05:12.445Z,7.94
2026-08-05T14:05:24.777Z,7.94
2026-08-05T14:05:39.825Z,7.94
2026-08-05T14:05:59.864Z,7.95
2026-08-05T14:06:14.928Z,7.94
2026-08-05T14:06:30.004Z,7.94
2026-08-05T14:06:45.136Z,7.94
2026-08-05T14:07:00.2Z,7.94
2026-08-05T14:07:15.262Z,7.93
2026-08-05T14:07:30.308Z,7.93
2026-08-05T14:07:46.693Z,7.93
2026-08-05T14:08:06.202Z,7.92
2026-08-05T14:08:20.595Z,7.92
2026-08-05T14:08:35.712Z,7.91
2026-08-05T14:08:50.762Z,7.89
2026-08-05T14:09:10.887Z,7.91
2026-08-05T14:09:30.91Z,7.93
2026-08-05T14:09:45Z,7.93
2026-08-05T14:09:46.837Z,7.93
2026-08-05T14:10:12.51Z,7.94
2026-08-05T14:10:21.114Z,7.93
2026-08-05T14:10:36.215Z,7.94
2026-08-05T14:10:51.27Z,7.95
2026-08-05T14:11:06.371Z,7.94
2026-08-05T14:11:26.438Z,7.95
2026-08-05T14:11:41.991Z,7.95
2026-08-05T14:11:56.619Z,7.95
2026-08-05T14:12:11.686Z,7.95
2026-08-05T14:12:26.763Z,7.95
2026-08-05T14:12:46.83Z,7.96
2026-08-05T14:13:07.217Z,7.96
2026-08-05T14:13:21.989Z,7.96
2026-08-05T14:13:37.085Z,7.98
2026-08-05T14:13:52.293Z,7.99
2026-08-05T14:14:12.285Z,7.99
2026-08-05T14:14:32.305Z,7.99
2026-08-05T14:14:51Z,8.0
2026-08-05T14:14:52.415Z,8.0
2026-08-05T14:15:11.895Z,8.0
2026-08-05T14:15:22.574Z,8.0
2026-08-05T14:15:37.683Z,8.0
2026-08-05T14:15:52.723Z,8.03
2026-08-05T14:16:07.839Z,8.03
2026-08-05T14:16:22.904Z,8.03
2026-08-05T14:16:43.543Z,8.05
2026-08-05T14:16:58.549Z,8.07
2026-08-05T14:17:13.161Z,8.07
2026-08-05T14:17:28.242Z,8.07
2026-08-05T14:17:43.306Z,8.06
2026-08-05T14:17:58.383Z,8.07
2026-08-05T14:18:18.454Z,8.07
2026-08-05T14:18:38.738Z,8.07
2026-08-05T14:18:53.657Z,8.09
2026-08-05T14:19:13.716Z,8.1
2026-08-05T14:19:29.457Z,8.11
2026-08-05T14:19:43Z,8.11
2026-08-05T14:19:43.861Z,8.11
2026-08-05T14:19:58.918Z,8.11
2026-08-05T14:20:14.006Z,8.11
2026-08-05T14:20:29.134Z,8.11
2026-08-05T14:20:49.205Z,8.12
2026-08-05T14:21:04.323Z,8.12
2026-08-05T14:21:19.358Z,8.12
2026-08-05T14:21:34.419Z,8.12
2026-08-05T14:21:49.752Z,8.12
2026-08-05T14:22:04.595Z,8.12
2026-08-05T14:22:19.68Z,8.14
2026-08-05T14:22:39.787Z,8.14
2026-08-05T14:22:54.888Z,8.16
2026-08-05T14:23:10.289Z,8.16
2026-08-05T14:23:30.056Z,8.18
2026-08-05T14:23:45.147Z,8.18
2026-08-05T14:24:05.21Z,8.17
2026-08-05T14:24:25.285Z,8.17
2026-08-05T14:24:40.412Z,8.18
2026-08-05T14:24:55Z,8.18
2026-08-05T14:24:55.476Z,8.18
2026-08-05T14:25:11.253Z,8.19
2026-08-05T14:25:30.624Z,8.2
2026-08-05T14:25:50.719Z,8.2
2026-08-05T14:26:05.787Z,8.2
2026-08-05T14:26:20.87Z,8.23
2026-08-05T14:26:35.936Z,8.23
2026-08-05T14:26:51.021Z,8.23
2026-08-05T14:27:06.091Z,8.25
2026-08-05T14:27:21.176Z,8.27
2026-08-05T14:27:36.246Z,8.25
2026-08-05T14:27:51.323Z,8.26
2026-08-05T14:28:07.482Z,8.26
2026-08-05T14:28:22.287Z,8.26
2026-08-05T14:28:36.551Z,8.26
2026-08-05T14:28:51.636Z,8.26
2026-08-05T14:29:11.702Z,8.29
2026-08-05T14:29:26.781Z,8.31
2026-08-05T14:29:46Z,8.31
2026-08-05T14:29:46.879Z,8.31
2026-08-05T14:30:11.39Z,8.34
2026-08-05T14:30:16.999Z,8.34
2026-08-05T14:30:32.082Z,8.34
2026-08-05T14:30:47.167Z,8.34
2026-08-05T14:31:02.967Z,8.35
2026-08-05T14:31:17.31Z,8.34
2026-08-05T14:31:37.415Z,8.33
2026-08-05T14:31:57.495Z,8.33
2026-08-05T14:32:12.563Z,8.35
2026-08-05T14:32:27.611Z,8.35
2026-08-05T14:32:42.725Z,8.35
2026-08-05T14:33:02.814Z,8.37
2026-08-05T14:33:22.877Z,8.38
2026-08-05T14:33:37.925Z,8.39
2026-08-05T14:33:53.012Z,8.41
2026-08-05T14:34:08.066Z,8.43
2026-08-05T14:34:23.223Z,8.43
2026-08-05T14:34:38.248Z,8.43
2026-08-05T14:34:52Z,8.42
2026-08-05T14:34:53.323Z,8.42
2026-08-05T14:35:12.626Z,8.44
2026-08-05T14:35:23.457Z,8.44
2026-08-05T14:35:38.62Z,8.44
2026-08-05T14:35:53.629Z,8.44
2026-08-05T14:36:08.739Z,8.44
2026-08-05T14:36:23.793Z,8.44
2026-08-05T14:36:44.113Z,8.44
2026-08-05T14:37:05.321Z,8.43
2026-08-05T14:37:19.005Z,8.44
2026-08-05T14:37:34.173Z,8.45
2026-08-05T14:37:49.282Z,8.45
2026-08-05T14:38:04.303Z,8.45
2026-08-05T14:38:19.396Z,8.45
2026-08-05T14:38:34.457Z,8.47
2026-08-05T14:38:49.563Z,8.47
2026-08-05T14:39:04.939Z,8.47
2026-08-05T14:39:24.99Z,8.5
2026-08-05T14:39:39.779Z,8.5
2026-08-05T14:39:54Z,8.5
2026-08-05T14:39:54.886Z,8.5
2026-08-05T14:40:11.904Z,8.52
2026-08-05T14:40:30.021Z,8.52
2026-08-05T14:40:50.085Z,8.53
2026-08-05T14:41:05.189Z,8.55
2026-08-05T14:41:20.265Z,8.55
2026-08-05T14:41:40.639Z,8.58
2026-08-05T14:42:01.832Z,8.57
2026-08-05T14:42:15.477Z,8.57
2026-08-05T14:42:30.638Z,8.57
2026-08-05T14:42:45.756Z,8.57
2026-08-05T14:43:02.463Z,8.55
2026-08-05T14:43:15.871Z,8.55
2026-08-05T14:43:30.994Z,8.57
2026-08-05T14:43:46.076Z,8.57
2026-08-05T14:44:06.115Z,8.58
2026-08-05T14:44:21.209Z,8.57
2026-08-05T14:44:36.27Z,8.59
2026-08-05T14:44:50Z,8.59
2026-08-05T14:44:51.712Z,8.59
2026-08-05T14:45:11.683Z,8.6
2026-08-05T14:45:21.504Z,8.6
2026-08-05T14:45:36.611Z,8.58
2026-08-05T14:45:56.665Z,8.57
2026-08-05T14:46:16.764Z,8.58
2026-08-05T14:46:31.835Z,8.58
2026-08-05T14:46:46.906Z,8.57
2026-08-05T14:47:02.882Z,8.57
2026-08-05T14:47:17.067Z,8.57
2026-08-05T14:47:32.345Z,8.58
2026-08-05T14:47:47.212Z,8.58
2026-08-05T14:48:03.143Z,8.58
2026-08-05T14:48:17.33Z,8.57
2026-08-05T14:48:32.484Z,8.56
2026-08-05T14:48:48.242Z,8.55
2026-08-05T14:49:02.983Z,8.55
2026-08-05T14:49:17.652Z,8.54
2026-08-05T14:49:32.717Z,8.55
2026-08-05T14:49:52Z,8.55
2026-08-05T14:49:52.896Z,8.55
2026-08-05T14:50:11.567Z,8.53
2026-08-05T14:50:23.037Z,8.57
2026-08-05T14:50:38.118Z,8.55
2026-08-05T14:50:58.275Z,8.51
2026-08-05T14:51:13.292Z,8.5
2026-08-05T14:51:28.368Z,8.5
2026-08-05T14:51:48.451Z,8.51
2026-08-05T14:52:06.344Z,8.5
2026-08-05T14:52:19.656Z,8.53
2026-08-05T14:52:38.649Z,8.55
2026-08-05T14:52:58.794Z,8.57
2026-08-05T14:53:19.616Z,8.56
2026-08-05T14:53:38.882Z,8.56
2026-08-05T14:53:58.975Z,8.56
2026-08-05T14:54:14.046Z,8.55
2026-08-05T14:54:29.168Z,8.55
2026-08-05T14:54:44.282Z,8.55
2026-08-05T14:54:58Z,8.54
2026-08-05T14:54:59.34Z,8.54
2026-08-05T14:55:14.482Z,8.54
2026-08-05T14:55:30.765Z,8.52
2026-08-05T14:55:44.623Z,8.52
2026-08-05T14:55:59.651Z,8.52
2026-08-05T14:56:14.716Z,8.52
2026-08-05T14:56:30.199Z,8.52
2026-08-05T14:56:44.862Z,8.51
2026-08-05T14:57:04.992Z,8.51
2026-08-05T14:57:20.034Z,8.5
2026-08-05T14:57:36.135Z,8.48
2026-08-05T14:57:50.199Z,8.46
2026-08-05T14:58:05.256Z,8.47
2026-08-05T14:58:20.346Z,8.47
2026-08-05T14:58:40.428Z,8.46
2026-08-05T14:58:56.948Z,8.46
2026-08-05T14:59:10.564Z,8.46
2026-08-05T14:59:25.639Z,8.45
2026-08-05T14:59:40.769Z,8.43
2026-08-05T14:59:55Z,8.42
2026-08-05T14:59:55.869Z,8.42
2026-08-05T15:00:14.475Z,8.42
2026-08-05T15:00:26.002Z,8.39
2026-08-05T15:00:41.128Z,8.38
2026-08-05T15:00:56.168Z,8.38
2026-08-05T15:01:11.23Z,8.36
2026-08-05T15:01:31.643Z,8.33
2026-08-05T15:01:51.376Z,8.33
2026-08-05T15:02:11.467Z,8.32
2026-08-05T15:02:26.539Z,8.32
2026-08-05T15:02:41.656Z,8.33
2026-08-05T15:02:56.713Z,8.31
2026-08-05T15:03:16.793Z,8.28
2026-08-05T15:03:31.86Z,8.28
2026-08-05T15:03:46.938Z,8.26
2026-08-05T15:04:02.898Z,8.27
2026-08-05T15:04:17.107Z,8.26
2026-08-05T15:04:32.246Z,8.26
2026-08-05T15:04:52.938Z,8.26
2026-08-05T15:05:06Z,8.27
2026-08-05T15:05:12.802Z,8.27
2026-08-05T15:05:22.485Z,8.25
2026-08-05T15:05:38.784Z,8.25
2026-08-05T15:05:57.608Z,8.25
2026-08-05T15:06:17.698Z,8.26
2026-08-05T15:06:32.763Z,8.25
2026-08-05T15:06:48.796Z,8.24
2026-08-05T15:07:03.086Z,8.23
2026-08-05T15:07:23.02Z,8.26
2026-08-05T15:07:38.126Z,8.26
2026-08-05T15:07:53.79Z,8.27
2026-08-05T15:08:08.813Z,8.27
2026-08-05T15:08:23.312Z,8.27
2026-08-05T15:08:38.405Z,8.28
2026-08-05T15:08:53.535Z,8.26
2026-08-05T15:09:13.643Z,8.24
2026-08-05T15:09:28.726Z,8.23
2026-08-05T15:09:45.465Z,8.22
2026-08-05T15:09:58Z,8.22
2026-08-05T15:09:58.88Z,8.22
2026-08-05T15:10:14.712Z,8.21
2026-08-05T15:10:29.028Z,8.21
2026-08-05T15:10:49.728Z,8.21
2026-08-05T15:11:04.2Z,8.21
2026-08-05T15:11:19.273Z,8.21
2026-08-05T15:11:34.843Z,8.22
2026-08-05T15:11:50.191Z,8.24
2026-08-05T15:12:04.56Z,8.24
2026-08-05T15:12:19.565Z,8.24
2026-08-05T15:12:34.632Z,8.24
2026-08-05T15:12:49.993Z,8.24
2026-08-05T15:13:04.831Z,8.23
2026-08-05T15:13:19.878Z,8.23
2026-08-05T15:13:39.978Z,8.23
2026-08-05T15:14:00.024Z,8.23
2026-08-05T15:14:15.109Z,8.22
2026-08-05T15:14:35.204Z,8.22
2026-08-05T15:14:55.409Z,8.21
2026-08-05T15:15:09Z,8.21
2026-08-05T15:15:10.389Z,8.21
2026-08-05T15:15:25.461Z,8.2
2026-08-05T15:15:40.532Z,8.19
2026-08-05T15:15:55.595Z,8.2
2026-08-05T15:16:11.195Z,8.19
2026-08-05T15:16:25.822Z,8.19
2026-08-05T15:16:40.94Z,8.22
2026-08-05T15:16:56.057Z,8.23
2026-08-05T15:17:18.323Z,8.23
2026-08-05T15:17:31.162Z,8.23
2026-08-05T15:17:46.25Z,8.23
2026-08-05T15:18:06.317Z,8.22
2026-08-05T15:18:21.408Z,8.22
2026-08-05T15:18:41.478Z,8.21
2026-08-05T15:18:56.542Z,8.2
2026-08-05T15:19:11.622Z,8.2
2026-08-05T15:19:26.788Z,8.2
2026-08-05T15:19:41.836Z,8.2
2026-08-05T15:19:56.93Z,8.2
2026-08-05T15:20:11Z,8.19
2026-08-05T15:20:13.74Z,8.19
2026-08-05T15:20:27.086Z,8.19
2026-08-05T15:20:42.142Z,8.17
2026-08-05T15:21:03.203Z,8.16
2026-08-05T15:21:17.334Z,8.16
2026-08-05T15:21:32.429Z,8.15
2026-08-05T15:21:48.345Z,8.16
2026-08-05T15:22:02.963Z,8.16
2026-08-05T15:22:22.642Z,8.15
2026-08-05T15:22:37.752Z,8.18
2026-08-05T15:22:52.814Z,8.18
2026-08-05T15:23:07.867Z,8.16
2026-08-05T15:23:22.943Z,8.18
2026-08-05T15:23:38.079Z,8.18
2026-08-05T15:23:53.129Z,8.19
2026-08-05T15:24:08.182Z,8.17
2026-08-05T15:24:28.272Z,8.17
2026-08-05T15:24:43.369Z,8.17
2026-08-05T15:24:58.49Z,8.16
2026-08-05T15:25:13Z,8.16
2026-08-05T15:25:13.57Z,8.16
2026-08-05T15:25:29.188Z,8.15
2026-08-05T15:25:43.684Z,8.15
2026-08-05T15:25:58.73Z,8.12
2026-08-05T15:26:13.801Z,8.12
2026-08-05T15:26:28.924Z,8.12
2026-08-05T15:26:43.973Z,8.12
2026-08-05T15:26:59.045Z,8.14
2026-08-05T15:27:14.146Z,8.13
2026-08-05T15:27:29.197Z,8.13
2026-08-05T15:27:44.261Z,8.13
2026-08-05T15:28:04.344Z,8.1
2026-08-05T15:28:19.409Z,8.14
2026-08-05T15:28:39.653Z,8.14
2026-08-05T15:28:55.003Z,8.14
2026-08-05T15:29:15.117Z,8.13
2026-08-05T15:29:29.745Z,8.11
2026-08-05T15:29:44.826Z,8.11
2026-08-05T15:29:59.878Z,8.11
2026-08-05T15:30:14Z,8.11
2026-08-05T15:30:15.141Z,8.11
2026-08-05T15:30:30.996Z,8.11
2026-08-05T15:30:50.159Z,8.11
2026-08-05T15:31:05.249Z,8.1
2026-08-05T15:31:20.335Z,8.09
2026-08-05T15:31:36.895Z,8.08
2026-08-05T15:31:50.474Z,8.08
2026-08-05T15:32:05.544Z,8.05
2026-08-05T15:32:25.626Z,8.06
2026-08-05T15:32:46.3Z,8.08
2026-08-05T15:33:02.511Z,8.1
2026-08-05T15:33:20.855Z,8.11
2026-08-05T15:33:35.956Z,8.12
2026-08-05T15:33:56.35Z,8.1
2026-08-05T15:34:11.238Z,8.11
2026-08-05T15:34:26.247Z,8.08
2026-08-05T15:34:41.313Z,8.1
2026-08-05T15:34:56.378Z,8.12
2026-08-05T15:35:11Z,8.1
2026-08-05T15:35:13.058Z,8.1
2026-08-05T15:35:26.543Z,8.09
2026-08-05T15:35:41.592Z,8.1
2026-08-05T15:35:56.68Z,8.08
2026-08-05T15:36:12.342Z,8.08
2026-08-05T15:36:26.849Z,8.08
2026-08-05T15:36:46.919Z,8.09
2026-08-05T15:37:04.152Z,8.1
2026-08-05T15:37:17.569Z,8.09
2026-08-05T15:37:37.139Z,8.1
2026-08-05T15:37:52.24Z,8.09
2026-08-05T15:38:12.494Z,8.06
2026-08-05T15:38:27.394Z,8.06
2026-08-05T15:38:42.458Z,8.07
2026-08-05T15:38:57.575Z,8.07
2026-08-05T15:39:12.864Z,8.09
2026-08-05T15:39:32.746Z,8.1
2026-08-05T15:39:47.792Z,8.09
2026-08-05T15:40:11.28Z,8.06
2026-08-05T15:40:17Z,8.06
2026-08-05T15:40:17.934Z,8.06
2026-08-05T15:40:33.013Z,8.06
2026-08-05T15:40:49.002Z,8.06
2026-08-05T15:41:04.539Z,8.05
2026-08-05T15:41:23.226Z,8.05
2026-08-05T15:41:38.321Z,8.06
2026-08-05T15:41:53.388Z,8.06
2026-08-05T15:42:13.459Z,8.07
2026-08-05T15:42:29.117Z,8.08
2026-08-05T15:42:43.634Z,8.08
2026-08-05T15:42:58.693Z,8.07
2026-08-05T15:43:18.777Z,8.08
2026-08-05T15:43:38.979Z,8.07
2026-08-05T15:43:54.223Z,8.06
2026-08-05T15:44:09.039Z,8.07
2026-08-05T15:44:24.116Z,8.06
2026-08-05T15:44:40.362Z,8.08
2026-08-05T15:44:55.129Z,8.06
2026-08-05T15:45:13Z,8.04
2026-08-05T15:45:14.333Z,8.04
2026-08-05T15:45:29.41Z,8.03
2026-08-05T15:45:49.485Z,8.02
2026-08-05T15:46:04.738Z,8.02
2026-08-05T15:46:24.665Z,8.05
2026-08-05T15:46:39.736Z,8.05
2026-08-05T15:46:59.818Z,8.05
2026-08-05T15:47:15.186Z,8.04
2026-08-05T15:47:30.032Z,8.02
2026-08-05T15:47:45.112Z,8.01
2026-08-05T15:48:05.189Z,8.01
2026-08-05T15:48:22.238Z,8.02
2026-08-05T15:48:35.316Z,8.02
2026-08-05T15:48:50.444Z,8.0
2026-08-05T15:49:10.526Z,7.98
2026-08-05T15:49:25.594Z,7.98
2026-08-05T15:49:40.686Z,8.0
2026-08-05T15:49:55.765Z,7.99
2026-08-05T15:50:15Z,8.01
2026-08-05T15:50:15.844Z,8.01
2026-08-05T15:50:30.923Z,8.01
2026-08-05T15:50:46.04Z,7.98
2026-08-05T15:51:02.714Z,7.98
2026-08-05T15:51:16.16Z,7.98
2026-08-05T15:51:31.871Z,7.99
2026-08-05T15:51:46.48Z,7.99
2026-08-05T15:52:02.905Z,7.98
2026-08-05T15:52:16.643Z,7.99
2026-08-05T15:52:31.764Z,7.98
2026-08-05T15:52:51.836Z,7.98
2026-08-05T15:53:06.898Z,7.97
2026-08-05T15:53:26.995Z,7.97
2026-08-05T15:53:42.04Z,7.96
2026-08-05T15:53:57.118Z,7.95
2026-08-05T15:54:12.193Z,7.94
2026-08-05T15:54:32.372Z,7.95
2026-08-05T15:54:52.36Z,7.95
2026-08-05T15:55:12.411Z,7.95
2026-08-05T15:55:22Z,7.95
2026-08-05T15:55:22.49Z,7.95
2026-08-05T15:55:37.571Z,7.94
2026-08-05T15:55:52.651Z,7.93
2026-08-05T15:56:07.751Z,7.93
2026-08-05T15:56:22.811Z,7.94
2026-08-05T15:56:37.895Z,7.93
2026-08-05T15:56:52.971Z,7.9
2026-08-05T15:57:08.098Z,7.89
2026-08-05T15:57:23.136Z,7.89
2026-08-05T15:57:38.21Z,7.87
2026-08-05T15:57:58.285Z,7.85
2026-08-05T15:58:18.428Z,7.85
2026-08-05T15:58:38.473Z,7.81
2026-08-05T15:58:53.523Z,7.81
2026-08-05T15:59:14.16Z,7.78
2026-08-05T15:59:33.691Z,7.78
2026-08-05T15:59:48.752Z,7.78
2026-08-05T16:00:13.361Z,7.75
2026-08-05T16:00:18Z,7.75
2026-08-05T16:00:18.896Z,7.75
2026-08-05T16:00:34.005Z,7.74
2026-08-05T16:00:49.035Z,7.74
2026-08-05T16:01:04.222Z,7.75
2026-08-05T16:01:20.184Z,7.76
2026-08-05T16:01:34.342Z,7.73
2026-08-05T16:01:49.419Z,7.73
2026-08-05T16:02:09.418Z,7.71
2026-08-05T16:02:19.557Z,7.75
2026-08-05T16:02:34.687Z,7.73
2026-08-05T16:02:54.774Z,7.73
2026-08-05T16:03:14.82Z,7.7
2026-08-05T16:03:34.925Z,7.67
2026-08-05T16:03:49.977Z,7.64
2026-08-05T16:04:07.427Z,7.61
2026-08-05T16:04:20.144Z,7.58
2026-08-05T16:04:35.222Z,7.53
2026-08-05T16:04:50.283Z,7.5
2026-08-05T16:05:09Z,7.41
2026-08-05T16:05:13.819Z,7.41
2026-08-05T16:05:43.639Z,7.35
2026-08-05T16:05:47.49Z,7.31
2026-08-05T16:06:02.549Z,7.25
2026-08-05T16:06:15.68Z,7.24
2026-08-05T16:06:30.761Z,7.17
2026-08-05T16:06:50.853Z,7.06
2026-08-05T16:07:06.357Z,6.99
2026-08-05T16:07:20.997Z,6.99
2026-08-05T16:07:36.056Z,6.94
2026-08-05T16:07:51.162Z,6.88
2026-08-05T16:08:11.189Z,6.79
2026-08-05T16:08:31.971Z,6.69
2026-08-05T16:08:51.34Z,6.65
2026-08-05T16:09:11.409Z,6.61
2026-08-05T16:09:32.527Z,6.5
2026-08-05T16:09:46.564Z,6.5
2026-08-05T16:10:11.922Z,6.46
2026-08-05T16:10:16Z,6.4
2026-08-05T16:10:16.74Z,6.4
2026-08-05T16:10:31.797Z,6.36
2026-08-05T16:10:46.927Z,6.36
2026-08-05T16:11:07.149Z,6.28
2026-08-05T16:11:22.177Z,6.27
2026-08-05T16:11:37.189Z,6.24
2026-08-05T16:11:52.793Z,6.18
2026-08-05T16:12:07.347Z,6.18
2026-08-05T16:12:22.437Z,6.13
2026-08-05T16:12:37.5Z,6.1
2026-08-05T16:12:57.749Z,6.03
2026-08-05T16:13:12.7Z,6.03
2026-08-05T16:13:27.776Z,5.99
2026-08-05T16:13:42.866Z,5.98
2026-08-05T16:14:03.792Z,5.93
2026-08-05T16:14:18.067Z,5.9
2026-08-05T16:14:38.119Z,5.84
2026-08-05T16:14:53.499Z,5.81
2026-08-05T16:15:12.553Z,5.79
2026-08-05T16:15:27Z,5.76
2026-08-05T16:15:28.32Z,5.76
2026-08-05T16:15:48.465Z,5.72
2026-08-05T16:16:03.472Z,5.7
2026-08-05T16:16:18.552Z,5.67
2026-08-05T16:16:33.615Z,5.63
2026-08-05T16:16:48.68Z,5.59
2026-08-05T16:17:03.795Z,5.56
2026-08-05T16:17:19.002Z,5.54
2026-08-05T16:17:38.935Z,5.5
2026-08-05T16:17:54.04Z,5.48
2026-08-05T16:18:14.128Z,5.44
2026-08-05T16:18:29.163Z,5.42
2026-08-05T16:18:44.26Z,5.38
2026-08-05T16:18:59.345Z,5.33
2026-08-05T16:19:14.407Z,5.33
2026-08-05T16:19:29.729Z,5.29
2026-08-05T16:19:49.54Z,5.26
2026-08-05T16:20:11.161Z,5.21
2026-08-05T16:20:24Z,5.15
2026-08-05T16:20:24.983Z,5.15
2026-08-05T16:20:39.782Z,5.15
2026-08-05T16:20:59.851Z,5.1
2026-08-05T16:21:20.37Z,5.05
2026-08-05T16:21:36.946Z,5.04
2026-08-05T16:21:55.095Z,5.01
2026-08-05T16:22:10.143Z,5.01
2026-08-05T16:22:25.238Z,4.97
2026-08-05T16:22:40.354Z,4.96
2026-08-05T16:22:55.403Z,4.94
2026-08-05T16:23:10.472Z,4.92
2026-08-05T16:23:25.558Z,4.91
2026-08-05T16:23:45.705Z,4.89
2026-08-05T16:24:02.918Z,4.87
2026-08-05T16:24:15.824Z,4.84
2026-08-05T16:24:30.895Z,4.82
2026-08-05T16:24:47.028Z,4.81
2026-08-05T16:25:10.331Z,4.8
2026-08-05T16:25:16.232Z,4.79
2026-08-05T16:25:30Z,4.77
2026-08-05T16:25:31.359Z,4.77
2026-08-05T16:25:46.42Z,4.76
2026-08-05T16:26:02.881Z,4.74
2026-08-05T16:26:16.584Z,4.73
2026-08-05T16:26:31.718Z,4.71
2026-08-05T16:26:46.758Z,4.71
2026-08-05T16:27:02.609Z,4.68
2026-08-05T16:27:21.928Z,4.67
2026-08-05T16:27:41.996Z,4.63
2026-08-05T16:28:03.788Z,4.61
2026-08-05T16:28:17.285Z,4.6
2026-08-05T16:28:32.375Z,4.6
2026-08-05T16:28:47.4Z,4.58
2026-08-05T16:29:04.516Z,4.57
2026-08-05T16:29:17.554Z,4.56
2026-08-05T16:29:37.627Z,4.53
2026-08-05T16:29:52.678Z,4.52
2026-08-05T16:30:09.398Z,4.51
2026-08-05T16:30:22Z,4.51
2026-08-05T16:30:22.874Z,4.51
2026-08-05T16:30:37.914Z,4.49
2026-08-05T16:30:53.001Z,4.48
2026-08-05T16:31:13.08Z,4.48
2026-08-05T16:31:33.154Z,4.45
2026-08-05T16:31:53.259Z,4.44
2026-08-05T16:32:08.32Z,4.44
2026-08-05T16:32:28.453Z,4.42
2026-08-05T16:32:43.471Z,4.4
2026-08-05T16:32:58.701Z,4.4
2026-08-05T16:33:13.605Z,4.39
2026-08-05T16:33:28.73Z,4.37
2026-08-05T16:33:43.792Z,4.36
2026-08-05T16:33:58.899Z,4.34
2026-08-05T16:34:13.981Z,4.34
2026-08-05T16:34:29.056Z,4.34
2026-08-05T16:34:44.315Z,4.32
2026-08-05T16:35:12.702Z,4.31
2026-08-05T16:35:19.326Z,4.3
2026-08-05T16:35:33Z,4.29
2026-08-05T16:35:34.508Z,4.29
2026-08-05T16:35:49.659Z,4.28
2026-08-05T16:36:04.714Z,4.28
2026-08-05T16:36:25.151Z,4.27
2026-08-05T16:36:39.909Z,4.27
2026-08-05T16:36:59.968Z,4.26
2026-08-05T16:37:15.015Z,4.25
2026-08-05T16:37:30.578Z,4.24
2026-08-05T16:37:45.148Z,4.24
2026-08-05T16:38:00.235Z,4.22
2026-08-05T16:38:15.303Z,4.22
2026-08-05T16:38:30.434Z,4.21
2026-08-05T16:38:45.461Z,4.19
2026-08-05T16:39:00.844Z,4.19
2026-08-05T16:39:15.627Z,4.17
2026-08-05T16:39:35.692Z,4.16
2026-08-05T16:39:57.166Z,4.16
2026-08-05T16:40:11.667Z,4.15
2026-08-05T16:40:30Z,4.15
2026-08-05T16:40:30.949Z,4.15
2026-08-05T16:40:46.026Z,4.14
2026-08-05T16:41:02.939Z,4.14
2026-08-05T16:41:16.193Z,4.13
2026-08-05T16:41:36.281Z,4.11
2026-08-05T16:41:51.352Z,4.11
2026-08-05T16:42:06.459Z,4.1
2026-08-05T16:42:26.513Z,4.08
2026-08-05T16:42:42.491Z,4.06
2026-08-05T16:42:56.653Z,4.05
2026-08-05T16:43:11.723Z,4.04
2026-08-05T16:43:26.791Z,4.04
2026-08-05T16:43:41.882Z,4.03
2026-08-05T16:44:03.056Z,4.01
2026-08-05T16:44:17.04Z,3.99
2026-08-05T16:44:32.103Z,3.97
2026-08-05T16:44:47.179Z,3.97
2026-08-05T16:45:12.399Z,3.95
2026-08-05T16:45:17.684Z,3.94
2026-08-05T16:45:32Z,3.94
2026-08-05T16:45:32.454Z,3.94
2026-08-05T16:45:47.592Z,3.92
2026-08-05T16:46:04.101Z,3.91
2026-08-05T16:46:17.684Z,3.9
2026-08-05T16:46:37.774Z,3.9
2026-08-05T16:46:57.837Z,3.89
2026-08-05T16:47:12.961Z,3.88
2026-08-05T16:47:32.977Z,3.88
2026-08-05T16:47:48.071Z,3.88
2026-08-05T16:48:03.178Z,3.87
2026-08-05T16:48:18.225Z,3.87
2026-08-05T16:48:33.305Z,3.87
2026-08-05T16:48:48.378Z,3.86
2026-08-05T16:49:08.456Z,3.86
2026-08-05T16:49:23.679Z,3.85
2026-08-05T16:49:43.621Z,3.84
2026-08-05T16:49:58.698Z,3.84
2026-08-05T16:50:13.823Z,3.84
2026-08-05T16:50:28Z,3.83
2026-08-05T16:50:29.045Z,3.83
2026-08-05T16:50:43.955Z,3.82
2026-08-05T16:51:04.017Z,3.81
2026-08-05T16:51:24.097Z,3.81
2026-08-05T16:51:39.16Z,3.81
2026-08-05T16:51:54.288Z,3.81
2026-08-05T16:52:09.318Z,3.81
2026-08-05T16:52:29.403Z,3.8
2026-08-05T16:52:44.85Z,3.8
2026-08-05T16:52:59.607Z,3.8
2026-08-05T16:53:19.912Z,3.78
2026-08-05T16:53:34.767Z,3.78
2026-08-05T16:53:53.037Z,3.78
2026-08-05T16:54:09.887Z,3.78
2026-08-05T16:54:24.955Z,3.78
2026-08-05T16:54:40.116Z,3.78
2026-08-05T16:54:55.133Z,3.78
2026-08-05T16:55:12.91Z,3.78
2026-08-05T16:55:25.317Z,3.77
2026-08-05T16:55:39Z,3.77
2026-08-05T16:55:40.419Z,3.77
2026-08-05T16:56:00.437Z,3.76
2026-08-05T16:56:15.514Z,3.76
2026-08-05T16:56:30.597Z,3.75
2026-08-05T16:56:45.881Z,3.75
2026-08-05T16:57:05.746Z,3.75
2026-08-05T16:57:20.839Z,3.73
2026-08-05T16:57:35.979Z,3.74
2026-08-05T16:57:50.987Z,3.74
2026-08-05T16:58:06.049Z,3.73
2026-08-05T16:58:21.144Z,3.73
2026-08-05T16:58:36.268Z,3.73
2026-08-05T16:58:51.343Z,3.73
2026-08-05T16:59:06.476Z,3.74
2026-08-05T16:59:21.841Z,3.72
2026-08-05T16:59:36.549Z,3.73
2026-08-05T16:59:51.625Z,3.72
2026-08-05T17:00:11.705Z,3.71
2026-08-05T17:00:28.459Z,3.72
2026-08-05T17:00:41Z,3.71
2026-08-05T17:00:41.854Z,3.71
2026-08-05T17:00:56.941Z,3.71
2026-08-05T17:01:12.019Z,3.72
2026-08-05T17:01:33.197Z,3.71
2026-08-05T17:01:47.176Z,3.71
2026-08-05T17:02:07.269Z,3.71
2026-08-05T17:02:22.379Z,3.71
2026-08-05T17:02:37.492Z,3.72
2026-08-05T17:02:57.537Z,3.72
2026-08-05T17:03:12.604Z,3.72
2026-08-05T17:03:27.715Z,3.72
2026-08-05T17:03:42.8Z,3.71
2026-08-05T17:04:02.864Z,3.71
2026-08-05T17:04:17.975Z,3.71
2026-08-05T17:04:33.01Z,3.71
2026-08-05T17:04:49.051Z,3.7
2026-08-05T17:05:11.953Z,3.7
2026-08-05T17:05:23.31Z,3.69
2026-08-05T17:05:37Z,3.69
2026-08-05T17:05:38.372Z,3.69
2026-08-05T17:05:53.455Z,3.67
2026-08-05T17:06:08.547Z,3.67
2026-08-05T17:06:23.941Z,3.67
2026-08-05T17:06:43.757Z,3.65
2026-08-05T17:06:58.83Z,3.66
2026-08-05T17:07:13.871Z,3.66
2026-08-05T17:07:28.996Z,3.66
2026-08-05T17:07:44.076Z,3.65
2026-08-05T17:07:59.174Z,3.65
2026-08-05T17:08:19.231Z,3.64
2026-08-05T17:08:34.357Z,3.63
2026-08-05T17:08:49.712Z,3.63
2026-08-05T17:09:04.485Z,3.63
2026-08-05T17:09:19.544Z,3.63
2026-08-05T17:09:34.621Z,3.63
2026-08-05T17:09:49.863Z,3.63
2026-08-05T17:10:12.278Z,3.63
2026-08-05T17:10:19.958Z,3.63
2026-08-05T17:10:34Z,3.64
2026-08-05T17:10:35.087Z,3.64
2026-08-05T17:10:50.129Z,3.63
2026-08-05T17:11:10.859Z,3.63
2026-08-05T17:11:30.263Z,3.63
2026-08-05T17:11:45.347Z,3.62
2026-08-05T17:12:01.009Z,3.62
2026-08-05T17:12:15.544Z,3.62
2026-08-05T17:12:30.608Z,3.62
2026-08-05T17:12:46.187Z,3.62
2026-08-05T17:13:02.93Z,3.61
2026-08-05T17:13:20.837Z,3.62
2026-08-05T17:13:35.919Z,3.61
2026-08-05T17:13:51.042Z,3.61
2026-08-05T17:14:06.387Z,3.59
2026-08-05T17:14:21.171Z,3.59
2026-08-05T17:14:41.26Z,3.58
2026-08-05T17:15:11.649Z,3.56
2026-08-05T17:15:16.474Z,3.56
2026-08-05T17:15:36Z,3.54
2026-08-05T17:15:36.524Z,3.54
2026-08-05T17:15:56.566Z,3.52
2026-08-05T17:16:11.697Z,3.51
2026-08-05T17:16:26.733Z,3.51
2026-08-05T17:16:42.933Z,3.5
2026-08-05T17:17:02.686Z,3.49
2026-08-05T17:17:17.254Z,3.49
2026-08-05T17:17:32.07Z,3.48
2026-08-05T17:17:47.111Z,3.47
2026-08-05T17:18:02.879Z,3.46
2026-08-05T17:18:22.263Z,3.46
2026-08-05T17:18:37.395Z,3.45
2026-08-05T17:18:53.382Z,3.44
2026-08-05T17:19:08.188Z,3.44
2026-08-05T17:19:22.624Z,3.44
2026-08-05T17:19:45.549Z,3.43
2026-08-05T17:20:10.568Z,3.43
2026-08-05T17:20:17.784Z,3.42
2026-08-05T17:20:32Z,3.42
2026-08-05T17:20:32.875Z,3.42
2026-08-05T17:20:52.934Z,3.4
2026-08-05T17:21:13.031Z,3.4
2026-08-05T17:21:33.243Z,3.4
2026-08-05T17:21:48.242Z,3.4
2026-08-05T17:22:03.387Z,3.39
2026-08-05T17:22:23.374Z,3.39
2026-08-05T17:22:38.511Z,3.39
2026-08-05T17:22:53.537Z,3.39
2026-08-05T17:23:13.596Z,3.4
2026-08-05T17:23:28.711Z,3.4
2026-08-05T17:23:43.785Z,3.4
2026-08-05T17:23:58.921Z,3.4
2026-08-05T17:24:18.905Z,3.4
2026-08-05T17:24:34.03Z,3.4
2026-08-05T17:24:49.102Z,3.41
2026-08-05T17:25:10.103Z,3.42
2026-08-05T17:25:19.235Z,3.43
2026-08-05T17:25:34.332Z,3.43
2026-08-05T17:25:49Z,3.44
2026-08-05T17:25:49.412Z,3.44
2026-08-05T17:26:05.291Z,3.45
2026-08-05T17:26:19.555Z,3.44
2026-08-05T17:26:34.628Z,3.46
2026-08-05T17:26:54.702Z,3.45
2026-08-05T17:27:09.963Z,3.45
2026-08-05T17:27:24.868Z,3.46
2026-08-05T17:27:39.944Z,3.46
2026-08-05T17:28:00.02Z,3.46
2026-08-05T17:28:15.093Z,3.46
2026-08-05T17:28:30.18Z,3.45
2026-08-05T17:28:50.253Z,3.44
2026-08-05T17:29:10.397Z,3.45
2026-08-05T17:29:25.544Z,3.44
2026-08-05T17:29:40.611Z,3.44
2026-08-05T17:29:55.643Z,3.41
2026-08-05T17:30:15.721Z,3.41
2026-08-05T17:30:30.81Z,3.4
2026-08-05T17:30:45Z,3.4
2026-08-05T17:30:45.875Z,3.4
2026-08-05T17:31:02.861Z,3.39
2026-08-05T17:31:16.013Z,3.38
2026-08-05T17:31:36.088Z,3.38
2026-08-05T17:31:52.627Z,3.38
2026-08-05T17:32:06.306Z,3.38
2026-08-05T17:32:26.408Z,3.38
2026-08-05T17:32:46.542Z,3.37
2026-08-05T17:33:06.538Z,3.37
2026-08-05T17:33:21.612Z,3.37
2026-08-05T17:33:41.691Z,3.36
2026-08-05T17:33:56.753Z,3.36
2026-08-05T17:34:11.883Z,3.36
2026-08-05T17:34:32.707Z,3.38
2026-08-05T17:34:47.16Z,3.38
2026-08-05T17:35:09.827Z,3.38
2026-08-05T17:35:17.352Z,3.38
2026-08-05T17:35:32.404Z,3.38
2026-08-05T17:35:47Z,3.38
2026-08-05T17:35:47.489Z,3.38
2026-08-05T17:36:03.484Z,3.39
2026-08-05T17:36:17.701Z,3.39
2026-08-05T17:36:33.315Z,3.41
2026-08-05T17:36:47.802Z,3.41
2026-08-05T17:37:07.901Z,3.42
2026-08-05T17:37:27.954Z,3.43
2026-08-05T17:37:43.115Z,3.43
2026-08-05T17:37:58.172Z,3.43
2026-08-05T17:38:13.238Z,3.43
2026-08-05T17:38:28.31Z,3.43
2026-08-05T17:38:44.544Z,3.44
2026-08-05T17:38:58.462Z,3.44
2026-08-05T17:39:13.58Z,3.45
2026-08-05T17:39:29.282Z,3.45
2026-08-05T17:39:43.921Z,3.46
2026-08-05T17:39:58.889Z,3.46
2026-08-05T17:40:14.839Z,3.46
2026-08-05T17:40:29.371Z,3.46
2026-08-05T17:40:43Z,3.46
2026-08-05T17:40:45.393Z,3.46
2026-08-05T17:40:59.086Z,3.47
2026-08-05T17:41:14.207Z,3.46
2026-08-05T17:41:29.294Z,3.48
2026-08-05T17:41:44.357Z,3.48
2026-08-05T17:41:59.428Z,3.48
2026-08-05T17:42:14.497Z,3.47
2026-08-05T17:42:29.594Z,3.47
2026-08-05T17:42:44.861Z,3.46
2026-08-05T17:43:04.75Z,3.47
2026-08-05T17:43:19.849Z,3.46
2026-08-05T17:43:35.384Z,3.46
2026-08-05T17:43:50.406Z,3.46
2026-08-05T17:44:07.196Z,3.46
2026-08-05T17:44:20.269Z,3.46
2026-08-05T17:44:35.676Z,3.45
2026-08-05T17:44:50.267Z,3.45
2026-08-05T17:45:11.152Z,3.45
2026-08-05T17:45:20.408Z,3.46
2026-08-05T17:45:36.434Z,3.45
2026-08-05T17:45:50Z,3.46
2026-08-05T17:45:50.553Z,3.46
2026-08-05T17:46:05.622Z,3.46
2026-08-05T17:46:20.723Z,3.46
2026-08-05T17:46:35.842Z,3.46
2026-08-05T17:46:51.706Z,3.44
2026-08-05T17:47:05.938Z,3.44
2026-08-05T17:47:26.029Z,3.41
2026-08-05T17:47:46.098Z,3.41
2026-08-05T17:48:04.099Z,3.36
2026-08-05T17:48:21.266Z,3.36
2026-08-05T17:48:41.327Z,3.34
2026-08-05T17:49:03.444Z,3.33
2026-08-05T17:49:21.497Z,3.33
2026-08-05T17:49:36.568Z,3.32
2026-08-05T17:49:56.679Z,3.31
2026-08-05T17:50:16.707Z,3.31
2026-08-05T17:50:31.78Z,3.32
2026-08-05T17:50:46Z,3.32
2026-08-05T17:50:47.193Z,3.32
2026-08-05T17:51:02.905Z,3.32
2026-08-05T17:51:22.028Z,3.32
2026-08-05T17:51:37.143Z,3.32
2026-08-05T17:51:52.231Z,3.31
2026-08-05T17:52:12.296Z,3.31
2026-08-05T17:52:29.865Z,3.3
2026-08-05T17:52:42.448Z,3.3
2026-08-05T17:52:57.555Z,3.29
2026-08-05T17:53:12.605Z,3.29
2026-08-05T17:53:27.696Z,3.29
2026-08-05T17:53:42.747Z,3.29
2026-08-05T17:53:57.893Z,3.29
2026-08-05T17:54:12.927Z,3.29
2026-08-05T17:54:28.026Z,3.29
2026-08-05T17:54:43.073Z,3.28
2026-08-05T17:55:10.661Z,3.28
2026-08-05T17:55:18.227Z,3.28
2026-08-05T17:55:33.297Z,3.27
2026-08-05T17:55:52Z,3.27
2026-08-05T17:55:53.406Z,3.27
2026-08-05T17:56:08.991Z,3.28
2026-08-05T17:56:28.594Z,3.28
2026-08-05T17:56:48.714Z,3.3
2026-08-05T17:57:03.741Z,3.3
2026-08-05T17:57:18.819Z,3.28
2026-08-05T17:57:33.868Z,3.32
2026-08-05T17:57:48.982Z,3.33
2026-08-05T17:58:09.044Z,3.33
2026-08-05T17:58:24.116Z,3.33
2026-08-05T17:58:44.224Z,3.34
2026-08-05T17:58:59.324Z,3.34
2026-08-05T17:59:14.377Z,3.34
2026-08-05T17:59:30.522Z,3.36
2026-08-05T17:59:44.797Z,3.35
2026-08-05T17:59:59.624Z,3.36
2026-08-05T18:00:14.736Z,3.36
2026-08-05T18:00:30.014Z,3.37
2026-08-05T18:00:44.828Z,3.37
2026-08-05T18:00:59Z,3.37
2026-08-05T18:00:59.97Z,3.37
2026-08-05T18:01:14.984Z,3.38
2026-08-05T18:01:30.1Z,3.38
2026-08-05T18:01:45.444Z,3.37
2026-08-05T18:02:00.253Z,3.37
2026-08-05T18:02:15.338Z,3.37
2026-08-05T18:02:35.391Z,3.37
2026-08-05T18:02:50.466Z,3.3
2026-08-05T18:03:10.545Z,3.34
2026-08-05T18:03:25.647Z,3.34
2026-08-05T18:03:40.725Z,3.29
2026-08-05T18:04:02.616Z,3.29
2026-08-05T18:04:15.867Z,3.29
2026-08-05T18:04:30.932Z,3.28
2026-08-05T18:04:46.034Z,3.28
2026-08-05T18:05:12.402Z,3.26
2026-08-05T18:05:16.179Z,3.26
2026-08-05T18:05:31.301Z,3.25
2026-08-05T18:05:45Z,3.25
2026-08-05T18:05:46.352Z,3.25
2026-08-05T18:06:06.412Z,3.24
2026-08-05T18:06:21.687Z,3.23
2026-08-05T18:06:36.632Z,3.23
2026-08-05T18:06:51.711Z,3.23
2026-08-05T18:07:06.781Z,3.23
2026-08-05T18:07:22.837Z,3.22
2026-08-05T18:07:36.927Z,3.21
2026-08-05T18:07:57.03Z,3.18
2026-08-05T18:08:17.332Z,3.18
2026-08-05T18:08:32.305Z,3.18
2026-08-05T18:08:52.247Z,3.17
2026-08-05T18:09:07.317Z,3.17
2026-08-05T18:09:22.424Z,3.15
2026-08-05T18:09:38.317Z,3.14
2026-08-05T18:09:57.628Z,3.13
2026-08-05T18:10:12.736Z,3.13
2026-08-05T18:10:32.949Z,3.13
2026-08-05T18:10:47Z,3.13
2026-08-05T18:10:47.907Z,3.13
2026-08-05T18:11:07.98Z,3.11
2026-08-05T18:11:28.073Z,3.1
2026-08-05T18:11:43.634Z,3.08
2026-08-05T18:11:58.21Z,3.08
2026-08-05T18:12:18.28Z,3.04
2026-08-05T18:12:36.769Z,3.03
2026-08-05T18:12:48.42Z,3.01
2026-08-05T18:13:03.527Z,3.01
2026-08-05T18:13:23.598Z,3.0
2026-08-05T18:13:38.73Z,2.99
2026-08-05T18:13:53.805Z,2.98
2026-08-05T18:14:13.875Z,2.97
2026-08-05T18:14:28.999Z,2.96
2026-08-05T18:14:44.457Z,2.96
2026-08-05T18:14:59.092Z,2.95
2026-08-05T18:15:14.174Z,2.95
2026-08-05T18:15:29.241Z,2.94
2026-08-05T18:15:44.321Z,2.94
2026-08-05T18:15:58Z,2.92
2026-08-05T18:16:00.695Z,2.92
2026-08-05T18:16:14.49Z,2.92
2026-08-05T18:16:34.546Z,2.92
2026-08-05T18:16:49.64Z,2.92
2026-08-05T18:17:04.753Z,2.9
2026-08-05T18:17:19.979Z,2.89
2026-08-05T18:17:34.883Z,2.89
2026-08-05T18:17:49.956Z,2.89
2026-08-05T18:18:10.095Z,2.85
2026-08-05T18:18:25.132Z,2.85
2026-08-05T18:18:45.189Z,2.84
2026-08-05T18:19:00.307Z,2.83
2026-08-05T18:19:16.125Z,2.83
2026-08-05T18:19:30.431Z,2.83
2026-08-05T18:19:50.502Z,2.81
2026-08-05T18:20:09.534Z,2.79
2026-08-05T18:20:23.123Z,2.79
2026-08-05T18:20:35.738Z,2.79
2026-08-05T18:20:50.815Z,2.78
2026-08-05T18:21:05Z,2.78
2026-08-05T18:21:05.881Z,2.78
2026-08-05T18:21:26.017Z,2.74
2026-08-05T18:21:46.023Z,2.74
2026-08-05T18:22:02.767Z,2.74
2026-08-05T18:22:16.389Z,2.71
2026-08-05T18:22:31.305Z,2.71
2026-08-05T18:22:46.925Z,2.7
2026-08-05T18:23:02.684Z,2.7
2026-08-05T18:23:16.519Z,2.67
2026-08-05T18:23:31.892Z,2.66
2026-08-05T18:23:47.326Z,2.65
2026-08-05T18:24:06.885Z,2.65
2026-08-05T18:24:21.943Z,2.63
2026-08-05T18:24:36.986Z,2.63
2026-08-05T18:24:52.069Z,2.63
2026-08-05T18:25:12.096Z,2.6
2026-08-05T18:25:22.575Z,2.6
2026-08-05T18:25:37.34Z,2.59
2026-08-05T18:25:52.412Z,2.58
2026-08-05T18:26:07Z,2.58
2026-08-05T18:26:07.439Z,2.58
2026-08-05T18:26:23.038Z,2.57
2026-08-05T18:26:37.679Z,2.56
2026-08-05T18:26:52.673Z,2.56
2026-08-05T18:27:07.758Z,2.56
2026-08-05T18:27:22.834Z,2.56
2026-08-05T18:27:37.876Z,2.55
2026-08-05T18:27:52.972Z,2.55
2026-08-05T18:28:13.064Z,2.53
2026-08-05T18:28:28.174Z,2.53
2026-08-05T18:28:48.632Z,2.52
2026-08-05T18:29:03.3Z,2.52
2026-08-05T18:29:18.397Z,2.51
2026-08-05T18:29:38.482Z,2.5
2026-08-05T18:29:53.551Z,2.5
2026-08-05T18:30:12.33Z,2.49
2026-08-05T18:30:23.684Z,2.49
2026-08-05T18:30:38.831Z,2.48
2026-08-05T18:30:54.569Z,2.46
2026-08-05T18:31:08Z,2.46
2026-08-05T18:31:08.95Z,2.46
2026-08-05T18:31:24.026Z,2.46
2026-08-05T18:31:44.13Z,2.46
2026-08-05T18:32:04.171Z,2.45
2026-08-05T18:32:24.253Z,2.44
2026-08-05T18:32:39.365Z,2.44
2026-08-05T18:32:54.92Z,2.43
2026-08-05T18:33:14.517Z,2.43
2026-08-05T18:33:29.601Z,2.42
2026-08-05T18:33:44.678Z,2.42
2026-08-05T18:33:59.815Z,2.41
2026-08-05T18:34:19.819Z,2.41
2026-08-05T18:34:34.901Z,2.41
2026-08-05T18:34:50.017Z,2.4
2026-08-05T18:35:08.601Z,2.4
2026-08-05T18:35:20.181Z,2.38
2026-08-05T18:35:35.224Z,2.38
2026-08-05T18:35:50.331Z,2.39
2026-08-05T18:36:05Z,2.37
2026-08-05T18:36:05.4Z,2.37
2026-08-05T18:36:20.484Z,2.37
2026-08-05T18:36:35.551Z,2.37
2026-08-05T18:36:51.568Z,2.37
2026-08-05T18:37:05.699Z,2.37
2026-08-05T18:37:25.842Z,2.35
2026-08-05T18:37:40.881Z,2.34
2026-08-05T18:37:55.92Z,2.34
2026-08-05T18:38:11.007Z,2.34
2026-08-05T18:38:26.077Z,2.33
2026-08-05T18:38:46.175Z,2.32
2026-08-05T18:39:02.892Z,2.32
2026-08-05T18:39:21.34Z,2.31
2026-08-05T18:39:36.396Z,2.31
2026-08-05T18:39:52.054Z,2.31
2026-08-05T18:40:12.924Z,2.3
2026-08-05T18:40:21.667Z,2.3
2026-08-05T18:40:36.761Z,2.3
2026-08-05T18:40:56Z,2.28
2026-08-05T18:40:56.867Z,2.28
2026-08-05T18:41:16.95Z,2.27
2026-08-05T18:41:31.998Z,2.27
2026-08-05T18:41:47.103Z,2.26
2026-08-05T18:42:02.772Z,2.26
2026-08-05T18:42:17.727Z,2.25
2026-08-05T18:42:32.276Z,2.25
2026-08-05T18:42:47.377Z,2.24
2026-08-05T18:43:02.709Z,2.23
2026-08-05T18:43:22.53Z,2.23
2026-08-05T18:43:42.585Z,2.22
2026-08-05T18:43:58.415Z,2.22
2026-08-05T18:44:12.747Z,2.22
2026-08-05T18:44:32.846Z,2.21
2026-08-05T18:44:48.419Z,2.21
2026-08-05T18:45:09.775Z,2.2
2026-08-05T18:45:18.064Z,2.2
2026-08-05T18:45:33.164Z,2.2
2026-08-05T18:45:48.271Z,2.19
2026-08-05T18:46:02Z,2.19
2026-08-05T18:46:03.292Z,2.19
2026-08-05T18:46:18.399Z,2.19
2026-08-05T18:46:33.479Z,2.18
2026-08-05T18:46:54.997Z,2.18
2026-08-05T18:47:09.981Z,2.18
2026-08-05T18:47:23.675Z,2.18
2026-08-05T18:47:38.803Z,2.17
2026-08-05T18:47:54.02Z,2.17
2026-08-05T18:48:08.926Z,2.17
2026-08-05T18:48:24.027Z,2.16
2026-08-05T18:48:44.099Z,2.15
2026-08-05T18:48:59.184Z,2.15
2026-08-05T18:49:19.278Z,2.15
2026-08-05T18:49:34.343Z,2.14
2026-08-05T18:49:56.49Z,2.14
2026-08-05T18:50:11.568Z,2.14
2026-08-05T18:50:24.574Z,2.13
2026-08-05T18:50:44.698Z,2.13
2026-08-05T18:51:04Z,2.12
2026-08-05T18:51:04.754Z,2.12
2026-08-05T18:51:19.811Z,2.11
2026-08-05T18:51:34.875Z,2.11
2026-08-05T18:51:49.958Z,2.11
2026-08-05T18:52:05.028Z,2.11
2026-08-05T18:52:20.123Z,2.11
2026-08-05T18:52:35.191Z,2.1
2026-08-05T18:52:50.272Z,2.1
2026-08-05T18:53:05.354Z,2.09
2026-08-05T18:53:25.425Z,2.09
2026-08-05T18:53:40.527Z,2.09
2026-08-05T18:53:55.598Z,2.09
2026-08-05T18:54:15.659Z,2.09
2026-08-05T18:54:30.749Z,2.08
2026-08-05T18:54:45.797Z,2.07
2026-08-05T18:55:11.73Z,2.07
2026-08-05T18:55:16.102Z,2.07
2026-08-05T18:55:31.227Z,2.06
2026-08-05T18:55:46.792Z,2.06
2026-08-05T18:56:02.554Z,2.04
2026-08-05T18:56:15Z,2.04
2026-08-05T18:56:16.349Z,2.04
2026-08-05T18:56:31.465Z,2.06
2026-08-05T18:56:46.541Z,2.05
2026-08-05T18:57:07.369Z,2.06
2026-08-05T18:57:21.656Z,2.07
2026-08-05T18:57:36.735Z,2.06
2026-08-05T18:57:51.84Z,2.07
2026-08-05T18:58:08.147Z,2.07
2026-08-05T18:58:21.979Z,2.08
2026-08-05T18:58:42.051Z,2.07
2026-08-05T18:58:57.113Z,2.06
2026-08-05T18:59:17.22Z,2.07
2026-08-05T18:59:32.329Z,2.08
2026-08-05T18:59:52.43Z,2.07
2026-08-05T19:00:10.988Z,2.07
2026-08-05T19:00:27.568Z,2.08
2026-08-05T19:00:42.638Z,2.08
2026-08-05T19:00:57.719Z,2.07
2026-08-05T19:01:12Z,2.06
2026-08-05T19:01:15.231Z,2.06
2026-08-05T19:01:27.898Z,2.06
2026-08-05T19:01:42.957Z,2.06
2026-08-05T19:02:03.042Z,2.06
2026-08-05T19:02:19.773Z,2.07
2026-08-05T19:02:33.218Z,2.07
2026-08-05T19:02:48.295Z,2.06
2026-08-05T19:03:05.014Z,2.06
2026-08-05T19:03:18.472Z,2.06
2026-08-05T19:03:33.569Z,2.05
2026-08-05T19:03:48.628Z,2.05
2026-08-05T19:04:09.456Z,2.05
2026-08-05T19:04:23.791Z,2.05
2026-08-05T19:04:38.864Z,2.05
2026-08-05T19:04:53.937Z,2.04
2026-08-05T19:05:10.983Z,2.04
2026-08-05T19:05:24.364Z,2.03
2026-08-05T19:05:39.271Z,2.02
2026-08-05T19:05:54.345Z,2.03
2026-08-05T19:06:14Z,2.02
2026-08-05T19:06:14.56Z,2.02
2026-08-05T19:06:29.501Z,2.02
2026-08-05T19:06:44.57Z,2.02
2026-08-05T19:06:59.723Z,2.01
2026-08-05T19:07:19.748Z,2.03
2026-08-05T19:07:35.388Z,2.03
2026-08-05T19:07:49.934Z,2.03
2026-08-05T19:08:09.99Z,2.03
2026-08-05T19:08:25.58Z,2.03
2026-08-05T19:08:45.174Z,2.02
2026-08-05T19:09:00.245Z,2.02
2026-08-05T19:09:15.309Z,2.02
2026-08-05T19:09:30.373Z,2.01
2026-08-05T19:09:45.465Z,2.0
2026-08-05T19:10:00.61Z,2.0
2026-08-05T19:10:20.641Z,2.01
2026-08-05T19:10:40.74Z,2.0
2026-08-05T19:10:55.81Z,2.0
2026-08-05T19:11:10Z,2.01
2026-08-05T19:11:10.87Z,2.01
2026-08-05T19:11:26.429Z,2.0
2026-08-05T19:11:41.063Z,1.99
2026-08-05T19:11:56.124Z,1.99
2026-08-05T19:12:11.183Z,1.99
2026-08-05T19:12:26.28Z,1.97
2026-08-05T19:12:41.329Z,1.99
2026-08-05T19:12:56.415Z,1.98
2026-08-05T19:13:11.492Z,1.99
2026-08-05T19:13:26.565Z,1.99
2026-08-05T19:13:41.653Z,1.99
2026-08-05T19:14:02.734Z,1.99
2026-08-05T19:14:21.814Z,1.99
2026-08-05T19:14:37.032Z,1.99
2026-08-05T19:14:52.165Z,1.98
2026-08-05T19:15:10.667Z,1.98
2026-08-05T19:15:22.617Z,1.97
2026-08-05T19:15:37.411Z,1.97
2026-08-05T19:15:52.483Z,1.96
2026-08-05T19:16:12Z,1.96
2026-08-05T19:16:12.518Z,1.96
2026-08-05T19:16:28.624Z,1.96
2026-08-05T19:16:47.683Z,1.96
2026-08-05T19:17:02.789Z,1.96
2026-08-05T19:17:22.852Z,1.95
2026-08-05T19:17:37.899Z,1.95
2026-08-05T19:17:57.977Z,1.95
2026-08-05T19:18:18.397Z,1.94
2026-08-05T19:18:33.656Z,1.94
2026-08-05T19:18:48.223Z,1.94
2026-08-05T19:19:03.28Z,1.93
2026-08-05T19:19:23.37Z,1.92
2026-08-05T19:19:38.45Z,1.93
2026-08-05T19:19:53.541Z,1.93
2026-08-05T19:20:11.868Z,1.93
2026-08-05T19:20:28.697Z,1.93
2026-08-05T19:20:43.753Z,1.92
2026-08-05T19:20:58.838Z,1.91
2026-08-05T19:21:13Z,1.9
2026-08-05T19:21:13.977Z,1.9
2026-08-05T19:21:29.016Z,1.91
2026-08-05T19:21:44.084Z,1.91
2026-08-05T19:22:04.239Z,1.89
2026-08-05T19:22:24.292Z,1.89
2026-08-05T19:22:39.396Z,1.89
2026-08-05T19:22:54.414Z,1.89
2026-08-05T19:23:10.282Z,1.89
2026-08-05T19:23:29.56Z,1.88
2026-08-05T19:23:44.645Z,1.87
2026-08-05T19:23:59.712Z,1.87
2026-08-05T19:24:15.275Z,1.87
2026-08-05T19:24:30.178Z,1.87
2026-08-05T19:24:44.97Z,1.86
2026-08-05T19:25:11.88Z,1.86
2026-08-05T19:25:20.2Z,1.86
2026-08-05T19:25:35.596Z,1.85
2026-08-05T19:25:50.327Z,1.85
2026-08-05T19:26:05.356Z,1.84
2026-08-05T19:26:20Z,1.84
2026-08-05T19:26:20.427Z,1.84
2026-08-05T19:26:35.507Z,1.84
2026-08-05T19:26:50.607Z,1.83
2026-08-05T19:27:05.662Z,1.82
2026-08-05T19:27:20.806Z,1.82
2026-08-05T19:27:37.311Z,1.82
2026-08-05T19:27:55.957Z,1.82
2026-08-05T19:28:11.05Z,1.81
2026-08-05T19:28:31.686Z,1.81
2026-08-05T19:28:46.23Z,1.81
2026-08-05T19:29:03.042Z,1.8
2026-08-05T19:29:16.328Z,1.8
2026-08-05T19:29:31.464Z,1.79
2026-08-05T19:29:46.564Z,1.79
2026-08-05T19:30:10.611Z,1.78
2026-08-05T19:30:26.715Z,1.77
2026-08-05T19:30:46.78Z,1.77
2026-08-05T19:31:06.899Z,1.77
2026-08-05T19:31:21Z,1.77
2026-08-05T19:31:21.991Z,1.77
2026-08-05T19:31:37.033Z,1.76
2026-08-05T19:31:57.117Z,1.75
2026-08-05T19:32:12.255Z,1.74
2026-08-05T19:32:27.355Z,1.74
2026-08-05T19:32:42.403Z,1.74
2026-08-05T19:33:03.02Z,1.74
2026-08-05T19:33:22.561Z,1.73
2026-08-05T19:33:42.887Z,1.73
2026-08-05T19:33:57.707Z,1.72
2026-08-05T19:34:12.788Z,1.72
2026-08-05T19:34:27.871Z,1.72
2026-08-05T19:34:44.042Z,1.7
2026-08-05T19:35:10.138Z,1.7
2026-08-05T19:35:18.121Z,1.7
2026-08-05T19:35:33.208Z,1.7
2026-08-05T19:35:53.272Z,1.69
2026-08-05T19:36:08.332Z,1.69
2026-08-05T19:36:23Z,1.69
2026-08-05T19:36:23.412Z,1.69
2026-08-05T19:36:38.48Z,1.69
2026-08-05T19:36:58.578Z,1.69
2026-08-05T19:37:18.646Z,1.69
2026-08-05T19:37:34.776Z,1.68
2026-08-05T19:37:48.781Z,1.68
2026-08-05T19:38:03.919Z,1.67
2026-08-05T19:38:23.964Z,1.66
2026-08-05T19:38:39.072Z,1.66
2026-08-05T19:38:54.129Z,1.66
2026-08-05T19:39:14.218Z,1.65
2026-08-05T19:39:29.282Z,1.65
2026-08-05T19:39:49.39Z,1.64
2026-08-05T19:40:08.974Z,1.63
2026-08-05T19:40:19.49Z,1.62
2026-08-05T19:40:39.549Z,1.62
2026-08-05T19:40:54.649Z,1.62
2026-08-05T19:41:14.706Z,1.62
2026-08-05T19:41:29Z,1.61
2026-08-05T19:41:29.805Z,1.61
2026-08-05T19:41:44.927Z,1.61
2026-08-05T19:42:04.971Z,1.61
2026-08-05T19:42:25.633Z,1.6
2026-08-05T19:42:40.157Z,1.6
2026-08-05T19:42:55.192Z,1.6
2026-08-05T19:43:15.277Z,1.6
2026-08-05T19:43:35.349Z,1.58
2026-08-05T19:43:51.265Z,1.58
2026-08-05T19:44:05.503Z,1.58
2026-08-05T19:44:20.576Z,1.58
2026-08-05T19:44:40.756Z,1.57
2026-08-05T19:44:55.74Z,1.57
2026-08-05T19:45:13.047Z,1.57
2026-08-05T19:45:26.182Z,1.57
2026-08-05T19:45:46.067Z,1.56
2026-08-05T19:46:06.783Z,1.56
2026-08-05T19:46:20Z,1.56
2026-08-05T19:46:21.18Z,1.56
2026-08-05T19:46:36.254Z,1.56
2026-08-05T19:46:51.348Z,1.56
2026-08-05T19:47:11.464Z,1.55
2026-08-05T19:47:26.505Z,1.55
2026-08-05T19:47:46.612Z,1.54
2026-08-05T19:48:02.87Z,1.54
2026-08-05T19:48:16.88Z,1.54
2026-08-05T19:48:36.956Z,1.53
2026-08-05T19:48:52.092Z,1.52
2026-08-05T19:49:07.182Z,1.52
2026-08-05T19:49:22.244Z,1.52
2026-08-05T19:49:42.309Z,1.51
2026-08-05T19:49:57.805Z,1.51
2026-08-05T19:50:12.469Z,1.51
2026-08-05T19:50:27.539Z,1.51
2026-08-05T19:50:42.587Z,1.51
2026-08-05T19:51:03.98Z,1.5
2026-08-05T19:51:17.744Z,1.5
2026-08-05T19:51:32Z,1.49
2026-08-05T19:51:32.857Z,1.49
2026-08-05T19:51:47.888Z,1.49
2026-08-05T19:52:04.53Z,1.49
2026-08-05T19:52:23.05Z,1.49
2026-08-05T19:52:44.934Z,1.49
2026-08-05T19:52:58.193Z,1.48
2026-08-05T19:53:13.291Z,1.48
2026-08-05T19:53:28.39Z,1.48
2026-08-05T19:53:43.416Z,1.48
2026-08-05T19:53:58.474Z,1.47
2026-08-05T19:54:13.597Z,1.47
2026-08-05T19:54:33.782Z,1.47
2026-08-05T19:54:48.773Z,1.47
2026-08-05T19:55:09.907Z,1.47
2026-08-05T19:55:20.772Z,1.47
2026-08-05T19:55:33.953Z,1.47
2026-08-05T19:55:49.05Z,1.47
2026-08-05T19:56:09.118Z,1.46
2026-08-05T19:56:23Z,1.46
2026-08-05T19:56:24.191Z,1.46
2026-08-05T19:56:39.277Z,1.46
2026-08-05T19:56:54.364Z,1.46
2026-08-05T19:57:09.412Z,1.46
2026-08-05T19:57:24.483Z,1.45
2026-08-05T19:57:44.575Z,1.45
2026-08-05T19:57:59.647Z,1.45
2026-08-05T19:58:14.727Z,1.44
2026-08-05T19:58:29.808Z,1.45
2026-08-05T19:58:44.864Z,1.44
2026-08-05T19:59:00.844Z,1.44
2026-08-05T19:59:15.149Z,1.44
2026-08-05T19:59:30.186Z,1.43
2026-08-05T19:59:45.244Z,1.43
2026-08-05T20:00:13.167Z,1.43
2026-08-05T20:00:20.402Z,1.42
2026-08-05T20:00:35.472Z,1.42
2026-08-05T20:00:51.081Z,1.42
2026-08-05T20:01:05.615Z,1.42
2026-08-05T20:01:20Z,1.41
2026-08-05T20:01:20.732Z,1.41
2026-08-05T20:01:46.075Z,1.41
2026-08-05T20:01:55.893Z,1.41
2026-08-05T20:02:15.964Z,1.4
2026-08-05T20:02:36.028Z,1.4
2026-08-05T20:02:51.126Z,1.4
2026-08-05T20:03:11.986Z,1.4
2026-08-05T20:03:26.222Z,1.4
2026-08-05T20:03:41.315Z,1.39
2026-08-05T20:03:56.475Z,1.39
2026-08-05T20:04:11.556Z,1.39
2026-08-05T20:04:26.63Z,1.39
2026-08-05T20:04:46.703Z,1.38
2026-08-05T20:05:12.804Z,1.38
2026-08-05T20:05:21.869Z,1.38
2026-08-05T20:05:37.003Z,1.38
2026-08-05T20:05:57.055Z,1.37
2026-08-05T20:06:17.116Z,1.37
2026-08-05T20:06:31Z,1.37
2026-08-05T20:06:32.207Z,1.37
2026-08-05T20:06:47.56Z,1.37
2026-08-05T20:07:07.342Z,1.37
2026-08-05T20:07:22.596Z,1.37
2026-08-05T20:07:37.484Z,1.36
2026-08-05T20:07:57.586Z,1.36
2026-08-05T20:08:17.646Z,1.36
2026-08-05T20:08:33.417Z,1.36
2026-08-05T20:08:47.852Z,1.35
2026-08-05T20:09:02.932Z,1.35
2026-08-05T20:09:18.011Z,1.35
2026-08-05T20:09:38.08Z,1.35
2026-08-05T20:09:53.208Z,1.35
2026-08-05T20:10:12.106Z,1.35
2026-08-05T20:10:23.429Z,1.34
2026-08-05T20:10:38.475Z,1.34
2026-08-05T20:10:53.508Z,1.34
2026-08-05T20:11:08.619Z,1.34
2026-08-05T20:11:23.664Z,1.34
2026-08-05T20:11:38Z,1.34
2026-08-05T20:11:38.763Z,1.34
2026-08-05T20:11:53.831Z,1.34
2026-08-05T20:12:14.774Z,1.34
2026-08-05T20:12:29.432Z,1.34
2026-08-05T20:12:49.061Z,1.34
2026-08-05T20:13:09.119Z,1.33
2026-08-05T20:13:24.203Z,1.33
2026-08-05T20:13:39.329Z,1.33
2026-08-05T20:13:54.4Z,1.33
2026-08-05T20:14:09.454Z,1.33
2026-08-05T20:14:29.534Z,1.32
2026-08-05T20:14:44.624Z,1.32
2026-08-05T20:14:59.719Z,1.32
2026-08-05T20:15:19.767Z,1.32
2026-08-05T20:15:34.883Z,1.32
2026-08-05T20:15:49.955Z,1.32
2026-08-05T20:16:05.061Z,1.32
2026-08-05T20:16:20.111Z,1.32
2026-08-05T20:16:39Z,1.32
2026-08-05T20:16:40.191Z,1.32
2026-08-05T20:16:55.247Z,1.31
2026-08-05T20:17:10.342Z,1.31
2026-08-05T20:17:25.401Z,1.31
2026-08-05T20:17:40.485Z,1.31
2026-08-05T20:18:02.57Z,1.31
2026-08-05T20:18:15.627Z,1.3
2026-08-05T20:18:30.705Z,1.3
2026-08-05T20:18:46.243Z,1.3
2026-08-05T20:19:02.777Z,1.3
2026-08-05T20:19:20.936Z,1.3
2026-08-05T20:19:36.092Z,1.3
2026-08-05T20:19:51.098Z,1.3
2026-08-05T20:20:13.062Z,1.3
2026-08-05T20:20:26.25Z,1.29
2026-08-05T20:20:46.348Z,1.29
2026-08-05T20:21:02.742Z,1.29
2026-08-05T20:21:16.527Z,1.29
2026-08-05T20:21:31Z,1.29
2026-08-05T20:21:31.619Z,1.29
2026-08-05T20:21:52.1Z,1.29
2026-08-05T20:22:06.77Z,1.29
2026-08-05T20:22:21.874Z,1.28
2026-08-05T20:22:41.915Z,1.28
2026-08-05T20:22:58.079Z,1.28
2026-08-05T20:23:12.152Z,1.28
2026-08-05T20:23:27.234Z,1.28
2026-08-05T20:23:42.468Z,1.28
2026-08-05T20:23:57.491Z,1.27
2026-08-05T20:24:12.476Z,1.27
2026-08-05T20:24:32.533Z,1.27
2026-08-05T20:24:47.604Z,1.27
2026-08-05T20:25:11.518Z,1.27
2026-08-05T20:25:17.746Z,1.26
2026-08-05T20:25:32.828Z,1.26
2026-08-05T20:25:47.918Z,1.26
2026-08-05T20:26:03.034Z,1.26
2026-08-05T20:26:18.104Z,1.26
2026-08-05T20:26:32Z,1.26
2026-08-05T20:26:33.163Z,1.26
2026-08-05T20:26:53.211Z,1.26
2026-08-05T20:27:08.288Z,1.26
2026-08-05T20:27:28.851Z,1.26
2026-08-05T20:27:43.465Z,1.25
2026-08-05T20:27:58.533Z,1.25
2026-08-05T20:28:18.61Z,1.25
2026-08-05T20:28:33.745Z,1.25
2026-08-05T20:28:48.768Z,1.25
2026-08-05T20:29:08.841Z,1.25
2026-08-05T20:29:23.915Z,1.25
2026-08-05T20:29:39.031Z,1.25
2026-08-05T20:29:54.179Z,1.24
2026-08-05T20:30:10.55Z,1.24
2026-08-05T20:30:24.234Z,1.24
2026-08-05T20:30:39.381Z,1.24
2026-08-05T20:30:54.392Z,1.24
2026-08-05T20:31:14.497Z,1.24
2026-08-05T20:31:29Z,1.24
2026-08-05T20:31:31.22Z,1.24
2026-08-05T20:31:49.619Z,1.23
2026-08-05T20:32:09.696Z,1.23
2026-08-05T20:32:24.822Z,1.23
2026-08-05T20:32:39.845Z,1.23
2026-08-05T20:32:54.982Z,1.23
2026-08-05T20:33:15.27Z,1.23
2026-08-05T20:33:30.336Z,1.23
2026-08-05T20:33:45.208Z,1.22
2026-08-05T20:34:00.287Z,1.22
2026-08-05T20:34:15.381Z,1.22
2026-08-05T20:34:30.425Z,1.22
2026-08-05T20:34:45.516Z,1.22
2026-08-05T20:35:00.634Z,1.22
2026-08-05T20:35:15.675Z,1.21
2026-08-05T20:35:30.755Z,1.21
2026-08-05T20:35:45.82Z,1.21
2026-08-05T20:36:06.634Z,1.21
2026-08-05T20:36:21.042Z,1.21
2026-08-05T20:36:35Z,1.2
2026-08-05T20:36:36.096Z,1.2
2026-08-05T20:36:51.189Z,1.2
2026-08-05T20:37:06.302Z,1.2
2026-08-05T20:37:21.52Z,1.2
2026-08-05T20:37:36.445Z,1.2
2026-08-05T20:37:51.45Z,1.2
2026-08-05T20:38:06.589Z,1.2
2026-08-05T20:38:26.668Z,1.19
2026-08-05T20:38:46.743Z,1.19
2026-08-05T20:39:02.958Z,1.19
2026-08-05T20:39:16.935Z,1.19
2026-08-05T20:39:31.999Z,1.19
2026-08-05T20:39:52.074Z,1.19
2026-08-05T20:40:12.776Z,1.19
2026-08-05T20:40:27.274Z,1.19
2026-08-05T20:40:42.297Z,1.18
2026-08-05T20:41:03.903Z,1.18
2026-08-05T20:41:22.432Z,1.18
2026-08-05T20:41:37Z,1.18
2026-08-05T20:41:38.917Z,1.18
2026-08-05T20:41:52.65Z,1.18
2026-08-05T20:42:07.677Z,1.18
2026-08-05T20:42:27.736Z,1.17
2026-08-05T20:42:42.838Z,1.18
2026-08-05T20:43:02.959Z,1.17
2026-08-05T20:43:22.994Z,1.17
2026-08-05T20:43:38.119Z,1.17
2026-08-05T20:43:53.177Z,1.17
2026-08-05T20:44:13.24Z,1.17
2026-08-05T20:44:28.355Z,1.17
2026-08-05T20:44:43.427Z,1.17
2026-08-05T20:44:58.514Z,1.17
2026-08-05T20:45:13.601Z,1.17
2026-08-05T20:45:33.69Z,1.16
2026-08-05T20:45:48.779Z,1.16
2026-08-05T20:46:08.904Z,1.16
2026-08-05T20:46:24Z,1.16
2026-08-05T20:46:38Z,1.16
2026-08-05T20:46:39.101Z,1.16
2026-08-05T20:46:54.11Z,1.16
2026-08-05T20:47:09.22Z,1.16
2026-08-05T20:47:29.278Z,1.16
2026-08-05T20:47:44.353Z,1.16
2026-08-05T20:47:59.448Z,1.16
2026-08-05T20:48:14.531Z,1.15
2026-08-05T20:48:34.621Z,1.15
2026-08-05T20:48:49.689Z,1.15
2026-08-05T20:49:09.77Z,1.15
2026-08-05T20:49:24.893Z,1.15
2026-08-05T20:49:39.93Z,1.15
2026-08-05T20:49:55.012Z,1.15
2026-08-05T20:50:12.284Z,1.15
2026-08-05T20:50:25.271Z,1.15
2026-08-05T20:50:45.31Z,1.15
2026-08-05T20:51:05.39Z,1.14
2026-08-05T20:51:25.468Z,1.14
2026-08-05T20:51:40Z,1.14
2026-08-05T20:51:40.64Z,1.14
2026-08-05T20:51:55.6Z,1.14
2026-08-05T20:52:15.683Z,1.14
2026-08-05T20:52:30.761Z,1.14
2026-08-05T20:52:45.916Z,1.14
2026-08-05T20:53:02.571Z,1.14
2026-08-05T20:53:16.043Z,1.14
2026-08-05T20:53:31.108Z,1.14
2026-08-05T20:53:46.201Z,1.14
2026-08-05T20:54:02.938Z,1.14
2026-08-05T20:54:16.409Z,1.13
2026-08-05T20:54:31.439Z,1.13
2026-08-05T20:54:46.509Z,1.13
2026-08-05T20:55:10.275Z,1.13
2026-08-05T20:55:16.752Z,1.13
2026-08-05T20:55:31.875Z,1.13
2026-08-05T20:55:47.027Z,1.13
2026-08-05T20:56:03.667Z,1.13
2026-08-05T20:56:17.078Z,1.13
2026-08-05T20:56:32.146Z,1.13
2026-08-05T20:56:46Z,1.13
2026-08-05T20:56:47.305Z,1.13
2026-08-05T20:57:02.902Z,1.12
2026-08-05T20:57:17.388Z,1.12
2026-08-05T20:57:32.513Z,1.12
2026-08-05T20:57:47.623Z,1.12
2026-08-05T20:58:02.897Z,1.12
2026-08-05T20:58:17.76Z,1.12
2026-08-05T20:58:37.856Z,1.11
2026-08-05T20:58:52.934Z,1.11
2026-08-05T20:59:09.712Z,1.11
2026-08-05T20:59:23.099Z,1.11
2026-08-05T20:59:38.153Z,1.11
2026-08-05T20:59:53.247Z,1.11
2026-08-05T21:00:13.405Z,1.11
2026-08-05T21:00:28.458Z,1.11
2026-08-05T21:00:48.51Z,1.11
2026-08-05T21:01:03.601Z,1.1
2026-08-05T21:01:18.683Z,1.1
2026-08-05T21:01:35.71Z,1.1
2026-08-05T21:01:53Z,1.1
2026-08-05T21:01:53.856Z,1.1
2026-08-05T21:02:13.926Z,1.1
2026-08-05T21:02:28.994Z,1.09
2026-08-05T21:02:44.13Z,1.09
2026-08-05T21:02:59.485Z,1.09
2026-08-05T21:03:19.341Z,1.09
2026-08-05T21:03:34.418Z,1.09
2026-08-05T21:03:49.508Z,1.09
2026-08-05T21:04:04.58Z,1.09
2026-08-05T21:04:24.635Z,1.09
2026-08-05T21:04:44.748Z,1.09
2026-08-05T21:04:59.841Z,1.09
2026-08-05T21:05:14.986Z,1.09
2026-08-05T21:05:30.048Z,1.08
2026-08-05T21:05:45.13Z,1.08
2026-08-05T21:06:05.226Z,1.08
2026-08-05T21:06:20.278Z,1.08
2026-08-05T21:06:40.351Z,1.08
2026-08-05T21:06:55Z,1.08
2026-08-05T21:06:55.859Z,1.08
2026-08-05T21:07:10.521Z,1.08
2026-08-05T21:07:25.572Z,1.07
2026-08-05T21:07:40.741Z,1.07
2026-08-05T21:07:55.8Z,1.06
2026-08-05T21:08:10.875Z,1.06
2026-08-05T21:08:31.175Z,1.06
2026-08-05T21:08:46.041Z,1.06
2026-08-05T21:09:02.821Z,1.06
2026-08-05T21:09:16.187Z,1.05
2026-08-05T21:09:31.276Z,1.05
2026-08-05T21:09:52.98Z,1.05
2026-08-05T21:10:11.031Z,1.05
2026-08-05T21:10:27.635Z,1.05
2026-08-05T21:10:41.64Z,1.04
2026-08-05T21:10:57.441Z,1.04
2026-08-05T21:11:16.791Z,1.04
2026-08-05T21:11:31.871Z,1.04
2026-08-05T21:11:46Z,1.04
2026-08-05T21:11:46.954Z,1.04
2026-08-05T21:12:07.023Z,1.04
2026-08-05T21:12:27.118Z,1.04
2026-08-05T21:12:43.6Z,1.04
2026-08-05T21:12:58.105Z,1.03
2026-08-05T21:13:12.321Z,1.03
2026-08-05T21:13:27.414Z,1.03
2026-08-05T21:13:42.555Z,1.03
2026-08-05T21:13:57.724Z,1.03
2026-08-05T21:14:17.693Z,1.03
2026-08-05T21:14:40.14Z,1.03
2026-08-05T21:14:57.83Z,1.02
2026-08-05T21:15:12.959Z,1.02
2026-08-05T21:15:32.998Z,1.02
2026-08-05T21:15:48.078Z,1.02
2026-08-05T21:16:03.183Z,1.02
2026-08-05T21:16:18.237Z,1.02
2026-08-05T21:16:38.331Z,1.02
2026-08-05T21:16:53Z,1.01
2026-08-05T21:16:53.456Z,1.01
2026-08-05T21:17:13.554Z,1.01
2026-08-05T21:17:34.038Z,1.01
2026-08-05T21:17:48.616Z,1.01
2026-08-05T21:18:03.768Z,1.01
2026-08-05T21:18:23.835Z,1.01
2026-08-05T21:18:38.921Z,1.01
2026-08-05T21:18:58.96Z,1.0
2026-08-05T21:19:14.227Z,1.0
2026-08-05T21:19:29.098Z,1.0
2026-08-05T21:19:49.29Z,1.0
2026-08-05T21:20:10.478Z,1.0
2026-08-05T21:20:19.329Z,1.0
2026-08-05T21:20:34.411Z,1.0
2026-08-05T21:20:49.489Z,1.0
2026-08-05T21:21:10.01Z,0.99
2026-08-05T21:21:24.724Z,0.99
2026-08-05T21:21:44.83Z,0.99
2026-08-05T21:21:59Z,0.99
2026-08-05T21:21:59.895Z,0.99
2026-08-05T21:22:14.983Z,0.99
2026-08-05T21:22:30.057Z,0.99
2026-08-05T21:22:45.131Z,0.98
2026-08-05T21:23:05.653Z,0.98
2026-08-05T21:23:25.286Z,0.98
2026-08-05T21:23:40.404Z,0.98
2026-08-05T21:24:01.807Z,0.98
2026-08-05T21:24:20.526Z,0.97
2026-08-05T21:24:35.598Z,0.97
2026-08-05T21:24:50.68Z,0.97
2026-08-05T21:25:10.949Z,0.97
2026-08-05T21:25:21.009Z,0.97
2026-08-05T21:25:40.969Z,0.97
2026-08-05T21:26:02.8Z,0.97
2026-08-05T21:26:21.349Z,0.97
2026-08-05T21:26:36.198Z,0.97
2026-08-05T21:26:50Z,0.96
2026-08-05T21:26:51.245Z,0.96
2026-08-05T21:27:06.355Z,0.96
2026-08-05T21:27:21.415Z,0.96
2026-08-05T21:27:41.482Z,0.96
2026-08-05T21:28:02.775Z,0.96
2026-08-05T21:28:21.634Z,0.95
2026-08-05T21:28:36.895Z,0.95
2026-08-05T21:28:52.646Z,0.95
2026-08-05T21:29:06.917Z,0.95
2026-08-05T21:29:21.99Z,0.95
2026-08-05T21:29:37.099Z,0.95
2026-08-05T21:29:52.186Z,0.95
2026-08-05T21:30:09.255Z,0.95
2026-08-05T21:30:22.39Z,0.95
2026-08-05T21:30:37.469Z,0.95
2026-08-05T21:30:57.522Z,0.94
2026-08-05T21:31:12.582Z,0.94
2026-08-05T21:31:27.658Z,0.94
2026-08-05T21:31:42.735Z,0.94
2026-08-05T21:31:57Z,0.94
2026-08-05T21:31:57.839Z,0.94
2026-08-05T21:32:13Z,0.94
2026-08-05T21:32:28.045Z,0.94
2026-08-05T21:32:43.102Z,0.94
2026-08-05T21:32:58.371Z,0.93
2026-08-05T21:33:13.285Z,0.93
2026-08-05T21:33:28.343Z,0.93
2026-08-05T21:33:43.421Z,0.93
2026-08-05T21:33:58.498Z,0.93
2026-08-05T21:34:14.203Z,0.93
2026-08-05T21:34:28.655Z,0.93
2026-08-05T21:34:48.747Z,0.93
2026-08-05T21:35:09.079Z,0.92
2026-08-05T21:35:23.913Z,0.92
2026-08-05T21:35:43.968Z,0.92
2026-08-05T21:36:04.54Z,0.92
2026-08-05T21:36:19.124Z,0.92
2026-08-05T21:36:34.348Z,0.92
2026-08-05T21:36:49.454Z,0.92
2026-08-05T21:37:03Z,0.91
2026-08-05T21:37:04.874Z,0.91
2026-08-05T21:37:19.513Z,0.91
2026-08-05T21:37:39.566Z,0.91
2026-08-05T21:37:54.685Z,0.91
2026-08-05T21:38:09.7Z,0.91
2026-08-05T21:38:29.794Z,0.91
2026-08-05T21:38:44.858Z,0.91
2026-08-05T21:38:59.958Z,0.91
2026-08-05T21:39:15.06Z,0.9
2026-08-05T21:39:30.107Z,0.9
2026-08-05T21:39:45.406Z,0.9
2026-08-05T21:40:00.251Z,0.9
2026-08-05T21:40:15.327Z,0.9
2026-08-05T21:40:30.423Z,0.9
2026-08-05T21:40:45.489Z,0.9
2026-08-05T21:41:00.555Z,0.9
2026-08-05T21:41:20.643Z,0.9
2026-08-05T21:41:35.716Z,0.9
2026-08-05T21:41:50.772Z,0.89
2026-08-05T21:42:05Z,0.89
2026-08-05T21:42:07.169Z,0.89
2026-08-05T21:42:20.975Z,0.89
2026-08-05T21:42:36.022Z,0.89
2026-08-05T21:42:51.115Z,0.89
2026-08-05T21:43:06.184Z,0.89
2026-08-05T21:43:21.28Z,0.89
2026-08-05T21:43:41.358Z,0.89
2026-08-05T21:43:56.406Z,0.88
2026-08-05T21:44:16.5Z,0.88
2026-08-05T21:44:31.569Z,0.88
2026-08-05T21:44:46.669Z,0.88
2026-08-05T21:45:11.91Z,0.88
2026-08-05T21:45:16.783Z,0.88
2026-08-05T21:45:36.941Z,0.88
2026-08-05T21:45:52.59Z,0.88
2026-08-05T21:46:07.029Z,0.88
2026-08-05T21:46:27.095Z,0.87
2026-08-05T21:46:47.2Z,0.87
2026-08-05T21:47:01Z,0.87
2026-08-05T21:47:02.773Z,0.87
2026-08-05T21:47:17.338Z,0.87
2026-08-05T21:47:37.42Z,0.87
2026-08-05T21:47:52.511Z,0.87
2026-08-05T21:48:07.579Z,0.87
2026-08-05T21:48:22.679Z,0.87
2026-08-05T21:48:37.723Z,0.87
2026-08-05T21:48:57.854Z,0.87
2026-08-05T21:49:12.924Z,0.87
2026-08-05T21:49:27.972Z,0.87
2026-08-05T21:49:43.066Z,0.86
2026-08-05T21:49:58.148Z,0.86
2026-08-05T21:50:18.231Z,0.86
2026-08-05T21:50:33.294Z,0.86
2026-08-05T21:50:53.354Z,0.86
2026-08-05T21:51:13.492Z,0.86
2026-08-05T21:51:33.501Z,0.86
2026-08-05T21:51:48.57Z,0.86
2026-08-05T21:52:08Z,0.86
2026-08-05T21:52:09.506Z,0.86
2026-08-05T21:52:23.76Z,0.86
2026-08-05T21:52:43.859Z,0.86
2026-08-05T21:53:03.912Z,0.85
2026-08-05T21:53:19.146Z,0.85
2026-08-05T21:53:34.057Z,0.85
2026-08-05T21:53:49.169Z,0.85
2026-08-05T21:54:05.597Z,0.85
2026-08-05T21:54:19.316Z,0.85
2026-08-05T21:54:39.392Z,0.85
2026-08-05T21:54:54.478Z,0.85
2026-08-05T21:55:11.641Z,0.85
2026-08-05T21:55:29.643Z,0.85
2026-08-05T21:55:49.733Z,0.85
2026-08-05T21:56:04.772Z,0.85
2026-08-05T21:56:19.853Z,0.84
2026-08-05T21:56:34.981Z,0.84
2026-08-05T21:56:50.388Z,0.84
2026-08-05T21:57:09Z,0.84
2026-08-05T21:57:10.16Z,0.84
2026-08-05T21:57:25.229Z,0.84
2026-08-05T21:57:40.299Z,0.84
2026-08-05T21:58:00.886Z,0.84
2026-08-05T21:58:15.467Z,0.84
2026-08-05T21:58:35.519Z,0.84
2026-08-05T21:58:50.628Z,0.84
2026-08-05T21:59:05.824Z,0.84
2026-08-05T21:59:21.215Z,0.83
2026-08-05T21:59:40.955Z,0.83
2026-08-05T22:00:09.34Z,0.83
2026-08-05T22:00:15.982Z,0.83
2026-08-05T22:00:31.385Z,0.83
2026-08-05T22:00:46.146Z,0.83
2026-08-05T22:01:06.213Z,0.83
2026-08-05T22:01:21.326Z,0.83
2026-08-05T22:01:36.776Z,0.83
2026-08-05T22:01:56.472Z,0.83
2026-08-05T22:02:11Z,0.83
2026-08-05T22:02:11.556Z,0.83
2026-08-05T22:02:27.364Z,0.83
2026-08-05T22:02:46.711Z,0.82
2026-08-05T22:03:02.887Z,0.83
2026-08-05T22:03:21.874Z,0.82
2026-08-05T22:03:37.069Z,0.82
2026-08-05T22:03:52.085Z,0.82
2026-08-05T22:04:12.143Z,0.82
2026-08-05T22:04:27.222Z,0.82
2026-08-05T22:04:42.548Z,0.82
2026-08-05T22:04:57.393Z,0.82
2026-08-05T22:05:12.45Z,0.82
2026-08-05T22:05:32.527Z,0.82
2026-08-05T22:05:47.62Z,0.82
2026-08-05T22:06:03.449Z,0.82
2026-08-05T22:06:17.812Z,0.81
2026-08-05T22:06:32.952Z,0.81
2026-08-05T22:06:47.983Z,0.81
2026-08-05T22:07:02Z,0.81
2026-08-05T22:07:03.26Z,0.81
2026-08-05T22:07:18.173Z,0.81
2026-08-05T22:07:38.226Z,0.81
2026-08-05T22:07:53.279Z,0.81
2026-08-05T22:08:13.366Z,0.81
2026-08-05T22:08:28.455Z,0.81
2026-08-05T22:08:48.567Z,0.81
2026-08-05T22:09:03.63Z,0.81
2026-08-05T22:09:18.751Z,0.8
2026-08-05T22:09:33.795Z,0.8
2026-08-05T22:09:48.87Z,0.8
2026-08-05T22:10:12.008Z,0.8
2026-08-05T22:10:24.036Z,0.8
2026-08-05T22:10:40.579Z,0.8
2026-08-05T22:10:54.191Z,0.8
2026-08-05T22:11:09.322Z,0.8
2026-08-05T22:11:24.338Z,0.8
2026-08-05T22:11:39.423Z,0.8
2026-08-05T22:11:54.828Z,0.8
2026-08-05T22:12:14Z,0.8
2026-08-05T22:12:14.577Z,0.8
2026-08-05T22:12:30.801Z,0.8
2026-08-05T22:12:49.751Z,0.8
2026-08-05T22:13:09.793Z,0.79
2026-08-05T22:13:24.864Z,0.79
2026-08-05T22:13:40.053Z,0.79
2026-08-05T22:14:00.134Z,0.79
2026-08-05T22:14:15.228Z,0.79
2026-08-05T22:14:30.538Z,0.79
2026-08-05T22:14:50.444Z,0.79
2026-08-05T22:15:12.799Z,0.79
2026-08-05T22:15:25.623Z,0.79
2026-08-05T22:15:40.703Z,0.79
2026-08-05T22:15:55.761Z,0.78
2026-08-05T22:16:10.838Z,0.78
2026-08-05T22:16:30.94Z,0.78
2026-08-05T22:16:46.06Z,0.78
2026-08-05T22:17:05Z,0.78
2026-08-05T22:17:07.001Z,0.78
2026-08-05T22:17:21.159Z,0.78
2026-08-05T22:17:36.253Z,0.78
2026-08-05T22:17:51.32Z,0.78
2026-08-05T22:18:11.467Z,0.78
2026-08-05T22:18:26.47Z,0.78
2026-08-05T22:18:41.57Z,0.78
2026-08-05T22:19:03.399Z,0.78
2026-08-05T22:19:16.743Z,0.77
2026-08-05T22:19:36.811Z,0.77
2026-08-05T22:19:51.899Z,0.77
2026-08-05T22:20:13.608Z,0.77
2026-08-05T22:20:27.036Z,0.77
2026-08-05T22:20:42.16Z,0.77
2026-08-05T22:21:03.156Z,0.77
2026-08-05T22:21:22.271Z,0.77
2026-08-05T22:21:37.376Z,0.77
2026-08-05T22:21:52.405Z,0.77
2026-08-05T22:22:07Z,0.76
2026-08-05T22:22:07.501Z,0.76
2026-08-05T22:22:22.574Z,0.76
2026-08-05T22:22:37.655Z,0.76
2026-08-05T22:22:52.717Z,0.76
2026-08-05T22:23:12.837Z,0.76
2026-08-05T22:23:32.948Z,0.76
2026-08-05T22:23:50.085Z,0.76
2026-08-05T22:24:03.371Z,0.76
2026-08-05T22:24:18.206Z,0.76
2026-08-05T22:24:33.298Z,0.76
2026-08-05T22:24:48.369Z,0.76
2026-08-05T22:25:11.997Z,0.76
2026-08-05T22:25:18.575Z,0.75
2026-08-05T22:25:33.637Z,0.75
2026-08-05T22:25:48.748Z,0.75
2026-08-05T22:26:03.843Z,0.75
2026-08-05T22:26:18.907Z,0.75
2026-08-05T22:26:39.007Z,0.75
2026-08-05T22:26:54.107Z,0.75
2026-08-05T22:27:13Z,0.75
2026-08-05T22:27:14.15Z,0.75
2026-08-05T22:27:29.27Z,0.75
2026-08-05T22:27:49.321Z,0.74
2026-08-05T22:28:09.63Z,0.74
2026-08-05T22:28:24.451Z,0.74
2026-08-05T22:28:44.526Z,0.74
2026-08-05T22:28:59.595Z,0.74
2026-08-05T22:29:20.13Z,0.74
2026-08-05T22:29:34.759Z,0.74
2026-08-05T22:29:54.906Z,0.74
2026-08-05T22:30:09.938Z,0.74
2026-08-05T22:30:25.208Z,0.74
2026-08-05T22:30:40.11Z,0.74
2026-08-05T22:30:55.223Z,0.74
2026-08-05T22:31:10.27Z,0.74
2026-08-05T22:31:30.323Z,0.73
2026-08-05T22:31:45.739Z,0.74
2026-08-05T22:32:05.488Z,0.73
2026-08-05T22:32:20Z,0.73
2026-08-05T22:32:20.565Z,0.73
2026-08-05T22:32:35.755Z,0.73
2026-08-05T22:32:55.746Z,0.73
2026-08-05T22:33:10.795Z,0.72
2026-08-05T22:33:26.525Z,0.72
2026-08-05T22:33:41.045Z,0.72
2026-08-05T22:33:56.078Z,0.72
2026-08-05T22:34:11.183Z,0.72
2026-08-05T22:34:26.245Z,0.72
2026-08-05T22:34:41.985Z,0.72
2026-08-05T22:35:12.144Z,0.72
2026-08-05T22:35:16.625Z,0.72
2026-08-05T22:35:31.683Z,0.72
2026-08-05T22:35:46.8Z,0.72
2026-08-05T22:36:02.951Z,0.72
2026-08-05T22:36:17.015Z,0.72
2026-08-05T22:36:32.295Z,0.72
2026-08-05T22:36:52.187Z,0.72
2026-08-05T22:37:07.266Z,0.72
2026-08-05T22:37:21Z,0.72
2026-08-05T22:37:22.335Z,0.72
2026-08-05T22:37:42.883Z,0.72
2026-08-05T22:38:02.54Z,0.72
2026-08-05T22:38:17.557Z,0.71
2026-08-05T22:38:32.634Z,0.71
2026-08-05T22:38:47.959Z,0.71
2026-08-05T22:39:02.844Z,0.71
2026-08-05T22:39:17.896Z,0.71
2026-08-05T22:39:32.961Z,0.71
2026-08-05T22:39:48.045Z,0.71
2026-08-05T22:40:11.163Z,0.71
2026-08-05T22:40:23.251Z,0.71
2026-08-05T22:40:38.34Z,0.7
2026-08-05T22:40:53.587Z,0.71
2026-08-05T22:41:08.632Z,0.71
2026-08-05T22:41:23.61Z,0.71
2026-08-05T22:41:38.626Z,0.71
2026-08-05T22:41:58.716Z,0.7
2026-08-05T22:42:13Z,0.7
2026-08-05T22:42:13.82Z,0.7
2026-08-05T22:42:33.863Z,0.7
2026-08-05T22:42:48.951Z,0.7
2026-08-05T22:43:06.075Z,0.7
2026-08-05T22:43:24.108Z,0.7
2026-08-05T22:43:44.213Z,0.7
2026-08-05T22:44:04.269Z,0.7
2026-08-05T22:44:24.339Z,0.7
2026-08-05T22:44:39.431Z,0.7
2026-08-05T22:44:54.473Z,0.7
2026-08-05T22:45:15.028Z,0.7
2026-08-05T22:45:30.561Z,0.7
2026-08-05T22:45:44.764Z,0.69
2026-08-05T22:45:59.835Z,0.69
2026-08-05T22:46:14.935Z,0.69
2026-08-05T22:46:35.259Z,0.69
2026-08-05T22:46:50.089Z,0.69
2026-08-05T22:47:09Z,0.69
2026-08-05T22:47:10.214Z,0.69
2026-08-05T22:47:30.72Z,0.69
2026-08-05T22:47:45.341Z,0.69
2026-08-05T22:48:00.45Z,0.69
2026-08-05T22:48:21.434Z,0.69
2026-08-05T22:48:35.565Z,0.69
2026-08-05T22:48:50.679Z,0.69
2026-08-05T22:49:10.701Z,0.69
2026-08-05T22:49:30.772Z,0.69
2026-08-05T22:49:45.851Z,0.69
2026-08-05T22:50:10.394Z,0.69
2026-08-05T22:50:21.073Z,0.69
2026-08-05T22:50:36.23Z,0.69
2026-08-05T22:50:51.292Z,0.68
2026-08-05T22:51:06.33Z,0.68
2026-08-05T22:51:21.365Z,0.68
2026-08-05T22:51:41.43Z,0.68
2026-08-05T22:51:56.513Z,0.68
2026-08-05T22:52:11.567Z,0.68
2026-08-05T22:52:26Z,0.68
2026-08-05T22:52:26.733Z,0.68
2026-08-05T22:52:41.731Z,0.68
2026-08-05T22:52:56.833Z,0.68
2026-08-05T22:53:11.888Z,0.68
2026-08-05T22:53:26.975Z,0.67
2026-08-05T22:53:42.056Z,0.67
2026-08-05T22:54:02.95Z,0.67
2026-08-05T22:54:17.267Z,0.67
2026-08-05T22:54:32.284Z,0.67
2026-08-05T22:54:47.348Z,0.67
2026-08-05T22:55:07.577Z,0.67
2026-08-05T22:55:22.969Z,0.67
2026-08-05T22:55:42.592Z,0.67
2026-08-05T22:55:57.657Z,0.67
2026-08-05T22:56:17.717Z,0.67
2026-08-05T22:56:33.226Z,0.67
2026-08-05T22:56:52.952Z,0.67
2026-08-05T22:57:07.96Z,0.67
2026-08-05T22:57:22Z,0.67
2026-08-05T22:57:23.037Z,0.67
2026-08-05T22:57:38.137Z,0.67
2026-08-05T22:57:53.187Z,0.67
2026-08-05T22:58:08.253Z,0.66
2026-08-05T22:58:28.329Z,0.66
2026-08-05T22:58:43.466Z,0.66
2026-08-05T22:59:04.954Z,0.66
2026-08-05T22:59:18.611Z,0.66
2026-08-05T22:59:33.696Z,0.66
2026-08-05T22:59:48.77Z,0.66
2026-08-05T23:00:11.569Z,0.66
2026-08-05T23:00:24.247Z,0.66
2026-08-05T23:00:44.063Z,0.66
2026-08-05T23:00:59.069Z,0.66
2026-08-05T23:01:14.656Z,0.65
2026-08-05T23:01:34.231Z,0.65
2026-08-05T23:01:49.288Z,0.65
2026-08-05T23:02:04.375Z,0.65
2026-08-05T23:02:24Z,0.65
2026-08-05T23:02:24.455Z,0.65
2026-08-05T23:02:39.553Z,0.65
2026-08-05T23:02:54.646Z,0.65
2026-08-05T23:03:10.198Z,0.65
2026-08-05T23:03:24.925Z,0.65
2026-08-05T23:03:39.917Z,0.65
2026-08-05T23:03:55.011Z,0.65
2026-08-05T23:04:15.122Z,0.65
2026-08-05T23:04:35.181Z,0.65
2026-08-05T23:04:55.239Z,0.64
2026-08-05T23:05:10.343Z,0.64
2026-08-05T23:05:26.116Z,0.64
2026-08-05T23:05:40.571Z,0.64
2026-08-05T23:05:55.6Z,0.64
2026-08-05T23:06:15.663Z,0.64
2026-08-05T23:06:30.739Z,0.64
2026-08-05T23:06:45.809Z,0.64
2026-08-05T23:07:02.813Z,0.64
2026-08-05T23:07:20Z,0.64
2026-08-05T23:07:21.696Z,0.64
2026-08-05T23:07:36.126Z,0.64
2026-08-05T23:07:51.26Z,0.64
2026-08-05T23:08:06.286Z,0.64
2026-08-05T23:08:21.368Z,0.64
2026-08-05T23:08:36.454Z,0.64
2026-08-05T23:08:51.514Z,0.64
2026-08-05T23:09:11.593Z,0.64
2026-08-05T23:09:31.678Z,0.64
2026-08-05T23:09:46.76Z,0.64
2026-08-05T23:10:12.084Z,0.64
2026-08-05T23:10:16.967Z,0.64
2026-08-05T23:10:37.109Z,0.63
2026-08-05T23:10:52.126Z,0.63
2026-08-05T23:11:07.216Z,0.63
2026-08-05T23:11:22.365Z,0.63
2026-08-05T23:11:42.351Z,0.63
2026-08-05T23:11:57.418Z,0.63
2026-08-05T23:12:17.495Z,0.63
2026-08-05T23:12:32Z,0.63
2026-08-05T23:12:32.574Z,0.63
2026-08-05T23:12:47.708Z,0.63
2026-08-05T23:13:02.81Z,0.63
2026-08-05T23:13:17.862Z,0.63
2026-08-05T23:13:32.95Z,0.63
2026-08-05T23:13:53.099Z,0.63
2026-08-05T23:14:08.14Z,0.63
2026-08-05T23:14:28.225Z,0.62
2026-08-05T23:14:44.986Z,0.62
2026-08-05T23:15:11.738Z,0.62
2026-08-05T23:15:18.576Z,0.62
2026-08-05T23:15:33.614Z,0.62
2026-08-05T23:15:48.784Z,0.62
2026-08-05T23:16:03.74Z,0.62
2026-08-05T23:16:18.814Z,0.62
2026-08-05T23:16:37.561Z,0.62
2026-08-05T23:16:53.968Z,0.62
2026-08-05T23:17:09.06Z,0.62
2026-08-05T23:17:28Z,0.62
2026-08-05T23:17:29.583Z,0.62
2026-08-05T23:17:44.23Z,0.62
2026-08-05T23:17:59.297Z,0.62
2026-08-05T23:18:14.387Z,0.61
2026-08-05T23:18:29.488Z,0.61
2026-08-05T23:18:45.443Z,0.61
2026-08-05T23:19:04.607Z,0.61
2026-08-05T23:19:19.675Z,0.61
2026-08-05T23:19:34.771Z,0.61
2026-08-05T23:19:50.392Z,0.61
2026-08-05T23:20:09.966Z,0.61
2026-08-05T23:20:19.991Z,0.61
2026-08-05T23:20:35.088Z,0.61
2026-08-05T23:20:50.163Z,0.61
2026-08-05T23:21:05.231Z,0.61
2026-08-05T23:21:20.304Z,0.61
2026-08-05T23:21:35.374Z,0.61
2026-08-05T23:21:50.518Z,0.61
2026-08-05T23:22:05.537Z,0.61
2026-08-05T23:22:20Z,0.61
2026-08-05T23:22:20.618Z,0.61
2026-08-05T23:22:40.719Z,0.61
2026-08-05T23:22:55.79Z,0.61
2026-08-05T23:23:11.247Z,0.61
2026-08-05T23:23:26.036Z,0.61
2026-08-05T23:23:41.327Z,0.6
2026-08-05T23:23:56.196Z,0.6
2026-08-05T23:24:11.219Z,0.6
2026-08-05T23:24:26.328Z,0.6
2026-08-05T23:24:41.384Z,0.6
2026-08-05T23:25:07.455Z,0.6
2026-08-05T23:25:18.107Z,0.6
2026-08-05T23:25:36.636Z,0.6
2026-08-05T23:25:51.687Z,0.6
2026-08-05T23:26:11.761Z,0.6
2026-08-05T23:26:26.822Z,0.6
2026-08-05T23:26:41.921Z,0.6
2026-08-05T23:26:57.332Z,0.6
2026-08-05T23:27:17.884Z,0.59
2026-08-05T23:27:36Z,0.59
2026-08-05T23:27:37.199Z,0.59
2026-08-05T23:27:52.263Z,0.59
2026-08-05T23:28:07.333Z,0.59
2026-08-05T23:28:27.456Z,0.59
2026-08-05T23:28:42.529Z,0.59
2026-08-05T23:28:57.574Z,0.59
2026-08-05T23:29:12.702Z,0.59
2026-08-05T23:29:27.702Z,0.59
2026-08-05T23:29:42.801Z,0.59
2026-08-05T23:29:57.87Z,0.59
2026-08-05T23:30:17.965Z,0.59
2026-08-05T23:30:33.014Z,0.59
2026-08-05T23:30:48.12Z,0.59
2026-08-05T23:31:08.194Z,0.59
2026-08-05T23:31:23.5Z,0.59
2026-08-05T23:31:38.362Z,0.59
2026-08-05T23:31:53.459Z,0.58
2026-08-05T23:32:09.293Z,0.58
2026-08-05T23:32:24.97Z,0.58
2026-08-05T23:32:38Z,0.58
2026-08-05T23:32:38.724Z,0.58
2026-08-05T23:32:53.794Z,0.58
2026-08-05T23:33:14.534Z,0.58
2026-08-05T23:33:29.612Z,0.58
2026-08-05T23:33:49.014Z,0.58
2026-08-05T23:34:04.107Z,0.58
2026-08-05T23:34:19.179Z,0.58
2026-08-05T23:34:35.435Z,0.58
2026-08-05T23:34:49.334Z,0.58
2026-08-05T23:35:13.047Z,0.58
2026-08-05T23:35:19.567Z,0.58
2026-08-05T23:35:34.591Z,0.58
2026-08-05T23:35:54.647Z,0.58
2026-08-05T23:36:14.721Z,0.58
2026-08-05T23:36:34.815Z,0.58
2026-08-05T23:36:49.87Z,0.58
2026-08-05T23:37:09.959Z,0.58
2026-08-05T23:37:25.082Z,0.58
2026-08-05T23:37:39Z,0.58
2026-08-05T23:37:40.145Z,0.58
2026-08-05T23:37:55.216Z,0.58
2026-08-05T23:38:15.304Z,0.58
2026-08-05T23:38:35.363Z,0.58
2026-08-05T23:38:55.426Z,0.58
2026-08-05T23:39:10.489Z,0.58
2026-08-05T23:39:25.56Z,0.58
2026-08-05T23:39:40.748Z,0.58
2026-08-05T23:39:55.807Z,0.58
2026-08-05T23:40:10.881Z,0.57
2026-08-05T23:40:25.922Z,0.57
2026-08-05T23:40:41.034Z,0.57
2026-08-05T23:41:02.72Z,0.57
2026-08-05T23:41:21.209Z,0.57
2026-08-05T23:41:36.223Z,0.57
2026-08-05T23:41:51.309Z,0.57
2026-08-05T23:42:06.421Z,0.57
2026-08-05T23:42:21.545Z,0.57
2026-08-05T23:42:36Z,0.57
2026-08-05T23:42:36.568Z,0.57
2026-08-05T23:42:56.645Z,0.57
2026-08-05T23:43:11.709Z,0.57
2026-08-05T23:43:26.808Z,0.57
2026-08-05T23:43:41.887Z,0.57
2026-08-05T23:44:04.32Z,0.57
2026-08-05T23:44:17.066Z,0.57
2026-08-05T23:44:33.618Z,0.57
2026-08-05T23:44:47.192Z,0.57
2026-08-05T23:45:12.661Z,0.56
2026-08-05T23:45:27.341Z,0.56
2026-08-05T23:45:47.584Z,0.56
2026-08-05T23:46:03.525Z,0.56
2026-08-05T23:46:17.817Z,0.56
2026-08-05T23:46:32.822Z,0.56
2026-08-05T23:46:47.717Z,0.56
2026-08-05T23:47:03.275Z,0.56
2026-08-05T23:47:17.937Z,0.56
2026-08-05T23:47:32Z,0.56
2026-08-05T23:47:33.031Z,0.56
2026-08-05T23:47:48.104Z,0.56
2026-08-05T23:48:03.162Z,0.56
2026-08-05T23:48:18.248Z,0.56
2026-08-05T23:48:33.337Z,0.56
2026-08-05T23:48:48.444Z,0.56
2026-08-05T23:49:03.476Z,0.56
2026-08-05T23:49:18.594Z,0.56
2026-08-05T23:49:34.043Z,0.56
2026-08-05T23:49:48.776Z,0.56
2026-08-05T23:50:10.49Z,0.56
2026-08-05T23:50:28.93Z,0.56
2026-08-05T23:50:49Z,0.55
2026-08-05T23:51:04.085Z,0.55
2026-08-05T23:51:24.492Z,0.55
2026-08-05T23:51:39.283Z,0.55
2026-08-05T23:51:54.341Z,0.55
2026-08-05T23:52:14.583Z,0.55
2026-08-05T23:52:29Z,0.55
2026-08-05T23:52:29.484Z,0.55
2026-08-05T23:52:49.541Z,0.55
2026-08-05T23:53:09.684Z,0.55
2026-08-05T23:53:25.506Z,0.55
2026-08-05T23:53:44.774Z,0.55
2026-08-05T23:54:04.862Z,0.55
2026-08-05T23:54:24.974Z,0.55
2026-08-05T23:54:45.065Z,0.55
2026-08-05T23:55:11.903Z,0.55
2026-08-05T23:55:20.204Z,0.55
2026-08-05T23:55:35.806Z,0.55
2026-08-05T23:55:55.382Z,0.55
2026-08-05T23:56:15.767Z,0.55
2026-08-05T23:56:30.521Z,0.55
2026-08-05T23:56:45.634Z,0.55
2026-08-05T23:57:02.821Z,0.55
2026-08-05T23:57:20.78Z,0.54
2026-08-05T23:57:35Z,0.54
2026-08-05T23:57:36.185Z,0.54
2026-08-05T23:57:50.928Z,0.54
2026-08-05T23:58:06.011Z,0.54
2026-08-05T23:58:26.673Z,0.54
2026-08-05T23:58:41.191Z,0.54
2026-08-05T23:58:56.246Z,0.54
2026-08-05T23:59:11.353Z,0.54
2026-08-05T23:59:33.313Z,0.54
2026-08-05T23:59:51.468Z,0.54
2026-08-06T00:00:12.367Z,0.54
2026-08-06T00:00:27.247Z,0.54
2026-08-06T00:00:41.699Z,0.54
2026-08-06T00:00:56.808Z,0.54
2026-08-06T00:01:11.831Z,0.54
2026-08-06T00:01:26.935Z,0.54
2026-08-06T00:01:47.03Z,0.54
2026-08-06T00:02:02.807Z,0.54
2026-08-06T00:02:17.209Z,0.54
2026-08-06T00:02:32.332Z,0.54
2026-08-06T00:02:46Z,0.54
2026-08-06T00:02:47.435Z,0.54
2026-08-06T00:03:02.68Z,0.54
2026-08-06T00:03:17.714Z,0.54
2026-08-06T00:03:32.592Z,0.54
2026-08-06T00:03:47.694Z,0.54
2026-08-06T00:04:07.783Z,0.53
2026-08-06T00:04:23.005Z,0.53
2026-08-06T00:04:38.435Z,0.53
2026-08-06T00:04:58.051Z,0.53
2026-08-06T00:05:13.09Z,0.53
2026-08-06T00:05:33.18Z,0.53
2026-08-06T00:05:53.58Z,0.53
2026-08-06T00:06:08.362Z,0.53
2026-08-06T00:06:28.41Z,0.53
2026-08-06T00:06:43.488Z,0.53
2026-08-06T00:07:03.558Z,0.53
2026-08-06T00:07:18.693Z,0.53
2026-08-06T00:07:33.758Z,0.53
2026-08-06T00:07:48Z,0.53
2026-08-06T00:07:48.877Z,0.53
2026-08-06T00:08:04.727Z,0.53
2026-08-06T00:08:18.998Z,0.53
2026-08-06T00:08:34.083Z,0.53
2026-08-06T00:08:50.982Z,0.53
2026-08-06T00:09:09.723Z,0.53
2026-08-06T00:09:24.277Z,0.53
2026-08-06T00:09:39.38Z,0.53
2026-08-06T00:09:54.431Z,0.53
2026-08-06T00:10:14.494Z,0.53
2026-08-06T00:10:29.574Z,0.53
2026-08-06T00:10:44.65Z,0.53
2026-08-06T00:10:59.72Z,0.53
2026-08-06T00:11:14.795Z,0.53
2026-08-06T00:11:29.909Z,0.53
2026-08-06T00:11:44.953Z,0.53
2026-08-06T00:12:00.04Z,0.53
2026-08-06T00:12:15.167Z,0.53
2026-08-06T00:12:30.205Z,0.53
2026-08-06T00:12:49Z,0.52
2026-08-06T00:12:50.358Z,0.52
2026-08-06T00:13:05.836Z,0.52
2026-08-06T00:13:20.443Z,0.52
2026-08-06T00:13:35.551Z,0.52
2026-08-06T00:13:50.666Z,0.52
2026-08-06T00:14:10.666Z,0.52
2026-08-06T00:14:25.74Z,0.52
2026-08-06T00:14:46.222Z,0.52
2026-08-06T00:15:11.207Z,0.52
2026-08-06T00:15:15.969Z,0.52
2026-08-06T00:15:31.045Z,0.52
2026-08-06T00:15:46.121Z,0.52
2026-08-06T00:16:02.923Z,0.52
2026-08-06T00:16:16.314Z,0.52
2026-08-06T00:16:31.46Z,0.52
2026-08-06T00:16:51.508Z,0.52
2026-08-06T00:17:06.561Z,0.52
2026-08-06T00:17:21.629Z,0.52
2026-08-06T00:17:36.7Z,0.52
2026-08-06T00:17:51Z,0.52
2026-08-06T00:17:51.782Z,0.52
2026-08-06T00:18:11.858Z,0.51
2026-08-06T00:18:26.96Z,0.51
2026-08-06T00:18:42.044Z,0.51
2026-08-06T00:18:57.147Z,0.51
2026-08-06T00:19:12.228Z,0.51
2026-08-06T00:19:27.298Z,0.51
2026-08-06T00:19:42.406Z,0.51
2026-08-06T00:19:57.476Z,0.51
2026-08-06T00:20:17.529Z,0.51
2026-08-06T00:20:32.583Z,0.51
2026-08-06T00:20:47.665Z,0.51
2026-08-06T00:21:02.77Z,0.51
2026-08-06T00:21:23.758Z,0.51
2026-08-06T00:21:37.939Z,0.51
2026-08-06T00:21:53.013Z,0.51
2026-08-06T00:22:08.083Z,0.51
2026-08-06T00:22:28.178Z,0.51
2026-08-06T00:22:42Z,0.51
2026-08-06T00:22:43.513Z,0.51
2026-08-06T00:22:58.341Z,0.51
2026-08-06T00:23:13.456Z,0.51
2026-08-06T00:23:28.479Z,0.51
2026-08-06T00:23:48.893Z,0.5
2026-08-06T00:24:08.641Z,0.5
2026-08-06T00:24:23.723Z,0.51
2026-08-06T00:24:38.806Z,0.5
2026-08-06T00:24:53.956Z,0.5
2026-08-06T00:25:12.325Z,0.5
2026-08-06T00:25:29.126Z,0.5
2026-08-06T00:25:44.987Z,0.5
2026-08-06T00:25:59.27Z,0.5
2026-08-06T00:26:19.399Z,0.5
2026-08-06T00:26:35.541Z,0.5
2026-08-06T00:26:49.524Z,0.5
2026-08-06T00:27:09.631Z,0.5
2026-08-06T00:27:24.705Z,0.5
2026-08-06T00:27:44Z,0.5
2026-08-06T00:27:44.765Z,0.5
2026-08-06T00:28:04.858Z,0.5
2026-08-06T00:28:24.915Z,0.5
2026-08-06T00:28:40.008Z,0.5
2026-08-06T00:29:00.09Z,0.5
2026-08-06T00:29:15.224Z,0.5
2026-08-06T00:29:31.181Z,0.5
2026-08-06T00:29:45.372Z,0.5
2026-08-06T00:30:00.42Z,0.5
2026-08-06T00:30:15.467Z,0.5
2026-08-06T00:30:30.531Z,0.5
2026-08-06T00:30:46.749Z,0.5
2026-08-06T00:31:02.464Z,0.5
2026-08-06T00:31:15.774Z,0.5
2026-08-06T00:31:30.859Z,0.5
2026-08-06T00:31:45.937Z,0.5
2026-08-06T00:32:06.021Z,0.5
2026-08-06T00:32:21.087Z,0.49
2026-08-06T00:32:41.236Z,0.49
2026-08-06T00:32:55Z,0.49
2026-08-06T00:32:56.723Z,0.49
2026-08-06T00:33:16.315Z,0.49
2026-08-06T00:33:36.479Z,0.49
2026-08-06T00:33:51.57Z,0.49
2026-08-06T00:34:06.615Z,0.49
2026-08-06T00:34:23.346Z,0.49
2026-08-06T00:34:41.749Z,0.49
2026-08-06T00:34:56.832Z,0.49
2026-08-06T00:35:11.902Z,0.49
2026-08-06T00:35:27.008Z,0.49
2026-08-06T00:35:42.075Z,0.49
2026-08-06T00:35:57.16Z,0.49
2026-08-06T00:36:12.268Z,0.49
2026-08-06T00:36:33.879Z,0.49
2026-08-06T00:36:47.947Z,0.49
2026-08-06T00:37:07.452Z,0.49
2026-08-06T00:37:27.55Z,0.49
2026-08-06T00:37:42.604Z,0.49
2026-08-06T00:37:57Z,0.49
2026-08-06T00:37:57.696Z,0.49
2026-08-06T00:38:12.787Z,0.49
2026-08-06T00:38:27.906Z,0.49
2026-08-06T00:38:43.003Z,0.49
2026-08-06T00:38:58.083Z,0.49
2026-08-06T00:39:13.146Z,0.49
2026-08-06T00:39:33.221Z,0.49
2026-08-06T00:39:48.331Z,0.49
2026-08-06T00:40:11.293Z,0.49
2026-08-06T00:40:18.499Z,0.49
2026-08-06T00:40:33.543Z,0.49
2026-08-06T00:40:48.639Z,0.49
2026-08-06T00:41:04.68Z,0.49
2026-08-06T00:41:18.827Z,0.49
2026-08-06T00:41:33.855Z,0.49
2026-08-06T00:41:48.971Z,0.49
2026-08-06T00:42:04.045Z,0.49
2026-08-06T00:42:19.1Z,0.49
2026-08-06T00:42:39.182Z,0.48
2026-08-06T00:42:53Z,0.48
2026-08-06T00:42:54.28Z,0.48
2026-08-06T00:43:09.367Z,0.48
2026-08-06T00:43:24.403Z,0.48
2026-08-06T00:43:44.544Z,0.48
2026-08-06T00:43:59.57Z,0.48
2026-08-06T00:44:14.643Z,0.48
2026-08-06T00:44:30.307Z,0.48
2026-08-06T00:44:49.806Z,0.48
2026-08-06T00:45:10.652Z,0.48
2026-08-06T00:45:25.009Z,0.48
2026-08-06T00:45:40.079Z,0.48
2026-08-06T00:46:00.133Z,0.48
2026-08-06T00:46:15.192Z,0.48
2026-08-06T00:46:30.282Z,0.48
2026-08-06T00:46:47.186Z,0.48
2026-08-06T00:47:05.45Z,0.48
2026-08-06T00:47:20.502Z,0.48
2026-08-06T00:47:35.58Z,0.48
2026-08-06T00:47:50Z,0.48
2026-08-06T00:47:50.648Z,0.48
2026-08-06T00:48:05.727Z,0.48
2026-08-06T00:48:20.815Z,0.48
2026-08-06T00:48:40.914Z,0.48
2026-08-06T00:48:55.992Z,0.48
2026-08-06T00:49:11.06Z,0.48
2026-08-06T00:49:26.129Z,0.48
2026-08-06T00:49:41.238Z,0.48
2026-08-06T00:49:56.293Z,0.48
2026-08-06T00:50:11.364Z,0.48
2026-08-06T00:50:26.435Z,0.47
2026-08-06T00:50:41.545Z,0.47
2026-08-06T00:50:56.932Z,0.47
2026-08-06T00:51:11.679Z,0.47
2026-08-06T00:51:31.757Z,0.47
2026-08-06T00:51:51.881Z,0.47
2026-08-06T00:52:06.943Z,0.47
2026-08-06T00:52:22.025Z,0.47
2026-08-06T00:52:37.081Z,0.47
2026-08-06T00:52:51Z,0.47
2026-08-06T00:52:52.127Z,0.47
2026-08-06T00:53:07.266Z,0.47
2026-08-06T00:53:22.349Z,0.47
2026-08-06T00:53:37.418Z,0.47
2026-08-06T00:53:52.504Z,0.47
2026-08-06T00:54:07.625Z,0.47
2026-08-06T00:54:22.696Z,0.47
2026-08-06T00:54:42.727Z,0.47
2026-08-06T00:54:57.805Z,0.47
2026-08-06T00:55:17.906Z,0.47
2026-08-06T00:55:32.982Z,0.47
2026-08-06T00:55:48.611Z,0.47
2026-08-06T00:56:03.221Z,0.47
2026-08-06T00:56:23.217Z,0.47
2026-08-06T00:56:38.303Z,0.47
2026-08-06T00:56:53.366Z,0.47
2026-08-06T00:57:08.454Z,0.47
2026-08-06T00:57:28.523Z,0.47
2026-08-06T00:57:48Z,0.47
2026-08-06T00:57:48.587Z,0.47
2026-08-06T00:58:08.687Z,0.47
2026-08-06T00:58:23.74Z,0.47
2026-08-06T00:58:38.84Z,0.47
2026-08-06T00:58:58.957Z,0.47
2026-08-06T00:59:14.045Z,0.47
2026-08-06T00:59:29.081Z,0.47
2026-08-06T00:59:50.187Z,0.47
2026-08-06T01:00:12.072Z,0.47
2026-08-06T01:00:19.28Z,0.47
2026-08-06T01:00:34.427Z,0.47
2026-08-06T01:00:49.557Z,0.47
2026-08-06T01:01:09.589Z,0.47
2026-08-06T01:01:24.67Z,0.47
2026-08-06T01:01:46.737Z,0.47
2026-08-06T01:01:59.825Z,0.47
2026-08-06T01:02:14.895Z,0.47
2026-08-06T01:02:34.971Z,0.47
2026-08-06T01:02:50.038Z,0.47
2026-08-06T01:03:04Z,0.47
2026-08-06T01:03:05.158Z,0.47
2026-08-06T01:03:25.234Z,0.47
2026-08-06T01:03:40.33Z,0.47
2026-08-06T01:03:55.378Z,0.47
2026-08-06T01:04:15.45Z,0.47
2026-08-06T01:04:30.534Z,0.47
2026-08-06T01:04:51.391Z,0.47
2026-08-06T01:05:07.806Z,0.47
2026-08-06T01:05:20.755Z,0.47
2026-08-06T01:05:35.844Z,0.47
2026-08-06T01:05:50.947Z,0.47
2026-08-06T01:06:06.006Z,0.46
2026-08-06T01:06:21.078Z,0.46
2026-08-06T01:06:36.213Z,0.46
2026-08-06T01:06:51.235Z,0.46
2026-08-06T01:07:06.308Z,0.46
2026-08-06T01:07:26.771Z,0.46
2026-08-06T01:07:41.484Z,0.46
2026-08-06T01:07:56Z,0.46
2026-08-06T01:07:56.575Z,0.46
2026-08-06T01:08:11.65Z,0.46
2026-08-06T01:08:26.746Z,0.46
2026-08-06T01:08:41.802Z,0.46
2026-08-06T01:08:56.872Z,0.46
2026-08-06T01:09:11.942Z,0.46
2026-08-06T01:09:27.139Z,0.46
2026-08-06T01:09:42.128Z,0.46
2026-08-06T01:09:57.2Z,0.46
2026-08-06T01:10:12.263Z,0.46
2026-08-06T01:10:28.117Z,0.46
2026-08-06T01:10:42.422Z,0.46
2026-08-06T01:10:57.526Z,0.46
2026-08-06T01:11:12.607Z,0.46
2026-08-06T01:11:27.703Z,0.46
2026-08-06T01:11:47.777Z,0.46
2026-08-06T01:12:07.818Z,0.46
2026-08-06T01:12:28.01Z,0.46
2026-08-06T01:12:48.039Z,0.46
2026-08-06T01:13:02Z,0.46
2026-08-06T01:13:03.116Z,0.46
2026-08-06T01:13:18.145Z,0.46
2026-08-06T01:13:33.44Z,0.46
2026-08-06T01:13:48.586Z,0.46
2026-08-06T01:14:08.414Z,0.46
2026-08-06T01:14:23.956Z,0.46
2026-08-06T01:14:43.6Z,0.46
2026-08-06T01:15:10.293Z,0.46
2026-08-06T01:15:18.67Z,0.46
2026-08-06T01:15:33.752Z,0.46
2026-08-06T01:15:50.203Z,0.46
2026-08-06T01:16:03.914Z,0.46
2026-08-06T01:16:18.978Z,0.46
2026-08-06T01:16:34.062Z,0.46
2026-08-06T01:16:49.142Z,0.46
2026-08-06T01:17:09.21Z,0.46
2026-08-06T01:17:24.315Z,0.46
2026-08-06T01:17:39.385Z,0.45
2026-08-06T01:17:55.314Z,0.45
2026-08-06T01:18:09Z,0.45
2026-08-06T01:18:09.522Z,0.45
2026-08-06T01:18:24.632Z,0.45
2026-08-06T01:18:39.669Z,0.45
2026-08-06T01:18:54.789Z,0.45
2026-08-06T01:19:10.351Z,0.45
2026-08-06T01:19:29.954Z,0.45
2026-08-06T01:19:50Z,0.45
2026-08-06T01:20:08.85Z,0.45
2026-08-06T01:20:20.167Z,0.45
2026-08-06T01:20:35.227Z,0.45
2026-08-06T01:20:50.29Z,0.45
2026-08-06T01:21:06.151Z,0.45
2026-08-06T01:21:25.432Z,0.45
2026-08-06T01:21:40.58Z,0.45
2026-08-06T01:22:02.559Z,0.45
2026-08-06T01:22:15.648Z,0.45
2026-08-06T01:22:35.779Z,0.45
2026-08-06T01:22:50.88Z,0.45
2026-08-06T01:23:05Z,0.45
2026-08-06T01:23:05.922Z,0.45
2026-08-06T01:23:21.1Z,0.45
2026-08-06T01:23:41.112Z,0.45
2026-08-06T01:23:56.165Z,0.45
2026-08-06T01:24:11.223Z,0.45
2026-08-06T01:24:31.831Z,0.45
2026-08-06T01:24:51.379Z,0.45
2026-08-06T01:25:11.113Z,0.44
2026-08-06T01:25:21.626Z,0.44
2026-08-06T01:25:36.73Z,0.44
2026-08-06T01:25:56.767Z,0.44
2026-08-06T01:26:11.83Z,0.44
2026-08-06T01:26:27.017Z,0.44
2026-08-06T01:26:42.01Z,0.44
2026-08-06T01:26:57.063Z,0.44
2026-08-06T01:27:17.157Z,0.44
2026-08-06T01:27:32.958Z,0.44
2026-08-06T01:27:47.328Z,0.44
2026-08-06T01:28:02Z,0.44
2026-08-06T01:28:02.629Z,0.44
2026-08-06T01:28:17.491Z,0.44
2026-08-06T01:28:37.641Z,0.44
2026-08-06T01:28:52.766Z,0.44
2026-08-06T01:29:07.719Z,0.44
2026-08-06T01:29:22.8Z,0.44
2026-08-06T01:29:37.858Z,0.44
2026-08-06T01:29:53.128Z,0.44
2026-08-06T01:30:12.1Z,0.44
2026-08-06T01:30:23.201Z,0.44
2026-08-06T01:30:43.268Z,0.44
2026-08-06T01:30:58.408Z,0.44
2026-08-06T01:31:14.535Z,0.44
2026-08-06T01:31:28.498Z,0.44
2026-08-06T01:31:48.611Z,0.44
2026-08-06T01:32:08.642Z,0.43
2026-08-06T01:32:23.776Z,0.43
2026-08-06T01:32:38.884Z,0.43
2026-08-06T01:32:53.929Z,0.43
2026-08-06T01:33:13Z,0.43
2026-08-06T01:33:14.016Z,0.43
2026-08-06T01:33:34.624Z,0.43
2026-08-06T01:33:49.171Z,0.43
2026-08-06T01:34:10.505Z,0.43
2026-08-06T01:34:29.33Z,0.43
2026-08-06T01:34:49.811Z,0.43
2026-08-06T01:35:08.803Z,0.43
2026-08-06T01:35:19.712Z,0.43
2026-08-06T01:35:34.745Z,0.43
2026-08-06T01:35:54.805Z,0.43
2026-08-06T01:36:09.835Z,0.43
2026-08-06T01:36:24.952Z,0.43
2026-08-06T01:36:44.992Z,0.43
2026-08-06T01:37:05.134Z,0.42
2026-08-06T01:37:20.145Z,0.42
2026-08-06T01:37:35.226Z,0.42
2026-08-06T01:37:50.305Z,0.42
2026-08-06T01:38:04Z,0.42
2026-08-06T01:38:05.393Z,0.42
2026-08-06T01:38:20.502Z,0.42
2026-08-06T01:38:35.566Z,0.42
2026-08-06T01:38:53.947Z,0.42
2026-08-06T01:39:11.405Z,0.42
2026-08-06T01:39:25.827Z,0.42
2026-08-06T01:39:40.898Z,0.42
2026-08-06T01:39:56.09Z,0.42
2026-08-06T01:40:12.901Z,0.42
2026-08-06T01:40:26.157Z,0.42
2026-08-06T01:40:41.291Z,0.41
2026-08-06T01:40:56.708Z,0.42
2026-08-06T01:41:16.383Z,0.41
2026-08-06T01:41:36.469Z,0.41
2026-08-06T01:41:51.527Z,0.41
2026-08-06T01:42:06.608Z,0.41
2026-08-06T01:42:21.962Z,0.41
2026-08-06T01:42:41.846Z,0.41
2026-08-06T01:42:56.918Z,0.41
2026-08-06T01:43:11Z,0.41
2026-08-06T01:43:12.016Z,0.41
2026-08-06T01:43:27.203Z,0.41
2026-08-06T01:43:47.145Z,0.41
2026-08-06T01:44:02.906Z,0.41
2026-08-06T01:44:17.313Z,0.41
2026-08-06T01:44:34.273Z,0.41
2026-08-06T01:44:52.628Z,0.41
2026-08-06T01:45:12.437Z,0.41
2026-08-06T01:45:22.666Z,0.41
2026-08-06T01:45:37.986Z,0.41
2026-08-06T01:45:52.836Z,0.41
2026-08-06T01:46:07.903Z,0.41
2026-08-06T01:46:22.989Z,0.41
2026-08-06T01:46:38.735Z,0.41
2026-08-06T01:46:54.404Z,0.41
2026-08-06T01:47:08.241Z,0.41
2026-08-06T01:47:23.365Z,0.41
2026-08-06T01:47:38.396Z,0.41
2026-08-06T01:47:53.471Z,0.4
2026-08-06T01:48:08Z,0.4
2026-08-06T01:48:08.555Z,0.4
2026-08-06T01:48:23.648Z,0.4
2026-08-06T01:48:38.719Z,0.4
2026-08-06T01:48:53.841Z,0.4
2026-08-06T01:49:13.943Z,0.4
2026-08-06T01:49:28.959Z,0.4
2026-08-06T01:49:44.199Z,0.4
2026-08-06T01:49:59.208Z,0.4
2026-08-06T01:50:14.286Z,0.4
2026-08-06T01:50:29.379Z,0.4
2026-08-06T01:50:44.402Z,0.4
2026-08-06T01:50:59.487Z,0.4
2026-08-06T01:51:14.707Z,0.4
2026-08-06T01:51:29.651Z,0.4
2026-08-06T01:51:49.725Z,0.4
2026-08-06T01:52:04.795Z,0.4
2026-08-06T01:52:24.899Z,0.4
2026-08-06T01:52:45.019Z,0.4
2026-08-06T01:53:00.086Z,0.4
2026-08-06T01:53:14Z,0.4
2026-08-06T01:53:15.277Z,0.4
2026-08-06T01:53:35.208Z,0.4
2026-08-06T01:53:50.281Z,0.4
2026-08-06T01:54:11.067Z,0.4
2026-08-06T01:54:30.427Z,0.4
2026-08-06T01:54:45.495Z,0.4
2026-08-06T01:55:12.349Z,0.4
2026-08-06T01:55:20.691Z,0.4
2026-08-06T01:55:35.768Z,0.4
2026-08-06T01:55:50.872Z,0.4
2026-08-06T01:56:05.941Z,0.4
2026-08-06T01:56:21.062Z,0.4
2026-08-06T01:56:36.169Z,0.4
2026-08-06T01:56:51.228Z,0.4
2026-08-06T01:57:06.51Z,0.4
2026-08-06T01:57:21.346Z,0.4
2026-08-06T01:57:36.439Z,0.4
2026-08-06T01:57:51.504Z,0.39
2026-08-06T01:58:11Z,0.4
2026-08-06T01:58:12.69Z,0.4
2026-08-06T01:58:31.659Z,0.39
2026-08-06T01:58:51.749Z,0.39
2026-08-06T01:59:06.825Z,0.4
2026-08-06T01:59:22.679Z,0.4
2026-08-06T01:59:37.015Z,0.4
2026-08-06T01:59:52.111Z,0.4
2026-08-06T02:00:13.229Z,0.4
2026-08-06T02:00:27.247Z,0.4
2026-08-06T02:00:42.308Z,0.4
2026-08-06T02:01:03.091Z,0.4
2026-08-06T02:01:17.486Z,0.4
2026-08-06T02:01:37.541Z,0.4
2026-08-06T02:01:52.605Z,0.39
2026-08-06T02:02:07.731Z,0.39
2026-08-06T02:02:22.847Z,0.39
2026-08-06T02:02:37.877Z,0.39
2026-08-06T02:02:53.016Z,0.39
2026-08-06T02:03:08.081Z,0.39
2026-08-06T02:03:22Z,0.39
2026-08-06T02:03:23.201Z,0.39
2026-08-06T02:03:38.216Z,0.39
2026-08-06T02:03:58.296Z,0.39
2026-08-06T02:04:13.393Z,0.39
2026-08-06T02:04:28.44Z,0.39
2026-08-06T02:04:43.507Z,0.39
2026-08-06T02:05:07.878Z,0.39
2026-08-06T02:05:18.661Z,0.39
2026-08-06T02:05:34.013Z,0.39
2026-08-06T02:05:48.91Z,0.39
2026-08-06T02:06:03.878Z,0.39
2026-08-06T02:06:18.967Z,0.39
2026-08-06T02:06:34.083Z,0.39
2026-08-06T02:06:49.128Z,0.39
2026-08-06T02:07:04.784Z,0.39
2026-08-06T02:07:19.358Z,0.39
2026-08-06T02:07:39.419Z,0.39
2026-08-06T02:07:59.48Z,0.39
2026-08-06T02:08:14Z,0.39
2026-08-06T02:08:14.559Z,0.39
2026-08-06T02:08:29.627Z,0.39
2026-08-06T02:08:44.963Z,0.39
2026-08-06T02:08:59.795Z,0.39
2026-08-06T02:09:14.881Z,0.39
2026-08-06T02:09:29.973Z,0.39
2026-08-06T02:09:50.043Z,0.39
2026-08-06T02:10:10.473Z,0.39
2026-08-06T02:10:20.21Z,0.39
2026-08-06T02:10:35.246Z,0.39
2026-08-06T02:10:50.331Z,0.39
2026-08-06T02:11:05.386Z,0.39
2026-08-06T02:11:20.493Z,0.39
2026-08-06T02:11:35.585Z,0.39
2026-08-06T02:11:50.651Z,0.39
2026-08-06T02:12:05.755Z,0.39
2026-08-06T02:12:20.839Z,0.39
2026-08-06T02:12:35.982Z,0.39
2026-08-06T02:12:51.061Z,0.39
2026-08-06T02:13:06.136Z,0.39
2026-08-06T02:13:20Z,0.39
2026-08-06T02:13:21.213Z,0.39
2026-08-06T02:13:36.298Z,0.39
2026-08-06T02:13:51.953Z,0.39
2026-08-06T02:14:06.454Z,0.39
2026-08-06T02:14:21.532Z,0.39
2026-08-06T02:14:36.596Z,0.39
2026-08-06T02:14:51.689Z,0.39
2026-08-06T02:15:11.786Z,0.39
2026-08-06T02:15:31.974Z,0.39
2026-08-06T02:15:46.886Z,0.39
2026-08-06T02:16:03.022Z,0.39
2026-08-06T02:16:17.072Z,0.39
2026-08-06T02:16:37.151Z,0.39
2026-08-06T02:16:52.219Z,0.39
2026-08-06T02:17:07.305Z,0.39
2026-08-06T02:17:27.353Z,0.39
2026-08-06T02:17:47.512Z,0.39
2026-08-06T02:18:07.526Z,0.39
2026-08-06T02:18:22Z,0.39
2026-08-06T02:18:22.585Z,0.39
2026-08-06T02:18:39.879Z,0.39
2026-08-06T02:18:52.775Z,0.39
2026-08-06T02:19:12.859Z,0.39
2026-08-06T02:19:28.049Z,0.39
2026-08-06T02:19:43.046Z,0.39
2026-08-06T02:20:10.306Z,0.39
2026-08-06T02:20:23.267Z,0.39
2026-08-06T02:20:38.342Z,0.39
2026-08-06T02:20:53.799Z,0.39
2026-08-06T02:21:08.433Z,0.39
2026-08-06T02:21:23.518Z,0.39
2026-08-06T02:21:38.585Z,0.39
2026-08-06T02:21:53.791Z,0.39
2026-08-06T02:22:08.82Z,0.39
2026-08-06T02:22:28.932Z,0.39
2026-08-06T02:22:44.013Z,0.39
2026-08-06T02:22:59.044Z,0.39
2026-08-06T02:23:18Z,0.39
2026-08-06T02:23:19.112Z,0.39
2026-08-06T02:23:34.179Z,0.39
2026-08-06T02:23:49.402Z,0.39
2026-08-06T02:24:04.375Z,0.39
2026-08-06T02:24:19.452Z,0.39
2026-08-06T02:24:34.539Z,0.39
2026-08-06T02:24:54.642Z,0.39
2026-08-06T02:25:14.704Z,0.4
2026-08-06T02:25:29.767Z,0.4
2026-08-06T02:25:49.836Z,0.4
2026-08-06T02:26:04.917Z,0.4
2026-08-06T02:26:25.687Z,0.4
2026-08-06T02:26:40.254Z,0.4
2026-08-06T02:26:55.177Z,0.4
2026-08-06T02:27:10.242Z,0.4
2026-08-06T02:27:25.342Z,0.4
2026-08-06T02:27:45.387Z,0.4
2026-08-06T02:28:00.497Z,0.4
2026-08-06T02:28:15.561Z,0.4
2026-08-06T02:28:30Z,0.4
2026-08-06T02:28:30.66Z,0.4
2026-08-06T02:28:51.187Z,0.4
2026-08-06T02:29:10.861Z,0.4
2026-08-06T02:29:25.956Z,0.4
2026-08-06T02:29:42.49Z,0.4
2026-08-06T02:29:56.398Z,0.4
2026-08-06T02:30:11.185Z,0.4
2026-08-06T02:30:26.268Z,0.4
2026-08-06T02:30:46.342Z,0.4
2026-08-06T02:31:02.581Z,0.4
2026-08-06T02:31:16.508Z,0.4
2026-08-06T02:31:31.567Z,0.4
2026-08-06T02:31:46.633Z,0.4
2026-08-06T02:32:02.935Z,0.4
2026-08-06T02:32:17.018Z,0.4
2026-08-06T02:32:31.879Z,0.4
2026-08-06T02:32:46.959Z,0.4
2026-08-06T02:33:02.615Z,0.4
2026-08-06T02:33:21Z,0.4
2026-08-06T02:33:22.111Z,0.4
2026-08-06T02:33:37.351Z,0.4
2026-08-06T02:33:52.307Z,0.4
2026-08-06T02:34:07.443Z,0.4
2026-08-06T02:34:22.566Z,0.4
2026-08-06T02:34:37.655Z,0.4
2026-08-06T02:34:54.625Z,0.4
2026-08-06T02:35:09.235Z,0.4
2026-08-06T02:35:22.861Z,0.4
2026-08-06T02:35:37.929Z,0.4
2026-08-06T02:35:53.013Z,0.4
2026-08-06T02:36:08.408Z,0.4
2026-08-06T02:36:23.2Z,0.4
2026-08-06T02:36:38.325Z,0.4
2026-08-06T02:36:53.379Z,0.4
2026-08-06T02:37:08.433Z,0.4
2026-08-06T02:37:23.589Z,0.4
2026-08-06T02:37:38.669Z,0.4
2026-08-06T02:37:59.038Z,0.4
2026-08-06T02:38:13.84Z,0.4
2026-08-06T02:38:33Z,0.4
2026-08-06T02:38:33.905Z,0.4
2026-08-06T02:38:48.966Z,0.4
2026-08-06T02:39:04.134Z,0.4
2026-08-06T02:39:19.774Z,0.4
2026-08-06T02:39:39.244Z,0.4
2026-08-06T02:39:54.329Z,0.4
2026-08-06T02:40:14.592Z,0.4
2026-08-06T02:40:29.507Z,0.4
2026-08-06T02:40:49.548Z,0.4
2026-08-06T02:41:04.703Z,0.4
2026-08-06T02:41:19.77Z,0.4
2026-08-06T02:41:39.897Z,0.4
2026-08-06T02:41:54.983Z,0.4
2026-08-06T02:42:10.041Z,0.4
2026-08-06T02:42:25.42Z,0.4
2026-08-06T02:42:40.186Z,0.4
2026-08-06T02:43:00.294Z,0.4
2026-08-06T02:43:15.366Z,0.4
2026-08-06T02:43:35Z,0.41
2026-08-06T02:43:36.076Z,0.41
2026-08-06T02:43:50.605Z,0.41
2026-08-06T02:44:05.67Z,0.41
2026-08-06T02:44:20.732Z,0.41
2026-08-06T02:44:41.044Z,0.41
2026-08-06T02:44:55.927Z,0.41
2026-08-06T02:45:12.421Z,0.41
2026-08-06T02:45:26.229Z,0.41
2026-08-06T02:45:41.161Z,0.41
2026-08-06T02:46:03.015Z,0.41
2026-08-06T02:46:16.283Z,0.41
2026-08-06T02:46:31.404Z,0.41
2026-08-06T02:46:51.534Z,0.41
2026-08-06T02:47:06.598Z,0.41
2026-08-06T02:47:21.659Z,0.41
2026-08-06T02:47:36.878Z,0.41
2026-08-06T02:47:53.327Z,0.41
2026-08-06T02:48:06.879Z,0.41
2026-08-06T02:48:26Z,0.41
2026-08-06T02:48:27.046Z,0.41
2026-08-06T02:48:42.155Z,0.41
2026-08-06T02:48:57.144Z,0.41
2026-08-06T02:49:12.206Z,0.41
2026-08-06T02:49:32.275Z,0.41
2026-08-06T02:49:48.169Z,0.41
2026-08-06T02:50:11.87Z,0.41
2026-08-06T02:50:17.505Z,0.41
2026-08-06T02:50:32.582Z,0.41
2026-08-06T02:50:47.713Z,0.41
2026-08-06T02:51:07.753Z,0.41
2026-08-06T02:51:27.865Z,0.41
2026-08-06T02:51:42.975Z,0.41
2026-08-06T02:51:58.823Z,0.41
2026-08-06T02:52:18.098Z,0.41
2026-08-06T02:52:38.202Z,0.41
2026-08-06T02:52:53.336Z,0.41
2026-08-06T02:53:13.329Z,0.41
2026-08-06T02:53:28Z,0.41
2026-08-06T02:53:28.408Z,0.41
2026-08-06T02:53:43.523Z,0.41
2026-08-06T02:53:58.565Z,0.41
2026-08-06T02:54:13.659Z,0.41
2026-08-06T02:54:28.725Z,0.41
2026-08-06T02:54:43.832Z,0.41
2026-08-06T02:54:59.249Z,0.41
2026-08-06T02:55:13.969Z,0.41
2026-08-06T02:55:29.033Z,0.41
2026-08-06T02:55:44.128Z,0.41
2026-08-06T02:55:59.237Z,0.41
2026-08-06T02:56:14.267Z,0.41
2026-08-06T02:56:29.352Z,0.41
2026-08-06T02:56:44.422Z,0.41
2026-08-06T02:56:59.507Z,0.41
2026-08-06T02:57:14.605Z,0.41
2026-08-06T02:57:29.647Z,0.41
2026-08-06T02:57:49.782Z,0.41
2026-08-06T02:58:04.789Z,0.41
2026-08-06T02:58:19.873Z,0.41
2026-08-06T02:58:39Z,0.41
2026-08-06T02:58:39.99Z,0.41
2026-08-06T02:58:55.034Z,0.41
2026-08-06T02:59:10.14Z,0.42
2026-08-06T02:59:25.358Z,0.41
2026-08-06T02:59:40.276Z,0.41
2026-08-06T02:59:55.335Z,0.41
2026-08-06T03:00:13.365Z,0.41
2026-08-06T03:00:25.517Z,0.41
2026-08-06T03:00:40.594Z,0.41
2026-08-06T03:00:55.637Z,0.41
2026-08-06T03:01:15.806Z,0.41
2026-08-06T03:01:35.841Z,0.41
2026-08-06T03:01:50.959Z,0.41
2026-08-06T03:02:06Z,0.41
2026-08-06T03:02:26.063Z,0.41
2026-08-06T03:02:46.366Z,0.41
2026-08-06T03:03:06.232Z,0.41
2026-08-06T03:03:21.292Z,0.42
2026-08-06T03:03:35Z,0.42
2026-08-06T03:03:36.407Z,0.42
2026-08-06T03:03:56.472Z,0.41
2026-08-06T03:04:11.509Z,0.41
2026-08-06T03:04:31.605Z,0.41
2026-08-06T03:04:46.684Z,0.41
2026-08-06T03:05:08.868Z,0.41
2026-08-06T03:05:28.015Z,0.41
2026-08-06T03:05:41.921Z,0.41
2026-08-06T03:05:56.998Z,0.41
2026-08-06T03:06:17.063Z,0.41
2026-08-06T03:06:37.15Z,0.41
2026-08-06T03:06:52.331Z,0.41
2026-08-06T03:07:07.431Z,0.41
2026-08-06T03:07:27.731Z,0.41
2026-08-06T03:07:42.763Z,0.41
2026-08-06T03:07:57.618Z,0.41
2026-08-06T03:08:12.701Z,0.41
2026-08-06T03:08:27.85Z,0.41
2026-08-06T03:08:42Z,0.41
2026-08-06T03:08:42.878Z,0.41
2026-08-06T03:08:57.91Z,0.42
2026-08-06T03:09:13.021Z,0.42
2026-08-06T03:09:28.082Z,0.42
2026-08-06T03:09:43.148Z,0.42
2026-08-06T03:09:58.635Z,0.42
2026-08-06T03:10:13.325Z,0.42
2026-08-06T03:10:33.381Z,0.41
2026-08-06T03:10:48.453Z,0.41
2026-08-06T03:11:08.537Z,0.41
2026-08-06T03:11:23.632Z,0.41
2026-08-06T03:11:43.754Z,0.41
2026-08-06T03:11:58.799Z,0.41
2026-08-06T03:12:20.574Z,0.42
2026-08-06T03:12:33.949Z,0.42
2026-08-06T03:12:49.032Z,0.42
2026-08-06T03:13:04.081Z,0.42
2026-08-06T03:13:19.642Z,0.42
2026-08-06T03:13:33Z,0.41
2026-08-06T03:13:34.241Z,0.41
2026-08-06T03:13:49.325Z,0.41
2026-08-06T03:14:09.416Z,0.41
2026-08-06T03:14:24.494Z,0.41
2026-08-06T03:14:39.596Z,0.41
2026-08-06T03:14:59.899Z,0.41
2026-08-06T03:15:14.725Z,0.41
2026-08-06T03:15:29.829Z,0.41
2026-08-06T03:15:44.887Z,0.41
2026-08-06T03:15:59.991Z,0.41
2026-08-06T03:16:15.073Z,0.41
2026-08-06T03:16:30.164Z,0.41
2026-08-06T03:16:45.236Z,0.42
2026-08-06T03:17:05.822Z,0.42
2026-08-06T03:17:20.418Z,0.42
2026-08-06T03:17:40.51Z,0.42
2026-08-06T03:17:55.601Z,0.42
2026-08-06T03:18:10.683Z,0.42
2026-08-06T03:18:31.007Z,0.42
2026-08-06T03:18:45Z,0.41
2026-08-06T03:18:45.885Z,0.41
2026-08-06T03:19:02.734Z,0.41
2026-08-06T03:19:16.801Z,0.41
2026-08-06T03:19:31.215Z,0.41
2026-08-06T03:19:46.186Z,0.42
2026-08-06T03:20:12.044Z,0.41
2026-08-06T03:20:21.372Z,0.41
2026-08-06T03:20:41.476Z,0.42
2026-08-06T03:20:56.612Z,0.42
2026-08-06T03:21:11.677Z,0.42
2026-08-06T03:21:26.717Z,0.42
2026-08-06T03:21:46.793Z,0.41
2026-08-06T03:22:02.929Z,0.41
2026-08-06T03:22:21.942Z,0.41
2026-08-06T03:22:37.053Z,0.41
2026-08-06T03:22:52.558Z,0.41
2026-08-06T03:23:12.193Z,0.41
2026-08-06T03:23:32.256Z,0.41
2026-08-06T03:23:46Z,0.41
2026-08-06T03:23:47.835Z,0.41
2026-08-06T03:24:07.416Z,0.41
2026-08-06T03:24:22.486Z,0.41
2026-08-06T03:24:37.57Z,0.41
2026-08-06T03:24:52.651Z,0.41
2026-08-06T03:25:10.981Z,0.41
2026-08-06T03:25:22.81Z,0.41
2026-08-06T03:25:37.934Z,0.41
2026-08-06T03:25:53.05Z,0.41
2026-08-06T03:26:08.134Z,0.41
2026-08-06T03:26:23.239Z,0.41
2026-08-06T03:26:38.304Z,0.41
2026-08-06T03:26:53.381Z,0.41
2026-08-06T03:27:17.263Z,0.41
2026-08-06T03:27:33.533Z,0.41
2026-08-06T03:27:48.645Z,0.41
2026-08-06T03:28:03.686Z,0.41
2026-08-06T03:28:23.852Z,0.41
2026-08-06T03:28:38Z,0.41
2026-08-06T03:28:38.893Z,0.41
2026-08-06T03:28:54.337Z,0.41
2026-08-06T03:29:14.047Z,0.41
2026-08-06T03:29:29.111Z,0.41
2026-08-06T03:29:44.2Z,0.41
2026-08-06T03:29:59.296Z,0.41
2026-08-06T03:30:14.361Z,0.41
2026-08-06T03:30:34.416Z,0.41
2026-08-06T03:30:49.498Z,0.41
2026-08-06T03:31:09.589Z,0.41
2026-08-06T03:31:25.112Z,0.4
2026-08-06T03:31:44.78Z,0.4
2026-08-06T03:32:06.204Z,0.4
2026-08-06T03:32:19.882Z,0.4
2026-08-06T03:32:40.026Z,0.4
2026-08-06T03:32:55.022Z,0.4
2026-08-06T03:33:10.103Z,0.4
2026-08-06T03:33:25.211Z,0.4
2026-08-06T03:33:40Z,0.4
2026-08-06T03:33:40.471Z,0.4
2026-08-06T03:33:55.533Z,0.4
2026-08-06T03:34:15.851Z,0.4
2026-08-06T03:34:30.73Z,0.4
2026-08-06T03:34:45.774Z,0.4
2026-08-06T03:35:10.339Z,0.4
2026-08-06T03:35:15.95Z,0.4
2026-08-06T03:35:31.885Z,0.4
2026-08-06T03:35:46.093Z,0.4
2026-08-06T03:36:02.534Z,0.4
2026-08-06T03:36:21.306Z,0.4
2026-08-06T03:36:36.411Z,0.4
2026-08-06T03:36:51.481Z,0.4
2026-08-06T03:37:06.557Z,0.4
2026-08-06T03:37:27.209Z,0.4
2026-08-06T03:37:46.714Z,0.4
2026-08-06T03:38:02.83Z,0.4
2026-08-06T03:38:16.87Z,0.4
2026-08-06T03:38:32.513Z,0.4
2026-08-06T03:38:46Z,0.4
2026-08-06T03:38:47.027Z,0.4
2026-08-06T03:39:02.64Z,0.4
2026-08-06T03:39:17.51Z,0.4
2026-08-06T03:39:32.306Z,0.4
2026-08-06T03:39:52.363Z,0.4
2026-08-06T03:40:10.013Z,0.4
2026-08-06T03:40:22.489Z,0.4
2026-08-06T03:40:37.571Z,0.4
2026-08-06T03:40:52.688Z,0.4
2026-08-06T03:41:07.813Z,0.4
2026-08-06T03:41:22.871Z,0.4
2026-08-06T03:41:38.284Z,0.4
2026-08-06T03:41:53.025Z,0.4
2026-08-06T03:42:08.1Z,0.4
2026-08-06T03:42:28.192Z,0.4
2026-08-06T03:42:43.648Z,0.4
2026-08-06T03:42:58.466Z,0.4
2026-08-06T03:43:13.389Z,0.39
2026-08-06T03:43:28.472Z,0.39
2026-08-06T03:43:43Z,0.39
2026-08-06T03:43:43.542Z,0.39
2026-08-06T03:43:58.63Z,0.39
2026-08-06T03:44:14.078Z,0.39
2026-08-06T03:44:28.805Z,0.39
2026-08-06T03:44:43.918Z,0.39
2026-08-06T03:44:59.668Z,0.39
2026-08-06T03:45:19.009Z,0.39
2026-08-06T03:45:34.067Z,0.39
2026-08-06T03:45:50.062Z,0.39
2026-08-06T03:46:04.287Z,0.39
2026-08-06T03:46:19.354Z,0.39
2026-08-06T03:46:34.422Z,0.39
2026-08-06T03:46:49.497Z,0.39
2026-08-06T03:47:04.591Z,0.39
2026-08-06T03:47:20.4Z,0.39
2026-08-06T03:47:39.784Z,0.39
2026-08-06T03:47:54.823Z,0.39
2026-08-06T03:48:09.891Z,0.39
2026-08-06T03:48:29.975Z,0.39
2026-08-06T03:48:44Z,0.39
2026-08-06T03:48:45.054Z,0.39
2026-08-06T03:49:05.862Z,0.39
2026-08-06T03:49:25.814Z,0.39
2026-08-06T03:49:40.314Z,0.39
2026-08-06T03:50:00.352Z,0.39
2026-08-06T03:50:20.427Z,0.39
2026-08-06T03:50:36.068Z,0.39
2026-08-06T03:50:50.688Z,0.39
2026-08-06T03:51:10.782Z,0.39
2026-08-06T03:51:30.864Z,0.39
2026-08-06T03:51:50.94Z,0.39
2026-08-06T03:52:06.013Z,0.39
2026-08-06T03:52:21.148Z,0.39
2026-08-06T03:52:36.192Z,0.39
2026-08-06T03:52:56.257Z,0.39
2026-08-06T03:53:11.394Z,0.39
2026-08-06T03:53:26.523Z,0.39
2026-08-06T03:53:46Z,0.39
2026-08-06T03:53:46.598Z,0.39
2026-08-06T03:54:02.677Z,0.39
2026-08-06T03:54:23.659Z,0.39
2026-08-06T03:54:36.799Z,0.39
2026-08-06T03:54:51.903Z,0.39
2026-08-06T03:55:12.655Z,0.39
2026-08-06T03:55:22.041Z,0.39
2026-08-06T03:55:37.173Z,0.39
2026-08-06T03:55:54.164Z,0.39
2026-08-06T03:56:07.269Z,0.39
2026-08-06T03:56:22.358Z,0.39
2026-08-06T03:56:37.44Z,0.39
2026-08-06T03:56:52.512Z,0.39
2026-08-06T03:57:12.609Z,0.39
2026-08-06T03:57:27.679Z,0.39
2026-08-06T03:57:47.782Z,0.39
2026-08-06T03:58:03.179Z,0.39
2026-08-06T03:58:18.034Z,0.39
2026-08-06T03:58:33.112Z,0.39
2026-08-06T03:58:52Z,0.39
2026-08-06T03:58:53.209Z,0.39
2026-08-06T03:59:08.289Z,0.39
2026-08-06T03:59:23.403Z,0.39
2026-08-06T03:59:38.425Z,0.39
2026-08-06T03:59:53.522Z,0.39
2026-08-06T04:00:12.255Z,0.39
2026-08-06T04:00:23.925Z,0.39
2026-08-06T04:00:38.941Z,0.39
2026-08-06T04:00:53.948Z,0.39
2026-08-06T04:01:10.353Z,0.39
2026-08-06T04:01:29.151Z,0.39
2026-08-06T04:01:44.246Z,0.38
2026-08-06T04:01:59.317Z,0.38
2026-08-06T04:02:15.659Z,0.38
2026-08-06T04:02:29.888Z,0.37
2026-08-06T04:02:44.55Z,0.37
2026-08-06T04:02:59.621Z,0.37
2026-08-06T04:03:14.879Z,0.37
2026-08-06T04:03:29.777Z,0.37
2026-08-06T04:03:44Z,0.37
2026-08-06T04:03:44.95Z,0.37
2026-08-06T04:04:04.952Z,0.36
2026-08-06T04:04:21.122Z,0.36
2026-08-06T04:04:35.074Z,0.36
2026-08-06T04:04:55.173Z,0.36
2026-08-06T04:05:10.235Z,0.36
2026-08-06T04:05:25.814Z,0.36
2026-08-06T04:05:40.468Z,0.36
2026-08-06T04:05:55.586Z,0.36
2026-08-06T04:06:10.612Z,0.36
2026-08-06T04:06:25.944Z,0.36
2026-08-06T04:06:45.765Z,0.36
2026-08-06T04:07:03.508Z,0.35
2026-08-06T04:07:15.985Z,0.35
2026-08-06T04:07:31.092Z,0.35
2026-08-06T04:07:51.11Z,0.35
2026-08-06T04:08:06.204Z,0.35
2026-08-06T04:08:21.458Z,0.35
2026-08-06T04:08:41.427Z,0.35
2026-08-06T04:08:56Z,0.34
2026-08-06T04:08:56.443Z,0.34
2026-08-06T04:09:12.631Z,0.34
2026-08-06T04:09:26.663Z,0.34
2026-08-06T04:09:41.758Z,0.34
2026-08-06T04:10:09.842Z,0.34
2026-08-06T04:10:16.914Z,0.34
2026-08-06T04:10:37.021Z,0.33
2026-08-06T04:10:54.895Z,0.33
2026-08-06T04:11:12.179Z,0.33
2026-08-06T04:11:27.24Z,0.33
2026-08-06T04:11:47.316Z,0.33
2026-08-06T04:12:03.355Z,0.33
2026-08-06T04:12:17.485Z,0.32
2026-08-06T04:12:32.541Z,0.32
2026-08-06T04:12:47.629Z,0.32
2026-08-06T04:13:09.505Z,0.32
2026-08-06T04:13:22.794Z,0.32
2026-08-06T04:13:37.842Z,0.32
2026-08-06T04:13:52Z,0.31
2026-08-06T04:13:52.928Z,0.31
2026-08-06T04:14:08.025Z,0.31
2026-08-06T04:14:28.205Z,0.31
2026-08-06T04:14:43.169Z,0.31
2026-08-06T04:15:09.82Z,0.31
2026-08-06T04:15:21.59Z,0.31
2026-08-06T04:15:33.482Z,0.31
2026-08-06T04:15:53.568Z,0.3
2026-08-06T04:16:08.622Z,0.3
2026-08-06T04:16:23.698Z,0.3
2026-08-06T04:16:38.755Z,0.3
2026-08-06T04:16:58.839Z,0.29
2026-08-06T04:17:18.953Z,0.29
2026-08-06T04:17:34.029Z,0.29
2026-08-06T04:17:49.071Z,0.29
2026-08-06T04:18:06.411Z,0.29
2026-08-06T04:18:24.224Z,0.29
2026-08-06T04:18:39.292Z,0.29
2026-08-06T04:18:53Z,0.28
2026-08-06T04:18:54.376Z,0.28
2026-08-06T04:19:09.852Z,0.28
2026-08-06T04:19:25.627Z,0.28
2026-08-06T04:19:39.603Z,0.28
2026-08-06T04:19:54.66Z,0.28
2026-08-06T04:20:14.764Z,0.27
2026-08-06T04:20:29.81Z,0.27
2026-08-06T04:20:44.906Z,0.27
2026-08-06T04:20:59.966Z,0.27
2026-08-06T04:21:15.059Z,0.27
2026-08-06T04:21:30.28Z,0.27
2026-08-06T04:21:45.385Z,0.26
2026-08-06T04:22:00.681Z,0.26
2026-08-06T04:22:15.532Z,0.26
2026-08-06T04:22:30.434Z,0.26
2026-08-06T04:22:45.539Z,0.26
2026-08-06T04:23:00.841Z,0.26
2026-08-06T04:23:20.803Z,0.25
2026-08-06T04:23:35.828Z,0.25
2026-08-06T04:23:51.17Z,0.25
2026-08-06T04:24:05Z,0.25
2026-08-06T04:24:06.019Z,0.25
2026-08-06T04:24:21.56Z,0.25
2026-08-06T04:24:41.17Z,0.25
2026-08-06T04:24:56.234Z,0.25
2026-08-06T04:25:13.97Z,0.24
2026-08-06T04:25:26.444Z,0.24
2026-08-06T04:25:46.451Z,0.24
2026-08-06T04:26:06.578Z,0.24
2026-08-06T04:26:21.669Z,0.24
2026-08-06T04:26:36.684Z,0.23
2026-08-06T04:26:51.919Z,0.23
2026-08-06T04:27:11.835Z,0.23
2026-08-06T04:27:31.907Z,0.23
2026-08-06T04:27:46.996Z,0.23
2026-08-06T04:28:05.858Z,0.22
2026-08-06T04:28:22.168Z,0.22
2026-08-06T04:28:37.237Z,0.22
2026-08-06T04:28:52.371Z,0.22
2026-08-06T04:29:07Z,0.22
2026-08-06T04:29:08.331Z,0.22
2026-08-06T04:29:22.498Z,0.22
2026-08-06T04:29:37.572Z,0.22
2026-08-06T04:29:52.65Z,0.22
2026-08-06T04:30:13.213Z,0.22
2026-08-06T04:30:22.875Z,0.22
2026-08-06T04:30:37.963Z,0.21
2026-08-06T04:30:52.996Z,0.21
2026-08-06T04:31:08.078Z,0.21
2026-08-06T04:31:23.176Z,0.21
2026-08-06T04:31:43.232Z,0.21
2026-08-06T04:31:59.527Z,0.2
2026-08-06T04:32:18.409Z,0.2
2026-08-06T04:32:33.451Z,0.2
2026-08-06T04:32:48.518Z,0.2
2026-08-06T04:33:05.925Z,0.2
2026-08-06T04:33:18.68Z,0.2
2026-08-06T04:33:33.755Z,0.2
2026-08-06T04:33:53Z,0.2
2026-08-06T04:33:54.089Z,0.2
2026-08-06T04:34:13.942Z,0.2
2026-08-06T04:34:28.997Z,0.2
2026-08-06T04:34:49.106Z,0.2
2026-08-06T04:35:11.817Z,0.2
2026-08-06T04:35:19.219Z,0.19
2026-08-06T04:35:34.328Z,0.19
2026-08-06T04:35:54.405Z,0.19
2026-08-06T04:36:09.464Z,0.19
2026-08-06T04:36:24.976Z,0.19
2026-08-06T04:36:46.154Z,0.19
2026-08-06T04:36:59.96Z,0.19
2026-08-06T04:37:14.764Z,0.19
2026-08-06T04:37:29.824Z,0.19
2026-08-06T04:37:44.953Z,0.19
2026-08-06T04:38:00.363Z,0.19
2026-08-06T04:38:20.078Z,0.19
2026-08-06T04:38:35.18Z,0.19
2026-08-06T04:38:50.297Z,0.18
2026-08-06T04:39:09Z,0.18
2026-08-06T04:39:10.373Z,0.18
2026-08-06T04:39:25.364Z,0.18
2026-08-06T04:39:40.466Z,0.18
2026-08-06T04:39:55.871Z,0.18
2026-08-06T04:40:11.863Z,0.18
2026-08-06T04:40:30.777Z,0.18
2026-08-06T04:40:50.82Z,0.18
2026-08-06T04:41:05.9Z,0.18
2026-08-06T04:41:21.017Z,0.18
2026-08-06T04:41:41.06Z,0.18
2026-08-06T04:42:03.583Z,0.18
2026-08-06T04:42:16.214Z,0.18
2026-08-06T04:42:31.299Z,0.18
2026-08-06T04:42:51.372Z,0.18
2026-08-06T04:43:07.533Z,0.18
2026-08-06T04:43:21.995Z,0.18
2026-08-06T04:43:36.622Z,0.18
2026-08-06T04:43:51.691Z,0.17
2026-08-06T04:44:06Z,0.17
2026-08-06T04:44:06.741Z,0.17
2026-08-06T04:44:22.216Z,0.17
2026-08-06T04:44:41.908Z,0.17
2026-08-06T04:45:09.766Z,0.17
2026-08-06T04:45:17.128Z,0.17
2026-08-06T04:45:32.29Z,0.17
2026-08-06T04:45:47.285Z,0.17
2026-08-06T04:46:04.052Z,0.17
2026-08-06T04:46:17.41Z,0.17
2026-08-06T04:46:37.508Z,0.17
2026-08-06T04:46:57.573Z,0.17
2026-08-06T04:47:12.663Z,0.17
2026-08-06T04:47:27.757Z,0.17
2026-08-06T04:47:42.85Z,0.17
2026-08-06T04:47:57.922Z,0.16
2026-08-06T04:48:18.056Z,0.16
2026-08-06T04:48:33.074Z,0.16
2026-08-06T04:48:53.293Z,0.16
2026-08-06T04:49:07Z,0.16
2026-08-06T04:49:09.753Z,0.16
2026-08-06T04:49:23.595Z,0.16
2026-08-06T04:49:38.434Z,0.16
2026-08-06T04:49:59.051Z,0.16
2026-08-06T04:50:13.661Z,0.16
2026-08-06T04:50:28.652Z,0.16
2026-08-06T04:50:43.756Z,0.16
2026-08-06T04:51:04.447Z,0.15
2026-08-06T04:51:18.898Z,0.15
2026-08-06T04:51:38.959Z,0.15
2026-08-06T04:51:54.069Z,0.15
2026-08-06T04:52:09.159Z,0.15
2026-08-06T04:52:24.272Z,0.15
2026-08-06T04:52:44.368Z,0.15
2026-08-06T04:52:59.396Z,0.15
2026-08-06T04:53:14.458Z,0.15
2026-08-06T04:53:29.542Z,0.15
2026-08-06T04:53:45.708Z,0.15
2026-08-06T04:54:04Z,0.15
2026-08-06T04:54:04.695Z,0.15
2026-08-06T04:54:19.763Z,0.15
2026-08-06T04:54:34.837Z,0.14
2026-08-06T04:54:54.965Z,0.14
2026-08-06T04:55:15.031Z,0.14
2026-08-06T04:55:30.116Z,0.14
2026-08-06T04:55:45.306Z,0.14
2026-08-06T04:56:05.269Z,0.14
2026-08-06T04:56:20.348Z,0.14
2026-08-06T04:56:35.446Z,0.14
2026-08-06T04:56:58.05Z,0.14
2026-08-06T04:57:10.574Z,0.14
2026-08-06T04:57:30.633Z,0.14
2026-08-06T04:57:50.721Z,0.14
2026-08-06T04:58:10.796Z,0.14
2026-08-06T04:58:25.878Z,0.14
2026-08-06T04:58:40.96Z,0.14
2026-08-06T04:58:56.084Z,0.14
2026-08-06T04:59:10Z,0.14
2026-08-06T04:59:11.138Z,0.14
2026-08-06T04:59:26.234Z,0.14
2026-08-06T04:59:46.317Z,0.14
2026-08-06T05:00:12.258Z,0.14
2026-08-06T05:00:22.405Z,0.13
2026-08-06T05:00:41.519Z,0.13
2026-08-06T05:00:56.56Z,0.13
2026-08-06T05:01:11.742Z,0.13
2026-08-06T05:01:31.721Z,0.13
2026-08-06T05:01:46.797Z,0.13
2026-08-06T05:02:04.111Z,0.13
2026-08-06T05:02:17.275Z,0.13
2026-08-06T05:02:32.042Z,0.13
2026-08-06T05:02:47.123Z,0.13
2026-08-06T05:03:07.185Z,0.13
2026-08-06T05:03:22.698Z,0.13
2026-08-06T05:03:37.586Z,0.13
2026-08-06T05:03:52.435Z,0.13
2026-08-06T05:04:07Z,0.12
2026-08-06T05:04:07.508Z,0.12
2026-08-06T05:04:23.735Z,0.12
2026-08-06T05:04:45.347Z,0.12
2026-08-06T05:04:57.728Z,0.12
2026-08-06T05:05:13.147Z,0.12
2026-08-06T05:05:32.917Z,0.12
2026-08-06T05:05:52.994Z,0.12
2026-08-06T05:06:13.048Z,0.12
2026-08-06T05:06:28.104Z,0.12
2026-08-06T05:06:43.436Z,0.12
2026-08-06T05:06:58.371Z,0.12
2026-08-06T05:07:13.394Z,0.12
2026-08-06T05:07:28.51Z,0.12
2026-08-06T05:07:44.412Z,0.12
2026-08-06T05:07:58.583Z,0.12
2026-08-06T05:08:13.662Z,0.12
2026-08-06T05:08:28.748Z,0.12
2026-08-06T05:08:43.825Z,0.11
2026-08-06T05:09:03Z,0.12
2026-08-06T05:09:03.888Z,0.12
2026-08-06T05:09:24.453Z,0.11
2026-08-06T05:09:40.132Z,0.11
2026-08-06T05:09:59.138Z,0.11
2026-08-06T05:10:14.233Z,0.11
2026-08-06T05:10:34.296Z,0.11
2026-08-06T05:10:49.386Z,0.11
2026-08-06T05:11:04.516Z,0.11
2026-08-06T05:11:19.505Z,0.11
2026-08-06T05:11:34.599Z,0.11
2026-08-06T05:11:54.685Z,0.11
2026-08-06T05:12:09.803Z,0.11
2026-08-06T05:12:29.938Z,0.11
2026-08-06T05:12:44.968Z,0.11
2026-08-06T05:13:00.042Z,0.11
2026-08-06T05:13:15.117Z,0.11
2026-08-06T05:13:30.822Z,0.1
2026-08-06T05:13:45.257Z,0.1
2026-08-06T05:14:04Z,0.1
2026-08-06T05:14:05.408Z,0.1
2026-08-06T05:14:25.473Z,0.1
2026-08-06T05:14:40.807Z,0.1
2026-08-06T05:14:55.603Z,0.1
2026-08-06T05:15:12.237Z,0.1
2026-08-06T05:15:25.752Z,0.1
2026-08-06T05:15:40.89Z,0.1
2026-08-06T05:15:55.925Z,0.1
2026-08-06T05:16:10.994Z,0.1
2026-08-06T05:16:31.08Z,0.1
2026-08-06T05:16:46.161Z,0.1
2026-08-06T05:17:03.742Z,0.1
2026-08-06T05:17:22.228Z,0.09
2026-08-06T05:17:41.443Z,0.09
2026-08-06T05:18:03.59Z,0.09
2026-08-06T05:18:16.594Z,0.09
2026-08-06T05:18:36.673Z,0.09
2026-08-06T05:18:51.717Z,0.09
2026-08-06T05:19:06Z,0.09
2026-08-06T05:19:07.108Z,0.09
2026-08-06T05:19:26.861Z,0.09
2026-08-06T05:19:41.973Z,0.08
2026-08-06T05:20:12.015Z,0.08
2026-08-06T05:20:22.165Z,0.08
2026-08-06T05:20:42.191Z,0.08
2026-08-06T05:20:58.157Z,0.08
2026-08-06T05:21:12.343Z,0.08
2026-08-06T05:21:27.419Z,0.08
2026-08-06T05:21:42.487Z,0.08
2026-08-06T05:21:57.684Z,0.08
2026-08-06T05:22:13.772Z,0.08
2026-08-06T05:22:32.75Z,0.08
2026-08-06T05:22:47.924Z,0.07
2026-08-06T05:23:03.57Z,0.07
2026-08-06T05:23:17.997Z,0.07
2026-08-06T05:23:38.072Z,0.07
2026-08-06T05:23:53.131Z,0.07
2026-08-06T05:24:08.796Z,0.07
2026-08-06T05:24:22Z,0.07
2026-08-06T05:24:23.334Z,0.07
2026-08-06T05:24:38.367Z,0.07
2026-08-06T05:24:53.42Z,0.07
2026-08-06T05:25:11.694Z,0.07
2026-08-06T05:25:23.633Z,0.07
2026-08-06T05:25:43.674Z,0.07
2026-08-06T05:25:58.74Z,0.07
2026-08-06T05:26:13.853Z,0.07
2026-08-06T05:26:29.757Z,0.07
2026-08-06T05:26:44.01Z,0.06
2026-08-06T05:26:59.183Z,0.06
2026-08-06T05:27:14.254Z,0.06
2026-08-06T05:27:31.712Z,0.06
2026-08-06T05:27:49.397Z,0.06
2026-08-06T05:28:04.919Z,0.06
2026-08-06T05:28:19.513Z,0.06
2026-08-06T05:28:34.646Z,0.06
2026-08-06T05:28:49.705Z,0.06
2026-08-06T05:29:04.78Z,0.06
2026-08-06T05:29:19Z,0.05
2026-08-06T05:29:19.833Z,0.05
2026-08-06T05:29:35.365Z,0.05
2026-08-06T05:29:54.981Z,0.05
2026-08-06T05:30:15.071Z,0.05
2026-08-06T05:30:30.136Z,0.05
2026-08-06T05:30:50.247Z,0.05
2026-08-06T05:31:10.313Z,0.05
2026-08-06T05:31:25.415Z,0.05
2026-08-06T05:31:40.508Z,0.05
2026-08-06T05:31:55.603Z,0.04
2026-08-06T05:32:10.687Z,0.04
2026-08-06T05:32:25.744Z,0.04
2026-08-06T05:32:40.819Z,0.04
2026-08-06T05:32:55.915Z,0.04
2026-08-06T05:33:15.98Z,0.04
2026-08-06T05:33:31.118Z,0.04
2026-08-06T05:33:52.092Z,0.04
2026-08-06T05:34:06.576Z,0.04
2026-08-06T05:34:25Z,0.04
2026-08-06T05:34:26.284Z,0.04
2026-08-06T05:34:41.373Z,0.04
2026-08-06T05:34:56.425Z,0.04
2026-08-06T05:35:12.03Z,0.04
2026-08-06T05:35:26.624Z,0.04
2026-08-06T05:35:41.729Z,0.04
2026-08-06T05:35:56.759Z,0.04
2026-08-06T05:36:11.839Z,0.03
2026-08-06T05:36:26.898Z,0.03
2026-08-06T05:36:42.003Z,0.03
2026-08-06T05:36:57.063Z,0.03
2026-08-06T05:37:13.722Z,0.03
2026-08-06T05:37:32.233Z,0.03
2026-08-06T05:37:47.271Z,0.03
2026-08-06T05:38:07.645Z,0.03
2026-08-06T05:38:22.788Z,0.03
2026-08-06T05:38:37.533Z,0.03
2026-08-06T05:38:52.606Z,0.03
2026-08-06T05:39:12.841Z,0.02
2026-08-06T05:39:27Z,0.02
2026-08-06T05:39:27.786Z,0.02
2026-08-06T05:39:42.862Z,0.02
2026-08-06T05:40:09.534Z,0.02
2026-08-06T05:40:24.144Z,0.02
2026-08-06T05:40:38.074Z,0.02
2026-08-06T05:40:53.151Z,0.02
2026-08-06T05:41:08.238Z,0.02
2026-08-06T05:41:23.323Z,0.02
2026-08-06T05:41:38.422Z,0.02
2026-08-06T05:41:53.498Z,0.02
2026-08-06T05:42:13.603Z,0.01
2026-08-06T05:42:29.615Z,0.01
2026-08-06T05:42:43.72Z,0.01
2026-08-06T05:42:58.842Z,0.01
2026-08-06T05:43:13.912Z,0.01
2026-08-06T05:43:28.955Z,0.01
2026-08-06T05:43:44.05Z,0.01
2026-08-06T05:43:59.141Z,0.01
2026-08-06T05:44:14.767Z,0.01
2026-08-06T05:44:28Z,0.01
2026-08-06T05:44:29.338Z,0.01
2026-08-06T05:44:44.397Z,0.01
2026-08-06T05:44:59.464Z,0.01
2026-08-06T05:45:14.549Z,0.0
2026-08-06T05:45:29.62Z,0.0
2026-08-06T05:45:49.704Z,0.0
2026-08-06T05:46:06.274Z,0.0
2026-08-06T05:46:19.844Z,0.0
2026-08-06T05:46:34.938Z,0.0
2026-08-06T05:46:49.997Z,0.0
2026-08-06T05:47:10.071Z,0.0
2026-08-06T05:47:25.145Z,0.0
2026-08-06T05:47:46.929Z,0.0
2026-08-06T05:48:00.384Z,0.0
2026-08-06T05:48:15.478Z,0.0
2026-08-06T05:48:35.543Z,0.0
2026-08-06T05:48:52.225Z,0.0
2026-08-06T05:49:05.733Z,0.0
2026-08-06T05:49:20Z,0.0
2026-08-06T05:49:20.821Z,0.0
2026-08-06T05:49:36.607Z,0.0
2026-08-06T05:49:50.971Z,0.0
2026-08-06T05:50:11.77Z,0.0
2026-08-06T05:50:31.159Z,0.0
2026-08-06T05:50:46.219Z,0.0
2026-08-06T05:51:03.082Z,0.0
2026-08-06T05:51:16.414Z,0.0
2026-08-06T05:51:31.515Z,0.0
2026-08-06T05:51:46.57Z,0.0
2026-08-06T05:52:06.655Z,0.0
2026-08-06T05:52:22.524Z,0.0
2026-08-06T05:52:36.802Z,0.0
2026-08-06T05:52:51.877Z,0.0
2026-08-06T05:53:06.942Z,0.0
2026-08-06T05:53:22.474Z,0.0
2026-08-06T05:53:42.117Z,0.0
2026-08-06T05:54:03.471Z,0.0
2026-08-06T05:54:17.264Z,0.0
2026-08-06T05:54:31Z,0.0
2026-08-06T05:54:32.388Z,0.0
2026-08-06T05:54:47.398Z,0.0
2026-08-06T05:55:11.209Z,0.0
2026-08-06T05:55:17.56Z,0.0
2026-08-06T05:55:32.66Z,0.0
2026-08-06T05:55:47.75Z,0.0
2026-08-06T05:56:04.088Z,0.0
2026-08-06T05:56:17.885Z,0.0
2026-08-06T05:56:33.017Z,0.0
2026-08-06T05:56:48.148Z,0.0
2026-08-06T05:57:05.487Z,0.0
2026-08-06T05:57:18.302Z,0.0
2026-08-06T05:57:38.39Z,0.0
2026-08-06T05:57:53.475Z,0.0
2026-08-06T05:58:08.545Z,0.0
2026-08-06T05:58:25.891Z,0.0
2026-08-06T05:58:38.732Z,0.0
2026-08-06T05:58:58.862Z,0.0
2026-08-06T05:59:18.897Z,0.0
2026-08-06T05:59:33Z,0.0
2026-08-06T05:59:34.682Z,0.0
2026-08-06T05:59:49.067Z,0.0
2026-08-06T06:00:12.261Z,0.0
2026-08-06T06:00:19.193Z,0.0
2026-08-06T06:00:34.588Z,0.0
2026-08-06T06:00:49.339Z,0.0
2026-08-06T06:01:05.417Z,0.0
2026-08-06T06:01:19.496Z,0.0
2026-08-06T06:01:35.147Z,0.0
2026-08-06T06:01:49.651Z,0.0
2026-08-06T06:02:09.757Z,0.0
2026-08-06T06:02:24.822Z,0.0
2026-08-06T06:02:41.322Z,0.0
2026-08-06T06:02:54.962Z,0.0
2026-08-06T06:03:10.04Z,0.0
2026-08-06T06:03:30.106Z,0.0
2026-08-06T06:03:45.194Z,0.0
2026-08-06T06:04:00.258Z,0.0
2026-08-06T06:04:15.353Z,0.0
2026-08-06T06:04:35Z,0.0
2026-08-06T06:04:35.439Z,0.0
2026-08-06T06:04:55.48Z,0.0
2026-08-06T06:05:11.248Z,0.0
2026-08-06T06:05:25.65Z,0.0
2026-08-06T06:05:40.751Z,0.0
2026-08-06T06:06:00.793Z,0.0
2026-08-06T06:06:15.873Z,0.0
2026-08-06T06:06:30.944Z,0.0
2026-08-06T06:06:46.033Z,0.0
2026-08-06T06:07:02.705Z,0.0
2026-08-06T06:07:16.168Z,0.0
2026-08-06T06:07:36.25Z,0.0
2026-08-06T06:07:51.334Z,0.0
2026-08-06T06:08:06.42Z,0.0
2026-08-06T06:08:21.526Z,0.0
2026-08-06T06:08:36.638Z,0.0
2026-08-06T06:08:51.747Z,0.0
2026-08-06T06:09:06.901Z,0.0
2026-08-06T06:09:21Z,0.0
2026-08-06T06:09:22.619Z,0.0
2026-08-06T06:09:41.999Z,0.0
2026-08-06T06:09:57.061Z,0.0
2026-08-06T06:10:13.361Z,0.0
2026-08-06T06:10:27.196Z,0.0
2026-08-06T06:10:47.673Z,0.0
2026-08-06T06:11:07.498Z,0.0
2026-08-06T06:11:22.623Z,0.0
2026-08-06T06:11:37.745Z,0.0
2026-08-06T06:11:52.634Z,0.0
2026-08-06T06:12:07.714Z,0.0
2026-08-06T06:12:22.833Z,0.0
2026-08-06T06:12:38.598Z,0.0
2026-08-06T06:12:57.982Z,0.0
2026-08-06T06:13:13.071Z,0.0
2026-08-06T06:13:28.584Z,0.0
2026-08-06T06:13:43.252Z,0.0
2026-08-06T06:13:59.194Z,0.0
2026-08-06T06:14:13.47Z,0.0
2026-08-06T06:14:28Z,0.0
2026-08-06T06:14:28.516Z,0.0
2026-08-06T06:14:43.639Z,0.0
2026-08-06T06:15:12.267Z,0.0
2026-08-06T06:15:18.764Z,0.0
2026-08-06T06:15:33.833Z,0.0
2026-08-06T06:15:48.919Z,0.0
2026-08-06T06:16:08.955Z,0.0
2026-08-06T06:16:29.115Z,0.0
2026-08-06T06:16:50.025Z,0.0
2026-08-06T06:17:04.199Z,0.0
2026-08-06T06:17:19.273Z,0.0
2026-08-06T06:17:34.382Z,0.0
2026-08-06T06:17:54.431Z,0.0
2026-08-06T06:18:16.716Z,0.0
2026-08-06T06:18:29.569Z,0.0
2026-08-06T06:18:44.677Z,0.0
2026-08-06T06:19:04.754Z,0.0
2026-08-06T06:19:25.306Z,0.0
2026-08-06T06:19:39Z,0.0
2026-08-06T06:19:39.907Z,0.0
2026-08-06T06:19:59.961Z,0.0
2026-08-06T06:20:20.04Z,0.0
2026-08-06T06:20:40.127Z,0.0
2026-08-06T06:20:55.191Z,0.0
2026-08-06T06:21:15.309Z,0.0
2026-08-06T06:21:30.381Z,0.0
2026-08-06T06:21:48.246Z,0.0
2026-08-06T06:22:05.549Z,0.0
2026-08-06T06:22:20.633Z,0.0
2026-08-06T06:22:40.711Z,0.0
2026-08-06T06:22:55.767Z,0.0
2026-08-06T06:23:10.832Z,0.0
2026-08-06T06:23:25.918Z,0.0
2026-08-06T06:23:41.074Z,0.0
2026-08-06T06:23:56.223Z,0.0
2026-08-06T06:24:11.222Z,0.0
2026-08-06T06:24:26.301Z,0.0
2026-08-06T06:24:40Z,0.0
2026-08-06T06:24:41.397Z,0.0
2026-08-06T06:24:56.487Z,0.0
2026-08-06T06:25:15.764Z,0.0
2026-08-06T06:25:26.614Z,0.0
2026-08-06T06:25:41.717Z,0.0
2026-08-06T06:26:04.797Z,0.0
2026-08-06T06:26:16.821Z,0.0
2026-08-06T06:26:31.927Z,0.0
2026-08-06T06:26:47.04Z,0.0
2026-08-06T06:27:03.928Z,0.0
2026-08-06T06:27:17.176Z,0.0
2026-08-06T06:27:32.257Z,0.0
2026-08-06T06:27:52.326Z,0.0
2026-08-06T06:28:07.47Z,0.0
2026-08-06T06:28:22.769Z,0.0
2026-08-06T06:28:42.808Z,0.0
2026-08-06T06:28:57.671Z,0.0
2026-08-06T06:29:13.274Z,0.0
2026-08-06T06:29:27.805Z,0.0
2026-08-06T06:29:42Z,0.0
2026-08-06T06:29:42.896Z,0.0
2026-08-06T06:29:57.96Z,0.0
2026-08-06T06:30:13.144Z,0.0
2026-08-06T06:30:33.147Z,0.0
2026-08-06T06:30:48.21Z,0.0
2026-08-06T06:31:03.855Z,0.0
2026-08-06T06:31:18.384Z,0.0
2026-08-06T06:31:33.483Z,0.0
2026-08-06T06:31:53.505Z,0.0
2026-08-06T06:32:08.565Z,0.0
2026-08-06T06:32:28.661Z,0.0
2026-08-06T06:32:44.125Z,0.0
2026-08-06T06:32:58.825Z,0.0
2026-08-06T06:33:13.954Z,0.0
2026-08-06T06:33:29.011Z,0.0
2026-08-06T06:33:44.078Z,0.0
2026-08-06T06:34:00.705Z,0.0
2026-08-06T06:34:14.35Z,0.0
2026-08-06T06:34:28Z,0.0
2026-08-06T06:34:29.296Z,0.0
2026-08-06T06:34:49.471Z,0.0
2026-08-06T06:35:12.691Z,0.0
2026-08-06T06:35:19.641Z,0.0
2026-08-06T06:35:34.669Z,0.0
2026-08-06T06:35:49.664Z,0.0
2026-08-06T06:36:04.816Z,0.0
2026-08-06T06:36:19.863Z,0.0
2026-08-06T06:36:34.97Z,0.0
2026-08-06T06:36:50.014Z,0.0
2026-08-06T06:37:10.104Z,0.0
2026-08-06T06:37:25.19Z,0.0
2026-08-06T06:37:41.213Z,0.0
2026-08-06T06:37:55.333Z,0.0
2026-08-06T06:38:10.453Z,0.0
2026-08-06T06:38:30.563Z,0.0
2026-08-06T06:38:50.594Z,0.0
2026-08-06T06:39:10.675Z,0.0
2026-08-06T06:39:30.807Z,0.0
2026-08-06T06:39:45Z,0.0
2026-08-06T06:39:45.843Z,0.0
2026-08-06T06:40:11.925Z,0.0
2026-08-06T06:40:16.026Z,0.0
2026-08-06T06:40:32.251Z,0.0
2026-08-06T06:40:46.137Z,0.0
2026-08-06T06:41:02.933Z,0.0
2026-08-06T06:41:21.346Z,0.0
2026-08-06T06:41:36.561Z,0.0
2026-08-06T06:41:52.021Z,0.0
2026-08-06T06:42:11.631Z,0.0
2026-08-06T06:42:26.705Z,0.0
2026-08-06T06:42:41.791Z,0.0
2026-08-06T06:42:57.144Z,0.0
2026-08-06T06:43:11.937Z,0.0
2026-08-06T06:43:27.024Z,0.0
2026-08-06T06:43:42.2Z,0.0
2026-08-06T06:43:57.19Z,0.0
2026-08-06T06:44:12.255Z,0.0
2026-08-06T06:44:27.339Z,0.0
2026-08-06T06:44:42Z,0.0
2026-08-06T06:44:42.401Z,0.0
2026-08-06T06:44:57.748Z,0.0
2026-08-06T06:45:13.922Z,0.0
2026-08-06T06:45:27.672Z,0.0
2026-08-06T06:45:42.741Z,0.0
2026-08-06T06:45:58.518Z,0.0
2026-08-06T06:46:17.938Z,0.0
2026-08-06T06:46:33.008Z,0.0
2026-08-06T06:46:53.098Z,0.0
2026-08-06T06:47:13.171Z,0.0
2026-08-06T06:47:33.231Z,0.0
2026-08-06T06:47:48.37Z,0.0
2026-08-06T06:48:04.206Z,0.0
2026-08-06T06:48:18.482Z,0.0
2026-08-06T06:48:33.938Z,0.0
2026-08-06T06:48:53.602Z,0.0
2026-08-06T06:49:08.682Z,0.0
2026-08-06T06:49:23.85Z,0.0
2026-08-06T06:49:38Z,0.0
2026-08-06T06:49:39.164Z,0.0
2026-08-06T06:49:58.963Z,0.0
2026-08-06T06:50:13.994Z,0.0
2026-08-06T06:50:29.052Z,0.0
2026-08-06T06:50:49.165Z,0.0
2026-08-06T06:51:09.256Z,0.0
2026-08-06T06:51:24.352Z,0.0
2026-08-06T06:51:39.444Z,0.0
2026-08-06T06:51:54.539Z,0.0
2026-08-06T06:52:09.555Z,0.0
2026-08-06T06:52:24.627Z,0.0
2026-08-06T06:52:39.735Z,0.0
2026-08-06T06:52:54.819Z,0.0
2026-08-06T06:53:09.896Z,0.0
2026-08-06T06:53:24.981Z,0.0
2026-08-06T06:53:40.673Z,0.0
2026-08-06T06:53:55.18Z,0.0
2026-08-06T06:54:15.211Z,0.0
2026-08-06T06:54:30.282Z,0.0
2026-08-06T06:54:44Z,0.0
2026-08-06T06:54:46.207Z,0.0
2026-08-06T06:55:00.447Z,0.0
2026-08-06T06:55:15.538Z,0.0
2026-08-06T06:55:30.589Z,0.0
2026-08-06T06:55:50.86Z,0.0
2026-08-06T06:56:05.804Z,0.0
2026-08-06T06:56:20.903Z,0.0
2026-08-06T06:56:35.976Z,0.0
2026-08-06T06:56:53.369Z,0.0
2026-08-06T06:57:11.097Z,0.0
2026-08-06T06:57:26.192Z,0.0
2026-08-06T06:57:46.278Z,0.0
2026-08-06T06:58:03.052Z,0.0
2026-08-06T06:58:16.622Z,0.0
2026-08-06T06:58:31.538Z,0.0
2026-08-06T06:58:51.654Z,0.0
2026-08-06T06:59:06.7Z,0.0
2026-08-06T06:59:21.776Z,0.0
2026-08-06T06:59:36Z,0.0
2026-08-06T06:59:37.638Z,0.0
2026-08-06T06:59:56.944Z,0.0
2026-08-06T07:00:17.125Z,0.0
2026-08-06T07:00:27.108Z,0.0
2026-08-06T07:00:42.189Z,0.0
2026-08-06T07:00:57.246Z,0.0
2026-08-06T07:01:12.327Z,0.0
2026-08-06T07:01:32.759Z,0.0
2026-08-06T07:01:52.506Z,0.0
2026-08-06T07:02:07.566Z,0.0
2026-08-06T07:02:23.065Z,0.0
2026-08-06T07:02:37.695Z,0.0
2026-08-06T07:02:57.829Z,0.0
2026-08-06T07:03:12.904Z,0.0
2026-08-06T07:03:27.99Z,0.0
2026-08-06T07:03:49.63Z,0.0
2026-08-06T07:04:04.573Z,0.0
2026-08-06T07:04:18.274Z,0.0
2026-08-06T07:04:38.354Z,0.0
2026-08-06T07:04:53Z,0.0
2026-08-06T07:04:53.422Z,0.0
2026-08-06T07:05:12.038Z,0.0
2026-08-06T07:05:24.736Z,0.0
2026-08-06T07:05:43.695Z,0.0
2026-08-06T07:05:58.73Z,0.0
2026-08-06T07:06:13.862Z,0.0
2026-08-06T07:06:28.917Z,0.0
2026-08-06T07:06:44.074Z,0.0
2026-08-06T07:07:04.054Z,0.0
2026-08-06T07:07:19.145Z,0.0
2026-08-06T07:07:34.281Z,0.0
2026-08-06T07:07:54.344Z,0.0
2026-08-06T07:08:09.432Z,0.0
2026-08-06T07:08:24.516Z,0.0
2026-08-06T07:08:39.572Z,0.0
2026-08-06T07:08:59.646Z,0.0
2026-08-06T07:09:15.07Z,0.0
2026-08-06T07:09:34.817Z,0.0
2026-08-06T07:09:49Z,0.0
2026-08-06T07:09:49.885Z,0.0
2026-08-06T07:10:12.32Z,0.0
2026-08-06T07:10:20.046Z,0.0
2026-08-06T07:10:40.117Z,0.0
2026-08-06T07:11:00.221Z,0.0
2026-08-06T07:11:15.302Z,0.0
2026-08-06T07:11:30.605Z,0.0
2026-08-06T07:11:45.446Z,0.0
2026-08-06T07:12:05.512Z,0.0
2026-08-06T07:12:20.611Z,0.0
2026-08-06T07:12:35.656Z,0.0
2026-08-06T07:12:50.945Z,0.0
2026-08-06T07:13:05.87Z,0.0
2026-08-06T07:13:25.963Z,0.0
2026-08-06T07:13:41.021Z,0.0
2026-08-06T07:14:02.693Z,0.0
2026-08-06T07:14:21.193Z,0.0
2026-08-06T07:14:41.252Z,0.0
2026-08-06T07:14:55Z,0.0
2026-08-06T07:14:56.404Z,0.0
2026-08-06T07:15:14.425Z,0.0
2026-08-06T07:15:26.503Z,0.0
2026-08-06T07:15:41.581Z,0.0
2026-08-06T07:15:56.648Z,0.0
2026-08-06T07:16:12.38Z,0.0
2026-08-06T07:16:31.831Z,0.0
2026-08-06T07:16:46.972Z,0.0
2026-08-06T07:17:02.907Z,0.0
2026-08-06T07:17:17.125Z,0.0
2026-08-06T07:17:32.2Z,0.0
2026-08-06T07:17:47.365Z,0.0
2026-08-06T07:18:03.766Z,0.0
2026-08-06T07:18:17.684Z,0.0
2026-08-06T07:18:32.581Z,0.0
2026-08-06T07:18:52.639Z,0.0
2026-08-06T07:19:07.729Z,0.0
2026-08-06T07:19:23.013Z,0.0
2026-08-06T07:19:37.936Z,0.0
2026-08-06T07:19:52Z,0.0
2026-08-06T07:19:53.023Z,0.0
2026-08-06T07:20:10.152Z,0.0
2026-08-06T07:20:23.172Z,0.0
2026-08-06T07:20:38.218Z,0.0
2026-08-06T07:20:53.271Z,0.0
2026-08-06T07:21:13.366Z,0.0
2026-08-06T07:21:28.439Z,0.0
2026-08-06T07:21:43.528Z,0.0
2026-08-06T07:21:59.167Z,0.0
2026-08-06T07:22:13.671Z,0.0
2026-08-06T07:22:33.746Z,0.0
2026-08-06T07:22:53.821Z,0.0
2026-08-06T07:23:08.9Z,0.0
2026-08-06T07:23:28.973Z,0.0
2026-08-06T07:23:44.569Z,0.0
2026-08-06T07:23:59.192Z,0.0
2026-08-06T07:24:19.283Z,0.0
2026-08-06T07:24:34.33Z,0.0
2026-08-06T07:24:53Z,0.0
2026-08-06T07:24:54.511Z,0.0
2026-08-06T07:25:13.948Z,0.0
2026-08-06T07:25:29.603Z,0.0
2026-08-06T07:25:46.929Z,0.0
2026-08-06T07:25:59.743Z,0.0
2026-08-06T07:26:14.829Z,0.0
2026-08-06T07:26:29.908Z,0.0
2026-08-06T07:26:49.987Z,0.0
2026-08-06T07:27:05.106Z,0.0
2026-08-06T07:27:20.393Z,0.0
2026-08-06T07:27:35.23Z,0.0
2026-08-06T07:27:50.342Z,0.0
2026-08-06T07:28:10.397Z,0.0
2026-08-06T07:28:30.596Z,0.0
2026-08-06T07:28:50.565Z,0.0
2026-08-06T07:29:05.64Z,0.0
2026-08-06T07:29:20.711Z,0.0
2026-08-06T07:29:35.801Z,0.0
2026-08-06T07:29:50Z,0.0
2026-08-06T07:29:57.547Z,0.0
2026-08-06T07:30:16.091Z,0.0
2026-08-06T07:30:21.038Z,0.0
2026-08-06T07:30:36.095Z,0.0
2026-08-06T07:30:51.219Z,0.0
2026-08-06T07:31:06.428Z,0.0
2026-08-06T07:31:21.357Z,0.0
2026-08-06T07:31:42.469Z,0.0
2026-08-06T07:31:56.475Z,0.0
2026-08-06T07:32:16.619Z,0.0
2026-08-06T07:32:31.806Z,0.0
2026-08-06T07:32:46.826Z,0.0
2026-08-06T07:33:02.77Z,0.0
2026-08-06T07:33:17.015Z,0.0
2026-08-06T07:33:32.055Z,0.0
2026-08-06T07:33:47.136Z,0.0
2026-08-06T07:34:02.641Z,0.0
2026-08-06T07:34:17.304Z,0.0
2026-08-06T07:34:37.367Z,0.0
2026-08-06T07:34:52Z,0.0
2026-08-06T07:34:52.451Z,0.0
2026-08-06T07:35:14.945Z,0.0
2026-08-06T07:35:23.155Z,0.0
2026-08-06T07:35:37.676Z,0.0
2026-08-06T07:35:52.75Z,0.0
2026-08-06T07:36:07.927Z,0.0
2026-08-06T07:36:23.207Z,0.0
2026-08-06T07:36:43.061Z,0.0
2026-08-06T07:36:58.325Z,0.0
2026-08-06T07:37:18.204Z,0.0
2026-08-06T07:37:33.279Z,0.0
2026-08-06T07:37:48.39Z,0.0
2026-08-06T07:38:05.571Z,0.0
2026-08-06T07:38:18.63Z,0.0
2026-08-06T07:38:33.61Z,0.0
2026-08-06T07:38:48.72Z,0.0
2026-08-06T07:39:03.817Z,0.0
2026-08-06T07:39:18.826Z,0.0
2026-08-06T07:39:33.915Z,0.0
2026-08-06T07:39:49.004Z,0.0
2026-08-06T07:40:03Z,0.0
2026-08-06T07:40:11.136Z,0.0
2026-08-06T07:40:19.141Z,0.0
2026-08-06T07:40:34.25Z,0.0
2026-08-06T07:40:54.37Z,0.0
2026-08-06T07:41:09.416Z,0.0
2026-08-06T07:41:25.282Z,0.0
2026-08-06T07:41:40.804Z,0.0
2026-08-06T07:41:59.602Z,0.0
2026-08-06T07:42:19.695Z,0.0
2026-08-06T07:42:34.78Z,0.0
2026-08-06T07:42:49.868Z,0.0
2026-08-06T07:43:04.929Z,0.0
2026-08-06T07:43:20.006Z,0.0
2026-08-06T07:43:35.101Z,0.0
2026-08-06T07:43:50.175Z,0.0
2026-08-06T07:44:05.248Z,0.0
2026-08-06T07:44:20.33Z,0.0
2026-08-06T07:44:35.389Z,0.0
2026-08-06T07:44:50.493Z,0.0
2026-08-06T07:45:05Z,0.0
2026-08-06T07:45:09.799Z,0.0
2026-08-06T07:45:20.621Z,0.0
2026-08-06T07:45:40.755Z,0.0
2026-08-06T07:46:02.581Z,0.0
2026-08-06T07:46:20.868Z,0.0
2026-08-06T07:46:40.95Z,0.0
2026-08-06T07:46:56.045Z,0.0
2026-08-06T07:47:11.174Z,0.0
2026-08-06T07:47:26.247Z,0.0
2026-08-06T07:47:46.327Z,0.0
2026-08-06T07:48:02.543Z,0.0
2026-08-06T07:48:21.515Z,0.0
2026-08-06T07:48:41.555Z,0.0
2026-08-06T07:48:56.626Z,0.0
2026-08-06T07:49:11.717Z,0.0
2026-08-06T07:49:26.8Z,0.0
2026-08-06T07:49:46.89Z,0.0
2026-08-06T07:50:01Z,0.0
2026-08-06T07:50:08.684Z,0.0
2026-08-06T07:50:22.106Z,0.0
2026-08-06T07:50:37.151Z,0.0
2026-08-06T07:50:52.241Z,0.0
2026-08-06T07:51:07.318Z,0.0
2026-08-06T07:51:22.391Z,0.0
2026-08-06T07:51:37.456Z,0.0
2026-08-06T07:51:52.627Z,0.0
2026-08-06T07:52:07.593Z,0.0
2026-08-06T07:52:24.144Z,0.0
2026-08-06T07:52:39.227Z,0.0
2026-08-06T07:52:54.686Z,0.0
2026-08-06T07:53:09.351Z,0.0
2026-08-06T07:53:24.574Z,0.0
2026-08-06T07:53:45.37Z,0.0
2026-08-06T07:53:59.649Z,0.0
2026-08-06T07:54:14.653Z,0.0
2026-08-06T07:54:29.776Z,0.0
2026-08-06T07:54:45.2Z,0.0
2026-08-06T07:55:04Z,0.0
2026-08-06T07:55:11.925Z,0.0
2026-08-06T07:55:19.997Z,0.0
2026-08-06T07:55:35.558Z,0.0
2026-08-06T07:55:50.167Z,0.0
2026-08-06T07:56:05.305Z,0.0
2026-08-06T07:56:20.386Z,0.0
2026-08-06T07:56:35.375Z,0.0
2026-08-06T07:56:50.471Z,0.0
2026-08-06T07:57:05.553Z,0.0
2026-08-06T07:57:25.626Z,0.0
2026-08-06T07:57:46.03Z,0.0
2026-08-06T07:58:02.786Z,0.0
2026-08-06T07:58:15.85Z,0.0
2026-08-06T07:58:30.947Z,0.0
2026-08-06T07:58:51.016Z,0.0
2026-08-06T07:59:06.093Z,0.0
2026-08-06T07:59:21.206Z,0.0
2026-08-06T07:59:36.306Z,0.0
2026-08-06T07:59:51.369Z,0.0
2026-08-06T08:00:06Z,0.0
2026-08-06T08:00:11.721Z,0.0
2026-08-06T08:00:26.608Z,0.0
2026-08-06T08:00:42.439Z,0.0
2026-08-06T08:01:02.787Z,0.0
2026-08-06T08:01:16.774Z,0.0
2026-08-06T08:01:32.2Z,0.0
2026-08-06T08:01:46.926Z,0.0
2026-08-06T08:02:03.525Z,0.0
2026-08-06T08:02:17.092Z,0.0
2026-08-06T08:02:32.189Z,0.0
2026-08-06T08:02:47.286Z,0.0
2026-08-06T08:03:04.589Z,0.0
2026-08-06T08:03:17.392Z,0.0
2026-08-06T08:03:32.48Z,0.0
2026-08-06T08:03:47.57Z,0.0
2026-08-06T08:04:02.884Z,0.0
2026-08-06T08:04:17.728Z,0.0
2026-08-06T08:04:32.829Z,0.0
2026-08-06T08:04:47.879Z,0.0
2026-08-06T08:05:02Z,0.0
2026-08-06T08:05:11.419Z,0.0
2026-08-06T08:05:23.415Z,0.0
2026-08-06T08:05:38.147Z,0.0
2026-08-06T08:05:58.181Z,0.0
2026-08-06T08:06:13.25Z,0.0
2026-08-06T08:06:28.327Z,0.0
2026-08-06T08:06:43.43Z,0.0
2026-08-06T08:06:58.528Z,0.0
2026-08-06T08:07:13.619Z,0.0
2026-08-06T08:07:33.694Z,0.0
2026-08-06T08:07:48.77Z,0.0
2026-08-06T08:08:03.855Z,0.0
2026-08-06T08:08:18.92Z,0.0
2026-08-06T08:08:34.026Z,0.0
2026-08-06T08:08:49.103Z,0.0
2026-08-06T08:09:09.2Z,0.0
2026-08-06T08:09:24.303Z,0.0
2026-08-06T08:09:39.393Z,0.0
2026-08-06T08:09:59.466Z,0.0
2026-08-06T08:10:14Z,0.0
2026-08-06T08:10:14.514Z,0.0
2026-08-06T08:10:29.604Z,0.0
2026-08-06T08:10:49.695Z,0.0
2026-08-06T08:11:09.747Z,0.0
2026-08-06T08:11:24.837Z,0.0
2026-08-06T08:11:44.923Z,0.0
2026-08-06T08:11:59.982Z,0.0
2026-08-06T08:12:15.086Z,0.0
2026-08-06T08:12:35.166Z,0.0
2026-08-06T08:12:50.303Z,0.0
2026-08-06T08:13:05.418Z,0.0
2026-08-06T08:13:20.456Z,0.0
2026-08-06T08:13:35.526Z,0.0
2026-08-06T08:13:50.611Z,0.0
2026-08-06T08:14:05.773Z,0.0
2026-08-06T08:14:25.937Z,0.0
2026-08-06T08:14:40.886Z,0.0
2026-08-06T08:14:55.983Z,0.0
2026-08-06T08:15:10Z,0.0
2026-08-06T08:15:11.04Z,0.0
2026-08-06T08:15:26.158Z,0.0
2026-08-06T08:15:41.211Z,0.0
2026-08-06T08:15:56.291Z,0.0
2026-08-06T08:16:11.386Z,0.0
2026-08-06T08:16:31.504Z,0.0
2026-08-06T08:16:51.831Z,0.0
2026-08-06T08:17:11.633Z,0.0
2026-08-06T08:17:26.714Z,0.0
2026-08-06T08:17:41.822Z,0.0
2026-08-06T08:17:56.903Z,0.0
2026-08-06T08:18:11.982Z,0.0
2026-08-06T08:18:27.063Z,0.0
2026-08-06T08:18:42.176Z,0.0
2026-08-06T08:18:57.272Z,0.0
2026-08-06T08:19:12.348Z,0.0
2026-08-06T08:19:32.417Z,0.0
2026-08-06T08:19:47.504Z,0.0
2026-08-06T08:20:11.796Z,0.0
2026-08-06T08:20:17Z,0.0
2026-08-06T08:20:18.058Z,0.0
2026-08-06T08:20:32.737Z,0.0
2026-08-06T08:20:47.806Z,0.0
2026-08-06T08:21:03.863Z,0.0
2026-08-06T08:21:17.971Z,0.0
2026-08-06T08:21:33.24Z,0.0
2026-08-06T08:21:48.333Z,0.0
2026-08-06T08:22:04.758Z,0.0
2026-08-06T08:22:18.482Z,0.0
2026-08-06T08:22:39.131Z,0.0
2026-08-06T08:22:53.827Z,0.0
2026-08-06T08:23:08.886Z,0.0
2026-08-06T08:23:23.992Z,0.0
2026-08-06T08:23:39.044Z,0.0
2026-08-06T08:23:59.173Z,0.0
2026-08-06T08:24:14.23Z,0.0
2026-08-06T08:24:29.307Z,0.0
2026-08-06T08:24:44.386Z,0.0
2026-08-06T08:24:59.44Z,0.0
2026-08-06T08:25:19Z,0.0
2026-08-06T08:25:19.546Z,0.0
2026-08-06T08:25:35.163Z,0.0
2026-08-06T08:25:49.682Z,0.0
2026-08-06T08:26:04.764Z,0.0
2026-08-06T08:26:20.452Z,0.0
2026-08-06T08:26:34.981Z,0.0
2026-08-06T08:26:50.044Z,0.0
2026-08-06T08:27:05.184Z,0.0
2026-08-06T08:27:21.045Z,0.0
2026-08-06T08:27:35.276Z,0.0
2026-08-06T08:27:55.354Z,0.0
2026-08-06T08:28:10.441Z,0.0
2026-08-06T08:28:25.621Z,0.0
2026-08-06T08:28:40.59Z,0.0
2026-08-06T08:28:55.653Z,0.0
2026-08-06T08:29:10.722Z,0.0
2026-08-06T08:29:25.815Z,0.0
2026-08-06T08:29:40.899Z,0.0
2026-08-06T08:29:55.995Z,0.0
2026-08-06T08:30:10Z,0.0
2026-08-06T08:30:11.076Z,0.0
2026-08-06T08:30:26.16Z,0.0
2026-08-06T08:30:46.227Z,0.0
2026-08-06T08:31:02.805Z,0.0
2026-08-06T08:31:17.499Z,0.0
2026-08-06T08:31:31.563Z,0.0
2026-08-06T08:31:46.588Z,0.0
2026-08-06T08:32:02.483Z,0.0
2026-08-06T08:32:16.714Z,0.0
2026-08-06T08:32:37.168Z,0.0
2026-08-06T08:32:51.927Z,0.0
2026-08-06T08:33:06.988Z,0.0
2026-08-06T08:33:27.255Z,0.0
2026-08-06T08:33:42.267Z,0.0
2026-08-06T08:33:57.223Z,0.0
2026-08-06T08:34:17.292Z,0.0
2026-08-06T08:34:37.409Z,0.0
2026-08-06T08:34:52.448Z,0.0
2026-08-06T08:35:12Z,0.0
2026-08-06T08:35:13.239Z,0.0
2026-08-06T08:35:27.66Z,0.0
2026-08-06T08:35:42.997Z,0.0
2026-08-06T08:36:02.845Z,0.0
2026-08-06T08:36:17.842Z,0.0
2026-08-06T08:36:32.896Z,0.0
2026-08-06T08:36:48.005Z,0.0
2026-08-06T08:37:03.086Z,0.0
2026-08-06T08:37:18.131Z,0.0
2026-08-06T08:37:38.222Z,0.0
2026-08-06T08:37:53.77Z,0.0
2026-08-06T08:38:08.543Z,0.0
2026-08-06T08:38:23.482Z,0.0
2026-08-06T08:38:38.605Z,0.0
2026-08-06T08:38:58.675Z,0.0
2026-08-06T08:39:13.752Z,0.0
2026-08-06T08:39:28.868Z,0.0
2026-08-06T08:39:44.339Z,0.0
2026-08-06T08:39:58.978Z,0.0
2026-08-06T08:40:18Z,0.0
2026-08-06T08:40:19.135Z,0.0
2026-08-06T08:40:34.178Z,0.0
2026-08-06T08:40:49.217Z,0.0
2026-08-06T08:41:04.33Z,0.0
2026-08-06T08:41:19.643Z,0.0
2026-08-06T08:41:34.577Z,0.0
2026-08-06T08:41:49.564Z,0.0
2026-08-06T08:42:04.636Z,0.0
2026-08-06T08:42:24.735Z,0.0
2026-08-06T08:42:39.793Z,0.0
2026-08-06T08:42:54.866Z,0.0
2026-08-06T08:43:14.977Z,0.0
2026-08-06T08:43:30.091Z,0.0
2026-08-06T08:43:50.149Z,0.0
2026-08-06T08:44:05.226Z,0.0
2026-08-06T08:44:20.283Z,0.0
2026-08-06T08:44:40.359Z,0.0
2026-08-06T08:44:55.42Z,0.0
2026-08-06T08:45:10Z,0.0
2026-08-06T08:45:13.241Z,0.0
2026-08-06T08:45:30.573Z,0.0
2026-08-06T08:45:50.635Z,0.0
2026-08-06T08:46:05.745Z,0.0
2026-08-06T08:46:20.914Z,0.0
2026-08-06T08:46:35.875Z,0.0
2026-08-06T08:46:50.967Z,0.0
2026-08-06T08:47:11.479Z,0.02
2026-08-06T08:47:26.1Z,0.05
2026-08-06T08:47:41.176Z,0.08
2026-08-06T08:47:56.947Z,0.09
2026-08-06T08:48:11.733Z,0.14
2026-08-06T08:48:26.496Z,0.14
2026-08-06T08:48:46.563Z,0.17
2026-08-06T08:49:03.358Z,0.19
2026-08-06T08:49:16.98Z,0.21
2026-08-06T08:49:31.793Z,0.21
2026-08-06T08:49:46.882Z,0.24
2026-08-06T08:50:09.65Z,0.27
2026-08-06T08:50:21Z,0.3
2026-08-06T08:50:22.485Z,0.3
2026-08-06T08:50:37.134Z,0.33
2026-08-06T08:50:57.183Z,0.33
2026-08-06T08:51:12.252Z,0.36
2026-08-06T08:51:27.318Z,0.37
2026-08-06T08:51:42.414Z,0.38
2026-08-06T08:52:03.132Z,0.4
2026-08-06T08:52:17.542Z,0.4
2026-08-06T08:52:34.803Z,0.48
2026-08-06T08:52:52.696Z,0.51
2026-08-06T08:53:07.759Z,0.54
2026-08-06T08:53:22.871Z,0.57
2026-08-06T08:53:37.991Z,0.58
2026-08-06T08:53:53.06Z,0.61
2026-08-06T08:54:09.351Z,0.63
2026-08-06T08:54:28.197Z,0.65
2026-08-06T08:54:43.283Z,0.71
2026-08-06T08:55:10.243Z,0.74
2026-08-06T08:55:18Z,0.77
2026-08-06T08:55:18.494Z,0.77
2026-08-06T08:55:33.563Z,0.78
2026-08-06T08:55:48.619Z,0.82
2026-08-06T08:56:04.307Z,0.84
2026-08-06T08:56:23.833Z,0.88
2026-08-06T08:56:41.013Z,0.93
2026-08-06T08:56:53.986Z,0.94
2026-08-06T08:57:14.025Z,0.98
2026-08-06T08:57:29.106Z,0.99
2026-08-06T08:57:44.224Z,1.04
2026-08-06T08:57:59.248Z,1.13
2026-08-06T08:58:14.393Z,1.13
2026-08-06T08:58:29.447Z,1.13
2026-08-06T08:58:44.525Z,1.2
2026-08-06T08:59:04.694Z,1.23
2026-08-06T08:59:19.69Z,1.23
2026-08-06T08:59:34.774Z,1.26
2026-08-06T08:59:54.911Z,1.28
2026-08-06T09:00:15.231Z,1.3
2026-08-06T09:00:29Z,1.34
2026-08-06T09:00:30.052Z,1.34
2026-08-06T09:00:45.111Z,1.35
2026-08-06T09:01:00.212Z,1.4
2026-08-06T09:01:15.269Z,1.42
2026-08-06T09:01:35.598Z,1.43
2026-08-06T09:01:50.426Z,1.45
2026-08-06T09:02:05.526Z,1.47
2026-08-06T09:02:20.585Z,1.49
2026-08-06T09:02:40.784Z,1.52
2026-08-06T09:02:55.734Z,1.54
2026-08-06T09:03:10.857Z,1.55
2026-08-06T09:03:25.929Z,1.59
2026-08-06T09:03:41.027Z,1.59
2026-08-06T09:03:56.305Z,1.58
2026-08-06T09:04:16.158Z,1.64
2026-08-06T09:04:36.234Z,1.64
2026-08-06T09:04:57.193Z,1.7
2026-08-06T09:05:12.707Z,1.7
2026-08-06T09:05:26Z,1.73
2026-08-06T09:05:26.454Z,1.73
2026-08-06T09:05:41.539Z,1.77
2026-08-06T09:05:57.559Z,1.81
2026-08-06T09:06:16.729Z,1.78
2026-08-06T09:06:31.805Z,1.81
2026-08-06T09:06:52.318Z,1.83
2026-08-06T09:07:12.117Z,1.84
2026-08-06T09:07:26.99Z,1.87
2026-08-06T09:07:42.128Z,1.87
2026-08-06T09:07:57.198Z,1.89
2026-08-06T09:08:12.277Z,1.9
2026-08-06T09:08:27.353Z,1.91
2026-08-06T09:08:47.452Z,1.95
2026-08-06T09:09:02.771Z,1.99
2026-08-06T09:09:22.602Z,1.98
2026-08-06T09:09:42.71Z,2.02
2026-08-06T09:09:57.748Z,2.05
2026-08-06T09:10:17.858Z,2.03
2026-08-06T09:10:32Z,2.1
2026-08-06T09:10:32.981Z,2.1
2026-08-06T09:10:48.12Z,2.11
2026-08-06T09:11:04.668Z,2.12
2026-08-06T09:11:18.256Z,2.17
2026-08-06T09:11:33.329Z,2.17
2026-08-06T09:11:48.36Z,2.13
2026-08-06T09:12:03.536Z,2.13
2026-08-06T09:12:18.543Z,2.15
2026-08-06T09:12:33.61Z,2.15
2026-08-06T09:12:48.646Z,2.18
2026-08-06T09:13:04.397Z,2.19
2026-08-06T09:13:18.876Z,2.2
2026-08-06T09:13:38.944Z,2.21
2026-08-06T09:13:54.047Z,2.23
2026-08-06T09:14:14.119Z,2.26
2026-08-06T09:14:29.245Z,2.27
2026-08-06T09:14:44.25Z,2.28
2026-08-06T09:14:59.324Z,2.33
2026-08-06T09:15:15.983Z,2.33
2026-08-06T09:15:29Z,2.33
2026-08-06T09:15:29.701Z,2.33
2026-08-06T09:15:49.538Z,2.35
2026-08-06T09:16:09.558Z,2.34
2026-08-06T09:16:24.65Z,2.35
2026-08-06T09:16:39.722Z,2.35
2026-08-06T09:16:59.936Z,2.39
2026-08-06T09:17:14.93Z,2.39
2026-08-06T09:17:29.999Z,2.39
2026-08-06T09:17:50.125Z,2.47
2026-08-06T09:18:06.423Z,2.5
2026-08-06T09:18:20.603Z,2.5
2026-08-06T09:18:35.438Z,2.51
2026-08-06T09:18:50.511Z,2.53
2026-08-06T09:19:05.538Z,2.51
2026-08-06T09:19:20.988Z,2.53
2026-08-06T09:19:40.668Z,2.58
2026-08-06T09:19:55.74Z,2.59
2026-08-06T09:20:13.298Z,2.62
2026-08-06T09:20:25Z,2.65
2026-08-06T09:20:26.596Z,2.65
2026-08-06T09:20:40.968Z,2.65
2026-08-06T09:21:02.449Z,2.64
2026-08-06T09:21:16.144Z,2.68
2026-08-06T09:21:31.194Z,2.73
2026-08-06T09:21:46.287Z,2.77
2026-08-06T09:22:02.863Z,2.8
2026-08-06T09:22:21.45Z,2.77
2026-08-06T09:22:36.605Z,2.8
2026-08-06T09:22:51.597Z,2.82
2026-08-06T09:23:06.668Z,2.83
2026-08-06T09:23:21.738Z,2.84
2026-08-06T09:23:36.815Z,2.84
2026-08-06T09:23:52.029Z,2.85
2026-08-06T09:24:07.102Z,2.9
2026-08-06T09:24:22.19Z,2.9
2026-08-06T09:24:42.334Z,2.92
2026-08-06T09:24:57.342Z,2.93
2026-08-06T09:25:14.488Z,2.93
2026-08-06T09:25:27Z,2.96
2026-08-06T09:25:27.512Z,2.96
2026-08-06T09:25:42.603Z,2.97
2026-08-06T09:26:03.043Z,3.0
2026-08-06T09:26:17.727Z,3.0
2026-08-06T09:26:32.806Z,3.06
2026-08-06T09:26:47.88Z,3.1
2026-08-06T09:27:04.991Z,3.05
2026-08-06T09:27:18.343Z,3.11
2026-08-06T09:27:33.097Z,3.12
2026-08-06T09:27:48.236Z,3.11
2026-08-06T09:28:03.304Z,3.14
2026-08-06T09:28:23.407Z,3.17
2026-08-06T09:28:38.534Z,3.16
2026-08-06T09:28:53.562Z,3.17
2026-08-06T09:29:09.253Z,3.14
2026-08-06T09:29:23.682Z,3.2
2026-08-06T09:29:38.738Z,3.32
2026-08-06T09:29:59.543Z,3.33
2026-08-06T09:30:18.879Z,3.32
2026-08-06T09:30:33Z,3.33
2026-08-06T09:30:33.966Z,3.33
2026-08-06T09:30:54.165Z,3.34
2026-08-06T09:31:09.172Z,3.34
2026-08-06T09:31:24.275Z,3.37
2026-08-06T09:31:39.307Z,3.37
2026-08-06T09:31:54.55Z,3.41
2026-08-06T09:32:14.49Z,3.43
2026-08-06T09:32:29.526Z,3.46
2026-08-06T09:32:44.596Z,3.46
2026-08-06T09:32:59.843Z,3.47
2026-08-06T09:33:14.754Z,3.52
2026-08-06T09:33:34.835Z,3.53
2026-08-06T09:33:49.978Z,3.56
2026-08-06T09:34:04.996Z,3.55
2026-08-06T09:34:20.127Z,3.55
2026-08-06T09:34:35.125Z,3.58
2026-08-06T09:34:50.201Z,3.6
2026-08-06T09:35:13.058Z,3.61
2026-08-06T09:35:20.436Z,3.62
2026-08-06T09:35:35Z,3.66
2026-08-06T09:35:37.308Z,3.66
2026-08-06T09:35:50.627Z,3.67
2026-08-06T09:36:05.619Z,3.67
2026-08-06T09:36:25.696Z,3.69
2026-08-06T09:36:40.777Z,3.72
2026-08-06T09:36:55.842Z,3.72
2026-08-06T09:37:15.919Z,3.77
2026-08-06T09:37:31.043Z,3.77
2026-08-06T09:37:46.128Z,3.81
2026-08-06T09:38:02.622Z,3.8
2026-08-06T09:38:16.343Z,3.85
2026-08-06T09:38:31.411Z,3.87
2026-08-06T09:38:46.512Z,3.87
2026-08-06T09:39:04.377Z,3.9
2026-08-06T09:39:16.64Z,3.9
2026-08-06T09:39:36.71Z,3.9
2026-08-06T09:39:56.905Z,3.95
2026-08-06T09:40:13.116Z,3.96
2026-08-06T09:40:26Z,3.98
2026-08-06T09:40:26.973Z,3.98
2026-08-06T09:40:47.041Z,3.99
2026-08-06T09:41:03.432Z,4.01
2026-08-06T09:41:22.202Z,4.06
2026-08-06T09:41:37.282Z,4.06
2026-08-06T09:41:53.481Z,4.07
2026-08-06T09:42:07.475Z,4.07
2026-08-06T09:42:22.553Z,4.13
2026-08-06T09:42:37.631Z,4.11
2026-08-06T09:42:58.017Z,4.11
2026-08-06T09:43:12.786Z,4.15
2026-08-06T09:43:27.858Z,4.18
2026-08-06T09:43:47.948Z,4.2
2026-08-06T09:44:03.051Z,4.22
2026-08-06T09:44:19.928Z,4.2
2026-08-06T09:44:33.234Z,4.23
2026-08-06T09:44:48.283Z,4.23
2026-08-06T09:45:12.964Z,4.25
2026-08-06T09:45:23.505Z,4.27
2026-08-06T09:45:38Z,4.27
2026-08-06T09:45:38.512Z,4.27
2026-08-06T09:45:53.59Z,4.28
2026-08-06T09:46:08.697Z,4.29
2026-08-06T09:46:23.922Z,4.3
2026-08-06T09:46:38.829Z,4.32
2026-08-06T09:46:53.917Z,4.33
2026-08-06T09:47:14.113Z,4.36
2026-08-06T09:47:29.635Z,4.37
2026-08-06T09:47:44.699Z,4.38
2026-08-06T09:47:59.256Z,4.38
2026-08-06T09:48:19.501Z,4.42
2026-08-06T09:48:39.418Z,4.4
2026-08-06T09:48:54.52Z,4.42
2026-08-06T09:49:09.537Z,4.43
2026-08-06T09:49:24.62Z,4.48
2026-08-06T09:49:39.724Z,4.51
2026-08-06T09:49:54.8Z,4.51
2026-08-06T09:50:13.49Z,4.52
2026-08-06T09:50:25.098Z,4.55
2026-08-06T09:50:39Z,4.56
2026-08-06T09:50:40.02Z,4.56
2026-08-06T09:51:00.158Z,4.58
2026-08-06T09:51:20.189Z,4.6
2026-08-06T09:51:35.286Z,4.6
2026-08-06T09:51:55.327Z,4.61
2026-08-06T09:52:10.532Z,4.55
2026-08-06T09:52:25.633Z,4.64
2026-08-06T09:52:45.641Z,4.69
2026-08-06T09:53:02.865Z,4.67
2026-08-06T09:53:20.767Z,4.72
2026-08-06T09:53:36.448Z,4.7
2026-08-06T09:53:50.949Z,4.71
2026-08-06T09:54:11.01Z,4.74
2026-08-06T09:54:26.113Z,4.74
2026-08-06T09:54:41.269Z,4.74
2026-08-06T09:54:56.327Z,4.77
2026-08-06T09:55:16.394Z,4.76
2026-08-06T09:55:31.972Z,4.77
2026-08-06T09:55:46Z,4.78
2026-08-06T09:55:46.586Z,4.78
2026-08-06T09:56:03.013Z,4.78
2026-08-06T09:56:21.737Z,4.81
2026-08-06T09:56:36.835Z,4.84
2026-08-06T09:56:51.888Z,4.83
2026-08-06T09:57:06.994Z,4.86
2026-08-06T09:57:27.09Z,4.89
2026-08-06T09:57:42.226Z,4.89
2026-08-06T09:58:03.312Z,4.91
2026-08-06T09:58:17.451Z,4.91
2026-08-06T09:58:33.164Z,4.93
2026-08-06T09:58:47.507Z,4.93
2026-08-06T09:59:02.635Z,4.98
2026-08-06T09:59:17.838Z,4.99
2026-08-06T09:59:32.752Z,4.96
2026-08-06T09:59:47.823Z,4.96
2026-08-06T10:00:12.775Z,4.95
2026-08-06T10:00:17.981Z,5.0
2026-08-06T10:00:33.195Z,5.01
2026-08-06T10:00:47Z,5.01
2026-08-06T10:00:48.264Z,5.01
2026-08-06T10:01:03.586Z,5.03
2026-08-06T10:01:18.675Z,5.05
2026-08-06T10:01:33.505Z,5.09
2026-08-06T10:01:48.597Z,5.07
2026-08-06T10:02:08.657Z,5.08
2026-08-06T10:02:24.674Z,5.1
2026-08-06T10:02:38.792Z,5.1
2026-08-06T10:02:53.883Z,5.12
2026-08-06T10:03:14.013Z,5.12
2026-08-06T10:03:34.1Z,5.14
2026-08-06T10:03:49.183Z,5.15
2026-08-06T10:04:04.814Z,5.16
2026-08-06T10:04:24.373Z,5.17
2026-08-06T10:04:39.433Z,5.19
2026-08-06T10:04:54.479Z,5.23
2026-08-06T10:05:13.012Z,5.22
2026-08-06T10:05:29.645Z,5.23
2026-08-06T10:05:44Z,5.29
2026-08-06T10:05:44.736Z,5.29
2026-08-06T10:05:59.839Z,5.29
2026-08-06T10:06:19.963Z,5.28
2026-08-06T10:06:35.008Z,5.3
2026-08-06T10:06:50.14Z,5.3
2026-08-06T10:07:05.15Z,5.32
2026-08-06T10:07:20.24Z,5.31
2026-08-06T10:07:40.366Z,5.3
2026-08-06T10:08:00.394Z,5.38
2026-08-06T10:08:16.415Z,5.4
2026-08-06T10:08:30.574Z,5.4
2026-08-06T10:08:50.644Z,5.42
2026-08-06T10:09:06.108Z,5.42
2026-08-06T10:09:21.004Z,5.45
2026-08-06T10:09:35.839Z,5.45
2026-08-06T10:09:50.928Z,5.45
2026-08-06T10:10:11.309Z,5.51
2026-08-06T10:10:26.091Z,5.51
2026-08-06T10:10:40Z,5.53
2026-08-06T10:10:41.15Z,5.53
2026-08-06T10:10:56.234Z,5.53
2026-08-06T10:11:11.313Z,5.55
2026-08-06T10:11:31.375Z,5.56
2026-08-06T10:11:51.436Z,5.6
2026-08-06T10:12:06.524Z,5.62
2026-08-06T10:12:23.508Z,5.7
2026-08-06T10:12:36.693Z,5.7
2026-08-06T10:12:56.756Z,5.72
2026-08-06T10:13:11.829Z,5.72
2026-08-06T10:13:31.914Z,5.72
2026-08-06T10:13:46.979Z,5.72
2026-08-06T10:14:03.467Z,5.75
2026-08-06T10:14:17.307Z,5.77
2026-08-06T10:14:32.213Z,5.77
2026-08-06T10:14:52.295Z,5.78
2026-08-06T10:15:12.409Z,5.79
2026-08-06T10:15:33.354Z,5.85
2026-08-06T10:15:52Z,5.86
2026-08-06T10:15:52.613Z,5.86
2026-08-06T10:16:07.672Z,5.88
2026-08-06T10:16:22.716Z,5.88
2026-08-06T10:16:37.798Z,5.9
2026-08-06T10:16:52.884Z,5.93
2026-08-06T10:17:07.974Z,5.97
2026-08-06T10:17:23.063Z,5.98
2026-08-06T10:17:38.115Z,5.98
2026-08-06T10:17:53.219Z,5.97
2026-08-06T10:18:08.286Z,5.97
2026-08-06T10:18:23.401Z,5.98
2026-08-06T10:18:43.453Z,6.0
2026-08-06T10:18:58.539Z,6.04
2026-08-06T10:19:13.983Z,6.05
2026-08-06T10:19:33.895Z,6.05
2026-08-06T10:19:53.752Z,6.05
2026-08-06T10:20:11.772Z,6.07
2026-08-06T10:20:24.133Z,6.13
2026-08-06T10:20:39.052Z,6.15
2026-08-06T10:20:53Z,6.15
2026-08-06T10:20:54.068Z,6.15
2026-08-06T10:21:09.142Z,6.17
2026-08-06T10:21:24.238Z,6.22
2026-08-06T10:21:39.316Z,6.24
2026-08-06T10:21:54.482Z,6.24
2026-08-06T10:22:14.459Z,6.25
2026-08-06T10:22:29.529Z,6.29
2026-08-06T10:22:46.69Z,6.31
2026-08-06T10:22:59.745Z,6.31
2026-08-06T10:23:14.829Z,6.3
2026-08-06T10:23:29.901Z,6.3
2026-08-06T10:23:49.99Z,6.34
2026-08-06T10:24:05.108Z,6.35
2026-08-06T10:24:20.147Z,6.35
2026-08-06T10:24:35.199Z,6.38
2026-08-06T10:24:51.264Z,6.42
2026-08-06T10:25:11.647Z,6.45
2026-08-06T10:25:25.488Z,6.46
2026-08-06T10:25:40Z,6.49
2026-08-06T10:25:41.766Z,6.49
2026-08-06T10:26:02.526Z,6.5
2026-08-06T10:26:15.71Z,6.52
2026-08-06T10:26:35.795Z,6.4
2026-08-06T10:26:51.104Z,6.4
2026-08-06T10:27:10.986Z,6.46
2026-08-06T10:27:27.305Z,6.45
2026-08-06T10:27:41.357Z,6.46
2026-08-06T10:27:56.192Z,6.48
2026-08-06T10:28:16.251Z,6.5
2026-08-06T10:28:31.36Z,6.5
2026-08-06T10:28:46.42Z,6.58
2026-08-06T10:29:04.821Z,6.6
2026-08-06T10:29:16.592Z,6.66
2026-08-06T10:29:31.654Z,6.67
2026-08-06T10:29:46.755Z,6.69
2026-08-06T10:30:09.089Z,6.69
2026-08-06T10:30:16.984Z,6.7
2026-08-06T10:30:32.023Z,6.71
2026-08-06T10:30:46Z,6.74
2026-08-06T10:30:47.094Z,6.74
2026-08-06T10:31:05.363Z,6.74
2026-08-06T10:31:17.24Z,6.76
2026-08-06T10:31:37.311Z,6.75
2026-08-06T10:31:52.783Z,6.75
2026-08-06T10:32:07.455Z,6.75
2026-08-06T10:32:22.55Z,6.79
2026-08-06T10:32:37.67Z,6.81
2026-08-06T10:32:57.689Z,6.83
2026-08-06T10:33:12.79Z,6.85
2026-08-06T10:33:32.873Z,6.86
2026-08-06T10:33:52.945Z,6.88
2026-08-06T10:34:13.607Z,6.91
2026-08-06T10:34:28.068Z,6.91
2026-08-06T10:34:48.171Z,6.9
2026-08-06T10:35:12.213Z,6.92
2026-08-06T10:35:28.396Z,6.91
2026-08-06T10:35:43.469Z,6.91
2026-08-06T10:35:58Z,6.92
2026-08-06T10:35:58.546Z,6.92
2026-08-06T10:36:13.592Z,6.96
2026-08-06T10:36:33.731Z,7.01
2026-08-06T10:36:48.788Z,7.03
2026-08-06T10:37:04.971Z,7.05
2026-08-06T10:37:23.909Z,7.05
2026-08-06T10:37:39.054Z,7.05
2026-08-06T10:37:54.096Z,7.05
2026-08-06T10:38:09.187Z,7.08
2026-08-06T10:38:29.268Z,7.06
2026-08-06T10:38:44.335Z,7.04
2026-08-06T10:38:59.411Z,7.04
2026-08-06T10:39:14.492Z,7.07
2026-08-06T10:39:30.037Z,7.05
2026-08-06T10:39:44.644Z,7.05
2026-08-06T10:40:12.089Z,7.14
2026-08-06T10:40:24.9Z,7.16
2026-08-06T10:40:39.953Z,7.08
2026-08-06T10:40:54Z,7.04
2026-08-06T10:40:55.01Z,7.04
2026-08-06T10:41:10.132Z,7.06
2026-08-06T10:41:25.235Z,7.06
2026-08-06T10:41:40.275Z,7.12
2026-08-06T10:41:55.337Z,7.17
2026-08-06T10:42:10.409Z,7.2
2026-08-06T10:42:30.513Z,7.2
2026-08-06T10:42:50.654Z,7.16
2026-08-06T10:43:05.751Z,7.16
2026-08-06T10:43:25.78Z,7.19
2026-08-06T10:43:40.877Z,7.26
2026-08-06T10:43:55.948Z,7.27
2026-08-06T10:44:11.016Z,7.27
2026-08-06T10:44:26.107Z,7.3
2026-08-06T10:44:41.167Z,7.31
2026-08-06T10:44:56.248Z,7.33
2026-08-06T10:45:12.297Z,7.34
2026-08-06T10:45:26.458Z,7.35
2026-08-06T10:45:41.473Z,7.35
2026-08-06T10:45:56Z,7.34
2026-08-06T10:45:56.611Z,7.34
2026-08-06T10:46:11.649Z,7.35
2026-08-06T10:46:32.149Z,7.45
2026-08-06T10:46:46.773Z,7.45
2026-08-06T10:47:06.85Z,7.42
2026-08-06T10:47:21.935Z,7.37
2026-08-06T10:47:37.025Z,7.35
2026-08-06T10:47:57.104Z,7.36
2026-08-06T10:48:12.191Z,7.37
2026-08-06T10:48:27.265Z,7.41
2026-08-06T10:48:42.37Z,7.46
2026-08-06T10:48:57.419Z,7.48
2026-08-06T10:49:12.499Z,7.49
2026-08-06T10:49:32.595Z,7.49
2026-08-06T10:49:52.646Z,7.5
2026-08-06T10:50:13.245Z,7.48
2026-08-06T10:50:27.856Z,7.49
2026-08-06T10:50:47Z,7.49
2026-08-06T10:50:47.913Z,7.49
2026-08-06T10:51:09.103Z,7.6
2026-08-06T10:51:24.312Z,7.64
2026-08-06T10:51:38.219Z,7.64
2026-08-06T10:51:53.283Z,7.7
2026-08-06T10:52:09.18Z,7.69
2026-08-06T10:52:24.598Z,7.72
2026-08-06T10:52:38.817Z,7.73
2026-08-06T10:52:53.587Z,7.72
2026-08-06T10:53:13.707Z,7.74
2026-08-06T10:53:31.804Z,7.74
2026-08-06T10:53:44.05Z,7.74
2026-08-06T10:53:58.984Z,7.76
2026-08-06T10:54:14.014Z,7.75
2026-08-06T10:54:29.738Z,7.76
2026-08-06T10:54:49.175Z,7.75
2026-08-06T10:55:10.426Z,7.75
2026-08-06T10:55:19.305Z,7.72
2026-08-06T10:55:34.347Z,7.71
2026-08-06T10:55:54Z,7.76
2026-08-06T10:55:54.447Z,7.76
2026-08-06T10:56:09.508Z,7.82
2026-08-06T10:56:24.614Z,7.84
2026-08-06T10:56:39.686Z,7.85
2026-08-06T10:56:59.78Z,7.87
2026-08-06T10:57:14.818Z,7.88
2026-08-06T10:57:29.994Z,7.87
2026-08-06T10:57:45.045Z,7.83
2026-08-06T10:58:06.032Z,7.75
2026-08-06T10:58:25.198Z,7.76
2026-08-06T10:58:45.263Z,7.78
2026-08-06T10:59:00.367Z,7.77
2026-08-06T10:59:16.203Z,7.81
2026-08-06T10:59:30.515Z,7.88
2026-08-06T10:59:45.585Z,7.92
2026-08-06T11:00:10.17Z,7.92
2026-08-06T11:00:16.529Z,7.95
2026-08-06T11:00:30.903Z,7.96
2026-08-06T11:00:45.942Z,7.99
2026-08-06T11:01:05Z,7.98
2026-08-06T11:01:05.972Z,7.98
2026-08-06T11:01:23.899Z,8.03
2026-08-06T11:01:36.11Z,8.06
2026-08-06T11:01:56.194Z,8.07
2026-08-06T11:02:12.102Z,8.1
2026-08-06T11:02:26.588Z,8.1
2026-08-06T11:02:41.639Z,8.1
2026-08-06T11:02:56.765Z,8.09
2026-08-06T11:03:12.005Z,8.08
2026-08-06T11:03:27.075Z,8.08
2026-08-06T11:03:42.199Z,8.08
2026-08-06T11:04:05.087Z,8.12
2026-08-06T11:04:22.313Z,8.18
2026-08-06T11:04:37.409Z,8.18
2026-08-06T11:04:52.463Z,8.16
2026-08-06T11:05:11.757Z,8.16
2026-08-06T11:05:22.618Z,8.18
2026-08-06T11:05:37.714Z,8.18
2026-08-06T11:05:52.776Z,8.19
2026-08-06T11:06:07Z,8.2
2026-08-06T11:06:07.856Z,8.2
2026-08-06T11:06:27.928Z,8.23
2026-08-06T11:06:43Z,8.23
2026-08-06T11:06:58.125Z,8.24
2026-08-06T11:07:19.263Z,8.27
2026-08-06T11:07:38.245Z,8.26
2026-08-06T11:07:53.3Z,8.27
2026-08-06T11:08:09.385Z,8.29
2026-08-06T11:08:23.484Z,8.29
2026-08-06T11:08:43.553Z,8.3
2026-08-06T11:08:58.627Z,8.3
2026-08-06T11:09:13.742Z,8.3
2026-08-06T11:09:28.77Z,8.3
2026-08-06T11:09:44.097Z,8.32
2026-08-06T11:09:59.182Z,8.36
2026-08-06T11:10:18.984Z,8.36
2026-08-06T11:10:34.089Z,8.29
2026-08-06T11:10:49.163Z,8.28
2026-08-06T11:11:08Z,8.34
2026-08-06T11:11:09.239Z,8.34
2026-08-06T11:11:24.316Z,8.33
2026-08-06T11:11:39.395Z,8.32
2026-08-06T11:12:00.149Z,8.31
2026-08-06T11:12:14.606Z,8.4
2026-08-06T11:12:29.672Z,8.41
2026-08-06T11:12:49.823Z,8.4
2026-08-06T11:13:09.825Z,8.38
2026-08-06T11:13:29.918Z,8.38
2026-08-06T11:13:44.984Z,8.39
2026-08-06T11:14:00.077Z,8.39
2026-08-06T11:14:15.16Z,8.38
2026-08-06T11:14:30.246Z,8.38
2026-08-06T11:14:45.372Z,8.35
2026-08-06T11:15:10.701Z,8.34
2026-08-06T11:15:20.529Z,8.41
2026-08-06T11:15:36.611Z,8.48
2026-08-06T11:15:55.711Z,8.48
2026-08-06T11:16:10Z,8.5
2026-08-06T11:16:10.76Z,8.5
2026-08-06T11:16:25.843Z,8.46
2026-08-06T11:16:45.91Z,8.52
2026-08-06T11:17:02.806Z,8.56
2026-08-06T11:17:16.152Z,8.55
2026-08-06T11:17:37.884Z,8.55
2026-08-06T11:17:56.238Z,8.59
2026-08-06T11:18:11.278Z,8.58
2026-08-06T11:18:32.291Z,8.63
2026-08-06T11:18:46.448Z,8.63
2026-08-06T11:19:02.815Z,8.68
2026-08-06T11:19:21.618Z,8.69
2026-08-06T11:19:36.69Z,8.69
2026-08-06T11:19:51.769Z,8.7
2026-08-06T11:20:12.076Z,8.7
2026-08-06T11:20:21.929Z,8.66
2026-08-06T11:20:43.82Z,8.68
2026-08-06T11:20:56Z,8.68
2026-08-06T11:20:57.127Z,8.68
2026-08-06T11:21:17.234Z,8.68
2026-08-06T11:21:37.758Z,8.62
2026-08-06T11:21:53.224Z,8.62
2026-08-06T11:22:07.439Z,8.62
2026-08-06T11:22:22.505Z,8.61
2026-08-06T11:22:37.648Z,8.61
2026-08-06T11:22:52.682Z,8.69
2026-08-06T11:23:08.237Z,8.69
2026-08-06T11:23:22.813Z,8.69
2026-08-06T11:23:37.895Z,8.72
2026-08-06T11:23:53.041Z,8.72
2026-08-06T11:24:08.1Z,8.79
2026-08-06T11:24:23.137Z,8.81
2026-08-06T11:24:43.229Z,8.77
2026-08-06T11:25:11.583Z,8.78
2026-08-06T11:25:23.404Z,8.77
2026-08-06T11:25:38.514Z,8.77
2026-08-06T11:25:53.523Z,8.77
2026-08-06T11:26:08Z,8.79
2026-08-06T11:26:08.587Z,8.79
2026-08-06T11:26:23.665Z,8.76
2026-08-06T11:26:38.753Z,8.75
2026-08-06T11:26:54.296Z,8.74
2026-08-06T11:27:08.965Z,8.76
2026-08-06T11:27:24.083Z,8.73
2026-08-06T11:27:39.121Z,8.79
2026-08-06T11:27:59.21Z,8.81
2026-08-06T11:28:14.971Z,8.85
2026-08-06T11:28:34.395Z,8.85
2026-08-06T11:28:49.503Z,8.86
2026-08-06T11:29:04.517Z,8.86
2026-08-06T11:29:19.605Z,8.84
2026-08-06T11:29:34.675Z,8.81
2026-08-06T11:29:49.864Z,8.83
2026-08-06T11:30:10.937Z,8.84
2026-08-06T11:30:19.912Z,8.88
2026-08-06T11:30:40.314Z,8.88
2026-08-06T11:30:59Z,8.92
2026-08-06T11:31:00.04Z,8.92
2026-08-06T11:31:20.143Z,8.94
2026-08-06T11:31:35.219Z,8.94
2026-08-06T11:31:50.303Z,8.93
2026-08-06T11:32:05.384Z,8.89
2026-08-06T11:32:20.438Z,8.9
2026-08-06T11:32:35.547Z,8.9
2026-08-06T11:32:50.877Z,8.92
2026-08-06T11:33:05.666Z,8.93
2026-08-06T11:33:25.77Z,8.96
2026-08-06T11:33:40.834Z,8.97
2026-08-06T11:33:55.929Z,8.95
2026-08-06T11:34:10.985Z,8.93
2026-08-06T11:34:31.074Z,8.97
2026-08-06T11:34:46.116Z,8.97
2026-08-06T11:35:11.17Z,9.02
2026-08-06T11:35:16.285Z,8.96
2026-08-06T11:35:31.475Z,8.93
2026-08-06T11:35:46.443Z,8.93
2026-08-06T11:36:02.883Z,8.95
2026-08-06T11:36:16Z,8.95
2026-08-06T11:36:16.593Z,8.95
2026-08-06T11:36:31.728Z,8.89
2026-08-06T11:36:46.933Z,9.0
2026-08-06T11:37:02.879Z,9.05
2026-08-06T11:37:16.957Z,9.07
2026-08-06T11:37:32.018Z,9.06
2026-08-06T11:37:47.438Z,9.06
2026-08-06T11:38:03.108Z,9.03
2026-08-06T11:38:17.231Z,8.99
2026-08-06T11:38:34.28Z,8.99
2026-08-06T11:38:47.388Z,8.96
2026-08-06T11:39:07.44Z,8.85
2026-08-06T11:39:22.509Z,8.85
2026-08-06T11:39:42.608Z,8.79
2026-08-06T11:40:11.248Z,8.49
2026-08-06T11:40:17.761Z,8.47
2026-08-06T11:40:32.836Z,8.37
2026-08-06T11:40:47.942Z,8.23
2026-08-06T11:41:03.356Z,8.08
2026-08-06T11:41:17Z,8.08
2026-08-06T11:41:18.072Z,8.08
2026-08-06T11:41:37.91Z,7.88
2026-08-06T11:41:48.241Z,7.76
2026-08-06T11:42:03.288Z,7.59
2026-08-06T11:42:23.386Z,7.57
2026-08-06T11:42:43.49Z,7.42
2026-08-06T11:42:58.549Z,7.27
2026-08-06T11:43:13.691Z,7.19
2026-08-06T11:43:28.785Z,7.06
2026-08-06T11:43:43.999Z,7.03
2026-08-06T11:43:58.955Z,6.97
2026-08-06T11:44:14.068Z,6.91
2026-08-06T11:44:35.854Z,6.76
2026-08-06T11:44:51.314Z,6.72
2026-08-06T11:45:13.629Z,6.72
2026-08-06T11:45:19.397Z,6.58
2026-08-06T11:45:34.51Z,6.58
2026-08-06T11:45:50.564Z,6.44
2026-08-06T11:46:09Z,6.37
2026-08-06T11:46:09.528Z,6.37
2026-08-06T11:46:34.741Z,6.29
2026-08-06T11:46:39.903Z,6.22
2026-08-06T11:46:54.868Z,6.19
2026-08-06T11:47:09.875Z,6.07
2026-08-06T11:47:29.921Z,6.07
2026-08-06T11:47:44.995Z,5.97
2026-08-06T11:48:00.591Z,5.9
2026-08-06T11:48:15.218Z,5.87
2026-08-06T11:48:30.277Z,5.83
2026-08-06T11:48:45.364Z,5.79
2026-08-06T11:49:00.444Z,5.75
2026-08-06T11:49:15.537Z,5.72
2026-08-06T11:49:35.592Z,5.68
2026-08-06T11:49:55.749Z,5.64
2026-08-06T11:50:12.854Z,5.64
2026-08-06T11:50:30.823Z,5.58
2026-08-06T11:50:45.916Z,5.57
2026-08-06T11:51:06.029Z,5.54
2026-08-06T11:51:20Z,5.52
2026-08-06T11:51:21.157Z,5.52
2026-08-06T11:51:36.21Z,5.5
2026-08-06T11:51:51.287Z,5.48
2026-08-06T11:52:06.367Z,5.47
2026-08-06T11:52:21.444Z,5.46
2026-08-06T11:52:41.548Z,5.45
2026-08-06T11:52:56.635Z,5.44
2026-08-06T11:53:11.696Z,5.43
2026-08-06T11:53:26.757Z,5.44
2026-08-06T11:53:42.085Z,5.44
2026-08-06T11:53:57.472Z,5.44
2026-08-06T11:54:12.01Z,5.44
2026-08-06T11:54:27.086Z,5.4
2026-08-06T11:54:42.184Z,5.38
2026-08-06T11:54:57.913Z,5.42
2026-08-06T11:55:17.322Z,5.37
2026-08-06T11:55:32.419Z,5.34
2026-08-06T11:55:47.512Z,5.34
2026-08-06T11:56:03.72Z,5.47
2026-08-06T11:56:17Z,5.47
2026-08-06T11:56:17.647Z,5.47
2026-08-06T11:56:32.729Z,5.46
2026-08-06T11:56:52.788Z,5.44
2026-08-06T11:57:07.885Z,5.44
2026-08-06T11:57:23.694Z,5.47
2026-08-06T11:57:38.032Z,5.47
2026-08-06T11:57:53.107Z,5.51
2026-08-06T11:58:13.183Z,5.51
2026-08-06T11:58:33.264Z,5.52
2026-08-06T11:58:48.36Z,5.55
2026-08-06T11:59:04.408Z,5.54
2026-08-06T11:59:20.548Z,5.55
2026-08-06T11:59:33.565Z,5.52
2026-08-06T11:59:48.654Z,5.56
2026-08-06T12:00:09.144Z,5.57
2026-08-06T12:00:20.228Z,5.6
2026-08-06T12:00:33.933Z,5.61
2026-08-06T12:00:48.965Z,5.63
2026-08-06T12:01:04.048Z,5.66
2026-08-06T12:01:18Z,5.69
2026-08-06T12:01:19.143Z,5.69
2026-08-06T12:01:34.209Z,5.7
2026-08-06T12:01:54.469Z,5.72
2026-08-06T12:02:11.236Z,5.72
2026-08-06T12:02:24.451Z,5.72
2026-08-06T12:02:44.738Z,5.74
2026-08-06T12:02:59.61Z,5.78
2026-08-06T12:03:14.685Z,5.8
2026-08-06T12:03:29.828Z,5.82
2026-08-06T12:03:44.894Z,5.82
2026-08-06T12:04:00.13Z,5.86
2026-08-06T12:04:20.028Z,5.81
2026-08-06T12:04:35.137Z,5.85
2026-08-06T12:04:50.396Z,5.95
2026-08-06T12:05:12.343Z,5.95
2026-08-06T12:05:20.346Z,5.95
2026-08-06T12:05:35.416Z,5.99
2026-08-06T12:05:55.73Z,5.98
2026-08-06T12:06:10Z,5.99
2026-08-06T12:06:10.648Z,5.99
2026-08-06T12:06:30.766Z,6.01
2026-08-06T12:06:50.867Z,6.01
2026-08-06T12:07:05.918Z,6.12
2026-08-06T12:07:26.003Z,6.1
2026-08-06T12:07:41.082Z,6.1
2026-08-06T12:07:56.103Z,6.14
2026-08-06T12:08:11.172Z,6.16
2026-08-06T12:08:26.274Z,6.16
2026-08-06T12:08:41.337Z,6.18
2026-08-06T12:08:56.473Z,6.19
2026-08-06T12:09:11.561Z,6.22
2026-08-06T12:09:26.57Z,6.22
2026-08-06T12:09:41.633Z,6.22
2026-08-06T12:09:56.77Z,6.28
2026-08-06T12:10:16.793Z,6.29
2026-08-06T12:10:32.147Z,6.36
2026-08-06T12:10:46.996Z,6.37
2026-08-06T12:11:02.933Z,6.39
2026-08-06T12:11:16Z,6.39
2026-08-06T12:11:17.13Z,6.39
2026-08-06T12:11:32.2Z,6.43
2026-08-06T12:11:47.299Z,6.45
2026-08-06T12:12:03.475Z,6.53
2026-08-06T12:12:17.43Z,6.53
2026-08-06T12:12:32.522Z,6.53
2026-08-06T12:12:52.589Z,6.56
2026-08-06T12:13:07.675Z,6.57
2026-08-06T12:13:23.914Z,6.63
2026-08-06T12:13:37.993Z,6.65
2026-08-06T12:13:53.148Z,6.66
2026-08-06T12:14:09.362Z,6.64
2026-08-06T12:14:24.301Z,6.69
2026-08-06T12:14:38.269Z,6.73
2026-08-06T12:14:53.384Z,6.69
2026-08-06T12:15:12.756Z,6.74
2026-08-06T12:15:23.539Z,6.76
2026-08-06T12:15:38.58Z,6.79
2026-08-06T12:15:53.672Z,6.8
2026-08-06T12:16:08.756Z,6.82
2026-08-06T12:16:23Z,6.85
2026-08-06T12:16:23.917Z,6.85
2026-08-06T12:16:38.884Z,6.86
2026-08-06T12:16:53.964Z,6.86
2026-08-06T12:17:09.042Z,6.91
2026-08-06T12:17:24.211Z,6.92
2026-08-06T12:17:39.281Z,6.95
2026-08-06T12:17:59.364Z,6.97
2026-08-06T12:18:14.47Z,6.97
2026-08-06T12:18:29.603Z,7.0
2026-08-06T12:18:44.735Z,7.0
2026-08-06T12:18:59.761Z,7.04
2026-08-06T12:19:15.245Z,7.07
2026-08-06T12:19:29.914Z,7.07
2026-08-06T12:19:44.985Z,7.12
2026-08-06T12:20:00.072Z,7.14
2026-08-06T12:20:15.219Z,7.18
2026-08-06T12:20:30.204Z,7.11
2026-08-06T12:20:45.392Z,7.14
2026-08-06T12:21:05.452Z,7.23
2026-08-06T12:21:25Z,7.3
2026-08-06T12:21:25.526Z,7.3
2026-08-06T12:21:40.595Z,7.31
2026-08-06T12:21:55.69Z,7.33
2026-08-06T12:22:10.77Z,7.34
2026-08-06T12:22:25.857Z,7.35
2026-08-06T12:22:40.942Z,7.38
2026-08-06T12:22:56.015Z,7.41
2026-08-06T12:23:11.081Z,7.42
2026-08-06T12:23:26.153Z,7.5
2026-08-06T12:23:46.228Z,7.49
2026-08-06T12:24:02.53Z,7.49
2026-08-06T12:24:16.389Z,7.53
2026-08-06T12:24:31.499Z,7.53
2026-08-06T12:24:46.554Z,7.47
2026-08-06T12:25:11.406Z,7.52
2026-08-06T12:25:17.23Z,7.53
2026-08-06T12:25:31.813Z,7.55
2026-08-06T12:25:46.84Z,7.56
2026-08-06T12:26:02.691Z,7.54
2026-08-06T12:26:17.093Z,7.54
2026-08-06T12:26:31Z,7.61
2026-08-06T12:26:32.1Z,7.61
2026-08-06T12:26:47.176Z,7.68
2026-08-06T12:27:07.348Z,7.66
2026-08-06T12:27:22.458Z,7.68
2026-08-06T12:27:37.546Z,7.77
2026-08-06T12:27:57.628Z,7.77
2026-08-06T12:28:14.574Z,7.77
2026-08-06T12:28:32.809Z,7.8
2026-08-06T12:28:47.873Z,7.86
2026-08-06T12:29:07.973Z,7.86
2026-08-06T12:29:23.06Z,7.88
2026-08-06T12:29:38.104Z,7.82
2026-08-06T12:29:53.195Z,7.8
2026-08-06T12:30:10.377Z,7.8
2026-08-06T12:30:23.345Z,7.81
2026-08-06T12:30:39.311Z,7.84
2026-08-06T12:30:53.933Z,7.84
2026-08-06T12:31:08.61Z,7.85
2026-08-06T12:31:23Z,7.88
2026-08-06T12:31:23.739Z,7.88
2026-08-06T12:31:38.92Z,7.87
2026-08-06T12:31:54Z,7.87
2026-08-06T12:32:09.066Z,7.86
2026-08-06T12:32:24.176Z,7.82
2026-08-06T12:32:39.882Z,7.89
2026-08-06T12:32:59.296Z,7.89
2026-08-06T12:33:14.443Z,7.95
2026-08-06T12:33:29.482Z,7.95
2026-08-06T12:33:49.996Z,7.94
2026-08-06T12:34:04.688Z,7.98
2026-08-06T12:34:19.7Z,7.98
2026-08-06T12:34:35.78Z,7.93
2026-08-06T12:34:54.911Z,7.94
2026-08-06T12:35:14.942Z,7.96
2026-08-06T12:35:30.003Z,7.96
2026-08-06T12:35:45.088Z,7.97
2026-08-06T12:36:02.143Z,8.05
2026-08-06T12:36:15.264Z,8.05
2026-08-06T12:36:29Z,8.05
2026-08-06T12:36:30.307Z,8.05
2026-08-06T12:36:51.791Z,8.07
2026-08-06T12:37:10.465Z,8.11
2026-08-06T12:37:25.549Z,8.07
2026-08-06T12:37:45.642Z,8.07
2026-08-06T12:38:02.806Z,8.11
2026-08-06T12:38:15.851Z,8.1
2026-08-06T12:38:30.924Z,8.09
2026-08-06T12:38:50.997Z,8.1
2026-08-06T12:39:06.074Z,8.1
2026-08-06T12:39:26.189Z,8.11
2026-08-06T12:39:46.227Z,8.17
2026-08-06T12:40:11.822Z,8.19
2026-08-06T12:40:16.426Z,8.25
2026-08-06T12:40:31.476Z,8.26
2026-08-06T12:40:51.557Z,8.26
2026-08-06T12:41:06.611Z,8.26
2026-08-06T12:41:21.697Z,8.27
2026-08-06T12:41:36Z,8.27
2026-08-06T12:41:36.787Z,8.27
2026-08-06T12:41:51.853Z,8.26
2026-08-06T12:42:08.472Z,8.28
2026-08-06T12:42:27.01Z,8.28
2026-08-06T12:42:42.097Z,8.24
2026-08-06T12:42:57.172Z,8.22
2026-08-06T12:43:12.242Z,8.23
2026-08-06T12:43:32.621Z,8.23
2026-08-06T12:43:52.382Z,8.25
2026-08-06T12:44:07.467Z,8.25
2026-08-06T12:44:23.371Z,8.24
2026-08-06T12:44:37.622Z,8.26
2026-08-06T12:44:52.746Z,8.27
2026-08-06T12:45:11.869Z,8.25
2026-08-06T12:45:22.876Z,8.27
2026-08-06T12:45:43.445Z,8.28
2026-08-06T12:46:03.035Z,8.28
2026-08-06T12:46:18.081Z,8.3
2026-08-06T12:46:32Z,8.37
2026-08-06T12:46:33.241Z,8.37
2026-08-06T12:46:48.839Z,8.38
2026-08-06T12:47:03.375Z,8.38
2026-08-06T12:47:23.441Z,8.33
2026-08-06T12:47:43.558Z,8.34
2026-08-06T12:47:58.615Z,8.36
2026-08-06T12:48:13.83Z,8.35
2026-08-06T12:48:28.846Z,8.33
2026-08-06T12:48:45.045Z,8.36
2026-08-06T12:48:59.494Z,8.38
2026-08-06T12:49:14.025Z,8.38
2026-08-06T12:49:29.199Z,8.38
2026-08-06T12:49:44.183Z,8.39
2026-08-06T12:50:12.406Z,8.39
2026-08-06T12:50:19.337Z,8.4
2026-08-06T12:50:34.426Z,8.41
2026-08-06T12:50:49.509Z,8.39
2026-08-06T12:51:09.582Z,8.4
2026-08-06T12:51:29Z,8.42
2026-08-06T12:51:29.702Z,8.42
2026-08-06T12:51:45.194Z,8.44
2026-08-06T12:52:04.831Z,8.44
2026-08-06T12:52:20.129Z,8.5
2026-08-06T12:52:35.016Z,8.49
2026-08-06T12:52:50.315Z,8.49
2026-08-06T12:53:05.158Z,8.49
2026-08-06T12:53:20.229Z,8.51
2026-08-06T12:53:35.301Z,8.52
2026-08-06T12:53:50.407Z,8.53
2026-08-06T12:54:05.48Z,8.52
2026-08-06T12:54:20.508Z,8.54
2026-08-06T12:54:35.604Z,8.54
2026-08-06T12:54:50.676Z,8.57
2026-08-06T12:55:11.5Z,8.57
2026-08-06T12:55:25.919Z,8.59
2026-08-06T12:55:41.012Z,8.6
2026-08-06T12:56:04.237Z,8.61
2026-08-06T12:56:16.147Z,8.62
2026-08-06T12:56:35Z,8.66
2026-08-06T12:56:37.663Z,8.66
2026-08-06T12:56:56.63Z,8.67
2026-08-06T12:57:12.189Z,8.72
2026-08-06T12:57:26.483Z,8.72
2026-08-06T12:57:46.506Z,8.72
2026-08-06T12:58:07.272Z,8.91
2026-08-06T12:58:22.705Z,8.98
2026-08-06T12:58:36.804Z,8.98
2026-08-06T12:58:51.811Z,9.02
2026-08-06T12:59:06.916Z,9.03
2026-08-06T12:59:26.969Z,9.01
2026-08-06T12:59:42.05Z,8.99
2026-08-06T12:59:58.123Z,8.95
2026-08-06T13:00:12.265Z,8.89
2026-08-06T13:00:27.277Z,8.85
2026-08-06T13:00:42.414Z,8.8
2026-08-06T13:00:57.435Z,8.8
2026-08-06T13:01:17.552Z,8.64
2026-08-06T13:01:37Z,8.53
2026-08-06T13:01:37.592Z,8.53
2026-08-06T13:02:06.257Z,8.52
2026-08-06T13:02:10.04Z,8.39
2026-08-06T13:02:27.901Z,8.31
2026-08-06T13:02:42.957Z,8.23
2026-08-06T13:02:58.03Z,8.15
2026-08-06T13:03:13.108Z,8.06
2026-08-06T13:03:28.195Z,7.96
2026-08-06T13:03:43.417Z,7.9
2026-08-06T13:03:58.555Z,7.83
2026-08-06T13:04:13.542Z,7.75
2026-08-06T13:04:33.6Z,7.7
2026-08-06T13:04:48.707Z,7.54
2026-08-06T13:05:09.356Z,7.46
2026-08-06T13:05:23.886Z,7.34
2026-08-06T13:05:45.178Z,7.31
2026-08-06T13:05:59.057Z,7.19
2026-08-06T13:06:14.106Z,7.16
2026-08-06T13:06:33Z,7.07
2026-08-06T13:06:34.236Z,7.07
2026-08-06T13:06:52.903Z,7.01
2026-08-06T13:07:04.319Z,6.96
2026-08-06T13:07:19.463Z,6.92
2026-08-06T13:07:40.014Z,6.82
2026-08-06T13:08:00.004Z,6.74
2026-08-06T13:08:14.597Z,6.7
2026-08-06T13:08:29.848Z,6.65
2026-08-06T13:08:49.764Z,6.59
2026-08-06T13:09:04.815Z,6.52
2026-08-06T13:09:24.922Z,6.47
2026-08-06T13:09:40.27Z,6.37
2026-08-06T13:10:00.116Z,6.37
2026-08-06T13:10:15.181Z,6.27
2026-08-06T13:10:30.263Z,6.21
2026-08-06T13:10:45.324Z,6.16
2026-08-06T13:11:05.404Z,6.14
2026-08-06T13:11:25.43Z,6.07
2026-08-06T13:11:45Z,6.01
2026-08-06T13:11:46.134Z,6.01
2026-08-06T13:12:07.183Z,6.01
2026-08-06T13:12:15.747Z,5.98
2026-08-06T13:12:30.827Z,5.96
2026-08-06T13:12:45.894Z,5.94
2026-08-06T13:13:02.568Z,5.94
2026-08-06T13:13:16.068Z,5.93
2026-08-06T13:13:31.16Z,5.93
2026-08-06T13:13:53.636Z,5.92
2026-08-06T13:14:06.311Z,5.92
2026-08-06T13:14:26.391Z,5.9
2026-08-06T13:14:46.473Z,5.88
2026-08-06T13:15:08.062Z,5.88
2026-08-06T13:15:16.596Z,5.9
2026-08-06T13:15:37.399Z,5.89
2026-08-06T13:15:51.749Z,5.89
2026-08-06T13:16:06.829Z,5.89
2026-08-06T13:16:21.902Z,5.89
2026-08-06T13:16:41Z,5.9
2026-08-06T13:16:41.972Z,5.9
2026-08-06T13:16:57.044Z,5.9
2026-08-06T13:17:12.118Z,5.9
2026-08-06T13:17:27.218Z,5.9
2026-08-06T13:17:47.335Z,5.91
2026-08-06T13:18:03.069Z,5.9
2026-08-06T13:18:17.441Z,5.9
2026-08-06T13:18:37.544Z,5.9
2026-08-06T13:18:52.597Z,5.92
2026-08-06T13:19:12.698Z,5.92
2026-08-06T13:19:28.196Z,5.97
2026-08-06T13:19:42.882Z,5.99
2026-08-06T13:20:10.922Z,5.99
2026-08-06T13:20:23.045Z,6.02
2026-08-06T13:20:38.136Z,6.03
2026-08-06T13:20:53.225Z,6.03
2026-08-06T13:21:14.249Z,6.08
2026-08-06T13:21:28.324Z,6.09
2026-08-06T13:21:43Z,6.1
2026-08-06T13:21:43.399Z,6.1
2026-08-06T13:21:58.477Z,6.11
2026-08-06T13:22:13.729Z,6.13
2026-08-06T13:22:28.647Z,6.13
2026-08-06T13:22:43.721Z,6.16
2026-08-06T13:22:58.857Z,6.16
2026-08-06T13:23:15.347Z,6.2
2026-08-06T13:23:28.954Z,6.2
2026-08-06T13:23:49.043Z,6.24
2026-08-06T13:24:09.482Z,6.28
2026-08-06T13:24:24.261Z,6.28
2026-08-06T13:24:44.357Z,6.35
2026-08-06T13:24:59.386Z,6.35
2026-08-06T13:25:19.485Z,6.37
2026-08-06T13:25:34.939Z,6.41
2026-08-06T13:25:50.271Z,6.43
2026-08-06T13:26:04.695Z,6.45
2026-08-06T13:26:19.785Z,6.45
2026-08-06T13:26:37.549Z,6.48
2026-08-06T13:26:49Z,6.48
2026-08-06T13:26:50.757Z,6.48
2026-08-06T13:27:05.041Z,6.5
2026-08-06T13:27:20.175Z,6.52
2026-08-06T13:27:35.229Z,6.55
2026-08-06T13:27:50.287Z,6.56
2026-08-06T13:28:10.387Z,6.63
2026-08-06T13:28:30.45Z,6.65
2026-08-06T13:28:45.542Z,6.66
2026-08-06T13:29:05.598Z,6.66
2026-08-06T13:29:20.664Z,6.71
2026-08-06T13:29:40.768Z,6.75
2026-08-06T13:29:56.151Z,6.79
2026-08-06T13:30:15.888Z,6.81
2026-08-06T13:30:31.01Z,6.81
2026-08-06T13:30:46.096Z,6.83
2026-08-06T13:31:03.214Z,6.84
2026-08-06T13:31:21.236Z,6.88
2026-08-06T13:31:40Z,6.92
2026-08-06T13:31:41.36Z,6.92
2026-08-06T13:31:56.609Z,6.96
2026-08-06T13:32:11.47Z,6.98
2026-08-06T13:32:26.578Z,6.99
2026-08-06T13:32:41.64Z,7.01
2026-08-06T13:32:57.908Z,7.06
2026-08-06T13:33:16.757Z,7.07
2026-08-06T13:33:36.862Z,7.09
2026-08-06T13:33:51.947Z,7.1
2026-08-06T13:34:07.067Z,7.16
2026-08-06T13:34:23.287Z,7.18
2026-08-06T13:34:37.207Z,7.2
2026-08-06T13:34:52.256Z,7.23
2026-08-06T13:35:08.6Z,7.23
2026-08-06T13:35:24.526Z,7.27
2026-08-06T13:35:42.499Z,7.29
2026-08-06T13:36:02.777Z,7.3
2026-08-06T13:36:19.231Z,7.35
2026-08-06T13:36:32.745Z,7.36
2026-08-06T13:36:52Z,7.38
2026-08-06T13:36:52.811Z,7.38
2026-08-06T13:37:07.882Z,7.37
2026-08-06T13:37:22.971Z,7.4
2026-08-06T13:37:43.062Z,7.4
2026-08-06T13:37:58.158Z,7.45
2026-08-06T13:38:13.213Z,7.47
2026-08-06T13:38:33.278Z,7.47
2026-08-06T13:38:48.492Z,7.47
2026-08-06T13:39:03.47Z,7.52
2026-08-06T13:39:18.545Z,7.54
2026-08-06T13:39:33.814Z,7.56
2026-08-06T13:39:48.695Z,7.56
2026-08-06T13:40:09.214Z,7.56
2026-08-06T13:40:23.857Z,7.57
2026-08-06T13:40:38.953Z,7.66
2026-08-06T13:40:54.05Z,7.66
2026-08-06T13:41:09.181Z,7.65
2026-08-06T13:41:24.212Z,7.65
2026-08-06T13:41:43Z,7.71
2026-08-06T13:41:45.266Z,7.71
2026-08-06T13:42:04.387Z,7.73
2026-08-06T13:42:19.477Z,7.74
2026-08-06T13:42:34.823Z,7.78
2026-08-06T13:42:49.638Z,7.8
2026-08-06T13:43:04.745Z,7.8
2026-08-06T13:43:19.936Z,7.82
2026-08-06T13:43:34.851Z,7.83
2026-08-06T13:43:49.917Z,7.82
2026-08-06T13:44:05.008Z,7.84
2026-08-06T13:44:20.116Z,7.84
2026-08-06T13:44:35.132Z,7.82
2026-08-06T13:44:55.229Z,7.84
2026-08-06T13:45:10.839Z,7.84
2026-08-06T13:45:25.417Z,7.84
2026-08-06T13:45:40.476Z,7.84
2026-08-06T13:45:55.525Z,7.84
2026-08-06T13:46:10.765Z,7.87
2026-08-06T13:46:25.896Z,7.92
2026-08-06T13:46:45Z,7.97
2026-08-06T13:46:45.833Z,7.97
2026-08-06T13:47:02.591Z,8.03
2026-08-06T13:47:20.968Z,8.06
2026-08-06T13:47:41.825Z,8.13
2026-08-06T13:47:56.147Z,8.12
2026-08-06T13:48:11.21Z,8.15
2026-08-06T13:48:26.348Z,8.12
2026-08-06T13:48:43.427Z,8.18
2026-08-06T13:49:02.642Z,8.18
2026-08-06T13:49:16.52Z,8.18
2026-08-06T13:49:36.606Z,8.2
2026-08-06T13:49:51.693Z,8.21
2026-08-06T13:50:12.436Z,8.22
2026-08-06T13:50:26.836Z,8.23
2026-08-06T13:50:41.896Z,8.23
2026-08-06T13:50:57.24Z,8.24
2026-08-06T13:51:17.506Z,8.24
2026-08-06T13:51:32.235Z,8.28
2026-08-06T13:51:51Z,8.28
2026-08-06T13:51:52.309Z,8.28
2026-08-06T13:52:09.395Z,8.27
2026-08-06T13:52:27.501Z,8.31
2026-08-06T13:52:47.783Z,8.32
2026-08-06T13:53:07.642Z,8.28
2026-08-06T13:53:23.107Z,8.37
2026-08-06T13:53:37.894Z,8.37
2026-08-06T13:53:58.011Z,8.43
2026-08-06T13:54:18.103Z,8.42
2026-08-06T13:54:33.13Z,8.48
2026-08-06T13:54:48.199Z,8.5
2026-08-06T13:55:11.56Z,8.51
2026-08-06T13:55:18.37Z,8.53
2026-08-06T13:55:33.427Z,8.51
2026-08-06T13:55:48.557Z,8.53
2026-08-06T13:56:08.615Z,8.52
2026-08-06T13:56:28.707Z,8.57
2026-08-06T13:56:43.786Z,8.57
2026-08-06T13:56:58Z,8.56
2026-08-06T13:56:58.881Z,8.56
2026-08-06T13:57:13.941Z,8.56
2026-08-06T13:57:34.015Z,8.57
2026-08-06T13:57:54.1Z,8.6
2026-08-06T13:58:14.498Z,8.61
2026-08-06T13:58:34.329Z,8.61
2026-08-06T13:58:54.378Z,8.61
2026-08-06T13:59:14.438Z,8.68
2026-08-06T13:59:34.525Z,8.69
2026-08-06T13:59:49.595Z,8.69
2026-08-06T14:00:11.849Z,8.69
2026-08-06T14:00:19.827Z,8.7
2026-08-06T14:00:34.852Z,8.68
2026-08-06T14:00:49.94Z,8.69
2026-08-06T14:01:05.036Z,8.71
2026-08-06T14:01:25.076Z,8.72
2026-08-06T14:01:45.132Z,8.72
2026-08-06T14:01:59Z,8.75
2026-08-06T14:02:00.242Z,8.75
2026-08-06T14:02:16.009Z,8.74
2026-08-06T14:02:35.343Z,8.91
2026-08-06T14:02:50.442Z,8.99
2026-08-06T14:03:05.506Z,8.99
2026-08-06T14:03:25.58Z,9.02
2026-08-06T14:03:45.631Z,9.03
2026-08-06T14:04:05.722Z,8.97
2026-08-06T14:04:25.816Z,8.96
2026-08-06T14:04:45.885Z,8.91
2026-08-06T14:05:11.592Z,8.79
2026-08-06T14:05:21.07Z,8.69
2026-08-06T14:05:36.146Z,8.56
2026-08-06T14:05:56.228Z,8.53
2026-08-06T14:06:11.322Z,8.36
2026-08-06T14:06:26.371Z,8.27
2026-08-06T14:06:47.358Z,8.08
2026-08-06T14:07:01Z,8.0
2026-08-06T14:07:02.848Z,8.0
2026-08-06T14:07:21.148Z,8.0
2026-08-06T14:07:31.726Z,7.89
2026-08-06T14:07:46.823Z,7.76
2026-08-06T14:08:06.1Z,7.63
2026-08-06T14:08:16.955Z,7.63
2026-08-06T14:08:37.03Z,7.47
2026-08-06T14:08:52.122Z,7.47
2026-08-06T14:09:14.918Z,7.31
2026-08-06T14:09:27.265Z,7.19
2026-08-06T14:09:42.339Z,7.19
2026-08-06T14:09:57.418Z,7.09
2026-08-06T14:10:15.998Z,7.09
2026-08-06T14:10:27.755Z,6.96
2026-08-06T14:10:42.705Z,6.9
2026-08-06T14:10:57.712Z,6.9
2026-08-06T14:11:12.796Z,6.76
2026-08-06T14:11:32.84Z,6.7
2026-08-06T14:11:52Z,6.62
2026-08-06T14:11:53.043Z,6.62
2026-08-06T14:12:23.052Z,6.5
2026-08-06T14:12:28.52Z,6.46
2026-08-06T14:12:38.229Z,6.41
2026-08-06T14:12:53.285Z,6.36
2026-08-06T14:13:08.697Z,6.36
2026-08-06T14:13:23.52Z,6.28
2026-08-06T14:13:43.583Z,6.2
2026-08-06T14:13:58.774Z,6.12
2026-08-06T14:14:15.587Z,6.1
2026-08-06T14:14:33.79Z,6.04
2026-08-06T14:14:48.867Z,6.03
2026-08-06T14:15:09.981Z,5.98
2026-08-06T14:15:29.401Z,5.97
2026-08-06T14:15:44.147Z,5.93
2026-08-06T14:15:59.224Z,5.93
2026-08-06T14:16:14.301Z,5.91
2026-08-06T14:16:29.356Z,5.89
2026-08-06T14:16:44.407Z,5.86
2026-08-06T14:16:59Z,5.86
2026-08-06T14:16:59.49Z,5.86
2026-08-06T14:17:15.844Z,5.85
2026-08-06T14:17:29.634Z,5.85
2026-08-06T14:17:44.698Z,5.84
2026-08-06T14:17:59.818Z,5.83
2026-08-06T14:18:14.843Z,5.83
2026-08-06T14:18:29.934Z,5.81
2026-08-06T14:18:50.025Z,5.8
2026-08-06T14:19:05.095Z,5.8
2026-08-06T14:19:20.161Z,5.78
2026-08-06T14:19:40.282Z,5.78
2026-08-06T14:19:55.405Z,5.79
2026-08-06T14:20:11.472Z,5.8
2026-08-06T14:20:25.543Z,5.81
2026-08-06T14:20:40.885Z,5.85
2026-08-06T14:21:02.569Z,5.85
2026-08-06T14:21:15.767Z,5.85
2026-08-06T14:21:30.855Z,5.85
2026-08-06T14:21:50.917Z,5.85
2026-08-06T14:22:05Z,5.85
2026-08-06T14:22:07.238Z,5.85
2026-08-06T14:22:21.154Z,5.86
2026-08-06T14:22:36.241Z,5.86
2026-08-06T14:22:51.324Z,5.85
2026-08-06T14:23:06.389Z,5.89
2026-08-06T14:23:26.441Z,5.9
2026-08-06T14:23:41.534Z,5.93
2026-08-06T14:24:02.848Z,5.95
2026-08-06T14:24:21.666Z,6.01
2026-08-06T14:24:36.764Z,6.07
2026-08-06T14:24:56.843Z,6.09
2026-08-06T14:25:13.101Z,6.08
2026-08-06T14:25:26.982Z,6.11
2026-08-06T14:25:42.071Z,6.11
2026-08-06T14:25:57.164Z,6.13
2026-08-06T14:26:17.22Z,6.11
2026-08-06T14:26:32.295Z,6.11
2026-08-06T14:26:47.368Z,6.11
2026-08-06T14:27:02Z,6.14
2026-08-06T14:27:02.872Z,6.14
2026-08-06T14:27:17.599Z,6.2
2026-08-06T14:27:32.617Z,6.2
2026-08-06T14:27:47.688Z,6.24
2026-08-06T14:28:02.939Z,6.27
2026-08-06T14:28:17.887Z,6.3
2026-08-06T14:28:37.917Z,6.32
2026-08-06T14:28:58.026Z,6.34
2026-08-06T14:29:18.072Z,6.37
2026-08-06T14:29:33.187Z,6.4
2026-08-06T14:29:53.273Z,6.45
2026-08-06T14:30:14.563Z,6.45
2026-08-06T14:30:28.409Z,6.45
2026-08-06T14:30:43.547Z,6.44
2026-08-06T14:30:58.599Z,6.44
2026-08-06T14:31:18.669Z,6.55
2026-08-06T14:31:38.74Z,6.55
2026-08-06T14:31:53.835Z,6.61
2026-08-06T14:32:08Z,6.63
2026-08-06T14:32:08.928Z,6.63
2026-08-06T14:32:24.557Z,6.66
2026-08-06T14:32:39.125Z,6.69
2026-08-06T14:32:54.153Z,6.71
2026-08-06T14:33:14.223Z,6.74
2026-08-06T14:33:29.308Z,6.77
2026-08-06T14:33:44.369Z,6.8
2026-08-06T14:33:59.487Z,6.82
2026-08-06T14:34:14.54Z,6.83
2026-08-06T14:34:29.665Z,6.85
2026-08-06T14:34:44.766Z,6.85
2026-08-06T14:34:59.826Z,6.88
2026-08-06T14:35:14.913Z,6.89
2026-08-06T14:35:36.838Z,6.88
2026-08-06T14:35:50.12Z,6.88
2026-08-06T14:36:05.163Z,6.9
2026-08-06T14:36:20.234Z,6.91
2026-08-06T14:36:35.296Z,6.94
2026-08-06T14:36:50.515Z,6.96
2026-08-06T14:37:10Z,7.03
2026-08-06T14:37:10.495Z,7.03
2026-08-06T14:37:25.569Z,7.07
2026-08-06T14:37:41.52Z,7.07
2026-08-06T14:37:56.544Z,7.07
2026-08-06T14:38:15.765Z,7.07
2026-08-06T14:38:35.844Z,7.11
2026-08-06T14:38:50.91Z,7.17
2026-08-06T14:39:06.053Z,7.18
2026-08-06T14:39:21.133Z,7.18
2026-08-06T14:39:41.198Z,7.27
2026-08-06T14:39:56.257Z,7.35
2026-08-06T14:40:13.574Z,7.43
2026-08-06T14:40:26.481Z,7.44
2026-08-06T14:40:46.537Z,7.44
2026-08-06T14:41:05.018Z,7.43
2026-08-06T14:41:17.481Z,7.45
2026-08-06T14:41:36.747Z,7.47
2026-08-06T14:41:51.811Z,7.49
2026-08-06T14:42:11Z,7.53
2026-08-06T14:42:11.923Z,7.53
2026-08-06T14:42:26.986Z,7.56
2026-08-06T14:42:47.059Z,7.58
2026-08-06T14:43:03.103Z,7.59
2026-08-06T14:43:17.209Z,7.61
2026-08-06T14:43:32.283Z,7.63
2026-08-06T14:43:47.361Z,7.63
2026-08-06T14:44:02.936Z,7.64
2026-08-06T14:44:17.502Z,7.65
2026-08-06T14:44:32.59Z,7.65
2026-08-06T14:44:47.662Z,7.69
2026-08-06T14:45:08.006Z,7.68
2026-08-06T14:45:27.868Z,7.66
2026-08-06T14:45:47.903Z,7.68
2026-08-06T14:46:03.656Z,7.68
2026-08-06T14:46:23.063Z,7.7
2026-08-06T14:46:38.152Z,7.75
2026-08-06T14:46:53.451Z,7.76
2026-08-06T14:47:07Z,7.77
2026-08-06T14:47:08.745Z,7.77
2026-08-06T14:47:23.348Z,7.82
2026-08-06T14:47:43.436Z,7.81
2026-08-06T14:48:03.527Z,7.9
2026-08-06T14:48:23.599Z,7.89
2026-08-06T14:48:43.668Z,7.88
2026-08-06T14:48:58.818Z,7.89
2026-08-06T14:49:13.918Z,7.89
2026-08-06T14:49:28.972Z,7.9
2026-08-06T14:49:44.097Z,7.92
2026-08-06T14:49:59.136Z,7.95
2026-08-06T14:50:19.202Z,8.01
2026-08-06T14:50:34.269Z,8.01
2026-08-06T14:50:54.345Z,8.06
2026-08-06T14:51:10.036Z,8.15
2026-08-06T14:51:24.569Z,8.14
2026-08-06T14:51:44.598Z,8.14
2026-08-06T14:51:59.735Z,8.17
2026-08-06T14:52:14Z,8.17
2026-08-06T14:52:18.197Z,8.17
2026-08-06T14:52:29.844Z,8.2
2026-08-06T14:52:44.914Z,8.21
2026-08-06T14:53:04.986Z,8.24
2026-08-06T14:53:20.094Z,8.23
2026-08-06T14:53:35.178Z,8.29
2026-08-06T14:53:50.245Z,8.28
2026-08-06T14:54:11.258Z,8.27
2026-08-06T14:54:25.414Z,8.29
2026-08-06T14:54:40.477Z,8.3
2026-08-06T14:54:55.536Z,8.3
2026-08-06T14:55:11.338Z,8.3
2026-08-06T14:55:25.71Z,8.3
2026-08-06T14:55:40.792Z,8.3
2026-08-06T14:55:55.872Z,8.31
2026-08-06T14:56:15.992Z,8.35
2026-08-06T14:56:31.068Z,8.38
2026-08-06T14:56:53.281Z,8.42
2026-08-06T14:57:10Z,8.41
2026-08-06T14:57:11.213Z,8.41
2026-08-06T14:57:26.288Z,8.42
2026-08-06T14:57:41.727Z,8.43
2026-08-06T14:57:56.739Z,8.41
2026-08-06T14:58:11.531Z,8.43
2026-08-06T14:58:26.616Z,8.41
2026-08-06T14:58:41.847Z,8.43
2026-08-06T14:58:57.472Z,8.45
2026-08-06T14:59:11.884Z,8.45
2026-08-06T14:59:31.946Z,8.47
2026-08-06T14:59:47.884Z,8.48
2026-08-06T15:00:10.828Z,8.5
2026-08-06T15:00:17.775Z,8.5
2026-08-06T15:00:37.268Z,8.47
2026-08-06T15:00:52.448Z,8.53
2026-08-06T15:01:07.468Z,8.53
2026-08-06T15:01:22.615Z,8.55
2026-08-06T15:01:37.63Z,8.56
2026-08-06T15:01:52.716Z,8.57
2026-08-06T15:02:12Z,8.56
2026-08-06T15:02:12.772Z,8.56
2026-08-06T15:02:28.061Z,8.57
2026-08-06T15:02:42.96Z,8.58
2026-08-06T15:02:58.035Z,8.57
2026-08-06T15:03:13.108Z,8.62
2026-08-06T15:03:28.178Z,8.62
2026-08-06T15:03:44.191Z,8.63
2026-08-06T15:03:58.425Z,8.63
2026-08-06T15:04:13.492Z,8.63
2026-08-06T15:04:28.54Z,8.62
2026-08-06T15:04:43.63Z,8.61
2026-08-06T15:04:58.846Z,8.62
2026-08-06T15:05:18.807Z,8.63
2026-08-06T15:05:33.894Z,8.64
2026-08-06T15:05:49.005Z,8.64
2026-08-06T15:06:09.092Z,8.64
2026-08-06T15:06:24.266Z,8.6
2026-08-06T15:06:44.235Z,8.62
2026-08-06T15:07:05.305Z,8.63
2026-08-06T15:07:18Z,8.63
2026-08-06T15:07:19.839Z,8.63
2026-08-06T15:07:35.384Z,8.71
2026-08-06T15:07:49.541Z,8.7
2026-08-06T15:08:04.744Z,8.73
2026-08-06T15:08:19.695Z,8.73
2026-08-06T15:08:34.802Z,8.73
2026-08-06T15:08:49.933Z,8.7
2026-08-06T15:09:05.026Z,8.7
2026-08-06T15:09:20.487Z,8.72
2026-08-06T15:09:35.135Z,8.72
2026-08-06T15:09:50.231Z,8.72
2026-08-06T15:10:11.055Z,8.73
2026-08-06T15:10:20.384Z,8.73
2026-08-06T15:10:35.48Z,8.74
2026-08-06T15:10:50.524Z,8.78
2026-08-06T15:11:10.623Z,8.75
2026-08-06T15:11:25.691Z,8.73
2026-08-06T15:11:45.783Z,8.72
2026-08-06T15:12:03.262Z,8.71
2026-08-06T15:12:15Z,8.72
2026-08-06T15:12:15.919Z,8.72
2026-08-06T15:12:31.012Z,8.72
2026-08-06T15:12:51.087Z,8.72
2026-08-06T15:13:06.16Z,8.73
2026-08-06T15:13:21.284Z,8.73
2026-08-06T15:13:36.359Z,8.75
2026-08-06T15:13:56.403Z,8.77
2026-08-06T15:14:11.449Z,8.77
2026-08-06T15:14:31.545Z,8.8
2026-08-06T15:14:46.621Z,8.81
2026-08-06T15:15:11.619Z,8.81
2026-08-06T15:15:16.783Z,8.78
2026-08-06T15:15:31.852Z,8.78
2026-08-06T15:15:52.005Z,8.78
2026-08-06T15:16:07.043Z,8.75
2026-08-06T15:16:27.156Z,8.76
2026-08-06T15:16:43.282Z,8.78
2026-08-06T15:17:02.806Z,8.83
2026-08-06T15:17:16Z,8.81
2026-08-06T15:17:17.372Z,8.81
2026-08-06T15:17:37.407Z,8.8
2026-08-06T15:17:52.515Z,8.78
2026-08-06T15:18:07.576Z,8.78
2026-08-06T15:18:22.716Z,8.78
2026-08-06T15:18:42.967Z,8.8
2026-08-06T15:18:57.912Z,8.84
2026-08-06T15:19:12.986Z,8.84
2026-08-06T15:19:28.077Z,8.86
2026-08-06T15:19:43.153Z,8.89
2026-08-06T15:19:58.31Z,8.9
2026-08-06T15:20:13.492Z,8.92
2026-08-06T15:20:28.449Z,8.92
2026-08-06T15:20:43.587Z,8.92
2026-08-06T15:20:58.607Z,8.94
2026-08-06T15:21:13.699Z,8.92
2026-08-06T15:21:33.767Z,8.89
2026-08-06T15:21:53.841Z,8.89
2026-08-06T15:22:08.935Z,8.87
2026-08-06T15:22:23Z,8.85
2026-08-06T15:22:24.032Z,8.85
2026-08-06T15:22:39.102Z,8.9
2026-08-06T15:22:54.206Z,8.9
2026-08-06T15:23:14.25Z,8.87
2026-08-06T15:23:29.325Z,8.88
2026-08-06T15:23:44.622Z,8.86
2026-08-06T15:23:59.529Z,8.85
2026-08-06T15:24:19.55Z,8.87
2026-08-06T15:24:39.64Z,8.87
2026-08-06T15:24:54.705Z,8.92
2026-08-06T15:25:14.804Z,8.91
2026-08-06T15:25:35.538Z,8.88
2026-08-06T15:25:49.99Z,8.9
2026-08-06T15:26:05.066Z,8.9
2026-08-06T15:26:25.174Z,8.96
2026-08-06T15:26:45.39Z,8.95
2026-08-06T15:27:00.304Z,8.91
2026-08-06T15:27:14Z,8.91
2026-08-06T15:27:15.408Z,8.91
2026-08-06T15:27:30.469Z,8.91
2026-08-06T15:27:45.581Z,8.9
2026-08-06T15:28:02.493Z,8.89
2026-08-06T15:28:15.791Z,8.88
2026-08-06T15:28:30.859Z,8.88
2026-08-06T15:28:45.936Z,8.89
2026-08-06T15:29:02.743Z,8.88
2026-08-06T15:29:16.097Z,8.88
2026-08-06T15:29:31.183Z,8.86
2026-08-06T15:29:51.823Z,8.86
2026-08-06T15:30:11.506Z,8.89
2026-08-06T15:30:26.413Z,8.87
2026-08-06T15:30:41.572Z,8.84
2026-08-06T15:30:56.684Z,8.84
2026-08-06T15:31:16.716Z,8.82
2026-08-06T15:31:38.748Z,8.84
2026-08-06T15:31:51.857Z,8.84
2026-08-06T15:32:11Z,8.86
2026-08-06T15:32:11.934Z,8.86
2026-08-06T15:32:32.015Z,8.86
2026-08-06T15:32:48.88Z,8.87
2026-08-06T15:33:02.866Z,8.87
2026-08-06T15:33:17.321Z,8.87
2026-08-06T15:33:32.404Z,8.84
2026-08-06T15:33:52.491Z,8.82
2026-08-06T15:34:07.565Z,8.79
2026-08-06T15:34:22.675Z,8.82
2026-08-06T15:34:37.715Z,8.84
2026-08-06T15:34:57.761Z,8.82
2026-08-06T15:35:12.863Z,8.84
2026-08-06T15:35:33.063Z,8.84
2026-08-06T15:35:48.039Z,8.86
2026-08-06T15:36:08.139Z,8.86
2026-08-06T15:36:23.207Z,8.86
2026-08-06T15:36:38.303Z,8.86
2026-08-06T15:36:53.37Z,8.84
2026-08-06T15:37:13Z,8.84
2026-08-06T15:37:13.476Z,8.84
2026-08-06T15:37:33.526Z,8.84
2026-08-06T15:37:53.62Z,8.84
2026-08-06T15:38:08.7Z,8.85
2026-08-06T15:38:28.79Z,8.83
2026-08-06T15:38:49.666Z,8.81
2026-08-06T15:39:03.934Z,8.8
2026-08-06T15:39:19.036Z,8.78
2026-08-06T15:39:34.098Z,8.78
2026-08-06T15:39:49.192Z,8.78
2026-08-06T15:40:10.564Z,8.76
2026-08-06T15:40:25.773Z,8.77
2026-08-06T15:40:39.535Z,8.77
2026-08-06T15:40:54.619Z,8.75
2026-08-06T15:41:14.683Z,8.77
2026-08-06T15:41:30.142Z,8.77
2026-08-06T15:41:44.898Z,8.77
2026-08-06T15:42:04.942Z,8.76
2026-08-06T15:42:19Z,8.75
2026-08-06T15:42:20.024Z,8.75
2026-08-06T15:42:35.166Z,8.75
2026-08-06T15:42:50.249Z,8.72
2026-08-06T15:43:05.433Z,8.68
2026-08-06T15:43:25.343Z,8.68
2026-08-06T15:43:45.426Z,8.7
2026-08-06T15:44:01.404Z,8.72
2026-08-06T15:44:15.575Z,8.72
2026-08-06T15:44:35.629Z,8.74
2026-08-06T15:44:50.707Z,8.72
2026-08-06T15:45:09.467Z,8.73
2026-08-06T15:45:20.947Z,8.72
2026-08-06T15:45:35.987Z,8.73
2026-08-06T15:45:51.071Z,8.71
2026-08-06T15:46:06.167Z,8.7
2026-08-06T15:46:26.229Z,8.68
2026-08-06T15:46:41.339Z,8.66
2026-08-06T15:46:56.398Z,8.69
2026-08-06T15:47:11.719Z,8.69
2026-08-06T15:47:26Z,8.73
2026-08-06T15:47:26.585Z,8.73
2026-08-06T15:47:41.653Z,8.73
2026-08-06T15:47:56.704Z,8.72
2026-08-06T15:48:11.824Z,8.71
2026-08-06T15:48:26.884Z,8.71
2026-08-06T15:48:41.975Z,8.71
2026-08-06T15:48:57.062Z,8.7
2026-08-06T15:49:17.162Z,8.69
2026-08-06T15:49:32.245Z,8.64
2026-08-06T15:49:47.312Z,8.64
2026-08-06T15:50:11.525Z,8.67
2026-08-06T15:50:17.527Z,8.67
2026-08-06T15:50:33.037Z,8.67
2026-08-06T15:50:47.674Z,8.67
2026-08-06T15:51:02.932Z,8.65
2026-08-06T15:51:17.851Z,8.64
2026-08-06T15:51:32.936Z,8.63
2026-08-06T15:51:49.398Z,8.61
2026-08-06T15:52:03.09Z,8.61
2026-08-06T15:52:18.121Z,8.61
2026-08-06T15:52:32Z,8.6
2026-08-06T15:52:33.21Z,8.6
2026-08-06T15:52:49.469Z,8.61
2026-08-06T15:53:04.008Z,8.61
2026-08-06T15:53:18.495Z,8.6
2026-08-06T15:53:33.587Z,8.6
2026-08-06T15:53:48.635Z,8.57
2026-08-06T15:54:03.707Z,8.56
2026-08-06T15:54:18.788Z,8.53
2026-08-06T15:54:33.913Z,8.53
2026-08-06T15:54:54.932Z,8.53
2026-08-06T15:55:12.732Z,8.52
2026-08-06T15:55:24.092Z,8.52
2026-08-06T15:55:39.453Z,8.51
2026-08-06T15:55:54.262Z,8.51
2026-08-06T15:56:14.315Z,8.47
2026-08-06T15:56:29.396Z,8.47
2026-08-06T15:56:44.524Z,8.44
2026-08-06T15:56:59.55Z,8.42
2026-08-06T15:57:14.64Z,8.36
2026-08-06T15:57:29Z,8.36
2026-08-06T15:57:29.702Z,8.36
2026-08-06T15:57:44.843Z,8.36
2026-08-06T15:57:59.926Z,8.4
2026-08-06T15:58:20.026Z,8.36
2026-08-06T15:58:40.103Z,8.35
2026-08-06T15:59:00.175Z,8.38
2026-08-06T15:59:15.245Z,8.37
2026-08-06T15:59:35.31Z,8.37
2026-08-06T15:59:50.657Z,8.38
2026-08-06T16:00:12.664Z,8.37
2026-08-06T16:00:26.728Z,8.36
2026-08-06T16:00:45.707Z,8.37
2026-08-06T16:01:05.743Z,8.37
2026-08-06T16:01:25.833Z,8.37
2026-08-06T16:01:40.914Z,8.32
2026-08-06T16:02:02.63Z,8.34
2026-08-06T16:02:21.996Z,8.32
2026-08-06T16:02:35Z,8.32
2026-08-06T16:02:36.147Z,8.32
2026-08-06T16:02:56.274Z,8.29
2026-08-06T16:03:11.311Z,8.26
2026-08-06T16:03:26.399Z,8.26
2026-08-06T16:03:46.528Z,8.22
2026-08-06T16:04:02.694Z,8.21
2026-08-06T16:04:16.628Z,8.2
2026-08-06T16:04:31.729Z,8.22
2026-08-06T16:04:46.798Z,8.2
2026-08-06T16:05:12.059Z,8.18
2026-08-06T16:05:22.054Z,8.2
2026-08-06T16:05:37.133Z,8.2
2026-08-06T16:05:53.547Z,8.19
2026-08-06T16:06:07.263Z,8.18
2026-08-06T16:06:22.356Z,8.19
2026-08-06T16:06:37.424Z,8.19
2026-08-06T16:06:52.488Z,8.21
2026-08-06T16:07:07.567Z,8.21
2026-08-06T16:07:22Z,8.18
2026-08-06T16:07:22.695Z,8.18
2026-08-06T16:07:42.846Z,8.17
2026-08-06T16:07:57.888Z,8.16
2026-08-06T16:08:13.075Z,8.15
2026-08-06T16:08:28.022Z,8.15
2026-08-06T16:08:43.776Z,8.14
2026-08-06T16:08:58.154Z,8.13
2026-08-06T16:09:18.339Z,8.13
2026-08-06T16:09:33.312Z,8.11
2026-08-06T16:09:48.451Z,8.12
2026-08-06T16:10:12.129Z,8.11
2026-08-06T16:10:18.616Z,8.09
2026-08-06T16:10:33.691Z,8.09
2026-08-06T16:10:53.766Z,8.11
2026-08-06T16:11:13.909Z,8.09
2026-08-06T16:11:34.013Z,8.11
2026-08-06T16:11:48.987Z,8.09
2026-08-06T16:12:04.356Z,8.09
2026-08-06T16:12:23Z,8.04
2026-08-06T16:12:24.246Z,8.04
2026-08-06T16:12:44.355Z,8.0
2026-08-06T16:13:04.348Z,8.01
2026-08-06T16:13:24.625Z,8.0
2026-08-06T16:13:39.642Z,8.02
2026-08-06T16:14:03.215Z,8.04
2026-08-06T16:14:15.109Z,8.04
2026-08-06T16:14:29.705Z,7.98
2026-08-06T16:14:44.845Z,7.94
2026-08-06T16:14:59.876Z,7.93
2026-08-06T16:15:15.728Z,7.94
2026-08-06T16:15:35.085Z,7.94
2026-08-06T16:15:55.191Z,7.92
2026-08-06T16:16:15.207Z,7.91
2026-08-06T16:16:30.265Z,7.9
2026-08-06T16:16:45.342Z,7.88
2026-08-06T16:17:00.529Z,7.86
2026-08-06T16:17:15.551Z,7.86
2026-08-06T16:17:35Z,7.88
2026-08-06T16:17:35.633Z,7.88
2026-08-06T16:17:50.712Z,7.87
2026-08-06T16:18:06.388Z,7.87
2026-08-06T16:18:20.865Z,7.87
2026-08-06T16:18:35.927Z,7.84
2026-08-06T16:18:56.027Z,7.85
2026-08-06T16:19:11.079Z,7.85
2026-08-06T16:19:26.231Z,7.85
2026-08-06T16:19:46.316Z,7.87
2026-08-06T16:20:08.633Z,7.86
2026-08-06T16:20:16.501Z,7.86
2026-08-06T16:20:31.529Z,7.87
2026-08-06T16:20:46.646Z,7.86
2026-08-06T16:21:02.966Z,7.86
2026-08-06T16:21:21.772Z,7.86
2026-08-06T16:21:41.842Z,7.84
2026-08-06T16:21:56.961Z,7.84
2026-08-06T16:22:12.07Z,7.83
2026-08-06T16:22:31Z,7.81
2026-08-06T16:22:32.088Z,7.81
2026-08-06T16:22:47.214Z,7.78
2026-08-06T16:23:03.227Z,7.78
2026-08-06T16:23:17.339Z,7.78
2026-08-06T16:23:32.422Z,7.77
2026-08-06T16:23:47.468Z,7.77
2026-08-06T16:24:06.083Z,7.75
2026-08-06T16:24:17.872Z,7.73
2026-08-06T16:24:32.855Z,7.73
2026-08-06T16:24:52.847Z,7.72
2026-08-06T16:25:13.094Z,7.73
2026-08-06T16:25:23.631Z,7.72
2026-08-06T16:25:38.065Z,7.72
2026-08-06T16:25:58.179Z,7.7
2026-08-06T16:26:16.183Z,7.7
2026-08-06T16:26:28.27Z,7.72
2026-08-06T16:26:48.413Z,7.74
2026-08-06T16:27:08.461Z,7.74
2026-08-06T16:27:28.567Z,7.75
2026-08-06T16:27:43Z,7.73
2026-08-06T16:27:43.654Z,7.73
2026-08-06T16:27:58.716Z,7.73
2026-08-06T16:28:18.809Z,7.72
2026-08-06T16:28:34.387Z,7.69
2026-08-06T16:28:49.007Z,7.69
2026-08-06T16:29:04.047Z,7.7
2026-08-06T16:29:19.113Z,7.69
2026-08-06T16:29:34.28Z,7.68
2026-08-06T16:29:49.286Z,7.7
2026-08-06T16:30:10.878Z,7.71
2026-08-06T16:30:24.45Z,7.71
2026-08-06T16:30:39.512Z,7.72
2026-08-06T16:30:54.597Z,7.69
2026-08-06T16:31:14.671Z,7.7
2026-08-06T16:31:29.741Z,7.69
2026-08-06T16:31:44.818Z,7.69
2026-08-06T16:32:04.917Z,7.68
2026-08-06T16:32:20.05Z,7.7
2026-08-06T16:32:34Z,7.67
2026-08-06T16:32:35.096Z,7.67
2026-08-06T16:32:50.694Z,7.67
2026-08-06T16:33:05.227Z,7.65
2026-08-06T16:33:20.29Z,7.65
2026-08-06T16:33:40.371Z,7.64
2026-08-06T16:33:55.81Z,7.61
2026-08-06T16:34:10.516Z,7.61
2026-08-06T16:34:25.603Z,7.62
2026-08-06T16:34:40.665Z,7.62
2026-08-06T16:34:55.78Z,7.62
2026-08-06T16:35:13.299Z,7.67
2026-08-06T16:35:25.973Z,7.67
2026-08-06T16:35:40.983Z,7.66
2026-08-06T16:35:56.077Z,7.68
2026-08-06T16:36:16.178Z,7.67
2026-08-06T16:36:36.248Z,7.69
2026-08-06T16:36:51.619Z,7.7
2026-08-06T16:37:06.47Z,7.69
2026-08-06T16:37:26.492Z,7.68
2026-08-06T16:37:41Z,7.68
2026-08-06T16:37:41.573Z,7.68
2026-08-06T16:37:56.902Z,7.67
2026-08-06T16:38:11.766Z,7.69
2026-08-06T16:38:26.857Z,7.67
2026-08-06T16:38:46.941Z,7.67
2026-08-06T16:39:02.811Z,7.64
2026-08-06T16:39:17.171Z,7.63
2026-08-06T16:39:37.664Z,7.62
2026-08-06T16:39:57.308Z,7.6
2026-08-06T16:40:12.385Z,7.59
2026-08-06T16:40:27.456Z,7.58
2026-08-06T16:40:45.204Z,7.54
2026-08-06T16:41:03.018Z,7.5
2026-08-06T16:41:17.712Z,7.49
2026-08-06T16:41:32.761Z,7.47
2026-08-06T16:41:47.834Z,7.46
2026-08-06T16:42:03.755Z,7.46
2026-08-06T16:42:18.017Z,7.46
2026-08-06T16:42:32Z,7.45
2026-08-06T16:42:33.176Z,7.45
2026-08-06T16:42:53.167Z,7.44
2026-08-06T16:43:13.209Z,7.43
2026-08-06T16:43:28.277Z,7.43
2026-08-06T16:43:43.394Z,7.42
2026-08-06T16:43:58.455Z,7.43
2026-08-06T16:44:13.61Z,7.38
2026-08-06T16:44:33.597Z,7.38
2026-08-06T16:44:48.891Z,7.33
2026-08-06T16:45:13.898Z,7.32
2026-08-06T16:45:23.846Z,7.32
2026-08-06T16:45:38.928Z,7.31
2026-08-06T16:45:54.012Z,7.29
2026-08-06T16:46:14.115Z,7.29
2026-08-06T16:46:34.183Z,7.3
2026-08-06T16:46:49.278Z,7.32
2026-08-06T16:47:06.549Z,7.32
2026-08-06T16:47:19.555Z,7.32
2026-08-06T16:47:34.635Z,7.31
2026-08-06T16:47:49Z,7.3
2026-08-06T16:47:49.798Z,7.3
2026-08-06T16:48:04.975Z,7.3
2026-08-06T16:48:19.871Z,7.28
2026-08-06T16:48:35.069Z,7.26
2026-08-06T16:48:50.066Z,7.26
2026-08-06T16:49:05.122Z,7.23
2026-08-06T16:49:20.828Z,7.23
2026-08-06T16:49:40.27Z,7.19
2026-08-06T16:50:00.391Z,7.19
2026-08-06T16:50:15.992Z,7.19
2026-08-06T16:50:30.531Z,7.19
2026-08-06T16:50:45.64Z,7.21
2026-08-06T16:51:05.688Z,7.21
2026-08-06T16:51:25.943Z,7.2
2026-08-06T16:51:40.813Z,7.2
2026-08-06T16:51:55.946Z,7.18
2026-08-06T16:52:10.963Z,7.14
2026-08-06T16:52:26.047Z,7.14
2026-08-06T16:52:45Z,7.11
2026-08-06T16:52:46.143Z,7.11
2026-08-06T16:53:02.614Z,7.11
2026-08-06T16:53:17.35Z,7.1
2026-08-06T16:53:31.388Z,7.1
2026-08-06T16:53:51.496Z,7.1
2026-08-06T16:54:11.575Z,7.09
2026-08-06T16:54:26.722Z,7.06
2026-08-06T16:54:41.939Z,7.05
2026-08-06T16:55:11.396Z,7.03
2026-08-06T16:55:22.819Z,7.03
2026-08-06T16:55:36.944Z,7.01
2026-08-06T16:55:52.1Z,7.0
2026-08-06T16:56:07.136Z,6.97
2026-08-06T16:56:22.238Z,6.94
2026-08-06T16:56:37.277Z,6.94
2026-08-06T16:56:54.454Z,6.94
2026-08-06T16:57:07.431Z,6.91
2026-08-06T16:57:27.49Z,6.88
2026-08-06T16:57:42Z,6.82
2026-08-06T16:57:42.607Z,6.82
2026-08-06T16:57:57.653Z,6.83
2026-08-06T16:58:12.767Z,6.8
2026-08-06T16:58:27.834Z,6.79
2026-08-06T16:58:42.973Z,6.79
2026-08-06T16:58:57.966Z,6.8
2026-08-06T16:59:13.077Z,6.79
2026-08-06T16:59:28.132Z,6.79
2026-08-06T16:59:48.246Z,6.76
2026-08-06T17:00:12.441Z,6.74
2026-08-06T17:00:18.978Z,6.79
2026-08-06T17:00:38.45Z,6.78
2026-08-06T17:00:58.57Z,6.76
2026-08-06T17:01:18.662Z,6.74
2026-08-06T17:01:33.702Z,6.69
2026-08-06T17:01:53.786Z,6.68
2026-08-06T17:02:13.873Z,6.69
2026-08-06T17:02:34.037Z,6.71
2026-08-06T17:02:48Z,6.7
2026-08-06T17:02:49.178Z,6.7
2026-08-06T17:03:04.164Z,6.69
2026-08-06T17:03:19.188Z,6.67
2026-08-06T17:03:34.275Z,6.67
2026-08-06T17:03:54.323Z,6.63
2026-08-06T17:04:09.399Z,6.61
2026-08-06T17:04:29.541Z,6.6
2026-08-06T17:04:44.612Z,6.6
2026-08-06T17:04:59.615Z,6.6
2026-08-06T17:05:19.703Z,6.58
2026-08-06T17:05:35.768Z,6.58
2026-08-06T17:05:49.854Z,6.58
2026-08-06T17:06:04.932Z,6.59
2026-08-06T17:06:20.019Z,6.59
2026-08-06T17:06:35.09Z,6.59
2026-08-06T17:06:50.195Z,6.58
2026-08-06T17:07:05.357Z,6.58
2026-08-06T17:07:20.35Z,6.58
2026-08-06T17:07:35.4Z,6.55
2026-08-06T17:07:50Z,6.54
2026-08-06T17:07:50.535Z,6.54
2026-08-06T17:08:05.62Z,6.51
2026-08-06T17:08:20.648Z,6.51
2026-08-06T17:08:35.765Z,6.53
2026-08-06T17:08:50.845Z,6.53
2026-08-06T17:09:05.901Z,6.52
2026-08-06T17:09:21.088Z,6.5
2026-08-06T17:09:37.056Z,6.46
2026-08-06T17:09:56.158Z,6.46
2026-08-06T17:10:16.228Z,6.42
2026-08-06T17:10:31.282Z,6.43
2026-08-06T17:10:46.336Z,6.41
2026-08-06T17:11:03.785Z,6.41
2026-08-06T17:11:16.573Z,6.42
2026-08-06T17:11:36.639Z,6.45
2026-08-06T17:11:56.719Z,6.44
2026-08-06T17:12:11.746Z,6.43
2026-08-06T17:12:26.906Z,6.42
2026-08-06T17:12:46Z,6.37
2026-08-06T17:12:46.904Z,6.37
2026-08-06T17:13:02.571Z,6.4
2026-08-06T17:13:17.104Z,6.4
2026-08-06T17:13:32.213Z,6.4
2026-08-06T17:13:52.26Z,6.39
2026-08-06T17:14:07.344Z,6.4
2026-08-06T17:14:22.412Z,6.4
2026-08-06T17:14:37.533Z,6.39
2026-08-06T17:14:52.575Z,6.4
2026-08-06T17:15:09.644Z,6.39
2026-08-06T17:15:22.751Z,6.38
2026-08-06T17:15:37.815Z,6.38
2026-08-06T17:15:53.791Z,6.38
2026-08-06T17:16:12.956Z,6.33
2026-08-06T17:16:28.089Z,6.31
2026-08-06T17:16:48.123Z,6.3
2026-08-06T17:17:03.29Z,6.28
2026-08-06T17:17:18.307Z,6.27
2026-08-06T17:17:38.414Z,6.24
2026-08-06T17:17:53Z,6.26
2026-08-06T17:17:53.445Z,6.26
2026-08-06T17:18:08.498Z,6.27
2026-08-06T17:18:23.63Z,6.26
2026-08-06T17:18:38.662Z,6.26
2026-08-06T17:18:53.748Z,6.28
2026-08-06T17:19:08.827Z,6.25
2026-08-06T17:19:23.984Z,6.25
2026-08-06T17:19:44.165Z,6.19
2026-08-06T17:19:59.069Z,6.19
2026-08-06T17:20:19.191Z,6.17
2026-08-06T17:20:34.633Z,6.19
2026-08-06T17:20:49.745Z,6.19
2026-08-06T17:21:06.391Z,6.14
2026-08-06T17:21:19.525Z,6.15
2026-08-06T17:21:39.579Z,6.15
2026-08-06T17:21:59.621Z,6.15
2026-08-06T17:22:14.71Z,6.14
2026-08-06T17:22:29.776Z,6.14
2026-08-06T17:22:49Z,6.11
2026-08-06T17:22:49.926Z,6.11
2026-08-06T17:23:10.011Z,6.1
2026-08-06T17:23:25.055Z,6.09
2026-08-06T17:23:40.142Z,6.08
2026-08-06T17:23:55.247Z,6.07
2026-08-06T17:24:10.313Z,6.06
2026-08-06T17:24:25.38Z,6.06
2026-08-06T17:24:40.483Z,6.04
2026-08-06T17:24:55.571Z,6.06
2026-08-06T17:25:10.603Z,6.09
2026-08-06T17:25:31.372Z,6.08
2026-08-06T17:25:45.749Z,6.05
2026-08-06T17:26:02.697Z,6.06
2026-08-06T17:26:15.902Z,6.05
2026-08-06T17:26:31.023Z,6.06
2026-08-06T17:26:51.07Z,6.05
2026-08-06T17:27:06.122Z,6.07
2026-08-06T17:27:26.223Z,6.02
2026-08-06T17:27:41.302Z,6.02
2026-08-06T17:27:55Z,6.01
2026-08-06T17:27:56.425Z,6.01
2026-08-06T17:28:11.469Z,6.01
2026-08-06T17:28:31.57Z,6.02
2026-08-06T17:28:52.09Z,5.99
2026-08-06T17:29:06.756Z,5.97
2026-08-06T17:29:21.781Z,5.97
2026-08-06T17:29:43.314Z,5.95
2026-08-06T17:29:56.937Z,5.94
2026-08-06T17:30:13.754Z,5.97
2026-08-06T17:30:27.089Z,5.96
2026-08-06T17:30:42.442Z,5.96
2026-08-06T17:30:57.266Z,5.96
2026-08-06T17:31:12.415Z,5.99
2026-08-06T17:31:27.406Z,6.01
2026-08-06T17:31:42.513Z,6.0
2026-08-06T17:31:58.788Z,5.99
2026-08-06T17:32:17.625Z,6.0
2026-08-06T17:32:32.757Z,5.99
2026-08-06T17:32:48.136Z,5.99
2026-08-06T17:33:02Z,5.96
2026-08-06T17:33:03.63Z,5.96
2026-08-06T17:33:23.032Z,5.94
2026-08-06T17:33:38.046Z,5.93
2026-08-06T17:33:53.964Z,5.95
2026-08-06T17:34:08.248Z,5.92
2026-08-06T17:34:23.293Z,5.92
2026-08-06T17:34:45.48Z,5.93
2026-08-06T17:34:58.468Z,5.91
2026-08-06T17:35:18.558Z,5.93
2026-08-06T17:35:33.647Z,5.91
2026-08-06T17:35:53.733Z,5.87
2026-08-06T17:36:14.474Z,5.86
2026-08-06T17:36:28.895Z,5.86
2026-08-06T17:36:44.55Z,5.85
2026-08-06T17:37:04.477Z,5.84
2026-08-06T17:37:24.155Z,5.8
2026-08-06T17:37:44.216Z,5.79
2026-08-06T17:38:03Z,5.78
2026-08-06T17:38:04.316Z,5.78
2026-08-06T17:38:20.557Z,5.76
2026-08-06T17:38:34.47Z,5.74
2026-08-06T17:38:49.509Z,5.71
2026-08-06T17:39:04.594Z,5.7
2026-08-06T17:39:24.685Z,5.76
2026-08-06T17:39:44.803Z,5.74
2026-08-06T17:40:01.44Z,5.72
2026-08-06T17:40:15.187Z,5.71
2026-08-06T17:40:30.052Z,5.69
2026-08-06T17:40:50.125Z,5.67
2026-08-06T17:41:05.202Z,5.67
2026-08-06T17:41:20.265Z,5.64
2026-08-06T17:41:35.33Z,5.64
2026-08-06T17:41:50.906Z,5.67
2026-08-06T17:42:10.718Z,5.65
2026-08-06T17:42:25.662Z,5.65
2026-08-06T17:42:45.699Z,5.62
2026-08-06T17:43:00Z,5.59
2026-08-06T17:43:02.661Z,5.59
2026-08-06T17:43:20.831Z,5.56
2026-08-06T17:43:40.926Z,5.55
2026-08-06T17:43:55.977Z,5.56
2026-08-06T17:44:11.101Z,5.55
2026-08-06T17:44:26.529Z,5.53
2026-08-06T17:44:41.267Z,5.52
2026-08-06T17:45:10.527Z,5.47
2026-08-06T17:45:16.415Z,5.45
2026-08-06T17:45:31.636Z,5.44
2026-08-06T17:45:46.593Z,5.44
2026-08-06T17:46:03.042Z,5.42
2026-08-06T17:46:16.789Z,5.44
2026-08-06T17:46:36.891Z,5.42
2026-08-06T17:46:51.957Z,5.44
2026-08-06T17:47:07.038Z,5.42
2026-08-06T17:47:27.75Z,5.38
2026-08-06T17:47:42.202Z,5.38
2026-08-06T17:48:01Z,5.36
2026-08-06T17:48:02.822Z,5.36
2026-08-06T17:48:17.318Z,5.34
2026-08-06T17:48:32.387Z,5.33
2026-08-06T17:48:47.47Z,5.33
2026-08-06T17:49:02.752Z,5.32
2026-08-06T17:49:17.766Z,5.32
2026-08-06T17:49:32.842Z,5.31
2026-08-06T17:49:47.969Z,5.3
2026-08-06T17:50:09.81Z,5.28
2026-08-06T17:50:18.131Z,5.25
2026-08-06T17:50:38.177Z,5.24
2026-08-06T17:50:58.226Z,5.23
2026-08-06T17:51:19.05Z,5.24
2026-08-06T17:51:38.476Z,5.24
2026-08-06T17:51:53.476Z,5.23
2026-08-06T17:52:13.549Z,5.24
2026-08-06T17:52:28.749Z,5.24
2026-08-06T17:52:43.888Z,5.19
2026-08-06T17:52:58Z,5.16
2026-08-06T17:52:59.154Z,5.16
2026-08-06T17:53:13.964Z,5.16
2026-08-06T17:53:29.145Z,5.12
2026-08-06T17:53:44.194Z,5.1
2026-08-06T17:54:04.2Z,5.1
2026-08-06T17:54:19.728Z,5.08
2026-08-06T17:54:39.336Z,5.07
2026-08-06T17:54:54.428Z,5.06
2026-08-06T17:55:13.43Z,5.04
2026-08-06T17:55:24.626Z,5.03
2026-08-06T17:55:39.645Z,5.01
2026-08-06T17:55:54.734Z,5.01
2026-08-06T17:56:09.828Z,4.99
2026-08-06T17:56:27.695Z,4.95
2026-08-06T17:56:40.298Z,4.94
2026-08-06T17:56:55.111Z,4.93
2026-08-06T17:57:15.151Z,4.87
2026-08-06T17:57:30.231Z,4.88
2026-08-06T17:57:45.474Z,4.88
2026-08-06T17:57:59Z,4.85
2026-08-06T17:58:00.402Z,4.85
2026-08-06T17:58:15.465Z,4.85
2026-08-06T17:58:35.561Z,4.83
2026-08-06T17:58:50.653Z,4.83
2026-08-06T17:59:05.747Z,4.77
2026-08-06T17:59:20.851Z,4.75
2026-08-06T17:59:35.956Z,4.78
2026-08-06T17:59:51.025Z,4.75
2026-08-06T18:00:13.987Z,4.72
2026-08-06T18:00:26.116Z,4.68
2026-08-06T18:00:46.189Z,4.65
2026-08-06T18:01:06.285Z,4.67
2026-08-06T18:01:26.364Z,4.63
2026-08-06T18:01:46.455Z,4.64
2026-08-06T18:02:02.818Z,4.66
2026-08-06T18:02:16.662Z,4.61
2026-08-06T18:02:31.707Z,4.61
2026-08-06T18:02:46.767Z,4.62
2026-08-06T18:03:01Z,4.61
2026-08-06T18:03:02.529Z,4.61
2026-08-06T18:03:16.906Z,4.6
2026-08-06T18:03:37.007Z,4.57
2026-08-06T18:03:52.082Z,4.52
2026-08-06T18:04:07.624Z,4.46
2026-08-06T18:04:22.245Z,4.46
2026-08-06T18:04:37.321Z,4.49
2026-08-06T18:04:52.415Z,4.49
2026-08-06T18:05:12.864Z,4.49
2026-08-06T18:05:22.55Z,4.46
2026-08-06T18:05:37.722Z,4.45
2026-08-06T18:05:52.71Z,4.44
2026-08-06T18:06:07.8Z,4.41
2026-08-06T18:06:23.07Z,4.37
2026-08-06T18:06:38.029Z,4.33
2026-08-06T18:06:53.068Z,4.32
2026-08-06T18:07:08.146Z,4.31
2026-08-06T18:07:23.351Z,4.29
2026-08-06T18:07:43.309Z,4.27
2026-08-06T18:07:58.385Z,4.29
2026-08-06T18:08:13Z,4.31
2026-08-06T18:08:13.467Z,4.31
2026-08-06T18:08:33.795Z,4.29
2026-08-06T18:08:53.596Z,4.26
2026-08-06T18:09:08.706Z,4.22
2026-08-06T18:09:23.781Z,4.21
2026-08-06T18:09:38.894Z,4.18
2026-08-06T18:09:58.937Z,4.2
2026-08-06T18:10:14.031Z,4.2
2026-08-06T18:10:34.12Z,4.14
2026-08-06T18:10:54.192Z,4.08
2026-08-06T18:11:09.321Z,4.08
2026-08-06T18:11:24.398Z,4.06
2026-08-06T18:11:44.417Z,4.04
2026-08-06T18:12:05.176Z,4.03
2026-08-06T18:12:19.6Z,4.02
2026-08-06T18:12:34.701Z,3.98
2026-08-06T18:12:54.764Z,3.97
2026-08-06T18:13:14Z,3.98
2026-08-06T18:13:14.827Z,3.98
2026-08-06T18:13:35.392Z,3.96
2026-08-06T18:13:55.055Z,3.95
2026-08-06T18:14:15.343Z,3.94
2026-08-06T18:14:35.929Z,3.9
2026-08-06T18:14:55.527Z,3.9
2026-08-06T18:15:13.012Z,3.88
2026-08-06T18:15:25.452Z,3.86
2026-08-06T18:15:45.565Z,3.84
2026-08-06T18:16:00.596Z,3.84
2026-08-06T18:16:15.698Z,3.82
2026-08-06T18:16:30.723Z,3.81
2026-08-06T18:16:45.808Z,3.8
2026-08-06T18:17:03.041Z,3.79
2026-08-06T18:17:16.006Z,3.79
2026-08-06T18:17:31.085Z,3.77
2026-08-06T18:17:46.16Z,3.77
2026-08-06T18:18:02.715Z,3.77
2026-08-06T18:18:15Z,3.76
2026-08-06T18:18:16.295Z,3.76
2026-08-06T18:18:31.361Z,3.74
2026-08-06T18:18:46.435Z,3.72
2026-08-06T18:19:02.552Z,3.7
2026-08-06T18:19:16.585Z,3.7
2026-08-06T18:19:36.772Z,3.71
2026-08-06T18:19:52.879Z,3.7
2026-08-06T18:20:12.642Z,3.69
2026-08-06T18:20:26.977Z,3.68
2026-08-06T18:20:42.058Z,3.68
2026-08-06T18:20:57.453Z,3.67
2026-08-06T18:21:12.501Z,3.67
2026-08-06T18:21:32.299Z,3.64
2026-08-06T18:21:52.376Z,3.61
2026-08-06T18:22:07.57Z,3.61
2026-08-06T18:22:22.51Z,3.55
2026-08-06T18:22:37.582Z,3.56
2026-08-06T18:22:52.673Z,3.55
2026-08-06T18:23:07Z,3.55
2026-08-06T18:23:07.756Z,3.55
2026-08-06T18:23:22.809Z,3.56
2026-08-06T18:23:42.969Z,3.55
2026-08-06T18:23:57.965Z,3.57
2026-08-06T18:24:13.052Z,3.56
2026-08-06T18:24:28.138Z,3.52
2026-08-06T18:24:43.24Z,3.52
2026-08-06T18:25:10.476Z,3.49
2026-08-06T18:25:18.351Z,3.47
2026-08-06T18:25:33.429Z,3.45
2026-08-06T18:25:48.513Z,3.45
2026-08-06T18:26:03.611Z,3.41
2026-08-06T18:26:20.201Z,3.43
2026-08-06T18:26:33.811Z,3.43
2026-08-06T18:26:53.876Z,3.42
2026-08-06T18:27:08.959Z,3.39
2026-08-06T18:27:24.036Z,3.4
2026-08-06T18:27:39.174Z,3.41
2026-08-06T18:27:54.23Z,3.4
2026-08-06T18:28:08Z,3.38
2026-08-06T18:28:09.879Z,3.38
2026-08-06T18:28:24.402Z,3.38
2026-08-06T18:28:44.445Z,3.37
2026-08-06T18:28:59.513Z,3.37
2026-08-06T18:29:14.853Z,3.36
2026-08-06T18:29:29.692Z,3.33
2026-08-06T18:29:44.766Z,3.32
2026-08-06T18:30:00.368Z,3.32
2026-08-06T18:30:15.133Z,3.32
2026-08-06T18:30:30.013Z,3.31
2026-08-06T18:30:45.984Z,3.31
2026-08-06T18:31:00.155Z,3.31
2026-08-06T18:31:15.254Z,3.31
2026-08-06T18:31:30.324Z,3.25
2026-08-06T18:31:45.381Z,3.25
2026-08-06T18:32:05.485Z,3.25
2026-08-06T18:32:25.644Z,3.24
2026-08-06T18:32:40.825Z,3.25
2026-08-06T18:33:00.702Z,3.25
2026-08-06T18:33:15Z,3.24
2026-08-06T18:33:15.795Z,3.24
2026-08-06T18:33:30.841Z,3.23
2026-08-06T18:33:50.927Z,3.22
2026-08-06T18:34:06Z,3.22
2026-08-06T18:34:21.083Z,3.21
2026-08-06T18:34:37.156Z,3.2
2026-08-06T18:34:56.599Z,3.16
2026-08-06T18:35:12.166Z,3.17
2026-08-06T18:35:26.392Z,3.17
2026-08-06T18:35:41.529Z,3.12
2026-08-06T18:35:56.604Z,3.11
2026-08-06T18:36:11.672Z,3.1
2026-08-06T18:36:26.727Z,3.09
2026-08-06T18:36:41.794Z,3.09
2026-08-06T18:36:56.854Z,3.09
2026-08-06T18:37:11.974Z,3.12
2026-08-06T18:37:27.116Z,3.12
2026-08-06T18:37:42.145Z,3.11
2026-08-06T18:37:57.193Z,3.09
2026-08-06T18:38:16Z,3.07
2026-08-06T18:38:17.301Z,3.07
2026-08-06T18:38:32.351Z,3.07
2026-08-06T18:38:48.868Z,3.03
2026-08-06T18:39:04.972Z,3.01
2026-08-06T18:39:17.546Z,3.0
2026-08-06T18:39:32.622Z,2.99
2026-08-06T18:39:52.717Z,2.97
2026-08-06T18:40:12.777Z,2.96
2026-08-06T18:40:23.905Z,2.99
2026-08-06T18:40:37.946Z,3.0
2026-08-06T18:40:53.028Z,3.0
2026-08-06T18:41:08.079Z,2.98
2026-08-06T18:41:23.207Z,2.98
2026-08-06T18:41:43.287Z,2.93
2026-08-06T18:41:58.404Z,2.9
2026-08-06T18:42:18.426Z,2.92
2026-08-06T18:42:33.48Z,2.89
2026-08-06T18:42:53.545Z,2.89
2026-08-06T18:43:08.618Z,2.88
2026-08-06T18:43:23Z,2.88
2026-08-06T18:43:23.713Z,2.88
2026-08-06T18:43:43.841Z,2.86
2026-08-06T18:43:59.51Z,2.85
2026-08-06T18:44:19.029Z,2.85
2026-08-06T18:44:34.099Z,2.86
2026-08-06T18:44:49.156Z,2.85
2026-08-06T18:45:12.357Z,2.84
2026-08-06T18:45:20.174Z,2.84
2026-08-06T18:45:39.396Z,2.83
2026-08-06T18:45:54.428Z,2.81
2026-08-06T18:46:09.499Z,2.8
2026-08-06T18:46:29.568Z,2.8
2026-08-06T18:46:44.652Z,2.78
2026-08-06T18:46:59.743Z,2.77
2026-08-06T18:47:20.918Z,2.77
2026-08-06T18:47:39.929Z,2.73
2026-08-06T18:47:55.086Z,2.74
2026-08-06T18:48:11.25Z,2.72
2026-08-06T18:48:24Z,2.72
2026-08-06T18:48:25.23Z,2.72
2026-08-06T18:48:40.255Z,2.72
2026-08-06T18:48:55.356Z,2.74
2026-08-06T18:50:15.343Z,2.73
2026-08-06T18:50:22.075Z,2.71
2026-08-06T18:50:36.97Z,2.71
2026-08-06T18:50:52.05Z,2.71
2026-08-06T18:51:07.135Z,2.69
2026-08-06T18:51:22.999Z,2.68
2026-08-06T18:51:37.346Z,2.67
2026-08-06T18:51:52.434Z,2.66
2026-08-06T18:52:07.457Z,2.65
2026-08-06T18:52:25.203Z,2.64
2026-08-06T18:52:37.761Z,2.64
2026-08-06T18:52:52.924Z,2.62
2026-08-06T18:53:08.198Z,2.62
2026-08-06T18:53:27.927Z,2.62
2026-08-06T18:53:43.028Z,2.63
2026-08-06T18:53:58.635Z,2.62
2026-08-06T18:54:18.596Z,2.62
2026-08-06T18:54:33.245Z,2.62
2026-08-06T18:54:47Z,2.6
2026-08-06T18:54:48.356Z,2.6
2026-08-06T18:55:09.976Z,2.59
2026-08-06T18:55:23.543Z,2.59
2026-08-06T18:55:38.598Z,2.58
2026-08-06T18:55:58.626Z,2.58
2026-08-06T18:56:13.702Z,2.58
2026-08-06T18:56:33.795Z,2.59
2026-08-06T18:56:48.938Z,2.58
2026-08-06T18:57:06.236Z,2.57
2026-08-06T18:57:19.31Z,2.57
2026-08-06T18:57:39.321Z,2.56
2026-08-06T18:57:54.431Z,2.56
2026-08-06T18:58:09.492Z,2.55
2026-08-06T18:58:24.603Z,2.55
2026-08-06T18:58:44.616Z,2.55
2026-08-06T18:58:59.702Z,2.55
2026-08-06T18:59:14.799Z,2.55
2026-08-06T18:59:29.914Z,2.53
2026-08-06T18:59:49Z,2.52
2026-08-06T18:59:49.944Z,2.52
2026-08-06T19:00:12.261Z,2.5
2026-08-06T19:00:20.129Z,2.48
2026-08-06T19:00:35.199Z,2.48
2026-08-06T19:00:56.234Z,2.46
2026-08-06T19:01:10.378Z,2.46
2026-08-06T19:01:25.497Z,2.45
2026-08-06T19:01:40.522Z,2.45
2026-08-06T19:01:55.607Z,2.45
2026-08-06T19:02:12.519Z,2.43
2026-08-06T19:02:30.834Z,2.43
2026-08-06T19:02:45.913Z,2.42
2026-08-06T19:03:02.853Z,2.42
2026-08-06T19:03:16.408Z,2.42
2026-08-06T19:03:31.197Z,2.42
2026-08-06T19:03:46.229Z,2.43
2026-08-06T19:04:02.783Z,2.41
2026-08-06T19:04:16.383Z,2.41
2026-08-06T19:04:31.497Z,2.41
2026-08-06T19:04:46Z,2.41
2026-08-06T19:04:46.557Z,2.41
2026-08-06T19:05:09.234Z,2.39
2026-08-06T19:05:21.714Z,2.39
2026-08-06T19:05:36.816Z,2.4
2026-08-06T19:05:58.072Z,2.39
2026-08-06T19:06:11.982Z,2.39
2026-08-06T19:06:32.073Z,2.38
2026-08-06T19:06:47.126Z,2.37
2026-08-06T19:07:07.644Z,2.36
2026-08-06T19:07:22.479Z,2.36
2026-08-06T19:07:37.535Z,2.36
2026-08-06T19:07:52.576Z,2.37
2026-08-06T19:08:12.659Z,2.33
2026-08-06T19:08:27.742Z,2.32
2026-08-06T19:08:42.847Z,2.32
2026-08-06T19:09:02.931Z,2.31
2026-08-06T19:09:18.109Z,2.3
2026-08-06T19:09:34.749Z,2.32
2026-08-06T19:09:47Z,2.32
2026-08-06T19:09:48.198Z,2.32
2026-08-06T19:10:12.7Z,2.31
2026-08-06T19:10:18.335Z,2.31
2026-08-06T19:10:33.695Z,2.31
2026-08-06T19:10:48.525Z,2.31
2026-08-06T19:11:08.661Z,2.3
2026-08-06T19:11:23.718Z,2.3
2026-08-06T19:11:43.803Z,2.29
2026-08-06T19:12:03.952Z,2.27
2026-08-06T19:12:18.965Z,2.26
2026-08-06T19:12:34.289Z,2.24
2026-08-06T19:12:49.13Z,2.24
2026-08-06T19:13:04.231Z,2.25
2026-08-06T19:13:19.352Z,2.24
2026-08-06T19:13:34.418Z,2.24
2026-08-06T19:13:50.239Z,2.23
2026-08-06T19:14:04.523Z,2.23
2026-08-06T19:14:19.625Z,2.22
2026-08-06T19:14:34.793Z,2.23
2026-08-06T19:14:49Z,2.22
2026-08-06T19:14:49.829Z,2.22
2026-08-06T19:15:12.318Z,2.23
2026-08-06T19:15:19.993Z,2.24
2026-08-06T19:15:40.069Z,2.23
2026-08-06T19:15:55.763Z,2.22
2026-08-06T19:16:15.236Z,2.22
2026-08-06T19:16:35.304Z,2.21
2026-08-06T19:16:50.536Z,2.21
2026-08-06T19:17:05.551Z,2.21
2026-08-06T19:17:25.611Z,2.21
2026-08-06T19:17:40.696Z,2.21
2026-08-06T19:18:02.511Z,2.21
2026-08-06T19:18:15.846Z,2.2
2026-08-06T19:18:30.945Z,2.19
2026-08-06T19:18:47.259Z,2.15
2026-08-06T19:19:02.754Z,2.15
2026-08-06T19:19:16.281Z,2.15
2026-08-06T19:19:31.347Z,2.13
2026-08-06T19:19:51Z,2.13
2026-08-06T19:19:51.434Z,2.13
2026-08-06T19:20:15.395Z,2.13
2026-08-06T19:20:21.594Z,2.13
2026-08-06T19:20:41.812Z,2.14
2026-08-06T19:20:56.757Z,2.14
2026-08-06T19:21:11.86Z,2.14
2026-08-06T19:21:26.927Z,2.13
2026-08-06T19:21:42.12Z,2.13
2026-08-06T19:21:57.131Z,2.12
2026-08-06T19:22:12.189Z,2.11
2026-08-06T19:22:27.266Z,2.11
2026-08-06T19:22:47.334Z,2.11
2026-08-06T19:23:03.697Z,2.1
2026-08-06T19:23:17.523Z,2.1
2026-08-06T19:23:32.62Z,2.09
2026-08-06T19:23:47.702Z,2.07
2026-08-06T19:24:03.102Z,2.07
2026-08-06T19:24:17.874Z,2.06
2026-08-06T19:24:33.042Z,2.06
2026-08-06T19:24:48.364Z,2.04
2026-08-06T19:25:02Z,2.05
2026-08-06T19:25:07.792Z,2.05
2026-08-06T19:25:18.258Z,2.05
2026-08-06T19:25:33.296Z,2.05
2026-08-06T19:25:48.36Z,2.04
2026-08-06T19:26:08.417Z,2.03
2026-08-06T19:26:23.515Z,2.03
2026-08-06T19:26:38.64Z,2.03
2026-08-06T19:26:54.055Z,2.02
2026-08-06T19:27:13.803Z,2.02
2026-08-06T19:27:28.874Z,2.01
2026-08-06T19:27:43.986Z,2.01
2026-08-06T19:27:59.043Z,2.0
2026-08-06T19:28:14.147Z,2.0
2026-08-06T19:28:29.192Z,2.0
2026-08-06T19:28:44.259Z,1.99
2026-08-06T19:28:59.36Z,1.99
2026-08-06T19:29:15.028Z,1.99
2026-08-06T19:29:29.521Z,1.98
2026-08-06T19:29:44.587Z,1.96
2026-08-06T19:30:04Z,1.95
2026-08-06T19:30:11.394Z,1.95
2026-08-06T19:30:19.747Z,1.94
2026-08-06T19:30:39.83Z,1.94
2026-08-06T19:30:59.894Z,1.94
2026-08-06T19:31:15.005Z,1.94
2026-08-06T19:31:30.37Z,1.92
2026-08-06T19:31:45.203Z,1.93
2026-08-06T19:32:05.31Z,1.92
2026-08-06T19:32:20.356Z,1.92
2026-08-06T19:32:35.446Z,1.92
2026-08-06T19:32:50.507Z,1.91
2026-08-06T19:33:10.614Z,1.9
2026-08-06T19:33:26.925Z,1.9
2026-08-06T19:33:40.805Z,1.89
2026-08-06T19:33:55.858Z,1.89
2026-08-06T19:34:10.91Z,1.89
2026-08-06T19:34:26.008Z,1.89
2026-08-06T19:34:41.461Z,1.89
2026-08-06T19:34:55Z,1.88
2026-08-06T19:34:56.18Z,1.88
2026-08-06T19:35:12.114Z,1.89
2026-08-06T19:35:26.329Z,1.88
2026-08-06T19:35:46.431Z,1.88
2026-08-06T19:36:03.864Z,1.86
2026-08-06T19:36:16.685Z,1.85
2026-08-06T19:36:31.692Z,1.84
2026-08-06T19:36:46.779Z,1.84
2026-08-06T19:37:03.653Z,1.84
2026-08-06T19:37:16.938Z,1.83
2026-08-06T19:37:32.035Z,1.82
2026-08-06T19:37:47.106Z,1.82
2026-08-06T19:38:02.855Z,1.82
2026-08-06T19:38:17.844Z,1.82
2026-08-06T19:38:32.357Z,1.82
2026-08-06T19:38:47.424Z,1.82
2026-08-06T19:39:02.727Z,1.82
2026-08-06T19:39:22.598Z,1.81
2026-08-06T19:39:37.676Z,1.81
2026-08-06T19:39:52.774Z,1.82
2026-08-06T19:40:07Z,1.81
2026-08-06T19:40:12.466Z,1.81
2026-08-06T19:40:23.287Z,1.8
2026-08-06T19:40:38.073Z,1.8
2026-08-06T19:40:53.088Z,1.8
2026-08-06T19:41:08.165Z,1.77
2026-08-06T19:41:23.334Z,1.78
2026-08-06T19:41:38.402Z,1.78
2026-08-06T19:41:54.95Z,1.77
2026-08-06T19:42:08.587Z,1.77
2026-08-06T19:42:23.657Z,1.76
2026-08-06T19:42:38.717Z,1.76
2026-08-06T19:42:53.845Z,1.74
2026-08-06T19:43:08.874Z,1.75
2026-08-06T19:43:23.976Z,1.76
2026-08-06T19:43:39.029Z,1.75
2026-08-06T19:43:54.171Z,1.75
2026-08-06T19:44:14.884Z,1.73
2026-08-06T19:44:29.352Z,1.73
2026-08-06T19:44:44.496Z,1.72
2026-08-06T19:44:59Z,1.72
2026-08-06T19:44:59.55Z,1.72
2026-08-06T19:45:16.288Z,1.71
2026-08-06T19:45:29.67Z,1.71
2026-08-06T19:45:49.716Z,1.71
2026-08-06T19:46:05.847Z,1.71
2026-08-06T19:46:19.908Z,1.71
2026-08-06T19:46:35.115Z,1.7
2026-08-06T19:46:50.16Z,1.7
2026-08-06T19:47:05.259Z,1.7
2026-08-06T19:47:20.312Z,1.7
2026-08-06T19:47:40.403Z,1.7
2026-08-06T19:47:55.486Z,1.7
2026-08-06T19:48:10.559Z,1.69
2026-08-06T19:48:25.639Z,1.69
2026-08-06T19:48:45.737Z,1.68
2026-08-06T19:49:02.595Z,1.68
2026-08-06T19:49:20.957Z,1.67
2026-08-06T19:49:41.004Z,1.67
2026-08-06T19:49:56.077Z,1.68
2026-08-06T19:50:10Z,1.66
2026-08-06T19:50:12.911Z,1.66
2026-08-06T19:50:26.292Z,1.66
2026-08-06T19:50:41.371Z,1.65
2026-08-06T19:50:56.469Z,1.65
2026-08-06T19:51:11.58Z,1.65
2026-08-06T19:51:26.857Z,1.65
2026-08-06T19:51:41.842Z,1.65
2026-08-06T19:51:56.978Z,1.65
2026-08-06T19:52:11.988Z,1.65
2026-08-06T19:52:27.099Z,1.64
2026-08-06T19:52:42.22Z,1.64
2026-08-06T19:52:57.213Z,1.64
2026-08-06T19:53:12.346Z,1.63
2026-08-06T19:53:27.762Z,1.63
2026-08-06T19:53:42.464Z,1.63
2026-08-06T19:53:57.659Z,1.62
2026-08-06T19:54:12.653Z,1.62
2026-08-06T19:54:32.759Z,1.61
2026-08-06T19:54:52.814Z,1.61
2026-08-06T19:55:07Z,1.61
2026-08-06T19:55:15.035Z,1.61
2026-08-06T19:55:22.999Z,1.6
2026-08-06T19:55:38.914Z,1.61
2026-08-06T19:55:53.159Z,1.61
2026-08-06T19:56:08.257Z,1.6
2026-08-06T19:56:23.326Z,1.6
2026-08-06T19:56:38.403Z,1.6
2026-08-06T19:56:53.561Z,1.59
2026-08-06T19:57:08.612Z,1.59
2026-08-06T19:57:28.676Z,1.59
2026-08-06T19:57:44.107Z,1.59
2026-08-06T19:57:58.897Z,1.58
2026-08-06T19:58:13.913Z,1.58
2026-08-06T19:58:29.035Z,1.58
2026-08-06T19:58:44.103Z,1.58
2026-08-06T19:58:59.278Z,1.58
2026-08-06T19:59:14.474Z,1.58
2026-08-06T19:59:29.595Z,1.57
2026-08-06T19:59:44.646Z,1.57
2026-08-06T19:59:59.755Z,1.56
2026-08-06T20:00:14Z,1.56
2026-08-06T20:00:14.813Z,1.56
2026-08-06T20:00:29.935Z,1.56
2026-08-06T20:00:44.954Z,1.56
2026-08-06T20:01:02.752Z,1.55
2026-08-06T20:01:15.164Z,1.53
2026-08-06T20:01:30.212Z,1.52
2026-08-06T20:01:45.298Z,1.52
2026-08-06T20:02:00.355Z,1.52
2026-08-06T20:02:15.437Z,1.51
2026-08-06T20:02:35.548Z,1.52
2026-08-06T20:02:55.595Z,1.52
2026-08-06T20:03:10.649Z,1.53
2026-08-06T20:03:30.736Z,1.53
2026-08-06T20:03:46.215Z,1.53
2026-08-06T20:04:02.913Z,1.53
2026-08-06T20:04:21.025Z,1.52
2026-08-06T20:04:36.118Z,1.52
2026-08-06T20:04:51.197Z,1.52
2026-08-06T20:05:10Z,1.52
2026-08-06T20:05:13.29Z,1.52
2026-08-06T20:05:26.375Z,1.51
2026-08-06T20:05:41.443Z,1.51
2026-08-06T20:05:57.385Z,1.5
2026-08-06T20:06:11.62Z,1.49
2026-08-06T20:06:31.782Z,1.49
2026-08-06T20:06:46.916Z,1.48
2026-08-06T20:07:06.931Z,1.48
2026-08-06T20:07:23.985Z,1.47
2026-08-06T20:07:37.141Z,1.47
2026-08-06T20:07:57.215Z,1.48
2026-08-06T20:08:12.271Z,1.47
2026-08-06T20:08:27.368Z,1.47
2026-08-06T20:08:42.776Z,1.47
2026-08-06T20:09:03.082Z,1.47
2026-08-06T20:09:17.675Z,1.47
2026-08-06T20:09:33.989Z,1.45
2026-08-06T20:09:52.806Z,1.45
2026-08-06T20:10:12Z,1.46
2026-08-06T20:10:14.845Z,1.46
2026-08-06T20:10:32.973Z,1.45
2026-08-06T20:10:48.049Z,1.45
2026-08-06T20:11:03.18Z,1.44
2026-08-06T20:11:18.262Z,1.44
2026-08-06T20:11:33.607Z,1.44
2026-08-06T20:11:53.399Z,1.44
2026-08-06T20:12:08.869Z,1.44
2026-08-06T20:12:23.628Z,1.44
2026-08-06T20:12:38.865Z,1.44
2026-08-06T20:12:58.765Z,1.44
2026-08-06T20:13:13.814Z,1.43
2026-08-06T20:13:28.898Z,1.43
2026-08-06T20:13:45.241Z,1.43
2026-08-06T20:14:00.089Z,1.42
2026-08-06T20:14:14.273Z,1.42
2026-08-06T20:14:29.372Z,1.41
2026-08-06T20:14:44.449Z,1.41
2026-08-06T20:14:59.538Z,1.41
2026-08-06T20:15:14Z,1.4
2026-08-06T20:15:14.641Z,1.4
2026-08-06T20:15:29.728Z,1.4
2026-08-06T20:15:44.841Z,1.4
2026-08-06T20:15:59.877Z,1.4
2026-08-06T20:16:14.961Z,1.4
2026-08-06T20:16:30.104Z,1.39
2026-08-06T20:16:50.183Z,1.4
2026-08-06T20:17:10.273Z,1.4
2026-08-06T20:17:25.336Z,1.4
2026-08-06T20:17:40.477Z,1.4
2026-08-06T20:17:55.531Z,1.39
2026-08-06T20:18:11.686Z,1.39
2026-08-06T20:18:26.789Z,1.39
2026-08-06T20:18:45.747Z,1.39
2026-08-06T20:19:00.812Z,1.38
2026-08-06T20:19:15.903Z,1.38
2026-08-06T20:19:36.182Z,1.38
2026-08-06T20:19:51.082Z,1.38
2026-08-06T20:20:05Z,1.38
2026-08-06T20:20:12.197Z,1.38
2026-08-06T20:20:26.242Z,1.37
2026-08-06T20:20:41.631Z,1.37
2026-08-06T20:21:02.984Z,1.37
2026-08-06T20:21:21.517Z,1.36
2026-08-06T20:21:36.6Z,1.36
2026-08-06T20:21:56.68Z,1.36
2026-08-06T20:22:11.828Z,1.35
2026-08-06T20:22:27.482Z,1.35
2026-08-06T20:22:47.68Z,1.35
2026-08-06T20:23:02.693Z,1.35
2026-08-06T20:23:17.158Z,1.35
2026-08-06T20:23:32.219Z,1.35
2026-08-06T20:23:47.3Z,1.34
2026-08-06T20:24:04.15Z,1.34
2026-08-06T20:24:18.259Z,1.33
2026-08-06T20:24:37.582Z,1.33
2026-08-06T20:24:57.639Z,1.33
2026-08-06T20:25:12Z,1.33
2026-08-06T20:25:13.538Z,1.33
2026-08-06T20:25:27.795Z,1.32
2026-08-06T20:25:47.922Z,1.32
2026-08-06T20:26:08.723Z,1.32
2026-08-06T20:26:23.364Z,1.32
2026-08-06T20:26:43.113Z,1.31
2026-08-06T20:26:58.184Z,1.31
2026-08-06T20:27:18.269Z,1.31
2026-08-06T20:27:38.366Z,1.31
2026-08-06T20:27:53.405Z,1.3
2026-08-06T20:28:08.558Z,1.3
2026-08-06T20:28:23.57Z,1.3
2026-08-06T20:28:38.777Z,1.3
2026-08-06T20:28:53.806Z,1.3
2026-08-06T20:29:14.253Z,1.3
2026-08-06T20:29:29.048Z,1.29
2026-08-06T20:29:44.052Z,1.29
2026-08-06T20:29:59.12Z,1.29
2026-08-06T20:30:13Z,1.29
2026-08-06T20:30:14.207Z,1.29
2026-08-06T20:30:29.866Z,1.28
2026-08-06T20:30:44.423Z,1.28
2026-08-06T20:31:04.596Z,1.28
2026-08-06T20:31:19.519Z,1.28
2026-08-06T20:31:34.619Z,1.28
2026-08-06T20:31:49.699Z,1.27
2026-08-06T20:32:04.871Z,1.27
2026-08-06T20:32:19.887Z,1.27
2026-08-06T20:32:34.972Z,1.27
2026-08-06T20:32:55.007Z,1.27
2026-08-06T20:33:10.154Z,1.27
2026-08-06T20:33:25.194Z,1.26
2026-08-06T20:33:43.03Z,1.26
2026-08-06T20:33:55.405Z,1.26
2026-08-06T20:34:10.457Z,1.25
2026-08-06T20:34:25.525Z,1.25
2026-08-06T20:34:46.519Z,1.25
2026-08-06T20:35:00.828Z,1.25
2026-08-06T20:35:15Z,1.25
2026-08-06T20:35:15.802Z,1.25
2026-08-06T20:35:30.861Z,1.25
2026-08-06T20:35:46.008Z,1.25
2026-08-06T20:36:02.692Z,1.25
2026-08-06T20:36:16.205Z,1.24
2026-08-06T20:36:36.268Z,1.24
2026-08-06T20:36:51.383Z,1.24
2026-08-06T20:37:06.464Z,1.24
2026-08-06T20:37:21.548Z,1.24
2026-08-06T20:37:36.613Z,1.24
2026-08-06T20:37:56.71Z,1.23
2026-08-06T20:38:12.304Z,1.23
2026-08-06T20:38:27.552Z,1.23
2026-08-06T20:38:42.103Z,1.23
2026-08-06T20:39:02.906Z,1.23
2026-08-06T20:39:17.184Z,1.23
2026-08-06T20:39:37.388Z,1.23
2026-08-06T20:39:52.365Z,1.23
2026-08-06T20:40:12.74Z,1.23
2026-08-06T20:40:27Z,1.22
2026-08-06T20:40:27.483Z,1.22
2026-08-06T20:40:42.594Z,1.22
2026-08-06T20:40:57.849Z,1.21
2026-08-06T20:41:12.711Z,1.21
2026-08-06T20:41:32.8Z,1.21
2026-08-06T20:41:47.894Z,1.21
2026-08-06T20:42:03.079Z,1.21
2026-08-06T20:42:18.044Z,1.21
2026-08-06T20:42:33.149Z,1.21
2026-08-06T20:42:53.201Z,1.2
2026-08-06T20:43:08.39Z,1.2
2026-08-06T20:43:23.367Z,1.2
2026-08-06T20:43:38.529Z,1.2
2026-08-06T20:43:58.566Z,1.2
2026-08-06T20:44:19.347Z,1.2
2026-08-06T20:44:38.748Z,1.19
2026-08-06T20:44:53.804Z,1.19
2026-08-06T20:45:11.513Z,1.19
2026-08-06T20:45:28Z,1.19
2026-08-06T20:45:28.965Z,1.19
2026-08-06T20:45:43.99Z,1.19
2026-08-06T20:45:59.205Z,1.18
2026-08-06T20:46:14.133Z,1.18
2026-08-06T20:46:29.24Z,1.18
2026-08-06T20:46:49.328Z,1.18
2026-08-06T20:47:04.453Z,1.18
2026-08-06T20:47:19.642Z,1.18
2026-08-06T20:47:34.607Z,1.18
2026-08-06T20:47:54.737Z,1.17
2026-08-06T20:48:14.836Z,1.17
2026-08-06T20:48:34.784Z,1.17
2026-08-06T20:48:54.865Z,1.17
2026-08-06T20:49:09.955Z,1.16
2026-08-06T20:49:25.199Z,1.16
2026-08-06T20:49:40.114Z,1.16
2026-08-06T20:49:55.196Z,1.16
2026-08-06T20:50:13.848Z,1.16
2026-08-06T20:50:29Z,1.16
2026-08-06T20:50:30.696Z,1.16
2026-08-06T20:50:45.585Z,1.16
2026-08-06T20:51:02.539Z,1.15
2026-08-06T20:51:15.657Z,1.15
2026-08-06T20:51:36.379Z,1.15
2026-08-06T20:51:55.802Z,1.15
2026-08-06T20:52:10.864Z,1.15
2026-08-06T20:52:26.033Z,1.15
2026-08-06T20:52:42.911Z,1.15
2026-08-06T20:52:56.187Z,1.14
2026-08-06T20:53:11.397Z,1.15
2026-08-06T20:53:26.498Z,1.14
2026-08-06T20:53:46.452Z,1.14
2026-08-06T20:54:02.727Z,1.14
2026-08-06T20:54:16.633Z,1.13
2026-08-06T20:54:31.699Z,1.13
2026-08-06T20:54:51.817Z,1.13
2026-08-06T20:55:11.695Z,1.13
2026-08-06T20:55:21Z,1.12
2026-08-06T20:55:21.943Z,1.12
2026-08-06T20:55:37.134Z,1.12
2026-08-06T20:55:52.227Z,1.12
2026-08-06T20:56:07.235Z,1.12
2026-08-06T20:56:22.34Z,1.12
2026-08-06T20:56:37.389Z,1.12
2026-08-06T20:56:52.597Z,1.12
2026-08-06T20:57:07.582Z,1.12
2026-08-06T20:57:22.622Z,1.12
2026-08-06T20:57:37.717Z,1.11
2026-08-06T20:57:53.033Z,1.11
2026-08-06T20:58:12.899Z,1.11
2026-08-06T20:58:36.156Z,1.11
2026-08-06T20:58:48.056Z,1.11
2026-08-06T20:59:03.179Z,1.11
2026-08-06T20:59:18.302Z,1.11
2026-08-06T20:59:33.333Z,1.11
2026-08-06T20:59:48.393Z,1.1
2026-08-06T21:00:11.817Z,1.1
2026-08-06T21:00:23Z,1.1
2026-08-06T21:00:23.582Z,1.1
2026-08-06T21:00:38.671Z,1.1
2026-08-06T21:00:53.78Z,1.09
2026-08-06T21:01:08.828Z,1.09
2026-08-06T21:01:28.978Z,1.09
2026-08-06T21:01:49Z,1.09
2026-08-06T21:02:04.886Z,1.09
2026-08-06T21:02:24.184Z,1.09
2026-08-06T21:02:39.287Z,1.09
2026-08-06T21:02:54.333Z,1.09
2026-08-06T21:03:09.399Z,1.08
2026-08-06T21:03:24.49Z,1.08
2026-08-06T21:03:39.555Z,1.08
2026-08-06T21:03:54.647Z,1.07
2026-08-06T21:04:14.704Z,1.07
2026-08-06T21:04:29.826Z,1.07
2026-08-06T21:04:44.864Z,1.07
2026-08-06T21:05:12.801Z,1.07
2026-08-06T21:05:24Z,1.06
2026-08-06T21:05:25.165Z,1.06
2026-08-06T21:05:40.175Z,1.07
2026-08-06T21:05:55.294Z,1.06
2026-08-06T21:06:10.397Z,1.06
2026-08-06T21:06:25.426Z,1.06
2026-08-06T21:06:45.504Z,1.06
2026-08-06T21:07:05.582Z,1.06
2026-08-06T21:07:21.542Z,1.05
2026-08-06T21:07:40.742Z,1.05
2026-08-06T21:07:55.861Z,1.05
2026-08-06T21:08:11.726Z,1.05
2026-08-06T21:08:25.965Z,1.05
2026-08-06T21:08:41.101Z,1.05
2026-08-06T21:09:02.497Z,1.04
2026-08-06T21:09:16.23Z,1.04
2026-08-06T21:09:31.393Z,1.04
2026-08-06T21:09:51.395Z,1.04
2026-08-06T21:10:12.958Z,1.03
2026-08-06T21:10:21Z,1.03
2026-08-06T21:10:21.674Z,1.03
2026-08-06T21:10:41.912Z,1.03
2026-08-06T21:11:02.745Z,1.03
2026-08-06T21:11:16.844Z,1.03
2026-08-06T21:11:32.325Z,1.03
2026-08-06T21:11:46.994Z,1.02
2026-08-06T21:12:02.937Z,1.02
2026-08-06T21:12:17.181Z,1.02
2026-08-06T21:12:32.31Z,1.02
2026-08-06T21:12:47.445Z,1.02
2026-08-06T21:13:02.855Z,1.02
2026-08-06T21:13:17.615Z,1.02
2026-08-06T21:13:32.74Z,1.02
2026-08-06T21:13:47.831Z,1.02
2026-08-06T21:14:03.969Z,1.02
2026-08-06T21:14:22.926Z,1.02
2026-08-06T21:14:38.088Z,1.01
2026-08-06T21:14:53.119Z,1.01
2026-08-06T21:15:13.144Z,1.01
2026-08-06T21:15:27Z,1.01
2026-08-06T21:15:28.32Z,1.01
2026-08-06T21:15:43.408Z,1.0
2026-08-06T21:16:05.046Z,1.0
2026-08-06T21:16:18.912Z,1.0
2026-08-06T21:16:33.604Z,0.99
2026-08-06T21:16:53.642Z,0.99
2026-08-06T21:17:09.128Z,0.98
2026-08-06T21:17:28.843Z,0.98
2026-08-06T21:17:43.914Z,0.98
2026-08-06T21:17:59.024Z,0.98
2026-08-06T21:18:14.079Z,0.98
2026-08-06T21:18:29.142Z,0.98
2026-08-06T21:18:49.304Z,0.98
2026-08-06T21:19:09.346Z,0.98
2026-08-06T21:19:25.179Z,0.98
2026-08-06T21:19:39.5Z,0.97
2026-08-06T21:19:54.576Z,0.97
2026-08-06T21:20:14.687Z,0.97
2026-08-06T21:20:29Z,0.97
2026-08-06T21:20:29.782Z,0.97
2026-08-06T21:20:49.857Z,0.97
2026-08-06T21:21:04.958Z,0.97
2026-08-06T21:21:20.021Z,0.97
2026-08-06T21:21:36.73Z,0.96
2026-08-06T21:21:55.19Z,0.96
2026-08-06T21:22:10.329Z,0.96
2026-08-06T21:22:25.378Z,0.95
2026-08-06T21:22:41.412Z,0.96
2026-08-06T21:22:55.533Z,0.96
2026-08-06T21:23:10.721Z,0.95
2026-08-06T21:23:25.771Z,0.95
2026-08-06T21:23:40.81Z,0.95
2026-08-06T21:23:55.876Z,0.95
2026-08-06T21:24:11.03Z,0.95
2026-08-06T21:24:31.036Z,0.94
2026-08-06T21:24:51.442Z,0.94
2026-08-06T21:25:09.905Z,0.94
2026-08-06T21:25:21.311Z,0.94
2026-08-06T21:25:35Z,0.94
2026-08-06T21:25:36.446Z,0.94
2026-08-06T21:25:51.498Z,0.93
2026-08-06T21:26:06.588Z,0.93
2026-08-06T21:26:21.677Z,0.93
2026-08-06T21:26:36.784Z,0.93
2026-08-06T21:26:51.868Z,0.93
2026-08-06T21:27:06.914Z,0.93
2026-08-06T21:27:21.994Z,0.93
2026-08-06T21:27:37.102Z,0.93
2026-08-06T21:27:52.401Z,0.92
2026-08-06T21:28:12.298Z,0.92
2026-08-06T21:28:27.753Z,0.92
2026-08-06T21:28:42.492Z,0.92
2026-08-06T21:28:57.519Z,0.92
2026-08-06T21:29:12.926Z,0.92
2026-08-06T21:29:32.687Z,0.91
2026-08-06T21:29:47.79Z,0.91
2026-08-06T21:30:08.522Z,0.91
2026-08-06T21:30:17.905Z,0.91
2026-08-06T21:30:32Z,0.91
2026-08-06T21:30:34.803Z,0.91
2026-08-06T21:30:48.14Z,0.91
2026-08-06T21:31:03.23Z,0.91
2026-08-06T21:31:18.305Z,0.91
2026-08-06T21:31:33.388Z,0.9
2026-08-06T21:31:48.465Z,0.9
2026-08-06T21:32:09.359Z,0.9
2026-08-06T21:32:28.648Z,0.9
2026-08-06T21:32:44.012Z,0.9
2026-08-06T21:32:58.948Z,0.9
2026-08-06T21:33:14.536Z,0.9
2026-08-06T21:33:29.803Z,0.9
2026-08-06T21:33:44.101Z,0.9
2026-08-06T21:34:04.279Z,0.89
2026-08-06T21:34:20.306Z,0.89
2026-08-06T21:34:34.46Z,0.89
2026-08-06T21:34:49.488Z,0.89
2026-08-06T21:35:11.186Z,0.89
2026-08-06T21:35:19.63Z,0.89
2026-08-06T21:35:34Z,0.88
2026-08-06T21:35:34.823Z,0.88
2026-08-06T21:35:54.827Z,0.88
2026-08-06T21:36:10.077Z,0.88
2026-08-06T21:36:24.972Z,0.88
2026-08-06T21:36:45.171Z,0.88
2026-08-06T21:37:00.2Z,0.88
2026-08-06T21:37:15.183Z,0.87
2026-08-06T21:37:35.204Z,0.87
2026-08-06T21:37:50.314Z,0.87
2026-08-06T21:38:05.375Z,0.87
2026-08-06T21:38:20.451Z,0.87
2026-08-06T21:38:35.55Z,0.87
2026-08-06T21:38:51.602Z,0.87
2026-08-06T21:39:10.688Z,0.87
2026-08-06T21:39:25.799Z,0.86
2026-08-06T21:39:40.845Z,0.86
2026-08-06T21:39:55.932Z,0.86
2026-08-06T21:40:11.82Z,0.86
2026-08-06T21:40:26.195Z,0.86
2026-08-06T21:40:40Z,0.86
2026-08-06T21:40:42.889Z,0.86
2026-08-06T21:40:56.396Z,0.86
2026-08-06T21:41:16.5Z,0.86
2026-08-06T21:41:36.727Z,0.85
2026-08-06T21:41:51.619Z,0.85
2026-08-06T21:42:06.726Z,0.85
2026-08-06T21:42:26.798Z,0.85
2026-08-06T21:42:41.984Z,0.85
2026-08-06T21:42:57.066Z,0.85
2026-08-06T21:43:17.066Z,0.85
2026-08-06T21:43:32.206Z,0.85
2026-08-06T21:43:48.238Z,0.85
2026-08-06T21:44:07.789Z,0.85
2026-08-06T21:44:22.549Z,0.85
2026-08-06T21:44:37.587Z,0.84
2026-08-06T21:44:52.589Z,0.84
2026-08-06T21:45:11.721Z,0.84
2026-08-06T21:45:22.727Z,0.84
2026-08-06T21:45:37Z,0.84
2026-08-06T21:45:37.837Z,0.84
2026-08-06T21:45:52.877Z,0.84
2026-08-06T21:46:07.971Z,0.84
2026-08-06T21:46:23.052Z,0.84
2026-08-06T21:46:38.168Z,0.83
2026-08-06T21:46:58.227Z,0.83
2026-08-06T21:47:13.273Z,0.83
2026-08-06T21:47:28.44Z,0.83
2026-08-06T21:47:48.505Z,0.83
2026-08-06T21:48:03.608Z,0.83
2026-08-06T21:48:18.645Z,0.82
2026-08-06T21:48:33.738Z,0.82
2026-08-06T21:48:48.829Z,0.82
2026-08-06T21:49:04.211Z,0.82
2026-08-06T21:49:18.992Z,0.82
2026-08-06T21:49:34.065Z,0.82
2026-08-06T21:49:49.209Z,0.82
2026-08-06T21:50:12.37Z,0.82
2026-08-06T21:50:24.343Z,0.82
2026-08-06T21:50:38Z,0.82
2026-08-06T21:50:39.36Z,0.82
2026-08-06T21:50:54.447Z,0.82
2026-08-06T21:51:11.185Z,0.81
2026-08-06T21:51:24.623Z,0.81
2026-08-06T21:51:39.686Z,0.81
2026-08-06T21:51:54.752Z,0.81
2026-08-06T21:52:15.641Z,0.8
2026-08-06T21:52:29.933Z,0.8
2026-08-06T21:52:45.008Z,0.8
2026-08-06T21:53:00.093Z,0.8
2026-08-06T21:53:15.214Z,0.8
2026-08-06T21:53:35.245Z,0.8
2026-08-06T21:53:50.409Z,0.8
2026-08-06T21:54:10.421Z,0.8
2026-08-06T21:54:25.759Z,0.79
2026-08-06T21:54:40.563Z,0.8
2026-08-06T21:55:00.804Z,0.79
2026-08-06T21:55:20.75Z,0.79
2026-08-06T21:55:36.116Z,0.79
2026-08-06T21:55:50Z,0.79
2026-08-06T21:55:50.931Z,0.79
2026-08-06T21:56:05.992Z,0.78
2026-08-06T21:56:21.071Z,0.78
2026-08-06T21:56:36.233Z,0.78
2026-08-06T21:56:51.314Z,0.78
2026-08-06T21:57:06.278Z,0.78
2026-08-06T21:57:22.331Z,0.78
2026-08-06T21:57:36.515Z,0.78
2026-08-06T21:57:56.57Z,0.78
2026-08-06T21:58:11.63Z,0.78
2026-08-06T21:58:26.74Z,0.78
2026-08-06T21:58:48.001Z,0.78
2026-08-06T21:59:06.865Z,0.78
2026-08-06T21:59:21.949Z,0.78
2026-08-06T21:59:37.059Z,0.77
2026-08-06T21:59:52.149Z,0.77
2026-08-06T22:00:12.671Z,0.77
2026-08-06T22:00:28.171Z,0.77
2026-08-06T22:00:41Z,0.77
2026-08-06T22:00:42.372Z,0.77
2026-08-06T22:00:57.564Z,0.76
2026-08-06T22:01:13.406Z,0.76
2026-08-06T22:01:27.588Z,0.76
2026-08-06T22:01:42.67Z,0.76
2026-08-06T22:01:57.803Z,0.76
2026-08-06T22:02:12.938Z,0.76
2026-08-06T22:02:28.034Z,0.76
2026-08-06T22:02:48.112Z,0.76
2026-08-06T22:03:08.167Z,0.76
2026-08-06T22:03:23.225Z,0.76
2026-08-06T22:03:43.391Z,0.76
2026-08-06T22:03:58.46Z,0.76
2026-08-06T22:04:13.478Z,0.76
2026-08-06T22:04:28.613Z,0.76
2026-08-06T22:04:43.712Z,0.76
2026-08-06T22:04:58.747Z,0.76
2026-08-06T22:05:18.846Z,0.76
2026-08-06T22:05:38.926Z,0.75
2026-08-06T22:05:53Z,0.75
2026-08-06T22:05:54.555Z,0.75
2026-08-06T22:06:09.077Z,0.75
2026-08-06T22:06:24.156Z,0.75
2026-08-06T22:06:39.286Z,0.75
2026-08-06T22:06:54.341Z,0.74
2026-08-06T22:07:14.465Z,0.74
2026-08-06T22:07:29.471Z,0.74
2026-08-06T22:07:44.561Z,0.74
2026-08-06T22:08:04.981Z,0.74
2026-08-06T22:08:19.738Z,0.74
2026-08-06T22:08:39.806Z,0.74
2026-08-06T22:08:59.903Z,0.73
2026-08-06T22:09:19.997Z,0.73
2026-08-06T22:09:35.116Z,0.73
2026-08-06T22:09:50.356Z,0.73
2026-08-06T22:10:12.488Z,0.73
2026-08-06T22:10:20.321Z,0.73
2026-08-06T22:10:37.251Z,0.73
2026-08-06T22:10:50Z,0.73
2026-08-06T22:10:50.426Z,0.73
2026-08-06T22:11:05.535Z,0.73
2026-08-06T22:11:25.656Z,0.73
2026-08-06T22:11:40.677Z,0.73
2026-08-06T22:11:56.117Z,0.73
2026-08-06T22:12:10.876Z,0.73
2026-08-06T22:12:30.997Z,0.73
2026-08-06T22:12:46.048Z,0.73
2026-08-06T22:13:02.432Z,0.73
2026-08-06T22:13:16.19Z,0.73
2026-08-06T22:13:36.297Z,0.74
2026-08-06T22:13:51.382Z,0.73
2026-08-06T22:14:11.454Z,0.72
2026-08-06T22:14:31.546Z,0.73
2026-08-06T22:14:51.612Z,0.72
2026-08-06T22:15:11.842Z,0.72
2026-08-06T22:15:31.783Z,0.72
2026-08-06T22:15:46Z,0.72
2026-08-06T22:15:47.137Z,0.72
2026-08-06T22:16:03.144Z,0.72
2026-08-06T22:16:17.186Z,0.72
2026-08-06T22:16:37.286Z,0.72
2026-08-06T22:16:52.215Z,0.71
2026-08-06T22:17:12.335Z,0.72
2026-08-06T22:17:27.377Z,0.72
2026-08-06T22:17:43.605Z,0.72
2026-08-06T22:18:02.797Z,0.72
2026-08-06T22:18:22.613Z,0.72
2026-08-06T22:18:37.69Z,0.71
2026-08-06T22:18:52.995Z,0.71
2026-08-06T22:19:12.908Z,0.71
2026-08-06T22:19:28.021Z,0.71
2026-08-06T22:19:43.067Z,0.71
2026-08-06T22:19:58.211Z,0.71
2026-08-06T22:20:13.248Z,0.7
2026-08-06T22:20:28.372Z,0.7
2026-08-06T22:20:43.473Z,0.7
2026-08-06T22:20:58Z,0.7
2026-08-06T22:20:58.534Z,0.7
2026-08-06T22:21:13.55Z,0.7
2026-08-06T22:21:28.632Z,0.7
2026-08-06T22:21:43.83Z,0.7
2026-08-06T22:22:01.038Z,0.7
2026-08-06T22:22:13.939Z,0.7
2026-08-06T22:22:34.13Z,0.7
2026-08-06T22:22:54.089Z,0.7
2026-08-06T22:23:14.378Z,0.7
2026-08-06T22:23:29.24Z,0.7
2026-08-06T22:23:44.357Z,0.7
2026-08-06T22:23:59.41Z,0.7
2026-08-06T22:24:14.634Z,0.69
2026-08-06T22:24:34.641Z,0.69
2026-08-06T22:24:49.699Z,0.69
2026-08-06T22:25:13.363Z,0.69
2026-08-06T22:25:29.832Z,0.7
2026-08-06T22:25:49Z,0.69
2026-08-06T22:25:49.952Z,0.69
2026-08-06T22:26:06.601Z,0.69
2026-08-06T22:26:20.091Z,0.69
2026-08-06T22:26:35.208Z,0.69
2026-08-06T22:26:55.278Z,0.69
2026-08-06T22:27:10.38Z,0.69
2026-08-06T22:27:25.441Z,0.69
2026-08-06T22:27:40.537Z,0.69
2026-08-06T22:27:57.207Z,0.69
2026-08-06T22:28:10.894Z,0.68
2026-08-06T22:28:25.777Z,0.68
2026-08-06T22:28:45.897Z,0.68
2026-08-06T22:29:03.513Z,0.68
2026-08-06T22:29:16.072Z,0.68
2026-08-06T22:29:31.369Z,0.68
2026-08-06T22:29:51.244Z,0.67
2026-08-06T22:30:15.617Z,0.68
2026-08-06T22:30:21.804Z,0.68
2026-08-06T22:30:36.532Z,0.68
2026-08-06T22:30:51Z,0.68
2026-08-06T22:30:51.55Z,0.68
2026-08-06T22:31:06.628Z,0.68
2026-08-06T22:31:26.743Z,0.68
2026-08-06T22:31:46.868Z,0.68
2026-08-06T22:32:02.941Z,0.68
2026-08-06T22:32:21.972Z,0.67
2026-08-06T22:32:37.088Z,0.67
2026-08-06T22:32:52.145Z,0.67
2026-08-06T22:33:07.207Z,0.67
2026-08-06T22:33:22.326Z,0.67
2026-08-06T22:33:37.365Z,0.67
2026-08-06T22:33:52.517Z,0.67
2026-08-06T22:34:12.579Z,0.68
2026-08-06T22:34:27.649Z,0.68
2026-08-06T22:34:42.714Z,0.68
2026-08-06T22:34:57.802Z,0.67
2026-08-06T22:35:17.88Z,0.67
2026-08-06T22:35:32.943Z,0.67
2026-08-06T22:35:48.095Z,0.67
2026-08-06T22:36:02Z,0.67
2026-08-06T22:36:03.149Z,0.67
2026-08-06T22:36:18.258Z,0.67
2026-08-06T22:36:33.344Z,0.67
2026-08-06T22:36:48.427Z,0.66
2026-08-06T22:37:08.483Z,0.66
2026-08-06T22:37:27.114Z,0.66
2026-08-06T22:37:38.665Z,0.66
2026-08-06T22:37:58.782Z,0.66
2026-08-06T22:38:13.901Z,0.67
2026-08-06T22:38:28.919Z,0.67
2026-08-06T22:38:44.04Z,0.67
2026-08-06T22:38:59.105Z,0.67
2026-08-06T22:39:14.215Z,0.67
2026-08-06T22:39:29.269Z,0.66
2026-08-06T22:39:49.369Z,0.66
2026-08-06T22:40:09.585Z,0.66
2026-08-06T22:40:20.02Z,0.66
2026-08-06T22:40:34.623Z,0.66
2026-08-06T22:40:49.647Z,0.65
2026-08-06T22:41:04Z,0.66
2026-08-06T22:41:04.735Z,0.66
2026-08-06T22:41:19.968Z,0.66
2026-08-06T22:41:34.917Z,0.65
2026-08-06T22:41:50.271Z,0.65
2026-08-06T22:42:05.099Z,0.65
2026-08-06T22:42:20.285Z,0.65
2026-08-06T22:42:35.301Z,0.65
2026-08-06T22:42:50.385Z,0.65
2026-08-06T22:43:05.451Z,0.65
2026-08-06T22:43:25.544Z,0.65
2026-08-06T22:43:40.643Z,0.65
2026-08-06T22:43:55.751Z,0.65
2026-08-06T22:44:10.845Z,0.65
2026-08-06T22:44:25.915Z,0.65
2026-08-06T22:44:40.938Z,0.65
2026-08-06T22:44:56.036Z,0.65
2026-08-06T22:45:14.05Z,0.65
2026-08-06T22:45:26.18Z,0.65
2026-08-06T22:45:46.267Z,0.66
2026-08-06T22:46:05Z,0.66
2026-08-06T22:46:07.105Z,0.66
2026-08-06T22:46:21.458Z,0.65
2026-08-06T22:46:36.547Z,0.65
2026-08-06T22:46:51.598Z,0.65
2026-08-06T22:47:06.727Z,0.65
2026-08-06T22:47:21.824Z,0.65
2026-08-06T22:47:41.943Z,0.65
2026-08-06T22:48:04.26Z,0.65
2026-08-06T22:48:17.108Z,0.65
2026-08-06T22:48:32.133Z,0.65
2026-08-06T22:48:47.258Z,0.65
2026-08-06T22:49:07.33Z,0.64
2026-08-06T22:49:22.962Z,0.64
2026-08-06T22:49:37.583Z,0.64
2026-08-06T22:49:57.606Z,0.64
2026-08-06T22:50:13.268Z,0.64
2026-08-06T22:50:27.783Z,0.64
2026-08-06T22:50:42.842Z,0.64
2026-08-06T22:51:02Z,0.64
2026-08-06T22:51:06.526Z,0.64
2026-08-06T22:51:18.708Z,0.64
2026-08-06T22:51:33.066Z,0.64
2026-08-06T22:51:53.148Z,0.63
2026-08-06T22:52:13.204Z,0.63
2026-08-06T22:52:33.339Z,0.63
2026-08-06T22:52:48.437Z,0.63
2026-08-06T22:53:08.442Z,0.62
2026-08-06T22:53:23.531Z,0.63
2026-08-06T22:53:38.617Z,0.63
2026-08-06T22:53:53.698Z,0.62
2026-08-06T22:54:13.842Z,0.62
2026-08-06T22:54:33.902Z,0.62
2026-08-06T22:54:49.081Z,0.62
2026-08-06T22:55:08.545Z,0.62
2026-08-06T22:55:19.125Z,0.62
2026-08-06T22:55:36.51Z,0.62
2026-08-06T22:55:49.283Z,0.62
2026-08-06T22:56:03Z,0.62
2026-08-06T22:56:05.196Z,0.62
2026-08-06T22:56:19.5Z,0.62
2026-08-06T22:56:34.568Z,0.63
2026-08-06T22:56:49.792Z,0.63
2026-08-06T22:57:04.751Z,0.62
2026-08-06T22:57:19.78Z,0.62
2026-08-06T22:57:39.955Z,0.62
2026-08-06T22:57:59.968Z,0.62
2026-08-06T22:58:15.177Z,0.62
2026-08-06T22:58:30.169Z,0.61
2026-08-06T22:58:45.22Z,0.61
2026-08-06T22:59:00.324Z,0.61
2026-08-06T22:59:16.785Z,0.61
2026-08-06T22:59:30.46Z,0.61
2026-08-06T22:59:50.547Z,0.61
2026-08-06T23:00:12.398Z,0.61
2026-08-06T23:00:20.724Z,0.61
2026-08-06T23:00:35.923Z,0.61
2026-08-06T23:00:51.077Z,0.61
2026-08-06T23:01:05Z,0.61
2026-08-06T23:01:06.078Z,0.61
2026-08-06T23:01:21.163Z,0.61
2026-08-06T23:01:36.233Z,0.6
2026-08-06T23:01:56.341Z,0.6
2026-08-06T23:02:11.409Z,0.61
2026-08-06T23:02:26.476Z,0.61
2026-08-06T23:02:41.696Z,0.6
2026-08-06T23:02:56.636Z,0.6
2026-08-06T23:03:11.738Z,0.6
2026-08-06T23:03:26.823Z,0.6
2026-08-06T23:03:41.933Z,0.6
2026-08-06T23:03:56.981Z,0.6
2026-08-06T23:04:12.098Z,0.6
2026-08-06T23:04:27.157Z,0.6
2026-08-06T23:04:42.25Z,0.6
2026-08-06T23:04:57.406Z,0.6
2026-08-06T23:05:14.155Z,0.6
2026-08-06T23:05:27.472Z,0.6
2026-08-06T23:05:42.599Z,0.6
2026-08-06T23:06:02Z,0.6
2026-08-06T23:06:04.221Z,0.6
2026-08-06T23:06:17.827Z,0.6
2026-08-06T23:06:32.899Z,0.59
2026-08-06T23:06:47.965Z,0.59
2026-08-06T23:07:03.054Z,0.59
2026-08-06T23:07:23.269Z,0.59
2026-08-06T23:07:38.428Z,0.59
2026-08-06T23:07:53.312Z,0.59
2026-08-06T23:08:10.215Z,0.59
2026-08-06T23:08:23.479Z,0.59
2026-08-06T23:08:38.587Z,0.59
2026-08-06T23:08:56.321Z,0.58
2026-08-06T23:09:08.737Z,0.58
2026-08-06T23:09:25.266Z,0.58
2026-08-06T23:09:42.091Z,0.58
2026-08-06T23:09:53.905Z,0.58
2026-08-06T23:10:12.593Z,0.58
2026-08-06T23:10:24.086Z,0.58
2026-08-06T23:10:39.201Z,0.58
2026-08-06T23:10:54.302Z,0.58
2026-08-06T23:11:08Z,0.58
2026-08-06T23:11:09.392Z,0.58
2026-08-06T23:11:24.444Z,0.58
2026-08-06T23:11:39.553Z,0.58
2026-08-06T23:11:54.756Z,0.58
2026-08-06T23:12:14.669Z,0.58
2026-08-06T23:12:29.715Z,0.58
2026-08-06T23:12:44.819Z,0.58
2026-08-06T23:12:59.947Z,0.58
2026-08-06T23:13:15.053Z,0.58
2026-08-06T23:13:30.152Z,0.58
2026-08-06T23:13:50.235Z,0.58
2026-08-06T23:14:10.3Z,0.57
2026-08-06T23:14:25.458Z,0.57
2026-08-06T23:14:40.462Z,0.57
2026-08-06T23:15:00.887Z,0.57
2026-08-06T23:15:26.892Z,0.57
2026-08-06T23:15:36.123Z,0.57
2026-08-06T23:15:51.147Z,0.57
2026-08-06T23:16:05Z,0.57
2026-08-06T23:16:06.405Z,0.57
2026-08-06T23:16:26.578Z,0.57
2026-08-06T23:16:41.45Z,0.57
2026-08-06T23:16:56.654Z,0.57
2026-08-06T23:17:11.577Z,0.57
2026-08-06T23:17:26.656Z,0.57
2026-08-06T23:17:46.797Z,0.57
2026-08-06T23:18:03.946Z,0.57
2026-08-06T23:18:16.941Z,0.57
2026-08-06T23:18:32.198Z,0.57
2026-08-06T23:18:47.745Z,0.57
2026-08-06T23:19:03.814Z,0.57
2026-08-06T23:19:17.394Z,0.57
2026-08-06T23:19:32.471Z,0.57
2026-08-06T23:19:52.526Z,0.57
2026-08-06T23:20:12.744Z,0.57
2026-08-06T23:20:23.083Z,0.57
2026-08-06T23:20:38.089Z,0.56
2026-08-06T23:20:58.122Z,0.56
2026-08-06T23:21:12Z,0.56
2026-08-06T23:21:14.515Z,0.56
2026-08-06T23:21:28.382Z,0.56
2026-08-06T23:21:43.581Z,0.56
2026-08-06T23:21:58.417Z,0.56
2026-08-06T23:22:18.588Z,0.56
2026-08-06T23:22:33.565Z,0.56
2026-08-06T23:22:48.64Z,0.56
2026-08-06T23:23:04.049Z,0.56
2026-08-06T23:23:19.245Z,0.56
2026-08-06T23:23:38.956Z,0.56
2026-08-06T23:23:54.041Z,0.55
2026-08-06T23:24:09.117Z,0.55
2026-08-06T23:24:24.224Z,0.55
2026-08-06T23:24:39.288Z,0.55
2026-08-06T23:24:54.382Z,0.55
2026-08-06T23:25:13.262Z,0.55
2026-08-06T23:25:24.586Z,0.55
2026-08-06T23:25:44.624Z,0.55
2026-08-06T23:25:59.733Z,0.55
2026-08-06T23:26:14Z,0.55
2026-08-06T23:26:14.975Z,0.55
2026-08-06T23:26:29.924Z,0.55
2026-08-06T23:26:44.977Z,0.55
2026-08-06T23:27:00.036Z,0.55
2026-08-06T23:27:15.122Z,0.55
2026-08-06T23:27:31.091Z,0.55
2026-08-06T23:27:45.307Z,0.55
2026-08-06T23:28:00.405Z,0.55
2026-08-06T23:28:15.47Z,0.55
2026-08-06T23:28:30.564Z,0.55
2026-08-06T23:28:45.678Z,0.55
2026-08-06T23:29:05.738Z,0.54
2026-08-06T23:29:20.84Z,0.54
2026-08-06T23:29:35.896Z,0.54
2026-08-06T23:29:51.036Z,0.54
2026-08-06T23:30:12.732Z,0.54
2026-08-06T23:30:21.149Z,0.54
2026-08-06T23:30:36.238Z,0.54
2026-08-06T23:30:56.31Z,0.54
2026-08-06T23:31:10Z,0.54
2026-08-06T23:31:11.467Z,0.54
2026-08-06T23:31:26.553Z,0.54
2026-08-06T23:31:46.652Z,0.54
2026-08-06T23:32:02.773Z,0.54
2026-08-06T23:32:16.818Z,0.54
2026-08-06T23:32:31.882Z,0.54
2026-08-06T23:32:46.98Z,0.54
2026-08-06T23:33:03.017Z,0.53
2026-08-06T23:33:17.151Z,0.53
2026-08-06T23:33:32.207Z,0.53
2026-08-06T23:33:47.468Z,0.53
2026-08-06T23:34:03.078Z,0.53
2026-08-06T23:34:17.577Z,0.53
2026-08-06T23:34:34.25Z,0.53
2026-08-06T23:34:47.792Z,0.53
2026-08-06T23:35:13.169Z,0.53
2026-08-06T23:35:27.872Z,0.53
2026-08-06T23:35:43.049Z,0.53
2026-08-06T23:36:03.807Z,0.53
2026-08-06T23:36:17Z,0.53
2026-08-06T23:36:18.926Z,0.53
2026-08-06T23:36:33.221Z,0.53
2026-08-06T23:36:53.276Z,0.53
2026-08-06T23:37:08.341Z,0.53
2026-08-06T23:37:23.495Z,0.53
2026-08-06T23:37:38.535Z,0.53
2026-08-06T23:37:53.59Z,0.53
2026-08-06T23:38:08.659Z,0.53
2026-08-06T23:38:28.783Z,0.52
2026-08-06T23:38:49.214Z,0.52
2026-08-06T23:39:03.964Z,0.52
2026-08-06T23:39:19.004Z,0.52
2026-08-06T23:39:34.113Z,0.52
2026-08-06T23:39:49.222Z,0.52
2026-08-06T23:40:12.704Z,0.52
2026-08-06T23:40:20.215Z,0.52
2026-08-06T23:40:39.453Z,0.52
2026-08-06T23:41:00.569Z,0.52
2026-08-06T23:41:14Z,0.52
2026-08-06T23:41:14.643Z,0.52
2026-08-06T23:41:30.686Z,0.52
2026-08-06T23:41:44.811Z,0.52
2026-08-06T23:41:59.891Z,0.52
2026-08-06T23:42:14.984Z,0.52
2026-08-06T23:42:36.148Z,0.52
2026-08-06T23:42:55.251Z,0.51
2026-08-06T23:43:15.333Z,0.51
2026-08-06T23:43:31.26Z,0.52
2026-08-06T23:43:45.426Z,0.51
2026-08-06T23:44:05.505Z,0.51
2026-08-06T23:44:25.579Z,0.51
2026-08-06T23:44:46.474Z,0.51
2026-08-06T23:45:11.832Z,0.51
2026-08-06T23:45:20.798Z,0.51
2026-08-06T23:45:41.005Z,0.51
2026-08-06T23:45:55.961Z,0.51
2026-08-06T23:46:10Z,0.51
2026-08-06T23:46:11.051Z,0.51
2026-08-06T23:46:31.177Z,0.51
2026-08-06T23:46:46.466Z,0.51
2026-08-06T23:47:03.197Z,0.51
2026-08-06T23:47:21.371Z,0.51
2026-08-06T23:47:36.436Z,0.51
2026-08-06T23:47:51.748Z,0.51
2026-08-06T23:48:11.874Z,0.5
2026-08-06T23:48:31.924Z,0.5
2026-08-06T23:48:46.997Z,0.5
2026-08-06T23:49:02.957Z,0.5
2026-08-06T23:49:17.172Z,0.5
2026-08-06T23:49:32.811Z,0.5
2026-08-06T23:49:48.167Z,0.5
2026-08-06T23:50:11.477Z,0.5
2026-08-06T23:50:22.496Z,0.5
2026-08-06T23:50:37.59Z,0.5
2026-08-06T23:50:52.669Z,0.5
2026-08-06T23:51:07.811Z,0.5
2026-08-06T23:51:27Z,0.5
2026-08-06T23:51:27.951Z,0.5
2026-08-06T23:51:43.018Z,0.5
2026-08-06T23:51:58.058Z,0.5
2026-08-06T23:52:13.126Z,0.5
2026-08-06T23:52:28.234Z,0.5
2026-08-06T23:52:44.09Z,0.5
2026-08-06T23:52:58.359Z,0.5
2026-08-06T23:53:13.453Z,0.5
2026-08-06T23:53:28.598Z,0.5
2026-08-06T23:53:43.757Z,0.5
2026-08-06T23:53:58.669Z,0.5
2026-08-06T23:54:13.833Z,0.49
2026-08-06T23:54:34.004Z,0.49
2026-08-06T23:54:49.034Z,0.49
2026-08-06T23:55:12.038Z,0.49
2026-08-06T23:55:24.702Z,0.49
2026-08-06T23:55:44.214Z,0.49
2026-08-06T23:56:00.508Z,0.49
2026-08-06T23:56:13Z,0.49
2026-08-06T23:56:15.861Z,0.49
2026-08-06T23:56:34.423Z,0.49
2026-08-06T23:56:49.549Z,0.49
2026-08-06T23:57:04.597Z,0.49
2026-08-06T23:57:25.364Z,0.49
2026-08-06T23:57:39.751Z,0.49
2026-08-06T23:57:54.826Z,0.49
2026-08-06T23:58:09.892Z,0.49
2026-08-06T23:58:24.978Z,0.48
2026-08-06T23:58:40.057Z,0.49
2026-08-06T23:59:00.14Z,0.48
2026-08-06T23:59:15.225Z,0.48
2026-08-06T23:59:30.319Z,0.48
2026-08-06T23:59:45.384Z,0.48
2026-08-07T00:00:12.791Z,0.48
2026-08-07T00:00:20.657Z,0.48
2026-08-07T00:00:35.691Z,0.48
2026-08-07T00:00:55.721Z,0.48
2026-08-07T00:01:15Z,0.48
2026-08-07T00:01:15.845Z,0.48
2026-08-07T00:01:36.37Z,0.48
2026-08-07T00:01:50.973Z,0.48
2026-08-07T00:02:06.052Z,0.48
2026-08-07T00:02:21.182Z,0.48
2026-08-07T00:02:41.279Z,0.48
2026-08-07T00:03:02.779Z,0.48
2026-08-07T00:03:21.462Z,0.48
2026-08-07T00:03:36.613Z,0.48
2026-08-07T00:03:51.61Z,0.48
2026-08-07T00:04:06.683Z,0.48
2026-08-07T00:04:21.826Z,0.48
2026-08-07T00:04:36.84Z,0.48
2026-08-07T00:04:51.93Z,0.47
2026-08-07T00:05:08.958Z,0.47
2026-08-07T00:05:29.555Z,0.47
2026-08-07T00:05:42.541Z,0.47
2026-08-07T00:05:57.321Z,0.47
2026-08-07T00:06:12.359Z,0.47
2026-08-07T00:06:26Z,0.47
2026-08-07T00:06:27.411Z,0.47
2026-08-07T00:06:42.536Z,0.47
2026-08-07T00:06:57.597Z,0.47
2026-08-07T00:07:17.735Z,0.47
2026-08-07T00:07:32.746Z,0.47
2026-08-07T00:07:47.831Z,0.47
2026-08-07T00:08:03.044Z,0.47
2026-08-07T00:08:23.009Z,0.47
2026-08-07T00:08:38.65Z,0.47
2026-08-07T00:08:53.174Z,0.47
2026-08-07T00:09:13.253Z,0.47
2026-08-07T00:09:28.415Z,0.47
2026-08-07T00:09:43.499Z,0.47
2026-08-07T00:10:11.644Z,0.47
2026-08-07T00:10:18.69Z,0.47
2026-08-07T00:10:38.767Z,0.47
2026-08-07T00:10:54.057Z,0.47
2026-08-07T00:11:08.961Z,0.47
2026-08-07T00:11:28Z,0.46
2026-08-07T00:11:29.095Z,0.46
2026-08-07T00:11:44.281Z,0.46
2026-08-07T00:11:59.127Z,0.46
2026-08-07T00:12:20.027Z,0.46
2026-08-07T00:12:34.34Z,0.46
2026-08-07T00:12:49.389Z,0.46
2026-08-07T00:13:04.522Z,0.46
2026-08-07T00:13:19.585Z,0.46
2026-08-07T00:13:34.704Z,0.46
2026-08-07T00:13:57.097Z,0.46
2026-08-07T00:14:09.831Z,0.46
2026-08-07T00:14:24.915Z,0.46
2026-08-07T00:14:39.984Z,0.46
2026-08-07T00:14:56.66Z,0.46
2026-08-07T00:15:14.729Z,0.46
2026-08-07T00:15:25.372Z,0.46
2026-08-07T00:15:40.811Z,0.46
2026-08-07T00:15:55.456Z,0.46
2026-08-07T00:16:15.572Z,0.46
2026-08-07T00:16:30Z,0.46
2026-08-07T00:16:30.628Z,0.46
2026-08-07T00:16:47.027Z,0.46
2026-08-07T00:17:05.843Z,0.46
2026-08-07T00:17:20.855Z,0.46
2026-08-07T00:17:40.936Z,0.45
2026-08-07T00:17:56.004Z,0.45
2026-08-07T00:18:11.729Z,0.45
2026-08-07T00:18:26.256Z,0.45
2026-08-07T00:18:46.797Z,0.45
2026-08-07T00:19:06.42Z,0.45
2026-08-07T00:19:21.486Z,0.45
2026-08-07T00:19:36.566Z,0.45
2026-08-07T00:19:51.621Z,0.45
2026-08-07T00:20:12.245Z,0.45
2026-08-07T00:20:21.867Z,0.45
2026-08-07T00:20:41.877Z,0.45
2026-08-07T00:20:56.964Z,0.45
2026-08-07T00:21:12.04Z,0.45
2026-08-07T00:21:26Z,0.45
2026-08-07T00:21:27.148Z,0.45
2026-08-07T00:21:42.18Z,0.45
2026-08-07T00:21:57.281Z,0.45
2026-08-07T00:22:17.366Z,0.45
2026-08-07T00:22:32.439Z,0.45
2026-08-07T00:22:47.537Z,0.45
2026-08-07T00:23:08.305Z,0.44
2026-08-07T00:23:22.76Z,0.44
2026-08-07T00:23:37.854Z,0.44
2026-08-07T00:23:54.009Z,0.44
2026-08-07T00:24:07.971Z,0.44
2026-08-07T00:24:23.695Z,0.44
2026-08-07T00:24:43.198Z,0.44
2026-08-07T00:24:58.267Z,0.44
2026-08-07T00:25:13.349Z,0.44
2026-08-07T00:25:28.425Z,0.44
2026-08-07T00:25:43.621Z,0.44
2026-08-07T00:25:58.697Z,0.44
2026-08-07T00:26:13.727Z,0.44
2026-08-07T00:26:28Z,0.44
2026-08-07T00:26:28.926Z,0.44
2026-08-07T00:26:44.09Z,0.44
2026-08-07T00:26:59.04Z,0.43
2026-08-07T00:27:19.15Z,0.44
2026-08-07T00:27:34.209Z,0.43
2026-08-07T00:27:54.258Z,0.43
2026-08-07T00:28:09.366Z,0.43
2026-08-07T00:28:24.457Z,0.43
2026-08-07T00:28:40.012Z,0.43
2026-08-07T00:28:54.652Z,0.43
2026-08-07T00:29:09.695Z,0.43
2026-08-07T00:29:24.79Z,0.43
2026-08-07T00:29:40.683Z,0.43
2026-08-07T00:29:55.178Z,0.43
2026-08-07T00:30:13.032Z,0.43
2026-08-07T00:30:25.162Z,0.43
2026-08-07T00:30:41.26Z,0.43
2026-08-07T00:30:55.388Z,0.43
2026-08-07T00:31:10.435Z,0.43
2026-08-07T00:31:29Z,0.43
2026-08-07T00:31:30.516Z,0.43
2026-08-07T00:31:45.627Z,0.43
2026-08-07T00:32:03.655Z,0.42
2026-08-07T00:32:15.875Z,0.43
2026-08-07T00:32:30.927Z,0.43
2026-08-07T00:32:50.997Z,0.42
2026-08-07T00:33:06.101Z,0.42
2026-08-07T00:33:26.185Z,0.42
2026-08-07T00:33:41.246Z,0.42
2026-08-07T00:34:03.389Z,0.42
2026-08-07T00:34:16.55Z,0.42
2026-08-07T00:34:31.741Z,0.42
2026-08-07T00:34:46.775Z,0.42
2026-08-07T00:35:10.785Z,0.42
2026-08-07T00:35:22.491Z,0.42
2026-08-07T00:35:36.925Z,0.42
2026-08-07T00:35:52.057Z,0.42
2026-08-07T00:36:07.214Z,0.42
2026-08-07T00:36:22.19Z,0.42
2026-08-07T00:36:36Z,0.42
2026-08-07T00:36:37.453Z,0.42
2026-08-07T00:36:52.412Z,0.42
2026-08-07T00:37:07.454Z,0.42
2026-08-07T00:37:22.512Z,0.42
2026-08-07T00:37:42.714Z,0.42
2026-08-07T00:37:57.71Z,0.42
2026-08-07T00:38:12.789Z,0.42
2026-08-07T00:38:27.838Z,0.42
2026-08-07T00:38:43.355Z,0.42
2026-08-07T00:38:58.424Z,0.42
2026-08-07T00:39:18.7Z,0.42
2026-08-07T00:39:33.598Z,0.41
2026-08-07T00:39:48.714Z,0.41
2026-08-07T00:40:10.167Z,0.41
2026-08-07T00:40:18.847Z,0.41
2026-08-07T00:40:33.935Z,0.41
2026-08-07T00:40:54.035Z,0.41
2026-08-07T00:41:09.107Z,0.41
2026-08-07T00:41:24.278Z,0.41
2026-08-07T00:41:43Z,0.41
2026-08-07T00:41:44.304Z,0.41
2026-08-07T00:42:03.171Z,0.41
2026-08-07T00:42:14.428Z,0.41
2026-08-07T00:42:29.51Z,0.41
2026-08-07T00:42:49.665Z,0.41
2026-08-07T00:43:04.746Z,0.41
2026-08-07T00:43:20.862Z,0.41
2026-08-07T00:43:35.076Z,0.41
2026-08-07T00:43:50.164Z,0.41
2026-08-07T00:44:05.238Z,0.41
2026-08-07T00:44:25.352Z,0.41
2026-08-07T00:44:40.407Z,0.41
2026-08-07T00:44:55.514Z,0.41
2026-08-07T00:45:12.129Z,0.4
2026-08-07T00:45:25.703Z,0.4
2026-08-07T00:45:40.749Z,0.4
2026-08-07T00:45:55.874Z,0.4
2026-08-07T00:46:15.953Z,0.4
2026-08-07T00:46:30.989Z,0.4
2026-08-07T00:46:45Z,0.4
2026-08-07T00:46:46.059Z,0.4
2026-08-07T00:47:02.814Z,0.4
2026-08-07T00:47:16.276Z,0.4
2026-08-07T00:47:31.308Z,0.4
2026-08-07T00:47:46.423Z,0.4
2026-08-07T00:48:03.362Z,0.39
2026-08-07T00:48:17.809Z,0.39
2026-08-07T00:48:31.695Z,0.39
2026-08-07T00:48:46.812Z,0.39
2026-08-07T00:49:02.791Z,0.39
2026-08-07T00:49:16.935Z,0.39
2026-08-07T00:49:37.024Z,0.39
2026-08-07T00:49:52.095Z,0.39
2026-08-07T00:50:11.341Z,0.39
2026-08-07T00:50:22.32Z,0.39
2026-08-07T00:50:38.878Z,0.39
2026-08-07T00:50:57.442Z,0.39
2026-08-07T00:51:17.538Z,0.39
2026-08-07T00:51:34.097Z,0.39
2026-08-07T00:51:47Z,0.39
2026-08-07T00:51:48.708Z,0.39
2026-08-07T00:52:03.007Z,0.39
2026-08-07T00:52:17.899Z,0.39
2026-08-07T00:52:32.947Z,0.39
2026-08-07T00:52:48.446Z,0.39
2026-08-07T00:53:08.145Z,0.39
2026-08-07T00:53:24.878Z,0.39
2026-08-07T00:53:38.935Z,0.39
2026-08-07T00:53:53.522Z,0.39
2026-08-07T00:54:13.444Z,0.38
2026-08-07T00:54:28.523Z,0.38
2026-08-07T00:54:43.578Z,0.38
2026-08-07T00:55:09.549Z,0.38
2026-08-07T00:55:18.745Z,0.38
2026-08-07T00:55:33.887Z,0.38
2026-08-07T00:55:49.016Z,0.38
2026-08-07T00:56:03.995Z,0.38
2026-08-07T00:56:24.11Z,0.38
2026-08-07T00:56:43Z,0.38
2026-08-07T00:56:44.905Z,0.38
2026-08-07T00:56:59.254Z,0.38
2026-08-07T00:57:14.351Z,0.38
2026-08-07T00:57:29.443Z,0.38
2026-08-07T00:57:49.8Z,0.38
2026-08-07T00:58:04.645Z,0.38
2026-08-07T00:58:19.714Z,0.38
2026-08-07T00:58:34.764Z,0.38
2026-08-07T00:58:49.863Z,0.38
2026-08-07T00:59:05.303Z,0.38
2026-08-07T00:59:20.083Z,0.38
2026-08-07T00:59:35.152Z,0.38
2026-08-07T00:59:50.233Z,0.38
2026-08-07T01:00:12.08Z,0.38
2026-08-07T01:00:20.496Z,0.38
2026-08-07T01:00:35.476Z,0.38
2026-08-07T01:00:50.53Z,0.38
2026-08-07T01:01:06.538Z,0.38
2026-08-07T01:01:20.698Z,0.38
2026-08-07T01:01:40Z,0.37
2026-08-07T01:01:40.789Z,0.37
2026-08-07T01:01:55.942Z,0.37
2026-08-07T01:02:15.971Z,0.37
2026-08-07T01:02:31.057Z,0.37
2026-08-07T01:02:46.162Z,0.37
2026-08-07T01:03:08.408Z,0.37
2026-08-07T01:03:26.314Z,0.37
2026-08-07T01:03:41.386Z,0.37
2026-08-07T01:03:56.474Z,0.37
2026-08-07T01:04:12.348Z,0.37
2026-08-07T01:04:26.713Z,0.37
2026-08-07T01:04:41.714Z,0.37
2026-08-07T01:05:10.192Z,0.37
2026-08-07T01:05:21.917Z,0.37
2026-08-07T01:05:36.974Z,0.37
2026-08-07T01:05:52.039Z,0.37
2026-08-07T01:06:12.491Z,0.37
2026-08-07T01:06:27.199Z,0.37
2026-08-07T01:06:41Z,0.37
2026-08-07T01:06:42.327Z,0.37
2026-08-07T01:06:57.68Z,0.37
2026-08-07T01:07:12.45Z,0.37
2026-08-07T01:07:32.534Z,0.37
2026-08-07T01:07:52.608Z,0.37
2026-08-07T01:08:07.688Z,0.37
2026-08-07T01:08:22.834Z,0.37
2026-08-07T01:08:42.927Z,0.37
2026-08-07T01:09:02.98Z,0.37
2026-08-07T01:09:23.025Z,0.37
2026-08-07T01:09:38.124Z,0.37
2026-08-07T01:09:53.2Z,0.37
2026-08-07T01:10:12.027Z,0.37
2026-08-07T01:10:23.413Z,0.37
2026-08-07T01:10:38.468Z,0.37
2026-08-07T01:10:53.576Z,0.37
2026-08-07T01:11:08.65Z,0.37
2026-08-07T01:11:23.72Z,0.37
2026-08-07T01:11:38Z,0.37
2026-08-07T01:11:41.523Z,0.37
2026-08-07T01:11:59.152Z,0.37
2026-08-07T01:12:19.438Z,0.37
2026-08-07T01:12:34.421Z,0.37
2026-08-07T01:12:49.73Z,0.37
2026-08-07T01:13:04.508Z,0.37
2026-08-07T01:13:24.598Z,0.37
2026-08-07T01:13:45.248Z,0.37
2026-08-07T01:14:05.395Z,0.37
2026-08-07T01:14:24.876Z,0.36
2026-08-07T01:14:39.901Z,0.36
2026-08-07T01:14:59.983Z,0.36
2026-08-07T01:15:15.062Z,0.36
2026-08-07T01:15:30.194Z,0.36
2026-08-07T01:15:45.412Z,0.36
2026-08-07T01:16:05.343Z,0.36
2026-08-07T01:16:20.39Z,0.36
2026-08-07T01:16:35.457Z,0.36
2026-08-07T01:16:50Z,0.36
2026-08-07T01:16:50.599Z,0.36
2026-08-07T01:17:05.657Z,0.36
2026-08-07T01:17:20.73Z,0.36
2026-08-07T01:17:35.806Z,0.36
2026-08-07T01:17:50.9Z,0.36
2026-08-07T01:18:06.299Z,0.36
2026-08-07T01:18:22.216Z,0.36
2026-08-07T01:18:36.531Z,0.36
2026-08-07T01:18:51.563Z,0.36
2026-08-07T01:19:06.666Z,0.36
2026-08-07T01:19:22.468Z,0.36
2026-08-07T01:19:36.827Z,0.36
2026-08-07T01:19:51.869Z,0.36
2026-08-07T01:20:12.92Z,0.36
2026-08-07T01:20:22.031Z,0.36
2026-08-07T01:20:37.162Z,0.36
2026-08-07T01:20:52.267Z,0.36
2026-08-07T01:21:07.294Z,0.36
2026-08-07T01:21:22.374Z,0.36
2026-08-07T01:21:37.474Z,0.36
2026-08-07T01:21:52Z,0.35
2026-08-07T01:21:52.557Z,0.35
2026-08-07T01:22:07.619Z,0.35
2026-08-07T01:22:22.694Z,0.35
2026-08-07T01:22:37.809Z,0.35
2026-08-07T01:22:52.839Z,0.35
2026-08-07T01:23:07.916Z,0.35
2026-08-07T01:23:23.747Z,0.35
2026-08-07T01:23:38.087Z,0.35
2026-08-07T01:23:53.19Z,0.35
2026-08-07T01:24:08.278Z,0.35
2026-08-07T01:24:23.376Z,0.35
2026-08-07T01:24:38.841Z,0.35
2026-08-07T01:24:58.524Z,0.35
2026-08-07T01:25:18.591Z,0.35
2026-08-07T01:25:33.747Z,0.35
2026-08-07T01:25:49.412Z,0.35
2026-08-07T01:26:03.917Z,0.35
2026-08-07T01:26:18.984Z,0.35
2026-08-07T01:26:38.992Z,0.35
2026-08-07T01:26:58Z,0.35
2026-08-07T01:26:59.093Z,0.35
2026-08-07T01:27:14.172Z,0.35
2026-08-07T01:27:34.271Z,0.35
2026-08-07T01:27:49.424Z,0.35
2026-08-07T01:28:04.542Z,0.35
2026-08-07T01:28:24.579Z,0.35
2026-08-07T01:28:44.643Z,0.35
2026-08-07T01:29:00.702Z,0.35
2026-08-07T01:29:14.828Z,0.35
2026-08-07T01:29:29.893Z,0.34
2026-08-07T01:29:45.018Z,0.34
2026-08-07T01:30:00.064Z,0.34
2026-08-07T01:30:16.813Z,0.35
2026-08-07T01:30:35.276Z,0.35
2026-08-07T01:30:55.344Z,0.34
2026-08-07T01:31:10.473Z,0.34
2026-08-07T01:31:30.815Z,0.34
2026-08-07T01:31:45.658Z,0.34
2026-08-07T01:32:00Z,0.34
2026-08-07T01:32:00.743Z,0.34
2026-08-07T01:32:15.806Z,0.34
2026-08-07T01:32:31.262Z,0.34
2026-08-07T01:32:46.049Z,0.34
2026-08-07T01:33:06.05Z,0.34
2026-08-07T01:33:21.185Z,0.34
2026-08-07T01:33:36.254Z,0.34
2026-08-07T01:33:51.312Z,0.34
2026-08-07T01:34:06.405Z,0.34
2026-08-07T01:34:21.501Z,0.34
2026-08-07T01:34:42.513Z,0.34
2026-08-07T01:34:56.634Z,0.34
2026-08-07T01:35:13.763Z,0.34
2026-08-07T01:35:26.942Z,0.34
2026-08-07T01:35:42.066Z,0.34
2026-08-07T01:35:57.06Z,0.34
2026-08-07T01:36:12.158Z,0.34
2026-08-07T01:36:27.277Z,0.34
2026-08-07T01:36:42.294Z,0.34
2026-08-07T01:36:56Z,0.34
2026-08-07T01:36:57.408Z,0.34
2026-08-07T01:37:12.497Z,0.34
2026-08-07T01:37:32.549Z,0.34
2026-08-07T01:37:52.623Z,0.34
2026-08-07T01:38:07.761Z,0.34
2026-08-07T01:38:22.888Z,0.34
2026-08-07T01:38:37.909Z,0.34
2026-08-07T01:38:52.987Z,0.34
2026-08-07T01:39:13.084Z,0.34
2026-08-07T01:39:28.194Z,0.34
2026-08-07T01:39:48.295Z,0.33
2026-08-07T01:40:12.5Z,0.33
2026-08-07T01:40:23.413Z,0.33
2026-08-07T01:40:38.587Z,0.33
2026-08-07T01:40:54.116Z,0.33
2026-08-07T01:41:08.708Z,0.33
2026-08-07T01:41:28.906Z,0.33
2026-08-07T01:41:43.947Z,0.34
2026-08-07T01:41:58Z,0.34
2026-08-07T01:42:01.049Z,0.34
2026-08-07T01:42:19.083Z,0.34
2026-08-07T01:42:34.236Z,0.34
2026-08-07T01:42:49.345Z,0.33
2026-08-07T01:43:04.412Z,0.33
2026-08-07T01:43:19.516Z,0.34
2026-08-07T01:43:39.587Z,0.34
2026-08-07T01:43:59.61Z,0.34
2026-08-07T01:44:19.697Z,0.33
2026-08-07T01:44:34.746Z,0.33
2026-08-07T01:44:49.845Z,0.33
2026-08-07T01:45:11.391Z,0.33
2026-08-07T01:45:25.097Z,0.33
2026-08-07T01:45:40.142Z,0.33
2026-08-07T01:45:55.197Z,0.33
2026-08-07T01:46:10.318Z,0.33
2026-08-07T01:46:25.443Z,0.33
2026-08-07T01:46:45.444Z,0.33
2026-08-07T01:46:59Z,0.33
2026-08-07T01:47:00.546Z,0.33
2026-08-07T01:47:15.66Z,0.33
2026-08-07T01:47:30.729Z,0.33
2026-08-07T01:47:45.847Z,0.33
2026-08-07T01:48:03.195Z,0.33
2026-08-07T01:48:22.571Z,0.33
2026-08-07T01:48:41.174Z,0.33
2026-08-07T01:48:56.205Z,0.33
2026-08-07T01:49:16.687Z,0.33
2026-08-07T01:49:36.364Z,0.33
2026-08-07T01:49:51.444Z,0.33
2026-08-07T01:50:12.307Z,0.33
2026-08-07T01:50:26.642Z,0.33
2026-08-07T01:50:41.689Z,0.33
2026-08-07T01:50:56.777Z,0.33
2026-08-07T01:51:11.862Z,0.33
2026-08-07T01:51:26.941Z,0.33
2026-08-07T01:51:42.346Z,0.33
2026-08-07T01:51:56Z,0.33
2026-08-07T01:51:57.195Z,0.33
2026-08-07T01:52:12.308Z,0.33
2026-08-07T01:52:27.313Z,0.33
2026-08-07T01:52:47.418Z,0.33
2026-08-07T01:53:02.939Z,0.33
2026-08-07T01:53:17.526Z,0.33
2026-08-07T01:53:32.629Z,0.33
2026-08-07T01:53:47.687Z,0.33
2026-08-07T01:54:09.046Z,0.33
2026-08-07T01:54:22.865Z,0.33
2026-08-07T01:54:38.099Z,0.33
2026-08-07T01:54:53.382Z,0.33
2026-08-07T01:55:12.052Z,0.33
2026-08-07T01:55:23.295Z,0.33
2026-08-07T01:55:38.36Z,0.33
2026-08-07T01:55:54.131Z,0.32
2026-08-07T01:56:08.519Z,0.32
2026-08-07T01:56:23.611Z,0.32
2026-08-07T01:56:38.662Z,0.32
2026-08-07T01:56:53Z,0.32
2026-08-07T01:56:53.78Z,0.32
2026-08-07T01:57:13.894Z,0.32
2026-08-07T01:57:29.09Z,0.32
2026-08-07T01:57:44.132Z,0.32
2026-08-07T01:57:59.141Z,0.32
2026-08-07T01:58:14.213Z,0.32
2026-08-07T01:58:29.301Z,0.32
2026-08-07T01:58:49.433Z,0.32
2026-08-07T01:59:04.463Z,0.32
2026-08-07T01:59:19.593Z,0.32
2026-08-07T01:59:34.662Z,0.32
2026-08-07T01:59:49.832Z,0.32
2026-08-07T02:00:07.728Z,0.32
2026-08-07T02:00:19.982Z,0.32
2026-08-07T02:00:34.991Z,0.32
2026-08-07T02:00:50.106Z,0.32
2026-08-07T02:01:05.14Z,0.32
2026-08-07T02:01:20.269Z,0.32
2026-08-07T02:01:35.297Z,0.32
2026-08-07T02:01:50.361Z,0.32
2026-08-07T02:02:09Z,0.32
2026-08-07T02:02:10.482Z,0.32
2026-08-07T02:02:25.568Z,0.32
2026-08-07T02:02:45.63Z,0.32
2026-08-07T02:03:05.712Z,0.32
2026-08-07T02:03:20.839Z,0.32
2026-08-07T02:03:35.9Z,0.32
2026-08-07T02:03:51.008Z,0.31
2026-08-07T02:04:11.104Z,0.31
2026-08-07T02:04:26.157Z,0.31
2026-08-07T02:04:41.219Z,0.31
2026-08-07T02:04:56.368Z,0.31
2026-08-07T02:05:16.415Z,0.31
2026-08-07T02:05:31.502Z,0.31
2026-08-07T02:05:46.588Z,0.31
2026-08-07T02:06:06.799Z,0.31
2026-08-07T02:06:21.731Z,0.31
2026-08-07T02:06:36.909Z,0.31
2026-08-07T02:06:51.908Z,0.31
2026-08-07T02:07:11Z,0.31
2026-08-07T02:07:11.99Z,0.31
2026-08-07T02:07:27.419Z,0.31
2026-08-07T02:07:42.267Z,0.31
2026-08-07T02:07:57.299Z,0.31
2026-08-07T02:08:12.379Z,0.31
2026-08-07T02:08:27.709Z,0.31
2026-08-07T02:08:42.586Z,0.31
2026-08-07T02:09:02.744Z,0.31
2026-08-07T02:09:17.695Z,0.31
2026-08-07T02:09:37.791Z,0.3
2026-08-07T02:09:52.875Z,0.3
2026-08-07T02:10:12.445Z,0.3
2026-08-07T02:10:23.049Z,0.3
2026-08-07T02:10:39.278Z,0.3
2026-08-07T02:10:58.234Z,0.3
2026-08-07T02:11:13.336Z,0.3
2026-08-07T02:11:28.496Z,0.3
2026-08-07T02:11:50.529Z,0.3
2026-08-07T02:12:03Z,0.3
2026-08-07T02:12:03.605Z,0.3
2026-08-07T02:12:18.695Z,0.3
2026-08-07T02:12:33.789Z,0.3
2026-08-07T02:12:53.779Z,0.3
2026-08-07T02:13:08.889Z,0.3
2026-08-07T02:13:28.954Z,0.3
2026-08-07T02:13:49.041Z,0.3
2026-08-07T02:14:09.181Z,0.3
2026-08-07T02:14:24.2Z,0.3
2026-08-07T02:14:39.279Z,0.3
2026-08-07T02:14:54.4Z,0.3
2026-08-07T02:15:12.89Z,0.3
2026-08-07T02:15:24.563Z,0.3
2026-08-07T02:15:39.643Z,0.3
2026-08-07T02:15:54.717Z,0.3
2026-08-07T02:16:14.796Z,0.3
2026-08-07T02:16:34.875Z,0.3
2026-08-07T02:16:49.983Z,0.3
2026-08-07T02:17:04Z,0.3
2026-08-07T02:17:05.044Z,0.3
2026-08-07T02:17:20.243Z,0.3
2026-08-07T02:17:37.289Z,0.3
2026-08-07T02:17:50.489Z,0.3
2026-08-07T02:18:10.454Z,0.3
2026-08-07T02:18:25.546Z,0.3
2026-08-07T02:18:45.627Z,0.29
2026-08-07T02:19:02.69Z,0.3
2026-08-07T02:19:15.833Z,0.3
2026-08-07T02:19:35.92Z,0.3
2026-08-07T02:19:55.964Z,0.3
2026-08-07T02:20:16.02Z,0.3
2026-08-07T02:20:31.121Z,0.3
2026-08-07T02:20:51.198Z,0.3
2026-08-07T02:21:08.087Z,0.3
2026-08-07T02:21:21.346Z,0.3
2026-08-07T02:21:36.423Z,0.3
2026-08-07T02:21:56.515Z,0.3
2026-08-07T02:22:11Z,0.3
2026-08-07T02:22:11.788Z,0.3
2026-08-07T02:22:26.852Z,0.3
2026-08-07T02:22:41.925Z,0.3
2026-08-07T02:22:57.037Z,0.3
2026-08-07T02:23:12.063Z,0.3
2026-08-07T02:23:27.163Z,0.29
2026-08-07T02:23:47.239Z,0.3
2026-08-07T02:24:07.372Z,0.3
2026-08-07T02:24:22.381Z,0.3
2026-08-07T02:24:37.492Z,0.29
2026-08-07T02:24:52.568Z,0.29
2026-08-07T02:25:12.671Z,0.29
2026-08-07T02:25:32.763Z,0.29
2026-08-07T02:25:52.853Z,0.29
2026-08-07T02:26:13.229Z,0.29
2026-08-07T02:26:28.013Z,0.29
2026-08-07T02:26:48.103Z,0.29
2026-08-07T02:27:03.189Z,0.29
2026-08-07T02:27:17Z,0.29
2026-08-07T02:27:18.753Z,0.29
2026-08-07T02:27:33.367Z,0.29
2026-08-07T02:27:48.526Z,0.29
2026-08-07T02:28:08.525Z,0.29
2026-08-07T02:28:23.625Z,0.29
2026-08-07T02:28:38.657Z,0.29
2026-08-07T02:28:53.76Z,0.29
2026-08-07T02:29:13.859Z,0.29
2026-08-07T02:29:33.943Z,0.29
2026-08-07T02:29:49.147Z,0.28
2026-08-07T02:30:10.187Z,0.28
2026-08-07T02:30:19.206Z,0.28
2026-08-07T02:30:34.283Z,0.28
2026-08-07T02:30:49.387Z,0.28
2026-08-07T02:31:04.389Z,0.28
2026-08-07T02:31:19.628Z,0.28
2026-08-07T02:31:39.57Z,0.28
2026-08-07T02:31:54.736Z,0.28
2026-08-07T02:32:09Z,0.28
2026-08-07T02:32:09.908Z,0.28
2026-08-07T02:32:25.819Z,0.28
2026-08-07T02:32:39.939Z,0.28
2026-08-07T02:32:55.114Z,0.28
2026-08-07T02:33:10.227Z,0.28
2026-08-07T02:33:25.262Z,0.28
2026-08-07T02:33:40.327Z,0.28
2026-08-07T02:33:55.426Z,0.28
2026-08-07T02:34:10.508Z,0.28
2026-08-07T02:34:25.516Z,0.28
2026-08-07T02:34:40.622Z,0.28
2026-08-07T02:34:55.685Z,0.28
2026-08-07T02:35:11.986Z,0.28
2026-08-07T02:35:25.855Z,0.28
2026-08-07T02:35:45.956Z,0.28
2026-08-07T02:36:02.819Z,0.28
2026-08-07T02:36:21.122Z,0.28
2026-08-07T02:36:36.222Z,0.28
2026-08-07T02:36:51.256Z,0.28
2026-08-07T02:37:06.416Z,0.28
2026-08-07T02:37:20Z,0.28
2026-08-07T02:37:21.892Z,0.28
2026-08-07T02:37:36.533Z,0.28
2026-08-07T02:37:51.661Z,0.28
2026-08-07T02:38:07.864Z,0.28
2026-08-07T02:38:22.228Z,0.28
2026-08-07T02:38:37.067Z,0.28
2026-08-07T02:38:56.928Z,0.28
2026-08-07T02:39:12.013Z,0.27
2026-08-07T02:39:32.115Z,0.28
2026-08-07T02:39:47.217Z,0.28
2026-08-07T02:40:11.67Z,0.27
2026-08-07T02:40:22.464Z,0.27
2026-08-07T02:40:37.889Z,0.27
2026-08-07T02:40:52.711Z,0.27
2026-08-07T02:41:07.72Z,0.27
2026-08-07T02:41:22.828Z,0.27
2026-08-07T02:41:42.969Z,0.27
2026-08-07T02:41:57.99Z,0.27
2026-08-07T02:42:12Z,0.27
2026-08-07T02:42:13.122Z,0.27
2026-08-07T02:42:28.194Z,0.27
2026-08-07T02:42:43.286Z,0.27
2026-08-07T02:43:03.371Z,0.27
2026-08-07T02:43:18.461Z,0.27
2026-08-07T02:43:33.514Z,0.27
2026-08-07T02:43:48.599Z,0.27
2026-08-07T02:44:03.72Z,0.27
2026-08-07T02:44:18.772Z,0.27
2026-08-07T02:44:38.836Z,0.27
2026-08-07T02:44:54.597Z,0.27
2026-08-07T02:45:14.032Z,0.27
2026-08-07T02:45:29.103Z,0.27
2026-08-07T02:45:44.254Z,0.27
2026-08-07T02:46:04.278Z,0.27
2026-08-07T02:46:24.36Z,0.27
2026-08-07T02:46:44.943Z,0.27
2026-08-07T02:46:59.49Z,0.27
2026-08-07T02:47:19Z,0.27
2026-08-07T02:47:19.701Z,0.27
2026-08-07T02:47:39.65Z,0.27
2026-08-07T02:47:54.723Z,0.27
2026-08-07T02:48:14.842Z,0.27
2026-08-07T02:48:34.882Z,0.27
2026-08-07T02:48:49.975Z,0.27
2026-08-07T02:49:10.047Z,0.27
2026-08-07T02:49:25.648Z,0.27
2026-08-07T02:49:40.468Z,0.27
2026-08-07T02:50:00.306Z,0.27
2026-08-07T02:50:15.381Z,0.27
2026-08-07T02:50:30.483Z,0.27
2026-08-07T02:50:45.543Z,0.27
2026-08-07T02:51:01.154Z,0.26
2026-08-07T02:51:15.696Z,0.26
2026-08-07T02:51:30.816Z,0.26
2026-08-07T02:51:50.939Z,0.26
2026-08-07T02:52:06.424Z,0.26
2026-08-07T02:52:20Z,0.26
2026-08-07T02:52:21.107Z,0.26
2026-08-07T02:52:36.178Z,0.26
2026-08-07T02:52:51.365Z,0.26
2026-08-07T02:53:06.645Z,0.26
2026-08-07T02:53:21.674Z,0.26
2026-08-07T02:53:37.902Z,0.26
2026-08-07T02:53:57.03Z,0.27
2026-08-07T02:54:11.966Z,0.26
2026-08-07T02:54:27.057Z,0.26
2026-08-07T02:54:42.153Z,0.26
2026-08-07T02:54:57.251Z,0.26
2026-08-07T02:55:17.556Z,0.26
2026-08-07T02:55:37.387Z,0.26
2026-08-07T02:55:57.552Z,0.26
2026-08-07T02:56:12.76Z,0.26
2026-08-07T02:56:27.823Z,0.26
2026-08-07T02:56:47.894Z,0.26
2026-08-07T02:57:03.022Z,0.26
2026-08-07T02:57:17Z,0.26
2026-08-07T02:57:18.06Z,0.26
2026-08-07T02:57:33.161Z,0.26
2026-08-07T02:57:48.285Z,0.26
2026-08-07T02:58:05.724Z,0.27
2026-08-07T02:58:23.702Z,0.27
2026-08-07T02:58:38.523Z,0.27
2026-08-07T02:58:53.612Z,0.27
2026-08-07T02:59:08.643Z,0.27
2026-08-07T02:59:23.718Z,0.27
2026-08-07T02:59:38.889Z,0.27
2026-08-07T02:59:54.006Z,0.27
2026-08-07T03:00:11.005Z,0.27
2026-08-07T03:00:24.114Z,0.26
2026-08-07T03:00:44.298Z,0.26
2026-08-07T03:01:04.368Z,0.26
2026-08-07T03:01:19.424Z,0.26
2026-08-07T03:01:34.476Z,0.26
2026-08-07T03:01:49.533Z,0.26
2026-08-07T03:02:04.664Z,0.26
2026-08-07T03:02:19Z,0.26
2026-08-07T03:02:19.768Z,0.26
2026-08-07T03:02:34.867Z,0.26
2026-08-07T03:02:51.253Z,0.26
2026-08-07T03:03:05.031Z,0.26
2026-08-07T03:03:25.162Z,0.26
2026-08-07T03:03:40.177Z,0.26
2026-08-07T03:03:55.713Z,0.26
2026-08-07T03:04:15.735Z,0.26
2026-08-07T03:04:31.21Z,0.26
2026-08-07T03:04:50.955Z,0.26
2026-08-07T03:05:11.257Z,0.26
2026-08-07T03:05:21.1Z,0.26
2026-08-07T03:05:36.527Z,0.26
2026-08-07T03:05:51.253Z,0.26
2026-08-07T03:06:06.302Z,0.26
2026-08-07T03:06:21.438Z,0.26
2026-08-07T03:06:37.076Z,0.26
2026-08-07T03:06:51.557Z,0.26
2026-08-07T03:07:11.622Z,0.26
2026-08-07T03:07:26Z,0.26
2026-08-07T03:07:26.73Z,0.26
2026-08-07T03:07:41.94Z,0.26
2026-08-07T03:07:56.936Z,0.26
2026-08-07T03:08:12.025Z,0.26
2026-08-07T03:08:27.067Z,0.26
2026-08-07T03:08:42.197Z,0.26
2026-08-07T03:08:57.248Z,0.26
2026-08-07T03:09:12.317Z,0.26
2026-08-07T03:09:27.363Z,0.26
2026-08-07T03:09:42.608Z,0.26
2026-08-07T03:10:08.756Z,0.26
2026-08-07T03:10:17.641Z,0.26
2026-08-07T03:10:32.704Z,0.26
2026-08-07T03:10:47.773Z,0.26
2026-08-07T03:11:02.913Z,0.26
2026-08-07T03:11:23.529Z,0.26
2026-08-07T03:11:38.033Z,0.26
2026-08-07T03:11:58.172Z,0.26
2026-08-07T03:12:18.316Z,0.26
2026-08-07T03:12:32Z,0.26
2026-08-07T03:12:33.493Z,0.26
2026-08-07T03:12:48.461Z,0.26
2026-08-07T03:13:03.656Z,0.26
2026-08-07T03:13:23.552Z,0.25
2026-08-07T03:13:38.657Z,0.26
2026-08-07T03:13:58.729Z,0.25
2026-08-07T03:14:13.799Z,0.25
2026-08-07T03:14:28.971Z,0.25
2026-08-07T03:14:44.095Z,0.25
2026-08-07T03:15:12.035Z,0.25
2026-08-07T03:15:19.24Z,0.25
2026-08-07T03:15:34.369Z,0.25
2026-08-07T03:15:49.864Z,0.25
2026-08-07T03:16:04.519Z,0.25
2026-08-07T03:16:19.559Z,0.25
2026-08-07T03:16:34.637Z,0.25
2026-08-07T03:16:54.76Z,0.25
2026-08-07T03:17:09.796Z,0.25
2026-08-07T03:17:29Z,0.25
2026-08-07T03:17:29.849Z,0.25
2026-08-07T03:17:44.937Z,0.25
2026-08-07T03:18:05.6Z,0.25
2026-08-07T03:18:20.19Z,0.25
2026-08-07T03:18:35.183Z,0.24
2026-08-07T03:18:50.267Z,0.24
2026-08-07T03:19:10.375Z,0.24
2026-08-07T03:19:25.483Z,0.24
2026-08-07T03:19:40.572Z,0.24
2026-08-07T03:20:00.702Z,0.24
2026-08-07T03:20:20.722Z,0.24
2026-08-07T03:20:37.56Z,0.24
2026-08-07T03:20:50.874Z,0.24
2026-08-07T03:21:06.02Z,0.24
2026-08-07T03:21:21.081Z,0.24
2026-08-07T03:21:36.135Z,0.24
2026-08-07T03:21:57.12Z,0.24
2026-08-07T03:22:11.359Z,0.24
2026-08-07T03:22:25Z,0.24
2026-08-07T03:22:26.462Z,0.24
2026-08-07T03:22:41.523Z,0.24
2026-08-07T03:22:56.641Z,0.24
2026-08-07T03:23:11.743Z,0.24
2026-08-07T03:23:26.802Z,0.23
2026-08-07T03:23:41.934Z,0.23
2026-08-07T03:23:57.019Z,0.23
2026-08-07T03:24:12.063Z,0.23
2026-08-07T03:24:27.224Z,0.23
2026-08-07T03:24:43.156Z,0.23
2026-08-07T03:24:57.34Z,0.23
2026-08-07T03:25:12.445Z,0.23
2026-08-07T03:25:27.514Z,0.23
2026-08-07T03:25:43.075Z,0.23
2026-08-07T03:26:03.073Z,0.23
2026-08-07T03:26:17.764Z,0.23
2026-08-07T03:26:32.836Z,0.23
2026-08-07T03:26:47.978Z,0.23
2026-08-07T03:27:03.008Z,0.23
2026-08-07T03:27:18.089Z,0.23
2026-08-07T03:27:32Z,0.23
2026-08-07T03:27:33.217Z,0.23
2026-08-07T03:27:48.573Z,0.23
2026-08-07T03:28:08.322Z,0.23
2026-08-07T03:28:23.432Z,0.23
2026-08-07T03:28:38.523Z,0.23
2026-08-07T03:28:53.673Z,0.23
2026-08-07T03:29:13.723Z,0.23
2026-08-07T03:29:28.815Z,0.23
2026-08-07T03:29:43.907Z,0.23
2026-08-07T03:29:58.944Z,0.23
2026-08-07T03:30:14.106Z,0.23
2026-08-07T03:30:34.196Z,0.23
2026-08-07T03:30:49.203Z,0.23
2026-08-07T03:31:09.27Z,0.23
2026-08-07T03:31:24.336Z,0.23
2026-08-07T03:31:44.504Z,0.23
2026-08-07T03:32:00.194Z,0.23
2026-08-07T03:32:15.036Z,0.23
2026-08-07T03:32:29Z,0.23
2026-08-07T03:32:29.683Z,0.23
2026-08-07T03:32:49.768Z,0.23
2026-08-07T03:33:04.902Z,0.23
2026-08-07T03:33:20.099Z,0.23
2026-08-07T03:33:40.026Z,0.23
2026-08-07T03:34:00.111Z,0.23
2026-08-07T03:34:15.209Z,0.23
2026-08-07T03:34:31.053Z,0.23
2026-08-07T03:34:50.377Z,0.22
2026-08-07T03:35:12.7Z,0.22
2026-08-07T03:35:25.558Z,0.23
2026-08-07T03:35:45.689Z,0.22
2026-08-07T03:36:00.687Z,0.22
2026-08-07T03:36:16.013Z,0.22
2026-08-07T03:36:35.972Z,0.22
2026-08-07T03:36:51.127Z,0.22
2026-08-07T03:37:11.528Z,0.22
2026-08-07T03:37:26.262Z,0.22
2026-08-07T03:37:40Z,0.22
2026-08-07T03:37:41.367Z,0.22
2026-08-07T03:37:56.489Z,0.22
2026-08-07T03:38:11.923Z,0.22
2026-08-07T03:38:31.936Z,0.22
2026-08-07T03:38:47.034Z,0.22
2026-08-07T03:39:07.134Z,0.22
2026-08-07T03:39:22.18Z,0.22
2026-08-07T03:39:37.294Z,0.22
2026-08-07T03:39:52.907Z,0.22
2026-08-07T03:40:12.83Z,0.22
2026-08-07T03:40:27.511Z,0.22
2026-08-07T03:40:42.633Z,0.22
2026-08-07T03:40:58.242Z,0.21
2026-08-07T03:41:12.982Z,0.21
2026-08-07T03:41:32.825Z,0.21
2026-08-07T03:41:47.98Z,0.21
2026-08-07T03:42:03.323Z,0.21
2026-08-07T03:42:25.012Z,0.21
2026-08-07T03:42:42Z,0.21
2026-08-07T03:42:43.184Z,0.21
2026-08-07T03:42:58.309Z,0.21
2026-08-07T03:43:18.361Z,0.21
2026-08-07T03:43:38.439Z,0.21
2026-08-07T03:43:53.542Z,0.21
2026-08-07T03:44:08.588Z,0.21
2026-08-07T03:44:23.738Z,0.21
2026-08-07T03:44:38.8Z,0.21
2026-08-07T03:44:53.981Z,0.21
2026-08-07T03:45:13.214Z,0.21
2026-08-07T03:45:24.176Z,0.21
2026-08-07T03:45:39.229Z,0.21
2026-08-07T03:45:54.373Z,0.21
2026-08-07T03:46:09.421Z,0.21
2026-08-07T03:46:29.511Z,0.21
2026-08-07T03:46:44.571Z,0.21
2026-08-07T03:47:00.46Z,0.21
2026-08-07T03:47:19.719Z,0.21
2026-08-07T03:47:34Z,0.21
2026-08-07T03:47:34.797Z,0.21
2026-08-07T03:47:49.902Z,0.21
2026-08-07T03:48:05.24Z,0.21
2026-08-07T03:48:20.049Z,0.21
2026-08-07T03:48:35.124Z,0.21
2026-08-07T03:48:55.281Z,0.21
2026-08-07T03:49:10.317Z,0.2
2026-08-07T03:49:26.484Z,0.2
2026-08-07T03:49:40.498Z,0.2
2026-08-07T03:50:00.574Z,0.2
2026-08-07T03:50:16.544Z,0.2
2026-08-07T03:50:30.728Z,0.2
2026-08-07T03:50:50.815Z,0.2
2026-08-07T03:51:05.887Z,0.2
2026-08-07T03:51:26.194Z,0.2
2026-08-07T03:51:41.071Z,0.2
2026-08-07T03:52:03.047Z,0.2
2026-08-07T03:52:16.198Z,0.2
2026-08-07T03:52:35Z,0.2
2026-08-07T03:52:36.353Z,0.2
2026-08-07T03:52:56.366Z,0.2
2026-08-07T03:53:11.466Z,0.2
2026-08-07T03:53:26.564Z,0.19
2026-08-07T03:53:41.744Z,0.19
2026-08-07T03:54:02.575Z,0.19
2026-08-07T03:54:16.823Z,0.19
2026-08-07T03:54:31.912Z,0.19
2026-08-07T03:54:47.033Z,0.19
2026-08-07T03:55:08.986Z,0.19
2026-08-07T03:55:22.212Z,0.19
2026-08-07T03:55:42.273Z,0.19
2026-08-07T03:55:57.348Z,0.19
2026-08-07T03:56:17.41Z,0.19
2026-08-07T03:56:32.51Z,0.19
2026-08-07T03:56:47.573Z,0.19
2026-08-07T03:57:02.883Z,0.19
2026-08-07T03:57:17.754Z,0.19
2026-08-07T03:57:32.914Z,0.19
2026-08-07T03:57:47Z,0.19
2026-08-07T03:57:47.956Z,0.19
2026-08-07T03:58:04.463Z,0.19
2026-08-07T03:58:23.06Z,0.19
2026-08-07T03:58:38.168Z,0.19
2026-08-07T03:58:53.236Z,0.18
2026-08-07T03:59:08.384Z,0.18
2026-08-07T03:59:23.469Z,0.18
2026-08-07T03:59:38.55Z,0.18
2026-08-07T03:59:53.619Z,0.18
2026-08-07T04:00:14.241Z,0.18
2026-08-07T04:00:29.641Z,0.18
2026-08-07T04:00:43.885Z,0.18
2026-08-07T04:00:58.974Z,0.18
2026-08-07T04:01:14.386Z,0.18
2026-08-07T04:01:29.21Z,0.18
2026-08-07T04:01:49.226Z,0.18
2026-08-07T04:02:04.331Z,0.18
2026-08-07T04:02:19.366Z,0.18
2026-08-07T04:02:34.433Z,0.17
2026-08-07T04:02:48Z,0.17
2026-08-07T04:02:49.589Z,0.17
2026-08-07T04:03:05.73Z,0.17
2026-08-07T04:03:25.587Z,0.17
2026-08-07T04:03:39.775Z,0.17
2026-08-07T04:03:54.865Z,0.17
2026-08-07T04:04:09.945Z,0.17
2026-08-07T04:04:25.007Z,0.17
2026-08-07T04:04:45.089Z,0.17
2026-08-07T04:05:00.192Z,0.17
2026-08-07T04:05:20.671Z,0.17
2026-08-07T04:05:35.444Z,0.17
2026-08-07T04:05:50.469Z,0.17
2026-08-07T04:06:05.591Z,0.17
2026-08-07T04:06:20.69Z,0.17
2026-08-07T04:06:35.73Z,0.17
2026-08-07T04:06:50.823Z,0.17
2026-08-07T04:07:05.915Z,0.17
2026-08-07T04:07:20.994Z,0.17
2026-08-07T04:07:36.114Z,0.17
2026-08-07T04:07:50Z,0.17
2026-08-07T04:07:51.197Z,0.17
2026-08-07T04:08:06.257Z,0.17
2026-08-07T04:08:21.359Z,0.17
2026-08-07T04:08:36.514Z,0.17
2026-08-07T04:08:51.557Z,0.17
2026-08-07T04:09:11.672Z,0.17
2026-08-07T04:09:26.975Z,0.17
2026-08-07T04:09:46.835Z,0.17
2026-08-07T04:10:09.48Z,0.17
2026-08-07T04:10:22.032Z,0.17
2026-08-07T04:10:42.089Z,0.17
2026-08-07T04:11:03.389Z,0.17
2026-08-07T04:11:22.352Z,0.17
2026-08-07T04:11:42.355Z,0.18
2026-08-07T04:12:03.394Z,0.18
2026-08-07T04:12:23.003Z,0.18
2026-08-07T04:12:37.945Z,0.18
2026-08-07T04:12:52Z,0.18
2026-08-07T04:12:52.683Z,0.18
2026-08-07T04:13:07.723Z,0.18
2026-08-07T04:13:22.829Z,0.18
2026-08-07T04:13:37.908Z,0.18
2026-08-07T04:13:52.996Z,0.18
2026-08-07T04:14:08.11Z,0.18
2026-08-07T04:14:28.202Z,0.18
2026-08-07T04:14:43.246Z,0.18
2026-08-07T04:15:11.264Z,0.18
2026-08-07T04:15:19.624Z,0.18
2026-08-07T04:15:33.464Z,0.19
2026-08-07T04:15:48.606Z,0.19
2026-08-07T04:16:03.675Z,0.19
2026-08-07T04:16:18.754Z,0.19
2026-08-07T04:16:33.873Z,0.19
2026-08-07T04:16:53.922Z,0.19
2026-08-07T04:17:14.257Z,0.19
2026-08-07T04:17:29.104Z,0.19
2026-08-07T04:17:48Z,0.19
2026-08-07T04:17:49.326Z,0.19
2026-08-07T04:18:06.581Z,0.19
2026-08-07T04:18:24.328Z,0.19
2026-08-07T04:18:39.44Z,0.19
2026-08-07T04:18:54.51Z,0.19
2026-08-07T04:19:09.559Z,0.19
2026-08-07T04:19:24.656Z,0.19
2026-08-07T04:19:39.721Z,0.19
2026-08-07T04:19:54.808Z,0.19
2026-08-07T04:20:13.023Z,0.19
2026-08-07T04:20:24.987Z,0.19
2026-08-07T04:20:40.056Z,0.19
2026-08-07T04:20:55.163Z,0.2
2026-08-07T04:21:15.274Z,0.19
2026-08-07T04:21:35.323Z,0.19
2026-08-07T04:21:50.859Z,0.19
2026-08-07T04:22:05.478Z,0.19
2026-08-07T04:22:20.63Z,0.2
2026-08-07T04:22:35.653Z,0.2
2026-08-07T04:22:50Z,0.2
2026-08-07T04:22:50.717Z,0.2
2026-08-07T04:23:05.817Z,0.2
2026-08-07T04:23:20.931Z,0.2
2026-08-07T04:23:40.983Z,0.2
2026-08-07T04:23:56.062Z,0.2
2026-08-07T04:24:11.16Z,0.2
2026-08-07T04:24:31.245Z,0.2
2026-08-07T04:24:51.376Z,0.2
2026-08-07T04:25:11.508Z,0.21
2026-08-07T04:25:26.56Z,0.21
2026-08-07T04:25:41.609Z,0.21
2026-08-07T04:25:56.645Z,0.21
2026-08-07T04:26:11.712Z,0.21
2026-08-07T04:26:26.791Z,0.21
2026-08-07T04:26:41.87Z,0.21
2026-08-07T04:26:56.961Z,0.21
2026-08-07T04:27:17.046Z,0.21
2026-08-07T04:27:32.167Z,0.21
2026-08-07T04:27:51Z,0.21
2026-08-07T04:27:52.23Z,0.21
2026-08-07T04:28:12.613Z,0.21
2026-08-07T04:28:32.366Z,0.21
2026-08-07T04:28:47.54Z,0.22
2026-08-07T04:29:04.955Z,0.22
2026-08-07T04:29:17.712Z,0.22
2026-08-07T04:29:37.804Z,0.22
2026-08-07T04:29:57.841Z,0.22
2026-08-07T04:30:13Z,0.22
2026-08-07T04:30:29.351Z,0.22
2026-08-07T04:30:43.242Z,0.22
2026-08-07T04:30:58.235Z,0.22
2026-08-07T04:31:13.49Z,0.22
2026-08-07T04:31:28.386Z,0.22
2026-08-07T04:31:48.527Z,0.22
2026-08-07T04:32:08.555Z,0.22
2026-08-07T04:32:24.05Z,0.22
2026-08-07T04:32:39.205Z,0.22
2026-08-07T04:32:53Z,0.22
2026-08-07T04:32:54.218Z,0.22
2026-08-07T04:33:09.662Z,0.22
2026-08-07T04:33:24.539Z,0.23
2026-08-07T04:33:39.684Z,0.23
2026-08-07T04:33:59.758Z,0.23
2026-08-07T04:34:14.798Z,0.23
2026-08-07T04:34:29.9Z,0.23
2026-08-07T04:34:49.968Z,0.23
2026-08-07T04:35:12.331Z,0.23
2026-08-07T04:35:20.162Z,0.23
2026-08-07T04:35:35.3Z,0.23
2026-08-07T04:35:50.983Z,0.23
2026-08-07T04:36:05.402Z,0.23
2026-08-07T04:36:20.536Z,0.23
2026-08-07T04:36:41.429Z,0.23
2026-08-07T04:36:55.655Z,0.23
2026-08-07T04:37:15.701Z,0.23
2026-08-07T04:37:30.8Z,0.23
2026-08-07T04:37:50Z,0.23
2026-08-07T04:37:51.342Z,0.23
2026-08-07T04:38:06.085Z,0.23
2026-08-07T04:38:21.09Z,0.24
2026-08-07T04:38:36.119Z,0.23
2026-08-07T04:38:51.207Z,0.23
2026-08-07T04:39:06.351Z,0.24
2026-08-07T04:39:21.402Z,0.24
2026-08-07T04:39:36.509Z,0.24
2026-08-07T04:39:52.197Z,0.24
2026-08-07T04:40:12.372Z,0.24
2026-08-07T04:40:21.702Z,0.24
2026-08-07T04:40:41.766Z,0.24
2026-08-07T04:41:03.031Z,0.24
2026-08-07T04:41:16.944Z,0.24
2026-08-07T04:41:32.058Z,0.24
2026-08-07T04:41:52.067Z,0.24
2026-08-07T04:42:12.161Z,0.24
2026-08-07T04:42:27.243Z,0.24
2026-08-07T04:42:46Z,0.24
2026-08-07T04:42:47.376Z,0.24
2026-08-07T04:43:07.454Z,0.24
2026-08-07T04:43:27.503Z,0.24
2026-08-07T04:43:47.715Z,0.24
2026-08-07T04:44:07.775Z,0.24
2026-08-07T04:44:22.904Z,0.24
2026-08-07T04:44:37.856Z,0.24
2026-08-07T04:44:52.997Z,0.25
2026-08-07T04:45:11.267Z,0.25
2026-08-07T04:45:23.108Z,0.25
2026-08-07T04:45:38.258Z,0.25
2026-08-07T04:45:58.364Z,0.25
2026-08-07T04:46:13.396Z,0.25
2026-08-07T04:46:33.435Z,0.25
2026-08-07T04:46:48.515Z,0.25
2026-08-07T04:47:08.757Z,0.25
2026-08-07T04:47:23.757Z,0.25
2026-08-07T04:47:43.902Z,0.25
2026-08-07T04:48:03Z,0.25
2026-08-07T04:48:04.121Z,0.25
2026-08-07T04:48:20.198Z,0.25
2026-08-07T04:48:39.206Z,0.25
2026-08-07T04:48:54.25Z,0.25
2026-08-07T04:49:09.309Z,0.25
2026-08-07T04:49:24.418Z,0.25
2026-08-07T04:49:44.547Z,0.25
2026-08-07T04:49:59.6Z,0.25
2026-08-07T04:50:19.681Z,0.25
2026-08-07T04:50:34.704Z,0.25
2026-08-07T04:50:49.948Z,0.25
2026-08-07T04:51:05.022Z,0.25
2026-08-07T04:51:20.103Z,0.25
2026-08-07T04:51:35.178Z,0.26
2026-08-07T04:51:50.309Z,0.26
2026-08-07T04:52:10.372Z,0.26
2026-08-07T04:52:25.413Z,0.26
2026-08-07T04:52:40.545Z,0.26
2026-08-07T04:52:55Z,0.26
2026-08-07T04:52:55.593Z,0.26
2026-08-07T04:53:10.723Z,0.25
2026-08-07T04:53:25.758Z,0.26
2026-08-07T04:53:40.871Z,0.26
2026-08-07T04:53:57.821Z,0.26
2026-08-07T04:54:11.063Z,0.26
2026-08-07T04:54:26.152Z,0.26
2026-08-07T04:54:41.192Z,0.26
2026-08-07T04:54:56.521Z,0.26
2026-08-07T04:55:12.036Z,0.26
2026-08-07T04:55:26.432Z,0.26
2026-08-07T04:55:41.514Z,0.26
2026-08-07T04:55:56.608Z,0.26
2026-08-07T04:56:11.777Z,0.26
2026-08-07T04:56:26.827Z,0.26
2026-08-07T04:56:47.565Z,0.26
2026-08-07T04:57:06.984Z,0.26
2026-08-07T04:57:22.054Z,0.26
2026-08-07T04:57:42.127Z,0.26
2026-08-07T04:57:56Z,0.26
2026-08-07T04:57:57.227Z,0.26
2026-08-07T04:58:12.573Z,0.26
2026-08-07T04:58:32.394Z,0.26
2026-08-07T04:58:47.459Z,0.26
2026-08-07T04:59:03.026Z,0.26
2026-08-07T04:59:17.621Z,0.26
2026-08-07T04:59:32.749Z,0.26
2026-08-07T04:59:52.795Z,0.26
2026-08-07T05:00:11.96Z,0.26
2026-08-07T05:00:22.925Z,0.26
2026-08-07T05:00:38.479Z,0.26
2026-08-07T05:00:53.14Z,0.26
2026-08-07T05:01:08.288Z,0.26
2026-08-07T05:01:29.907Z,0.26
2026-08-07T05:01:43.497Z,0.26
2026-08-07T05:02:03.564Z,0.26
2026-08-07T05:02:18.659Z,0.26
2026-08-07T05:02:33.747Z,0.26
2026-08-07T05:02:53.854Z,0.26
2026-08-07T05:03:08Z,0.26
2026-08-07T05:03:08.921Z,0.26
2026-08-07T05:03:29.107Z,0.26
2026-08-07T05:03:44.132Z,0.26
2026-08-07T05:03:59.253Z,0.26
2026-08-07T05:04:14.262Z,0.25
2026-08-07T05:04:29.48Z,0.25
2026-08-07T05:04:44.454Z,0.25
2026-08-07T05:04:59.518Z,0.25
2026-08-07T05:05:14.602Z,0.26
2026-08-07T05:05:29.685Z,0.26
2026-08-07T05:05:44.777Z,0.26
2026-08-07T05:05:59.97Z,0.26
2026-08-07T05:06:14.988Z,0.26
2026-08-07T05:06:35.077Z,0.26
2026-08-07T05:06:50.155Z,0.26
2026-08-07T05:07:10.234Z,0.26
2026-08-07T05:07:30.328Z,0.26
2026-08-07T05:07:50.409Z,0.26
2026-08-07T05:08:04Z,0.26
2026-08-07T05:08:05.508Z,0.26
2026-08-07T05:08:20.586Z,0.26
2026-08-07T05:08:35.77Z,0.26
2026-08-07T05:08:50.903Z,0.26
2026-08-07T05:09:05.927Z,0.26
2026-08-07T05:09:21.005Z,0.26
2026-08-07T05:09:36.105Z,0.26
2026-08-07T05:09:51.225Z,0.26
2026-08-07T05:10:10.843Z,0.26
2026-08-07T05:10:21.365Z,0.25
2026-08-07T05:10:36.472Z,0.26
2026-08-07T05:10:51.51Z,0.26
2026-08-07T05:11:06.606Z,0.26
2026-08-07T05:11:21.65Z,0.25
2026-08-07T05:11:36.742Z,0.25
2026-08-07T05:11:51.846Z,0.25
2026-08-07T05:12:06.914Z,0.25
2026-08-07T05:12:27.006Z,0.25
2026-08-07T05:12:47.113Z,0.25
2026-08-07T05:13:01Z,0.25
2026-08-07T05:13:03.391Z,0.25
2026-08-07T05:13:22.236Z,0.25
2026-08-07T05:13:42.319Z,0.25
2026-08-07T05:13:57.387Z,0.25
2026-08-07T05:14:12.538Z,0.25
2026-08-07T05:14:27.54Z,0.25
2026-08-07T05:14:42.636Z,0.25
2026-08-07T05:14:57.981Z,0.25
2026-08-07T05:15:14.193Z,0.25
2026-08-07T05:15:27.902Z,0.25
2026-08-07T05:15:48.245Z,0.25
2026-08-07T05:16:03.294Z,0.25
2026-08-07T05:16:23.319Z,0.25
2026-08-07T05:16:38.416Z,0.25
2026-08-07T05:16:58.504Z,0.25
2026-08-07T05:17:13.601Z,0.25
2026-08-07T05:17:33.723Z,0.25
2026-08-07T05:17:53.725Z,0.25
2026-08-07T05:18:08Z,0.24
2026-08-07T05:18:08.807Z,0.24
2026-08-07T05:18:23.894Z,0.24
2026-08-07T05:18:38.968Z,0.24
2026-08-07T05:18:54.029Z,0.24
2026-08-07T05:19:09.126Z,0.24
2026-08-07T05:19:24.241Z,0.24
2026-08-07T05:19:39.308Z,0.24
2026-08-07T05:19:59.373Z,0.24
2026-08-07T05:20:14.483Z,0.24
2026-08-07T05:20:35.099Z,0.24
2026-08-07T05:20:49.646Z,0.24
2026-08-07T05:21:06.642Z,0.24
2026-08-07T05:21:19.804Z,0.24
2026-08-07T05:21:35.231Z,0.24
2026-08-07T05:21:50.302Z,0.24
2026-08-07T05:22:10.367Z,0.23
2026-08-07T05:22:30.436Z,0.23
2026-08-07T05:22:46.12Z,0.23
2026-08-07T05:23:05Z,0.23
2026-08-07T05:23:05.968Z,0.23
2026-08-07T05:23:21.088Z,0.23
2026-08-07T05:23:36.209Z,0.23
2026-08-07T05:23:51.394Z,0.23
2026-08-07T05:24:06.432Z,0.23
2026-08-07T05:24:21.499Z,0.23
2026-08-07T05:24:36.557Z,0.23
2026-08-07T05:24:51.66Z,0.23
2026-08-07T05:25:12.52Z,0.23
2026-08-07T05:25:26.893Z,0.23
2026-08-07T05:25:46.908Z,0.23
2026-08-07T05:26:03.576Z,0.22
2026-08-07T05:26:17.123Z,0.22
2026-08-07T05:26:37.19Z,0.22
2026-08-07T05:26:52.328Z,0.22
2026-08-07T05:27:07.471Z,0.22
2026-08-07T05:27:22.476Z,0.22
2026-08-07T05:27:37.541Z,0.22
2026-08-07T05:27:57.573Z,0.22
2026-08-07T05:28:12Z,0.22
2026-08-07T05:28:13.034Z,0.22
2026-08-07T05:28:28.077Z,0.22
2026-08-07T05:28:43.176Z,0.22
2026-08-07T05:28:58.206Z,0.22
2026-08-07T05:29:13.306Z,0.21
2026-08-07T05:29:33.375Z,0.21
2026-08-07T05:29:48.492Z,0.21
2026-08-07T05:30:09.163Z,0.21
2026-08-07T05:30:18.688Z,0.21
2026-08-07T05:30:33.73Z,0.21
2026-08-07T05:30:48.803Z,0.21
2026-08-07T05:31:09.114Z,0.21
2026-08-07T05:31:24.034Z,0.21
2026-08-07T05:31:44.189Z,0.21
2026-08-07T05:32:00.271Z,0.21
2026-08-07T05:32:14.303Z,0.21
2026-08-07T05:32:34.464Z,0.2
2026-08-07T05:32:49.482Z,0.2
2026-08-07T05:33:05.798Z,0.2
2026-08-07T05:33:19Z,0.2
2026-08-07T05:33:19.656Z,0.2
2026-08-07T05:33:34.718Z,0.2
2026-08-07T05:33:49.82Z,0.2
2026-08-07T05:34:04.896Z,0.2
2026-08-07T05:34:20.017Z,0.19
2026-08-07T05:34:35.09Z,0.19
2026-08-07T05:34:50.147Z,0.19
2026-08-07T05:35:10.215Z,0.19
2026-08-07T05:35:30.292Z,0.19
2026-08-07T05:35:50.396Z,0.19
2026-08-07T05:36:05.455Z,0.19
2026-08-07T05:36:20.632Z,0.19
2026-08-07T05:36:35.682Z,0.19
2026-08-07T05:36:52.016Z,0.19
2026-08-07T05:37:05.805Z,0.19
2026-08-07T05:37:20.884Z,0.18
2026-08-07T05:37:36.009Z,0.18
2026-08-07T05:37:52.102Z,0.18
2026-08-07T05:38:06.149Z,0.18
2026-08-07T05:38:20Z,0.18
2026-08-07T05:38:21.245Z,0.18
2026-08-07T05:38:36.316Z,0.18
2026-08-07T05:38:51.431Z,0.18
2026-08-07T05:39:06.511Z,0.18
2026-08-07T05:39:21.569Z,0.18
2026-08-07T05:39:36.646Z,0.18
2026-08-07T05:39:51.831Z,0.18
2026-08-07T05:40:07.679Z,0.18
2026-08-07T05:40:27.021Z,0.18
2026-08-07T05:40:42.098Z,0.18
2026-08-07T05:40:57.19Z,0.18
2026-08-07T05:41:12.284Z,0.18
2026-08-07T05:41:32.397Z,0.17
2026-08-07T05:41:47.423Z,0.17
2026-08-07T05:42:02.755Z,0.18
2026-08-07T05:42:22.578Z,0.17
2026-08-07T05:42:37.635Z,0.17
2026-08-07T05:42:52.72Z,0.17
2026-08-07T05:43:07.822Z,0.17
2026-08-07T05:43:22Z,0.17
2026-08-07T05:43:22.93Z,0.17
2026-08-07T05:43:38.428Z,0.17
2026-08-07T05:43:53.052Z,0.17
2026-08-07T05:44:08.17Z,0.17
2026-08-07T05:44:23.236Z,0.17
2026-08-07T05:44:38.287Z,0.17
2026-08-07T05:44:53.419Z,0.17
2026-08-07T05:45:12.539Z,0.17
2026-08-07T05:45:23.546Z,0.17
2026-08-07T05:45:43.695Z,0.17
2026-08-07T05:45:59.501Z,0.17
2026-08-07T05:46:18.855Z,0.17
2026-08-07T05:46:33.91Z,0.17
2026-08-07T05:46:48.997Z,0.17
2026-08-07T05:47:09.261Z,0.17
2026-08-07T05:47:29.197Z,0.17
2026-08-07T05:47:49.27Z,0.17
2026-08-07T05:48:08Z,0.17
2026-08-07T05:48:09.564Z,0.17
2026-08-07T05:48:29.393Z,0.17
2026-08-07T05:48:44.549Z,0.17
2026-08-07T05:48:59.681Z,0.17
2026-08-07T05:49:14.762Z,0.17
2026-08-07T05:49:29.783Z,0.17
2026-08-07T05:49:45.262Z,0.17
2026-08-07T05:49:59.954Z,0.17
2026-08-07T05:50:15.038Z,0.17
2026-08-07T05:50:30.121Z,0.17
2026-08-07T05:50:45.218Z,0.18
2026-08-07T05:51:05.309Z,0.18
2026-08-07T05:51:20.389Z,0.18
2026-08-07T05:51:35.461Z,0.18
2026-08-07T05:51:50.608Z,0.18
2026-08-07T05:52:05.671Z,0.18
2026-08-07T05:52:20.73Z,0.18
2026-08-07T05:52:35.814Z,0.18
2026-08-07T05:52:50.911Z,0.18
2026-08-07T05:53:05.986Z,0.18
2026-08-07T05:53:20Z,0.18
2026-08-07T05:53:21.13Z,0.18
2026-08-07T05:53:36.194Z,0.18
2026-08-07T05:53:53.49Z,0.18
2026-08-07T05:54:06.407Z,0.18
2026-08-07T05:54:21.392Z,0.18
2026-08-07T05:54:41.493Z,0.18
2026-08-07T05:54:56.587Z,0.18
2026-08-07T05:55:11.723Z,0.18
2026-08-07T05:55:26.771Z,0.18
2026-08-07T05:55:41.846Z,0.18
2026-08-07T05:55:56.881Z,0.18
2026-08-07T05:56:16.973Z,0.18
2026-08-07T05:56:32.063Z,0.18
2026-08-07T05:56:47.18Z,0.18
2026-08-07T05:57:07.205Z,0.18
2026-08-07T05:57:22.418Z,0.18
2026-08-07T05:57:37.503Z,0.18
2026-08-07T05:57:52.699Z,0.18
2026-08-07T05:58:07.687Z,0.18
2026-08-07T05:58:22Z,0.18
2026-08-07T05:58:22.732Z,0.18
2026-08-07T05:58:37.875Z,0.18
2026-08-07T05:58:52.95Z,0.18
2026-08-07T05:59:08.598Z,0.18
2026-08-07T05:59:23.531Z,0.18
2026-08-07T05:59:39.122Z,0.18
2026-08-07T05:59:58.273Z,0.18
2026-08-07T06:00:14.392Z,0.18
2026-08-07T06:00:28.497Z,0.18
2026-08-07T06:00:48.506Z,0.18
2026-08-07T06:01:09.153Z,0.18
2026-08-07T06:01:24.165Z,0.18
2026-08-07T06:01:38.961Z,0.18
2026-08-07T06:01:54.055Z,0.18
2026-08-07T06:02:09.107Z,0.18
2026-08-07T06:02:29.145Z,0.18
2026-08-07T06:02:44.285Z,0.18
2026-08-07T06:02:59.329Z,0.18
2026-08-07T06:03:14.684Z,0.18
2026-08-07T06:03:28Z,0.18
2026-08-07T06:03:30.082Z,0.18
2026-08-07T06:03:44.546Z,0.18
2026-08-07T06:04:04.57Z,0.17
2026-08-07T06:04:19.705Z,0.17
2026-08-07T06:04:34.742Z,0.17
2026-08-07T06:04:49.804Z,0.18
2026-08-07T06:05:12.798Z,0.17
2026-08-07T06:05:20.007Z,0.17
2026-08-07T06:05:40.102Z,0.17
2026-08-07T06:05:55.152Z,0.17
2026-08-07T06:06:10.221Z,0.17
2026-08-07T06:06:30.306Z,0.17
2026-08-07T06:06:50.415Z,0.17
2026-08-07T06:07:05.764Z,0.18
2026-08-07T06:07:25.92Z,0.18
2026-08-07T06:07:40.672Z,0.18
2026-08-07T06:07:55.76Z,0.18
2026-08-07T06:08:15Z,0.18
2026-08-07T06:08:16.571Z,0.18
2026-08-07T06:08:35.889Z,0.18
2026-08-07T06:08:51.025Z,0.18
2026-08-07T06:09:11.039Z,0.18
2026-08-07T06:09:26.648Z,0.18
2026-08-07T06:09:46.223Z,0.18
2026-08-07T06:10:12.221Z,0.18
2026-08-07T06:10:21.353Z,0.18
2026-08-07T06:10:41.465Z,0.18
2026-08-07T06:11:02.881Z,0.18
2026-08-07T06:11:21.618Z,0.18
2026-08-07T06:11:37.015Z,0.18
2026-08-07T06:11:52.014Z,0.18
2026-08-07T06:12:07.136Z,0.19
2026-08-07T06:12:22.223Z,0.19
2026-08-07T06:12:37.307Z,0.19
2026-08-07T06:12:52.821Z,0.2
2026-08-07T06:13:07.427Z,0.2
2026-08-07T06:13:21Z,0.2
2026-08-07T06:13:22.549Z,0.2
2026-08-07T06:13:37.631Z,0.21
2026-08-07T06:13:53.577Z,0.21
2026-08-07T06:14:07.754Z,0.21
2026-08-07T06:14:27.876Z,0.22
2026-08-07T06:14:43.083Z,0.22
2026-08-07T06:14:58.019Z,0.23
2026-08-07T06:15:13.146Z,0.23
2026-08-07T06:15:33.19Z,0.24
2026-08-07T06:15:48.296Z,0.24
2026-08-07T06:16:03.388Z,0.25
2026-08-07T06:16:18.41Z,0.25
2026-08-07T06:16:33.48Z,0.26
2026-08-07T06:16:50.671Z,0.26
2026-08-07T06:17:03.653Z,0.26
2026-08-07T06:17:18.74Z,0.27
2026-08-07T06:17:33.846Z,0.27
2026-08-07T06:17:50.2Z,0.28
2026-08-07T06:18:04.203Z,0.28
2026-08-07T06:18:23Z,0.29
2026-08-07T06:18:24.263Z,0.29
2026-08-07T06:18:40.486Z,0.3
2026-08-07T06:18:54.401Z,0.3
2026-08-07T06:19:10.171Z,0.31
2026-08-07T06:19:24.596Z,0.32
2026-08-07T06:19:39.692Z,0.32
2026-08-07T06:19:54.725Z,0.32
2026-08-07T06:20:11.279Z,0.33
2026-08-07T06:20:24.939Z,0.33
2026-08-07T06:20:39.98Z,0.33
2026-08-07T06:20:55.163Z,0.35
2026-08-07T06:21:10.289Z,0.35
2026-08-07T06:21:25.328Z,0.36
2026-08-07T06:21:45.328Z,0.37
2026-08-07T06:22:05.435Z,0.37
2026-08-07T06:22:20.603Z,0.38
2026-08-07T06:22:35.623Z,0.38
2026-08-07T06:22:56.621Z,0.4
2026-08-07T06:23:15.754Z,0.4
2026-08-07T06:23:30Z,0.41
2026-08-07T06:23:30.804Z,0.41
2026-08-07T06:23:45.891Z,0.41
2026-08-07T06:24:06.028Z,0.42
2026-08-07T06:24:22.915Z,0.43
2026-08-07T06:24:36.142Z,0.44
2026-08-07T06:24:51.204Z,0.44
2026-08-07T06:25:12.523Z,0.45
2026-08-07T06:25:26.387Z,0.45
2026-08-07T06:25:41.498Z,0.46
2026-08-07T06:25:56.566Z,0.47
2026-08-07T06:26:12.327Z,0.47
2026-08-07T06:26:26.714Z,0.48
2026-08-07T06:26:41.798Z,0.48
2026-08-07T06:27:03.125Z,0.49
2026-08-07T06:27:21.994Z,0.5
2026-08-07T06:27:42.092Z,0.5
2026-08-07T06:27:57.157Z,0.51
2026-08-07T06:28:17.29Z,0.51
2026-08-07T06:28:31Z,0.52
2026-08-07T06:28:33.809Z,0.52
2026-08-07T06:28:52.454Z,0.53
2026-08-07T06:29:07.512Z,0.53
2026-08-07T06:29:22.557Z,0.54
2026-08-07T06:29:37.648Z,0.54
2026-08-07T06:29:52.717Z,0.54
2026-08-07T06:30:13.493Z,0.55
2026-08-07T06:30:28.714Z,0.56
2026-08-07T06:30:48.052Z,0.56
2026-08-07T06:31:04.599Z,0.57
2026-08-07T06:31:25.575Z,0.58
2026-08-07T06:31:38.304Z,0.58
2026-08-07T06:31:58.374Z,0.58
2026-08-07T06:32:18.54Z,0.59
2026-08-07T06:32:35.29Z,0.6
2026-08-07T06:32:48.618Z,0.6
2026-08-07T06:33:03.993Z,0.6
2026-08-07T06:33:18.773Z,0.6
2026-08-07T06:33:33Z,0.61
2026-08-07T06:33:33.856Z,0.61
2026-08-07T06:33:48.92Z,0.61
2026-08-07T06:34:03.997Z,0.61
2026-08-07T06:34:19.102Z,0.62
2026-08-07T06:34:39.225Z,0.62
2026-08-07T06:34:54.247Z,0.62
2026-08-07T06:35:10.37Z,0.62
2026-08-07T06:35:27.341Z,0.63
2026-08-07T06:35:39.535Z,0.63
2026-08-07T06:35:54.606Z,0.63
2026-08-07T06:36:09.669Z,0.63
2026-08-07T06:36:24.757Z,0.64
2026-08-07T06:36:39.961Z,0.64
2026-08-07T06:36:54.982Z,0.64
2026-08-07T06:37:10.087Z,0.65
2026-08-07T06:37:25.184Z,0.65
2026-08-07T06:37:40.237Z,0.65
2026-08-07T06:37:55.329Z,0.66
2026-08-07T06:38:10.442Z,0.66
2026-08-07T06:38:24Z,0.66
2026-08-07T06:38:25.489Z,0.66
2026-08-07T06:38:45.579Z,0.66
2026-08-07T06:39:00.642Z,0.67
2026-08-07T06:39:15.725Z,0.67
2026-08-07T06:39:30.937Z,0.68
2026-08-07T06:39:52.041Z,0.68
2026-08-07T06:40:11.203Z,0.69
2026-08-07T06:40:26.305Z,0.69
2026-08-07T06:40:41.376Z,0.7
2026-08-07T06:41:03.141Z,0.7
2026-08-07T06:41:16.572Z,0.7
2026-08-07T06:41:31.66Z,0.71
2026-08-07T06:41:46.726Z,0.71
2026-08-07T06:42:02.771Z,0.71
2026-08-07T06:42:16.875Z,0.71
2026-08-07T06:42:36.974Z,0.72
2026-08-07T06:42:52.073Z,0.72
2026-08-07T06:43:07.123Z,0.72
2026-08-07T06:43:22.259Z,0.73
2026-08-07T06:43:36Z,0.73
2026-08-07T06:43:37.339Z,0.73
2026-08-07T06:43:52.424Z,0.73
2026-08-07T06:44:09.953Z,0.73
2026-08-07T06:44:22.622Z,0.74
2026-08-07T06:44:37.757Z,0.74
2026-08-07T06:44:52.799Z,0.74
2026-08-07T06:45:12.914Z,0.75
2026-08-07T06:45:22.957Z,0.75
2026-08-07T06:45:38.047Z,0.75
2026-08-07T06:45:58.109Z,0.75
2026-08-07T06:46:13.248Z,0.76
2026-08-07T06:46:28.283Z,0.76
2026-08-07T06:46:43.373Z,0.76
2026-08-07T06:47:03.442Z,0.77
2026-08-07T06:47:18.521Z,0.77
2026-08-07T06:47:33.6Z,0.78
2026-08-07T06:47:48.754Z,0.78
2026-08-07T06:48:03.797Z,0.78
2026-08-07T06:48:18.987Z,0.79
2026-08-07T06:48:33Z,0.79
2026-08-07T06:48:34.064Z,0.79
2026-08-07T06:48:49.085Z,0.79
2026-08-07T06:49:04.193Z,0.8
2026-08-07T06:49:19.268Z,0.81
2026-08-07T06:49:34.356Z,0.81
2026-08-07T06:49:49.447Z,0.81
2026-08-07T06:50:10.399Z,0.82
2026-08-07T06:50:24.538Z,0.82
2026-08-07T06:50:44.716Z,0.83
2026-08-07T06:50:59.784Z,0.84
2026-08-07T06:51:14.832Z,0.84
2026-08-07T06:51:29.858Z,0.84
2026-08-07T06:51:45.058Z,0.84
2026-08-07T06:52:00.037Z,0.84
2026-08-07T06:52:15.355Z,0.85
2026-08-07T06:52:35.245Z,0.85
2026-08-07T06:52:50.309Z,0.85
2026-08-07T06:53:05.41Z,0.86
2026-08-07T06:53:20.552Z,0.86
2026-08-07T06:53:35Z,0.87
2026-08-07T06:53:35.668Z,0.87
2026-08-07T06:53:56.234Z,0.87
2026-08-07T06:54:10.895Z,0.87
2026-08-07T06:54:26.054Z,0.87
2026-08-07T06:54:41.06Z,0.88
2026-08-07T06:54:56.137Z,0.88
2026-08-07T06:55:16.199Z,0.89
2026-08-07T06:55:31.262Z,0.89
2026-08-07T06:55:46.389Z,0.9
2026-08-07T06:56:06.453Z,0.9
2026-08-07T06:56:21.564Z,0.9
2026-08-07T06:56:36.608Z,0.9
2026-08-07T06:56:51.723Z,0.9
2026-08-07T06:57:06.777Z,0.91
2026-08-07T06:57:21.95Z,0.91
2026-08-07T06:57:36.943Z,0.91
2026-08-07T06:57:52.034Z,0.92
2026-08-07T06:58:07.095Z,0.92
2026-08-07T06:58:22.217Z,0.92
2026-08-07T06:58:41Z,0.92
2026-08-07T06:58:42.286Z,0.92
2026-08-07T06:58:57.955Z,0.93
2026-08-07T06:59:12.478Z,0.93
2026-08-07T06:59:27.519Z,0.93
2026-08-07T06:59:42.602Z,0.93
2026-08-07T07:00:11.751Z,0.93
2026-08-07T07:00:17.762Z,0.94
2026-08-07T07:00:32.825Z,0.94
2026-08-07T07:00:48.01Z,0.94
2026-08-07T07:01:07.897Z,0.94
2026-08-07T07:01:18.172Z,0.94
2026-08-07T07:01:33.227Z,0.94
2026-08-07T07:01:48.597Z,0.95
2026-08-07T07:02:08.402Z,0.95
2026-08-07T07:02:23.465Z,0.95
2026-08-07T07:02:38.591Z,0.95
2026-08-07T07:02:53.646Z,0.96
2026-08-07T07:03:08.706Z,0.96
2026-08-07T07:03:28.837Z,0.96
2026-08-07T07:03:48Z,0.97
2026-08-07T07:03:49.67Z,0.97
2026-08-07T07:04:03.972Z,0.97
2026-08-07T07:04:19.115Z,0.98
2026-08-07T07:04:34.249Z,0.98
2026-08-07T07:04:49.435Z,0.99
2026-08-07T07:05:10.784Z,0.99
2026-08-07T07:05:19.472Z,1.0
2026-08-07T07:05:34.524Z,1.0
2026-08-07T07:05:50.381Z,1.01
2026-08-07T07:06:04.741Z,1.01
2026-08-07T07:06:19.795Z,1.02
2026-08-07T07:06:34.923Z,1.02
2026-08-07T07:06:50.029Z,1.03
2026-08-07T07:07:10.092Z,1.04
2026-08-07T07:07:25.217Z,1.04
2026-08-07T07:07:40.25Z,1.05
2026-08-07T07:07:55.411Z,1.05
2026-08-07T07:08:10.58Z,1.06
2026-08-07T07:08:30.645Z,1.07
2026-08-07T07:08:45Z,1.08
2026-08-07T07:08:45.74Z,1.08
2026-08-07T07:09:05.8Z,1.08
2026-08-07T07:09:20.881Z,1.09
2026-08-07T07:09:35.992Z,1.1
2026-08-07T07:09:51.029Z,1.1
2026-08-07T07:10:12.348Z,1.11
2026-08-07T07:10:21.209Z,1.11
2026-08-07T07:10:36.291Z,1.12
2026-08-07T07:10:51.417Z,1.12
2026-08-07T07:11:06.932Z,1.12
2026-08-07T07:11:21.812Z,1.14
2026-08-07T07:11:41.646Z,1.15
2026-08-07T07:11:56.81Z,1.16
2026-08-07T07:12:16.829Z,1.17
2026-08-07T07:12:32.185Z,1.17
2026-08-07T07:12:47.316Z,1.18
2026-08-07T07:13:07.324Z,1.19
2026-08-07T07:13:27.514Z,1.2
2026-08-07T07:13:42Z,1.2
2026-08-07T07:13:42.907Z,1.2
2026-08-07T07:13:57.667Z,1.21
2026-08-07T07:14:12.747Z,1.22
2026-08-07T07:14:28.018Z,1.22
2026-08-07T07:14:42.979Z,1.23
2026-08-07T07:15:12.378Z,1.23
2026-08-07T07:15:20.436Z,1.25
2026-08-07T07:15:33.17Z,1.25
2026-08-07T07:15:48.256Z,1.27
2026-08-07T07:16:05.84Z,1.27
2026-08-07T07:16:18.541Z,1.27
2026-08-07T07:16:33.558Z,1.28
2026-08-07T07:16:48.56Z,1.29
2026-08-07T07:17:08.659Z,1.29
2026-08-07T07:17:23.707Z,1.3
2026-08-07T07:17:38.797Z,1.31
2026-08-07T07:17:58.905Z,1.32
2026-08-07T07:18:14.041Z,1.32
2026-08-07T07:18:34.127Z,1.33
2026-08-07T07:18:48Z,1.34
2026-08-07T07:18:49.293Z,1.34
2026-08-07T07:19:04.823Z,1.34
2026-08-07T07:19:19.489Z,1.35
2026-08-07T07:19:39.443Z,1.35
2026-08-07T07:19:54.483Z,1.36
2026-08-07T07:20:11.853Z,1.36
2026-08-07T07:20:24.647Z,1.38
2026-08-07T07:20:46.477Z,1.39
2026-08-07T07:20:59.875Z,1.39
2026-08-07T07:21:14.993Z,1.4
2026-08-07T07:21:30.221Z,1.41
2026-08-07T07:21:45.134Z,1.41
2026-08-07T07:22:00.295Z,1.42
2026-08-07T07:22:20.373Z,1.43
2026-08-07T07:22:35.466Z,1.43
2026-08-07T07:22:50.532Z,1.45
2026-08-07T07:23:05.928Z,1.45
2026-08-07T07:23:21.017Z,1.46
2026-08-07T07:23:36.112Z,1.46
2026-08-07T07:23:50Z,1.47
2026-08-07T07:23:51.26Z,1.47
2026-08-07T07:24:11.275Z,1.48
2026-08-07T07:24:26.347Z,1.49
2026-08-07T07:24:41.992Z,1.5
2026-08-07T07:24:56.56Z,1.51
2026-08-07T07:25:16.625Z,1.51
2026-08-07T07:25:31.703Z,1.52
2026-08-07T07:25:46.818Z,1.52
2026-08-07T07:26:03.058Z,1.53
2026-08-07T07:26:16.985Z,1.53
2026-08-07T07:26:32.403Z,1.55
2026-08-07T07:26:47.158Z,1.55
2026-08-07T07:27:02.763Z,1.56
2026-08-07T07:27:17.328Z,1.58
2026-08-07T07:27:32.379Z,1.59
2026-08-07T07:27:53.219Z,1.6
2026-08-07T07:28:07.645Z,1.6
2026-08-07T07:28:22.657Z,1.6
2026-08-07T07:28:37.723Z,1.62
2026-08-07T07:28:57Z,1.63
2026-08-07T07:28:57.801Z,1.63
2026-08-07T07:29:13.443Z,1.64
2026-08-07T07:29:27.99Z,1.65
2026-08-07T07:29:48.085Z,1.66
2026-08-07T07:30:13.098Z,1.67
2026-08-07T07:30:23.209Z,1.68
2026-08-07T07:30:43.345Z,1.7
2026-08-07T07:30:58.622Z,1.71
2026-08-07T07:31:13.61Z,1.72
2026-08-07T07:31:33.786Z,1.73
2026-08-07T07:31:53.772Z,1.74
2026-08-07T07:32:10.427Z,1.76
2026-08-07T07:32:23.928Z,1.76
2026-08-07T07:32:44.038Z,1.79
2026-08-07T07:32:59.092Z,1.79
2026-08-07T07:33:14.207Z,1.81
2026-08-07T07:33:29.524Z,1.82
2026-08-07T07:33:44.598Z,1.83
2026-08-07T07:33:59Z,1.85
2026-08-07T07:34:01.979Z,1.85
2026-08-07T07:34:14.813Z,1.86
2026-08-07T07:34:34.852Z,1.87
2026-08-07T07:34:49.938Z,1.88
2026-08-07T07:35:09.828Z,1.89
2026-08-07T07:35:25.107Z,1.91
2026-08-07T07:35:40.191Z,1.92
2026-08-07T07:35:55.261Z,1.93
2026-08-07T07:36:10.33Z,1.94
2026-08-07T07:36:25.837Z,1.95
2026-08-07T07:36:45.601Z,1.97
2026-08-07T07:37:00.598Z,1.99
2026-08-07T07:37:15.68Z,1.99
2026-08-07T07:37:37.045Z,2.02
2026-08-07T07:37:50.887Z,2.02
2026-08-07T07:38:05.935Z,2.04
2026-08-07T07:38:22.109Z,2.06
2026-08-07T07:38:41.069Z,2.07
2026-08-07T07:39:00Z,2.09
2026-08-07T07:39:02.932Z,2.09
2026-08-07T07:39:16.27Z,2.1
2026-08-07T07:39:31.325Z,2.1
2026-08-07T07:39:46.383Z,2.13
2026-08-07T07:40:12.516Z,2.14
2026-08-07T07:40:21.619Z,2.15
2026-08-07T07:40:36.645Z,2.16
2026-08-07T07:40:51.784Z,2.17
2026-08-07T07:41:06.856Z,2.19
2026-08-07T07:41:26.907Z,2.2
2026-08-07T07:41:46.981Z,2.21
2026-08-07T07:42:07.258Z,2.24
2026-08-07T07:42:22.395Z,2.24
2026-08-07T07:42:37.464Z,2.26
2026-08-07T07:42:57.533Z,2.28
2026-08-07T07:43:12.578Z,2.28
2026-08-07T07:43:27.678Z,2.3
2026-08-07T07:43:42.747Z,2.31
2026-08-07T07:44:02Z,2.32
2026-08-07T07:44:03.264Z,2.32
2026-08-07T07:44:18.085Z,2.35
2026-08-07T07:44:33.168Z,2.35
2026-08-07T07:44:50.826Z,2.38
2026-08-07T07:45:11.941Z,2.4
2026-08-07T07:45:18.395Z,2.4
2026-08-07T07:45:38.528Z,2.41
2026-08-07T07:45:53.59Z,2.43
2026-08-07T07:46:08.875Z,2.45
2026-08-07T07:46:28.75Z,2.46
2026-08-07T07:46:43.892Z,2.46
2026-08-07T07:46:59.616Z,2.49
2026-08-07T07:47:19.101Z,2.49
2026-08-07T07:47:34.147Z,2.51
2026-08-07T07:47:49.19Z,2.52
2026-08-07T07:48:04.441Z,2.54
2026-08-07T07:48:19.38Z,2.54
2026-08-07T07:48:34.476Z,2.56
2026-08-07T07:48:49.567Z,2.56
2026-08-07T07:49:04Z,2.59
2026-08-07T07:49:05.461Z,2.59
2026-08-07T07:49:19.679Z,2.59
2026-08-07T07:49:34.777Z,2.59
2026-08-07T07:49:49.848Z,2.62
2026-08-07T07:50:07.638Z,2.62
2026-08-07T07:50:25.064Z,2.63
2026-08-07T07:50:40.09Z,2.64
2026-08-07T07:51:00.173Z,2.66
2026-08-07T07:51:15.309Z,2.66
2026-08-07T07:51:30.35Z,2.67
2026-08-07T07:51:50.465Z,2.68
2026-08-07T07:52:05.703Z,2.7
2026-08-07T07:52:27.434Z,2.71
2026-08-07T07:52:42.552Z,2.72
2026-08-07T07:52:57.599Z,2.72
2026-08-07T07:53:12.662Z,2.73
2026-08-07T07:53:32.795Z,2.75
2026-08-07T07:53:47.822Z,2.75
2026-08-07T07:54:02Z,2.78
2026-08-07T07:54:03.05Z,2.78
2026-08-07T07:54:23.609Z,2.79
2026-08-07T07:54:38.6Z,2.79
2026-08-07T07:54:53.293Z,2.79
2026-08-07T07:55:13.42Z,2.81
2026-08-07T07:55:28.456Z,2.83
2026-08-07T07:55:47.076Z,2.83
2026-08-07T07:56:03.627Z,2.84
2026-08-07T07:56:23.67Z,2.86
2026-08-07T07:56:43.769Z,2.87
2026-08-07T07:56:58.871Z,2.88
2026-08-07T07:57:29.091Z,2.88
2026-08-07T07:57:34.138Z,2.9
2026-08-07T07:57:44.141Z,2.9
2026-08-07T07:57:59.191Z,2.92
2026-08-07T07:58:19.35Z,2.93
2026-08-07T07:58:34.38Z,2.94
2026-08-07T07:58:54.479Z,2.95
2026-08-07T07:59:08Z,2.96
2026-08-07T07:59:09.565Z,2.96
2026-08-07T07:59:29.679Z,2.98
2026-08-07T07:59:44.815Z,2.98
2026-08-07T08:00:00.671Z,3.0
2026-08-07T08:00:15.003Z,3.0
2026-08-07T08:00:30.926Z,3.02
2026-08-07T08:00:45.136Z,3.02
2026-08-07T08:01:05.18Z,3.04
2026-08-07T08:01:20.289Z,3.04
2026-08-07T08:01:35.322Z,3.07
2026-08-07T08:01:50.419Z,3.06
2026-08-07T08:02:05.475Z,3.07
2026-08-07T08:02:20.782Z,3.08
2026-08-07T08:02:45.762Z,3.11
2026-08-07T08:02:51.009Z,3.12
2026-08-07T08:03:06.788Z,3.15
2026-08-07T08:03:21.205Z,3.16
2026-08-07T08:03:41.29Z,3.19
2026-08-07T08:04:00Z,3.2
2026-08-07T08:04:02.823Z,3.2
2026-08-07T08:04:23.648Z,3.2
2026-08-07T08:04:36.494Z,3.2
2026-08-07T08:04:51.575Z,3.22
2026-08-07T08:05:14.369Z,3.24
2026-08-07T08:05:26.83Z,3.25
2026-08-07T08:05:41.899Z,3.25
2026-08-07T08:06:05.311Z,3.27
2026-08-07T08:06:17.06Z,3.27
2026-08-07T08:06:38.217Z,3.29
2026-08-07T08:06:52.221Z,3.31
2026-08-07T08:07:07.302Z,3.31
2026-08-07T08:07:22.361Z,3.33
2026-08-07T08:07:42.48Z,3.34
2026-08-07T08:07:57.602Z,3.36
2026-08-07T08:08:12.676Z,3.36
2026-08-07T08:08:32.736Z,3.37
2026-08-07T08:08:47.806Z,3.38
2026-08-07T08:09:02Z,3.39
2026-08-07T08:09:02.987Z,3.39
2026-08-07T08:09:17.974Z,3.4
2026-08-07T08:09:33.094Z,3.41
2026-08-07T08:09:53.161Z,3.41
2026-08-07T08:10:13.358Z,3.42
2026-08-07T08:10:33.298Z,3.44
2026-08-07T08:10:48.381Z,3.44
2026-08-07T08:11:08.453Z,3.46
2026-08-07T08:11:23.536Z,3.46
2026-08-07T08:11:43.665Z,3.46
2026-08-07T08:12:04.69Z,3.48
2026-08-07T08:12:18.877Z,3.48
2026-08-07T08:12:38.886Z,3.49
2026-08-07T08:12:54.037Z,3.5
2026-08-07T08:13:09.221Z,3.5
2026-08-07T08:13:24.11Z,3.54
2026-08-07T08:13:39.866Z,3.54
2026-08-07T08:13:55.596Z,3.54
2026-08-07T08:14:08Z,3.55
2026-08-07T08:14:09.631Z,3.55
2026-08-07T08:14:24.449Z,3.55
2026-08-07T08:14:44.529Z,3.56
2026-08-07T08:15:10.96Z,3.57
2026-08-07T08:15:19.706Z,3.57
2026-08-07T08:15:34.775Z,3.57
2026-08-07T08:15:49.837Z,3.59
2026-08-07T08:16:04.923Z,3.6
2026-08-07T08:16:20Z,3.61
2026-08-07T08:16:35.084Z,3.62
2026-08-07T08:16:50.367Z,3.63
2026-08-07T08:17:10.254Z,3.64
2026-08-07T08:17:30.402Z,3.64
2026-08-07T08:17:50.423Z,3.66
2026-08-07T08:18:11.463Z,3.68
2026-08-07T08:18:26.073Z,3.68
2026-08-07T08:18:46.018Z,3.69
2026-08-07T08:19:05Z,3.69
2026-08-07T08:19:06.078Z,3.69
2026-08-07T08:19:21.155Z,3.7
2026-08-07T08:19:41.324Z,3.72
2026-08-07T08:19:56.299Z,3.71
2026-08-07T08:20:12.657Z,3.73
2026-08-07T08:20:26.477Z,3.74
2026-08-07T08:20:41.945Z,3.74
2026-08-07T08:20:56.652Z,3.74
2026-08-07T08:21:11.762Z,3.75
2026-08-07T08:21:26.811Z,3.75
2026-08-07T08:21:46.974Z,3.77
2026-08-07T08:22:03.406Z,3.79
2026-08-07T08:22:17.244Z,3.79
2026-08-07T08:22:37.269Z,3.8
2026-08-07T08:22:54.526Z,3.81
2026-08-07T08:23:12.809Z,3.83
2026-08-07T08:23:32.934Z,3.83
2026-08-07T08:23:52.972Z,3.85
2026-08-07T08:24:12Z,3.86
2026-08-07T08:24:13.029Z,3.86
2026-08-07T08:24:28.192Z,3.86
2026-08-07T08:24:43.756Z,3.87
2026-08-07T08:24:58.356Z,3.88
2026-08-07T08:25:13.431Z,3.91
2026-08-07T08:25:28.578Z,3.92
2026-08-07T08:25:49.193Z,3.95
2026-08-07T08:26:03.752Z,3.95
2026-08-07T08:26:18.867Z,3.96
2026-08-07T08:26:38.897Z,3.95
2026-08-07T08:26:53.968Z,3.95
2026-08-07T08:27:09.443Z,3.96
2026-08-07T08:27:24.2Z,3.97
2026-08-07T08:27:39.282Z,3.98
2026-08-07T08:27:55.628Z,3.98
2026-08-07T08:28:14.456Z,3.99
2026-08-07T08:28:29.517Z,4.0
2026-08-07T08:28:44.599Z,4.0
2026-08-07T08:29:04.682Z,4.0
2026-08-07T08:29:19Z,4.02
2026-08-07T08:29:19.891Z,4.02
2026-08-07T08:29:34.909Z,4.02
2026-08-07T08:29:49.995Z,4.03
2026-08-07T08:30:11.988Z,4.03
2026-08-07T08:30:30.119Z,4.05
2026-08-07T08:30:45.207Z,4.05
2026-08-07T08:31:00.345Z,4.06
2026-08-07T08:31:15.343Z,4.06
2026-08-07T08:31:30.428Z,4.07
2026-08-07T08:31:45.501Z,4.07
2026-08-07T08:32:02.396Z,4.07
2026-08-07T08:32:15.645Z,4.07
2026-08-07T08:32:30.823Z,4.08
2026-08-07T08:32:51.513Z,4.1
2026-08-07T08:33:10.892Z,4.11
2026-08-07T08:33:26.037Z,4.11
2026-08-07T08:33:41.081Z,4.11
2026-08-07T08:33:56.198Z,4.12
2026-08-07T08:34:10Z,4.12
2026-08-07T08:34:11.234Z,4.12
2026-08-07T08:34:26.372Z,4.13
2026-08-07T08:34:41.454Z,4.13
2026-08-07T08:34:57.022Z,4.14
2026-08-07T08:35:16.707Z,4.14
2026-08-07T08:35:32.433Z,4.15
2026-08-07T08:35:46.834Z,4.15
2026-08-07T08:36:03.048Z,4.16
2026-08-07T08:36:16.979Z,4.16
2026-08-07T08:36:32.038Z,4.17
2026-08-07T08:36:47.196Z,4.17
2026-08-07T08:37:03.334Z,4.17
2026-08-07T08:37:22.304Z,4.19
2026-08-07T08:37:37.416Z,4.2
2026-08-07T08:37:57.473Z,4.2
2026-08-07T08:38:12.578Z,4.22
2026-08-07T08:38:27.675Z,4.22
2026-08-07T08:38:43.588Z,4.23
2026-08-07T08:38:57.812Z,4.23
2026-08-07T08:39:12Z,4.25
2026-08-07T08:39:13.239Z,4.25
2026-08-07T08:39:28.047Z,4.25
2026-08-07T08:39:43.19Z,4.26
2026-08-07T08:40:09.168Z,4.26
2026-08-07T08:40:18.759Z,4.27
2026-08-07T08:40:34.746Z,4.28
2026-08-07T08:40:48.453Z,4.29
2026-08-07T08:41:08.543Z,4.29
2026-08-07T08:41:23.618Z,4.3
2026-08-07T08:41:39.781Z,4.31
2026-08-07T08:41:53.881Z,4.31
2026-08-07T08:42:08.954Z,4.32
2026-08-07T08:42:24.034Z,4.32
2026-08-07T08:42:39.147Z,4.34
2026-08-07T08:42:59.484Z,4.36
2026-08-07T08:43:14.327Z,4.36
2026-08-07T08:43:29.356Z,4.36
2026-08-07T08:43:44.5Z,4.38
2026-08-07T08:43:59.529Z,4.39
2026-08-07T08:44:14Z,4.4
2026-08-07T08:44:14.918Z,4.4
2026-08-07T08:44:32.099Z,4.41
2026-08-07T08:44:45.551Z,4.41
2026-08-07T08:45:08.193Z,4.45
2026-08-07T08:45:25.421Z,4.45
2026-08-07T08:45:45.453Z,4.46
2026-08-07T08:46:00.659Z,4.5
2026-08-07T08:46:15.715Z,4.5
2026-08-07T08:46:30.81Z,4.5
2026-08-07T08:46:45.853Z,4.51
2026-08-07T08:47:02.575Z,4.51
2026-08-07T08:47:16.058Z,4.52
2026-08-07T08:47:32.238Z,4.55
2026-08-07T08:47:46.209Z,4.57
2026-08-07T08:48:02.799Z,4.57
2026-08-07T08:48:21.392Z,4.57
2026-08-07T08:48:36.493Z,4.58
2026-08-07T08:48:51.532Z,4.58
2026-08-07T08:49:06.64Z,4.59
2026-08-07T08:49:21Z,4.6
2026-08-07T08:49:21.714Z,4.6
2026-08-07T08:49:36.813Z,4.6
2026-08-07T08:49:51.914Z,4.61
2026-08-07T08:50:12.381Z,4.62
2026-08-07T08:50:27.076Z,4.64
2026-08-07T08:50:47.132Z,4.65
2026-08-07T08:51:07.181Z,4.65
2026-08-07T08:51:22.27Z,4.67
2026-08-07T08:51:42.844Z,4.68
2026-08-07T08:51:57.483Z,4.68
2026-08-07T08:52:12.572Z,4.7
2026-08-07T08:52:32.696Z,4.7
2026-08-07T08:52:47.75Z,4.7
2026-08-07T08:53:07.792Z,4.71
2026-08-07T08:53:22.89Z,4.7
2026-08-07T08:53:37.993Z,4.74
2026-08-07T08:53:53.099Z,4.73
2026-08-07T08:54:08.129Z,4.76
2026-08-07T08:54:27Z,4.76
2026-08-07T08:54:28.318Z,4.76
2026-08-07T08:54:44.473Z,4.76
2026-08-07T08:54:58.426Z,4.76
2026-08-07T08:55:13.558Z,4.77
2026-08-07T08:55:33.586Z,4.79
2026-08-07T08:55:48.701Z,4.79
2026-08-07T08:56:08.735Z,4.78
2026-08-07T08:56:29.168Z,4.79
2026-08-07T08:56:43.912Z,4.81
2026-08-07T08:56:58.988Z,4.81
2026-08-07T08:57:19.354Z,4.82
2026-08-07T08:57:40.392Z,4.83
2026-08-07T08:57:54.265Z,4.83
2026-08-07T08:58:09.328Z,4.83
2026-08-07T08:58:24.411Z,4.85
2026-08-07T08:58:39.527Z,4.85
2026-08-07T08:58:54.556Z,4.85
2026-08-07T08:59:09.668Z,4.86
2026-08-07T08:59:29Z,4.87
2026-08-07T08:59:29.741Z,4.87
2026-08-07T08:59:44.93Z,4.87
2026-08-07T09:00:00.03Z,4.89
2026-08-07T09:00:20.134Z,4.9
2026-08-07T09:00:35.986Z,4.9
2026-08-07T09:00:50.257Z,4.9
2026-08-07T09:01:06.316Z,4.92
2026-08-07T09:01:20.412Z,4.92
2026-08-07T09:01:35.498Z,4.93
2026-08-07T09:01:50.639Z,4.93
2026-08-07T09:02:05.706Z,4.94
2026-08-07T09:02:20.8Z,4.95
2026-08-07T09:02:35.959Z,4.95
2026-08-07T09:02:51.16Z,4.97
2026-08-07T09:03:11.126Z,4.98
2026-08-07T09:03:31.22Z,4.99
2026-08-07T09:03:46.281Z,4.99
2026-08-07T09:04:02.671Z,4.98
2026-08-07T09:04:16.456Z,4.99
2026-08-07T09:04:31Z,5.0
2026-08-07T09:04:31.549Z,5.0
2026-08-07T09:04:46.805Z,5.01
2026-08-07T09:05:12.544Z,5.01
2026-08-07T09:05:21.796Z,5.01
2026-08-07T09:05:36.917Z,5.02
2026-08-07T09:05:56.999Z,5.03
2026-08-07T09:06:12.114Z,5.03
2026-08-07T09:06:27.136Z,5.04
2026-08-07T09:06:42.234Z,5.04
2026-08-07T09:06:57.295Z,5.06
2026-08-07T09:07:12.433Z,5.07
2026-08-07T09:07:28.139Z,5.08
2026-08-07T09:07:42.553Z,5.08
2026-08-07T09:08:03.123Z,5.09
2026-08-07T09:08:17.691Z,5.09
2026-08-07T09:08:38.524Z,5.1
2026-08-07T09:08:52.855Z,5.1
2026-08-07T09:09:07.978Z,5.1
2026-08-07T09:09:27Z,5.1
2026-08-07T09:09:28.053Z,5.1
2026-08-07T09:09:43.101Z,5.11
2026-08-07T09:10:07.438Z,5.12
2026-08-07T09:10:18.28Z,5.12
2026-08-07T09:10:33.492Z,5.11
2026-08-07T09:10:48.431Z,5.11
2026-08-07T09:11:08.542Z,5.12
2026-08-07T09:11:30.08Z,5.14
2026-08-07T09:11:48.738Z,5.13
2026-08-07T09:12:08.742Z,5.13
2026-08-07T09:12:28.922Z,5.15
2026-08-07T09:12:44.324Z,5.15
2026-08-07T09:12:59.011Z,5.16
2026-08-07T09:13:14.126Z,5.16
2026-08-07T09:13:34.179Z,5.17
2026-08-07T09:13:54.88Z,5.18
2026-08-07T09:14:09.341Z,5.18
2026-08-07T09:14:23Z,5.2
2026-08-07T09:14:24.443Z,5.2
2026-08-07T09:14:39.477Z,5.21
2026-08-07T09:14:54.564Z,5.21
2026-08-07T09:15:15.142Z,5.23
2026-08-07T09:15:29.756Z,5.24
2026-08-07T09:15:44.92Z,5.25
2026-08-07T09:16:05.538Z,5.26
2026-08-07T09:16:20.028Z,5.26
2026-08-07T09:16:35.095Z,5.29
2026-08-07T09:16:55.167Z,5.3
2026-08-07T09:17:15.291Z,5.32
2026-08-07T09:17:35.433Z,5.34
2026-08-07T09:17:50.419Z,5.36
2026-08-07T09:18:05.532Z,5.38
2026-08-07T09:18:21.845Z,5.38
2026-08-07T09:18:35.665Z,5.4
2026-08-07T09:18:50.778Z,5.4
2026-08-07T09:19:05.847Z,5.44
2026-08-07T09:19:20.926Z,5.44
2026-08-07T09:19:35Z,5.47
2026-08-07T09:19:36.235Z,5.47
2026-08-07T09:19:51.178Z,5.47
2026-08-07T09:20:10.419Z,5.5
2026-08-07T09:20:26.325Z,5.5
2026-08-07T09:20:41.701Z,5.52
2026-08-07T09:20:56.802Z,5.54
2026-08-07T09:21:11.875Z,5.55
2026-08-07T09:21:27.024Z,5.56
2026-08-07T09:21:42.051Z,5.61
2026-08-07T09:21:57.167Z,5.61
2026-08-07T09:22:12.218Z,5.61
2026-08-07T09:22:33.039Z,5.63
2026-08-07T09:22:52.358Z,5.64
2026-08-07T09:23:07.46Z,5.64
2026-08-07T09:23:22.54Z,5.67
2026-08-07T09:23:37.65Z,5.67
2026-08-07T09:23:52.704Z,5.69
2026-08-07T09:24:07.811Z,5.72
2026-08-07T09:24:27Z,5.73
2026-08-07T09:24:28.058Z,5.73
2026-08-07T09:24:42.995Z,5.73
