_time,_value
2026-08-03T00:00:11.293Z,0.04
2026-08-03T00:00:16.197Z,0.04
2026-08-03T00:00:31.367Z,0.05
2026-08-03T00:00:46.43Z,0.05
2026-08-03T00:01:06.414Z,0.05
2026-08-03T00:01:27.166Z,0.05
2026-08-03T00:01:47.099Z,0.06
2026-08-03T00:02:06.804Z,0.06
2026-08-03T00:02:21.871Z,0.06
2026-08-03T00:02:36.955Z,0.06
2026-08-03T00:02:57.013Z,0.06
2026-08-03T00:03:12.139Z,0.05
2026-08-03T00:03:27.233Z,0.05
2026-08-03T00:03:42.728Z,0.05
2026-08-03T00:03:57.392Z,0.05
2026-08-03T00:04:12.459Z,0.05
2026-08-03T00:04:27Z,0.05
2026-08-03T00:04:27.597Z,0.05
2026-08-03T00:04:42.625Z,0.05
2026-08-03T00:04:57.685Z,0.05
2026-08-03T00:05:17.786Z,0.05
2026-08-03T00:05:34.359Z,0.06
2026-08-03T00:05:47.946Z,0.06
2026-08-03T00:06:08.044Z,0.06
2026-08-03T00:06:23.132Z,0.06
2026-08-03T00:06:38.185Z,0.06
2026-08-03T00:06:58.882Z,0.06
2026-08-03T00:07:18.441Z,0.05
2026-08-03T00:07:33.489Z,0.05
2026-08-03T00:07:53.554Z,0.05
2026-08-03T00:08:08.649Z,0.05
2026-08-03T00:08:23.706Z,0.05
2026-08-03T00:08:43.811Z,0.06
2026-08-03T00:08:58.896Z,0.06
2026-08-03T00:09:14.022Z,0.06
2026-08-03T00:09:28Z,0.05
2026-08-03T00:09:29.018Z,0.05
2026-08-03T00:09:44.108Z,0.05
2026-08-03T00:09:59.665Z,0.05
2026-08-03T00:10:14.22Z,0.05
2026-08-03T00:10:29.343Z,0.05
2026-08-03T00:10:44.44Z,0.05
2026-08-03T00:10:59.528Z,0.05
2026-08-03T00:11:14.668Z,0.05
2026-08-03T00:11:34.65Z,0.05
2026-08-03T00:11:54.723Z,0.05
2026-08-03T00:12:14.803Z,0.06
2026-08-03T00:12:30.005Z,0.06
2026-08-03T00:12:50.081Z,0.05
2026-08-03T00:13:05.152Z,0.05
2026-08-03T00:13:25.235Z,0.05
2026-08-03T00:13:45.32Z,0.05
2026-08-03T00:14:00.384Z,0.06
2026-08-03T00:14:15.487Z,0.06
2026-08-03T00:14:30Z,0.06
2026-08-03T00:14:30.642Z,0.06
2026-08-03T00:14:46.604Z,0.05
2026-08-03T00:15:10.428Z,0.05
2026-08-03T00:15:15.929Z,0.05
2026-08-03T00:15:31.074Z,0.04
2026-08-03T00:15:51.087Z,0.04
2026-08-03T00:16:06.153Z,0.04
2026-08-03T00:16:21.221Z,0.06
2026-08-03T00:16:36.312Z,0.06
2026-08-03T00:16:51.42Z,0.05
2026-08-03T00:17:06.46Z,0.05
2026-08-03T00:17:26.539Z,0.05
2026-08-03T00:17:41.643Z,0.05
2026-08-03T00:17:56.774Z,0.05
2026-08-03T00:18:11.801Z,0.05
2026-08-03T00:18:26.841Z,0.06
2026-08-03T00:18:41.915Z,0.06
2026-08-03T00:18:57.007Z,0.06
2026-08-03T00:19:12.073Z,0.06
2026-08-03T00:19:31Z,0.06
2026-08-03T00:19:32.189Z,0.06
2026-08-03T00:19:52.228Z,0.05
2026-08-03T00:20:11.12Z,0.05
2026-08-03T00:20:27.44Z,0.05
2026-08-03T00:20:47.451Z,0.05
2026-08-03T00:21:03.724Z,0.04
2026-08-03T00:21:17.697Z,0.04
2026-08-03T00:21:32.848Z,0.04
2026-08-03T00:21:47.739Z,0.05
2026-08-03T00:22:07.958Z,0.05
2026-08-03T00:22:22.902Z,0.05
2026-08-03T00:22:37.999Z,0.06
2026-08-03T00:22:53.049Z,0.06
2026-08-03T00:23:08.143Z,0.05
2026-08-03T00:23:28.195Z,0.05
2026-08-03T00:23:51.686Z,0.06
2026-08-03T00:24:03.358Z,0.06
2026-08-03T00:24:18.482Z,0.06
2026-08-03T00:24:33Z,0.06
2026-08-03T00:24:33.519Z,0.06
2026-08-03T00:24:48.58Z,0.05
2026-08-03T00:25:12.573Z,0.05
2026-08-03T00:25:18.721Z,0.06
2026-08-03T00:25:34.503Z,0.06
2026-08-03T00:25:48.921Z,0.06
2026-08-03T00:26:03.935Z,0.06
2026-08-03T00:26:19.055Z,0.05
2026-08-03T00:26:34.113Z,0.05
2026-08-03T00:26:54.193Z,0.05
2026-08-03T00:27:09.259Z,0.05
2026-08-03T00:27:24.365Z,0.05
2026-08-03T00:27:39.785Z,0.05
2026-08-03T00:27:54.571Z,0.05
2026-08-03T00:28:09.642Z,0.05
2026-08-03T00:28:24.704Z,0.05
2026-08-03T00:28:44.781Z,0.05
2026-08-03T00:28:59.865Z,0.05
2026-08-03T00:29:19.956Z,0.05
2026-08-03T00:29:34Z,0.05
2026-08-03T00:29:35.053Z,0.05
2026-08-03T00:29:50.136Z,0.05
2026-08-03T00:30:09.06Z,0.05
2026-08-03T00:30:25.339Z,0.05
2026-08-03T00:30:40.425Z,0.05
2026-08-03T00:31:00.517Z,0.05
2026-08-03T00:31:15.59Z,0.05
2026-08-03T00:31:30.623Z,0.05
2026-08-03T00:31:50.679Z,0.05
2026-08-03T00:32:06.193Z,0.05
2026-08-03T00:32:20.854Z,0.05
2026-08-03T00:32:35.912Z,0.05
2026-08-03T00:32:55.999Z,0.05
2026-08-03T00:33:16.751Z,0.05
2026-08-03T00:33:31.243Z,0.06
2026-08-03T00:33:46.341Z,0.06
2026-08-03T00:34:02.55Z,0.05
2026-08-03T00:34:17.318Z,0.05
2026-08-03T00:34:36Z,0.06
2026-08-03T00:34:36.641Z,0.06
2026-08-03T00:34:57.406Z,0.06
2026-08-03T00:35:12.694Z,0.06
2026-08-03T00:35:27.18Z,0.06
2026-08-03T00:35:42.322Z,0.06
2026-08-03T00:36:05.112Z,0.06
2026-08-03T00:36:17.424Z,0.06
2026-08-03T00:36:32.497Z,0.06
2026-08-03T00:36:47.566Z,0.06
2026-08-03T00:37:02.796Z,0.06
2026-08-03T00:37:22.714Z,0.06
2026-08-03T00:37:42.789Z,0.04
2026-08-03T00:37:57.87Z,0.05
2026-08-03T00:38:13.334Z,0.05
2026-08-03T00:38:28.02Z,0.05
2026-08-03T00:38:48.108Z,0.05
2026-08-03T00:39:08.211Z,0.05
2026-08-03T00:39:27Z,0.05
2026-08-03T00:39:28.729Z,0.05
2026-08-03T00:39:48.342Z,0.05
2026-08-03T00:40:11.403Z,0.05
2026-08-03T00:40:18.551Z,0.05
2026-08-03T00:40:34.012Z,0.05
2026-08-03T00:40:48.912Z,0.05
2026-08-03T00:41:03.812Z,0.05
2026-08-03T00:41:18.899Z,0.05
2026-08-03T00:41:34.275Z,0.05
2026-08-03T00:41:49.052Z,0.04
2026-08-03T00:42:04.096Z,0.04
2026-08-03T00:42:19.214Z,0.04
2026-08-03T00:42:34.439Z,0.04
2026-08-03T00:42:54.336Z,0.04
2026-08-03T00:43:09.424Z,0.04
2026-08-03T00:43:24.491Z,0.05
2026-08-03T00:43:39.575Z,0.05
2026-08-03T00:43:59.659Z,0.07
2026-08-03T00:44:14.704Z,0.07
2026-08-03T00:44:34Z,0.05
2026-08-03T00:44:34.805Z,0.05
2026-08-03T00:44:49.954Z,0.06
2026-08-03T00:45:12.607Z,0.06
2026-08-03T00:45:20.374Z,0.06
2026-08-03T00:45:35.491Z,0.05
2026-08-03T00:45:50.535Z,0.05
2026-08-03T00:46:05.667Z,0.05
2026-08-03T00:46:25.687Z,0.06
2026-08-03T00:46:40.731Z,0.06
2026-08-03T00:46:55.808Z,0.05
2026-08-03T00:47:15.891Z,0.05
2026-08-03T00:47:36.049Z,0.03
2026-08-03T00:47:51.128Z,0.03
2026-08-03T00:48:06.215Z,0.03
2026-08-03T00:48:26.303Z,0.04
2026-08-03T00:48:41.392Z,0.05
2026-08-03T00:48:56.649Z,0.05
2026-08-03T00:49:11.506Z,0.04
2026-08-03T00:49:26.595Z,0.04
2026-08-03T00:49:41Z,0.05
2026-08-03T00:49:41.687Z,0.05
2026-08-03T00:49:56.753Z,0.05
2026-08-03T00:50:12.791Z,0.05
2026-08-03T00:50:26.9Z,0.05
2026-08-03T00:50:41.965Z,0.05
2026-08-03T00:51:02.905Z,0.05
2026-08-03T00:51:17.171Z,0.06
2026-08-03T00:51:32.199Z,0.05
2026-08-03T00:51:52.473Z,0.05
2026-08-03T00:52:12.355Z,0.05
2026-08-03T00:52:27.467Z,0.05
2026-08-03T00:52:47.537Z,0.05
2026-08-03T00:53:07.606Z,0.05
2026-08-03T00:53:22.684Z,0.06
2026-08-03T00:53:37.755Z,0.06
2026-08-03T00:53:52.826Z,0.06
2026-08-03T00:54:07.917Z,0.06
2026-08-03T00:54:22.997Z,0.06
2026-08-03T00:54:42Z,0.06
2026-08-03T00:54:43.066Z,0.06
2026-08-03T00:54:58.189Z,0.05
2026-08-03T00:55:13.276Z,0.05
2026-08-03T00:55:33.376Z,0.07
2026-08-03T00:55:53.439Z,0.07
2026-08-03T00:56:08.512Z,0.06
2026-08-03T00:56:23.582Z,0.06
2026-08-03T00:56:38.671Z,0.06
2026-08-03T00:56:53.808Z,0.06
2026-08-03T00:57:08.841Z,0.05
2026-08-03T00:57:23.902Z,0.05
2026-08-03T00:57:38.992Z,0.05
2026-08-03T00:57:54.081Z,0.05
2026-08-03T00:58:09.17Z,0.05
2026-08-03T00:58:29.218Z,0.05
2026-08-03T00:58:45.275Z,0.05
2026-08-03T00:58:59.419Z,0.05
2026-08-03T00:59:14.46Z,0.05
2026-08-03T00:59:34Z,0.05
2026-08-03T00:59:34.537Z,0.05
2026-08-03T00:59:49.633Z,0.05
2026-08-03T01:00:13.079Z,0.05
2026-08-03T01:00:25.212Z,0.05
2026-08-03T01:00:44.949Z,0.05
2026-08-03T01:01:00.699Z,0.05
2026-08-03T01:01:15.243Z,0.06
2026-08-03T01:01:30.171Z,0.06
2026-08-03T01:01:45.262Z,0.06
2026-08-03T01:02:05.433Z,0.06
2026-08-03T01:02:22.454Z,0.06
2026-08-03T01:02:40.557Z,0.06
2026-08-03T01:02:55.617Z,0.06
2026-08-03T01:03:11.146Z,0.06
2026-08-03T01:03:25.763Z,0.05
2026-08-03T01:03:40.849Z,0.05
2026-08-03T01:04:03.018Z,0.05
2026-08-03T01:04:15.977Z,0.05
2026-08-03T01:04:31.07Z,0.05
2026-08-03T01:04:45Z,0.05
2026-08-03T01:04:46.138Z,0.05
2026-08-03T01:05:11.975Z,0.05
2026-08-03T01:05:16.702Z,0.06
2026-08-03T01:05:31.424Z,0.06
2026-08-03T01:05:46.477Z,0.06
2026-08-03T01:06:02.816Z,0.05
2026-08-03T01:06:17.02Z,0.05
2026-08-03T01:06:31.847Z,0.05
2026-08-03T01:06:51.94Z,0.05
2026-08-03T01:07:07.328Z,0.05
2026-08-03T01:07:27.117Z,0.05
2026-08-03T01:07:42.228Z,0.04
2026-08-03T01:07:57.405Z,0.04
2026-08-03T01:08:12.367Z,0.05
2026-08-03T01:08:32.436Z,0.05
2026-08-03T01:08:47.537Z,0.05
2026-08-03T01:09:07.609Z,0.06
2026-08-03T01:09:22.67Z,0.06
2026-08-03T01:09:42Z,0.05
2026-08-03T01:09:42.752Z,0.05
2026-08-03T01:09:57.834Z,0.05
2026-08-03T01:10:14.283Z,0.05
2026-08-03T01:10:32.985Z,0.06
2026-08-03T01:10:48.283Z,0.04
2026-08-03T01:11:03.409Z,0.04
2026-08-03T01:11:23.19Z,0.04
2026-08-03T01:11:38.28Z,0.05
2026-08-03T01:11:58.351Z,0.05
2026-08-03T01:12:13.424Z,0.05
2026-08-03T01:12:35.957Z,0.04
2026-08-03T01:12:48.595Z,0.04
2026-08-03T01:13:03.645Z,0.04
2026-08-03T01:13:18.714Z,0.04
2026-08-03T01:13:33.816Z,0.04
2026-08-03T01:13:53.868Z,0.04
2026-08-03T01:14:08.927Z,0.04
2026-08-03T01:14:24.031Z,0.04
2026-08-03T01:14:43Z,0.06
2026-08-03T01:14:44.156Z,0.06
2026-08-03T01:14:59.217Z,0.06
2026-08-03T01:15:14.298Z,0.06
2026-08-03T01:15:34.393Z,0.06
2026-08-03T01:15:49.478Z,0.06
2026-08-03T01:16:05.071Z,0.06
2026-08-03T01:16:24.664Z,0.04
2026-08-03T01:16:44.757Z,0.04
2026-08-03T01:16:59.861Z,0.05
2026-08-03T01:17:14.963Z,0.05
2026-08-03T01:17:30.047Z,0.06
2026-08-03T01:17:50.132Z,0.06
2026-08-03T01:18:05.252Z,0.06
2026-08-03T01:18:20.296Z,0.06
2026-08-03T01:18:35.333Z,0.06
2026-08-03T01:18:55.652Z,0.05
2026-08-03T01:19:10.541Z,0.05
2026-08-03T01:19:31.103Z,0.05
2026-08-03T01:19:45Z,0.04
2026-08-03T01:19:45.635Z,0.04
2026-08-03T01:20:11.691Z,0.04
2026-08-03T01:20:15.792Z,0.04
2026-08-03T01:20:30.879Z,0.04
2026-08-03T01:20:50.959Z,0.04
2026-08-03T01:21:11.609Z,0.06
2026-08-03T01:21:26.903Z,0.06
2026-08-03T01:21:41.167Z,0.06
2026-08-03T01:21:56.264Z,0.05
2026-08-03T01:22:11.351Z,0.05
2026-08-03T01:22:31.956Z,0.05
2026-08-03T01:22:51.456Z,0.05
2026-08-03T01:23:06.542Z,0.06
2026-08-03T01:23:26.792Z,0.05
2026-08-03T01:23:46.701Z,0.05
2026-08-03T01:24:02.833Z,0.05
2026-08-03T01:24:16.875Z,0.06
2026-08-03T01:24:32.034Z,0.06
2026-08-03T01:24:51Z,0.05
2026-08-03T01:24:52.099Z,0.05
2026-08-03T01:25:12.256Z,0.05
2026-08-03T01:25:22.236Z,0.05
2026-08-03T01:25:37.344Z,0.05
2026-08-03T01:25:52.644Z,0.05
2026-08-03T01:26:07.496Z,0.05
2026-08-03T01:26:22.536Z,0.06
2026-08-03T01:26:37.646Z,0.06
2026-08-03T01:26:52.718Z,0.06
2026-08-03T01:27:12.781Z,0.05
2026-08-03T01:27:27.866Z,0.05
2026-08-03T01:27:47.942Z,0.05
2026-08-03T01:28:08.006Z,0.05
2026-08-03T01:28:23.128Z,0.05
2026-08-03T01:28:38.199Z,0.05
2026-08-03T01:28:58.251Z,0.05
2026-08-03T01:29:18.36Z,0.05
2026-08-03T01:29:33.455Z,0.05
2026-08-03T01:29:48Z,0.05
2026-08-03T01:29:48.492Z,0.05
2026-08-03T01:30:08.52Z,0.05
2026-08-03T01:30:18.654Z,0.05
2026-08-03T01:30:38.734Z,0.05
2026-08-03T01:30:53.807Z,0.05
2026-08-03T01:31:08.907Z,0.05
2026-08-03T01:31:23.952Z,0.05
2026-08-03T01:31:39.041Z,0.05
2026-08-03T01:31:54.132Z,0.05
2026-08-03T01:32:09.221Z,0.05
2026-08-03T01:32:24.302Z,0.05
2026-08-03T01:32:39.488Z,0.05
2026-08-03T01:32:54.444Z,0.05
2026-08-03T01:33:09.518Z,0.05
2026-08-03T01:33:24.591Z,0.04
2026-08-03T01:33:39.665Z,0.04
2026-08-03T01:33:59.759Z,0.05
2026-08-03T01:34:14.905Z,0.05
2026-08-03T01:34:29.963Z,0.05
2026-08-03T01:34:49Z,0.05
2026-08-03T01:34:50.118Z,0.05
2026-08-03T01:35:12.272Z,0.05
2026-08-03T01:35:25.24Z,0.05
2026-08-03T01:35:45.344Z,0.05
2026-08-03T01:36:00.353Z,0.05
2026-08-03T01:36:20.896Z,0.05
2026-08-03T01:36:35.494Z,0.05
2026-08-03T01:36:50.576Z,0.05
2026-08-03T01:37:05.663Z,0.05
2026-08-03T01:37:20.718Z,0.06
2026-08-03T01:37:35.803Z,0.06
2026-08-03T01:37:50.895Z,0.06
2026-08-03T01:38:05.971Z,0.06
2026-08-03T01:38:21.066Z,0.06
2026-08-03T01:38:41.187Z,0.07
2026-08-03T01:38:56.238Z,0.07
2026-08-03T01:39:11.386Z,0.07
2026-08-03T01:39:32.029Z,0.05
2026-08-03T01:39:46Z,0.05
2026-08-03T01:39:46.771Z,0.05
2026-08-03T01:40:10.015Z,0.05
2026-08-03T01:40:26.854Z,0.05
2026-08-03T01:40:41.934Z,0.05
2026-08-03T01:40:57.028Z,0.06
2026-08-03T01:41:12.102Z,0.05
2026-08-03T01:41:27.169Z,0.05
2026-08-03T01:41:42.293Z,0.05
2026-08-03T01:41:57.379Z,0.05
2026-08-03T01:42:12.44Z,0.05
2026-08-03T01:42:27.596Z,0.05
2026-08-03T01:42:42.674Z,0.05
2026-08-03T01:43:03.395Z,0.05
2026-08-03T01:43:22.869Z,0.03
2026-08-03T01:43:37.911Z,0.05
2026-08-03T01:43:58.221Z,0.05
2026-08-03T01:44:13.565Z,0.05
2026-08-03T01:44:33.283Z,0.06
2026-08-03T01:44:47Z,0.06
2026-08-03T01:44:48.251Z,0.06
2026-08-03T01:45:11.157Z,0.06
2026-08-03T01:45:18.428Z,0.04
2026-08-03T01:45:34.395Z,0.04
2026-08-03T01:45:48.55Z,0.06
2026-08-03T01:46:03.85Z,0.06
2026-08-03T01:46:18.708Z,0.07
2026-08-03T01:46:34.126Z,0.07
2026-08-03T01:46:48.93Z,0.05
2026-08-03T01:47:09.007Z,0.05
2026-08-03T01:47:24.021Z,0.05
2026-08-03T01:47:44.134Z,0.05
2026-08-03T01:48:04.195Z,0.05
2026-08-03T01:48:19.311Z,0.05
2026-08-03T01:48:34.571Z,0.06
2026-08-03T01:48:54.467Z,0.06
2026-08-03T01:49:09.577Z,0.05
2026-08-03T01:49:24.668Z,0.05
2026-08-03T01:49:39.729Z,0.05
2026-08-03T01:49:59Z,0.05
2026-08-03T01:49:59.805Z,0.05
2026-08-03T01:50:14.912Z,0.05
2026-08-03T01:50:29.962Z,0.05
2026-08-03T01:50:45.036Z,0.04
2026-08-03T01:51:00.104Z,0.04
2026-08-03T01:51:15.211Z,0.04
2026-08-03T01:51:30.441Z,0.05
2026-08-03T01:51:45.326Z,0.05
2026-08-03T01:52:00.409Z,0.05
2026-08-03T01:52:15.494Z,0.05
2026-08-03T01:52:30.588Z,0.05
2026-08-03T01:52:50.65Z,0.05
2026-08-03T01:53:05.724Z,0.05
2026-08-03T01:53:20.797Z,0.04
2026-08-03T01:53:40.892Z,0.04
2026-08-03T01:53:55.986Z,0.04
2026-08-03T01:54:11.464Z,0.04
2026-08-03T01:54:26.105Z,0.06
2026-08-03T01:54:46.195Z,0.06
2026-08-03T01:55:00Z,0.04
2026-08-03T01:55:07.99Z,0.04
2026-08-03T01:55:16.374Z,0.04
2026-08-03T01:55:31.405Z,0.04
2026-08-03T01:55:46.535Z,0.04
2026-08-03T01:56:03.76Z,0.04
2026-08-03T01:56:16.654Z,0.04
2026-08-03T01:56:31.721Z,0.04
2026-08-03T01:56:46.798Z,0.04
2026-08-03T01:57:06.893Z,0.04
2026-08-03T01:57:21.989Z,0.04
2026-08-03T01:57:37.041Z,0.04
2026-08-03T01:57:52.11Z,0.04
2026-08-03T01:58:07.195Z,0.07
2026-08-03T01:58:22.294Z,0.07
2026-08-03T01:58:37.347Z,0.07
2026-08-03T01:58:52.474Z,0.07
2026-08-03T01:59:07.551Z,0.07
2026-08-03T01:59:27.638Z,0.06
2026-08-03T01:59:43.63Z,0.06
2026-08-03T01:59:57Z,0.05
2026-08-03T01:59:57.8Z,0.05
2026-08-03T02:00:14.051Z,0.05
2026-08-03T02:00:35.058Z,0.05
2026-08-03T02:00:48.019Z,0.06
2026-08-03T02:01:08.086Z,0.06
2026-08-03T02:01:23.18Z,0.06
2026-08-03T02:01:38.28Z,0.06
2026-08-03T02:01:53.364Z,0.04
2026-08-03T02:02:08.395Z,0.04
2026-08-03T02:02:23.479Z,0.04
2026-08-03T02:02:38.574Z,0.04
2026-08-03T02:02:53.625Z,0.04
2026-08-03T02:03:08.766Z,0.05
2026-08-03T02:03:24.629Z,0.05
2026-08-03T02:03:38.908Z,0.05
2026-08-03T02:03:53.984Z,0.05
2026-08-03T02:04:14.08Z,0.05
2026-08-03T02:04:34.12Z,0.05
2026-08-03T02:04:49.184Z,0.05
2026-08-03T02:05:03Z,0.05
2026-08-03T02:05:09.895Z,0.05
2026-08-03T02:05:19.347Z,0.04
2026-08-03T02:05:34.428Z,0.04
2026-08-03T02:05:49.554Z,0.04
2026-08-03T02:06:09.62Z,0.05
2026-08-03T02:06:24.718Z,0.05
2026-08-03T02:06:39.83Z,0.05
2026-08-03T02:06:54.886Z,0.05
2026-08-03T02:07:09.908Z,0.05
2026-08-03T02:07:30.034Z,0.05
2026-08-03T02:07:50.059Z,0.04
2026-08-03T02:08:05.16Z,0.04
2026-08-03T02:08:20.223Z,0.04
2026-08-03T02:08:35.299Z,0.04
2026-08-03T02:08:51.121Z,0.04
2026-08-03T02:09:10.469Z,0.05
2026-08-03T02:09:25.531Z,0.05
2026-08-03T02:09:41.977Z,0.05
2026-08-03T02:09:55Z,0.07
2026-08-03T02:09:55.941Z,0.07
2026-08-03T02:10:15.758Z,0.05
2026-08-03T02:10:37.709Z,0.05
2026-08-03T02:10:55.961Z,0.05
2026-08-03T02:11:11.058Z,0.05
2026-08-03T02:11:26.105Z,0.05
2026-08-03T02:11:46.58Z,0.06
2026-08-03T02:12:02.95Z,0.06
2026-08-03T02:12:21.304Z,0.06
2026-08-03T02:12:36.404Z,0.06
2026-08-03T02:12:51.482Z,0.06
2026-08-03T02:13:11.557Z,0.06
2026-08-03T02:13:26.662Z,0.05
2026-08-03T02:13:41.742Z,0.05
2026-08-03T02:13:57.182Z,0.05
2026-08-03T02:14:11.899Z,0.06
2026-08-03T02:14:27.023Z,0.06
2026-08-03T02:14:47.096Z,0.06
2026-08-03T02:15:01Z,0.06
2026-08-03T02:15:08.853Z,0.06
2026-08-03T02:15:17.424Z,0.06
2026-08-03T02:15:32.291Z,0.05
2026-08-03T02:15:47.38Z,0.05
2026-08-03T02:16:02.617Z,0.05
2026-08-03T02:16:17.538Z,0.05
2026-08-03T02:16:32.646Z,0.05
2026-08-03T02:16:47.701Z,0.05
2026-08-03T02:17:02.814Z,0.05
2026-08-03T02:17:22.871Z,0.05
2026-08-03T02:17:37.904Z,0.04
2026-08-03T02:17:52.996Z,0.04
2026-08-03T02:18:08.092Z,0.04
2026-08-03T02:18:23.197Z,0.04
2026-08-03T02:18:43.271Z,0.05
2026-08-03T02:18:58.587Z,0.05
2026-08-03T02:19:13.407Z,0.05
2026-08-03T02:19:28.492Z,0.05
2026-08-03T02:19:49.05Z,0.04
2026-08-03T02:20:03Z,0.04
2026-08-03T02:20:09.18Z,0.04
2026-08-03T02:20:18.695Z,0.04
2026-08-03T02:20:33.791Z,0.04
2026-08-03T02:20:54.188Z,0.05
2026-08-03T02:21:08.994Z,0.04
2026-08-03T02:21:24.229Z,0.05
2026-08-03T02:21:44.857Z,0.05
2026-08-03T02:22:04.29Z,0.05
2026-08-03T02:22:19.301Z,0.05
2026-08-03T02:22:34.361Z,0.05
2026-08-03T02:22:49.442Z,0.05
2026-08-03T02:23:04.729Z,0.05
2026-08-03T02:23:19.797Z,0.05
2026-08-03T02:23:35.147Z,0.05
2026-08-03T02:23:49.94Z,0.05
2026-08-03T02:24:05.045Z,0.05
2026-08-03T02:24:20.12Z,0.05
2026-08-03T02:24:40.206Z,0.05
2026-08-03T02:24:54Z,0.04
2026-08-03T02:24:55.294Z,0.04
2026-08-03T02:25:15.787Z,0.04
2026-08-03T02:25:30.411Z,0.06
2026-08-03T02:25:45.511Z,0.06
2026-08-03T02:26:05.585Z,0.06
2026-08-03T02:26:26.76Z,0.06
2026-08-03T02:26:40.733Z,0.06
2026-08-03T02:26:55.797Z,0.05
2026-08-03T02:27:10.896Z,0.05
2026-08-03T02:27:25.947Z,0.05
2026-08-03T02:27:41.866Z,0.05
2026-08-03T02:27:56.128Z,0.04
2026-08-03T02:28:11.198Z,0.05
2026-08-03T02:28:26.275Z,0.05
2026-08-03T02:28:46.382Z,0.05
2026-08-03T02:29:02.726Z,0.05
2026-08-03T02:29:16.493Z,0.05
2026-08-03T02:29:31.553Z,0.05
2026-08-03T02:29:51.663Z,0.05
2026-08-03T02:30:11Z,0.05
2026-08-03T02:30:11.734Z,0.05
2026-08-03T02:30:26.778Z,0.05
2026-08-03T02:30:41.867Z,0.05
2026-08-03T02:30:56.969Z,0.05
2026-08-03T02:31:12.042Z,0.05
2026-08-03T02:31:32.114Z,0.05
2026-08-03T02:31:52.2Z,0.05
2026-08-03T02:32:07.461Z,0.05
2026-08-03T02:32:22.522Z,0.05
2026-08-03T02:32:42.596Z,0.05
2026-08-03T02:32:57.669Z,0.05
2026-08-03T02:33:12.777Z,0.05
2026-08-03T02:33:27.856Z,0.06
2026-08-03T02:33:42.913Z,0.06
2026-08-03T02:34:03.016Z,0.06
2026-08-03T02:34:18.085Z,0.06
2026-08-03T02:34:33.178Z,0.06
2026-08-03T02:34:48.238Z,0.06
2026-08-03T02:35:07Z,0.05
2026-08-03T02:35:12.948Z,0.05
2026-08-03T02:35:23.399Z,0.05
2026-08-03T02:35:38.466Z,0.05
2026-08-03T02:35:58.541Z,0.07
2026-08-03T02:36:13.618Z,0.05
2026-08-03T02:36:28.699Z,0.05
2026-08-03T02:36:43.795Z,0.05
2026-08-03T02:37:03.866Z,0.05
2026-08-03T02:37:18.927Z,0.05
2026-08-03T02:37:34.013Z,0.06
2026-08-03T02:37:54.51Z,0.06
2026-08-03T02:38:09.153Z,0.06
2026-08-03T02:38:24.257Z,0.06
2026-08-03T02:38:41.553Z,0.04
2026-08-03T02:38:59.386Z,0.04
2026-08-03T02:39:14.502Z,0.06
2026-08-03T02:39:29.55Z,0.06
2026-08-03T02:39:44.629Z,0.04
2026-08-03T02:40:04Z,0.04
2026-08-03T02:40:08.99Z,0.04
2026-08-03T02:40:19.771Z,0.05
2026-08-03T02:40:34.85Z,0.05
2026-08-03T02:40:50.677Z,0.05
2026-08-03T02:41:05.316Z,0.05
2026-08-03T02:41:20.174Z,0.05
2026-08-03T02:41:35.247Z,0.06
2026-08-03T02:41:50.381Z,0.06
2026-08-03T02:42:10.426Z,0.06
2026-08-03T02:42:25.502Z,0.04
2026-08-03T02:42:45.6Z,0.05
2026-08-03T02:43:00.858Z,0.05
2026-08-03T02:43:15.777Z,0.04
2026-08-03T02:43:30.855Z,0.04
2026-08-03T02:43:45.937Z,0.05
2026-08-03T02:44:02.836Z,0.05
2026-08-03T02:44:21.157Z,0.05
2026-08-03T02:44:41.245Z,0.06
2026-08-03T02:44:56.33Z,0.06
2026-08-03T02:45:11Z,0.06
2026-08-03T02:45:13.812Z,0.06
2026-08-03T02:45:26.62Z,0.05
2026-08-03T02:45:41.653Z,0.05
2026-08-03T02:45:56.742Z,0.05
2026-08-03T02:46:18.137Z,0.05
2026-08-03T02:46:32.105Z,0.05
2026-08-03T02:46:47.087Z,0.05
2026-08-03T02:47:02.894Z,0.05
2026-08-03T02:47:17.261Z,0.06
2026-08-03T02:47:37.299Z,0.06
2026-08-03T02:47:52.427Z,0.04
2026-08-03T02:48:12.459Z,0.04
2026-08-03T02:48:27.559Z,0.04
2026-08-03T02:48:42.614Z,0.04
2026-08-03T02:49:03.169Z,0.04
2026-08-03T02:49:22.772Z,0.04
2026-08-03T02:49:37.864Z,0.05
2026-08-03T02:49:52.953Z,0.07
2026-08-03T02:50:12Z,0.07
2026-08-03T02:50:13.078Z,0.07
2026-08-03T02:50:28.549Z,0.06
2026-08-03T02:50:43.183Z,0.04
2026-08-03T02:50:58.259Z,0.04
2026-08-03T02:51:13.345Z,0.04
2026-08-03T02:51:28.437Z,0.05
2026-08-03T02:51:43.507Z,0.05
2026-08-03T02:51:58.572Z,0.05
2026-08-03T02:52:14.961Z,0.05
2026-08-03T02:52:28.736Z,0.05
2026-08-03T02:52:48.796Z,0.05
2026-08-03T02:53:04.023Z,0.06
2026-08-03T02:53:18.941Z,0.06
2026-08-03T02:53:39.078Z,0.06
2026-08-03T02:53:59.124Z,0.06
2026-08-03T02:54:19.219Z,0.05
2026-08-03T02:54:34.462Z,0.05
2026-08-03T02:54:49.456Z,0.05
2026-08-03T02:55:12.843Z,0.04
2026-08-03T02:55:19Z,0.05
2026-08-03T02:55:19.612Z,0.05
2026-08-03T02:55:35.167Z,0.05
2026-08-03T02:55:49.801Z,0.05
2026-08-03T02:56:04.871Z,0.05
2026-08-03T02:56:24.912Z,0.05
2026-08-03T02:56:44.984Z,0.05
2026-08-03T02:57:00.073Z,0.05
2026-08-03T02:57:15.189Z,0.04
2026-08-03T02:57:30.209Z,0.04
2026-08-03T02:57:45.293Z,0.04
2026-08-03T02:58:00.377Z,0.04
2026-08-03T02:58:15.515Z,0.04
2026-08-03T02:58:30.616Z,0.05
2026-08-03T02:58:45.675Z,0.05
2026-08-03T02:59:00.752Z,0.05
2026-08-03T02:59:15.835Z,0.05
2026-08-03T02:59:30.935Z,0.05
2026-08-03T02:59:45.962Z,0.05
2026-08-03T03:00:05Z,0.05
2026-08-03T03:00:08.99Z,0.05
2026-08-03T03:00:26.161Z,0.05
2026-08-03T03:00:46.219Z,0.05
2026-08-03T03:01:06.275Z,0.06
2026-08-03T03:01:21.346Z,0.06
2026-08-03T03:01:36.434Z,0.06
2026-08-03T03:01:58.294Z,0.06
2026-08-03T03:02:16.592Z,0.06
2026-08-03T03:02:31.673Z,0.04
2026-08-03T03:02:46.741Z,0.04
2026-08-03T03:03:07.678Z,0.04
2026-08-03T03:03:22.126Z,0.04
2026-08-03T03:03:42.218Z,0.05
2026-08-03T03:04:02.731Z,0.05
2026-08-03T03:04:17.371Z,0.05
2026-08-03T03:04:32.425Z,0.05
2026-08-03T03:04:52.532Z,0.05
2026-08-03T03:05:10.889Z,0.05
2026-08-03T03:05:22Z,0.05
2026-08-03T03:05:22.745Z,0.05
2026-08-03T03:05:37.809Z,0.05
2026-08-03T03:05:57.897Z,0.05
2026-08-03T03:06:13.995Z,0.05
2026-08-03T03:06:28.041Z,0.05
2026-08-03T03:06:43.162Z,0.04
2026-08-03T03:06:58.292Z,0.04
2026-08-03T03:07:18.288Z,0.05
2026-08-03T03:07:33.376Z,0.05
2026-08-03T03:07:48.433Z,0.05
2026-08-03T03:08:03.546Z,0.05
2026-08-03T03:08:18.638Z,0.05
2026-08-03T03:08:33.68Z,0.05
2026-08-03T03:08:48.727Z,0.05
2026-08-03T03:09:09.322Z,0.06
2026-08-03T03:09:28.93Z,0.06
2026-08-03T03:09:44.05Z,0.04
2026-08-03T03:09:59.059Z,0.04
2026-08-03T03:10:13Z,0.05
2026-08-03T03:10:14.14Z,0.05
2026-08-03T03:10:29.209Z,0.05
2026-08-03T03:10:44.302Z,0.06
2026-08-03T03:11:04.348Z,0.06
2026-08-03T03:11:24.429Z,0.06
2026-08-03T03:11:39.508Z,0.06
2026-08-03T03:11:59.578Z,0.05
2026-08-03T03:12:14.665Z,0.04
2026-08-03T03:12:29.832Z,0.04
2026-08-03T03:12:49.992Z,0.04
2026-08-03T03:13:10.084Z,0.05
2026-08-03T03:13:30.173Z,0.05
2026-08-03T03:13:45.769Z,0.05
2026-08-03T03:14:00.304Z,0.05
2026-08-03T03:14:15.366Z,0.05
2026-08-03T03:14:30.441Z,0.05
2026-08-03T03:14:45.502Z,0.05
2026-08-03T03:15:00.621Z,0.05
2026-08-03T03:15:15Z,0.05
2026-08-03T03:15:15.734Z,0.05
2026-08-03T03:15:30.798Z,0.05
2026-08-03T03:15:50.86Z,0.05
2026-08-03T03:16:10.97Z,0.05
2026-08-03T03:16:26.005Z,0.05
2026-08-03T03:16:41.094Z,0.05
2026-08-03T03:16:57.824Z,0.05
2026-08-03T03:17:12.161Z,0.05
2026-08-03T03:17:26.286Z,0.05
2026-08-03T03:17:41.357Z,0.05
2026-08-03T03:17:56.463Z,0.04
2026-08-03T03:18:11.616Z,0.04
2026-08-03T03:18:31.619Z,0.05
2026-08-03T03:18:46.689Z,0.06
2026-08-03T03:19:06.779Z,0.06
2026-08-03T03:19:21.832Z,0.05
2026-08-03T03:19:36.975Z,0.05
2026-08-03T03:19:52.827Z,0.06
2026-08-03T03:20:10.989Z,0.06
2026-08-03T03:20:21Z,0.05
2026-08-03T03:20:22.158Z,0.05
2026-08-03T03:20:37.244Z,0.05
2026-08-03T03:20:52.3Z,0.05
2026-08-03T03:21:12.381Z,0.05
2026-08-03T03:21:27.453Z,0.05
2026-08-03T03:21:42.542Z,0.05
2026-08-03T03:21:57.609Z,0.05
2026-08-03T03:22:17.685Z,0.05
2026-08-03T03:22:32.784Z,0.05
2026-08-03T03:22:52.876Z,0.07
2026-08-03T03:23:08.349Z,0.05
2026-08-03T03:23:23.005Z,0.05
2026-08-03T03:23:38.073Z,0.05
2026-08-03T03:23:53.154Z,0.05
2026-08-03T03:24:08.279Z,0.05
2026-08-03T03:24:23.318Z,0.05
2026-08-03T03:24:38.39Z,0.04
2026-08-03T03:24:53.482Z,0.04
2026-08-03T03:25:11.095Z,0.05
2026-08-03T03:25:28Z,0.05
2026-08-03T03:25:28.667Z,0.05
2026-08-03T03:25:45.562Z,0.05
2026-08-03T03:26:03.862Z,0.04
2026-08-03T03:26:18.926Z,0.04
2026-08-03T03:26:34.11Z,0.06
2026-08-03T03:26:49.352Z,0.06
2026-08-03T03:27:04.305Z,0.06
2026-08-03T03:27:19.453Z,0.06
2026-08-03T03:27:34.496Z,0.06
2026-08-03T03:27:54.669Z,0.06
2026-08-03T03:28:14.641Z,0.06
2026-08-03T03:28:34.707Z,0.04
2026-08-03T03:28:55.239Z,0.04
2026-08-03T03:29:09.914Z,0.04
2026-08-03T03:29:24.978Z,0.04
2026-08-03T03:29:40.103Z,0.04
2026-08-03T03:30:00.086Z,0.06
2026-08-03T03:30:15.199Z,0.06
2026-08-03T03:30:29Z,0.06
2026-08-03T03:30:30.26Z,0.06
2026-08-03T03:30:45.388Z,0.06
2026-08-03T03:31:05.739Z,0.06
2026-08-03T03:31:20.477Z,0.06
2026-08-03T03:31:35.568Z,0.06
2026-08-03T03:31:52.705Z,0.06
2026-08-03T03:32:05.69Z,0.06
2026-08-03T03:32:20.763Z,0.05
2026-08-03T03:32:40.859Z,0.05
2026-08-03T03:32:55.938Z,0.05
2026-08-03T03:33:16.037Z,0.05
2026-08-03T03:33:36.092Z,0.06
2026-08-03T03:33:51.171Z,0.06
2026-08-03T03:34:11.239Z,0.06
2026-08-03T03:34:31.316Z,0.05
2026-08-03T03:34:46.369Z,0.05
2026-08-03T03:35:09.622Z,0.05
2026-08-03T03:35:21Z,0.05
2026-08-03T03:35:21.536Z,0.05
2026-08-03T03:35:36.595Z,0.05
2026-08-03T03:35:51.677Z,0.05
2026-08-03T03:36:06.762Z,0.05
2026-08-03T03:36:26.856Z,0.05
2026-08-03T03:36:41.92Z,0.05
2026-08-03T03:36:57.009Z,0.05
2026-08-03T03:37:12.078Z,0.05
2026-08-03T03:37:27.168Z,0.05
2026-08-03T03:37:42.244Z,0.05
2026-08-03T03:38:02.487Z,0.05
2026-08-03T03:38:17.385Z,0.05
2026-08-03T03:38:32.459Z,0.05
2026-08-03T03:38:52.54Z,0.05
2026-08-03T03:39:07.628Z,0.05
2026-08-03T03:39:22.703Z,0.05
2026-08-03T03:39:37.779Z,0.05
2026-08-03T03:39:55.394Z,0.04
2026-08-03T03:40:12.823Z,0.04
2026-08-03T03:40:27Z,0.04
2026-08-03T03:40:28.111Z,0.04
2026-08-03T03:40:48.078Z,0.05
2026-08-03T03:41:03.766Z,0.05
2026-08-03T03:41:23.248Z,0.05
2026-08-03T03:41:38.325Z,0.05
2026-08-03T03:41:58.385Z,0.05
2026-08-03T03:42:13.516Z,0.05
2026-08-03T03:42:33.603Z,0.06
2026-08-03T03:42:48.7Z,0.06
2026-08-03T03:43:04.685Z,0.06
2026-08-03T03:43:18.833Z,0.06
2026-08-03T03:43:33.9Z,0.06
2026-08-03T03:43:49.014Z,0.05
2026-08-03T03:44:09.089Z,0.07
2026-08-03T03:44:24.131Z,0.07
2026-08-03T03:44:44.237Z,0.07
2026-08-03T03:45:09.592Z,0.07
2026-08-03T03:45:23Z,0.06
2026-08-03T03:45:24.385Z,0.06
2026-08-03T03:45:39.451Z,0.06
2026-08-03T03:45:54.84Z,0.04
2026-08-03T03:46:09.596Z,0.04
2026-08-03T03:46:24.676Z,0.04
2026-08-03T03:46:40.391Z,0.05
2026-08-03T03:47:01.212Z,0.05
2026-08-03T03:47:14.95Z,0.06
2026-08-03T03:47:34.992Z,0.06
2026-08-03T03:47:55.073Z,0.06
2026-08-03T03:48:10.173Z,0.06
2026-08-03T03:48:25.235Z,0.06
2026-08-03T03:48:40.312Z,0.05
2026-08-03T03:48:55.382Z,0.05
2026-08-03T03:49:10.478Z,0.05
2026-08-03T03:49:25.549Z,0.05
2026-08-03T03:49:40.652Z,0.05
2026-08-03T03:50:00.782Z,0.05
2026-08-03T03:50:15.793Z,0.05
2026-08-03T03:50:35Z,0.05
2026-08-03T03:50:35.87Z,0.05
2026-08-03T03:50:50.941Z,0.06
2026-08-03T03:51:05.997Z,0.06
2026-08-03T03:51:21.1Z,0.06
2026-08-03T03:51:36.15Z,0.06
2026-08-03T03:51:51.254Z,0.05
2026-08-03T03:52:06.292Z,0.05
2026-08-03T03:52:26.861Z,0.05
2026-08-03T03:52:41.472Z,0.05
2026-08-03T03:52:56.533Z,0.05
2026-08-03T03:53:11.579Z,0.06
2026-08-03T03:53:31.674Z,0.06
2026-08-03T03:53:46.76Z,0.06
2026-08-03T03:54:02.79Z,0.05
2026-08-03T03:54:16.924Z,0.05
2026-08-03T03:54:37.02Z,0.05
2026-08-03T03:54:53.024Z,0.04
2026-08-03T03:55:12.438Z,0.04
2026-08-03T03:55:26Z,0.04
2026-08-03T03:55:27.268Z,0.04
2026-08-03T03:55:42.341Z,0.04
2026-08-03T03:55:57.447Z,0.06
2026-08-03T03:56:17.516Z,0.06
2026-08-03T03:56:37.577Z,0.06
2026-08-03T03:56:57.642Z,0.06
2026-08-03T03:57:12.73Z,0.06
2026-08-03T03:57:27.832Z,0.06
2026-08-03T03:57:47.889Z,0.06
2026-08-03T03:58:03.111Z,0.06
2026-08-03T03:58:18.074Z,0.05
2026-08-03T03:58:38.129Z,0.05
2026-08-03T03:58:53.22Z,0.05
2026-08-03T03:59:08.316Z,0.04
2026-08-03T03:59:23.365Z,0.04
2026-08-03T03:59:38.893Z,0.05
2026-08-03T03:59:53.576Z,0.05
2026-08-03T04:00:11.973Z,0.05
2026-08-03T04:00:23.785Z,0.05
2026-08-03T04:00:38Z,0.05
2026-08-03T04:00:38.831Z,0.05
2026-08-03T04:00:55.512Z,0.05
2026-08-03T04:01:09.131Z,0.05
2026-08-03T04:01:29.191Z,0.05
2026-08-03T04:01:44.252Z,0.04
2026-08-03T04:01:59.325Z,0.04
2026-08-03T04:02:14.405Z,0.05
2026-08-03T04:02:29.475Z,0.04
2026-08-03T04:02:49.736Z,0.04
2026-08-03T04:03:04.654Z,0.04
2026-08-03T04:03:24.696Z,0.04
2026-08-03T04:03:39.781Z,0.04
2026-08-03T04:04:00.458Z,0.07
2026-08-03T04:04:20.065Z,0.05
2026-08-03T04:04:35.212Z,0.06
2026-08-03T04:04:50.225Z,0.06
2026-08-03T04:05:12.004Z,0.05
2026-08-03T04:05:20.363Z,0.05
2026-08-03T04:05:40Z,0.05
2026-08-03T04:05:40.477Z,0.05
2026-08-03T04:05:55.509Z,0.05
2026-08-03T04:06:10.595Z,0.05
2026-08-03T04:06:25.666Z,0.05
2026-08-03T04:06:45.778Z,0.06
2026-08-03T04:07:04.494Z,0.06
2026-08-03T04:07:20.912Z,0.06
2026-08-03T04:07:36.041Z,0.05
2026-08-03T04:07:51.107Z,0.05
2026-08-03T04:08:06.197Z,0.05
2026-08-03T04:08:26.264Z,0.05
2026-08-03T04:08:41.31Z,0.05
2026-08-03T04:09:02.512Z,0.05
2026-08-03T04:09:16.57Z,0.05
2026-08-03T04:09:31.563Z,0.05
2026-08-03T04:09:51.637Z,0.05
2026-08-03T04:10:11.326Z,0.05
2026-08-03T04:10:21.789Z,0.05
2026-08-03T04:10:36Z,0.05
2026-08-03T04:10:36.856Z,0.05
2026-08-03T04:10:51.981Z,0.05
2026-08-03T04:11:07.022Z,0.06
2026-08-03T04:11:27.138Z,0.06
2026-08-03T04:11:42.24Z,0.06
2026-08-03T04:11:57.324Z,0.06
2026-08-03T04:12:12.404Z,0.06
2026-08-03T04:12:27.511Z,0.06
2026-08-03T04:12:42.562Z,0.06
2026-08-03T04:12:59.777Z,0.06
2026-08-03T04:13:17.739Z,0.05
2026-08-03T04:13:32.819Z,0.06
2026-08-03T04:13:48.003Z,0.06
2026-08-03T04:14:02.998Z,0.06
2026-08-03T04:14:23.076Z,0.06
2026-08-03T04:14:38.385Z,0.06
2026-08-03T04:14:58.438Z,0.05
2026-08-03T04:15:18.224Z,0.05
2026-08-03T04:15:32Z,0.06
2026-08-03T04:15:33.34Z,0.06
2026-08-03T04:15:48.383Z,0.06
2026-08-03T04:16:03.516Z,0.05
2026-08-03T04:16:18.559Z,0.05
2026-08-03T04:16:33.634Z,0.05
2026-08-03T04:16:50.134Z,0.06
2026-08-03T04:17:03.756Z,0.06
2026-08-03T04:17:23.838Z,0.04
2026-08-03T04:17:38.898Z,0.05
2026-08-03T04:17:54.003Z,0.05
2026-08-03T04:18:09.069Z,0.05
2026-08-03T04:18:24.171Z,0.05
2026-08-03T04:18:39.257Z,0.05
2026-08-03T04:18:54.312Z,0.05
2026-08-03T04:19:09.499Z,0.06
2026-08-03T04:19:24.501Z,0.06
2026-08-03T04:19:41.685Z,0.06
2026-08-03T04:19:54.641Z,0.06
2026-08-03T04:20:12.344Z,0.06
2026-08-03T04:20:29.901Z,0.06
2026-08-03T04:20:44Z,0.06
2026-08-03T04:20:44.954Z,0.06
2026-08-03T04:20:59.965Z,0.06
2026-08-03T04:21:15.034Z,0.06
2026-08-03T04:21:32.17Z,0.05
2026-08-03T04:21:45.918Z,0.05
2026-08-03T04:22:00.288Z,0.05
2026-08-03T04:22:15.353Z,0.04
2026-08-03T04:22:31.024Z,0.04
2026-08-03T04:22:50.49Z,0.04
2026-08-03T04:23:10.575Z,0.05
2026-08-03T04:23:25.656Z,0.05
2026-08-03T04:23:45.726Z,0.05
2026-08-03T04:24:02.922Z,0.05
2026-08-03T04:24:15.987Z,0.05
2026-08-03T04:24:31.058Z,0.05
2026-08-03T04:24:46.115Z,0.05
2026-08-03T04:25:11.573Z,0.05
2026-08-03T04:25:16.373Z,0.05
2026-08-03T04:25:31Z,0.05
2026-08-03T04:25:31.406Z,0.05
2026-08-03T04:25:51.48Z,0.05
2026-08-03T04:26:07.53Z,0.05
2026-08-03T04:26:21.759Z,0.05
2026-08-03T04:26:36.839Z,0.06
2026-08-03T04:26:56.902Z,0.06
2026-08-03T04:27:11.986Z,0.05
2026-08-03T04:27:27.058Z,0.05
2026-08-03T04:27:42.155Z,0.05
2026-08-03T04:27:57.337Z,0.05
2026-08-03T04:28:17.399Z,0.05
2026-08-03T04:28:32.499Z,0.05
2026-08-03T04:28:47.567Z,0.06
2026-08-03T04:29:07.632Z,0.06
2026-08-03T04:29:22.695Z,0.06
2026-08-03T04:29:38.425Z,0.05
2026-08-03T04:29:52.865Z,0.05
2026-08-03T04:30:10.699Z,0.05
2026-08-03T04:30:23.006Z,0.05
2026-08-03T04:30:37Z,0.05
2026-08-03T04:30:38.198Z,0.05
2026-08-03T04:30:54.148Z,0.05
2026-08-03T04:31:08.283Z,0.05
2026-08-03T04:31:23.353Z,0.05
2026-08-03T04:31:38.453Z,0.05
2026-08-03T04:31:53.573Z,0.05
2026-08-03T04:32:08.616Z,0.05
2026-08-03T04:32:23.682Z,0.07
2026-08-03T04:32:38.765Z,0.07
2026-08-03T04:32:55.339Z,0.07
2026-08-03T04:33:08.922Z,0.06
2026-08-03T04:33:23.986Z,0.06
2026-08-03T04:33:39.145Z,0.06
2026-08-03T04:33:54.145Z,0.06
2026-08-03T04:34:14.328Z,0.06
2026-08-03T04:34:29.375Z,0.06
2026-08-03T04:34:49.45Z,0.05
2026-08-03T04:35:11.869Z,0.05
2026-08-03T04:35:24.601Z,0.05
2026-08-03T04:35:39Z,0.05
2026-08-03T04:35:39.64Z,0.05
2026-08-03T04:35:59.719Z,0.06
2026-08-03T04:36:15.174Z,0.06
2026-08-03T04:36:29.864Z,0.06
2026-08-03T04:36:44.974Z,0.06
2026-08-03T04:37:00.011Z,0.07
2026-08-03T04:37:15.093Z,0.07
2026-08-03T04:37:35.152Z,0.07
2026-08-03T04:37:50.223Z,0.07
2026-08-03T04:38:05.306Z,0.06
2026-08-03T04:38:20.432Z,0.06
2026-08-03T04:38:35.64Z,0.07
2026-08-03T04:38:55.585Z,0.07
2026-08-03T04:39:10.661Z,0.08
2026-08-03T04:39:30.728Z,0.08
2026-08-03T04:39:45.836Z,0.07
2026-08-03T04:40:10.139Z,0.07
2026-08-03T04:40:18.661Z,0.07
2026-08-03T04:40:31.045Z,0.07
2026-08-03T04:40:45Z,0.07
2026-08-03T04:40:46.127Z,0.07
2026-08-03T04:41:03.737Z,0.07
2026-08-03T04:41:16.411Z,0.07
2026-08-03T04:41:31.496Z,0.09
2026-08-03T04:41:46.548Z,0.09
2026-08-03T04:42:02.548Z,0.09
2026-08-03T04:42:16.701Z,0.08
2026-08-03T04:42:31.789Z,0.08
2026-08-03T04:42:46.899Z,0.08
2026-08-03T04:43:02.694Z,0.1
2026-08-03T04:43:17.033Z,0.1
2026-08-03T04:43:32.095Z,0.1
2026-08-03T04:43:52.339Z,0.11
2026-08-03T04:44:12.258Z,0.11
2026-08-03T04:44:27.316Z,0.12
2026-08-03T04:44:47.397Z,0.12
2026-08-03T04:45:12.223Z,0.12
2026-08-03T04:45:17.559Z,0.12
2026-08-03T04:45:32.631Z,0.12
2026-08-03T04:45:47Z,0.12
2026-08-03T04:45:47.808Z,0.12
2026-08-03T04:46:07.801Z,0.12
2026-08-03T04:46:22.862Z,0.12
2026-08-03T04:46:37.935Z,0.12
2026-08-03T04:46:58.03Z,0.15
2026-08-03T04:47:18.091Z,0.15
2026-08-03T04:47:33.242Z,0.15
2026-08-03T04:47:48.268Z,0.18
2026-08-03T04:48:03.373Z,0.18
2026-08-03T04:48:18.678Z,0.18
2026-08-03T04:48:33.598Z,0.18
2026-08-03T04:48:48.605Z,0.18
2026-08-03T04:49:03.883Z,0.18
2026-08-03T04:49:18.726Z,0.18
2026-08-03T04:49:33.819Z,0.18
2026-08-03T04:49:48.878Z,0.18
2026-08-03T04:50:11.604Z,0.22
2026-08-03T04:50:19.028Z,0.22
2026-08-03T04:50:34.118Z,0.24
2026-08-03T04:50:53Z,0.24
2026-08-03T04:50:54.191Z,0.24
2026-08-03T04:51:09.286Z,0.25
2026-08-03T04:51:24.562Z,0.25
2026-08-03T04:51:44.454Z,0.27
2026-08-03T04:51:59.602Z,0.27
2026-08-03T04:52:14.703Z,0.27
2026-08-03T04:52:34.694Z,0.31
2026-08-03T04:52:49.787Z,0.31
2026-08-03T04:53:09.861Z,0.31
2026-08-03T04:53:29.973Z,0.38
2026-08-03T04:53:50.085Z,0.38
2026-08-03T04:54:05.165Z,0.43
2026-08-03T04:54:20.453Z,0.43
2026-08-03T04:54:35.428Z,0.43
2026-08-03T04:54:55.505Z,0.43
2026-08-03T04:55:11.859Z,0.5
2026-08-03T04:55:25.62Z,0.52
2026-08-03T04:55:40.667Z,0.52
2026-08-03T04:55:55Z,0.59
2026-08-03T04:55:55.796Z,0.59
2026-08-03T04:56:10.78Z,0.59
2026-08-03T04:56:25.843Z,0.59
2026-08-03T04:56:41.056Z,0.59
2026-08-03T04:56:55.979Z,0.59
2026-08-03T04:57:11.062Z,0.59
2026-08-03T04:57:26.154Z,0.72
2026-08-03T04:57:41.233Z,0.72
2026-08-03T04:58:06.083Z,0.72
2026-08-03T04:58:21.397Z,0.76
2026-08-03T04:58:36.554Z,0.8
2026-08-03T04:58:51.622Z,0.83
2026-08-03T04:59:06.656Z,0.83
2026-08-03T04:59:21.777Z,0.86
2026-08-03T04:59:41.799Z,0.86
2026-08-03T04:59:57.194Z,0.86
2026-08-03T05:00:12.269Z,0.86
2026-08-03T05:00:27.168Z,0.95
2026-08-03T05:00:42.256Z,0.95
2026-08-03T05:00:56Z,1.04
2026-08-03T05:00:57.321Z,1.04
2026-08-03T05:01:18.093Z,1.04
2026-08-03T05:01:37.484Z,1.07
2026-08-03T05:01:57.575Z,1.17
2026-08-03T05:02:13.116Z,1.17
2026-08-03T05:02:32.755Z,1.21
2026-08-03T05:02:52.802Z,1.3
2026-08-03T05:03:08.586Z,1.3
2026-08-03T05:03:22.97Z,1.36
2026-08-03T05:03:38.061Z,1.46
2026-08-03T05:03:58.092Z,1.46
2026-08-03T05:04:13.236Z,1.46
2026-08-03T05:04:28.298Z,1.46
2026-08-03T05:04:48.376Z,1.46
2026-08-03T05:05:11.316Z,1.67
2026-08-03T05:05:18.513Z,1.67
2026-08-03T05:05:33.598Z,1.73
2026-08-03T05:05:48Z,1.73
2026-08-03T05:05:48.723Z,1.73
2026-08-03T05:06:03.746Z,1.87
2026-08-03T05:06:18.792Z,1.95
2026-08-03T05:06:33.877Z,1.95
2026-08-03T05:06:48.945Z,1.95
2026-08-03T05:07:09.895Z,1.95
2026-08-03T05:07:24.175Z,1.95
2026-08-03T05:07:39.199Z,2.31
2026-08-03T05:07:54.271Z,2.31
2026-08-03T05:08:14.379Z,2.46
2026-08-03T05:08:29.451Z,2.46
2026-08-03T05:08:44.558Z,2.46
2026-08-03T05:08:59.64Z,2.67
2026-08-03T05:09:14.684Z,2.67
2026-08-03T05:09:29.806Z,2.76
2026-08-03T05:09:49.855Z,2.76
2026-08-03T05:10:12.532Z,2.91
2026-08-03T05:10:24.981Z,2.91
2026-08-03T05:10:40.158Z,2.91
2026-08-03T05:10:54Z,2.91
2026-08-03T05:10:55.224Z,2.91
2026-08-03T05:11:10.297Z,3.14
2026-08-03T05:11:25.386Z,3.14
2026-08-03T05:11:45.448Z,3.14
2026-08-03T05:12:00.507Z,3.14
2026-08-03T05:12:15.618Z,3.57
2026-08-03T05:12:30.746Z,3.57
2026-08-03T05:12:46.381Z,3.68
2026-08-03T05:13:02.538Z,3.68
2026-08-03T05:13:15.934Z,3.68
2026-08-03T05:13:31.343Z,3.68
2026-08-03T05:13:46.694Z,4.14
2026-08-03T05:14:03.151Z,4.14
2026-08-03T05:14:21.294Z,4.14
2026-08-03T05:14:41.302Z,4.38
2026-08-03T05:14:56.372Z,4.38
2026-08-03T05:15:16.467Z,4.63
2026-08-03T05:15:31.511Z,4.63
2026-08-03T05:15:46.6Z,4.63
2026-08-03T05:16:01Z,4.63
2026-08-03T05:16:02.962Z,4.63
2026-08-03T05:16:17.606Z,4.63
2026-08-03T05:16:31.979Z,5.14
2026-08-03T05:16:47.075Z,5.14
2026-08-03T05:17:02.729Z,5.43
2026-08-03T05:17:17.216Z,5.43
2026-08-03T05:17:32.566Z,5.43
2026-08-03T05:17:47.377Z,5.43
2026-08-03T05:18:02.986Z,5.85
2026-08-03T05:18:17.549Z,5.85
2026-08-03T05:18:32.708Z,6.19
2026-08-03T05:18:47.717Z,6.19
2026-08-03T05:19:02.81Z,6.19
2026-08-03T05:19:22.895Z,6.58
2026-08-03T05:19:42.944Z,6.58
2026-08-03T05:19:58.013Z,6.58
2026-08-03T05:20:13.108Z,7.2
2026-08-03T05:20:28.167Z,7.2
2026-08-03T05:20:43.302Z,7.46
2026-08-03T05:20:57Z,7.46
2026-08-03T05:20:58.395Z,7.46
2026-08-03T05:21:18.462Z,7.82
2026-08-03T05:21:35.159Z,7.82
2026-08-03T05:21:48.621Z,8.32
2026-08-03T05:22:03.687Z,8.32
2026-08-03T05:22:18.75Z,8.32
2026-08-03T05:22:33.836Z,8.81
2026-08-03T05:22:49.294Z,8.81
2026-08-03T05:23:04.058Z,9.15
2026-08-03T05:23:19.203Z,9.15
2026-08-03T05:23:39.29Z,9.15
2026-08-03T05:23:59.365Z,9.52
2026-08-03T05:24:14.431Z,9.52
2026-08-03T05:24:29.503Z,9.67
2026-08-03T05:24:44.584Z,9.67
2026-08-03T05:24:59.737Z,9.63
2026-08-03T05:25:14.815Z,9.63
2026-08-03T05:25:29.925Z,9.63
2026-08-03T05:25:47.285Z,9.63
2026-08-03T05:25:59Z,10.26
2026-08-03T05:26:00.101Z,10.26
2026-08-03T05:26:15.222Z,10.26
2026-08-03T05:26:30.298Z,10.68
2026-08-03T05:26:45.313Z,10.68
2026-08-03T05:27:00.407Z,10.68
2026-08-03T05:27:15.488Z,11.06
2026-08-03T05:27:30.555Z,11.22
2026-08-03T05:27:50.646Z,11.22
2026-08-03T05:28:06.319Z,11.22
2026-08-03T05:28:21.02Z,11.66
2026-08-03T05:28:35.89Z,11.66
2026-08-03T05:28:50.98Z,11.66
2026-08-03T05:29:06.686Z,11.66
2026-08-03T05:29:26.148Z,12.12
2026-08-03T05:29:41.212Z,12.12
2026-08-03T05:29:56.836Z,12.12
2026-08-03T05:30:13.336Z,12.6
2026-08-03T05:30:26.501Z,12.6
2026-08-03T05:30:41.601Z,12.8
2026-08-03T05:30:56Z,12.98
2026-08-03T05:30:56.603Z,12.98
2026-08-03T05:31:11.713Z,12.98
2026-08-03T05:31:26.808Z,13.35
2026-08-03T05:31:46.876Z,13.35
2026-08-03T05:32:02.786Z,13.35
2026-08-03T05:32:17.072Z,13.69
2026-08-03T05:32:32.145Z,13.69
2026-08-03T05:32:47.2Z,13.69
2026-08-03T05:33:03.123Z,13.69
2026-08-03T05:33:17.431Z,14.53
2026-08-03T05:33:32.488Z,14.53
2026-08-03T05:33:47.561Z,14.53
2026-08-03T05:34:03.299Z,14.88
2026-08-03T05:34:18.47Z,14.88
2026-08-03T05:34:37.776Z,15.05
2026-08-03T05:34:52.885Z,15.05
2026-08-03T05:35:13.777Z,15.45
2026-08-03T05:35:28.144Z,15.45
2026-08-03T05:35:48.204Z,15.45
2026-08-03T05:36:02Z,16.02
2026-08-03T05:36:03.386Z,16.02
2026-08-03T05:36:18.346Z,16.02
2026-08-03T05:36:38.758Z,16.43
2026-08-03T05:36:53.448Z,16.43
2026-08-03T05:37:13.513Z,16.81
2026-08-03T05:37:33.585Z,16.81
2026-08-03T05:37:48.632Z,17.16
2026-08-03T05:38:08.714Z,17.16
2026-08-03T05:38:23.815Z,17.38
2026-08-03T05:38:38.908Z,17.38
2026-08-03T05:38:55.043Z,17.38
2026-08-03T05:39:14.125Z,17.84
2026-08-03T05:39:29.343Z,17.97
2026-08-03T05:39:44.26Z,17.97
2026-08-03T05:39:59.358Z,17.97
2026-08-03T05:40:14.929Z,18.51
2026-08-03T05:40:29.491Z,18.51
2026-08-03T05:40:44.55Z,18.51
2026-08-03T05:41:04Z,18.51
2026-08-03T05:41:05.46Z,18.51
2026-08-03T05:41:24.709Z,19.15
2026-08-03T05:41:40.455Z,19.15
2026-08-03T05:41:59.905Z,19.53
2026-08-03T05:42:14.918Z,19.53
2026-08-03T05:42:35.022Z,19.53
2026-08-03T05:42:50.118Z,20.09
2026-08-03T05:43:05.184Z,20.09
2026-08-03T05:43:20.292Z,20.09
2026-08-03T05:43:35.345Z,20.09
2026-08-03T05:43:50.417Z,20.09
2026-08-03T05:44:10.52Z,20.09
2026-08-03T05:44:30.561Z,21.22
2026-08-03T05:44:50.661Z,21.22
2026-08-03T05:45:08.872Z,21.77
2026-08-03T05:45:27.406Z,22.04
2026-08-03T05:45:46.525Z,22.04
2026-08-03T05:46:05Z,22.44
2026-08-03T05:46:06.118Z,22.44
2026-08-03T05:46:21.162Z,22.44
2026-08-03T05:46:36.227Z,22.44
2026-08-03T05:46:56.338Z,23.09
2026-08-03T05:47:16.405Z,23.09
2026-08-03T05:47:31.467Z,23.28
2026-08-03T05:47:46.538Z,23.28
2026-08-03T05:48:02.681Z,23.74
2026-08-03T05:48:16.699Z,23.96
2026-08-03T05:48:31.775Z,23.96
2026-08-03T05:48:46.829Z,23.96
2026-08-03T05:49:02.458Z,23.96
2026-08-03T05:49:17.015Z,24.63
2026-08-03T05:49:32.073Z,24.85
2026-08-03T05:49:47.144Z,24.85
2026-08-03T05:50:08.893Z,25.29
2026-08-03T05:50:17.375Z,25.29
2026-08-03T05:50:32.41Z,25.29
2026-08-03T05:50:47.45Z,25.72
2026-08-03T05:51:07Z,25.72
2026-08-03T05:51:07.531Z,25.72
2026-08-03T05:51:22.61Z,26.21
2026-08-03T05:51:37.794Z,26.21
2026-08-03T05:51:52.782Z,26.48
2026-08-03T05:52:07.874Z,26.48
2026-08-03T05:52:23.68Z,26.48
2026-08-03T05:52:38.768Z,27.22
2026-08-03T05:52:53.262Z,27.22
2026-08-03T05:53:13.341Z,27.22
2026-08-03T05:53:33.475Z,27.73
2026-08-03T05:53:48.649Z,27.73
2026-08-03T05:54:08.728Z,28.3
2026-08-03T05:54:29.419Z,28.76
2026-08-03T05:54:43.858Z,28.98
2026-08-03T05:54:58.927Z,28.98
2026-08-03T05:55:14.073Z,28.98
2026-08-03T05:55:29.161Z,28.98
2026-08-03T05:55:44.206Z,29.48
2026-08-03T05:55:58Z,29.48
2026-08-03T05:55:59.28Z,29.48
2026-08-03T05:56:19.99Z,29.99
2026-08-03T05:56:34.469Z,29.99
2026-08-03T05:56:49.6Z,30.67
2026-08-03T05:57:09.66Z,30.67
2026-08-03T05:57:24.968Z,30.67
2026-08-03T05:57:44.726Z,31.97
2026-08-03T05:57:59.837Z,31.97
2026-08-03T05:58:14.874Z,31.97
2026-08-03T05:58:35.01Z,33.47
2026-08-03T05:58:50.045Z,33.47
2026-08-03T05:59:05.126Z,33.47
2026-08-03T05:59:21.351Z,34.44
2026-08-03T05:59:40.286Z,34.44
2026-08-03T06:00:00.378Z,34.44
2026-08-03T06:00:15.406Z,35.84
2026-08-03T06:00:35.549Z,35.84
2026-08-03T06:00:50.579Z,36.84
2026-08-03T06:01:05Z,36.84
2026-08-03T06:01:05.658Z,36.84
2026-08-03T06:01:21.201Z,36.84
2026-08-03T06:01:35.86Z,37.94
2026-08-03T06:01:55.891Z,38.79
2026-08-03T06:02:10.957Z,38.79
2026-08-03T06:02:26.029Z,38.79
2026-08-03T06:02:41.093Z,38.79
2026-08-03T06:02:56.169Z,39.67
2026-08-03T06:03:11.563Z,39.67
2026-08-03T06:03:26.365Z,40.84
2026-08-03T06:03:41.405Z,40.84
2026-08-03T06:03:56.46Z,40.84
2026-08-03T06:04:17.336Z,40.84
2026-08-03T06:04:31.792Z,43.61
2026-08-03T06:04:51.708Z,43.61
2026-08-03T06:05:12.431Z,44.54
2026-08-03T06:05:26.889Z,44.54
2026-08-03T06:05:46.944Z,45.26
2026-08-03T06:06:01Z,45.26
2026-08-03T06:06:02.823Z,45.26
2026-08-03T06:06:22.094Z,47.23
2026-08-03T06:06:42.166Z,47.6
2026-08-03T06:06:57.231Z,47.6
2026-08-03T06:07:12.583Z,46.86
2026-08-03T06:07:27.477Z,46.86
2026-08-03T06:07:42.531Z,49.38
2026-08-03T06:07:57.621Z,49.38
2026-08-03T06:08:12.707Z,51.59
2026-08-03T06:08:29.82Z,51.59
2026-08-03T06:08:42.873Z,53.62
2026-08-03T06:08:57.906Z,53.62
2026-08-03T06:09:13.003Z,54.99
2026-08-03T06:09:28.075Z,54.99
2026-08-03T06:09:43.143Z,55.1
2026-08-03T06:09:58.221Z,55.1
2026-08-03T06:10:13.295Z,55.39
2026-08-03T06:10:28.379Z,55.39
2026-08-03T06:10:43.461Z,57.1
2026-08-03T06:10:58.561Z,57.1
2026-08-03T06:11:13Z,58.23
2026-08-03T06:11:13.59Z,58.23
2026-08-03T06:11:28.688Z,58.23
2026-08-03T06:11:43.756Z,60.99
2026-08-03T06:11:58.826Z,60.99
2026-08-03T06:12:19.241Z,60.99
2026-08-03T06:12:34.087Z,60.99
2026-08-03T06:12:49.163Z,60.99
2026-08-03T06:13:04.212Z,60.99
2026-08-03T06:13:19.3Z,76.41
2026-08-03T06:13:34.716Z,76.41
2026-08-03T06:13:54.509Z,80.22
2026-08-03T06:14:09.896Z,87.27
2026-08-03T06:14:24.645Z,87.27
2026-08-03T06:14:39.782Z,87.27
2026-08-03T06:14:54.916Z,87.27
2026-08-03T06:15:14.983Z,91.72
2026-08-03T06:15:30.069Z,93.17
2026-08-03T06:15:50.191Z,93.17
2026-08-03T06:16:09Z,95.61
2026-08-03T06:16:10.218Z,95.61
2026-08-03T06:16:25.348Z,95.61
2026-08-03T06:16:40.363Z,95.61
2026-08-03T06:16:55.479Z,102.54
2026-08-03T06:17:10.551Z,102.54
2026-08-03T06:17:25.577Z,107.08
2026-08-03T06:17:40.68Z,107.08
2026-08-03T06:17:55.741Z,109.56
2026-08-03T06:18:11.413Z,109.56
2026-08-03T06:18:25.921Z,109.56
2026-08-03T06:18:45.989Z,115.2
2026-08-03T06:19:07.2Z,121.44
2026-08-03T06:19:21.359Z,121.44
2026-08-03T06:19:36.371Z,124.04
2026-08-03T06:19:51.475Z,124.04
2026-08-03T06:20:10.697Z,125.71
2026-08-03T06:20:21.755Z,125.36
2026-08-03T06:20:36.761Z,125.36
2026-08-03T06:20:56.855Z,125.36
2026-08-03T06:21:11Z,125.36
2026-08-03T06:21:12.267Z,125.36
2026-08-03T06:21:26.983Z,121.54
2026-08-03T06:21:42.106Z,121.54
2026-08-03T06:21:57.703Z,121.54
2026-08-03T06:22:12.23Z,115.88
2026-08-03T06:22:36.04Z,112.63
2026-08-03T06:22:52.36Z,112.63
2026-08-03T06:23:12.485Z,110.46
2026-08-03T06:23:27.514Z,110.46
2026-08-03T06:23:47.58Z,111.8
2026-08-03T06:24:03.553Z,111.8
2026-08-03T06:24:17.782Z,116.52
2026-08-03T06:24:37.823Z,119.91
2026-08-03T06:24:52.909Z,119.91
2026-08-03T06:25:13.578Z,120.85
2026-08-03T06:25:28.466Z,120.85
2026-08-03T06:25:43.128Z,120.85
2026-08-03T06:25:58.225Z,120.41
2026-08-03T06:26:17Z,120.41
2026-08-03T06:26:18.284Z,120.41
2026-08-03T06:26:34.49Z,119.6
2026-08-03T06:26:48.515Z,119.6
2026-08-03T06:27:03.625Z,119.88
2026-08-03T06:27:18.666Z,119.88
2026-08-03T06:27:33.763Z,119.88
2026-08-03T06:27:48.957Z,119.02
2026-08-03T06:28:04.271Z,119.02
2026-08-03T06:28:25.126Z,114.91
2026-08-03T06:28:39.55Z,114.91
2026-08-03T06:28:54.233Z,108.61
2026-08-03T06:29:09.293Z,108.61
2026-08-03T06:29:24.384Z,108.61
2026-08-03T06:29:39.484Z,108.61
2026-08-03T06:29:54.571Z,99.86
2026-08-03T06:30:13.657Z,99.86
2026-08-03T06:30:24.736Z,99.86
2026-08-03T06:30:40.013Z,97.47
2026-08-03T06:31:00.02Z,97.47
2026-08-03T06:31:14Z,97.47
2026-08-03T06:31:15.093Z,97.47
2026-08-03T06:31:31.02Z,97.27
2026-08-03T06:31:45.319Z,97.27
2026-08-03T06:32:00.419Z,99.53
2026-08-03T06:32:15.51Z,99.53
2026-08-03T06:32:30.602Z,104.27
2026-08-03T06:32:45.678Z,104.27
2026-08-03T06:33:02.544Z,107.88
2026-08-03T06:33:15.828Z,107.88
2026-08-03T06:33:30.916Z,116.54
2026-08-03T06:33:50.982Z,116.54
2026-08-03T06:34:06.051Z,125.31
2026-08-03T06:34:22.526Z,125.31
2026-08-03T06:34:36.276Z,125.31
2026-08-03T06:34:51.399Z,131.4
2026-08-03T06:35:12.481Z,131.4
2026-08-03T06:35:21.429Z,134.56
2026-08-03T06:35:36.514Z,134.56
2026-08-03T06:35:51.6Z,134.56
2026-08-03T06:36:06.688Z,134.59
2026-08-03T06:36:21Z,134.59
2026-08-03T06:36:21.784Z,134.59
2026-08-03T06:36:36.9Z,134.59
2026-08-03T06:36:57.004Z,133.71
2026-08-03T06:37:17.46Z,131.65
2026-08-03T06:37:32.36Z,131.65
2026-08-03T06:37:52.403Z,131.65
2026-08-03T06:38:12.521Z,131.65
2026-08-03T06:38:27.586Z,129.12
2026-08-03T06:38:42.62Z,129.12
2026-08-03T06:38:57.714Z,127.72
2026-08-03T06:39:12.78Z,127.72
2026-08-03T06:39:27.855Z,127.72
2026-08-03T06:39:43.605Z,127.72
2026-08-03T06:39:58.165Z,132.17
2026-08-03T06:40:14.379Z,132.17
2026-08-03T06:40:28.312Z,132.11
2026-08-03T06:40:43.396Z,132.11
2026-08-03T06:40:58.435Z,132.11
2026-08-03T06:41:13Z,132.11
2026-08-03T06:41:13.558Z,132.11
2026-08-03T06:41:33.762Z,131.4
2026-08-03T06:41:48.706Z,130.17
2026-08-03T06:42:04.285Z,130.17
2026-08-03T06:42:18.951Z,130.17
2026-08-03T06:42:34.005Z,128.8
2026-08-03T06:42:50.524Z,128.8
2026-08-03T06:43:06.638Z,128.8
2026-08-03T06:43:19.249Z,121.51
2026-08-03T06:43:39.333Z,110.13
2026-08-03T06:43:54.394Z,110.13
2026-08-03T06:44:14.476Z,108.37
2026-08-03T06:44:29.552Z,108.37
2026-08-03T06:44:44.657Z,108.37
2026-08-03T06:45:00.618Z,108.37
2026-08-03T06:45:14.841Z,103.37
2026-08-03T06:45:34.902Z,101.3
2026-08-03T06:45:49.97Z,101.3
2026-08-03T06:46:05.052Z,101.3
2026-08-03T06:46:19Z,101.61
2026-08-03T06:46:20.128Z,101.61
2026-08-03T06:46:35.195Z,101.93
2026-08-03T06:46:50.279Z,101.93
2026-08-03T06:47:05.471Z,101.93
2026-08-03T06:47:20.439Z,101.93
2026-08-03T06:47:40.522Z,102.37
2026-08-03T06:47:55.875Z,102.37
2026-08-03T06:48:10.658Z,103.63
2026-08-03T06:48:30.795Z,105.87
2026-08-03T06:48:45.819Z,105.87
2026-08-03T06:49:02.794Z,105.87
2026-08-03T06:49:16.075Z,116.14
2026-08-03T06:49:31.192Z,116.14
2026-08-03T06:49:46.291Z,116.14
2026-08-03T06:50:12.137Z,123.62
2026-08-03T06:50:16.623Z,123.62
2026-08-03T06:50:33.461Z,123.62
2026-08-03T06:50:46.741Z,123.62
2026-08-03T06:51:06.784Z,130.25
2026-08-03T06:51:21Z,128.01
2026-08-03T06:51:21.862Z,128.01
2026-08-03T06:51:40.766Z,124.16
2026-08-03T06:51:52.12Z,124.16
2026-08-03T06:52:07.234Z,116.03
2026-08-03T06:52:22.376Z,116.03
2026-08-03T06:52:43.252Z,116.03
2026-08-03T06:52:57.467Z,116.03
2026-08-03T06:53:17.575Z,110.22
2026-08-03T06:53:32.644Z,110.22
2026-08-03T06:53:47.726Z,110.22
2026-08-03T06:54:02.792Z,111.22
2026-08-03T06:54:17.867Z,111.22
2026-08-03T06:54:32.931Z,111.22
2026-08-03T06:54:50.515Z,111.22
2026-08-03T06:55:13.391Z,112.32
2026-08-03T06:55:23.196Z,112.32
2026-08-03T06:55:38.323Z,112.32
2026-08-03T06:55:53.379Z,112.32
2026-08-03T06:56:08.488Z,112.18
2026-08-03T06:56:23Z,111.14
2026-08-03T06:56:23.575Z,111.14
2026-08-03T06:56:38.699Z,111.14
2026-08-03T06:56:54.555Z,108.56
2026-08-03T06:57:13.805Z,108.56
2026-08-03T06:57:28.894Z,107.28
2026-08-03T06:57:48.975Z,107.28
2026-08-03T06:58:04.045Z,106.35
2026-08-03T06:58:19.099Z,106.35
2026-08-03T06:58:37.926Z,105.88
2026-08-03T06:58:54.229Z,105.88
2026-08-03T06:59:09.396Z,105.88
2026-08-03T06:59:24.468Z,105.56
2026-08-03T06:59:39.583Z,105.56
2026-08-03T06:59:54.677Z,105.56
2026-08-03T07:00:15.667Z,105.56
2026-08-03T07:00:25.731Z,105.35
2026-08-03T07:00:44.899Z,105.35
2026-08-03T07:00:59.97Z,105.22
2026-08-03T07:01:18.178Z,105.4
2026-08-03T07:01:29Z,105.4
2026-08-03T07:01:30.985Z,105.4
2026-08-03T07:01:45.193Z,105.4
2026-08-03T07:02:00.612Z,105.4
2026-08-03T07:02:15.414Z,106.07
2026-08-03T07:02:30.457Z,106.07
2026-08-03T07:02:45.523Z,106.16
2026-08-03T07:03:00.603Z,106.16
2026-08-03T07:03:15.674Z,106.24
2026-08-03T07:03:31.984Z,106.24
2026-08-03T07:03:46.07Z,106.38
2026-08-03T07:04:02.892Z,106.75
2026-08-03T07:04:20.995Z,106.75
2026-08-03T07:04:36.056Z,107.05
2026-08-03T07:04:51.126Z,107.05
2026-08-03T07:05:16.355Z,107.47
2026-08-03T07:05:21.292Z,107.47
2026-08-03T07:05:41.356Z,107.69
2026-08-03T07:05:56.429Z,107.69
2026-08-03T07:06:12.248Z,107.69
2026-08-03T07:06:26Z,108.42
2026-08-03T07:06:27.567Z,108.42
2026-08-03T07:06:42.363Z,108.42
2026-08-03T07:06:57.111Z,108.42
2026-08-03T07:07:12.478Z,108.42
2026-08-03T07:07:31.943Z,108.42
2026-08-03T07:07:47.044Z,108.42
2026-08-03T07:08:07.127Z,109.3
2026-08-03T07:08:22.207Z,109.3
2026-08-03T07:08:42.303Z,109.75
2026-08-03T07:08:57.38Z,109.75
2026-08-03T07:09:12.454Z,109.92
2026-08-03T07:09:32.521Z,109.92
2026-08-03T07:09:47.597Z,110.63
2026-08-03T07:10:11.149Z,110.63
2026-08-03T07:10:22.958Z,110.87
2026-08-03T07:10:42.903Z,111.02
2026-08-03T07:11:02.958Z,111.02
2026-08-03T07:11:18.413Z,110.97
2026-08-03T07:11:32Z,110.97
2026-08-03T07:11:33.247Z,110.97
2026-08-03T07:11:53.316Z,110.97
2026-08-03T07:12:08.487Z,110.97
2026-08-03T07:12:26.052Z,110.87
2026-08-03T07:12:39.772Z,110.87
2026-08-03T07:12:58.779Z,110.68
2026-08-03T07:13:13.882Z,110.68
2026-08-03T07:13:28.955Z,110.59
2026-08-03T07:13:44.035Z,110.59
2026-08-03T07:13:59.114Z,110.7
2026-08-03T07:14:20.33Z,110.7
2026-08-03T07:14:34.252Z,111.18
2026-08-03T07:14:49.322Z,111.18
2026-08-03T07:15:09.888Z,111.18
2026-08-03T07:15:24.542Z,111.28
2026-08-03T07:15:39.717Z,111.28
2026-08-03T07:15:54.696Z,111.58
2026-08-03T07:16:09.735Z,111.58
2026-08-03T07:16:24Z,112.4
2026-08-03T07:16:24.794Z,112.4
2026-08-03T07:16:45.345Z,112.4
2026-08-03T07:17:05.039Z,112.29
2026-08-03T07:17:20.111Z,112.62
2026-08-03T07:17:35.196Z,112.62
2026-08-03T07:17:55.28Z,112.62
2026-08-03T07:18:10.347Z,112.62
2026-08-03T07:18:25.444Z,113.49
2026-08-03T07:18:40.686Z,113.49
2026-08-03T07:18:55.623Z,113.65
2026-08-03T07:19:10.675Z,114.26
2026-08-03T07:19:33.553Z,114.26
2026-08-03T07:19:45.871Z,114.43
2026-08-03T07:20:10.156Z,114.65
2026-08-03T07:20:15.985Z,114.65
2026-08-03T07:20:31.074Z,114.65
2026-08-03T07:20:46.133Z,115.26
2026-08-03T07:21:06.219Z,115.26
2026-08-03T07:21:21.3Z,115.26
2026-08-03T07:21:40Z,115.26
2026-08-03T07:21:41.402Z,115.26
2026-08-03T07:21:56.484Z,115.64
2026-08-03T07:22:11.758Z,115.64
2026-08-03T07:22:27.004Z,115.64
2026-08-03T07:22:41.742Z,115.97
2026-08-03T07:23:03.235Z,115.97
2026-08-03T07:23:18.066Z,116.42
2026-08-03T07:23:31.973Z,116.42
2026-08-03T07:23:47.028Z,116.83
2026-08-03T07:24:02.508Z,116.83
2026-08-03T07:24:17.202Z,116.97
2026-08-03T07:24:32.262Z,116.97
2026-08-03T07:24:52.327Z,116.97
2026-08-03T07:25:12.877Z,117.59
2026-08-03T07:25:22.579Z,117.59
2026-08-03T07:25:42.679Z,117.59
2026-08-03T07:26:03.247Z,117.59
2026-08-03T07:26:17.797Z,117.59
2026-08-03T07:26:32Z,117.59
2026-08-03T07:26:32.85Z,117.59
2026-08-03T07:26:47.952Z,117.59
2026-08-03T07:27:03.191Z,119.46
2026-08-03T07:27:23.272Z,119.46
2026-08-03T07:27:38.35Z,119.46
2026-08-03T07:27:53.453Z,119.46
2026-08-03T07:28:08.494Z,119.46
2026-08-03T07:28:23.775Z,120.93
2026-08-03T07:28:38.654Z,120.93
2026-08-03T07:28:53.762Z,120.96
2026-08-03T07:29:08.852Z,120.96
2026-08-03T07:29:23.971Z,120.96
2026-08-03T07:29:39.013Z,120.96
2026-08-03T07:29:54.186Z,120.96
2026-08-03T07:30:11.028Z,122.36
2026-08-03T07:30:24.246Z,122.36
2026-08-03T07:30:39.32Z,123.69
2026-08-03T07:30:54.378Z,123.69
2026-08-03T07:31:10.142Z,124.42
2026-08-03T07:31:24.538Z,124.42
2026-08-03T07:31:39Z,124.42
2026-08-03T07:31:39.617Z,124.42
2026-08-03T07:31:54.746Z,124.42
2026-08-03T07:32:14.841Z,124.42
2026-08-03T07:32:31.045Z,124.42
2026-08-03T07:32:50.047Z,127.43
2026-08-03T07:33:05.103Z,128.71
2026-08-03T07:33:20.195Z,128.71
2026-08-03T07:33:35.568Z,129.6
2026-08-03T07:33:50.573Z,129.6
2026-08-03T07:34:05.585Z,129.6
2026-08-03T07:34:26.209Z,129.6
2026-08-03T07:34:40.727Z,129.6
2026-08-03T07:35:08.839Z,133.03
2026-08-03T07:35:16.712Z,134.1
2026-08-03T07:35:35.932Z,136.85
2026-08-03T07:35:56.311Z,137.89
2026-08-03T07:36:16.153Z,137.89
2026-08-03T07:36:31.211Z,137.89
2026-08-03T07:36:45Z,137.89
2026-08-03T07:36:46.304Z,137.89
2026-08-03T07:37:02.599Z,137.89
2026-08-03T07:37:21.447Z,142.09
2026-08-03T07:37:41.54Z,142.09
2026-08-03T07:37:57.442Z,143.97
2026-08-03T07:38:12.236Z,143.97
2026-08-03T07:38:31.723Z,143.97
2026-08-03T07:38:46.805Z,143.97
2026-08-03T07:39:06.919Z,148.79
2026-08-03T07:39:22.038Z,148.79
2026-08-03T07:39:37.181Z,148.79
2026-08-03T07:39:52.167Z,152.99
2026-08-03T07:40:11.31Z,152.99
2026-08-03T07:40:27.328Z,154.89
2026-08-03T07:40:42.473Z,154.89
2026-08-03T07:40:58.094Z,159.28
2026-08-03T07:41:17.723Z,162.48
2026-08-03T07:41:32.81Z,162.48
2026-08-03T07:41:47Z,163.77
2026-08-03T07:41:47.948Z,163.77
2026-08-03T07:42:03.066Z,163.77
2026-08-03T07:42:18.15Z,164.74
2026-08-03T07:42:33.216Z,164.74
2026-08-03T07:42:48.298Z,164.49
2026-08-03T07:43:03.456Z,164.49
2026-08-03T07:43:23.45Z,164.11
2026-08-03T07:43:38.845Z,164.11
2026-08-03T07:43:58.554Z,165.78
2026-08-03T07:44:13.717Z,165.57
2026-08-03T07:44:28.788Z,165.57
2026-08-03T07:44:45.742Z,165.57
2026-08-03T07:44:59.084Z,167.17
2026-08-03T07:45:14.017Z,167.17
2026-08-03T07:45:34.18Z,167.17
2026-08-03T07:45:49.162Z,169.41
2026-08-03T07:46:04.247Z,169.41
2026-08-03T07:46:19.343Z,169.41
2026-08-03T07:46:34.397Z,169.41
2026-08-03T07:46:49Z,171.5
2026-08-03T07:46:50.631Z,171.5
2026-08-03T07:47:04.53Z,171.5
2026-08-03T07:47:19.594Z,173.72
2026-08-03T07:47:36.635Z,175.28
2026-08-03T07:47:50.347Z,175.28
2026-08-03T07:48:04.851Z,175.28
2026-08-03T07:48:24.924Z,179.17
2026-08-03T07:48:44.989Z,182.09
2026-08-03T07:49:05.143Z,182.09
2026-08-03T07:49:20.226Z,182.64
2026-08-03T07:49:40.369Z,182.64
2026-08-03T07:49:55.364Z,183.11
2026-08-03T07:50:14.013Z,182.7
2026-08-03T07:50:25.536Z,182.7
2026-08-03T07:50:46.285Z,182.7
2026-08-03T07:51:00.829Z,181.19
2026-08-03T07:51:15.859Z,181.19
2026-08-03T07:51:36.906Z,181.47
2026-08-03T07:51:50Z,181.47
2026-08-03T07:51:51.046Z,181.47
2026-08-03T07:52:06.121Z,181.47
2026-08-03T07:52:21.233Z,183.44
2026-08-03T07:52:41.288Z,183.44
2026-08-03T07:52:56.374Z,183.64
2026-08-03T07:53:11.509Z,183.64
2026-08-03T07:53:26.583Z,183.81
2026-08-03T07:53:42.481Z,183.81
2026-08-03T07:54:02.557Z,182.89
2026-08-03T07:54:16.8Z,182.89
2026-08-03T07:54:32.103Z,182.89
2026-08-03T07:54:46.973Z,180.6
2026-08-03T07:55:10.459Z,180.6
2026-08-03T07:55:17.217Z,180.89
2026-08-03T07:55:32.204Z,180.89
2026-08-03T07:55:47.332Z,180.89
2026-08-03T07:56:03.237Z,180.89
2026-08-03T07:56:17.413Z,180.89
2026-08-03T07:56:32.487Z,180.89
2026-08-03T07:56:52Z,191.92
2026-08-03T07:56:52.982Z,191.92
2026-08-03T07:57:07.65Z,194.92
2026-08-03T07:57:22.706Z,194.92
2026-08-03T07:57:37.785Z,194.92
2026-08-03T07:57:52.857Z,194.92
2026-08-03T07:58:07.974Z,200.78
2026-08-03T07:58:28.014Z,200.78
2026-08-03T07:58:48.547Z,202.78
2026-08-03T07:59:08.181Z,202.78
2026-08-03T07:59:23.24Z,202.78
2026-08-03T07:59:38.298Z,203.25
2026-08-03T07:59:53.397Z,203.25
2026-08-03T08:00:17.105Z,202.99
2026-08-03T08:00:29.661Z,202.99
2026-08-03T08:00:44.021Z,202.99
2026-08-03T08:01:03.746Z,202.99
2026-08-03T08:01:20.288Z,192.7
2026-08-03T08:01:34.209Z,192.7
2026-08-03T08:01:48Z,192.7
2026-08-03T08:01:48.992Z,192.7
2026-08-03T08:02:04.082Z,188.25
2026-08-03T08:02:19.132Z,188.25
2026-08-03T08:02:34.214Z,188.25
2026-08-03T08:02:49.351Z,188.25
2026-08-03T08:03:09.418Z,186.32
2026-08-03T08:03:24.49Z,187.44
2026-08-03T08:03:39.58Z,187.44
2026-08-03T08:03:54.65Z,190.37
2026-08-03T08:04:14.723Z,190.37
2026-08-03T08:04:29.801Z,194.92
2026-08-03T08:04:50.353Z,194.92
2026-08-03T08:05:21.058Z,194.92
2026-08-03T08:05:30.02Z,194.92
2026-08-03T08:05:45.12Z,194.92
2026-08-03T08:06:01.872Z,196.39
2026-08-03T08:06:15.305Z,196.39
2026-08-03T08:06:30.315Z,196.39
2026-08-03T08:06:44Z,191.3
2026-08-03T08:06:45.415Z,191.3
2026-08-03T08:07:07.385Z,182.3
2026-08-03T08:07:20.551Z,182.3
2026-08-03T08:07:35.593Z,179.88
2026-08-03T08:07:50.672Z,179.88
2026-08-03T08:08:05.875Z,179.88
2026-08-03T08:08:20.821Z,179.88
2026-08-03T08:08:35.924Z,174.42
2026-08-03T08:08:50.979Z,174.42
2026-08-03T08:09:06.064Z,174.42
2026-08-03T08:09:22.667Z,177.03
2026-08-03T08:09:41.248Z,177.03
2026-08-03T08:10:10.819Z,183.27
2026-08-03T08:10:19.952Z,183.27
2026-08-03T08:10:31.412Z,187.85
2026-08-03T08:10:51.493Z,196.07
2026-08-03T08:11:07.915Z,196.07
2026-08-03T08:11:21.684Z,199.81
2026-08-03T08:11:36.773Z,203.21
2026-08-03T08:11:56Z,203.21
2026-08-03T08:11:56.832Z,203.21
2026-08-03T08:12:13.058Z,203.21
2026-08-03T08:12:26.988Z,206.4
2026-08-03T08:12:42.071Z,206.01
2026-08-03T08:12:57.192Z,206.01
2026-08-03T08:13:12.279Z,205.64
2026-08-03T08:13:27.328Z,205.64
2026-08-03T08:13:42.468Z,205.64
2026-08-03T08:13:57.72Z,205.64
2026-08-03T08:14:17.587Z,206.41
2026-08-03T08:14:32.626Z,206.41
2026-08-03T08:14:53.255Z,209.98
2026-08-03T08:15:11.528Z,209.98
2026-08-03T08:15:27.885Z,209.98
2026-08-03T08:15:47.944Z,209.98
2026-08-03T08:16:08.166Z,215.91
2026-08-03T08:16:28.34Z,217.87
2026-08-03T08:16:43.193Z,217.87
2026-08-03T08:16:57Z,217.87
2026-08-03T08:16:58.274Z,217.87
2026-08-03T08:17:13.816Z,217.87
2026-08-03T08:17:28.491Z,215.72
2026-08-03T08:17:43.598Z,215.72
2026-08-03T08:18:03.644Z,215.72
2026-08-03T08:18:23.701Z,216.37
2026-08-03T08:18:38.746Z,216.37
2026-08-03T08:18:58.819Z,216.58
2026-08-03T08:19:16.653Z,218.48
2026-08-03T08:19:29.715Z,218.48
2026-08-03T08:19:44.069Z,218.48
2026-08-03T08:19:59.217Z,221.91
2026-08-03T08:20:14.747Z,221.91
2026-08-03T08:20:30.731Z,224.09
2026-08-03T08:20:44.414Z,224.09
2026-08-03T08:21:04.484Z,223.68
2026-08-03T08:21:19.57Z,223.68
2026-08-03T08:21:34.741Z,223.68
2026-08-03T08:21:49Z,215.37
2026-08-03T08:21:49.756Z,215.37
2026-08-03T08:22:09.82Z,215.37
2026-08-03T08:22:24.858Z,206.01
2026-08-03T08:22:39.944Z,206.01
2026-08-03T08:22:55.06Z,201.08
2026-08-03T08:23:15.742Z,193.99
2026-08-03T08:23:30.17Z,192.15
2026-08-03T08:23:45.256Z,192.15
2026-08-03T08:24:01.129Z,192.15
2026-08-03T08:24:16.901Z,190.71
2026-08-03T08:24:30.49Z,190.71
2026-08-03T08:24:45.634Z,189.93
2026-08-03T08:25:11.298Z,189.69
2026-08-03T08:25:15.83Z,189.69
2026-08-03T08:25:30.903Z,190.61
2026-08-03T08:25:46.008Z,190.61
2026-08-03T08:26:04.221Z,190.61
2026-08-03T08:26:21.144Z,193.1
2026-08-03T08:26:41.211Z,199.08
2026-08-03T08:27:00Z,199.08
2026-08-03T08:27:03.186Z,199.08
2026-08-03T08:27:21.358Z,199.08
2026-08-03T08:27:36.453Z,213.79
2026-08-03T08:27:51.536Z,213.79
2026-08-03T08:28:06.766Z,213.79
2026-08-03T08:28:21.793Z,221.6
2026-08-03T08:28:41.869Z,222.09
2026-08-03T08:28:56.998Z,222.09
2026-08-03T08:29:12.039Z,223.65
2026-08-03T08:29:27.127Z,223.65
2026-08-03T08:29:47.895Z,222.17
2026-08-03T08:30:12.038Z,220.48
2026-08-03T08:30:22.383Z,220.48
2026-08-03T08:30:37.464Z,220.48
2026-08-03T08:30:52.705Z,218.91
2026-08-03T08:31:07.757Z,218.91
2026-08-03T08:31:23.029Z,219.03
2026-08-03T08:31:37.869Z,219.03
2026-08-03T08:31:52Z,219.03
2026-08-03T08:31:52.939Z,219.03
2026-08-03T08:32:09.482Z,219.03
2026-08-03T08:32:23.544Z,223.8
2026-08-03T08:32:38.17Z,223.8
2026-08-03T08:32:58.26Z,223.8
2026-08-03T08:33:13.353Z,223.8
2026-08-03T08:33:33.421Z,229.1
2026-08-03T08:33:48.518Z,229.1
2026-08-03T08:34:03.546Z,229.1
2026-08-03T08:34:23.66Z,229.1
2026-08-03T08:34:38.716Z,235.08
2026-08-03T08:34:53.856Z,235.08
2026-08-03T08:35:13.025Z,234.82
2026-08-03T08:35:24.07Z,234.82
2026-08-03T08:35:39.122Z,227.91
2026-08-03T08:35:54.249Z,227.91
2026-08-03T08:36:09.323Z,236.38
2026-08-03T08:36:29.609Z,235.0
2026-08-03T08:36:50.097Z,235.0
2026-08-03T08:37:04Z,236.35
2026-08-03T08:37:04.661Z,236.35
2026-08-03T08:37:19.677Z,236.35
2026-08-03T08:37:34.761Z,236.35
2026-08-03T08:37:54.84Z,236.35
2026-08-03T08:38:10.278Z,254.38
2026-08-03T08:38:24.941Z,254.38
2026-08-03T08:38:40.01Z,254.38
2026-08-03T08:38:55.109Z,254.38
2026-08-03T08:39:10.182Z,254.38
2026-08-03T08:39:25.259Z,269.5
2026-08-03T08:39:41.087Z,269.5
2026-08-03T08:40:00.525Z,277.94
2026-08-03T08:40:15.554Z,277.94
2026-08-03T08:40:35.633Z,284.56
2026-08-03T08:40:50.703Z,284.56
2026-08-03T08:41:07.043Z,284.56
2026-08-03T08:41:20.863Z,284.56
2026-08-03T08:41:41.278Z,288.26
2026-08-03T08:41:55Z,289.9
2026-08-03T08:41:56.538Z,289.9
2026-08-03T08:42:11.066Z,287.35
2026-08-03T08:42:26.146Z,287.35
2026-08-03T08:42:41.219Z,287.35
2026-08-03T08:42:58.737Z,287.35
2026-08-03T08:43:11.375Z,273.04
2026-08-03T08:43:26.428Z,273.04
2026-08-03T08:43:46.524Z,255.21
2026-08-03T08:44:03.487Z,255.21
2026-08-03T08:44:16.673Z,255.21
2026-08-03T08:44:31.891Z,236.73
2026-08-03T08:44:46.896Z,236.73
2026-08-03T08:45:11.849Z,267.81
2026-08-03T08:45:17.016Z,267.81
2026-08-03T08:45:32.114Z,267.81
2026-08-03T08:45:47.279Z,251.06
2026-08-03T08:46:02.706Z,251.06
2026-08-03T08:46:17.352Z,255.12
2026-08-03T08:46:37.447Z,255.12
2026-08-03T08:46:52Z,236.8
2026-08-03T08:46:52.506Z,236.8
2026-08-03T08:47:12.57Z,236.8
2026-08-03T08:47:28.139Z,228.34
2026-08-03T08:47:47.763Z,228.34
2026-08-03T08:48:07.821Z,225.15
2026-08-03T08:48:22.886Z,225.15
2026-08-03T08:48:37.969Z,225.15
2026-08-03T08:48:54.142Z,225.15
2026-08-03T08:49:13.25Z,220.75
2026-08-03T08:49:28.337Z,220.75
2026-08-03T08:49:43.402Z,220.75
2026-08-03T08:50:11.71Z,220.75
2026-08-03T08:50:23.517Z,219.58
2026-08-03T08:50:38.606Z,223.07
2026-08-03T08:50:53.682Z,223.07
2026-08-03T08:51:08.751Z,245.1
2026-08-03T08:51:23.821Z,245.1
2026-08-03T08:51:38.897Z,245.1
2026-08-03T08:51:58Z,238.87
2026-08-03T08:51:59.066Z,238.87
2026-08-03T08:52:14.313Z,202.11
2026-08-03T08:52:29.402Z,202.11
2026-08-03T08:52:44.461Z,202.11
2026-08-03T08:53:02.183Z,202.11
2026-08-03T08:53:14.883Z,202.11
2026-08-03T08:53:29.728Z,202.11
2026-08-03T08:53:44.759Z,202.11
2026-08-03T08:53:59.828Z,202.11
2026-08-03T08:54:14.94Z,202.11
2026-08-03T08:54:30.507Z,202.11
2026-08-03T08:54:45.144Z,202.11
2026-08-03T08:55:00.282Z,286.17
2026-08-03T08:55:15.309Z,275.64
2026-08-03T08:55:30.585Z,275.64
2026-08-03T08:55:50.598Z,275.64
2026-08-03T08:56:05.646Z,300.22
2026-08-03T08:56:20.717Z,304.65
2026-08-03T08:56:36.273Z,304.65
2026-08-03T08:56:50.903Z,304.65
2026-08-03T08:57:05Z,301.7
2026-08-03T08:57:08.045Z,301.7
2026-08-03T08:57:21.081Z,301.7
2026-08-03T08:57:36.184Z,281.39
2026-08-03T08:57:51.317Z,281.39
2026-08-03T08:58:06.351Z,281.39
2026-08-03T08:58:27.723Z,281.39
2026-08-03T08:58:41.44Z,281.39
2026-08-03T08:58:56.595Z,281.39
2026-08-03T08:59:16.671Z,281.39
2026-08-03T08:59:31.864Z,294.28
2026-08-03T08:59:46.849Z,294.28
2026-08-03T09:00:09.109Z,294.28
2026-08-03T09:00:16.995Z,294.28
2026-08-03T09:00:32.081Z,300.39
2026-08-03T09:00:47.14Z,300.39
2026-08-03T09:01:04.139Z,300.39
2026-08-03T09:01:17.279Z,307.09
2026-08-03T09:01:32.354Z,307.09
2026-08-03T09:01:47.425Z,315.58
2026-08-03T09:02:02Z,315.58
2026-08-03T09:02:03.051Z,315.58
2026-08-03T09:02:37.201Z,315.58
2026-08-03T09:02:41.141Z,315.58
2026-08-03T09:02:52.842Z,332.8
2026-08-03T09:03:12.868Z,332.8
2026-08-03T09:03:28.252Z,332.8
2026-08-03T09:03:43.049Z,337.36
2026-08-03T09:03:58.113Z,337.36
2026-08-03T09:04:13.477Z,343.14
2026-08-03T09:04:28.33Z,343.14
2026-08-03T09:04:43.667Z,343.14
2026-08-03T09:04:58.487Z,338.97
2026-08-03T09:05:14.073Z,338.97
2026-08-03T09:05:33.656Z,348.79
2026-08-03T09:05:48.741Z,348.79
2026-08-03T09:06:08.884Z,348.79
2026-08-03T09:06:23.895Z,326.59
2026-08-03T09:06:38.938Z,326.59
2026-08-03T09:06:54.066Z,331.44
2026-08-03T09:07:08Z,331.44
2026-08-03T09:07:09.134Z,331.44
2026-08-03T09:07:24.221Z,331.44
2026-08-03T09:07:39.339Z,324.8
2026-08-03T09:07:59.377Z,324.8
2026-08-03T09:08:14.457Z,265.3
2026-08-03T09:08:34.522Z,265.3
2026-08-03T09:08:54.594Z,265.3
2026-08-03T09:09:14.664Z,249.07
2026-08-03T09:09:29.753Z,249.07
2026-08-03T09:09:44.843Z,237.87
2026-08-03T09:10:02.147Z,237.87
2026-08-03T09:10:16.739Z,152.11
2026-08-03T09:10:30.282Z,128.49
2026-08-03T09:10:45.436Z,128.49
2026-08-03T09:11:00.387Z,128.49
2026-08-03T09:11:15.41Z,128.49
2026-08-03T09:11:30.502Z,163.6
2026-08-03T09:11:45.575Z,163.6
2026-08-03T09:12:02.655Z,163.6
2026-08-03T09:12:15Z,163.6
2026-08-03T09:12:15.735Z,163.6
2026-08-03T09:12:30.807Z,163.6
2026-08-03T09:12:45.875Z,101.71
2026-08-03T09:13:03.559Z,101.71
2026-08-03T09:13:16.038Z,101.71
2026-08-03T09:13:31.088Z,109.02
2026-08-03T09:13:46.203Z,109.02
2026-08-03T09:14:04.072Z,109.02
2026-08-03T09:14:17.333Z,109.02
2026-08-03T09:14:31.41Z,109.02
2026-08-03T09:14:46.493Z,222.9
2026-08-03T09:15:10.099Z,231.81
2026-08-03T09:15:16.849Z,231.81
2026-08-03T09:15:31.791Z,231.81
2026-08-03T09:15:46.835Z,231.81
2026-08-03T09:16:03.345Z,231.81
2026-08-03T09:16:17.046Z,292.75
2026-08-03T09:16:33.069Z,292.75
2026-08-03T09:16:47.304Z,292.75
2026-08-03T09:17:03.546Z,235.09
2026-08-03T09:17:16Z,235.09
2026-08-03T09:17:17.538Z,235.09
2026-08-03T09:17:35.434Z,235.09
2026-08-03T09:17:48.108Z,235.09
2026-08-03T09:18:03.393Z,180.62
2026-08-03T09:18:18.1Z,180.62
2026-08-03T09:18:33.23Z,131.2
2026-08-03T09:18:48.844Z,131.2
2026-08-03T09:19:03.51Z,131.2
2026-08-03T09:19:18.054Z,137.32
2026-08-03T09:19:34.099Z,131.87
2026-08-03T09:19:48.192Z,131.87
2026-08-03T09:20:11.359Z,131.87
2026-08-03T09:20:18.331Z,112.96
2026-08-03T09:20:33.434Z,112.96
2026-08-03T09:20:49.633Z,122.72
2026-08-03T09:21:03.569Z,122.72
2026-08-03T09:21:18.66Z,132.93
2026-08-03T09:21:38.717Z,132.93
2026-08-03T09:21:53.788Z,132.93
2026-08-03T09:22:08Z,168.43
2026-08-03T09:22:08.907Z,168.43
2026-08-03T09:22:34.576Z,168.43
2026-08-03T09:22:39.055Z,168.43
2026-08-03T09:22:54.209Z,234.35
2026-08-03T09:23:09.24Z,234.35
2026-08-03T09:23:24.329Z,234.35
2026-08-03T09:23:39.389Z,192.05
2026-08-03T09:23:54.692Z,192.05
2026-08-03T09:24:09.512Z,213.5
2026-08-03T09:24:24.619Z,213.5
2026-08-03T09:24:39.67Z,213.5
2026-08-03T09:24:54.748Z,213.5
2026-08-03T09:25:09.818Z,246.8
2026-08-03T09:25:26Z,246.8
2026-08-03T09:25:40.021Z,246.8
2026-08-03T09:25:55.053Z,227.75
2026-08-03T09:26:10.118Z,227.75
2026-08-03T09:26:25.489Z,227.75
2026-08-03T09:26:40.281Z,219.86
2026-08-03T09:26:55.341Z,219.86
2026-08-03T09:27:10Z,219.86
2026-08-03T09:27:10.423Z,219.86
2026-08-03T09:27:25.508Z,219.86
2026-08-03T09:27:40.577Z,218.65
2026-08-03T09:27:55.742Z,218.65
2026-08-03T09:28:10.842Z,218.65
2026-08-03T09:28:25.919Z,238.11
2026-08-03T09:28:41.069Z,238.11
2026-08-03T09:28:56.086Z,238.11
2026-08-03T09:29:11.118Z,250.22
2026-08-03T09:29:26.204Z,250.22
2026-08-03T09:29:41.275Z,250.22
2026-08-03T09:29:56.348Z,250.22
2026-08-03T09:30:12.525Z,269.62
2026-08-03T09:30:26.473Z,269.62
2026-08-03T09:30:41.572Z,269.62
2026-08-03T09:30:56.664Z,269.62
2026-08-03T09:31:16.749Z,269.34
2026-08-03T09:31:31.839Z,265.0
2026-08-03T09:31:46.875Z,265.0
2026-08-03T09:32:03.094Z,228.11
2026-08-03T09:32:16Z,228.11
2026-08-03T09:32:17.127Z,228.11
2026-08-03T09:32:32.189Z,228.11
2026-08-03T09:32:47.271Z,228.11
2026-08-03T09:33:02.776Z,228.11
2026-08-03T09:33:17.446Z,228.11
2026-08-03T09:33:33.736Z,228.11
2026-08-03T09:33:47.6Z,228.11
2026-08-03T09:34:04.347Z,216.84
2026-08-03T09:34:17.761Z,216.84
2026-08-03T09:34:32.846Z,216.84
2026-08-03T09:34:47.941Z,216.84
2026-08-03T09:35:11.892Z,216.84
2026-08-03T09:35:18.152Z,191.36
2026-08-03T09:35:33.157Z,199.77
2026-08-03T09:35:48.231Z,199.77
2026-08-03T09:36:03.323Z,217.84
2026-08-03T09:36:18.428Z,217.84
2026-08-03T09:36:35.239Z,210.87
2026-08-03T09:36:48.662Z,210.87
2026-08-03T09:37:03.789Z,210.87
2026-08-03T09:37:18Z,210.87
2026-08-03T09:37:18.855Z,210.87
2026-08-03T09:37:33.936Z,206.08
2026-08-03T09:37:49.019Z,206.08
2026-08-03T09:38:05.186Z,206.08
2026-08-03T09:38:19.119Z,206.08
2026-08-03T09:38:34.194Z,206.08
2026-08-03T09:38:49.26Z,208.64
2026-08-03T09:39:09.347Z,208.64
2026-08-03T09:39:24.435Z,204.65
2026-08-03T09:39:39.5Z,204.65
2026-08-03T09:39:54.58Z,204.65
2026-08-03T09:40:11.212Z,204.65
2026-08-03T09:40:25.874Z,232.36
2026-08-03T09:40:39.924Z,232.36
2026-08-03T09:40:54.99Z,234.62
2026-08-03T09:41:11.244Z,234.62
2026-08-03T09:41:25.149Z,234.62
2026-08-03T09:41:40.217Z,234.62
2026-08-03T09:41:55.319Z,301.21
2026-08-03T09:42:10.363Z,301.21
2026-08-03T09:42:25Z,301.21
2026-08-03T09:42:25.639Z,301.21
2026-08-03T09:42:40.521Z,316.45
2026-08-03T09:42:55.588Z,316.45
2026-08-03T09:43:10.672Z,325.01
2026-08-03T09:43:25.756Z,325.01
2026-08-03T09:43:40.857Z,325.01
2026-08-03T09:43:55.917Z,311.36
2026-08-03T09:44:10.964Z,302.9
2026-08-03T09:44:26.044Z,302.9
2026-08-03T09:44:41.263Z,302.9
2026-08-03T09:44:56.21Z,305.78
2026-08-03T09:45:12.509Z,305.78
2026-08-03T09:45:26.36Z,305.78
2026-08-03T09:45:41.417Z,305.78
2026-08-03T09:45:56.566Z,270.38
2026-08-03T09:46:11.602Z,295.29
2026-08-03T09:46:26.662Z,295.29
2026-08-03T09:46:41.721Z,295.29
2026-08-03T09:46:56.809Z,299.28
2026-08-03T09:47:11.901Z,299.28
2026-08-03T09:47:26Z,294.48
2026-08-03T09:47:26.971Z,294.48
2026-08-03T09:47:42.04Z,294.48
2026-08-03T09:47:57.129Z,294.48
2026-08-03T09:48:12.33Z,282.09
2026-08-03T09:48:27.386Z,282.09
2026-08-03T09:48:42.454Z,282.09
2026-08-03T09:48:57.542Z,282.09
2026-08-03T09:49:13.656Z,270.39
2026-08-03T09:49:28.918Z,270.39
2026-08-03T09:49:42.793Z,306.22
2026-08-03T09:49:57.846Z,306.22
2026-08-03T09:50:13.371Z,294.94
2026-08-03T09:50:28.038Z,294.94
2026-08-03T09:50:43.11Z,294.94
2026-08-03T09:50:58.166Z,253.16
2026-08-03T09:51:13.205Z,253.16
2026-08-03T09:51:28.3Z,253.16
2026-08-03T09:51:43.373Z,299.28
2026-08-03T09:51:59.216Z,299.28
2026-08-03T09:52:13.543Z,266.38
2026-08-03T09:52:28Z,266.38
2026-08-03T09:52:28.624Z,266.38
2026-08-03T09:52:44.224Z,290.73
2026-08-03T09:52:58.867Z,290.73
2026-08-03T09:53:13.957Z,290.73
2026-08-03T09:53:29.017Z,290.73
2026-08-03T09:53:45.231Z,290.76
2026-08-03T09:54:04.186Z,286.35
2026-08-03T09:54:19.252Z,286.35
2026-08-03T09:54:34.516Z,294.43
2026-08-03T09:54:49.413Z,294.43
2026-08-03T09:55:09.542Z,294.43
2026-08-03T09:55:19.535Z,290.48
2026-08-03T09:55:34.613Z,290.48
2026-08-03T09:55:50.381Z,290.48
2026-08-03T09:56:04.77Z,290.48
2026-08-03T09:56:19.855Z,290.48
2026-08-03T09:56:34.998Z,290.48
2026-08-03T09:56:50.061Z,300.83
2026-08-03T09:57:05.148Z,300.83
2026-08-03T09:57:19Z,300.83
2026-08-03T09:57:20.25Z,300.83
2026-08-03T09:57:35.272Z,300.83
2026-08-03T09:57:50.325Z,293.16
2026-08-03T09:58:05.414Z,293.16
2026-08-03T09:58:20.472Z,290.5
2026-08-03T09:58:35.554Z,290.5
2026-08-03T09:58:51.029Z,294.27
2026-08-03T09:59:05.766Z,294.27
2026-08-03T09:59:20.903Z,294.27
2026-08-03T09:59:35.976Z,301.11
2026-08-03T09:59:50.938Z,301.11
2026-08-03T10:00:09.605Z,301.11
2026-08-03T10:00:21.123Z,306.92
2026-08-03T10:00:36.196Z,306.92
2026-08-03T10:00:51.237Z,306.92
2026-08-03T10:01:06.321Z,306.92
2026-08-03T10:01:21.392Z,305.18
2026-08-03T10:01:36.585Z,304.28
2026-08-03T10:01:51.568Z,304.28
2026-08-03T10:02:06.656Z,304.28
2026-08-03T10:02:21Z,303.1
2026-08-03T10:02:21.726Z,303.1
2026-08-03T10:02:36.854Z,303.1
2026-08-03T10:02:51.953Z,303.1
2026-08-03T10:03:06.965Z,303.1
2026-08-03T10:03:22.046Z,300.61
2026-08-03T10:03:37.154Z,258.67
2026-08-03T10:03:52.202Z,258.67
2026-08-03T10:04:07.287Z,245.71
2026-08-03T10:04:22.349Z,245.71
2026-08-03T10:04:37.451Z,245.71
2026-08-03T10:04:53.566Z,245.71
2026-08-03T10:05:11.082Z,302.97
2026-08-03T10:05:22.689Z,302.97
2026-08-03T10:05:37.773Z,302.93
2026-08-03T10:05:52.848Z,302.93
2026-08-03T10:06:07.95Z,303.1
2026-08-03T10:06:22.998Z,303.1
2026-08-03T10:06:38.08Z,303.1
2026-08-03T10:06:53.293Z,306.26
2026-08-03T10:07:08.627Z,306.26
2026-08-03T10:07:22Z,306.84
2026-08-03T10:07:23.306Z,306.84
2026-08-03T10:07:38.392Z,306.84
2026-08-03T10:07:53.509Z,306.84
2026-08-03T10:08:09.713Z,306.84
2026-08-03T10:08:23.701Z,306.84
2026-08-03T10:08:38.719Z,306.84
2026-08-03T10:08:53.807Z,306.84
2026-08-03T10:09:08.882Z,306.84
2026-08-03T10:09:24.193Z,306.84
2026-08-03T10:09:39.04Z,311.97
2026-08-03T10:09:54.127Z,313.01
2026-08-03T10:10:12.227Z,313.01
2026-08-03T10:10:24.317Z,313.01
2026-08-03T10:10:39.359Z,313.01
2026-08-03T10:10:54.426Z,313.01
2026-08-03T10:11:09.525Z,316.92
2026-08-03T10:11:24.623Z,316.92
2026-08-03T10:11:39.707Z,316.92
2026-08-03T10:11:54.831Z,317.98
2026-08-03T10:12:09.909Z,317.98
2026-08-03T10:12:24Z,318.37
2026-08-03T10:12:24.985Z,318.37
2026-08-03T10:12:40.1Z,318.37
2026-08-03T10:12:55.147Z,318.78
2026-08-03T10:13:10.253Z,318.78
2026-08-03T10:13:25.324Z,315.95
2026-08-03T10:13:40.392Z,315.95
2026-08-03T10:13:56.39Z,323.32
2026-08-03T10:14:10.696Z,323.32
2026-08-03T10:14:25.775Z,324.94
2026-08-03T10:14:40.836Z,324.94
2026-08-03T10:14:55.937Z,324.94
2026-08-03T10:15:14.388Z,306.94
2026-08-03T10:15:26.113Z,306.94
2026-08-03T10:15:41.165Z,312.67
2026-08-03T10:15:56.259Z,312.67
2026-08-03T10:16:12.071Z,312.67
2026-08-03T10:16:26.453Z,312.67
2026-08-03T10:16:41.553Z,314.14
2026-08-03T10:16:56.626Z,314.14
2026-08-03T10:17:11.677Z,314.14
2026-08-03T10:17:26Z,302.64
2026-08-03T10:17:26.761Z,302.64
2026-08-03T10:18:02.085Z,302.64
2026-08-03T10:18:05.581Z,311.86
2026-08-03T10:18:11.985Z,311.86
2026-08-03T10:18:27.063Z,311.86
2026-08-03T10:18:42.293Z,311.86
2026-08-03T10:18:57.359Z,321.22
2026-08-03T10:19:12.555Z,321.22
2026-08-03T10:19:27.602Z,321.22
2026-08-03T10:19:42.601Z,321.22
2026-08-03T10:19:57.712Z,323.9
2026-08-03T10:20:13.612Z,322.96
2026-08-03T10:20:27.9Z,322.96
2026-08-03T10:20:42.977Z,322.96
2026-08-03T10:20:58.073Z,322.96
2026-08-03T10:21:13.146Z,322.15
2026-08-03T10:21:28.288Z,322.15
2026-08-03T10:21:43.311Z,322.15
2026-08-03T10:21:58.443Z,322.15
2026-08-03T10:22:13.467Z,321.94
2026-08-03T10:22:28Z,321.94
2026-08-03T10:22:28.556Z,321.94
2026-08-03T10:22:44.564Z,321.94
2026-08-03T10:22:58.771Z,323.18
2026-08-03T10:23:13.795Z,321.47
2026-08-03T10:23:28.882Z,321.47
2026-08-03T10:23:43.963Z,319.02
2026-08-03T10:23:59.025Z,319.02
2026-08-03T10:24:14.152Z,319.02
2026-08-03T10:24:30.147Z,317.87
2026-08-03T10:24:44.353Z,317.87
2026-08-03T10:24:59.366Z,317.87
2026-08-03T10:25:14.442Z,313.4
2026-08-03T10:25:29.565Z,313.4
2026-08-03T10:25:45.576Z,310.07
2026-08-03T10:25:59.677Z,310.07
2026-08-03T10:26:14.759Z,310.07
2026-08-03T10:26:29.841Z,310.07
2026-08-03T10:26:44.924Z,310.07
2026-08-03T10:26:59.991Z,316.81
2026-08-03T10:27:16.011Z,316.81
2026-08-03T10:27:29Z,316.81
2026-08-03T10:27:30.147Z,316.81
2026-08-03T10:27:45.219Z,324.02
2026-08-03T10:28:00.389Z,324.02
2026-08-03T10:28:15.491Z,330.3
2026-08-03T10:28:30.499Z,330.3
2026-08-03T10:28:45.599Z,330.3
2026-08-03T10:29:02.663Z,338.29
2026-08-03T10:29:16.525Z,338.29
2026-08-03T10:29:30.861Z,338.29
2026-08-03T10:29:45.987Z,322.47
2026-08-03T10:30:10.566Z,322.47
2026-08-03T10:30:16.731Z,326.17
2026-08-03T10:30:31.15Z,326.17
2026-08-03T10:30:46.25Z,334.31
2026-08-03T10:31:03.802Z,334.31
2026-08-03T10:31:16.696Z,334.31
2026-08-03T10:31:31.635Z,334.31
2026-08-03T10:31:46.757Z,334.31
2026-08-03T10:32:02.811Z,332.76
2026-08-03T10:32:16.892Z,339.38
2026-08-03T10:32:31Z,339.38
2026-08-03T10:32:32.008Z,339.38
2026-08-03T10:33:08.402Z,340.98
2026-08-03T10:33:12.679Z,340.98
2026-08-03T10:33:17.328Z,339.86
2026-08-03T10:33:32.416Z,339.86
2026-08-03T10:33:47.456Z,333.06
2026-08-03T10:34:04.809Z,333.06
2026-08-03T10:34:17.677Z,345.58
2026-08-03T10:34:33.342Z,341.87
2026-08-03T10:34:47.794Z,341.87
2026-08-03T10:35:10.991Z,341.87
2026-08-03T10:35:17.983Z,341.87
2026-08-03T10:35:33.089Z,333.24
2026-08-03T10:35:48.166Z,346.04
2026-08-03T10:36:03.355Z,346.04
2026-08-03T10:36:18.422Z,346.04
2026-08-03T10:36:33.504Z,336.39
2026-08-03T10:36:48.587Z,336.39
2026-08-03T10:37:03.681Z,343.93
2026-08-03T10:37:18.786Z,343.93
2026-08-03T10:37:33Z,340.99
2026-08-03T10:37:33.894Z,340.99
2026-08-03T10:37:49.02Z,340.99
2026-08-03T10:38:04.051Z,334.0
2026-08-03T10:38:19.144Z,334.0
2026-08-03T10:38:34.269Z,257.18
2026-08-03T10:38:49.348Z,257.18
2026-08-03T10:39:04.473Z,257.18
2026-08-03T10:39:19.521Z,257.18
2026-08-03T10:39:34.615Z,254.51
2026-08-03T10:39:49.709Z,212.55
2026-08-03T10:40:13.201Z,212.55
2026-08-03T10:40:19.874Z,228.76
2026-08-03T10:40:36.801Z,228.76
2026-08-03T10:40:50.074Z,228.76
2026-08-03T10:41:05.176Z,228.76
2026-08-03T10:41:20.263Z,228.76
2026-08-03T10:41:35.366Z,250.86
2026-08-03T10:41:50.461Z,250.86
2026-08-03T10:42:05.538Z,257.48
2026-08-03T10:42:20.635Z,254.71
2026-08-03T10:42:35Z,254.71
2026-08-03T10:42:35.741Z,254.71
2026-08-03T10:42:50.818Z,256.06
2026-08-03T10:43:05.902Z,256.06
2026-08-03T10:43:21.694Z,256.06
2026-08-03T10:43:36.128Z,264.77
2026-08-03T10:43:51.27Z,264.77
2026-08-03T10:44:06.398Z,290.28
2026-08-03T10:44:21.372Z,290.28
2026-08-03T10:44:36.857Z,290.28
2026-08-03T10:44:51.543Z,290.28
2026-08-03T10:45:12.948Z,343.85
2026-08-03T10:45:21.733Z,351.56
2026-08-03T10:45:38.129Z,351.56
2026-08-03T10:45:51.944Z,355.78
2026-08-03T10:46:07.036Z,355.78
2026-08-03T10:46:22.134Z,362.33
2026-08-03T10:46:38.534Z,362.33
2026-08-03T10:46:52.316Z,367.71
2026-08-03T10:47:07.401Z,367.71
2026-08-03T10:47:22.822Z,370.42
2026-08-03T10:47:37Z,370.42
2026-08-03T10:47:37.582Z,370.42
2026-08-03T10:47:52.695Z,370.42
2026-08-03T10:48:07.782Z,376.12
2026-08-03T10:48:23.909Z,376.12
2026-08-03T10:48:38.011Z,377.64
2026-08-03T10:48:53.243Z,377.64
2026-08-03T10:49:08.373Z,380.94
2026-08-03T10:49:23.276Z,380.94
2026-08-03T10:49:38.897Z,382.46
2026-08-03T10:49:53.527Z,382.46
2026-08-03T10:50:11.747Z,382.01
2026-08-03T10:50:23.767Z,382.01
2026-08-03T10:50:38.885Z,382.01
2026-08-03T10:50:54.169Z,382.01
2026-08-03T10:51:09.005Z,382.01
2026-08-03T10:51:24.09Z,382.01
2026-08-03T10:51:39.275Z,382.01
2026-08-03T10:51:54.907Z,391.82
2026-08-03T10:52:09.639Z,391.82
2026-08-03T10:52:24.477Z,392.2
2026-08-03T10:52:39Z,392.2
2026-08-03T10:52:39.56Z,392.2
2026-08-03T10:52:56.958Z,392.07
2026-08-03T10:53:09.864Z,392.07
2026-08-03T10:53:24.969Z,392.07
2026-08-03T10:53:40.07Z,394.28
2026-08-03T10:53:55.168Z,394.28
2026-08-03T10:54:11.452Z,394.28
2026-08-03T10:54:25.345Z,393.85
2026-08-03T10:54:40.481Z,393.85
2026-08-03T10:54:55.515Z,383.26
2026-08-03T10:55:10.607Z,383.26
2026-08-03T10:55:25.701Z,383.26
2026-08-03T10:55:40.872Z,394.34
2026-08-03T10:55:55.942Z,394.34
2026-08-03T10:56:11.043Z,394.34
2026-08-03T10:56:26.858Z,394.34
2026-08-03T10:56:41.236Z,393.47
2026-08-03T10:56:56.324Z,393.47
2026-08-03T10:57:11.41Z,393.47
2026-08-03T10:57:26.659Z,393.47
2026-08-03T10:57:41Z,371.7
2026-08-03T10:57:41.855Z,371.7
2026-08-03T10:57:56.956Z,371.7
2026-08-03T10:58:12.085Z,371.7
2026-08-03T10:58:27.15Z,412.61
2026-08-03T10:58:42.975Z,412.61
2026-08-03T10:58:57.33Z,412.61
2026-08-03T10:59:12.405Z,400.32
2026-08-03T10:59:27.514Z,390.9
2026-08-03T10:59:42.698Z,390.9
2026-08-03T10:59:57.795Z,390.9
2026-08-03T11:00:12.888Z,390.9
2026-08-03T11:00:28.018Z,331.56
2026-08-03T11:00:43.07Z,331.56
2026-08-03T11:00:58.176Z,288.95
2026-08-03T11:01:13.277Z,288.95
2026-08-03T11:01:28.357Z,288.95
2026-08-03T11:01:43.525Z,271.92
2026-08-03T11:01:58.543Z,241.66
2026-08-03T11:02:13.634Z,241.66
2026-08-03T11:02:28.726Z,241.66
2026-08-03T11:02:43Z,332.16
2026-08-03T11:02:43.852Z,332.16
2026-08-03T11:03:00.225Z,332.16
2026-08-03T11:03:14.315Z,332.16
2026-08-03T11:03:29.261Z,318.14
2026-08-03T11:03:44.456Z,318.14
2026-08-03T11:03:59.751Z,310.45
2026-08-03T11:04:15.008Z,310.45
2026-08-03T11:04:29.628Z,310.45
2026-08-03T11:04:44.725Z,333.04
2026-08-03T11:05:00.342Z,333.04
2026-08-03T11:05:15.058Z,335.13
2026-08-03T11:05:29.985Z,335.13
2026-08-03T11:05:45.085Z,310.14
2026-08-03T11:06:00.154Z,310.14
2026-08-03T11:06:15.266Z,327.74
2026-08-03T11:06:30.383Z,327.74
2026-08-03T11:06:45.494Z,350.45
2026-08-03T11:07:02.598Z,350.45
2026-08-03T11:07:15.668Z,305.1
2026-08-03T11:07:30.755Z,305.1
2026-08-03T11:07:45Z,222.34
2026-08-03T11:07:45.859Z,222.34
2026-08-03T11:08:21.442Z,222.34
2026-08-03T11:08:25.825Z,264.62
2026-08-03T11:08:31.212Z,264.62
2026-08-03T11:08:46.314Z,272.85
2026-08-03T11:09:02.547Z,272.85
2026-08-03T11:09:16.549Z,272.85
2026-08-03T11:09:31.644Z,272.85
2026-08-03T11:09:46.729Z,269.66
2026-08-03T11:10:10.127Z,269.66
2026-08-03T11:10:16.921Z,269.66
2026-08-03T11:10:32.205Z,269.66
2026-08-03T11:10:47.224Z,344.96
2026-08-03T11:11:02.962Z,344.96
2026-08-03T11:11:17.365Z,344.96
2026-08-03T11:11:32.435Z,326.31
2026-08-03T11:11:47.558Z,326.31
2026-08-03T11:12:02.745Z,373.02
2026-08-03T11:12:17.76Z,373.02
2026-08-03T11:12:32.931Z,373.02
2026-08-03T11:12:47Z,330.92
2026-08-03T11:12:48.021Z,330.92
2026-08-03T11:13:03.107Z,330.92
2026-08-03T11:13:18.127Z,329.86
2026-08-03T11:13:33.237Z,329.86
2026-08-03T11:13:48.324Z,329.86
2026-08-03T11:14:03.431Z,259.42
2026-08-03T11:14:19.824Z,259.42
2026-08-03T11:14:33.652Z,330.96
2026-08-03T11:14:48.685Z,330.96
2026-08-03T11:15:09.334Z,329.45
2026-08-03T11:15:18.9Z,329.45
2026-08-03T11:15:34.007Z,345.47
2026-08-03T11:15:49.102Z,345.47
2026-08-03T11:16:04.143Z,385.65
2026-08-03T11:16:19.255Z,385.65
2026-08-03T11:16:34.359Z,385.65
2026-08-03T11:16:49.426Z,359.72
2026-08-03T11:17:04.558Z,359.72
2026-08-03T11:17:21.462Z,359.72
2026-08-03T11:17:34.754Z,359.72
2026-08-03T11:17:49Z,411.62
2026-08-03T11:17:49.889Z,411.62
2026-08-03T11:18:17.423Z,411.62
2026-08-03T11:18:23.134Z,411.62
2026-08-03T11:18:35.397Z,240.62
2026-08-03T11:18:50.359Z,240.62
2026-08-03T11:19:05.448Z,240.62
2026-08-03T11:19:20.57Z,355.31
2026-08-03T11:19:35.639Z,355.31
2026-08-03T11:19:50.768Z,347.61
2026-08-03T11:20:11.456Z,199.33
2026-08-03T11:20:20.99Z,199.33
2026-08-03T11:20:36.124Z,199.33
2026-08-03T11:20:51.308Z,199.33
2026-08-03T11:21:06.325Z,199.33
2026-08-03T11:21:21.489Z,199.33
2026-08-03T11:21:38.813Z,304.88
2026-08-03T11:21:51.701Z,304.88
2026-08-03T11:22:06.788Z,304.88
2026-08-03T11:22:21.849Z,304.88
2026-08-03T11:22:36.896Z,298.46
2026-08-03T11:22:51Z,298.46
2026-08-03T11:22:52.032Z,298.46
2026-08-03T11:23:16.537Z,298.46
2026-08-03T11:23:22.206Z,298.46
2026-08-03T11:23:37.272Z,311.87
2026-08-03T11:23:52.637Z,311.87
2026-08-03T11:24:07.451Z,311.87
2026-08-03T11:24:22.552Z,334.66
2026-08-03T11:24:37.698Z,334.66
2026-08-03T11:24:52.745Z,330.17
2026-08-03T11:25:09.251Z,330.17
2026-08-03T11:25:22.938Z,340.58
2026-08-03T11:25:38.035Z,340.58
2026-08-03T11:25:53.114Z,349.87
2026-08-03T11:26:08.213Z,349.87
2026-08-03T11:26:23.31Z,349.87
2026-08-03T11:26:38.414Z,355.41
2026-08-03T11:26:53.511Z,355.41
2026-08-03T11:27:09.094Z,355.41
2026-08-03T11:27:23.72Z,359.76
2026-08-03T11:27:38.801Z,359.76
2026-08-03T11:27:53Z,359.76
2026-08-03T11:27:53.898Z,359.76
2026-08-03T11:28:09.45Z,359.76
2026-08-03T11:28:24.368Z,377.02
2026-08-03T11:28:39.287Z,377.02
2026-08-03T11:28:54.398Z,377.02
2026-08-03T11:29:09.49Z,377.02
2026-08-03T11:29:24.575Z,365.3
2026-08-03T11:29:39.969Z,365.3
2026-08-03T11:29:54.753Z,365.3
2026-08-03T11:30:12.518Z,361.47
2026-08-03T11:30:24.958Z,361.47
2026-08-03T11:30:41.748Z,361.47
2026-08-03T11:30:55.306Z,363.86
2026-08-03T11:31:10.386Z,363.86
2026-08-03T11:31:25.468Z,363.86
2026-08-03T11:31:40.602Z,363.86
2026-08-03T11:31:55.958Z,363.86
2026-08-03T11:32:10.793Z,342.56
2026-08-03T11:32:25.924Z,342.56
2026-08-03T11:32:40.952Z,342.56
2026-08-03T11:32:55Z,352.08
2026-08-03T11:32:56.071Z,352.08
2026-08-03T11:33:11.423Z,352.08
2026-08-03T11:33:26.288Z,352.08
2026-08-03T11:33:41.368Z,347.63
2026-08-03T11:33:56.706Z,347.63
2026-08-03T11:34:12.812Z,347.63
2026-08-03T11:34:26.67Z,347.63
2026-08-03T11:34:41.756Z,357.5
2026-08-03T11:34:57.892Z,352.72
2026-08-03T11:35:12.326Z,352.72
2026-08-03T11:35:27.078Z,347.65
2026-08-03T11:35:42.275Z,364.28
2026-08-03T11:35:57.229Z,364.28
2026-08-03T11:36:12.385Z,341.07
2026-08-03T11:36:27.45Z,341.07
2026-08-03T11:36:42.51Z,319.51
2026-08-03T11:36:57.621Z,319.51
2026-08-03T11:37:12.75Z,322.15
2026-08-03T11:37:27.838Z,322.15
2026-08-03T11:37:42.917Z,322.15
2026-08-03T11:37:57Z,351.98
2026-08-03T11:37:58.489Z,351.98
2026-08-03T11:38:13.103Z,351.98
2026-08-03T11:38:28.194Z,351.98
2026-08-03T11:38:43.269Z,351.98
2026-08-03T11:38:58.397Z,324.4
2026-08-03T11:39:13.545Z,324.4
2026-08-03T11:39:28.75Z,324.4
2026-08-03T11:39:43.87Z,335.25
2026-08-03T11:39:59.152Z,335.25
2026-08-03T11:40:14.029Z,335.25
2026-08-03T11:40:29.138Z,327.79
2026-08-03T11:40:44.213Z,327.79
2026-08-03T11:40:59.337Z,327.79
2026-08-03T11:41:14.432Z,328.81
2026-08-03T11:41:29.539Z,328.81
2026-08-03T11:41:44.589Z,328.81
2026-08-03T11:41:59.701Z,331.43
2026-08-03T11:42:14.795Z,331.43
2026-08-03T11:42:29.89Z,331.43
2026-08-03T11:42:44.996Z,331.43
2026-08-03T11:42:59Z,338.56
2026-08-03T11:43:00.106Z,338.56
2026-08-03T11:43:15.428Z,339.01
2026-08-03T11:43:30.769Z,339.01
2026-08-03T11:43:46.086Z,339.01
2026-08-03T11:44:00.472Z,339.01
2026-08-03T11:44:15.576Z,319.25
2026-08-03T11:44:30.673Z,310.26
2026-08-03T11:44:45.816Z,310.26
2026-08-03T11:45:10.359Z,328.76
2026-08-03T11:45:16.092Z,328.76
2026-08-03T11:45:31.138Z,328.76
2026-08-03T11:45:46.247Z,333.1
2026-08-03T11:46:03.172Z,333.1
2026-08-03T11:46:16.949Z,332.21
2026-08-03T11:46:31.509Z,332.21
2026-08-03T11:46:46.599Z,332.21
2026-08-03T11:47:02.723Z,298.19
2026-08-03T11:47:16.795Z,298.19
2026-08-03T11:47:32.016Z,242.8
2026-08-03T11:47:47.314Z,242.8
2026-08-03T11:48:01Z,181.31
2026-08-03T11:48:02.504Z,181.31
2026-08-03T11:48:39.631Z,181.31
2026-08-03T11:48:43.407Z,181.31
2026-08-03T11:48:47.911Z,181.31
2026-08-03T11:49:02.748Z,181.31
2026-08-03T11:49:17.657Z,187.53
2026-08-03T11:49:32.787Z,187.53
2026-08-03T11:49:47.916Z,187.53
2026-08-03T11:50:11.188Z,263.6
2026-08-03T11:50:18.087Z,263.6
2026-08-03T11:50:33.222Z,296.52
2026-08-03T11:50:48.344Z,296.52
2026-08-03T11:51:04.055Z,296.52
2026-08-03T11:51:18.503Z,296.52
2026-08-03T11:51:33.621Z,296.52
2026-08-03T11:51:48.7Z,296.52
2026-08-03T11:52:03.787Z,274.23
2026-08-03T11:52:19.381Z,274.23
2026-08-03T11:52:34.094Z,301.85
2026-08-03T11:52:49.191Z,266.34
2026-08-03T11:53:03Z,266.34
2026-08-03T11:53:04.289Z,266.34
2026-08-03T11:53:19.417Z,266.34
2026-08-03T11:53:34.494Z,317.71
2026-08-03T11:53:49.539Z,317.71
2026-08-03T11:54:04.636Z,317.71
2026-08-03T11:54:19.792Z,317.71
2026-08-03T11:54:35.089Z,335.8
2026-08-03T11:54:49.944Z,335.8
2026-08-03T11:55:12.714Z,303.81
2026-08-03T11:55:20.159Z,271.35
2026-08-03T11:55:35.881Z,271.35
2026-08-03T11:55:50.336Z,271.35
2026-08-03T11:56:05.424Z,271.35
2026-08-03T11:56:20.513Z,379.28
2026-08-03T11:56:35.607Z,379.28
2026-08-03T11:56:51.566Z,379.28
2026-08-03T11:57:05.794Z,410.55
2026-08-03T11:57:21.258Z,410.55
2026-08-03T11:57:35.98Z,410.55
2026-08-03T11:57:51.137Z,410.55
2026-08-03T11:58:05Z,433.95
2026-08-03T11:58:06.289Z,433.95
2026-08-03T11:58:33.081Z,433.95
2026-08-03T11:58:38.569Z,464.8
2026-08-03T11:58:51.628Z,464.8
2026-08-03T11:59:06.735Z,464.8
2026-08-03T11:59:21.807Z,467.56
2026-08-03T11:59:36.903Z,464.03
2026-08-03T11:59:52.305Z,464.03
2026-08-03T12:00:11.83Z,464.03
2026-08-03T12:00:22.313Z,461.71
2026-08-03T12:00:37.466Z,461.71
2026-08-03T12:00:52.486Z,461.71
2026-08-03T12:01:07.577Z,461.71
2026-08-03T12:01:22.679Z,461.71
2026-08-03T12:01:37.785Z,472.44
2026-08-03T12:01:52.872Z,472.44
2026-08-03T12:02:07.974Z,472.44
2026-08-03T12:02:23.286Z,472.44
2026-08-03T12:02:38.259Z,485.55
2026-08-03T12:02:53.378Z,485.55
2026-08-03T12:03:08Z,485.55
2026-08-03T12:03:08.543Z,485.55
2026-08-03T12:03:35.67Z,485.55
2026-08-03T12:03:38.863Z,485.55
2026-08-03T12:03:53.843Z,491.6
2026-08-03T12:04:08.921Z,491.6
2026-08-03T12:04:24.084Z,475.04
2026-08-03T12:04:39.154Z,475.04
2026-08-03T12:04:54.301Z,471.53
2026-08-03T12:05:11.983Z,471.53
2026-08-03T12:05:24.454Z,471.53
2026-08-03T12:05:39.59Z,329.64
2026-08-03T12:05:54.672Z,329.64
2026-08-03T12:06:09.779Z,357.54
2026-08-03T12:06:24.878Z,357.54
2026-08-03T12:06:41.219Z,357.54
2026-08-03T12:06:55.143Z,357.54
2026-08-03T12:07:10.322Z,316.23
2026-08-03T12:07:25.421Z,316.23
2026-08-03T12:07:40.497Z,316.23
2026-08-03T12:07:55.582Z,316.23
2026-08-03T12:08:10Z,253.33
2026-08-03T12:08:10.749Z,253.33
2026-08-03T12:08:26.618Z,205.83
2026-08-03T12:08:40.876Z,205.83
2026-08-03T12:08:55.977Z,192.58
2026-08-03T12:09:11.079Z,192.58
2026-08-03T12:09:26.179Z,192.58
2026-08-03T12:09:41.273Z,202.64
2026-08-03T12:09:56.427Z,202.64
2026-08-03T12:10:13.16Z,202.64
2026-08-03T12:10:26.568Z,202.64
2026-08-03T12:10:41.679Z,202.64
2026-08-03T12:10:56.821Z,202.64
2026-08-03T12:11:11.877Z,246.61
2026-08-03T12:11:26.976Z,268.7
2026-08-03T12:11:42.705Z,268.7
2026-08-03T12:11:57.164Z,288.98
2026-08-03T12:12:12.278Z,288.98
2026-08-03T12:12:27.364Z,288.98
2026-08-03T12:12:42.456Z,200.2
2026-08-03T12:12:57.545Z,200.2
2026-08-03T12:13:12Z,174.87
2026-08-03T12:13:12.661Z,174.87
2026-08-03T12:13:27.765Z,174.87
2026-08-03T12:13:42.855Z,174.87
2026-08-03T12:14:00.62Z,174.87
2026-08-03T12:14:13.161Z,174.87
2026-08-03T12:14:28.271Z,175.72
2026-08-03T12:14:43.417Z,175.72
2026-08-03T12:14:58.727Z,175.72
2026-08-03T12:15:13.776Z,178.65
2026-08-03T12:15:28.848Z,178.65
2026-08-03T12:15:44.064Z,186.12
2026-08-03T12:15:59.212Z,186.12
2026-08-03T12:16:14.254Z,196.43
2026-08-03T12:16:29.281Z,196.43
2026-08-03T12:16:44.38Z,196.43
2026-08-03T12:16:59.559Z,196.43
2026-08-03T12:17:14.597Z,217.21
2026-08-03T12:17:29.726Z,217.21
2026-08-03T12:17:44.784Z,245.83
2026-08-03T12:17:59.884Z,245.83
2026-08-03T12:18:14Z,251.08
2026-08-03T12:18:14.994Z,251.08
2026-08-03T12:18:30.108Z,251.08
2026-08-03T12:18:45.359Z,292.41
2026-08-03T12:19:00.26Z,292.41
2026-08-03T12:19:15.68Z,292.41
2026-08-03T12:19:30.499Z,292.41
2026-08-03T12:19:45.668Z,292.41
2026-08-03T12:20:02.91Z,292.41
2026-08-03T12:20:15.831Z,359.9
2026-08-03T12:20:30.95Z,359.9
2026-08-03T12:20:46.039Z,359.9
2026-08-03T12:21:02.677Z,359.9
2026-08-03T12:21:17.575Z,359.9
2026-08-03T12:21:32.071Z,340.98
2026-08-03T12:21:46.683Z,340.98
2026-08-03T12:22:02.453Z,340.98
2026-08-03T12:22:16.892Z,340.98
2026-08-03T12:22:32.082Z,340.98
2026-08-03T12:22:47.744Z,340.98
2026-08-03T12:23:02.715Z,269.93
2026-08-03T12:23:16Z,269.93
2026-08-03T12:23:17.269Z,269.93
2026-08-03T12:23:32.441Z,269.79
2026-08-03T12:23:48.307Z,269.79
2026-08-03T12:24:02.585Z,247.02
2026-08-03T12:24:17.646Z,247.02
2026-08-03T12:24:32.746Z,247.02
2026-08-03T12:24:47.869Z,247.02
2026-08-03T12:25:09.275Z,247.02
2026-08-03T12:25:18.103Z,245.45
2026-08-03T12:25:33.221Z,245.45
2026-08-03T12:25:48.285Z,245.45
2026-08-03T12:26:03.411Z,245.45
2026-08-03T12:26:18.444Z,245.45
2026-08-03T12:26:34.534Z,245.45
2026-08-03T12:26:48.638Z,272.86
2026-08-03T12:27:03.745Z,272.86
2026-08-03T12:27:18.862Z,272.86
2026-08-03T12:27:34.176Z,292.91
2026-08-03T12:27:49.496Z,292.91
2026-08-03T12:28:04.196Z,292.91
2026-08-03T12:28:18Z,366.62
2026-08-03T12:28:19.363Z,366.62
2026-08-03T12:28:35.791Z,366.62
2026-08-03T12:28:49.484Z,366.62
2026-08-03T12:29:04.651Z,496.74
2026-08-03T12:29:20.024Z,496.74
2026-08-03T12:29:35.111Z,419.42
2026-08-03T12:29:50.16Z,419.42
2026-08-03T12:30:13.983Z,419.42
2026-08-03T12:30:20.262Z,419.42
2026-08-03T12:30:35.303Z,419.42
2026-08-03T12:30:50.401Z,251.5
2026-08-03T12:31:05.498Z,251.5
2026-08-03T12:31:22.642Z,251.5
2026-08-03T12:31:35.685Z,251.5
2026-08-03T12:31:50.785Z,244.17
2026-08-03T12:32:05.894Z,244.17
2026-08-03T12:32:21.038Z,233.15
2026-08-03T12:32:36.236Z,233.15
2026-08-03T12:32:51.374Z,232.24
2026-08-03T12:33:06.424Z,232.24
2026-08-03T12:33:21Z,228.1
2026-08-03T12:33:21.645Z,228.1
2026-08-03T12:34:00.549Z,228.1
2026-08-03T12:34:04.667Z,227.25
2026-08-03T12:34:08.054Z,227.25
2026-08-03T12:34:22.156Z,227.25
2026-08-03T12:34:37.263Z,216.59
2026-08-03T12:34:52.376Z,216.59
2026-08-03T12:35:11.628Z,203.57
2026-08-03T12:35:22.595Z,203.57
2026-08-03T12:35:37.708Z,203.57
2026-08-03T12:35:52.865Z,203.57
2026-08-03T12:36:08.007Z,203.57
2026-08-03T12:36:23.105Z,208.57
2026-08-03T12:36:38.236Z,208.57
2026-08-03T12:36:53.332Z,206.09
2026-08-03T12:37:08.394Z,206.09
2026-08-03T12:37:23.504Z,203.88
2026-08-03T12:37:38.604Z,203.88
2026-08-03T12:37:53.727Z,203.88
2026-08-03T12:38:08.845Z,206.72
2026-08-03T12:38:23Z,206.72
2026-08-03T12:38:23.94Z,206.72
2026-08-03T12:38:40.882Z,206.72
2026-08-03T12:38:54.327Z,218.99
2026-08-03T12:39:09.396Z,218.99
2026-08-03T12:39:24.462Z,218.99
2026-08-03T12:39:39.56Z,193.74
2026-08-03T12:39:55.164Z,193.74
2026-08-03T12:40:09.864Z,193.57
2026-08-03T12:40:25.825Z,193.57
2026-08-03T12:40:40.036Z,192.27
2026-08-03T12:40:55.52Z,192.27
2026-08-03T12:41:10.219Z,187.24
2026-08-03T12:41:25.306Z,187.24
2026-08-03T12:41:40.423Z,187.24
2026-08-03T12:41:56.95Z,187.24
2026-08-03T12:42:10.764Z,186.25
2026-08-03T12:42:25.892Z,186.25
2026-08-03T12:42:41.018Z,191.82
2026-08-03T12:42:56.627Z,191.82
2026-08-03T12:43:11.124Z,191.82
2026-08-03T12:43:25Z,191.82
2026-08-03T12:43:26.222Z,191.82
2026-08-03T12:43:41.313Z,191.82
2026-08-03T12:43:56.43Z,201.51
2026-08-03T12:44:11.532Z,201.51
2026-08-03T12:44:26.75Z,195.47
2026-08-03T12:44:41.739Z,195.47
2026-08-03T12:44:56.818Z,195.41
2026-08-03T12:45:11.99Z,195.41
2026-08-03T12:45:27.059Z,195.41
2026-08-03T12:45:42.224Z,201.9
2026-08-03T12:45:57.248Z,201.9
2026-08-03T12:46:12.465Z,201.9
2026-08-03T12:46:27.448Z,201.9
2026-08-03T12:46:42.55Z,201.9
2026-08-03T12:46:58.614Z,190.46
2026-08-03T12:47:12.786Z,190.46
2026-08-03T12:47:28.184Z,190.46
2026-08-03T12:47:43.034Z,193.6
2026-08-03T12:47:58.132Z,193.6
2026-08-03T12:48:14.216Z,193.6
2026-08-03T12:48:27Z,206.8
2026-08-03T12:48:28.323Z,206.8
2026-08-03T12:48:58.409Z,206.8
2026-08-03T12:49:04.534Z,206.8
2026-08-03T12:49:13.672Z,206.8
2026-08-03T12:49:29.097Z,208.92
2026-08-03T12:49:43.799Z,208.92
2026-08-03T12:49:58.938Z,208.92
2026-08-03T12:50:14.406Z,200.14
2026-08-03T12:50:29.11Z,200.14
2026-08-03T12:50:44.184Z,191.2
2026-08-03T12:50:59.845Z,191.2
2026-08-03T12:51:14.488Z,179.17
2026-08-03T12:51:29.589Z,179.17
2026-08-03T12:51:45.229Z,179.17
2026-08-03T12:51:59.825Z,179.17
2026-08-03T12:52:14.927Z,166.95
2026-08-03T12:52:30.02Z,166.88
2026-08-03T12:52:46.559Z,166.88
2026-08-03T12:53:00.194Z,166.88
2026-08-03T12:53:15.297Z,168.59
2026-08-03T12:53:29Z,168.59
2026-08-03T12:53:30.389Z,168.59
2026-08-03T12:53:54.048Z,168.59
2026-08-03T12:54:00.598Z,159.37
2026-08-03T12:54:15.677Z,159.37
2026-08-03T12:54:31.209Z,159.37
2026-08-03T12:54:46.903Z,150.82
2026-08-03T12:55:10.615Z,150.82
2026-08-03T12:55:16.259Z,148.78
2026-08-03T12:55:31.97Z,148.78
2026-08-03T12:55:46.701Z,148.78
2026-08-03T12:56:03.362Z,148.78
2026-08-03T12:56:16.672Z,143.59
2026-08-03T12:56:31.77Z,140.37
2026-08-03T12:56:47.897Z,140.37
2026-08-03T12:57:02.502Z,138.93
2026-08-03T12:57:17.177Z,138.93
2026-08-03T12:57:32.309Z,138.93
2026-08-03T12:57:47.798Z,138.93
2026-08-03T12:58:02.964Z,135.55
2026-08-03T12:58:17.612Z,135.55
2026-08-03T12:58:32Z,135.55
2026-08-03T12:58:32.729Z,135.55
2026-08-03T12:58:47.766Z,133.12
2026-08-03T12:59:02.911Z,133.12
2026-08-03T12:59:17.976Z,131.84
2026-08-03T12:59:33.071Z,131.84
2026-08-03T12:59:48.176Z,131.31
2026-08-03T13:00:12.966Z,131.31
2026-08-03T13:00:18.418Z,130.89
2026-08-03T13:00:33.53Z,130.89
2026-08-03T13:00:48.68Z,130.89
2026-08-03T13:01:04.644Z,131.08
2026-08-03T13:01:18.825Z,131.08
2026-08-03T13:01:34.087Z,131.05
2026-08-03T13:01:49.029Z,131.05
2026-08-03T13:02:04.191Z,130.89
2026-08-03T13:02:19.24Z,130.89
2026-08-03T13:02:34.403Z,130.89
2026-08-03T13:02:49.612Z,130.89
2026-08-03T13:03:04.592Z,131.53
2026-08-03T13:03:19.675Z,131.41
2026-08-03T13:03:34Z,131.41
2026-08-03T13:03:35.017Z,131.41
2026-08-03T13:03:51.368Z,131.41
2026-08-03T13:04:04.986Z,131.41
2026-08-03T13:04:20.103Z,130.96
2026-08-03T13:04:35.488Z,130.96
2026-08-03T13:04:50.277Z,130.89
2026-08-03T13:05:11.922Z,130.89
2026-08-03T13:05:20.457Z,130.67
2026-08-03T13:05:35.912Z,130.67
2026-08-03T13:05:50.709Z,130.29
2026-08-03T13:06:07.088Z,130.24
2026-08-03T13:06:20.842Z,130.24
2026-08-03T13:06:36.121Z,130.24
2026-08-03T13:06:51.055Z,130.52
2026-08-03T13:07:06.195Z,130.52
2026-08-03T13:07:21.287Z,130.52
2026-08-03T13:07:38.154Z,130.52
2026-08-03T13:07:51.648Z,130.61
2026-08-03T13:08:06.568Z,130.61
2026-08-03T13:08:21.655Z,130.61
2026-08-03T13:08:36Z,130.61
2026-08-03T13:08:36.757Z,130.61
2026-08-03T13:08:52.354Z,129.16
2026-08-03T13:09:06.997Z,129.16
2026-08-03T13:09:22.085Z,129.16
2026-08-03T13:09:37.212Z,129.14
2026-08-03T13:09:52.307Z,129.14
2026-08-03T13:10:12.929Z,129.2
2026-08-03T13:10:22.509Z,129.2
2026-08-03T13:10:37.602Z,129.2
2026-08-03T13:10:52.79Z,129.2
2026-08-03T13:11:07.863Z,129.71
2026-08-03T13:11:23.171Z,129.71
2026-08-03T13:11:38.083Z,129.8
2026-08-03T13:11:53.176Z,129.8
2026-08-03T13:12:08.286Z,129.94
2026-08-03T13:12:23.362Z,129.94
2026-08-03T13:12:38.454Z,129.94
2026-08-03T13:12:53.536Z,129.94
2026-08-03T13:13:08.686Z,129.74
2026-08-03T13:13:23.845Z,129.74
2026-08-03T13:13:38Z,129.74
2026-08-03T13:13:38.85Z,129.74
2026-08-03T13:13:54.014Z,129.74
2026-08-03T13:14:09.101Z,128.61
2026-08-03T13:14:24.204Z,126.82
2026-08-03T13:14:39.308Z,126.82
2026-08-03T13:14:54.421Z,126.82
2026-08-03T13:15:10.769Z,126.82
2026-08-03T13:15:24.72Z,124.32
2026-08-03T13:15:39.739Z,124.32
2026-08-03T13:15:54.886Z,124.32
2026-08-03T13:16:09.953Z,124.32
2026-08-03T13:16:26.106Z,124.32
2026-08-03T13:16:40.31Z,118.95
2026-08-03T13:16:55.415Z,118.95
2026-08-03T13:17:10.502Z,118.95
2026-08-03T13:17:25.585Z,115.4
2026-08-03T13:17:40.712Z,115.4
2026-08-03T13:17:55.811Z,115.4
2026-08-03T13:18:10.896Z,113.25
2026-08-03T13:18:25.999Z,113.25
2026-08-03T13:18:40Z,113.25
2026-08-03T13:18:42.136Z,113.25
2026-08-03T13:18:56.174Z,111.08
2026-08-03T13:19:11.341Z,108.89
2026-08-03T13:19:26.405Z,108.89
2026-08-03T13:19:41.477Z,108.89
2026-08-03T13:19:56.582Z,107.78
2026-08-03T13:20:13.622Z,105.58
2026-08-03T13:20:26.765Z,105.58
2026-08-03T13:20:41.966Z,104.52
2026-08-03T13:20:57.027Z,104.52
2026-08-03T13:21:12.119Z,104.52
2026-08-03T13:21:27.573Z,101.16
2026-08-03T13:21:44.012Z,101.16
2026-08-03T13:21:57.471Z,101.16
2026-08-03T13:22:12.537Z,101.16
2026-08-03T13:22:27.628Z,98.71
2026-08-03T13:22:42.765Z,96.48
2026-08-03T13:22:57.848Z,96.48
2026-08-03T13:23:12.976Z,95.46
2026-08-03T13:23:28.046Z,95.46
2026-08-03T13:23:42Z,95.46
2026-08-03T13:23:43.825Z,95.46
2026-08-03T13:23:58.221Z,93.56
2026-08-03T13:24:13.531Z,91.87
2026-08-03T13:24:28.585Z,91.87
2026-08-03T13:24:43.713Z,91.87
2026-08-03T13:24:58.706Z,91.11
2026-08-03T13:25:13.776Z,91.11
2026-08-03T13:25:28.908Z,91.11
2026-08-03T13:25:43.994Z,89.23
2026-08-03T13:26:00.215Z,89.23
2026-08-03T13:26:14.433Z,89.23
2026-08-03T13:26:29.435Z,89.23
2026-08-03T13:26:44.536Z,89.23
2026-08-03T13:26:59.622Z,87.5
2026-08-03T13:27:15.298Z,87.5
2026-08-03T13:27:29.825Z,87.18
2026-08-03T13:27:44.915Z,87.18
2026-08-03T13:28:00.023Z,87.18
2026-08-03T13:28:15.097Z,87.18
2026-08-03T13:28:30.179Z,86.19
2026-08-03T13:28:44Z,86.19
2026-08-03T13:28:45.283Z,86.19
2026-08-03T13:29:00.405Z,86.19
2026-08-03T13:29:15.496Z,86.19
2026-08-03T13:29:31.328Z,85.38
2026-08-03T13:29:45.693Z,85.38
2026-08-03T13:30:11.578Z,84.96
2026-08-03T13:30:15.918Z,83.99
2026-08-03T13:30:31.093Z,83.99
2026-08-03T13:30:46.198Z,83.45
2026-08-03T13:31:02.849Z,83.45
2026-08-03T13:31:17.044Z,82.48
2026-08-03T13:31:31.531Z,82.48
2026-08-03T13:31:46.639Z,81.47
2026-08-03T13:32:02.583Z,81.47
2026-08-03T13:32:16.901Z,81.03
2026-08-03T13:32:31.901Z,81.03
2026-08-03T13:32:47.046Z,81.03
2026-08-03T13:33:04.565Z,81.03
2026-08-03T13:33:17.226Z,80.32
2026-08-03T13:33:32.339Z,80.28
2026-08-03T13:33:47Z,80.28
2026-08-03T13:33:47.403Z,80.28
2026-08-03T13:34:02.653Z,80.28
2026-08-03T13:34:17.604Z,80.28
2026-08-03T13:34:32.671Z,80.28
2026-08-03T13:34:47.763Z,80.59
2026-08-03T13:35:08.949Z,80.59
2026-08-03T13:35:17.99Z,80.68
2026-08-03T13:35:33.119Z,80.68
2026-08-03T13:35:48.206Z,80.68
2026-08-03T13:36:03.324Z,80.73
2026-08-03T13:36:18.383Z,80.73
2026-08-03T13:36:33.46Z,80.52
2026-08-03T13:36:48.608Z,80.52
2026-08-03T13:37:03.698Z,80.24
2026-08-03T13:37:18.799Z,80.24
2026-08-03T13:37:33.917Z,80.24
2026-08-03T13:37:48.991Z,79.51
2026-08-03T13:38:04.187Z,79.51
2026-08-03T13:38:19.272Z,79.51
2026-08-03T13:38:34.376Z,78.87
2026-08-03T13:38:49Z,78.66
2026-08-03T13:38:49.53Z,78.66
2026-08-03T13:39:05.296Z,78.66
2026-08-03T13:39:19.727Z,78.66
2026-08-03T13:39:34.724Z,78.26
2026-08-03T13:39:49.82Z,78.26
2026-08-03T13:40:11.128Z,78.26
2026-08-03T13:40:20.038Z,78.26
2026-08-03T13:40:35.113Z,78.26
2026-08-03T13:40:50.215Z,77.96
2026-08-03T13:41:05.297Z,77.96
2026-08-03T13:41:21.1Z,77.96
2026-08-03T13:41:35.487Z,77.77
2026-08-03T13:41:50.584Z,77.77
2026-08-03T13:42:05.682Z,77.77
2026-08-03T13:42:20.77Z,77.77
2026-08-03T13:42:36.865Z,77.77
2026-08-03T13:42:50.996Z,77.77
2026-08-03T13:43:06.085Z,77.77
2026-08-03T13:43:23.075Z,78.22
2026-08-03T13:43:36.315Z,78.22
2026-08-03T13:43:50Z,78.22
2026-08-03T13:43:51.366Z,78.22
2026-08-03T13:44:06.483Z,78.22
2026-08-03T13:44:21.523Z,78.22
2026-08-03T13:44:36.647Z,79.94
2026-08-03T13:44:51.703Z,79.94
2026-08-03T13:45:12.003Z,79.94
2026-08-03T13:45:21.91Z,81.58
2026-08-03T13:45:37.264Z,81.58
2026-08-03T13:45:52.091Z,81.58
2026-08-03T13:46:08.323Z,84.12
2026-08-03T13:46:23.07Z,84.12
2026-08-03T13:46:37.354Z,84.12
2026-08-03T13:46:53.491Z,84.12
2026-08-03T13:47:07.703Z,87.32
2026-08-03T13:47:22.867Z,88.35
2026-08-03T13:47:37.889Z,88.35
2026-08-03T13:47:53.022Z,88.35
2026-08-03T13:48:08.073Z,90.97
2026-08-03T13:48:23.205Z,92.44
2026-08-03T13:48:38.322Z,92.44
2026-08-03T13:48:53Z,92.44
2026-08-03T13:48:53.405Z,92.44
2026-08-03T13:49:08.504Z,95.96
2026-08-03T13:49:23.577Z,97.91
2026-08-03T13:49:38.671Z,97.91
2026-08-03T13:49:53.798Z,101.9
2026-08-03T13:50:12.314Z,101.9
2026-08-03T13:50:23.95Z,103.94
2026-08-03T13:50:39.049Z,103.94
2026-08-03T13:50:54.137Z,103.94
2026-08-03T13:51:10.135Z,103.94
2026-08-03T13:51:24.325Z,110.31
2026-08-03T13:51:39.621Z,110.31
2026-08-03T13:51:54.673Z,110.31
2026-08-03T13:52:09.76Z,110.31
2026-08-03T13:52:24.907Z,118.58
2026-08-03T13:52:39.949Z,118.58
2026-08-03T13:52:55.083Z,118.58
2026-08-03T13:53:10.127Z,122.49
2026-08-03T13:53:25.226Z,122.49
2026-08-03T13:53:40.457Z,126.85
2026-08-03T13:53:55Z,126.85
2026-08-03T13:53:56.695Z,126.85
2026-08-03T13:54:10.66Z,126.85
2026-08-03T13:54:25.747Z,130.29
2026-08-03T13:54:41.431Z,130.29
2026-08-03T13:54:55.942Z,132.5
2026-08-03T13:55:13.826Z,135.21
2026-08-03T13:55:26.125Z,135.21
2026-08-03T13:55:41.202Z,142.38
2026-08-03T13:55:56.335Z,142.38
2026-08-03T13:56:11.401Z,142.38
2026-08-03T13:56:26.486Z,142.38
2026-08-03T13:56:41.97Z,159.76
2026-08-03T13:56:56.69Z,159.76
2026-08-03T13:57:11.752Z,159.76
2026-08-03T13:57:26.809Z,171.08
2026-08-03T13:57:42.28Z,171.08
2026-08-03T13:57:56.971Z,162.97
2026-08-03T13:58:12.063Z,165.25
2026-08-03T13:58:27.127Z,165.25
2026-08-03T13:58:42.203Z,164.15
2026-08-03T13:58:56Z,164.15
2026-08-03T13:58:57.284Z,164.15
2026-08-03T13:59:12.386Z,162.64
2026-08-03T13:59:27.465Z,162.64
2026-08-03T13:59:42.528Z,162.64
2026-08-03T13:59:57.811Z,160.45
2026-08-03T14:00:12.704Z,160.45
2026-08-03T14:00:27.775Z,161.6
2026-08-03T14:00:42.857Z,161.6
2026-08-03T14:00:57.909Z,161.6
2026-08-03T14:01:13.54Z,161.6
2026-08-03T14:01:28.08Z,161.6
2026-08-03T14:01:43.158Z,202.11
2026-08-03T14:01:58.24Z,202.11
2026-08-03T14:02:13.653Z,172.37
2026-08-03T14:02:28.403Z,172.37
2026-08-03T14:02:43.561Z,172.37
2026-08-03T14:02:58.588Z,179.56
2026-08-03T14:03:14.088Z,179.56
2026-08-03T14:03:28.721Z,190.75
2026-08-03T14:03:43.805Z,190.75
2026-08-03T14:03:58Z,190.75
2026-08-03T14:03:58.91Z,190.75
2026-08-03T14:04:13.975Z,282.01
2026-08-03T14:04:29.05Z,282.01
2026-08-03T14:04:44.131Z,206.42
2026-08-03T14:04:59.209Z,206.42
2026-08-03T14:05:14.33Z,206.42
2026-08-03T14:05:29.357Z,206.42
2026-08-03T14:05:44.427Z,205.23
2026-08-03T14:05:59.509Z,205.23
2026-08-03T14:06:14.563Z,205.23
2026-08-03T14:06:29.662Z,222.84
2026-08-03T14:06:44.735Z,222.84
2026-08-03T14:06:59.831Z,222.84
2026-08-03T14:07:14.901Z,222.84
2026-08-03T14:07:29.979Z,222.84
2026-08-03T14:07:45.054Z,342.58
2026-08-03T14:08:00.463Z,342.58
2026-08-03T14:08:15.219Z,342.58
2026-08-03T14:08:30.304Z,342.58
2026-08-03T14:08:45.389Z,342.58
2026-08-03T14:09:00Z,337.81
2026-08-03T14:09:00.504Z,337.81
2026-08-03T14:09:17.702Z,337.81
2026-08-03T14:09:30.648Z,224.28
2026-08-03T14:09:45.769Z,302.86
2026-08-03T14:10:07.637Z,302.86
2026-08-03T14:10:15.901Z,302.86
2026-08-03T14:10:30.991Z,302.86
2026-08-03T14:10:46.1Z,302.86
2026-08-03T14:11:02.734Z,183.23
2026-08-03T14:11:16.412Z,183.23
2026-08-03T14:11:31.65Z,177.38
2026-08-03T14:11:46.422Z,177.38
2026-08-03T14:12:02.94Z,179.63
2026-08-03T14:12:16.561Z,179.63
2026-08-03T14:12:32.058Z,179.63
2026-08-03T14:12:47.063Z,179.63
2026-08-03T14:13:03.441Z,323.54
2026-08-03T14:13:16.957Z,323.54
2026-08-03T14:13:31.995Z,323.54
2026-08-03T14:13:47.479Z,323.54
2026-08-03T14:14:01Z,323.54
2026-08-03T14:14:03.365Z,323.54
2026-08-03T14:14:17.229Z,201.06
2026-08-03T14:14:32.312Z,201.06
2026-08-03T14:14:47.506Z,182.05
2026-08-03T14:15:12.016Z,182.05
2026-08-03T14:15:17.544Z,182.05
2026-08-03T14:15:32.648Z,162.43
2026-08-03T14:15:47.708Z,162.43
2026-08-03T14:16:03.752Z,157.33
2026-08-03T14:16:17.978Z,157.33
2026-08-03T14:16:33.034Z,157.33
2026-08-03T14:16:48.156Z,146.17
2026-08-03T14:17:03.211Z,146.17
2026-08-03T14:17:18.315Z,146.17
2026-08-03T14:17:33.386Z,140.74
2026-08-03T14:17:48.472Z,140.74
2026-08-03T14:18:07.376Z,137.52
2026-08-03T14:18:18.68Z,137.52
2026-08-03T14:18:33.724Z,135.06
2026-08-03T14:18:48.759Z,135.06
2026-08-03T14:19:03Z,135.06
2026-08-03T14:19:03.861Z,135.06
2026-08-03T14:19:18.935Z,135.06
2026-08-03T14:19:34.012Z,135.06
2026-08-03T14:19:49.708Z,136.04
2026-08-03T14:20:08.055Z,136.04
2026-08-03T14:20:19.236Z,136.04
2026-08-03T14:20:34.391Z,136.04
2026-08-03T14:20:49.38Z,136.04
2026-08-03T14:21:04.456Z,136.04
2026-08-03T14:21:19.544Z,136.04
2026-08-03T14:21:34.877Z,149.79
2026-08-03T14:21:49.658Z,149.79
2026-08-03T14:22:04.804Z,149.79
2026-08-03T14:22:19.83Z,160.57
2026-08-03T14:22:34.943Z,160.57
2026-08-03T14:22:49.973Z,159.36
2026-08-03T14:23:05.053Z,159.36
2026-08-03T14:23:20.134Z,159.36
2026-08-03T14:23:35.257Z,166.46
2026-08-03T14:23:50.391Z,166.46
2026-08-03T14:24:04Z,166.46
2026-08-03T14:24:05.398Z,166.46
2026-08-03T14:24:20.429Z,166.46
2026-08-03T14:24:35.554Z,175.68
2026-08-03T14:24:50.695Z,175.68
2026-08-03T14:25:13.354Z,175.68
2026-08-03T14:25:20.74Z,188.49
2026-08-03T14:25:35.874Z,188.49
2026-08-03T14:25:51.099Z,253.46
2026-08-03T14:26:06.424Z,253.46
2026-08-03T14:26:21.058Z,281.57
2026-08-03T14:26:37.068Z,281.57
2026-08-03T14:26:53.343Z,281.57
2026-08-03T14:27:06.303Z,194.49
2026-08-03T14:27:21.366Z,194.49
2026-08-03T14:27:36.458Z,388.22
2026-08-03T14:27:51.522Z,388.22
2026-08-03T14:28:06.859Z,388.22
2026-08-03T14:28:21.674Z,388.22
2026-08-03T14:28:36.79Z,283.72
2026-08-03T14:28:51.823Z,283.72
2026-08-03T14:29:06Z,283.72
2026-08-03T14:29:06.893Z,283.72
2026-08-03T14:29:21.996Z,199.38
2026-08-03T14:29:37.071Z,199.38
2026-08-03T14:29:52.123Z,199.38
2026-08-03T14:30:09.334Z,199.38
2026-08-03T14:30:22.303Z,208.3
2026-08-03T14:30:37.42Z,208.3
2026-08-03T14:30:52.478Z,182.62
2026-08-03T14:31:07.659Z,182.62
2026-08-03T14:31:22.687Z,155.04
2026-08-03T14:31:37.737Z,155.04
2026-08-03T14:31:52.789Z,147.3
2026-08-03T14:32:09.087Z,147.3
2026-08-03T14:32:22.933Z,147.3
2026-08-03T14:32:38.048Z,140.12
2026-08-03T14:32:53.109Z,140.12
2026-08-03T14:33:08.204Z,140.12
2026-08-03T14:33:23.266Z,134.12
2026-08-03T14:33:38.32Z,131.64
2026-08-03T14:33:53.437Z,131.64
2026-08-03T14:34:08Z,128.01
2026-08-03T14:34:08.716Z,128.01
2026-08-03T14:34:23.547Z,128.01
2026-08-03T14:34:38.63Z,123.54
2026-08-03T14:34:53.713Z,123.54
2026-08-03T14:35:11.639Z,123.54
2026-08-03T14:35:24.412Z,123.54
2026-08-03T14:35:38.956Z,120.53
2026-08-03T14:35:54.029Z,120.53
2026-08-03T14:36:09.212Z,116.94
2026-08-03T14:36:24.19Z,116.94
2026-08-03T14:36:39.254Z,116.94
2026-08-03T14:36:54.37Z,116.25
2026-08-03T14:37:09.416Z,116.25
2026-08-03T14:37:26.92Z,116.25
2026-08-03T14:37:39.579Z,114.37
2026-08-03T14:37:54.665Z,114.37
2026-08-03T14:38:09.749Z,114.37
2026-08-03T14:38:24.897Z,114.37
2026-08-03T14:38:40.482Z,114.37
2026-08-03T14:38:54.983Z,112.83
2026-08-03T14:39:09Z,112.83
2026-08-03T14:39:10.057Z,112.83
2026-08-03T14:39:25.183Z,112.28
2026-08-03T14:39:40.25Z,112.28
2026-08-03T14:39:57.217Z,112.28
2026-08-03T14:40:11.56Z,117.71
2026-08-03T14:40:25.479Z,117.71
2026-08-03T14:40:40.539Z,117.71
2026-08-03T14:40:56.984Z,117.71
2026-08-03T14:41:10.677Z,117.71
2026-08-03T14:41:25.759Z,109.18
2026-08-03T14:41:40.827Z,107.12
2026-08-03T14:41:55.931Z,107.12
2026-08-03T14:42:10.956Z,107.12
2026-08-03T14:42:26.053Z,107.12
2026-08-03T14:42:41.105Z,107.12
2026-08-03T14:42:56.2Z,107.12
2026-08-03T14:43:11.32Z,107.12
2026-08-03T14:43:26.383Z,102.15
2026-08-03T14:43:41.424Z,102.15
2026-08-03T14:43:56.5Z,102.15
2026-08-03T14:44:11Z,98.7
2026-08-03T14:44:11.572Z,98.7
2026-08-03T14:44:26.654Z,98.7
2026-08-03T14:44:41.723Z,98.7
2026-08-03T14:44:56.829Z,97.1
2026-08-03T14:45:12.051Z,97.1
2026-08-03T14:45:26.997Z,97.1
2026-08-03T14:45:42.06Z,94.53
2026-08-03T14:45:57.128Z,94.53
2026-08-03T14:46:12.206Z,94.53
2026-08-03T14:46:27.293Z,94.53
2026-08-03T14:46:42.399Z,94.53
2026-08-03T14:46:57.432Z,94.53
2026-08-03T14:47:12.495Z,92.77
2026-08-03T14:47:27.641Z,92.77
2026-08-03T14:47:42.688Z,92.77
2026-08-03T14:47:57.758Z,92.77
2026-08-03T14:48:12.813Z,92.77
2026-08-03T14:48:27.897Z,91.36
2026-08-03T14:48:42.978Z,91.36
2026-08-03T14:48:58.101Z,91.36
2026-08-03T14:49:12Z,91.15
2026-08-03T14:49:13.144Z,91.15
2026-08-03T14:49:28.219Z,91.15
2026-08-03T14:49:43.289Z,90.1
2026-08-03T14:49:58.523Z,90.1
2026-08-03T14:50:13.454Z,90.1
2026-08-03T14:50:28.511Z,88.74
2026-08-03T14:50:43.6Z,88.74
2026-08-03T14:50:58.679Z,88.74
2026-08-03T14:51:13.764Z,86.45
2026-08-03T14:51:28.954Z,85.61
2026-08-03T14:51:44.226Z,84.76
2026-08-03T14:51:59.124Z,84.76
2026-08-03T14:52:14.078Z,83.99
2026-08-03T14:52:29.774Z,83.99
2026-08-03T14:52:44.197Z,83.26
2026-08-03T14:52:59.291Z,83.26
2026-08-03T14:53:14.405Z,81.98
2026-08-03T14:53:29.538Z,81.98
2026-08-03T14:53:44.589Z,81.98
2026-08-03T14:53:59.665Z,80.6
2026-08-03T14:54:14Z,80.6
2026-08-03T14:54:15.46Z,80.6
2026-08-03T14:54:29.819Z,80.13
2026-08-03T14:54:44.89Z,80.13
2026-08-03T14:54:59.971Z,79.56
2026-08-03T14:55:15.075Z,79.56
2026-08-03T14:55:30.121Z,79.31
2026-08-03T14:55:45.186Z,79.31
2026-08-03T14:56:00.308Z,79.31
2026-08-03T14:56:15.397Z,78.85
2026-08-03T14:56:30.436Z,78.85
2026-08-03T14:56:45.469Z,78.85
2026-08-03T14:57:00.563Z,78.85
2026-08-03T14:57:15.629Z,78.43
2026-08-03T14:57:30.703Z,78.43
2026-08-03T14:57:45.778Z,78.44
2026-08-03T14:58:02.616Z,78.44
2026-08-03T14:58:15.933Z,78.51
2026-08-03T14:58:31.028Z,78.51
2026-08-03T14:58:46.07Z,78.61
2026-08-03T14:59:02.498Z,78.61
2026-08-03T14:59:15Z,78.61
2026-08-03T14:59:16.244Z,78.61
2026-08-03T14:59:31.452Z,78.69
2026-08-03T14:59:46.461Z,78.69
2026-08-03T15:00:11.856Z,78.83
2026-08-03T15:00:16.66Z,78.83
2026-08-03T15:00:31.746Z,78.83
2026-08-03T15:00:46.811Z,78.83
2026-08-03T15:01:02.908Z,79.55
2026-08-03T15:01:16.953Z,79.55
2026-08-03T15:01:32.043Z,80.29
2026-08-03T15:01:48.78Z,80.76
2026-08-03T15:02:02.806Z,80.76
2026-08-03T15:02:17.313Z,80.76
2026-08-03T15:02:32.42Z,80.76
2026-08-03T15:02:47.469Z,81.86
2026-08-03T15:03:04.853Z,81.86
2026-08-03T15:03:17.614Z,82.18
2026-08-03T15:03:32.653Z,82.18
2026-08-03T15:03:47.76Z,82.18
2026-08-03T15:04:02.831Z,82.18
2026-08-03T15:04:17Z,82.18
2026-08-03T15:04:17.886Z,82.18
2026-08-03T15:04:33.459Z,82.18
2026-08-03T15:04:48.027Z,82.18
2026-08-03T15:05:08.304Z,81.97
2026-08-03T15:05:18.217Z,81.97
2026-08-03T15:05:33.244Z,81.58
2026-08-03T15:05:49.24Z,81.58
2026-08-03T15:06:03.403Z,81.58
2026-08-03T15:06:18.486Z,80.3
2026-08-03T15:06:33.558Z,79.71
2026-08-03T15:06:49.37Z,79.71
2026-08-03T15:07:03.701Z,79.18
2026-08-03T15:07:18.828Z,79.18
2026-08-03T15:07:33.843Z,79.18
2026-08-03T15:07:49.112Z,77.46
2026-08-03T15:08:04.48Z,77.46
2026-08-03T15:08:19.113Z,77.46
2026-08-03T15:08:34.204Z,77.46
2026-08-03T15:08:49.355Z,75.49
2026-08-03T15:09:04.358Z,75.49
2026-08-03T15:09:19Z,74.67
2026-08-03T15:09:19.524Z,74.67
2026-08-03T15:09:34.816Z,74.67
2026-08-03T15:09:49.803Z,74.67
2026-08-03T15:10:09.291Z,74.67
2026-08-03T15:10:19.736Z,73.01
2026-08-03T15:10:34.864Z,73.01
2026-08-03T15:10:50.38Z,72.13
2026-08-03T15:11:05.157Z,72.13
2026-08-03T15:11:20.092Z,72.13
2026-08-03T15:11:35.173Z,71.0
2026-08-03T15:11:50.33Z,71.0
2026-08-03T15:12:05.306Z,70.06
2026-08-03T15:12:20.451Z,70.06
2026-08-03T15:12:35.497Z,70.06
2026-08-03T15:12:50.481Z,69.25
2026-08-03T15:13:05.538Z,69.25
2026-08-03T15:13:22.503Z,69.25
2026-08-03T15:13:35.691Z,67.89
2026-08-03T15:13:50.769Z,67.89
2026-08-03T15:14:05.844Z,67.42
2026-08-03T15:14:20Z,67.42
2026-08-03T15:14:20.901Z,67.42
2026-08-03T15:14:36.077Z,67.42
2026-08-03T15:14:51.075Z,66.49
2026-08-03T15:15:12.922Z,66.49
2026-08-03T15:15:21.22Z,66.49
2026-08-03T15:15:36.584Z,65.81
2026-08-03T15:15:51.372Z,65.81
2026-08-03T15:16:06.425Z,65.07
2026-08-03T15:16:21.508Z,65.07
2026-08-03T15:16:36.635Z,65.07
2026-08-03T15:16:51.666Z,65.07
2026-08-03T15:17:06.733Z,65.07
2026-08-03T15:17:21.793Z,65.07
2026-08-03T15:17:36.879Z,65.07
2026-08-03T15:17:52.777Z,63.45
2026-08-03T15:18:07.059Z,63.45
2026-08-03T15:18:22.112Z,63.16
2026-08-03T15:18:37.176Z,63.16
2026-08-03T15:18:52.861Z,62.62
2026-08-03T15:19:07.363Z,62.62
2026-08-03T15:19:22Z,62.12
2026-08-03T15:19:22.416Z,62.12
2026-08-03T15:19:37.481Z,62.12
2026-08-03T15:19:53.924Z,62.12
2026-08-03T15:20:12.604Z,61.45
2026-08-03T15:20:22.769Z,61.45
2026-08-03T15:20:37.845Z,61.45
2026-08-03T15:20:53.598Z,60.33
2026-08-03T15:21:08.41Z,60.33
2026-08-03T15:21:23.111Z,60.0
2026-08-03T15:21:38.146Z,60.0
2026-08-03T15:21:53.553Z,59.31
2026-08-03T15:22:08.296Z,58.91
2026-08-03T15:22:23.392Z,58.91
2026-08-03T15:22:38.458Z,58.91
2026-08-03T15:22:54.1Z,58.91
2026-08-03T15:23:08.604Z,57.68
2026-08-03T15:23:23.821Z,57.68
2026-08-03T15:23:40.256Z,56.81
2026-08-03T15:23:58.982Z,56.81
2026-08-03T15:24:14.034Z,56.81
2026-08-03T15:24:28Z,56.81
2026-08-03T15:24:29.141Z,56.81
2026-08-03T15:24:44.233Z,54.84
2026-08-03T15:24:59.335Z,54.84
2026-08-03T15:25:14.386Z,54.84
2026-08-03T15:25:29.598Z,53.74
2026-08-03T15:25:44.617Z,53.74
2026-08-03T15:26:04.691Z,53.74
2026-08-03T15:26:19.79Z,52.68
2026-08-03T15:26:34.888Z,52.68
2026-08-03T15:26:49.942Z,51.64
2026-08-03T15:27:05.606Z,51.64
2026-08-03T15:27:25.103Z,51.1
2026-08-03T15:27:40.176Z,51.1
2026-08-03T15:27:55.241Z,51.1
2026-08-03T15:28:10.357Z,51.1
2026-08-03T15:28:25.431Z,49.21
2026-08-03T15:28:40.46Z,49.21
2026-08-03T15:29:02.542Z,48.52
2026-08-03T15:29:16.269Z,48.52
2026-08-03T15:29:35Z,48.33
2026-08-03T15:29:35.687Z,48.33
2026-08-03T15:29:50.775Z,48.33
2026-08-03T15:30:09.132Z,48.08
2026-08-03T15:30:22.511Z,48.08
2026-08-03T15:30:40.992Z,48.12
2026-08-03T15:30:56.101Z,48.29
2026-08-03T15:31:11.197Z,48.29
2026-08-03T15:31:31.249Z,48.61
2026-08-03T15:31:46.335Z,48.61
2026-08-03T15:32:02.77Z,48.9
2026-08-03T15:32:22.844Z,48.9
2026-08-03T15:32:37.049Z,49.66
2026-08-03T15:32:56.729Z,49.66
2026-08-03T15:33:16.761Z,50.77
2026-08-03T15:33:36.813Z,50.77
2026-08-03T15:33:51.899Z,52.22
2026-08-03T15:34:06.973Z,52.84
2026-08-03T15:34:21Z,52.84
2026-08-03T15:34:22.059Z,52.84
2026-08-03T15:34:42.34Z,52.84
2026-08-03T15:34:58.478Z,55.57
2026-08-03T15:35:12.332Z,55.57
2026-08-03T15:35:32.396Z,56.37
2026-08-03T15:35:47.432Z,57.29
2026-08-03T15:36:02.97Z,57.29
2026-08-03T15:36:17.601Z,58.82
2026-08-03T15:36:38.075Z,58.82
2026-08-03T15:36:52.756Z,60.26
2026-08-03T15:37:07.932Z,60.26
2026-08-03T15:37:27.983Z,60.26
2026-08-03T15:37:48.043Z,61.59
2026-08-03T15:38:03.588Z,61.59
2026-08-03T15:38:18.246Z,61.92
2026-08-03T15:38:33.363Z,61.92
2026-08-03T15:38:53.38Z,61.92
2026-08-03T15:39:09.45Z,61.88
2026-08-03T15:39:28Z,61.88
2026-08-03T15:39:28.563Z,61.88
2026-08-03T15:39:48.693Z,61.61
2026-08-03T15:40:11.212Z,61.37
2026-08-03T15:40:23.807Z,61.37
2026-08-03T15:40:38.931Z,60.77
2026-08-03T15:40:53.987Z,60.77
2026-08-03T15:41:14.098Z,60.47
2026-08-03T15:41:29.129Z,60.47
2026-08-03T15:41:44.233Z,60.1
2026-08-03T15:41:59.992Z,60.1
2026-08-03T15:42:14.349Z,59.92
2026-08-03T15:42:34.452Z,59.92
2026-08-03T15:42:49.509Z,60.05
2026-08-03T15:43:09.577Z,60.05
2026-08-03T15:43:24.655Z,60.05
2026-08-03T15:43:44.738Z,60.05
2026-08-03T15:44:05.394Z,60.05
2026-08-03T15:44:24.902Z,60.86
2026-08-03T15:44:39Z,60.86
2026-08-03T15:44:39.975Z,60.86
2026-08-03T15:44:55.028Z,60.86
2026-08-03T15:45:10.503Z,60.86
2026-08-03T15:45:25.633Z,60.86
2026-08-03T15:45:40.301Z,60.86
2026-08-03T15:45:55.342Z,63.55
2026-08-03T15:46:10.809Z,63.55
2026-08-03T15:46:25.498Z,63.55
2026-08-03T15:46:45.575Z,69.93
2026-08-03T15:47:00.657Z,69.93
2026-08-03T15:47:20.74Z,72.37
2026-08-03T15:47:35.817Z,72.37
2026-08-03T15:47:50.911Z,72.97
2026-08-03T15:48:10.949Z,72.97
2026-08-03T15:48:26.129Z,78.74
2026-08-03T15:48:41.144Z,78.74
2026-08-03T15:48:56.214Z,83.61
2026-08-03T15:49:11.418Z,83.61
2026-08-03T15:49:26.517Z,87.71
2026-08-03T15:49:41Z,87.71
2026-08-03T15:49:41.619Z,87.71
2026-08-03T15:49:56.694Z,87.71
2026-08-03T15:50:12.82Z,93.5
2026-08-03T15:50:31.827Z,93.5
2026-08-03T15:50:52.016Z,91.96
2026-08-03T15:51:07.062Z,91.96
2026-08-03T15:51:23.195Z,91.96
2026-08-03T15:51:42.155Z,90.55
2026-08-03T15:51:57.31Z,90.55
2026-08-03T15:52:12.603Z,91.51
2026-08-03T15:52:32.439Z,91.51
2026-08-03T15:52:47.513Z,92.37
2026-08-03T15:53:02.634Z,92.37
2026-08-03T15:53:22.972Z,93.19
2026-08-03T15:53:37.714Z,93.19
2026-08-03T15:53:52.791Z,93.19
2026-08-03T15:54:07.869Z,93.93
2026-08-03T15:54:28.409Z,93.93
2026-08-03T15:54:42Z,95.03
2026-08-03T15:54:43.346Z,95.03
2026-08-03T15:54:58.285Z,95.03
2026-08-03T15:55:13.38Z,95.93
2026-08-03T15:55:28.548Z,96.53
2026-08-03T15:55:43.444Z,96.53
2026-08-03T15:55:58.521Z,97.19
2026-08-03T15:56:18.61Z,97.19
2026-08-03T15:56:33.886Z,97.19
2026-08-03T15:56:53.915Z,100.48
2026-08-03T15:57:09.376Z,102.53
2026-08-03T15:57:29.072Z,102.53
2026-08-03T15:57:49.134Z,107.85
2026-08-03T15:58:04.221Z,112.39
2026-08-03T15:58:19.274Z,112.39
2026-08-03T15:58:34.39Z,135.89
2026-08-03T15:58:55.372Z,135.89
2026-08-03T15:59:10.174Z,124.45
2026-08-03T15:59:24.77Z,130.71
2026-08-03T15:59:39Z,130.71
2026-08-03T15:59:39.87Z,130.71
2026-08-03T15:59:54.926Z,151.66
2026-08-03T16:00:10.086Z,151.66
2026-08-03T16:00:25.083Z,151.66
2026-08-03T16:00:45.143Z,202.16
2026-08-03T16:01:00.253Z,202.16
2026-08-03T16:01:20.303Z,202.16
2026-08-03T16:01:35.37Z,188.73
2026-08-03T16:01:50.466Z,188.73
2026-08-03T16:02:05.551Z,188.73
2026-08-03T16:02:25.687Z,188.73
2026-08-03T16:02:40.735Z,145.73
2026-08-03T16:03:04.046Z,145.73
2026-08-03T16:03:15.867Z,147.11
2026-08-03T16:03:36.023Z,140.82
2026-08-03T16:03:56.296Z,140.82
2026-08-03T16:04:16.168Z,158.45
2026-08-03T16:04:31.288Z,158.45
2026-08-03T16:04:45Z,177.04
2026-08-03T16:04:46.44Z,177.04
2026-08-03T16:05:13.037Z,177.04
2026-08-03T16:05:26.51Z,212.55
2026-08-03T16:05:41.557Z,212.55
2026-08-03T16:06:03.915Z,176.24
2026-08-03T16:06:17.599Z,259.36
2026-08-03T16:06:31.781Z,259.36
2026-08-03T16:06:51.875Z,150.67
2026-08-03T16:07:06.949Z,150.67
2026-08-03T16:07:22.032Z,144.39
2026-08-03T16:07:37.133Z,144.39
2026-08-03T16:07:57.855Z,142.64
2026-08-03T16:08:17.273Z,142.64
2026-08-03T16:08:32.356Z,142.52
2026-08-03T16:08:47.449Z,142.52
2026-08-03T16:09:04.144Z,142.52
2026-08-03T16:09:18.669Z,142.52
2026-08-03T16:09:37Z,156.16
2026-08-03T16:09:37.652Z,156.16
2026-08-03T16:09:52.724Z,156.16
2026-08-03T16:10:12.44Z,234.46
2026-08-03T16:10:23.437Z,234.46
2026-08-03T16:10:37.949Z,158.57
2026-08-03T16:10:58.057Z,175.7
2026-08-03T16:11:14.241Z,175.7
2026-08-03T16:11:29.207Z,175.7
2026-08-03T16:11:43.426Z,175.7
2026-08-03T16:11:58.476Z,175.7
2026-08-03T16:12:13.578Z,159.15
2026-08-03T16:12:28.683Z,159.15
2026-08-03T16:12:43.735Z,159.15
2026-08-03T16:12:58.812Z,159.15
2026-08-03T16:13:13.904Z,298.97
2026-08-03T16:13:34.375Z,296.18
2026-08-03T16:13:49.042Z,296.18
2026-08-03T16:14:04.121Z,296.18
2026-08-03T16:14:19.516Z,178.05
2026-08-03T16:14:34Z,178.05
2026-08-03T16:14:34.456Z,178.05
2026-08-03T16:14:54.561Z,178.05
2026-08-03T16:15:09.924Z,178.05
2026-08-03T16:15:24.725Z,139.73
2026-08-03T16:15:44.76Z,139.73
2026-08-03T16:15:59.851Z,128.74
2026-08-03T16:16:14.902Z,128.74
2026-08-03T16:16:29.977Z,127.03
2026-08-03T16:16:50.071Z,127.03
2026-08-03T16:17:05.137Z,131.42
2026-08-03T16:17:20.22Z,131.42
2026-08-03T16:17:35.32Z,131.42
2026-08-03T16:17:50.45Z,128.0
2026-08-03T16:18:10.462Z,132.01
2026-08-03T16:18:30.531Z,132.01
2026-08-03T16:18:45.612Z,127.15
2026-08-03T16:19:02.678Z,127.15
2026-08-03T16:19:15.747Z,118.8
2026-08-03T16:19:35.836Z,118.8
2026-08-03T16:19:50Z,119.74
2026-08-03T16:19:52.103Z,119.74
2026-08-03T16:20:12.651Z,119.74
2026-08-03T16:20:21.071Z,119.74
2026-08-03T16:20:36.134Z,113.27
2026-08-03T16:20:51.208Z,113.27
2026-08-03T16:21:11.311Z,113.27
2026-08-03T16:21:26.385Z,113.56
2026-08-03T16:21:46.442Z,115.01
2026-08-03T16:22:02.456Z,115.01
2026-08-03T16:22:16.619Z,115.01
2026-08-03T16:22:36.703Z,114.64
2026-08-03T16:22:51.929Z,114.64
2026-08-03T16:23:07.024Z,114.64
2026-08-03T16:23:21.916Z,114.64
2026-08-03T16:23:36.992Z,172.18
2026-08-03T16:23:52.084Z,230.59
2026-08-03T16:24:07.157Z,230.59
2026-08-03T16:24:22.236Z,254.61
2026-08-03T16:24:37.339Z,254.61
2026-08-03T16:24:52Z,254.61
2026-08-03T16:24:52.405Z,254.61
2026-08-03T16:25:09.712Z,254.61
2026-08-03T16:25:22.547Z,145.9
2026-08-03T16:25:37.649Z,145.9
2026-08-03T16:25:52.722Z,145.9
2026-08-03T16:26:12.799Z,129.59
2026-08-03T16:26:27.938Z,129.59
2026-08-03T16:26:43.015Z,117.33
2026-08-03T16:27:03.136Z,117.33
2026-08-03T16:27:18.157Z,149.67
2026-08-03T16:27:33.243Z,149.67
2026-08-03T16:27:48.32Z,115.62
2026-08-03T16:28:03.398Z,115.62
2026-08-03T16:28:23.462Z,115.62
2026-08-03T16:28:43.567Z,115.62
2026-08-03T16:28:58.699Z,109.65
2026-08-03T16:29:18.79Z,108.13
2026-08-03T16:29:33.882Z,108.13
2026-08-03T16:29:48Z,108.13
2026-08-03T16:29:48.922Z,108.13
2026-08-03T16:30:12.126Z,104.1
2026-08-03T16:30:24.096Z,101.9
2026-08-03T16:30:39.165Z,101.9
2026-08-03T16:30:59.303Z,97.83
2026-08-03T16:31:14.321Z,97.83
2026-08-03T16:31:29.433Z,97.83
2026-08-03T16:31:44.565Z,94.56
2026-08-03T16:31:59.601Z,94.56
2026-08-03T16:32:14.682Z,90.47
2026-08-03T16:32:36.099Z,90.47
2026-08-03T16:32:54.851Z,89.41
2026-08-03T16:33:14.877Z,89.41
2026-08-03T16:33:32.05Z,87.51
2026-08-03T16:33:45.033Z,87.51
2026-08-03T16:34:00.105Z,87.51
2026-08-03T16:34:15.186Z,84.88
2026-08-03T16:34:30.299Z,84.88
2026-08-03T16:34:44Z,84.04
2026-08-03T16:34:45.336Z,84.04
2026-08-03T16:35:00.435Z,84.04
2026-08-03T16:35:20.489Z,84.04
2026-08-03T16:35:35.562Z,84.04
2026-08-03T16:35:50.62Z,83.93
2026-08-03T16:36:05.81Z,83.93
2026-08-03T16:36:20.93Z,83.93
2026-08-03T16:36:36.597Z,83.93
2026-08-03T16:36:51.765Z,83.93
2026-08-03T16:37:06.162Z,83.27
2026-08-03T16:37:26.208Z,83.27
2026-08-03T16:37:41.593Z,83.27
2026-08-03T16:37:57.443Z,82.02
2026-08-03T16:38:16.435Z,81.37
2026-08-03T16:38:36.503Z,81.37
2026-08-03T16:38:51.594Z,81.37
2026-08-03T16:39:06.669Z,81.37
2026-08-03T16:39:21.807Z,81.37
2026-08-03T16:39:41.878Z,81.58
2026-08-03T16:39:56Z,81.58
2026-08-03T16:39:57.766Z,81.58
2026-08-03T16:40:13.163Z,81.58
2026-08-03T16:40:27.051Z,82.72
2026-08-03T16:40:42.126Z,83.7
2026-08-03T16:40:57.244Z,83.7
2026-08-03T16:41:17.814Z,83.7
2026-08-03T16:41:32.43Z,83.7
2026-08-03T16:41:52.511Z,85.19
2026-08-03T16:42:07.579Z,85.19
2026-08-03T16:42:22.687Z,86.34
2026-08-03T16:42:42.72Z,86.99
2026-08-03T16:43:03.051Z,86.99
2026-08-03T16:43:17.934Z,86.99
2026-08-03T16:43:33.072Z,87.68
2026-08-03T16:43:48.154Z,87.68
2026-08-03T16:44:08.648Z,88.31
2026-08-03T16:44:24.213Z,88.31
2026-08-03T16:44:43.38Z,88.31
2026-08-03T16:44:58Z,90.13
2026-08-03T16:44:58.491Z,90.13
2026-08-03T16:45:13.541Z,90.13
2026-08-03T16:45:28.612Z,88.9
2026-08-03T16:45:43.685Z,88.9
2026-08-03T16:46:03.787Z,88.9
2026-08-03T16:46:18.89Z,88.9
2026-08-03T16:46:38.994Z,88.9
2026-08-03T16:46:54.053Z,88.9
2026-08-03T16:47:09.137Z,86.66
2026-08-03T16:47:29.205Z,90.92
2026-08-03T16:47:44.916Z,90.92
2026-08-03T16:47:59.387Z,83.21
2026-08-03T16:48:14.448Z,83.21
2026-08-03T16:48:34.633Z,83.21
2026-08-03T16:48:49.634Z,82.77
2026-08-03T16:49:04.796Z,82.77
2026-08-03T16:49:19.838Z,82.77
2026-08-03T16:49:34.908Z,83.41
2026-08-03T16:49:49Z,85.3
2026-08-03T16:49:50.703Z,85.3
2026-08-03T16:50:08.455Z,85.3
2026-08-03T16:50:25.151Z,85.3
2026-08-03T16:50:40.217Z,157.91
2026-08-03T16:50:56.178Z,157.91
2026-08-03T16:51:10.392Z,96.5
2026-08-03T16:51:25.445Z,96.5
2026-08-03T16:51:40.526Z,96.5
2026-08-03T16:51:57.302Z,96.5
2026-08-03T16:52:10.675Z,157.09
2026-08-03T16:52:30.762Z,106.58
2026-08-03T16:52:45.828Z,106.58
2026-08-03T16:53:03.614Z,106.58
2026-08-03T16:53:20.989Z,92.64
2026-08-03T16:53:36.209Z,93.96
2026-08-03T16:53:51.197Z,93.96
2026-08-03T16:54:06.29Z,93.96
2026-08-03T16:54:21.5Z,93.96
2026-08-03T16:54:36.599Z,93.96
2026-08-03T16:54:51Z,93.96
2026-08-03T16:54:51.661Z,93.96
2026-08-03T16:55:12.84Z,115.47
2026-08-03T16:55:21.828Z,115.47
2026-08-03T16:55:41.934Z,115.47
2026-08-03T16:55:56.981Z,105.99
2026-08-03T16:56:12.09Z,105.99
2026-08-03T16:56:32.14Z,102.86
2026-08-03T16:56:47.251Z,102.86
2026-08-03T16:57:02.997Z,102.86
2026-08-03T16:57:17.396Z,100.83
2026-08-03T16:57:32.504Z,100.83
2026-08-03T16:57:47.593Z,100.64
2026-08-03T16:58:02.866Z,100.64
2026-08-03T16:58:17.699Z,102.93
2026-08-03T16:58:32.83Z,102.93
2026-08-03T16:58:47.913Z,109.9
2026-08-03T16:59:02.98Z,109.9
2026-08-03T16:59:23.121Z,109.9
2026-08-03T16:59:38.124Z,184.5
2026-08-03T16:59:57Z,184.5
2026-08-03T16:59:58.226Z,184.5
2026-08-03T17:00:14.859Z,184.28
2026-08-03T17:00:33.376Z,184.28
2026-08-03T17:00:48.47Z,168.99
2026-08-03T17:01:04.142Z,168.99
2026-08-03T17:01:23.644Z,168.99
2026-08-03T17:01:38.734Z,168.99
2026-08-03T17:01:53.8Z,185.74
2026-08-03T17:02:08.911Z,185.74
2026-08-03T17:02:23.971Z,182.89
2026-08-03T17:02:39.035Z,182.89
2026-08-03T17:02:54.128Z,182.89
2026-08-03T17:03:10.435Z,182.89
2026-08-03T17:03:30.089Z,167.29
2026-08-03T17:03:44.378Z,167.29
2026-08-03T17:03:59.422Z,125.35
2026-08-03T17:04:14.506Z,125.35
2026-08-03T17:04:30.861Z,125.35
2026-08-03T17:04:44.656Z,180.65
2026-08-03T17:04:59Z,180.65
2026-08-03T17:04:59.856Z,180.65
2026-08-03T17:05:14.811Z,177.12
2026-08-03T17:05:34.904Z,177.12
2026-08-03T17:05:50.036Z,185.16
2026-08-03T17:06:05.561Z,185.16
2026-08-03T17:06:20.775Z,185.16
2026-08-03T17:06:40.246Z,185.16
2026-08-03T17:07:00.355Z,181.57
2026-08-03T17:07:20.413Z,180.93
2026-08-03T17:07:36.097Z,180.93
2026-08-03T17:07:50.59Z,180.93
2026-08-03T17:08:05.616Z,180.93
2026-08-03T17:08:20.693Z,176.83
2026-08-03T17:08:35.882Z,176.83
2026-08-03T17:08:50.89Z,176.83
2026-08-03T17:09:05.961Z,174.61
2026-08-03T17:09:21.046Z,174.61
2026-08-03T17:09:41.512Z,172.72
2026-08-03T17:09:55Z,172.72
2026-08-03T17:09:56.274Z,172.72
2026-08-03T17:10:13.963Z,172.72
2026-08-03T17:10:26.386Z,170.42
2026-08-03T17:10:41.518Z,170.42
2026-08-03T17:10:56.653Z,170.42
2026-08-03T17:11:11.762Z,175.07
2026-08-03T17:11:28.802Z,176.02
2026-08-03T17:11:41.882Z,176.02
2026-08-03T17:11:56.969Z,176.02
2026-08-03T17:12:12.034Z,175.9
2026-08-03T17:12:28.684Z,175.9
2026-08-03T17:12:47.187Z,175.9
2026-08-03T17:13:07.312Z,176.86
2026-08-03T17:13:22.383Z,176.86
2026-08-03T17:13:37.455Z,176.39
2026-08-03T17:13:52.562Z,176.39
2026-08-03T17:14:07.682Z,176.39
2026-08-03T17:14:22.716Z,176.39
2026-08-03T17:14:42.755Z,175.07
2026-08-03T17:14:57Z,175.07
2026-08-03T17:14:57.853Z,175.07
2026-08-03T17:15:12.917Z,171.24
2026-08-03T17:15:33.479Z,171.24
2026-08-03T17:15:48.091Z,168.69
2026-08-03T17:16:03.29Z,168.69
2026-08-03T17:16:23.254Z,167.07
2026-08-03T17:16:38.302Z,162.94
2026-08-03T17:16:58.359Z,162.94
2026-08-03T17:17:13.47Z,161.98
2026-08-03T17:17:28.545Z,161.98
2026-08-03T17:17:43.644Z,159.36
2026-08-03T17:18:03.791Z,159.36
2026-08-03T17:18:18.817Z,159.36
2026-08-03T17:18:38.985Z,159.36
2026-08-03T17:18:54.027Z,159.36
2026-08-03T17:19:10.244Z,159.36
2026-08-03T17:19:24.126Z,159.36
2026-08-03T17:19:44.219Z,159.36
2026-08-03T17:20:03Z,159.23
2026-08-03T17:20:09.532Z,159.23
2026-08-03T17:20:19.39Z,159.23
2026-08-03T17:20:34.455Z,157.98
2026-08-03T17:20:49.546Z,152.65
2026-08-03T17:21:10.534Z,152.65
2026-08-03T17:21:29.673Z,151.11
2026-08-03T17:21:44.731Z,148.73
2026-08-03T17:22:05.032Z,148.73
2026-08-03T17:22:19.923Z,148.73
2026-08-03T17:22:40.293Z,145.16
2026-08-03T17:22:55.228Z,145.16
2026-08-03T17:23:10.3Z,145.16
2026-08-03T17:23:30.354Z,97.75
2026-08-03T17:23:50.434Z,97.75
2026-08-03T17:24:10.552Z,128.23
2026-08-03T17:24:25.625Z,128.23
2026-08-03T17:24:45.677Z,134.08
2026-08-03T17:25:00Z,123.63
2026-08-03T17:25:00.751Z,123.63
2026-08-03T17:25:15.879Z,123.63
2026-08-03T17:25:30.969Z,123.63
2026-08-03T17:25:46.051Z,123.63
2026-08-03T17:26:06.116Z,122.83
2026-08-03T17:26:26.285Z,124.1
2026-08-03T17:26:46.286Z,124.1
2026-08-03T17:27:03.784Z,124.1
2026-08-03T17:27:16.472Z,108.84
2026-08-03T17:27:31.568Z,108.84
2026-08-03T17:27:46.842Z,117.33
2026-08-03T17:28:06.7Z,117.33
2026-08-03T17:28:21.765Z,117.33
2026-08-03T17:28:41.817Z,117.33
2026-08-03T17:28:56.919Z,136.35
2026-08-03T17:29:17Z,136.35
2026-08-03T17:29:32.206Z,136.74
2026-08-03T17:29:52.275Z,135.88
2026-08-03T17:30:07Z,135.88
2026-08-03T17:30:12.792Z,135.88
2026-08-03T17:30:22.506Z,135.88
2026-08-03T17:30:42.593Z,135.88
2026-08-03T17:30:57.68Z,135.88
2026-08-03T17:31:12.714Z,140.71
2026-08-03T17:31:27.79Z,140.71
2026-08-03T17:31:47.859Z,139.97
2026-08-03T17:32:05.446Z,139.97
2026-08-03T17:32:18.07Z,137.79
2026-08-03T17:32:33.113Z,137.79
2026-08-03T17:32:48.183Z,136.28
2026-08-03T17:33:08.542Z,136.28
2026-08-03T17:33:28.367Z,136.28
2026-08-03T17:33:43.407Z,134.6
2026-08-03T17:33:58.5Z,134.6
2026-08-03T17:34:13.562Z,134.6
2026-08-03T17:34:28.66Z,134.24
2026-08-03T17:34:43.721Z,134.41
2026-08-03T17:34:59.152Z,134.41
2026-08-03T17:35:13Z,134.41
2026-08-03T17:35:15.018Z,134.41
2026-08-03T17:35:33.926Z,134.41
2026-08-03T17:35:49.02Z,134.41
2026-08-03T17:36:04.08Z,108.1
2026-08-03T17:36:24.164Z,108.1
2026-08-03T17:36:39.242Z,122.5
2026-08-03T17:36:59.336Z,122.5
2026-08-03T17:37:14.643Z,121.43
2026-08-03T17:37:29.995Z,121.43
2026-08-03T17:37:44.669Z,121.43
2026-08-03T17:38:05.564Z,91.19
2026-08-03T17:38:20.167Z,91.19
2026-08-03T17:38:35.045Z,90.8
2026-08-03T17:38:49.963Z,90.8
2026-08-03T17:39:05.856Z,107.76
2026-08-03T17:39:20.115Z,107.76
2026-08-03T17:39:35.19Z,107.76
2026-08-03T17:39:55.256Z,107.76
2026-08-03T17:40:09Z,127.75
2026-08-03T17:40:12.56Z,127.75
2026-08-03T17:40:25.444Z,127.75
2026-08-03T17:40:45.702Z,127.75
2026-08-03T17:41:05.634Z,129.29
2026-08-03T17:41:21.021Z,129.29
2026-08-03T17:41:35.716Z,126.99
2026-08-03T17:41:50.798Z,126.99
2026-08-03T17:42:06.336Z,126.99
2026-08-03T17:42:20.967Z,126.99
2026-08-03T17:42:41.013Z,76.52
2026-08-03T17:42:56.112Z,76.52
2026-08-03T17:43:16.178Z,73.43
2026-08-03T17:43:36.231Z,73.43
2026-08-03T17:43:51.321Z,71.77
2026-08-03T17:44:11.399Z,71.77
2026-08-03T17:44:26.496Z,81.06
2026-08-03T17:44:41.659Z,81.06
2026-08-03T17:44:56.79Z,81.06
2026-08-03T17:45:11Z,81.06
2026-08-03T17:45:11.943Z,81.06
2026-08-03T17:45:27.016Z,103.06
2026-08-03T17:45:42.819Z,103.06
2026-08-03T17:45:57.169Z,97.18
2026-08-03T17:46:12.262Z,97.18
2026-08-03T17:46:32.341Z,97.18
2026-08-03T17:46:48.981Z,97.18
2026-08-03T17:47:02.796Z,104.97
2026-08-03T17:47:17.575Z,104.97
2026-08-03T17:47:32.66Z,104.97
2026-08-03T17:47:52.933Z,105.29
2026-08-03T17:48:07.77Z,105.29
2026-08-03T17:48:22.893Z,105.29
2026-08-03T17:48:37.932Z,106.85
2026-08-03T17:48:58.012Z,106.85
2026-08-03T17:49:13.211Z,106.85
2026-08-03T17:49:28.216Z,106.85
2026-08-03T17:49:43.276Z,106.85
2026-08-03T17:50:00.066Z,106.85
2026-08-03T17:50:13Z,116.94
2026-08-03T17:50:14.046Z,116.94
2026-08-03T17:50:28.504Z,116.94
2026-08-03T17:50:43.59Z,116.94
2026-08-03T17:50:58.765Z,113.84
2026-08-03T17:51:13.794Z,113.84
2026-08-03T17:51:33.804Z,113.84
2026-08-03T17:51:48.903Z,81.47
2026-08-03T17:52:03.971Z,87.95
2026-08-03T17:52:19.045Z,87.95
2026-08-03T17:52:34.174Z,92.02
2026-08-03T17:52:54.228Z,92.02
2026-08-03T17:53:09.312Z,92.02
2026-08-03T17:53:24.388Z,81.67
2026-08-03T17:53:39.471Z,81.67
2026-08-03T17:53:54.549Z,92.62
2026-08-03T17:54:10.134Z,92.62
2026-08-03T17:54:24.804Z,92.62
2026-08-03T17:54:44.783Z,100.62
2026-08-03T17:55:04Z,100.62
2026-08-03T17:55:11.662Z,100.62
2026-08-03T17:55:25.846Z,99.63
2026-08-03T17:55:45.019Z,99.63
2026-08-03T17:56:00.093Z,105.63
2026-08-03T17:56:15.168Z,105.63
2026-08-03T17:56:30.251Z,106.62
2026-08-03T17:56:45.334Z,106.62
2026-08-03T17:57:00.43Z,106.28
2026-08-03T17:57:16.119Z,106.28
2026-08-03T17:57:30.743Z,106.53
2026-08-03T17:57:45.816Z,106.53
2026-08-03T17:58:03.051Z,105.55
2026-08-03T17:58:15.962Z,105.55
2026-08-03T17:58:31.023Z,105.55
2026-08-03T17:58:46.1Z,105.45
2026-08-03T17:59:02.496Z,105.45
2026-08-03T17:59:21.245Z,105.65
2026-08-03T17:59:36.324Z,105.65
2026-08-03T17:59:51.419Z,105.65
2026-08-03T18:00:06Z,110.67
2026-08-03T18:00:12.319Z,110.67
2026-08-03T18:00:26.58Z,111.3
2026-08-03T18:00:41.629Z,111.3
2026-08-03T18:00:56.697Z,111.3
2026-08-03T18:01:11.794Z,111.73
2026-08-03T18:01:31.847Z,111.73
2026-08-03T18:01:46.925Z,113.28
2026-08-03T18:02:07.146Z,113.28
2026-08-03T18:02:22.152Z,105.08
2026-08-03T18:02:42.171Z,105.08
2026-08-03T18:02:59.766Z,105.08
2026-08-03T18:03:12.329Z,124.93
2026-08-03T18:03:27.409Z,124.93
2026-08-03T18:03:42.473Z,124.93
2026-08-03T18:03:57.578Z,127.92
2026-08-03T18:04:12.634Z,128.86
2026-08-03T18:04:32.793Z,128.86
2026-08-03T18:04:47.802Z,124.78
2026-08-03T18:05:08.303Z,124.78
2026-08-03T18:05:17Z,124.78
2026-08-03T18:05:17.963Z,124.78
2026-08-03T18:05:33.109Z,119.17
2026-08-03T18:05:48.122Z,113.67
2026-08-03T18:06:03.191Z,113.67
2026-08-03T18:06:18.818Z,113.67
2026-08-03T18:06:33.339Z,113.67
2026-08-03T18:06:48.4Z,102.51
2026-08-03T18:07:03.478Z,102.51
2026-08-03T18:07:24.656Z,91.64
2026-08-03T18:07:43.743Z,91.64
2026-08-03T18:07:59.314Z,86.73
2026-08-03T18:08:14.68Z,86.73
2026-08-03T18:08:28.947Z,84.66
2026-08-03T18:08:44.083Z,84.66
2026-08-03T18:08:59.094Z,84.26
2026-08-03T18:09:14.175Z,84.26
2026-08-03T18:09:29.882Z,84.26
2026-08-03T18:09:44.353Z,84.81
2026-08-03T18:09:59.415Z,82.87
2026-08-03T18:10:19Z,82.87
2026-08-03T18:10:19.472Z,82.87
2026-08-03T18:10:34.568Z,76.33
2026-08-03T18:10:49.697Z,76.33
2026-08-03T18:11:09.797Z,76.33
2026-08-03T18:11:29.837Z,76.33
2026-08-03T18:11:49.911Z,56.01
2026-08-03T18:12:04.998Z,56.01
2026-08-03T18:12:20.142Z,49.11
2026-08-03T18:12:40.21Z,49.11
2026-08-03T18:13:00.298Z,46.5
2026-08-03T18:13:15.573Z,46.5
2026-08-03T18:13:30.454Z,45.72
2026-08-03T18:13:45.504Z,44.34
2026-08-03T18:14:02.49Z,44.34
2026-08-03T18:14:20.668Z,43.41
2026-08-03T18:14:35.976Z,43.41
2026-08-03T18:14:51.031Z,42.99
2026-08-03T18:15:13.162Z,42.99
2026-08-03T18:15:25Z,42.14
2026-08-03T18:15:26.203Z,42.14
2026-08-03T18:15:41.291Z,42.14
2026-08-03T18:16:02.642Z,41.76
2026-08-03T18:16:16.405Z,41.76
2026-08-03T18:16:34.823Z,41.76
2026-08-03T18:16:46.589Z,40.74
2026-08-03T18:17:02.819Z,40.74
2026-08-03T18:17:17.04Z,40.5
2026-08-03T18:17:31.784Z,40.5
2026-08-03T18:17:46.903Z,40.03
2026-08-03T18:18:02.697Z,40.03
2026-08-03T18:18:17.076Z,40.03
2026-08-03T18:18:33.233Z,38.99
2026-08-03T18:18:47.178Z,38.99
2026-08-03T18:19:04.411Z,38.99
2026-08-03T18:19:17.395Z,38.99
2026-08-03T18:19:32.442Z,37.25
2026-08-03T18:19:47.577Z,37.25
2026-08-03T18:20:11.238Z,36.94
2026-08-03T18:20:17Z,36.94
2026-08-03T18:20:17.684Z,36.94
2026-08-03T18:20:32.777Z,36.94
2026-08-03T18:20:49.13Z,36.94
2026-08-03T18:21:02.952Z,42.49
2026-08-03T18:21:18.013Z,42.49
2026-08-03T18:21:33.115Z,42.49
2026-08-03T18:21:48.5Z,44.87
2026-08-03T18:22:03.214Z,44.87
2026-08-03T18:22:18.35Z,44.87
2026-08-03T18:22:33.424Z,40.15
2026-08-03T18:22:53.49Z,40.15
2026-08-03T18:23:13.559Z,40.15
2026-08-03T18:23:28.642Z,40.15
2026-08-03T18:23:43.722Z,40.15
2026-08-03T18:24:05.932Z,36.53
2026-08-03T18:24:18.877Z,36.53
2026-08-03T18:24:34.024Z,35.21
2026-08-03T18:24:49.139Z,34.64
2026-08-03T18:25:12.264Z,34.64
2026-08-03T18:25:23Z,34.64
2026-08-03T18:25:24.291Z,34.64
2026-08-03T18:25:39.35Z,34.0
2026-08-03T18:25:54.791Z,33.5
2026-08-03T18:26:14.521Z,33.5
2026-08-03T18:26:29.584Z,33.5
2026-08-03T18:26:44.72Z,32.87
2026-08-03T18:26:59.89Z,32.53
2026-08-03T18:27:14.837Z,32.53
2026-08-03T18:27:29.909Z,32.2
2026-08-03T18:27:45.612Z,32.2
2026-08-03T18:28:00.589Z,31.76
2026-08-03T18:28:15.183Z,31.76
2026-08-03T18:28:35.276Z,31.8
2026-08-03T18:28:50.334Z,31.8
2026-08-03T18:29:05.38Z,31.8
2026-08-03T18:29:25.481Z,32.02
2026-08-03T18:29:45.565Z,31.33
2026-08-03T18:30:12.378Z,31.33
2026-08-03T18:30:20Z,31.33
2026-08-03T18:30:20.718Z,31.33
2026-08-03T18:30:35.802Z,31.33
2026-08-03T18:30:55.89Z,29.24
2026-08-03T18:31:10.974Z,29.24
2026-08-03T18:31:26.117Z,29.24
2026-08-03T18:31:41.226Z,26.68
2026-08-03T18:31:56.254Z,26.68
2026-08-03T18:32:11.326Z,26.68
2026-08-03T18:32:27.017Z,26.68
2026-08-03T18:32:42.291Z,26.68
2026-08-03T18:32:56.568Z,26.68
2026-08-03T18:33:11.649Z,24.64
2026-08-03T18:33:31.714Z,24.64
2026-08-03T18:33:46.81Z,24.5
2026-08-03T18:34:06.857Z,24.5
2026-08-03T18:34:22.479Z,24.56
2026-08-03T18:34:37.371Z,24.56
2026-08-03T18:34:57.127Z,24.56
2026-08-03T18:35:16Z,24.46
2026-08-03T18:35:17.191Z,24.46
2026-08-03T18:35:37.698Z,24.46
2026-08-03T18:35:52.378Z,24.27
2026-08-03T18:36:14.212Z,23.95
2026-08-03T18:36:27.516Z,23.95
2026-08-03T18:36:42.641Z,23.95
2026-08-03T18:36:57.69Z,23.95
2026-08-03T18:37:17.766Z,22.67
2026-08-03T18:37:32.909Z,22.67
2026-08-03T18:37:53.198Z,22.03
2026-08-03T18:38:08.004Z,22.03
2026-08-03T18:38:23.117Z,22.03
2026-08-03T18:38:43.212Z,21.25
2026-08-03T18:38:58.228Z,21.25
2026-08-03T18:39:13.349Z,19.98
2026-08-03T18:39:33.507Z,19.98
2026-08-03T18:39:53.542Z,19.36
2026-08-03T18:40:12.406Z,19.36
2026-08-03T18:40:23Z,18.98
2026-08-03T18:40:23.645Z,18.98
2026-08-03T18:40:43.746Z,18.59
2026-08-03T18:40:58.806Z,18.59
2026-08-03T18:41:13.887Z,18.59
2026-08-03T18:41:28.954Z,18.59
2026-08-03T18:41:49.041Z,17.84
2026-08-03T18:42:09.188Z,17.63
2026-08-03T18:42:29.254Z,17.0
2026-08-03T18:42:44.295Z,17.0
2026-08-03T18:42:59.378Z,16.5
2026-08-03T18:43:21.664Z,16.5
2026-08-03T18:43:34.816Z,16.26
2026-08-03T18:43:54.545Z,15.99
2026-08-03T18:44:09.643Z,15.99
2026-08-03T18:44:24.74Z,15.67
2026-08-03T18:44:39.819Z,15.67
2026-08-03T18:44:54.933Z,15.67
2026-08-03T18:45:12.6Z,14.73
2026-08-03T18:45:24Z,14.73
2026-08-03T18:45:26.981Z,14.73
2026-08-03T18:45:40.618Z,14.73
2026-08-03T18:45:55.3Z,14.73
2026-08-03T18:46:10.381Z,14.08
2026-08-03T18:46:25.434Z,14.08
2026-08-03T18:46:41.043Z,13.52
2026-08-03T18:46:55.63Z,13.52
2026-08-03T18:47:10.742Z,13.14
2026-08-03T18:47:29.335Z,13.14
2026-08-03T18:47:40.879Z,13.0
2026-08-03T18:47:55.936Z,13.0
2026-08-03T18:48:11.941Z,12.79
2026-08-03T18:48:26.121Z,12.79
2026-08-03T18:48:46.252Z,12.56
2026-08-03T18:49:02.78Z,12.56
2026-08-03T18:49:16.348Z,12.56
2026-08-03T18:49:32.216Z,12.56
2026-08-03T18:49:46.49Z,12.56
2026-08-03T18:50:09.078Z,12.35
2026-08-03T18:50:22.348Z,12.35
2026-08-03T18:50:36Z,12.35
2026-08-03T18:50:36.787Z,12.35
2026-08-03T18:50:51.795Z,12.35
2026-08-03T18:51:06.867Z,12.16
2026-08-03T18:51:21.949Z,12.16
2026-08-03T18:51:37.033Z,12.05
2026-08-03T18:51:52.14Z,12.05
2026-08-03T18:52:07.222Z,12.05
2026-08-03T18:52:27.274Z,12.05
2026-08-03T18:52:47.371Z,12.05
2026-08-03T18:53:02.831Z,11.74
2026-08-03T18:53:17.656Z,11.71
2026-08-03T18:53:32.84Z,11.66
2026-08-03T18:53:52.666Z,11.66
2026-08-03T18:54:07.731Z,11.66
2026-08-03T18:54:22.91Z,11.42
2026-08-03T18:54:37.974Z,11.42
2026-08-03T18:54:53.036Z,11.27
2026-08-03T18:55:12.62Z,11.19
2026-08-03T18:55:23.184Z,11.19
2026-08-03T18:55:37Z,11.19
2026-08-03T18:55:38.284Z,11.19
2026-08-03T18:55:53.332Z,10.98
2026-08-03T18:56:08.533Z,10.98
2026-08-03T18:56:23.487Z,10.98
2026-08-03T18:56:38.564Z,10.98
2026-08-03T18:56:53.699Z,10.98
2026-08-03T18:57:08.772Z,10.81
2026-08-03T18:57:23.853Z,10.81
2026-08-03T18:57:38.998Z,10.48
2026-08-03T18:57:54.049Z,10.48
2026-08-03T18:58:09.537Z,10.35
2026-08-03T18:58:24.287Z,10.35
2026-08-03T18:58:39.364Z,10.35
2026-08-03T18:58:54.425Z,10.35
2026-08-03T18:59:09.51Z,9.59
2026-08-03T18:59:25.401Z,9.59
2026-08-03T18:59:39.684Z,9.59
2026-08-03T18:59:54.765Z,8.78
2026-08-03T19:00:13.039Z,8.54
2026-08-03T19:00:29Z,8.54
2026-08-03T19:00:29.898Z,8.54
2026-08-03T19:00:44.97Z,8.02
2026-08-03T19:01:00.083Z,8.02
2026-08-03T19:01:15.128Z,8.02
2026-08-03T19:01:35.228Z,7.37
2026-08-03T19:01:50.322Z,7.37
2026-08-03T19:02:05.471Z,7.18
2026-08-03T19:02:20.541Z,7.18
2026-08-03T19:02:35.596Z,7.18
2026-08-03T19:02:55.616Z,6.79
2026-08-03T19:03:10.684Z,6.79
2026-08-03T19:03:25.748Z,6.59
2026-08-03T19:03:40.902Z,6.59
2026-08-03T19:04:02.559Z,6.2
2026-08-03T19:04:16.033Z,6.2
2026-08-03T19:04:33.387Z,6.2
2026-08-03T19:04:46.382Z,5.61
2026-08-03T19:05:12.687Z,5.61
2026-08-03T19:05:21.573Z,5.42
2026-08-03T19:05:36Z,5.42
2026-08-03T19:05:36.766Z,5.42
2026-08-03T19:05:51.801Z,5.42
2026-08-03T19:06:06.88Z,4.81
2026-08-03T19:06:27.233Z,4.81
2026-08-03T19:06:42.123Z,4.36
2026-08-03T19:07:02.704Z,4.36
2026-08-03T19:07:17.318Z,3.91
2026-08-03T19:07:39.252Z,3.91
2026-08-03T19:07:57.48Z,3.91
2026-08-03T19:08:12.569Z,3.45
2026-08-03T19:08:27.632Z,3.45
2026-08-03T19:08:42.745Z,3.05
2026-08-03T19:08:57.815Z,2.89
2026-08-03T19:09:12.851Z,2.89
2026-08-03T19:09:28.01Z,2.89
2026-08-03T19:09:43.063Z,2.58
2026-08-03T19:09:58.133Z,2.58
2026-08-03T19:10:18.343Z,2.34
2026-08-03T19:10:32Z,2.34
2026-08-03T19:10:33.907Z,2.34
2026-08-03T19:10:48.432Z,2.25
2026-08-03T19:11:08.526Z,2.25
2026-08-03T19:11:23.605Z,1.99
2026-08-03T19:11:38.83Z,1.99
2026-08-03T19:11:53.948Z,1.99
2026-08-03T19:12:14.055Z,1.99
2026-08-03T19:12:29.099Z,1.8
2026-08-03T19:12:44.188Z,1.74
2026-08-03T19:12:59.245Z,1.74
2026-08-03T19:13:19.868Z,1.74
2026-08-03T19:13:39.554Z,1.66
2026-08-03T19:13:59.49Z,1.66
2026-08-03T19:14:14.563Z,1.66
2026-08-03T19:14:34.656Z,1.57
2026-08-03T19:14:49.729Z,1.57
2026-08-03T19:15:12.137Z,1.53
2026-08-03T19:15:24.925Z,1.49
2026-08-03T19:15:44Z,1.49
2026-08-03T19:15:45.216Z,1.49
2026-08-03T19:16:00.019Z,1.42
2026-08-03T19:16:20.096Z,1.42
2026-08-03T19:16:35.194Z,1.33
2026-08-03T19:16:50.315Z,1.33
2026-08-03T19:17:05.398Z,1.28
2026-08-03T19:17:20.461Z,1.28
2026-08-03T19:17:35.53Z,1.17
2026-08-03T19:17:50.635Z,1.17
2026-08-03T19:18:05.69Z,1.09
2026-08-03T19:18:20.889Z,1.09
2026-08-03T19:18:40.971Z,1.09
2026-08-03T19:18:56.066Z,1.09
2026-08-03T19:19:16.734Z,0.97
2026-08-03T19:19:36.214Z,0.94
2026-08-03T19:19:51.424Z,0.9
2026-08-03T19:20:12.136Z,0.85
2026-08-03T19:20:31.421Z,0.85
2026-08-03T19:20:46Z,0.8
2026-08-03T19:20:46.989Z,0.8
2026-08-03T19:21:03.281Z,0.78
2026-08-03T19:21:16.692Z,0.78
2026-08-03T19:21:31.779Z,0.78
2026-08-03T19:21:47.835Z,0.78
2026-08-03T19:22:03.034Z,0.78
2026-08-03T19:22:17.085Z,0.67
2026-08-03T19:22:32.215Z,0.67
2026-08-03T19:22:47.226Z,0.67
2026-08-03T19:23:07.318Z,0.67
2026-08-03T19:23:22.388Z,0.67
2026-08-03T19:23:42.458Z,0.53
2026-08-03T19:23:57.964Z,0.53
2026-08-03T19:24:17.678Z,0.53
2026-08-03T19:24:32.744Z,0.49
2026-08-03T19:24:48.076Z,0.49
2026-08-03T19:25:09.383Z,0.46
2026-08-03T19:25:17.973Z,0.46
2026-08-03T19:25:37Z,0.43
2026-08-03T19:25:38.032Z,0.43
2026-08-03T19:25:53.298Z,0.43
2026-08-03T19:26:13.18Z,0.4
2026-08-03T19:26:33.312Z,0.36
2026-08-03T19:26:48.388Z,0.36
2026-08-03T19:27:03.475Z,0.35
2026-08-03T19:27:18.532Z,0.35
2026-08-03T19:27:33.656Z,0.35
2026-08-03T19:27:54.513Z,0.31
2026-08-03T19:28:08.867Z,0.31
2026-08-03T19:28:28.977Z,0.31
2026-08-03T19:28:49.038Z,0.25
2026-08-03T19:29:04.719Z,0.25
2026-08-03T19:29:24.48Z,0.24
2026-08-03T19:29:39.554Z,0.23
2026-08-03T19:29:54.583Z,0.23
2026-08-03T19:30:10.039Z,0.23
2026-08-03T19:30:24.859Z,0.21
2026-08-03T19:30:44Z,0.19
2026-08-03T19:30:44.878Z,0.19
2026-08-03T19:30:59.924Z,0.19
2026-08-03T19:31:15.025Z,0.18
2026-08-03T19:31:35.131Z,0.18
2026-08-03T19:31:50.872Z,0.17
2026-08-03T19:32:05.355Z,0.17
2026-08-03T19:32:25.418Z,0.17
2026-08-03T19:32:45.516Z,0.15
2026-08-03T19:33:05.575Z,0.15
2026-08-03T19:33:25.656Z,0.15
2026-08-03T19:33:45.744Z,0.15
2026-08-03T19:34:02.85Z,0.11
2026-08-03T19:34:15.868Z,0.11
2026-08-03T19:34:30.927Z,0.11
2026-08-03T19:34:46.049Z,0.1
2026-08-03T19:35:11.621Z,0.1
2026-08-03T19:35:16.187Z,0.1
2026-08-03T19:35:36.301Z,0.1
2026-08-03T19:35:50Z,0.09
2026-08-03T19:35:51.334Z,0.09
2026-08-03T19:36:06.399Z,0.09
2026-08-03T19:36:26.513Z,0.06
2026-08-03T19:36:41.562Z,0.06
2026-08-03T19:36:56.646Z,0.06
2026-08-03T19:37:11.722Z,0.09
2026-08-03T19:37:31.801Z,0.09
2026-08-03T19:37:46.889Z,0.09
2026-08-03T19:38:06.964Z,0.09
2026-08-03T19:38:29.296Z,0.08
2026-08-03T19:38:42.116Z,0.08
2026-08-03T19:39:02.731Z,0.08
2026-08-03T19:39:18.304Z,0.07
2026-08-03T19:39:33.028Z,0.07
2026-08-03T19:39:47.5Z,0.07
2026-08-03T19:40:10.883Z,0.07
2026-08-03T19:40:27.615Z,0.06
2026-08-03T19:40:42Z,0.06
2026-08-03T19:40:42.694Z,0.06
2026-08-03T19:41:03.967Z,0.06
2026-08-03T19:41:18.035Z,0.06
2026-08-03T19:41:37.939Z,0.05
2026-08-03T19:41:58.181Z,0.05
2026-08-03T19:42:13.091Z,0.05
2026-08-03T19:42:33.265Z,0.05
2026-08-03T19:42:48.32Z,0.05
2026-08-03T19:43:03.991Z,0.05
2026-08-03T19:43:18.452Z,0.05
2026-08-03T19:43:33.476Z,0.05
2026-08-03T19:43:48.548Z,0.05
2026-08-03T19:44:03.637Z,0.05
2026-08-03T19:44:18.707Z,0.05
2026-08-03T19:44:33.858Z,0.05
2026-08-03T19:44:53.905Z,0.05
2026-08-03T19:45:14.482Z,0.05
2026-08-03T19:45:24.11Z,0.05
2026-08-03T19:45:43Z,0.05
2026-08-03T19:45:44.104Z,0.05
2026-08-03T19:45:59.177Z,0.05
2026-08-03T19:46:14.284Z,0.05
2026-08-03T19:46:29.37Z,0.03
2026-08-03T19:46:44.438Z,0.03
2026-08-03T19:46:59.493Z,0.04
2026-08-03T19:47:14.573Z,0.04
2026-08-03T19:47:34.681Z,0.04
2026-08-03T19:47:49.723Z,0.03
2026-08-03T19:48:04.811Z,0.03
2026-08-03T19:48:19.879Z,0.03
2026-08-03T19:48:39.971Z,0.04
2026-08-03T19:49:00.058Z,0.04
2026-08-03T19:49:15.132Z,0.04
2026-08-03T19:49:30.218Z,0.04
2026-08-03T19:49:50.281Z,0.04
2026-08-03T19:50:11.721Z,0.04
2026-08-03T19:50:20.425Z,0.04
2026-08-03T19:50:35.498Z,0.05
2026-08-03T19:50:50Z,0.05
2026-08-03T19:50:50.576Z,0.05
2026-08-03T19:51:05.682Z,0.05
2026-08-03T19:51:20.779Z,0.05
2026-08-03T19:51:41.343Z,0.04
2026-08-03T19:51:56.029Z,0.03
2026-08-03T19:52:11.083Z,0.03
2026-08-03T19:52:31.162Z,0.03
2026-08-03T19:52:46.43Z,0.05
2026-08-03T19:53:03.028Z,0.05
2026-08-03T19:53:16.543Z,0.04
2026-08-03T19:53:31.6Z,0.04
2026-08-03T19:53:51.767Z,0.04
2026-08-03T19:54:06.979Z,0.04
2026-08-03T19:54:27.05Z,0.04
2026-08-03T19:54:42.156Z,0.04
2026-08-03T19:54:57.221Z,0.04
2026-08-03T19:55:12.564Z,0.03
2026-08-03T19:55:27.36Z,0.03
2026-08-03T19:55:42Z,0.04
2026-08-03T19:55:42.424Z,0.04
2026-08-03T19:56:02.913Z,0.04
2026-08-03T19:56:17.692Z,0.04
2026-08-03T19:56:32.764Z,0.04
2026-08-03T19:56:47.84Z,0.04
2026-08-03T19:57:02.911Z,0.04
2026-08-03T19:57:18.172Z,0.04
2026-08-03T19:57:33.207Z,0.04
2026-08-03T19:57:53.313Z,0.04
2026-08-03T19:58:08.381Z,0.04
2026-08-03T19:58:23.466Z,0.04
2026-08-03T19:58:38.525Z,0.04
2026-08-03T19:58:53.704Z,0.04
2026-08-03T19:59:13.764Z,0.04
2026-08-03T19:59:33.768Z,0.04
2026-08-03T19:59:53.895Z,0.04
2026-08-03T20:00:10.862Z,0.04
2026-08-03T20:00:24.053Z,0.05
2026-08-03T20:00:44.107Z,0.04
2026-08-03T20:00:58Z,0.04
2026-08-03T20:00:59.205Z,0.04
2026-08-03T20:01:14.228Z,0.05
2026-08-03T20:01:29.357Z,0.05
2026-08-03T20:01:44.618Z,0.03
2026-08-03T20:02:00.789Z,0.03
2026-08-03T20:02:15.188Z,0.03
2026-08-03T20:02:29.758Z,0.03
2026-08-03T20:02:44.733Z,0.03
2026-08-03T20:03:04.869Z,0.02
2026-08-03T20:03:20.554Z,0.02
2026-08-03T20:03:39.971Z,0.02
2026-08-03T20:03:55.114Z,0.04
2026-08-03T20:04:10.181Z,0.04
2026-08-03T20:04:30.235Z,0.04
2026-08-03T20:04:50.317Z,0.04
2026-08-03T20:05:08.945Z,0.03
2026-08-03T20:05:25.485Z,0.05
2026-08-03T20:05:45.581Z,0.05
2026-08-03T20:06:00Z,0.05
2026-08-03T20:06:02.666Z,0.05
2026-08-03T20:06:15.753Z,0.05
2026-08-03T20:06:32.914Z,0.04
2026-08-03T20:06:45.949Z,0.04
2026-08-03T20:07:03.089Z,0.04
2026-08-03T20:07:16.099Z,0.04
2026-08-03T20:07:36.128Z,0.04
2026-08-03T20:07:51.189Z,0.04
2026-08-03T20:08:06.295Z,0.04
2026-08-03T20:08:26.377Z,0.03
2026-08-03T20:08:47.196Z,0.03
2026-08-03T20:09:02.465Z,0.02
2026-08-03T20:09:16.58Z,0.02
2026-08-03T20:09:31.688Z,0.03
2026-08-03T20:09:46.743Z,0.03
2026-08-03T20:10:09.036Z,0.03
2026-08-03T20:10:17.135Z,0.03
2026-08-03T20:10:32.132Z,0.03
2026-08-03T20:10:48.201Z,0.04
2026-08-03T20:11:01Z,0.04
2026-08-03T20:11:02.681Z,0.04
2026-08-03T20:11:17.502Z,0.04
2026-08-03T20:11:32.607Z,0.04
2026-08-03T20:11:49.971Z,0.04
2026-08-03T20:12:02.942Z,0.04
2026-08-03T20:12:17.802Z,0.04
2026-08-03T20:12:32.87Z,0.04
2026-08-03T20:12:52.959Z,0.03
2026-08-03T20:13:08.037Z,0.03
2026-08-03T20:13:28.125Z,0.03
2026-08-03T20:13:43.302Z,0.03
2026-08-03T20:13:58.353Z,0.03
2026-08-03T20:14:14.158Z,0.03
2026-08-03T20:14:28.493Z,0.04
2026-08-03T20:14:48.547Z,0.04
2026-08-03T20:15:11.754Z,0.04
2026-08-03T20:15:18.701Z,0.04
2026-08-03T20:15:38.787Z,0.03
2026-08-03T20:15:53Z,0.03
2026-08-03T20:15:53.835Z,0.03
2026-08-03T20:16:08.969Z,0.04
2026-08-03T20:16:24.066Z,0.04
2026-08-03T20:16:44.139Z,0.04
2026-08-03T20:16:59.25Z,0.04
2026-08-03T20:17:14.322Z,0.04
2026-08-03T20:17:29.362Z,0.05
2026-08-03T20:17:44.443Z,0.05
2026-08-03T20:18:04.523Z,0.03
2026-08-03T20:18:24.641Z,0.02
2026-08-03T20:18:44.675Z,0.04
2026-08-03T20:18:59.81Z,0.04
2026-08-03T20:19:14.833Z,0.04
2026-08-03T20:19:34.925Z,0.04
2026-08-03T20:19:55.11Z,0.04
2026-08-03T20:20:13.541Z,0.04
2026-08-03T20:20:30.15Z,0.04
2026-08-03T20:20:45.204Z,0.04
2026-08-03T20:20:59Z,0.05
2026-08-03T20:21:00.297Z,0.05
2026-08-03T20:21:15.348Z,0.05
2026-08-03T20:21:30.496Z,0.05
2026-08-03T20:21:50.524Z,0.04
2026-08-03T20:22:06.346Z,0.04
2026-08-03T20:22:20.686Z,0.03
2026-08-03T20:22:35.749Z,0.03
2026-08-03T20:22:55.906Z,0.03
2026-08-03T20:23:16.055Z,0.03
2026-08-03T20:23:31.121Z,0.03
2026-08-03T20:23:46.202Z,0.03
2026-08-03T20:24:02.959Z,0.05
2026-08-03T20:24:16.3Z,0.05
2026-08-03T20:24:31.375Z,0.05
2026-08-03T20:24:46.475Z,0.05
2026-08-03T20:25:10.559Z,0.05
2026-08-03T20:25:17.029Z,0.05
2026-08-03T20:25:32.393Z,0.05
2026-08-03T20:25:51.833Z,0.03
2026-08-03T20:26:06Z,0.04
2026-08-03T20:26:09.561Z,0.04
2026-08-03T20:26:22.016Z,0.04
2026-08-03T20:26:37.107Z,0.03
2026-08-03T20:26:52.164Z,0.03
2026-08-03T20:27:07.834Z,0.03
2026-08-03T20:27:22.328Z,0.03
2026-08-03T20:27:42.414Z,0.03
2026-08-03T20:27:57.476Z,0.03
2026-08-03T20:28:17.539Z,0.03
2026-08-03T20:28:32.668Z,0.03
2026-08-03T20:28:48.437Z,0.03
2026-08-03T20:29:07.908Z,0.02
2026-08-03T20:29:23.972Z,0.02
2026-08-03T20:29:38.586Z,0.04
2026-08-03T20:29:58.147Z,0.02
2026-08-03T20:30:13.262Z,0.02
2026-08-03T20:30:33.939Z,0.02
2026-08-03T20:30:53.355Z,0.02
2026-08-03T20:31:08Z,0.02
2026-08-03T20:31:08.441Z,0.02
2026-08-03T20:31:29.496Z,0.02
2026-08-03T20:31:43.617Z,0.02
2026-08-03T20:31:58.746Z,0.03
2026-08-03T20:32:13.773Z,0.03
2026-08-03T20:32:33.85Z,0.03
2026-08-03T20:32:48.89Z,0.03
2026-08-03T20:33:03.959Z,0.03
2026-08-03T20:33:24.052Z,0.03
2026-08-03T20:33:44.164Z,0.03
2026-08-03T20:33:59.709Z,0.03
2026-08-03T20:34:19.296Z,0.04
2026-08-03T20:34:34.354Z,0.03
2026-08-03T20:34:49.424Z,0.03
2026-08-03T20:35:11.699Z,0.04
2026-08-03T20:35:19.605Z,0.04
2026-08-03T20:35:34.716Z,0.04
2026-08-03T20:35:54.782Z,0.04
2026-08-03T20:36:09Z,0.05
2026-08-03T20:36:10.342Z,0.05
2026-08-03T20:36:29.964Z,0.05
2026-08-03T20:36:45.049Z,0.03
2026-08-03T20:37:00.101Z,0.03
2026-08-03T20:37:15.272Z,0.04
2026-08-03T20:37:30.366Z,0.04
2026-08-03T20:37:50.429Z,0.03
2026-08-03T20:38:10.494Z,0.03
2026-08-03T20:38:30.654Z,0.04
2026-08-03T20:38:45.711Z,0.04
2026-08-03T20:39:01.103Z,0.04
2026-08-03T20:39:20.884Z,0.04
2026-08-03T20:39:36.658Z,0.03
2026-08-03T20:39:51.026Z,0.03
2026-08-03T20:40:11.099Z,0.04
2026-08-03T20:40:26.207Z,0.04
2026-08-03T20:40:41.316Z,0.04
2026-08-03T20:40:56.673Z,0.03
2026-08-03T20:41:11Z,0.03
2026-08-03T20:41:11.51Z,0.03
2026-08-03T20:41:26.579Z,0.03
2026-08-03T20:41:46.642Z,0.03
2026-08-03T20:42:06.72Z,0.03
2026-08-03T20:42:26.797Z,0.03
2026-08-03T20:42:41.89Z,0.03
2026-08-03T20:42:57.095Z,0.03
2026-08-03T20:43:17.047Z,0.03
2026-08-03T20:43:32.121Z,0.02
2026-08-03T20:43:47.199Z,0.05
2026-08-03T20:44:03.04Z,0.05
2026-08-03T20:44:17.437Z,0.03
2026-08-03T20:44:32.415Z,0.03
2026-08-03T20:44:53.732Z,0.03
2026-08-03T20:45:10.434Z,0.02
2026-08-03T20:45:27.665Z,0.04
2026-08-03T20:45:42.738Z,0.04
2026-08-03T20:45:57.817Z,0.03
2026-08-03T20:46:12Z,0.03
2026-08-03T20:46:12.894Z,0.03
2026-08-03T20:46:33.137Z,0.03
2026-08-03T20:46:48.041Z,0.03
2026-08-03T20:47:03.202Z,0.03
2026-08-03T20:47:23.237Z,0.04
2026-08-03T20:47:38.703Z,0.04
2026-08-03T20:47:58.414Z,0.03
2026-08-03T20:48:13.527Z,0.04
2026-08-03T20:48:28.64Z,0.04
2026-08-03T20:48:48.671Z,0.04
2026-08-03T20:49:04.903Z,0.04
2026-08-03T20:49:19.14Z,0.03
2026-08-03T20:49:33.904Z,0.04
2026-08-03T20:49:53.976Z,0.04
2026-08-03T20:50:09.88Z,0.04
2026-08-03T20:50:29.156Z,0.04
2026-08-03T20:50:49.25Z,0.04
2026-08-03T20:51:03Z,0.04
2026-08-03T20:51:04.289Z,0.04
2026-08-03T20:51:19.422Z,0.04
2026-08-03T20:51:34.512Z,0.04
2026-08-03T20:51:49.612Z,0.04
2026-08-03T20:52:04.68Z,0.04
2026-08-03T20:52:19.723Z,0.04
2026-08-03T20:52:39.808Z,0.04
2026-08-03T20:52:59.898Z,0.04
2026-08-03T20:53:15.157Z,0.04
2026-08-03T20:53:30.705Z,0.04
2026-08-03T20:53:50.225Z,0.04
2026-08-03T20:54:05.328Z,0.04
2026-08-03T20:54:20.379Z,0.04
2026-08-03T20:54:35.46Z,0.04
2026-08-03T20:54:50.515Z,0.04
2026-08-03T20:55:12.78Z,0.04
2026-08-03T20:55:30.721Z,0.03
2026-08-03T20:55:50.78Z,0.03
2026-08-03T20:56:05Z,0.03
2026-08-03T20:56:05.87Z,0.03
2026-08-03T20:56:20.927Z,0.03
2026-08-03T20:56:36.024Z,0.03
2026-08-03T20:56:51.124Z,0.03
2026-08-03T20:57:06.17Z,0.05
2026-08-03T20:57:21.252Z,0.04
2026-08-03T20:57:36.321Z,0.04
2026-08-03T20:57:56.482Z,0.04
2026-08-03T20:58:11.544Z,0.03
2026-08-03T20:58:26.631Z,0.03
2026-08-03T20:58:41.713Z,0.03
2026-08-03T20:59:02.743Z,0.03
2026-08-03T20:59:16.851Z,0.03
2026-08-03T20:59:31.935Z,0.03
2026-08-03T20:59:52.25Z,0.04
2026-08-03T21:00:09.714Z,0.04
2026-08-03T21:00:22.239Z,0.04
2026-08-03T21:00:42.306Z,0.03
2026-08-03T21:01:02.987Z,0.04
2026-08-03T21:01:17Z,0.04
2026-08-03T21:01:17.461Z,0.04
2026-08-03T21:01:32.503Z,0.04
2026-08-03T21:01:52.58Z,0.03
2026-08-03T21:02:07.768Z,0.03
2026-08-03T21:02:22.847Z,0.03
2026-08-03T21:02:37.932Z,0.03
2026-08-03T21:02:53.112Z,0.04
2026-08-03T21:03:08.997Z,0.04
2026-08-03T21:03:23.225Z,0.04
2026-08-03T21:03:38.293Z,0.04
2026-08-03T21:03:53.476Z,0.04
2026-08-03T21:04:08.422Z,0.03
2026-08-03T21:04:23.511Z,0.03
2026-08-03T21:04:38.584Z,0.03
2026-08-03T21:04:53.674Z,0.03
2026-08-03T21:05:11.337Z,0.03
2026-08-03T21:05:23.882Z,0.04
2026-08-03T21:05:38.948Z,0.04
2026-08-03T21:05:54.647Z,0.04
2026-08-03T21:06:08Z,0.04
2026-08-03T21:06:09.775Z,0.04
2026-08-03T21:06:29.195Z,0.03
2026-08-03T21:06:49.248Z,0.03
2026-08-03T21:07:09.351Z,0.04
2026-08-03T21:07:24.417Z,0.04
2026-08-03T21:07:39.483Z,0.03
2026-08-03T21:07:59.568Z,0.03
2026-08-03T21:08:14.681Z,0.03
2026-08-03T21:08:29.725Z,0.02
2026-08-03T21:08:44.806Z,0.04
2026-08-03T21:08:59.886Z,0.04
2026-08-03T21:09:14.961Z,0.04
2026-08-03T21:09:30.051Z,0.04
2026-08-03T21:09:50.136Z,0.04
2026-08-03T21:10:11.973Z,0.04
2026-08-03T21:10:20.257Z,0.04
2026-08-03T21:10:35.392Z,0.04
2026-08-03T21:10:50.416Z,0.03
2026-08-03T21:11:05.488Z,0.03
2026-08-03T21:11:20Z,0.03
2026-08-03T21:11:21.297Z,0.03
2026-08-03T21:11:35.644Z,0.03
2026-08-03T21:11:55.944Z,0.03
2026-08-03T21:12:10.862Z,0.04
2026-08-03T21:12:30.867Z,0.04
2026-08-03T21:12:46.356Z,0.04
2026-08-03T21:13:02.877Z,0.04
2026-08-03T21:13:17.154Z,0.04
2026-08-03T21:13:31.311Z,0.04
2026-08-03T21:13:51.399Z,0.04
2026-08-03T21:14:11.735Z,0.04
2026-08-03T21:14:26.546Z,0.04
2026-08-03T21:14:41.623Z,0.04
2026-08-03T21:14:56.725Z,0.04
2026-08-03T21:15:12.92Z,0.04
2026-08-03T21:15:26.941Z,0.03
2026-08-03T21:15:42.03Z,0.03
2026-08-03T21:15:57.086Z,0.05
2026-08-03T21:16:11Z,0.05
2026-08-03T21:16:12.189Z,0.05
2026-08-03T21:16:27.255Z,0.03
2026-08-03T21:16:44.205Z,0.03
2026-08-03T21:16:57.59Z,0.04
2026-08-03T21:17:12.488Z,0.04
2026-08-03T21:17:27.541Z,0.04
2026-08-03T21:17:42.719Z,0.04
2026-08-03T21:18:02.787Z,0.03
2026-08-03T21:18:17.898Z,0.03
2026-08-03T21:18:32.935Z,0.04
2026-08-03T21:18:48.015Z,0.04
2026-08-03T21:19:08.565Z,0.04
2026-08-03T21:19:23.162Z,0.04
2026-08-03T21:19:38.222Z,0.04
2026-08-03T21:19:53.283Z,0.04
2026-08-03T21:20:09.333Z,0.04
2026-08-03T21:20:23.453Z,0.04
2026-08-03T21:20:38.552Z,0.04
2026-08-03T21:20:58.615Z,0.04
2026-08-03T21:21:13Z,0.04
2026-08-03T21:21:13.703Z,0.04
2026-08-03T21:21:28.936Z,0.04
2026-08-03T21:21:48.972Z,0.04
2026-08-03T21:22:04.309Z,0.04
2026-08-03T21:22:19.106Z,0.04
2026-08-03T21:22:34.192Z,0.04
2026-08-03T21:22:49.266Z,0.04
2026-08-03T21:23:04.596Z,0.04
2026-08-03T21:23:19.413Z,0.03
2026-08-03T21:23:34.462Z,0.03
2026-08-03T21:23:49.548Z,0.03
2026-08-03T21:24:04.667Z,0.03
2026-08-03T21:24:19.742Z,0.03
2026-08-03T21:24:34.802Z,0.03
2026-08-03T21:24:51.705Z,0.03
2026-08-03T21:25:12.725Z,0.04
2026-08-03T21:25:25.156Z,0.04
2026-08-03T21:25:40.155Z,0.04
2026-08-03T21:25:55.294Z,0.03
2026-08-03T21:26:10.312Z,0.03
2026-08-03T21:26:24Z,0.04
2026-08-03T21:26:25.387Z,0.04
2026-08-03T21:26:45.44Z,0.04
2026-08-03T21:27:02.676Z,0.04
2026-08-03T21:27:15.626Z,0.04
2026-08-03T21:27:30.703Z,0.03
2026-08-03T21:27:45.778Z,0.03
2026-08-03T21:28:02.843Z,0.04
2026-08-03T21:28:21.923Z,0.04
2026-08-03T21:28:36.034Z,0.03
2026-08-03T21:28:51.118Z,0.03
2026-08-03T21:29:07.619Z,0.03
2026-08-03T21:29:26.237Z,0.04
2026-08-03T21:29:46.332Z,0.03
2026-08-03T21:30:11.854Z,0.03
2026-08-03T21:30:16.59Z,0.03
2026-08-03T21:30:31.725Z,0.03
2026-08-03T21:30:46.73Z,0.03
2026-08-03T21:31:03.984Z,0.03
2026-08-03T21:31:16Z,0.04
2026-08-03T21:31:16.949Z,0.04
2026-08-03T21:31:32.049Z,0.04
2026-08-03T21:31:53.099Z,0.04
2026-08-03T21:32:07.269Z,0.04
2026-08-03T21:32:22.326Z,0.04
2026-08-03T21:32:42.879Z,0.04
2026-08-03T21:32:57.495Z,0.03
2026-08-03T21:33:12.573Z,0.03
2026-08-03T21:33:32.654Z,0.03
2026-08-03T21:33:47.723Z,0.03
2026-08-03T21:34:07.818Z,0.03
2026-08-03T21:34:22.888Z,0.05
2026-08-03T21:34:37.962Z,0.05
2026-08-03T21:34:53.111Z,0.05
2026-08-03T21:35:11.246Z,0.05
2026-08-03T21:35:23.243Z,0.05
2026-08-03T21:35:38.275Z,0.05
2026-08-03T21:35:53.35Z,0.05
2026-08-03T21:36:08.415Z,0.03
2026-08-03T21:36:28Z,0.03
2026-08-03T21:36:28.487Z,0.03
2026-08-03T21:36:43.573Z,0.03
2026-08-03T21:36:58.636Z,0.04
2026-08-03T21:37:13.792Z,0.04
2026-08-03T21:37:29.395Z,0.04
2026-08-03T21:37:43.971Z,0.04
2026-08-03T21:37:59.027Z,0.04
2026-08-03T21:38:19.093Z,0.04
2026-08-03T21:38:34.281Z,0.03
2026-08-03T21:38:54.247Z,0.03
2026-08-03T21:39:09.36Z,0.05
2026-08-03T21:39:24.405Z,0.05
2026-08-03T21:39:39.491Z,0.05
2026-08-03T21:39:54.59Z,0.03
2026-08-03T21:40:12.465Z,0.03
2026-08-03T21:40:24.757Z,0.03
2026-08-03T21:40:39.852Z,0.03
2026-08-03T21:40:54.93Z,0.03
2026-08-03T21:41:13.934Z,0.04
2026-08-03T21:41:24Z,0.04
2026-08-03T21:41:25.092Z,0.04
2026-08-03T21:41:40.164Z,0.04
2026-08-03T21:41:55.38Z,0.05
2026-08-03T21:42:15.661Z,0.05
2026-08-03T21:42:30.452Z,0.05
2026-08-03T21:42:45.468Z,0.05
2026-08-03T21:43:05.883Z,0.05
2026-08-03T21:43:20.753Z,0.05
2026-08-03T21:43:35.88Z,0.03
2026-08-03T21:43:51.999Z,0.03
2026-08-03T21:44:05.98Z,0.03
2026-08-03T21:44:21.069Z,0.03
2026-08-03T21:44:36.904Z,0.03
2026-08-03T21:44:56.254Z,0.03
2026-08-03T21:45:12.461Z,0.03
2026-08-03T21:45:26.419Z,0.03
2026-08-03T21:45:41.537Z,0.03
2026-08-03T21:45:57.53Z,0.05
2026-08-03T21:46:12.791Z,0.05
2026-08-03T21:46:31Z,0.03
2026-08-03T21:46:31.781Z,0.03
2026-08-03T21:46:51.888Z,0.03
2026-08-03T21:47:06.97Z,0.03
2026-08-03T21:47:23.972Z,0.03
2026-08-03T21:47:37.143Z,0.03
2026-08-03T21:47:52.236Z,0.05
2026-08-03T21:48:07.328Z,0.05
2026-08-03T21:48:22.41Z,0.05
2026-08-03T21:48:42.456Z,0.03
2026-08-03T21:48:57.649Z,0.03
2026-08-03T21:49:17.753Z,0.03
2026-08-03T21:49:32.802Z,0.03
2026-08-03T21:49:48.475Z,0.03
2026-08-03T21:50:11.705Z,0.04
2026-08-03T21:50:18.124Z,0.04
2026-08-03T21:50:33.243Z,0.04
2026-08-03T21:50:48.266Z,0.04
2026-08-03T21:51:03.7Z,0.04
2026-08-03T21:51:18.43Z,0.04
2026-08-03T21:51:33Z,0.04
2026-08-03T21:51:33.509Z,0.04
2026-08-03T21:51:48.565Z,0.04
2026-08-03T21:52:03.687Z,0.04
2026-08-03T21:52:18.989Z,0.04
2026-08-03T21:52:38.827Z,0.04
2026-08-03T21:52:53.97Z,0.04
2026-08-03T21:53:08.981Z,0.04
2026-08-03T21:53:29.068Z,0.04
2026-08-03T21:53:49.145Z,0.04
2026-08-03T21:54:04.221Z,0.04
2026-08-03T21:54:19.316Z,0.04
2026-08-03T21:54:35.243Z,0.04
2026-08-03T21:54:49.6Z,0.04
2026-08-03T21:55:10.935Z,0.04
2026-08-03T21:55:24.766Z,0.04
2026-08-03T21:55:39.869Z,0.04
2026-08-03T21:55:54.895Z,0.04
2026-08-03T21:56:09.974Z,0.04
2026-08-03T21:56:24Z,0.04
2026-08-03T21:56:25.074Z,0.04
2026-08-03T21:56:40.156Z,0.04
2026-08-03T21:56:55.204Z,0.03
2026-08-03T21:57:10.363Z,0.02
2026-08-03T21:57:25.38Z,0.02
2026-08-03T21:57:40.453Z,0.03
2026-08-03T21:58:02.757Z,0.03
2026-08-03T21:58:20.763Z,0.05
2026-08-03T21:58:35.708Z,0.05
2026-08-03T21:58:50.792Z,0.04
2026-08-03T21:59:05.84Z,0.04
2026-08-03T21:59:20.893Z,0.04
2026-08-03T21:59:41.106Z,0.03
2026-08-03T22:00:10.745Z,0.03
2026-08-03T22:00:16.141Z,0.04
2026-08-03T22:00:31.709Z,0.04
2026-08-03T22:00:51.312Z,0.04
2026-08-03T22:01:06.399Z,0.04
2026-08-03T22:01:21.538Z,0.04
2026-08-03T22:01:36Z,0.04
2026-08-03T22:01:36.534Z,0.04
2026-08-03T22:01:51.624Z,0.04
2026-08-03T22:02:06.726Z,0.04
2026-08-03T22:02:26.803Z,0.04
2026-08-03T22:02:41.891Z,0.04
2026-08-03T22:02:56.975Z,0.05
2026-08-03T22:03:12.171Z,0.05
2026-08-03T22:03:27.152Z,0.05
2026-08-03T22:03:47.197Z,0.03
2026-08-03T22:04:04.157Z,0.03
2026-08-03T22:04:18.614Z,0.03
2026-08-03T22:04:32.535Z,0.03
2026-08-03T22:04:52.549Z,0.04
2026-08-03T22:05:12.613Z,0.04
2026-08-03T22:05:27.709Z,0.04
2026-08-03T22:05:42.771Z,0.04
2026-08-03T22:05:57.851Z,0.04
2026-08-03T22:06:12.941Z,0.02
2026-08-03T22:06:27Z,0.02
2026-08-03T22:06:28.444Z,0.02
2026-08-03T22:06:43.125Z,0.04
2026-08-03T22:06:58.287Z,0.04
2026-08-03T22:07:13.31Z,0.03
2026-08-03T22:07:33.405Z,0.03
2026-08-03T22:07:53.473Z,0.04
2026-08-03T22:08:13.55Z,0.04
2026-08-03T22:08:28.662Z,0.04
2026-08-03T22:08:48.693Z,0.04
2026-08-03T22:09:03.914Z,0.05
2026-08-03T22:09:18.969Z,0.05
2026-08-03T22:09:34.046Z,0.04
2026-08-03T22:09:49.467Z,0.04
2026-08-03T22:10:12.024Z,0.04
2026-08-03T22:10:19.346Z,0.04
2026-08-03T22:10:34.404Z,0.04
2026-08-03T22:10:54.506Z,0.04
2026-08-03T22:11:09.55Z,0.03
2026-08-03T22:11:24Z,0.03
2026-08-03T22:11:26.035Z,0.03
2026-08-03T22:11:44.724Z,0.03
2026-08-03T22:11:59.766Z,0.03
2026-08-03T22:12:14.934Z,0.03
2026-08-03T22:12:29.974Z,0.03
2026-08-03T22:12:50.029Z,0.04
2026-08-03T22:13:05.144Z,0.04
2026-08-03T22:13:25.243Z,0.03
2026-08-03T22:13:40.261Z,0.03
2026-08-03T22:14:00.336Z,0.03
2026-08-03T22:14:15.41Z,0.03
2026-08-03T22:14:30.497Z,0.03
2026-08-03T22:14:45.583Z,0.03
2026-08-03T22:15:12.819Z,0.03
2026-08-03T22:15:25.791Z,0.03
2026-08-03T22:15:47.355Z,0.04
2026-08-03T22:16:02.699Z,0.04
2026-08-03T22:16:20.981Z,0.04
2026-08-03T22:16:40Z,0.04
2026-08-03T22:16:41.087Z,0.04
2026-08-03T22:16:56.163Z,0.03
2026-08-03T22:17:11.896Z,0.03
2026-08-03T22:17:26.318Z,0.03
2026-08-03T22:17:46.45Z,0.03
2026-08-03T22:18:06.956Z,0.03
2026-08-03T22:18:21.566Z,0.03
2026-08-03T22:18:36.646Z,0.03
2026-08-03T22:18:53.006Z,0.03
2026-08-03T22:19:06.911Z,0.04
2026-08-03T22:19:22.007Z,0.04
2026-08-03T22:19:42.071Z,0.05
2026-08-03T22:19:57.139Z,0.05
2026-08-03T22:20:17.324Z,0.05
2026-08-03T22:20:32.302Z,0.03
2026-08-03T22:20:47.445Z,0.03
2026-08-03T22:21:02.761Z,0.03
2026-08-03T22:21:17.52Z,0.03
2026-08-03T22:21:32Z,0.03
2026-08-03T22:21:32.621Z,0.03
2026-08-03T22:21:47.697Z,0.03
2026-08-03T22:22:07.79Z,0.04
2026-08-03T22:22:27.841Z,0.04
2026-08-03T22:22:42.935Z,0.04
2026-08-03T22:22:58.011Z,0.03
2026-08-03T22:23:19.457Z,0.03
2026-08-03T22:23:33.232Z,0.03
2026-08-03T22:23:53.249Z,0.03
2026-08-03T22:24:08.323Z,0.03
2026-08-03T22:24:23.396Z,0.03
2026-08-03T22:24:38.505Z,0.03
2026-08-03T22:24:53.639Z,0.03
2026-08-03T22:25:13.771Z,0.03
2026-08-03T22:25:34.084Z,0.02
2026-08-03T22:25:49.082Z,0.02
2026-08-03T22:26:04.266Z,0.02
2026-08-03T22:26:24.199Z,0.02
2026-08-03T22:26:43Z,0.04
2026-08-03T22:26:44.321Z,0.04
2026-08-03T22:26:59.363Z,0.04
2026-08-03T22:27:19.47Z,0.04
2026-08-03T22:27:34.517Z,0.04
2026-08-03T22:27:49.587Z,0.03
2026-08-03T22:28:04.664Z,0.03
2026-08-03T22:28:19.755Z,0.03
2026-08-03T22:28:35.778Z,0.03
2026-08-03T22:28:49.892Z,0.05
2026-08-03T22:29:04.972Z,0.03
2026-08-03T22:29:25.056Z,0.03
2026-08-03T22:29:40.139Z,0.04
2026-08-03T22:29:55.179Z,0.04
2026-08-03T22:30:13.031Z,0.04
2026-08-03T22:30:25.41Z,0.04
2026-08-03T22:30:40.766Z,0.04
2026-08-03T22:31:00.495Z,0.04
2026-08-03T22:31:15.553Z,0.04
2026-08-03T22:31:30Z,0.04
2026-08-03T22:31:31.206Z,0.04
2026-08-03T22:31:51.095Z,0.04
2026-08-03T22:32:11.214Z,0.03
2026-08-03T22:32:25.857Z,0.03
2026-08-03T22:32:40.977Z,0.04
2026-08-03T22:32:56.029Z,0.04
2026-08-03T22:33:11.096Z,0.04
2026-08-03T22:33:31.181Z,0.04
2026-08-03T22:33:46.298Z,0.03
2026-08-03T22:34:06.409Z,0.03
2026-08-03T22:34:22.287Z,0.03
2026-08-03T22:34:36.553Z,0.03
2026-08-03T22:34:51.576Z,0.03
2026-08-03T22:35:11.643Z,0.04
2026-08-03T22:35:26.721Z,0.04
2026-08-03T22:35:43.462Z,0.04
2026-08-03T22:36:03.07Z,0.03
2026-08-03T22:36:16.979Z,0.03
2026-08-03T22:36:31Z,0.03
2026-08-03T22:36:32.075Z,0.03
2026-08-03T22:36:52.148Z,0.03
2026-08-03T22:37:12.251Z,0.03
2026-08-03T22:37:27.302Z,0.03
2026-08-03T22:37:47.413Z,0.03
2026-08-03T22:38:03.243Z,0.03
2026-08-03T22:38:22.525Z,0.03
2026-08-03T22:38:37.802Z,0.03
2026-08-03T22:38:52.769Z,0.03
2026-08-03T22:39:12.832Z,0.03
2026-08-03T22:39:33.02Z,0.03
2026-08-03T22:39:47.976Z,0.03
2026-08-03T22:40:10.599Z,0.03
2026-08-03T22:40:23.201Z,0.04
2026-08-03T22:40:38.41Z,0.04
2026-08-03T22:40:53.312Z,0.04
2026-08-03T22:41:13.387Z,0.04
2026-08-03T22:41:28.453Z,0.04
2026-08-03T22:41:43Z,0.04
2026-08-03T22:41:43.526Z,0.04
2026-08-03T22:41:58.767Z,0.04
2026-08-03T22:42:13.844Z,0.03
2026-08-03T22:42:28.888Z,0.03
2026-08-03T22:42:43.969Z,0.03
2026-08-03T22:43:04.051Z,0.03
2026-08-03T22:43:19.095Z,0.04
2026-08-03T22:43:34.168Z,0.04
2026-08-03T22:43:49.249Z,0.04
2026-08-03T22:44:04.359Z,0.04
2026-08-03T22:44:19.416Z,0.04
2026-08-03T22:44:34.474Z,0.04
2026-08-03T22:44:54.597Z,0.04
2026-08-03T22:45:11.728Z,0.03
2026-08-03T22:45:24.726Z,0.03
2026-08-03T22:45:39.802Z,0.05
2026-08-03T22:45:54.919Z,0.05
2026-08-03T22:46:10.269Z,0.04
2026-08-03T22:46:30.123Z,0.04
2026-08-03T22:46:44Z,0.03
2026-08-03T22:46:45.182Z,0.03
2026-08-03T22:47:00.426Z,0.03
2026-08-03T22:47:15.334Z,0.04
2026-08-03T22:47:35.514Z,0.03
2026-08-03T22:47:50.982Z,0.03
2026-08-03T22:48:10.486Z,0.05
2026-08-03T22:48:25.599Z,0.05
2026-08-03T22:48:40.648Z,0.04
2026-08-03T22:48:55.768Z,0.04
2026-08-03T22:49:10.815Z,0.03
2026-08-03T22:49:30.859Z,0.03
2026-08-03T22:49:50.946Z,0.03
2026-08-03T22:50:11.201Z,0.03
2026-08-03T22:50:21.113Z,0.04
2026-08-03T22:50:36.193Z,0.04
2026-08-03T22:50:51.296Z,0.04
2026-08-03T22:51:06.332Z,0.04
2026-08-03T22:51:21.427Z,0.04
2026-08-03T22:51:41Z,0.04
2026-08-03T22:51:41.488Z,0.04
2026-08-03T22:51:56.586Z,0.04
2026-08-03T22:52:16.632Z,0.04
2026-08-03T22:52:31.716Z,0.04
2026-08-03T22:52:46.788Z,0.04
2026-08-03T22:53:06.877Z,0.05
2026-08-03T22:53:22.019Z,0.05
2026-08-03T22:53:37.095Z,0.04
2026-08-03T22:53:52.171Z,0.04
2026-08-03T22:54:09.418Z,0.04
2026-08-03T22:54:27.371Z,0.04
2026-08-03T22:54:42.391Z,0.04
2026-08-03T22:54:57.679Z,0.03
2026-08-03T22:55:13.193Z,0.03
2026-08-03T22:55:27.622Z,0.03
2026-08-03T22:55:42.71Z,0.04
2026-08-03T22:56:03.894Z,0.04
2026-08-03T22:56:17.886Z,0.05
2026-08-03T22:56:32.936Z,0.05
2026-08-03T22:56:47Z,0.03
2026-08-03T22:56:48.025Z,0.03
2026-08-03T22:57:04.178Z,0.03
2026-08-03T22:57:23.213Z,0.03
2026-08-03T22:57:38.259Z,0.04
2026-08-03T22:57:58.318Z,0.03
2026-08-03T22:58:18.397Z,0.03
2026-08-03T22:58:33.497Z,0.04
2026-08-03T22:58:53.546Z,0.04
2026-08-03T22:59:08.618Z,0.04
2026-08-03T22:59:23.761Z,0.04
2026-08-03T22:59:38.782Z,0.03
2026-08-03T22:59:58.838Z,0.03
2026-08-03T23:00:13.973Z,0.03
2026-08-03T23:00:34.03Z,0.03
2026-08-03T23:00:49.147Z,0.02
2026-08-03T23:01:04.196Z,0.02
2026-08-03T23:01:19.249Z,0.02
2026-08-03T23:01:39.343Z,0.04
2026-08-03T23:01:54Z,0.04
2026-08-03T23:01:54.426Z,0.04
2026-08-03T23:02:09.495Z,0.04
2026-08-03T23:02:24.571Z,0.04
2026-08-03T23:02:39.679Z,0.04
2026-08-03T23:02:54.717Z,0.04
2026-08-03T23:03:09.885Z,0.02
2026-08-03T23:03:24.923Z,0.02
2026-08-03T23:03:45.058Z,0.02
2026-08-03T23:04:05.53Z,0.04
2026-08-03T23:04:25.233Z,0.04
2026-08-03T23:04:40.322Z,0.04
2026-08-03T23:04:55.314Z,0.04
2026-08-03T23:05:15.408Z,0.02
2026-08-03T23:05:30.534Z,0.02
2026-08-03T23:05:45.603Z,0.05
2026-08-03T23:06:02.608Z,0.05
2026-08-03T23:06:17.26Z,0.05
2026-08-03T23:06:35.837Z,0.05
2026-08-03T23:06:50Z,0.05
2026-08-03T23:06:50.901Z,0.05
2026-08-03T23:07:05.986Z,0.05
2026-08-03T23:07:26.079Z,0.03
2026-08-03T23:07:41.156Z,0.03
2026-08-03T23:07:56.274Z,0.03
2026-08-03T23:08:11.374Z,0.03
2026-08-03T23:08:26.464Z,0.03
2026-08-03T23:08:46.551Z,0.03
2026-08-03T23:09:03.137Z,0.03
2026-08-03T23:09:16.706Z,0.03
2026-08-03T23:09:31.803Z,0.03
2026-08-03T23:09:46.88Z,0.04
2026-08-03T23:10:11.642Z,0.04
2026-08-03T23:10:22.061Z,0.04
2026-08-03T23:10:37.159Z,0.04
2026-08-03T23:10:52.197Z,0.04
2026-08-03T23:11:12.314Z,0.03
2026-08-03T23:11:32.381Z,0.03
2026-08-03T23:11:47Z,0.04
2026-08-03T23:11:47.427Z,0.04
2026-08-03T23:12:02.993Z,0.04
2026-08-03T23:12:17.589Z,0.03
2026-08-03T23:12:32.754Z,0.03
2026-08-03T23:12:47.835Z,0.04
2026-08-03T23:13:02.958Z,0.04
2026-08-03T23:13:17.988Z,0.04
2026-08-03T23:13:33.23Z,0.04
2026-08-03T23:13:48.26Z,0.04
2026-08-03T23:14:03.278Z,0.04
2026-08-03T23:14:18.356Z,0.03
2026-08-03T23:14:33.455Z,0.03
2026-08-03T23:14:48.532Z,0.03
2026-08-03T23:15:12.912Z,0.03
2026-08-03T23:15:23.727Z,0.03
2026-08-03T23:15:38.802Z,0.03
2026-08-03T23:15:53.872Z,0.04
2026-08-03T23:16:08.943Z,0.04
2026-08-03T23:16:24.037Z,0.03
2026-08-03T23:16:39.113Z,0.03
2026-08-03T23:16:53Z,0.03
2026-08-03T23:16:54.194Z,0.03
2026-08-03T23:17:09.281Z,0.03
2026-08-03T23:17:24.354Z,0.03
2026-08-03T23:17:39.444Z,0.03
2026-08-03T23:17:54.523Z,0.03
2026-08-03T23:18:09.67Z,0.03
2026-08-03T23:18:24.669Z,0.04
2026-08-03T23:18:45.054Z,0.04
2026-08-03T23:19:00.49Z,0.04
2026-08-03T23:19:19.91Z,0.05
2026-08-03T23:19:35.022Z,0.04
2026-08-03T23:19:50.163Z,0.04
2026-08-03T23:20:12.072Z,0.04
2026-08-03T23:20:20.378Z,0.04
2026-08-03T23:20:35.495Z,0.04
2026-08-03T23:20:50.556Z,0.04
2026-08-03T23:21:05.968Z,0.04
2026-08-03T23:21:20.686Z,0.04
2026-08-03T23:21:35.797Z,0.04
2026-08-03T23:21:55Z,0.03
2026-08-03T23:21:55.831Z,0.03
2026-08-03T23:22:11.416Z,0.03
2026-08-03T23:22:31.038Z,0.04
2026-08-03T23:22:46.119Z,0.03
2026-08-03T23:23:02.541Z,0.03
2026-08-03T23:23:16.754Z,0.05
2026-08-03T23:23:31.372Z,0.05
2026-08-03T23:23:52.074Z,0.04
2026-08-03T23:24:06.506Z,0.04
2026-08-03T23:24:26.579Z,0.04
2026-08-03T23:24:41.692Z,0.04
2026-08-03T23:25:12.015Z,0.03
2026-08-03T23:25:21.83Z,0.03
2026-08-03T23:25:36.899Z,0.03
2026-08-03T23:25:51.955Z,0.03
2026-08-03T23:26:07.035Z,0.03
2026-08-03T23:26:22.129Z,0.05
2026-08-03T23:26:37.209Z,0.05
2026-08-03T23:26:51Z,0.04
2026-08-03T23:26:52.307Z,0.04
2026-08-03T23:27:07.332Z,0.04
2026-08-03T23:27:22.457Z,0.04
2026-08-03T23:27:42.549Z,0.04
2026-08-03T23:28:03.363Z,0.03
2026-08-03T23:28:18.223Z,0.03
2026-08-03T23:28:37.756Z,0.04
2026-08-03T23:28:57.823Z,0.04
2026-08-03T23:29:17.951Z,0.04
2026-08-03T23:29:32.977Z,0.04
2026-08-03T23:29:48.129Z,0.04
2026-08-03T23:30:12.923Z,0.04
2026-08-03T23:30:23.262Z,0.04
2026-08-03T23:30:38.344Z,0.04
2026-08-03T23:30:53.375Z,0.02
2026-08-03T23:31:13.524Z,0.02
2026-08-03T23:31:29.416Z,0.02
2026-08-03T23:31:43.674Z,0.02
2026-08-03T23:32:03Z,0.03
2026-08-03T23:32:03.743Z,0.03
2026-08-03T23:32:18.805Z,0.03
2026-08-03T23:32:33.872Z,0.03
2026-08-03T23:32:48.95Z,0.03
2026-08-03T23:33:09.051Z,0.03
2026-08-03T23:33:24.104Z,0.04
2026-08-03T23:33:39.159Z,0.04
2026-08-03T23:33:54.242Z,0.04
2026-08-03T23:34:14.326Z,0.04
2026-08-03T23:34:29.437Z,0.04
2026-08-03T23:34:44.638Z,0.04
2026-08-03T23:34:59.758Z,0.04
2026-08-03T23:35:20Z,0.04
2026-08-03T23:35:34.85Z,0.05
2026-08-03T23:35:49.936Z,0.05
2026-08-03T23:36:05.011Z,0.05
2026-08-03T23:36:20.107Z,0.05
2026-08-03T23:36:35.228Z,0.05
2026-08-03T23:36:54Z,0.04
2026-08-03T23:36:55.268Z,0.04
2026-08-03T23:37:10.348Z,0.04
2026-08-03T23:37:25.408Z,0.04
2026-08-03T23:37:40.481Z,0.04
2026-08-03T23:37:55.559Z,0.04
2026-08-03T23:38:10.632Z,0.02
2026-08-03T23:38:25.724Z,0.02
2026-08-03T23:38:40.792Z,0.02
2026-08-03T23:38:55.979Z,0.04
2026-08-03T23:39:11.074Z,0.04
2026-08-03T23:39:26.147Z,0.04
2026-08-03T23:39:41.284Z,0.04
2026-08-03T23:40:08.016Z,0.03
2026-08-03T23:40:16.427Z,0.03
2026-08-03T23:40:36.508Z,0.03
2026-08-03T23:40:56.578Z,0.03
2026-08-03T23:41:16.662Z,0.05
2026-08-03T23:41:31.751Z,0.05
2026-08-03T23:41:51.814Z,0.04
2026-08-03T23:42:06Z,0.04
2026-08-03T23:42:07.134Z,0.04
2026-08-03T23:42:22.014Z,0.04
2026-08-03T23:42:37.147Z,0.03
2026-08-03T23:42:52.259Z,0.03
2026-08-03T23:43:12.248Z,0.03
2026-08-03T23:43:27.349Z,0.04
2026-08-03T23:43:42.418Z,0.04
2026-08-03T23:44:04.061Z,0.04
2026-08-03T23:44:22.556Z,0.04
2026-08-03T23:44:42.659Z,0.04
2026-08-03T23:45:12.149Z,0.03
2026-08-03T23:45:17.796Z,0.03
2026-08-03T23:45:32.873Z,0.03
2026-08-03T23:45:48.198Z,0.04
2026-08-03T23:46:09.56Z,0.04
2026-08-03T23:46:23.092Z,0.04
2026-08-03T23:46:43.157Z,0.04
2026-08-03T23:46:57Z,0.03
2026-08-03T23:46:58.28Z,0.03
2026-08-03T23:47:13.343Z,0.03
2026-08-03T23:47:28.945Z,0.03
2026-08-03T23:47:43.689Z,0.03
2026-08-03T23:47:58.711Z,0.03
2026-08-03T23:48:13.787Z,0.03
2026-08-03T23:48:35.678Z,0.03
2026-08-03T23:48:49.219Z,0.03
2026-08-03T23:49:04.23Z,0.03
2026-08-03T23:49:19.299Z,0.04
2026-08-03T23:49:34.389Z,0.04
2026-08-03T23:49:49.465Z,0.04
2026-08-03T23:50:11.5Z,0.04
2026-08-03T23:50:19.63Z,0.04
2026-08-03T23:50:34.744Z,0.04
2026-08-03T23:50:49.795Z,0.04
2026-08-03T23:51:09.882Z,0.03
2026-08-03T23:51:31.313Z,0.03
2026-08-03T23:51:50.02Z,0.04
2026-08-03T23:52:04Z,0.04
2026-08-03T23:52:05.139Z,0.04
2026-08-03T23:52:25.198Z,0.04
2026-08-03T23:52:40.281Z,0.04
2026-08-03T23:52:55.41Z,0.04
2026-08-03T23:53:10.488Z,0.04
2026-08-03T23:53:30.572Z,0.04
2026-08-03T23:53:45.654Z,0.04
2026-08-03T23:54:02.602Z,0.04
2026-08-03T23:54:20.821Z,0.04
2026-08-03T23:54:40.878Z,0.04
2026-08-03T23:54:55.971Z,0.03
2026-08-03T23:55:12.907Z,0.03
2026-08-03T23:55:26.146Z,0.03
2026-08-03T23:55:41.214Z,0.03
2026-08-03T23:55:56.287Z,0.04
2026-08-03T23:56:11.351Z,0.04
2026-08-03T23:56:26.467Z,0.03
2026-08-03T23:56:46.896Z,0.03
2026-08-03T23:57:01Z,0.02
2026-08-03T23:57:02.714Z,0.02
2026-08-03T23:57:16.668Z,0.02
2026-08-03T23:57:36.739Z,0.02
2026-08-03T23:57:52.668Z,0.03
2026-08-03T23:58:06.948Z,0.03
2026-08-03T23:58:22.11Z,0.03
2026-08-03T23:58:38.177Z,0.03
2026-08-03T23:58:57.268Z,0.04
2026-08-03T23:59:12.304Z,0.04
2026-08-03T23:59:27.408Z,0.04
2026-08-03T23:59:47.509Z,0.03
2026-08-04T00:00:12.794Z,0.05
2026-08-04T00:00:17.633Z,0.05
2026-08-04T00:00:32.695Z,0.05
2026-08-04T00:00:48.118Z,0.05
2026-08-04T00:01:02.995Z,0.03
2026-08-04T00:01:17.944Z,0.03
2026-08-04T00:01:38.013Z,0.03
2026-08-04T00:01:54.045Z,0.03
2026-08-04T00:02:07Z,0.03
2026-08-04T00:02:08.848Z,0.03
2026-08-04T00:02:23.339Z,0.03
2026-08-04T00:02:43.378Z,0.03
2026-08-04T00:02:58.459Z,0.03
2026-08-04T00:03:13.506Z,0.03
2026-08-04T00:03:28.589Z,0.03
2026-08-04T00:03:48.86Z,0.03
2026-08-04T00:04:03.742Z,0.03
2026-08-04T00:04:18.893Z,0.03
2026-08-04T00:04:33.956Z,0.04
2026-08-04T00:04:53.941Z,0.03
2026-08-04T00:05:10.541Z,0.03
2026-08-04T00:05:19.139Z,0.03
2026-08-04T00:05:34.242Z,0.03
2026-08-04T00:05:54.314Z,0.03
2026-08-04T00:06:14.385Z,0.04
2026-08-04T00:06:34.468Z,0.04
2026-08-04T00:06:49.661Z,0.04
2026-08-04T00:07:04Z,0.04
2026-08-04T00:07:04.882Z,0.04
2026-08-04T00:07:19.765Z,0.04
2026-08-04T00:07:39.838Z,0.04
2026-08-04T00:07:59.922Z,0.02
2026-08-04T00:08:20.008Z,0.04
2026-08-04T00:08:40.116Z,0.04
2026-08-04T00:08:55.164Z,0.04
2026-08-04T00:09:10.355Z,0.04
2026-08-04T00:09:25.73Z,0.04
2026-08-04T00:09:40.489Z,0.03
2026-08-04T00:09:55.5Z,0.03
2026-08-04T00:10:12.509Z,0.03
2026-08-04T00:10:25.682Z,0.04
2026-08-04T00:10:40.791Z,0.04
2026-08-04T00:11:03.009Z,0.04
2026-08-04T00:11:20.932Z,0.04
2026-08-04T00:11:36.062Z,0.04
2026-08-04T00:11:56.138Z,0.04
2026-08-04T00:12:15Z,0.04
2026-08-04T00:12:16.274Z,0.04
2026-08-04T00:12:31.33Z,0.05
2026-08-04T00:12:46.428Z,0.05
2026-08-04T00:13:02.854Z,0.03
2026-08-04T00:13:19.027Z,0.03
2026-08-04T00:13:36.616Z,0.02
2026-08-04T00:13:56.703Z,0.02
2026-08-04T00:14:11.794Z,0.02
2026-08-04T00:14:31.847Z,0.05
2026-08-04T00:14:46.93Z,0.05
2026-08-04T00:15:12.429Z,0.03
2026-08-04T00:15:22.109Z,0.03
2026-08-04T00:15:37.168Z,0.04
2026-08-04T00:15:52.275Z,0.04
2026-08-04T00:16:12.33Z,0.05
2026-08-04T00:16:32.499Z,0.05
2026-08-04T00:16:47.514Z,0.05
2026-08-04T00:17:07Z,0.03
2026-08-04T00:17:07.614Z,0.03
2026-08-04T00:17:27.716Z,0.03
2026-08-04T00:17:42.743Z,0.03
2026-08-04T00:17:57.854Z,0.03
2026-08-04T00:18:12.901Z,0.02
2026-08-04T00:18:28.149Z,0.04
2026-08-04T00:18:48.059Z,0.04
2026-08-04T00:19:08.182Z,0.04
2026-08-04T00:19:23.903Z,0.05
2026-08-04T00:19:38.292Z,0.05
2026-08-04T00:19:53.354Z,0.03
2026-08-04T00:20:12.616Z,0.03
2026-08-04T00:20:23.513Z,0.04
2026-08-04T00:20:38.722Z,0.04
2026-08-04T00:20:53.785Z,0.04
2026-08-04T00:21:08.861Z,0.04
2026-08-04T00:21:24.889Z,0.03
2026-08-04T00:21:39.187Z,0.03
2026-08-04T00:21:54.215Z,0.04
2026-08-04T00:22:08Z,0.04
2026-08-04T00:22:09.26Z,0.04
2026-08-04T00:22:24.586Z,0.05
2026-08-04T00:22:39.436Z,0.05
2026-08-04T00:22:59.467Z,0.04
2026-08-04T00:23:14.54Z,0.04
2026-08-04T00:23:29.895Z,0.04
2026-08-04T00:23:44.699Z,0.02
2026-08-04T00:23:59.787Z,0.02
2026-08-04T00:24:14.869Z,0.04
2026-08-04T00:24:34.941Z,0.04
2026-08-04T00:24:50.042Z,0.04
2026-08-04T00:25:07.525Z,0.04
2026-08-04T00:25:25.194Z,0.03
2026-08-04T00:25:40.244Z,0.03
2026-08-04T00:25:55.475Z,0.03
2026-08-04T00:26:15.609Z,0.03
2026-08-04T00:26:32.464Z,0.03
2026-08-04T00:26:45.702Z,0.04
2026-08-04T00:27:02.822Z,0.04
2026-08-04T00:27:15Z,0.04
2026-08-04T00:27:15.896Z,0.04
2026-08-04T00:27:30.944Z,0.04
2026-08-04T00:27:46.022Z,0.04
2026-08-04T00:28:06.098Z,0.04
2026-08-04T00:28:21.185Z,0.04
2026-08-04T00:28:36.261Z,0.04
2026-08-04T00:28:51.379Z,0.04
2026-08-04T00:29:06.495Z,0.03
2026-08-04T00:29:21.806Z,0.03
2026-08-04T00:29:36.665Z,0.02
2026-08-04T00:29:57.619Z,0.02
2026-08-04T00:30:16.913Z,0.05
2026-08-04T00:30:31.918Z,0.05
2026-08-04T00:30:46.99Z,0.05
2026-08-04T00:31:03.256Z,0.05
2026-08-04T00:31:17.1Z,0.05
2026-08-04T00:31:32.181Z,0.05
2026-08-04T00:31:47.235Z,0.05
2026-08-04T00:32:07.322Z,0.03
2026-08-04T00:32:21Z,0.03
2026-08-04T00:32:22.39Z,0.03
2026-08-04T00:32:43.014Z,0.03
2026-08-04T00:33:03.458Z,0.03
2026-08-04T00:33:22.634Z,0.04
2026-08-04T00:33:43.031Z,0.04
2026-08-04T00:33:57.759Z,0.04
2026-08-04T00:34:12.851Z,0.04
2026-08-04T00:34:27.973Z,0.04
2026-08-04T00:34:48.075Z,0.04
2026-08-04T00:35:12.411Z,0.04
2026-08-04T00:35:23.2Z,0.04
2026-08-04T00:35:38.225Z,0.03
2026-08-04T00:35:53.352Z,0.03
2026-08-04T00:36:10.145Z,0.03
2026-08-04T00:36:23.479Z,0.03
2026-08-04T00:36:38.605Z,0.03
2026-08-04T00:36:53.636Z,0.03
2026-08-04T00:37:08Z,0.03
2026-08-04T00:37:08.717Z,0.03
2026-08-04T00:37:28.807Z,0.05
2026-08-04T00:37:43.957Z,0.05
2026-08-04T00:37:58.971Z,0.05
2026-08-04T00:38:19.029Z,0.05
2026-08-04T00:38:39.13Z,0.05
2026-08-04T00:38:54.364Z,0.03
2026-08-04T00:39:09.278Z,0.03
2026-08-04T00:39:29.404Z,0.04
2026-08-04T00:39:44.468Z,0.04
2026-08-04T00:39:59.5Z,0.04
2026-08-04T00:40:19.657Z,0.04
2026-08-04T00:40:34.652Z,0.04
2026-08-04T00:40:49.732Z,0.04
2026-08-04T00:41:09.911Z,0.04
2026-08-04T00:41:24.948Z,0.04
2026-08-04T00:41:40.009Z,0.04
2026-08-04T00:41:55.386Z,0.04
2026-08-04T00:42:09Z,0.05
2026-08-04T00:42:10.244Z,0.05
2026-08-04T00:42:30.385Z,0.04
2026-08-04T00:42:45.459Z,0.04
2026-08-04T00:43:05.546Z,0.04
2026-08-04T00:43:20.707Z,0.04
2026-08-04T00:43:40.777Z,0.02
2026-08-04T00:43:55.849Z,0.03
2026-08-04T00:44:10.912Z,0.03
2026-08-04T00:44:25.994Z,0.03
2026-08-04T00:44:41.082Z,0.03
2026-08-04T00:44:56.154Z,0.03
2026-08-04T00:45:11.876Z,0.02
2026-08-04T00:45:31.299Z,0.02
2026-08-04T00:45:46.381Z,0.04
2026-08-04T00:46:02.816Z,0.04
2026-08-04T00:46:21.537Z,0.04
2026-08-04T00:46:41.608Z,0.03
2026-08-04T00:46:56.679Z,0.03
2026-08-04T00:47:11Z,0.03
2026-08-04T00:47:11.801Z,0.03
2026-08-04T00:47:31.866Z,0.04
2026-08-04T00:47:47.006Z,0.04
2026-08-04T00:48:07.149Z,0.05
2026-08-04T00:48:22.948Z,0.05
2026-08-04T00:48:37.204Z,0.03
2026-08-04T00:48:52.286Z,0.03
2026-08-04T00:49:07.363Z,0.04
2026-08-04T00:49:22.726Z,0.04
2026-08-04T00:49:37.549Z,0.04
2026-08-04T00:49:57.593Z,0.04
2026-08-04T00:50:13.686Z,0.03
2026-08-04T00:50:32.768Z,0.03
2026-08-04T00:50:47.969Z,0.03
2026-08-04T00:51:03.017Z,0.03
2026-08-04T00:51:18.3Z,0.04
2026-08-04T00:51:33.066Z,0.04
2026-08-04T00:51:48.197Z,0.03
2026-08-04T00:52:03.433Z,0.03
2026-08-04T00:52:17Z,0.03
2026-08-04T00:52:18.493Z,0.03
2026-08-04T00:52:33.371Z,0.03
2026-08-04T00:52:53.506Z,0.03
2026-08-04T00:53:08.538Z,0.02
2026-08-04T00:53:28.616Z,0.02
2026-08-04T00:53:43.708Z,0.04
2026-08-04T00:54:03.767Z,0.04
2026-08-04T00:54:23.903Z,0.03
2026-08-04T00:54:38.965Z,0.03
2026-08-04T00:54:54.008Z,0.05
2026-08-04T00:55:12.178Z,0.05
2026-08-04T00:55:24.156Z,0.04
2026-08-04T00:55:39.239Z,0.04
2026-08-04T00:55:59.367Z,0.04
2026-08-04T00:56:14.466Z,0.04
2026-08-04T00:56:34.443Z,0.04
2026-08-04T00:56:49.768Z,0.03
2026-08-04T00:57:09.671Z,0.03
2026-08-04T00:57:24Z,0.03
2026-08-04T00:57:24.701Z,0.03
2026-08-04T00:57:45.537Z,0.04
2026-08-04T00:58:04.956Z,0.05
2026-08-04T00:58:20.027Z,0.05
2026-08-04T00:58:35.193Z,0.05
2026-08-04T00:58:50.26Z,0.05
2026-08-04T00:59:05.332Z,0.03
2026-08-04T00:59:20.411Z,0.03
2026-08-04T00:59:35.546Z,0.03
2026-08-04T00:59:51.214Z,0.03
2026-08-04T01:00:11.426Z,0.03
2026-08-04T01:00:25.751Z,0.04
2026-08-04T01:00:45.792Z,0.03
2026-08-04T01:01:02.624Z,0.03
2026-08-04T01:01:15.988Z,0.03
2026-08-04T01:01:31.082Z,0.03
2026-08-04T01:01:51.163Z,0.03
2026-08-04T01:02:06.265Z,0.03
2026-08-04T01:02:20Z,0.05
2026-08-04T01:02:21.325Z,0.05
2026-08-04T01:02:36.474Z,0.03
2026-08-04T01:02:51.468Z,0.03
2026-08-04T01:03:06.551Z,0.04
2026-08-04T01:03:21.641Z,0.04
2026-08-04T01:03:41.726Z,0.04
2026-08-04T01:03:56.781Z,0.03
2026-08-04T01:04:11.879Z,0.03
2026-08-04T01:04:32.186Z,0.04
2026-08-04T01:04:47.446Z,0.04
2026-08-04T01:05:12.245Z,0.04
2026-08-04T01:05:28.028Z,0.04
2026-08-04T01:05:47.296Z,0.04
2026-08-04T01:06:02.947Z,0.04
2026-08-04T01:06:17.455Z,0.04
2026-08-04T01:06:34.105Z,0.04
2026-08-04T01:06:47.579Z,0.04
2026-08-04T01:07:02.663Z,0.04
2026-08-04T01:07:22Z,0.03
2026-08-04T01:07:22.718Z,0.03
2026-08-04T01:07:37.834Z,0.03
2026-08-04T01:07:52.878Z,0.03
2026-08-04T01:08:08.013Z,0.04
2026-08-04T01:08:23.069Z,0.04
2026-08-04T01:08:38.149Z,0.04
2026-08-04T01:08:53.234Z,0.04
2026-08-04T01:09:09.653Z,0.04
2026-08-04T01:09:23.378Z,0.03
2026-08-04T01:09:38.481Z,0.04
2026-08-04T01:09:53.776Z,0.04
2026-08-04T01:10:12.468Z,0.03
2026-08-04T01:10:23.685Z,0.03
2026-08-04T01:10:38.852Z,0.04
2026-08-04T01:10:53.965Z,0.04
2026-08-04T01:11:13.986Z,0.04
2026-08-04T01:11:29.061Z,0.04
2026-08-04T01:11:44.443Z,0.04
2026-08-04T01:11:59.362Z,0.04
2026-08-04T01:12:14.343Z,0.04
2026-08-04T01:12:28Z,0.04
2026-08-04T01:12:29.438Z,0.04
2026-08-04T01:12:44.447Z,0.04
2026-08-04T01:12:59.563Z,0.03
2026-08-04T01:13:14.622Z,0.03
2026-08-04T01:13:29.728Z,0.05
2026-08-04T01:13:49.757Z,0.05
2026-08-04T01:14:04.834Z,0.05
2026-08-04T01:14:19.918Z,0.05
2026-08-04T01:14:35.008Z,0.02
2026-08-04T01:14:55.092Z,0.02
2026-08-04T01:15:11.067Z,0.02
2026-08-04T01:15:30.317Z,0.02
2026-08-04T01:15:45.42Z,0.02
2026-08-04T01:16:00.461Z,0.03
2026-08-04T01:16:15.515Z,0.03
2026-08-04T01:16:30.574Z,0.03
2026-08-04T01:16:50.652Z,0.03
2026-08-04T01:17:06.739Z,0.04
2026-08-04T01:17:20.79Z,0.04
2026-08-04T01:17:35Z,0.04
2026-08-04T01:17:35.882Z,0.04
2026-08-04T01:17:50.948Z,0.04
2026-08-04T01:18:06.021Z,0.04
2026-08-04T01:18:26.133Z,0.04
2026-08-04T01:18:41.182Z,0.02
2026-08-04T01:18:56.252Z,0.05
2026-08-04T01:19:16.327Z,0.05
2026-08-04T01:19:31.423Z,0.04
2026-08-04T01:19:51.485Z,0.04
2026-08-04T01:20:08.8Z,0.03
2026-08-04T01:20:21.71Z,0.03
2026-08-04T01:20:36.769Z,0.03
2026-08-04T01:20:51.846Z,0.03
2026-08-04T01:21:11.964Z,0.02
2026-08-04T01:21:27.165Z,0.02
2026-08-04T01:21:42.088Z,0.04
2026-08-04T01:22:02.795Z,0.04
2026-08-04T01:22:17.229Z,0.04
2026-08-04T01:22:31Z,0.04
2026-08-04T01:22:32.313Z,0.04
2026-08-04T01:22:52.468Z,0.03
2026-08-04T01:23:12.552Z,0.03
2026-08-04T01:23:28.568Z,0.03
2026-08-04T01:23:42.761Z,0.03
2026-08-04T01:23:57.888Z,0.03
2026-08-04T01:24:12.89Z,0.03
2026-08-04T01:24:28.319Z,0.04
2026-08-04T01:24:48.169Z,0.04
2026-08-04T01:25:11.693Z,0.03
2026-08-04T01:25:23.223Z,0.03
2026-08-04T01:25:43.295Z,0.03
2026-08-04T01:25:58.437Z,0.03
2026-08-04T01:26:13.465Z,0.03
2026-08-04T01:26:28.572Z,0.04
2026-08-04T01:26:48.599Z,0.03
2026-08-04T01:27:08.66Z,0.03
2026-08-04T01:27:28Z,0.03
2026-08-04T01:27:28.765Z,0.03
2026-08-04T01:27:43.889Z,0.04
2026-08-04T01:27:58.967Z,0.04
2026-08-04T01:28:13.969Z,0.04
2026-08-04T01:28:29.462Z,0.04
2026-08-04T01:28:44.15Z,0.03
2026-08-04T01:28:59.214Z,0.03
2026-08-04T01:29:14.283Z,0.05
2026-08-04T01:29:29.453Z,0.05
2026-08-04T01:29:44.437Z,0.05
2026-08-04T01:30:08.522Z,0.04
2026-08-04T01:30:19.657Z,0.04
2026-08-04T01:30:34.714Z,0.04
2026-08-04T01:30:51.056Z,0.04
2026-08-04T01:31:05.015Z,0.04
2026-08-04T01:31:20.056Z,0.04
2026-08-04T01:31:35.143Z,0.04
2026-08-04T01:31:50.354Z,0.03
2026-08-04T01:32:10.322Z,0.03
2026-08-04T01:32:25.399Z,0.04
2026-08-04T01:32:40Z,0.04
2026-08-04T01:32:40.626Z,0.04
2026-08-04T01:32:56.439Z,0.04
2026-08-04T01:33:15.793Z,0.04
2026-08-04T01:33:35.865Z,0.03
2026-08-04T01:33:50.964Z,0.03
2026-08-04T01:34:06.499Z,0.03
2026-08-04T01:34:26.074Z,0.03
2026-08-04T01:34:46.14Z,0.04
2026-08-04T01:35:11.862Z,0.04
2026-08-04T01:35:21.545Z,0.04
2026-08-04T01:35:36.423Z,0.03
2026-08-04T01:35:56.48Z,0.04
2026-08-04T01:36:11.548Z,0.04
2026-08-04T01:36:27.155Z,0.04
2026-08-04T01:36:41.708Z,0.04
2026-08-04T01:36:56.781Z,0.04
2026-08-04T01:37:11.879Z,0.04
2026-08-04T01:37:26.931Z,0.04
2026-08-04T01:37:41Z,0.03
2026-08-04T01:37:42.017Z,0.03
2026-08-04T01:37:57.091Z,0.03
2026-08-04T01:38:12.169Z,0.03
2026-08-04T01:38:29.248Z,0.03
2026-08-04T01:38:42.302Z,0.04
2026-08-04T01:38:57.381Z,0.04
2026-08-04T01:39:17.454Z,0.04
2026-08-04T01:39:33.116Z,0.04
2026-08-04T01:39:47.681Z,0.03
2026-08-04T01:40:11.022Z,0.03
2026-08-04T01:40:27.834Z,0.02
2026-08-04T01:40:42.953Z,0.02
2026-08-04T01:40:58.034Z,0.03
2026-08-04T01:41:13.078Z,0.03
2026-08-04T01:41:28.169Z,0.03
2026-08-04T01:41:43.246Z,0.03
2026-08-04T01:41:58.402Z,0.03
2026-08-04T01:42:13.463Z,0.03
2026-08-04T01:42:28Z,0.03
2026-08-04T01:42:28.608Z,0.03
2026-08-04T01:42:50.073Z,0.03
2026-08-04T01:43:03.743Z,0.03
2026-08-04T01:43:18.815Z,0.03
2026-08-04T01:43:33.872Z,0.03
2026-08-04T01:43:48.962Z,0.03
2026-08-04T01:44:09.089Z,0.04
2026-08-04T01:44:24.115Z,0.04
2026-08-04T01:44:39.185Z,0.03
2026-08-04T01:44:59.325Z,0.03
2026-08-04T01:45:14.79Z,0.03
2026-08-04T01:45:34.683Z,0.03
2026-08-04T01:45:54.76Z,0.03
2026-08-04T01:46:09.821Z,0.03
2026-08-04T01:46:24.91Z,0.03
2026-08-04T01:46:44.964Z,0.03
2026-08-04T01:47:05.058Z,0.03
2026-08-04T01:47:20.122Z,0.05
2026-08-04T01:47:39Z,0.05
2026-08-04T01:47:40.248Z,0.05
2026-08-04T01:47:55.289Z,0.05
2026-08-04T01:48:15.38Z,0.04
2026-08-04T01:48:30.422Z,0.04
2026-08-04T01:48:45.513Z,0.04
2026-08-04T01:49:00.589Z,0.04
2026-08-04T01:49:15.685Z,0.04
2026-08-04T01:49:35.777Z,0.04
2026-08-04T01:49:55.954Z,0.04
2026-08-04T01:50:15.996Z,0.04
2026-08-04T01:50:31.045Z,0.04
2026-08-04T01:50:46.152Z,0.04
2026-08-04T01:51:06.311Z,0.04
2026-08-04T01:51:21.319Z,0.03
2026-08-04T01:51:36.398Z,0.03
2026-08-04T01:51:51.489Z,0.03
2026-08-04T01:52:06.573Z,0.03
2026-08-04T01:52:21.648Z,0.03
2026-08-04T01:52:36Z,0.03
2026-08-04T01:52:37.806Z,0.03
2026-08-04T01:52:51.817Z,0.04
2026-08-04T01:53:06.876Z,0.04
2026-08-04T01:53:21.995Z,0.04
2026-08-04T01:53:37.538Z,0.04
2026-08-04T01:53:52.093Z,0.05
2026-08-04T01:54:07.167Z,0.05
2026-08-04T01:54:22.317Z,0.05
2026-08-04T01:54:37.65Z,0.05
2026-08-04T01:54:57.399Z,0.05
2026-08-04T01:55:13.729Z,0.05
2026-08-04T01:55:27.59Z,0.04
2026-08-04T01:55:42.71Z,0.04
2026-08-04T01:56:03.23Z,0.04
2026-08-04T01:56:17.855Z,0.04
2026-08-04T01:56:38.003Z,0.04
2026-08-04T01:56:58.006Z,0.04
2026-08-04T01:57:13.124Z,0.03
2026-08-04T01:57:28.181Z,0.03
2026-08-04T01:57:42Z,0.03
2026-08-04T01:57:43.287Z,0.03
2026-08-04T01:57:58.351Z,0.04
2026-08-04T01:58:13.427Z,0.04
2026-08-04T01:58:28.499Z,0.03
2026-08-04T01:58:43.568Z,0.03
2026-08-04T01:58:58.655Z,0.03
2026-08-04T01:59:13.745Z,0.03
2026-08-04T01:59:33.87Z,0.04
2026-08-04T01:59:48.907Z,0.04
2026-08-04T02:00:11.554Z,0.04
2026-08-04T02:00:19.13Z,0.04
2026-08-04T02:00:34.223Z,0.04
2026-08-04T02:00:49.329Z,0.04
2026-08-04T02:01:09.37Z,0.03
2026-08-04T02:01:24.462Z,0.03
2026-08-04T02:01:39.506Z,0.03
2026-08-04T02:01:54.56Z,0.03
2026-08-04T02:02:09.676Z,0.03
2026-08-04T02:02:29.743Z,0.04
2026-08-04T02:02:44Z,0.04
2026-08-04T02:02:44.842Z,0.04
2026-08-04T02:02:59.921Z,0.03
2026-08-04T02:03:14.978Z,0.03
2026-08-04T02:03:35.221Z,0.04
2026-08-04T02:03:50.129Z,0.04
2026-08-04T02:04:05.219Z,0.03
2026-08-04T02:04:20.389Z,0.03
2026-08-04T02:04:35.408Z,0.04
2026-08-04T02:04:50.481Z,0.04
2026-08-04T02:05:10.274Z,0.04
2026-08-04T02:05:20.652Z,0.04
2026-08-04T02:05:40.731Z,0.04
2026-08-04T02:05:55.797Z,0.04
2026-08-04T02:06:10.869Z,0.04
2026-08-04T02:06:25.988Z,0.04
2026-08-04T02:06:43.536Z,0.03
2026-08-04T02:06:56.092Z,0.03
2026-08-04T02:07:11.179Z,0.03
2026-08-04T02:07:31.259Z,0.03
2026-08-04T02:07:45Z,0.05
2026-08-04T02:07:46.367Z,0.05
2026-08-04T02:08:02.701Z,0.05
2026-08-04T02:08:16.49Z,0.04
2026-08-04T02:08:31.592Z,0.04
2026-08-04T02:08:52.496Z,0.04
2026-08-04T02:09:07.934Z,0.04
2026-08-04T02:09:21.785Z,0.04
2026-08-04T02:09:36.85Z,0.04
2026-08-04T02:09:56.999Z,0.03
2026-08-04T02:10:17.75Z,0.03
2026-08-04T02:10:37.097Z,0.03
2026-08-04T02:10:52.197Z,0.04
2026-08-04T02:11:12.859Z,0.04
2026-08-04T02:11:27.449Z,0.03
2026-08-04T02:11:47.508Z,0.03
2026-08-04T02:12:03.958Z,0.04
2026-08-04T02:12:17.632Z,0.05
2026-08-04T02:12:32.7Z,0.05
2026-08-04T02:12:47Z,0.05
2026-08-04T02:12:47.788Z,0.05
2026-08-04T02:13:07.856Z,0.03
2026-08-04T02:13:27.932Z,0.03
2026-08-04T02:13:43.007Z,0.03
2026-08-04T02:13:58.199Z,0.03
2026-08-04T02:14:18.176Z,0.03
2026-08-04T02:14:38.28Z,0.03
2026-08-04T02:14:58.316Z,0.03
2026-08-04T02:15:18.708Z,0.03
2026-08-04T02:15:33.472Z,0.04
2026-08-04T02:15:48.54Z,0.04
2026-08-04T02:16:03.998Z,0.03
2026-08-04T02:16:18.697Z,0.03
2026-08-04T02:16:33.775Z,0.03
2026-08-04T02:16:48.929Z,0.03
2026-08-04T02:17:04.728Z,0.03
2026-08-04T02:17:19.039Z,0.02
2026-08-04T02:17:39.136Z,0.02
2026-08-04T02:17:53Z,0.03
2026-08-04T02:17:54.238Z,0.03
2026-08-04T02:18:09.273Z,0.03
2026-08-04T02:18:24.345Z,0.04
2026-08-04T02:18:39.424Z,0.04
2026-08-04T02:18:54.603Z,0.04
2026-08-04T02:19:11.255Z,0.04
2026-08-04T02:19:24.655Z,0.04
2026-08-04T02:19:39.733Z,0.04
2026-08-04T02:19:54.811Z,0.04
2026-08-04T02:20:13.569Z,0.03
2026-08-04T02:20:25.148Z,0.03
2026-08-04T02:20:45.187Z,0.03
2026-08-04T02:21:00.261Z,0.03
2026-08-04T02:21:15.367Z,0.03
2026-08-04T02:21:30.451Z,0.03
2026-08-04T02:21:45.534Z,0.04
2026-08-04T02:22:02.55Z,0.04
2026-08-04T02:22:20.711Z,0.04
2026-08-04T02:22:36.113Z,0.04
2026-08-04T02:22:50Z,0.04
2026-08-04T02:22:51.046Z,0.04
2026-08-04T02:23:06.117Z,0.04
2026-08-04T02:23:21.512Z,0.04
2026-08-04T02:23:41.269Z,0.03
2026-08-04T02:23:57.813Z,0.03
2026-08-04T02:24:11.413Z,0.03
2026-08-04T02:24:26.489Z,0.04
2026-08-04T02:24:46.547Z,0.04
2026-08-04T02:25:11.151Z,0.04
2026-08-04T02:25:17.132Z,0.04
2026-08-04T02:25:31.769Z,0.04
2026-08-04T02:25:46.866Z,0.04
2026-08-04T02:26:06.974Z,0.04
2026-08-04T02:26:22.061Z,0.04
2026-08-04T02:26:42.139Z,0.04
2026-08-04T02:26:57.22Z,0.03
2026-08-04T02:27:12.639Z,0.03
2026-08-04T02:27:27.415Z,0.03
2026-08-04T02:27:42.492Z,0.03
2026-08-04T02:27:57Z,0.04
2026-08-04T02:27:57.574Z,0.04
2026-08-04T02:28:12.665Z,0.04
2026-08-04T02:28:32.768Z,0.04
2026-08-04T02:28:52.793Z,0.02
2026-08-04T02:29:07.87Z,0.02
2026-08-04T02:29:23.051Z,0.04
2026-08-04T02:29:43.132Z,0.04
2026-08-04T02:29:58.305Z,0.05
2026-08-04T02:30:18.326Z,0.05
2026-08-04T02:30:33.345Z,0.05
2026-08-04T02:30:48.494Z,0.02
2026-08-04T02:31:03.508Z,0.02
2026-08-04T02:31:18.614Z,0.02
2026-08-04T02:31:33.662Z,0.02
2026-08-04T02:31:48.783Z,0.02
2026-08-04T02:32:03.855Z,0.03
2026-08-04T02:32:18.944Z,0.03
2026-08-04T02:32:34.034Z,0.03
2026-08-04T02:32:48Z,0.04
2026-08-04T02:32:49.099Z,0.04
2026-08-04T02:33:04.153Z,0.04
2026-08-04T02:33:19.225Z,0.04
2026-08-04T02:33:34.714Z,0.04
2026-08-04T02:33:49.412Z,0.04
2026-08-04T02:34:04.45Z,0.03
2026-08-04T02:34:19.602Z,0.03
2026-08-04T02:34:39.691Z,0.03
2026-08-04T02:34:54.722Z,0.03
2026-08-04T02:35:14.906Z,0.03
2026-08-04T02:35:29.901Z,0.03
2026-08-04T02:35:44.951Z,0.03
2026-08-04T02:36:00.038Z,0.03
2026-08-04T02:36:15.118Z,0.03
2026-08-04T02:36:30.188Z,0.03
2026-08-04T02:36:45.277Z,0.04
2026-08-04T02:37:05.344Z,0.04
2026-08-04T02:37:21.039Z,0.04
2026-08-04T02:37:35.509Z,0.04
2026-08-04T02:37:50Z,0.04
2026-08-04T02:37:50.582Z,0.04
2026-08-04T02:38:10.774Z,0.04
2026-08-04T02:38:25.713Z,0.03
2026-08-04T02:38:40.82Z,0.03
2026-08-04T02:38:55.868Z,0.04
2026-08-04T02:39:11.066Z,0.04
2026-08-04T02:39:26.151Z,0.05
2026-08-04T02:39:41.588Z,0.05
2026-08-04T02:39:56.363Z,0.05
2026-08-04T02:40:12.062Z,0.03
2026-08-04T02:40:26.46Z,0.03
2026-08-04T02:40:41.786Z,0.03
2026-08-04T02:41:02.733Z,0.03
2026-08-04T02:41:16.68Z,0.03
2026-08-04T02:41:36.776Z,0.03
2026-08-04T02:41:51.911Z,0.03
2026-08-04T02:42:11.944Z,0.03
2026-08-04T02:42:26.989Z,0.03
2026-08-04T02:42:47.11Z,0.04
2026-08-04T02:43:01Z,0.04
2026-08-04T02:43:02.709Z,0.04
2026-08-04T02:43:17.247Z,0.03
2026-08-04T02:43:32.357Z,0.03
2026-08-04T02:43:48.147Z,0.03
2026-08-04T02:44:02.857Z,0.03
2026-08-04T02:44:17.533Z,0.03
2026-08-04T02:44:32.661Z,0.03
2026-08-04T02:44:52.816Z,0.04
2026-08-04T02:45:12.845Z,0.04
2026-08-04T02:45:27.936Z,0.04
2026-08-04T02:45:42.987Z,0.04
2026-08-04T02:46:00.026Z,0.04
2026-08-04T02:46:13.185Z,0.03
2026-08-04T02:46:28.219Z,0.03
2026-08-04T02:46:43.353Z,0.03
2026-08-04T02:46:58.435Z,0.04
2026-08-04T02:47:13.531Z,0.04
2026-08-04T02:47:28.569Z,0.03
2026-08-04T02:47:43.669Z,0.03
2026-08-04T02:47:58Z,0.03
2026-08-04T02:48:00.623Z,0.03
2026-08-04T02:48:13.823Z,0.03
2026-08-04T02:48:28.966Z,0.03
2026-08-04T02:48:43.978Z,0.03
2026-08-04T02:48:59.059Z,0.03
2026-08-04T02:49:19.108Z,0.04
2026-08-04T02:49:34.229Z,0.04
2026-08-04T02:49:49.276Z,0.04
2026-08-04T02:50:10.611Z,0.04
2026-08-04T02:50:19.442Z,0.04
2026-08-04T02:50:39.787Z,0.04
2026-08-04T02:50:54.57Z,0.04
2026-08-04T02:51:09.664Z,0.04
2026-08-04T02:51:24.733Z,0.04
2026-08-04T02:51:40.112Z,0.04
2026-08-04T02:51:54.979Z,0.04
2026-08-04T02:52:10.083Z,0.04
2026-08-04T02:52:25.111Z,0.04
2026-08-04T02:52:40.494Z,0.04
2026-08-04T02:52:54Z,0.03
2026-08-04T02:52:55.27Z,0.03
2026-08-04T02:53:10.357Z,0.03
2026-08-04T02:53:25.414Z,0.03
2026-08-04T02:53:40.662Z,0.04
2026-08-04T02:53:56.911Z,0.04
2026-08-04T02:54:10.767Z,0.03
2026-08-04T02:54:25.842Z,0.03
2026-08-04T02:54:45.909Z,0.03
2026-08-04T02:55:11.634Z,0.04
2026-08-04T02:55:21.052Z,0.04
2026-08-04T02:55:36.127Z,0.04
2026-08-04T02:55:51.61Z,0.04
2026-08-04T02:56:06.26Z,0.04
2026-08-04T02:56:21.322Z,0.04
2026-08-04T02:56:36.492Z,0.04
2026-08-04T02:56:51.894Z,0.04
2026-08-04T02:57:11.607Z,0.04
2026-08-04T02:57:26.681Z,0.04
2026-08-04T02:57:41.753Z,0.04
2026-08-04T02:58:01Z,0.04
2026-08-04T02:58:03.738Z,0.04
2026-08-04T02:58:21.902Z,0.04
2026-08-04T02:58:37.029Z,0.04
2026-08-04T02:58:52.084Z,0.02
2026-08-04T02:59:12.147Z,0.02
2026-08-04T02:59:27.211Z,0.02
2026-08-04T02:59:47.299Z,0.04
2026-08-04T03:00:11.991Z,0.04
2026-08-04T03:00:17.435Z,0.05
2026-08-04T03:00:32.515Z,0.05
2026-08-04T03:00:47.898Z,0.05
2026-08-04T03:01:07.684Z,0.05
2026-08-04T03:01:22.753Z,0.05
2026-08-04T03:01:37.808Z,0.04
2026-08-04T03:01:53.734Z,0.04
2026-08-04T03:02:12.98Z,0.03
2026-08-04T03:02:28.047Z,0.03
2026-08-04T03:02:43.129Z,0.03
2026-08-04T03:02:57Z,0.03
2026-08-04T03:02:58.884Z,0.03
2026-08-04T03:03:18.376Z,0.04
2026-08-04T03:03:38.395Z,0.04
2026-08-04T03:03:53.515Z,0.04
2026-08-04T03:04:08.588Z,0.04
2026-08-04T03:04:28.92Z,0.04
2026-08-04T03:04:48.74Z,0.04
2026-08-04T03:05:12.165Z,0.04
2026-08-04T03:05:23.931Z,0.04
2026-08-04T03:05:39.224Z,0.04
2026-08-04T03:05:54.055Z,0.04
2026-08-04T03:06:10.36Z,0.04
2026-08-04T03:06:24.25Z,0.04
2026-08-04T03:06:39.57Z,0.04
2026-08-04T03:06:54.392Z,0.04
2026-08-04T03:07:09.478Z,0.04
2026-08-04T03:07:24.574Z,0.03
2026-08-04T03:07:45.55Z,0.03
2026-08-04T03:07:59Z,0.03
2026-08-04T03:07:59.706Z,0.03
2026-08-04T03:08:14.777Z,0.04
2026-08-04T03:08:29.903Z,0.04
2026-08-04T03:08:50.037Z,0.03
2026-08-04T03:09:05.123Z,0.03
2026-08-04T03:09:20.18Z,0.03
2026-08-04T03:09:36.27Z,0.03
2026-08-04T03:09:50.317Z,0.03
2026-08-04T03:10:13.288Z,0.03
2026-08-04T03:10:20.464Z,0.04
2026-08-04T03:10:35.549Z,0.04
2026-08-04T03:10:50.794Z,0.03
2026-08-04T03:11:10.675Z,0.03
2026-08-04T03:11:25.745Z,0.04
2026-08-04T03:11:40.829Z,0.04
2026-08-04T03:11:55.916Z,0.04
2026-08-04T03:12:11.805Z,0.04
2026-08-04T03:12:31.087Z,0.03
2026-08-04T03:12:46.127Z,0.03
2026-08-04T03:13:00Z,0.03
2026-08-04T03:13:02.515Z,0.03
2026-08-04T03:13:16.301Z,0.03
2026-08-04T03:13:32.136Z,0.04
2026-08-04T03:13:46.514Z,0.04
2026-08-04T03:14:02.763Z,0.04
2026-08-04T03:14:21.658Z,0.03
2026-08-04T03:14:36.809Z,0.04
2026-08-04T03:14:51.88Z,0.04
2026-08-04T03:15:12.799Z,0.04
2026-08-04T03:15:22.029Z,0.04
2026-08-04T03:15:42.102Z,0.03
2026-08-04T03:15:57.215Z,0.04
2026-08-04T03:16:12.271Z,0.04
2026-08-04T03:16:27.354Z,0.04
2026-08-04T03:16:47.408Z,0.04
2026-08-04T03:17:03.22Z,0.04
2026-08-04T03:17:22.575Z,0.04
2026-08-04T03:17:38.876Z,0.04
2026-08-04T03:17:52.753Z,0.04
2026-08-04T03:18:07Z,0.04
2026-08-04T03:18:07.822Z,0.04
2026-08-04T03:18:22.925Z,0.04
2026-08-04T03:18:37.99Z,0.04
2026-08-04T03:18:58.095Z,0.04
2026-08-04T03:19:13.209Z,0.04
2026-08-04T03:19:28.22Z,0.04
2026-08-04T03:19:43.289Z,0.04
2026-08-04T03:19:58.368Z,0.04
2026-08-04T03:20:13.452Z,0.04
2026-08-04T03:20:28.513Z,0.04
2026-08-04T03:20:48.598Z,0.04
2026-08-04T03:21:03.704Z,0.04
2026-08-04T03:21:18.75Z,0.04
2026-08-04T03:21:33.962Z,0.04
2026-08-04T03:21:49.049Z,0.04
2026-08-04T03:22:04.24Z,0.04
2026-08-04T03:22:20.391Z,0.04
2026-08-04T03:22:34.265Z,0.03
2026-08-04T03:22:54.627Z,0.04
2026-08-04T03:23:09Z,0.04
2026-08-04T03:23:09.397Z,0.04
2026-08-04T03:23:24.487Z,0.04
2026-08-04T03:23:39.603Z,0.04
2026-08-04T03:23:55.127Z,0.03
2026-08-04T03:24:14.752Z,0.03
2026-08-04T03:24:29.85Z,0.03
2026-08-04T03:24:44.912Z,0.04
2026-08-04T03:25:00.014Z,0.04
2026-08-04T03:25:20.063Z,0.04
2026-08-04T03:25:40.141Z,0.04
2026-08-04T03:26:00.272Z,0.05
2026-08-04T03:26:15.317Z,0.05
2026-08-04T03:26:30.369Z,0.05
2026-08-04T03:26:45.427Z,0.05
2026-08-04T03:27:05.519Z,0.02
2026-08-04T03:27:21.127Z,0.03
2026-08-04T03:27:35.695Z,0.03
2026-08-04T03:27:55.74Z,0.03
2026-08-04T03:28:10Z,0.03
2026-08-04T03:28:10.817Z,0.03
2026-08-04T03:28:25.903Z,0.03
2026-08-04T03:28:41.064Z,0.03
2026-08-04T03:28:56.137Z,0.03
2026-08-04T03:29:16.22Z,0.04
2026-08-04T03:29:31.292Z,0.03
2026-08-04T03:29:46.443Z,0.03
2026-08-04T03:30:08.672Z,0.04
2026-08-04T03:30:16.59Z,0.04
2026-08-04T03:30:39.563Z,0.04
2026-08-04T03:30:51.731Z,0.04
2026-08-04T03:31:06.81Z,0.04
2026-08-04T03:31:23.028Z,0.04
2026-08-04T03:31:36.945Z,0.04
2026-08-04T03:31:52.039Z,0.04
2026-08-04T03:32:07.123Z,0.04
2026-08-04T03:32:22.18Z,0.04
2026-08-04T03:32:37.252Z,0.03
2026-08-04T03:32:52.376Z,0.03
2026-08-04T03:33:07Z,0.03
2026-08-04T03:33:07.405Z,0.03
2026-08-04T03:33:27.562Z,0.04
2026-08-04T03:33:42.635Z,0.04
2026-08-04T03:33:57.737Z,0.04
2026-08-04T03:34:17.784Z,0.04
2026-08-04T03:34:32.875Z,0.04
2026-08-04T03:34:48.193Z,0.03
2026-08-04T03:35:10.646Z,0.03
2026-08-04T03:35:18.125Z,0.03
2026-08-04T03:35:33.972Z,0.03
2026-08-04T03:35:48.271Z,0.03
2026-08-04T03:36:03.375Z,0.04
2026-08-04T03:36:23.542Z,0.04
2026-08-04T03:36:44.372Z,0.03
2026-08-04T03:37:05.398Z,0.03
2026-08-04T03:37:18.632Z,0.03
2026-08-04T03:37:33.709Z,0.03
2026-08-04T03:37:53.834Z,0.03
2026-08-04T03:38:08Z,0.01
2026-08-04T03:38:08.883Z,0.01
2026-08-04T03:38:24.014Z,0.01
2026-08-04T03:38:39.492Z,0.04
2026-08-04T03:38:59.171Z,0.04
2026-08-04T03:39:14.288Z,0.03
2026-08-04T03:39:29.605Z,0.03
2026-08-04T03:39:44.364Z,0.03
2026-08-04T03:39:59.459Z,0.03
2026-08-04T03:40:19.535Z,0.05
2026-08-04T03:40:34.607Z,0.05
2026-08-04T03:40:54.745Z,0.03
2026-08-04T03:41:09.859Z,0.03
2026-08-04T03:41:24.913Z,0.03
2026-08-04T03:41:44.963Z,0.03
2026-08-04T03:42:00.034Z,0.03
2026-08-04T03:42:15.124Z,0.03
2026-08-04T03:42:30.444Z,0.03
2026-08-04T03:42:45.3Z,0.03
2026-08-04T03:43:00.349Z,0.03
2026-08-04T03:43:20Z,0.03
2026-08-04T03:43:20.42Z,0.03
2026-08-04T03:43:35.494Z,0.05
2026-08-04T03:43:50.593Z,0.02
2026-08-04T03:44:05.654Z,0.02
2026-08-04T03:44:20.728Z,0.05
2026-08-04T03:44:35.837Z,0.05
2026-08-04T03:44:50.882Z,0.04
2026-08-04T03:45:09.1Z,0.04
2026-08-04T03:45:21.045Z,0.04
2026-08-04T03:45:41.146Z,0.04
2026-08-04T03:46:02.655Z,0.04
2026-08-04T03:46:16.309Z,0.04
2026-08-04T03:46:31.497Z,0.03
2026-08-04T03:46:46.538Z,0.03
2026-08-04T03:47:06.604Z,0.05
2026-08-04T03:47:26.698Z,0.03
2026-08-04T03:47:46.763Z,0.03
2026-08-04T03:48:02.779Z,0.03
2026-08-04T03:48:16Z,0.03
2026-08-04T03:48:16.958Z,0.03
2026-08-04T03:48:32Z,0.03
2026-08-04T03:48:47.076Z,0.03
2026-08-04T03:49:03.727Z,0.03
2026-08-04T03:49:17.23Z,0.03
2026-08-04T03:49:32.401Z,0.03
2026-08-04T03:49:52.396Z,0.04
2026-08-04T03:50:15.462Z,0.04
2026-08-04T03:50:27.527Z,0.04
2026-08-04T03:50:47.626Z,0.04
2026-08-04T03:51:07.714Z,0.03
2026-08-04T03:51:27.797Z,0.03
2026-08-04T03:51:47.867Z,0.05
2026-08-04T03:52:02.988Z,0.05
2026-08-04T03:52:18.074Z,0.05
2026-08-04T03:52:38.131Z,0.04
2026-08-04T03:52:53.256Z,0.04
2026-08-04T03:53:07Z,0.03
2026-08-04T03:53:08.399Z,0.03
2026-08-04T03:53:28.413Z,0.03
2026-08-04T03:53:43.511Z,0.03
2026-08-04T03:53:58.569Z,0.03
2026-08-04T03:54:19.191Z,0.03
2026-08-04T03:54:33.754Z,0.03
2026-08-04T03:54:49.359Z,0.03
2026-08-04T03:55:11.436Z,0.04
2026-08-04T03:55:18.995Z,0.04
2026-08-04T03:55:39.056Z,0.03
2026-08-04T03:55:54.221Z,0.04
2026-08-04T03:56:09.407Z,0.04
2026-08-04T03:56:24.328Z,0.03
2026-08-04T03:56:39.39Z,0.04
2026-08-04T03:56:59.486Z,0.04
2026-08-04T03:57:15.302Z,0.02
2026-08-04T03:57:29.65Z,0.02
2026-08-04T03:57:44.677Z,0.02
2026-08-04T03:58:04.758Z,0.04
2026-08-04T03:58:19Z,0.04
2026-08-04T03:58:19.871Z,0.04
2026-08-04T03:58:34.932Z,0.04
2026-08-04T03:58:50.01Z,0.04
2026-08-04T03:59:05.085Z,0.02
2026-08-04T03:59:20.203Z,0.02
2026-08-04T03:59:40.257Z,0.03
2026-08-04T04:00:00.408Z,0.03
2026-08-04T04:00:16.178Z,0.03
2026-08-04T04:00:30.532Z,0.03
2026-08-04T04:00:45.603Z,0.04
2026-08-04T04:01:00.706Z,0.04
2026-08-04T04:01:21.652Z,0.04
2026-08-04T04:01:40.888Z,0.04
2026-08-04T04:01:55.984Z,0.03
2026-08-04T04:02:16.751Z,0.03
2026-08-04T04:02:31.065Z,0.03
2026-08-04T04:02:51.45Z,0.03
2026-08-04T04:03:06.284Z,0.06
2026-08-04T04:03:25Z,0.03
2026-08-04T04:03:26.369Z,0.03
2026-08-04T04:03:41.426Z,0.03
2026-08-04T04:03:56.515Z,0.03
2026-08-04T04:04:11.639Z,0.04
2026-08-04T04:04:26.696Z,0.04
2026-08-04T04:04:47.357Z,0.04
2026-08-04T04:05:11.568Z,0.04
2026-08-04T04:05:22.039Z,0.04
2026-08-04T04:05:37.083Z,0.04
2026-08-04T04:05:52.711Z,0.04
2026-08-04T04:06:12.251Z,0.04
2026-08-04T04:06:27.307Z,0.04
2026-08-04T04:06:42.427Z,0.04
2026-08-04T04:06:57.461Z,0.04
2026-08-04T04:07:17.522Z,0.03
2026-08-04T04:07:32.628Z,0.03
2026-08-04T04:07:47.688Z,0.03
2026-08-04T04:08:03.204Z,0.02
2026-08-04T04:08:22Z,0.02
2026-08-04T04:08:22.821Z,0.02
2026-08-04T04:08:37.904Z,0.05
2026-08-04T04:08:57.99Z,0.05
2026-08-04T04:09:13.065Z,0.03
2026-08-04T04:09:28.166Z,0.03
2026-08-04T04:09:43.2Z,0.03
2026-08-04T04:10:09.65Z,0.04
2026-08-04T04:10:18.652Z,0.04
2026-08-04T04:10:38.465Z,0.04
2026-08-04T04:10:58.536Z,0.04
2026-08-04T04:11:13.612Z,0.04
2026-08-04T04:11:28.679Z,0.04
2026-08-04T04:11:43.745Z,0.04
2026-08-04T04:12:04.082Z,0.05
2026-08-04T04:12:19.029Z,0.05
2026-08-04T04:12:34.112Z,0.03
2026-08-04T04:12:49.165Z,0.03
2026-08-04T04:13:04.889Z,0.03
2026-08-04T04:13:18Z,0.03
2026-08-04T04:13:19.35Z,0.03
2026-08-04T04:13:34.758Z,0.04
2026-08-04T04:13:49.475Z,0.03
2026-08-04T04:14:04.592Z,0.03
2026-08-04T04:14:19.645Z,0.03
2026-08-04T04:14:39.709Z,0.03
2026-08-04T04:14:56.067Z,0.03
2026-08-04T04:15:10.582Z,0.03
2026-08-04T04:15:30.031Z,0.04
2026-08-04T04:15:45.107Z,0.03
2026-08-04T04:16:00.198Z,0.03
2026-08-04T04:16:15.246Z,0.03
2026-08-04T04:16:30.325Z,0.03
2026-08-04T04:16:45.406Z,0.05
2026-08-04T04:17:00.505Z,0.05
2026-08-04T04:17:15.556Z,0.04
2026-08-04T04:17:35.686Z,0.04
2026-08-04T04:17:51.963Z,0.04
2026-08-04T04:18:05.876Z,0.04
2026-08-04T04:18:20Z,0.03
2026-08-04T04:18:20.876Z,0.03
2026-08-04T04:18:40.951Z,0.03
2026-08-04T04:18:56.065Z,0.03
2026-08-04T04:19:11.265Z,0.03
2026-08-04T04:19:26.361Z,0.04
2026-08-04T04:19:41.406Z,0.04
2026-08-04T04:20:12.362Z,0.04
2026-08-04T04:20:16.729Z,0.04
2026-08-04T04:20:31.744Z,0.04
2026-08-04T04:20:52.024Z,0.04
2026-08-04T04:21:11.891Z,0.04
2026-08-04T04:21:26.947Z,0.04
2026-08-04T04:21:42.02Z,0.04
2026-08-04T04:21:57.111Z,0.03
2026-08-04T04:22:12.177Z,0.03
2026-08-04T04:22:32.278Z,0.04
2026-08-04T04:22:47.358Z,0.04
2026-08-04T04:23:02.818Z,0.03
2026-08-04T04:23:22Z,0.03
2026-08-04T04:23:22.499Z,0.03
2026-08-04T04:23:37.66Z,0.03
2026-08-04T04:23:52.647Z,0.03
2026-08-04T04:24:07.754Z,0.03
2026-08-04T04:24:22.825Z,0.03
2026-08-04T04:24:37.904Z,0.03
2026-08-04T04:24:52.98Z,0.03
2026-08-04T04:25:13.433Z,0.03
2026-08-04T04:25:28.132Z,0.03
2026-08-04T04:25:43.189Z,0.03
2026-08-04T04:25:58.292Z,0.03
2026-08-04T04:26:13.359Z,0.03
2026-08-04T04:26:29.668Z,0.05
2026-08-04T04:26:43.492Z,0.05
2026-08-04T04:26:58.605Z,0.05
2026-08-04T04:27:18.654Z,0.05
2026-08-04T04:27:38.717Z,0.05
2026-08-04T04:27:53.818Z,0.05
2026-08-04T04:28:09.153Z,0.05
2026-08-04T04:28:23Z,0.04
2026-08-04T04:28:23.969Z,0.04
2026-08-04T04:28:39.092Z,0.04
2026-08-04T04:28:59.134Z,0.03
2026-08-04T04:29:19.184Z,0.03
2026-08-04T04:29:34.988Z,0.03
2026-08-04T04:29:49.418Z,0.03
2026-08-04T04:30:10.786Z,0.04
2026-08-04T04:30:19.572Z,0.04
2026-08-04T04:30:36.609Z,0.04
2026-08-04T04:30:49.728Z,0.03
2026-08-04T04:31:04.807Z,0.03
2026-08-04T04:31:19.895Z,0.04
2026-08-04T04:31:35.4Z,0.04
2026-08-04T04:31:50.023Z,0.05
2026-08-04T04:32:05.18Z,0.04
2026-08-04T04:32:20.232Z,0.04
2026-08-04T04:32:40.322Z,0.04
2026-08-04T04:32:55.403Z,0.04
2026-08-04T04:33:10.489Z,0.04
2026-08-04T04:33:25Z,0.04
2026-08-04T04:33:27.808Z,0.04
2026-08-04T04:33:40.639Z,0.04
2026-08-04T04:33:55.736Z,0.04
2026-08-04T04:34:10.781Z,0.04
2026-08-04T04:34:26.076Z,0.04
2026-08-04T04:34:45.946Z,0.04
2026-08-04T04:35:11.819Z,0.04
2026-08-04T04:35:16.101Z,0.04
2026-08-04T04:35:31.518Z,0.05
2026-08-04T04:35:46.354Z,0.05
2026-08-04T04:36:06.431Z,0.04
2026-08-04T04:36:21.51Z,0.04
2026-08-04T04:36:37.506Z,0.04
2026-08-04T04:36:56.778Z,0.03
2026-08-04T04:37:11.891Z,0.03
2026-08-04T04:37:26.993Z,0.03
2026-08-04T04:37:42.713Z,0.04
2026-08-04T04:38:02.497Z,0.04
2026-08-04T04:38:21Z,0.04
2026-08-04T04:38:22.219Z,0.04
2026-08-04T04:38:42.269Z,0.02
2026-08-04T04:38:57.357Z,0.02
2026-08-04T04:39:17.427Z,0.05
2026-08-04T04:39:37.497Z,0.04
2026-08-04T04:39:52.568Z,0.04
2026-08-04T04:40:13.194Z,0.04
2026-08-04T04:40:27.74Z,0.04
2026-08-04T04:40:44.055Z,0.04
2026-08-04T04:40:57.996Z,0.04
2026-08-04T04:41:13.04Z,0.04
2026-08-04T04:41:28.075Z,0.04
2026-08-04T04:41:48.205Z,0.05
2026-08-04T04:42:03.267Z,0.05
2026-08-04T04:42:23.315Z,0.05
2026-08-04T04:42:43.375Z,0.05
2026-08-04T04:43:03.446Z,0.07
2026-08-04T04:43:18.525Z,0.06
2026-08-04T04:43:33Z,0.06
2026-08-04T04:43:35.357Z,0.06
2026-08-04T04:43:48.692Z,0.06
2026-08-04T04:44:03.775Z,0.06
2026-08-04T04:44:18.853Z,0.06
2026-08-04T04:44:38.927Z,0.06
2026-08-04T04:44:53.992Z,0.07
2026-08-04T04:45:12.023Z,0.07
2026-08-04T04:45:29.179Z,0.07
2026-08-04T04:45:44.254Z,0.07
2026-08-04T04:45:59.331Z,0.07
2026-08-04T04:46:14.404Z,0.07
2026-08-04T04:46:29.474Z,0.07
2026-08-04T04:46:44.538Z,0.07
2026-08-04T04:47:00.291Z,0.07
2026-08-04T04:47:14.716Z,0.09
2026-08-04T04:47:29.778Z,0.09
2026-08-04T04:47:44.888Z,0.1
2026-08-04T04:48:04.929Z,0.1
2026-08-04T04:48:19.996Z,0.1
2026-08-04T04:48:39Z,0.09
2026-08-04T04:48:41.056Z,0.09
2026-08-04T04:48:55.184Z,0.09
2026-08-04T04:49:10.218Z,0.09
2026-08-04T04:49:25.29Z,0.12
2026-08-04T04:49:45.398Z,0.12
2026-08-04T04:50:00.521Z,0.12
2026-08-04T04:50:15.544Z,0.15
2026-08-04T04:50:30.61Z,0.15
2026-08-04T04:50:45.676Z,0.15
2026-08-04T04:51:02.521Z,0.15
2026-08-04T04:51:16.241Z,0.15
2026-08-04T04:51:31.222Z,0.19
2026-08-04T04:51:45.988Z,0.19
2026-08-04T04:52:02.657Z,0.18
2026-08-04T04:52:16.124Z,0.18
2026-08-04T04:52:31.807Z,0.18
2026-08-04T04:52:46.289Z,0.18
2026-08-04T04:53:06.356Z,0.18
2026-08-04T04:53:26.442Z,0.18
2026-08-04T04:53:41Z,0.18
2026-08-04T04:53:41.496Z,0.18
2026-08-04T04:53:56.588Z,0.27
2026-08-04T04:54:16.639Z,0.27
2026-08-04T04:54:36.76Z,0.32
2026-08-04T04:54:56.815Z,0.32
2026-08-04T04:55:12.604Z,0.35
2026-08-04T04:55:26.964Z,0.35
2026-08-04T04:55:42.041Z,0.38
2026-08-04T04:56:03.581Z,0.38
2026-08-04T04:56:17.187Z,0.41
2026-08-04T04:56:37.302Z,0.43
2026-08-04T04:56:52.343Z,0.43
2026-08-04T04:57:07.506Z,0.43
2026-08-04T04:57:22.536Z,0.43
2026-08-04T04:57:37.602Z,0.48
2026-08-04T04:57:52.669Z,0.51
2026-08-04T04:58:07.84Z,0.51
2026-08-04T04:58:22.937Z,0.55
2026-08-04T04:58:37Z,0.55
2026-08-04T04:58:38.005Z,0.55
2026-08-04T04:58:53.079Z,0.6
2026-08-04T04:59:08.212Z,0.6
2026-08-04T04:59:28.265Z,0.6
2026-08-04T04:59:43.346Z,0.67
2026-08-04T05:00:10.301Z,0.67
2026-08-04T05:00:18.601Z,0.73
2026-08-04T05:00:33.644Z,0.73
2026-08-04T05:00:48.739Z,0.79
2026-08-04T05:01:03.862Z,0.79
2026-08-04T05:01:23.905Z,0.82
2026-08-04T05:01:44.03Z,0.85
2026-08-04T05:02:04.064Z,0.85
2026-08-04T05:02:24.131Z,0.85
2026-08-04T05:02:39.919Z,0.85
2026-08-04T05:02:54.289Z,0.85
2026-08-04T05:03:09.371Z,0.99
2026-08-04T05:03:24.423Z,0.99
2026-08-04T05:03:44Z,1.11
2026-08-04T05:03:44.586Z,1.11
2026-08-04T05:03:59.641Z,1.11
2026-08-04T05:04:14.693Z,1.11
2026-08-04T05:04:34.756Z,1.17
2026-08-04T05:04:49.841Z,1.17
2026-08-04T05:05:09.279Z,1.24
2026-08-04T05:05:19.984Z,1.24
2026-08-04T05:05:35.356Z,1.28
2026-08-04T05:05:50.156Z,1.28
2026-08-04T05:06:05.228Z,1.36
2026-08-04T05:06:21.511Z,1.4
2026-08-04T05:06:35.417Z,1.4
2026-08-04T05:06:50.485Z,1.4
2026-08-04T05:07:05.597Z,1.55
2026-08-04T05:07:20.631Z,1.55
2026-08-04T05:07:35.736Z,1.55
2026-08-04T05:07:50.787Z,1.62
2026-08-04T05:08:10.941Z,1.62
2026-08-04T05:08:25.966Z,1.68
2026-08-04T05:08:40Z,1.68
2026-08-04T05:08:41.049Z,1.68
2026-08-04T05:08:56.138Z,1.68
2026-08-04T05:09:11.215Z,1.68
2026-08-04T05:09:26.285Z,1.68
2026-08-04T05:09:44.293Z,1.68
2026-08-04T05:10:11.694Z,1.92
2026-08-04T05:10:21.5Z,2.04
2026-08-04T05:10:36.847Z,2.04
2026-08-04T05:10:51.643Z,2.07
2026-08-04T05:11:06.721Z,2.07
2026-08-04T05:11:21.804Z,2.07
2026-08-04T05:11:36.889Z,2.07
2026-08-04T05:11:51.984Z,2.07
2026-08-04T05:12:07.039Z,2.07
2026-08-04T05:12:22.175Z,2.07
2026-08-04T05:12:37.206Z,2.07
2026-08-04T05:12:52.314Z,2.07
2026-08-04T05:13:07.344Z,2.52
2026-08-04T05:13:27.819Z,2.52
2026-08-04T05:13:42Z,2.67
2026-08-04T05:13:42.498Z,2.67
2026-08-04T05:14:02.602Z,2.76
2026-08-04T05:14:22.649Z,2.76
2026-08-04T05:14:37.732Z,2.94
2026-08-04T05:14:57.778Z,2.94
2026-08-04T05:15:13.057Z,2.94
2026-08-04T05:15:27.973Z,3.22
2026-08-04T05:15:43.051Z,3.22
2026-08-04T05:15:58.104Z,3.22
2026-08-04T05:16:13.264Z,3.43
2026-08-04T05:16:28.292Z,3.43
2026-08-04T05:16:43.371Z,3.63
2026-08-04T05:16:58.431Z,3.63
2026-08-04T05:17:13.867Z,3.63
2026-08-04T05:17:33.597Z,3.86
2026-08-04T05:17:48.674Z,3.86
2026-08-04T05:18:04.15Z,3.86
2026-08-04T05:18:18.843Z,4.28
2026-08-04T05:18:33Z,4.28
2026-08-04T05:18:33.913Z,4.28
2026-08-04T05:18:54.868Z,4.68
2026-08-04T05:19:09.46Z,4.68
2026-08-04T05:19:24.143Z,4.68
2026-08-04T05:19:39.229Z,4.68
2026-08-04T05:19:54.289Z,5.77
2026-08-04T05:20:09.417Z,5.77
2026-08-04T05:20:24.491Z,5.77
2026-08-04T05:20:39.586Z,5.77
2026-08-04T05:20:54.598Z,7.6
2026-08-04T05:21:09.68Z,8.36
2026-08-04T05:21:24.76Z,8.36
2026-08-04T05:21:44.827Z,9.78
2026-08-04T05:22:00.531Z,9.78
2026-08-04T05:22:14.98Z,8.28
2026-08-04T05:22:30.042Z,10.85
2026-08-04T05:22:50.123Z,10.85
2026-08-04T05:23:10.184Z,7.06
2026-08-04T05:23:25.262Z,7.06
2026-08-04T05:23:39Z,7.06
2026-08-04T05:23:40.477Z,7.06
2026-08-04T05:24:00.469Z,7.06
2026-08-04T05:24:15.539Z,7.06
2026-08-04T05:24:30.611Z,8.86
2026-08-04T05:24:45.678Z,8.44
2026-08-04T05:25:03.024Z,8.44
2026-08-04T05:25:21.263Z,8.44
2026-08-04T05:25:35.953Z,7.88
2026-08-04T05:25:51.035Z,7.88
2026-08-04T05:26:11.075Z,8.07
2026-08-04T05:26:27.496Z,8.07
2026-08-04T05:26:46.225Z,8.56
2026-08-04T05:27:06.32Z,8.56
2026-08-04T05:27:26.386Z,8.56
2026-08-04T05:27:42.572Z,8.56
2026-08-04T05:27:56.53Z,8.89
2026-08-04T05:28:11.586Z,8.89
2026-08-04T05:28:31.74Z,9.05
2026-08-04T05:28:46Z,9.05
2026-08-04T05:28:46.816Z,9.05
2026-08-04T05:29:06.924Z,9.22
2026-08-04T05:29:26.99Z,9.22
2026-08-04T05:29:42.657Z,9.19
2026-08-04T05:29:57.425Z,9.1
2026-08-04T05:30:17.205Z,9.1
2026-08-04T05:30:33.052Z,9.1
2026-08-04T05:30:52.36Z,9.23
2026-08-04T05:31:07.423Z,9.23
2026-08-04T05:31:22.525Z,9.38
2026-08-04T05:31:42.586Z,9.56
2026-08-04T05:31:57.676Z,9.56
2026-08-04T05:32:12.732Z,9.67
2026-08-04T05:32:27.826Z,9.67
2026-08-04T05:32:42.898Z,9.67
2026-08-04T05:32:57.975Z,9.88
2026-08-04T05:33:13.058Z,9.88
2026-08-04T05:33:28.206Z,9.88
2026-08-04T05:33:42Z,10.21
2026-08-04T05:33:43.268Z,10.21
2026-08-04T05:33:58.36Z,10.21
2026-08-04T05:34:18.41Z,10.43
2026-08-04T05:34:33.568Z,10.43
2026-08-04T05:34:53.61Z,10.43
2026-08-04T05:35:13.706Z,10.78
2026-08-04T05:35:28.85Z,10.78
2026-08-04T05:35:48.866Z,10.84
2026-08-04T05:36:03.975Z,10.84
2026-08-04T05:36:19.028Z,11.06
2026-08-04T05:36:34.103Z,11.06
2026-08-04T05:36:49.175Z,11.06
2026-08-04T05:37:04.233Z,11.06
2026-08-04T05:37:24.339Z,11.06
2026-08-04T05:37:39.392Z,11.66
2026-08-04T05:37:54.546Z,11.66
2026-08-04T05:38:09.624Z,11.74
2026-08-04T05:38:24.795Z,11.74
2026-08-04T05:38:39.855Z,12.0
2026-08-04T05:38:54Z,12.0
2026-08-04T05:38:54.945Z,12.0
2026-08-04T05:39:10.035Z,12.0
2026-08-04T05:39:25.113Z,12.0
2026-08-04T05:39:40.183Z,12.33
2026-08-04T05:39:55.259Z,12.44
2026-08-04T05:40:15.336Z,12.44
2026-08-04T05:40:30.413Z,12.74
2026-08-04T05:40:45.553Z,12.74
2026-08-04T05:41:02.483Z,12.74
2026-08-04T05:41:15.748Z,13.03
2026-08-04T05:41:30.747Z,13.03
2026-08-04T05:41:46.987Z,13.03
2026-08-04T05:42:05.896Z,13.31
2026-08-04T05:42:21.176Z,13.31
2026-08-04T05:42:36.077Z,13.31
2026-08-04T05:42:51.381Z,13.31
2026-08-04T05:43:06.212Z,13.83
2026-08-04T05:43:21.273Z,13.83
2026-08-04T05:43:36.405Z,13.83
2026-08-04T05:43:51Z,14.16
2026-08-04T05:43:51.426Z,14.16
2026-08-04T05:44:06.542Z,14.16
2026-08-04T05:44:21.627Z,14.49
2026-08-04T05:44:36.693Z,14.49
2026-08-04T05:44:51.74Z,14.49
2026-08-04T05:45:12.187Z,14.8
2026-08-04T05:45:21.932Z,14.8
2026-08-04T05:45:42.044Z,14.99
2026-08-04T05:46:02.892Z,14.99
2026-08-04T05:46:17.184Z,14.99
2026-08-04T05:46:32.283Z,14.99
2026-08-04T05:46:47.333Z,15.76
2026-08-04T05:47:02.946Z,15.76
2026-08-04T05:47:17.5Z,15.76
2026-08-04T05:47:32.582Z,16.06
2026-08-04T05:47:47.667Z,16.06
2026-08-04T05:48:03.479Z,16.43
2026-08-04T05:48:17.854Z,16.43
2026-08-04T05:48:32.932Z,16.62
2026-08-04T05:48:52Z,16.62
2026-08-04T05:48:53.087Z,16.62
2026-08-04T05:49:08.328Z,17.01
2026-08-04T05:49:23.188Z,17.01
2026-08-04T05:49:38.243Z,17.01
2026-08-04T05:49:53.323Z,17.68
2026-08-04T05:50:13.392Z,17.68
2026-08-04T05:50:33.496Z,17.68
2026-08-04T05:50:48.556Z,18.1
2026-08-04T05:51:10.319Z,18.1
2026-08-04T05:51:28.74Z,18.63
2026-08-04T05:51:43.774Z,18.81
2026-08-04T05:52:03.847Z,18.81
2026-08-04T05:52:18.937Z,18.81
2026-08-04T05:52:39.013Z,19.68
2026-08-04T05:53:01.131Z,19.92
2026-08-04T05:53:15.476Z,19.92
2026-08-04T05:53:29.261Z,19.92
2026-08-04T05:53:44.319Z,19.92
2026-08-04T05:53:59Z,20.8
2026-08-04T05:53:59.422Z,20.8
2026-08-04T05:54:14.724Z,20.8
2026-08-04T05:54:29.61Z,21.38
2026-08-04T05:54:49.613Z,21.38
2026-08-04T05:55:13.05Z,22.01
2026-08-04T05:55:24.792Z,22.01
2026-08-04T05:55:39.836Z,22.01
2026-08-04T05:55:54.917Z,23.17
2026-08-04T05:56:15.98Z,23.17
2026-08-04T05:56:30.066Z,23.53
2026-08-04T05:56:50.151Z,23.53
2026-08-04T05:57:06.114Z,23.53
2026-08-04T05:57:25.301Z,24.85
2026-08-04T05:57:40.451Z,25.35
2026-08-04T05:58:00.458Z,25.35
2026-08-04T05:58:15.52Z,25.35
2026-08-04T05:58:35.627Z,25.35
2026-08-04T05:58:50Z,27.11
2026-08-04T05:58:50.652Z,27.11
2026-08-04T05:59:11.222Z,28.6
2026-08-04T05:59:25.825Z,28.6
2026-08-04T05:59:40.895Z,28.6
2026-08-04T06:00:10.394Z,29.89
2026-08-04T06:00:16.116Z,29.89
2026-08-04T06:00:31.174Z,31.2
2026-08-04T06:00:46.236Z,31.2
2026-08-04T06:01:02.965Z,32.05
2026-08-04T06:01:16.395Z,32.05
2026-08-04T06:01:37.241Z,32.05
2026-08-04T06:01:51.538Z,32.05
2026-08-04T06:02:06.613Z,33.64
2026-08-04T06:02:26.707Z,33.64
2026-08-04T06:02:47.898Z,34.65
2026-08-04T06:03:04.842Z,35.15
2026-08-04T06:03:22.059Z,35.15
2026-08-04T06:03:37.132Z,36.24
2026-08-04T06:03:51Z,36.24
2026-08-04T06:03:52.23Z,36.24
2026-08-04T06:04:07.285Z,36.24
2026-08-04T06:04:22.37Z,38.03
2026-08-04T06:04:37.468Z,38.03
2026-08-04T06:04:57.518Z,38.03
2026-08-04T06:05:17.59Z,39.29
2026-08-04T06:05:32.678Z,39.92
2026-08-04T06:05:48.748Z,39.92
2026-08-04T06:06:03.029Z,40.49
2026-08-04T06:06:22.921Z,40.49
2026-08-04T06:06:38.316Z,40.49
2026-08-04T06:06:53.872Z,42.01
2026-08-04T06:07:08.112Z,42.01
2026-08-04T06:07:23.172Z,43.13
2026-08-04T06:07:38.308Z,43.13
2026-08-04T06:07:54.152Z,43.13
2026-08-04T06:08:08.659Z,44.45
2026-08-04T06:08:23.742Z,44.45
2026-08-04T06:08:38.842Z,46.73
2026-08-04T06:08:53Z,46.73
2026-08-04T06:08:53.872Z,46.73
2026-08-04T06:09:08.931Z,46.73
2026-08-04T06:09:24.031Z,49.31
2026-08-04T06:09:39.132Z,49.31
2026-08-04T06:09:54.207Z,49.31
2026-08-04T06:10:10.764Z,49.31
2026-08-04T06:10:24.384Z,53.23
2026-08-04T06:10:39.442Z,53.23
2026-08-04T06:10:54.511Z,53.23
2026-08-04T06:11:09.615Z,54.98
2026-08-04T06:11:31.176Z,56.31
2026-08-04T06:11:44.722Z,56.31
2026-08-04T06:12:05.895Z,56.31
2026-08-04T06:12:19.867Z,59.38
2026-08-04T06:12:34.957Z,61.76
2026-08-04T06:12:50.02Z,61.76
2026-08-04T06:13:10.088Z,69.32
2026-08-04T06:13:25.561Z,69.32
2026-08-04T06:13:45.234Z,77.08
2026-08-04T06:14:04Z,77.08
2026-08-04T06:14:06.118Z,77.08
2026-08-04T06:14:20.395Z,87.05
2026-08-04T06:14:35.515Z,87.05
2026-08-04T06:14:55.554Z,96.34
2026-08-04T06:15:11.489Z,96.34
2026-08-04T06:15:25.767Z,96.34
2026-08-04T06:15:45.865Z,105.91
2026-08-04T06:16:06.932Z,109.52
2026-08-04T06:16:21.254Z,109.52
2026-08-04T06:16:36.569Z,109.52
2026-08-04T06:16:51.312Z,124.62
2026-08-04T06:17:12.061Z,124.62
2026-08-04T06:17:31.461Z,137.73
2026-08-04T06:17:46.538Z,143.14
2026-08-04T06:18:06.622Z,143.14
2026-08-04T06:18:21.67Z,143.14
2026-08-04T06:18:36.795Z,147.27
2026-08-04T06:18:56Z,147.27
2026-08-04T06:18:56.855Z,147.27
2026-08-04T06:19:11.957Z,146.31
2026-08-04T06:19:27.039Z,146.31
2026-08-04T06:19:42.108Z,139.82
2026-08-04T06:19:57.184Z,139.82
2026-08-04T06:20:12.446Z,131.14
2026-08-04T06:20:27.723Z,131.14
2026-08-04T06:20:42.86Z,131.14
2026-08-04T06:20:57.554Z,131.14
2026-08-04T06:21:12.641Z,131.14
2026-08-04T06:21:28.588Z,125.78
2026-08-04T06:21:42.964Z,125.78
2026-08-04T06:22:02.859Z,125.78
2026-08-04T06:22:17.907Z,125.78
2026-08-04T06:22:33.02Z,132.91
2026-08-04T06:22:48.104Z,132.91
2026-08-04T06:23:05.03Z,132.91
2026-08-04T06:23:18.419Z,138.75
2026-08-04T06:23:33.384Z,138.75
2026-08-04T06:23:54.36Z,139.01
2026-08-04T06:24:08Z,139.01
2026-08-04T06:24:08.608Z,139.01
2026-08-04T06:24:23.684Z,139.01
2026-08-04T06:24:43.786Z,138.24
2026-08-04T06:24:58.828Z,138.24
2026-08-04T06:25:14.043Z,138.24
2026-08-04T06:25:29.173Z,138.24
2026-08-04T06:25:44.22Z,141.71
2026-08-04T06:25:59.287Z,140.74
2026-08-04T06:26:14.354Z,140.74
2026-08-04T06:26:34.464Z,140.26
2026-08-04T06:26:54.515Z,141.64
2026-08-04T06:27:09.778Z,141.64
2026-08-04T06:27:29.856Z,141.64
2026-08-04T06:27:45.036Z,141.64
2026-08-04T06:28:05.404Z,141.35
2026-08-04T06:28:20.486Z,141.35
2026-08-04T06:28:35.266Z,141.35
2026-08-04T06:28:50.306Z,141.35
2026-08-04T06:29:04Z,141.35
2026-08-04T06:29:05.384Z,141.35
2026-08-04T06:29:20.446Z,141.35
2026-08-04T06:29:41.366Z,119.7
2026-08-04T06:29:55.592Z,119.7
2026-08-04T06:30:10.731Z,119.7
2026-08-04T06:30:25.816Z,119.7
2026-08-04T06:30:45.919Z,91.79
2026-08-04T06:31:02.552Z,91.79
2026-08-04T06:31:16.032Z,91.79
2026-08-04T06:31:31.107Z,91.79
2026-08-04T06:31:47.726Z,91.79
2026-08-04T06:32:02.836Z,86.07
2026-08-04T06:32:16.366Z,86.07
2026-08-04T06:32:31.433Z,87.13
2026-08-04T06:32:51.528Z,87.13
2026-08-04T06:33:06.578Z,87.13
2026-08-04T06:33:21.647Z,93.97
2026-08-04T06:33:36.747Z,93.97
2026-08-04T06:33:51.814Z,93.97
2026-08-04T06:34:06Z,121.68
2026-08-04T06:34:06.902Z,121.68
2026-08-04T06:34:21.988Z,121.68
2026-08-04T06:34:37.065Z,130.03
2026-08-04T06:34:52.168Z,130.03
2026-08-04T06:35:11.371Z,130.03
2026-08-04T06:35:22.491Z,130.03
2026-08-04T06:35:37.547Z,146.09
2026-08-04T06:35:52.632Z,146.09
2026-08-04T06:36:07.708Z,147.13
2026-08-04T06:36:22.782Z,147.13
2026-08-04T06:36:37.87Z,142.64
2026-08-04T06:36:52.942Z,142.64
2026-08-04T06:37:08.035Z,142.64
2026-08-04T06:37:23.087Z,140.29
2026-08-04T06:37:43.367Z,140.29
2026-08-04T06:37:58.311Z,140.29
2026-08-04T06:38:13.382Z,140.29
2026-08-04T06:38:28.458Z,156.22
2026-08-04T06:38:49.734Z,157.39
2026-08-04T06:39:03Z,157.39
2026-08-04T06:39:03.58Z,157.39
2026-08-04T06:39:18.656Z,157.39
2026-08-04T06:39:38.743Z,155.84
2026-08-04T06:39:53.816Z,153.65
2026-08-04T06:40:11.276Z,153.65
2026-08-04T06:40:24.044Z,147.65
2026-08-04T06:40:39.128Z,147.65
2026-08-04T06:40:59.199Z,147.65
2026-08-04T06:41:19.334Z,126.15
2026-08-04T06:41:34.393Z,126.15
2026-08-04T06:41:49.475Z,118.99
2026-08-04T06:42:04.511Z,118.99
2026-08-04T06:42:19.6Z,118.99
2026-08-04T06:42:34.737Z,118.99
2026-08-04T06:42:52.274Z,118.99
2026-08-04T06:43:04.846Z,131.39
2026-08-04T06:43:19.932Z,140.19
2026-08-04T06:43:39.988Z,140.19
2026-08-04T06:43:55.087Z,140.19
2026-08-04T06:44:14Z,160.45
2026-08-04T06:44:15.142Z,160.45
2026-08-04T06:44:35.247Z,156.3
2026-08-04T06:44:55.301Z,156.3
2026-08-04T06:45:15.368Z,156.3
2026-08-04T06:45:30.435Z,122.62
2026-08-04T06:45:45.53Z,122.62
2026-08-04T06:46:00.626Z,122.62
2026-08-04T06:46:15.917Z,96.66
2026-08-04T06:46:30.954Z,96.66
2026-08-04T06:46:45.975Z,96.66
2026-08-04T06:47:03.011Z,96.66
2026-08-04T06:47:16.136Z,96.54
2026-08-04T06:47:31.081Z,96.54
2026-08-04T06:47:46.163Z,96.31
2026-08-04T06:48:07.014Z,96.31
2026-08-04T06:48:21.299Z,96.31
2026-08-04T06:48:36.419Z,96.31
2026-08-04T06:48:56.446Z,100.94
2026-08-04T06:49:16Z,106.06
2026-08-04T06:49:16.549Z,106.06
2026-08-04T06:49:36.647Z,106.06
2026-08-04T06:49:51.738Z,106.06
2026-08-04T06:50:07.852Z,124.77
2026-08-04T06:50:27.465Z,124.77
2026-08-04T06:50:46.948Z,129.18
2026-08-04T06:51:02.654Z,130.76
2026-08-04T06:51:22.525Z,130.76
2026-08-04T06:51:42.391Z,128.29
2026-08-04T06:52:04.182Z,128.29
2026-08-04T06:52:22.45Z,128.29
2026-08-04T06:52:37.482Z,115.55
2026-08-04T06:52:52.542Z,115.55
2026-08-04T06:53:14.192Z,115.55
2026-08-04T06:53:27.956Z,110.57
2026-08-04T06:53:42.781Z,110.57
2026-08-04T06:54:02Z,109.13
2026-08-04T06:54:03.212Z,109.13
2026-08-04T06:54:22.979Z,109.27
2026-08-04T06:54:38.119Z,109.27
2026-08-04T06:54:58.189Z,109.93
2026-08-04T06:55:18.278Z,108.47
2026-08-04T06:55:33.338Z,108.47
2026-08-04T06:55:48.403Z,107.53
2026-08-04T06:56:04.513Z,107.53
2026-08-04T06:56:18.616Z,107.27
2026-08-04T06:56:33.664Z,107.27
2026-08-04T06:56:48.719Z,107.27
2026-08-04T06:57:03.787Z,103.73
2026-08-04T06:57:18.888Z,103.73
2026-08-04T06:57:34.022Z,102.57
2026-08-04T06:57:49.1Z,102.57
2026-08-04T06:58:09.146Z,100.74
2026-08-04T06:58:24.455Z,100.74
2026-08-04T06:58:44.443Z,100.74
2026-08-04T06:58:59.567Z,100.74
2026-08-04T06:59:19Z,100.41
2026-08-04T06:59:19.622Z,100.41
2026-08-04T06:59:34.712Z,100.41
2026-08-04T06:59:49.789Z,100.67
2026-08-04T07:00:11.178Z,100.67
2026-08-04T07:00:20.493Z,100.88
2026-08-04T07:00:39.995Z,101.01
2026-08-04T07:00:55.074Z,101.01
2026-08-04T07:01:10.129Z,101.01
2026-08-04T07:01:31.216Z,101.01
2026-08-04T07:01:45.651Z,101.03
2026-08-04T07:02:01.182Z,101.03
2026-08-04T07:02:17.7Z,101.02
2026-08-04T07:02:36.027Z,101.02
2026-08-04T07:02:50.659Z,101.02
2026-08-04T07:03:05.751Z,101.34
2026-08-04T07:03:21.51Z,101.51
2026-08-04T07:03:35.888Z,101.51
2026-08-04T07:03:50.958Z,101.5
2026-08-04T07:04:06.04Z,101.5
2026-08-04T07:04:20Z,101.6
2026-08-04T07:04:21.162Z,101.6
2026-08-04T07:04:36.323Z,101.6
2026-08-04T07:04:51.39Z,101.6
2026-08-04T07:05:15.069Z,101.57
2026-08-04T07:05:26.497Z,101.57
2026-08-04T07:05:41.643Z,101.78
2026-08-04T07:06:02.858Z,101.78
2026-08-04T07:06:16.759Z,102.05
2026-08-04T07:06:31.829Z,102.05
2026-08-04T07:06:48.311Z,102.05
2026-08-04T07:07:02.722Z,102.28
2026-08-04T07:07:22.096Z,102.28
2026-08-04T07:07:37.178Z,102.42
2026-08-04T07:07:57.287Z,102.42
2026-08-04T07:08:12.323Z,102.56
2026-08-04T07:08:27.421Z,102.56
2026-08-04T07:08:42.492Z,102.56
2026-08-04T07:08:57.605Z,103.08
2026-08-04T07:09:17Z,103.08
2026-08-04T07:09:17.61Z,103.08
2026-08-04T07:09:32.829Z,103.45
2026-08-04T07:09:47.755Z,103.45
2026-08-04T07:10:13.458Z,103.45
2026-08-04T07:10:22.936Z,103.81
2026-08-04T07:10:37.994Z,103.81
2026-08-04T07:10:53.749Z,103.87
2026-08-04T07:11:08.5Z,103.87
2026-08-04T07:11:28.218Z,104.36
2026-08-04T07:11:48.284Z,104.36
2026-08-04T07:12:03.561Z,104.61
2026-08-04T07:12:23.422Z,104.79
2026-08-04T07:12:38.499Z,104.79
2026-08-04T07:12:53.577Z,105.28
2026-08-04T07:13:13.645Z,105.28
2026-08-04T07:13:28.723Z,105.28
2026-08-04T07:13:48.8Z,105.28
2026-08-04T07:14:03.874Z,105.28
2026-08-04T07:14:18Z,105.28
2026-08-04T07:14:20.604Z,105.28
2026-08-04T07:14:34.135Z,105.28
2026-08-04T07:14:49.157Z,106.54
2026-08-04T07:15:11.499Z,106.54
2026-08-04T07:15:24.411Z,106.54
2026-08-04T07:15:39.527Z,107.58
2026-08-04T07:15:54.554Z,107.48
2026-08-04T07:16:09.633Z,107.48
2026-08-04T07:16:25.903Z,107.48
2026-08-04T07:16:44.786Z,107.35
2026-08-04T07:16:59.844Z,107.35
2026-08-04T07:17:14.989Z,106.26
2026-08-04T07:17:29.989Z,106.26
2026-08-04T07:17:50.882Z,106.26
2026-08-04T07:18:05.351Z,106.26
2026-08-04T07:18:20.278Z,105.93
2026-08-04T07:18:35.323Z,105.93
2026-08-04T07:18:50.434Z,105.93
2026-08-04T07:19:05.519Z,106.28
2026-08-04T07:19:20Z,106.28
2026-08-04T07:19:20.567Z,106.28
2026-08-04T07:19:35.648Z,106.28
2026-08-04T07:19:50.709Z,106.28
2026-08-04T07:20:12.096Z,107.12
2026-08-04T07:20:30.911Z,107.12
2026-08-04T07:20:45.957Z,107.56
2026-08-04T07:21:02.62Z,107.56
2026-08-04T07:21:21.116Z,107.95
2026-08-04T07:21:38.536Z,107.95
2026-08-04T07:21:51.274Z,107.95
2026-08-04T07:22:06.339Z,107.95
2026-08-04T07:22:21.424Z,107.95
2026-08-04T07:22:37.05Z,107.95
2026-08-04T07:22:56.557Z,108.89
2026-08-04T07:23:12.912Z,109.3
2026-08-04T07:23:28.087Z,109.3
2026-08-04T07:23:41.781Z,109.53
2026-08-04T07:24:02.9Z,109.53
2026-08-04T07:24:16Z,109.53
2026-08-04T07:24:16.939Z,109.53
2026-08-04T07:24:32.046Z,110.21
2026-08-04T07:24:47.106Z,110.21
2026-08-04T07:25:11.674Z,110.68
2026-08-04T07:25:22.266Z,110.68
2026-08-04T07:25:37.346Z,111.18
2026-08-04T07:25:52.414Z,111.18
2026-08-04T07:26:12.474Z,111.18
2026-08-04T07:26:32.578Z,111.18
2026-08-04T07:26:52.649Z,112.17
2026-08-04T07:27:07.752Z,112.17
2026-08-04T07:27:22.808Z,112.17
2026-08-04T07:27:42.911Z,112.17
2026-08-04T07:27:57.968Z,113.92
2026-08-04T07:28:13.042Z,113.92
2026-08-04T07:28:28.609Z,113.92
2026-08-04T07:28:43.2Z,115.05
2026-08-04T07:28:58.365Z,115.05
2026-08-04T07:29:13.45Z,116.21
2026-08-04T07:29:28Z,116.21
2026-08-04T07:29:28.563Z,116.21
2026-08-04T07:29:43.679Z,116.21
2026-08-04T07:29:58.653Z,117.15
2026-08-04T07:30:18.75Z,117.15
2026-08-04T07:30:33.818Z,117.15
2026-08-04T07:30:53.898Z,118.86
2026-08-04T07:31:09.012Z,118.86
2026-08-04T07:31:29.124Z,120.39
2026-08-04T07:31:44.176Z,120.39
2026-08-04T07:32:04.202Z,121.21
2026-08-04T07:32:19.377Z,121.21
2026-08-04T07:32:34.379Z,123.02
2026-08-04T07:32:49.508Z,123.02
2026-08-04T07:33:04.547Z,125.21
2026-08-04T07:33:19.605Z,125.21
2026-08-04T07:33:34.697Z,126.42
2026-08-04T07:33:49.776Z,126.42
2026-08-04T07:34:04.921Z,129.13
2026-08-04T07:34:19Z,129.13
2026-08-04T07:34:19.98Z,129.13
2026-08-04T07:34:35.123Z,132.69
2026-08-04T07:34:55.144Z,132.69
2026-08-04T07:35:14.181Z,134.45
2026-08-04T07:35:25.291Z,134.45
2026-08-04T07:35:45.383Z,137.05
2026-08-04T07:36:00.444Z,137.05
2026-08-04T07:36:15.529Z,137.05
2026-08-04T07:36:30.626Z,137.05
2026-08-04T07:36:50.774Z,141.03
2026-08-04T07:37:05.778Z,141.03
2026-08-04T07:37:25.874Z,141.03
2026-08-04T07:37:40.935Z,143.47
2026-08-04T07:37:56.043Z,143.47
2026-08-04T07:38:11.107Z,143.47
2026-08-04T07:38:32.034Z,149.96
2026-08-04T07:38:46.4Z,152.31
2026-08-04T07:39:02.864Z,152.31
2026-08-04T07:39:21Z,152.31
2026-08-04T07:39:21.591Z,152.31
2026-08-04T07:39:37.355Z,152.31
2026-08-04T07:39:56.743Z,160.56
2026-08-04T07:40:12.813Z,160.56
2026-08-04T07:40:31.887Z,161.57
2026-08-04T07:40:46.996Z,161.57
2026-08-04T07:41:02.877Z,161.37
2026-08-04T07:41:22.141Z,161.01
2026-08-04T07:41:37.866Z,161.01
2026-08-04T07:41:52.429Z,161.01
2026-08-04T07:42:07.52Z,161.01
2026-08-04T07:42:22.534Z,161.01
2026-08-04T07:42:37.676Z,163.41
2026-08-04T07:42:57.762Z,164.65
2026-08-04T07:43:12.838Z,164.65
2026-08-04T07:43:27.908Z,164.65
2026-08-04T07:43:42.989Z,168.76
2026-08-04T07:43:58.819Z,171.84
2026-08-04T07:44:13.233Z,171.84
2026-08-04T07:44:27Z,172.85
2026-08-04T07:44:28.291Z,172.85
2026-08-04T07:44:43.353Z,172.85
2026-08-04T07:44:58.444Z,174.24
2026-08-04T07:45:13.521Z,174.24
2026-08-04T07:45:33.597Z,174.95
2026-08-04T07:45:48.681Z,174.85
2026-08-04T07:46:04.512Z,175.09
2026-08-04T07:46:18.914Z,175.09
2026-08-04T07:46:34.705Z,175.09
2026-08-04T07:46:48.994Z,175.09
2026-08-04T07:47:04.08Z,177.85
2026-08-04T07:47:19.156Z,177.85
2026-08-04T07:47:36.722Z,177.85
2026-08-04T07:47:54.317Z,181.24
2026-08-04T07:48:09.401Z,181.24
2026-08-04T07:48:29.439Z,182.52
2026-08-04T07:48:44.508Z,182.52
2026-08-04T07:48:59.571Z,182.52
2026-08-04T07:49:14.654Z,183.18
2026-08-04T07:49:29Z,183.18
2026-08-04T07:49:30.315Z,183.18
2026-08-04T07:49:44.812Z,182.99
2026-08-04T07:49:59.887Z,182.99
2026-08-04T07:50:19.96Z,182.72
2026-08-04T07:50:36.304Z,182.72
2026-08-04T07:50:50.324Z,182.72
2026-08-04T07:51:05.304Z,184.22
2026-08-04T07:51:20.333Z,184.22
2026-08-04T07:51:40.726Z,184.43
2026-08-04T07:52:00.534Z,184.43
2026-08-04T07:52:15.577Z,183.82
2026-08-04T07:52:31.635Z,183.82
2026-08-04T07:52:45.739Z,183.15
2026-08-04T07:53:00.794Z,183.15
2026-08-04T07:53:15.884Z,183.38
2026-08-04T07:53:35.98Z,183.38
2026-08-04T07:53:51.301Z,183.38
2026-08-04T07:54:06.109Z,189.49
2026-08-04T07:54:25Z,189.49
2026-08-04T07:54:27.234Z,189.49
2026-08-04T07:54:46.313Z,191.61
2026-08-04T07:55:10.493Z,196.07
2026-08-04T07:55:16.936Z,196.07
2026-08-04T07:55:31.708Z,196.07
2026-08-04T07:55:46.666Z,200.83
2026-08-04T07:56:05.729Z,202.9
2026-08-04T07:56:16.824Z,202.9
2026-08-04T07:56:36.889Z,202.9
2026-08-04T07:56:51.993Z,202.9
2026-08-04T07:57:07.048Z,208.39
2026-08-04T07:57:22.125Z,208.39
2026-08-04T07:57:37.277Z,208.39
2026-08-04T07:57:52.295Z,208.0
2026-08-04T07:58:07.335Z,208.0
2026-08-04T07:58:22.844Z,206.2
2026-08-04T07:58:37.774Z,206.2
2026-08-04T07:58:52.653Z,203.94
2026-08-04T07:59:07.745Z,203.94
2026-08-04T07:59:23.159Z,203.94
2026-08-04T07:59:37Z,200.65
2026-08-04T07:59:37.902Z,200.65
2026-08-04T07:59:52.967Z,200.65
2026-08-04T08:00:13.769Z,200.65
2026-08-04T08:00:23.108Z,200.93
2026-08-04T08:00:38.179Z,200.93
2026-08-04T08:00:53.261Z,202.39
2026-08-04T08:01:08.356Z,202.39
2026-08-04T08:01:23.411Z,207.07
2026-08-04T08:01:38.497Z,207.07
2026-08-04T08:01:53.59Z,207.07
2026-08-04T08:02:08.619Z,207.07
2026-08-04T08:02:35.193Z,214.76
2026-08-04T08:02:43.818Z,217.4
2026-08-04T08:03:02.049Z,218.99
2026-08-04T08:03:13.922Z,218.99
2026-08-04T08:03:29.233Z,218.99
2026-08-04T08:03:44.155Z,218.99
2026-08-04T08:03:59.162Z,218.99
2026-08-04T08:04:19.287Z,222.94
2026-08-04T08:04:33Z,222.94
2026-08-04T08:04:34.298Z,222.94
2026-08-04T08:04:52.964Z,222.94
2026-08-04T08:05:11.537Z,222.94
2026-08-04T08:05:24.536Z,218.37
2026-08-04T08:05:39.643Z,214.51
2026-08-04T08:05:59.668Z,214.51
2026-08-04T08:06:14.858Z,207.06
2026-08-04T08:06:35.342Z,207.06
2026-08-04T08:06:51.142Z,207.06
2026-08-04T08:07:10.076Z,198.02
2026-08-04T08:07:25.181Z,194.99
2026-08-04T08:07:40.254Z,194.99
2026-08-04T08:08:00.314Z,189.16
2026-08-04T08:08:20.378Z,189.16
2026-08-04T08:08:40.957Z,184.65
2026-08-04T08:08:55.62Z,184.65
2026-08-04T08:09:15.756Z,184.65
2026-08-04T08:09:30Z,184.65
2026-08-04T08:09:30.774Z,184.65
2026-08-04T08:09:50.869Z,182.61
2026-08-04T08:10:12.131Z,186.35
2026-08-04T08:10:21.04Z,186.35
2026-08-04T08:10:36.129Z,186.35
2026-08-04T08:10:57.291Z,186.35
2026-08-04T08:11:11.348Z,186.35
2026-08-04T08:11:26.408Z,210.84
2026-08-04T08:11:42.419Z,210.84
2026-08-04T08:11:56.726Z,210.84
2026-08-04T08:12:16.761Z,210.84
2026-08-04T08:12:31.856Z,217.94
2026-08-04T08:12:46.859Z,217.94
2026-08-04T08:13:04.103Z,217.94
2026-08-04T08:13:22.148Z,222.39
2026-08-04T08:13:42.215Z,222.39
2026-08-04T08:14:03.591Z,223.03
2026-08-04T08:14:17.347Z,223.12
2026-08-04T08:14:32Z,223.12
2026-08-04T08:14:32.46Z,223.12
2026-08-04T08:14:47.502Z,222.82
2026-08-04T08:15:11.873Z,222.82
2026-08-04T08:15:17.705Z,224.35
2026-08-04T08:15:32.781Z,224.35
2026-08-04T08:15:47.853Z,224.35
2026-08-04T08:16:07.934Z,227.43
2026-08-04T08:16:23.018Z,227.43
2026-08-04T08:16:38.136Z,227.43
2026-08-04T08:16:58.198Z,230.83
2026-08-04T08:17:13.875Z,231.65
2026-08-04T08:17:29.179Z,231.65
2026-08-04T08:17:48.395Z,231.65
2026-08-04T08:18:03.892Z,238.68
2026-08-04T08:18:18.588Z,238.68
2026-08-04T08:18:38.631Z,240.52
2026-08-04T08:18:53.76Z,240.52
2026-08-04T08:19:13.831Z,240.52
2026-08-04T08:19:28Z,241.56
2026-08-04T08:19:29.625Z,241.56
2026-08-04T08:19:48.986Z,241.56
2026-08-04T08:20:06.928Z,241.56
2026-08-04T08:20:24.209Z,241.56
2026-08-04T08:20:39.219Z,236.52
2026-08-04T08:20:59.293Z,236.52
2026-08-04T08:21:19.429Z,229.75
2026-08-04T08:21:34.504Z,229.75
2026-08-04T08:21:54.584Z,229.75
2026-08-04T08:22:09.667Z,218.12
2026-08-04T08:22:24.758Z,218.12
2026-08-04T08:22:39.916Z,218.12
2026-08-04T08:22:56.28Z,209.85
2026-08-04T08:23:10.042Z,209.85
2026-08-04T08:23:25.154Z,206.45
2026-08-04T08:23:45.24Z,206.45
2026-08-04T08:24:00.314Z,200.26
2026-08-04T08:24:15.394Z,200.26
2026-08-04T08:24:30Z,200.26
2026-08-04T08:24:30.475Z,200.26
2026-08-04T08:24:50.549Z,200.26
2026-08-04T08:25:11.824Z,200.26
2026-08-04T08:25:25.692Z,200.26
2026-08-04T08:25:40.775Z,200.26
2026-08-04T08:26:02.679Z,193.09
2026-08-04T08:26:20.946Z,193.09
2026-08-04T08:26:36.004Z,195.46
2026-08-04T08:26:56.102Z,195.46
2026-08-04T08:27:16.156Z,198.97
2026-08-04T08:27:31.249Z,198.97
2026-08-04T08:27:46.322Z,198.97
2026-08-04T08:28:06.408Z,204.62
2026-08-04T08:28:21.475Z,204.62
2026-08-04T08:28:41.603Z,207.72
2026-08-04T08:28:56.695Z,207.72
2026-08-04T08:29:11.75Z,207.72
2026-08-04T08:29:26.875Z,207.72
2026-08-04T08:29:41Z,207.72
2026-08-04T08:29:42.089Z,207.72
2026-08-04T08:30:11.327Z,207.72
2026-08-04T08:30:17.275Z,216.79
2026-08-04T08:30:32.245Z,216.79
2026-08-04T08:30:47.303Z,216.79
2026-08-04T08:31:02.851Z,222.38
2026-08-04T08:31:17.463Z,222.38
2026-08-04T08:31:37.513Z,223.55
2026-08-04T08:31:57.613Z,225.73
2026-08-04T08:32:12.66Z,225.73
2026-08-04T08:32:27.742Z,225.73
2026-08-04T08:32:48.269Z,231.17
2026-08-04T08:33:03.43Z,231.17
2026-08-04T08:33:18.102Z,232.25
2026-08-04T08:33:38.199Z,233.87
2026-08-04T08:33:53.684Z,233.87
2026-08-04T08:34:08.314Z,233.87
2026-08-04T08:34:28.424Z,237.22
2026-08-04T08:34:43Z,237.22
2026-08-04T08:34:43.491Z,237.22
2026-08-04T08:34:58.534Z,237.22
2026-08-04T08:35:18.7Z,244.3
2026-08-04T08:35:33.696Z,248.05
2026-08-04T08:35:53.793Z,248.05
2026-08-04T08:36:08.858Z,248.05
2026-08-04T08:36:28.927Z,248.05
2026-08-04T08:36:49.732Z,264.05
2026-08-04T08:37:04.098Z,264.05
2026-08-04T08:37:19.247Z,264.05
2026-08-04T08:37:34.342Z,264.05
2026-08-04T08:37:49.555Z,264.05
2026-08-04T08:38:04.487Z,282.69
2026-08-04T08:38:19.734Z,282.69
2026-08-04T08:38:34.705Z,282.69
2026-08-04T08:38:49.735Z,287.8
2026-08-04T08:39:04.889Z,287.8
2026-08-04T08:39:19.903Z,287.8
2026-08-04T08:39:35.454Z,291.98
2026-08-04T08:39:49Z,291.98
2026-08-04T08:39:50.063Z,291.98
2026-08-04T08:40:12.845Z,291.98
2026-08-04T08:40:20.431Z,292.46
2026-08-04T08:40:40.308Z,292.46
2026-08-04T08:40:55.389Z,288.65
2026-08-04T08:41:10.474Z,288.65
2026-08-04T08:41:25.514Z,288.65
2026-08-04T08:41:40.604Z,288.65
2026-08-04T08:41:55.789Z,280.32
2026-08-04T08:42:10.93Z,280.32
2026-08-04T08:42:25.963Z,280.32
2026-08-04T08:42:41.025Z,280.88
2026-08-04T08:42:56.138Z,280.88
2026-08-04T08:43:16.218Z,280.4
2026-08-04T08:43:31.335Z,280.4
2026-08-04T08:43:46.614Z,280.4
2026-08-04T08:44:02.733Z,280.4
2026-08-04T08:44:16.787Z,279.35
2026-08-04T08:44:31.893Z,279.35
2026-08-04T08:44:46Z,279.35
2026-08-04T08:44:46.954Z,279.35
2026-08-04T08:45:12.271Z,276.26
2026-08-04T08:45:22.106Z,276.26
2026-08-04T08:45:37.327Z,276.26
2026-08-04T08:45:57.26Z,277.02
2026-08-04T08:46:12.337Z,277.02
2026-08-04T08:46:32.41Z,280.81
2026-08-04T08:46:47.523Z,280.81
2026-08-04T08:47:03.081Z,280.81
2026-08-04T08:47:22.662Z,280.81
2026-08-04T08:47:42.731Z,280.81
2026-08-04T08:47:57.802Z,282.56
2026-08-04T08:48:12.879Z,282.56
2026-08-04T08:48:27.944Z,281.41
2026-08-04T08:48:43.034Z,280.85
2026-08-04T08:48:58.118Z,280.85
2026-08-04T08:49:18.194Z,277.91
2026-08-04T08:49:33.294Z,277.91
2026-08-04T08:49:47Z,277.91
2026-08-04T08:49:48.391Z,277.91
2026-08-04T08:50:12.012Z,274.06
2026-08-04T08:50:23.575Z,274.06
2026-08-04T08:50:39.119Z,270.97
2026-08-04T08:50:53.762Z,268.25
2026-08-04T08:51:08.816Z,268.25
2026-08-04T08:51:23.91Z,268.25
2026-08-04T08:51:39.145Z,268.25
2026-08-04T08:51:54.233Z,256.09
2026-08-04T08:52:09.23Z,256.09
2026-08-04T08:52:24.282Z,246.98
2026-08-04T08:52:39.333Z,246.98
2026-08-04T08:52:54.518Z,246.98
2026-08-04T08:53:09.598Z,246.98
2026-08-04T08:53:24.76Z,246.98
2026-08-04T08:53:45.441Z,241.69
2026-08-04T08:53:59.877Z,255.11
2026-08-04T08:54:19.968Z,255.11
2026-08-04T08:54:35.029Z,255.11
2026-08-04T08:54:49Z,278.69
2026-08-04T08:54:51.475Z,278.69
2026-08-04T08:55:12.665Z,278.69
2026-08-04T08:55:20.254Z,278.69
2026-08-04T08:55:35.355Z,281.79
2026-08-04T08:55:50.426Z,281.79
2026-08-04T08:56:05.467Z,281.79
2026-08-04T08:56:20.551Z,281.55
2026-08-04T08:56:35.726Z,279.78
2026-08-04T08:56:50.728Z,279.78
2026-08-04T08:57:10.797Z,279.78
2026-08-04T08:57:25.869Z,277.57
2026-08-04T08:57:40.947Z,277.57
2026-08-04T08:57:56.026Z,277.1
2026-08-04T08:58:11.102Z,277.1
2026-08-04T08:58:26.217Z,277.1
2026-08-04T08:58:41.302Z,276.6
2026-08-04T08:59:02.588Z,276.6
2026-08-04T08:59:16.914Z,276.6
2026-08-04T08:59:31.851Z,272.53
2026-08-04T08:59:46Z,272.53
2026-08-04T08:59:46.659Z,272.53
2026-08-04T09:00:11.237Z,272.53
2026-08-04T09:00:21.816Z,272.53
2026-08-04T09:00:36.953Z,272.53
2026-08-04T09:00:52.495Z,272.53
2026-08-04T09:01:12.079Z,272.53
2026-08-04T09:01:27.139Z,288.38
2026-08-04T09:01:47.219Z,288.38
2026-08-04T09:02:02.782Z,296.42
2026-08-04T09:02:17.378Z,296.42
2026-08-04T09:02:32.428Z,299.98
2026-08-04T09:02:54.343Z,299.98
2026-08-04T09:03:07.589Z,300.74
2026-08-04T09:03:22.623Z,300.74
2026-08-04T09:03:42.697Z,300.38
2026-08-04T09:04:06.578Z,298.56
2026-08-04T09:04:17.856Z,298.56
2026-08-04T09:04:37.93Z,298.06
2026-08-04T09:04:52Z,298.06
2026-08-04T09:04:53.042Z,298.06
2026-08-04T09:05:13.091Z,299.8
2026-08-04T09:05:23.186Z,299.8
2026-08-04T09:05:39.482Z,299.8
2026-08-04T09:05:53.387Z,304.8
2026-08-04T09:06:08.428Z,304.8
2026-08-04T09:06:23.513Z,311.19
2026-08-04T09:06:38.595Z,311.19
2026-08-04T09:06:54.663Z,311.19
2026-08-04T09:07:08.74Z,315.89
2026-08-04T09:07:28.815Z,315.89
2026-08-04T09:07:43.91Z,315.89
2026-08-04T09:07:59Z,322.17
2026-08-04T09:08:19.074Z,322.17
2026-08-04T09:08:34.132Z,323.59
2026-08-04T09:08:49.393Z,323.59
2026-08-04T09:09:04.295Z,323.59
2026-08-04T09:09:19.388Z,323.59
2026-08-04T09:09:34.444Z,324.47
2026-08-04T09:09:49Z,324.47
2026-08-04T09:09:49.515Z,324.47
2026-08-04T09:10:12.184Z,324.64
2026-08-04T09:10:19.725Z,324.64
2026-08-04T09:10:34.924Z,324.64
2026-08-04T09:10:49.966Z,329.15
2026-08-04T09:11:05.93Z,329.15
2026-08-04T09:11:24.999Z,329.15
2026-08-04T09:11:40.079Z,337.46
2026-08-04T09:12:00.151Z,335.84
2026-08-04T09:12:15.233Z,335.84
2026-08-04T09:12:35.326Z,331.33
2026-08-04T09:12:50.529Z,331.33
2026-08-04T09:13:05.599Z,329.19
2026-08-04T09:13:20.671Z,329.19
2026-08-04T09:13:35.662Z,329.19
2026-08-04T09:13:55.796Z,321.75
2026-08-04T09:14:10.91Z,321.75
2026-08-04T09:14:25.989Z,321.75
2026-08-04T09:14:40.991Z,321.75
2026-08-04T09:14:55Z,316.89
2026-08-04T09:14:56.084Z,316.89
2026-08-04T09:15:14.044Z,316.89
2026-08-04T09:15:26.34Z,318.46
2026-08-04T09:15:41.328Z,318.46
2026-08-04T09:16:02.707Z,318.89
2026-08-04T09:16:17.289Z,318.89
2026-08-04T09:16:36.575Z,315.43
2026-08-04T09:16:51.601Z,315.43
2026-08-04T09:17:06.691Z,313.54
2026-08-04T09:17:21.798Z,313.54
2026-08-04T09:17:36.876Z,313.54
2026-08-04T09:17:51.993Z,313.5
2026-08-04T09:18:07.03Z,313.5
2026-08-04T09:18:27.219Z,313.5
2026-08-04T09:18:47.208Z,323.71
2026-08-04T09:19:07.262Z,323.71
2026-08-04T09:19:22.341Z,323.71
2026-08-04T09:19:37.42Z,333.67
2026-08-04T09:19:52Z,333.67
2026-08-04T09:19:52.486Z,333.67
2026-08-04T09:20:14.802Z,337.11
2026-08-04T09:20:22.656Z,337.11
2026-08-04T09:20:37.743Z,336.78
2026-08-04T09:20:57.797Z,336.78
2026-08-04T09:21:12.892Z,332.75
2026-08-04T09:21:32.941Z,332.75
2026-08-04T09:21:50.236Z,332.75
2026-08-04T09:22:03.091Z,325.43
2026-08-04T09:22:18.176Z,325.43
2026-08-04T09:22:33.251Z,323.73
2026-08-04T09:22:53.345Z,323.73
2026-08-04T09:23:09.095Z,323.73
2026-08-04T09:23:23.504Z,325.58
2026-08-04T09:23:39.499Z,325.58
2026-08-04T09:23:53.635Z,325.58
2026-08-04T09:24:09.657Z,325.58
2026-08-04T09:24:23.8Z,322.61
2026-08-04T09:24:38.928Z,322.61
2026-08-04T09:24:53Z,322.61
2026-08-04T09:24:53.94Z,322.61
2026-08-04T09:25:13.857Z,322.61
2026-08-04T09:25:24.913Z,305.33
2026-08-04T09:25:39.211Z,305.33
2026-08-04T09:25:54.268Z,305.33
2026-08-04T09:26:14.334Z,305.33
2026-08-04T09:26:29.812Z,305.33
2026-08-04T09:26:44.643Z,295.79
2026-08-04T09:26:59.64Z,295.79
2026-08-04T09:27:14.735Z,295.79
2026-08-04T09:27:29.99Z,295.79
2026-08-04T09:27:45.103Z,280.51
2026-08-04T09:28:00.154Z,280.51
2026-08-04T09:28:16.162Z,281.49
2026-08-04T09:28:30.342Z,285.06
2026-08-04T09:28:50.416Z,285.06
2026-08-04T09:29:10.507Z,300.46
2026-08-04T09:29:30.58Z,300.46
2026-08-04T09:29:45.648Z,300.46
2026-08-04T09:30:00Z,384.0
2026-08-04T09:30:00.805Z,384.0
2026-08-04T09:30:15.894Z,384.0
2026-08-04T09:30:30.982Z,424.23
2026-08-04T09:30:51.037Z,424.23
2026-08-04T09:31:06.124Z,486.69
2026-08-04T09:31:21.238Z,486.69
2026-08-04T09:31:36.316Z,486.69
2026-08-04T09:31:51.367Z,547.47
2026-08-04T09:32:06.441Z,547.47
2026-08-04T09:32:21.543Z,547.47
2026-08-04T09:32:36.666Z,547.47
2026-08-04T09:32:56.873Z,580.75
2026-08-04T09:33:11.773Z,580.16
2026-08-04T09:33:26.867Z,580.16
2026-08-04T09:33:41.902Z,580.26
2026-08-04T09:33:57.388Z,580.26
2026-08-04T09:34:12.066Z,565.38
2026-08-04T09:34:32.17Z,565.38
2026-08-04T09:34:54.533Z,565.38
2026-08-04T09:35:06Z,517.79
2026-08-04T09:35:12.596Z,517.79
2026-08-04T09:35:22.4Z,517.79
2026-08-04T09:35:42.448Z,517.79
2026-08-04T09:35:57.51Z,517.79
2026-08-04T09:36:14.291Z,500.84
2026-08-04T09:36:27.699Z,500.84
2026-08-04T09:36:47.766Z,500.84
2026-08-04T09:37:02.998Z,500.84
2026-08-04T09:37:18.717Z,387.58
2026-08-04T09:37:33.312Z,387.58
2026-08-04T09:37:53.08Z,387.58
2026-08-04T09:38:08.141Z,387.58
2026-08-04T09:38:23.22Z,255.13
2026-08-04T09:38:38.293Z,255.13
2026-08-04T09:38:53.382Z,231.56
2026-08-04T09:39:08.452Z,231.56
2026-08-04T09:39:23.509Z,230.38
2026-08-04T09:39:38.632Z,230.38
2026-08-04T09:39:58Z,230.38
2026-08-04T09:39:58.699Z,230.38
2026-08-04T09:40:14.017Z,230.27
2026-08-04T09:40:28.878Z,230.27
2026-08-04T09:40:43.946Z,230.27
2026-08-04T09:40:59.381Z,230.27
2026-08-04T09:41:14.129Z,259.27
2026-08-04T09:41:29.158Z,259.27
2026-08-04T09:41:44.229Z,263.94
2026-08-04T09:42:07.621Z,263.94
2026-08-04T09:42:20.161Z,263.94
2026-08-04T09:42:39.641Z,282.68
2026-08-04T09:42:54.739Z,282.68
2026-08-04T09:43:14.851Z,322.65
2026-08-04T09:43:29.848Z,322.65
2026-08-04T09:43:44.922Z,322.65
2026-08-04T09:44:00.062Z,348.2
2026-08-04T09:44:20.107Z,348.2
2026-08-04T09:44:40.179Z,310.09
2026-08-04T09:44:55.257Z,310.09
2026-08-04T09:45:09Z,323.26
2026-08-04T09:45:10.334Z,323.26
2026-08-04T09:45:25.494Z,323.26
2026-08-04T09:45:45.503Z,323.26
2026-08-04T09:46:05.548Z,329.48
2026-08-04T09:46:20.664Z,329.48
2026-08-04T09:46:40.739Z,331.64
2026-08-04T09:47:04.106Z,331.64
2026-08-04T09:47:15.883Z,321.43
2026-08-04T09:47:30.965Z,321.43
2026-08-04T09:47:46.001Z,331.6
2026-08-04T09:48:06.101Z,329.43
2026-08-04T09:48:26.183Z,329.43
2026-08-04T09:48:41.242Z,329.43
2026-08-04T09:48:56.31Z,329.43
2026-08-04T09:49:11.381Z,329.43
2026-08-04T09:49:31.557Z,350.59
2026-08-04T09:49:46.589Z,350.59
2026-08-04T09:50:01Z,352.79
2026-08-04T09:50:11.95Z,352.79
2026-08-04T09:50:17.439Z,352.79
2026-08-04T09:50:36.82Z,348.41
2026-08-04T09:50:51.876Z,348.41
2026-08-04T09:51:06.983Z,348.41
2026-08-04T09:51:22.08Z,374.33
2026-08-04T09:51:37.384Z,374.33
2026-08-04T09:51:52.203Z,374.33
2026-08-04T09:52:07.33Z,372.72
2026-08-04T09:52:22.83Z,374.73
2026-08-04T09:52:38.376Z,374.73
2026-08-04T09:52:52.629Z,374.73
2026-08-04T09:53:07.722Z,350.46
2026-08-04T09:53:22.902Z,350.46
2026-08-04T09:53:37.872Z,350.46
2026-08-04T09:53:54.593Z,350.46
2026-08-04T09:54:08.202Z,324.82
2026-08-04T09:54:23.231Z,324.82
2026-08-04T09:54:38.444Z,324.82
2026-08-04T09:54:58.429Z,350.4
2026-08-04T09:55:13Z,326.65
2026-08-04T09:55:14.117Z,326.65
2026-08-04T09:55:33.561Z,326.65
2026-08-04T09:55:48.667Z,326.65
2026-08-04T09:56:04.528Z,326.65
2026-08-04T09:56:18.801Z,273.96
2026-08-04T09:56:38.864Z,335.67
2026-08-04T09:56:54.826Z,335.67
2026-08-04T09:57:09.057Z,285.34
2026-08-04T09:57:24.102Z,285.34
2026-08-04T09:57:39.202Z,285.34
2026-08-04T09:57:59.3Z,253.97
2026-08-04T09:58:19.338Z,226.96
2026-08-04T09:58:34.481Z,226.96
2026-08-04T09:58:49.487Z,220.36
2026-08-04T09:59:09.783Z,220.36
2026-08-04T09:59:24.691Z,224.12
2026-08-04T09:59:40.36Z,223.52
2026-08-04T09:59:54.86Z,223.52
2026-08-04T10:00:09Z,223.52
2026-08-04T10:00:12.546Z,223.52
2026-08-04T10:00:24.999Z,223.52
2026-08-04T10:00:45.154Z,223.52
2026-08-04T10:01:00.166Z,211.26
2026-08-04T10:01:15.227Z,211.26
2026-08-04T10:01:30.305Z,211.73
2026-08-04T10:01:45.417Z,211.73
2026-08-04T10:02:00.517Z,211.73
2026-08-04T10:02:15.579Z,211.73
2026-08-04T10:02:30.725Z,211.94
2026-08-04T10:02:50.767Z,211.94
2026-08-04T10:03:05.853Z,211.94
2026-08-04T10:03:20.93Z,212.66
2026-08-04T10:03:35.976Z,212.66
2026-08-04T10:03:51.048Z,215.16
2026-08-04T10:04:06.155Z,215.16
2026-08-04T10:04:26.282Z,222.53
2026-08-04T10:04:41.339Z,222.53
2026-08-04T10:04:56.406Z,222.53
2026-08-04T10:05:16Z,222.53
2026-08-04T10:05:16.49Z,222.53
2026-08-04T10:05:31.561Z,236.26
2026-08-04T10:05:46.617Z,232.07
2026-08-04T10:06:02.985Z,232.07
2026-08-04T10:06:16.777Z,232.07
2026-08-04T10:06:31.851Z,232.07
2026-08-04T10:06:51.999Z,226.56
2026-08-04T10:07:12.095Z,226.87
2026-08-04T10:07:32.222Z,227.75
2026-08-04T10:07:52.499Z,227.75
2026-08-04T10:08:07.318Z,229.3
2026-08-04T10:08:27.405Z,229.3
2026-08-04T10:08:42.985Z,229.3
2026-08-04T10:09:02.797Z,245.37
2026-08-04T10:09:23.877Z,260.66
2026-08-04T10:09:38.105Z,260.66
2026-08-04T10:09:57.795Z,260.66
2026-08-04T10:10:12Z,272.06
2026-08-04T10:10:12.899Z,272.06
2026-08-04T10:10:32.932Z,275.03
2026-08-04T10:10:48.205Z,275.03
2026-08-04T10:11:03.209Z,275.47
2026-08-04T10:11:18.239Z,275.47
2026-08-04T10:11:33.34Z,278.66
2026-08-04T10:11:53.426Z,278.66
2026-08-04T10:12:08.476Z,279.33
2026-08-04T10:12:28.581Z,279.33
2026-08-04T10:12:43.668Z,279.33
2026-08-04T10:12:58.716Z,283.3
2026-08-04T10:13:13.889Z,283.3
2026-08-04T10:13:28.848Z,285.4
2026-08-04T10:13:45.569Z,285.4
2026-08-04T10:13:59.392Z,285.4
2026-08-04T10:14:14.252Z,285.4
2026-08-04T10:14:29.19Z,294.95
2026-08-04T10:14:44.354Z,294.95
2026-08-04T10:14:59.577Z,294.95
2026-08-04T10:15:19Z,294.95
2026-08-04T10:15:19.597Z,294.95
2026-08-04T10:15:34.623Z,300.58
2026-08-04T10:15:49.702Z,300.58
2026-08-04T10:16:09.784Z,300.58
2026-08-04T10:16:29.943Z,304.32
2026-08-04T10:16:44.972Z,304.32
2026-08-04T10:17:00.084Z,307.01
2026-08-04T10:17:16.921Z,307.01
2026-08-04T10:17:35.302Z,308.37
2026-08-04T10:17:55.271Z,306.02
2026-08-04T10:18:10.958Z,306.02
2026-08-04T10:18:25.42Z,307.55
2026-08-04T10:18:40.494Z,307.55
2026-08-04T10:19:01.999Z,307.55
2026-08-04T10:19:15.686Z,307.55
2026-08-04T10:19:30.722Z,311.55
2026-08-04T10:19:45.797Z,311.55
2026-08-04T10:20:10.693Z,311.55
2026-08-04T10:20:20Z,310.28
2026-08-04T10:20:20.959Z,310.28
2026-08-04T10:20:36.129Z,310.28
2026-08-04T10:20:51.128Z,310.28
2026-08-04T10:21:06.195Z,310.28
2026-08-04T10:21:21.272Z,312.69
2026-08-04T10:21:36.405Z,312.69
2026-08-04T10:21:51.483Z,313.07
2026-08-04T10:22:06.522Z,313.07
2026-08-04T10:22:21.671Z,313.07
2026-08-04T10:22:41.764Z,312.37
2026-08-04T10:22:57.514Z,312.37
2026-08-04T10:23:13.349Z,310.4
2026-08-04T10:23:26.959Z,310.4
2026-08-04T10:23:42.032Z,308.55
2026-08-04T10:23:57.133Z,308.55
2026-08-04T10:24:12.188Z,308.55
2026-08-04T10:24:32.74Z,308.55
2026-08-04T10:24:52.405Z,298.85
2026-08-04T10:25:12Z,298.85
2026-08-04T10:25:13.41Z,298.85
2026-08-04T10:25:28.359Z,298.85
2026-08-04T10:25:47.755Z,287.98
2026-08-04T10:26:03.869Z,287.98
2026-08-04T10:26:17.921Z,287.98
2026-08-04T10:26:33.022Z,287.98
2026-08-04T10:26:48.104Z,282.95
2026-08-04T10:27:08.183Z,283.81
2026-08-04T10:27:28.28Z,283.81
2026-08-04T10:27:43.392Z,284.06
2026-08-04T10:27:58.46Z,284.06
2026-08-04T10:28:18.522Z,289.36
2026-08-04T10:28:33.594Z,289.36
2026-08-04T10:28:48.776Z,289.36
2026-08-04T10:29:03.894Z,294.43
2026-08-04T10:29:23.965Z,294.43
2026-08-04T10:29:39.1Z,294.43
2026-08-04T10:29:59.137Z,294.43
2026-08-04T10:30:13Z,294.43
2026-08-04T10:30:14.277Z,294.43
2026-08-04T10:30:29.373Z,301.69
2026-08-04T10:30:44.435Z,301.69
2026-08-04T10:31:02.343Z,304.02
2026-08-04T10:31:15.187Z,304.02
2026-08-04T10:31:34.853Z,304.02
2026-08-04T10:31:49.818Z,306.62
2026-08-04T10:32:04.892Z,306.62
2026-08-04T10:32:19.914Z,306.62
2026-08-04T10:32:35.039Z,309.04
2026-08-04T10:32:50.094Z,309.04
2026-08-04T10:33:05.205Z,309.37
2026-08-04T10:33:20.275Z,309.37
2026-08-04T10:33:40.34Z,309.27
2026-08-04T10:33:55.396Z,309.27
2026-08-04T10:34:11.147Z,309.27
2026-08-04T10:34:25.946Z,308.94
2026-08-04T10:34:45.612Z,309.25
2026-08-04T10:35:12.419Z,309.25
2026-08-04T10:35:20Z,309.25
2026-08-04T10:35:20.78Z,309.25
2026-08-04T10:35:36.259Z,309.25
2026-08-04T10:35:51.032Z,310.49
2026-08-04T10:36:06.103Z,310.49
2026-08-04T10:36:21.1Z,310.51
2026-08-04T10:36:36.671Z,310.51
2026-08-04T10:36:51.291Z,310.51
2026-08-04T10:37:06.33Z,310.62
2026-08-04T10:37:26.412Z,311.65
2026-08-04T10:37:41.679Z,311.65
2026-08-04T10:38:02.857Z,311.85
2026-08-04T10:38:21.787Z,311.87
2026-08-04T10:38:41.888Z,311.87
2026-08-04T10:38:56.989Z,311.87
2026-08-04T10:39:12.067Z,311.87
2026-08-04T10:39:27.154Z,311.38
2026-08-04T10:39:42.218Z,311.38
2026-08-04T10:40:07.811Z,311.83
2026-08-04T10:40:21Z,311.83
2026-08-04T10:40:22.377Z,311.83
2026-08-04T10:40:37.452Z,313.08
2026-08-04T10:40:52.524Z,313.08
2026-08-04T10:41:07.625Z,313.29
2026-08-04T10:41:23.798Z,313.29
2026-08-04T10:41:37.766Z,313.65
2026-08-04T10:41:52.835Z,313.65
2026-08-04T10:42:07.904Z,313.43
2026-08-04T10:42:23.064Z,313.43
2026-08-04T10:42:38.089Z,313.43
2026-08-04T10:42:58.176Z,313.43
2026-08-04T10:43:13.291Z,313.86
2026-08-04T10:43:33.508Z,313.93
2026-08-04T10:43:48.403Z,313.93
2026-08-04T10:44:04.067Z,314.74
2026-08-04T10:44:18.547Z,314.74
2026-08-04T10:44:38.639Z,315.19
2026-08-04T10:44:53.698Z,315.19
2026-08-04T10:45:10.566Z,315.19
2026-08-04T10:45:23Z,314.49
2026-08-04T10:45:23.854Z,314.49
2026-08-04T10:45:38.923Z,314.49
2026-08-04T10:45:54.005Z,314.49
2026-08-04T10:46:14.082Z,314.14
2026-08-04T10:46:29.159Z,313.39
2026-08-04T10:46:44.247Z,313.39
2026-08-04T10:46:59.35Z,313.39
2026-08-04T10:47:19.523Z,315.39
2026-08-04T10:47:34.503Z,314.95
2026-08-04T10:47:49.546Z,314.95
2026-08-04T10:48:04.654Z,314.95
2026-08-04T10:48:19.775Z,315.55
2026-08-04T10:48:40.39Z,315.55
2026-08-04T10:48:59.864Z,311.38
2026-08-04T10:49:19.958Z,311.09
2026-08-04T10:49:35.958Z,311.09
2026-08-04T10:49:55.102Z,310.95
2026-08-04T10:50:12.698Z,310.95
2026-08-04T10:50:24Z,307.63
2026-08-04T10:50:25.276Z,307.63
2026-08-04T10:50:40.32Z,307.63
2026-08-04T10:51:00.427Z,307.82
2026-08-04T10:51:15.502Z,307.82
2026-08-04T10:51:31.233Z,307.82
2026-08-04T10:51:45.62Z,300.57
2026-08-04T10:52:05.678Z,300.96
2026-08-04T10:52:20.757Z,300.96
2026-08-04T10:52:36.567Z,300.96
2026-08-04T10:52:55.896Z,300.96
2026-08-04T10:53:15.989Z,289.47
2026-08-04T10:53:31.149Z,289.47
2026-08-04T10:53:51.349Z,279.63
2026-08-04T10:54:11.312Z,279.63
2026-08-04T10:54:26.379Z,278.93
2026-08-04T10:54:41.448Z,278.93
2026-08-04T10:55:10.423Z,286.13
2026-08-04T10:55:16.636Z,286.13
2026-08-04T10:55:31Z,297.69
2026-08-04T10:55:31.682Z,297.69
2026-08-04T10:55:51.77Z,297.69
2026-08-04T10:56:11.861Z,304.72
2026-08-04T10:56:31.887Z,308.95
2026-08-04T10:56:53.189Z,308.95
2026-08-04T10:57:12.055Z,308.95
2026-08-04T10:57:32.147Z,315.05
2026-08-04T10:57:47.23Z,315.05
2026-08-04T10:58:03.523Z,317.18
2026-08-04T10:58:22.376Z,317.18
2026-08-04T10:58:37.495Z,316.84
2026-08-04T10:58:52.621Z,316.84
2026-08-04T10:59:07.663Z,315.32
2026-08-04T10:59:22.792Z,315.32
2026-08-04T10:59:37.852Z,315.32
2026-08-04T10:59:58.93Z,315.32
2026-08-04T11:00:13.047Z,315.91
2026-08-04T11:00:27Z,315.91
2026-08-04T11:00:28.429Z,315.91
2026-08-04T11:00:43.354Z,315.91
2026-08-04T11:00:58.209Z,316.83
2026-08-04T11:01:13.304Z,316.83
2026-08-04T11:01:33.364Z,316.83
2026-08-04T11:01:48.425Z,316.83
2026-08-04T11:02:03.495Z,316.83
2026-08-04T11:02:18.577Z,320.15
2026-08-04T11:02:33.669Z,320.15
2026-08-04T11:02:48.748Z,321.82
2026-08-04T11:03:03.949Z,321.82
2026-08-04T11:03:18.996Z,322.51
2026-08-04T11:03:34.069Z,322.51
2026-08-04T11:03:49.525Z,322.51
2026-08-04T11:04:04.228Z,324.23
2026-08-04T11:04:19.338Z,324.23
2026-08-04T11:04:34.356Z,324.23
2026-08-04T11:04:54.593Z,324.23
2026-08-04T11:05:14.54Z,321.43
2026-08-04T11:05:29Z,321.43
2026-08-04T11:05:29.576Z,321.43
2026-08-04T11:05:49.718Z,321.43
2026-08-04T11:06:04.784Z,324.01
2026-08-04T11:06:20.198Z,324.01
2026-08-04T11:06:34.94Z,324.01
2026-08-04T11:06:54.993Z,325.06
2026-08-04T11:07:10.076Z,325.06
2026-08-04T11:07:25.142Z,327.01
2026-08-04T11:07:45.293Z,327.01
2026-08-04T11:08:00.329Z,327.45
2026-08-04T11:08:20.443Z,327.21
2026-08-04T11:08:35.516Z,327.21
2026-08-04T11:08:50.628Z,326.13
2026-08-04T11:09:05.705Z,326.13
2026-08-04T11:09:20.789Z,325.2
2026-08-04T11:09:35.885Z,325.2
2026-08-04T11:09:50.932Z,326.02
2026-08-04T11:10:13.06Z,325.8
2026-08-04T11:10:21.087Z,325.8
2026-08-04T11:10:35Z,325.8
2026-08-04T11:10:36.146Z,325.8
2026-08-04T11:10:51.261Z,330.12
2026-08-04T11:11:06.342Z,330.12
2026-08-04T11:11:21.383Z,330.12
2026-08-04T11:11:36.487Z,330.12
2026-08-04T11:11:51.535Z,330.12
2026-08-04T11:12:06.616Z,333.74
2026-08-04T11:12:21.689Z,333.74
2026-08-04T11:12:37.08Z,333.74
2026-08-04T11:12:51.832Z,334.22
2026-08-04T11:13:06.91Z,334.22
2026-08-04T11:13:21.971Z,335.94
2026-08-04T11:13:37.119Z,335.94
2026-08-04T11:13:52.265Z,334.22
2026-08-04T11:14:07.355Z,334.22
2026-08-04T11:14:22.445Z,336.05
2026-08-04T11:14:37.515Z,336.05
2026-08-04T11:14:52.582Z,336.05
2026-08-04T11:15:09.657Z,335.07
2026-08-04T11:15:22.737Z,335.07
2026-08-04T11:15:37Z,335.07
2026-08-04T11:15:38.698Z,335.07
2026-08-04T11:15:52.892Z,334.29
2026-08-04T11:16:07.972Z,334.29
2026-08-04T11:16:23.057Z,334.29
2026-08-04T11:16:38.147Z,334.29
2026-08-04T11:16:53.217Z,333.96
2026-08-04T11:17:08.309Z,333.96
2026-08-04T11:17:23.45Z,333.8
2026-08-04T11:17:38.519Z,333.8
2026-08-04T11:17:53.816Z,333.06
2026-08-04T11:18:08.814Z,333.06
2026-08-04T11:18:23.925Z,333.06
2026-08-04T11:18:38.97Z,331.96
2026-08-04T11:18:54.004Z,330.5
2026-08-04T11:19:09.096Z,330.5
2026-08-04T11:19:24.153Z,326.28
2026-08-04T11:19:39.264Z,326.28
2026-08-04T11:19:54.36Z,324.61
2026-08-04T11:20:09.821Z,324.61
2026-08-04T11:20:24.491Z,324.61
2026-08-04T11:20:39Z,324.61
2026-08-04T11:20:39.614Z,324.61
2026-08-04T11:20:54.659Z,324.61
2026-08-04T11:21:10.378Z,305.03
2026-08-04T11:21:24.856Z,298.78
2026-08-04T11:21:39.888Z,298.78
2026-08-04T11:21:56.326Z,298.78
2026-08-04T11:22:10.037Z,298.78
2026-08-04T11:22:25.113Z,283.83
2026-08-04T11:22:40.191Z,283.83
2026-08-04T11:22:55.722Z,280.23
2026-08-04T11:23:10.347Z,280.23
2026-08-04T11:23:25.433Z,280.23
2026-08-04T11:23:40.498Z,279.65
2026-08-04T11:23:55.597Z,279.65
2026-08-04T11:24:10.651Z,280.06
2026-08-04T11:24:25.769Z,280.06
2026-08-04T11:24:40.837Z,283.13
2026-08-04T11:24:55.903Z,285.84
2026-08-04T11:25:13.592Z,285.84
2026-08-04T11:25:26.086Z,294.55
2026-08-04T11:25:40Z,294.55
2026-08-04T11:25:41.213Z,294.55
2026-08-04T11:25:56.24Z,294.55
2026-08-04T11:26:13.529Z,308.02
2026-08-04T11:26:26.371Z,308.02
2026-08-04T11:26:41.483Z,318.88
2026-08-04T11:26:56.63Z,318.88
2026-08-04T11:27:11.998Z,328.04
2026-08-04T11:27:26.765Z,328.04
2026-08-04T11:27:41.926Z,328.04
2026-08-04T11:27:56.915Z,327.75
2026-08-04T11:28:12.019Z,330.22
2026-08-04T11:28:27.041Z,330.22
2026-08-04T11:28:42.145Z,334.52
2026-08-04T11:28:57.574Z,334.52
2026-08-04T11:29:12.284Z,336.11
2026-08-04T11:29:27.359Z,336.11
2026-08-04T11:29:42.434Z,336.11
2026-08-04T11:29:57.504Z,336.11
2026-08-04T11:30:12.598Z,336.11
2026-08-04T11:30:27.686Z,336.11
2026-08-04T11:30:42Z,336.11
2026-08-04T11:30:42.762Z,336.11
2026-08-04T11:30:57.83Z,344.19
2026-08-04T11:31:13.31Z,344.19
2026-08-04T11:31:27.976Z,343.35
2026-08-04T11:31:43.065Z,343.69
2026-08-04T11:31:58.14Z,343.69
2026-08-04T11:32:13.283Z,343.69
2026-08-04T11:32:29.313Z,343.69
2026-08-04T11:32:43.495Z,344.72
2026-08-04T11:32:58.576Z,344.72
2026-08-04T11:33:13.655Z,344.72
2026-08-04T11:33:28.714Z,346.0
2026-08-04T11:33:43.833Z,346.0
2026-08-04T11:33:58.905Z,346.0
2026-08-04T11:34:13.982Z,346.0
2026-08-04T11:34:29.061Z,344.46
2026-08-04T11:34:44.179Z,344.46
2026-08-04T11:34:59.286Z,343.58
2026-08-04T11:35:14.407Z,343.58
2026-08-04T11:35:29.458Z,342.83
2026-08-04T11:35:44Z,341.92
2026-08-04T11:35:44.508Z,341.92
2026-08-04T11:35:59.674Z,341.92
2026-08-04T11:36:14.767Z,341.92
2026-08-04T11:36:29.841Z,339.03
2026-08-04T11:36:44.922Z,339.03
2026-08-04T11:37:00.035Z,334.18
2026-08-04T11:37:15.139Z,334.18
2026-08-04T11:37:30.205Z,334.18
2026-08-04T11:37:45.703Z,324.77
2026-08-04T11:38:01.119Z,324.77
2026-08-04T11:38:15.405Z,324.77
2026-08-04T11:38:30.454Z,316.66
2026-08-04T11:38:45.535Z,313.37
2026-08-04T11:39:02.661Z,313.37
2026-08-04T11:39:15.727Z,313.37
2026-08-04T11:39:30.778Z,304.01
2026-08-04T11:39:45.899Z,304.01
2026-08-04T11:40:09.143Z,293.04
2026-08-04T11:40:15.998Z,293.04
2026-08-04T11:40:31.083Z,293.04
2026-08-04T11:40:45Z,279.26
2026-08-04T11:40:47.786Z,279.26
2026-08-04T11:41:02.71Z,279.26
2026-08-04T11:41:16.709Z,279.26
2026-08-04T11:41:31.432Z,276.69
2026-08-04T11:41:46.495Z,274.2
2026-08-04T11:42:02.689Z,274.2
2026-08-04T11:42:16.628Z,273.43
2026-08-04T11:42:31.704Z,273.43
2026-08-04T11:42:47.225Z,273.43
2026-08-04T11:43:02.71Z,271.28
2026-08-04T11:43:16.931Z,271.28
2026-08-04T11:43:31.992Z,270.05
2026-08-04T11:43:47.08Z,270.05
2026-08-04T11:44:02.773Z,270.05
2026-08-04T11:44:17.371Z,264.77
2026-08-04T11:44:32.311Z,264.77
2026-08-04T11:44:47.85Z,264.77
2026-08-04T11:45:08.79Z,261.6
2026-08-04T11:45:18.865Z,261.6
2026-08-04T11:45:32.645Z,260.36
2026-08-04T11:45:47Z,260.36
2026-08-04T11:45:47.718Z,260.36
2026-08-04T11:46:02.849Z,259.3
2026-08-04T11:46:18.272Z,259.3
2026-08-04T11:46:32.951Z,258.72
2026-08-04T11:46:48.059Z,258.72
2026-08-04T11:47:06.049Z,258.72
2026-08-04T11:47:18.203Z,258.75
2026-08-04T11:47:33.305Z,258.75
2026-08-04T11:47:48.368Z,258.75
2026-08-04T11:48:03.439Z,258.63
2026-08-04T11:48:18.539Z,258.63
2026-08-04T11:48:33.592Z,258.63
2026-08-04T11:48:48.709Z,258.63
2026-08-04T11:49:03.755Z,259.25
2026-08-04T11:49:18.933Z,259.25
2026-08-04T11:49:35.114Z,259.25
2026-08-04T11:49:49.021Z,259.25
2026-08-04T11:50:09.993Z,261.13
2026-08-04T11:50:19.227Z,261.13
2026-08-04T11:50:34.271Z,262.08
2026-08-04T11:50:48Z,262.08
2026-08-04T11:50:49.353Z,262.08
2026-08-04T11:51:04.419Z,262.08
2026-08-04T11:51:19.757Z,265.36
2026-08-04T11:51:34.562Z,265.36
2026-08-04T11:51:49.655Z,265.36
2026-08-04T11:52:04.925Z,268.1
2026-08-04T11:52:21.054Z,269.32
2026-08-04T11:52:34.868Z,269.32
2026-08-04T11:52:49.975Z,269.32
2026-08-04T11:53:05.042Z,272.74
2026-08-04T11:53:20.785Z,274.84
2026-08-04T11:53:35.443Z,274.84
2026-08-04T11:53:50.307Z,274.84
2026-08-04T11:54:05.355Z,274.84
2026-08-04T11:54:20.436Z,274.84
2026-08-04T11:54:36.17Z,290.27
2026-08-04T11:54:50.607Z,290.27
2026-08-04T11:55:08.841Z,312.3
2026-08-04T11:55:20.764Z,312.3
2026-08-04T11:55:35.935Z,312.3
2026-08-04T11:55:50Z,312.3
2026-08-04T11:55:50.942Z,312.3
2026-08-04T11:56:06.057Z,312.3
2026-08-04T11:56:21.11Z,397.05
2026-08-04T11:56:36.195Z,397.05
2026-08-04T11:56:51.395Z,397.05
2026-08-04T11:57:06.329Z,430.03
2026-08-04T11:57:21.4Z,430.03
2026-08-04T11:57:36.506Z,450.07
2026-08-04T11:57:51.62Z,450.07
2026-08-04T11:58:06.913Z,450.07
2026-08-04T11:58:21.752Z,458.36
2026-08-04T11:58:36.854Z,458.36
2026-08-04T11:58:51.907Z,467.01
2026-08-04T11:59:06.995Z,467.01
2026-08-04T11:59:23.687Z,467.01
2026-08-04T11:59:37.141Z,473.48
2026-08-04T11:59:52.214Z,473.48
2026-08-04T12:00:11.965Z,473.48
2026-08-04T12:00:22.709Z,479.14
2026-08-04T12:00:37.455Z,479.14
2026-08-04T12:00:52Z,493.67
2026-08-04T12:00:52.524Z,493.67
2026-08-04T12:01:07.634Z,493.67
2026-08-04T12:01:22.717Z,493.67
2026-08-04T12:01:37.799Z,499.99
2026-08-04T12:01:52.87Z,499.99
2026-08-04T12:02:07.955Z,494.69
2026-08-04T12:02:23.056Z,494.69
2026-08-04T12:02:38.158Z,494.69
2026-08-04T12:02:53.199Z,494.69
2026-08-04T12:03:08.248Z,457.03
2026-08-04T12:03:23.343Z,457.03
2026-08-04T12:03:38.422Z,457.03
2026-08-04T12:03:53.497Z,457.03
2026-08-04T12:04:08.6Z,443.54
2026-08-04T12:04:23.652Z,443.76
2026-08-04T12:04:38.733Z,443.76
2026-08-04T12:04:53.832Z,443.76
2026-08-04T12:05:13.214Z,443.9
2026-08-04T12:05:23.973Z,443.9
2026-08-04T12:05:39.154Z,443.9
2026-08-04T12:05:53Z,440.95
2026-08-04T12:05:54.124Z,440.95
2026-08-04T12:06:09.206Z,440.95
2026-08-04T12:06:24.316Z,433.61
2026-08-04T12:06:40.684Z,433.61
2026-08-04T12:06:54.446Z,430.98
2026-08-04T12:07:09.527Z,428.11
2026-08-04T12:07:24.935Z,428.11
2026-08-04T12:07:39.662Z,428.11
2026-08-04T12:07:59.76Z,428.11
2026-08-04T12:08:14.838Z,423.52
2026-08-04T12:08:29.897Z,423.52
2026-08-04T12:08:45.423Z,423.52
2026-08-04T12:09:00.387Z,423.52
2026-08-04T12:09:15.221Z,408.79
2026-08-04T12:09:30.232Z,408.79
2026-08-04T12:09:45.318Z,408.79
2026-08-04T12:10:00.435Z,379.88
2026-08-04T12:10:15.654Z,379.88
2026-08-04T12:10:30.562Z,370.15
2026-08-04T12:10:45Z,370.15
2026-08-04T12:10:45.64Z,370.15
2026-08-04T12:11:02.663Z,356.15
2026-08-04T12:11:16.429Z,356.15
2026-08-04T12:11:30.921Z,352.36
2026-08-04T12:11:45.965Z,352.36
2026-08-04T12:12:02.686Z,352.36
2026-08-04T12:12:16.199Z,352.13
2026-08-04T12:12:31.244Z,352.13
2026-08-04T12:12:46.302Z,352.13
2026-08-04T12:13:02.652Z,358.5
2026-08-04T12:13:16.46Z,358.5
2026-08-04T12:13:31.864Z,358.5
2026-08-04T12:13:46.629Z,358.5
2026-08-04T12:14:02.715Z,376.82
2026-08-04T12:14:16.776Z,376.82
2026-08-04T12:14:31.887Z,376.82
2026-08-04T12:14:48.852Z,376.82
2026-08-04T12:15:11.718Z,397.25
2026-08-04T12:15:17.176Z,397.25
2026-08-04T12:15:32.221Z,400.2
2026-08-04T12:15:46Z,400.2
2026-08-04T12:15:47.266Z,400.2
2026-08-04T12:16:02.778Z,402.58
2026-08-04T12:16:20.077Z,403.05
2026-08-04T12:16:32.543Z,403.05
2026-08-04T12:16:48.145Z,403.05
2026-08-04T12:17:02.779Z,403.05
2026-08-04T12:17:17.761Z,403.05
2026-08-04T12:17:32.862Z,399.74
2026-08-04T12:17:48.108Z,399.74
2026-08-04T12:18:03.18Z,399.74
2026-08-04T12:18:18.243Z,393.81
2026-08-04T12:18:33.334Z,393.81
2026-08-04T12:18:48.429Z,384.85
2026-08-04T12:19:03.466Z,384.85
2026-08-04T12:19:18.553Z,379.96
2026-08-04T12:19:33.612Z,379.96
2026-08-04T12:19:48.732Z,379.96
2026-08-04T12:20:11.849Z,379.96
2026-08-04T12:20:18.883Z,381.86
2026-08-04T12:20:33.977Z,381.86
2026-08-04T12:20:48Z,381.86
2026-08-04T12:20:49.039Z,381.86
2026-08-04T12:21:04.118Z,381.86
2026-08-04T12:21:19.199Z,381.86
2026-08-04T12:21:34.265Z,408.24
2026-08-04T12:21:49.361Z,408.24
2026-08-04T12:22:04.465Z,413.15
2026-08-04T12:22:19.507Z,413.15
2026-08-04T12:22:34.574Z,413.15
2026-08-04T12:22:49.657Z,413.15
2026-08-04T12:23:04.918Z,428.13
2026-08-04T12:23:20.383Z,428.13
2026-08-04T12:23:34.943Z,428.13
2026-08-04T12:23:49.985Z,428.13
2026-08-04T12:24:05.113Z,416.74
2026-08-04T12:24:21.9Z,416.74
2026-08-04T12:24:35.256Z,442.64
2026-08-04T12:24:50.291Z,442.64
2026-08-04T12:25:12.031Z,463.38
2026-08-04T12:25:20.475Z,463.38
2026-08-04T12:25:35.531Z,463.38
2026-08-04T12:25:50Z,437.65
2026-08-04T12:25:50.616Z,437.65
2026-08-04T12:26:25.604Z,437.65
2026-08-04T12:26:31.466Z,437.65
2026-08-04T12:26:35.972Z,446.46
2026-08-04T12:26:51.016Z,446.46
2026-08-04T12:27:06.107Z,446.46
2026-08-04T12:27:21.15Z,446.46
2026-08-04T12:27:36.241Z,446.46
2026-08-04T12:27:51.307Z,446.46
2026-08-04T12:28:06.431Z,442.4
2026-08-04T12:28:21.518Z,442.72
2026-08-04T12:28:36.718Z,442.72
2026-08-04T12:28:51.973Z,442.72
2026-08-04T12:29:06.751Z,442.72
2026-08-04T12:29:21.831Z,443.23
2026-08-04T12:29:38.365Z,443.23
2026-08-04T12:29:51.982Z,443.8
2026-08-04T12:30:10.506Z,443.8
2026-08-04T12:30:22.147Z,443.57
2026-08-04T12:30:37.238Z,442.43
2026-08-04T12:30:51Z,442.43
2026-08-04T12:30:52.29Z,442.43
2026-08-04T12:31:08.733Z,442.43
2026-08-04T12:31:22.46Z,444.11
2026-08-04T12:31:37.565Z,444.11
2026-08-04T12:31:52.62Z,444.11
2026-08-04T12:32:07.677Z,446.95
2026-08-04T12:32:22.787Z,446.95
2026-08-04T12:32:37.867Z,446.95
2026-08-04T12:32:53.279Z,446.95
2026-08-04T12:33:08.051Z,443.96
2026-08-04T12:33:23.119Z,443.96
2026-08-04T12:33:38.295Z,442.94
2026-08-04T12:33:53.365Z,442.94
2026-08-04T12:34:08.413Z,442.81
2026-08-04T12:34:23.457Z,442.81
2026-08-04T12:34:38.522Z,442.73
2026-08-04T12:34:53.596Z,442.73
2026-08-04T12:35:11.984Z,442.73
2026-08-04T12:35:23.77Z,442.73
2026-08-04T12:35:38.846Z,442.73
2026-08-04T12:35:53Z,440.09
2026-08-04T12:35:53.95Z,440.09
2026-08-04T12:36:10.206Z,441.93
2026-08-04T12:36:24.221Z,441.93
2026-08-04T12:36:39.308Z,441.93
2026-08-04T12:36:54.364Z,442.33
2026-08-04T12:37:11.181Z,442.33
2026-08-04T12:37:24.531Z,441.34
2026-08-04T12:37:39.643Z,441.34
2026-08-04T12:37:54.679Z,441.34
2026-08-04T12:38:09.788Z,441.34
2026-08-04T12:38:25.996Z,438.11
2026-08-04T12:38:39.95Z,438.11
2026-08-04T12:38:55.015Z,438.11
2026-08-04T12:39:10.092Z,436.52
2026-08-04T12:39:26.121Z,436.52
2026-08-04T12:39:40.259Z,435.18
2026-08-04T12:39:55.337Z,435.18
2026-08-04T12:40:10.419Z,433.48
2026-08-04T12:40:25.527Z,433.48
2026-08-04T12:40:41.051Z,433.48
2026-08-04T12:40:55Z,433.48
2026-08-04T12:40:55.687Z,433.48
2026-08-04T12:41:10.772Z,430.94
2026-08-04T12:41:25.857Z,425.56
2026-08-04T12:41:40.925Z,425.56
2026-08-04T12:41:55.996Z,425.56
2026-08-04T12:42:11.103Z,421.66
2026-08-04T12:42:26.874Z,415.77
2026-08-04T12:42:41.236Z,415.77
2026-08-04T12:42:56.307Z,415.64
2026-08-04T12:43:11.366Z,415.64
2026-08-04T12:43:26.494Z,418.05
2026-08-04T12:43:41.767Z,418.05
2026-08-04T12:43:56.812Z,418.05
2026-08-04T12:44:11.82Z,418.05
2026-08-04T12:44:28.061Z,418.05
2026-08-04T12:44:41.994Z,448.23
2026-08-04T12:44:57.745Z,448.23
2026-08-04T12:45:14.063Z,448.23
2026-08-04T12:45:27.239Z,448.23
2026-08-04T12:45:42.306Z,426.35
2026-08-04T12:45:56Z,426.35
2026-08-04T12:45:57.378Z,426.35
2026-08-04T12:46:29.645Z,426.35
2026-08-04T12:46:34.445Z,437.59
2026-08-04T12:46:42.67Z,437.59
2026-08-04T12:46:57.738Z,437.59
2026-08-04T12:47:12.849Z,437.59
2026-08-04T12:47:27.916Z,437.59
2026-08-04T12:47:43.02Z,435.94
2026-08-04T12:47:58.092Z,435.94
2026-08-04T12:48:13.204Z,434.26
2026-08-04T12:48:28.261Z,434.26
2026-08-04T12:48:43.323Z,434.26
2026-08-04T12:48:58.408Z,434.26
2026-08-04T12:49:13.521Z,433.41
2026-08-04T12:49:28.58Z,433.58
2026-08-04T12:49:43.729Z,433.58
2026-08-04T12:49:59.308Z,433.58
2026-08-04T12:50:13.861Z,433.58
2026-08-04T12:50:28.906Z,432.65
2026-08-04T12:50:44.103Z,432.65
2026-08-04T12:50:58Z,430.43
2026-08-04T12:50:59.058Z,430.43
2026-08-04T12:51:14.186Z,427.71
2026-08-04T12:51:29.222Z,427.71
2026-08-04T12:51:44.344Z,427.71
2026-08-04T12:51:59.417Z,427.71
2026-08-04T12:52:14.533Z,427.71
2026-08-04T12:52:29.546Z,424.84
2026-08-04T12:52:44.854Z,421.26
2026-08-04T12:52:59.715Z,421.26
2026-08-04T12:53:14.935Z,421.26
2026-08-04T12:53:29.877Z,421.26
2026-08-04T12:53:44.99Z,404.74
2026-08-04T12:54:00.045Z,404.74
2026-08-04T12:54:15.129Z,376.82
2026-08-04T12:54:30.212Z,376.82
2026-08-04T12:54:45.626Z,363.57
2026-08-04T12:55:00.346Z,363.57
2026-08-04T12:55:15.524Z,353.15
2026-08-04T12:55:30.552Z,353.15
2026-08-04T12:55:45.617Z,370.68
2026-08-04T12:56:00Z,370.68
2026-08-04T12:56:01.674Z,370.68
2026-08-04T12:56:15.799Z,383.82
2026-08-04T12:56:30.87Z,383.82
2026-08-04T12:56:47.025Z,383.82
2026-08-04T12:57:02.94Z,417.01
2026-08-04T12:57:16.111Z,417.01
2026-08-04T12:57:31.202Z,422.74
2026-08-04T12:57:46.259Z,422.74
2026-08-04T12:58:02.495Z,422.74
2026-08-04T12:58:16.548Z,422.74
2026-08-04T12:58:31.651Z,434.4
2026-08-04T12:58:46.7Z,434.4
2026-08-04T12:59:02.702Z,434.4
2026-08-04T12:59:17.015Z,434.4
2026-08-04T12:59:31.943Z,435.91
2026-08-04T12:59:47.024Z,435.91
2026-08-04T13:00:11.921Z,438.04
2026-08-04T13:00:17.196Z,438.04
2026-08-04T13:00:32.407Z,438.04
2026-08-04T13:00:47.459Z,443.8
2026-08-04T13:01:02Z,443.8
2026-08-04T13:01:02.77Z,443.8
2026-08-04T13:01:17.615Z,443.8
2026-08-04T13:01:32.673Z,447.46
2026-08-04T13:01:47.765Z,449.53
2026-08-04T13:02:02.854Z,449.53
2026-08-04T13:02:17.931Z,449.53
2026-08-04T13:02:33.059Z,449.53
2026-08-04T13:02:48.096Z,455.83
2026-08-04T13:03:03.172Z,455.83
2026-08-04T13:03:18.414Z,460.42
2026-08-04T13:03:33.34Z,460.42
2026-08-04T13:03:48.436Z,460.42
2026-08-04T13:04:03.501Z,460.42
2026-08-04T13:04:18.573Z,460.42
2026-08-04T13:04:33.667Z,460.42
2026-08-04T13:04:48.712Z,464.99
2026-08-04T13:05:11.475Z,464.99
2026-08-04T13:05:23.891Z,465.27
2026-08-04T13:05:38.96Z,465.27
2026-08-04T13:05:54.12Z,465.27
2026-08-04T13:06:08Z,465.27
2026-08-04T13:06:09.113Z,465.27
2026-08-04T13:06:24.788Z,464.68
2026-08-04T13:06:39.279Z,464.68
2026-08-04T13:06:54.352Z,464.56
2026-08-04T13:07:09.489Z,464.56
2026-08-04T13:07:24.521Z,464.56
2026-08-04T13:07:39.595Z,462.16
2026-08-04T13:07:59.67Z,462.16
2026-08-04T13:08:14.842Z,459.33
2026-08-04T13:08:30.368Z,459.33
2026-08-04T13:08:44.949Z,459.33
2026-08-04T13:09:00.001Z,459.33
2026-08-04T13:09:15.085Z,449.82
2026-08-04T13:09:30.155Z,449.82
2026-08-04T13:09:45.234Z,449.82
2026-08-04T13:10:00.341Z,441.85
2026-08-04T13:10:16.774Z,441.85
2026-08-04T13:10:30.517Z,432.05
2026-08-04T13:10:45.595Z,432.05
2026-08-04T13:11:02.494Z,432.05
2026-08-04T13:11:15Z,432.05
2026-08-04T13:11:15.772Z,432.05
2026-08-04T13:11:34.695Z,423.89
2026-08-04T13:11:46.213Z,423.89
2026-08-04T13:12:03.108Z,386.13
2026-08-04T13:12:16.142Z,386.13
2026-08-04T13:12:31.174Z,371.53
2026-08-04T13:12:46.297Z,371.53
2026-08-04T13:13:03.014Z,371.53
2026-08-04T13:13:16.434Z,364.77
2026-08-04T13:13:31.956Z,364.77
2026-08-04T13:13:47.567Z,360.54
2026-08-04T13:14:06.628Z,360.54
2026-08-04T13:14:21.711Z,360.54
2026-08-04T13:14:37.423Z,360.54
2026-08-04T13:14:51.887Z,347.17
2026-08-04T13:15:12.575Z,347.17
2026-08-04T13:15:22.048Z,347.17
2026-08-04T13:15:37.154Z,329.94
2026-08-04T13:15:52.615Z,329.94
2026-08-04T13:16:06Z,324.24
2026-08-04T13:16:07.281Z,324.24
2026-08-04T13:16:26.991Z,324.24
2026-08-04T13:16:37.467Z,324.24
2026-08-04T13:16:53.3Z,328.98
2026-08-04T13:17:07.729Z,328.98
2026-08-04T13:17:22.808Z,332.96
2026-08-04T13:17:37.877Z,332.96
2026-08-04T13:17:53.006Z,332.96
2026-08-04T13:18:08.061Z,345.89
2026-08-04T13:18:23.153Z,345.89
2026-08-04T13:18:38.226Z,349.65
2026-08-04T13:18:53.369Z,349.65
2026-08-04T13:19:08.683Z,349.65
2026-08-04T13:19:23.682Z,349.65
2026-08-04T13:19:38.735Z,349.65
2026-08-04T13:19:53.817Z,353.11
2026-08-04T13:20:10.647Z,353.11
2026-08-04T13:20:23.956Z,355.74
2026-08-04T13:20:39.095Z,355.74
2026-08-04T13:20:54.138Z,358.1
2026-08-04T13:21:08Z,358.1
2026-08-04T13:21:09.248Z,358.1
2026-08-04T13:21:24.594Z,358.1
2026-08-04T13:21:39.377Z,358.1
2026-08-04T13:21:54.456Z,359.02
2026-08-04T13:22:09.527Z,359.02
2026-08-04T13:22:24.608Z,359.02
2026-08-04T13:22:40.263Z,359.02
2026-08-04T13:22:54.792Z,359.02
2026-08-04T13:23:09.822Z,359.02
2026-08-04T13:23:24.925Z,359.02
2026-08-04T13:23:40.006Z,359.02
2026-08-04T13:23:55.086Z,353.69
2026-08-04T13:24:10.557Z,353.69
2026-08-04T13:24:25.263Z,353.69
2026-08-04T13:24:40.32Z,353.69
2026-08-04T13:24:55.385Z,346.34
2026-08-04T13:25:11.971Z,346.34
2026-08-04T13:25:25.62Z,344.21
2026-08-04T13:25:40.655Z,344.21
2026-08-04T13:25:55.707Z,344.21
2026-08-04T13:26:10Z,344.21
2026-08-04T13:26:10.811Z,344.21
2026-08-04T13:26:26.099Z,344.21
2026-08-04T13:26:40.964Z,342.81
2026-08-04T13:26:57.915Z,337.35
2026-08-04T13:27:11.099Z,337.35
2026-08-04T13:27:26.184Z,337.35
2026-08-04T13:27:41.272Z,337.35
2026-08-04T13:27:56.341Z,337.35
2026-08-04T13:28:11.451Z,329.29
2026-08-04T13:28:27.162Z,329.29
2026-08-04T13:28:41.643Z,324.4
2026-08-04T13:28:56.737Z,324.4
2026-08-04T13:29:12.294Z,323.9
2026-08-04T13:29:26.863Z,323.9
2026-08-04T13:29:41.96Z,326.24
2026-08-04T13:29:57.096Z,326.24
2026-08-04T13:30:13.143Z,326.24
2026-08-04T13:30:27.218Z,326.89
2026-08-04T13:30:42.297Z,326.89
2026-08-04T13:30:57.366Z,325.22
2026-08-04T13:31:12Z,325.22
2026-08-04T13:31:12.446Z,325.22
2026-08-04T13:31:27.518Z,325.22
2026-08-04T13:31:42.735Z,325.22
2026-08-04T13:31:57.816Z,321.62
2026-08-04T13:32:13.593Z,321.62
2026-08-04T13:32:27.946Z,319.04
2026-08-04T13:32:43.039Z,319.04
2026-08-04T13:32:58.098Z,314.35
2026-08-04T13:33:13.159Z,314.35
2026-08-04T13:33:29.673Z,314.35
2026-08-04T13:33:43.466Z,308.91
2026-08-04T13:33:58.522Z,308.91
2026-08-04T13:34:13.629Z,308.91
2026-08-04T13:34:29.341Z,308.91
2026-08-04T13:34:43.825Z,301.89
2026-08-04T13:34:58.846Z,301.4
2026-08-04T13:35:13.996Z,301.4
2026-08-04T13:35:29.049Z,300.64
2026-08-04T13:35:44.181Z,300.64
2026-08-04T13:35:59.324Z,300.64
2026-08-04T13:36:14Z,298.32
2026-08-04T13:36:14.397Z,298.32
2026-08-04T13:36:29.507Z,298.32
2026-08-04T13:36:44.56Z,295.43
2026-08-04T13:36:59.661Z,295.43
2026-08-04T13:37:19.739Z,295.43
2026-08-04T13:37:34.813Z,295.43
2026-08-04T13:37:49.89Z,295.43
2026-08-04T13:38:05.601Z,288.86
2026-08-04T13:38:20.045Z,286.85
2026-08-04T13:38:35.164Z,286.85
2026-08-04T13:38:50.206Z,283.01
2026-08-04T13:39:05.367Z,283.01
2026-08-04T13:39:20.378Z,270.84
2026-08-04T13:39:35.482Z,270.84
2026-08-04T13:39:50.546Z,270.84
2026-08-04T13:40:12.35Z,270.84
2026-08-04T13:40:20.704Z,250.85
2026-08-04T13:40:35.811Z,250.85
2026-08-04T13:40:50.875Z,245.66
2026-08-04T13:41:05.961Z,245.66
2026-08-04T13:41:20Z,239.92
2026-08-04T13:41:21.02Z,239.92
2026-08-04T13:41:36.115Z,239.92
2026-08-04T13:41:51.669Z,236.78
2026-08-04T13:42:06.301Z,236.78
2026-08-04T13:42:21.386Z,236.08
2026-08-04T13:42:37.555Z,236.08
2026-08-04T13:42:51.732Z,235.7
2026-08-04T13:43:06.595Z,235.7
2026-08-04T13:43:21.682Z,236.25
2026-08-04T13:43:36.791Z,236.25
2026-08-04T13:43:52.431Z,236.25
2026-08-04T13:44:06.909Z,236.25
2026-08-04T13:44:21.988Z,230.95
2026-08-04T13:44:38.406Z,274.05
2026-08-04T13:44:52.155Z,274.05
2026-08-04T13:45:11.425Z,294.04
2026-08-04T13:45:22.421Z,294.04
2026-08-04T13:45:37.528Z,294.04
2026-08-04T13:45:54.898Z,338.24
2026-08-04T13:46:07.777Z,338.24
2026-08-04T13:46:22Z,348.64
2026-08-04T13:46:22.857Z,348.64
2026-08-04T13:46:42.935Z,348.64
2026-08-04T13:46:58.806Z,317.5
2026-08-04T13:47:13.171Z,317.5
2026-08-04T13:47:28.239Z,317.5
2026-08-04T13:47:48.384Z,354.36
2026-08-04T13:48:03.484Z,354.36
2026-08-04T13:48:18.489Z,244.8
2026-08-04T13:48:33.558Z,244.8
2026-08-04T13:48:55.175Z,277.43
2026-08-04T13:49:08.873Z,277.43
2026-08-04T13:49:23.819Z,290.96
2026-08-04T13:49:38.88Z,290.96
2026-08-04T13:49:53.938Z,312.67
2026-08-04T13:50:11.286Z,312.67
2026-08-04T13:50:24.141Z,318.8
2026-08-04T13:50:44.225Z,318.8
2026-08-04T13:51:00.103Z,334.37
2026-08-04T13:51:18Z,333.4
2026-08-04T13:51:19.354Z,333.4
2026-08-04T13:51:53.287Z,333.4
2026-08-04T13:51:57.756Z,331.76
2026-08-04T13:52:04.636Z,331.76
2026-08-04T13:52:19.714Z,331.76
2026-08-04T13:52:39.753Z,331.76
2026-08-04T13:52:54.854Z,331.76
2026-08-04T13:53:10.241Z,319.97
2026-08-04T13:53:24.96Z,319.97
2026-08-04T13:53:45.073Z,310.04
2026-08-04T13:54:05.169Z,310.04
2026-08-04T13:54:25.21Z,307.9
2026-08-04T13:54:40.33Z,307.9
2026-08-04T13:54:55.368Z,305.89
2026-08-04T13:55:15.441Z,305.89
2026-08-04T13:55:30.526Z,305.89
2026-08-04T13:55:50.579Z,298.94
2026-08-04T13:56:10.681Z,296.18
2026-08-04T13:56:25Z,296.18
2026-08-04T13:56:25.729Z,296.18
2026-08-04T13:56:46.307Z,291.57
2026-08-04T13:57:03.471Z,291.57
2026-08-04T13:57:16.027Z,291.57
2026-08-04T13:57:31.111Z,289.83
2026-08-04T13:57:46.271Z,289.83
2026-08-04T13:58:03.407Z,288.83
2026-08-04T13:58:21.329Z,288.83
2026-08-04T13:58:36.4Z,287.22
2026-08-04T13:58:56.492Z,287.22
2026-08-04T13:59:12.374Z,287.22
2026-08-04T13:59:26.629Z,283.65
2026-08-04T13:59:41.714Z,283.65
2026-08-04T13:59:56.814Z,276.88
2026-08-04T14:00:14.057Z,276.88
2026-08-04T14:00:26.957Z,276.88
2026-08-04T14:00:42.078Z,276.88
2026-08-04T14:01:03.02Z,258.16
2026-08-04T14:01:21Z,245.24
2026-08-04T14:01:22.228Z,245.24
2026-08-04T14:01:37.328Z,245.24
2026-08-04T14:01:52.385Z,240.4
2026-08-04T14:02:07.736Z,240.4
2026-08-04T14:02:22.528Z,236.27
2026-08-04T14:02:37.619Z,236.27
2026-08-04T14:02:52.697Z,236.27
2026-08-04T14:03:07.912Z,233.15
2026-08-04T14:03:22.831Z,233.15
2026-08-04T14:03:42.929Z,233.15
2026-08-04T14:04:04.858Z,230.74
2026-08-04T14:04:18.067Z,230.74
2026-08-04T14:04:33.149Z,229.83
2026-08-04T14:04:53.282Z,229.83
2026-08-04T14:05:12.585Z,229.83
2026-08-04T14:05:29.241Z,229.83
2026-08-04T14:05:48.721Z,229.83
2026-08-04T14:06:03.586Z,226.63
2026-08-04T14:06:18.662Z,226.63
2026-08-04T14:06:33Z,227.07
2026-08-04T14:06:34.42Z,227.07
2026-08-04T14:06:48.946Z,227.07
2026-08-04T14:07:04.028Z,227.07
2026-08-04T14:07:19.088Z,227.07
2026-08-04T14:07:34.17Z,225.62
2026-08-04T14:07:54.258Z,226.94
2026-08-04T14:08:09.326Z,226.94
2026-08-04T14:08:24.417Z,226.94
2026-08-04T14:08:46.158Z,227.05
2026-08-04T14:09:00.792Z,227.05
2026-08-04T14:09:14.785Z,226.99
2026-08-04T14:09:29.866Z,226.99
2026-08-04T14:09:44.941Z,226.99
2026-08-04T14:10:09.521Z,228.41
2026-08-04T14:10:20.056Z,228.41
2026-08-04T14:10:35.142Z,233.12
2026-08-04T14:10:55.214Z,233.12
2026-08-04T14:11:15.301Z,233.12
2026-08-04T14:11:34Z,240.16
2026-08-04T14:11:35.367Z,240.16
2026-08-04T14:11:50.655Z,244.21
2026-08-04T14:12:10.953Z,244.21
2026-08-04T14:12:25.6Z,244.21
2026-08-04T14:12:40.709Z,245.02
2026-08-04T14:12:56.344Z,245.02
2026-08-04T14:13:15.833Z,244.18
2026-08-04T14:13:30.929Z,244.18
2026-08-04T14:13:45.983Z,243.09
2026-08-04T14:14:03.695Z,243.09
2026-08-04T14:14:16.133Z,243.09
2026-08-04T14:14:31.227Z,243.09
2026-08-04T14:14:46.328Z,243.09
2026-08-04T14:15:10.597Z,243.09
2026-08-04T14:15:16.951Z,242.72
2026-08-04T14:15:31.767Z,242.72
2026-08-04T14:15:51.815Z,240.24
2026-08-04T14:16:06.855Z,240.24
2026-08-04T14:16:26Z,240.24
2026-08-04T14:16:27.032Z,240.24
2026-08-04T14:16:42.138Z,243.19
2026-08-04T14:16:57.11Z,240.22
2026-08-04T14:17:12.191Z,240.22
2026-08-04T14:17:27.236Z,239.31
2026-08-04T14:17:42.325Z,239.31
2026-08-04T14:17:57.402Z,244.18
2026-08-04T14:18:12.478Z,244.18
2026-08-04T14:18:27.577Z,244.18
2026-08-04T14:18:42.696Z,244.18
2026-08-04T14:18:57.693Z,242.11
2026-08-04T14:19:12.778Z,242.11
2026-08-04T14:19:27.989Z,242.01
2026-08-04T14:19:42.959Z,242.01
2026-08-04T14:20:10.622Z,241.64
2026-08-04T14:20:18.113Z,241.64
2026-08-04T14:20:38.189Z,241.59
2026-08-04T14:21:01.442Z,240.77
2026-08-04T14:21:13.615Z,240.77
2026-08-04T14:21:28Z,240.77
2026-08-04T14:21:29.273Z,240.77
2026-08-04T14:21:46.245Z,241.53
2026-08-04T14:22:04.005Z,241.53
2026-08-04T14:22:18.647Z,235.54
2026-08-04T14:22:34.67Z,235.54
2026-08-04T14:22:48.789Z,239.94
2026-08-04T14:23:03.849Z,239.94
2026-08-04T14:23:23.906Z,409.73
2026-08-04T14:23:38.992Z,424.59
2026-08-04T14:23:54.07Z,424.59
2026-08-04T14:24:09.149Z,424.59
2026-08-04T14:24:24.232Z,424.59
2026-08-04T14:24:39.35Z,424.59
2026-08-04T14:24:54.422Z,426.09
2026-08-04T14:25:13.14Z,420.01
2026-08-04T14:25:26.639Z,420.01
2026-08-04T14:25:44.656Z,405.63
2026-08-04T14:25:59.723Z,405.63
2026-08-04T14:26:15.123Z,405.63
2026-08-04T14:26:29Z,395.52
2026-08-04T14:26:29.983Z,395.52
2026-08-04T14:27:00.21Z,395.52
2026-08-04T14:27:05.192Z,388.6
2026-08-04T14:27:20.121Z,388.6
2026-08-04T14:27:35.226Z,388.6
2026-08-04T14:27:50.279Z,388.6
2026-08-04T14:28:05.362Z,405.1
2026-08-04T14:28:21.274Z,405.1
2026-08-04T14:28:35.853Z,440.21
2026-08-04T14:28:51.149Z,440.21
2026-08-04T14:29:05.665Z,478.57
2026-08-04T14:29:20.719Z,478.57
2026-08-04T14:29:35.811Z,478.57
2026-08-04T14:29:50.886Z,478.57
2026-08-04T14:30:12.596Z,478.57
2026-08-04T14:30:26.028Z,478.57
2026-08-04T14:30:46.121Z,501.58
2026-08-04T14:31:02.931Z,491.98
2026-08-04T14:31:16.255Z,491.98
2026-08-04T14:31:30Z,471.32
2026-08-04T14:31:31.315Z,471.32
2026-08-04T14:31:46.416Z,471.32
2026-08-04T14:32:08.502Z,471.32
2026-08-04T14:32:21.587Z,471.32
2026-08-04T14:32:41.734Z,471.32
2026-08-04T14:32:56.788Z,299.06
2026-08-04T14:33:11.799Z,299.06
2026-08-04T14:33:26.866Z,299.06
2026-08-04T14:33:41.947Z,299.06
2026-08-04T14:34:02.684Z,258.56
2026-08-04T14:34:17.125Z,257.19
2026-08-04T14:34:32.245Z,257.19
2026-08-04T14:34:48.314Z,255.78
2026-08-04T14:35:12.739Z,255.78
2026-08-04T14:35:17.623Z,254.33
2026-08-04T14:35:32.667Z,254.33
2026-08-04T14:35:52.687Z,254.33
2026-08-04T14:36:07.768Z,254.33
2026-08-04T14:36:27Z,255.97
2026-08-04T14:36:27.845Z,255.97
2026-08-04T14:36:50.864Z,257.41
2026-08-04T14:37:08.02Z,257.41
2026-08-04T14:37:23.074Z,266.4
2026-08-04T14:37:38.711Z,266.4
2026-08-04T14:37:53.266Z,266.4
2026-08-04T14:38:13.422Z,285.35
2026-08-04T14:38:28.375Z,285.35
2026-08-04T14:38:43.445Z,304.57
2026-08-04T14:38:58.519Z,304.57
2026-08-04T14:39:13.612Z,304.57
2026-08-04T14:39:34.007Z,329.38
2026-08-04T14:39:52.113Z,329.38
2026-08-04T14:40:12.745Z,333.7
2026-08-04T14:40:29.105Z,337.56
2026-08-04T14:40:49.57Z,337.56
2026-08-04T14:41:04.264Z,338.33
2026-08-04T14:41:24.358Z,335.77
2026-08-04T14:41:44Z,335.77
2026-08-04T14:41:44.997Z,335.77
2026-08-04T14:42:12.208Z,335.77
2026-08-04T14:42:16.614Z,331.17
2026-08-04T14:42:30.478Z,331.17
2026-08-04T14:42:49.883Z,327.59
2026-08-04T14:43:09.955Z,326.0
2026-08-04T14:43:30.045Z,326.0
2026-08-04T14:43:45.098Z,322.98
2026-08-04T14:44:00.215Z,322.98
2026-08-04T14:44:15.317Z,322.98
2026-08-04T14:44:30.381Z,311.72
2026-08-04T14:44:45.444Z,311.72
2026-08-04T14:45:11.743Z,308.2
2026-08-04T14:45:25.601Z,308.2
2026-08-04T14:45:40.712Z,308.2
2026-08-04T14:45:55.757Z,302.45
2026-08-04T14:46:16.626Z,302.45
2026-08-04T14:46:30Z,301.98
2026-08-04T14:46:30.944Z,301.98
2026-08-04T14:46:50.988Z,299.87
2026-08-04T14:47:11.088Z,299.87
2026-08-04T14:47:26.162Z,299.87
2026-08-04T14:47:46.263Z,297.72
2026-08-04T14:48:05.753Z,297.72
2026-08-04T14:48:21.404Z,298.3
2026-08-04T14:48:36.476Z,297.63
2026-08-04T14:48:51.531Z,297.63
2026-08-04T14:49:06.62Z,297.63
2026-08-04T14:49:21.708Z,296.92
2026-08-04T14:49:36.788Z,296.92
2026-08-04T14:49:51.855Z,294.34
2026-08-04T14:50:09.499Z,294.34
2026-08-04T14:50:22.031Z,294.34
2026-08-04T14:50:37.122Z,292.82
2026-08-04T14:50:57.681Z,292.82
2026-08-04T14:51:12.244Z,292.82
2026-08-04T14:51:27.318Z,292.82
2026-08-04T14:51:41Z,292.82
2026-08-04T14:51:42.395Z,292.82
2026-08-04T14:51:57.491Z,279.84
2026-08-04T14:52:12.541Z,274.51
2026-08-04T14:52:27.603Z,274.51
2026-08-04T14:52:42.692Z,274.51
2026-08-04T14:52:57.776Z,274.51
2026-08-04T14:53:12.814Z,274.51
2026-08-04T14:53:28.329Z,266.98
2026-08-04T14:53:43.012Z,271.41
2026-08-04T14:53:59.526Z,277.17
2026-08-04T14:54:18.144Z,277.17
2026-08-04T14:54:38.356Z,277.17
2026-08-04T14:54:53.334Z,277.17
2026-08-04T14:55:14.598Z,277.17
2026-08-04T14:55:33.913Z,303.76
2026-08-04T14:55:53.515Z,303.76
2026-08-04T14:56:13.594Z,303.23
2026-08-04T14:56:29.613Z,303.23
2026-08-04T14:56:43Z,304.04
2026-08-04T14:56:43.915Z,304.04
2026-08-04T14:56:59.04Z,304.04
2026-08-04T14:57:14.292Z,301.03
2026-08-04T14:57:29.382Z,301.03
2026-08-04T14:57:44.235Z,299.09
2026-08-04T14:57:59.324Z,299.09
2026-08-04T14:58:14.869Z,297.16
2026-08-04T14:58:29.444Z,297.16
2026-08-04T14:58:44.498Z,295.48
2026-08-04T14:58:59.642Z,295.48
2026-08-04T14:59:14.695Z,295.48
2026-08-04T14:59:34.785Z,290.77
2026-08-04T14:59:49.855Z,290.77
2026-08-04T15:00:10.301Z,290.77
2026-08-04T15:00:30.011Z,289.54
2026-08-04T15:00:45.107Z,289.54
2026-08-04T15:01:00.158Z,291.23
2026-08-04T15:01:15.281Z,291.23
2026-08-04T15:01:35.323Z,294.76
2026-08-04T15:01:50Z,294.76
2026-08-04T15:01:50.415Z,294.76
2026-08-04T15:02:05.479Z,297.53
2026-08-04T15:02:20.551Z,297.53
2026-08-04T15:02:35.691Z,297.53
2026-08-04T15:02:55.728Z,297.53
2026-08-04T15:03:15.814Z,313.4
2026-08-04T15:03:30.863Z,313.4
2026-08-04T15:03:45.955Z,313.4
2026-08-04T15:04:02.8Z,318.53
2026-08-04T15:04:16.095Z,319.04
2026-08-04T15:04:31.2Z,319.04
2026-08-04T15:04:46.231Z,319.04
2026-08-04T15:05:08.242Z,316.08
2026-08-04T15:05:16.405Z,314.35
2026-08-04T15:05:31.476Z,314.35
2026-08-04T15:05:46.533Z,314.35
2026-08-04T15:06:06.611Z,308.35
2026-08-04T15:06:21.757Z,302.18
2026-08-04T15:06:41Z,302.18
2026-08-04T15:06:41.825Z,302.18
2026-08-04T15:07:02.67Z,298.69
2026-08-04T15:07:17.043Z,294.02
2026-08-04T15:07:32.086Z,294.02
2026-08-04T15:07:47.181Z,292.59
2026-08-04T15:08:03.545Z,292.59
2026-08-04T15:08:17.318Z,292.59
2026-08-04T15:08:37.41Z,290.08
2026-08-04T15:08:53.174Z,290.08
2026-08-04T15:09:07.551Z,290.08
2026-08-04T15:09:22.758Z,290.86
2026-08-04T15:09:37.815Z,290.86
2026-08-04T15:09:52.935Z,292.67
2026-08-04T15:10:12.988Z,292.67
2026-08-04T15:10:28.059Z,292.67
2026-08-04T15:10:43.112Z,294.26
2026-08-04T15:10:58.218Z,295.24
2026-08-04T15:11:13.343Z,295.24
2026-08-04T15:11:28.407Z,297.7
2026-08-04T15:11:48Z,297.7
2026-08-04T15:11:48.475Z,297.7
2026-08-04T15:12:09.223Z,297.7
2026-08-04T15:12:23.634Z,300.88
2026-08-04T15:12:38.71Z,300.88
2026-08-04T15:12:53.786Z,300.88
2026-08-04T15:13:13.92Z,300.88
2026-08-04T15:13:29.182Z,306.71
2026-08-04T15:13:44.094Z,306.71
2026-08-04T15:13:59.119Z,306.87
2026-08-04T15:14:14.16Z,306.87
2026-08-04T15:14:29.541Z,306.87
2026-08-04T15:14:44.332Z,305.76
2026-08-04T15:15:09.818Z,305.76
2026-08-04T15:15:19.493Z,303.19
2026-08-04T15:15:39.574Z,303.19
2026-08-04T15:15:54.683Z,300.73
2026-08-04T15:16:09.696Z,300.73
2026-08-04T15:16:24.775Z,300.73
2026-08-04T15:16:44Z,300.73
2026-08-04T15:16:44.837Z,300.73
2026-08-04T15:16:59.922Z,292.82
2026-08-04T15:17:15.626Z,286.91
2026-08-04T15:17:30.041Z,286.91
2026-08-04T15:17:45.216Z,285.68
2026-08-04T15:18:05.233Z,285.68
2026-08-04T15:18:20.312Z,285.68
2026-08-04T15:18:36.294Z,285.68
2026-08-04T15:18:50.444Z,285.68
2026-08-04T15:19:10.501Z,285.1
2026-08-04T15:19:26.366Z,287.59
2026-08-04T15:19:40.645Z,287.59
2026-08-04T15:19:58.094Z,287.59
2026-08-04T15:20:10.928Z,289.39
2026-08-04T15:20:25.85Z,289.39
2026-08-04T15:20:41.335Z,289.39
2026-08-04T15:20:56.091Z,295.15
2026-08-04T15:21:11.128Z,295.15
2026-08-04T15:21:31.227Z,297.51
2026-08-04T15:21:45Z,297.51
2026-08-04T15:21:46.286Z,297.51
2026-08-04T15:22:23.36Z,302.98
2026-08-04T15:22:28.377Z,304.07
2026-08-04T15:22:36.801Z,304.07
2026-08-04T15:22:56.577Z,305.54
2026-08-04T15:23:11.653Z,305.54
2026-08-04T15:23:26.755Z,308.27
2026-08-04T15:23:41.809Z,308.27
2026-08-04T15:23:57.025Z,308.27
2026-08-04T15:24:11.964Z,309.61
2026-08-04T15:24:32.359Z,309.61
2026-08-04T15:24:47.219Z,309.61
2026-08-04T15:25:11.782Z,309.61
2026-08-04T15:25:17.362Z,304.32
2026-08-04T15:25:32.445Z,301.46
2026-08-04T15:25:47.503Z,301.46
2026-08-04T15:26:07.887Z,299.65
2026-08-04T15:26:22.875Z,299.65
2026-08-04T15:26:37.743Z,295.84
2026-08-04T15:26:52Z,295.84
2026-08-04T15:26:52.854Z,295.84
2026-08-04T15:27:09.312Z,295.84
2026-08-04T15:27:28.116Z,293.43
2026-08-04T15:27:43.243Z,291.91
2026-08-04T15:27:58.262Z,291.91
2026-08-04T15:28:18.357Z,291.27
2026-08-04T15:28:38.411Z,291.27
2026-08-04T15:28:54.226Z,291.27
2026-08-04T15:29:08.563Z,292.83
2026-08-04T15:29:28.621Z,292.83
2026-08-04T15:29:43.742Z,294.34
2026-08-04T15:29:58.822Z,294.34
2026-08-04T15:30:15.75Z,294.34
2026-08-04T15:30:28.927Z,298.12
2026-08-04T15:30:49.028Z,300.82
2026-08-04T15:31:04.098Z,300.82
2026-08-04T15:31:24.144Z,304.88
2026-08-04T15:31:39.487Z,304.88
2026-08-04T15:31:53Z,304.88
2026-08-04T15:31:54.33Z,304.88
2026-08-04T15:32:28.229Z,304.88
2026-08-04T15:32:35.247Z,314.19
2026-08-04T15:32:39.555Z,314.19
2026-08-04T15:32:55.941Z,314.19
2026-08-04T15:33:09.728Z,314.1
2026-08-04T15:33:29.81Z,313.8
2026-08-04T15:33:44.853Z,313.8
2026-08-04T15:33:59.934Z,313.8
2026-08-04T15:34:20.029Z,314.69
2026-08-04T15:34:35.094Z,314.69
2026-08-04T15:34:52.739Z,314.69
2026-08-04T15:35:11.701Z,312.03
2026-08-04T15:35:25.502Z,308.95
2026-08-04T15:35:40.549Z,308.95
2026-08-04T15:35:55.626Z,306.62
2026-08-04T15:36:10.847Z,306.62
2026-08-04T15:36:30.776Z,299.49
2026-08-04T15:36:50Z,299.49
2026-08-04T15:36:51.684Z,299.49
2026-08-04T15:37:08.539Z,299.49
2026-08-04T15:37:21.009Z,294.26
2026-08-04T15:37:36.074Z,294.26
2026-08-04T15:37:51.167Z,294.26
2026-08-04T15:38:06.283Z,293.81
2026-08-04T15:38:21.35Z,293.81
2026-08-04T15:38:41.391Z,294.33
2026-08-04T15:39:03.403Z,294.98
2026-08-04T15:39:21.548Z,294.98
2026-08-04T15:39:36.643Z,293.93
2026-08-04T15:39:51.735Z,293.93
2026-08-04T15:40:12.476Z,293.93
2026-08-04T15:40:21.861Z,292.39
2026-08-04T15:40:37.184Z,292.39
2026-08-04T15:40:52.079Z,292.39
2026-08-04T15:41:07.208Z,289.83
2026-08-04T15:41:22.241Z,289.83
2026-08-04T15:41:37.35Z,289.83
2026-08-04T15:41:51Z,269.41
2026-08-04T15:41:53.876Z,269.41
2026-08-04T15:42:13.008Z,269.41
2026-08-04T15:42:27.683Z,261.8
2026-08-04T15:42:47.907Z,261.8
2026-08-04T15:43:03.86Z,250.49
2026-08-04T15:43:22.96Z,250.28
2026-08-04T15:43:37.963Z,250.28
2026-08-04T15:43:53.51Z,253.86
2026-08-04T15:44:13.228Z,263.92
2026-08-04T15:44:28.219Z,263.92
2026-08-04T15:44:43.29Z,271.4
2026-08-04T15:44:58.371Z,271.4
2026-08-04T15:45:13.435Z,271.4
2026-08-04T15:45:28.518Z,270.92
2026-08-04T15:45:43.594Z,270.92
2026-08-04T15:46:03.66Z,271.19
2026-08-04T15:46:18.777Z,271.19
2026-08-04T15:46:33.821Z,271.19
2026-08-04T15:46:48Z,276.28
2026-08-04T15:46:48.933Z,276.28
2026-08-04T15:47:09.903Z,276.28
2026-08-04T15:47:24.114Z,276.28
2026-08-04T15:47:44.223Z,278.95
2026-08-04T15:47:59.303Z,282.08
2026-08-04T15:48:15.108Z,282.08
2026-08-04T15:48:29.558Z,282.08
2026-08-04T15:48:49.637Z,282.08
2026-08-04T15:49:09.674Z,284.72
2026-08-04T15:49:25.685Z,284.72
2026-08-04T15:49:39.851Z,284.72
2026-08-04T15:49:54.928Z,284.72
2026-08-04T15:50:11.666Z,281.89
2026-08-04T15:50:30.096Z,279.71
2026-08-04T15:50:45.174Z,279.71
2026-08-04T15:51:05.244Z,277.65
2026-08-04T15:51:25.295Z,277.65
2026-08-04T15:51:40.494Z,277.65
2026-08-04T15:51:55Z,271.09
2026-08-04T15:51:55.589Z,271.09
2026-08-04T15:52:15.658Z,271.09
2026-08-04T15:52:31.706Z,267.37
2026-08-04T15:52:45.845Z,267.37
2026-08-04T15:53:02.546Z,267.37
2026-08-04T15:53:15.997Z,267.37
2026-08-04T15:53:37.649Z,262.45
2026-08-04T15:53:56.161Z,261.31
2026-08-04T15:54:11.263Z,261.31
2026-08-04T15:54:26.314Z,260.85
2026-08-04T15:54:41.463Z,260.85
2026-08-04T15:54:56.464Z,265.94
2026-08-04T15:55:16.542Z,269.83
2026-08-04T15:55:31.764Z,269.83
2026-08-04T15:55:46.803Z,269.83
2026-08-04T15:56:02.607Z,279.86
2026-08-04T15:56:17.81Z,279.86
2026-08-04T15:56:32.251Z,293.08
2026-08-04T15:56:47.28Z,293.08
2026-08-04T15:57:06Z,293.08
2026-08-04T15:57:07.271Z,293.08
2026-08-04T15:57:22.405Z,293.08
2026-08-04T15:57:38.619Z,293.08
2026-08-04T15:57:52.514Z,306.83
2026-08-04T15:58:07.604Z,306.83
2026-08-04T15:58:22.664Z,306.83
2026-08-04T15:58:37.753Z,306.83
2026-08-04T15:58:57.843Z,306.83
2026-08-04T15:59:17.891Z,304.82
2026-08-04T15:59:32.982Z,301.9
2026-08-04T15:59:48.054Z,301.9
2026-08-04T16:00:10.6Z,301.9
2026-08-04T16:00:18.213Z,291.55
2026-08-04T16:00:33.303Z,291.55
2026-08-04T16:00:48.364Z,291.55
2026-08-04T16:01:03.425Z,290.09
2026-08-04T16:01:25.154Z,290.09
2026-08-04T16:01:43.573Z,290.09
2026-08-04T16:02:03Z,287.34
2026-08-04T16:02:03.66Z,287.34
2026-08-04T16:02:19.767Z,287.34
2026-08-04T16:02:33.838Z,287.34
2026-08-04T16:02:48.91Z,287.34
2026-08-04T16:03:04.031Z,283.72
2026-08-04T16:03:24.105Z,284.91
2026-08-04T16:03:39.424Z,284.91
2026-08-04T16:03:55.278Z,284.91
2026-08-04T16:04:09.318Z,295.54
2026-08-04T16:04:24.395Z,295.54
2026-08-04T16:04:44.471Z,299.43
2026-08-04T16:05:00.128Z,299.43
2026-08-04T16:05:14.634Z,299.43
2026-08-04T16:05:29.698Z,299.45
2026-08-04T16:05:50.863Z,297.45
2026-08-04T16:06:04.829Z,297.45
2026-08-04T16:06:24.945Z,297.45
2026-08-04T16:06:40.025Z,297.45
2026-08-04T16:06:55.084Z,295.91
2026-08-04T16:07:09Z,295.91
2026-08-04T16:07:10.163Z,295.91
2026-08-04T16:07:25.263Z,299.22
2026-08-04T16:07:40.788Z,299.22
2026-08-04T16:07:55.401Z,299.22
2026-08-04T16:08:10.493Z,299.22
2026-08-04T16:08:30.58Z,295.1
2026-08-04T16:08:46.509Z,295.1
2026-08-04T16:09:02.539Z,290.46
2026-08-04T16:09:20.819Z,288.0
2026-08-04T16:09:36.214Z,288.0
2026-08-04T16:09:50.972Z,288.0
2026-08-04T16:10:10.662Z,288.0
2026-08-04T16:10:21.132Z,286.85
2026-08-04T16:10:43.129Z,286.85
2026-08-04T16:10:56.288Z,285.58
2026-08-04T16:11:11.349Z,285.58
2026-08-04T16:11:31.41Z,282.84
2026-08-04T16:11:46.577Z,282.84
2026-08-04T16:12:01Z,282.6
2026-08-04T16:12:02.768Z,282.6
2026-08-04T16:12:18.07Z,284.17
2026-08-04T16:12:32.65Z,284.17
2026-08-04T16:12:46.907Z,284.17
2026-08-04T16:13:02.565Z,282.9
2026-08-04T16:13:22.079Z,282.9
2026-08-04T16:13:43.035Z,279.9
2026-08-04T16:13:57.205Z,279.22
2026-08-04T16:14:12.272Z,279.22
2026-08-04T16:14:34.035Z,279.31
2026-08-04T16:14:47.481Z,279.31
2026-08-04T16:15:11.671Z,280.78
2026-08-04T16:15:22.659Z,280.78
2026-08-04T16:15:38.252Z,281.5
2026-08-04T16:15:57.773Z,281.5
2026-08-04T16:16:12.85Z,281.5
2026-08-04T16:16:27.919Z,276.15
2026-08-04T16:16:43.048Z,276.15
2026-08-04T16:16:58.129Z,276.15
2026-08-04T16:17:12Z,270.65
2026-08-04T16:17:13.261Z,270.65
2026-08-04T16:17:28.298Z,270.65
2026-08-04T16:17:43.415Z,270.65
2026-08-04T16:18:03.712Z,270.65
2026-08-04T16:18:18.646Z,261.17
2026-08-04T16:18:33.655Z,260.1
2026-08-04T16:18:48.676Z,260.1
2026-08-04T16:19:08.758Z,256.77
2026-08-04T16:19:28.916Z,256.77
2026-08-04T16:19:43.953Z,258.74
2026-08-04T16:19:59.065Z,258.74
2026-08-04T16:20:14.142Z,264.83
2026-08-04T16:20:29.177Z,264.83
2026-08-04T16:20:44.214Z,266.82
2026-08-04T16:21:04.278Z,276.7
2026-08-04T16:21:19.39Z,276.7
2026-08-04T16:21:34.681Z,276.7
2026-08-04T16:21:49.5Z,280.36
2026-08-04T16:22:04Z,280.36
2026-08-04T16:22:04.581Z,280.36
2026-08-04T16:22:19.708Z,280.36
2026-08-04T16:22:35.463Z,280.36
2026-08-04T16:22:49.811Z,280.36
2026-08-04T16:23:04.898Z,276.05
2026-08-04T16:23:25.018Z,274.94
2026-08-04T16:23:40.079Z,274.94
2026-08-04T16:23:55.144Z,274.94
2026-08-04T16:24:10.212Z,273.42
2026-08-04T16:24:25.342Z,273.42
2026-08-04T16:24:45.415Z,273.42
2026-08-04T16:25:00.468Z,267.51
2026-08-04T16:25:15.841Z,267.51
2026-08-04T16:25:35.632Z,261.63
2026-08-04T16:25:55.724Z,261.63
2026-08-04T16:26:10.872Z,261.63
2026-08-04T16:26:26.105Z,247.43
2026-08-04T16:26:41.034Z,247.43
2026-08-04T16:26:56.136Z,247.43
2026-08-04T16:27:10Z,243.75
2026-08-04T16:27:11.241Z,243.75
2026-08-04T16:27:26.324Z,243.75
2026-08-04T16:27:41.384Z,243.75
2026-08-04T16:27:56.468Z,243.75
2026-08-04T16:28:11.564Z,243.75
2026-08-04T16:28:26.648Z,241.98
2026-08-04T16:28:41.849Z,241.98
2026-08-04T16:28:56.846Z,243.53
2026-08-04T16:29:16.878Z,243.53
2026-08-04T16:29:32.045Z,243.53
2026-08-04T16:29:47.102Z,246.81
2026-08-04T16:30:08.95Z,246.81
2026-08-04T16:30:17.517Z,240.1
2026-08-04T16:30:32.315Z,240.1
2026-08-04T16:30:47.387Z,240.1
2026-08-04T16:31:03.028Z,240.1
2026-08-04T16:31:22.543Z,209.06
2026-08-04T16:31:37.627Z,197.02
2026-08-04T16:31:52.712Z,197.02
2026-08-04T16:32:07Z,177.86
2026-08-04T16:32:07.772Z,177.86
2026-08-04T16:32:22.842Z,177.86
2026-08-04T16:32:42.956Z,167.56
2026-08-04T16:32:58.021Z,167.56
2026-08-04T16:33:18.093Z,165.56
2026-08-04T16:33:34.53Z,165.56
2026-08-04T16:33:48.225Z,165.56
2026-08-04T16:34:03.351Z,161.5
2026-08-04T16:34:18.423Z,161.5
2026-08-04T16:34:33.465Z,160.17
2026-08-04T16:34:48.545Z,160.17
2026-08-04T16:35:12.368Z,160.17
2026-08-04T16:35:24.267Z,160.17
2026-08-04T16:35:43.803Z,155.61
2026-08-04T16:35:58.861Z,155.61
2026-08-04T16:36:19.557Z,154.22
2026-08-04T16:36:34.353Z,154.22
2026-08-04T16:36:54.172Z,153.78
2026-08-04T16:37:08Z,152.49
2026-08-04T16:37:09.22Z,152.49
2026-08-04T16:37:29.283Z,152.49
2026-08-04T16:37:44.371Z,152.49
2026-08-04T16:37:59.423Z,151.47
2026-08-04T16:38:15.778Z,151.68
2026-08-04T16:38:30.18Z,151.68
2026-08-04T16:38:44.645Z,151.68
2026-08-04T16:38:59.765Z,150.32
2026-08-04T16:39:15.16Z,149.37
2026-08-04T16:39:30.312Z,149.37
2026-08-04T16:39:44.964Z,149.37
2026-08-04T16:40:00.03Z,148.96
2026-08-04T16:40:15.088Z,148.8
2026-08-04T16:40:30.571Z,148.8
2026-08-04T16:40:45.246Z,148.8
2026-08-04T16:41:00.297Z,148.8
2026-08-04T16:41:15.456Z,148.68
2026-08-04T16:41:31.813Z,148.68
2026-08-04T16:41:50.613Z,148.94
2026-08-04T16:42:05.706Z,149.0
2026-08-04T16:42:20Z,149.0
2026-08-04T16:42:20.748Z,149.0
2026-08-04T16:42:35.853Z,149.0
2026-08-04T16:42:55.917Z,149.0
2026-08-04T16:43:11.005Z,151.16
2026-08-04T16:43:26.091Z,151.16
2026-08-04T16:43:46.128Z,154.16
2026-08-04T16:44:02.858Z,154.16
2026-08-04T16:44:16.372Z,181.33
2026-08-04T16:44:36.433Z,181.33
2026-08-04T16:44:51.499Z,181.33
2026-08-04T16:45:11.719Z,181.33
2026-08-04T16:45:26.689Z,331.2
2026-08-04T16:45:42.435Z,331.2
2026-08-04T16:46:03.039Z,369.39
2026-08-04T16:46:21.908Z,422.96
2026-08-04T16:46:43.549Z,422.96
2026-08-04T16:46:57.174Z,435.16
2026-08-04T16:47:11Z,435.16
2026-08-04T16:47:12.242Z,435.16
2026-08-04T16:47:27.323Z,435.16
2026-08-04T16:47:42.401Z,395.15
2026-08-04T16:47:57.476Z,395.15
2026-08-04T16:48:12.531Z,395.15
2026-08-04T16:48:27.626Z,395.15
2026-08-04T16:48:47.695Z,335.48
2026-08-04T16:49:02.786Z,335.48
2026-08-04T16:49:22.854Z,335.48
2026-08-04T16:49:37.925Z,306.63
2026-08-04T16:49:58.033Z,306.63
2026-08-04T16:50:18.092Z,279.72
2026-08-04T16:50:33.184Z,279.72
2026-08-04T16:50:54.273Z,279.72
2026-08-04T16:51:08.535Z,294.27
2026-08-04T16:51:28.376Z,305.66
2026-08-04T16:51:43.458Z,305.66
2026-08-04T16:51:58.549Z,319.06
2026-08-04T16:52:18Z,319.06
2026-08-04T16:52:18.622Z,319.06
2026-08-04T16:52:38.678Z,319.06
2026-08-04T16:52:58.781Z,319.06
2026-08-04T16:53:14.028Z,319.06
2026-08-04T16:53:29.122Z,374.71
2026-08-04T16:53:44.862Z,354.68
2026-08-04T16:54:04.292Z,354.68
2026-08-04T16:54:19.324Z,354.68
2026-08-04T16:54:39.402Z,311.17
2026-08-04T16:54:54.464Z,311.17
2026-08-04T16:55:15.441Z,264.04
2026-08-04T16:55:29.615Z,264.04
2026-08-04T16:55:49.693Z,249.19
2026-08-04T16:56:04.767Z,249.19
2026-08-04T16:56:24.942Z,249.19
2026-08-04T16:56:39.903Z,249.19
2026-08-04T16:56:54.978Z,238.83
2026-08-04T16:57:11.78Z,248.94
2026-08-04T16:57:24Z,248.94
2026-08-04T16:57:25.13Z,248.94
2026-08-04T16:57:40.337Z,265.85
2026-08-04T16:57:55.421Z,265.85
2026-08-04T16:58:10.497Z,272.57
2026-08-04T16:58:25.577Z,272.57
2026-08-04T16:58:40.659Z,274.64
2026-08-04T16:59:04.178Z,271.54
2026-08-04T16:59:15.865Z,271.54
2026-08-04T16:59:30.939Z,271.54
2026-08-04T16:59:46.055Z,271.54
2026-08-04T17:00:11.543Z,271.54
2026-08-04T17:00:16.143Z,240.68
2026-08-04T17:00:31.238Z,221.98
2026-08-04T17:00:46.449Z,221.98
2026-08-04T17:01:03.433Z,221.98
2026-08-04T17:01:16.535Z,221.98
2026-08-04T17:01:31.635Z,161.5
2026-08-04T17:01:46.721Z,161.5
2026-08-04T17:02:02.793Z,161.5
2026-08-04T17:02:21Z,151.23
2026-08-04T17:02:22.179Z,151.23
2026-08-04T17:02:36.961Z,148.06
2026-08-04T17:02:54.602Z,146.3
2026-08-04T17:03:12.662Z,146.3
2026-08-04T17:03:27.152Z,140.67
2026-08-04T17:03:42.25Z,140.67
2026-08-04T17:03:57.339Z,135.82
2026-08-04T17:04:12.424Z,135.82
2026-08-04T17:04:27.482Z,135.82
2026-08-04T17:04:42.573Z,131.94
2026-08-04T17:05:12.573Z,129.34
2026-08-04T17:05:22.723Z,129.34
2026-08-04T17:05:37.86Z,129.34
2026-08-04T17:05:52.912Z,123.95
2026-08-04T17:06:07.95Z,123.95
2026-08-04T17:06:23.275Z,123.95
2026-08-04T17:06:38.159Z,122.67
2026-08-04T17:06:53.606Z,122.86
2026-08-04T17:07:13.313Z,122.86
2026-08-04T17:07:27Z,122.86
2026-08-04T17:07:28.79Z,122.86
2026-08-04T17:07:43.422Z,122.86
2026-08-04T17:07:58.511Z,121.44
2026-08-04T17:08:13.587Z,121.44
2026-08-04T17:08:28.725Z,120.2
2026-08-04T17:08:43.713Z,120.2
2026-08-04T17:09:04.528Z,119.81
2026-08-04T17:09:18.864Z,119.81
2026-08-04T17:09:33.951Z,119.16
2026-08-04T17:09:49.085Z,119.16
2026-08-04T17:10:09.802Z,119.16
2026-08-04T17:10:19.215Z,119.16
2026-08-04T17:10:40.093Z,117.09
2026-08-04T17:10:54.329Z,117.09
2026-08-04T17:11:14.429Z,117.09
2026-08-04T17:11:29.529Z,115.44
2026-08-04T17:11:44.614Z,115.44
2026-08-04T17:11:59.676Z,114.1
2026-08-04T17:12:14Z,114.1
2026-08-04T17:12:14.754Z,114.1
2026-08-04T17:12:35.595Z,113.08
2026-08-04T17:12:54.883Z,113.08
2026-08-04T17:13:09.969Z,112.78
2026-08-04T17:13:25.043Z,112.27
2026-08-04T17:13:45.177Z,112.27
2026-08-04T17:14:00.309Z,111.82
2026-08-04T17:14:15.331Z,111.82
2026-08-04T17:14:30.671Z,111.82
2026-08-04T17:14:50.471Z,111.35
2026-08-04T17:15:13.253Z,111.05
2026-08-04T17:15:30.606Z,111.05
2026-08-04T17:15:45.692Z,111.05
2026-08-04T17:16:02.617Z,110.58
2026-08-04T17:16:15.868Z,110.58
2026-08-04T17:16:30.928Z,109.98
2026-08-04T17:16:46.003Z,109.98
2026-08-04T17:17:03.069Z,109.98
2026-08-04T17:17:20Z,109.98
2026-08-04T17:17:21.196Z,109.98
2026-08-04T17:17:36.771Z,109.52
2026-08-04T17:17:51.354Z,109.52
2026-08-04T17:18:11.41Z,108.64
2026-08-04T17:18:26.995Z,108.64
2026-08-04T17:18:42.108Z,108.64
2026-08-04T17:18:56.721Z,108.64
2026-08-04T17:19:11.817Z,108.04
2026-08-04T17:19:26.89Z,108.04
2026-08-04T17:19:42.741Z,108.04
2026-08-04T17:19:57.08Z,108.04
2026-08-04T17:20:13.245Z,108.16
2026-08-04T17:20:27.251Z,108.16
2026-08-04T17:20:42.294Z,108.16
2026-08-04T17:20:57.36Z,107.97
2026-08-04T17:21:12.429Z,107.97
2026-08-04T17:21:27.492Z,107.76
2026-08-04T17:21:42.589Z,107.76
2026-08-04T17:21:57.657Z,107.76
2026-08-04T17:22:15.961Z,106.71
2026-08-04T17:22:27Z,106.71
2026-08-04T17:22:27.826Z,106.71
2026-08-04T17:22:43.097Z,106.71
2026-08-04T17:22:57.995Z,106.71
2026-08-04T17:23:18.052Z,106.71
2026-08-04T17:23:33.235Z,105.93
2026-08-04T17:23:48.262Z,105.93
2026-08-04T17:24:03.337Z,106.08
2026-08-04T17:24:18.419Z,106.08
2026-08-04T17:24:33.503Z,106.08
2026-08-04T17:24:48.561Z,106.08
2026-08-04T17:25:11.569Z,100.88
2026-08-04T17:25:19.038Z,100.88
2026-08-04T17:25:38.806Z,102.2
2026-08-04T17:25:54.21Z,101.7
2026-08-04T17:26:09.156Z,101.7
2026-08-04T17:26:24.202Z,101.7
2026-08-04T17:26:39.267Z,99.98
2026-08-04T17:26:54.335Z,98.46
2026-08-04T17:27:09.75Z,98.46
2026-08-04T17:27:24Z,98.46
2026-08-04T17:27:24.564Z,98.46
2026-08-04T17:27:39.638Z,99.24
2026-08-04T17:27:54.848Z,99.24
2026-08-04T17:28:11.059Z,99.24
2026-08-04T17:28:29.923Z,98.88
2026-08-04T17:28:44.98Z,98.88
2026-08-04T17:29:00.084Z,98.88
2026-08-04T17:29:16.516Z,98.88
2026-08-04T17:29:35.218Z,98.69
2026-08-04T17:29:50.352Z,98.69
2026-08-04T17:30:11.446Z,98.69
2026-08-04T17:30:25.477Z,98.12
2026-08-04T17:30:40.495Z,98.12
2026-08-04T17:30:55.595Z,98.12
2026-08-04T17:31:10.714Z,97.22
2026-08-04T17:31:25.768Z,97.22
2026-08-04T17:31:46.086Z,97.22
2026-08-04T17:32:02.856Z,96.31
2026-08-04T17:32:15.995Z,96.31
2026-08-04T17:32:30Z,96.24
2026-08-04T17:32:31.076Z,96.24
2026-08-04T17:32:46.147Z,96.24
2026-08-04T17:33:02.621Z,96.24
2026-08-04T17:33:16.309Z,96.24
2026-08-04T17:33:36.388Z,96.24
2026-08-04T17:33:51.475Z,96.24
2026-08-04T17:34:06.554Z,95.12
2026-08-04T17:34:21.621Z,95.12
2026-08-04T17:34:36.722Z,94.56
2026-08-04T17:34:56.758Z,94.56
2026-08-04T17:35:12.932Z,94.56
2026-08-04T17:35:27.044Z,93.85
2026-08-04T17:35:47.116Z,93.85
2026-08-04T17:36:03.323Z,93.53
2026-08-04T17:36:22.847Z,93.53
2026-08-04T17:36:37.44Z,93.37
2026-08-04T17:36:52.536Z,93.37
2026-08-04T17:37:08.322Z,93.63
2026-08-04T17:37:22Z,93.63
2026-08-04T17:37:22.647Z,93.63
2026-08-04T17:37:42.721Z,93.63
2026-08-04T17:37:58.113Z,94.23
2026-08-04T17:38:12.9Z,94.23
2026-08-04T17:38:28.086Z,94.01
2026-08-04T17:38:43.127Z,94.01
2026-08-04T17:38:58.234Z,93.79
2026-08-04T17:39:13.581Z,93.79
2026-08-04T17:39:28.347Z,93.79
2026-08-04T17:39:43.44Z,93.79
2026-08-04T17:39:58.519Z,92.51
2026-08-04T17:40:18.588Z,92.51
2026-08-04T17:40:33.668Z,91.9
2026-08-04T17:40:48.747Z,91.9
2026-08-04T17:41:04.265Z,91.9
2026-08-04T17:41:18.875Z,90.84
2026-08-04T17:41:38.962Z,90.84
2026-08-04T17:41:59.108Z,89.25
2026-08-04T17:42:14.113Z,89.25
2026-08-04T17:42:28Z,89.25
2026-08-04T17:42:29.171Z,89.25
2026-08-04T17:42:49.292Z,89.25
2026-08-04T17:43:04.425Z,88.31
2026-08-04T17:43:19.463Z,88.31
2026-08-04T17:43:34.785Z,88.31
2026-08-04T17:43:49.647Z,88.31
2026-08-04T17:44:04.729Z,87.66
2026-08-04T17:44:19.834Z,87.17
2026-08-04T17:44:34.883Z,87.17
2026-08-04T17:44:49.972Z,86.38
2026-08-04T17:45:12.305Z,86.38
2026-08-04T17:45:25.36Z,85.61
2026-08-04T17:45:45.236Z,85.61
2026-08-04T17:46:05.288Z,85.0
2026-08-04T17:46:20.397Z,85.0
2026-08-04T17:46:35.943Z,85.0
2026-08-04T17:46:50.494Z,84.09
2026-08-04T17:47:05.586Z,84.09
2026-08-04T17:47:20.695Z,84.09
2026-08-04T17:47:40Z,83.55
2026-08-04T17:47:40.751Z,83.55
2026-08-04T17:48:02.691Z,83.55
2026-08-04T17:48:15.963Z,83.97
2026-08-04T17:48:31.053Z,83.97
2026-08-04T17:48:46.144Z,83.97
2026-08-04T17:49:02.602Z,85.1
2026-08-04T17:49:16.283Z,85.1
2026-08-04T17:49:31.356Z,86.8
2026-08-04T17:49:46.464Z,86.8
2026-08-04T17:50:08.445Z,86.8
2026-08-04T17:50:16.588Z,86.8
2026-08-04T17:50:31.656Z,86.8
2026-08-04T17:50:46.742Z,85.85
2026-08-04T17:51:02.726Z,85.85
2026-08-04T17:51:16.944Z,83.51
2026-08-04T17:51:31.996Z,83.51
2026-08-04T17:51:47.059Z,82.05
2026-08-04T17:52:02.553Z,82.05
2026-08-04T17:52:17.208Z,79.86
2026-08-04T17:52:31Z,79.86
2026-08-04T17:52:32.305Z,79.86
2026-08-04T17:52:47.378Z,79.86
2026-08-04T17:53:07.457Z,77.47
2026-08-04T17:53:27.528Z,77.47
2026-08-04T17:53:42.682Z,77.21
2026-08-04T17:53:57.739Z,77.21
2026-08-04T17:54:13.126Z,77.04
2026-08-04T17:54:28.666Z,77.04
2026-08-04T17:54:43.066Z,76.3
2026-08-04T17:54:58.118Z,76.3
2026-08-04T17:55:13.241Z,76.3
2026-08-04T17:55:34.086Z,76.3
2026-08-04T17:55:48.542Z,75.23
2026-08-04T17:56:03.618Z,75.23
2026-08-04T17:56:18.74Z,75.23
2026-08-04T17:56:39.385Z,74.37
2026-08-04T17:56:58.863Z,74.05
2026-08-04T17:57:13.954Z,74.05
2026-08-04T17:57:29.024Z,74.05
2026-08-04T17:57:43Z,73.57
2026-08-04T17:57:44.652Z,73.57
2026-08-04T17:57:59.228Z,73.57
2026-08-04T17:58:14.261Z,73.45
2026-08-04T17:58:29.332Z,73.45
2026-08-04T17:58:44.779Z,73.45
2026-08-04T17:59:05.129Z,74.62
2026-08-04T17:59:19.561Z,74.62
2026-08-04T17:59:39.681Z,77.18
2026-08-04T17:59:59.682Z,77.18
2026-08-04T18:00:14.778Z,78.69
2026-08-04T18:00:29.845Z,78.69
2026-08-04T18:00:44.955Z,78.69
2026-08-04T18:01:00.09Z,83.46
2026-08-04T18:01:15.706Z,83.46
2026-08-04T18:01:30.39Z,83.46
2026-08-04T18:01:50.298Z,84.03
2026-08-04T18:02:06.06Z,84.03
2026-08-04T18:02:20.955Z,83.69
2026-08-04T18:02:40Z,83.15
2026-08-04T18:02:40.59Z,83.15
2026-08-04T18:02:55.725Z,83.15
2026-08-04T18:03:11.264Z,83.15
2026-08-04T18:03:30.998Z,83.27
2026-08-04T18:03:51.087Z,83.27
2026-08-04T18:04:07.34Z,83.18
2026-08-04T18:04:21.232Z,83.18
2026-08-04T18:04:36.347Z,84.35
2026-08-04T18:04:52.11Z,84.35
2026-08-04T18:05:12.343Z,86.42
2026-08-04T18:05:21.628Z,86.42
2026-08-04T18:05:36.727Z,85.49
2026-08-04T18:05:51.748Z,85.49
2026-08-04T18:06:06.831Z,80.26
2026-08-04T18:06:26.926Z,80.26
2026-08-04T18:06:41.982Z,80.26
2026-08-04T18:07:02.888Z,71.02
2026-08-04T18:07:17.156Z,71.02
2026-08-04T18:07:31Z,62.39
2026-08-04T18:07:32.247Z,62.39
2026-08-04T18:07:52.374Z,62.39
2026-08-04T18:08:08.278Z,57.1
2026-08-04T18:08:27.537Z,57.1
2026-08-04T18:08:42.642Z,57.1
2026-08-04T18:09:03.176Z,53.85
2026-08-04T18:09:18.097Z,53.85
2026-08-04T18:09:32.833Z,53.85
2026-08-04T18:09:47.947Z,52.56
2026-08-04T18:10:09.995Z,52.56
2026-08-04T18:10:23.089Z,51.03
2026-08-04T18:10:38.183Z,51.03
2026-08-04T18:10:58.24Z,49.57
2026-08-04T18:11:18.335Z,49.57
2026-08-04T18:11:33.366Z,48.78
2026-08-04T18:11:48.438Z,48.78
2026-08-04T18:12:03.528Z,48.78
2026-08-04T18:12:18.701Z,48.78
2026-08-04T18:12:33.675Z,48.78
2026-08-04T18:12:48Z,45.82
2026-08-04T18:12:48.865Z,45.82
2026-08-04T18:13:03.896Z,45.21
2026-08-04T18:13:18.997Z,45.21
2026-08-04T18:13:34.208Z,43.91
2026-08-04T18:13:49.307Z,43.91
2026-08-04T18:14:05.384Z,42.52
2026-08-04T18:14:24.577Z,42.52
2026-08-04T18:14:44.516Z,41.9
2026-08-04T18:15:12.251Z,40.61
2026-08-04T18:15:19.691Z,40.61
2026-08-04T18:15:34.744Z,39.22
2026-08-04T18:15:49.816Z,39.22
2026-08-04T18:16:04.893Z,39.22
2026-08-04T18:16:19.982Z,39.22
2026-08-04T18:16:35.459Z,37.2
2026-08-04T18:16:50.106Z,37.2
2026-08-04T18:17:05.194Z,36.6
2026-08-04T18:17:20.257Z,36.6
2026-08-04T18:17:35.359Z,36.6
2026-08-04T18:17:50Z,36.6
2026-08-04T18:17:50.471Z,36.6
2026-08-04T18:18:10.507Z,36.6
2026-08-04T18:18:25.576Z,34.3
2026-08-04T18:18:40.684Z,34.3
2026-08-04T18:19:03.228Z,34.3
2026-08-04T18:19:15.821Z,32.68
2026-08-04T18:19:35.89Z,32.68
2026-08-04T18:19:50.998Z,32.68
2026-08-04T18:20:11.139Z,32.68
2026-08-04T18:20:22.124Z,30.69
2026-08-04T18:20:41.277Z,30.69
2026-08-04T18:21:02.767Z,30.69
2026-08-04T18:21:16.423Z,29.64
2026-08-04T18:21:31.475Z,29.64
2026-08-04T18:21:46.598Z,29.64
2026-08-04T18:22:02.616Z,29.64
2026-08-04T18:22:16.748Z,28.12
2026-08-04T18:22:31.937Z,28.12
2026-08-04T18:22:46Z,28.12
2026-08-04T18:22:47.509Z,28.12
2026-08-04T18:23:03.11Z,28.12
2026-08-04T18:23:17.026Z,26.0
2026-08-04T18:23:32.089Z,26.0
2026-08-04T18:23:52.161Z,26.0
2026-08-04T18:24:07.398Z,25.0
2026-08-04T18:24:22.469Z,25.0
2026-08-04T18:24:37.577Z,25.0
2026-08-04T18:24:52.632Z,23.55
2026-08-04T18:25:13.425Z,23.16
2026-08-04T18:25:27.77Z,23.16
2026-08-04T18:25:42.85Z,23.16
2026-08-04T18:25:57.937Z,21.89
2026-08-04T18:26:12.997Z,21.89
2026-08-04T18:26:28.109Z,21.5
2026-08-04T18:26:43.215Z,21.5
2026-08-04T18:26:58.235Z,20.71
2026-08-04T18:27:13.351Z,20.71
2026-08-04T18:27:28.419Z,20.29
2026-08-04T18:27:43Z,20.29
2026-08-04T18:27:43.533Z,20.29
2026-08-04T18:27:58.582Z,20.29
2026-08-04T18:28:13.681Z,19.57
2026-08-04T18:28:28.722Z,19.23
2026-08-04T18:28:43.806Z,19.23
2026-08-04T18:28:58.885Z,19.23
2026-08-04T18:29:14.105Z,19.23
2026-08-04T18:29:34.048Z,18.08
2026-08-04T18:29:49.139Z,18.08
2026-08-04T18:30:12.226Z,17.64
2026-08-04T18:30:19.527Z,17.64
2026-08-04T18:30:34.344Z,17.48
2026-08-04T18:30:54.418Z,17.48
2026-08-04T18:31:14.469Z,17.48
2026-08-04T18:31:29.557Z,17.06
2026-08-04T18:31:44.645Z,17.06
2026-08-04T18:31:59.713Z,17.06
2026-08-04T18:32:19.798Z,16.8
2026-08-04T18:32:34.88Z,16.62
2026-08-04T18:32:49Z,16.62
2026-08-04T18:32:50.046Z,16.62
2026-08-04T18:33:05.122Z,16.62
2026-08-04T18:33:20.194Z,16.62
2026-08-04T18:33:35.247Z,16.11
2026-08-04T18:33:50.704Z,16.11
2026-08-04T18:34:05.401Z,15.97
2026-08-04T18:34:25.478Z,15.97
2026-08-04T18:34:40.541Z,15.97
2026-08-04T18:35:10.24Z,15.97
2026-08-04T18:35:15.711Z,15.57
2026-08-04T18:35:30.783Z,15.57
2026-08-04T18:35:45.899Z,15.57
2026-08-04T18:36:06.695Z,15.57
2026-08-04T18:36:21.188Z,15.57
2026-08-04T18:36:36.157Z,14.98
2026-08-04T18:36:56.232Z,14.87
2026-08-04T18:37:11.308Z,14.87
2026-08-04T18:37:31.411Z,14.87
2026-08-04T18:37:51Z,14.5
2026-08-04T18:37:51.461Z,14.5
2026-08-04T18:38:06.525Z,14.5
2026-08-04T18:38:21.595Z,14.5
2026-08-04T18:38:36.685Z,14.5
2026-08-04T18:38:51.762Z,14.15
2026-08-04T18:39:06.841Z,14.15
2026-08-04T18:39:21.923Z,13.93
2026-08-04T18:39:37.821Z,13.93
2026-08-04T18:39:52.301Z,13.75
2026-08-04T18:40:13.04Z,13.55
2026-08-04T18:40:22.465Z,13.55
2026-08-04T18:40:42.511Z,13.55
2026-08-04T18:41:02.978Z,13.29
2026-08-04T18:41:17.673Z,13.29
2026-08-04T18:41:32.769Z,13.29
2026-08-04T18:41:52.894Z,12.9
2026-08-04T18:42:07.925Z,12.9
2026-08-04T18:42:23.068Z,12.78
2026-08-04T18:42:38.071Z,12.78
2026-08-04T18:42:52Z,12.48
2026-08-04T18:42:53.18Z,12.48
2026-08-04T18:43:08.607Z,12.48
2026-08-04T18:43:23.31Z,12.19
2026-08-04T18:43:38.39Z,12.19
2026-08-04T18:43:53.436Z,12.19
2026-08-04T18:44:13.526Z,12.19
2026-08-04T18:44:28.64Z,11.79
2026-08-04T18:44:43.684Z,11.79
2026-08-04T18:44:58.793Z,11.79
2026-08-04T18:45:18.844Z,11.54
2026-08-04T18:45:33.902Z,11.54
2026-08-04T18:45:53.979Z,11.3
2026-08-04T18:46:09.513Z,11.3
2026-08-04T18:46:24.164Z,11.3
2026-08-04T18:46:39.231Z,11.3
2026-08-04T18:46:59.34Z,10.81
2026-08-04T18:47:14.396Z,10.81
2026-08-04T18:47:29.658Z,10.81
2026-08-04T18:47:49Z,10.81
2026-08-04T18:47:49.551Z,10.81
2026-08-04T18:48:09.623Z,10.44
2026-08-04T18:48:25.502Z,10.44
2026-08-04T18:48:39.777Z,10.24
2026-08-04T18:48:59.893Z,10.24
2026-08-04T18:49:14.957Z,10.24
2026-08-04T18:49:35.037Z,10.24
2026-08-04T18:49:50.096Z,10.24
2026-08-04T18:50:10.808Z,9.6
2026-08-04T18:50:20.423Z,9.6
2026-08-04T18:50:35.336Z,9.34
2026-08-04T18:50:55.401Z,9.34
2026-08-04T18:51:10.457Z,9.17
2026-08-04T18:51:25.529Z,9.17
2026-08-04T18:51:40.617Z,8.88
2026-08-04T18:51:55.794Z,8.88
2026-08-04T18:52:10.822Z,8.78
2026-08-04T18:52:26.259Z,8.78
2026-08-04T18:52:41.327Z,8.53
2026-08-04T18:52:55Z,8.39
2026-08-04T18:52:56.095Z,8.39
2026-08-04T18:53:11.129Z,8.39
2026-08-04T18:53:26.233Z,8.39
2026-08-04T18:53:41.408Z,8.13
2026-08-04T18:53:56.474Z,8.13
2026-08-04T18:54:16.559Z,7.85
2026-08-04T18:54:31.756Z,7.85
2026-08-04T18:54:51.75Z,7.74
2026-08-04T18:55:12.532Z,7.74
2026-08-04T18:55:21.843Z,7.74
2026-08-04T18:55:41.927Z,7.36
2026-08-04T18:56:02.893Z,7.36
2026-08-04T18:56:17.106Z,7.36
2026-08-04T18:56:37.412Z,7.36
2026-08-04T18:56:52.309Z,7.36
2026-08-04T18:57:07.368Z,7.36
2026-08-04T18:57:22.446Z,6.61
2026-08-04T18:57:42.527Z,6.61
2026-08-04T18:57:57Z,6.61
2026-08-04T18:57:57.68Z,6.61
2026-08-04T18:58:12.688Z,6.27
2026-08-04T18:58:32.756Z,6.27
2026-08-04T18:58:47.87Z,6.27
2026-08-04T18:59:07.897Z,6.27
2026-08-04T18:59:22.978Z,6.27
2026-08-04T18:59:38.086Z,5.74
2026-08-04T18:59:58.21Z,5.74
2026-08-04T19:00:18.216Z,5.54
2026-08-04T19:00:33.274Z,5.54
2026-08-04T19:00:48.364Z,5.3
2026-08-04T19:01:03.432Z,5.3
2026-08-04T19:01:18.656Z,5.2
2026-08-04T19:01:33.726Z,5.2
2026-08-04T19:01:48.83Z,4.99
2026-08-04T19:02:03.929Z,4.99
2026-08-04T19:02:23.993Z,4.99
2026-08-04T19:02:39.372Z,4.99
2026-08-04T19:02:53Z,4.64
2026-08-04T19:02:54.62Z,4.64
2026-08-04T19:03:09.554Z,4.64
2026-08-04T19:03:24.264Z,4.64
2026-08-04T19:03:39.351Z,4.32
2026-08-04T19:03:54.426Z,4.32
2026-08-04T19:04:09.523Z,4.32
2026-08-04T19:04:24.823Z,4.1
2026-08-04T19:04:39.904Z,4.0
2026-08-04T19:05:00.74Z,4.0
2026-08-04T19:05:15.041Z,3.81
2026-08-04T19:05:30.126Z,3.81
2026-08-04T19:05:45.203Z,3.62
2026-08-04T19:06:00.278Z,3.62
2026-08-04T19:06:15.353Z,3.62
2026-08-04T19:06:30.43Z,3.51
2026-08-04T19:06:45.597Z,3.51
2026-08-04T19:07:02.475Z,3.51
2026-08-04T19:07:16.088Z,3.15
2026-08-04T19:07:30.786Z,3.15
2026-08-04T19:07:45.86Z,3.15
2026-08-04T19:08:00Z,3.15
2026-08-04T19:08:03.012Z,3.15
2026-08-04T19:08:21.102Z,2.97
2026-08-04T19:08:41.099Z,2.88
2026-08-04T19:08:57.133Z,2.88
2026-08-04T19:09:11.316Z,2.72
2026-08-04T19:09:31.436Z,2.62
2026-08-04T19:09:47.989Z,2.62
2026-08-04T19:10:09.789Z,2.62
2026-08-04T19:10:21.631Z,2.47
2026-08-04T19:10:36.791Z,2.33
2026-08-04T19:10:52.403Z,2.33
2026-08-04T19:11:06.925Z,2.33
2026-08-04T19:11:26.986Z,2.19
2026-08-04T19:11:42.08Z,2.13
2026-08-04T19:11:57.718Z,2.13
2026-08-04T19:12:17.385Z,2.13
2026-08-04T19:12:32.481Z,1.95
2026-08-04T19:12:47.51Z,1.95
2026-08-04T19:13:07Z,1.95
2026-08-04T19:13:08.214Z,1.95
2026-08-04T19:13:22.688Z,1.78
2026-08-04T19:13:37.78Z,1.78
2026-08-04T19:13:52.832Z,1.72
2026-08-04T19:14:08.13Z,1.72
2026-08-04T19:14:22.972Z,1.72
2026-08-04T19:14:38.092Z,1.72
2026-08-04T19:14:53.58Z,1.52
2026-08-04T19:15:13.546Z,1.52
2026-08-04T19:15:28.279Z,1.52
2026-08-04T19:15:48.379Z,1.52
2026-08-04T19:16:08.433Z,1.52
2026-08-04T19:16:23.497Z,1.52
2026-08-04T19:16:38.645Z,1.52
2026-08-04T19:16:58.695Z,1.26
2026-08-04T19:17:18.762Z,1.23
2026-08-04T19:17:33.914Z,1.23
2026-08-04T19:17:48.924Z,1.18
2026-08-04T19:18:08Z,1.18
2026-08-04T19:18:10.14Z,1.18
2026-08-04T19:18:24.076Z,1.12
2026-08-04T19:18:39.154Z,1.05
2026-08-04T19:18:54.252Z,1.05
2026-08-04T19:19:09.556Z,1.01
2026-08-04T19:19:24.387Z,1.01
2026-08-04T19:19:39.463Z,1.01
2026-08-04T19:19:54.582Z,1.01
2026-08-04T19:20:09.663Z,0.92
2026-08-04T19:20:25.149Z,0.92
2026-08-04T19:20:39.742Z,0.92
2026-08-04T19:20:54.81Z,0.85
2026-08-04T19:21:14.879Z,0.81
2026-08-04T19:21:30.057Z,0.81
2026-08-04T19:21:45.87Z,0.81
2026-08-04T19:22:00.397Z,0.75
2026-08-04T19:22:20.449Z,0.75
2026-08-04T19:22:41.027Z,0.67
2026-08-04T19:22:55Z,0.67
2026-08-04T19:22:55.59Z,0.67
2026-08-04T19:23:15.765Z,0.67
2026-08-04T19:23:35.735Z,0.6
2026-08-04T19:23:51.615Z,0.6
2026-08-04T19:24:06.657Z,0.56
2026-08-04T19:24:25.993Z,0.56
2026-08-04T19:24:41.065Z,0.51
2026-08-04T19:24:56.186Z,0.51
2026-08-04T19:25:11.672Z,0.49
2026-08-04T19:25:26.32Z,0.49
2026-08-04T19:25:46.439Z,0.49
2026-08-04T19:26:03.207Z,0.49
2026-08-04T19:26:16.553Z,0.44
2026-08-04T19:26:37.652Z,0.41
2026-08-04T19:26:51.923Z,0.41
2026-08-04T19:27:11.76Z,0.41
2026-08-04T19:27:31.863Z,0.35
2026-08-04T19:27:53.089Z,0.35
2026-08-04T19:28:06Z,0.35
2026-08-04T19:28:07.125Z,0.35
2026-08-04T19:28:22.25Z,0.32
2026-08-04T19:28:42.317Z,0.32
2026-08-04T19:28:59.603Z,0.32
2026-08-04T19:29:12.462Z,0.28
2026-08-04T19:29:27.526Z,0.28
2026-08-04T19:29:42.606Z,0.24
2026-08-04T19:29:58.337Z,0.24
2026-08-04T19:30:12.768Z,0.24
2026-08-04T19:30:27.909Z,0.24
2026-08-04T19:30:48.78Z,0.24
2026-08-04T19:31:03.435Z,0.21
2026-08-04T19:31:18.118Z,0.21
2026-08-04T19:31:33.201Z,0.18
2026-08-04T19:31:48.294Z,0.18
2026-08-04T19:32:03.809Z,0.18
2026-08-04T19:32:18.414Z,0.18
2026-08-04T19:32:33.492Z,0.16
2026-08-04T19:32:53.594Z,0.16
2026-08-04T19:33:13Z,0.14
2026-08-04T19:33:13.765Z,0.14
2026-08-04T19:33:29.139Z,0.14
2026-08-04T19:33:43.798Z,0.13
2026-08-04T19:33:58.875Z,0.13
2026-08-04T19:34:14.073Z,0.11
2026-08-04T19:34:29.159Z,0.11
2026-08-04T19:34:49.208Z,0.11
2026-08-04T19:35:12.61Z,0.11
2026-08-04T19:35:24.367Z,0.09
2026-08-04T19:35:39.454Z,0.09
2026-08-04T19:35:54.844Z,0.08
2026-08-04T19:36:14.789Z,0.08
2026-08-04T19:36:29.684Z,0.08
2026-08-04T19:36:44.758Z,0.07
2026-08-04T19:36:59.845Z,0.08
2026-08-04T19:37:14.917Z,0.08
2026-08-04T19:37:35.022Z,0.08
2026-08-04T19:37:50.081Z,0.08
2026-08-04T19:38:09Z,0.08
2026-08-04T19:38:10.34Z,0.08
2026-08-04T19:38:25.275Z,0.07
2026-08-04T19:38:40.34Z,0.07
2026-08-04T19:38:55.406Z,0.07
2026-08-04T19:39:15.449Z,0.07
2026-08-04T19:39:35.529Z,0.07
2026-08-04T19:39:50.627Z,0.06
2026-08-04T19:40:09.313Z,0.06
2026-08-04T19:40:20.744Z,0.06
2026-08-04T19:40:40.821Z,0.06
2026-08-04T19:40:55.952Z,0.06
2026-08-04T19:41:11.678Z,0.04
2026-08-04T19:41:26.049Z,0.04
2026-08-04T19:41:41.146Z,0.04
2026-08-04T19:42:02.786Z,0.06
2026-08-04T19:42:16.302Z,0.06
2026-08-04T19:42:36.385Z,0.06
2026-08-04T19:42:51.438Z,0.06
2026-08-04T19:43:06Z,0.05
2026-08-04T19:43:06.852Z,0.05
2026-08-04T19:43:21.942Z,0.05
2026-08-04T19:43:42.007Z,0.06
2026-08-04T19:43:57.22Z,0.06
2026-08-04T19:44:12.165Z,0.04
2026-08-04T19:44:27.231Z,0.04
2026-08-04T19:44:42.311Z,0.04
2026-08-04T19:44:58.183Z,0.04
2026-08-04T19:45:12.96Z,0.04
2026-08-04T19:45:27.597Z,0.05
2026-08-04T19:45:42.703Z,0.05
2026-08-04T19:45:57.809Z,0.05
2026-08-04T19:46:12.874Z,0.05
2026-08-04T19:46:32.98Z,0.05
2026-08-04T19:46:49.261Z,0.04
2026-08-04T19:47:03.219Z,0.04
2026-08-04T19:47:18.265Z,0.04
2026-08-04T19:47:33.442Z,0.05
2026-08-04T19:47:50.094Z,0.05
2026-08-04T19:48:03.9Z,0.04
2026-08-04T19:48:18Z,0.04
2026-08-04T19:48:18.63Z,0.04
2026-08-04T19:48:33.698Z,0.04
2026-08-04T19:48:48.826Z,0.04
2026-08-04T19:49:03.987Z,0.04
2026-08-04T19:49:23.994Z,0.04
2026-08-04T19:49:39.089Z,0.05
2026-08-04T19:49:59.15Z,0.05
2026-08-04T19:50:14.219Z,0.03
2026-08-04T19:50:34.319Z,0.03
2026-08-04T19:50:49.441Z,0.04
2026-08-04T19:51:04.515Z,0.04
2026-08-04T19:51:24.558Z,0.04
2026-08-04T19:51:39.651Z,0.04
2026-08-04T19:51:59.728Z,0.04
2026-08-04T19:52:19.867Z,0.04
2026-08-04T19:52:35.114Z,0.04
2026-08-04T19:52:54.986Z,0.04
2026-08-04T19:53:09Z,0.04
2026-08-04T19:53:10.055Z,0.04
2026-08-04T19:53:25.139Z,0.04
2026-08-04T19:53:45.186Z,0.04
2026-08-04T19:54:00.254Z,0.04
2026-08-04T19:54:15.341Z,0.04
2026-08-04T19:54:35.393Z,0.04
2026-08-04T19:54:50.489Z,0.04
2026-08-04T19:55:10.59Z,0.04
2026-08-04T19:55:25.738Z,0.03
2026-08-04T19:55:40.805Z,0.03
2026-08-04T19:56:02.891Z,0.04
2026-08-04T19:56:15.932Z,0.04
2026-08-04T19:56:31.021Z,0.04
2026-08-04T19:56:46.077Z,0.04
2026-08-04T19:57:02.588Z,0.04
2026-08-04T19:57:16.216Z,0.04
2026-08-04T19:57:31.307Z,0.04
2026-08-04T19:57:51.391Z,0.04
2026-08-04T19:58:06Z,0.04
2026-08-04T19:58:06.496Z,0.04
2026-08-04T19:58:26.648Z,0.05
2026-08-04T19:58:42.262Z,0.05
2026-08-04T19:58:56.715Z,0.04
2026-08-04T19:59:11.775Z,0.04
2026-08-04T19:59:26.881Z,0.04
2026-08-04T19:59:41.972Z,0.04
2026-08-04T20:00:14.275Z,0.03
2026-08-04T20:00:18.783Z,0.03
2026-08-04T20:00:37.811Z,0.05
2026-08-04T20:00:57.314Z,0.05
2026-08-04T20:01:12.377Z,0.05
2026-08-04T20:01:32.414Z,0.05
2026-08-04T20:01:47.482Z,0.05
2026-08-04T20:02:03.407Z,0.03
2026-08-04T20:02:17.642Z,0.03
2026-08-04T20:02:37.88Z,0.04
2026-08-04T20:02:52.839Z,0.04
2026-08-04T20:03:07.896Z,0.04
2026-08-04T20:03:22Z,0.04
2026-08-04T20:03:22.977Z,0.04
2026-08-04T20:03:38.458Z,0.04
2026-08-04T20:03:58.146Z,0.04
2026-08-04T20:04:18.225Z,0.04
2026-08-04T20:04:33.287Z,0.04
2026-08-04T20:04:48.373Z,0.03
2026-08-04T20:05:10.71Z,0.03
2026-08-04T20:05:23.624Z,0.03
2026-08-04T20:05:43.664Z,0.03
2026-08-04T20:05:59.097Z,0.03
2026-08-04T20:06:13.848Z,0.04
2026-08-04T20:06:29.479Z,0.04
2026-08-04T20:06:43.988Z,0.03
2026-08-04T20:06:59.17Z,0.03
2026-08-04T20:07:14.41Z,0.04
2026-08-04T20:07:34.473Z,0.04
2026-08-04T20:07:49.544Z,0.04
2026-08-04T20:08:04.778Z,0.04
2026-08-04T20:08:19Z,0.04
2026-08-04T20:08:19.869Z,0.04
2026-08-04T20:08:34.917Z,0.04
2026-08-04T20:08:49.996Z,0.04
2026-08-04T20:09:05.352Z,0.04
2026-08-04T20:09:20.202Z,0.05
2026-08-04T20:09:36.157Z,0.05
2026-08-04T20:09:50.318Z,0.03
2026-08-04T20:10:12.788Z,0.03
2026-08-04T20:10:25.466Z,0.05
2026-08-04T20:10:40.535Z,0.05
2026-08-04T20:11:00.623Z,0.04
2026-08-04T20:11:15.695Z,0.04
2026-08-04T20:11:30.763Z,0.04
2026-08-04T20:11:48.703Z,0.04
2026-08-04T20:12:02.504Z,0.03
2026-08-04T20:12:16.024Z,0.03
2026-08-04T20:12:36.167Z,0.03
2026-08-04T20:12:51.285Z,0.04
2026-08-04T20:13:06.305Z,0.04
2026-08-04T20:13:25Z,0.03
2026-08-04T20:13:26.358Z,0.03
2026-08-04T20:13:47.435Z,0.03
2026-08-04T20:14:03.716Z,0.03
2026-08-04T20:14:21.594Z,0.03
2026-08-04T20:14:42.962Z,0.03
2026-08-04T20:14:56.732Z,0.03
2026-08-04T20:15:14.76Z,0.03
2026-08-04T20:15:31.987Z,0.03
2026-08-04T20:15:47.019Z,0.03
2026-08-04T20:16:02.863Z,0.04
2026-08-04T20:16:17.197Z,0.04
2026-08-04T20:16:32.272Z,0.03
2026-08-04T20:16:52.342Z,0.03
2026-08-04T20:17:07.407Z,0.03
2026-08-04T20:17:24.368Z,0.03
2026-08-04T20:17:37.564Z,0.03
2026-08-04T20:17:52.653Z,0.03
2026-08-04T20:18:07.733Z,0.03
2026-08-04T20:18:27Z,0.05
2026-08-04T20:18:27.8Z,0.05
2026-08-04T20:18:42.886Z,0.05
2026-08-04T20:18:57.991Z,0.03
2026-08-04T20:19:13.024Z,0.03
2026-08-04T20:19:28.12Z,0.03
2026-08-04T20:19:43.197Z,0.03
2026-08-04T20:19:58.298Z,0.03
2026-08-04T20:20:14.267Z,0.03
2026-08-04T20:20:28.461Z,0.03
2026-08-04T20:20:43.59Z,0.03
2026-08-04T20:20:58.684Z,0.03
2026-08-04T20:21:13.789Z,0.03
2026-08-04T20:21:28.814Z,0.03
2026-08-04T20:21:43.926Z,0.03
2026-08-04T20:22:03.998Z,0.03
2026-08-04T20:22:19.056Z,0.05
2026-08-04T20:22:39.152Z,0.04
2026-08-04T20:22:54.224Z,0.04
2026-08-04T20:23:09.281Z,0.04
2026-08-04T20:23:23Z,0.04
2026-08-04T20:23:24.377Z,0.04
2026-08-04T20:23:39.98Z,0.04
2026-08-04T20:23:54.911Z,0.04
2026-08-04T20:24:14.657Z,0.04
2026-08-04T20:24:34.73Z,0.04
2026-08-04T20:24:49.805Z,0.04
2026-08-04T20:25:11.722Z,0.04
2026-08-04T20:25:25.104Z,0.02
2026-08-04T20:25:40.102Z,0.02
2026-08-04T20:25:55.156Z,0.02
2026-08-04T20:26:10.291Z,0.03
2026-08-04T20:26:30.309Z,0.03
2026-08-04T20:26:45.391Z,0.03
2026-08-04T20:27:00.479Z,0.04
2026-08-04T20:27:15.529Z,0.04
2026-08-04T20:27:30.687Z,0.04
2026-08-04T20:27:46.336Z,0.04
2026-08-04T20:28:05.852Z,0.03
2026-08-04T20:28:20Z,0.03
2026-08-04T20:28:20.949Z,0.03
2026-08-04T20:28:36.015Z,0.03
2026-08-04T20:28:51.311Z,0.03
2026-08-04T20:29:06.163Z,0.03
2026-08-04T20:29:21.262Z,0.03
2026-08-04T20:29:36.346Z,0.03
2026-08-04T20:29:51.434Z,0.03
2026-08-04T20:30:11.16Z,0.04
2026-08-04T20:30:21.705Z,0.04
2026-08-04T20:30:41.786Z,0.02
2026-08-04T20:30:56.855Z,0.02
2026-08-04T20:31:12.524Z,0.02
2026-08-04T20:31:27.029Z,0.02
2026-08-04T20:31:42.092Z,0.02
2026-08-04T20:31:57.169Z,0.02
2026-08-04T20:32:12.281Z,0.04
2026-08-04T20:32:27.359Z,0.04
2026-08-04T20:32:42.426Z,0.04
2026-08-04T20:32:57.498Z,0.04
2026-08-04T20:33:17Z,0.04
2026-08-04T20:33:17.676Z,0.04
2026-08-04T20:33:37.651Z,0.04
2026-08-04T20:33:52.782Z,0.04
2026-08-04T20:34:07.817Z,0.04
2026-08-04T20:34:22.869Z,0.04
2026-08-04T20:34:37.996Z,0.04
2026-08-04T20:34:53.12Z,0.04
2026-08-04T20:35:13.192Z,0.04
2026-08-04T20:35:28.264Z,0.04
2026-08-04T20:35:48.346Z,0.03
2026-08-04T20:36:03.842Z,0.03
2026-08-04T20:36:23.494Z,0.03
2026-08-04T20:36:38.583Z,0.03
2026-08-04T20:36:53.663Z,0.03
2026-08-04T20:37:09.349Z,0.05
2026-08-04T20:37:23.785Z,0.05
2026-08-04T20:37:38.867Z,0.05
2026-08-04T20:37:58.977Z,0.05
2026-08-04T20:38:14.043Z,0.05
2026-08-04T20:38:28Z,0.05
2026-08-04T20:38:30.016Z,0.05
2026-08-04T20:38:44.203Z,0.04
2026-08-04T20:38:59.259Z,0.04
2026-08-04T20:39:14.409Z,0.03
2026-08-04T20:39:36.864Z,0.03
2026-08-04T20:39:49.547Z,0.03
2026-08-04T20:40:11.663Z,0.03
2026-08-04T20:40:24.695Z,0.03
2026-08-04T20:40:41.297Z,0.03
2026-08-04T20:40:59.888Z,0.05
2026-08-04T20:41:14.938Z,0.05
2026-08-04T20:41:30.078Z,0.02
2026-08-04T20:41:45.168Z,0.02
2026-08-04T20:42:00.275Z,0.04
2026-08-04T20:42:15.322Z,0.04
2026-08-04T20:42:30.406Z,0.04
2026-08-04T20:42:45.714Z,0.04
2026-08-04T20:43:05.546Z,0.05
2026-08-04T20:43:20.646Z,0.05
2026-08-04T20:43:35Z,0.05
2026-08-04T20:43:35.71Z,0.05
2026-08-04T20:43:50.806Z,0.05
2026-08-04T20:44:05.861Z,0.03
2026-08-04T20:44:21.128Z,0.03
2026-08-04T20:44:36.712Z,0.04
2026-08-04T20:44:56.151Z,0.03
2026-08-04T20:45:12.168Z,0.03
2026-08-04T20:45:26.374Z,0.03
2026-08-04T20:45:41.305Z,0.03
2026-08-04T20:45:56.375Z,0.03
2026-08-04T20:46:12.678Z,0.03
2026-08-04T20:46:26.51Z,0.03
2026-08-04T20:46:41.63Z,0.03
2026-08-04T20:46:56.729Z,0.03
2026-08-04T20:47:12.241Z,0.03
2026-08-04T20:47:26.864Z,0.03
2026-08-04T20:47:41.949Z,0.03
2026-08-04T20:47:57.034Z,0.04
2026-08-04T20:48:12.113Z,0.04
2026-08-04T20:48:26Z,0.04
2026-08-04T20:48:27.192Z,0.04
2026-08-04T20:48:42.277Z,0.04
2026-08-04T20:48:57.346Z,0.05
2026-08-04T20:49:17.463Z,0.05
2026-08-04T20:49:32.512Z,0.04
2026-08-04T20:49:48.67Z,0.04
2026-08-04T20:50:11.836Z,0.04
2026-08-04T20:50:17.816Z,0.04
2026-08-04T20:50:32.865Z,0.04
2026-08-04T20:50:47.969Z,0.04
2026-08-04T20:51:03.3Z,0.04
2026-08-04T20:51:18.617Z,0.04
2026-08-04T20:51:33.21Z,0.04
2026-08-04T20:51:48.28Z,0.04
2026-08-04T20:52:08.374Z,0.04
2026-08-04T20:52:23.412Z,0.04
2026-08-04T20:52:38.554Z,0.03
2026-08-04T20:52:53.597Z,0.03
2026-08-04T20:53:14.11Z,0.04
2026-08-04T20:53:28Z,0.04
2026-08-04T20:53:28.748Z,0.04
2026-08-04T20:53:43.884Z,0.03
2026-08-04T20:54:00.418Z,0.04
2026-08-04T20:54:13.936Z,0.04
2026-08-04T20:54:29.011Z,0.04
2026-08-04T20:54:49.103Z,0.04
2026-08-04T20:55:12.379Z,0.04
2026-08-04T20:55:19.259Z,0.04
2026-08-04T20:55:39.327Z,0.03
2026-08-04T20:55:54.507Z,0.03
2026-08-04T20:56:09.493Z,0.04
2026-08-04T20:56:24.571Z,0.04
2026-08-04T20:56:44.686Z,0.04
2026-08-04T20:57:04.724Z,0.04
2026-08-04T20:57:20.335Z,0.03
2026-08-04T20:57:39.854Z,0.03
2026-08-04T20:57:54.958Z,0.03
2026-08-04T20:58:10.019Z,0.04
2026-08-04T20:58:24Z,0.04
2026-08-04T20:58:25.103Z,0.04
2026-08-04T20:58:46.159Z,0.04
2026-08-04T20:59:05.808Z,0.04
2026-08-04T20:59:20.35Z,0.03
2026-08-04T20:59:35.415Z,0.03
2026-08-04T20:59:50.475Z,0.03
2026-08-04T21:00:12.77Z,0.03
2026-08-04T21:00:25.642Z,0.03
2026-08-04T21:00:40.774Z,0.03
2026-08-04T21:00:55.784Z,0.03
2026-08-04T21:01:15.876Z,0.04
2026-08-04T21:01:31.059Z,0.04
2026-08-04T21:01:51.071Z,0.05
2026-08-04T21:02:07.652Z,0.05
2026-08-04T21:02:26.21Z,0.04
2026-08-04T21:02:46.361Z,0.04
2026-08-04T21:03:02.721Z,0.04
2026-08-04T21:03:16.472Z,0.04
2026-08-04T21:03:31Z,0.04
2026-08-04T21:03:31.848Z,0.04
2026-08-04T21:03:47.145Z,0.04
2026-08-04T21:04:03.061Z,0.04
2026-08-04T21:04:16.788Z,0.04
2026-08-04T21:04:36.866Z,0.04
2026-08-04T21:04:51.948Z,0.04
2026-08-04T21:05:12.719Z,0.05
2026-08-04T21:05:22.099Z,0.03
2026-08-04T21:05:37.204Z,0.03
2026-08-04T21:05:52.414Z,0.04
2026-08-04T21:06:12.502Z,0.04
2026-08-04T21:06:27.615Z,0.04
2026-08-04T21:06:42.686Z,0.04
2026-08-04T21:07:03.252Z,0.03
2026-08-04T21:07:17.803Z,0.03
2026-08-04T21:07:37.902Z,0.03
2026-08-04T21:07:52.967Z,0.04
2026-08-04T21:08:08.044Z,0.04
2026-08-04T21:08:23.63Z,0.04
2026-08-04T21:08:37Z,0.04
2026-08-04T21:08:38.209Z,0.04
2026-08-04T21:08:53.324Z,0.04
2026-08-04T21:09:14.092Z,0.05
2026-08-04T21:09:28.471Z,0.05
2026-08-04T21:09:48.591Z,0.05
2026-08-04T21:10:10.303Z,0.04
2026-08-04T21:10:18.699Z,0.04
2026-08-04T21:10:33.874Z,0.05
2026-08-04T21:10:48.864Z,0.05
2026-08-04T21:11:04.163Z,0.05
2026-08-04T21:11:20.635Z,0.03
2026-08-04T21:11:34.233Z,0.03
2026-08-04T21:11:49.312Z,0.05
2026-08-04T21:12:09.82Z,0.03
2026-08-04T21:12:24.478Z,0.03
2026-08-04T21:12:39.545Z,0.04
2026-08-04T21:12:54.618Z,0.04
2026-08-04T21:13:09.726Z,0.04
2026-08-04T21:13:29.785Z,0.04
2026-08-04T21:13:44Z,0.04
2026-08-04T21:13:44.865Z,0.04
2026-08-04T21:14:04.927Z,0.04
2026-08-04T21:14:25.013Z,0.04
2026-08-04T21:14:40.123Z,0.03
2026-08-04T21:15:00.184Z,0.03
2026-08-04T21:15:20.265Z,0.03
2026-08-04T21:15:35.35Z,0.03
2026-08-04T21:15:50.398Z,0.03
2026-08-04T21:16:10.48Z,0.04
2026-08-04T21:16:25.638Z,0.03
2026-08-04T21:16:40.845Z,0.03
2026-08-04T21:16:55.827Z,0.03
2026-08-04T21:17:10.856Z,0.03
2026-08-04T21:17:28.464Z,0.03
2026-08-04T21:17:45.998Z,0.03
2026-08-04T21:18:06.082Z,0.04
2026-08-04T21:18:26.242Z,0.04
2026-08-04T21:18:40Z,0.04
2026-08-04T21:18:41.296Z,0.04
2026-08-04T21:18:56.44Z,0.04
2026-08-04T21:19:11.747Z,0.04
2026-08-04T21:19:27.045Z,0.04
2026-08-04T21:19:41.744Z,0.04
2026-08-04T21:19:56.856Z,0.05
2026-08-04T21:20:12.959Z,0.05
2026-08-04T21:20:26.978Z,0.05
2026-08-04T21:20:47.12Z,0.03
2026-08-04T21:21:02.665Z,0.03
2026-08-04T21:21:17.246Z,0.03
2026-08-04T21:21:32.308Z,0.03
2026-08-04T21:21:47.394Z,0.04
2026-08-04T21:22:03.219Z,0.04
2026-08-04T21:22:17.532Z,0.04
2026-08-04T21:22:32.617Z,0.04
2026-08-04T21:22:47.665Z,0.04
2026-08-04T21:23:07.758Z,0.04
2026-08-04T21:23:27.857Z,0.04
2026-08-04T21:23:42Z,0.04
2026-08-04T21:23:42.926Z,0.04
2026-08-04T21:24:03.547Z,0.03
2026-08-04T21:24:23.072Z,0.03
2026-08-04T21:24:38.156Z,0.03
2026-08-04T21:24:53.22Z,0.03
2026-08-04T21:25:12.668Z,0.03
2026-08-04T21:25:23.411Z,0.04
2026-08-04T21:25:45.143Z,0.04
2026-08-04T21:26:03.549Z,0.04
2026-08-04T21:26:18.679Z,0.04
2026-08-04T21:26:38.896Z,0.04
2026-08-04T21:26:54.023Z,0.04
2026-08-04T21:27:09.113Z,0.04
2026-08-04T21:27:29.059Z,0.04
2026-08-04T21:27:49.123Z,0.04
2026-08-04T21:28:04.199Z,0.04
2026-08-04T21:28:19.25Z,0.04
2026-08-04T21:28:34.336Z,0.05
2026-08-04T21:28:49Z,0.05
2026-08-04T21:28:49.487Z,0.05
2026-08-04T21:29:04.565Z,0.04
2026-08-04T21:29:19.631Z,0.04
2026-08-04T21:29:34.701Z,0.04
2026-08-04T21:29:54.819Z,0.04
2026-08-04T21:30:14.841Z,0.04
2026-08-04T21:30:34.96Z,0.03
2026-08-04T21:30:55.015Z,0.04
2026-08-04T21:31:10.193Z,0.04
2026-08-04T21:31:25.289Z,0.04
2026-08-04T21:31:40.36Z,0.04
2026-08-04T21:32:00.468Z,0.04
2026-08-04T21:32:15.522Z,0.04
2026-08-04T21:32:35.568Z,0.04
2026-08-04T21:32:55.92Z,0.04
2026-08-04T21:33:10.767Z,0.03
2026-08-04T21:33:25.861Z,0.03
2026-08-04T21:33:45Z,0.03
2026-08-04T21:33:45.918Z,0.03
2026-08-04T21:34:02.743Z,0.03
2026-08-04T21:34:16.052Z,0.03
2026-08-04T21:34:31.124Z,0.03
2026-08-04T21:34:51.584Z,0.04
2026-08-04T21:35:08.386Z,0.04
2026-08-04T21:35:21.387Z,0.04
2026-08-04T21:35:36.476Z,0.05
2026-08-04T21:35:51.511Z,0.04
2026-08-04T21:36:06.613Z,0.04
2026-08-04T21:36:21.736Z,0.04
2026-08-04T21:36:36.868Z,0.04
2026-08-04T21:36:56.841Z,0.04
2026-08-04T21:37:19.025Z,0.04
2026-08-04T21:37:31.972Z,0.04
2026-08-04T21:37:47.056Z,0.04
2026-08-04T21:38:04.192Z,0.03
2026-08-04T21:38:17.204Z,0.03
2026-08-04T21:38:32.403Z,0.04
2026-08-04T21:38:47Z,0.04
2026-08-04T21:38:47.522Z,0.04
2026-08-04T21:39:02.61Z,0.04
2026-08-04T21:39:17.598Z,0.04
2026-08-04T21:39:32.714Z,0.04
2026-08-04T21:39:52.816Z,0.04
2026-08-04T21:40:12.182Z,0.03
2026-08-04T21:40:27.947Z,0.03
2026-08-04T21:40:48.561Z,0.05
2026-08-04T21:41:03.101Z,0.05
2026-08-04T21:41:18.168Z,0.05
2026-08-04T21:41:33.224Z,0.04
2026-08-04T21:41:49.277Z,0.04
2026-08-04T21:42:03.418Z,0.03
2026-08-04T21:42:18.45Z,0.03
2026-08-04T21:42:38.54Z,0.03
2026-08-04T21:42:53.861Z,0.05
2026-08-04T21:43:08.69Z,0.05
2026-08-04T21:43:23.816Z,0.04
2026-08-04T21:43:38.902Z,0.04
2026-08-04T21:43:53Z,0.04
2026-08-04T21:43:54.027Z,0.04
2026-08-04T21:44:09.054Z,0.05
2026-08-04T21:44:29.145Z,0.05
2026-08-04T21:44:44.197Z,0.03
2026-08-04T21:45:12.366Z,0.03
2026-08-04T21:45:24.348Z,0.03
2026-08-04T21:45:39.446Z,0.03
2026-08-04T21:45:54.515Z,0.03
2026-08-04T21:46:09.631Z,0.03
2026-08-04T21:46:29.661Z,0.06
2026-08-04T21:46:44.731Z,0.06
2026-08-04T21:46:59.815Z,0.06
2026-08-04T21:47:14.883Z,0.06
2026-08-04T21:47:29.966Z,0.06
2026-08-04T21:47:50.036Z,0.03
2026-08-04T21:48:06.919Z,0.03
2026-08-04T21:48:20.2Z,0.04
2026-08-04T21:48:40.333Z,0.04
2026-08-04T21:48:54Z,0.04
2026-08-04T21:48:55.364Z,0.04
2026-08-04T21:49:10.465Z,0.04
2026-08-04T21:49:31.134Z,0.04
2026-08-04T21:49:45.695Z,0.04
2026-08-04T21:50:12.107Z,0.03
2026-08-04T21:50:20.848Z,0.03
2026-08-04T21:50:42.906Z,0.04
2026-08-04T21:50:56.066Z,0.04
2026-08-04T21:51:11.168Z,0.03
2026-08-04T21:51:26.2Z,0.03
2026-08-04T21:51:46.296Z,0.04
2026-08-04T21:52:02.76Z,0.04
2026-08-04T21:52:21.461Z,0.04
2026-08-04T21:52:36.552Z,0.05
2026-08-04T21:52:56.617Z,0.05
2026-08-04T21:53:11.679Z,0.03
2026-08-04T21:53:31.734Z,0.03
2026-08-04T21:53:46Z,0.03
2026-08-04T21:53:47.443Z,0.03
2026-08-04T21:54:02.836Z,0.03
2026-08-04T21:54:16.979Z,0.03
2026-08-04T21:54:32.089Z,0.03
2026-08-04T21:54:47.122Z,0.04
2026-08-04T21:55:11.887Z,0.04
2026-08-04T21:55:17.274Z,0.04
2026-08-04T21:55:32.405Z,0.04
2026-08-04T21:55:47.785Z,0.03
2026-08-04T21:56:04.007Z,0.03
2026-08-04T21:56:17.702Z,0.03
2026-08-04T21:56:32.771Z,0.04
2026-08-04T21:56:47.854Z,0.04
2026-08-04T21:57:08.538Z,0.04
2026-08-04T21:57:23.033Z,0.04
2026-08-04T21:57:38.117Z,0.04
2026-08-04T21:57:53.181Z,0.04
2026-08-04T21:58:08.261Z,0.04
2026-08-04T21:58:23.333Z,0.04
2026-08-04T21:58:43.415Z,0.03
2026-08-04T21:58:58Z,0.03
2026-08-04T21:58:58.64Z,0.03
2026-08-04T21:59:13.562Z,0.04
2026-08-04T21:59:28.662Z,0.04
2026-08-04T21:59:43.722Z,0.03
2026-08-04T21:59:58.839Z,0.03
2026-08-04T22:00:14.006Z,0.03
2026-08-04T22:00:29.342Z,0.03
2026-08-04T22:00:44.099Z,0.03
2026-08-04T22:01:04.146Z,0.03
2026-08-04T22:01:19.223Z,0.05
2026-08-04T22:01:34.312Z,0.05
2026-08-04T22:01:49.393Z,0.03
2026-08-04T22:02:04.447Z,0.03
2026-08-04T22:02:24.553Z,0.03
2026-08-04T22:02:44.596Z,0.04
2026-08-04T22:02:59.702Z,0.04
2026-08-04T22:03:14.787Z,0.04
2026-08-04T22:03:34.838Z,0.04
2026-08-04T22:03:54Z,0.05
2026-08-04T22:03:54.942Z,0.05
2026-08-04T22:04:09.991Z,0.05
2026-08-04T22:04:31.292Z,0.05
2026-08-04T22:04:50.146Z,0.05
2026-08-04T22:05:12.895Z,0.04
2026-08-04T22:05:25.359Z,0.04
2026-08-04T22:05:45.426Z,0.03
2026-08-04T22:06:00.502Z,0.03
2026-08-04T22:06:20.622Z,0.04
2026-08-04T22:06:40.661Z,0.04
2026-08-04T22:06:55.746Z,0.04
2026-08-04T22:07:15.839Z,0.04
2026-08-04T22:07:30.891Z,0.04
2026-08-04T22:07:45.997Z,0.04
2026-08-04T22:08:06.128Z,0.05
2026-08-04T22:08:21.419Z,0.05
2026-08-04T22:08:36.227Z,0.04
2026-08-04T22:08:55Z,0.04
2026-08-04T22:08:56.321Z,0.04
2026-08-04T22:09:11.388Z,0.04
2026-08-04T22:09:26.531Z,0.04
2026-08-04T22:09:41.521Z,0.04
2026-08-04T22:09:56.653Z,0.04
2026-08-04T22:10:11.705Z,0.04
2026-08-04T22:10:31.853Z,0.04
2026-08-04T22:10:46.909Z,0.04
2026-08-04T22:11:02.592Z,0.04
2026-08-04T22:11:17.05Z,0.04
2026-08-04T22:11:32.108Z,0.05
2026-08-04T22:11:52.222Z,0.04
2026-08-04T22:12:07.25Z,0.04
2026-08-04T22:12:22.354Z,0.04
2026-08-04T22:12:37.509Z,0.05
2026-08-04T22:12:52.636Z,0.04
2026-08-04T22:13:07.596Z,0.04
2026-08-04T22:13:22.671Z,0.04
2026-08-04T22:13:37.752Z,0.04
2026-08-04T22:13:57Z,0.04
2026-08-04T22:13:57.808Z,0.04
2026-08-04T22:14:19.057Z,0.04
2026-08-04T22:14:32.992Z,0.04
2026-08-04T22:14:48.048Z,0.04
2026-08-04T22:15:09.201Z,0.04
2026-08-04T22:15:18.214Z,0.05
2026-08-04T22:15:38.314Z,0.05
2026-08-04T22:15:53.371Z,0.04
2026-08-04T22:16:08.468Z,0.04
2026-08-04T22:16:23.526Z,0.04
2026-08-04T22:16:38.581Z,0.04
2026-08-04T22:16:58.675Z,0.04
2026-08-04T22:17:19.146Z,0.04
2026-08-04T22:17:33.906Z,0.04
2026-08-04T22:17:48.976Z,0.04
2026-08-04T22:18:06.774Z,0.04
2026-08-04T22:18:24.101Z,0.04
2026-08-04T22:18:39.179Z,0.03
2026-08-04T22:18:53Z,0.03
2026-08-04T22:18:54.446Z,0.03
2026-08-04T22:19:09.953Z,0.03
2026-08-04T22:19:29.423Z,0.04
2026-08-04T22:19:49.482Z,0.03
2026-08-04T22:20:12.305Z,0.03
2026-08-04T22:20:25.955Z,0.05
2026-08-04T22:20:39.742Z,0.05
2026-08-04T22:20:54.851Z,0.05
2026-08-04T22:21:09.9Z,0.03
2026-08-04T22:21:24.968Z,0.03
2026-08-04T22:21:45.08Z,0.03
2026-08-04T22:22:00.153Z,0.03
2026-08-04T22:22:16.647Z,0.04
2026-08-04T22:22:30.305Z,0.04
2026-08-04T22:22:45.539Z,0.04
2026-08-04T22:23:05.482Z,0.04
2026-08-04T22:23:20.567Z,0.04
2026-08-04T22:23:35.658Z,0.04
2026-08-04T22:23:50.735Z,0.04
2026-08-04T22:24:05Z,0.04
2026-08-04T22:24:05.817Z,0.04
2026-08-04T22:24:20.906Z,0.04
2026-08-04T22:24:36.244Z,0.04
2026-08-04T22:24:51.534Z,0.04
2026-08-04T22:25:09.93Z,0.02
2026-08-04T22:25:26.54Z,0.02
2026-08-04T22:25:41.429Z,0.05
2026-08-04T22:25:56.368Z,0.05
2026-08-04T22:26:16.441Z,0.05
2026-08-04T22:26:36.517Z,0.04
2026-08-04T22:26:52.019Z,0.04
2026-08-04T22:27:06.693Z,0.04
2026-08-04T22:27:21.76Z,0.04
2026-08-04T22:27:36.841Z,0.04
2026-08-04T22:27:51.944Z,0.04
2026-08-04T22:28:07.06Z,0.04
2026-08-04T22:28:22.1Z,0.04
2026-08-04T22:28:42.314Z,0.04
2026-08-04T22:29:01Z,0.03
2026-08-04T22:29:02.906Z,0.03
2026-08-04T22:29:22.34Z,0.04
2026-08-04T22:29:37.42Z,0.04
2026-08-04T22:29:52.52Z,0.04
2026-08-04T22:30:12.591Z,0.04
2026-08-04T22:30:22.661Z,0.04
2026-08-04T22:30:37.744Z,0.04
2026-08-04T22:30:57.982Z,0.04
2026-08-04T22:31:12.909Z,0.04
2026-08-04T22:31:33.023Z,0.04
2026-08-04T22:31:48.087Z,0.04
2026-08-04T22:32:03.893Z,0.04
2026-08-04T22:32:18.439Z,0.04
2026-08-04T22:32:38.872Z,0.04
2026-08-04T22:32:59.085Z,0.03
2026-08-04T22:33:13.938Z,0.03
2026-08-04T22:33:28.68Z,0.04
2026-08-04T22:33:44.249Z,0.04
2026-08-04T22:34:03Z,0.03
2026-08-04T22:34:03.84Z,0.03
2026-08-04T22:34:18.936Z,0.03
2026-08-04T22:34:34.01Z,0.03
2026-08-04T22:34:54.089Z,0.03
2026-08-04T22:35:14.249Z,0.03
2026-08-04T22:35:29.284Z,0.03
2026-08-04T22:35:49.324Z,0.03
2026-08-04T22:36:04.409Z,0.03
2026-08-04T22:36:19.716Z,0.03
2026-08-04T22:36:34.562Z,0.03
2026-08-04T22:36:49.588Z,0.02
2026-08-04T22:37:09.677Z,0.02
2026-08-04T22:37:24.782Z,0.04
2026-08-04T22:37:39.908Z,0.04
2026-08-04T22:37:54.965Z,0.04
2026-08-04T22:38:10.004Z,0.04
2026-08-04T22:38:25.114Z,0.04
2026-08-04T22:38:40.142Z,0.04
2026-08-04T22:38:54Z,0.04
2026-08-04T22:38:55.229Z,0.04
2026-08-04T22:39:15.444Z,0.03
2026-08-04T22:39:30.395Z,0.03
2026-08-04T22:39:50.482Z,0.04
2026-08-04T22:40:12.775Z,0.03
2026-08-04T22:40:25.612Z,0.03
2026-08-04T22:40:40.722Z,0.03
2026-08-04T22:40:55.868Z,0.03
2026-08-04T22:41:10.861Z,0.03
2026-08-04T22:41:25.92Z,0.03
2026-08-04T22:41:41.389Z,0.03
2026-08-04T22:41:56.169Z,0.03
2026-08-04T22:42:11.278Z,0.04
2026-08-04T22:42:26.353Z,0.04
2026-08-04T22:42:41.526Z,0.04
2026-08-04T22:42:56.512Z,0.04
2026-08-04T22:43:11.641Z,0.04
2026-08-04T22:43:31.691Z,0.04
2026-08-04T22:43:46.773Z,0.04
2026-08-04T22:44:06Z,0.04
2026-08-04T22:44:06.843Z,0.04
2026-08-04T22:44:21.903Z,0.03
2026-08-04T22:44:37.644Z,0.03
2026-08-04T22:44:52.088Z,0.03
2026-08-04T22:45:08.865Z,0.03
2026-08-04T22:45:22.241Z,0.03
2026-08-04T22:45:37.505Z,0.04
2026-08-04T22:45:52.955Z,0.04
2026-08-04T22:46:07.476Z,0.04
2026-08-04T22:46:22.537Z,0.04
2026-08-04T22:46:37.638Z,0.04
2026-08-04T22:46:52.706Z,0.04
2026-08-04T22:47:07.8Z,0.04
2026-08-04T22:47:22.906Z,0.04
2026-08-04T22:47:37.982Z,0.04
2026-08-04T22:47:53.049Z,0.04
2026-08-04T22:48:09.475Z,0.04
2026-08-04T22:48:23.299Z,0.04
2026-08-04T22:48:38.426Z,0.04
2026-08-04T22:48:53.447Z,0.04
2026-08-04T22:49:08Z,0.03
2026-08-04T22:49:08.679Z,0.03
2026-08-04T22:49:23.631Z,0.03
2026-08-04T22:49:38.765Z,0.03
2026-08-04T22:49:58.796Z,0.03
2026-08-04T22:50:15.867Z,0.03
2026-08-04T22:50:28.975Z,0.04
2026-08-04T22:50:43.991Z,0.04
2026-08-04T22:50:59.087Z,0.04
2026-08-04T22:51:14.176Z,0.04
2026-08-04T22:51:29.252Z,0.04
2026-08-04T22:51:49.306Z,0.04
2026-08-04T22:52:04.42Z,0.04
2026-08-04T22:52:20.013Z,0.04
2026-08-04T22:52:39.697Z,0.04
2026-08-04T22:52:59.674Z,0.03
2026-08-04T22:53:19.736Z,0.03
2026-08-04T22:53:34.833Z,0.03
2026-08-04T22:53:54.927Z,0.03
2026-08-04T22:54:09Z,0.04
2026-08-04T22:54:09.991Z,0.04
2026-08-04T22:54:30.385Z,0.04
2026-08-04T22:54:50.378Z,0.04
2026-08-04T22:55:10.922Z,0.04
2026-08-04T22:55:20.512Z,0.04
2026-08-04T22:55:40.619Z,0.04
2026-08-04T22:56:02.664Z,0.04
2026-08-04T22:56:15.721Z,0.04
2026-08-04T22:56:35.793Z,0.04
2026-08-04T22:56:55.918Z,0.04
2026-08-04T22:57:11.14Z,0.04
2026-08-04T22:57:26.232Z,0.04
2026-08-04T22:57:46.322Z,0.04
2026-08-04T22:58:02.672Z,0.04
2026-08-04T22:58:16.468Z,0.03
2026-08-04T22:58:31.561Z,0.03
2026-08-04T22:58:46.703Z,0.05
2026-08-04T22:59:06Z,0.05
2026-08-04T22:59:06.882Z,0.05
2026-08-04T22:59:21.929Z,0.05
2026-08-04T22:59:37.021Z,0.04
2026-08-04T22:59:52.079Z,0.04
2026-08-04T23:00:12.993Z,0.04
2026-08-04T23:00:22.922Z,0.04
2026-08-04T23:00:37.435Z,0.02
2026-08-04T23:00:57.515Z,0.04
2026-08-04T23:01:18.123Z,0.04
2026-08-04T23:01:32.814Z,0.05
2026-08-04T23:01:52.901Z,0.04
2026-08-04T23:02:07.983Z,0.04
2026-08-04T23:02:23.059Z,0.04
2026-08-04T23:02:38.16Z,0.04
2026-08-04T23:02:58.268Z,0.05
2026-08-04T23:03:13.774Z,0.05
2026-08-04T23:03:33.417Z,0.05
2026-08-04T23:03:53.504Z,0.03
2026-08-04T23:04:13Z,0.03
2026-08-04T23:04:13.594Z,0.03
2026-08-04T23:04:33.66Z,0.04
2026-08-04T23:04:53.797Z,0.05
2026-08-04T23:05:12.081Z,0.05
2026-08-04T23:05:23.904Z,0.05
2026-08-04T23:05:43.978Z,0.05
2026-08-04T23:05:59.06Z,0.05
2026-08-04T23:06:14.386Z,0.04
2026-08-04T23:06:34.266Z,0.04
2026-08-04T23:06:49.27Z,0.02
2026-08-04T23:07:04.414Z,0.02
2026-08-04T23:07:19.518Z,0.04
2026-08-04T23:07:39.601Z,0.04
2026-08-04T23:07:54.639Z,0.03
2026-08-04T23:08:09.897Z,0.03
2026-08-04T23:08:24.827Z,0.05
2026-08-04T23:08:39.877Z,0.04
2026-08-04T23:08:55.957Z,0.04
2026-08-04T23:09:09Z,0.04
2026-08-04T23:09:10.322Z,0.04
2026-08-04T23:09:25.396Z,0.05
2026-08-04T23:09:40.504Z,0.05
2026-08-04T23:09:55.604Z,0.05
2026-08-04T23:10:12.823Z,0.04
2026-08-04T23:10:30.865Z,0.04
2026-08-04T23:10:50.932Z,0.04
2026-08-04T23:11:06.012Z,0.04
2026-08-04T23:11:21.734Z,0.04
2026-08-04T23:11:36.214Z,0.04
2026-08-04T23:11:51.243Z,0.04
2026-08-04T23:12:06.321Z,0.05
2026-08-04T23:12:22.797Z,0.05
2026-08-04T23:12:41.489Z,0.02
2026-08-04T23:12:56.517Z,0.02
2026-08-04T23:13:16.59Z,0.02
2026-08-04T23:13:32.124Z,0.05
2026-08-04T23:13:51.85Z,0.04
2026-08-04T23:14:06Z,0.04
2026-08-04T23:14:06.92Z,0.04
2026-08-04T23:14:27.247Z,0.04
2026-08-04T23:14:42.084Z,0.05
2026-08-04T23:14:57.172Z,0.05
2026-08-04T23:15:17.267Z,0.04
2026-08-04T23:15:37.553Z,0.04
2026-08-04T23:15:52.409Z,0.04
2026-08-04T23:16:07.554Z,0.04
2026-08-04T23:16:23.076Z,0.04
2026-08-04T23:16:37.703Z,0.04
2026-08-04T23:16:57.782Z,0.04
2026-08-04T23:17:12.871Z,0.04
2026-08-04T23:17:27.96Z,0.03
2026-08-04T23:17:43.041Z,0.03
2026-08-04T23:17:58.118Z,0.03
2026-08-04T23:18:13.19Z,0.03
2026-08-04T23:18:28.281Z,0.04
2026-08-04T23:18:48.372Z,0.04
2026-08-04T23:19:08.423Z,0.04
2026-08-04T23:19:23Z,0.03
2026-08-04T23:19:23.524Z,0.03
2026-08-04T23:19:38.697Z,0.03
2026-08-04T23:19:53.663Z,0.03
2026-08-04T23:20:08.879Z,0.03
2026-08-04T23:20:28.861Z,0.03
2026-08-04T23:20:49.121Z,0.03
2026-08-04T23:21:04.096Z,0.04
2026-08-04T23:21:19.16Z,0.04
2026-08-04T23:21:34.56Z,0.04
2026-08-04T23:21:49.314Z,0.04
2026-08-04T23:22:05.899Z,0.04
2026-08-04T23:22:19.444Z,0.03
2026-08-04T23:22:34.52Z,0.03
2026-08-04T23:22:49.6Z,0.03
2026-08-04T23:23:09.714Z,0.04
2026-08-04T23:23:24.784Z,0.04
2026-08-04T23:23:44.887Z,0.04
2026-08-04T23:24:04.91Z,0.04
2026-08-04T23:24:19Z,0.03
2026-08-04T23:24:20.081Z,0.03
2026-08-04T23:24:35.17Z,0.03
2026-08-04T23:24:50.229Z,0.03
2026-08-04T23:25:10.372Z,0.03
2026-08-04T23:25:27.03Z,0.03
2026-08-04T23:25:40.496Z,0.03
2026-08-04T23:25:56.166Z,0.03
2026-08-04T23:26:10.621Z,0.03
2026-08-04T23:26:25.751Z,0.03
2026-08-04T23:26:40.781Z,0.05
2026-08-04T23:26:55.927Z,0.05
2026-08-04T23:27:10.995Z,0.03
2026-08-04T23:27:26.084Z,0.03
2026-08-04T23:27:41.147Z,0.03
2026-08-04T23:27:56.244Z,0.03
2026-08-04T23:28:11.344Z,0.03
2026-08-04T23:28:26.401Z,0.03
2026-08-04T23:28:46.495Z,0.04
2026-08-04T23:29:02.525Z,0.04
2026-08-04T23:29:16Z,0.05
2026-08-04T23:29:16.636Z,0.05
2026-08-04T23:29:31.704Z,0.05
2026-08-04T23:29:52.25Z,0.05
2026-08-04T23:30:12.239Z,0.05
2026-08-04T23:30:21.963Z,0.04
2026-08-04T23:30:37.061Z,0.04
2026-08-04T23:30:52.159Z,0.04
2026-08-04T23:31:12.188Z,0.04
2026-08-04T23:31:27.261Z,0.04
2026-08-04T23:31:42.35Z,0.04
2026-08-04T23:32:04.142Z,0.04
2026-08-04T23:32:17.832Z,0.04
2026-08-04T23:32:37.586Z,0.04
2026-08-04T23:32:52.685Z,0.04
2026-08-04T23:33:07.731Z,0.04
2026-08-04T23:33:22.84Z,0.04
2026-08-04T23:33:37.904Z,0.04
2026-08-04T23:33:57.966Z,0.04
2026-08-04T23:34:13.091Z,0.03
2026-08-04T23:34:27Z,0.03
2026-08-04T23:34:28.338Z,0.03
2026-08-04T23:34:43.809Z,0.03
2026-08-04T23:35:09.908Z,0.04
2026-08-04T23:35:18.412Z,0.04
2026-08-04T23:35:38.543Z,0.05
2026-08-04T23:35:53.593Z,0.05
2026-08-04T23:36:08.672Z,0.02
2026-08-04T23:36:23.737Z,0.02
2026-08-04T23:36:38.88Z,0.04
2026-08-04T23:36:53.912Z,0.04
2026-08-04T23:37:08.99Z,0.04
2026-08-04T23:37:24.073Z,0.04
2026-08-04T23:37:39.156Z,0.05
2026-08-04T23:37:54.223Z,0.05
2026-08-04T23:38:09.304Z,0.03
2026-08-04T23:38:24.732Z,0.03
2026-08-04T23:38:39.466Z,0.03
2026-08-04T23:38:54.564Z,0.04
2026-08-04T23:39:09.878Z,0.04
2026-08-04T23:39:24Z,0.04
2026-08-04T23:39:24.717Z,0.04
2026-08-04T23:39:39.795Z,0.03
2026-08-04T23:39:54.861Z,0.03
2026-08-04T23:40:14.978Z,0.03
2026-08-04T23:40:31.623Z,0.03
2026-08-04T23:40:45.166Z,0.03
2026-08-04T23:41:00.237Z,0.03
2026-08-04T23:41:15.309Z,0.03
2026-08-04T23:41:30.373Z,0.03
2026-08-04T23:41:50.467Z,0.04
2026-08-04T23:42:05.533Z,0.04
2026-08-04T23:42:25.628Z,0.04
2026-08-04T23:42:40.722Z,0.04
2026-08-04T23:43:02.717Z,0.02
2026-08-04T23:43:15.982Z,0.02
2026-08-04T23:43:31.098Z,0.05
2026-08-04T23:43:51.199Z,0.05
2026-08-04T23:44:11.218Z,0.04
2026-08-04T23:44:25Z,0.04
2026-08-04T23:44:26.328Z,0.04
2026-08-04T23:44:41.352Z,0.04
2026-08-04T23:44:56.479Z,0.04
2026-08-04T23:45:16.505Z,0.04
2026-08-04T23:45:31.701Z,0.04
2026-08-04T23:45:46.775Z,0.04
2026-08-04T23:46:02.709Z,0.04
2026-08-04T23:46:21.951Z,0.03
2026-08-04T23:46:37.136Z,0.03
2026-08-04T23:46:52.169Z,0.04
2026-08-04T23:47:08.445Z,0.04
2026-08-04T23:47:28.059Z,0.04
2026-08-04T23:47:42.368Z,0.04
2026-08-04T23:47:57.445Z,0.04
2026-08-04T23:48:12.551Z,0.04
2026-08-04T23:48:27.633Z,0.03
2026-08-04T23:48:47.706Z,0.03
2026-08-04T23:49:03.96Z,0.04
2026-08-04T23:49:17.885Z,0.04
2026-08-04T23:49:32Z,0.05
2026-08-04T23:49:32.975Z,0.05
2026-08-04T23:49:53.051Z,0.05
2026-08-04T23:50:11.676Z,0.05
2026-08-04T23:50:28.334Z,0.04
2026-08-04T23:50:43.279Z,0.04
2026-08-04T23:51:03.352Z,0.03
2026-08-04T23:51:18.412Z,0.03
2026-08-04T23:51:38.685Z,0.05
2026-08-04T23:51:53.605Z,0.05
2026-08-04T23:52:08.642Z,0.04
2026-08-04T23:52:23.758Z,0.04
2026-08-04T23:52:43.868Z,0.04
2026-08-04T23:52:58.886Z,0.04
2026-08-04T23:53:13.972Z,0.02
2026-08-04T23:53:29.072Z,0.02
2026-08-04T23:53:49.149Z,0.04
2026-08-04T23:54:04.253Z,0.04
2026-08-04T23:54:23Z,0.03
2026-08-04T23:54:24.314Z,0.03
2026-08-04T23:54:44.411Z,0.03
2026-08-04T23:55:12.115Z,0.03
2026-08-04T23:55:19.534Z,0.03
2026-08-04T23:55:34.62Z,0.03
2026-08-04T23:55:49.691Z,0.03
2026-08-04T23:56:04.749Z,0.03
2026-08-04T23:56:21.245Z,0.03
2026-08-04T23:56:34.94Z,0.04
2026-08-04T23:56:50.07Z,0.04
2026-08-04T23:57:05.13Z,0.04
2026-08-04T23:57:20.22Z,0.03
2026-08-04T23:57:35.255Z,0.03
2026-08-04T23:57:50.348Z,0.04
2026-08-04T23:58:12.1Z,0.04
2026-08-04T23:58:30.506Z,0.04
2026-08-04T23:58:45.568Z,0.03
2026-08-04T23:59:00.654Z,0.03
2026-08-04T23:59:20.746Z,0.04
2026-08-04T23:59:35Z,0.03
2026-08-04T23:59:38.049Z,0.03
2026-08-04T23:59:50.88Z,0.03
2026-08-05T00:00:13.154Z,0.03
2026-08-05T00:00:21.131Z,0.03
2026-08-05T00:00:36.224Z,0.05
2026-08-05T00:00:51.308Z,0.05
2026-08-05T00:01:06.422Z,0.05
2026-08-05T00:01:21.492Z,0.04
2026-08-05T00:01:36.558Z,0.04
2026-08-05T00:01:56.649Z,0.04
2026-08-05T00:02:16.698Z,0.04
2026-08-05T00:02:31.785Z,0.04
2026-08-05T00:02:46.869Z,0.04
2026-08-05T00:03:06.937Z,0.03
2026-08-05T00:03:22.017Z,0.03
2026-08-05T00:03:37.155Z,0.04
2026-08-05T00:03:52.239Z,0.04
2026-08-05T00:04:12.981Z,0.04
2026-08-05T00:04:26Z,0.04
2026-08-05T00:04:27.412Z,0.04
2026-08-05T00:04:47.445Z,0.05
2026-08-05T00:05:10.864Z,0.03
2026-08-05T00:05:17.598Z,0.03
2026-08-05T00:05:32.761Z,0.04
2026-08-05T00:05:49.85Z,0.03
2026-08-05T00:06:02.938Z,0.03
2026-08-05T00:06:17.95Z,0.03
2026-08-05T00:06:38.049Z,0.04
2026-08-05T00:06:53.127Z,0.04
2026-08-05T00:07:08.259Z,0.04
2026-08-05T00:07:28.373Z,0.05
2026-08-05T00:07:43.449Z,0.05
2026-08-05T00:08:03.683Z,0.03
2026-08-05T00:08:18.579Z,0.03
2026-08-05T00:08:33.663Z,0.03
2026-08-05T00:08:49.025Z,0.02
2026-08-05T00:09:03.861Z,0.02
2026-08-05T00:09:18.893Z,0.02
2026-08-05T00:09:33Z,0.02
2026-08-05T00:09:33.969Z,0.02
2026-08-05T00:09:49.067Z,0.02
2026-08-05T00:10:11.466Z,0.02
2026-08-05T00:10:24.18Z,0.02
2026-08-05T00:10:44.275Z,0.02
2026-08-05T00:10:59.916Z,0.02
2026-08-05T00:11:14.428Z,0.03
2026-08-05T00:11:29.507Z,0.03
2026-08-05T00:11:49.59Z,0.02
2026-08-05T00:12:04.674Z,0.02
2026-08-05T00:12:19.883Z,0.02
2026-08-05T00:12:34.849Z,0.03
2026-08-05T00:12:49.928Z,0.03
2026-08-05T00:13:05.499Z,0.04
2026-08-05T00:13:20.098Z,0.04
2026-08-05T00:13:40.166Z,0.04
2026-08-05T00:13:55.273Z,0.04
2026-08-05T00:14:10.422Z,0.04
2026-08-05T00:14:30Z,0.03
2026-08-05T00:14:30.422Z,0.03
2026-08-05T00:14:45.493Z,0.03
2026-08-05T00:15:10.333Z,0.03
2026-08-05T00:15:15.629Z,0.03
2026-08-05T00:15:36.389Z,0.03
2026-08-05T00:15:50.829Z,0.04
2026-08-05T00:16:05.892Z,0.04
2026-08-05T00:16:25.959Z,0.04
2026-08-05T00:16:41.036Z,0.04
2026-08-05T00:16:56.2Z,0.04
2026-08-05T00:17:11.206Z,0.03
2026-08-05T00:17:31.298Z,0.03
2026-08-05T00:17:46.439Z,0.03
2026-08-05T00:18:02.85Z,0.04
2026-08-05T00:18:21.56Z,0.03
2026-08-05T00:18:42.4Z,0.03
2026-08-05T00:19:02.533Z,0.04
2026-08-05T00:19:16.778Z,0.04
2026-08-05T00:19:36Z,0.04
2026-08-05T00:19:36.874Z,0.04
2026-08-05T00:19:51.95Z,0.04
2026-08-05T00:20:12.212Z,0.04
2026-08-05T00:20:22.117Z,0.04
2026-08-05T00:20:37.216Z,0.04
2026-08-05T00:20:53.055Z,0.04
2026-08-05T00:21:07.386Z,0.04
2026-08-05T00:21:22.474Z,0.04
2026-08-05T00:21:37.524Z,0.04
2026-08-05T00:21:54.154Z,0.04
2026-08-05T00:22:07.665Z,0.04
2026-08-05T00:22:22.733Z,0.04
2026-08-05T00:22:37.816Z,0.04
2026-08-05T00:22:52.902Z,0.03
2026-08-05T00:23:08.184Z,0.03
2026-08-05T00:23:23.34Z,0.03
2026-08-05T00:23:38.432Z,0.04
2026-08-05T00:23:53.457Z,0.04
2026-08-05T00:24:08.549Z,0.04
2026-08-05T00:24:23.77Z,0.04
2026-08-05T00:24:38Z,0.04
2026-08-05T00:24:38.77Z,0.04
2026-08-05T00:24:53.803Z,0.03
2026-08-05T00:25:12.146Z,0.04
2026-08-05T00:25:24.516Z,0.04
2026-08-05T00:25:39.193Z,0.04
2026-08-05T00:25:54.221Z,0.04
2026-08-05T00:26:09.308Z,0.04
2026-08-05T00:26:29.371Z,0.05
2026-08-05T00:26:44.663Z,0.03
2026-08-05T00:26:59.732Z,0.03
2026-08-05T00:27:14.808Z,0.03
2026-08-05T00:27:29.978Z,0.04
2026-08-05T00:27:45.046Z,0.04
2026-08-05T00:28:00.13Z,0.04
2026-08-05T00:28:15.194Z,0.04
2026-08-05T00:28:30.262Z,0.04
2026-08-05T00:28:45.331Z,0.03
2026-08-05T00:29:00.425Z,0.03
2026-08-05T00:29:15.51Z,0.04
2026-08-05T00:29:30Z,0.04
2026-08-05T00:29:31.293Z,0.04
2026-08-05T00:29:50.635Z,0.04
2026-08-05T00:30:11.954Z,0.04
2026-08-05T00:30:25.794Z,0.04
2026-08-05T00:30:46.167Z,0.05
2026-08-05T00:31:03.319Z,0.05
2026-08-05T00:31:16.336Z,0.05
2026-08-05T00:31:31.366Z,0.05
2026-08-05T00:31:46.424Z,0.04
2026-08-05T00:32:02.721Z,0.04
2026-08-05T00:32:16.564Z,0.04
2026-08-05T00:32:31.652Z,0.04
2026-08-05T00:32:48.473Z,0.04
2026-08-05T00:33:03.189Z,0.03
2026-08-05T00:33:16.939Z,0.03
2026-08-05T00:33:37.033Z,0.05
2026-08-05T00:33:52.521Z,0.05
2026-08-05T00:34:07.181Z,0.04
2026-08-05T00:34:22.245Z,0.04
2026-08-05T00:34:36Z,0.04
2026-08-05T00:34:37.344Z,0.04
2026-08-05T00:34:57.477Z,0.03
2026-08-05T00:35:12.479Z,0.03
2026-08-05T00:35:27.568Z,0.03
2026-08-05T00:35:42.639Z,0.04
2026-08-05T00:35:57.702Z,0.04
2026-08-05T00:36:12.794Z,0.04
2026-08-05T00:36:27.85Z,0.04
2026-08-05T00:36:42.929Z,0.04
2026-08-05T00:36:58.046Z,0.04
2026-08-05T00:37:13.091Z,0.04
2026-08-05T00:37:28.192Z,0.04
2026-08-05T00:37:43.216Z,0.04
2026-08-05T00:37:58.315Z,0.04
2026-08-05T00:38:18.939Z,0.04
2026-08-05T00:38:33.576Z,0.04
2026-08-05T00:38:53.683Z,0.03
2026-08-05T00:39:08.694Z,0.03
2026-08-05T00:39:24.451Z,0.03
2026-08-05T00:39:38Z,0.04
2026-08-05T00:39:38.847Z,0.04
2026-08-05T00:39:53.928Z,0.04
2026-08-05T00:40:14.691Z,0.04
2026-08-05T00:40:29.129Z,0.04
2026-08-05T00:40:49.154Z,0.04
2026-08-05T00:41:04.223Z,0.05
2026-08-05T00:41:19.311Z,0.05
2026-08-05T00:41:39.441Z,0.04
2026-08-05T00:41:54.516Z,0.04
2026-08-05T00:42:09.992Z,0.04
2026-08-05T00:42:30.883Z,0.03
2026-08-05T00:42:44.716Z,0.03
2026-08-05T00:42:59.782Z,0.03
2026-08-05T00:43:14.857Z,0.03
2026-08-05T00:43:29.938Z,0.03
2026-08-05T00:43:45.031Z,0.03
2026-08-05T00:44:00.094Z,0.03
2026-08-05T00:44:20.187Z,0.03
2026-08-05T00:44:35.256Z,0.03
2026-08-05T00:44:49Z,0.03
2026-08-05T00:44:51.767Z,0.03
2026-08-05T00:45:11.506Z,0.05
2026-08-05T00:45:25.494Z,0.05
2026-08-05T00:45:40.568Z,0.02
2026-08-05T00:45:55.909Z,0.02
2026-08-05T00:46:10.755Z,0.03
2026-08-05T00:46:25.8Z,0.03
2026-08-05T00:46:40.904Z,0.03
2026-08-05T00:46:55.96Z,0.03
2026-08-05T00:47:11.021Z,0.03
2026-08-05T00:47:26.135Z,0.03
2026-08-05T00:47:41.209Z,0.04
2026-08-05T00:47:56.308Z,0.04
2026-08-05T00:48:11.376Z,0.05
2026-08-05T00:48:26.504Z,0.04
2026-08-05T00:48:41.548Z,0.04
2026-08-05T00:48:56.607Z,0.03
2026-08-05T00:49:11.713Z,0.03
2026-08-05T00:49:32.23Z,0.02
2026-08-05T00:49:51Z,0.02
2026-08-05T00:49:51.863Z,0.02
2026-08-05T00:50:11.446Z,0.02
2026-08-05T00:50:22.011Z,0.02
2026-08-05T00:50:37.164Z,0.03
2026-08-05T00:50:52.425Z,0.03
2026-08-05T00:51:12.4Z,0.03
2026-08-05T00:51:27.535Z,0.03
2026-08-05T00:51:42.805Z,0.03
2026-08-05T00:52:02.816Z,0.03
2026-08-05T00:52:17.688Z,0.03
2026-08-05T00:52:37.768Z,0.03
2026-08-05T00:52:52.838Z,0.03
2026-08-05T00:53:07.919Z,0.03
2026-08-05T00:53:23.015Z,0.03
2026-08-05T00:53:38.079Z,0.03
2026-08-05T00:53:53.173Z,0.04
2026-08-05T00:54:08.329Z,0.04
2026-08-05T00:54:23.387Z,0.04
2026-08-05T00:54:43Z,0.04
2026-08-05T00:54:43.468Z,0.04
2026-08-05T00:54:58.555Z,0.04
2026-08-05T00:55:14.039Z,0.04
2026-08-05T00:55:28.767Z,0.04
2026-08-05T00:55:43.841Z,0.04
2026-08-05T00:56:03.964Z,0.04
2026-08-05T00:56:18.977Z,0.04
2026-08-05T00:56:34.041Z,0.04
2026-08-05T00:56:49.165Z,0.04
2026-08-05T00:57:04.207Z,0.04
2026-08-05T00:57:19.287Z,0.03
2026-08-05T00:57:34.386Z,0.03
2026-08-05T00:57:49.447Z,0.04
2026-08-05T00:58:04.522Z,0.04
2026-08-05T00:58:25.306Z,0.04
2026-08-05T00:58:44.674Z,0.04
2026-08-05T00:58:59.743Z,0.04
2026-08-05T00:59:14.831Z,0.04
2026-08-05T00:59:29.925Z,0.04
2026-08-05T00:59:44Z,0.04
2026-08-05T00:59:45.016Z,0.04
2026-08-05T01:00:00.392Z,0.04
2026-08-05T01:00:20.28Z,0.03
2026-08-05T01:00:35.262Z,0.03
2026-08-05T01:00:55.34Z,0.03
2026-08-05T01:01:10.41Z,0.04
2026-08-05T01:01:30.499Z,0.04
2026-08-05T01:01:45.602Z,0.03
2026-08-05T01:02:00.661Z,0.03
2026-08-05T01:02:15.707Z,0.04
2026-08-05T01:02:35.797Z,0.04
2026-08-05T01:02:51.72Z,0.03
2026-08-05T01:03:10.991Z,0.03
2026-08-05T01:03:26.078Z,0.04
2026-08-05T01:03:41.149Z,0.04
2026-08-05T01:03:56.514Z,0.04
2026-08-05T01:04:16.33Z,0.03
2026-08-05T01:04:31.386Z,0.05
2026-08-05T01:04:46Z,0.05
2026-08-05T01:04:46.454Z,0.05
2026-08-05T01:05:08.6Z,0.05
2026-08-05T01:05:22.873Z,0.05
2026-08-05T01:05:37.676Z,0.05
2026-08-05T01:05:51.758Z,0.05
2026-08-05T01:06:11.824Z,0.04
2026-08-05T01:06:26.917Z,0.04
2026-08-05T01:06:42.108Z,0.04
2026-08-05T01:06:57.168Z,0.04
2026-08-05T01:07:19.885Z,0.04
2026-08-05T01:07:37.318Z,0.04
2026-08-05T01:07:52.386Z,0.04
2026-08-05T01:08:12.514Z,0.03
2026-08-05T01:08:28.04Z,0.03
2026-08-05T01:08:47.62Z,0.04
2026-08-05T01:09:07.693Z,0.04
2026-08-05T01:09:22.883Z,0.04
2026-08-05T01:09:37.844Z,0.04
2026-08-05T01:09:52Z,0.04
2026-08-05T01:09:52.945Z,0.04
2026-08-05T01:10:08.172Z,0.04
2026-08-05T01:10:24.374Z,0.03
2026-08-05T01:10:38.741Z,0.03
2026-08-05T01:10:58.242Z,0.03
2026-08-05T01:11:18.331Z,0.04
2026-08-05T01:11:33.865Z,0.04
2026-08-05T01:11:48.491Z,0.04
2026-08-05T01:12:08.567Z,0.04
2026-08-05T01:12:23.634Z,0.04
2026-08-05T01:12:38.758Z,0.05
2026-08-05T01:12:53.873Z,0.05
2026-08-05T01:13:13.967Z,0.03
2026-08-05T01:13:28.98Z,0.03
2026-08-05T01:13:49.054Z,0.03
2026-08-05T01:14:09.186Z,0.03
2026-08-05T01:14:24.257Z,0.03
2026-08-05T01:14:40.026Z,0.03
2026-08-05T01:14:58Z,0.04
2026-08-05T01:14:59.408Z,0.04
2026-08-05T01:15:14.447Z,0.04
2026-08-05T01:15:29.56Z,0.04
2026-08-05T01:15:44.655Z,0.04
2026-08-05T01:15:59.662Z,0.03
2026-08-05T01:16:14.738Z,0.03
2026-08-05T01:16:29.824Z,0.04
2026-08-05T01:16:44.925Z,0.04
2026-08-05T01:17:00.038Z,0.04
2026-08-05T01:17:15.081Z,0.05
2026-08-05T01:17:30.172Z,0.05
2026-08-05T01:17:50.246Z,0.04
2026-08-05T01:18:06.143Z,0.04
2026-08-05T01:18:20.578Z,0.04
2026-08-05T01:18:35.647Z,0.04
2026-08-05T01:18:56.115Z,0.04
2026-08-05T01:19:10.778Z,0.04
2026-08-05T01:19:25.879Z,0.04
2026-08-05T01:19:40.938Z,0.03
2026-08-05T01:19:55Z,0.03
2026-08-05T01:19:55.993Z,0.03
2026-08-05T01:20:16.087Z,0.02
2026-08-05T01:20:31.182Z,0.02
2026-08-05T01:20:46.251Z,0.03
2026-08-05T01:21:02.879Z,0.03
2026-08-05T01:21:21.396Z,0.04
2026-08-05T01:21:36.503Z,0.04
2026-08-05T01:21:51.633Z,0.03
2026-08-05T01:22:06.659Z,0.03
2026-08-05T01:22:21.727Z,0.03
2026-08-05T01:22:41.806Z,0.03
2026-08-05T01:23:04.52Z,0.03
2026-08-05T01:23:21.96Z,0.04
2026-08-05T01:23:37.025Z,0.04
2026-08-05T01:23:52.115Z,0.04
2026-08-05T01:24:12.173Z,0.04
2026-08-05T01:24:32.262Z,0.04
2026-08-05T01:24:51Z,0.03
2026-08-05T01:24:52.406Z,0.03
2026-08-05T01:25:13.994Z,0.03
2026-08-05T01:25:22.529Z,0.03
2026-08-05T01:25:37.888Z,0.03
2026-08-05T01:25:57.985Z,0.04
2026-08-05T01:26:13.061Z,0.04
2026-08-05T01:26:33.779Z,0.04
2026-08-05T01:26:53.201Z,0.04
2026-08-05T01:27:08.257Z,0.03
2026-08-05T01:27:23.359Z,0.03
2026-08-05T01:27:38.441Z,0.03
2026-08-05T01:27:53.506Z,0.04
2026-08-05T01:28:08.595Z,0.04
2026-08-05T01:28:28.71Z,0.04
2026-08-05T01:28:45.906Z,0.03
2026-08-05T01:28:58.823Z,0.03
2026-08-05T01:29:13.924Z,0.03
2026-08-05T01:29:29.031Z,0.04
2026-08-05T01:29:44.106Z,0.04
2026-08-05T01:29:58Z,0.03
2026-08-05T01:29:59.152Z,0.03
2026-08-05T01:30:14.348Z,0.03
2026-08-05T01:30:34.279Z,0.03
2026-08-05T01:30:49.531Z,0.04
2026-08-05T01:31:04.57Z,0.04
2026-08-05T01:31:19.65Z,0.03
2026-08-05T01:31:40.048Z,0.03
2026-08-05T01:31:59.834Z,0.03
2026-08-05T01:32:14.88Z,0.03
2026-08-05T01:32:29.957Z,0.03
2026-08-05T01:32:45.03Z,0.03
2026-08-05T01:33:00.298Z,0.03
2026-08-05T01:33:20.257Z,0.03
2026-08-05T01:33:35.313Z,0.04
2026-08-05T01:33:50.403Z,0.04
2026-08-05T01:34:05.476Z,0.04
2026-08-05T01:34:20.546Z,0.04
2026-08-05T01:34:40.644Z,0.04
2026-08-05T01:35:00Z,0.03
2026-08-05T01:35:11.115Z,0.03
2026-08-05T01:35:16.735Z,0.04
2026-08-05T01:35:37.762Z,0.04
2026-08-05T01:35:50.948Z,0.03
2026-08-05T01:36:06.005Z,0.03
2026-08-05T01:36:26.08Z,0.03
2026-08-05T01:36:46.15Z,0.03
2026-08-05T01:37:02.507Z,0.04
2026-08-05T01:37:16.326Z,0.04
2026-08-05T01:37:36.488Z,0.02
2026-08-05T01:37:51.529Z,0.02
2026-08-05T01:38:11.578Z,0.02
2026-08-05T01:38:31.681Z,0.03
2026-08-05T01:38:46.751Z,0.03
2026-08-05T01:39:02.6Z,0.03
2026-08-05T01:39:21.875Z,0.03
2026-08-05T01:39:36.962Z,0.03
2026-08-05T01:39:52.021Z,0.04
2026-08-05T01:40:06Z,0.02
2026-08-05T01:40:13.601Z,0.02
2026-08-05T01:40:27.187Z,0.02
2026-08-05T01:40:42.259Z,0.02
2026-08-05T01:41:03.592Z,0.02
2026-08-05T01:41:22.398Z,0.04
2026-08-05T01:41:42.597Z,0.04
2026-08-05T01:41:57.602Z,0.04
2026-08-05T01:42:17.649Z,0.03
2026-08-05T01:42:34.322Z,0.03
2026-08-05T01:42:47.921Z,0.04
2026-08-05T01:43:08Z,0.04
2026-08-05T01:43:23.108Z,0.04
2026-08-05T01:43:38.617Z,0.03
2026-08-05T01:43:58.309Z,0.03
2026-08-05T01:44:13.384Z,0.03
2026-08-05T01:44:33.481Z,0.03
2026-08-05T01:44:48.582Z,0.03
2026-08-05T01:45:03Z,0.02
2026-08-05T01:45:10.691Z,0.02
2026-08-05T01:45:23.714Z,0.03
2026-08-05T01:45:38.817Z,0.03
2026-08-05T01:45:53.969Z,0.03
2026-08-05T01:46:09.022Z,0.04
2026-08-05T01:46:24.109Z,0.04
2026-08-05T01:46:39.259Z,0.04
2026-08-05T01:46:54.313Z,0.04
2026-08-05T01:47:09.425Z,0.04
2026-08-05T01:47:24.509Z,0.04
2026-08-05T01:47:39.578Z,0.04
2026-08-05T01:47:54.647Z,0.04
2026-08-05T01:48:10.845Z,0.04
2026-08-05T01:48:29.857Z,0.04
2026-08-05T01:48:49.919Z,0.04
2026-08-05T01:49:05.674Z,0.03
2026-08-05T01:49:21.314Z,0.03
2026-08-05T01:49:35.15Z,0.03
2026-08-05T01:49:50.232Z,0.03
2026-08-05T01:50:04Z,0.03
2026-08-05T01:50:08.44Z,0.03
2026-08-05T01:50:25.397Z,0.04
2026-08-05T01:50:45.473Z,0.04
2026-08-05T01:51:00.546Z,0.04
2026-08-05T01:51:16.011Z,0.04
2026-08-05T01:51:30.703Z,0.04
2026-08-05T01:51:45.802Z,0.04
2026-08-05T01:52:02.829Z,0.05
2026-08-05T01:52:17.186Z,0.05
2026-08-05T01:52:31.012Z,0.05
2026-08-05T01:52:46.08Z,0.05
2026-08-05T01:53:03.878Z,0.05
2026-08-05T01:53:16.248Z,0.04
2026-08-05T01:53:38.863Z,0.03
2026-08-05T01:53:51.372Z,0.03
2026-08-05T01:54:06.451Z,0.03
2026-08-05T01:54:21.538Z,0.03
2026-08-05T01:54:36.707Z,0.03
2026-08-05T01:54:51.826Z,0.04
2026-08-05T01:55:06Z,0.04
2026-08-05T01:55:10.094Z,0.04
2026-08-05T01:55:22.169Z,0.04
2026-08-05T01:55:38.078Z,0.04
2026-08-05T01:55:52.215Z,0.04
2026-08-05T01:56:12.386Z,0.04
2026-08-05T01:56:27.36Z,0.04
2026-08-05T01:56:42.431Z,0.04
2026-08-05T01:56:57.526Z,0.03
2026-08-05T01:57:14.049Z,0.05
2026-08-05T01:57:32.659Z,0.05
2026-08-05T01:57:52.733Z,0.05
2026-08-05T01:58:08.718Z,0.05
2026-08-05T01:58:22.923Z,0.03
2026-08-05T01:58:38.033Z,0.03
2026-08-05T01:58:53.07Z,0.04
2026-08-05T01:59:08.166Z,0.04
2026-08-05T01:59:28.272Z,0.04
2026-08-05T01:59:43.369Z,0.04
2026-08-05T01:59:58.439Z,0.04
2026-08-05T02:00:13Z,0.02
2026-08-05T02:00:13.557Z,0.02
2026-08-05T02:00:28.586Z,0.02
2026-08-05T02:00:43.666Z,0.02
2026-08-05T02:00:58.753Z,0.03
2026-08-05T02:01:18.84Z,0.04
2026-08-05T02:01:33.917Z,0.04
2026-08-05T02:01:48.98Z,0.04
2026-08-05T02:02:04.138Z,0.04
2026-08-05T02:02:19.246Z,0.04
2026-08-05T02:02:39.351Z,0.03
2026-08-05T02:02:54.407Z,0.03
2026-08-05T02:03:14.659Z,0.04
2026-08-05T02:03:29.609Z,0.04
2026-08-05T02:03:44.666Z,0.04
2026-08-05T02:03:59.767Z,0.04
2026-08-05T02:04:14.823Z,0.04
2026-08-05T02:04:29.968Z,0.04
2026-08-05T02:04:50.049Z,0.04
2026-08-05T02:05:09Z,0.05
2026-08-05T02:05:13.384Z,0.05
2026-08-05T02:05:25.246Z,0.05
2026-08-05T02:05:40.331Z,0.04
2026-08-05T02:05:55.336Z,0.04
2026-08-05T02:06:10.453Z,0.03
2026-08-05T02:06:25.531Z,0.03
2026-08-05T02:06:40.582Z,0.03
2026-08-05T02:06:55.707Z,0.03
2026-08-05T02:07:15.783Z,0.03
2026-08-05T02:07:35.89Z,0.04
2026-08-05T02:07:51.19Z,0.04
2026-08-05T02:08:06.008Z,0.03
2026-08-05T02:08:21.092Z,0.03
2026-08-05T02:08:41.191Z,0.04
2026-08-05T02:08:56.336Z,0.04
2026-08-05T02:09:11.397Z,0.02
2026-08-05T02:09:26.527Z,0.02
2026-08-05T02:09:41.666Z,0.02
2026-08-05T02:09:56.776Z,0.04
2026-08-05T02:10:11Z,0.04
2026-08-05T02:10:11.779Z,0.04
2026-08-05T02:10:26.859Z,0.04
2026-08-05T02:10:46.893Z,0.04
2026-08-05T02:11:02.695Z,0.04
2026-08-05T02:11:22.065Z,0.04
2026-08-05T02:11:37.148Z,0.03
2026-08-05T02:11:52.255Z,0.03
2026-08-05T02:12:07.317Z,0.04
2026-08-05T02:12:22.457Z,0.04
2026-08-05T02:12:37.516Z,0.04
2026-08-05T02:12:52.546Z,0.04
2026-08-05T02:13:07.629Z,0.04
2026-08-05T02:13:22.707Z,0.04
2026-08-05T02:13:38.564Z,0.04
2026-08-05T02:13:52.964Z,0.04
2026-08-05T02:14:08.031Z,0.04
2026-08-05T02:14:23.186Z,0.04
2026-08-05T02:14:38.28Z,0.04
2026-08-05T02:14:58.334Z,0.04
2026-08-05T02:15:12Z,0.05
2026-08-05T02:15:14.085Z,0.05
2026-08-05T02:15:33.45Z,0.05
2026-08-05T02:15:53.552Z,0.03
2026-08-05T02:16:08.601Z,0.03
2026-08-05T02:16:28.696Z,0.04
2026-08-05T02:16:43.789Z,0.04
2026-08-05T02:16:59.059Z,0.04
2026-08-05T02:17:13.938Z,0.04
2026-08-05T02:17:29.044Z,0.04
2026-08-05T02:17:44.184Z,0.03
2026-08-05T02:17:59.234Z,0.03
2026-08-05T02:18:14.33Z,0.04
2026-08-05T02:18:29.39Z,0.04
2026-08-05T02:18:44.448Z,0.04
2026-08-05T02:18:59.565Z,0.04
2026-08-05T02:19:14.677Z,0.04
2026-08-05T02:19:29.686Z,0.04
2026-08-05T02:19:44.758Z,0.04
2026-08-05T02:19:59.836Z,0.04
2026-08-05T02:20:19Z,0.04
2026-08-05T02:20:20.011Z,0.04
2026-08-05T02:20:35.066Z,0.04
2026-08-05T02:20:50.083Z,0.04
2026-08-05T02:21:10.167Z,0.04
2026-08-05T02:21:25.228Z,0.03
2026-08-05T02:21:40.807Z,0.03
2026-08-05T02:21:55.411Z,0.03
2026-08-05T02:22:15.458Z,0.04
2026-08-05T02:22:30.766Z,0.04
2026-08-05T02:22:45.667Z,0.02
2026-08-05T02:23:05.722Z,0.05
2026-08-05T02:23:26.074Z,0.05
2026-08-05T02:23:40.88Z,0.05
2026-08-05T02:23:55.972Z,0.05
2026-08-05T02:24:11.082Z,0.05
2026-08-05T02:24:31.771Z,0.03
2026-08-05T02:24:46.241Z,0.03
2026-08-05T02:25:08.952Z,0.04
2026-08-05T02:25:15Z,0.04
2026-08-05T02:25:18.349Z,0.04
2026-08-05T02:25:31.459Z,0.04
2026-08-05T02:25:46.557Z,0.04
2026-08-05T02:26:02.885Z,0.04
2026-08-05T02:26:16.688Z,0.05
2026-08-05T02:26:31.776Z,0.04
2026-08-05T02:26:46.858Z,0.04
2026-08-05T02:27:02.572Z,0.04
2026-08-05T02:27:17.03Z,0.05
2026-08-05T02:27:37.126Z,0.05
2026-08-05T02:27:52.171Z,0.04
2026-08-05T02:28:12.24Z,0.04
2026-08-05T02:28:28.213Z,0.04
2026-08-05T02:28:47.544Z,0.04
2026-08-05T02:29:03.102Z,0.04
2026-08-05T02:29:17.719Z,0.04
2026-08-05T02:29:33.053Z,0.04
2026-08-05T02:29:52.899Z,0.04
2026-08-05T02:30:07Z,0.04
2026-08-05T02:30:11.377Z,0.04
2026-08-05T02:30:28.025Z,0.04
2026-08-05T02:30:43.323Z,0.03
2026-08-05T02:30:58.203Z,0.03
2026-08-05T02:31:18.245Z,0.03
2026-08-05T02:31:33.349Z,0.02
2026-08-05T02:31:48.471Z,0.02
2026-08-05T02:32:03.93Z,0.04
2026-08-05T02:32:23.566Z,0.04
2026-08-05T02:32:38.679Z,0.04
2026-08-05T02:32:54.708Z,0.04
2026-08-05T02:33:08.936Z,0.03
2026-08-05T02:33:29.005Z,0.03
2026-08-05T02:33:44.087Z,0.03
2026-08-05T02:34:05.067Z,0.04
2026-08-05T02:34:19.331Z,0.04
2026-08-05T02:34:34.389Z,0.04
2026-08-05T02:34:54.418Z,0.04
2026-08-05T02:35:14Z,0.03
2026-08-05T02:35:14.509Z,0.03
2026-08-05T02:35:29.583Z,0.03
2026-08-05T02:35:44.68Z,0.03
2026-08-05T02:36:04.795Z,0.04
2026-08-05T02:36:19.784Z,0.04
2026-08-05T02:36:34.892Z,0.03
2026-08-05T02:36:49.922Z,0.03
2026-08-05T02:37:04.983Z,0.03
2026-08-05T02:37:20.333Z,0.03
2026-08-05T02:37:40.145Z,0.04
2026-08-05T02:38:00.242Z,0.03
2026-08-05T02:38:15.302Z,0.03
2026-08-05T02:38:35.373Z,0.04
2026-08-05T02:38:55.505Z,0.04
2026-08-05T02:39:15.597Z,0.04
2026-08-05T02:39:30.651Z,0.04
2026-08-05T02:39:50.759Z,0.04
2026-08-05T02:40:11.612Z,0.04
2026-08-05T02:40:20Z,0.04
2026-08-05T02:40:20.933Z,0.04
2026-08-05T02:40:36.038Z,0.04
2026-08-05T02:40:51.037Z,0.05
2026-08-05T02:41:06.126Z,0.05
2026-08-05T02:41:21.298Z,0.05
2026-08-05T02:41:36.305Z,0.03
2026-08-05T02:41:51.375Z,0.03
2026-08-05T02:42:06.47Z,0.03
2026-08-05T02:42:21.576Z,0.04
2026-08-05T02:42:36.861Z,0.04
2026-08-05T02:42:51.691Z,0.03
2026-08-05T02:43:06.757Z,0.03
2026-08-05T02:43:21.859Z,0.05
2026-08-05T02:43:36.921Z,0.05
2026-08-05T02:43:52.051Z,0.04
2026-08-05T02:44:07.127Z,0.04
2026-08-05T02:44:29.074Z,0.04
2026-08-05T02:44:42.326Z,0.04
2026-08-05T02:45:11.675Z,0.04
2026-08-05T02:45:17Z,0.04
2026-08-05T02:45:17.474Z,0.04
2026-08-05T02:45:33.338Z,0.04
2026-08-05T02:45:47.63Z,0.05
2026-08-05T02:46:02.993Z,0.05
2026-08-05T02:46:17.835Z,0.03
2026-08-05T02:46:32.947Z,0.03
2026-08-05T02:46:48.267Z,0.03
2026-08-05T02:47:08.068Z,0.03
2026-08-05T02:47:23.158Z,0.04
2026-08-05T02:47:38.236Z,0.03
2026-08-05T02:47:53.295Z,0.03
2026-08-05T02:48:13.371Z,0.03
2026-08-05T02:48:28.47Z,0.04
2026-08-05T02:48:43.604Z,0.04
2026-08-05T02:48:58.651Z,0.04
2026-08-05T02:49:13.772Z,0.03
2026-08-05T02:49:28.817Z,0.03
2026-08-05T02:49:48.88Z,0.04
2026-08-05T02:50:12.226Z,0.04
2026-08-05T02:50:18Z,0.05
2026-08-05T02:50:19.137Z,0.05
2026-08-05T02:50:34.247Z,0.05
2026-08-05T02:50:49.344Z,0.05
2026-08-05T02:51:04.376Z,0.05
2026-08-05T02:51:20.343Z,0.02
2026-08-05T02:51:34.511Z,0.02
2026-08-05T02:51:49.617Z,0.02
2026-08-05T02:52:06.704Z,0.04
2026-08-05T02:52:19.757Z,0.04
2026-08-05T02:52:34.867Z,0.04
2026-08-05T02:52:49.899Z,0.03
2026-08-05T02:53:04.978Z,0.02
2026-08-05T02:53:20.098Z,0.02
2026-08-05T02:53:35.422Z,0.04
2026-08-05T02:53:50.541Z,0.04
2026-08-05T02:54:05.608Z,0.04
2026-08-05T02:54:26.659Z,0.04
2026-08-05T02:54:45.783Z,0.04
2026-08-05T02:55:10.319Z,0.04
2026-08-05T02:55:15.915Z,0.04
2026-08-05T02:55:30Z,0.04
2026-08-05T02:55:31.005Z,0.04
2026-08-05T02:55:46.084Z,0.04
2026-08-05T02:56:03.085Z,0.04
2026-08-05T02:56:21.334Z,0.04
2026-08-05T02:56:36.396Z,0.04
2026-08-05T02:56:56.445Z,0.05
2026-08-05T02:57:11.528Z,0.05
2026-08-05T02:57:33.045Z,0.05
2026-08-05T02:57:51.753Z,0.03
2026-08-05T02:58:06.844Z,0.03
2026-08-05T02:58:26.908Z,0.03
2026-08-05T02:58:41.981Z,0.03
2026-08-05T02:58:57.052Z,0.04
2026-08-05T02:59:12.154Z,0.04
2026-08-05T02:59:32.235Z,0.04
2026-08-05T02:59:47.316Z,0.04
2026-08-05T03:00:12.133Z,0.04
2026-08-05T03:00:22Z,0.04
2026-08-05T03:00:22.425Z,0.04
2026-08-05T03:00:37.515Z,0.04
2026-08-05T03:00:52.586Z,0.04
2026-08-05T03:01:12.658Z,0.04
2026-08-05T03:01:32.744Z,0.04
2026-08-05T03:01:47.828Z,0.04
2026-08-05T03:02:02.912Z,0.04
2026-08-05T03:02:18.038Z,0.04
2026-08-05T03:02:33.188Z,0.03
2026-08-05T03:02:48.166Z,0.03
2026-08-05T03:03:08.221Z,0.03
2026-08-05T03:03:23.279Z,0.03
2026-08-05T03:03:38.403Z,0.03
2026-08-05T03:03:53.444Z,0.03
2026-08-05T03:04:08.535Z,0.03
2026-08-05T03:04:23.595Z,0.03
2026-08-05T03:04:39.446Z,0.03
2026-08-05T03:04:53.76Z,0.03
2026-08-05T03:05:12.721Z,0.03
2026-08-05T03:05:28Z,0.04
2026-08-05T03:05:28.897Z,0.04
2026-08-05T03:05:44.019Z,0.04
2026-08-05T03:05:59.073Z,0.04
2026-08-05T03:06:14.164Z,0.04
2026-08-05T03:06:29.234Z,0.05
2026-08-05T03:06:44.308Z,0.05
2026-08-05T03:06:59.431Z,0.05
2026-08-05T03:07:19.452Z,0.03
2026-08-05T03:07:39.533Z,0.03
2026-08-05T03:07:59.608Z,0.03
2026-08-05T03:08:14.69Z,0.03
2026-08-05T03:08:29.969Z,0.04
2026-08-05T03:08:44.879Z,0.04
2026-08-05T03:08:59.947Z,0.02
2026-08-05T03:09:15.266Z,0.02
2026-08-05T03:09:30.841Z,0.02
2026-08-05T03:09:45.355Z,0.02
2026-08-05T03:10:00.539Z,0.02
2026-08-05T03:10:15.503Z,0.04
2026-08-05T03:10:35Z,0.04
2026-08-05T03:10:36.058Z,0.04
2026-08-05T03:10:55.697Z,0.04
2026-08-05T03:11:11.367Z,0.04
2026-08-05T03:11:26.891Z,0.05
2026-08-05T03:11:40.958Z,0.04
2026-08-05T03:12:02.69Z,0.04
2026-08-05T03:12:16.129Z,0.04
2026-08-05T03:12:31.19Z,0.04
2026-08-05T03:12:46.309Z,0.04
2026-08-05T03:13:02.488Z,0.04
2026-08-05T03:13:21.431Z,0.04
2026-08-05T03:13:36.517Z,0.04
2026-08-05T03:13:51.658Z,0.03
2026-08-05T03:14:06.766Z,0.03
2026-08-05T03:14:21.815Z,0.03
2026-08-05T03:14:37.988Z,0.04
2026-08-05T03:14:52.05Z,0.04
2026-08-05T03:15:12.036Z,0.04
2026-08-05T03:15:26Z,0.03
2026-08-05T03:15:27.121Z,0.03
2026-08-05T03:15:47.202Z,0.03
2026-08-05T03:16:02.892Z,0.04
2026-08-05T03:16:17.417Z,0.04
2026-08-05T03:16:32.447Z,0.03
2026-08-05T03:16:47.551Z,0.03
2026-08-05T03:17:07.631Z,0.05
2026-08-05T03:17:22.88Z,0.03
2026-08-05T03:17:42.938Z,0.03
2026-08-05T03:18:03.142Z,0.03
2026-08-05T03:18:23.12Z,0.03
2026-08-05T03:18:43.206Z,0.03
2026-08-05T03:18:58.453Z,0.03
2026-08-05T03:19:18.607Z,0.03
2026-08-05T03:19:33.474Z,0.04
2026-08-05T03:19:48.503Z,0.04
2026-08-05T03:20:08.075Z,0.04
2026-08-05T03:20:18.645Z,0.04
2026-08-05T03:20:33Z,0.02
2026-08-05T03:20:33.8Z,0.02
2026-08-05T03:20:53.857Z,0.02
2026-08-05T03:21:13.979Z,0.02
2026-08-05T03:21:29.489Z,0.02
2026-08-05T03:21:44.107Z,0.05
2026-08-05T03:21:59.219Z,0.05
2026-08-05T03:22:14.247Z,0.03
2026-08-05T03:22:34.641Z,0.03
2026-08-05T03:22:54.436Z,0.03
2026-08-05T03:23:09.478Z,0.03
2026-08-05T03:23:24.604Z,0.03
2026-08-05T03:23:39.661Z,0.03
2026-08-05T03:23:54.761Z,0.04
2026-08-05T03:24:14.829Z,0.03
2026-08-05T03:24:34.927Z,0.03
2026-08-05T03:24:49.986Z,0.03
2026-08-05T03:25:10.052Z,0.03
2026-08-05T03:25:20.112Z,0.04
2026-08-05T03:25:34Z,0.04
2026-08-05T03:25:36.732Z,0.04
2026-08-05T03:25:50.274Z,0.05
2026-08-05T03:26:10.393Z,0.05
2026-08-05T03:26:25.442Z,0.04
2026-08-05T03:26:40.552Z,0.04
2026-08-05T03:26:55.58Z,0.04
2026-08-05T03:27:10.724Z,0.04
2026-08-05T03:27:31.061Z,0.04
2026-08-05T03:27:45.826Z,0.04
2026-08-05T03:28:02.773Z,0.04
2026-08-05T03:28:16.585Z,0.04
2026-08-05T03:28:36.112Z,0.04
2026-08-05T03:28:51.225Z,0.04
2026-08-05T03:29:06.293Z,0.04
2026-08-05T03:29:26.429Z,0.04
2026-08-05T03:29:41.404Z,0.04
2026-08-05T03:29:56.502Z,0.04
2026-08-05T03:30:16.589Z,0.04
2026-08-05T03:30:31Z,0.04
2026-08-05T03:30:31.651Z,0.04
2026-08-05T03:30:46.721Z,0.04
2026-08-05T03:31:02.543Z,0.03
2026-08-05T03:31:22.327Z,0.03
2026-08-05T03:31:37.005Z,0.03
2026-08-05T03:31:57.044Z,0.03
2026-08-05T03:32:13.242Z,0.03
2026-08-05T03:32:27.214Z,0.03
2026-08-05T03:32:42.34Z,0.03
2026-08-05T03:32:57.366Z,0.04
2026-08-05T03:33:12.459Z,0.04
2026-08-05T03:33:27.496Z,0.04
2026-08-05T03:33:42.62Z,0.04
2026-08-05T03:33:57.674Z,0.05
2026-08-05T03:34:12.757Z,0.05
2026-08-05T03:34:27.848Z,0.05
2026-08-05T03:34:47.906Z,0.03
2026-08-05T03:35:09.819Z,0.03
2026-08-05T03:35:18.053Z,0.03
2026-08-05T03:35:32Z,0.03
2026-08-05T03:35:33.14Z,0.03
2026-08-05T03:35:48.279Z,0.03
2026-08-05T03:36:08.353Z,0.03
2026-08-05T03:36:23.412Z,0.03
2026-08-05T03:36:39.08Z,0.03
2026-08-05T03:36:53.575Z,0.03
2026-08-05T03:37:08.675Z,0.03
2026-08-05T03:37:23.956Z,0.03
2026-08-05T03:37:38.958Z,0.03
2026-08-05T03:37:54.008Z,0.03
2026-08-05T03:38:14.101Z,0.03
2026-08-05T03:38:29.593Z,0.03
2026-08-05T03:38:44.246Z,0.04
2026-08-05T03:39:05.663Z,0.04
2026-08-05T03:39:24.42Z,0.04
2026-08-05T03:39:39.484Z,0.04
2026-08-05T03:39:54.56Z,0.04
2026-08-05T03:40:10.547Z,0.04
2026-08-05T03:40:29.703Z,0.04
2026-08-05T03:40:44Z,0.04
2026-08-05T03:40:44.828Z,0.04
2026-08-05T03:40:59.843Z,0.04
2026-08-05T03:41:15.294Z,0.04
2026-08-05T03:41:35.159Z,0.04
2026-08-05T03:41:50.09Z,0.04
2026-08-05T03:42:05.147Z,0.04
2026-08-05T03:42:20.233Z,0.04
2026-08-05T03:42:35.326Z,0.03
2026-08-05T03:42:55.64Z,0.03
2026-08-05T03:43:10.67Z,0.04
2026-08-05T03:43:25.755Z,0.04
2026-08-05T03:43:40.889Z,0.03
2026-08-05T03:43:55.937Z,0.03
2026-08-05T03:44:11.022Z,0.03
2026-08-05T03:44:26.096Z,0.03
2026-08-05T03:44:46.179Z,0.04
2026-08-05T03:45:10.611Z,0.04
2026-08-05T03:45:16.334Z,0.04
2026-08-05T03:45:31Z,0.04
2026-08-05T03:45:31.411Z,0.04
2026-08-05T03:45:51.517Z,0.04
2026-08-05T03:46:11.591Z,0.04
2026-08-05T03:46:26.674Z,0.04
2026-08-05T03:46:46.736Z,0.03
2026-08-05T03:47:02.472Z,0.03
2026-08-05T03:47:17.22Z,0.03
2026-08-05T03:47:31.962Z,0.03
2026-08-05T03:47:52.05Z,0.03
2026-08-05T03:48:07.11Z,0.03
2026-08-05T03:48:22.195Z,0.03
2026-08-05T03:48:37.313Z,0.03
2026-08-05T03:48:57.396Z,0.03
2026-08-05T03:49:17.399Z,0.04
2026-08-05T03:49:32.871Z,0.04
2026-08-05T03:49:48.136Z,0.04
2026-08-05T03:50:11.466Z,0.04
2026-08-05T03:50:17.77Z,0.04
2026-08-05T03:50:37Z,0.04
2026-08-05T03:50:38.26Z,0.04
2026-08-05T03:50:52.95Z,0.04
2026-08-05T03:51:13.014Z,0.03
2026-08-05T03:51:28.102Z,0.03
2026-08-05T03:51:48.17Z,0.03
2026-08-05T03:52:03.251Z,0.03
2026-08-05T03:52:18.305Z,0.03
2026-08-05T03:52:33.406Z,0.03
2026-08-05T03:52:48.473Z,0.03
2026-08-05T03:53:03.593Z,0.03
2026-08-05T03:53:18.625Z,0.03
2026-08-05T03:53:33.729Z,0.03
2026-08-05T03:53:49.957Z,0.02
2026-08-05T03:54:04.988Z,0.02
2026-08-05T03:54:23.939Z,0.02
2026-08-05T03:54:44.029Z,0.02
2026-08-05T03:54:59.088Z,0.04
2026-08-05T03:55:14.194Z,0.04
2026-08-05T03:55:34.258Z,0.05
2026-08-05T03:55:48Z,0.04
2026-08-05T03:55:49.542Z,0.04
2026-08-05T03:56:09.518Z,0.04
2026-08-05T03:56:24.694Z,0.04
2026-08-05T03:56:40.534Z,0.04
2026-08-05T03:56:54.678Z,0.04
2026-08-05T03:57:10.111Z,0.04
2026-08-05T03:57:24.839Z,0.03
2026-08-05T03:57:39.908Z,0.03
2026-08-05T03:57:54.978Z,0.04
2026-08-05T03:58:10.06Z,0.04
2026-08-05T03:58:25.357Z,0.04
2026-08-05T03:58:40.434Z,0.05
2026-08-05T03:58:55.502Z,0.05
2026-08-05T03:59:10.567Z,0.05
2026-08-05T03:59:30.66Z,0.05
2026-08-05T03:59:50.746Z,0.04
2026-08-05T04:00:12.796Z,0.04
2026-08-05T04:00:21.804Z,0.04
2026-08-05T04:00:40Z,0.04
2026-08-05T04:00:41.091Z,0.04
2026-08-05T04:00:58.534Z,0.06
2026-08-05T04:01:11.251Z,0.06
2026-08-05T04:01:27.373Z,0.06
2026-08-05T04:01:41.591Z,0.06
2026-08-05T04:01:56.686Z,0.06
2026-08-05T04:02:11.75Z,0.04
2026-08-05T04:02:34.429Z,0.04
2026-08-05T04:02:46.9Z,0.04
2026-08-05T04:03:04.325Z,0.04
2026-08-05T04:03:17.2Z,0.02
2026-08-05T04:03:37.311Z,0.02
2026-08-05T04:03:52.352Z,0.02
2026-08-05T04:04:07.405Z,0.04
2026-08-05T04:04:27.483Z,0.04
2026-08-05T04:04:42.56Z,0.04
2026-08-05T04:05:08.816Z,0.04
2026-08-05T04:05:22.693Z,0.04
2026-08-05T04:05:37Z,0.04
2026-08-05T04:05:37.774Z,0.04
2026-08-05T04:06:06.292Z,0.04
2026-08-05T04:06:12.961Z,0.04
2026-08-05T04:06:28.035Z,0.04
2026-08-05T04:06:43.126Z,0.04
2026-08-05T04:06:58.195Z,0.04
2026-08-05T04:07:18.252Z,0.03
2026-08-05T04:07:33.336Z,0.04
2026-08-05T04:07:48.405Z,0.04
2026-08-05T04:08:03.5Z,0.04
2026-08-05T04:08:18.589Z,0.04
2026-08-05T04:08:33.693Z,0.03
2026-08-05T04:08:48.783Z,0.03
2026-08-05T04:09:04.135Z,0.03
2026-08-05T04:09:18.955Z,0.03
2026-08-05T04:09:34.068Z,0.03
2026-08-05T04:09:54.115Z,0.03
2026-08-05T04:10:13.323Z,0.03
2026-08-05T04:10:24.254Z,0.04
2026-08-05T04:10:39.362Z,0.04
2026-08-05T04:10:54Z,0.04
2026-08-05T04:10:55.342Z,0.04
2026-08-05T04:11:09.633Z,0.04
2026-08-05T04:11:29.656Z,0.04
2026-08-05T04:11:49.717Z,0.05
2026-08-05T04:12:09.804Z,0.05
2026-08-05T04:12:24.867Z,0.04
2026-08-05T04:12:39.943Z,0.04
2026-08-05T04:12:55.024Z,0.03
2026-08-05T04:13:10.127Z,0.03
2026-08-05T04:13:25.305Z,0.03
2026-08-05T04:13:40.349Z,0.03
2026-08-05T04:13:55.4Z,0.03
2026-08-05T04:14:10.509Z,0.03
2026-08-05T04:14:30.578Z,0.05
2026-08-05T04:14:45.614Z,0.05
2026-08-05T04:15:12.155Z,0.05
2026-08-05T04:15:25.768Z,0.03
2026-08-05T04:15:41.037Z,0.03
2026-08-05T04:15:55Z,0.05
2026-08-05T04:15:55.937Z,0.05
2026-08-05T04:16:11.065Z,0.05
2026-08-05T04:16:26.094Z,0.05
2026-08-05T04:16:46.21Z,0.05
2026-08-05T04:17:04.794Z,0.04
2026-08-05T04:17:17.47Z,0.04
2026-08-05T04:17:36.466Z,0.04
2026-08-05T04:17:56.502Z,0.04
2026-08-05T04:18:11.585Z,0.04
2026-08-05T04:18:26.645Z,0.04
2026-08-05T04:18:41.716Z,0.04
2026-08-05T04:18:56.809Z,0.04
2026-08-05T04:19:12.932Z,0.04
2026-08-05T04:19:31.933Z,0.03
2026-08-05T04:19:47.111Z,0.03
2026-08-05T04:20:10.862Z,0.03
2026-08-05T04:20:22.561Z,0.04
2026-08-05T04:20:37.276Z,0.04
2026-08-05T04:20:51Z,0.04
2026-08-05T04:20:52.343Z,0.04
2026-08-05T04:21:07.417Z,0.04
2026-08-05T04:21:22.465Z,0.03
2026-08-05T04:21:38.125Z,0.03
2026-08-05T04:21:52.689Z,0.03
2026-08-05T04:22:07.805Z,0.03
2026-08-05T04:22:24.88Z,0.03
2026-08-05T04:22:42.89Z,0.04
2026-08-05T04:23:04.669Z,0.03
2026-08-05T04:23:18.367Z,0.03
2026-08-05T04:23:33.131Z,0.03
2026-08-05T04:23:48.245Z,0.03
2026-08-05T04:24:08.337Z,0.03
2026-08-05T04:24:23.446Z,0.03
2026-08-05T04:24:38.516Z,0.03
2026-08-05T04:24:58.603Z,0.04
2026-08-05T04:25:13.667Z,0.04
2026-08-05T04:25:29.183Z,0.04
2026-08-05T04:25:44.203Z,0.04
2026-08-05T04:25:58Z,0.04
2026-08-05T04:25:59.095Z,0.04
2026-08-05T04:26:14.305Z,0.04
2026-08-05T04:26:34.307Z,0.04
2026-08-05T04:26:49.293Z,0.04
2026-08-05T04:27:04.347Z,0.04
2026-08-05T04:27:19.48Z,0.04
2026-08-05T04:27:34.565Z,0.03
2026-08-05T04:27:49.615Z,0.03
2026-08-05T04:28:04.691Z,0.03
2026-08-05T04:28:24.759Z,0.03
2026-08-05T04:28:44.858Z,0.03
2026-08-05T04:29:04.914Z,0.04
2026-08-05T04:29:20.288Z,0.04
2026-08-05T04:29:35.084Z,0.04
2026-08-05T04:29:50.203Z,0.04
2026-08-05T04:30:11.35Z,0.04
2026-08-05T04:30:25.354Z,0.05
2026-08-05T04:30:40.48Z,0.05
2026-08-05T04:30:55Z,0.05
2026-08-05T04:30:55.522Z,0.05
2026-08-05T04:31:11.222Z,0.05
2026-08-05T04:31:30.638Z,0.05
2026-08-05T04:31:45.711Z,0.05
2026-08-05T04:32:02.581Z,0.03
2026-08-05T04:32:20.869Z,0.03
2026-08-05T04:32:35.943Z,0.03
2026-08-05T04:32:51.026Z,0.04
2026-08-05T04:33:06.138Z,0.04
2026-08-05T04:33:21.205Z,0.04
2026-08-05T04:33:36.514Z,0.04
2026-08-05T04:33:51.319Z,0.04
2026-08-05T04:34:11.403Z,0.04
2026-08-05T04:34:26.492Z,0.04
2026-08-05T04:34:41.558Z,0.04
2026-08-05T04:34:56.643Z,0.04
2026-08-05T04:35:16.874Z,0.03
2026-08-05T04:35:31.77Z,0.04
2026-08-05T04:35:47.059Z,0.04
2026-08-05T04:36:01Z,0.04
2026-08-05T04:36:02.761Z,0.04
2026-08-05T04:36:17.325Z,0.04
2026-08-05T04:36:37.182Z,0.04
2026-08-05T04:36:52.185Z,0.06
2026-08-05T04:37:07.241Z,0.06
2026-08-05T04:37:22.351Z,0.06
2026-08-05T04:37:37.424Z,0.04
2026-08-05T04:37:52.523Z,0.04
2026-08-05T04:38:07.594Z,0.05
2026-08-05T04:38:24.478Z,0.05
2026-08-05T04:38:42.754Z,0.05
2026-08-05T04:38:57.858Z,0.04
2026-08-05T04:39:12.922Z,0.04
2026-08-05T04:39:28.007Z,0.05
2026-08-05T04:39:43.13Z,0.05
2026-08-05T04:39:58.176Z,0.05
2026-08-05T04:40:13.213Z,0.05
2026-08-05T04:40:33.31Z,0.05
2026-08-05T04:40:48.375Z,0.05
2026-08-05T04:41:03Z,0.05
2026-08-05T04:41:03.443Z,0.05
2026-08-05T04:41:18.519Z,0.06
2026-08-05T04:41:33.595Z,0.06
2026-08-05T04:41:48.696Z,0.05
2026-08-05T04:42:04.02Z,0.05
2026-08-05T04:42:19.169Z,0.05
2026-08-05T04:42:38.932Z,0.06
2026-08-05T04:42:53.989Z,0.07
2026-08-05T04:43:09.083Z,0.07
2026-08-05T04:43:29.149Z,0.06
2026-08-05T04:43:49.649Z,0.06
2026-08-05T04:44:04.289Z,0.07
2026-08-05T04:44:19.378Z,0.07
2026-08-05T04:44:34.435Z,0.07
2026-08-05T04:44:49.531Z,0.07
2026-08-05T04:45:12.134Z,0.07
2026-08-05T04:45:19.718Z,0.08
2026-08-05T04:45:34.761Z,0.08
2026-08-05T04:45:49.864Z,0.08
2026-08-05T04:46:04Z,0.08
2026-08-05T04:46:04.929Z,0.08
2026-08-05T04:46:20.008Z,0.08
2026-08-05T04:46:35.567Z,0.08
2026-08-05T04:46:50.239Z,0.08
2026-08-05T04:47:05.341Z,0.1
2026-08-05T04:47:20.4Z,0.1
2026-08-05T04:47:35.494Z,0.1
2026-08-05T04:47:50.593Z,0.1
2026-08-05T04:48:05.643Z,0.1
2026-08-05T04:48:25.75Z,0.1
2026-08-05T04:48:41.401Z,0.1
2026-08-05T04:48:55.871Z,0.11
2026-08-05T04:49:10.955Z,0.11
2026-08-05T04:49:31.036Z,0.13
2026-08-05T04:49:46.136Z,0.13
2026-08-05T04:50:07.29Z,0.15
2026-08-05T04:50:16.337Z,0.15
2026-08-05T04:50:36.358Z,0.17
2026-08-05T04:50:51Z,0.18
2026-08-05T04:50:51.417Z,0.18
2026-08-05T04:51:11.498Z,0.18
2026-08-05T04:51:26.586Z,0.2
2026-08-05T04:51:42.868Z,0.2
2026-08-05T04:51:56.867Z,0.22
2026-08-05T04:52:11.953Z,0.22
2026-08-05T04:52:27.055Z,0.22
2026-08-05T04:52:42.113Z,0.22
2026-08-05T04:52:57.204Z,0.22
2026-08-05T04:53:12.304Z,0.28
2026-08-05T04:53:27.335Z,0.28
2026-08-05T04:53:47.414Z,0.28
2026-08-05T04:54:02.644Z,0.3
2026-08-05T04:54:17.537Z,0.31
2026-08-05T04:54:32.607Z,0.31
2026-08-05T04:54:47.688Z,0.34
2026-08-05T04:55:11.83Z,0.34
2026-08-05T04:55:17.905Z,0.34
2026-08-05T04:55:38.01Z,0.38
2026-08-05T04:55:52Z,0.38
2026-08-05T04:55:53.074Z,0.38
2026-08-05T04:56:13.166Z,0.41
2026-08-05T04:56:33.26Z,0.42
2026-08-05T04:56:48.292Z,0.42
2026-08-05T04:57:03.555Z,0.42
2026-08-05T04:57:18.815Z,0.42
2026-08-05T04:57:34.526Z,0.49
2026-08-05T04:57:48.64Z,0.49
2026-08-05T04:58:03.765Z,0.54
2026-08-05T04:58:18.827Z,0.54
2026-08-05T04:58:34.807Z,0.57
2026-08-05T04:58:49.048Z,0.57
2026-08-05T04:59:09.065Z,0.61
2026-08-05T04:59:24.15Z,0.61
2026-08-05T04:59:44.268Z,0.65
2026-08-05T05:00:09.108Z,0.65
2026-08-05T05:00:19.494Z,0.7
2026-08-05T05:00:39.443Z,0.7
2026-08-05T05:00:54Z,0.7
2026-08-05T05:00:54.562Z,0.7
2026-08-05T05:01:14.6Z,0.76
2026-08-05T05:01:29.759Z,0.81
2026-08-05T05:01:49.788Z,0.81
2026-08-05T05:02:04.838Z,0.9
2026-08-05T05:02:19.97Z,0.9
2026-08-05T05:02:35.056Z,0.9
2026-08-05T05:02:50.192Z,0.95
2026-08-05T05:03:05.225Z,0.95
2026-08-05T05:03:25.305Z,1.03
2026-08-05T05:03:40.378Z,1.03
2026-08-05T05:04:01.724Z,1.03
2026-08-05T05:04:20.572Z,1.13
2026-08-05T05:04:40.633Z,1.13
2026-08-05T05:04:55.708Z,1.13
2026-08-05T05:05:12.341Z,1.13
2026-08-05T05:05:25.897Z,1.24
2026-08-05T05:05:40.967Z,1.24
2026-08-05T05:05:55Z,1.24
2026-08-05T05:05:56.031Z,1.24
2026-08-05T05:06:16.115Z,1.34
2026-08-05T05:06:31.278Z,1.41
2026-08-05T05:06:46.367Z,1.41
2026-08-05T05:07:02.588Z,1.47
2026-08-05T05:07:16.607Z,1.47
2026-08-05T05:07:36.673Z,1.55
2026-08-05T05:07:51.752Z,1.55
2026-08-05T05:08:12.355Z,1.65
2026-08-05T05:08:26.887Z,1.65
2026-08-05T05:08:46.974Z,1.71
2026-08-05T05:09:07.414Z,1.81
2026-08-05T05:09:22.444Z,1.81
2026-08-05T05:09:37.238Z,1.81
2026-08-05T05:09:52.277Z,1.81
2026-08-05T05:10:11.173Z,1.81
2026-08-05T05:10:27.471Z,2.04
2026-08-05T05:10:43.665Z,2.04
2026-08-05T05:10:57.58Z,2.04
2026-08-05T05:11:12Z,2.25
2026-08-05T05:11:12.659Z,2.25
2026-08-05T05:11:27.726Z,2.25
2026-08-05T05:11:47.786Z,2.25
2026-08-05T05:12:02.935Z,2.39
2026-08-05T05:12:18.081Z,2.39
2026-08-05T05:12:38.155Z,2.39
2026-08-05T05:12:53.857Z,2.63
2026-08-05T05:13:13.316Z,2.63
2026-08-05T05:13:28.441Z,2.63
2026-08-05T05:13:48.498Z,2.88
2026-08-05T05:14:05.008Z,2.88
2026-08-05T05:14:23.616Z,2.88
2026-08-05T05:14:38.717Z,2.88
2026-08-05T05:14:53.822Z,3.15
2026-08-05T05:15:13.918Z,3.15
2026-08-05T05:15:30.941Z,3.35
2026-08-05T05:15:44.01Z,3.35
2026-08-05T05:15:58Z,3.35
2026-08-05T05:15:59.104Z,3.35
2026-08-05T05:16:19.163Z,3.35
2026-08-05T05:16:34.235Z,3.67
2026-08-05T05:16:49.424Z,3.67
2026-08-05T05:17:04.827Z,3.67
2026-08-05T05:17:19.539Z,4.01
2026-08-05T05:17:39.631Z,4.01
2026-08-05T05:17:55.349Z,4.01
2026-08-05T05:18:09.912Z,4.01
2026-08-05T05:18:25.03Z,4.01
2026-08-05T05:18:45.074Z,4.01
2026-08-05T05:19:00.152Z,4.58
2026-08-05T05:19:15.234Z,4.58
2026-08-05T05:19:30.88Z,4.58
2026-08-05T05:19:45.388Z,4.96
2026-08-05T05:20:08.569Z,4.96
2026-08-05T05:20:16.779Z,5.45
2026-08-05T05:20:30.625Z,5.45
2026-08-05T05:20:45.685Z,5.74
2026-08-05T05:21:05Z,5.74
2026-08-05T05:21:05.791Z,5.74
2026-08-05T05:21:20.847Z,5.74
2026-08-05T05:21:35.909Z,5.74
2026-08-05T05:21:50.995Z,5.74
2026-08-05T05:22:06.783Z,5.74
2026-08-05T05:22:21.187Z,5.99
2026-08-05T05:22:36.245Z,5.99
2026-08-05T05:22:51.324Z,5.99
2026-08-05T05:23:11.648Z,7.41
2026-08-05T05:23:26.535Z,7.41
2026-08-05T05:23:41.602Z,7.41
2026-08-05T05:24:02.556Z,7.89
2026-08-05T05:24:16.732Z,7.89
2026-08-05T05:24:36.805Z,7.83
2026-08-05T05:24:51.871Z,7.83
2026-08-05T05:25:11.97Z,7.83
2026-08-05T05:25:28.246Z,7.83
2026-08-05T05:25:42.122Z,7.75
2026-08-05T05:26:04.652Z,7.9
2026-08-05T05:26:16Z,7.9
2026-08-05T05:26:17.321Z,7.9
2026-08-05T05:26:32.336Z,7.9
2026-08-05T05:26:47.43Z,7.9
2026-08-05T05:27:02.831Z,7.9
2026-08-05T05:27:17.556Z,7.9
2026-08-05T05:27:32.611Z,8.52
2026-08-05T05:27:47.689Z,8.52
2026-08-05T05:28:02.813Z,8.64
2026-08-05T05:28:22.854Z,8.64
2026-08-05T05:28:42.943Z,8.93
2026-08-05T05:28:57.999Z,8.93
2026-08-05T05:29:13.1Z,8.93
2026-08-05T05:29:28.252Z,8.93
2026-08-05T05:29:43.315Z,9.3
2026-08-05T05:29:58.388Z,9.41
2026-08-05T05:30:13.513Z,9.41
2026-08-05T05:30:28.526Z,9.41
2026-08-05T05:30:43.673Z,9.8
2026-08-05T05:30:58.79Z,9.8
2026-08-05T05:31:18Z,9.8
2026-08-05T05:31:18.824Z,9.8
2026-08-05T05:31:38.946Z,10.23
2026-08-05T05:31:59.049Z,10.36
2026-08-05T05:32:14.15Z,10.36
2026-08-05T05:32:34.478Z,10.36
2026-08-05T05:32:49.315Z,10.36
2026-08-05T05:33:04.41Z,10.74
2026-08-05T05:33:24.497Z,10.74
2026-08-05T05:33:39.588Z,11.02
2026-08-05T05:33:54.76Z,11.02
2026-08-05T05:34:14.828Z,11.02
2026-08-05T05:34:30.368Z,11.02
2026-08-05T05:34:50.056Z,11.02
2026-08-05T05:35:12.131Z,11.02
2026-08-05T05:35:20.222Z,11.65
2026-08-05T05:35:40.306Z,11.65
2026-08-05T05:35:55.588Z,11.93
2026-08-05T05:36:10Z,11.93
2026-08-05T05:36:10.828Z,11.93
2026-08-05T05:36:25.587Z,11.93
2026-08-05T05:36:40.659Z,12.17
2026-08-05T05:36:55.793Z,12.17
2026-08-05T05:37:10.914Z,12.17
2026-08-05T05:37:25.968Z,12.17
2026-08-05T05:37:46.052Z,12.72
2026-08-05T05:38:07.779Z,12.72
2026-08-05T05:38:21.359Z,12.95
2026-08-05T05:38:36.361Z,12.95
2026-08-05T05:38:51.408Z,13.12
2026-08-05T05:39:06.488Z,13.12
2026-08-05T05:39:21.588Z,13.37
2026-08-05T05:39:36.639Z,13.37
2026-08-05T05:39:51.891Z,13.69
2026-08-05T05:40:09.491Z,13.69
2026-08-05T05:40:21.877Z,13.82
2026-08-05T05:40:36.978Z,13.82
2026-08-05T05:40:52.017Z,14.05
2026-08-05T05:41:07.622Z,14.05
2026-08-05T05:41:21Z,14.41
2026-08-05T05:41:22.887Z,14.41
2026-08-05T05:41:42.278Z,14.41
2026-08-05T05:41:57.901Z,14.41
2026-08-05T05:42:12.539Z,14.72
2026-08-05T05:42:27.602Z,14.72
2026-08-05T05:42:42.663Z,15.03
2026-08-05T05:43:03.412Z,15.03
2026-08-05T05:43:17.835Z,15.24
2026-08-05T05:43:32.907Z,15.24
2026-08-05T05:43:48.011Z,15.65
2026-08-05T05:44:03.315Z,15.65
2026-08-05T05:44:18.186Z,16.0
2026-08-05T05:44:33.25Z,16.0
2026-08-05T05:44:48.34Z,16.0
2026-08-05T05:45:08.885Z,16.0
2026-08-05T05:45:28.479Z,16.68
2026-08-05T05:45:48.545Z,16.68
2026-08-05T05:46:03.701Z,16.68
2026-08-05T05:46:18Z,17.03
2026-08-05T05:46:18.713Z,17.03
2026-08-05T05:46:38.822Z,17.03
2026-08-05T05:46:53.891Z,17.03
2026-08-05T05:47:08.956Z,17.37
2026-08-05T05:47:24.107Z,17.37
2026-08-05T05:47:39.241Z,17.37
2026-08-05T05:47:54.275Z,17.92
2026-08-05T05:48:09.342Z,17.92
2026-08-05T05:48:24.428Z,17.92
2026-08-05T05:48:39.515Z,18.46
2026-08-05T05:48:59.566Z,18.46
2026-08-05T05:49:19.643Z,18.46
2026-08-05T05:49:34.719Z,18.86
2026-08-05T05:49:49.804Z,18.86
2026-08-05T05:50:13.616Z,19.31
2026-08-05T05:50:24.991Z,19.31
2026-08-05T05:50:40.073Z,19.31
2026-08-05T05:51:01.224Z,19.31
2026-08-05T05:51:14Z,20.15
2026-08-05T05:51:15.182Z,20.15
2026-08-05T05:51:30.274Z,20.15
2026-08-05T05:51:45.687Z,20.15
2026-08-05T05:52:06.259Z,20.15
2026-08-05T05:52:25.48Z,21.06
2026-08-05T05:52:40.568Z,21.3
2026-08-05T05:52:55.636Z,21.3
2026-08-05T05:53:10.727Z,21.3
2026-08-05T05:53:25.988Z,21.3
2026-08-05T05:53:41.046Z,21.86
2026-08-05T05:53:56.887Z,22.44
2026-08-05T05:54:11.908Z,22.44
2026-08-05T05:54:26.413Z,22.44
2026-08-05T05:54:46.485Z,23.07
2026-08-05T05:55:12.31Z,23.4
2026-08-05T05:55:16.695Z,23.4
2026-08-05T05:55:36.789Z,23.4
2026-08-05T05:55:56.836Z,24.09
2026-08-05T05:56:11.927Z,24.46
2026-08-05T05:56:26Z,24.46
2026-08-05T05:56:26.994Z,24.46
2026-08-05T05:56:42.127Z,24.46
2026-08-05T05:56:57.429Z,25.56
2026-08-05T05:57:12.309Z,25.56
2026-08-05T05:57:27.356Z,25.56
2026-08-05T05:57:44.519Z,25.56
2026-08-05T05:57:57.499Z,26.75
2026-08-05T05:58:12.573Z,26.75
2026-08-05T05:58:27.656Z,27.69
2026-08-05T05:58:42.728Z,27.69
2026-08-05T05:58:57.786Z,27.69
2026-08-05T05:59:13.003Z,27.69
2026-08-05T05:59:28.031Z,29.41
2026-08-05T05:59:48.066Z,29.41
2026-08-05T06:00:12.6Z,30.37
2026-08-05T06:00:18.245Z,30.37
2026-08-05T06:00:33.449Z,30.89
2026-08-05T06:00:48.487Z,31.33
2026-08-05T06:01:03.571Z,31.33
2026-08-05T06:01:23Z,31.33
2026-08-05T06:01:23.618Z,31.33
2026-08-05T06:01:38.815Z,31.33
2026-08-05T06:01:53.828Z,31.33
2026-08-05T06:02:13.917Z,33.06
2026-08-05T06:02:33.949Z,33.06
2026-08-05T06:02:49.515Z,34.03
2026-08-05T06:03:09.201Z,34.03
2026-08-05T06:03:24.267Z,35.48
2026-08-05T06:03:39.516Z,35.48
2026-08-05T06:03:55.559Z,35.48
2026-08-05T06:04:09.598Z,36.52
2026-08-05T06:04:24.671Z,36.52
2026-08-05T06:04:39.77Z,37.09
2026-08-05T06:04:54.825Z,37.09
2026-08-05T06:05:10.009Z,37.09
2026-08-05T06:05:25.065Z,37.09
2026-08-05T06:05:45.163Z,39.43
2026-08-05T06:06:00.583Z,39.43
2026-08-05T06:06:19Z,40.04
2026-08-05T06:06:20.365Z,40.04
2026-08-05T06:06:35.506Z,40.04
2026-08-05T06:06:50.614Z,40.04
2026-08-05T06:07:10.567Z,41.47
2026-08-05T06:07:25.622Z,41.47
2026-08-05T06:07:40.709Z,41.47
2026-08-05T06:08:02.543Z,43.45
2026-08-05T06:08:15.872Z,43.45
2026-08-05T06:08:30.948Z,45.46
2026-08-05T06:08:47.54Z,45.46
2026-08-05T06:09:02.759Z,46.98
2026-08-05T06:09:21.185Z,46.98
2026-08-05T06:09:36.251Z,46.98
2026-08-05T06:09:51.331Z,53.39
2026-08-05T06:10:12.113Z,53.39
2026-08-05T06:10:26.472Z,57.58
2026-08-05T06:10:41.542Z,57.58
2026-08-05T06:10:56.62Z,59.51
2026-08-05T06:11:11.703Z,59.51
2026-08-05T06:11:31Z,59.51
2026-08-05T06:11:31.813Z,59.51
2026-08-05T06:11:46.885Z,66.62
2026-08-05T06:12:02.509Z,66.62
2026-08-05T06:12:17.14Z,71.76
2026-08-05T06:12:32.225Z,71.76
2026-08-05T06:12:47.281Z,74.87
2026-08-05T06:13:02.81Z,74.87
2026-08-05T06:13:22.464Z,74.87
2026-08-05T06:13:42.556Z,84.08
2026-08-05T06:13:57.619Z,84.08
2026-08-05T06:14:12.682Z,84.08
2026-08-05T06:14:32.766Z,94.56
2026-08-05T06:14:52.846Z,94.56
2026-08-05T06:15:12.081Z,94.56
2026-08-05T06:15:22.999Z,102.75
2026-08-05T06:15:38.073Z,102.75
2026-08-05T06:15:58.148Z,112.62
2026-08-05T06:16:13.226Z,112.62
2026-08-05T06:16:27Z,117.52
2026-08-05T06:16:28.32Z,117.52
2026-08-05T06:16:43.385Z,117.52
2026-08-05T06:17:03.509Z,116.98
2026-08-05T06:17:18.639Z,116.98
2026-08-05T06:17:33.631Z,116.22
2026-08-05T06:17:48.792Z,116.22
2026-08-05T06:18:09.512Z,113.17
2026-08-05T06:18:24.21Z,113.17
2026-08-05T06:18:39.118Z,111.11
2026-08-05T06:18:59.155Z,106.96
2026-08-05T06:19:14.209Z,106.96
2026-08-05T06:19:34.301Z,106.96
2026-08-05T06:19:49.373Z,107.08
2026-08-05T06:20:11.87Z,107.08
2026-08-05T06:20:24.503Z,109.3
2026-08-05T06:20:42.024Z,110.57
2026-08-05T06:20:59.655Z,110.57
2026-08-05T06:21:19.824Z,114.47
2026-08-05T06:21:34Z,114.47
2026-08-05T06:21:34.806Z,114.47
2026-08-05T06:21:49.937Z,114.47
2026-08-05T06:22:05.524Z,116.38
2026-08-05T06:22:20.172Z,115.87
2026-08-05T06:22:35.209Z,115.87
2026-08-05T06:22:57.832Z,115.87
2026-08-05T06:23:10.371Z,115.68
2026-08-05T06:23:25.436Z,115.68
2026-08-05T06:23:40.526Z,115.99
2026-08-05T06:24:02.47Z,115.99
2026-08-05T06:24:15.74Z,115.99
2026-08-05T06:24:35.815Z,114.82
2026-08-05T06:24:50.992Z,114.82
2026-08-05T06:25:13.275Z,116.97
2026-08-05T06:25:26.041Z,116.97
2026-08-05T06:25:41.089Z,117.83
2026-08-05T06:26:03.834Z,117.83
2026-08-05T06:26:21.312Z,117.83
2026-08-05T06:26:35Z,117.83
2026-08-05T06:26:36.373Z,117.83
2026-08-05T06:26:51.442Z,121.57
2026-08-05T06:27:06.539Z,121.57
2026-08-05T06:27:26.596Z,123.42
2026-08-05T06:27:41.658Z,123.42
2026-08-05T06:27:56.77Z,127.36
2026-08-05T06:28:11.82Z,127.36
2026-08-05T06:28:26.914Z,127.36
2026-08-05T06:28:47.023Z,130.17
2026-08-05T06:29:07.095Z,133.72
2026-08-05T06:29:22.179Z,133.72
2026-08-05T06:29:37.248Z,128.5
2026-08-05T06:29:52.389Z,128.5
2026-08-05T06:30:09.9Z,128.5
2026-08-05T06:30:27.478Z,115.62
2026-08-05T06:30:42.684Z,115.62
2026-08-05T06:30:57.761Z,101.75
2026-08-05T06:31:13.119Z,101.75
2026-08-05T06:31:27Z,95.83
2026-08-05T06:31:27.901Z,95.83
2026-08-05T06:31:42.981Z,95.83
2026-08-05T06:31:58.318Z,87.6
2026-08-05T06:32:18.137Z,86.98
2026-08-05T06:32:33.219Z,86.98
2026-08-05T06:32:48.299Z,86.98
2026-08-05T06:33:08.359Z,87.09
2026-08-05T06:33:23.441Z,87.88
2026-08-05T06:33:38.848Z,87.88
2026-08-05T06:33:53.624Z,89.37
2026-08-05T06:34:08.685Z,89.37
2026-08-05T06:34:23.996Z,89.37
2026-08-05T06:34:40.132Z,89.37
2026-08-05T06:34:53.93Z,100.34
2026-08-05T06:35:13.023Z,100.34
2026-08-05T06:35:24.052Z,100.34
2026-08-05T06:35:39.169Z,115.28
2026-08-05T06:35:59.695Z,115.28
2026-08-05T06:36:14.45Z,122.23
2026-08-05T06:36:29Z,122.23
2026-08-05T06:36:29.503Z,122.23
2026-08-05T06:36:44.597Z,122.23
2026-08-05T06:36:59.674Z,137.82
2026-08-05T06:37:15.32Z,137.82
2026-08-05T06:37:34.915Z,139.47
2026-08-05T06:37:50.659Z,139.47
2026-08-05T06:38:09.944Z,138.27
2026-08-05T06:38:25.123Z,138.27
2026-08-05T06:38:40.117Z,138.27
2026-08-05T06:38:55.175Z,131.18
2026-08-05T06:39:10.349Z,131.18
2026-08-05T06:39:30.355Z,120.24
2026-08-05T06:39:45.536Z,120.24
2026-08-05T06:40:07.503Z,113.08
2026-08-05T06:40:15.568Z,113.08
2026-08-05T06:40:30.719Z,112.0
2026-08-05T06:40:45.844Z,112.0
2026-08-05T06:41:02.911Z,112.0
2026-08-05T06:41:16.021Z,112.0
2026-08-05T06:41:30Z,123.18
2026-08-05T06:41:31.113Z,123.18
2026-08-05T06:41:51.213Z,129.64
2026-08-05T06:42:06.252Z,129.64
2026-08-05T06:42:21.357Z,144.11
2026-08-05T06:42:36.406Z,144.11
2026-08-05T06:42:56.528Z,154.71
2026-08-05T06:43:11.855Z,154.71
2026-08-05T06:43:31.693Z,159.1
2026-08-05T06:43:46.746Z,159.1
2026-08-05T06:44:03.467Z,156.84
2026-08-05T06:44:16.929Z,156.84
2026-08-05T06:44:32.043Z,146.77
2026-08-05T06:44:47.454Z,146.77
2026-08-05T06:45:10.368Z,146.77
2026-08-05T06:45:22.233Z,128.61
2026-08-05T06:45:37.33Z,128.61
2026-08-05T06:45:52.721Z,128.61
2026-08-05T06:46:07.445Z,104.92
2026-08-05T06:46:22.509Z,104.92
2026-08-05T06:46:37Z,104.92
2026-08-05T06:46:37.59Z,104.92
2026-08-05T06:46:57.683Z,93.83
2026-08-05T06:47:12.77Z,93.83
2026-08-05T06:47:27.906Z,93.83
2026-08-05T06:47:42.964Z,92.91
2026-08-05T06:47:59.424Z,93.04
2026-08-05T06:48:13.092Z,93.04
2026-08-05T06:48:28.173Z,93.04
2026-08-05T06:48:43.255Z,93.04
2026-08-05T06:49:03.328Z,93.04
2026-08-05T06:49:18.704Z,94.68
2026-08-05T06:49:33.496Z,95.94
2026-08-05T06:49:48.56Z,95.94
2026-08-05T06:50:12.463Z,95.94
2026-08-05T06:50:23.867Z,102.82
2026-08-05T06:50:38.983Z,102.82
2026-08-05T06:50:54.074Z,110.68
2026-08-05T06:51:10.964Z,110.68
2026-08-05T06:51:24.243Z,117.25
2026-08-05T06:51:43Z,117.25
2026-08-05T06:51:44.321Z,117.25
2026-08-05T06:51:59.342Z,119.9
2026-08-05T06:52:14.462Z,119.9
2026-08-05T06:52:29.541Z,119.9
2026-08-05T06:52:44.622Z,115.15
2026-08-05T06:53:04.868Z,115.15
2026-08-05T06:53:20.095Z,115.15
2026-08-05T06:53:40.244Z,106.46
2026-08-05T06:53:55.314Z,103.78
2026-08-05T06:54:10.406Z,103.78
2026-08-05T06:54:25.585Z,103.78
2026-08-05T06:54:45.685Z,103.05
2026-08-05T06:55:00.898Z,102.93
2026-08-05T06:55:16.207Z,102.93
2026-08-05T06:55:31.776Z,102.93
2026-08-05T06:55:46.02Z,102.93
2026-08-05T06:56:02.623Z,102.0
2026-08-05T06:56:16.228Z,102.0
2026-08-05T06:56:31.269Z,102.0
2026-08-05T06:56:45Z,102.0
2026-08-05T06:56:47.583Z,102.0
2026-08-05T06:57:02.85Z,102.0
2026-08-05T06:57:16.586Z,104.85
2026-08-05T06:57:36.752Z,104.86
2026-08-05T06:57:57.216Z,104.86
2026-08-05T06:58:16.797Z,104.78
2026-08-05T06:58:31.872Z,104.75
2026-08-05T06:58:47.385Z,104.75
2026-08-05T06:59:02.972Z,101.53
2026-08-05T06:59:22.222Z,101.53
2026-08-05T06:59:37.287Z,101.53
2026-08-05T06:59:57.5Z,101.53
2026-08-05T07:00:15.664Z,94.97
2026-08-05T07:00:27.6Z,94.97
2026-08-05T07:00:44.141Z,64.75
2026-08-05T07:00:57.734Z,64.75
2026-08-05T07:01:12.829Z,88.56
2026-08-05T07:01:28.601Z,86.93
2026-08-05T07:01:42Z,86.93
2026-08-05T07:01:42.987Z,86.93
2026-08-05T07:02:03.662Z,86.93
2026-08-05T07:02:18.814Z,66.7
2026-08-05T07:02:33.2Z,66.7
2026-08-05T07:02:48.289Z,66.7
2026-08-05T07:03:05.166Z,70.8
2026-08-05T07:03:19.152Z,71.73
2026-08-05T07:03:33.656Z,71.73
2026-08-05T07:03:53.826Z,71.73
2026-08-05T07:04:08.711Z,71.73
2026-08-05T07:04:28.774Z,86.48
2026-08-05T07:04:44.238Z,86.48
2026-08-05T07:04:58.958Z,93.78
2026-08-05T07:05:14.012Z,93.78
2026-08-05T07:05:29.056Z,93.78
2026-08-05T07:05:44.15Z,117.11
2026-08-05T07:05:59.258Z,117.11
2026-08-05T07:06:14.362Z,100.0
2026-08-05T07:06:29.427Z,100.0
2026-08-05T07:06:44Z,110.92
2026-08-05T07:06:44.512Z,110.92
2026-08-05T07:06:59.592Z,110.92
2026-08-05T07:07:14.687Z,110.92
2026-08-05T07:07:29.803Z,110.92
2026-08-05T07:07:44.842Z,110.92
2026-08-05T07:08:05.318Z,98.61
2026-08-05T07:08:25.121Z,95.23
2026-08-05T07:08:40.23Z,95.23
2026-08-05T07:08:55.287Z,95.23
2026-08-05T07:09:10.384Z,95.23
2026-08-05T07:09:25.491Z,123.16
2026-08-05T07:09:45.531Z,123.16
2026-08-05T07:10:01.316Z,119.07
2026-08-05T07:10:15.738Z,119.07
2026-08-05T07:10:30.768Z,116.2
2026-08-05T07:10:45.836Z,116.2
2026-08-05T07:11:02.559Z,116.2
2026-08-05T07:11:18.554Z,116.2
2026-08-05T07:11:35Z,111.36
2026-08-05T07:11:36.064Z,111.36
2026-08-05T07:11:56.132Z,111.36
2026-08-05T07:12:12.345Z,111.36
2026-08-05T07:12:26.324Z,107.7
2026-08-05T07:12:46.362Z,107.7
2026-08-05T07:13:06.444Z,107.49
2026-08-05T07:13:21.522Z,107.49
2026-08-05T07:13:41.607Z,107.4
2026-08-05T07:14:02.812Z,107.4
2026-08-05T07:14:16.778Z,107.4
2026-08-05T07:14:31.833Z,107.4
2026-08-05T07:14:46.905Z,107.4
2026-08-05T07:15:11.959Z,107.64
2026-08-05T07:15:27.059Z,107.64
2026-08-05T07:15:42.318Z,107.55
2026-08-05T07:15:57.429Z,107.55
2026-08-05T07:16:17.488Z,107.11
2026-08-05T07:16:37Z,106.15
2026-08-05T07:16:37.585Z,106.15
2026-08-05T07:16:57.658Z,106.15
2026-08-05T07:17:12.71Z,106.15
2026-08-05T07:17:27.779Z,106.15
2026-08-05T07:17:42.9Z,106.39
2026-08-05T07:17:57.959Z,106.39
2026-08-05T07:18:18.084Z,106.39
2026-08-05T07:18:33.382Z,106.39
2026-08-05T07:18:53.194Z,106.15
2026-08-05T07:19:08.288Z,106.93
2026-08-05T07:19:23.341Z,106.93
2026-08-05T07:19:38.436Z,107.02
2026-08-05T07:19:53.513Z,107.02
2026-08-05T07:20:12.094Z,107.02
2026-08-05T07:20:24.897Z,107.8
2026-08-05T07:20:38.763Z,107.8
2026-08-05T07:20:58.885Z,108.5
2026-08-05T07:21:13.917Z,108.5
2026-08-05T07:21:30.312Z,108.82
2026-08-05T07:21:43Z,108.82
2026-08-05T07:21:44.069Z,108.82
2026-08-05T07:21:59.168Z,108.96
2026-08-05T07:22:14.237Z,108.96
2026-08-05T07:22:29.438Z,108.96
2026-08-05T07:22:44.357Z,109.83
2026-08-05T07:23:01.485Z,109.85
2026-08-05T07:23:14.564Z,109.85
2026-08-05T07:23:29.632Z,109.85
2026-08-05T07:23:44.75Z,109.85
2026-08-05T07:23:59.836Z,109.85
2026-08-05T07:24:14.93Z,108.97
2026-08-05T07:24:30.76Z,108.97
2026-08-05T07:24:50.17Z,108.97
2026-08-05T07:25:10.499Z,110.26
2026-08-05T07:25:30.423Z,111.06
2026-08-05T07:25:50.314Z,111.52
2026-08-05T07:26:10.426Z,111.52
2026-08-05T07:26:30.491Z,111.52
2026-08-05T07:26:50Z,111.52
2026-08-05T07:26:50.603Z,111.52
2026-08-05T07:27:06.767Z,112.44
2026-08-05T07:27:20.843Z,112.44
2026-08-05T07:27:41.41Z,113.04
2026-08-05T07:27:55.937Z,113.04
2026-08-05T07:28:11.026Z,114.12
2026-08-05T07:28:26.103Z,114.12
2026-08-05T07:28:41.17Z,115.31
2026-08-05T07:29:02.866Z,115.31
2026-08-05T07:29:16.332Z,115.61
2026-08-05T07:29:36.395Z,115.61
2026-08-05T07:29:56.498Z,115.61
2026-08-05T07:30:12.21Z,118.52
2026-08-05T07:30:26.623Z,118.52
2026-08-05T07:30:42.217Z,119.7
2026-08-05T07:31:02.96Z,119.7
2026-08-05T07:31:16.972Z,121.11
2026-08-05T07:31:37.057Z,121.11
2026-08-05T07:31:51Z,122.85
2026-08-05T07:31:52.155Z,122.85
2026-08-05T07:32:07.203Z,122.85
2026-08-05T07:32:22.62Z,122.85
2026-08-05T07:32:37.417Z,126.26
2026-08-05T07:32:52.421Z,126.26
2026-08-05T07:33:07.524Z,127.62
2026-08-05T07:33:22.595Z,127.62
2026-08-05T07:33:43.06Z,127.62
2026-08-05T07:33:57.761Z,131.59
2026-08-05T07:34:12.842Z,131.59
2026-08-05T07:34:32.948Z,132.0
2026-08-05T07:34:53.015Z,131.86
2026-08-05T07:35:13.597Z,131.86
2026-08-05T07:35:23.245Z,133.45
2026-08-05T07:35:38.296Z,134.93
2026-08-05T07:35:58.359Z,134.93
2026-08-05T07:36:13.437Z,138.54
2026-08-05T07:36:28.515Z,138.54
2026-08-05T07:36:43Z,142.16
2026-08-05T07:36:43.595Z,142.16
2026-08-05T07:37:04.236Z,142.16
2026-08-05T07:37:18.78Z,142.16
2026-08-05T07:37:33.851Z,146.39
2026-08-05T07:37:53.964Z,147.57
2026-08-05T07:38:14.262Z,147.57
2026-08-05T07:38:29.129Z,150.2
2026-08-05T07:38:44.2Z,150.2
2026-08-05T07:38:59.28Z,151.27
2026-08-05T07:39:14.371Z,151.27
2026-08-05T07:39:34.551Z,151.27
2026-08-05T07:39:49.83Z,151.67
2026-08-05T07:40:12.471Z,152.37
2026-08-05T07:40:24.678Z,152.37
2026-08-05T07:40:39.748Z,152.37
2026-08-05T07:41:00.147Z,154.64
2026-08-05T07:41:15.62Z,154.64
2026-08-05T07:41:30.078Z,154.64
2026-08-05T07:41:45.156Z,157.74
2026-08-05T07:41:59Z,157.74
2026-08-05T07:42:00.227Z,157.74
2026-08-05T07:42:15.341Z,163.0
2026-08-05T07:42:30.378Z,163.0
2026-08-05T07:42:45.516Z,166.46
2026-08-05T07:43:02.532Z,166.46
2026-08-05T07:43:20.682Z,166.46
2026-08-05T07:43:35.771Z,166.46
2026-08-05T07:43:50.832Z,168.61
2026-08-05T07:44:05.955Z,168.61
2026-08-05T07:44:21.391Z,168.61
2026-08-05T07:44:36.081Z,167.39
2026-08-05T07:44:56.159Z,167.39
2026-08-05T07:45:11.984Z,167.39
2026-08-05T07:45:27.399Z,170.22
2026-08-05T07:45:46.592Z,171.33
2026-08-05T07:46:02.562Z,172.29
2026-08-05T07:46:21.747Z,172.29
2026-08-05T07:46:41.831Z,172.98
2026-08-05T07:46:56Z,173.0
2026-08-05T07:46:56.892Z,173.0
2026-08-05T07:47:11.983Z,173.0
2026-08-05T07:47:27.054Z,172.8
2026-08-05T07:47:42.239Z,172.8
2026-08-05T07:47:57.291Z,172.8
2026-08-05T07:48:12.39Z,173.07
2026-08-05T07:48:27.425Z,173.07
2026-08-05T07:48:42.515Z,173.07
2026-08-05T07:49:02.978Z,173.07
2026-08-05T07:49:17.663Z,172.47
2026-08-05T07:49:32.754Z,172.47
2026-08-05T07:49:47.865Z,172.47
2026-08-05T07:50:11.822Z,172.47
2026-08-05T07:50:22.995Z,171.54
2026-08-05T07:50:43.057Z,171.54
2026-08-05T07:50:58.143Z,171.99
2026-08-05T07:51:19.402Z,173.56
2026-08-05T07:51:33.4Z,173.56
2026-08-05T07:51:48.491Z,175.14
2026-08-05T07:52:03Z,175.14
2026-08-05T07:52:03.568Z,175.14
2026-08-05T07:52:23.676Z,175.14
2026-08-05T07:52:38.773Z,175.14
2026-08-05T07:52:53.803Z,175.14
2026-08-05T07:53:09.825Z,183.1
2026-08-05T07:53:28.963Z,183.1
2026-08-05T07:53:44.045Z,188.42
2026-08-05T07:53:59.121Z,188.42
2026-08-05T07:54:14.254Z,192.38
2026-08-05T07:54:29.314Z,192.38
2026-08-05T07:54:44.363Z,192.38
2026-08-05T07:54:59.451Z,192.27
2026-08-05T07:55:14.641Z,192.27
2026-08-05T07:55:29.731Z,190.94
2026-08-05T07:55:44.827Z,190.94
2026-08-05T07:56:00.364Z,189.92
2026-08-05T07:56:19.981Z,191.04
2026-08-05T07:56:35.022Z,191.04
2026-08-05T07:56:50.119Z,191.04
2026-08-05T07:57:04Z,191.04
2026-08-05T07:57:05.208Z,191.04
2026-08-05T07:57:25.127Z,188.44
2026-08-05T07:57:40.731Z,188.44
2026-08-05T07:58:00.396Z,188.44
2026-08-05T07:58:20.475Z,190.63
2026-08-05T07:58:35.537Z,190.63
2026-08-05T07:58:50.643Z,194.36
2026-08-05T07:59:05.758Z,194.36
2026-08-05T07:59:20.843Z,194.36
2026-08-05T07:59:35.913Z,199.53
2026-08-05T07:59:50.984Z,199.53
2026-08-05T08:00:15.403Z,205.45
2026-08-05T08:00:26.154Z,205.45
2026-08-05T08:00:41.267Z,205.45
2026-08-05T08:01:03.408Z,211.13
2026-08-05T08:01:21.357Z,211.13
2026-08-05T08:01:36.411Z,211.02
2026-08-05T08:01:51Z,211.02
2026-08-05T08:01:51.538Z,211.02
2026-08-05T08:02:21.132Z,210.22
2026-08-05T08:02:39.297Z,210.22
2026-08-05T08:02:44.803Z,210.22
2026-08-05T08:02:56.806Z,210.22
2026-08-05T08:03:11.975Z,205.66
2026-08-05T08:03:32.11Z,205.01
2026-08-05T08:03:47.134Z,205.01
2026-08-05T08:04:02.925Z,199.96
2026-08-05T08:04:17.267Z,199.96
2026-08-05T08:04:32.886Z,199.96
2026-08-05T08:04:47.445Z,196.19
2026-08-05T08:05:12.997Z,196.19
2026-08-05T08:05:27.567Z,193.18
2026-08-05T08:05:42.623Z,193.18
2026-08-05T08:05:57.722Z,193.18
2026-08-05T08:06:12.791Z,193.18
2026-08-05T08:06:27.906Z,191.42
2026-08-05T08:06:43.046Z,191.42
2026-08-05T08:06:57Z,191.42
2026-08-05T08:06:58.161Z,191.42
2026-08-05T08:07:16.953Z,190.83
2026-08-05T08:07:29.18Z,190.83
2026-08-05T08:07:48.349Z,190.79
2026-08-05T08:08:03.918Z,184.93
2026-08-05T08:08:24.356Z,184.93
2026-08-05T08:08:38.828Z,184.93
2026-08-05T08:08:58.752Z,178.48
2026-08-05T08:09:14.434Z,173.01
2026-08-05T08:09:28.921Z,173.01
2026-08-05T08:09:43.96Z,170.39
2026-08-05T08:09:59.258Z,170.39
2026-08-05T08:10:19.156Z,170.39
2026-08-05T08:10:34.187Z,175.04
2026-08-05T08:10:54.277Z,175.04
2026-08-05T08:11:09.329Z,175.04
2026-08-05T08:11:24.47Z,184.09
2026-08-05T08:11:39.576Z,184.09
2026-08-05T08:11:54.746Z,184.09
2026-08-05T08:12:09Z,198.03
2026-08-05T08:12:09.704Z,198.03
2026-08-05T08:12:24.782Z,198.03
2026-08-05T08:12:44.843Z,200.85
2026-08-05T08:12:59.925Z,204.09
2026-08-05T08:13:14.992Z,204.09
2026-08-05T08:13:35.136Z,204.09
2026-08-05T08:13:55.725Z,204.09
2026-08-05T08:14:10.23Z,206.95
2026-08-05T08:14:30.296Z,207.4
2026-08-05T08:14:45.385Z,207.4
2026-08-05T08:15:08.719Z,207.94
2026-08-05T08:15:25.549Z,207.94
2026-08-05T08:15:41.315Z,212.92
2026-08-05T08:15:57.857Z,214.64
2026-08-05T08:16:10.877Z,214.64
2026-08-05T08:16:26.407Z,214.64
2026-08-05T08:16:46.057Z,218.45
2026-08-05T08:17:00Z,219.29
2026-08-05T08:17:02.623Z,219.29
2026-08-05T08:17:16.93Z,219.29
2026-08-05T08:17:36.267Z,219.61
2026-08-05T08:17:56.522Z,219.61
2026-08-05T08:18:17.785Z,214.91
2026-08-05T08:18:31.478Z,214.91
2026-08-05T08:18:46.64Z,214.91
2026-08-05T08:19:02.692Z,211.35
2026-08-05T08:19:16.796Z,211.35
2026-08-05T08:19:36.876Z,211.35
2026-08-05T08:19:52.114Z,211.35
2026-08-05T08:20:12.027Z,207.38
2026-08-05T08:20:32.118Z,206.74
2026-08-05T08:20:47.224Z,206.74
2026-08-05T08:21:03.687Z,205.84
2026-08-05T08:21:17.551Z,205.84
2026-08-05T08:21:32.628Z,204.36
2026-08-05T08:21:47.798Z,204.36
2026-08-05T08:22:02Z,203.74
2026-08-05T08:22:03.57Z,203.74
2026-08-05T08:22:17.894Z,203.38
2026-08-05T08:22:32.975Z,203.38
2026-08-05T08:22:48.032Z,201.84
2026-08-05T08:23:03.161Z,201.84
2026-08-05T08:23:18.23Z,201.84
2026-08-05T08:23:38.319Z,189.34
2026-08-05T08:23:53.399Z,189.34
2026-08-05T08:24:09.407Z,189.34
2026-08-05T08:24:28.511Z,183.91
2026-08-05T08:24:43.61Z,183.91
2026-08-05T08:24:59.298Z,181.86
2026-08-05T08:25:13.779Z,181.86
2026-08-05T08:25:33.819Z,179.79
2026-08-05T08:25:51.733Z,177.61
2026-08-05T08:26:04.132Z,177.61
2026-08-05T08:26:24.164Z,177.61
2026-08-05T08:26:39.331Z,176.5
2026-08-05T08:26:54.344Z,176.5
2026-08-05T08:27:08Z,176.5
2026-08-05T08:27:09.383Z,176.5
2026-08-05T08:27:25.441Z,180.65
2026-08-05T08:27:39.562Z,180.65
2026-08-05T08:27:59.62Z,182.98
2026-08-05T08:28:14.686Z,182.98
2026-08-05T08:28:29.772Z,186.78
2026-08-05T08:28:45.392Z,186.78
2026-08-05T08:29:00.506Z,186.78
2026-08-05T08:29:15.018Z,194.14
2026-08-05T08:29:35.091Z,195.53
2026-08-05T08:29:50.164Z,195.53
2026-08-05T08:30:13.169Z,200.12
2026-08-05T08:30:25.361Z,200.12
2026-08-05T08:30:40.497Z,200.12
2026-08-05T08:30:55.489Z,204.32
2026-08-05T08:31:10.548Z,204.32
2026-08-05T08:31:25.625Z,204.32
2026-08-05T08:31:40.675Z,208.29
2026-08-05T08:31:56.567Z,208.29
2026-08-05T08:32:10Z,210.86
2026-08-05T08:32:10.837Z,210.86
2026-08-05T08:32:25.912Z,210.86
2026-08-05T08:32:41.359Z,211.24
2026-08-05T08:32:56.77Z,211.24
2026-08-05T08:33:16.126Z,211.24
2026-08-05T08:33:31.315Z,216.69
2026-08-05T08:33:46.741Z,216.69
2026-08-05T08:34:02.562Z,225.45
2026-08-05T08:34:21.499Z,225.45
2026-08-05T08:34:36.581Z,233.57
2026-08-05T08:34:51.93Z,233.57
2026-08-05T08:35:12.395Z,241.95
2026-08-05T08:35:26.828Z,241.95
2026-08-05T08:35:47.821Z,251.48
2026-08-05T08:36:02.867Z,251.48
2026-08-05T08:36:17.229Z,251.48
2026-08-05T08:36:32.176Z,251.48
2026-08-05T08:36:47.152Z,251.48
2026-08-05T08:37:02.881Z,251.48
2026-08-05T08:37:16Z,262.54
2026-08-05T08:37:17.373Z,262.54
2026-08-05T08:37:32.456Z,262.54
2026-08-05T08:37:48.049Z,263.78
2026-08-05T08:38:02.981Z,263.78
2026-08-05T08:38:22.805Z,261.34
2026-08-05T08:38:42.86Z,261.34
2026-08-05T08:39:03.055Z,255.13
2026-08-05T08:39:18.042Z,253.07
2026-08-05T08:39:33.088Z,253.07
2026-08-05T08:39:48.201Z,252.78
2026-08-05T08:40:09.684Z,252.78
2026-08-05T08:40:23.419Z,252.78
2026-08-05T08:40:43.431Z,253.09
2026-08-05T08:40:58.689Z,253.09
2026-08-05T08:41:13.769Z,251.97
2026-08-05T08:41:28.888Z,251.97
2026-08-05T08:41:44.299Z,251.97
2026-08-05T08:42:00.136Z,250.96
2026-08-05T08:42:13Z,250.96
2026-08-05T08:42:14.132Z,250.96
2026-08-05T08:42:29.185Z,250.96
2026-08-05T08:42:44.244Z,250.98
2026-08-05T08:42:59.329Z,250.98
2026-08-05T08:43:14.407Z,250.98
2026-08-05T08:43:34.466Z,253.45
2026-08-05T08:43:50.054Z,253.45
2026-08-05T08:44:04.883Z,254.13
2026-08-05T08:44:24.694Z,254.13
2026-08-05T08:44:39.773Z,254.13
2026-08-05T08:44:54.844Z,255.36
2026-08-05T08:45:10.482Z,255.36
2026-08-05T08:45:24.999Z,255.13
2026-08-05T08:45:45.132Z,255.13
2026-08-05T08:46:00.192Z,255.13
2026-08-05T08:46:20.26Z,255.13
2026-08-05T08:46:35.355Z,255.13
2026-08-05T08:46:50.395Z,260.75
2026-08-05T08:47:05.534Z,260.75
2026-08-05T08:47:20Z,260.75
2026-08-05T08:47:20.557Z,260.75
2026-08-05T08:47:35.625Z,259.88
2026-08-05T08:47:50.703Z,259.88
2026-08-05T08:48:05.802Z,259.88
2026-08-05T08:48:25.878Z,256.74
2026-08-05T08:48:41.671Z,256.74
2026-08-05T08:48:56.056Z,256.06
2026-08-05T08:49:11.097Z,256.06
2026-08-05T08:49:26.187Z,256.79
2026-08-05T08:49:41.256Z,256.79
2026-08-05T08:50:11.917Z,256.41
2026-08-05T08:50:16.413Z,256.41
2026-08-05T08:50:36.59Z,256.41
2026-08-05T08:50:52.09Z,256.41
2026-08-05T08:51:06.937Z,256.41
2026-08-05T08:51:26.804Z,260.37
2026-08-05T08:51:41.95Z,254.04
2026-08-05T08:51:56.995Z,254.04
2026-08-05T08:52:11Z,254.04
2026-08-05T08:52:12.13Z,254.04
2026-08-05T08:52:27.185Z,240.25
2026-08-05T08:52:42.417Z,240.25
2026-08-05T08:52:57.332Z,240.25
2026-08-05T08:53:12.441Z,225.12
2026-08-05T08:53:27.502Z,225.12
2026-08-05T08:53:42.602Z,222.9
2026-08-05T08:53:57.658Z,222.9
2026-08-05T08:54:12.75Z,222.9
2026-08-05T08:54:27.805Z,222.9
2026-08-05T08:54:49.004Z,234.19
2026-08-05T08:55:15.417Z,238.79
2026-08-05T08:55:23.047Z,238.79
2026-08-05T08:55:38.162Z,247.95
2026-08-05T08:55:53.232Z,247.95
2026-08-05T08:56:08.322Z,250.02
2026-08-05T08:56:23.371Z,250.02
2026-08-05T08:56:38.451Z,250.92
2026-08-05T08:56:58.538Z,250.92
2026-08-05T08:57:13Z,256.18
2026-08-05T08:57:13.714Z,256.18
2026-08-05T08:57:33.794Z,256.18
2026-08-05T08:57:48.787Z,256.18
2026-08-05T08:58:04.41Z,256.18
2026-08-05T08:58:19.781Z,256.18
2026-08-05T08:58:34.304Z,265.39
2026-08-05T08:58:49.373Z,265.39
2026-08-05T08:59:04.483Z,265.71
2026-08-05T08:59:19.536Z,265.71
2026-08-05T08:59:34.611Z,265.81
2026-08-05T08:59:55.047Z,265.81
2026-08-05T09:00:11.506Z,265.81
2026-08-05T09:00:24.887Z,260.07
2026-08-05T09:00:39.927Z,260.07
2026-08-05T09:01:00.075Z,260.07
2026-08-05T09:01:15.154Z,260.07
2026-08-05T09:01:30.24Z,262.44
2026-08-05T09:01:50.288Z,262.44
2026-08-05T09:02:11.087Z,264.77
2026-08-05T09:02:25Z,264.77
2026-08-05T09:02:25.512Z,264.77
2026-08-05T09:02:40.58Z,265.72
2026-08-05T09:02:55.666Z,265.72
2026-08-05T09:03:10.715Z,265.72
2026-08-05T09:03:25.808Z,257.92
2026-08-05T09:03:45.896Z,257.92
2026-08-05T09:04:02.611Z,257.92
2026-08-05T09:04:16.076Z,256.71
2026-08-05T09:04:31.14Z,256.71
2026-08-05T09:04:51.212Z,267.89
2026-08-05T09:05:10.827Z,267.89
2026-08-05T09:05:21.426Z,267.89
2026-08-05T09:05:36.469Z,281.71
2026-08-05T09:05:56.549Z,281.71
2026-08-05T09:06:16.614Z,291.8
2026-08-05T09:06:31.686Z,291.8
2026-08-05T09:06:47.097Z,291.8
2026-08-05T09:07:02.562Z,298.62
2026-08-05T09:07:16Z,298.62
2026-08-05T09:07:17.035Z,298.62
2026-08-05T09:07:32.115Z,300.95
2026-08-05T09:07:52.218Z,300.95
2026-08-05T09:08:07.267Z,300.95
2026-08-05T09:08:22.373Z,307.4
2026-08-05T09:08:38.239Z,307.4
2026-08-05T09:08:57.515Z,312.23
2026-08-05T09:09:17.608Z,311.35
2026-08-05T09:09:32.682Z,311.35
2026-08-05T09:09:47.717Z,311.35
2026-08-05T09:10:12.689Z,311.29
2026-08-05T09:10:22.907Z,311.29
2026-08-05T09:10:38.004Z,310.17
2026-08-05T09:10:53.124Z,310.17
2026-08-05T09:11:13.241Z,310.17
2026-08-05T09:11:33.271Z,310.17
2026-08-05T09:11:48.354Z,310.17
2026-08-05T09:12:08.442Z,315.09
2026-08-05T09:12:23Z,315.09
2026-08-05T09:12:23.496Z,315.09
2026-08-05T09:12:38.572Z,310.44
2026-08-05T09:12:53.627Z,310.44
2026-08-05T09:13:13.753Z,300.44
2026-08-05T09:13:33.809Z,300.44
2026-08-05T09:13:48.884Z,295.71
2026-08-05T09:14:06.312Z,295.71
2026-08-05T09:14:19.807Z,295.71
2026-08-05T09:14:34.24Z,293.88
2026-08-05T09:14:55.631Z,294.83
2026-08-05T09:15:13.427Z,294.83
2026-08-05T09:15:24.539Z,295.01
2026-08-05T09:15:44.523Z,295.01
2026-08-05T09:15:59.61Z,297.11
2026-08-05T09:16:19.679Z,297.11
2026-08-05T09:16:34.751Z,297.11
2026-08-05T09:16:54.804Z,303.7
2026-08-05T09:17:10.182Z,303.7
2026-08-05T09:17:24Z,303.7
2026-08-05T09:17:24.988Z,303.7
2026-08-05T09:17:40.148Z,303.7
2026-08-05T09:17:55.2Z,303.7
2026-08-05T09:18:15.289Z,308.51
2026-08-05T09:18:30.353Z,308.51
2026-08-05T09:18:45.5Z,311.79
2026-08-05T09:19:05.515Z,311.79
2026-08-05T09:19:20.581Z,318.07
2026-08-05T09:19:35.683Z,318.07
2026-08-05T09:19:50.738Z,321.56
2026-08-05T09:20:12.504Z,320.93
2026-08-05T09:20:25.887Z,320.93
2026-08-05T09:20:41.1Z,319.26
2026-08-05T09:20:56.195Z,319.26
2026-08-05T09:21:11.252Z,314.85
2026-08-05T09:21:31.388Z,314.85
2026-08-05T09:21:46.419Z,303.66
2026-08-05T09:22:02.827Z,303.66
2026-08-05T09:22:16Z,298.42
2026-08-05T09:22:16.559Z,298.42
2026-08-05T09:22:37.338Z,298.42
2026-08-05T09:22:56.778Z,289.86
2026-08-05T09:23:16.859Z,279.85
2026-08-05T09:23:31.956Z,279.85
2026-08-05T09:23:47.007Z,276.86
2026-08-05T09:24:07.075Z,274.16
2026-08-05T09:24:27.212Z,274.16
2026-08-05T09:24:42.454Z,264.21
2026-08-05T09:24:57.51Z,264.21
2026-08-05T09:25:12.585Z,264.21
2026-08-05T09:25:28.092Z,264.21
2026-08-05T09:25:42.84Z,258.4
2026-08-05T09:25:57.797Z,258.4
2026-08-05T09:26:17.856Z,258.86
2026-08-05T09:26:37.955Z,261.37
2026-08-05T09:26:53.029Z,261.37
2026-08-05T09:27:08.12Z,262.24
2026-08-05T09:27:22Z,262.24
2026-08-05T09:27:23.18Z,262.24
2026-08-05T09:27:38.285Z,262.24
2026-08-05T09:27:53.363Z,262.24
2026-08-05T09:28:13.423Z,283.95
2026-08-05T09:28:33.505Z,283.95
2026-08-05T09:28:48.65Z,283.95
2026-08-05T09:29:03.673Z,299.22
2026-08-05T09:29:18.794Z,308.71
2026-08-05T09:29:39.566Z,308.71
2026-08-05T09:29:53.9Z,322.04
2026-08-05T09:30:13.681Z,322.04
2026-08-05T09:30:24.08Z,342.48
2026-08-05T09:30:39.17Z,333.12
2026-08-05T09:30:59.23Z,333.12
2026-08-05T09:31:14.292Z,333.12
2026-08-05T09:31:29.405Z,265.37
2026-08-05T09:31:44.417Z,265.37
2026-08-05T09:32:00.458Z,243.62
2026-08-05T09:32:14.575Z,243.62
2026-08-05T09:32:29Z,243.62
2026-08-05T09:32:29.701Z,243.62
2026-08-05T09:32:44.778Z,243.62
2026-08-05T09:32:59.862Z,218.5
2026-08-05T09:33:19.92Z,218.5
2026-08-05T09:33:35.018Z,213.82
2026-08-05T09:33:51.468Z,213.82
2026-08-05T09:34:05.427Z,210.85
2026-08-05T09:34:20.48Z,210.85
2026-08-05T09:34:40.621Z,209.73
2026-08-05T09:35:10.363Z,209.73
2026-08-05T09:35:15.727Z,208.44
2026-08-05T09:35:30.854Z,208.44
2026-08-05T09:35:46.048Z,208.44
2026-08-05T09:36:03.788Z,208.66
2026-08-05T09:36:16.131Z,208.66
2026-08-05T09:36:36.205Z,208.66
2026-08-05T09:36:51.315Z,208.66
2026-08-05T09:37:06.36Z,206.83
2026-08-05T09:37:21.436Z,206.21
2026-08-05T09:37:36Z,206.21
2026-08-05T09:37:36.582Z,206.21
2026-08-05T09:37:51.673Z,206.21
2026-08-05T09:38:14.139Z,206.21
2026-08-05T09:38:32.288Z,204.86
2026-08-05T09:38:46.914Z,204.86
2026-08-05T09:39:07.022Z,205.02
2026-08-05T09:39:22.101Z,205.02
2026-08-05T09:39:37.309Z,204.19
2026-08-05T09:39:52.255Z,204.19
2026-08-05T09:40:13.358Z,204.45
2026-08-05T09:40:27.403Z,204.45
2026-08-05T09:40:42.484Z,204.45
2026-08-05T09:40:57.561Z,204.45
2026-08-05T09:41:17.909Z,204.08
2026-08-05T09:41:32.711Z,204.08
2026-08-05T09:41:52.771Z,208.19
2026-08-05T09:42:07.872Z,208.19
2026-08-05T09:42:27Z,208.19
2026-08-05T09:42:28.008Z,208.19
2026-08-05T09:42:43.058Z,209.09
2026-08-05T09:43:03.131Z,210.1
2026-08-05T09:43:23.419Z,210.1
2026-08-05T09:43:38.279Z,210.1
2026-08-05T09:43:53.356Z,210.1
2026-08-05T09:44:08.439Z,210.1
2026-08-05T09:44:23.542Z,210.1
2026-08-05T09:44:43.594Z,210.1
2026-08-05T09:44:58.678Z,214.48
2026-08-05T09:45:13.735Z,214.48
2026-08-05T09:45:33.813Z,213.79
2026-08-05T09:45:53.903Z,213.79
2026-08-05T09:46:08.943Z,210.63
2026-08-05T09:46:24.163Z,210.63
2026-08-05T09:46:44.15Z,210.3
2026-08-05T09:47:04.196Z,210.13
2026-08-05T09:47:19.267Z,210.13
2026-08-05T09:47:33Z,210.13
2026-08-05T09:47:34.522Z,210.13
2026-08-05T09:47:54.423Z,209.75
2026-08-05T09:48:09.53Z,208.52
2026-08-05T09:48:24.572Z,208.52
2026-08-05T09:48:39.676Z,208.52
2026-08-05T09:48:54.75Z,207.72
2026-08-05T09:49:14.818Z,205.41
2026-08-05T09:49:36.249Z,205.41
2026-08-05T09:49:50.013Z,208.18
2026-08-05T09:50:13.514Z,208.43
2026-08-05T09:50:25.218Z,208.43
2026-08-05T09:50:40.416Z,208.43
2026-08-05T09:50:55.351Z,208.1
2026-08-05T09:51:11.152Z,208.1
2026-08-05T09:51:25.922Z,208.1
2026-08-05T09:51:41.511Z,208.1
2026-08-05T09:51:55.667Z,210.55
2026-08-05T09:52:10.747Z,210.55
2026-08-05T09:52:30Z,211.71
2026-08-05T09:52:31.555Z,211.71
2026-08-05T09:52:45.892Z,211.71
2026-08-05T09:53:02.907Z,212.32
2026-08-05T09:53:23.975Z,212.32
2026-08-05T09:53:36.131Z,212.55
2026-08-05T09:53:51.225Z,212.55
2026-08-05T09:54:06.274Z,213.95
2026-08-05T09:54:21.751Z,213.95
2026-08-05T09:54:36.452Z,213.95
2026-08-05T09:54:51.582Z,214.99
2026-08-05T09:55:11.595Z,214.99
2026-08-05T09:55:21.707Z,214.99
2026-08-05T09:55:36.776Z,214.99
2026-08-05T09:55:51.837Z,216.59
2026-08-05T09:56:06.956Z,216.59
2026-08-05T09:56:21.992Z,216.59
2026-08-05T09:56:37.073Z,218.02
2026-08-05T09:56:52.223Z,219.27
2026-08-05T09:57:07.296Z,219.27
2026-08-05T09:57:25.593Z,219.27
2026-08-05T09:57:37Z,221.05
2026-08-05T09:57:37.426Z,221.05
2026-08-05T09:57:52.535Z,221.05
2026-08-05T09:58:07.638Z,222.06
2026-08-05T09:58:22.675Z,222.06
2026-08-05T09:58:37.761Z,223.29
2026-08-05T09:58:52.827Z,223.29
2026-08-05T09:59:07.908Z,226.16
2026-08-05T09:59:24.34Z,226.16
2026-08-05T09:59:38.246Z,226.82
2026-08-05T09:59:53.297Z,230.98
2026-08-05T10:00:12.592Z,230.98
2026-08-05T10:00:24.461Z,230.98
2026-08-05T10:00:38.756Z,230.98
2026-08-05T10:00:53.818Z,241.52
2026-08-05T10:01:13.923Z,241.52
2026-08-05T10:01:29.04Z,241.52
2026-08-05T10:01:44.196Z,241.52
2026-08-05T10:01:59.27Z,241.52
2026-08-05T10:02:14.358Z,253.23
2026-08-05T10:02:29.469Z,253.23
2026-08-05T10:02:44Z,255.01
2026-08-05T10:02:44.51Z,255.01
2026-08-05T10:02:59.565Z,255.01
2026-08-05T10:03:14.64Z,255.01
2026-08-05T10:03:29.728Z,255.01
2026-08-05T10:03:44.822Z,255.01
2026-08-05T10:03:59.932Z,255.01
2026-08-05T10:04:15.692Z,255.01
2026-08-05T10:04:35.048Z,267.43
2026-08-05T10:04:50.11Z,267.43
2026-08-05T10:05:09.949Z,267.43
2026-08-05T10:05:25.323Z,267.43
2026-08-05T10:05:45.342Z,269.8
2026-08-05T10:06:00.421Z,269.8
2026-08-05T10:06:15.5Z,269.8
2026-08-05T10:06:30.561Z,269.8
2026-08-05T10:06:45.675Z,272.08
2026-08-05T10:07:02.723Z,272.08
2026-08-05T10:07:20.8Z,273.41
2026-08-05T10:07:40Z,273.41
2026-08-05T10:07:40.898Z,273.41
2026-08-05T10:07:55.961Z,273.18
2026-08-05T10:08:13.348Z,273.18
2026-08-05T10:08:26.141Z,273.48
2026-08-05T10:08:41.23Z,273.48
2026-08-05T10:08:56.34Z,276.82
2026-08-05T10:09:11.34Z,276.82
2026-08-05T10:09:26.482Z,277.38
2026-08-05T10:09:41.562Z,277.38
2026-08-05T10:10:07.089Z,276.99
2026-08-05T10:10:17.626Z,276.99
2026-08-05T10:10:31.798Z,276.99
2026-08-05T10:10:46.893Z,276.99
2026-08-05T10:11:04.107Z,280.35
2026-08-05T10:11:22.049Z,281.68
2026-08-05T10:11:37.102Z,281.68
2026-08-05T10:11:57.19Z,286.09
2026-08-05T10:12:12.245Z,286.09
2026-08-05T10:12:27.318Z,286.09
2026-08-05T10:12:46Z,289.76
2026-08-05T10:12:47.407Z,289.76
2026-08-05T10:13:03.152Z,289.76
2026-08-05T10:13:22.682Z,289.76
2026-08-05T10:13:42.634Z,289.76
2026-08-05T10:14:03.113Z,300.56
2026-08-05T10:14:19.169Z,300.56
2026-08-05T10:14:32.929Z,305.78
2026-08-05T10:14:48.014Z,305.78
2026-08-05T10:15:08.705Z,309.16
2026-08-05T10:15:23.17Z,309.16
2026-08-05T10:15:38.228Z,309.16
2026-08-05T10:15:53.291Z,309.16
2026-08-05T10:16:08.364Z,313.67
2026-08-05T10:16:23.457Z,313.67
2026-08-05T10:16:38.515Z,314.35
2026-08-05T10:16:58.598Z,314.35
2026-08-05T10:17:13.681Z,314.41
2026-08-05T10:17:30.582Z,314.41
2026-08-05T10:17:43Z,313.11
2026-08-05T10:17:43.844Z,313.11
2026-08-05T10:17:58.931Z,313.11
2026-08-05T10:18:14.04Z,311.35
2026-08-05T10:18:34.11Z,311.35
2026-08-05T10:18:49.132Z,309.2
2026-08-05T10:19:09.274Z,309.2
2026-08-05T10:19:24.355Z,309.2
2026-08-05T10:19:39.484Z,306.05
2026-08-05T10:19:59.498Z,306.67
2026-08-05T10:20:14.581Z,306.67
2026-08-05T10:20:30.577Z,308.14
2026-08-05T10:20:44.718Z,308.14
2026-08-05T10:20:59.797Z,308.14
2026-08-05T10:21:14.88Z,307.39
2026-08-05T10:21:35.492Z,307.39
2026-08-05T10:21:55.074Z,306.12
2026-08-05T10:22:10.196Z,304.98
2026-08-05T10:22:25.214Z,304.98
2026-08-05T10:22:44Z,304.98
2026-08-05T10:22:45.716Z,304.98
2026-08-05T10:23:05.393Z,304.98
2026-08-05T10:23:25.454Z,303.53
2026-08-05T10:23:40.514Z,303.53
2026-08-05T10:23:55.602Z,306.86
2026-08-05T10:24:10.698Z,306.86
2026-08-05T10:24:25.81Z,309.34
2026-08-05T10:24:40.807Z,309.34
2026-08-05T10:24:55.927Z,309.34
2026-08-05T10:25:12.631Z,311.31
2026-08-05T10:25:26.044Z,311.31
2026-08-05T10:25:42.34Z,311.31
2026-08-05T10:25:56.312Z,311.31
2026-08-05T10:26:16.402Z,311.31
2026-08-05T10:26:31.554Z,310.13
2026-08-05T10:26:46.617Z,310.13
2026-08-05T10:27:06.689Z,310.13
2026-08-05T10:27:21.787Z,318.51
2026-08-05T10:27:41Z,318.51
2026-08-05T10:27:41.823Z,318.51
2026-08-05T10:27:58.022Z,318.51
2026-08-05T10:28:11.973Z,320.69
2026-08-05T10:28:27.149Z,320.0
2026-08-05T10:28:47.138Z,320.0
2026-08-05T10:29:02.768Z,319.12
2026-08-05T10:29:17.272Z,319.12
2026-08-05T10:29:32.371Z,319.12
2026-08-05T10:29:47.418Z,319.92
2026-08-05T10:30:10.981Z,319.92
2026-08-05T10:30:22.641Z,320.56
2026-08-05T10:30:37.742Z,320.56
2026-08-05T10:30:57.727Z,321.58
2026-08-05T10:31:14.264Z,321.58
2026-08-05T10:31:27.897Z,320.05
2026-08-05T10:31:42.952Z,320.05
2026-08-05T10:32:03.198Z,318.97
2026-08-05T10:32:18.098Z,318.97
2026-08-05T10:32:37Z,317.57
2026-08-05T10:32:38.193Z,317.57
2026-08-05T10:32:58.24Z,317.57
2026-08-05T10:33:13.347Z,313.93
2026-08-05T10:33:33.395Z,313.93
2026-08-05T10:33:48.58Z,309.53
2026-08-05T10:34:03.657Z,309.53
2026-08-05T10:34:18.755Z,309.53
2026-08-05T10:34:33.817Z,306.65
2026-08-05T10:34:49.163Z,306.65
2026-08-05T10:35:11.113Z,306.77
2026-08-05T10:35:19.096Z,306.77
2026-08-05T10:35:34.138Z,306.77
2026-08-05T10:35:49.229Z,306.77
2026-08-05T10:36:04.375Z,307.69
2026-08-05T10:36:19.506Z,307.69
2026-08-05T10:36:34.573Z,307.69
2026-08-05T10:36:54.659Z,308.58
2026-08-05T10:37:09.728Z,308.58
2026-08-05T10:37:29.784Z,309.28
2026-08-05T10:37:49Z,309.28
2026-08-05T10:37:49.901Z,309.28
2026-08-05T10:38:04.977Z,307.0
2026-08-05T10:38:20.04Z,307.0
2026-08-05T10:38:35.116Z,305.96
2026-08-05T10:38:50.18Z,305.96
2026-08-05T10:39:05.259Z,305.18
2026-08-05T10:39:20.359Z,305.18
2026-08-05T10:39:35.413Z,299.6
2026-08-05T10:39:52.153Z,299.6
2026-08-05T10:40:10.804Z,299.6
2026-08-05T10:40:20.651Z,291.0
2026-08-05T10:40:35.728Z,291.0
2026-08-05T10:40:51.473Z,291.0
2026-08-05T10:41:05.878Z,281.82
2026-08-05T10:41:20.96Z,281.07
2026-08-05T10:41:36.031Z,281.07
2026-08-05T10:41:51.119Z,281.07
2026-08-05T10:42:11.184Z,292.41
2026-08-05T10:42:27.281Z,292.41
2026-08-05T10:42:40Z,286.32
2026-08-05T10:42:41.328Z,286.32
2026-08-05T10:43:08.394Z,286.32
2026-08-05T10:43:17.654Z,282.56
2026-08-05T10:43:31.639Z,282.56
2026-08-05T10:43:46.691Z,282.56
2026-08-05T10:44:03.447Z,296.32
2026-08-05T10:44:22.264Z,296.32
2026-08-05T10:44:36.874Z,296.32
2026-08-05T10:44:56.952Z,304.46
2026-08-05T10:45:15.064Z,304.46
2026-08-05T10:45:27.734Z,304.12
2026-08-05T10:45:42.186Z,304.12
2026-08-05T10:45:57.284Z,304.12
2026-08-05T10:46:12.331Z,302.46
2026-08-05T10:46:28.235Z,302.46
2026-08-05T10:46:42.497Z,301.13
2026-08-05T10:46:57.574Z,301.13
2026-08-05T10:47:12.968Z,301.13
2026-08-05T10:47:27.769Z,303.78
2026-08-05T10:47:42Z,303.41
2026-08-05T10:47:42.896Z,303.41
2026-08-05T10:48:20.406Z,303.41
2026-08-05T10:48:24.707Z,303.41
2026-08-05T10:48:38.107Z,303.41
2026-08-05T10:48:58.18Z,300.63
2026-08-05T10:49:15.229Z,300.63
2026-08-05T10:49:28.558Z,297.79
2026-08-05T10:49:48.634Z,297.79
2026-08-05T10:50:08.798Z,294.06
2026-08-05T10:50:25.168Z,294.06
2026-08-05T10:50:43.98Z,293.51
2026-08-05T10:50:59.147Z,293.51
2026-08-05T10:51:14.17Z,293.51
2026-08-05T10:51:29.199Z,289.54
2026-08-05T10:51:44.447Z,289.54
2026-08-05T10:51:59.403Z,289.54
2026-08-05T10:52:19.483Z,312.37
2026-08-05T10:52:34.576Z,312.37
2026-08-05T10:52:49Z,318.63
2026-08-05T10:52:49.621Z,318.63
2026-08-05T10:53:27.191Z,318.63
2026-08-05T10:53:32.946Z,325.61
2026-08-05T10:53:38.542Z,325.61
2026-08-05T10:53:50.506Z,325.61
2026-08-05T10:54:06.617Z,322.38
2026-08-05T10:54:20.388Z,322.38
2026-08-05T10:54:40.448Z,321.87
2026-08-05T10:54:55.564Z,321.87
2026-08-05T10:55:11.519Z,321.93
2026-08-05T10:55:25.983Z,321.93
2026-08-05T10:55:40.774Z,323.14
2026-08-05T10:55:55.866Z,323.14
2026-08-05T10:56:10.93Z,323.14
2026-08-05T10:56:26.547Z,323.14
2026-08-05T10:56:41.325Z,326.87
2026-08-05T10:57:02.579Z,326.87
2026-08-05T10:57:16.405Z,326.87
2026-08-05T10:57:31.94Z,328.87
2026-08-05T10:57:46.557Z,328.87
2026-08-05T10:58:01Z,328.87
2026-08-05T10:58:02.795Z,328.87
2026-08-05T10:58:16.709Z,330.33
2026-08-05T10:58:31.778Z,330.33
2026-08-05T10:58:51.923Z,330.33
2026-08-05T10:59:07.273Z,337.38
2026-08-05T10:59:22.333Z,337.38
2026-08-05T10:59:37.494Z,337.38
2026-08-05T10:59:57.47Z,341.2
2026-08-05T11:00:12.616Z,341.2
2026-08-05T11:00:27.661Z,341.2
2026-08-05T11:00:42.765Z,341.2
2026-08-05T11:00:57.859Z,341.2
2026-08-05T11:01:12.878Z,344.81
2026-08-05T11:01:27.981Z,346.64
2026-08-05T11:01:43.188Z,346.64
2026-08-05T11:01:58.8Z,346.64
2026-08-05T11:02:18.26Z,347.78
2026-08-05T11:02:33.331Z,347.78
2026-08-05T11:02:48.651Z,347.78
2026-08-05T11:03:03Z,348.87
2026-08-05T11:03:03.618Z,348.87
2026-08-05T11:03:18.672Z,348.87
2026-08-05T11:03:33.772Z,348.76
2026-08-05T11:03:50.18Z,348.76
2026-08-05T11:04:04.131Z,345.3
2026-08-05T11:04:19.266Z,345.3
2026-08-05T11:04:34.762Z,344.85
2026-08-05T11:04:54.351Z,344.85
2026-08-05T11:05:14.446Z,344.85
2026-08-05T11:05:29.582Z,344.85
2026-08-05T11:05:44.596Z,344.85
2026-08-05T11:05:59.683Z,346.43
2026-08-05T11:06:14.74Z,346.43
2026-08-05T11:06:29.877Z,345.43
2026-08-05T11:06:49.949Z,345.43
2026-08-05T11:07:05.055Z,347.52
2026-08-05T11:07:20.099Z,347.52
2026-08-05T11:07:35.182Z,347.52
2026-08-05T11:07:50.26Z,343.41
2026-08-05T11:08:04Z,343.41
2026-08-05T11:08:05.332Z,343.41
2026-08-05T11:08:20.432Z,343.41
2026-08-05T11:08:35.491Z,342.02
2026-08-05T11:08:55.58Z,337.1
2026-08-05T11:09:10.646Z,337.1
2026-08-05T11:09:25.726Z,334.5
2026-08-05T11:09:40.805Z,334.5
2026-08-05T11:09:55.934Z,332.37
2026-08-05T11:10:11.695Z,332.37
2026-08-05T11:10:26.05Z,333.25
2026-08-05T11:10:41.155Z,333.25
2026-08-05T11:10:56.169Z,333.45
2026-08-05T11:11:11.245Z,333.45
2026-08-05T11:11:31.503Z,334.88
2026-08-05T11:11:46.399Z,334.88
2026-08-05T11:12:02.814Z,334.88
2026-08-05T11:12:21.588Z,334.88
2026-08-05T11:12:36.853Z,333.21
2026-08-05T11:12:51.699Z,332.18
2026-08-05T11:13:06Z,332.18
2026-08-05T11:13:06.778Z,332.18
2026-08-05T11:13:21.843Z,331.94
2026-08-05T11:13:37.844Z,331.94
2026-08-05T11:13:52.051Z,331.94
2026-08-05T11:14:12.147Z,330.95
2026-08-05T11:14:27.208Z,330.95
2026-08-05T11:14:47.265Z,330.53
2026-08-05T11:15:12.303Z,330.0
2026-08-05T11:15:22.519Z,330.0
2026-08-05T11:15:37.995Z,330.0
2026-08-05T11:15:57.617Z,330.0
2026-08-05T11:16:17.709Z,327.83
2026-08-05T11:16:32.879Z,327.83
2026-08-05T11:16:53.124Z,327.83
2026-08-05T11:17:03.84Z,326.27
2026-08-05T11:17:23.01Z,326.27
2026-08-05T11:17:38.149Z,323.83
2026-08-05T11:17:53.635Z,323.83
2026-08-05T11:18:08Z,323.83
2026-08-05T11:18:08.856Z,323.83
2026-08-05T11:19:15.345Z,323.83
2026-08-05T11:19:34.618Z,303.98
2026-08-05T11:19:49.396Z,303.98
2026-08-05T11:20:11.646Z,303.98
2026-08-05T11:20:19.794Z,303.98
2026-08-05T11:20:34.549Z,294.02
2026-08-05T11:20:49.619Z,294.02
2026-08-05T11:21:04.984Z,294.74
2026-08-05T11:21:19.839Z,294.74
2026-08-05T11:21:34.922Z,295.9
2026-08-05T11:21:49.99Z,295.9
2026-08-05T11:22:10.136Z,295.8
2026-08-05T11:22:25.157Z,295.8
2026-08-05T11:22:40.267Z,294.83
2026-08-05T11:22:55.866Z,294.83
2026-08-05T11:23:10.397Z,294.83
2026-08-05T11:23:25.509Z,294.17
2026-08-05T11:23:40.582Z,294.17
2026-08-05T11:23:55Z,296.03
2026-08-05T11:23:55.631Z,296.03
2026-08-05T11:24:10.708Z,296.03
2026-08-05T11:24:25.83Z,298.9
2026-08-05T11:24:40.911Z,298.9
2026-08-05T11:24:55.943Z,298.9
2026-08-05T11:25:11.01Z,298.9
2026-08-05T11:25:26.1Z,331.31
2026-08-05T11:25:41.171Z,331.31
2026-08-05T11:25:56.562Z,341.04
2026-08-05T11:26:11.363Z,352.09
2026-08-05T11:26:26.39Z,352.09
2026-08-05T11:26:41.47Z,352.09
2026-08-05T11:26:56.76Z,352.09
2026-08-05T11:27:11.637Z,371.2
2026-08-05T11:27:26.767Z,371.2
2026-08-05T11:27:42.406Z,370.75
2026-08-05T11:27:57.328Z,370.75
2026-08-05T11:28:12.145Z,370.75
2026-08-05T11:28:27.139Z,370.75
2026-08-05T11:28:42.186Z,371.48
2026-08-05T11:28:56Z,371.48
2026-08-05T11:28:57.251Z,371.48
2026-08-05T11:29:12.308Z,374.33
2026-08-05T11:29:27.395Z,374.33
2026-08-05T11:29:47.468Z,374.33
2026-08-05T11:30:10.391Z,374.33
2026-08-05T11:30:17.653Z,374.23
2026-08-05T11:30:37.76Z,373.65
2026-08-05T11:30:52.841Z,373.65
2026-08-05T11:31:07.849Z,373.65
2026-08-05T11:31:22.984Z,369.73
2026-08-05T11:31:43.065Z,369.73
2026-08-05T11:31:58.155Z,369.99
2026-08-05T11:32:13.26Z,369.99
2026-08-05T11:32:33.309Z,369.73
2026-08-05T11:32:48.413Z,369.73
2026-08-05T11:33:04.28Z,369.73
2026-08-05T11:33:21.018Z,369.73
2026-08-05T11:33:33.704Z,369.73
2026-08-05T11:33:48.709Z,359.76
2026-08-05T11:34:03Z,359.76
2026-08-05T11:34:03.768Z,359.76
2026-08-05T11:34:24.167Z,359.76
2026-08-05T11:34:38.974Z,350.42
2026-08-05T11:34:54.006Z,350.42
2026-08-05T11:35:12.614Z,343.53
2026-08-05T11:35:30.038Z,343.53
2026-08-05T11:35:44.297Z,343.53
2026-08-05T11:35:59.401Z,334.79
2026-08-05T11:36:14.46Z,334.79
2026-08-05T11:36:29.768Z,334.79
2026-08-05T11:36:44.93Z,325.43
2026-08-05T11:36:59.653Z,325.43
2026-08-05T11:37:14.755Z,318.94
2026-08-05T11:37:34.947Z,318.94
2026-08-05T11:37:54.892Z,318.94
2026-08-05T11:38:10.446Z,318.94
2026-08-05T11:38:30.776Z,306.65
2026-08-05T11:38:45.14Z,306.65
2026-08-05T11:38:59Z,306.65
2026-08-05T11:39:00.516Z,306.65
2026-08-05T11:39:36.915Z,291.06
2026-08-05T11:39:41.465Z,285.76
2026-08-05T11:39:45.952Z,285.76
2026-08-05T11:40:12.207Z,285.76
2026-08-05T11:40:15.971Z,278.87
2026-08-05T11:40:30.938Z,278.87
2026-08-05T11:40:45.949Z,275.56
2026-08-05T11:41:02.593Z,271.35
2026-08-05T11:41:21.053Z,271.35
2026-08-05T11:41:36.488Z,269.47
2026-08-05T11:41:51.367Z,269.47
2026-08-05T11:42:06.416Z,269.26
2026-08-05T11:42:26.507Z,269.26
2026-08-05T11:42:41.7Z,269.26
2026-08-05T11:42:56.683Z,268.24
2026-08-05T11:43:11.765Z,268.24
2026-08-05T11:43:26.843Z,268.24
2026-08-05T11:43:41.939Z,265.29
2026-08-05T11:43:56Z,265.29
2026-08-05T11:43:57.812Z,265.29
2026-08-05T11:44:13.206Z,265.29
2026-08-05T11:44:27.173Z,262.39
2026-08-05T11:44:42.207Z,262.39
2026-08-05T11:44:57.291Z,262.39
2026-08-05T11:45:14.06Z,260.04
2026-08-05T11:45:27.542Z,260.04
2026-08-05T11:45:42.487Z,257.37
2026-08-05T11:46:03.748Z,257.37
2026-08-05T11:46:17.665Z,257.37
2026-08-05T11:46:32.711Z,257.37
2026-08-05T11:46:47.781Z,257.37
2026-08-05T11:47:04.565Z,252.12
2026-08-05T11:47:18.009Z,252.12
2026-08-05T11:47:33.036Z,252.12
2026-08-05T11:47:48.113Z,252.9
2026-08-05T11:48:04.794Z,252.9
2026-08-05T11:48:18.269Z,252.9
2026-08-05T11:48:33.347Z,253.48
2026-08-05T11:48:48.459Z,254.1
2026-08-05T11:49:08Z,254.1
2026-08-05T11:49:09.235Z,254.1
2026-08-05T11:49:41.516Z,254.38
2026-08-05T11:49:45.148Z,254.38
2026-08-05T11:49:53.763Z,254.38
2026-08-05T11:50:13.881Z,255.39
2026-08-05T11:50:28.976Z,255.59
2026-08-05T11:50:49.38Z,255.59
2026-08-05T11:51:09.033Z,256.87
2026-08-05T11:51:24.114Z,256.87
2026-08-05T11:51:39.203Z,256.87
2026-08-05T11:51:54.284Z,258.99
2026-08-05T11:52:09.341Z,259.43
2026-08-05T11:52:24.413Z,259.43
2026-08-05T11:52:39.502Z,259.43
2026-08-05T11:52:54.548Z,261.42
2026-08-05T11:53:09.639Z,261.42
2026-08-05T11:53:24.777Z,261.42
2026-08-05T11:53:39.86Z,265.23
2026-08-05T11:53:59Z,265.23
2026-08-05T11:53:59.896Z,265.23
2026-08-05T11:54:14.98Z,265.23
2026-08-05T11:54:30.037Z,270.61
2026-08-05T11:54:45.401Z,270.61
2026-08-05T11:55:00.194Z,273.03
2026-08-05T11:55:15.294Z,273.03
2026-08-05T11:55:35.349Z,273.03
2026-08-05T11:55:50.422Z,283.02
2026-08-05T11:56:05.843Z,283.02
2026-08-05T11:56:20.573Z,283.02
2026-08-05T11:56:35.643Z,313.47
2026-08-05T11:56:50.723Z,313.47
2026-08-05T11:57:05.82Z,313.47
2026-08-05T11:57:20.876Z,355.71
2026-08-05T11:57:36.169Z,379.0
2026-08-05T11:57:56.125Z,379.0
2026-08-05T11:58:11.259Z,379.0
2026-08-05T11:58:26.255Z,413.95
2026-08-05T11:58:46.346Z,424.37
2026-08-05T11:59:01Z,424.37
2026-08-05T11:59:03.016Z,424.37
2026-08-05T11:59:16.551Z,436.91
2026-08-05T11:59:31.661Z,436.91
2026-08-05T11:59:51.687Z,436.91
2026-08-05T12:00:10.477Z,436.91
2026-08-05T12:00:21.893Z,452.04
2026-08-05T12:00:36.994Z,453.63
2026-08-05T12:00:52.376Z,453.63
2026-08-05T12:01:12.16Z,453.63
2026-08-05T12:01:27.209Z,438.87
2026-08-05T12:01:42.814Z,438.87
2026-08-05T12:01:57.399Z,438.87
2026-08-05T12:02:12.485Z,438.87
2026-08-05T12:02:27.572Z,211.3
2026-08-05T12:02:42.71Z,211.3
2026-08-05T12:02:57.871Z,210.89
2026-08-05T12:03:12.88Z,210.89
2026-08-05T12:03:32.937Z,217.04
2026-08-05T12:03:48.028Z,217.04
2026-08-05T12:04:02Z,217.38
2026-08-05T12:04:03.155Z,217.38
2026-08-05T12:04:18.681Z,217.38
2026-08-05T12:04:34.106Z,217.38
2026-08-05T12:04:48.857Z,215.62
2026-08-05T12:05:11.743Z,215.62
2026-08-05T12:05:23.541Z,215.95
2026-08-05T12:05:38.599Z,215.95
2026-08-05T12:05:53.682Z,216.01
2026-08-05T12:06:08.764Z,216.01
2026-08-05T12:06:23.845Z,216.01
2026-08-05T12:06:38.913Z,216.01
2026-08-05T12:06:54.035Z,216.01
2026-08-05T12:07:14.345Z,215.43
2026-08-05T12:07:29.198Z,215.43
2026-08-05T12:07:44.328Z,215.43
2026-08-05T12:07:59.413Z,215.43
2026-08-05T12:08:19.441Z,216.15
2026-08-05T12:08:34.519Z,214.12
2026-08-05T12:08:49.596Z,214.12
2026-08-05T12:09:04Z,214.12
2026-08-05T12:09:04.669Z,214.12
2026-08-05T12:09:19.757Z,214.12
2026-08-05T12:09:34.813Z,212.74
2026-08-05T12:09:49.896Z,212.74
2026-08-05T12:10:10.43Z,212.74
2026-08-05T12:10:25.212Z,211.8
2026-08-05T12:10:40.18Z,211.8
2026-08-05T12:10:55.343Z,208.68
2026-08-05T12:11:10.345Z,208.08
2026-08-05T12:11:25.419Z,208.08
2026-08-05T12:11:40.503Z,209.01
2026-08-05T12:11:55.57Z,209.01
2026-08-05T12:12:10.635Z,208.31
2026-08-05T12:12:25.724Z,208.31
2026-08-05T12:12:46.514Z,208.31
2026-08-05T12:13:02.71Z,208.31
2026-08-05T12:13:20.94Z,208.17
2026-08-05T12:13:36.033Z,208.17
2026-08-05T12:13:56.102Z,209.82
2026-08-05T12:14:10Z,209.82
2026-08-05T12:14:11.184Z,209.82
2026-08-05T12:14:27.103Z,211.69
2026-08-05T12:14:46.37Z,211.69
2026-08-05T12:15:11.653Z,213.9
2026-08-05T12:15:16.485Z,213.9
2026-08-05T12:15:32.058Z,213.53
2026-08-05T12:15:46.714Z,213.53
2026-08-05T12:16:02.706Z,213.53
2026-08-05T12:16:16.83Z,213.53
2026-08-05T12:16:31.856Z,212.8
2026-08-05T12:16:46.94Z,212.8
2026-08-05T12:17:02.871Z,211.84
2026-08-05T12:17:17.099Z,211.84
2026-08-05T12:17:32.202Z,211.55
2026-08-05T12:17:52.904Z,211.55
2026-08-05T12:18:07.323Z,211.55
2026-08-05T12:18:27.422Z,211.55
2026-08-05T12:18:42.486Z,212.15
2026-08-05T12:19:03.871Z,212.15
2026-08-05T12:19:17Z,212.15
2026-08-05T12:19:17.657Z,212.15
2026-08-05T12:19:32.726Z,210.82
2026-08-05T12:19:52.815Z,210.82
2026-08-05T12:20:09.844Z,210.31
2026-08-05T12:20:22.961Z,211.13
2026-08-05T12:20:38.07Z,211.13
2026-08-05T12:20:53.109Z,211.13
2026-08-05T12:21:08.212Z,212.13
2026-08-05T12:21:23.271Z,212.13
2026-08-05T12:21:43.335Z,212.82
2026-08-05T12:21:58.486Z,212.82
2026-08-05T12:22:18.495Z,213.58
2026-08-05T12:22:33.601Z,213.58
2026-08-05T12:22:53.639Z,213.58
2026-08-05T12:23:08.732Z,213.58
2026-08-05T12:23:23.806Z,214.77
2026-08-05T12:23:38.91Z,214.77
2026-08-05T12:23:53.952Z,214.77
2026-08-05T12:24:08Z,216.15
2026-08-05T12:24:09.078Z,216.15
2026-08-05T12:24:24.219Z,216.15
2026-08-05T12:24:39.202Z,216.15
2026-08-05T12:24:54.549Z,216.05
2026-08-05T12:25:14.322Z,216.34
2026-08-05T12:25:24.563Z,216.34
2026-08-05T12:25:39.675Z,216.34
2026-08-05T12:25:54.678Z,216.34
2026-08-05T12:26:10.244Z,216.8
2026-08-05T12:26:25.225Z,216.8
2026-08-05T12:26:39.883Z,216.87
2026-08-05T12:26:54.956Z,216.87
2026-08-05T12:27:15.157Z,216.37
2026-08-05T12:27:30.158Z,216.37
2026-08-05T12:27:45.199Z,216.37
2026-08-05T12:28:05.284Z,215.24
2026-08-05T12:28:27.14Z,215.24
2026-08-05T12:28:40.521Z,215.24
2026-08-05T12:28:55.544Z,214.76
2026-08-05T12:29:10Z,214.76
2026-08-05T12:29:10.63Z,214.76
2026-08-05T12:29:25.677Z,214.76
2026-08-05T12:29:45.827Z,214.73
2026-08-05T12:30:09.822Z,214.73
2026-08-05T12:30:16.002Z,214.73
2026-08-05T12:30:36.045Z,215.96
2026-08-05T12:30:51.127Z,215.96
2026-08-05T12:31:11.246Z,216.62
2026-08-05T12:31:26.298Z,216.52
2026-08-05T12:31:41.361Z,216.52
2026-08-05T12:31:56.696Z,216.52
2026-08-05T12:32:16.529Z,215.74
2026-08-05T12:32:31.594Z,215.74
2026-08-05T12:32:51.699Z,215.58
2026-08-05T12:33:06.856Z,215.58
2026-08-05T12:33:21.979Z,215.58
2026-08-05T12:33:36.992Z,215.34
2026-08-05T12:33:52.102Z,215.4
2026-08-05T12:34:11Z,215.4
2026-08-05T12:34:12.415Z,215.4
2026-08-05T12:34:27.244Z,215.4
2026-08-05T12:34:43.43Z,216.86
2026-08-05T12:34:57.387Z,216.86
2026-08-05T12:35:12.545Z,216.86
2026-08-05T12:35:27.536Z,216.86
2026-08-05T12:35:42.667Z,217.32
2026-08-05T12:35:57.701Z,217.32
2026-08-05T12:36:12.778Z,217.43
2026-08-05T12:36:27.829Z,217.49
2026-08-05T12:36:42.954Z,217.49
2026-08-05T12:36:57.979Z,217.49
2026-08-05T12:37:13.092Z,217.49
2026-08-05T12:37:28.158Z,218.0
2026-08-05T12:37:48.251Z,218.03
2026-08-05T12:38:04.076Z,218.03
2026-08-05T12:38:19.098Z,218.03
2026-08-05T12:38:33.461Z,218.03
2026-08-05T12:38:53.526Z,217.48
2026-08-05T12:39:08.878Z,217.48
2026-08-05T12:39:23Z,216.47
2026-08-05T12:39:23.672Z,216.47
2026-08-05T12:39:38.769Z,216.47
2026-08-05T12:39:58.904Z,218.16
2026-08-05T12:40:13.993Z,217.12
2026-08-05T12:40:28.999Z,217.12
2026-08-05T12:40:44.123Z,217.12
2026-08-05T12:40:59.167Z,216.09
2026-08-05T12:41:14.236Z,216.09
2026-08-05T12:41:29.337Z,216.14
2026-08-05T12:41:44.445Z,216.14
2026-08-05T12:42:04.499Z,216.14
2026-08-05T12:42:19.593Z,216.14
2026-08-05T12:42:34.658Z,217.73
2026-08-05T12:42:50.017Z,217.73
2026-08-05T12:43:04.912Z,218.47
2026-08-05T12:43:19.97Z,218.47
2026-08-05T12:43:40.077Z,219.86
2026-08-05T12:43:55.175Z,219.86
2026-08-05T12:44:10.209Z,219.86
2026-08-05T12:44:24Z,219.86
2026-08-05T12:44:25.341Z,219.86
2026-08-05T12:44:41.204Z,219.86
2026-08-05T12:45:07.148Z,221.03
2026-08-05T12:45:15.575Z,221.03
2026-08-05T12:45:35.652Z,220.85
2026-08-05T12:45:55.738Z,220.56
2026-08-05T12:46:10.804Z,220.56
2026-08-05T12:46:25.871Z,219.39
2026-08-05T12:46:41.072Z,219.39
2026-08-05T12:46:56.048Z,218.86
2026-08-05T12:47:13.661Z,219.11
2026-08-05T12:47:27.339Z,219.11
2026-08-05T12:47:46.392Z,218.75
2026-08-05T12:48:07.287Z,218.75
2026-08-05T12:48:21.564Z,219.18
2026-08-05T12:48:36.616Z,219.18
2026-08-05T12:48:51.68Z,218.99
2026-08-05T12:49:06.796Z,218.99
2026-08-05T12:49:21Z,218.99
2026-08-05T12:49:21.949Z,218.99
2026-08-05T12:49:36.972Z,218.9
2026-08-05T12:49:52.04Z,218.9
2026-08-05T12:50:12.181Z,218.9
2026-08-05T12:50:28.619Z,218.9
2026-08-05T12:50:42.265Z,217.88
2026-08-05T12:50:57.375Z,217.88
2026-08-05T12:51:12.423Z,217.88
2026-08-05T12:51:27.715Z,217.88
2026-08-05T12:51:42.592Z,217.88
2026-08-05T12:51:57.665Z,216.2
2026-08-05T12:52:17.738Z,216.44
2026-08-05T12:52:39.695Z,216.44
2026-08-05T12:52:53.336Z,216.57
2026-08-05T12:53:08.049Z,216.57
2026-08-05T12:53:23.163Z,216.27
2026-08-05T12:53:43.244Z,216.27
2026-08-05T12:53:58.251Z,216.27
2026-08-05T12:54:13.34Z,211.78
2026-08-05T12:54:28Z,210.78
2026-08-05T12:54:28.425Z,210.78
2026-08-05T12:54:43.494Z,210.78
2026-08-05T12:54:58.549Z,210.78
2026-08-05T12:55:13.629Z,211.33
2026-08-05T12:55:28.696Z,211.33
2026-08-05T12:55:43.797Z,211.33
2026-08-05T12:55:58.856Z,211.33
2026-08-05T12:56:13.982Z,214.52
2026-08-05T12:56:34.071Z,214.52
2026-08-05T12:56:54.112Z,215.53
2026-08-05T12:57:09.238Z,215.53
2026-08-05T12:57:24.34Z,216.21
2026-08-05T12:57:39.404Z,216.21
2026-08-05T12:57:54.729Z,216.21
2026-08-05T12:58:14.619Z,216.31
2026-08-05T12:58:29.726Z,216.31
2026-08-05T12:58:45.986Z,215.63
2026-08-05T12:58:59.752Z,215.63
2026-08-05T12:59:19Z,215.34
2026-08-05T12:59:19.836Z,215.34
2026-08-05T12:59:37.558Z,215.35
2026-08-05T12:59:50.013Z,215.35
2026-08-05T13:00:11.978Z,215.35
2026-08-05T13:00:20.267Z,215.35
2026-08-05T13:00:40.307Z,216.19
2026-08-05T13:00:56.426Z,216.19
2026-08-05T13:01:10.445Z,216.19
2026-08-05T13:01:30.511Z,216.58
2026-08-05T13:01:45.604Z,216.58
2026-08-05T13:02:02.878Z,216.43
2026-08-05T13:02:20.84Z,216.43
2026-08-05T13:02:35.926Z,217.1
2026-08-05T13:02:51.12Z,217.1
2026-08-05T13:03:07.066Z,217.1
2026-08-05T13:03:21.148Z,217.55
2026-08-05T13:03:36.238Z,217.55
2026-08-05T13:03:51.307Z,217.55
2026-08-05T13:04:11.373Z,218.53
2026-08-05T13:04:31Z,218.53
2026-08-05T13:04:31.522Z,218.53
2026-08-05T13:04:46.618Z,217.26
2026-08-05T13:05:11.391Z,217.26
2026-08-05T13:05:16.767Z,217.26
2026-08-05T13:05:31.883Z,216.82
2026-08-05T13:05:46.948Z,216.82
2026-08-05T13:06:03.469Z,216.82
2026-08-05T13:06:17.087Z,216.34
2026-08-05T13:06:32.511Z,216.34
2026-08-05T13:06:52.224Z,216.34
2026-08-05T13:07:07.373Z,216.34
2026-08-05T13:07:22.394Z,215.82
2026-08-05T13:07:37.918Z,215.82
2026-08-05T13:07:52.536Z,214.99
2026-08-05T13:08:12.615Z,214.99
2026-08-05T13:08:27.689Z,214.99
2026-08-05T13:08:42.771Z,214.71
2026-08-05T13:08:57.845Z,214.71
2026-08-05T13:09:12.926Z,214.69
2026-08-05T13:09:27Z,214.69
2026-08-05T13:09:28.069Z,214.69
2026-08-05T13:09:43.178Z,214.69
2026-08-05T13:09:58.23Z,214.69
2026-08-05T13:10:18.344Z,214.3
2026-08-05T13:10:35.956Z,214.3
2026-08-05T13:10:48.478Z,214.39
2026-08-05T13:11:08.537Z,214.43
2026-08-05T13:11:28.688Z,214.43
2026-08-05T13:11:43.715Z,214.43
2026-08-05T13:12:03.82Z,215.32
2026-08-05T13:12:18.846Z,215.32
2026-08-05T13:12:33.947Z,215.32
2026-08-05T13:12:49.004Z,215.32
2026-08-05T13:13:04.116Z,215.32
2026-08-05T13:13:24.166Z,215.3
2026-08-05T13:13:39.409Z,215.3
2026-08-05T13:13:54.328Z,215.42
2026-08-05T13:14:09.429Z,215.42
2026-08-05T13:14:24Z,215.42
2026-08-05T13:14:24.52Z,215.42
2026-08-05T13:14:39.605Z,215.42
2026-08-05T13:14:54.661Z,215.8
2026-08-05T13:15:13.469Z,214.97
2026-08-05T13:15:29.783Z,214.97
2026-08-05T13:15:44.925Z,214.32
2026-08-05T13:15:59.937Z,214.32
2026-08-05T13:16:20.058Z,214.31
2026-08-05T13:16:35.107Z,214.31
2026-08-05T13:16:50.17Z,214.31
2026-08-05T13:17:05.256Z,212.31
2026-08-05T13:17:20.357Z,212.31
2026-08-05T13:17:40.425Z,212.09
2026-08-05T13:17:55.474Z,212.09
2026-08-05T13:18:10.55Z,212.06
2026-08-05T13:18:30.63Z,212.06
2026-08-05T13:18:45.714Z,211.59
2026-08-05T13:19:02.623Z,211.59
2026-08-05T13:19:15.928Z,211.59
2026-08-05T13:19:35Z,211.35
2026-08-05T13:19:36.02Z,211.35
2026-08-05T13:19:56.149Z,211.35
2026-08-05T13:20:13.167Z,211.86
2026-08-05T13:20:26.288Z,211.86
2026-08-05T13:20:46.333Z,211.5
2026-08-05T13:21:02.651Z,211.5
2026-08-05T13:21:21.466Z,211.14
2026-08-05T13:21:42.981Z,211.14
2026-08-05T13:21:56.682Z,210.29
2026-08-05T13:22:16.75Z,210.18
2026-08-05T13:22:31.81Z,210.18
2026-08-05T13:22:46.903Z,210.03
2026-08-05T13:23:02.627Z,210.03
2026-08-05T13:23:22.236Z,210.3
2026-08-05T13:23:37.223Z,210.3
2026-08-05T13:23:52.221Z,210.3
2026-08-05T13:24:12.426Z,210.3
2026-08-05T13:24:27Z,209.66
2026-08-05T13:24:27.515Z,209.66
2026-08-05T13:24:47.575Z,208.43
2026-08-05T13:25:10.331Z,208.43
2026-08-05T13:25:22.714Z,208.13
2026-08-05T13:25:37.78Z,208.13
2026-08-05T13:25:52.852Z,208.13
2026-08-05T13:26:12.941Z,206.92
2026-08-05T13:26:35.362Z,206.95
2026-08-05T13:26:48.124Z,206.95
2026-08-05T13:27:03.343Z,206.95
2026-08-05T13:27:18.317Z,206.95
2026-08-05T13:27:33.373Z,206.03
2026-08-05T13:27:48.447Z,206.03
2026-08-05T13:28:05.395Z,206.03
2026-08-05T13:28:18.604Z,205.21
2026-08-05T13:28:33.658Z,205.03
2026-08-05T13:28:53.732Z,205.03
2026-08-05T13:29:08.936Z,205.06
2026-08-05T13:29:23Z,205.06
2026-08-05T13:29:24.437Z,205.06
2026-08-05T13:29:44.036Z,205.06
2026-08-05T13:29:59.127Z,205.45
2026-08-05T13:30:14.699Z,205.45
2026-08-05T13:30:29.24Z,205.13
2026-08-05T13:30:49.312Z,205.13
2026-08-05T13:31:09.565Z,204.92
2026-08-05T13:31:24.461Z,204.92
2026-08-05T13:31:39.551Z,204.92
2026-08-05T13:31:54.846Z,204.36
2026-08-05T13:32:15.165Z,204.36
2026-08-05T13:32:29.751Z,204.4
2026-08-05T13:32:49.83Z,204.4
2026-08-05T13:33:04.911Z,204.4
2026-08-05T13:33:20.101Z,204.4
2026-08-05T13:33:40.096Z,204.4
2026-08-05T13:33:55.223Z,204.4
2026-08-05T13:34:10.283Z,204.15
2026-08-05T13:34:29Z,204.15
2026-08-05T13:34:30.975Z,204.15
2026-08-05T13:34:45.441Z,204.15
2026-08-05T13:35:11.27Z,203.52
2026-08-05T13:35:21.275Z,203.52
2026-08-05T13:35:35.666Z,203.05
2026-08-05T13:35:55.719Z,203.05
2026-08-05T13:36:10.866Z,203.05
2026-08-05T13:36:26.505Z,203.05
2026-08-05T13:36:41.23Z,202.57
2026-08-05T13:37:02.89Z,202.5
2026-08-05T13:37:16.409Z,202.5
2026-08-05T13:37:31.458Z,202.17
2026-08-05T13:37:46.562Z,202.17
2026-08-05T13:38:02.62Z,202.17
2026-08-05T13:38:16.747Z,202.17
2026-08-05T13:38:31.783Z,202.17
2026-08-05T13:38:46.868Z,200.83
2026-08-05T13:39:02.855Z,200.83
2026-08-05T13:39:16.997Z,200.83
2026-08-05T13:39:31Z,198.25
2026-08-05T13:39:32.111Z,198.25
2026-08-05T13:39:47.176Z,198.25
2026-08-05T13:40:12.792Z,197.78
2026-08-05T13:40:22.363Z,196.9
2026-08-05T13:40:37.426Z,196.9
2026-08-05T13:40:57.496Z,196.9
2026-08-05T13:41:12.602Z,197.62
2026-08-05T13:41:32.664Z,197.62
2026-08-05T13:41:47.716Z,197.62
2026-08-05T13:42:03.781Z,197.02
2026-08-05T13:42:17.856Z,197.02
2026-08-05T13:42:34.218Z,197.02
2026-08-05T13:42:48.034Z,197.02
2026-08-05T13:43:03.157Z,196.18
2026-08-05T13:43:18.204Z,196.29
2026-08-05T13:43:33.582Z,196.29
2026-08-05T13:43:48.352Z,196.5
2026-08-05T13:44:03.421Z,196.5
2026-08-05T13:44:23.494Z,196.5
2026-08-05T13:44:38Z,196.8
2026-08-05T13:44:38.616Z,196.8
2026-08-05T13:44:58.674Z,196.8
2026-08-05T13:45:14.158Z,196.8
2026-08-05T13:45:28.855Z,196.8
2026-08-05T13:45:43.949Z,196.13
2026-08-05T13:45:59.158Z,196.13
2026-08-05T13:46:14.073Z,196.13
2026-08-05T13:46:34.14Z,197.12
2026-08-05T13:46:49.472Z,196.28
2026-08-05T13:47:04.631Z,196.28
2026-08-05T13:47:24.353Z,195.96
2026-08-05T13:47:39.455Z,195.96
2026-08-05T13:47:54.557Z,195.96
2026-08-05T13:48:09.626Z,195.67
2026-08-05T13:48:29.689Z,195.67
2026-08-05T13:48:44.789Z,195.41
2026-08-05T13:48:59.853Z,195.41
2026-08-05T13:49:14.944Z,195.38
2026-08-05T13:49:30.026Z,195.38
2026-08-05T13:49:44Z,195.21
2026-08-05T13:49:45.109Z,195.21
2026-08-05T13:50:00.801Z,195.21
2026-08-05T13:50:15.522Z,195.9
2026-08-05T13:50:30.325Z,195.9
2026-08-05T13:50:45.409Z,195.94
2026-08-05T13:51:02.458Z,195.94
2026-08-05T13:51:15.625Z,195.94
2026-08-05T13:51:30.724Z,195.44
2026-08-05T13:51:50.768Z,195.44
2026-08-05T13:52:05.844Z,195.44
2026-08-05T13:52:20.908Z,195.44
2026-08-05T13:52:35.979Z,194.33
2026-08-05T13:52:51.058Z,194.33
2026-08-05T13:53:06.139Z,194.33
2026-08-05T13:53:21.217Z,194.11
2026-08-05T13:53:36.307Z,194.11
2026-08-05T13:53:51.388Z,194.11
2026-08-05T13:54:11.451Z,194.11
2026-08-05T13:54:26.521Z,194.41
2026-08-05T13:54:41Z,194.32
2026-08-05T13:54:41.644Z,194.32
2026-08-05T13:54:57.468Z,194.32
2026-08-05T13:55:11.842Z,194.32
2026-08-05T13:55:26.843Z,193.73
2026-08-05T13:55:49.154Z,193.73
2026-08-05T13:56:03.195Z,192.7
2026-08-05T13:56:17.106Z,192.7
2026-08-05T13:56:32.166Z,192.7
2026-08-05T13:56:52.733Z,192.37
2026-08-05T13:57:12.319Z,192.38
2026-08-05T13:57:27.404Z,192.38
2026-08-05T13:57:42.464Z,191.83
2026-08-05T13:57:57.562Z,191.83
2026-08-05T13:58:12.611Z,191.83
2026-08-05T13:58:32.75Z,190.66
2026-08-05T13:58:47.809Z,190.66
2026-08-05T13:59:02.886Z,189.41
2026-08-05T13:59:17.942Z,189.41
2026-08-05T13:59:33.188Z,189.41
2026-08-05T13:59:47Z,189.41
2026-08-05T13:59:49.348Z,189.41
2026-08-05T14:00:11.832Z,187.52
2026-08-05T14:00:23.287Z,187.52
2026-08-05T14:00:39.7Z,187.17
2026-08-05T14:00:53.412Z,187.17
2026-08-05T14:01:08.488Z,186.57
2026-08-05T14:01:23.55Z,186.57
2026-08-05T14:01:39.96Z,185.92
2026-08-05T14:01:53.758Z,185.62
2026-08-05T14:02:08.817Z,185.62
2026-08-05T14:02:28.874Z,185.62
2026-08-05T14:02:43.961Z,185.58
2026-08-05T14:03:04.019Z,185.58
2026-08-05T14:03:19.132Z,184.79
2026-08-05T14:03:34.18Z,184.79
2026-08-05T14:03:49.281Z,184.05
2026-08-05T14:04:04.337Z,184.05
2026-08-05T14:04:19.406Z,184.05
2026-08-05T14:04:34.553Z,184.05
2026-08-05T14:04:49Z,182.84
2026-08-05T14:04:49.556Z,182.84
2026-08-05T14:05:12.445Z,182.84
2026-08-05T14:05:24.777Z,182.84
2026-08-05T14:05:39.825Z,183.53
2026-08-05T14:05:59.864Z,183.53
2026-08-05T14:06:14.928Z,183.75
2026-08-05T14:06:30.004Z,183.75
2026-08-05T14:06:45.136Z,183.75
2026-08-05T14:07:00.2Z,183.79
2026-08-05T14:07:15.262Z,183.65
2026-08-05T14:07:30.308Z,183.65
2026-08-05T14:07:46.693Z,183.65
2026-08-05T14:08:06.202Z,183.65
2026-08-05T14:08:20.595Z,183.98
2026-08-05T14:08:35.712Z,183.98
2026-08-05T14:08:50.762Z,183.08
2026-08-05T14:09:10.887Z,183.08
2026-08-05T14:09:30.91Z,182.97
2026-08-05T14:09:45Z,182.97
2026-08-05T14:09:46.837Z,182.97
2026-08-05T14:10:12.51Z,183.18
2026-08-05T14:10:21.114Z,183.18
2026-08-05T14:10:36.215Z,184.07
2026-08-05T14:10:51.27Z,184.07
2026-08-05T14:11:06.371Z,184.07
2026-08-05T14:11:26.438Z,184.59
2026-08-05T14:11:41.991Z,184.55
2026-08-05T14:11:56.619Z,184.55
2026-08-05T14:12:11.686Z,184.55
2026-08-05T14:12:26.763Z,184.55
2026-08-05T14:12:46.83Z,184.19
2026-08-05T14:13:07.217Z,184.19
2026-08-05T14:13:21.989Z,184.19
2026-08-05T14:13:37.085Z,182.9
2026-08-05T14:13:52.293Z,182.9
2026-08-05T14:14:12.285Z,183.09
2026-08-05T14:14:32.305Z,182.17
2026-08-05T14:14:51Z,182.17
2026-08-05T14:14:52.415Z,182.17
2026-08-05T14:15:11.895Z,181.6
2026-08-05T14:15:22.574Z,181.6
2026-08-05T14:15:37.683Z,181.59
2026-08-05T14:15:52.723Z,181.59
2026-08-05T14:16:07.839Z,181.54
2026-08-05T14:16:22.904Z,181.54
2026-08-05T14:16:43.543Z,181.54
2026-08-05T14:16:58.549Z,180.93
2026-08-05T14:17:13.161Z,180.93
2026-08-05T14:17:28.242Z,180.93
2026-08-05T14:17:43.306Z,180.93
2026-08-05T14:17:58.383Z,180.93
2026-08-05T14:18:18.454Z,180.93
2026-08-05T14:18:38.738Z,180.93
2026-08-05T14:18:53.657Z,179.83
2026-08-05T14:19:13.716Z,179.83
2026-08-05T14:19:29.457Z,179.83
2026-08-05T14:19:43Z,179.59
2026-08-05T14:19:43.861Z,179.59
2026-08-05T14:19:58.918Z,179.59
2026-08-05T14:20:14.006Z,179.47
2026-08-05T14:20:29.134Z,179.47
2026-08-05T14:20:49.205Z,179.3
2026-08-05T14:21:04.323Z,179.3
2026-08-05T14:21:19.358Z,179.7
2026-08-05T14:21:34.419Z,179.7
2026-08-05T14:21:49.752Z,179.7
2026-08-05T14:22:04.595Z,179.66
2026-08-05T14:22:19.68Z,179.66
2026-08-05T14:22:39.787Z,179.06
2026-08-05T14:22:54.888Z,179.06
2026-08-05T14:23:10.289Z,179.06
2026-08-05T14:23:30.056Z,179.06
2026-08-05T14:23:45.147Z,179.06
2026-08-05T14:24:05.21Z,179.06
2026-08-05T14:24:25.285Z,178.66
2026-08-05T14:24:40.412Z,178.48
2026-08-05T14:24:55Z,178.48
2026-08-05T14:24:55.476Z,178.48
2026-08-05T14:25:11.253Z,178.48
2026-08-05T14:25:30.624Z,178.48
2026-08-05T14:25:50.719Z,178.48
2026-08-05T14:26:05.787Z,178.03
2026-08-05T14:26:20.87Z,178.03
2026-08-05T14:26:35.936Z,177.9
2026-08-05T14:26:51.021Z,177.9
2026-08-05T14:27:06.091Z,178.22
2026-08-05T14:27:21.176Z,178.22
2026-08-05T14:27:36.246Z,178.22
2026-08-05T14:27:51.323Z,178.22
2026-08-05T14:28:07.482Z,178.28
2026-08-05T14:28:22.287Z,178.28
2026-08-05T14:28:36.551Z,178.28
2026-08-05T14:28:51.636Z,177.69
2026-08-05T14:29:11.702Z,177.69
2026-08-05T14:29:26.781Z,177.69
2026-08-05T14:29:46Z,177.37
2026-08-05T14:29:46.879Z,177.37
2026-08-05T14:30:11.39Z,176.93
2026-08-05T14:30:16.999Z,176.93
2026-08-05T14:30:32.082Z,176.72
2026-08-05T14:30:47.167Z,176.72
2026-08-05T14:31:02.967Z,176.72
2026-08-05T14:31:17.31Z,176.74
2026-08-05T14:31:37.415Z,176.74
2026-08-05T14:31:57.495Z,176.74
2026-08-05T14:32:12.563Z,176.74
2026-08-05T14:32:27.611Z,175.65
2026-08-05T14:32:42.725Z,175.65
2026-08-05T14:33:02.814Z,175.33
2026-08-05T14:33:22.877Z,175.33
2026-08-05T14:33:37.925Z,174.98
2026-08-05T14:33:53.012Z,174.53
2026-08-05T14:34:08.066Z,174.53
2026-08-05T14:34:23.223Z,174.78
2026-08-05T14:34:38.248Z,174.78
2026-08-05T14:34:52Z,174.77
2026-08-05T14:34:53.323Z,174.77
2026-08-05T14:35:12.626Z,174.82
2026-08-05T14:35:23.457Z,174.82
2026-08-05T14:35:38.62Z,174.62
2026-08-05T14:35:53.629Z,174.62
2026-08-05T14:36:08.739Z,174.47
2026-08-05T14:36:23.793Z,174.47
2026-08-05T14:36:44.113Z,174.47
2026-08-05T14:37:05.321Z,174.46
2026-08-05T14:37:19.005Z,174.46
2026-08-05T14:37:34.173Z,174.46
2026-08-05T14:37:49.282Z,175.69
2026-08-05T14:38:04.303Z,175.69
2026-08-05T14:38:19.396Z,176.01
2026-08-05T14:38:34.457Z,176.01
2026-08-05T14:38:49.563Z,176.07
2026-08-05T14:39:04.939Z,176.07
2026-08-05T14:39:24.99Z,176.13
2026-08-05T14:39:39.779Z,176.13
2026-08-05T14:39:54Z,176.26
2026-08-05T14:39:54.886Z,176.26
2026-08-05T14:40:11.904Z,176.26
2026-08-05T14:40:30.021Z,175.85
2026-08-05T14:40:50.085Z,175.85
2026-08-05T14:41:05.189Z,175.85
2026-08-05T14:41:20.265Z,175.06
2026-08-05T14:41:40.639Z,175.06
2026-08-05T14:42:01.832Z,175.01
2026-08-05T14:42:15.477Z,175.01
2026-08-05T14:42:30.638Z,175.01
2026-08-05T14:42:45.756Z,174.73
2026-08-05T14:43:02.463Z,174.73
2026-08-05T14:43:15.871Z,174.55
2026-08-05T14:43:30.994Z,174.55
2026-08-05T14:43:46.076Z,174.44
2026-08-05T14:44:06.115Z,174.44
2026-08-05T14:44:21.209Z,174.25
2026-08-05T14:44:36.27Z,174.25
2026-08-05T14:44:50Z,174.6
2026-08-05T14:44:51.712Z,174.6
2026-08-05T14:45:11.683Z,174.6
2026-08-05T14:45:21.504Z,174.6
2026-08-05T14:45:36.611Z,174.82
2026-08-05T14:45:56.665Z,174.6
2026-08-05T14:46:16.764Z,174.6
2026-08-05T14:46:31.835Z,174.81
2026-08-05T14:46:46.906Z,174.81
2026-08-05T14:47:02.882Z,174.81
2026-08-05T14:47:17.067Z,174.96
2026-08-05T14:47:32.345Z,175.22
2026-08-05T14:47:47.212Z,175.22
2026-08-05T14:48:03.143Z,175.22
2026-08-05T14:48:17.33Z,175.1
2026-08-05T14:48:32.484Z,175.1
2026-08-05T14:48:48.242Z,175.1
2026-08-05T14:49:02.983Z,175.04
2026-08-05T14:49:17.652Z,175.04
2026-08-05T14:49:32.717Z,174.61
2026-08-05T14:49:52Z,174.61
2026-08-05T14:49:52.896Z,174.61
2026-08-05T14:50:11.567Z,174.61
2026-08-05T14:50:23.037Z,174.59
2026-08-05T14:50:38.118Z,174.27
2026-08-05T14:50:58.275Z,174.27
2026-08-05T14:51:13.292Z,174.27
2026-08-05T14:51:28.368Z,172.84
2026-08-05T14:51:48.451Z,172.84
2026-08-05T14:52:06.344Z,172.39
2026-08-05T14:52:19.656Z,172.39
2026-08-05T14:52:38.649Z,172.39
2026-08-05T14:52:58.794Z,171.59
2026-08-05T14:53:19.616Z,171.59
2026-08-05T14:53:38.882Z,171.66
2026-08-05T14:53:58.975Z,172.6
2026-08-05T14:54:14.046Z,172.6
2026-08-05T14:54:29.168Z,173.21
2026-08-05T14:54:44.282Z,173.21
2026-08-05T14:54:58Z,173.61
2026-08-05T14:54:59.34Z,173.61
2026-08-05T14:55:14.482Z,173.61
2026-08-05T14:55:30.765Z,173.61
2026-08-05T14:55:44.623Z,173.61
2026-08-05T14:55:59.651Z,173.61
2026-08-05T14:56:14.716Z,173.9
2026-08-05T14:56:30.199Z,174.11
2026-08-05T14:56:44.862Z,174.11
2026-08-05T14:57:04.992Z,174.07
2026-08-05T14:57:20.034Z,174.07
2026-08-05T14:57:36.135Z,173.9
2026-08-05T14:57:50.199Z,173.9
2026-08-05T14:58:05.256Z,173.9
2026-08-05T14:58:20.346Z,173.65
2026-08-05T14:58:40.428Z,173.65
2026-08-05T14:58:56.948Z,173.65
2026-08-05T14:59:10.564Z,173.65
2026-08-05T14:59:25.639Z,173.65
2026-08-05T14:59:40.769Z,173.65
2026-08-05T14:59:55Z,171.36
2026-08-05T14:59:55.869Z,171.36
2026-08-05T15:00:14.475Z,171.36
2026-08-05T15:00:26.002Z,171.17
2026-08-05T15:00:41.128Z,171.17
2026-08-05T15:00:56.168Z,171.17
2026-08-05T15:01:11.23Z,170.64
2026-08-05T15:01:31.643Z,170.64
2026-08-05T15:01:51.376Z,170.64
2026-08-05T15:02:11.467Z,170.64
2026-08-05T15:02:26.539Z,170.33
2026-08-05T15:02:41.656Z,170.29
2026-08-05T15:02:56.713Z,170.29
2026-08-05T15:03:16.793Z,170.29
2026-08-05T15:03:31.86Z,170.19
2026-08-05T15:03:46.938Z,170.19
2026-08-05T15:04:02.898Z,170.19
2026-08-05T15:04:17.107Z,170.19
2026-08-05T15:04:32.246Z,170.19
2026-08-05T15:04:52.938Z,170.19
2026-08-05T15:05:06Z,169.63
2026-08-05T15:05:12.802Z,169.63
2026-08-05T15:05:22.485Z,169.63
2026-08-05T15:05:38.784Z,169.63
2026-08-05T15:05:57.608Z,168.64
2026-08-05T15:06:17.698Z,168.64
2026-08-05T15:06:32.763Z,168.64
2026-08-05T15:06:48.796Z,167.66
2026-08-05T15:07:03.086Z,167.66
2026-08-05T15:07:23.02Z,167.49
2026-08-05T15:07:38.126Z,167.61
2026-08-05T15:07:53.79Z,167.61
2026-08-05T15:08:08.813Z,167.25
2026-08-05T15:08:23.312Z,167.25
2026-08-05T15:08:38.405Z,166.57
2026-08-05T15:08:53.535Z,166.57
2026-08-05T15:09:13.643Z,166.68
2026-08-05T15:09:28.726Z,166.68
2026-08-05T15:09:45.465Z,166.68
2026-08-05T15:09:58Z,166.68
2026-08-05T15:09:58.88Z,166.68
2026-08-05T15:10:14.712Z,165.91
2026-08-05T15:10:29.028Z,165.81
2026-08-05T15:10:49.728Z,165.81
2026-08-05T15:11:04.2Z,165.91
2026-08-05T15:11:19.273Z,165.91
2026-08-05T15:11:34.843Z,165.48
2026-08-05T15:11:50.191Z,165.48
2026-08-05T15:12:04.56Z,165.48
2026-08-05T15:12:19.565Z,165.48
2026-08-05T15:12:34.632Z,165.48
2026-08-05T15:12:49.993Z,164.74
2026-08-05T15:13:04.831Z,164.74
2026-08-05T15:13:19.878Z,164.64
2026-08-05T15:13:39.978Z,164.64
2026-08-05T15:14:00.024Z,164.68
2026-08-05T15:14:15.109Z,164.68
2026-08-05T15:14:35.204Z,164.48
2026-08-05T15:14:55.409Z,164.46
2026-08-05T15:15:09Z,164.46
2026-08-05T15:15:10.389Z,164.46
2026-08-05T15:15:25.461Z,164.46
2026-08-05T15:15:40.532Z,164.46
2026-08-05T15:15:55.595Z,164.96
2026-08-05T15:16:11.195Z,164.96
2026-08-05T15:16:25.822Z,164.96
2026-08-05T15:16:40.94Z,165.44
2026-08-05T15:16:56.057Z,165.44
2026-08-05T15:17:18.323Z,165.44
2026-08-05T15:17:31.162Z,165.44
2026-08-05T15:17:46.25Z,165.44
2026-08-05T15:18:06.317Z,166.31
2026-08-05T15:18:21.408Z,166.31
2026-08-05T15:18:41.478Z,166.0
2026-08-05T15:18:56.542Z,165.74
2026-08-05T15:19:11.622Z,165.74
2026-08-05T15:19:26.788Z,165.74
2026-08-05T15:19:41.836Z,164.98
2026-08-05T15:19:56.93Z,164.49
2026-08-05T15:20:11Z,164.49
2026-08-05T15:20:13.74Z,164.49
2026-08-05T15:20:27.086Z,164.49
2026-08-05T15:20:42.142Z,163.91
2026-08-05T15:21:03.203Z,163.91
2026-08-05T15:21:17.334Z,163.65
2026-08-05T15:21:32.429Z,163.17
2026-08-05T15:21:48.345Z,163.17
2026-08-05T15:22:02.963Z,163.17
2026-08-05T15:22:22.642Z,162.77
2026-08-05T15:22:37.752Z,162.77
2026-08-05T15:22:52.814Z,162.77
2026-08-05T15:23:07.867Z,161.89
2026-08-05T15:23:22.943Z,161.78
2026-08-05T15:23:38.079Z,161.78
2026-08-05T15:23:53.129Z,161.78
2026-08-05T15:24:08.182Z,161.78
2026-08-05T15:24:28.272Z,161.81
2026-08-05T15:24:43.369Z,161.81
2026-08-05T15:24:58.49Z,161.81
2026-08-05T15:25:13Z,161.81
2026-08-05T15:25:13.57Z,161.81
2026-08-05T15:25:29.188Z,161.81
2026-08-05T15:25:43.684Z,161.81
2026-08-05T15:25:58.73Z,161.87
2026-08-05T15:26:13.801Z,162.02
2026-08-05T15:26:28.924Z,162.02
2026-08-05T15:26:43.973Z,162.02
2026-08-05T15:26:59.045Z,162.02
2026-08-05T15:27:14.146Z,161.12
2026-08-05T15:27:29.197Z,161.12
2026-08-05T15:27:44.261Z,160.54
2026-08-05T15:28:04.344Z,160.21
2026-08-05T15:28:19.409Z,160.21
2026-08-05T15:28:39.653Z,160.21
2026-08-05T15:28:55.003Z,159.83
2026-08-05T15:29:15.117Z,159.83
2026-08-05T15:29:29.745Z,159.83
2026-08-05T15:29:44.826Z,160.05
2026-08-05T15:29:59.878Z,160.05
2026-08-05T15:30:14Z,160.05
2026-08-05T15:30:15.141Z,160.05
2026-08-05T15:30:30.996Z,160.05
2026-08-05T15:30:50.159Z,159.62
2026-08-05T15:31:05.249Z,159.62
2026-08-05T15:31:20.335Z,159.68
2026-08-05T15:31:36.895Z,159.68
2026-08-05T15:31:50.474Z,159.62
2026-08-05T15:32:05.544Z,159.62
2026-08-05T15:32:25.626Z,159.62
2026-08-05T15:32:46.3Z,159.62
2026-08-05T15:33:02.511Z,159.5
2026-08-05T15:33:20.855Z,159.5
2026-08-05T15:33:35.956Z,159.58
2026-08-05T15:33:56.35Z,159.32
2026-08-05T15:34:11.238Z,159.32
2026-08-05T15:34:26.247Z,159.14
2026-08-05T15:34:41.313Z,159.14
2026-08-05T15:34:56.378Z,158.76
2026-08-05T15:35:11Z,158.76
2026-08-05T15:35:13.058Z,158.76
2026-08-05T15:35:26.543Z,158.76
2026-08-05T15:35:41.592Z,158.76
2026-08-05T15:35:56.68Z,157.34
2026-08-05T15:36:12.342Z,157.34
2026-08-05T15:36:26.849Z,156.49
2026-08-05T15:36:46.919Z,156.49
2026-08-05T15:37:04.152Z,156.25
2026-08-05T15:37:17.569Z,156.25
2026-08-05T15:37:37.139Z,156.25
2026-08-05T15:37:52.24Z,155.8
2026-08-05T15:38:12.494Z,155.8
2026-08-05T15:38:27.394Z,155.8
2026-08-05T15:38:42.458Z,155.53
2026-08-05T15:38:57.575Z,155.53
2026-08-05T15:39:12.864Z,154.74
2026-08-05T15:39:32.746Z,154.74
2026-08-05T15:39:47.792Z,154.74
2026-08-05T15:40:11.28Z,154.15
2026-08-05T15:40:17Z,154.15
2026-08-05T15:40:17.934Z,154.15
2026-08-05T15:40:33.013Z,154.15
2026-08-05T15:40:49.002Z,154.15
2026-08-05T15:41:04.539Z,154.18
2026-08-05T15:41:23.226Z,153.98
2026-08-05T15:41:38.321Z,153.98
2026-08-05T15:41:53.388Z,153.98
2026-08-05T15:42:13.459Z,153.99
2026-08-05T15:42:29.117Z,153.99
2026-08-05T15:42:43.634Z,154.09
2026-08-05T15:42:58.693Z,154.09
2026-08-05T15:43:18.777Z,154.09
2026-08-05T15:43:38.979Z,154.09
2026-08-05T15:43:54.223Z,154.92
2026-08-05T15:44:09.039Z,154.92
2026-08-05T15:44:24.116Z,154.92
2026-08-05T15:44:40.362Z,155.02
2026-08-05T15:44:55.129Z,155.02
2026-08-05T15:45:13Z,155.02
2026-08-05T15:45:14.333Z,155.02
2026-08-05T15:45:29.41Z,155.02
2026-08-05T15:45:49.485Z,154.11
2026-08-05T15:46:04.738Z,154.11
2026-08-05T15:46:24.665Z,154.11
2026-08-05T15:46:39.736Z,153.97
2026-08-05T15:46:59.818Z,153.97
2026-08-05T15:47:15.186Z,153.97
2026-08-05T15:47:30.032Z,153.97
2026-08-05T15:47:45.112Z,153.97
2026-08-05T15:48:05.189Z,153.32
2026-08-05T15:48:22.238Z,153.32
2026-08-05T15:48:35.316Z,153.32
2026-08-05T15:48:50.444Z,152.53
2026-08-05T15:49:10.526Z,152.53
2026-08-05T15:49:25.594Z,152.44
2026-08-05T15:49:40.686Z,152.44
2026-08-05T15:49:55.765Z,152.51
2026-08-05T15:50:15Z,152.51
2026-08-05T15:50:15.844Z,152.51
2026-08-05T15:50:30.923Z,152.25
2026-08-05T15:50:46.04Z,152.25
2026-08-05T15:51:02.714Z,151.43
2026-08-05T15:51:16.16Z,151.43
2026-08-05T15:51:31.871Z,151.43
2026-08-05T15:51:46.48Z,151.43
2026-08-05T15:52:02.905Z,150.9
2026-08-05T15:52:16.643Z,150.9
2026-08-05T15:52:31.764Z,150.74
2026-08-05T15:52:51.836Z,150.74
2026-08-05T15:53:06.898Z,150.74
2026-08-05T15:53:26.995Z,149.49
2026-08-05T15:53:42.04Z,149.49
2026-08-05T15:53:57.118Z,149.21
2026-08-05T15:54:12.193Z,149.21
2026-08-05T15:54:32.372Z,148.86
2026-08-05T15:54:52.36Z,148.56
2026-08-05T15:55:12.411Z,148.56
2026-08-05T15:55:22Z,147.83
2026-08-05T15:55:22.49Z,147.83
2026-08-05T15:55:37.571Z,147.83
2026-08-05T15:55:52.651Z,147.38
2026-08-05T15:56:07.751Z,147.38
2026-08-05T15:56:22.811Z,147.38
2026-08-05T15:56:37.895Z,147.38
2026-08-05T15:56:52.971Z,147.15
2026-08-05T15:57:08.098Z,147.15
2026-08-05T15:57:23.136Z,147.04
2026-08-05T15:57:38.21Z,147.04
2026-08-05T15:57:58.285Z,147.04
2026-08-05T15:58:18.428Z,147.04
2026-08-05T15:58:38.473Z,146.69
2026-08-05T15:58:53.523Z,146.69
2026-08-05T15:59:14.16Z,146.51
2026-08-05T15:59:33.691Z,146.51
2026-08-05T15:59:48.752Z,145.92
2026-08-05T16:00:13.361Z,145.92
2026-08-05T16:00:18Z,145.92
2026-08-05T16:00:18.896Z,145.92
2026-08-05T16:00:34.005Z,145.18
2026-08-05T16:00:49.035Z,146.04
2026-08-05T16:01:04.222Z,146.04
2026-08-05T16:01:20.184Z,146.04
2026-08-05T16:01:34.342Z,150.62
2026-08-05T16:01:49.419Z,150.62
2026-08-05T16:02:09.418Z,151.65
2026-08-05T16:02:19.557Z,151.65
2026-08-05T16:02:34.687Z,151.65
2026-08-05T16:02:54.774Z,151.65
2026-08-05T16:03:14.82Z,148.71
2026-08-05T16:03:34.925Z,147.7
2026-08-05T16:03:49.977Z,147.7
2026-08-05T16:04:07.427Z,147.7
2026-08-05T16:04:20.144Z,148.53
2026-08-05T16:04:35.222Z,148.53
2026-08-05T16:04:50.283Z,261.8
2026-08-05T16:05:09Z,276.4
2026-08-05T16:05:13.819Z,276.4
2026-08-05T16:05:43.639Z,276.4
2026-08-05T16:05:47.49Z,285.76
2026-08-05T16:06:02.549Z,285.76
2026-08-05T16:06:15.68Z,285.76
2026-08-05T16:06:30.761Z,285.76
2026-08-05T16:06:50.853Z,303.63
2026-08-05T16:07:06.357Z,303.63
2026-08-05T16:07:20.997Z,308.69
2026-08-05T16:07:36.056Z,308.69
2026-08-05T16:07:51.162Z,308.69
2026-08-05T16:08:11.189Z,308.69
2026-08-05T16:08:31.971Z,304.18
2026-08-05T16:08:51.34Z,304.18
2026-08-05T16:09:11.409Z,302.16
2026-08-05T16:09:32.527Z,302.16
2026-08-05T16:09:46.564Z,299.55
2026-08-05T16:10:11.922Z,299.55
2026-08-05T16:10:16Z,299.55
2026-08-05T16:10:16.74Z,299.55
2026-08-05T16:10:31.797Z,299.55
2026-08-05T16:10:46.927Z,299.55
2026-08-05T16:11:07.149Z,288.84
2026-08-05T16:11:22.177Z,288.84
2026-08-05T16:11:37.189Z,286.99
2026-08-05T16:11:52.793Z,286.99
2026-08-05T16:12:07.347Z,283.38
2026-08-05T16:12:22.437Z,283.38
2026-08-05T16:12:37.5Z,279.91
2026-08-05T16:12:57.749Z,279.91
2026-08-05T16:13:12.7Z,277.66
2026-08-05T16:13:27.776Z,277.66
2026-08-05T16:13:42.866Z,277.66
2026-08-05T16:14:03.792Z,277.66
2026-08-05T16:14:18.067Z,277.53
2026-08-05T16:14:38.119Z,277.53
2026-08-05T16:14:53.499Z,277.98
2026-08-05T16:15:12.553Z,277.98
2026-08-05T16:15:27Z,277.42
2026-08-05T16:15:28.32Z,277.42
2026-08-05T16:15:48.465Z,277.42
2026-08-05T16:16:03.472Z,277.74
2026-08-05T16:16:18.552Z,277.74
2026-08-05T16:16:33.615Z,277.74
2026-08-05T16:16:48.68Z,277.74
2026-08-05T16:17:03.795Z,277.74
2026-08-05T16:17:19.002Z,277.74
2026-08-05T16:17:38.935Z,278.45
2026-08-05T16:17:54.04Z,278.45
2026-08-05T16:18:14.128Z,278.45
2026-08-05T16:18:29.163Z,270.79
2026-08-05T16:18:44.26Z,270.79
2026-08-05T16:18:59.345Z,270.79
2026-08-05T16:19:14.407Z,270.79
2026-08-05T16:19:29.729Z,260.55
2026-08-05T16:19:49.54Z,260.55
2026-08-05T16:20:11.161Z,255.11
2026-08-05T16:20:24Z,255.11
2026-08-05T16:20:24.983Z,255.11
2026-08-05T16:20:39.782Z,255.68
2026-08-05T16:20:59.851Z,255.68
2026-08-05T16:21:20.37Z,257.47
2026-08-05T16:21:36.946Z,257.47
2026-08-05T16:21:55.095Z,257.47
2026-08-05T16:22:10.143Z,257.47
2026-08-05T16:22:25.238Z,268.01
2026-08-05T16:22:40.354Z,268.01
2026-08-05T16:22:55.403Z,271.83
2026-08-05T16:23:10.472Z,271.83
2026-08-05T16:23:25.558Z,271.83
2026-08-05T16:23:45.705Z,271.83
2026-08-05T16:24:02.918Z,285.01
2026-08-05T16:24:15.824Z,285.01
2026-08-05T16:24:30.895Z,283.89
2026-08-05T16:24:47.028Z,283.89
2026-08-05T16:25:10.331Z,283.89
2026-08-05T16:25:16.232Z,283.89
2026-08-05T16:25:30Z,273.46
2026-08-05T16:25:31.359Z,273.46
2026-08-05T16:25:46.42Z,267.64
2026-08-05T16:26:02.881Z,267.64
2026-08-05T16:26:16.584Z,263.02
2026-08-05T16:26:31.718Z,263.02
2026-08-05T16:26:46.758Z,255.1
2026-08-05T16:27:02.609Z,255.1
2026-08-05T16:27:21.928Z,255.1
2026-08-05T16:27:41.996Z,244.97
2026-08-05T16:28:03.788Z,240.72
2026-08-05T16:28:17.285Z,240.72
2026-08-05T16:28:32.375Z,240.72
2026-08-05T16:28:47.4Z,234.05
2026-08-05T16:29:04.516Z,226.7
2026-08-05T16:29:17.554Z,226.7
2026-08-05T16:29:37.627Z,223.11
2026-08-05T16:29:52.678Z,211.75
2026-08-05T16:30:09.398Z,211.75
2026-08-05T16:30:22Z,205.07
2026-08-05T16:30:22.874Z,205.07
2026-08-05T16:30:37.914Z,205.07
2026-08-05T16:30:53.001Z,205.07
2026-08-05T16:31:13.08Z,205.07
2026-08-05T16:31:33.154Z,179.43
2026-08-05T16:31:53.259Z,179.43
2026-08-05T16:32:08.32Z,164.44
2026-08-05T16:32:28.453Z,164.44
2026-08-05T16:32:43.471Z,162.78
2026-08-05T16:32:58.701Z,161.31
2026-08-05T16:33:13.605Z,161.31
2026-08-05T16:33:28.73Z,161.31
2026-08-05T16:33:43.792Z,161.31
2026-08-05T16:33:58.899Z,161.31
2026-08-05T16:34:13.981Z,161.31
2026-08-05T16:34:29.056Z,161.31
2026-08-05T16:34:44.315Z,161.31
2026-08-05T16:35:12.702Z,154.09
2026-08-05T16:35:19.326Z,152.3
2026-08-05T16:35:33Z,152.3
2026-08-05T16:35:34.508Z,152.3
2026-08-05T16:35:49.659Z,151.33
2026-08-05T16:36:04.714Z,151.33
2026-08-05T16:36:25.151Z,149.46
2026-08-05T16:36:39.909Z,149.46
2026-08-05T16:36:59.968Z,148.22
2026-08-05T16:37:15.015Z,148.22
2026-08-05T16:37:30.578Z,148.22
2026-08-05T16:37:45.148Z,147.16
2026-08-05T16:38:00.235Z,147.16
2026-08-05T16:38:15.303Z,147.16
2026-08-05T16:38:30.434Z,146.26
2026-08-05T16:38:45.461Z,146.26
2026-08-05T16:39:00.844Z,146.26
2026-08-05T16:39:15.627Z,145.65
2026-08-05T16:39:35.692Z,145.65
2026-08-05T16:39:57.166Z,145.54
2026-08-05T16:40:11.667Z,145.54
2026-08-05T16:40:30Z,145.26
2026-08-05T16:40:30.949Z,145.26
2026-08-05T16:40:46.026Z,144.85
2026-08-05T16:41:02.939Z,144.85
2026-08-05T16:41:16.193Z,144.61
2026-08-05T16:41:36.281Z,144.61
2026-08-05T16:41:51.352Z,144.61
2026-08-05T16:42:06.459Z,145.76
2026-08-05T16:42:26.513Z,145.76
2026-08-05T16:42:42.491Z,149.46
2026-08-05T16:42:56.653Z,149.46
2026-08-05T16:43:11.723Z,164.14
2026-08-05T16:43:26.791Z,164.14
2026-08-05T16:43:41.882Z,164.14
2026-08-05T16:44:03.056Z,251.08
2026-08-05T16:44:17.04Z,251.08
2026-08-05T16:44:32.103Z,278.49
2026-08-05T16:44:47.179Z,312.8
2026-08-05T16:45:12.399Z,312.8
2026-08-05T16:45:17.684Z,312.8
2026-08-05T16:45:32Z,312.8
2026-08-05T16:45:32.454Z,312.8
2026-08-05T16:45:47.592Z,312.8
2026-08-05T16:46:04.101Z,347.42
2026-08-05T16:46:17.684Z,359.03
2026-08-05T16:46:37.774Z,359.03
2026-08-05T16:46:57.837Z,382.88
2026-08-05T16:47:12.961Z,382.88
2026-08-05T16:47:32.977Z,382.88
2026-08-05T16:47:48.071Z,408.39
2026-08-05T16:48:03.178Z,408.39
2026-08-05T16:48:18.225Z,435.13
2026-08-05T16:48:33.305Z,435.13
2026-08-05T16:48:48.378Z,435.13
2026-08-05T16:49:08.456Z,435.13
2026-08-05T16:49:23.679Z,403.03
2026-08-05T16:49:43.621Z,362.03
2026-08-05T16:49:58.698Z,362.03
2026-08-05T16:50:13.823Z,362.03
2026-08-05T16:50:28Z,299.18
2026-08-05T16:50:29.045Z,299.18
2026-08-05T16:50:43.955Z,299.18
2026-08-05T16:51:04.017Z,299.18
2026-08-05T16:51:24.097Z,283.99
2026-08-05T16:51:39.16Z,283.99
2026-08-05T16:51:54.288Z,281.8
2026-08-05T16:52:09.318Z,281.8
2026-08-05T16:52:29.403Z,293.02
2026-08-05T16:52:44.85Z,293.02
2026-08-05T16:52:59.607Z,293.02
2026-08-05T16:53:19.912Z,293.02
2026-08-05T16:53:34.767Z,344.43
2026-08-05T16:53:53.037Z,344.43
2026-08-05T16:54:09.887Z,378.0
2026-08-05T16:54:24.955Z,378.0
2026-08-05T16:54:40.116Z,398.17
2026-08-05T16:54:55.133Z,398.17
2026-08-05T16:55:12.91Z,395.44
2026-08-05T16:55:25.317Z,395.44
2026-08-05T16:55:39Z,357.36
2026-08-05T16:55:40.419Z,357.36
2026-08-05T16:56:00.437Z,357.36
2026-08-05T16:56:15.514Z,357.36
2026-08-05T16:56:30.597Z,357.36
2026-08-05T16:56:45.881Z,288.61
2026-08-05T16:57:05.746Z,288.61
2026-08-05T16:57:20.839Z,254.2
2026-08-05T16:57:35.979Z,254.2
2026-08-05T16:57:50.987Z,232.14
2026-08-05T16:58:06.049Z,232.14
2026-08-05T16:58:21.144Z,232.14
2026-08-05T16:58:36.268Z,259.96
2026-08-05T16:58:51.343Z,259.96
2026-08-05T16:59:06.476Z,259.96
2026-08-05T16:59:21.841Z,259.96
2026-08-05T16:59:36.549Z,259.96
2026-08-05T16:59:51.625Z,270.06
2026-08-05T17:00:11.705Z,270.06
2026-08-05T17:00:28.459Z,270.06
2026-08-05T17:00:41Z,220.37
2026-08-05T17:00:41.854Z,220.37
2026-08-05T17:00:56.941Z,198.71
2026-08-05T17:01:12.019Z,198.71
2026-08-05T17:01:33.197Z,198.71
2026-08-05T17:01:47.176Z,176.28
2026-08-05T17:02:07.269Z,176.28
2026-08-05T17:02:22.379Z,165.73
2026-08-05T17:02:37.492Z,165.73
2026-08-05T17:02:57.537Z,165.73
2026-08-05T17:03:12.604Z,152.28
2026-08-05T17:03:27.715Z,152.28
2026-08-05T17:03:42.8Z,152.28
2026-08-05T17:04:02.864Z,140.83
2026-08-05T17:04:17.975Z,140.83
2026-08-05T17:04:33.01Z,140.83
2026-08-05T17:04:49.051Z,125.75
2026-08-05T17:05:11.953Z,125.75
2026-08-05T17:05:23.31Z,125.75
2026-08-05T17:05:37Z,121.7
2026-08-05T17:05:38.372Z,121.7
2026-08-05T17:05:53.455Z,121.7
2026-08-05T17:06:08.547Z,121.7
2026-08-05T17:06:23.941Z,121.7
2026-08-05T17:06:43.757Z,123.37
2026-08-05T17:06:58.83Z,123.37
2026-08-05T17:07:13.871Z,123.37
2026-08-05T17:07:28.996Z,122.29
2026-08-05T17:07:44.076Z,122.29
2026-08-05T17:07:59.174Z,122.29
2026-08-05T17:08:19.231Z,120.4
2026-08-05T17:08:34.357Z,120.4
2026-08-05T17:08:49.712Z,119.45
2026-08-05T17:09:04.485Z,119.45
2026-08-05T17:09:19.544Z,119.45
2026-08-05T17:09:34.621Z,119.45
2026-08-05T17:09:49.863Z,119.0
2026-08-05T17:10:12.278Z,119.0
2026-08-05T17:10:19.958Z,119.0
2026-08-05T17:10:34Z,117.68
2026-08-05T17:10:35.087Z,117.68
2026-08-05T17:10:50.129Z,116.18
2026-08-05T17:11:10.859Z,114.92
2026-08-05T17:11:30.263Z,114.92
2026-08-05T17:11:45.347Z,114.92
2026-08-05T17:12:01.009Z,114.92
2026-08-05T17:12:15.544Z,113.84
2026-08-05T17:12:30.608Z,112.8
2026-08-05T17:12:46.187Z,112.8
2026-08-05T17:13:02.93Z,112.8
2026-08-05T17:13:20.837Z,112.8
2026-08-05T17:13:35.919Z,112.8
2026-08-05T17:13:51.042Z,111.22
2026-08-05T17:14:06.387Z,111.22
2026-08-05T17:14:21.171Z,110.95
2026-08-05T17:14:41.26Z,110.95
2026-08-05T17:15:11.649Z,110.95
2026-08-05T17:15:16.474Z,110.95
2026-08-05T17:15:36Z,110.95
2026-08-05T17:15:36.524Z,110.95
2026-08-05T17:15:56.566Z,110.95
2026-08-05T17:16:11.697Z,110.95
2026-08-05T17:16:26.733Z,108.19
2026-08-05T17:16:42.933Z,107.78
2026-08-05T17:17:02.686Z,107.78
2026-08-05T17:17:17.254Z,107.78
2026-08-05T17:17:32.07Z,107.27
2026-08-05T17:17:47.111Z,106.97
2026-08-05T17:18:02.879Z,106.97
2026-08-05T17:18:22.263Z,106.97
2026-08-05T17:18:37.395Z,106.97
2026-08-05T17:18:53.382Z,106.9
2026-08-05T17:19:08.188Z,106.9
2026-08-05T17:19:22.624Z,106.61
2026-08-05T17:19:45.549Z,106.46
2026-08-05T17:20:10.568Z,106.46
2026-08-05T17:20:17.784Z,106.18
2026-08-05T17:20:32Z,106.18
2026-08-05T17:20:32.875Z,106.18
2026-08-05T17:20:52.934Z,105.96
2026-08-05T17:21:13.031Z,105.96
2026-08-05T17:21:33.243Z,105.74
2026-08-05T17:21:48.242Z,105.74
2026-08-05T17:22:03.387Z,105.74
2026-08-05T17:22:23.374Z,105.49
2026-08-05T17:22:38.511Z,105.49
2026-08-05T17:22:53.537Z,105.49
2026-08-05T17:23:13.596Z,116.9
2026-08-05T17:23:28.711Z,116.9
2026-08-05T17:23:43.785Z,116.7
2026-08-05T17:23:58.921Z,116.7
2026-08-05T17:24:18.905Z,116.7
2026-08-05T17:24:34.03Z,113.79
2026-08-05T17:24:49.102Z,113.79
2026-08-05T17:25:10.103Z,104.52
2026-08-05T17:25:19.235Z,104.52
2026-08-05T17:25:34.332Z,104.52
2026-08-05T17:25:49Z,104.52
2026-08-05T17:25:49.412Z,104.52
2026-08-05T17:26:05.291Z,99.28
2026-08-05T17:26:19.555Z,99.28
2026-08-05T17:26:34.628Z,99.28
2026-08-05T17:26:54.702Z,99.28
2026-08-05T17:27:09.963Z,99.28
2026-08-05T17:27:24.868Z,98.07
2026-08-05T17:27:39.944Z,98.07
2026-08-05T17:28:00.02Z,98.1
2026-08-05T17:28:15.093Z,97.85
2026-08-05T17:28:30.18Z,97.85
2026-08-05T17:28:50.253Z,97.85
2026-08-05T17:29:10.397Z,97.05
2026-08-05T17:29:25.544Z,97.05
2026-08-05T17:29:40.611Z,96.12
2026-08-05T17:29:55.643Z,96.12
2026-08-05T17:30:15.721Z,96.33
2026-08-05T17:30:30.81Z,96.33
2026-08-05T17:30:45Z,96.33
2026-08-05T17:30:45.875Z,96.33
2026-08-05T17:31:02.861Z,95.76
2026-08-05T17:31:16.013Z,95.76
2026-08-05T17:31:36.088Z,95.76
2026-08-05T17:31:52.627Z,95.76
2026-08-05T17:32:06.306Z,101.2
2026-08-05T17:32:26.408Z,101.2
2026-08-05T17:32:46.542Z,114.81
2026-08-05T17:33:06.538Z,114.81
2026-08-05T17:33:21.612Z,114.81
2026-08-05T17:33:41.691Z,124.8
2026-08-05T17:33:56.753Z,124.8
2026-08-05T17:34:11.883Z,124.8
2026-08-05T17:34:32.707Z,124.8
2026-08-05T17:34:47.16Z,124.8
2026-08-05T17:35:09.827Z,107.58
2026-08-05T17:35:17.352Z,102.27
2026-08-05T17:35:32.404Z,102.27
2026-08-05T17:35:47Z,98.07
2026-08-05T17:35:47.489Z,98.07
2026-08-05T17:36:03.484Z,98.07
2026-08-05T17:36:17.701Z,98.07
2026-08-05T17:36:33.315Z,98.07
2026-08-05T17:36:47.802Z,95.66
2026-08-05T17:37:07.901Z,96.32
2026-08-05T17:37:27.954Z,96.32
2026-08-05T17:37:43.115Z,95.12
2026-08-05T17:37:58.172Z,95.12
2026-08-05T17:38:13.238Z,95.12
2026-08-05T17:38:28.31Z,95.12
2026-08-05T17:38:44.544Z,95.12
2026-08-05T17:38:58.462Z,91.41
2026-08-05T17:39:13.58Z,91.41
2026-08-05T17:39:29.282Z,89.07
2026-08-05T17:39:43.921Z,89.07
2026-08-05T17:39:58.889Z,88.62
2026-08-05T17:40:14.839Z,88.62
2026-08-05T17:40:29.371Z,88.13
2026-08-05T17:40:43Z,88.13
2026-08-05T17:40:45.393Z,88.13
2026-08-05T17:40:59.086Z,88.13
2026-08-05T17:41:14.207Z,87.16
2026-08-05T17:41:29.294Z,87.16
2026-08-05T17:41:44.357Z,87.16
2026-08-05T17:41:59.428Z,87.16
2026-08-05T17:42:14.497Z,87.16
2026-08-05T17:42:29.594Z,85.86
2026-08-05T17:42:44.861Z,85.86
2026-08-05T17:43:04.75Z,85.28
2026-08-05T17:43:19.849Z,85.28
2026-08-05T17:43:35.384Z,84.71
2026-08-05T17:43:50.406Z,84.71
2026-08-05T17:44:07.196Z,84.13
2026-08-05T17:44:20.269Z,84.13
2026-08-05T17:44:35.676Z,83.3
2026-08-05T17:44:50.267Z,83.3
2026-08-05T17:45:11.152Z,83.3
2026-08-05T17:45:20.408Z,83.08
2026-08-05T17:45:36.434Z,82.75
2026-08-05T17:45:50Z,82.75
2026-08-05T17:45:50.553Z,82.75
2026-08-05T17:46:05.622Z,82.75
2026-08-05T17:46:20.723Z,82.75
2026-08-05T17:46:35.842Z,82.75
2026-08-05T17:46:51.706Z,82.17
2026-08-05T17:47:05.938Z,82.17
2026-08-05T17:47:26.029Z,82.17
2026-08-05T17:47:46.098Z,81.53
2026-08-05T17:48:04.099Z,81.53
2026-08-05T17:48:21.266Z,81.25
2026-08-05T17:48:41.327Z,81.14
2026-08-05T17:49:03.444Z,81.14
2026-08-05T17:49:21.497Z,82.06
2026-08-05T17:49:36.568Z,82.06
2026-08-05T17:49:56.679Z,85.1
2026-08-05T17:50:16.707Z,87.1
2026-08-05T17:50:31.78Z,87.1
2026-08-05T17:50:46Z,86.98
2026-08-05T17:50:47.193Z,86.98
2026-08-05T17:51:02.905Z,86.98
2026-08-05T17:51:22.028Z,86.98
2026-08-05T17:51:37.143Z,83.54
2026-08-05T17:51:52.231Z,83.54
2026-08-05T17:52:12.296Z,79.71
2026-08-05T17:52:29.865Z,77.99
2026-08-05T17:52:42.448Z,77.99
2026-08-05T17:52:57.555Z,77.99
2026-08-05T17:53:12.605Z,76.88
2026-08-05T17:53:27.696Z,76.88
2026-08-05T17:53:42.747Z,76.88
2026-08-05T17:53:57.893Z,76.88
2026-08-05T17:54:12.927Z,75.49
2026-08-05T17:54:28.026Z,75.49
2026-08-05T17:54:43.073Z,75.23
2026-08-05T17:55:10.661Z,75.23
2026-08-05T17:55:18.227Z,75.23
2026-08-05T17:55:33.297Z,75.23
2026-08-05T17:55:52Z,73.98
2026-08-05T17:55:53.406Z,73.98
2026-08-05T17:56:08.991Z,73.73
2026-08-05T17:56:28.594Z,73.73
2026-08-05T17:56:48.714Z,73.73
2026-08-05T17:57:03.741Z,73.73
2026-08-05T17:57:18.819Z,73.35
2026-08-05T17:57:33.868Z,76.06
2026-08-05T17:57:48.982Z,76.06
2026-08-05T17:58:09.044Z,76.06
2026-08-05T17:58:24.116Z,84.23
2026-08-05T17:58:44.224Z,84.23
2026-08-05T17:58:59.324Z,94.38
2026-08-05T17:59:14.377Z,94.38
2026-08-05T17:59:30.522Z,98.58
2026-08-05T17:59:44.797Z,102.0
2026-08-05T17:59:59.624Z,102.0
2026-08-05T18:00:14.736Z,102.0
2026-08-05T18:00:30.014Z,102.0
2026-08-05T18:00:44.828Z,105.51
2026-08-05T18:00:59Z,105.51
2026-08-05T18:00:59.97Z,105.51
2026-08-05T18:01:14.984Z,103.84
2026-08-05T18:01:30.1Z,103.84
2026-08-05T18:01:45.444Z,103.84
2026-08-05T18:02:00.253Z,101.07
2026-08-05T18:02:15.338Z,101.07
2026-08-05T18:02:35.391Z,99.1
2026-08-05T18:02:50.466Z,99.1
2026-08-05T18:03:10.545Z,99.1
2026-08-05T18:03:25.647Z,99.1
2026-08-05T18:03:40.725Z,99.1
2026-08-05T18:04:02.616Z,99.1
2026-08-05T18:04:15.867Z,86.53
2026-08-05T18:04:30.932Z,86.53
2026-08-05T18:04:46.034Z,86.53
2026-08-05T18:05:12.402Z,86.53
2026-08-05T18:05:16.179Z,86.53
2026-08-05T18:05:31.301Z,84.57
2026-08-05T18:05:45Z,84.57
2026-08-05T18:05:46.352Z,84.57
2026-08-05T18:06:06.412Z,75.01
2026-08-05T18:06:21.687Z,75.01
2026-08-05T18:06:36.632Z,70.87
2026-08-05T18:06:51.711Z,70.87
2026-08-05T18:07:06.781Z,62.51
2026-08-05T18:07:22.837Z,62.51
2026-08-05T18:07:36.927Z,58.69
2026-08-05T18:07:57.03Z,58.69
2026-08-05T18:08:17.332Z,58.69
2026-08-05T18:08:32.305Z,58.69
2026-08-05T18:08:52.247Z,52.86
2026-08-05T18:09:07.317Z,52.86
2026-08-05T18:09:22.424Z,50.82
2026-08-05T18:09:38.317Z,50.82
2026-08-05T18:09:57.628Z,49.82
2026-08-05T18:10:12.736Z,49.82
2026-08-05T18:10:32.949Z,48.25
2026-08-05T18:10:47Z,46.62
2026-08-05T18:10:47.907Z,46.62
2026-08-05T18:11:07.98Z,46.62
2026-08-05T18:11:28.073Z,45.94
2026-08-05T18:11:43.634Z,45.94
2026-08-05T18:11:58.21Z,44.3
2026-08-05T18:12:18.28Z,44.3
2026-08-05T18:12:36.769Z,43.07
2026-08-05T18:12:48.42Z,43.07
2026-08-05T18:13:03.527Z,41.79
2026-08-05T18:13:23.598Z,41.79
2026-08-05T18:13:38.73Z,41.79
2026-08-05T18:13:53.805Z,41.79
2026-08-05T18:14:13.875Z,39.85
2026-08-05T18:14:28.999Z,39.27
2026-08-05T18:14:44.457Z,39.27
2026-08-05T18:14:59.092Z,39.27
2026-08-05T18:15:14.174Z,37.74
2026-08-05T18:15:29.241Z,37.74
2026-08-05T18:15:44.321Z,37.74
2026-08-05T18:15:58Z,37.74
2026-08-05T18:16:00.695Z,37.74
2026-08-05T18:16:14.49Z,34.9
2026-08-05T18:16:34.546Z,34.9
2026-08-05T18:16:49.64Z,34.9
2026-08-05T18:17:04.753Z,34.9
2026-08-05T18:17:19.979Z,32.82
2026-08-05T18:17:34.883Z,32.82
2026-08-05T18:17:49.956Z,32.82
2026-08-05T18:18:10.095Z,31.36
2026-08-05T18:18:25.132Z,29.95
2026-08-05T18:18:45.189Z,29.95
2026-08-05T18:19:00.307Z,29.95
2026-08-05T18:19:16.125Z,27.97
2026-08-05T18:19:30.431Z,27.97
2026-08-05T18:19:50.502Z,27.24
2026-08-05T18:20:09.534Z,27.24
2026-08-05T18:20:23.123Z,27.24
2026-08-05T18:20:35.738Z,26.05
2026-08-05T18:20:50.815Z,26.05
2026-08-05T18:21:05Z,24.71
2026-08-05T18:21:05.881Z,24.71
2026-08-05T18:21:26.017Z,24.71
2026-08-05T18:21:46.023Z,23.55
2026-08-05T18:22:02.767Z,23.02
2026-08-05T18:22:16.389Z,23.02
2026-08-05T18:22:31.305Z,22.45
2026-08-05T18:22:46.925Z,22.45
2026-08-05T18:23:02.684Z,21.46
2026-08-05T18:23:16.519Z,20.98
2026-08-05T18:23:31.892Z,20.98
2026-08-05T18:23:47.326Z,20.98
2026-08-05T18:24:06.885Z,19.61
2026-08-05T18:24:21.943Z,19.61
2026-08-05T18:24:36.986Z,19.61
2026-08-05T18:24:52.069Z,18.7
2026-08-05T18:25:12.096Z,18.7
2026-08-05T18:25:22.575Z,18.7
2026-08-05T18:25:37.34Z,17.61
2026-08-05T18:25:52.412Z,17.61
2026-08-05T18:26:07Z,17.36
2026-08-05T18:26:07.439Z,17.36
2026-08-05T18:26:23.038Z,17.36
2026-08-05T18:26:37.679Z,17.36
2026-08-05T18:26:52.673Z,17.36
2026-08-05T18:27:07.758Z,17.36
2026-08-05T18:27:22.834Z,17.36
2026-08-05T18:27:37.876Z,16.66
2026-08-05T18:27:52.972Z,16.43
2026-08-05T18:28:13.064Z,16.43
2026-08-05T18:28:28.174Z,16.43
2026-08-05T18:28:48.632Z,16.17
2026-08-05T18:29:03.3Z,16.06
2026-08-05T18:29:18.397Z,16.06
2026-08-05T18:29:38.482Z,15.81
2026-08-05T18:29:53.551Z,15.81
2026-08-05T18:30:12.33Z,15.73
2026-08-05T18:30:23.684Z,15.73
2026-08-05T18:30:38.831Z,15.38
2026-08-05T18:30:54.569Z,15.38
2026-08-05T18:31:08Z,15.38
2026-08-05T18:31:08.95Z,15.38
2026-08-05T18:31:24.026Z,15.28
2026-08-05T18:31:44.13Z,15.28
2026-08-05T18:32:04.171Z,15.28
2026-08-05T18:32:24.253Z,14.96
2026-08-05T18:32:39.365Z,14.76
2026-08-05T18:32:54.92Z,14.76
2026-08-05T18:33:14.517Z,14.76
2026-08-05T18:33:29.601Z,14.76
2026-08-05T18:33:44.678Z,14.42
2026-08-05T18:33:59.815Z,14.42
2026-08-05T18:34:19.819Z,14.16
2026-08-05T18:34:34.901Z,14.05
2026-08-05T18:34:50.017Z,14.05
2026-08-05T18:35:08.601Z,13.95
2026-08-05T18:35:20.181Z,13.95
2026-08-05T18:35:35.224Z,13.95
2026-08-05T18:35:50.331Z,13.6
2026-08-05T18:36:05Z,13.6
2026-08-05T18:36:05.4Z,13.6
2026-08-05T18:36:20.484Z,13.6
2026-08-05T18:36:35.551Z,13.38
2026-08-05T18:36:51.568Z,13.38
2026-08-05T18:37:05.699Z,13.38
2026-08-05T18:37:25.842Z,13.38
2026-08-05T18:37:40.881Z,12.95
2026-08-05T18:37:55.92Z,12.95
2026-08-05T18:38:11.007Z,12.82
2026-08-05T18:38:26.077Z,12.82
2026-08-05T18:38:46.175Z,12.63
2026-08-05T18:39:02.892Z,12.5
2026-08-05T18:39:21.34Z,12.5
2026-08-05T18:39:36.396Z,12.5
2026-08-05T18:39:52.054Z,12.14
2026-08-05T18:40:12.924Z,12.14
2026-08-05T18:40:21.667Z,12.14
2026-08-05T18:40:36.761Z,11.92
2026-08-05T18:40:56Z,11.92
2026-08-05T18:40:56.867Z,11.92
2026-08-05T18:41:16.95Z,11.92
2026-08-05T18:41:31.998Z,11.92
2026-08-05T18:41:47.103Z,11.92
2026-08-05T18:42:02.772Z,11.29
2026-08-05T18:42:17.727Z,11.29
2026-08-05T18:42:32.276Z,11.29
2026-08-05T18:42:47.377Z,11.29
2026-08-05T18:43:02.709Z,11.29
2026-08-05T18:43:22.53Z,11.29
2026-08-05T18:43:42.585Z,10.85
2026-08-05T18:43:58.415Z,10.85
2026-08-05T18:44:12.747Z,10.85
2026-08-05T18:44:32.846Z,10.5
2026-08-05T18:44:48.419Z,10.36
2026-08-05T18:45:09.775Z,10.36
2026-08-05T18:45:18.064Z,10.36
2026-08-05T18:45:33.164Z,10.36
2026-08-05T18:45:48.271Z,9.95
2026-08-05T18:46:02Z,9.95
2026-08-05T18:46:03.292Z,9.95
2026-08-05T18:46:18.399Z,9.82
2026-08-05T18:46:33.479Z,9.82
2026-08-05T18:46:54.997Z,9.82
2026-08-05T18:47:09.981Z,9.58
2026-08-05T18:47:23.675Z,9.31
2026-08-05T18:47:38.803Z,9.31
2026-08-05T18:47:54.02Z,9.21
2026-08-05T18:48:08.926Z,9.21
2026-08-05T18:48:24.027Z,8.97
2026-08-05T18:48:44.099Z,8.97
2026-08-05T18:48:59.184Z,8.71
2026-08-05T18:49:19.278Z,8.71
2026-08-05T18:49:34.343Z,8.6
2026-08-05T18:49:56.49Z,8.6
2026-08-05T18:50:11.568Z,8.39
2026-08-05T18:50:24.574Z,8.39
2026-08-05T18:50:44.698Z,8.39
2026-08-05T18:51:04Z,8.0
2026-08-05T18:51:04.754Z,8.0
2026-08-05T18:51:19.811Z,8.0
2026-08-05T18:51:34.875Z,7.91
2026-08-05T18:51:49.958Z,7.91
2026-08-05T18:52:05.028Z,7.91
2026-08-05T18:52:20.123Z,7.91
2026-08-05T18:52:35.191Z,7.45
2026-08-05T18:52:50.272Z,7.32
2026-08-05T18:53:05.354Z,7.32
2026-08-05T18:53:25.425Z,7.24
2026-08-05T18:53:40.527Z,7.24
2026-08-05T18:53:55.598Z,6.98
2026-08-05T18:54:15.659Z,6.98
2026-08-05T18:54:30.749Z,6.98
2026-08-05T18:54:45.797Z,6.65
2026-08-05T18:55:11.73Z,6.65
2026-08-05T18:55:16.102Z,6.52
2026-08-05T18:55:31.227Z,6.52
2026-08-05T18:55:46.792Z,6.52
2026-08-05T18:56:02.554Z,6.18
2026-08-05T18:56:15Z,6.18
2026-08-05T18:56:16.349Z,6.18
2026-08-05T18:56:31.465Z,6.18
2026-08-05T18:56:46.541Z,6.18
2026-08-05T18:57:07.369Z,5.7
2026-08-05T18:57:21.656Z,5.7
2026-08-05T18:57:36.735Z,5.7
2026-08-05T18:57:51.84Z,5.7
2026-08-05T18:58:08.147Z,5.7
2026-08-05T18:58:21.979Z,5.32
2026-08-05T18:58:42.051Z,5.32
2026-08-05T18:58:57.113Z,5.11
2026-08-05T18:59:17.22Z,5.11
2026-08-05T18:59:32.329Z,5.11
2026-08-05T18:59:52.43Z,4.74
2026-08-05T19:00:10.988Z,4.65
2026-08-05T19:00:27.568Z,4.65
2026-08-05T19:00:42.638Z,4.54
2026-08-05T19:00:57.719Z,4.54
2026-08-05T19:01:12Z,4.54
2026-08-05T19:01:15.231Z,4.54
2026-08-05T19:01:27.898Z,4.23
2026-08-05T19:01:42.957Z,4.23
2026-08-05T19:02:03.042Z,4.04
2026-08-05T19:02:19.773Z,4.04
2026-08-05T19:02:33.218Z,4.04
2026-08-05T19:02:48.295Z,3.85
2026-08-05T19:03:05.014Z,3.76
2026-08-05T19:03:18.472Z,3.76
2026-08-05T19:03:33.569Z,3.76
2026-08-05T19:03:48.628Z,3.76
2026-08-05T19:04:09.456Z,3.39
2026-08-05T19:04:23.791Z,3.39
2026-08-05T19:04:38.864Z,3.39
2026-08-05T19:04:53.937Z,3.2
2026-08-05T19:05:10.983Z,3.2
2026-08-05T19:05:24.364Z,3.11
2026-08-05T19:05:39.271Z,3.11
2026-08-05T19:05:54.345Z,2.95
2026-08-05T19:06:14Z,2.95
2026-08-05T19:06:14.56Z,2.95
2026-08-05T19:06:29.501Z,2.95
2026-08-05T19:06:44.57Z,2.95
2026-08-05T19:06:59.723Z,2.95
2026-08-05T19:07:19.748Z,2.52
2026-08-05T19:07:35.388Z,2.52
2026-08-05T19:07:49.934Z,2.52
2026-08-05T19:08:09.99Z,2.38
2026-08-05T19:08:25.58Z,2.22
2026-08-05T19:08:45.174Z,2.22
2026-08-05T19:09:00.245Z,2.16
2026-08-05T19:09:15.309Z,2.16
2026-08-05T19:09:30.373Z,2.16
2026-08-05T19:09:45.465Z,1.95
2026-08-05T19:10:00.61Z,1.95
2026-08-05T19:10:20.641Z,1.95
2026-08-05T19:10:40.74Z,1.84
2026-08-05T19:10:55.81Z,1.79
2026-08-05T19:11:10Z,1.79
2026-08-05T19:11:10.87Z,1.79
2026-08-05T19:11:26.429Z,1.7
2026-08-05T19:11:41.063Z,1.7
2026-08-05T19:11:56.124Z,1.65
2026-08-05T19:12:11.183Z,1.6
2026-08-05T19:12:26.28Z,1.6
2026-08-05T19:12:41.329Z,1.6
2026-08-05T19:12:56.415Z,1.53
2026-08-05T19:13:11.492Z,1.53
2026-08-05T19:13:26.565Z,1.53
2026-08-05T19:13:41.653Z,1.4
2026-08-05T19:14:02.734Z,1.37
2026-08-05T19:14:21.814Z,1.37
2026-08-05T19:14:37.032Z,1.28
2026-08-05T19:14:52.165Z,1.28
2026-08-05T19:15:10.667Z,1.28
2026-08-05T19:15:22.617Z,1.28
2026-08-05T19:15:37.411Z,1.28
2026-08-05T19:15:52.483Z,1.28
2026-08-05T19:16:12Z,1.28
2026-08-05T19:16:12.518Z,1.28
2026-08-05T19:16:28.624Z,1.14
2026-08-05T19:16:47.683Z,1.08
2026-08-05T19:17:02.789Z,1.08
2026-08-05T19:17:22.852Z,1.0
2026-08-05T19:17:37.899Z,1.0
2026-08-05T19:17:57.977Z,0.94
2026-08-05T19:18:18.397Z,0.9
2026-08-05T19:18:33.656Z,0.9
2026-08-05T19:18:48.223Z,0.9
2026-08-05T19:19:03.28Z,0.85
2026-08-05T19:19:23.37Z,0.85
2026-08-05T19:19:38.45Z,0.85
2026-08-05T19:19:53.541Z,0.85
2026-08-05T19:20:11.868Z,0.76
2026-08-05T19:20:28.697Z,0.76
2026-08-05T19:20:43.753Z,0.76
2026-08-05T19:20:58.838Z,0.69
2026-08-05T19:21:13Z,0.69
2026-08-05T19:21:13.977Z,0.69
2026-08-05T19:21:29.016Z,0.69
2026-08-05T19:21:44.084Z,0.69
2026-08-05T19:22:04.239Z,0.61
2026-08-05T19:22:24.292Z,0.56
2026-08-05T19:22:39.396Z,0.56
2026-08-05T19:22:54.414Z,0.56
2026-08-05T19:23:10.282Z,0.52
2026-08-05T19:23:29.56Z,0.52
2026-08-05T19:23:44.645Z,0.49
2026-08-05T19:23:59.712Z,0.49
2026-08-05T19:24:15.275Z,0.49
2026-08-05T19:24:30.178Z,0.49
2026-08-05T19:24:44.97Z,0.43
2026-08-05T19:25:11.88Z,0.39
2026-08-05T19:25:20.2Z,0.39
2026-08-05T19:25:35.596Z,0.39
2026-08-05T19:25:50.327Z,0.37
2026-08-05T19:26:05.356Z,0.35
2026-08-05T19:26:20Z,0.35
2026-08-05T19:26:20.427Z,0.35
2026-08-05T19:26:35.507Z,0.35
2026-08-05T19:26:50.607Z,0.29
2026-08-05T19:27:05.662Z,0.29
2026-08-05T19:27:20.806Z,0.29
2026-08-05T19:27:37.311Z,0.28
2026-08-05T19:27:55.957Z,0.26
2026-08-05T19:28:11.05Z,0.26
2026-08-05T19:28:31.686Z,0.26
2026-08-05T19:28:46.23Z,0.24
2026-08-05T19:29:03.042Z,0.24
2026-08-05T19:29:16.328Z,0.21
2026-08-05T19:29:31.464Z,0.21
2026-08-05T19:29:46.564Z,0.21
2026-08-05T19:30:10.611Z,0.21
2026-08-05T19:30:26.715Z,0.16
2026-08-05T19:30:46.78Z,0.16
2026-08-05T19:31:06.899Z,0.16
2026-08-05T19:31:21Z,0.16
2026-08-05T19:31:21.991Z,0.16
2026-08-05T19:31:37.033Z,0.15
2026-08-05T19:31:57.117Z,0.15
2026-08-05T19:32:12.255Z,0.15
2026-08-05T19:32:27.355Z,0.15
2026-08-05T19:32:42.403Z,0.15
2026-08-05T19:33:03.02Z,0.11
2026-08-05T19:33:22.561Z,0.09
2026-08-05T19:33:42.887Z,0.09
2026-08-05T19:33:57.707Z,0.1
2026-08-05T19:34:12.788Z,0.1
2026-08-05T19:34:27.871Z,0.1
2026-08-05T19:34:44.042Z,0.07
2026-08-05T19:35:10.138Z,0.07
2026-08-05T19:35:18.121Z,0.07
2026-08-05T19:35:33.208Z,0.09
2026-08-05T19:35:53.272Z,0.09
2026-08-05T19:36:08.332Z,0.09
2026-08-05T19:36:23Z,0.09
2026-08-05T19:36:23.412Z,0.09
2026-08-05T19:36:38.48Z,0.09
2026-08-05T19:36:58.578Z,0.09
2026-08-05T19:37:18.646Z,0.06
2026-08-05T19:37:34.776Z,0.07
2026-08-05T19:37:48.781Z,0.07
2026-08-05T19:38:03.919Z,0.07
2026-08-05T19:38:23.964Z,0.07
2026-08-05T19:38:39.072Z,0.05
2026-08-05T19:38:54.129Z,0.07
2026-08-05T19:39:14.218Z,0.07
2026-08-05T19:39:29.282Z,0.06
2026-08-05T19:39:49.39Z,0.05
2026-08-05T19:40:08.974Z,0.05
2026-08-05T19:40:19.49Z,0.05
2026-08-05T19:40:39.549Z,0.05
2026-08-05T19:40:54.649Z,0.06
2026-08-05T19:41:14.706Z,0.06
2026-08-05T19:41:29Z,0.06
2026-08-05T19:41:29.805Z,0.06
2026-08-05T19:41:44.927Z,0.06
2026-08-05T19:42:04.971Z,0.05
2026-08-05T19:42:25.633Z,0.05
2026-08-05T19:42:40.157Z,0.05
2026-08-05T19:42:55.192Z,0.05
2026-08-05T19:43:15.277Z,0.04
2026-08-05T19:43:35.349Z,0.04
2026-08-05T19:43:51.265Z,0.04
2026-08-05T19:44:05.503Z,0.05
2026-08-05T19:44:20.576Z,0.05
2026-08-05T19:44:40.756Z,0.05
2026-08-05T19:44:55.74Z,0.04
2026-08-05T19:45:13.047Z,0.05
2026-08-05T19:45:26.182Z,0.05
2026-08-05T19:45:46.067Z,0.05
2026-08-05T19:46:06.783Z,0.05
2026-08-05T19:46:20Z,0.05
2026-08-05T19:46:21.18Z,0.05
2026-08-05T19:46:36.254Z,0.05
2026-08-05T19:46:51.348Z,0.05
2026-08-05T19:47:11.464Z,0.04
2026-08-05T19:47:26.505Z,0.05
2026-08-05T19:47:46.612Z,0.04
2026-08-05T19:48:02.87Z,0.04
2026-08-05T19:48:16.88Z,0.04
2026-08-05T19:48:36.956Z,0.05
2026-08-05T19:48:52.092Z,0.04
2026-08-05T19:49:07.182Z,0.04
2026-08-05T19:49:22.244Z,0.04
2026-08-05T19:49:42.309Z,0.04
2026-08-05T19:49:57.805Z,0.04
2026-08-05T19:50:12.469Z,0.04
2026-08-05T19:50:27.539Z,0.04
2026-08-05T19:50:42.587Z,0.04
2026-08-05T19:51:03.98Z,0.04
2026-08-05T19:51:17.744Z,0.04
2026-08-05T19:51:32Z,0.04
2026-08-05T19:51:32.857Z,0.04
2026-08-05T19:51:47.888Z,0.04
2026-08-05T19:52:04.53Z,0.04
2026-08-05T19:52:23.05Z,0.07
2026-08-05T19:52:44.934Z,0.04
2026-08-05T19:52:58.193Z,0.04
2026-08-05T19:53:13.291Z,0.04
2026-08-05T19:53:28.39Z,0.04
2026-08-05T19:53:43.416Z,0.04
2026-08-05T19:53:58.474Z,0.04
2026-08-05T19:54:13.597Z,0.05
2026-08-05T19:54:33.782Z,0.05
2026-08-05T19:54:48.773Z,0.05
2026-08-05T19:55:09.907Z,0.05
2026-08-05T19:55:20.772Z,0.04
2026-08-05T19:55:33.953Z,0.04
2026-08-05T19:55:49.05Z,0.04
2026-08-05T19:56:09.118Z,0.04
2026-08-05T19:56:23Z,0.04
2026-08-05T19:56:24.191Z,0.04
2026-08-05T19:56:39.277Z,0.03
2026-08-05T19:56:54.364Z,0.03
2026-08-05T19:57:09.412Z,0.04
2026-08-05T19:57:24.483Z,0.04
2026-08-05T19:57:44.575Z,0.04
2026-08-05T19:57:59.647Z,0.04
2026-08-05T19:58:14.727Z,0.04
2026-08-05T19:58:29.808Z,0.04
2026-08-05T19:58:44.864Z,0.04
2026-08-05T19:59:00.844Z,0.04
2026-08-05T19:59:15.149Z,0.04
2026-08-05T19:59:30.186Z,0.04
2026-08-05T19:59:45.244Z,0.03
2026-08-05T20:00:13.167Z,0.03
2026-08-05T20:00:20.402Z,0.03
2026-08-05T20:00:35.472Z,0.03
2026-08-05T20:00:51.081Z,0.04
2026-08-05T20:01:05.615Z,0.04
2026-08-05T20:01:20Z,0.04
2026-08-05T20:01:20.732Z,0.04
2026-08-05T20:01:46.075Z,0.04
2026-08-05T20:01:55.893Z,0.04
2026-08-05T20:02:15.964Z,0.04
2026-08-05T20:02:36.028Z,0.04
2026-08-05T20:02:51.126Z,0.04
2026-08-05T20:03:11.986Z,0.03
2026-08-05T20:03:26.222Z,0.03
2026-08-05T20:03:41.315Z,0.03
2026-08-05T20:03:56.475Z,0.03
2026-08-05T20:04:11.556Z,0.04
2026-08-05T20:04:26.63Z,0.04
2026-08-05T20:04:46.703Z,0.03
2026-08-05T20:05:12.804Z,0.02
2026-08-05T20:05:21.869Z,0.02
2026-08-05T20:05:37.003Z,0.02
2026-08-05T20:05:57.055Z,0.04
2026-08-05T20:06:17.116Z,0.04
2026-08-05T20:06:31Z,0.05
2026-08-05T20:06:32.207Z,0.05
2026-08-05T20:06:47.56Z,0.05
2026-08-05T20:07:07.342Z,0.05
2026-08-05T20:07:22.596Z,0.05
2026-08-05T20:07:37.484Z,0.05
2026-08-05T20:07:57.586Z,0.04
2026-08-05T20:08:17.646Z,0.04
2026-08-05T20:08:33.417Z,0.04
2026-08-05T20:08:47.852Z,0.03
2026-08-05T20:09:02.932Z,0.03
2026-08-05T20:09:18.011Z,0.03
2026-08-05T20:09:38.08Z,0.02
2026-08-05T20:09:53.208Z,0.02
2026-08-05T20:10:12.106Z,0.04
2026-08-05T20:10:23.429Z,0.04
2026-08-05T20:10:38.475Z,0.04
2026-08-05T20:10:53.508Z,0.04
2026-08-05T20:11:08.619Z,0.04
2026-08-05T20:11:23.664Z,0.03
2026-08-05T20:11:38Z,0.03
2026-08-05T20:11:38.763Z,0.03
2026-08-05T20:11:53.831Z,0.04
2026-08-05T20:12:14.774Z,0.03
2026-08-05T20:12:29.432Z,0.03
2026-08-05T20:12:49.061Z,0.03
2026-08-05T20:13:09.119Z,0.05
2026-08-05T20:13:24.203Z,0.05
2026-08-05T20:13:39.329Z,0.05
2026-08-05T20:13:54.4Z,0.03
2026-08-05T20:14:09.454Z,0.03
2026-08-05T20:14:29.534Z,0.03
2026-08-05T20:14:44.624Z,0.03
2026-08-05T20:14:59.719Z,0.03
2026-08-05T20:15:19.767Z,0.04
2026-08-05T20:15:34.883Z,0.04
2026-08-05T20:15:49.955Z,0.04
2026-08-05T20:16:05.061Z,0.03
2026-08-05T20:16:20.111Z,0.03
2026-08-05T20:16:39Z,0.04
2026-08-05T20:16:40.191Z,0.04
2026-08-05T20:16:55.247Z,0.04
2026-08-05T20:17:10.342Z,0.04
2026-08-05T20:17:25.401Z,0.04
2026-08-05T20:17:40.485Z,0.04
2026-08-05T20:18:02.57Z,0.03
2026-08-05T20:18:15.627Z,0.03
2026-08-05T20:18:30.705Z,0.03
2026-08-05T20:18:46.243Z,0.03
2026-08-05T20:19:02.777Z,0.03
2026-08-05T20:19:20.936Z,0.03
2026-08-05T20:19:36.092Z,0.04
2026-08-05T20:19:51.098Z,0.04
2026-08-05T20:20:13.062Z,0.04
2026-08-05T20:20:26.25Z,0.04
2026-08-05T20:20:46.348Z,0.04
2026-08-05T20:21:02.742Z,0.04
2026-08-05T20:21:16.527Z,0.04
2026-08-05T20:21:31Z,0.04
2026-08-05T20:21:31.619Z,0.04
2026-08-05T20:21:52.1Z,0.04
2026-08-05T20:22:06.77Z,0.04
2026-08-05T20:22:21.874Z,0.04
2026-08-05T20:22:41.915Z,0.04
2026-08-05T20:22:58.079Z,0.04
2026-08-05T20:23:12.152Z,0.04
2026-08-05T20:23:27.234Z,0.04
2026-08-05T20:23:42.468Z,0.04
2026-08-05T20:23:57.491Z,0.03
2026-08-05T20:24:12.476Z,0.03
2026-08-05T20:24:32.533Z,0.04
2026-08-05T20:24:47.604Z,0.04
2026-08-05T20:25:11.518Z,0.04
2026-08-05T20:25:17.746Z,0.04
2026-08-05T20:25:32.828Z,0.05
2026-08-05T20:25:47.918Z,0.05
2026-08-05T20:26:03.034Z,0.03
2026-08-05T20:26:18.104Z,0.03
2026-08-05T20:26:32Z,0.03
2026-08-05T20:26:33.163Z,0.03
2026-08-05T20:26:53.211Z,0.03
2026-08-05T20:27:08.288Z,0.03
2026-08-05T20:27:28.851Z,0.04
2026-08-05T20:27:43.465Z,0.05
2026-08-05T20:27:58.533Z,0.05
2026-08-05T20:28:18.61Z,0.04
2026-08-05T20:28:33.745Z,0.04
2026-08-05T20:28:48.768Z,0.04
2026-08-05T20:29:08.841Z,0.04
2026-08-05T20:29:23.915Z,0.04
2026-08-05T20:29:39.031Z,0.04
2026-08-05T20:29:54.179Z,0.04
2026-08-05T20:30:10.55Z,0.04
2026-08-05T20:30:24.234Z,0.04
2026-08-05T20:30:39.381Z,0.04
2026-08-05T20:30:54.392Z,0.04
2026-08-05T20:31:14.497Z,0.04
2026-08-05T20:31:29Z,0.04
2026-08-05T20:31:31.22Z,0.04
2026-08-05T20:31:49.619Z,0.04
2026-08-05T20:32:09.696Z,0.04
2026-08-05T20:32:24.822Z,0.03
2026-08-05T20:32:39.845Z,0.03
2026-08-05T20:32:54.982Z,0.03
2026-08-05T20:33:15.27Z,0.03
2026-08-05T20:33:30.336Z,0.03
2026-08-05T20:33:45.208Z,0.04
2026-08-05T20:34:00.287Z,0.04
2026-08-05T20:34:15.381Z,0.04
2026-08-05T20:34:30.425Z,0.04
2026-08-05T20:34:45.516Z,0.04
2026-08-05T20:35:00.634Z,0.05
2026-08-05T20:35:15.675Z,0.05
2026-08-05T20:35:30.755Z,0.05
2026-08-05T20:35:45.82Z,0.05
2026-08-05T20:36:06.634Z,0.05
2026-08-05T20:36:21.042Z,0.04
2026-08-05T20:36:35Z,0.04
2026-08-05T20:36:36.096Z,0.04
2026-08-05T20:36:51.189Z,0.04
2026-08-05T20:37:06.302Z,0.03
2026-08-05T20:37:21.52Z,0.03
2026-08-05T20:37:36.445Z,0.03
2026-08-05T20:37:51.45Z,0.04
2026-08-05T20:38:06.589Z,0.04
2026-08-05T20:38:26.668Z,0.03
2026-08-05T20:38:46.743Z,0.03
2026-08-05T20:39:02.958Z,0.03
2026-08-05T20:39:16.935Z,0.03
2026-08-05T20:39:31.999Z,0.04
2026-08-05T20:39:52.074Z,0.03
2026-08-05T20:40:12.776Z,0.03
2026-08-05T20:40:27.274Z,0.03
2026-08-05T20:40:42.297Z,0.03
2026-08-05T20:41:03.903Z,0.03
2026-08-05T20:41:22.432Z,0.03
2026-08-05T20:41:37Z,0.03
2026-08-05T20:41:38.917Z,0.03
2026-08-05T20:41:52.65Z,0.04
2026-08-05T20:42:07.677Z,0.04
2026-08-05T20:42:27.736Z,0.05
2026-08-05T20:42:42.838Z,0.04
2026-08-05T20:43:02.959Z,0.04
2026-08-05T20:43:22.994Z,0.04
2026-08-05T20:43:38.119Z,0.04
2026-08-05T20:43:53.177Z,0.04
2026-08-05T20:44:13.24Z,0.04
2026-08-05T20:44:28.355Z,0.04
2026-08-05T20:44:43.427Z,0.04
2026-08-05T20:44:58.514Z,0.04
2026-08-05T20:45:13.601Z,0.04
2026-08-05T20:45:33.69Z,0.04
2026-08-05T20:45:48.779Z,0.04
2026-08-05T20:46:08.904Z,0.04
2026-08-05T20:46:24Z,0.04
2026-08-05T20:46:38Z,0.04
2026-08-05T20:46:39.101Z,0.04
2026-08-05T20:46:54.11Z,0.03
2026-08-05T20:47:09.22Z,0.03
2026-08-05T20:47:29.278Z,0.03
2026-08-05T20:47:44.353Z,0.03
2026-08-05T20:47:59.448Z,0.03
2026-08-05T20:48:14.531Z,0.03
2026-08-05T20:48:34.621Z,0.03
2026-08-05T20:48:49.689Z,0.03
2026-08-05T20:49:09.77Z,0.03
2026-08-05T20:49:24.893Z,0.03
2026-08-05T20:49:39.93Z,0.03
2026-08-05T20:49:55.012Z,0.04
2026-08-05T20:50:12.284Z,0.04
2026-08-05T20:50:25.271Z,0.04
2026-08-05T20:50:45.31Z,0.04
2026-08-05T20:51:05.39Z,0.05
2026-08-05T20:51:25.468Z,0.05
2026-08-05T20:51:40Z,0.04
2026-08-05T20:51:40.64Z,0.04
2026-08-05T20:51:55.6Z,0.04
2026-08-05T20:52:15.683Z,0.04
2026-08-05T20:52:30.761Z,0.04
2026-08-05T20:52:45.916Z,0.04
2026-08-05T20:53:02.571Z,0.04
2026-08-05T20:53:16.043Z,0.04
2026-08-05T20:53:31.108Z,0.05
2026-08-05T20:53:46.201Z,0.05
2026-08-05T20:54:02.938Z,0.05
2026-08-05T20:54:16.409Z,0.05
2026-08-05T20:54:31.439Z,0.04
2026-08-05T20:54:46.509Z,0.04
2026-08-05T20:55:10.275Z,0.04
2026-08-05T20:55:16.752Z,0.04
2026-08-05T20:55:31.875Z,0.04
2026-08-05T20:55:47.027Z,0.04
2026-08-05T20:56:03.667Z,0.04
2026-08-05T20:56:17.078Z,0.05
2026-08-05T20:56:32.146Z,0.05
2026-08-05T20:56:46Z,0.04
2026-08-05T20:56:47.305Z,0.04
2026-08-05T20:57:02.902Z,0.04
2026-08-05T20:57:17.388Z,0.04
2026-08-05T20:57:32.513Z,0.04
2026-08-05T20:57:47.623Z,0.04
2026-08-05T20:58:02.897Z,0.04
2026-08-05T20:58:17.76Z,0.04
2026-08-05T20:58:37.856Z,0.04
2026-08-05T20:58:52.934Z,0.04
2026-08-05T20:59:09.712Z,0.04
2026-08-05T20:59:23.099Z,0.04
2026-08-05T20:59:38.153Z,0.04
2026-08-05T20:59:53.247Z,0.04
2026-08-05T21:00:13.405Z,0.05
2026-08-05T21:00:28.458Z,0.05
2026-08-05T21:00:48.51Z,0.04
2026-08-05T21:01:03.601Z,0.04
2026-08-05T21:01:18.683Z,0.04
2026-08-05T21:01:35.71Z,0.04
2026-08-05T21:01:53Z,0.05
2026-08-05T21:01:53.856Z,0.05
2026-08-05T21:02:13.926Z,0.05
2026-08-05T21:02:28.994Z,0.05
2026-08-05T21:02:44.13Z,0.05
2026-08-05T21:02:59.485Z,0.05
2026-08-05T21:03:19.341Z,0.03
2026-08-05T21:03:34.418Z,0.03
2026-08-05T21:03:49.508Z,0.05
2026-08-05T21:04:04.58Z,0.05
2026-08-05T21:04:24.635Z,0.05
2026-08-05T21:04:44.748Z,0.04
2026-08-05T21:04:59.841Z,0.04
2026-08-05T21:05:14.986Z,0.04
2026-08-05T21:05:30.048Z,0.03
2026-08-05T21:05:45.13Z,0.03
2026-08-05T21:06:05.226Z,0.03
2026-08-05T21:06:20.278Z,0.03
2026-08-05T21:06:40.351Z,0.04
2026-08-05T21:06:55Z,0.04
2026-08-05T21:06:55.859Z,0.04
2026-08-05T21:07:10.521Z,0.03
2026-08-05T21:07:25.572Z,0.03
2026-08-05T21:07:40.741Z,0.03
2026-08-05T21:07:55.8Z,0.04
2026-08-05T21:08:10.875Z,0.03
2026-08-05T21:08:31.175Z,0.03
2026-08-05T21:08:46.041Z,0.03
2026-08-05T21:09:02.821Z,0.05
2026-08-05T21:09:16.187Z,0.05
2026-08-05T21:09:31.276Z,0.05
2026-08-05T21:09:52.98Z,0.05
2026-08-05T21:10:11.031Z,0.04
2026-08-05T21:10:27.635Z,0.05
2026-08-05T21:10:41.64Z,0.05
2026-08-05T21:10:57.441Z,0.05
2026-08-05T21:11:16.791Z,0.05
2026-08-05T21:11:31.871Z,0.03
2026-08-05T21:11:46Z,0.03
2026-08-05T21:11:46.954Z,0.03
2026-08-05T21:12:07.023Z,0.04
2026-08-05T21:12:27.118Z,0.04
2026-08-05T21:12:43.6Z,0.03
2026-08-05T21:12:58.105Z,0.03
2026-08-05T21:13:12.321Z,0.04
2026-08-05T21:13:27.414Z,0.04
2026-08-05T21:13:42.555Z,0.03
2026-08-05T21:13:57.724Z,0.03
2026-08-05T21:14:17.693Z,0.05
2026-08-05T21:14:40.14Z,0.05
2026-08-05T21:14:57.83Z,0.05
2026-08-05T21:15:12.959Z,0.05
2026-08-05T21:15:32.998Z,0.04
2026-08-05T21:15:48.078Z,0.04
2026-08-05T21:16:03.183Z,0.04
2026-08-05T21:16:18.237Z,0.05
2026-08-05T21:16:38.331Z,0.03
2026-08-05T21:16:53Z,0.03
2026-08-05T21:16:53.456Z,0.03
2026-08-05T21:17:13.554Z,0.04
2026-08-05T21:17:34.038Z,0.04
2026-08-05T21:17:48.616Z,0.04
2026-08-05T21:18:03.768Z,0.04
2026-08-05T21:18:23.835Z,0.03
2026-08-05T21:18:38.921Z,0.03
2026-08-05T21:18:58.96Z,0.03
2026-08-05T21:19:14.227Z,0.06
2026-08-05T21:19:29.098Z,0.06
2026-08-05T21:19:49.29Z,0.04
2026-08-05T21:20:10.478Z,0.04
2026-08-05T21:20:19.329Z,0.04
2026-08-05T21:20:34.411Z,0.04
2026-08-05T21:20:49.489Z,0.04
2026-08-05T21:21:10.01Z,0.04
2026-08-05T21:21:24.724Z,0.04
2026-08-05T21:21:44.83Z,0.03
2026-08-05T21:21:59Z,0.03
2026-08-05T21:21:59.895Z,0.03
2026-08-05T21:22:14.983Z,0.04
2026-08-05T21:22:30.057Z,0.04
2026-08-05T21:22:45.131Z,0.04
2026-08-05T21:23:05.653Z,0.04
2026-08-05T21:23:25.286Z,0.04
2026-08-05T21:23:40.404Z,0.04
2026-08-05T21:24:01.807Z,0.04
2026-08-05T21:24:20.526Z,0.04
2026-08-05T21:24:35.598Z,0.05
2026-08-05T21:24:50.68Z,0.05
2026-08-05T21:25:10.949Z,0.05
2026-08-05T21:25:21.009Z,0.05
2026-08-05T21:25:40.969Z,0.03
2026-08-05T21:26:02.8Z,0.03
2026-08-05T21:26:21.349Z,0.04
2026-08-05T21:26:36.198Z,0.04
2026-08-05T21:26:50Z,0.04
2026-08-05T21:26:51.245Z,0.04
2026-08-05T21:27:06.355Z,0.04
2026-08-05T21:27:21.415Z,0.04
2026-08-05T21:27:41.482Z,0.04
2026-08-05T21:28:02.775Z,0.03
2026-08-05T21:28:21.634Z,0.03
2026-08-05T21:28:36.895Z,0.03
2026-08-05T21:28:52.646Z,0.03
2026-08-05T21:29:06.917Z,0.03
2026-08-05T21:29:21.99Z,0.03
2026-08-05T21:29:37.099Z,0.04
2026-08-05T21:29:52.186Z,0.04
2026-08-05T21:30:09.255Z,0.04
2026-08-05T21:30:22.39Z,0.03
2026-08-05T21:30:37.469Z,0.03
2026-08-05T21:30:57.522Z,0.03
2026-08-05T21:31:12.582Z,0.03
2026-08-05T21:31:27.658Z,0.03
2026-08-05T21:31:42.735Z,0.03
2026-08-05T21:31:57Z,0.05
2026-08-05T21:31:57.839Z,0.05
2026-08-05T21:32:13Z,0.04
2026-08-05T21:32:28.045Z,0.04
2026-08-05T21:32:43.102Z,0.04
2026-08-05T21:32:58.371Z,0.04
2026-08-05T21:33:13.285Z,0.04
2026-08-05T21:33:28.343Z,0.04
2026-08-05T21:33:43.421Z,0.04
2026-08-05T21:33:58.498Z,0.04
2026-08-05T21:34:14.203Z,0.04
2026-08-05T21:34:28.655Z,0.04
2026-08-05T21:34:48.747Z,0.04
2026-08-05T21:35:09.079Z,0.04
2026-08-05T21:35:23.913Z,0.04
2026-08-05T21:35:43.968Z,0.03
2026-08-05T21:36:04.54Z,0.03
2026-08-05T21:36:19.124Z,0.03
2026-08-05T21:36:34.348Z,0.02
2026-08-05T21:36:49.454Z,0.02
2026-08-05T21:37:03Z,0.03
2026-08-05T21:37:04.874Z,0.03
2026-08-05T21:37:19.513Z,0.03
2026-08-05T21:37:39.566Z,0.04
2026-08-05T21:37:54.685Z,0.04
2026-08-05T21:38:09.7Z,0.03
2026-08-05T21:38:29.794Z,0.03
2026-08-05T21:38:44.858Z,0.04
2026-08-05T21:38:59.958Z,0.04
2026-08-05T21:39:15.06Z,0.04
2026-08-05T21:39:30.107Z,0.04
2026-08-05T21:39:45.406Z,0.03
2026-08-05T21:40:00.251Z,0.03
2026-08-05T21:40:15.327Z,0.04
2026-08-05T21:40:30.423Z,0.04
2026-08-05T21:40:45.489Z,0.04
2026-08-05T21:41:00.555Z,0.04
2026-08-05T21:41:20.643Z,0.04
2026-08-05T21:41:35.716Z,0.04
2026-08-05T21:41:50.772Z,0.03
2026-08-05T21:42:05Z,0.03
2026-08-05T21:42:07.169Z,0.03
2026-08-05T21:42:20.975Z,0.04
2026-08-05T21:42:36.022Z,0.04
2026-08-05T21:42:51.115Z,0.03
2026-08-05T21:43:06.184Z,0.04
2026-08-05T21:43:21.28Z,0.04
2026-08-05T21:43:41.358Z,0.04
2026-08-05T21:43:56.406Z,0.04
2026-08-05T21:44:16.5Z,0.04
2026-08-05T21:44:31.569Z,0.04
2026-08-05T21:44:46.669Z,0.04
2026-08-05T21:45:11.91Z,0.02
2026-08-05T21:45:16.783Z,0.02
2026-08-05T21:45:36.941Z,0.03
2026-08-05T21:45:52.59Z,0.03
2026-08-05T21:46:07.029Z,0.03
2026-08-05T21:46:27.095Z,0.03
2026-08-05T21:46:47.2Z,0.04
2026-08-05T21:47:01Z,0.05
2026-08-05T21:47:02.773Z,0.05
2026-08-05T21:47:17.338Z,0.05
2026-08-05T21:47:37.42Z,0.05
2026-08-05T21:47:52.511Z,0.05
2026-08-05T21:48:07.579Z,0.05
2026-08-05T21:48:22.679Z,0.05
2026-08-05T21:48:37.723Z,0.04
2026-08-05T21:48:57.854Z,0.04
2026-08-05T21:49:12.924Z,0.04
2026-08-05T21:49:27.972Z,0.04
2026-08-05T21:49:43.066Z,0.04
2026-08-05T21:49:58.148Z,0.03
2026-08-05T21:50:18.231Z,0.03
2026-08-05T21:50:33.294Z,0.04
2026-08-05T21:50:53.354Z,0.04
2026-08-05T21:51:13.492Z,0.04
2026-08-05T21:51:33.501Z,0.04
2026-08-05T21:51:48.57Z,0.04
2026-08-05T21:52:08Z,0.04
2026-08-05T21:52:09.506Z,0.04
2026-08-05T21:52:23.76Z,0.05
2026-08-05T21:52:43.859Z,0.05
2026-08-05T21:53:03.912Z,0.03
2026-08-05T21:53:19.146Z,0.03
2026-08-05T21:53:34.057Z,0.03
2026-08-05T21:53:49.169Z,0.03
2026-08-05T21:54:05.597Z,0.04
2026-08-05T21:54:19.316Z,0.04
2026-08-05T21:54:39.392Z,0.04
2026-08-05T21:54:54.478Z,0.04
2026-08-05T21:55:11.641Z,0.04
2026-08-05T21:55:29.643Z,0.04
2026-08-05T21:55:49.733Z,0.03
2026-08-05T21:56:04.772Z,0.03
2026-08-05T21:56:19.853Z,0.04
2026-08-05T21:56:34.981Z,0.04
2026-08-05T21:56:50.388Z,0.04
2026-08-05T21:57:09Z,0.03
2026-08-05T21:57:10.16Z,0.03
2026-08-05T21:57:25.229Z,0.03
2026-08-05T21:57:40.299Z,0.03
2026-08-05T21:58:00.886Z,0.03
2026-08-05T21:58:15.467Z,0.03
2026-08-05T21:58:35.519Z,0.04
2026-08-05T21:58:50.628Z,0.04
2026-08-05T21:59:05.824Z,0.04
2026-08-05T21:59:21.215Z,0.03
2026-08-05T21:59:40.955Z,0.03
2026-08-05T22:00:09.34Z,0.02
2026-08-05T22:00:15.982Z,0.02
2026-08-05T22:00:31.385Z,0.03
2026-08-05T22:00:46.146Z,0.03
2026-08-05T22:01:06.213Z,0.04
2026-08-05T22:01:21.326Z,0.04
2026-08-05T22:01:36.776Z,0.04
2026-08-05T22:01:56.472Z,0.05
2026-08-05T22:02:11Z,0.05
2026-08-05T22:02:11.556Z,0.05
2026-08-05T22:02:27.364Z,0.05
2026-08-05T22:02:46.711Z,0.04
2026-08-05T22:03:02.887Z,0.04
2026-08-05T22:03:21.874Z,0.04
2026-08-05T22:03:37.069Z,0.03
2026-08-05T22:03:52.085Z,0.03
2026-08-05T22:04:12.143Z,0.03
2026-08-05T22:04:27.222Z,0.04
2026-08-05T22:04:42.548Z,0.04
2026-08-05T22:04:57.393Z,0.04
2026-08-05T22:05:12.45Z,0.03
2026-08-05T22:05:32.527Z,0.03
2026-08-05T22:05:47.62Z,0.03
2026-08-05T22:06:03.449Z,0.03
2026-08-05T22:06:17.812Z,0.03
2026-08-05T22:06:32.952Z,0.03
2026-08-05T22:06:47.983Z,0.04
2026-08-05T22:07:02Z,0.04
2026-08-05T22:07:03.26Z,0.04
2026-08-05T22:07:18.173Z,0.04
2026-08-05T22:07:38.226Z,0.03
2026-08-05T22:07:53.279Z,0.03
2026-08-05T22:08:13.366Z,0.04
2026-08-05T22:08:28.455Z,0.04
2026-08-05T22:08:48.567Z,0.04
2026-08-05T22:09:03.63Z,0.04
2026-08-05T22:09:18.751Z,0.04
2026-08-05T22:09:33.795Z,0.04
2026-08-05T22:09:48.87Z,0.04
2026-08-05T22:10:12.008Z,0.04
2026-08-05T22:10:24.036Z,0.04
2026-08-05T22:10:40.579Z,0.04
2026-08-05T22:10:54.191Z,0.04
2026-08-05T22:11:09.322Z,0.04
2026-08-05T22:11:24.338Z,0.04
2026-08-05T22:11:39.423Z,0.05
2026-08-05T22:11:54.828Z,0.05
2026-08-05T22:12:14Z,0.04
2026-08-05T22:12:14.577Z,0.04
2026-08-05T22:12:30.801Z,0.04
2026-08-05T22:12:49.751Z,0.05
2026-08-05T22:13:09.793Z,0.04
2026-08-05T22:13:24.864Z,0.04
2026-08-05T22:13:40.053Z,0.04
2026-08-05T22:14:00.134Z,0.04
2026-08-05T22:14:15.228Z,0.05
2026-08-05T22:14:30.538Z,0.05
2026-08-05T22:14:50.444Z,0.03
2026-08-05T22:15:12.799Z,0.03
2026-08-05T22:15:25.623Z,0.04
2026-08-05T22:15:40.703Z,0.04
2026-08-05T22:15:55.761Z,0.04
2026-08-05T22:16:10.838Z,0.04
2026-08-05T22:16:30.94Z,0.04
2026-08-05T22:16:46.06Z,0.04
2026-08-05T22:17:05Z,0.04
2026-08-05T22:17:07.001Z,0.04
2026-08-05T22:17:21.159Z,0.04
2026-08-05T22:17:36.253Z,0.03
2026-08-05T22:17:51.32Z,0.03
2026-08-05T22:18:11.467Z,0.03
2026-08-05T22:18:26.47Z,0.03
2026-08-05T22:18:41.57Z,0.03
2026-08-05T22:19:03.399Z,0.03
2026-08-05T22:19:16.743Z,0.03
2026-08-05T22:19:36.811Z,0.03
2026-08-05T22:19:51.899Z,0.03
2026-08-05T22:20:13.608Z,0.05
2026-08-05T22:20:27.036Z,0.05
2026-08-05T22:20:42.16Z,0.05
2026-08-05T22:21:03.156Z,0.04
2026-08-05T22:21:22.271Z,0.04
2026-08-05T22:21:37.376Z,0.04
2026-08-05T22:21:52.405Z,0.03
2026-08-05T22:22:07Z,0.03
2026-08-05T22:22:07.501Z,0.03
2026-08-05T22:22:22.574Z,0.05
2026-08-05T22:22:37.655Z,0.03
2026-08-05T22:22:52.717Z,0.03
2026-08-05T22:23:12.837Z,0.03
2026-08-05T22:23:32.948Z,0.03
2026-08-05T22:23:50.085Z,0.03
2026-08-05T22:24:03.371Z,0.04
2026-08-05T22:24:18.206Z,0.04
2026-08-05T22:24:33.298Z,0.04
2026-08-05T22:24:48.369Z,0.04
2026-08-05T22:25:11.997Z,0.03
2026-08-05T22:25:18.575Z,0.03
2026-08-05T22:25:33.637Z,0.03
2026-08-05T22:25:48.748Z,0.03
2026-08-05T22:26:03.843Z,0.03
2026-08-05T22:26:18.907Z,0.03
2026-08-05T22:26:39.007Z,0.04
2026-08-05T22:26:54.107Z,0.04
2026-08-05T22:27:13Z,0.04
2026-08-05T22:27:14.15Z,0.04
2026-08-05T22:27:29.27Z,0.04
2026-08-05T22:27:49.321Z,0.04
2026-08-05T22:28:09.63Z,0.04
2026-08-05T22:28:24.451Z,0.03
2026-08-05T22:28:44.526Z,0.03
2026-08-05T22:28:59.595Z,0.04
2026-08-05T22:29:20.13Z,0.04
2026-08-05T22:29:34.759Z,0.03
2026-08-05T22:29:54.906Z,0.04
2026-08-05T22:30:09.938Z,0.04
2026-08-05T22:30:25.208Z,0.04
2026-08-05T22:30:40.11Z,0.04
2026-08-05T22:30:55.223Z,0.04
2026-08-05T22:31:10.27Z,0.04
2026-08-05T22:31:30.323Z,0.04
2026-08-05T22:31:45.739Z,0.04
2026-08-05T22:32:05.488Z,0.04
2026-08-05T22:32:20Z,0.04
2026-08-05T22:32:20.565Z,0.04
2026-08-05T22:32:35.755Z,0.04
2026-08-05T22:32:55.746Z,0.03
2026-08-05T22:33:10.795Z,0.03
2026-08-05T22:33:26.525Z,0.04
2026-08-05T22:33:41.045Z,0.04
2026-08-05T22:33:56.078Z,0.03
2026-08-05T22:34:11.183Z,0.04
2026-08-05T22:34:26.245Z,0.04
2026-08-05T22:34:41.985Z,0.04
2026-08-05T22:35:12.144Z,0.04
2026-08-05T22:35:16.625Z,0.04
2026-08-05T22:35:31.683Z,0.04
2026-08-05T22:35:46.8Z,0.04
2026-08-05T22:36:02.951Z,0.04
2026-08-05T22:36:17.015Z,0.04
2026-08-05T22:36:32.295Z,0.05
2026-08-05T22:36:52.187Z,0.05
2026-08-05T22:37:07.266Z,0.05
2026-08-05T22:37:21Z,0.05
2026-08-05T22:37:22.335Z,0.05
2026-08-05T22:37:42.883Z,0.04
2026-08-05T22:38:02.54Z,0.04
2026-08-05T22:38:17.557Z,0.04
2026-08-05T22:38:32.634Z,0.04
2026-08-05T22:38:47.959Z,0.04
2026-08-05T22:39:02.844Z,0.04
2026-08-05T22:39:17.896Z,0.04
2026-08-05T22:39:32.961Z,0.04
2026-08-05T22:39:48.045Z,0.04
2026-08-05T22:40:11.163Z,0.04
2026-08-05T22:40:23.251Z,0.04
2026-08-05T22:40:38.34Z,0.05
2026-08-05T22:40:53.587Z,0.05
2026-08-05T22:41:08.632Z,0.03
2026-08-05T22:41:23.61Z,0.03
2026-08-05T22:41:38.626Z,0.03
2026-08-05T22:41:58.716Z,0.04
2026-08-05T22:42:13Z,0.04
2026-08-05T22:42:13.82Z,0.04
2026-08-05T22:42:33.863Z,0.04
2026-08-05T22:42:48.951Z,0.04
2026-08-05T22:43:06.075Z,0.04
2026-08-05T22:43:24.108Z,0.04
2026-08-05T22:43:44.213Z,0.04
2026-08-05T22:44:04.269Z,0.04
2026-08-05T22:44:24.339Z,0.03
2026-08-05T22:44:39.431Z,0.03
2026-08-05T22:44:54.473Z,0.03
2026-08-05T22:45:15.028Z,0.04
2026-08-05T22:45:30.561Z,0.04
2026-08-05T22:45:44.764Z,0.04
2026-08-05T22:45:59.835Z,0.04
2026-08-05T22:46:14.935Z,0.02
2026-08-05T22:46:35.259Z,0.02
2026-08-05T22:46:50.089Z,0.04
2026-08-05T22:47:09Z,0.04
2026-08-05T22:47:10.214Z,0.04
2026-08-05T22:47:30.72Z,0.04
2026-08-05T22:47:45.341Z,0.04
2026-08-05T22:48:00.45Z,0.04
2026-08-05T22:48:21.434Z,0.04
2026-08-05T22:48:35.565Z,0.04
2026-08-05T22:48:50.679Z,0.04
2026-08-05T22:49:10.701Z,0.05
2026-08-05T22:49:30.772Z,0.05
2026-08-05T22:49:45.851Z,0.05
2026-08-05T22:50:10.394Z,0.05
2026-08-05T22:50:21.073Z,0.05
2026-08-05T22:50:36.23Z,0.04
2026-08-05T22:50:51.292Z,0.04
2026-08-05T22:51:06.33Z,0.04
2026-08-05T22:51:21.365Z,0.04
2026-08-05T22:51:41.43Z,0.06
2026-08-05T22:51:56.513Z,0.03
2026-08-05T22:52:11.567Z,0.03
2026-08-05T22:52:26Z,0.05
2026-08-05T22:52:26.733Z,0.05
2026-08-05T22:52:41.731Z,0.05
2026-08-05T22:52:56.833Z,0.05
2026-08-05T22:53:11.888Z,0.05
2026-08-05T22:53:26.975Z,0.05
2026-08-05T22:53:42.056Z,0.05
2026-08-05T22:54:02.95Z,0.04
2026-08-05T22:54:17.267Z,0.04
2026-08-05T22:54:32.284Z,0.04
2026-08-05T22:54:47.348Z,0.04
2026-08-05T22:55:07.577Z,0.04
2026-08-05T22:55:22.969Z,0.04
2026-08-05T22:55:42.592Z,0.03
2026-08-05T22:55:57.657Z,0.03
2026-08-05T22:56:17.717Z,0.03
2026-08-05T22:56:33.226Z,0.03
2026-08-05T22:56:52.952Z,0.03
2026-08-05T22:57:07.96Z,0.03
2026-08-05T22:57:22Z,0.03
2026-08-05T22:57:23.037Z,0.03
2026-08-05T22:57:38.137Z,0.02
2026-08-05T22:57:53.187Z,0.02
2026-08-05T22:58:08.253Z,0.02
2026-08-05T22:58:28.329Z,0.04
2026-08-05T22:58:43.466Z,0.04
2026-08-05T22:59:04.954Z,0.04
2026-08-05T22:59:18.611Z,0.04
2026-08-05T22:59:33.696Z,0.04
2026-08-05T22:59:48.77Z,0.04
2026-08-05T23:00:11.569Z,0.04
2026-08-05T23:00:24.247Z,0.05
2026-08-05T23:00:44.063Z,0.05
2026-08-05T23:00:59.069Z,0.05
2026-08-05T23:01:14.656Z,0.04
2026-08-05T23:01:34.231Z,0.04
2026-08-05T23:01:49.288Z,0.04
2026-08-05T23:02:04.375Z,0.04
2026-08-05T23:02:24Z,0.04
2026-08-05T23:02:24.455Z,0.04
2026-08-05T23:02:39.553Z,0.03
2026-08-05T23:02:54.646Z,0.03
2026-08-05T23:03:10.198Z,0.03
2026-08-05T23:03:24.925Z,0.04
2026-08-05T23:03:39.917Z,0.04
2026-08-05T23:03:55.011Z,0.04
2026-08-05T23:04:15.122Z,0.03
2026-08-05T23:04:35.181Z,0.04
2026-08-05T23:04:55.239Z,0.04
2026-08-05T23:05:10.343Z,0.04
2026-08-05T23:05:26.116Z,0.04
2026-08-05T23:05:40.571Z,0.04
2026-08-05T23:05:55.6Z,0.04
2026-08-05T23:06:15.663Z,0.05
2026-08-05T23:06:30.739Z,0.05
2026-08-05T23:06:45.809Z,0.03
2026-08-05T23:07:02.813Z,0.03
2026-08-05T23:07:20Z,0.04
2026-08-05T23:07:21.696Z,0.04
2026-08-05T23:07:36.126Z,0.04
2026-08-05T23:07:51.26Z,0.04
2026-08-05T23:08:06.286Z,0.02
2026-08-05T23:08:21.368Z,0.02
2026-08-05T23:08:36.454Z,0.02
2026-08-05T23:08:51.514Z,0.02
2026-08-05T23:09:11.593Z,0.02
2026-08-05T23:09:31.678Z,0.02
2026-08-05T23:09:46.76Z,0.04
2026-08-05T23:10:12.084Z,0.04
2026-08-05T23:10:16.967Z,0.04
2026-08-05T23:10:37.109Z,0.04
2026-08-05T23:10:52.126Z,0.04
2026-08-05T23:11:07.216Z,0.04
2026-08-05T23:11:22.365Z,0.03
2026-08-05T23:11:42.351Z,0.03
2026-08-05T23:11:57.418Z,0.05
2026-08-05T23:12:17.495Z,0.05
2026-08-05T23:12:32Z,0.05
2026-08-05T23:12:32.574Z,0.05
2026-08-05T23:12:47.708Z,0.02
2026-08-05T23:13:02.81Z,0.02
2026-08-05T23:13:17.862Z,0.03
2026-08-05T23:13:32.95Z,0.03
2026-08-05T23:13:53.099Z,0.04
2026-08-05T23:14:08.14Z,0.04
2026-08-05T23:14:28.225Z,0.04
2026-08-05T23:14:44.986Z,0.04
2026-08-05T23:15:11.738Z,0.04
2026-08-05T23:15:18.576Z,0.04
2026-08-05T23:15:33.614Z,0.03
2026-08-05T23:15:48.784Z,0.03
2026-08-05T23:16:03.74Z,0.03
2026-08-05T23:16:18.814Z,0.03
2026-08-05T23:16:37.561Z,0.03
2026-08-05T23:16:53.968Z,0.03
2026-08-05T23:17:09.06Z,0.04
2026-08-05T23:17:28Z,0.04
2026-08-05T23:17:29.583Z,0.04
2026-08-05T23:17:44.23Z,0.03
2026-08-05T23:17:59.297Z,0.03
2026-08-05T23:18:14.387Z,0.04
2026-08-05T23:18:29.488Z,0.04
2026-08-05T23:18:45.443Z,0.04
2026-08-05T23:19:04.607Z,0.04
2026-08-05T23:19:19.675Z,0.04
2026-08-05T23:19:34.771Z,0.03
2026-08-05T23:19:50.392Z,0.03
2026-08-05T23:20:09.966Z,0.03
2026-08-05T23:20:19.991Z,0.03
2026-08-05T23:20:35.088Z,0.03
2026-08-05T23:20:50.163Z,0.03
2026-08-05T23:21:05.231Z,0.03
2026-08-05T23:21:20.304Z,0.03
2026-08-05T23:21:35.374Z,0.03
2026-08-05T23:21:50.518Z,0.04
2026-08-05T23:22:05.537Z,0.04
2026-08-05T23:22:20Z,0.04
2026-08-05T23:22:20.618Z,0.04
2026-08-05T23:22:40.719Z,0.04
2026-08-05T23:22:55.79Z,0.04
2026-08-05T23:23:11.247Z,0.04
2026-08-05T23:23:26.036Z,0.04
2026-08-05T23:23:41.327Z,0.04
2026-08-05T23:23:56.196Z,0.03
2026-08-05T23:24:11.219Z,0.03
2026-08-05T23:24:26.328Z,0.03
2026-08-05T23:24:41.384Z,0.03
2026-08-05T23:25:07.455Z,0.04
2026-08-05T23:25:18.107Z,0.04
2026-08-05T23:25:36.636Z,0.03
2026-08-05T23:25:51.687Z,0.03
2026-08-05T23:26:11.761Z,0.03
2026-08-05T23:26:26.822Z,0.03
2026-08-05T23:26:41.921Z,0.04
2026-08-05T23:26:57.332Z,0.03
2026-08-05T23:27:17.884Z,0.03
2026-08-05T23:27:36Z,0.04
2026-08-05T23:27:37.199Z,0.04
2026-08-05T23:27:52.263Z,0.03
2026-08-05T23:28:07.333Z,0.03
2026-08-05T23:28:27.456Z,0.05
2026-08-05T23:28:42.529Z,0.05
2026-08-05T23:28:57.574Z,0.05
2026-08-05T23:29:12.702Z,0.05
2026-08-05T23:29:27.702Z,0.05
2026-08-05T23:29:42.801Z,0.05
2026-08-05T23:29:57.87Z,0.04
2026-08-05T23:30:17.965Z,0.04
2026-08-05T23:30:33.014Z,0.03
2026-08-05T23:30:48.12Z,0.03
2026-08-05T23:31:08.194Z,0.03
2026-08-05T23:31:23.5Z,0.03
2026-08-05T23:31:38.362Z,0.03
2026-08-05T23:31:53.459Z,0.03
2026-08-05T23:32:09.293Z,0.05
2026-08-05T23:32:24.97Z,0.05
2026-08-05T23:32:38Z,0.05
2026-08-05T23:32:38.724Z,0.05
2026-08-05T23:32:53.794Z,0.03
2026-08-05T23:33:14.534Z,0.04
2026-08-05T23:33:29.612Z,0.04
2026-08-05T23:33:49.014Z,0.04
2026-08-05T23:34:04.107Z,0.04
2026-08-05T23:34:19.179Z,0.04
2026-08-05T23:34:35.435Z,0.04
2026-08-05T23:34:49.334Z,0.04
2026-08-05T23:35:13.047Z,0.04
2026-08-05T23:35:19.567Z,0.04
2026-08-05T23:35:34.591Z,0.04
2026-08-05T23:35:54.647Z,0.04
2026-08-05T23:36:14.721Z,0.04
2026-08-05T23:36:34.815Z,0.04
2026-08-05T23:36:49.87Z,0.04
2026-08-05T23:37:09.959Z,0.03
2026-08-05T23:37:25.082Z,0.03
2026-08-05T23:37:39Z,0.03
2026-08-05T23:37:40.145Z,0.03
2026-08-05T23:37:55.216Z,0.04
2026-08-05T23:38:15.304Z,0.04
2026-08-05T23:38:35.363Z,0.03
2026-08-05T23:38:55.426Z,0.03
2026-08-05T23:39:10.489Z,0.03
2026-08-05T23:39:25.56Z,0.04
2026-08-05T23:39:40.748Z,0.04
2026-08-05T23:39:55.807Z,0.04
2026-08-05T23:40:10.881Z,0.04
2026-08-05T23:40:25.922Z,0.04
2026-08-05T23:40:41.034Z,0.04
2026-08-05T23:41:02.72Z,0.04
2026-08-05T23:41:21.209Z,0.03
2026-08-05T23:41:36.223Z,0.04
2026-08-05T23:41:51.309Z,0.04
2026-08-05T23:42:06.421Z,0.04
2026-08-05T23:42:21.545Z,0.03
2026-08-05T23:42:36Z,0.03
2026-08-05T23:42:36.568Z,0.03
2026-08-05T23:42:56.645Z,0.04
2026-08-05T23:43:11.709Z,0.04
2026-08-05T23:43:26.808Z,0.03
2026-08-05T23:43:41.887Z,0.03
2026-08-05T23:44:04.32Z,0.03
2026-08-05T23:44:17.066Z,0.03
2026-08-05T23:44:33.618Z,0.03
2026-08-05T23:44:47.192Z,0.03
2026-08-05T23:45:12.661Z,0.04
2026-08-05T23:45:27.341Z,0.04
2026-08-05T23:45:47.584Z,0.04
2026-08-05T23:46:03.525Z,0.04
2026-08-05T23:46:17.817Z,0.04
2026-08-05T23:46:32.822Z,0.04
2026-08-05T23:46:47.717Z,0.03
2026-08-05T23:47:03.275Z,0.03
2026-08-05T23:47:17.937Z,0.03
2026-08-05T23:47:32Z,0.03
2026-08-05T23:47:33.031Z,0.03
2026-08-05T23:47:48.104Z,0.03
2026-08-05T23:48:03.162Z,0.03
2026-08-05T23:48:18.248Z,0.03
2026-08-05T23:48:33.337Z,0.03
2026-08-05T23:48:48.444Z,0.04
2026-08-05T23:49:03.476Z,0.04
2026-08-05T23:49:18.594Z,0.04
2026-08-05T23:49:34.043Z,0.02
2026-08-05T23:49:48.776Z,0.02
2026-08-05T23:50:10.49Z,0.03
2026-08-05T23:50:28.93Z,0.04
2026-08-05T23:50:49Z,0.04
2026-08-05T23:51:04.085Z,0.04
2026-08-05T23:51:24.492Z,0.04
2026-08-05T23:51:39.283Z,0.03
2026-08-05T23:51:54.341Z,0.03
2026-08-05T23:52:14.583Z,0.05
2026-08-05T23:52:29Z,0.03
2026-08-05T23:52:29.484Z,0.03
2026-08-05T23:52:49.541Z,0.03
2026-08-05T23:53:09.684Z,0.04
2026-08-05T23:53:25.506Z,0.04
2026-08-05T23:53:44.774Z,0.04
2026-08-05T23:54:04.862Z,0.04
2026-08-05T23:54:24.974Z,0.05
2026-08-05T23:54:45.065Z,0.03
2026-08-05T23:55:11.903Z,0.03
2026-08-05T23:55:20.204Z,0.04
2026-08-05T23:55:35.806Z,0.04
2026-08-05T23:55:55.382Z,0.03
2026-08-05T23:56:15.767Z,0.05
2026-08-05T23:56:30.521Z,0.05
2026-08-05T23:56:45.634Z,0.03
2026-08-05T23:57:02.821Z,0.03
2026-08-05T23:57:20.78Z,0.03
2026-08-05T23:57:35Z,0.03
2026-08-05T23:57:36.185Z,0.03
2026-08-05T23:57:50.928Z,0.03
2026-08-05T23:58:06.011Z,0.04
2026-08-05T23:58:26.673Z,0.04
2026-08-05T23:58:41.191Z,0.05
2026-08-05T23:58:56.246Z,0.05
2026-08-05T23:59:11.353Z,0.04
2026-08-05T23:59:33.313Z,0.04
2026-08-05T23:59:51.468Z,0.04
2026-08-06T00:00:12.367Z,0.04
2026-08-06T00:00:27.247Z,0.04
2026-08-06T00:00:41.699Z,0.03
2026-08-06T00:00:56.808Z,0.03
2026-08-06T00:01:11.831Z,0.03
2026-08-06T00:01:26.935Z,0.03
2026-08-06T00:01:47.03Z,0.03
2026-08-06T00:02:02.807Z,0.03
2026-08-06T00:02:17.209Z,0.03
2026-08-06T00:02:32.332Z,0.04
2026-08-06T00:02:46Z,0.04
2026-08-06T00:02:47.435Z,0.04
2026-08-06T00:03:02.68Z,0.05
2026-08-06T00:03:17.714Z,0.05
2026-08-06T00:03:32.592Z,0.03
2026-08-06T00:03:47.694Z,0.03
2026-08-06T00:04:07.783Z,0.03
2026-08-06T00:04:23.005Z,0.03
2026-08-06T00:04:38.435Z,0.04
2026-08-06T00:04:58.051Z,0.04
2026-08-06T00:05:13.09Z,0.04
2026-08-06T00:05:33.18Z,0.03
2026-08-06T00:05:53.58Z,0.03
2026-08-06T00:06:08.362Z,0.03
2026-08-06T00:06:28.41Z,0.03
2026-08-06T00:06:43.488Z,0.04
2026-08-06T00:07:03.558Z,0.04
2026-08-06T00:07:18.693Z,0.04
2026-08-06T00:07:33.758Z,0.04
2026-08-06T00:07:48Z,0.04
2026-08-06T00:07:48.877Z,0.04
2026-08-06T00:08:04.727Z,0.03
2026-08-06T00:08:18.998Z,0.03
2026-08-06T00:08:34.083Z,0.03
2026-08-06T00:08:50.982Z,0.04
2026-08-06T00:09:09.723Z,0.04
2026-08-06T00:09:24.277Z,0.04
2026-08-06T00:09:39.38Z,0.04
2026-08-06T00:09:54.431Z,0.03
2026-08-06T00:10:14.494Z,0.03
2026-08-06T00:10:29.574Z,0.03
2026-08-06T00:10:44.65Z,0.03
2026-08-06T00:10:59.72Z,0.03
2026-08-06T00:11:14.795Z,0.03
2026-08-06T00:11:29.909Z,0.05
2026-08-06T00:11:44.953Z,0.05
2026-08-06T00:12:00.04Z,0.05
2026-08-06T00:12:15.167Z,0.03
2026-08-06T00:12:30.205Z,0.03
2026-08-06T00:12:49Z,0.04
2026-08-06T00:12:50.358Z,0.04
2026-08-06T00:13:05.836Z,0.04
2026-08-06T00:13:20.443Z,0.04
2026-08-06T00:13:35.551Z,0.05
2026-08-06T00:13:50.666Z,0.05
2026-08-06T00:14:10.666Z,0.04
2026-08-06T00:14:25.74Z,0.04
2026-08-06T00:14:46.222Z,0.04
2026-08-06T00:15:11.207Z,0.04
2026-08-06T00:15:15.969Z,0.04
2026-08-06T00:15:31.045Z,0.04
2026-08-06T00:15:46.121Z,0.04
2026-08-06T00:16:02.923Z,0.05
2026-08-06T00:16:16.314Z,0.05
2026-08-06T00:16:31.46Z,0.03
2026-08-06T00:16:51.508Z,0.04
2026-08-06T00:17:06.561Z,0.04
2026-08-06T00:17:21.629Z,0.04
2026-08-06T00:17:36.7Z,0.04
2026-08-06T00:17:51Z,0.04
2026-08-06T00:17:51.782Z,0.04
2026-08-06T00:18:11.858Z,0.04
2026-08-06T00:18:26.96Z,0.04
2026-08-06T00:18:42.044Z,0.04
2026-08-06T00:18:57.147Z,0.04
2026-08-06T00:19:12.228Z,0.04
2026-08-06T00:19:27.298Z,0.04
2026-08-06T00:19:42.406Z,0.04
2026-08-06T00:19:57.476Z,0.04
2026-08-06T00:20:17.529Z,0.03
2026-08-06T00:20:32.583Z,0.03
2026-08-06T00:20:47.665Z,0.04
2026-08-06T00:21:02.77Z,0.04
2026-08-06T00:21:23.758Z,0.04
2026-08-06T00:21:37.939Z,0.04
2026-08-06T00:21:53.013Z,0.02
2026-08-06T00:22:08.083Z,0.02
2026-08-06T00:22:28.178Z,0.03
2026-08-06T00:22:42Z,0.03
2026-08-06T00:22:43.513Z,0.03
2026-08-06T00:22:58.341Z,0.03
2026-08-06T00:23:13.456Z,0.03
2026-08-06T00:23:28.479Z,0.03
2026-08-06T00:23:48.893Z,0.03
2026-08-06T00:24:08.641Z,0.03
2026-08-06T00:24:23.723Z,0.03
2026-08-06T00:24:38.806Z,0.04
2026-08-06T00:24:53.956Z,0.03
2026-08-06T00:25:12.325Z,0.03
2026-08-06T00:25:29.126Z,0.03
2026-08-06T00:25:44.987Z,0.03
2026-08-06T00:25:59.27Z,0.04
2026-08-06T00:26:19.399Z,0.04
2026-08-06T00:26:35.541Z,0.04
2026-08-06T00:26:49.524Z,0.03
2026-08-06T00:27:09.631Z,0.04
2026-08-06T00:27:24.705Z,0.04
2026-08-06T00:27:44Z,0.04
2026-08-06T00:27:44.765Z,0.04
2026-08-06T00:28:04.858Z,0.04
2026-08-06T00:28:24.915Z,0.03
2026-08-06T00:28:40.008Z,0.03
2026-08-06T00:29:00.09Z,0.03
2026-08-06T00:29:15.224Z,0.03
2026-08-06T00:29:31.181Z,0.03
2026-08-06T00:29:45.372Z,0.03
2026-08-06T00:30:00.42Z,0.03
2026-08-06T00:30:15.467Z,0.03
2026-08-06T00:30:30.531Z,0.04
2026-08-06T00:30:46.749Z,0.04
2026-08-06T00:31:02.464Z,0.04
2026-08-06T00:31:15.774Z,0.03
2026-08-06T00:31:30.859Z,0.03
2026-08-06T00:31:45.937Z,0.03
2026-08-06T00:32:06.021Z,0.04
2026-08-06T00:32:21.087Z,0.04
2026-08-06T00:32:41.236Z,0.04
2026-08-06T00:32:55Z,0.04
2026-08-06T00:32:56.723Z,0.04
2026-08-06T00:33:16.315Z,0.02
2026-08-06T00:33:36.479Z,0.02
2026-08-06T00:33:51.57Z,0.04
2026-08-06T00:34:06.615Z,0.04
2026-08-06T00:34:23.346Z,0.04
2026-08-06T00:34:41.749Z,0.03
2026-08-06T00:34:56.832Z,0.03
2026-08-06T00:35:11.902Z,0.04
2026-08-06T00:35:27.008Z,0.04
2026-08-06T00:35:42.075Z,0.04
2026-08-06T00:35:57.16Z,0.03
2026-08-06T00:36:12.268Z,0.03
2026-08-06T00:36:33.879Z,0.04
2026-08-06T00:36:47.947Z,0.04
2026-08-06T00:37:07.452Z,0.04
2026-08-06T00:37:27.55Z,0.03
2026-08-06T00:37:42.604Z,0.04
2026-08-06T00:37:57Z,0.04
2026-08-06T00:37:57.696Z,0.04
2026-08-06T00:38:12.787Z,0.04
2026-08-06T00:38:27.906Z,0.05
2026-08-06T00:38:43.003Z,0.05
2026-08-06T00:38:58.083Z,0.03
2026-08-06T00:39:13.146Z,0.03
2026-08-06T00:39:33.221Z,0.03
2026-08-06T00:39:48.331Z,0.03
2026-08-06T00:40:11.293Z,0.03
2026-08-06T00:40:18.499Z,0.03
2026-08-06T00:40:33.543Z,0.04
2026-08-06T00:40:48.639Z,0.04
2026-08-06T00:41:04.68Z,0.04
2026-08-06T00:41:18.827Z,0.03
2026-08-06T00:41:33.855Z,0.03
2026-08-06T00:41:48.971Z,0.03
2026-08-06T00:42:04.045Z,0.03
2026-08-06T00:42:19.1Z,0.03
2026-08-06T00:42:39.182Z,0.03
2026-08-06T00:42:53Z,0.03
2026-08-06T00:42:54.28Z,0.03
2026-08-06T00:43:09.367Z,0.03
2026-08-06T00:43:24.403Z,0.04
2026-08-06T00:43:44.544Z,0.03
2026-08-06T00:43:59.57Z,0.03
2026-08-06T00:44:14.643Z,0.04
2026-08-06T00:44:30.307Z,0.04
2026-08-06T00:44:49.806Z,0.05
2026-08-06T00:45:10.652Z,0.05
2026-08-06T00:45:25.009Z,0.03
2026-08-06T00:45:40.079Z,0.03
2026-08-06T00:46:00.133Z,0.04
2026-08-06T00:46:15.192Z,0.04
2026-08-06T00:46:30.282Z,0.04
2026-08-06T00:46:47.186Z,0.04
2026-08-06T00:47:05.45Z,0.03
2026-08-06T00:47:20.502Z,0.04
2026-08-06T00:47:35.58Z,0.04
2026-08-06T00:47:50Z,0.04
2026-08-06T00:47:50.648Z,0.04
2026-08-06T00:48:05.727Z,0.04
2026-08-06T00:48:20.815Z,0.04
2026-08-06T00:48:40.914Z,0.04
2026-08-06T00:48:55.992Z,0.04
2026-08-06T00:49:11.06Z,0.04
2026-08-06T00:49:26.129Z,0.03
2026-08-06T00:49:41.238Z,0.03
2026-08-06T00:49:56.293Z,0.03
2026-08-06T00:50:11.364Z,0.03
2026-08-06T00:50:26.435Z,0.03
2026-08-06T00:50:41.545Z,0.04
2026-08-06T00:50:56.932Z,0.04
2026-08-06T00:51:11.679Z,0.03
2026-08-06T00:51:31.757Z,0.03
2026-08-06T00:51:51.881Z,0.04
2026-08-06T00:52:06.943Z,0.04
2026-08-06T00:52:22.025Z,0.04
2026-08-06T00:52:37.081Z,0.04
2026-08-06T00:52:51Z,0.04
2026-08-06T00:52:52.127Z,0.04
2026-08-06T00:53:07.266Z,0.04
2026-08-06T00:53:22.349Z,0.04
2026-08-06T00:53:37.418Z,0.04
2026-08-06T00:53:52.504Z,0.05
2026-08-06T00:54:07.625Z,0.05
2026-08-06T00:54:22.696Z,0.05
2026-08-06T00:54:42.727Z,0.03
2026-08-06T00:54:57.805Z,0.03
2026-08-06T00:55:17.906Z,0.03
2026-08-06T00:55:32.982Z,0.03
2026-08-06T00:55:48.611Z,0.04
2026-08-06T00:56:03.221Z,0.04
2026-08-06T00:56:23.217Z,0.04
2026-08-06T00:56:38.303Z,0.04
2026-08-06T00:56:53.366Z,0.04
2026-08-06T00:57:08.454Z,0.04
2026-08-06T00:57:28.523Z,0.04
2026-08-06T00:57:48Z,0.03
2026-08-06T00:57:48.587Z,0.03
2026-08-06T00:58:08.687Z,0.04
2026-08-06T00:58:23.74Z,0.04
2026-08-06T00:58:38.84Z,0.03
2026-08-06T00:58:58.957Z,0.03
2026-08-06T00:59:14.045Z,0.05
2026-08-06T00:59:29.081Z,0.05
2026-08-06T00:59:50.187Z,0.05
2026-08-06T01:00:12.072Z,0.03
2026-08-06T01:00:19.28Z,0.04
2026-08-06T01:00:34.427Z,0.04
2026-08-06T01:00:49.557Z,0.03
2026-08-06T01:01:09.589Z,0.03
2026-08-06T01:01:24.67Z,0.03
2026-08-06T01:01:46.737Z,0.03
2026-08-06T01:01:59.825Z,0.04
2026-08-06T01:02:14.895Z,0.04
2026-08-06T01:02:34.971Z,0.04
2026-08-06T01:02:50.038Z,0.04
2026-08-06T01:03:04Z,0.04
2026-08-06T01:03:05.158Z,0.04
2026-08-06T01:03:25.234Z,0.04
2026-08-06T01:03:40.33Z,0.03
2026-08-06T01:03:55.378Z,0.03
2026-08-06T01:04:15.45Z,0.03
2026-08-06T01:04:30.534Z,0.04
2026-08-06T01:04:51.391Z,0.04
2026-08-06T01:05:07.806Z,0.04
2026-08-06T01:05:20.755Z,0.04
2026-08-06T01:05:35.844Z,0.04
2026-08-06T01:05:50.947Z,0.03
2026-08-06T01:06:06.006Z,0.03
2026-08-06T01:06:21.078Z,0.03
2026-08-06T01:06:36.213Z,0.03
2026-08-06T01:06:51.235Z,0.03
2026-08-06T01:07:06.308Z,0.03
2026-08-06T01:07:26.771Z,0.05
2026-08-06T01:07:41.484Z,0.05
2026-08-06T01:07:56Z,0.05
2026-08-06T01:07:56.575Z,0.05
2026-08-06T01:08:11.65Z,0.04
2026-08-06T01:08:26.746Z,0.03
2026-08-06T01:08:41.802Z,0.03
2026-08-06T01:08:56.872Z,0.03
2026-08-06T01:09:11.942Z,0.04
2026-08-06T01:09:27.139Z,0.04
2026-08-06T01:09:42.128Z,0.04
2026-08-06T01:09:57.2Z,0.04
2026-08-06T01:10:12.263Z,0.04
2026-08-06T01:10:28.117Z,0.04
2026-08-06T01:10:42.422Z,0.05
2026-08-06T01:10:57.526Z,0.05
2026-08-06T01:11:12.607Z,0.03
2026-08-06T01:11:27.703Z,0.03
2026-08-06T01:11:47.777Z,0.03
2026-08-06T01:12:07.818Z,0.03
2026-08-06T01:12:28.01Z,0.03
2026-08-06T01:12:48.039Z,0.03
2026-08-06T01:13:02Z,0.03
2026-08-06T01:13:03.116Z,0.03
2026-08-06T01:13:18.145Z,0.05
2026-08-06T01:13:33.44Z,0.05
2026-08-06T01:13:48.586Z,0.05
2026-08-06T01:14:08.414Z,0.04
2026-08-06T01:14:23.956Z,0.04
2026-08-06T01:14:43.6Z,0.04
2026-08-06T01:15:10.293Z,0.03
2026-08-06T01:15:18.67Z,0.03
2026-08-06T01:15:33.752Z,0.03
2026-08-06T01:15:50.203Z,0.03
2026-08-06T01:16:03.914Z,0.04
2026-08-06T01:16:18.978Z,0.04
2026-08-06T01:16:34.062Z,0.04
2026-08-06T01:16:49.142Z,0.04
2026-08-06T01:17:09.21Z,0.04
2026-08-06T01:17:24.315Z,0.03
2026-08-06T01:17:39.385Z,0.03
2026-08-06T01:17:55.314Z,0.04
2026-08-06T01:18:09Z,0.04
2026-08-06T01:18:09.522Z,0.04
2026-08-06T01:18:24.632Z,0.04
2026-08-06T01:18:39.669Z,0.04
2026-08-06T01:18:54.789Z,0.05
2026-08-06T01:19:10.351Z,0.05
2026-08-06T01:19:29.954Z,0.03
2026-08-06T01:19:50Z,0.03
2026-08-06T01:20:08.85Z,0.04
2026-08-06T01:20:20.167Z,0.04
2026-08-06T01:20:35.227Z,0.02
2026-08-06T01:20:50.29Z,0.02
2026-08-06T01:21:06.151Z,0.03
2026-08-06T01:21:25.432Z,0.03
2026-08-06T01:21:40.58Z,0.03
2026-08-06T01:22:02.559Z,0.03
2026-08-06T01:22:15.648Z,0.03
2026-08-06T01:22:35.779Z,0.03
2026-08-06T01:22:50.88Z,0.04
2026-08-06T01:23:05Z,0.04
2026-08-06T01:23:05.922Z,0.04
2026-08-06T01:23:21.1Z,0.03
2026-08-06T01:23:41.112Z,0.03
2026-08-06T01:23:56.165Z,0.03
2026-08-06T01:24:11.223Z,0.03
2026-08-06T01:24:31.831Z,0.04
2026-08-06T01:24:51.379Z,0.03
2026-08-06T01:25:11.113Z,0.03
2026-08-06T01:25:21.626Z,0.04
2026-08-06T01:25:36.73Z,0.04
2026-08-06T01:25:56.767Z,0.04
2026-08-06T01:26:11.83Z,0.04
2026-08-06T01:26:27.017Z,0.04
2026-08-06T01:26:42.01Z,0.04
2026-08-06T01:26:57.063Z,0.03
2026-08-06T01:27:17.157Z,0.03
2026-08-06T01:27:32.958Z,0.03
2026-08-06T01:27:47.328Z,0.03
2026-08-06T01:28:02Z,0.03
2026-08-06T01:28:02.629Z,0.03
2026-08-06T01:28:17.491Z,0.03
2026-08-06T01:28:37.641Z,0.04
2026-08-06T01:28:52.766Z,0.04
2026-08-06T01:29:07.719Z,0.04
2026-08-06T01:29:22.8Z,0.03
2026-08-06T01:29:37.858Z,0.03
2026-08-06T01:29:53.128Z,0.04
2026-08-06T01:30:12.1Z,0.04
2026-08-06T01:30:23.201Z,0.04
2026-08-06T01:30:43.268Z,0.04
2026-08-06T01:30:58.408Z,0.04
2026-08-06T01:31:14.535Z,0.04
2026-08-06T01:31:28.498Z,0.04
2026-08-06T01:31:48.611Z,0.04
2026-08-06T01:32:08.642Z,0.04
2026-08-06T01:32:23.776Z,0.04
2026-08-06T01:32:38.884Z,0.04
2026-08-06T01:32:53.929Z,0.03
2026-08-06T01:33:13Z,0.03
2026-08-06T01:33:14.016Z,0.03
2026-08-06T01:33:34.624Z,0.03
2026-08-06T01:33:49.171Z,0.04
2026-08-06T01:34:10.505Z,0.03
2026-08-06T01:34:29.33Z,0.03
2026-08-06T01:34:49.811Z,0.03
2026-08-06T01:35:08.803Z,0.02
2026-08-06T01:35:19.712Z,0.02
2026-08-06T01:35:34.745Z,0.03
2026-08-06T01:35:54.805Z,0.03
2026-08-06T01:36:09.835Z,0.03
2026-08-06T01:36:24.952Z,0.05
2026-08-06T01:36:44.992Z,0.03
2026-08-06T01:37:05.134Z,0.03
2026-08-06T01:37:20.145Z,0.03
2026-08-06T01:37:35.226Z,0.03
2026-08-06T01:37:50.305Z,0.03
2026-08-06T01:38:04Z,0.03
2026-08-06T01:38:05.393Z,0.03
2026-08-06T01:38:20.502Z,0.03
2026-08-06T01:38:35.566Z,0.03
2026-08-06T01:38:53.947Z,0.03
2026-08-06T01:39:11.405Z,0.03
2026-08-06T01:39:25.827Z,0.03
2026-08-06T01:39:40.898Z,0.03
2026-08-06T01:39:56.09Z,0.05
2026-08-06T01:40:12.901Z,0.05
2026-08-06T01:40:26.157Z,0.03
2026-08-06T01:40:41.291Z,0.03
2026-08-06T01:40:56.708Z,0.05
2026-08-06T01:41:16.383Z,0.05
2026-08-06T01:41:36.469Z,0.04
2026-08-06T01:41:51.527Z,0.04
2026-08-06T01:42:06.608Z,0.03
2026-08-06T01:42:21.962Z,0.03
2026-08-06T01:42:41.846Z,0.03
2026-08-06T01:42:56.918Z,0.03
2026-08-06T01:43:11Z,0.03
2026-08-06T01:43:12.016Z,0.03
2026-08-06T01:43:27.203Z,0.04
2026-08-06T01:43:47.145Z,0.04
2026-08-06T01:44:02.906Z,0.04
2026-08-06T01:44:17.313Z,0.04
2026-08-06T01:44:34.273Z,0.04
2026-08-06T01:44:52.628Z,0.04
2026-08-06T01:45:12.437Z,0.04
2026-08-06T01:45:22.666Z,0.04
2026-08-06T01:45:37.986Z,0.03
2026-08-06T01:45:52.836Z,0.03
2026-08-06T01:46:07.903Z,0.03
2026-08-06T01:46:22.989Z,0.03
2026-08-06T01:46:38.735Z,0.04
2026-08-06T01:46:54.404Z,0.04
2026-08-06T01:47:08.241Z,0.03
2026-08-06T01:47:23.365Z,0.03
2026-08-06T01:47:38.396Z,0.04
2026-08-06T01:47:53.471Z,0.04
2026-08-06T01:48:08Z,0.03
2026-08-06T01:48:08.555Z,0.03
2026-08-06T01:48:23.648Z,0.03
2026-08-06T01:48:38.719Z,0.03
2026-08-06T01:48:53.841Z,0.03
2026-08-06T01:49:13.943Z,0.03
2026-08-06T01:49:28.959Z,0.03
2026-08-06T01:49:44.199Z,0.04
2026-08-06T01:49:59.208Z,0.04
2026-08-06T01:50:14.286Z,0.03
2026-08-06T01:50:29.379Z,0.03
2026-08-06T01:50:44.402Z,0.03
2026-08-06T01:50:59.487Z,0.03
2026-08-06T01:51:14.707Z,0.03
2026-08-06T01:51:29.651Z,0.03
2026-08-06T01:51:49.725Z,0.04
2026-08-06T01:52:04.795Z,0.03
2026-08-06T01:52:24.899Z,0.03
2026-08-06T01:52:45.019Z,0.04
2026-08-06T01:53:00.086Z,0.04
2026-08-06T01:53:14Z,0.05
2026-08-06T01:53:15.277Z,0.05
2026-08-06T01:53:35.208Z,0.05
2026-08-06T01:53:50.281Z,0.05
2026-08-06T01:54:11.067Z,0.03
2026-08-06T01:54:30.427Z,0.03
2026-08-06T01:54:45.495Z,0.03
2026-08-06T01:55:12.349Z,0.03
2026-08-06T01:55:20.691Z,0.03
2026-08-06T01:55:35.768Z,0.03
2026-08-06T01:55:50.872Z,0.04
2026-08-06T01:56:05.941Z,0.04
2026-08-06T01:56:21.062Z,0.04
2026-08-06T01:56:36.169Z,0.04
2026-08-06T01:56:51.228Z,0.04
2026-08-06T01:57:06.51Z,0.04
2026-08-06T01:57:21.346Z,0.04
2026-08-06T01:57:36.439Z,0.02
2026-08-06T01:57:51.504Z,0.04
2026-08-06T01:58:11Z,0.04
2026-08-06T01:58:12.69Z,0.04
2026-08-06T01:58:31.659Z,0.04
2026-08-06T01:58:51.749Z,0.04
2026-08-06T01:59:06.825Z,0.04
2026-08-06T01:59:22.679Z,0.03
2026-08-06T01:59:37.015Z,0.03
2026-08-06T01:59:52.111Z,0.05
2026-08-06T02:00:13.229Z,0.05
2026-08-06T02:00:27.247Z,0.05
2026-08-06T02:00:42.308Z,0.03
2026-08-06T02:01:03.091Z,0.03
2026-08-06T02:01:17.486Z,0.03
2026-08-06T02:01:37.541Z,0.03
2026-08-06T02:01:52.605Z,0.03
2026-08-06T02:02:07.731Z,0.03
2026-08-06T02:02:22.847Z,0.03
2026-08-06T02:02:37.877Z,0.03
2026-08-06T02:02:53.016Z,0.03
2026-08-06T02:03:08.081Z,0.04
2026-08-06T02:03:22Z,0.04
2026-08-06T02:03:23.201Z,0.04
2026-08-06T02:03:38.216Z,0.04
2026-08-06T02:03:58.296Z,0.03
2026-08-06T02:04:13.393Z,0.03
2026-08-06T02:04:28.44Z,0.03
2026-08-06T02:04:43.507Z,0.03
2026-08-06T02:05:07.878Z,0.04
2026-08-06T02:05:18.661Z,0.04
2026-08-06T02:05:34.013Z,0.04
2026-08-06T02:05:48.91Z,0.04
2026-08-06T02:06:03.878Z,0.04
2026-08-06T02:06:18.967Z,0.04
2026-08-06T02:06:34.083Z,0.05
2026-08-06T02:06:49.128Z,0.05
2026-08-06T02:07:04.784Z,0.05
2026-08-06T02:07:19.358Z,0.03
2026-08-06T02:07:39.419Z,0.03
2026-08-06T02:07:59.48Z,0.04
2026-08-06T02:08:14Z,0.04
2026-08-06T02:08:14.559Z,0.04
2026-08-06T02:08:29.627Z,0.04
2026-08-06T02:08:44.963Z,0.03
2026-08-06T02:08:59.795Z,0.04
2026-08-06T02:09:14.881Z,0.04
2026-08-06T02:09:29.973Z,0.04
2026-08-06T02:09:50.043Z,0.04
2026-08-06T02:10:10.473Z,0.03
2026-08-06T02:10:20.21Z,0.03
2026-08-06T02:10:35.246Z,0.03
2026-08-06T02:10:50.331Z,0.02
2026-08-06T02:11:05.386Z,0.02
2026-08-06T02:11:20.493Z,0.03
2026-08-06T02:11:35.585Z,0.03
2026-08-06T02:11:50.651Z,0.03
2026-08-06T02:12:05.755Z,0.04
2026-08-06T02:12:20.839Z,0.04
2026-08-06T02:12:35.982Z,0.04
2026-08-06T02:12:51.061Z,0.03
2026-08-06T02:13:06.136Z,0.03
2026-08-06T02:13:20Z,0.03
2026-08-06T02:13:21.213Z,0.03
2026-08-06T02:13:36.298Z,0.03
2026-08-06T02:13:51.953Z,0.03
2026-08-06T02:14:06.454Z,0.03
2026-08-06T02:14:21.532Z,0.04
2026-08-06T02:14:36.596Z,0.04
2026-08-06T02:14:51.689Z,0.04
2026-08-06T02:15:11.786Z,0.03
2026-08-06T02:15:31.974Z,0.03
2026-08-06T02:15:46.886Z,0.03
2026-08-06T02:16:03.022Z,0.03
2026-08-06T02:16:17.072Z,0.04
2026-08-06T02:16:37.151Z,0.04
2026-08-06T02:16:52.219Z,0.04
2026-08-06T02:17:07.305Z,0.04
2026-08-06T02:17:27.353Z,0.03
2026-08-06T02:17:47.512Z,0.02
2026-08-06T02:18:07.526Z,0.02
2026-08-06T02:18:22Z,0.03
2026-08-06T02:18:22.585Z,0.03
2026-08-06T02:18:39.879Z,0.03
2026-08-06T02:18:52.775Z,0.04
2026-08-06T02:19:12.859Z,0.04
2026-08-06T02:19:28.049Z,0.04
2026-08-06T02:19:43.046Z,0.03
2026-08-06T02:20:10.306Z,0.03
2026-08-06T02:20:23.267Z,0.03
2026-08-06T02:20:38.342Z,0.03
2026-08-06T02:20:53.799Z,0.04
2026-08-06T02:21:08.433Z,0.04
2026-08-06T02:21:23.518Z,0.03
2026-08-06T02:21:38.585Z,0.03
2026-08-06T02:21:53.791Z,0.03
2026-08-06T02:22:08.82Z,0.04
2026-08-06T02:22:28.932Z,0.03
2026-08-06T02:22:44.013Z,0.03
2026-08-06T02:22:59.044Z,0.03
2026-08-06T02:23:18Z,0.03
2026-08-06T02:23:19.112Z,0.03
2026-08-06T02:23:34.179Z,0.04
2026-08-06T02:23:49.402Z,0.04
2026-08-06T02:24:04.375Z,0.04
2026-08-06T02:24:19.452Z,0.04
2026-08-06T02:24:34.539Z,0.04
2026-08-06T02:24:54.642Z,0.04
2026-08-06T02:25:14.704Z,0.04
2026-08-06T02:25:29.767Z,0.05
2026-08-06T02:25:49.836Z,0.05
2026-08-06T02:26:04.917Z,0.05
2026-08-06T02:26:25.687Z,0.05
2026-08-06T02:26:40.254Z,0.05
2026-08-06T02:26:55.177Z,0.05
2026-08-06T02:27:10.242Z,0.05
2026-08-06T02:27:25.342Z,0.05
2026-08-06T02:27:45.387Z,0.02
2026-08-06T02:28:00.497Z,0.04
2026-08-06T02:28:15.561Z,0.04
2026-08-06T02:28:30Z,0.04
2026-08-06T02:28:30.66Z,0.04
2026-08-06T02:28:51.187Z,0.04
2026-08-06T02:29:10.861Z,0.04
2026-08-06T02:29:25.956Z,0.03
2026-08-06T02:29:42.49Z,0.03
2026-08-06T02:29:56.398Z,0.03
2026-08-06T02:30:11.185Z,0.03
2026-08-06T02:30:26.268Z,0.03
2026-08-06T02:30:46.342Z,0.03
2026-08-06T02:31:02.581Z,0.03
2026-08-06T02:31:16.508Z,0.03
2026-08-06T02:31:31.567Z,0.02
2026-08-06T02:31:46.633Z,0.05
2026-08-06T02:32:02.935Z,0.05
2026-08-06T02:32:17.018Z,0.05
2026-08-06T02:32:31.879Z,0.05
2026-08-06T02:32:46.959Z,0.03
2026-08-06T02:33:02.615Z,0.03
2026-08-06T02:33:21Z,0.03
2026-08-06T02:33:22.111Z,0.03
2026-08-06T02:33:37.351Z,0.03
2026-08-06T02:33:52.307Z,0.03
2026-08-06T02:34:07.443Z,0.03
2026-08-06T02:34:22.566Z,0.02
2026-08-06T02:34:37.655Z,0.02
2026-08-06T02:34:54.625Z,0.02
2026-08-06T02:35:09.235Z,0.02
2026-08-06T02:35:22.861Z,0.04
2026-08-06T02:35:37.929Z,0.04
2026-08-06T02:35:53.013Z,0.04
2026-08-06T02:36:08.408Z,0.04
2026-08-06T02:36:23.2Z,0.04
2026-08-06T02:36:38.325Z,0.04
2026-08-06T02:36:53.379Z,0.04
2026-08-06T02:37:08.433Z,0.03
2026-08-06T02:37:23.589Z,0.03
2026-08-06T02:37:38.669Z,0.04
2026-08-06T02:37:59.038Z,0.04
2026-08-06T02:38:13.84Z,0.04
2026-08-06T02:38:33Z,0.04
2026-08-06T02:38:33.905Z,0.04
2026-08-06T02:38:48.966Z,0.04
2026-08-06T02:39:04.134Z,0.04
2026-08-06T02:39:19.774Z,0.04
2026-08-06T02:39:39.244Z,0.04
2026-08-06T02:39:54.329Z,0.04
2026-08-06T02:40:14.592Z,0.04
2026-08-06T02:40:29.507Z,0.03
2026-08-06T02:40:49.548Z,0.03
2026-08-06T02:41:04.703Z,0.03
2026-08-06T02:41:19.77Z,0.03
2026-08-06T02:41:39.897Z,0.04
2026-08-06T02:41:54.983Z,0.04
2026-08-06T02:42:10.041Z,0.04
2026-08-06T02:42:25.42Z,0.03
2026-08-06T02:42:40.186Z,0.03
2026-08-06T02:43:00.294Z,0.03
2026-08-06T02:43:15.366Z,0.03
2026-08-06T02:43:35Z,0.05
2026-08-06T02:43:36.076Z,0.05
2026-08-06T02:43:50.605Z,0.05
2026-08-06T02:44:05.67Z,0.04
2026-08-06T02:44:20.732Z,0.04
2026-08-06T02:44:41.044Z,0.04
2026-08-06T02:44:55.927Z,0.04
2026-08-06T02:45:12.421Z,0.03
2026-08-06T02:45:26.229Z,0.03
2026-08-06T02:45:41.161Z,0.03
2026-08-06T02:46:03.015Z,0.04
2026-08-06T02:46:16.283Z,0.04
2026-08-06T02:46:31.404Z,0.04
2026-08-06T02:46:51.534Z,0.04
2026-08-06T02:47:06.598Z,0.04
2026-08-06T02:47:21.659Z,0.04
2026-08-06T02:47:36.878Z,0.05
2026-08-06T02:47:53.327Z,0.03
2026-08-06T02:48:06.879Z,0.03
2026-08-06T02:48:26Z,0.04
2026-08-06T02:48:27.046Z,0.04
2026-08-06T02:48:42.155Z,0.04
2026-08-06T02:48:57.144Z,0.04
2026-08-06T02:49:12.206Z,0.04
2026-08-06T02:49:32.275Z,0.05
2026-08-06T02:49:48.169Z,0.05
2026-08-06T02:50:11.87Z,0.04
2026-08-06T02:50:17.505Z,0.04
2026-08-06T02:50:32.582Z,0.04
2026-08-06T02:50:47.713Z,0.04
2026-08-06T02:51:07.753Z,0.04
2026-08-06T02:51:27.865Z,0.03
2026-08-06T02:51:42.975Z,0.03
2026-08-06T02:51:58.823Z,0.03
2026-08-06T02:52:18.098Z,0.03
2026-08-06T02:52:38.202Z,0.03
2026-08-06T02:52:53.336Z,0.03
2026-08-06T02:53:13.329Z,0.03
2026-08-06T02:53:28Z,0.04
2026-08-06T02:53:28.408Z,0.04
2026-08-06T02:53:43.523Z,0.04
2026-08-06T02:53:58.565Z,0.04
2026-08-06T02:54:13.659Z,0.04
2026-08-06T02:54:28.725Z,0.04
2026-08-06T02:54:43.832Z,0.04
2026-08-06T02:54:59.249Z,0.04
2026-08-06T02:55:13.969Z,0.04
2026-08-06T02:55:29.033Z,0.04
2026-08-06T02:55:44.128Z,0.03
2026-08-06T02:55:59.237Z,0.03
2026-08-06T02:56:14.267Z,0.03
2026-08-06T02:56:29.352Z,0.03
2026-08-06T02:56:44.422Z,0.04
2026-08-06T02:56:59.507Z,0.04
2026-08-06T02:57:14.605Z,0.03
2026-08-06T02:57:29.647Z,0.03
2026-08-06T02:57:49.782Z,0.04
2026-08-06T02:58:04.789Z,0.04
2026-08-06T02:58:19.873Z,0.03
2026-08-06T02:58:39Z,0.03
2026-08-06T02:58:39.99Z,0.03
2026-08-06T02:58:55.034Z,0.03
2026-08-06T02:59:10.14Z,0.04
2026-08-06T02:59:25.358Z,0.04
2026-08-06T02:59:40.276Z,0.04
2026-08-06T02:59:55.335Z,0.04
2026-08-06T03:00:13.365Z,0.04
2026-08-06T03:00:25.517Z,0.03
2026-08-06T03:00:40.594Z,0.03
2026-08-06T03:00:55.637Z,0.04
2026-08-06T03:01:15.806Z,0.05
2026-08-06T03:01:35.841Z,0.05
2026-08-06T03:01:50.959Z,0.05
2026-08-06T03:02:06Z,0.04
2026-08-06T03:02:26.063Z,0.04
2026-08-06T03:02:46.366Z,0.03
2026-08-06T03:03:06.232Z,0.03
2026-08-06T03:03:21.292Z,0.03
2026-08-06T03:03:35Z,0.03
2026-08-06T03:03:36.407Z,0.03
2026-08-06T03:03:56.472Z,0.04
2026-08-06T03:04:11.509Z,0.04
2026-08-06T03:04:31.605Z,0.04
2026-08-06T03:04:46.684Z,0.04
2026-08-06T03:05:08.868Z,0.04
2026-08-06T03:05:28.015Z,0.04
2026-08-06T03:05:41.921Z,0.04
2026-08-06T03:05:56.998Z,0.04
2026-08-06T03:06:17.063Z,0.03
2026-08-06T03:06:37.15Z,0.03
2026-08-06T03:06:52.331Z,0.03
2026-08-06T03:07:07.431Z,0.03
2026-08-06T03:07:27.731Z,0.03
2026-08-06T03:07:42.763Z,0.04
2026-08-06T03:07:57.618Z,0.04
2026-08-06T03:08:12.701Z,0.04
2026-08-06T03:08:27.85Z,0.04
2026-08-06T03:08:42Z,0.03
2026-08-06T03:08:42.878Z,0.03
2026-08-06T03:08:57.91Z,0.03
2026-08-06T03:09:13.021Z,0.04
2026-08-06T03:09:28.082Z,0.04
2026-08-06T03:09:43.148Z,0.04
2026-08-06T03:09:58.635Z,0.04
2026-08-06T03:10:13.325Z,0.04
2026-08-06T03:10:33.381Z,0.04
2026-08-06T03:10:48.453Z,0.04
2026-08-06T03:11:08.537Z,0.04
2026-08-06T03:11:23.632Z,0.03
2026-08-06T03:11:43.754Z,0.03
2026-08-06T03:11:58.799Z,0.03
2026-08-06T03:12:20.574Z,0.03
2026-08-06T03:12:33.949Z,0.04
2026-08-06T03:12:49.032Z,0.04
2026-08-06T03:13:04.081Z,0.04
2026-08-06T03:13:19.642Z,0.04
2026-08-06T03:13:33Z,0.03
2026-08-06T03:13:34.241Z,0.03
2026-08-06T03:13:49.325Z,0.03
2026-08-06T03:14:09.416Z,0.03
2026-08-06T03:14:24.494Z,0.03
2026-08-06T03:14:39.596Z,0.03
2026-08-06T03:14:59.899Z,0.03
2026-08-06T03:15:14.725Z,0.03
2026-08-06T03:15:29.829Z,0.03
2026-08-06T03:15:44.887Z,0.04
2026-08-06T03:15:59.991Z,0.04
2026-08-06T03:16:15.073Z,0.04
2026-08-06T03:16:30.164Z,0.04
2026-08-06T03:16:45.236Z,0.05
2026-08-06T03:17:05.822Z,0.05
2026-08-06T03:17:20.418Z,0.04
2026-08-06T03:17:40.51Z,0.03
2026-08-06T03:17:55.601Z,0.03
2026-08-06T03:18:10.683Z,0.03
2026-08-06T03:18:31.007Z,0.02
2026-08-06T03:18:45Z,0.02
2026-08-06T03:18:45.885Z,0.02
2026-08-06T03:19:02.734Z,0.02
2026-08-06T03:19:16.801Z,0.02
2026-08-06T03:19:31.215Z,0.03
2026-08-06T03:19:46.186Z,0.03
2026-08-06T03:20:12.044Z,0.03
2026-08-06T03:20:21.372Z,0.03
2026-08-06T03:20:41.476Z,0.04
2026-08-06T03:20:56.612Z,0.04
2026-08-06T03:21:11.677Z,0.03
2026-08-06T03:21:26.717Z,0.03
2026-08-06T03:21:46.793Z,0.03
2026-08-06T03:22:02.929Z,0.03
2026-08-06T03:22:21.942Z,0.04
2026-08-06T03:22:37.053Z,0.02
2026-08-06T03:22:52.558Z,0.02
2026-08-06T03:23:12.193Z,0.04
2026-08-06T03:23:32.256Z,0.04
2026-08-06T03:23:46Z,0.04
2026-08-06T03:23:47.835Z,0.04
2026-08-06T03:24:07.416Z,0.04
2026-08-06T03:24:22.486Z,0.04
2026-08-06T03:24:37.57Z,0.02
2026-08-06T03:24:52.651Z,0.02
2026-08-06T03:25:10.981Z,0.02
2026-08-06T03:25:22.81Z,0.02
2026-08-06T03:25:37.934Z,0.03
2026-08-06T03:25:53.05Z,0.03
2026-08-06T03:26:08.134Z,0.03
2026-08-06T03:26:23.239Z,0.04
2026-08-06T03:26:38.304Z,0.04
2026-08-06T03:26:53.381Z,0.04
2026-08-06T03:27:17.263Z,0.04
2026-08-06T03:27:33.533Z,0.03
2026-08-06T03:27:48.645Z,0.02
2026-08-06T03:28:03.686Z,0.02
2026-08-06T03:28:23.852Z,0.04
2026-08-06T03:28:38Z,0.04
2026-08-06T03:28:38.893Z,0.04
2026-08-06T03:28:54.337Z,0.03
2026-08-06T03:29:14.047Z,0.03
2026-08-06T03:29:29.111Z,0.03
2026-08-06T03:29:44.2Z,0.04
2026-08-06T03:29:59.296Z,0.04
2026-08-06T03:30:14.361Z,0.04
2026-08-06T03:30:34.416Z,0.04
2026-08-06T03:30:49.498Z,0.03
2026-08-06T03:31:09.589Z,0.03
2026-08-06T03:31:25.112Z,0.03
2026-08-06T03:31:44.78Z,0.05
2026-08-06T03:32:06.204Z,0.05
2026-08-06T03:32:19.882Z,0.05
2026-08-06T03:32:40.026Z,0.03
2026-08-06T03:32:55.022Z,0.03
2026-08-06T03:33:10.103Z,0.03
2026-08-06T03:33:25.211Z,0.03
2026-08-06T03:33:40Z,0.04
2026-08-06T03:33:40.471Z,0.04
2026-08-06T03:33:55.533Z,0.04
2026-08-06T03:34:15.851Z,0.04
2026-08-06T03:34:30.73Z,0.04
2026-08-06T03:34:45.774Z,0.04
2026-08-06T03:35:10.339Z,0.02
2026-08-06T03:35:15.95Z,0.02
2026-08-06T03:35:31.885Z,0.04
2026-08-06T03:35:46.093Z,0.04
2026-08-06T03:36:02.534Z,0.04
2026-08-06T03:36:21.306Z,0.03
2026-08-06T03:36:36.411Z,0.02
2026-08-06T03:36:51.481Z,0.02
2026-08-06T03:37:06.557Z,0.02
2026-08-06T03:37:27.209Z,0.02
2026-08-06T03:37:46.714Z,0.04
2026-08-06T03:38:02.83Z,0.04
2026-08-06T03:38:16.87Z,0.04
2026-08-06T03:38:32.513Z,0.04
2026-08-06T03:38:46Z,0.04
2026-08-06T03:38:47.027Z,0.04
2026-08-06T03:39:02.64Z,0.02
2026-08-06T03:39:17.51Z,0.03
2026-08-06T03:39:32.306Z,0.05
2026-08-06T03:39:52.363Z,0.05
2026-08-06T03:40:10.013Z,0.04
2026-08-06T03:40:22.489Z,0.04
2026-08-06T03:40:37.571Z,0.04
2026-08-06T03:40:52.688Z,0.04
2026-08-06T03:41:07.813Z,0.04
2026-08-06T03:41:22.871Z,0.02
2026-08-06T03:41:38.284Z,0.02
2026-08-06T03:41:53.025Z,0.04
2026-08-06T03:42:08.1Z,0.04
2026-08-06T03:42:28.192Z,0.04
2026-08-06T03:42:43.648Z,0.04
2026-08-06T03:42:58.466Z,0.04
2026-08-06T03:43:13.389Z,0.03
2026-08-06T03:43:28.472Z,0.04
2026-08-06T03:43:43Z,0.04
2026-08-06T03:43:43.542Z,0.04
2026-08-06T03:43:58.63Z,0.04
2026-08-06T03:44:14.078Z,0.04
2026-08-06T03:44:28.805Z,0.04
2026-08-06T03:44:43.918Z,0.04
2026-08-06T03:44:59.668Z,0.04
2026-08-06T03:45:19.009Z,0.04
2026-08-06T03:45:34.067Z,0.03
2026-08-06T03:45:50.062Z,0.03
2026-08-06T03:46:04.287Z,0.03
2026-08-06T03:46:19.354Z,0.03
2026-08-06T03:46:34.422Z,0.03
2026-08-06T03:46:49.497Z,0.03
2026-08-06T03:47:04.591Z,0.03
2026-08-06T03:47:20.4Z,0.03
2026-08-06T03:47:39.784Z,0.03
2026-08-06T03:47:54.823Z,0.03
2026-08-06T03:48:09.891Z,0.03
2026-08-06T03:48:29.975Z,0.03
2026-08-06T03:48:44Z,0.04
2026-08-06T03:48:45.054Z,0.04
2026-08-06T03:49:05.862Z,0.04
2026-08-06T03:49:25.814Z,0.02
2026-08-06T03:49:40.314Z,0.02
2026-08-06T03:50:00.352Z,0.02
2026-08-06T03:50:20.427Z,0.04
2026-08-06T03:50:36.068Z,0.04
2026-08-06T03:50:50.688Z,0.04
2026-08-06T03:51:10.782Z,0.03
2026-08-06T03:51:30.864Z,0.03
2026-08-06T03:51:50.94Z,0.04
2026-08-06T03:52:06.013Z,0.04
2026-08-06T03:52:21.148Z,0.04
2026-08-06T03:52:36.192Z,0.04
2026-08-06T03:52:56.257Z,0.03
2026-08-06T03:53:11.394Z,0.03
2026-08-06T03:53:26.523Z,0.03
2026-08-06T03:53:46Z,0.03
2026-08-06T03:53:46.598Z,0.03
2026-08-06T03:54:02.677Z,0.03
2026-08-06T03:54:23.659Z,0.04
2026-08-06T03:54:36.799Z,0.04
2026-08-06T03:54:51.903Z,0.04
2026-08-06T03:55:12.655Z,0.04
2026-08-06T03:55:22.041Z,0.04
2026-08-06T03:55:37.173Z,0.04
2026-08-06T03:55:54.164Z,0.04
2026-08-06T03:56:07.269Z,0.04
2026-08-06T03:56:22.358Z,0.04
2026-08-06T03:56:37.44Z,0.04
2026-08-06T03:56:52.512Z,0.03
2026-08-06T03:57:12.609Z,0.03
2026-08-06T03:57:27.679Z,0.04
2026-08-06T03:57:47.782Z,0.04
2026-08-06T03:58:03.179Z,0.04
2026-08-06T03:58:18.034Z,0.04
2026-08-06T03:58:33.112Z,0.03
2026-08-06T03:58:52Z,0.04
2026-08-06T03:58:53.209Z,0.04
2026-08-06T03:59:08.289Z,0.04
2026-08-06T03:59:23.403Z,0.04
2026-08-06T03:59:38.425Z,0.04
2026-08-06T03:59:53.522Z,0.04
2026-08-06T04:00:12.255Z,0.04
2026-08-06T04:00:23.925Z,0.03
2026-08-06T04:00:38.941Z,0.03
2026-08-06T04:00:53.948Z,0.05
2026-08-06T04:01:10.353Z,0.05
2026-08-06T04:01:29.151Z,0.05
2026-08-06T04:01:44.246Z,0.03
2026-08-06T04:01:59.317Z,0.03
2026-08-06T04:02:15.659Z,0.04
2026-08-06T04:02:29.888Z,0.04
2026-08-06T04:02:44.55Z,0.04
2026-08-06T04:02:59.621Z,0.03
2026-08-06T04:03:14.879Z,0.03
2026-08-06T04:03:29.777Z,0.03
2026-08-06T04:03:44Z,0.03
2026-08-06T04:03:44.95Z,0.03
2026-08-06T04:04:04.952Z,0.02
2026-08-06T04:04:21.122Z,0.02
2026-08-06T04:04:35.074Z,0.04
2026-08-06T04:04:55.173Z,0.04
2026-08-06T04:05:10.235Z,0.04
2026-08-06T04:05:25.814Z,0.05
2026-08-06T04:05:40.468Z,0.05
2026-08-06T04:05:55.586Z,0.04
2026-08-06T04:06:10.612Z,0.04
2026-08-06T04:06:25.944Z,0.04
2026-08-06T04:06:45.765Z,0.04
2026-08-06T04:07:03.508Z,0.04
2026-08-06T04:07:15.985Z,0.03
2026-08-06T04:07:31.092Z,0.03
2026-08-06T04:07:51.11Z,0.03
2026-08-06T04:08:06.204Z,0.03
2026-08-06T04:08:21.458Z,0.03
2026-08-06T04:08:41.427Z,0.03
2026-08-06T04:08:56Z,0.04
2026-08-06T04:08:56.443Z,0.04
2026-08-06T04:09:12.631Z,0.04
2026-08-06T04:09:26.663Z,0.03
2026-08-06T04:09:41.758Z,0.04
2026-08-06T04:10:09.842Z,0.04
2026-08-06T04:10:16.914Z,0.04
2026-08-06T04:10:37.021Z,0.03
2026-08-06T04:10:54.895Z,0.03
2026-08-06T04:11:12.179Z,0.03
2026-08-06T04:11:27.24Z,0.04
2026-08-06T04:11:47.316Z,0.04
2026-08-06T04:12:03.355Z,0.04
2026-08-06T04:12:17.485Z,0.04
2026-08-06T04:12:32.541Z,0.03
2026-08-06T04:12:47.629Z,0.03
2026-08-06T04:13:09.505Z,0.04
2026-08-06T04:13:22.794Z,0.04
2026-08-06T04:13:37.842Z,0.03
2026-08-06T04:13:52Z,0.03
2026-08-06T04:13:52.928Z,0.03
2026-08-06T04:14:08.025Z,0.03
2026-08-06T04:14:28.205Z,0.03
2026-08-06T04:14:43.169Z,0.03
2026-08-06T04:15:09.82Z,0.03
2026-08-06T04:15:21.59Z,0.03
2026-08-06T04:15:33.482Z,0.04
2026-08-06T04:15:53.568Z,0.04
2026-08-06T04:16:08.622Z,0.03
2026-08-06T04:16:23.698Z,0.03
2026-08-06T04:16:38.755Z,0.03
2026-08-06T04:16:58.839Z,0.03
2026-08-06T04:17:18.953Z,0.03
2026-08-06T04:17:34.029Z,0.03
2026-08-06T04:17:49.071Z,0.03
2026-08-06T04:18:06.411Z,0.05
2026-08-06T04:18:24.224Z,0.05
2026-08-06T04:18:39.292Z,0.03
2026-08-06T04:18:53Z,0.03
2026-08-06T04:18:54.376Z,0.03
2026-08-06T04:19:09.852Z,0.03
2026-08-06T04:19:25.627Z,0.03
2026-08-06T04:19:39.603Z,0.03
2026-08-06T04:19:54.66Z,0.03
2026-08-06T04:20:14.764Z,0.04
2026-08-06T04:20:29.81Z,0.04
2026-08-06T04:20:44.906Z,0.04
2026-08-06T04:20:59.966Z,0.04
2026-08-06T04:21:15.059Z,0.04
2026-08-06T04:21:30.28Z,0.04
2026-08-06T04:21:45.385Z,0.04
2026-08-06T04:22:00.681Z,0.04
2026-08-06T04:22:15.532Z,0.04
2026-08-06T04:22:30.434Z,0.03
2026-08-06T04:22:45.539Z,0.04
2026-08-06T04:23:00.841Z,0.04
2026-08-06T04:23:20.803Z,0.04
2026-08-06T04:23:35.828Z,0.04
2026-08-06T04:23:51.17Z,0.04
2026-08-06T04:24:05Z,0.04
2026-08-06T04:24:06.019Z,0.04
2026-08-06T04:24:21.56Z,0.04
2026-08-06T04:24:41.17Z,0.04
2026-08-06T04:24:56.234Z,0.04
2026-08-06T04:25:13.97Z,0.04
2026-08-06T04:25:26.444Z,0.04
2026-08-06T04:25:46.451Z,0.04
2026-08-06T04:26:06.578Z,0.05
2026-08-06T04:26:21.669Z,0.03
2026-08-06T04:26:36.684Z,0.03
2026-08-06T04:26:51.919Z,0.03
2026-08-06T04:27:11.835Z,0.03
2026-08-06T04:27:31.907Z,0.03
2026-08-06T04:27:46.996Z,0.03
2026-08-06T04:28:05.858Z,0.03
2026-08-06T04:28:22.168Z,0.05
2026-08-06T04:28:37.237Z,0.05
2026-08-06T04:28:52.371Z,0.05
2026-08-06T04:29:07Z,0.05
2026-08-06T04:29:08.331Z,0.05
2026-08-06T04:29:22.498Z,0.05
2026-08-06T04:29:37.572Z,0.04
2026-08-06T04:29:52.65Z,0.04
2026-08-06T04:30:13.213Z,0.04
2026-08-06T04:30:22.875Z,0.06
2026-08-06T04:30:37.963Z,0.06
2026-08-06T04:30:52.996Z,0.03
2026-08-06T04:31:08.078Z,0.03
2026-08-06T04:31:23.176Z,0.03
2026-08-06T04:31:43.232Z,0.05
2026-08-06T04:31:59.527Z,0.05
2026-08-06T04:32:18.409Z,0.04
2026-08-06T04:32:33.451Z,0.04
2026-08-06T04:32:48.518Z,0.04
2026-08-06T04:33:05.925Z,0.04
2026-08-06T04:33:18.68Z,0.05
2026-08-06T04:33:33.755Z,0.05
2026-08-06T04:33:53Z,0.04
2026-08-06T04:33:54.089Z,0.04
2026-08-06T04:34:13.942Z,0.04
2026-08-06T04:34:28.997Z,0.05
2026-08-06T04:34:49.106Z,0.05
2026-08-06T04:35:11.817Z,0.05
2026-08-06T04:35:19.219Z,0.06
2026-08-06T04:35:34.328Z,0.05
2026-08-06T04:35:54.405Z,0.05
2026-08-06T04:36:09.464Z,0.04
2026-08-06T04:36:24.976Z,0.04
2026-08-06T04:36:46.154Z,0.04
2026-08-06T04:36:59.96Z,0.04
2026-08-06T04:37:14.764Z,0.05
2026-08-06T04:37:29.824Z,0.04
2026-08-06T04:37:44.953Z,0.04
2026-08-06T04:38:00.363Z,0.04
2026-08-06T04:38:20.078Z,0.04
2026-08-06T04:38:35.18Z,0.04
2026-08-06T04:38:50.297Z,0.04
2026-08-06T04:39:09Z,0.05
2026-08-06T04:39:10.373Z,0.05
2026-08-06T04:39:25.364Z,0.05
2026-08-06T04:39:40.466Z,0.04
2026-08-06T04:39:55.871Z,0.04
2026-08-06T04:40:11.863Z,0.04
2026-08-06T04:40:30.777Z,0.06
2026-08-06T04:40:50.82Z,0.05
2026-08-06T04:41:05.9Z,0.05
2026-08-06T04:41:21.017Z,0.05
2026-08-06T04:41:41.06Z,0.05
2026-08-06T04:42:03.583Z,0.05
2026-08-06T04:42:16.214Z,0.06
2026-08-06T04:42:31.299Z,0.06
2026-08-06T04:42:51.372Z,0.06
2026-08-06T04:43:07.533Z,0.06
2026-08-06T04:43:21.995Z,0.06
2026-08-06T04:43:36.622Z,0.06
2026-08-06T04:43:51.691Z,0.06
2026-08-06T04:44:06Z,0.06
2026-08-06T04:44:06.741Z,0.06
2026-08-06T04:44:22.216Z,0.06
2026-08-06T04:44:41.908Z,0.07
2026-08-06T04:45:09.766Z,0.07
2026-08-06T04:45:17.128Z,0.08
2026-08-06T04:45:32.29Z,0.08
2026-08-06T04:45:47.285Z,0.08
2026-08-06T04:46:04.052Z,0.08
2026-08-06T04:46:17.41Z,0.08
2026-08-06T04:46:37.508Z,0.1
2026-08-06T04:46:57.573Z,0.1
2026-08-06T04:47:12.663Z,0.09
2026-08-06T04:47:27.757Z,0.09
2026-08-06T04:47:42.85Z,0.09
2026-08-06T04:47:57.922Z,0.11
2026-08-06T04:48:18.056Z,0.11
2026-08-06T04:48:33.074Z,0.11
2026-08-06T04:48:53.293Z,0.13
2026-08-06T04:49:07Z,0.13
2026-08-06T04:49:09.753Z,0.13
2026-08-06T04:49:23.595Z,0.14
2026-08-06T04:49:38.434Z,0.14
2026-08-06T04:49:59.051Z,0.14
2026-08-06T04:50:13.661Z,0.13
2026-08-06T04:50:28.652Z,0.15
2026-08-06T04:50:43.756Z,0.15
2026-08-06T04:51:04.447Z,0.16
2026-08-06T04:51:18.898Z,0.16
2026-08-06T04:51:38.959Z,0.18
2026-08-06T04:51:54.069Z,0.18
2026-08-06T04:52:09.159Z,0.17
2026-08-06T04:52:24.272Z,0.17
2026-08-06T04:52:44.368Z,0.19
2026-08-06T04:52:59.396Z,0.19
2026-08-06T04:53:14.458Z,0.19
2026-08-06T04:53:29.542Z,0.19
2026-08-06T04:53:45.708Z,0.24
2026-08-06T04:54:04Z,0.26
2026-08-06T04:54:04.695Z,0.26
2026-08-06T04:54:19.763Z,0.26
2026-08-06T04:54:34.837Z,0.28
2026-08-06T04:54:54.965Z,0.28
2026-08-06T04:55:15.031Z,0.28
2026-08-06T04:55:30.116Z,0.32
2026-08-06T04:55:45.306Z,0.32
2026-08-06T04:56:05.269Z,0.32
2026-08-06T04:56:20.348Z,0.32
2026-08-06T04:56:35.446Z,0.36
2026-08-06T04:56:58.05Z,0.36
2026-08-06T04:57:10.574Z,0.36
2026-08-06T04:57:30.633Z,0.36
2026-08-06T04:57:50.721Z,0.42
2026-08-06T04:58:10.796Z,0.42
2026-08-06T04:58:25.878Z,0.42
2026-08-06T04:58:40.96Z,0.42
2026-08-06T04:58:56.084Z,0.5
2026-08-06T04:59:10Z,0.5
2026-08-06T04:59:11.138Z,0.5
2026-08-06T04:59:26.234Z,0.5
2026-08-06T04:59:46.317Z,0.57
2026-08-06T05:00:12.258Z,0.57
2026-08-06T05:00:22.405Z,0.57
2026-08-06T05:00:41.519Z,0.57
2026-08-06T05:00:56.56Z,0.68
2026-08-06T05:01:11.742Z,0.68
2026-08-06T05:01:31.721Z,0.74
2026-08-06T05:01:46.797Z,0.74
2026-08-06T05:02:04.111Z,0.74
2026-08-06T05:02:17.275Z,0.86
2026-08-06T05:02:32.042Z,0.86
2026-08-06T05:02:47.123Z,0.86
2026-08-06T05:03:07.185Z,0.99
2026-08-06T05:03:22.698Z,0.99
2026-08-06T05:03:37.586Z,0.99
2026-08-06T05:03:52.435Z,0.99
2026-08-06T05:04:07Z,1.07
2026-08-06T05:04:07.508Z,1.07
2026-08-06T05:04:23.735Z,1.09
2026-08-06T05:04:45.347Z,1.09
2026-08-06T05:04:57.728Z,1.16
2026-08-06T05:05:13.147Z,1.16
2026-08-06T05:05:32.917Z,1.16
2026-08-06T05:05:52.994Z,1.25
2026-08-06T05:06:13.048Z,1.25
2026-08-06T05:06:28.104Z,1.28
2026-08-06T05:06:43.436Z,1.28
2026-08-06T05:06:58.371Z,1.28
2026-08-06T05:07:13.394Z,1.4
2026-08-06T05:07:28.51Z,1.4
2026-08-06T05:07:44.412Z,1.4
2026-08-06T05:07:58.583Z,1.47
2026-08-06T05:08:13.662Z,1.47
2026-08-06T05:08:28.748Z,1.57
2026-08-06T05:08:43.825Z,1.57
2026-08-06T05:09:03Z,1.57
2026-08-06T05:09:03.888Z,1.57
2026-08-06T05:09:24.453Z,1.71
2026-08-06T05:09:40.132Z,1.71
2026-08-06T05:09:59.138Z,1.83
2026-08-06T05:10:14.233Z,1.83
2026-08-06T05:10:34.296Z,1.89
2026-08-06T05:10:49.386Z,1.89
2026-08-06T05:11:04.516Z,2.04
2026-08-06T05:11:19.505Z,2.04
2026-08-06T05:11:34.599Z,2.04
2026-08-06T05:11:54.685Z,2.04
2026-08-06T05:12:09.803Z,2.04
2026-08-06T05:12:29.938Z,2.19
2026-08-06T05:12:44.968Z,2.19
2026-08-06T05:13:00.042Z,2.3
2026-08-06T05:13:15.117Z,2.3
2026-08-06T05:13:30.822Z,2.3
2026-08-06T05:13:45.257Z,2.45
2026-08-06T05:14:04Z,2.45
2026-08-06T05:14:05.408Z,2.45
2026-08-06T05:14:25.473Z,2.69
2026-08-06T05:14:40.807Z,2.69
2026-08-06T05:14:55.603Z,2.88
2026-08-06T05:15:12.237Z,2.88
2026-08-06T05:15:25.752Z,2.99
2026-08-06T05:15:40.89Z,2.99
2026-08-06T05:15:55.925Z,3.17
2026-08-06T05:16:10.994Z,3.17
2026-08-06T05:16:31.08Z,3.28
2026-08-06T05:16:46.161Z,3.28
2026-08-06T05:17:03.742Z,3.28
2026-08-06T05:17:22.228Z,3.57
2026-08-06T05:17:41.443Z,3.57
2026-08-06T05:18:03.59Z,3.82
2026-08-06T05:18:16.594Z,3.82
2026-08-06T05:18:36.673Z,3.82
2026-08-06T05:18:51.717Z,3.82
2026-08-06T05:19:06Z,3.92
2026-08-06T05:19:07.108Z,3.92
2026-08-06T05:19:26.861Z,3.89
2026-08-06T05:19:41.973Z,3.89
2026-08-06T05:20:12.015Z,3.83
2026-08-06T05:20:22.165Z,3.83
2026-08-06T05:20:42.191Z,3.75
2026-08-06T05:20:58.157Z,3.75
2026-08-06T05:21:12.343Z,3.75
2026-08-06T05:21:27.419Z,3.96
2026-08-06T05:21:42.487Z,3.96
2026-08-06T05:21:57.684Z,3.96
2026-08-06T05:22:13.772Z,4.36
2026-08-06T05:22:32.75Z,4.36
2026-08-06T05:22:47.924Z,4.36
2026-08-06T05:23:03.57Z,4.65
2026-08-06T05:23:17.997Z,4.65
2026-08-06T05:23:38.072Z,4.86
2026-08-06T05:23:53.131Z,4.86
2026-08-06T05:24:08.796Z,5.33
2026-08-06T05:24:22Z,5.33
2026-08-06T05:24:23.334Z,5.33
2026-08-06T05:24:38.367Z,5.74
2026-08-06T05:24:53.42Z,5.74
2026-08-06T05:25:11.694Z,6.86
2026-08-06T05:25:23.633Z,6.86
2026-08-06T05:25:43.674Z,6.86
2026-08-06T05:25:58.74Z,8.13
2026-08-06T05:26:13.853Z,8.13
2026-08-06T05:26:29.757Z,8.75
2026-08-06T05:26:44.01Z,9.61
2026-08-06T05:26:59.183Z,9.61
2026-08-06T05:27:14.254Z,9.61
2026-08-06T05:27:31.712Z,9.61
2026-08-06T05:27:49.397Z,10.07
2026-08-06T05:28:04.919Z,10.07
2026-08-06T05:28:19.513Z,10.07
2026-08-06T05:28:34.646Z,10.46
2026-08-06T05:28:49.705Z,10.46
2026-08-06T05:29:04.78Z,10.67
2026-08-06T05:29:19Z,10.67
2026-08-06T05:29:19.833Z,10.67
2026-08-06T05:29:35.365Z,10.67
2026-08-06T05:29:54.981Z,10.91
2026-08-06T05:30:15.071Z,10.91
2026-08-06T05:30:30.136Z,11.16
2026-08-06T05:30:50.247Z,11.16
2026-08-06T05:31:10.313Z,11.16
2026-08-06T05:31:25.415Z,11.75
2026-08-06T05:31:40.508Z,11.75
2026-08-06T05:31:55.603Z,12.04
2026-08-06T05:32:10.687Z,12.04
2026-08-06T05:32:25.744Z,12.22
2026-08-06T05:32:40.819Z,12.22
2026-08-06T05:32:55.915Z,12.22
2026-08-06T05:33:15.98Z,12.68
2026-08-06T05:33:31.118Z,12.68
2026-08-06T05:33:52.092Z,12.81
2026-08-06T05:34:06.576Z,12.81
2026-08-06T05:34:25Z,12.81
2026-08-06T05:34:26.284Z,12.81
2026-08-06T05:34:41.373Z,12.81
2026-08-06T05:34:56.425Z,12.98
2026-08-06T05:35:12.03Z,12.98
2026-08-06T05:35:26.624Z,12.88
2026-08-06T05:35:41.729Z,12.88
2026-08-06T05:35:56.759Z,12.88
2026-08-06T05:36:11.839Z,12.88
2026-08-06T05:36:26.898Z,12.88
2026-08-06T05:36:42.003Z,13.18
2026-08-06T05:36:57.063Z,13.54
2026-08-06T05:37:13.722Z,13.54
2026-08-06T05:37:32.233Z,13.49
2026-08-06T05:37:47.271Z,13.49
2026-08-06T05:38:07.645Z,13.17
2026-08-06T05:38:22.788Z,13.17
2026-08-06T05:38:37.533Z,13.17
2026-08-06T05:38:52.606Z,12.98
2026-08-06T05:39:12.841Z,12.98
2026-08-06T05:39:27Z,12.98
2026-08-06T05:39:27.786Z,12.98
2026-08-06T05:39:42.862Z,13.15
2026-08-06T05:40:09.534Z,13.15
2026-08-06T05:40:24.144Z,13.72
2026-08-06T05:40:38.074Z,13.72
2026-08-06T05:40:53.151Z,13.72
2026-08-06T05:41:08.238Z,13.51
2026-08-06T05:41:23.323Z,13.51
2026-08-06T05:41:38.422Z,13.51
2026-08-06T05:41:53.498Z,13.51
2026-08-06T05:42:13.603Z,12.86
2026-08-06T05:42:29.615Z,12.86
2026-08-06T05:42:43.72Z,12.61
2026-08-06T05:42:58.842Z,12.61
2026-08-06T05:43:13.912Z,12.61
2026-08-06T05:43:28.955Z,12.61
2026-08-06T05:43:44.05Z,13.02
2026-08-06T05:43:59.141Z,13.02
2026-08-06T05:44:14.767Z,14.11
2026-08-06T05:44:28Z,14.11
2026-08-06T05:44:29.338Z,14.11
2026-08-06T05:44:44.397Z,14.12
2026-08-06T05:44:59.464Z,14.85
2026-08-06T05:45:14.549Z,14.85
2026-08-06T05:45:29.62Z,14.85
2026-08-06T05:45:49.704Z,14.85
2026-08-06T05:46:06.274Z,13.91
2026-08-06T05:46:19.844Z,13.91
2026-08-06T05:46:34.938Z,12.99
2026-08-06T05:46:49.997Z,12.99
2026-08-06T05:47:10.071Z,12.99
2026-08-06T05:47:25.145Z,11.65
2026-08-06T05:47:46.929Z,11.65
2026-08-06T05:48:00.384Z,11.97
2026-08-06T05:48:15.478Z,11.97
2026-08-06T05:48:35.543Z,12.45
2026-08-06T05:48:52.225Z,12.45
2026-08-06T05:49:05.733Z,12.45
2026-08-06T05:49:20Z,12.45
2026-08-06T05:49:20.821Z,12.45
2026-08-06T05:49:36.607Z,16.21
2026-08-06T05:49:50.971Z,16.21
2026-08-06T05:50:11.77Z,16.21
2026-08-06T05:50:31.159Z,20.67
2026-08-06T05:50:46.219Z,24.48
2026-08-06T05:51:03.082Z,24.48
2026-08-06T05:51:16.414Z,24.48
2026-08-06T05:51:31.515Z,24.48
2026-08-06T05:51:46.57Z,28.49
2026-08-06T05:52:06.655Z,29.41
2026-08-06T05:52:22.524Z,29.41
2026-08-06T05:52:36.802Z,29.41
2026-08-06T05:52:51.877Z,29.41
2026-08-06T05:53:06.942Z,31.1
2026-08-06T05:53:22.474Z,31.1
2026-08-06T05:53:42.117Z,31.18
2026-08-06T05:54:03.471Z,31.18
2026-08-06T05:54:17.264Z,32.45
2026-08-06T05:54:31Z,32.45
2026-08-06T05:54:32.388Z,32.45
2026-08-06T05:54:47.398Z,31.72
2026-08-06T05:55:11.209Z,31.72
2026-08-06T05:55:17.56Z,31.72
2026-08-06T05:55:32.66Z,31.72
2026-08-06T05:55:47.75Z,31.39
2026-08-06T05:56:04.088Z,32.21
2026-08-06T05:56:17.885Z,32.21
2026-08-06T05:56:33.017Z,32.21
2026-08-06T05:56:48.148Z,32.03
2026-08-06T05:57:05.487Z,32.03
2026-08-06T05:57:18.302Z,32.03
2026-08-06T05:57:38.39Z,32.14
2026-08-06T05:57:53.475Z,32.14
2026-08-06T05:58:08.545Z,33.58
2026-08-06T05:58:25.891Z,33.58
2026-08-06T05:58:38.732Z,33.29
2026-08-06T05:58:58.862Z,33.37
2026-08-06T05:59:18.897Z,33.37
2026-08-06T05:59:33Z,33.37
2026-08-06T05:59:34.682Z,33.37
2026-08-06T05:59:49.067Z,33.37
2026-08-06T06:00:12.261Z,33.37
2026-08-06T06:00:19.193Z,34.04
2026-08-06T06:00:34.588Z,34.04
2026-08-06T06:00:49.339Z,33.13
2026-08-06T06:01:05.417Z,33.13
2026-08-06T06:01:19.496Z,33.99
2026-08-06T06:01:35.147Z,33.99
2026-08-06T06:01:49.651Z,32.74
2026-08-06T06:02:09.757Z,32.74
2026-08-06T06:02:24.822Z,32.77
2026-08-06T06:02:41.322Z,32.77
2026-08-06T06:02:54.962Z,32.77
2026-08-06T06:03:10.04Z,32.77
2026-08-06T06:03:30.106Z,29.68
2026-08-06T06:03:45.194Z,29.68
2026-08-06T06:04:00.258Z,29.68
2026-08-06T06:04:15.353Z,29.68
2026-08-06T06:04:35Z,29.68
2026-08-06T06:04:35.439Z,29.68
2026-08-06T06:04:55.48Z,28.38
2026-08-06T06:05:11.248Z,28.38
2026-08-06T06:05:25.65Z,28.62
2026-08-06T06:05:40.751Z,28.62
2026-08-06T06:06:00.793Z,28.36
2026-08-06T06:06:15.873Z,28.36
2026-08-06T06:06:30.944Z,28.36
2026-08-06T06:06:46.033Z,28.36
2026-08-06T06:07:02.705Z,28.53
2026-08-06T06:07:16.168Z,28.53
2026-08-06T06:07:36.25Z,28.26
2026-08-06T06:07:51.334Z,28.26
2026-08-06T06:08:06.42Z,28.26
2026-08-06T06:08:21.526Z,28.26
2026-08-06T06:08:36.638Z,28.26
2026-08-06T06:08:51.747Z,30.41
2026-08-06T06:09:06.901Z,30.41
2026-08-06T06:09:21Z,30.41
2026-08-06T06:09:22.619Z,30.41
2026-08-06T06:09:41.999Z,30.41
2026-08-06T06:09:57.061Z,30.41
2026-08-06T06:10:13.361Z,34.53
2026-08-06T06:10:27.196Z,35.67
2026-08-06T06:10:47.673Z,35.67
2026-08-06T06:11:07.498Z,35.67
2026-08-06T06:11:22.623Z,45.46
2026-08-06T06:11:37.745Z,45.46
2026-08-06T06:11:52.634Z,47.2
2026-08-06T06:12:07.714Z,47.2
2026-08-06T06:12:22.833Z,47.2
2026-08-06T06:12:38.598Z,47.2
2026-08-06T06:12:57.982Z,47.2
2026-08-06T06:13:13.071Z,47.2
2026-08-06T06:13:28.584Z,47.2
2026-08-06T06:13:43.252Z,97.12
2026-08-06T06:13:59.194Z,97.12
2026-08-06T06:14:13.47Z,100.12
2026-08-06T06:14:28Z,100.12
2026-08-06T06:14:28.516Z,100.12
2026-08-06T06:14:43.639Z,104.28
2026-08-06T06:15:12.267Z,111.12
2026-08-06T06:15:18.764Z,111.12
2026-08-06T06:15:33.833Z,111.12
2026-08-06T06:15:48.919Z,111.12
2026-08-06T06:16:08.955Z,102.72
2026-08-06T06:16:29.115Z,102.37
2026-08-06T06:16:50.025Z,102.37
2026-08-06T06:17:04.199Z,113.39
2026-08-06T06:17:19.273Z,113.39
2026-08-06T06:17:34.382Z,113.39
2026-08-06T06:17:54.431Z,113.39
2026-08-06T06:18:16.716Z,117.66
2026-08-06T06:18:29.569Z,117.66
2026-08-06T06:18:44.677Z,117.66
2026-08-06T06:19:04.754Z,116.17
2026-08-06T06:19:25.306Z,116.17
2026-08-06T06:19:39Z,101.6
2026-08-06T06:19:39.907Z,101.6
2026-08-06T06:19:59.961Z,104.18
2026-08-06T06:20:20.04Z,104.18
2026-08-06T06:20:40.127Z,87.62
2026-08-06T06:20:55.191Z,87.62
2026-08-06T06:21:15.309Z,96.53
2026-08-06T06:21:30.381Z,96.53
2026-08-06T06:21:48.246Z,96.53
2026-08-06T06:22:05.549Z,119.54
2026-08-06T06:22:20.633Z,122.43
2026-08-06T06:22:40.711Z,122.43
2026-08-06T06:22:55.767Z,132.64
2026-08-06T06:23:10.832Z,132.64
2026-08-06T06:23:25.918Z,132.64
2026-08-06T06:23:41.074Z,132.64
2026-08-06T06:23:56.223Z,134.15
2026-08-06T06:24:11.222Z,134.15
2026-08-06T06:24:26.301Z,134.09
2026-08-06T06:24:40Z,134.09
2026-08-06T06:24:41.397Z,134.09
2026-08-06T06:24:56.487Z,134.03
2026-08-06T06:25:15.764Z,134.03
2026-08-06T06:25:26.614Z,134.03
2026-08-06T06:25:41.717Z,130.39
2026-08-06T06:26:04.797Z,130.39
2026-08-06T06:26:16.821Z,126.69
2026-08-06T06:26:31.927Z,126.69
2026-08-06T06:26:47.04Z,125.24
2026-08-06T06:27:03.928Z,125.24
2026-08-06T06:27:17.176Z,122.54
2026-08-06T06:27:32.257Z,122.54
2026-08-06T06:27:52.326Z,115.03
2026-08-06T06:28:07.47Z,121.47
2026-08-06T06:28:22.769Z,121.47
2026-08-06T06:28:42.808Z,106.77
2026-08-06T06:28:57.671Z,106.77
2026-08-06T06:29:13.274Z,126.29
2026-08-06T06:29:27.805Z,126.29
2026-08-06T06:29:42Z,126.29
2026-08-06T06:29:42.896Z,126.29
2026-08-06T06:29:57.96Z,126.29
2026-08-06T06:30:13.144Z,121.07
2026-08-06T06:30:33.147Z,121.07
2026-08-06T06:30:48.21Z,121.07
2026-08-06T06:31:03.855Z,104.12
2026-08-06T06:31:18.384Z,99.07
2026-08-06T06:31:33.483Z,99.07
2026-08-06T06:31:53.505Z,99.07
2026-08-06T06:32:08.565Z,99.07
2026-08-06T06:32:28.661Z,99.07
2026-08-06T06:32:44.125Z,123.79
2026-08-06T06:32:58.825Z,123.79
2026-08-06T06:33:13.954Z,123.79
2026-08-06T06:33:29.011Z,123.79
2026-08-06T06:33:44.078Z,118.49
2026-08-06T06:34:00.705Z,118.49
2026-08-06T06:34:14.35Z,124.05
2026-08-06T06:34:28Z,117.51
2026-08-06T06:34:29.296Z,117.51
2026-08-06T06:34:49.471Z,117.51
2026-08-06T06:35:12.691Z,120.67
2026-08-06T06:35:19.641Z,92.73
2026-08-06T06:35:34.669Z,92.73
2026-08-06T06:35:49.664Z,93.71
2026-08-06T06:36:04.816Z,93.71
2026-08-06T06:36:19.863Z,98.29
2026-08-06T06:36:34.97Z,98.29
2026-08-06T06:36:50.014Z,98.29
2026-08-06T06:37:10.104Z,98.29
2026-08-06T06:37:25.19Z,73.27
2026-08-06T06:37:41.213Z,73.27
2026-08-06T06:37:55.333Z,73.27
2026-08-06T06:38:10.453Z,73.27
2026-08-06T06:38:30.563Z,81.42
2026-08-06T06:38:50.594Z,81.42
2026-08-06T06:39:10.675Z,86.35
2026-08-06T06:39:30.807Z,90.08
2026-08-06T06:39:45Z,90.08
2026-08-06T06:39:45.843Z,90.08
2026-08-06T06:40:11.925Z,90.08
2026-08-06T06:40:16.026Z,65.11
2026-08-06T06:40:32.251Z,63.36
2026-08-06T06:40:46.137Z,63.36
2026-08-06T06:41:02.933Z,79.81
2026-08-06T06:41:21.346Z,79.81
2026-08-06T06:41:36.561Z,101.82
2026-08-06T06:41:52.021Z,101.82
2026-08-06T06:42:11.631Z,101.82
2026-08-06T06:42:26.705Z,101.82
2026-08-06T06:42:41.791Z,108.27
2026-08-06T06:42:57.144Z,116.06
2026-08-06T06:43:11.937Z,116.06
2026-08-06T06:43:27.024Z,116.06
2026-08-06T06:43:42.2Z,92.28
2026-08-06T06:43:57.19Z,92.28
2026-08-06T06:44:12.255Z,92.28
2026-08-06T06:44:27.339Z,92.28
2026-08-06T06:44:42Z,94.85
2026-08-06T06:44:42.401Z,94.85
2026-08-06T06:44:57.748Z,94.85
2026-08-06T06:45:13.922Z,104.22
2026-08-06T06:45:27.672Z,104.22
2026-08-06T06:45:42.741Z,88.32
2026-08-06T06:45:58.518Z,88.32
2026-08-06T06:46:17.938Z,98.11
2026-08-06T06:46:33.008Z,95.05
2026-08-06T06:46:53.098Z,95.05
2026-08-06T06:47:13.171Z,106.76
2026-08-06T06:47:33.231Z,106.76
2026-08-06T06:47:48.37Z,114.06
2026-08-06T06:48:04.206Z,114.06
2026-08-06T06:48:18.482Z,114.06
2026-08-06T06:48:33.938Z,65.34
2026-08-06T06:48:53.602Z,65.34
2026-08-06T06:49:08.682Z,65.34
2026-08-06T06:49:23.85Z,61.55
2026-08-06T06:49:38Z,61.55
2026-08-06T06:49:39.164Z,61.55
2026-08-06T06:49:58.963Z,60.98
2026-08-06T06:50:13.994Z,60.98
2026-08-06T06:50:29.052Z,60.97
2026-08-06T06:50:49.165Z,60.97
2026-08-06T06:51:09.256Z,60.72
2026-08-06T06:51:24.352Z,60.95
2026-08-06T06:51:39.444Z,60.95
2026-08-06T06:51:54.539Z,60.7
2026-08-06T06:52:09.555Z,60.7
2026-08-06T06:52:24.627Z,60.7
2026-08-06T06:52:39.735Z,58.56
2026-08-06T06:52:54.819Z,58.56
2026-08-06T06:53:09.896Z,58.56
2026-08-06T06:53:24.981Z,57.81
2026-08-06T06:53:40.673Z,57.81
2026-08-06T06:53:55.18Z,56.41
2026-08-06T06:54:15.211Z,56.41
2026-08-06T06:54:30.282Z,55.48
2026-08-06T06:54:44Z,55.48
2026-08-06T06:54:46.207Z,55.48
2026-08-06T06:55:00.447Z,55.48
2026-08-06T06:55:15.538Z,55.48
2026-08-06T06:55:30.589Z,55.48
2026-08-06T06:55:50.86Z,55.48
2026-08-06T06:56:05.804Z,55.48
2026-08-06T06:56:20.903Z,53.51
2026-08-06T06:56:35.976Z,53.51
2026-08-06T06:56:53.369Z,53.89
2026-08-06T06:57:11.097Z,53.89
2026-08-06T06:57:26.192Z,54.51
2026-08-06T06:57:46.278Z,54.51
2026-08-06T06:58:03.052Z,54.51
2026-08-06T06:58:16.622Z,54.51
2026-08-06T06:58:31.538Z,56.22
2026-08-06T06:58:51.654Z,57.73
2026-08-06T06:59:06.7Z,57.73
2026-08-06T06:59:21.776Z,57.73
2026-08-06T06:59:36Z,57.73
2026-08-06T06:59:37.638Z,57.73
2026-08-06T06:59:56.944Z,57.73
2026-08-06T07:00:17.125Z,57.73
2026-08-06T07:00:27.108Z,60.14
2026-08-06T07:00:42.189Z,60.14
2026-08-06T07:00:57.246Z,62.04
2026-08-06T07:01:12.327Z,62.04
2026-08-06T07:01:32.759Z,62.04
2026-08-06T07:01:52.506Z,62.04
2026-08-06T07:02:07.566Z,62.22
2026-08-06T07:02:23.065Z,62.38
2026-08-06T07:02:37.695Z,62.38
2026-08-06T07:02:57.829Z,62.76
2026-08-06T07:03:12.904Z,62.76
2026-08-06T07:03:27.99Z,63.4
2026-08-06T07:03:49.63Z,63.4
2026-08-06T07:04:04.573Z,63.4
2026-08-06T07:04:18.274Z,65.8
2026-08-06T07:04:38.354Z,65.8
2026-08-06T07:04:53Z,67.72
2026-08-06T07:04:53.422Z,67.72
2026-08-06T07:05:12.038Z,67.72
2026-08-06T07:05:24.736Z,68.94
2026-08-06T07:05:43.695Z,68.94
2026-08-06T07:05:58.73Z,69.65
2026-08-06T07:06:13.862Z,69.65
2026-08-06T07:06:28.917Z,69.65
2026-08-06T07:06:44.074Z,69.65
2026-08-06T07:07:04.054Z,70.7
2026-08-06T07:07:19.145Z,70.7
2026-08-06T07:07:34.281Z,70.88
2026-08-06T07:07:54.344Z,70.88
2026-08-06T07:08:09.432Z,70.88
2026-08-06T07:08:24.516Z,70.51
2026-08-06T07:08:39.572Z,70.51
2026-08-06T07:08:59.646Z,69.49
2026-08-06T07:09:15.07Z,69.49
2026-08-06T07:09:34.817Z,67.83
2026-08-06T07:09:49Z,68.3
2026-08-06T07:09:49.885Z,68.3
2026-08-06T07:10:12.32Z,68.3
2026-08-06T07:10:20.046Z,68.3
2026-08-06T07:10:40.117Z,68.3
2026-08-06T07:11:00.221Z,67.4
2026-08-06T07:11:15.302Z,67.62
2026-08-06T07:11:30.605Z,67.62
2026-08-06T07:11:45.446Z,67.25
2026-08-06T07:12:05.512Z,67.52
2026-08-06T07:12:20.611Z,67.52
2026-08-06T07:12:35.656Z,67.05
2026-08-06T07:12:50.945Z,67.05
2026-08-06T07:13:05.87Z,67.29
2026-08-06T07:13:25.963Z,67.33
2026-08-06T07:13:41.021Z,67.33
2026-08-06T07:14:02.693Z,66.9
2026-08-06T07:14:21.193Z,67.46
2026-08-06T07:14:41.252Z,67.46
2026-08-06T07:14:55Z,67.6
2026-08-06T07:14:56.404Z,67.6
2026-08-06T07:15:14.425Z,67.6
2026-08-06T07:15:26.503Z,67.92
2026-08-06T07:15:41.581Z,67.92
2026-08-06T07:15:56.648Z,67.68
2026-08-06T07:16:12.38Z,67.68
2026-08-06T07:16:31.831Z,67.34
2026-08-06T07:16:46.972Z,67.74
2026-08-06T07:17:02.907Z,67.74
2026-08-06T07:17:17.125Z,67.37
2026-08-06T07:17:32.2Z,67.37
2026-08-06T07:17:47.365Z,67.8
2026-08-06T07:18:03.766Z,67.8
2026-08-06T07:18:17.684Z,67.8
2026-08-06T07:18:32.581Z,67.8
2026-08-06T07:18:52.639Z,67.8
2026-08-06T07:19:07.729Z,67.8
2026-08-06T07:19:23.013Z,67.8
2026-08-06T07:19:37.936Z,67.8
2026-08-06T07:19:52Z,66.79
2026-08-06T07:19:53.023Z,66.79
2026-08-06T07:20:10.152Z,66.79
2026-08-06T07:20:23.172Z,66.79
2026-08-06T07:20:38.218Z,65.56
2026-08-06T07:20:53.271Z,65.56
2026-08-06T07:21:13.366Z,65.56
2026-08-06T07:21:28.439Z,65.56
2026-08-06T07:21:43.528Z,66.18
2026-08-06T07:21:59.167Z,66.18
2026-08-06T07:22:13.671Z,67.06
2026-08-06T07:22:33.746Z,66.45
2026-08-06T07:22:53.821Z,66.45
2026-08-06T07:23:08.9Z,67.63
2026-08-06T07:23:28.973Z,67.63
2026-08-06T07:23:44.569Z,67.63
2026-08-06T07:23:59.192Z,67.51
2026-08-06T07:24:19.283Z,67.51
2026-08-06T07:24:34.33Z,67.51
2026-08-06T07:24:53Z,67.27
2026-08-06T07:24:54.511Z,67.27
2026-08-06T07:25:13.948Z,67.27
2026-08-06T07:25:29.603Z,67.27
2026-08-06T07:25:46.929Z,67.01
2026-08-06T07:25:59.743Z,67.01
2026-08-06T07:26:14.829Z,66.62
2026-08-06T07:26:29.908Z,66.62
2026-08-06T07:26:49.987Z,66.62
2026-08-06T07:27:05.106Z,66.16
2026-08-06T07:27:20.393Z,66.16
2026-08-06T07:27:35.23Z,64.94
2026-08-06T07:27:50.342Z,64.94
2026-08-06T07:28:10.397Z,64.94
2026-08-06T07:28:30.596Z,65.48
2026-08-06T07:28:50.565Z,65.48
2026-08-06T07:29:05.64Z,65.82
2026-08-06T07:29:20.711Z,65.82
2026-08-06T07:29:35.801Z,65.82
2026-08-06T07:29:50Z,65.82
2026-08-06T07:29:57.547Z,65.82
2026-08-06T07:30:16.091Z,65.63
2026-08-06T07:30:21.038Z,65.63
2026-08-06T07:30:36.095Z,65.31
2026-08-06T07:30:51.219Z,65.31
2026-08-06T07:31:06.428Z,65.62
2026-08-06T07:31:21.357Z,65.62
2026-08-06T07:31:42.469Z,66.37
2026-08-06T07:31:56.475Z,68.87
2026-08-06T07:32:16.619Z,68.87
2026-08-06T07:32:31.806Z,68.87
2026-08-06T07:32:46.826Z,68.87
2026-08-06T07:33:02.77Z,68.87
2026-08-06T07:33:17.015Z,71.58
2026-08-06T07:33:32.055Z,71.58
2026-08-06T07:33:47.136Z,73.18
2026-08-06T07:34:02.641Z,73.18
2026-08-06T07:34:17.304Z,73.18
2026-08-06T07:34:37.367Z,74.8
2026-08-06T07:34:52Z,74.8
2026-08-06T07:34:52.451Z,74.8
2026-08-06T07:35:14.945Z,75.98
2026-08-06T07:35:23.155Z,75.98
2026-08-06T07:35:37.676Z,74.98
2026-08-06T07:35:52.75Z,74.98
2026-08-06T07:36:07.927Z,74.98
2026-08-06T07:36:23.207Z,73.01
2026-08-06T07:36:43.061Z,73.01
2026-08-06T07:36:58.325Z,72.27
2026-08-06T07:37:18.204Z,72.27
2026-08-06T07:37:33.279Z,72.27
2026-08-06T07:37:48.39Z,72.27
2026-08-06T07:38:05.571Z,72.27
2026-08-06T07:38:18.63Z,72.27
2026-08-06T07:38:33.61Z,71.31
2026-08-06T07:38:48.72Z,71.31
2026-08-06T07:39:03.817Z,71.31
2026-08-06T07:39:18.826Z,71.31
2026-08-06T07:39:33.915Z,71.31
2026-08-06T07:39:49.004Z,72.96
2026-08-06T07:40:03Z,72.96
2026-08-06T07:40:11.136Z,72.96
2026-08-06T07:40:19.141Z,73.47
2026-08-06T07:40:34.25Z,73.47
2026-08-06T07:40:54.37Z,73.53
2026-08-06T07:41:09.416Z,74.32
2026-08-06T07:41:25.282Z,74.32
2026-08-06T07:41:40.804Z,74.32
2026-08-06T07:41:59.602Z,74.98
2026-08-06T07:42:19.695Z,74.98
2026-08-06T07:42:34.78Z,79.46
2026-08-06T07:42:49.868Z,79.46
2026-08-06T07:43:04.929Z,79.46
2026-08-06T07:43:20.006Z,79.46
2026-08-06T07:43:35.101Z,81.76
2026-08-06T07:43:50.175Z,81.76
2026-08-06T07:44:05.248Z,86.5
2026-08-06T07:44:20.33Z,86.5
2026-08-06T07:44:35.389Z,86.5
2026-08-06T07:44:50.493Z,86.5
2026-08-06T07:45:05Z,89.46
2026-08-06T07:45:09.799Z,89.46
2026-08-06T07:45:20.621Z,89.46
2026-08-06T07:45:40.755Z,86.83
2026-08-06T07:46:02.581Z,84.69
2026-08-06T07:46:20.868Z,84.69
2026-08-06T07:46:40.95Z,83.06
2026-08-06T07:46:56.045Z,83.06
2026-08-06T07:47:11.174Z,83.06
2026-08-06T07:47:26.247Z,80.96
2026-08-06T07:47:46.327Z,80.96
2026-08-06T07:48:02.543Z,80.96
2026-08-06T07:48:21.515Z,77.68
2026-08-06T07:48:41.555Z,76.18
2026-08-06T07:48:56.626Z,76.18
2026-08-06T07:49:11.717Z,76.18
2026-08-06T07:49:26.8Z,76.18
2026-08-06T07:49:46.89Z,76.18
2026-08-06T07:50:01Z,68.7
2026-08-06T07:50:08.684Z,68.7
2026-08-06T07:50:22.106Z,68.7
2026-08-06T07:50:37.151Z,65.66
2026-08-06T07:50:52.241Z,65.66
2026-08-06T07:51:07.318Z,65.66
2026-08-06T07:51:22.391Z,62.06
2026-08-06T07:51:37.456Z,62.06
2026-08-06T07:51:52.627Z,62.06
2026-08-06T07:52:07.593Z,62.06
2026-08-06T07:52:24.144Z,59.88
2026-08-06T07:52:39.227Z,59.88
2026-08-06T07:52:54.686Z,59.88
2026-08-06T07:53:09.351Z,59.88
2026-08-06T07:53:24.574Z,59.92
2026-08-06T07:53:45.37Z,59.92
2026-08-06T07:53:59.649Z,60.97
2026-08-06T07:54:14.653Z,60.97
2026-08-06T07:54:29.776Z,60.93
2026-08-06T07:54:45.2Z,60.93
2026-08-06T07:55:04Z,60.93
2026-08-06T07:55:11.925Z,60.93
2026-08-06T07:55:19.997Z,60.21
2026-08-06T07:55:35.558Z,60.21
2026-08-06T07:55:50.167Z,60.21
2026-08-06T07:56:05.305Z,60.21
2026-08-06T07:56:20.386Z,60.21
2026-08-06T07:56:35.375Z,60.76
2026-08-06T07:56:50.471Z,60.76
2026-08-06T07:57:05.553Z,60.76
2026-08-06T07:57:25.626Z,63.59
2026-08-06T07:57:46.03Z,64.28
2026-08-06T07:58:02.786Z,64.28
2026-08-06T07:58:15.85Z,64.28
2026-08-06T07:58:30.947Z,64.67
2026-08-06T07:58:51.016Z,64.67
2026-08-06T07:59:06.093Z,64.67
2026-08-06T07:59:21.206Z,64.67
2026-08-06T07:59:36.306Z,64.32
2026-08-06T07:59:51.369Z,64.32
2026-08-06T08:00:06Z,64.22
2026-08-06T08:00:11.721Z,64.22
2026-08-06T08:00:26.608Z,64.17
2026-08-06T08:00:42.439Z,64.17
2026-08-06T08:01:02.787Z,64.17
2026-08-06T08:01:16.774Z,64.17
2026-08-06T08:01:32.2Z,64.17
2026-08-06T08:01:46.926Z,63.78
2026-08-06T08:02:03.525Z,63.78
2026-08-06T08:02:17.092Z,63.66
2026-08-06T08:02:32.189Z,63.66
2026-08-06T08:02:47.286Z,63.66
2026-08-06T08:03:04.589Z,63.66
2026-08-06T08:03:17.392Z,63.21
2026-08-06T08:03:32.48Z,63.21
2026-08-06T08:03:47.57Z,62.68
2026-08-06T08:04:02.884Z,62.68
2026-08-06T08:04:17.728Z,62.34
2026-08-06T08:04:32.829Z,62.13
2026-08-06T08:04:47.879Z,62.13
2026-08-06T08:05:02Z,62.26
2026-08-06T08:05:11.419Z,62.26
2026-08-06T08:05:23.415Z,62.38
2026-08-06T08:05:38.147Z,62.38
2026-08-06T08:05:58.181Z,62.38
2026-08-06T08:06:13.25Z,62.38
2026-08-06T08:06:28.327Z,62.38
2026-08-06T08:06:43.43Z,62.38
2026-08-06T08:06:58.528Z,62.41
2026-08-06T08:07:13.619Z,62.41
2026-08-06T08:07:33.694Z,62.08
2026-08-06T08:07:48.77Z,62.08
2026-08-06T08:08:03.855Z,61.34
2026-08-06T08:08:18.92Z,61.34
2026-08-06T08:08:34.026Z,61.42
2026-08-06T08:08:49.103Z,61.42
2026-08-06T08:09:09.2Z,61.42
2026-08-06T08:09:24.303Z,61.42
2026-08-06T08:09:39.393Z,62.54
2026-08-06T08:09:59.466Z,62.54
2026-08-06T08:10:14Z,62.54
2026-08-06T08:10:14.514Z,62.54
2026-08-06T08:10:29.604Z,62.54
2026-08-06T08:10:49.695Z,63.83
2026-08-06T08:11:09.747Z,63.83
2026-08-06T08:11:24.837Z,63.83
2026-08-06T08:11:44.923Z,64.07
2026-08-06T08:11:59.982Z,64.07
2026-08-06T08:12:15.086Z,64.07
2026-08-06T08:12:35.166Z,64.35
2026-08-06T08:12:50.303Z,64.82
2026-08-06T08:13:05.418Z,64.82
2026-08-06T08:13:20.456Z,65.62
2026-08-06T08:13:35.526Z,65.62
2026-08-06T08:13:50.611Z,67.58
2026-08-06T08:14:05.773Z,67.58
2026-08-06T08:14:25.937Z,67.44
2026-08-06T08:14:40.886Z,67.44
2026-08-06T08:14:55.983Z,64.67
2026-08-06T08:15:10Z,64.67
2026-08-06T08:15:11.04Z,64.67
2026-08-06T08:15:26.158Z,63.17
2026-08-06T08:15:41.211Z,63.17
2026-08-06T08:15:56.291Z,63.17
2026-08-06T08:16:11.386Z,63.17
2026-08-06T08:16:31.504Z,61.33
2026-08-06T08:16:51.831Z,61.33
2026-08-06T08:17:11.633Z,62.26
2026-08-06T08:17:26.714Z,62.26
2026-08-06T08:17:41.822Z,62.26
2026-08-06T08:17:56.903Z,62.26
2026-08-06T08:18:11.982Z,65.82
2026-08-06T08:18:27.063Z,65.82
2026-08-06T08:18:42.176Z,68.14
2026-08-06T08:18:57.272Z,68.14
2026-08-06T08:19:12.348Z,68.14
2026-08-06T08:19:32.417Z,69.61
2026-08-06T08:19:47.504Z,70.62
2026-08-06T08:20:11.796Z,70.62
2026-08-06T08:20:17Z,70.62
2026-08-06T08:20:18.058Z,70.62
2026-08-06T08:20:32.737Z,73.26
2026-08-06T08:20:47.806Z,73.26
2026-08-06T08:21:03.863Z,73.26
2026-08-06T08:21:17.971Z,73.26
2026-08-06T08:21:33.24Z,77.35
2026-08-06T08:21:48.333Z,77.35
2026-08-06T08:22:04.758Z,77.35
2026-08-06T08:22:18.482Z,77.35
2026-08-06T08:22:39.131Z,77.35
2026-08-06T08:22:53.827Z,77.35
2026-08-06T08:23:08.886Z,84.51
2026-08-06T08:23:23.992Z,86.06
2026-08-06T08:23:39.044Z,86.06
2026-08-06T08:23:59.173Z,86.06
2026-08-06T08:24:14.23Z,90.52
2026-08-06T08:24:29.307Z,90.52
2026-08-06T08:24:44.386Z,91.98
2026-08-06T08:24:59.44Z,91.98
2026-08-06T08:25:19Z,94.81
2026-08-06T08:25:19.546Z,94.81
2026-08-06T08:25:35.163Z,94.81
2026-08-06T08:25:49.682Z,95.52
2026-08-06T08:26:04.764Z,95.52
2026-08-06T08:26:20.452Z,95.52
2026-08-06T08:26:34.981Z,95.52
2026-08-06T08:26:50.044Z,95.52
2026-08-06T08:27:05.184Z,97.61
2026-08-06T08:27:21.045Z,97.61
2026-08-06T08:27:35.276Z,98.04
2026-08-06T08:27:55.354Z,98.04
2026-08-06T08:28:10.441Z,101.48
2026-08-06T08:28:25.621Z,101.48
2026-08-06T08:28:40.59Z,102.8
2026-08-06T08:28:55.653Z,102.8
2026-08-06T08:29:10.722Z,102.8
2026-08-06T08:29:25.815Z,102.8
2026-08-06T08:29:40.899Z,104.86
2026-08-06T08:29:55.995Z,105.83
2026-08-06T08:30:10Z,105.83
2026-08-06T08:30:11.076Z,105.83
2026-08-06T08:30:26.16Z,107.26
2026-08-06T08:30:46.227Z,107.26
2026-08-06T08:31:02.805Z,109.96
2026-08-06T08:31:17.499Z,109.96
2026-08-06T08:31:31.563Z,113.97
2026-08-06T08:31:46.588Z,113.97
2026-08-06T08:32:02.483Z,113.97
2026-08-06T08:32:16.714Z,113.97
2026-08-06T08:32:37.168Z,113.97
2026-08-06T08:32:51.927Z,160.3
2026-08-06T08:33:06.988Z,160.3
2026-08-06T08:33:27.255Z,123.65
2026-08-06T08:33:42.267Z,123.65
2026-08-06T08:33:57.223Z,114.58
2026-08-06T08:34:17.292Z,114.58
2026-08-06T08:34:37.409Z,114.58
2026-08-06T08:34:52.448Z,114.58
2026-08-06T08:35:12Z,137.25
2026-08-06T08:35:13.239Z,137.25
2026-08-06T08:35:27.66Z,137.25
2026-08-06T08:35:42.997Z,137.25
2026-08-06T08:36:02.845Z,224.72
2026-08-06T08:36:17.842Z,224.72
2026-08-06T08:36:32.896Z,290.73
2026-08-06T08:36:48.005Z,290.73
2026-08-06T08:37:03.086Z,290.73
2026-08-06T08:37:18.131Z,290.73
2026-08-06T08:37:38.222Z,285.3
2026-08-06T08:37:53.77Z,285.3
2026-08-06T08:38:08.543Z,281.95
2026-08-06T08:38:23.482Z,281.95
2026-08-06T08:38:38.605Z,281.95
2026-08-06T08:38:58.675Z,281.95
2026-08-06T08:39:13.752Z,272.06
2026-08-06T08:39:28.868Z,272.06
2026-08-06T08:39:44.339Z,273.94
2026-08-06T08:39:58.978Z,273.94
2026-08-06T08:40:18Z,273.13
2026-08-06T08:40:19.135Z,273.13
2026-08-06T08:40:34.178Z,273.13
2026-08-06T08:40:49.217Z,272.08
2026-08-06T08:41:04.33Z,272.08
2026-08-06T08:41:19.643Z,273.69
2026-08-06T08:41:34.577Z,273.69
2026-08-06T08:41:49.564Z,273.69
2026-08-06T08:42:04.636Z,251.29
2026-08-06T08:42:24.735Z,251.78
2026-08-06T08:42:39.793Z,251.78
2026-08-06T08:42:54.866Z,270.67
2026-08-06T08:43:14.977Z,270.67
2026-08-06T08:43:30.091Z,270.67
2026-08-06T08:43:50.149Z,270.67
2026-08-06T08:44:05.226Z,273.54
2026-08-06T08:44:20.283Z,272.06
2026-08-06T08:44:40.359Z,272.06
2026-08-06T08:44:55.42Z,271.66
2026-08-06T08:45:10Z,271.66
2026-08-06T08:45:13.241Z,271.66
2026-08-06T08:45:30.573Z,266.99
2026-08-06T08:45:50.635Z,263.83
2026-08-06T08:46:05.745Z,263.83
2026-08-06T08:46:20.914Z,263.83
2026-08-06T08:46:35.875Z,258.64
2026-08-06T08:46:50.967Z,258.64
2026-08-06T08:47:11.479Z,261.11
2026-08-06T08:47:26.1Z,261.11
2026-08-06T08:47:41.176Z,261.11
2026-08-06T08:47:56.947Z,261.11
2026-08-06T08:48:11.733Z,261.11
2026-08-06T08:48:26.496Z,267.83
2026-08-06T08:48:46.563Z,269.61
2026-08-06T08:49:03.358Z,269.61
2026-08-06T08:49:16.98Z,269.61
2026-08-06T08:49:31.793Z,271.82
2026-08-06T08:49:46.882Z,269.85
2026-08-06T08:50:09.65Z,269.85
2026-08-06T08:50:21Z,269.85
2026-08-06T08:50:22.485Z,269.85
2026-08-06T08:50:37.134Z,259.41
2026-08-06T08:50:57.183Z,259.41
2026-08-06T08:51:12.252Z,255.64
2026-08-06T08:51:27.318Z,252.97
2026-08-06T08:51:42.414Z,252.97
2026-08-06T08:52:03.132Z,252.97
2026-08-06T08:52:17.542Z,252.97
2026-08-06T08:52:34.803Z,252.97
2026-08-06T08:52:52.696Z,240.54
2026-08-06T08:53:07.759Z,232.45
2026-08-06T08:53:22.871Z,232.45
2026-08-06T08:53:37.991Z,226.99
2026-08-06T08:53:53.06Z,225.48
2026-08-06T08:54:09.351Z,225.48
2026-08-06T08:54:28.197Z,225.48
2026-08-06T08:54:43.283Z,225.48
2026-08-06T08:55:10.243Z,239.97
2026-08-06T08:55:18Z,239.97
2026-08-06T08:55:18.494Z,239.97
2026-08-06T08:55:33.563Z,239.97
2026-08-06T08:55:48.619Z,251.8
2026-08-06T08:56:04.307Z,257.94
2026-08-06T08:56:23.833Z,257.94
2026-08-06T08:56:41.013Z,266.84
2026-08-06T08:56:53.986Z,266.84
2026-08-06T08:57:14.025Z,269.73
2026-08-06T08:57:29.106Z,269.73
2026-08-06T08:57:44.224Z,270.32
2026-08-06T08:57:59.248Z,270.32
2026-08-06T08:58:14.393Z,270.32
2026-08-06T08:58:29.447Z,270.32
2026-08-06T08:58:44.525Z,269.94
2026-08-06T08:59:04.694Z,269.94
2026-08-06T08:59:19.69Z,267.82
2026-08-06T08:59:34.774Z,267.82
2026-08-06T08:59:54.911Z,263.65
2026-08-06T09:00:15.231Z,263.65
2026-08-06T09:00:29Z,263.65
2026-08-06T09:00:30.052Z,263.65
2026-08-06T09:00:45.111Z,259.75
2026-08-06T09:01:00.212Z,259.75
2026-08-06T09:01:15.269Z,259.79
2026-08-06T09:01:35.598Z,259.79
2026-08-06T09:01:50.426Z,259.79
2026-08-06T09:02:05.526Z,260.64
2026-08-06T09:02:20.585Z,260.64
2026-08-06T09:02:40.784Z,260.64
2026-08-06T09:02:55.734Z,260.64
2026-08-06T09:03:10.857Z,226.44
2026-08-06T09:03:25.929Z,226.44
2026-08-06T09:03:41.027Z,234.89
2026-08-06T09:03:56.305Z,234.89
2026-08-06T09:04:16.158Z,234.89
2026-08-06T09:04:36.234Z,234.89
2026-08-06T09:04:57.193Z,234.89
2026-08-06T09:05:12.707Z,234.89
2026-08-06T09:05:26Z,291.33
2026-08-06T09:05:26.454Z,291.33
2026-08-06T09:05:41.539Z,291.33
2026-08-06T09:05:57.559Z,295.86
2026-08-06T09:06:16.729Z,295.86
2026-08-06T09:06:31.805Z,297.05
2026-08-06T09:06:52.318Z,297.05
2026-08-06T09:07:12.117Z,297.05
2026-08-06T09:07:26.99Z,297.05
2026-08-06T09:07:42.128Z,305.96
2026-08-06T09:07:57.198Z,306.01
2026-08-06T09:08:12.277Z,306.01
2026-08-06T09:08:27.353Z,306.26
2026-08-06T09:08:47.452Z,306.26
2026-08-06T09:09:02.771Z,306.26
2026-08-06T09:09:22.602Z,304.74
2026-08-06T09:09:42.71Z,302.17
2026-08-06T09:09:57.748Z,302.17
2026-08-06T09:10:17.858Z,298.45
2026-08-06T09:10:32Z,298.45
2026-08-06T09:10:32.981Z,298.45
2026-08-06T09:10:48.12Z,298.45
2026-08-06T09:11:04.668Z,298.45
2026-08-06T09:11:18.256Z,298.45
2026-08-06T09:11:33.329Z,298.45
2026-08-06T09:11:48.36Z,298.45
2026-08-06T09:12:03.536Z,301.63
2026-08-06T09:12:18.543Z,301.63
2026-08-06T09:12:33.61Z,301.61
2026-08-06T09:12:48.646Z,301.61
2026-08-06T09:13:04.397Z,299.53
2026-08-06T09:13:18.876Z,299.53
2026-08-06T09:13:38.944Z,299.53
2026-08-06T09:13:54.047Z,299.53
2026-08-06T09:14:14.119Z,297.48
2026-08-06T09:14:29.245Z,297.48
2026-08-06T09:14:44.25Z,301.58
2026-08-06T09:14:59.324Z,301.58
2026-08-06T09:15:15.983Z,301.58
2026-08-06T09:15:29Z,301.58
2026-08-06T09:15:29.701Z,301.58
2026-08-06T09:15:49.538Z,313.73
2026-08-06T09:16:09.558Z,313.73
2026-08-06T09:16:24.65Z,313.73
2026-08-06T09:16:39.722Z,313.73
2026-08-06T09:16:59.936Z,318.03
2026-08-06T09:17:14.93Z,318.03
2026-08-06T09:17:29.999Z,312.29
2026-08-06T09:17:50.125Z,312.29
2026-08-06T09:18:06.423Z,312.29
2026-08-06T09:18:20.603Z,312.29
2026-08-06T09:18:35.438Z,302.15
2026-08-06T09:18:50.511Z,301.61
2026-08-06T09:19:05.538Z,301.61
2026-08-06T09:19:20.988Z,301.61
2026-08-06T09:19:40.668Z,303.95
2026-08-06T09:19:55.74Z,303.95
2026-08-06T09:20:13.298Z,299.51
2026-08-06T09:20:25Z,299.51
2026-08-06T09:20:26.596Z,299.51
2026-08-06T09:20:40.968Z,299.51
2026-08-06T09:21:02.449Z,294.54
2026-08-06T09:21:16.144Z,292.35
2026-08-06T09:21:31.194Z,292.35
2026-08-06T09:21:46.287Z,292.35
2026-08-06T09:22:02.863Z,287.98
2026-08-06T09:22:21.45Z,287.98
2026-08-06T09:22:36.605Z,286.39
2026-08-06T09:22:51.597Z,286.39
2026-08-06T09:23:06.668Z,286.39
2026-08-06T09:23:21.738Z,289.1
2026-08-06T09:23:36.815Z,289.1
2026-08-06T09:23:52.029Z,290.7
2026-08-06T09:24:07.102Z,290.7
2026-08-06T09:24:22.19Z,290.7
2026-08-06T09:24:42.334Z,294.77
2026-08-06T09:24:57.342Z,294.77
2026-08-06T09:25:14.488Z,296.61
2026-08-06T09:25:27Z,296.61
2026-08-06T09:25:27.512Z,296.61
2026-08-06T09:25:42.603Z,296.61
2026-08-06T09:26:03.043Z,296.61
2026-08-06T09:26:17.727Z,296.61
2026-08-06T09:26:32.806Z,296.11
2026-08-06T09:26:47.88Z,296.11
2026-08-06T09:27:04.991Z,295.82
2026-08-06T09:27:18.343Z,295.82
2026-08-06T09:27:33.097Z,296.04
2026-08-06T09:27:48.236Z,292.5
2026-08-06T09:28:03.304Z,292.5
2026-08-06T09:28:23.407Z,288.56
2026-08-06T09:28:38.534Z,288.56
2026-08-06T09:28:53.562Z,283.36
2026-08-06T09:29:09.253Z,283.36
2026-08-06T09:29:23.682Z,283.36
2026-08-06T09:29:38.738Z,283.36
2026-08-06T09:29:59.543Z,277.66
2026-08-06T09:30:18.879Z,277.66
2026-08-06T09:30:33Z,283.91
2026-08-06T09:30:33.966Z,283.91
2026-08-06T09:30:54.165Z,283.91
2026-08-06T09:31:09.172Z,315.3
2026-08-06T09:31:24.275Z,315.3
2026-08-06T09:31:39.307Z,315.3
2026-08-06T09:31:54.55Z,366.84
2026-08-06T09:32:14.49Z,366.84
2026-08-06T09:32:29.526Z,364.11
2026-08-06T09:32:44.596Z,364.11
2026-08-06T09:32:59.843Z,329.03
2026-08-06T09:33:14.754Z,329.03
2026-08-06T09:33:34.835Z,266.52
2026-08-06T09:33:49.978Z,266.52
2026-08-06T09:34:04.996Z,266.52
2026-08-06T09:34:20.127Z,242.21
2026-08-06T09:34:35.125Z,242.21
2026-08-06T09:34:50.201Z,239.12
2026-08-06T09:35:13.058Z,239.12
2026-08-06T09:35:20.436Z,235.86
2026-08-06T09:35:35Z,227.7
2026-08-06T09:35:37.308Z,227.7
2026-08-06T09:35:50.627Z,227.7
2026-08-06T09:36:05.619Z,227.7
2026-08-06T09:36:25.696Z,220.56
2026-08-06T09:36:40.777Z,220.56
2026-08-06T09:36:55.842Z,220.56
2026-08-06T09:37:15.919Z,215.97
2026-08-06T09:37:31.043Z,215.97
2026-08-06T09:37:46.128Z,213.57
2026-08-06T09:38:02.622Z,213.57
2026-08-06T09:38:16.343Z,212.19
2026-08-06T09:38:31.411Z,212.19
2026-08-06T09:38:46.512Z,212.19
2026-08-06T09:39:04.377Z,211.14
2026-08-06T09:39:16.64Z,211.14
2026-08-06T09:39:36.71Z,211.14
2026-08-06T09:39:56.905Z,210.18
2026-08-06T09:40:13.116Z,210.18
2026-08-06T09:40:26Z,209.59
2026-08-06T09:40:26.973Z,209.59
2026-08-06T09:40:47.041Z,209.59
2026-08-06T09:41:03.432Z,209.52
2026-08-06T09:41:22.202Z,209.52
2026-08-06T09:41:37.282Z,209.85
2026-08-06T09:41:53.481Z,209.85
2026-08-06T09:42:07.475Z,209.96
2026-08-06T09:42:22.553Z,209.96
2026-08-06T09:42:37.631Z,212.63
2026-08-06T09:42:58.017Z,212.63
2026-08-06T09:43:12.786Z,212.63
2026-08-06T09:43:27.858Z,214.17
2026-08-06T09:43:47.948Z,214.17
2026-08-06T09:44:03.051Z,212.75
2026-08-06T09:44:19.928Z,213.83
2026-08-06T09:44:33.234Z,213.83
2026-08-06T09:44:48.283Z,213.83
2026-08-06T09:45:12.964Z,215.61
2026-08-06T09:45:23.505Z,215.61
2026-08-06T09:45:38Z,215.61
2026-08-06T09:45:38.512Z,215.61
2026-08-06T09:45:53.59Z,216.96
2026-08-06T09:46:08.697Z,216.96
2026-08-06T09:46:23.922Z,216.89
2026-08-06T09:46:38.829Z,216.89
2026-08-06T09:46:53.917Z,216.12
2026-08-06T09:47:14.113Z,217.06
2026-08-06T09:47:29.635Z,217.06
2026-08-06T09:47:44.699Z,217.06
2026-08-06T09:47:59.256Z,217.06
2026-08-06T09:48:19.501Z,214.38
2026-08-06T09:48:39.418Z,214.38
2026-08-06T09:48:54.52Z,214.38
2026-08-06T09:49:09.537Z,214.38
2026-08-06T09:49:24.62Z,215.57
2026-08-06T09:49:39.724Z,215.62
2026-08-06T09:49:54.8Z,215.62
2026-08-06T09:50:13.49Z,215.62
2026-08-06T09:50:25.098Z,215.62
2026-08-06T09:50:39Z,214.38
2026-08-06T09:50:40.02Z,214.38
2026-08-06T09:51:00.158Z,214.38
2026-08-06T09:51:20.189Z,214.38
2026-08-06T09:51:35.286Z,213.87
2026-08-06T09:51:55.327Z,206.36
2026-08-06T09:52:10.532Z,206.36
2026-08-06T09:52:25.633Z,206.36
2026-08-06T09:52:45.641Z,210.05
2026-08-06T09:53:02.865Z,211.85
2026-08-06T09:53:20.767Z,211.85
2026-08-06T09:53:36.448Z,211.85
2026-08-06T09:53:50.949Z,214.06
2026-08-06T09:54:11.01Z,213.8
2026-08-06T09:54:26.113Z,213.8
2026-08-06T09:54:41.269Z,214.59
2026-08-06T09:54:56.327Z,214.59
2026-08-06T09:55:16.394Z,214.59
2026-08-06T09:55:31.972Z,217.85
2026-08-06T09:55:46Z,217.85
2026-08-06T09:55:46.586Z,217.85
2026-08-06T09:56:03.013Z,218.34
2026-08-06T09:56:21.737Z,218.34
2026-08-06T09:56:36.835Z,216.58
2026-08-06T09:56:51.888Z,216.58
2026-08-06T09:57:06.994Z,218.18
2026-08-06T09:57:27.09Z,218.18
2026-08-06T09:57:42.226Z,218.52
2026-08-06T09:58:03.312Z,218.52
2026-08-06T09:58:17.451Z,220.86
2026-08-06T09:58:33.164Z,220.86
2026-08-06T09:58:47.507Z,223.2
2026-08-06T09:59:02.635Z,223.2
2026-08-06T09:59:17.838Z,223.2
2026-08-06T09:59:32.752Z,227.69
2026-08-06T09:59:47.823Z,227.69
2026-08-06T10:00:12.775Z,234.91
2026-08-06T10:00:17.981Z,234.91
2026-08-06T10:00:33.195Z,242.92
2026-08-06T10:00:47Z,242.92
2026-08-06T10:00:48.264Z,242.92
2026-08-06T10:01:03.586Z,246.89
2026-08-06T10:01:18.675Z,246.89
2026-08-06T10:01:33.505Z,246.89
2026-08-06T10:01:48.597Z,246.89
2026-08-06T10:02:08.657Z,246.89
2026-08-06T10:02:24.674Z,246.89
2026-08-06T10:02:38.792Z,246.89
2026-08-06T10:02:53.883Z,258.47
2026-08-06T10:03:14.013Z,258.47
2026-08-06T10:03:34.1Z,262.55
2026-08-06T10:03:49.183Z,262.55
2026-08-06T10:04:04.814Z,263.32
2026-08-06T10:04:24.373Z,265.76
2026-08-06T10:04:39.433Z,265.76
2026-08-06T10:04:54.479Z,265.76
2026-08-06T10:05:13.012Z,268.49
2026-08-06T10:05:29.645Z,268.49
2026-08-06T10:05:44Z,270.08
2026-08-06T10:05:44.736Z,270.08
2026-08-06T10:05:59.839Z,270.08
2026-08-06T10:06:19.963Z,270.08
2026-08-06T10:06:35.008Z,272.83
2026-08-06T10:06:50.14Z,272.83
2026-08-06T10:07:05.15Z,275.87
2026-08-06T10:07:20.24Z,275.87
2026-08-06T10:07:40.366Z,281.0
2026-08-06T10:08:00.394Z,281.0
2026-08-06T10:08:16.415Z,281.0
2026-08-06T10:08:30.574Z,281.0
2026-08-06T10:08:50.644Z,292.11
2026-08-06T10:09:06.108Z,292.11
2026-08-06T10:09:21.004Z,292.11
2026-08-06T10:09:35.839Z,292.11
2026-08-06T10:09:50.928Z,292.11
2026-08-06T10:10:11.309Z,294.77
2026-08-06T10:10:26.091Z,298.84
2026-08-06T10:10:40Z,298.84
2026-08-06T10:10:41.15Z,298.84
2026-08-06T10:10:56.234Z,302.28
2026-08-06T10:11:11.313Z,302.28
2026-08-06T10:11:31.375Z,302.28
2026-08-06T10:11:51.436Z,305.5
2026-08-06T10:12:06.524Z,305.5
2026-08-06T10:12:23.508Z,307.74
2026-08-06T10:12:36.693Z,307.74
2026-08-06T10:12:56.756Z,307.6
2026-08-06T10:13:11.829Z,307.6
2026-08-06T10:13:31.914Z,307.6
2026-08-06T10:13:46.979Z,308.21
2026-08-06T10:14:03.467Z,308.21
2026-08-06T10:14:17.307Z,307.51
2026-08-06T10:14:32.213Z,307.38
2026-08-06T10:14:52.295Z,307.38
2026-08-06T10:15:12.409Z,307.38
2026-08-06T10:15:33.354Z,303.84
2026-08-06T10:15:52Z,303.84
2026-08-06T10:15:52.613Z,303.84
2026-08-06T10:16:07.672Z,303.84
2026-08-06T10:16:22.716Z,303.84
2026-08-06T10:16:37.798Z,303.84
2026-08-06T10:16:52.884Z,303.91
2026-08-06T10:17:07.974Z,303.91
2026-08-06T10:17:23.063Z,302.5
2026-08-06T10:17:38.115Z,302.5
2026-08-06T10:17:53.219Z,303.25
2026-08-06T10:18:08.286Z,303.25
2026-08-06T10:18:23.401Z,301.01
2026-08-06T10:18:43.453Z,301.4
2026-08-06T10:18:58.539Z,301.4
2026-08-06T10:19:13.983Z,301.4
2026-08-06T10:19:33.895Z,301.4
2026-08-06T10:19:53.752Z,308.25
2026-08-06T10:20:11.772Z,308.25
2026-08-06T10:20:24.133Z,309.4
2026-08-06T10:20:39.052Z,309.4
2026-08-06T10:20:53Z,311.91
2026-08-06T10:20:54.068Z,311.91
2026-08-06T10:21:09.142Z,311.91
2026-08-06T10:21:24.238Z,311.91
2026-08-06T10:21:39.316Z,315.35
2026-08-06T10:21:54.482Z,315.35
2026-08-06T10:22:14.459Z,315.35
2026-08-06T10:22:29.529Z,315.35
2026-08-06T10:22:46.69Z,315.35
2026-08-06T10:22:59.745Z,316.4
2026-08-06T10:23:14.829Z,316.4
2026-08-06T10:23:29.901Z,316.4
2026-08-06T10:23:49.99Z,316.17
2026-08-06T10:24:05.108Z,316.17
2026-08-06T10:24:20.147Z,316.17
2026-08-06T10:24:35.199Z,315.86
2026-08-06T10:24:51.264Z,314.21
2026-08-06T10:25:11.647Z,314.21
2026-08-06T10:25:25.488Z,312.72
2026-08-06T10:25:40Z,312.72
2026-08-06T10:25:41.766Z,312.72
2026-08-06T10:26:02.526Z,311.12
2026-08-06T10:26:15.71Z,305.34
2026-08-06T10:26:35.795Z,305.34
2026-08-06T10:26:51.104Z,306.2
2026-08-06T10:27:10.986Z,306.2
2026-08-06T10:27:27.305Z,306.2
2026-08-06T10:27:41.357Z,306.41
2026-08-06T10:27:56.192Z,306.41
2026-08-06T10:28:16.251Z,309.4
2026-08-06T10:28:31.36Z,309.03
2026-08-06T10:28:46.42Z,309.03
2026-08-06T10:29:04.821Z,307.2
2026-08-06T10:29:16.592Z,307.2
2026-08-06T10:29:31.654Z,307.76
2026-08-06T10:29:46.755Z,307.76
2026-08-06T10:30:09.089Z,307.76
2026-08-06T10:30:16.984Z,308.12
2026-08-06T10:30:32.023Z,308.12
2026-08-06T10:30:46Z,309.22
2026-08-06T10:30:47.094Z,309.22
2026-08-06T10:31:05.363Z,309.22
2026-08-06T10:31:17.24Z,310.61
2026-08-06T10:31:37.311Z,313.55
2026-08-06T10:31:52.783Z,313.55
2026-08-06T10:32:07.455Z,314.72
2026-08-06T10:32:22.55Z,314.72
2026-08-06T10:32:37.67Z,314.72
2026-08-06T10:32:57.689Z,314.72
2026-08-06T10:33:12.79Z,317.5
2026-08-06T10:33:32.873Z,317.5
2026-08-06T10:33:52.945Z,317.5
2026-08-06T10:34:13.607Z,317.34
2026-08-06T10:34:28.068Z,317.34
2026-08-06T10:34:48.171Z,315.32
2026-08-06T10:35:12.213Z,315.32
2026-08-06T10:35:28.396Z,314.55
2026-08-06T10:35:43.469Z,315.35
2026-08-06T10:35:58Z,315.35
2026-08-06T10:35:58.546Z,315.35
2026-08-06T10:36:13.592Z,315.35
2026-08-06T10:36:33.731Z,312.56
2026-08-06T10:36:48.788Z,312.56
2026-08-06T10:37:04.971Z,312.51
2026-08-06T10:37:23.909Z,312.51
2026-08-06T10:37:39.054Z,312.51
2026-08-06T10:37:54.096Z,312.32
2026-08-06T10:38:09.187Z,312.32
2026-08-06T10:38:29.268Z,312.32
2026-08-06T10:38:44.335Z,312.32
2026-08-06T10:38:59.411Z,305.87
2026-08-06T10:39:14.492Z,305.87
2026-08-06T10:39:30.037Z,305.87
2026-08-06T10:39:44.644Z,299.57
2026-08-06T10:40:12.089Z,293.62
2026-08-06T10:40:24.9Z,293.62
2026-08-06T10:40:39.953Z,293.62
2026-08-06T10:40:54Z,283.73
2026-08-06T10:40:55.01Z,283.73
2026-08-06T10:41:10.132Z,283.73
2026-08-06T10:41:25.235Z,277.3
2026-08-06T10:41:40.275Z,277.3
2026-08-06T10:41:55.337Z,277.3
2026-08-06T10:42:10.409Z,284.8
2026-08-06T10:42:30.513Z,284.8
2026-08-06T10:42:50.654Z,284.8
2026-08-06T10:43:05.751Z,300.19
2026-08-06T10:43:25.78Z,300.19
2026-08-06T10:43:40.877Z,308.12
2026-08-06T10:43:55.948Z,308.12
2026-08-06T10:44:11.016Z,311.61
2026-08-06T10:44:26.107Z,311.61
2026-08-06T10:44:41.167Z,311.61
2026-08-06T10:44:56.248Z,311.61
2026-08-06T10:45:12.297Z,313.87
2026-08-06T10:45:26.458Z,313.87
2026-08-06T10:45:41.473Z,313.87
2026-08-06T10:45:56Z,313.87
2026-08-06T10:45:56.611Z,313.87
2026-08-06T10:46:11.649Z,315.41
2026-08-06T10:46:32.149Z,315.41
2026-08-06T10:46:46.773Z,314.41
2026-08-06T10:47:06.85Z,314.41
2026-08-06T10:47:21.935Z,314.41
2026-08-06T10:47:37.025Z,314.19
2026-08-06T10:47:57.104Z,314.86
2026-08-06T10:48:12.191Z,314.86
2026-08-06T10:48:27.265Z,314.98
2026-08-06T10:48:42.37Z,314.98
2026-08-06T10:48:57.419Z,314.98
2026-08-06T10:49:12.499Z,89.89
2026-08-06T10:49:32.595Z,89.89
2026-08-06T10:49:52.646Z,89.89
2026-08-06T10:50:13.245Z,89.89
2026-08-06T10:50:27.856Z,313.4
2026-08-06T10:50:47Z,313.4
2026-08-06T10:50:47.913Z,313.4
2026-08-06T10:51:09.103Z,315.18
2026-08-06T10:51:24.312Z,315.18
2026-08-06T10:51:38.219Z,315.18
2026-08-06T10:51:53.283Z,315.29
2026-08-06T10:52:09.18Z,323.14
2026-08-06T10:52:24.598Z,323.14
2026-08-06T10:52:38.817Z,323.14
2026-08-06T10:52:53.587Z,323.14
2026-08-06T10:53:13.707Z,335.05
2026-08-06T10:53:31.804Z,335.05
2026-08-06T10:53:44.05Z,335.05
2026-08-06T10:53:58.984Z,335.05
2026-08-06T10:54:14.014Z,340.48
2026-08-06T10:54:29.738Z,340.48
2026-08-06T10:54:49.175Z,340.68
2026-08-06T10:55:10.426Z,340.68
2026-08-06T10:55:19.305Z,340.68
2026-08-06T10:55:34.347Z,340.68
2026-08-06T10:55:54Z,346.17
2026-08-06T10:55:54.447Z,346.17
2026-08-06T10:56:09.508Z,344.68
2026-08-06T10:56:24.614Z,344.68
2026-08-06T10:56:39.686Z,344.68
2026-08-06T10:56:59.78Z,345.26
2026-08-06T10:57:14.818Z,345.26
2026-08-06T10:57:29.994Z,345.26
2026-08-06T10:57:45.045Z,345.26
2026-08-06T10:58:06.032Z,342.93
2026-08-06T10:58:25.198Z,342.93
2026-08-06T10:58:45.263Z,343.4
2026-08-06T10:59:00.367Z,343.3
2026-08-06T10:59:16.203Z,343.3
2026-08-06T10:59:30.515Z,342.27
2026-08-06T10:59:45.585Z,342.27
2026-08-06T11:00:10.17Z,342.27
2026-08-06T11:00:16.529Z,342.27
2026-08-06T11:00:30.903Z,342.27
2026-08-06T11:00:45.942Z,340.96
2026-08-06T11:01:05Z,340.1
2026-08-06T11:01:05.972Z,340.1
2026-08-06T11:01:23.899Z,340.1
2026-08-06T11:01:36.11Z,335.78
2026-08-06T11:01:56.194Z,340.06
2026-08-06T11:02:12.102Z,340.06
2026-08-06T11:02:26.588Z,340.41
2026-08-06T11:02:41.639Z,338.43
2026-08-06T11:02:56.765Z,338.43
2026-08-06T11:03:12.005Z,338.43
2026-08-06T11:03:27.075Z,336.3
2026-08-06T11:03:42.199Z,336.3
2026-08-06T11:04:05.087Z,333.02
2026-08-06T11:04:22.313Z,333.02
2026-08-06T11:04:37.409Z,331.72
2026-08-06T11:04:52.463Z,331.72
2026-08-06T11:05:11.757Z,330.38
2026-08-06T11:05:22.618Z,330.38
2026-08-06T11:05:37.714Z,330.38
2026-08-06T11:05:52.776Z,330.38
2026-08-06T11:06:07Z,330.22
2026-08-06T11:06:07.856Z,330.22
2026-08-06T11:06:27.928Z,330.22
2026-08-06T11:06:43Z,330.22
2026-08-06T11:06:58.125Z,336.04
2026-08-06T11:07:19.263Z,336.04
2026-08-06T11:07:38.245Z,338.84
2026-08-06T11:07:53.3Z,338.84
2026-08-06T11:08:09.385Z,338.84
2026-08-06T11:08:23.484Z,339.33
2026-08-06T11:08:43.553Z,339.33
2026-08-06T11:08:58.627Z,339.33
2026-08-06T11:09:13.742Z,337.29
2026-08-06T11:09:28.77Z,337.29
2026-08-06T11:09:44.097Z,337.29
2026-08-06T11:09:59.182Z,337.97
2026-08-06T11:10:18.984Z,338.37
2026-08-06T11:10:34.089Z,338.37
2026-08-06T11:10:49.163Z,338.37
2026-08-06T11:11:08Z,342.68
2026-08-06T11:11:09.239Z,342.68
2026-08-06T11:11:24.316Z,344.06
2026-08-06T11:11:39.395Z,344.06
2026-08-06T11:12:00.149Z,344.06
2026-08-06T11:12:14.606Z,348.84
2026-08-06T11:12:29.672Z,348.84
2026-08-06T11:12:49.823Z,348.84
2026-08-06T11:13:09.825Z,353.83
2026-08-06T11:13:29.918Z,354.69
2026-08-06T11:13:44.984Z,354.69
2026-08-06T11:14:00.077Z,355.47
2026-08-06T11:14:15.16Z,355.47
2026-08-06T11:14:30.246Z,355.47
2026-08-06T11:14:45.372Z,355.47
2026-08-06T11:15:10.701Z,355.47
2026-08-06T11:15:20.529Z,350.11
2026-08-06T11:15:36.611Z,350.11
2026-08-06T11:15:55.711Z,350.11
2026-08-06T11:16:10Z,347.76
2026-08-06T11:16:10.76Z,347.76
2026-08-06T11:16:25.843Z,347.76
2026-08-06T11:16:45.91Z,346.22
2026-08-06T11:17:02.806Z,346.22
2026-08-06T11:17:16.152Z,346.22
2026-08-06T11:17:37.884Z,346.22
2026-08-06T11:17:56.238Z,342.28
2026-08-06T11:18:11.278Z,342.28
2026-08-06T11:18:32.291Z,342.28
2026-08-06T11:18:46.448Z,342.28
2026-08-06T11:19:02.815Z,318.8
2026-08-06T11:19:21.618Z,318.8
2026-08-06T11:19:36.69Z,318.8
2026-08-06T11:19:51.769Z,299.65
2026-08-06T11:20:12.076Z,299.65
2026-08-06T11:20:21.929Z,299.65
2026-08-06T11:20:43.82Z,299.65
2026-08-06T11:20:56Z,295.91
2026-08-06T11:20:57.127Z,295.91
2026-08-06T11:21:17.234Z,295.91
2026-08-06T11:21:37.758Z,296.92
2026-08-06T11:21:53.224Z,296.92
2026-08-06T11:22:07.439Z,296.92
2026-08-06T11:22:22.505Z,296.92
2026-08-06T11:22:37.648Z,296.92
2026-08-06T11:22:52.682Z,296.92
2026-08-06T11:23:08.237Z,296.92
2026-08-06T11:23:22.813Z,296.93
2026-08-06T11:23:37.895Z,296.93
2026-08-06T11:23:53.041Z,296.93
2026-08-06T11:24:08.1Z,306.88
2026-08-06T11:24:23.137Z,306.88
2026-08-06T11:24:43.229Z,312.43
2026-08-06T11:25:11.583Z,317.75
2026-08-06T11:25:23.404Z,317.75
2026-08-06T11:25:38.514Z,317.75
2026-08-06T11:25:53.523Z,336.28
2026-08-06T11:26:08Z,336.28
2026-08-06T11:26:08.587Z,336.28
2026-08-06T11:26:23.665Z,344.72
2026-08-06T11:26:38.753Z,344.72
2026-08-06T11:26:54.296Z,344.72
2026-08-06T11:27:08.965Z,344.72
2026-08-06T11:27:24.083Z,349.3
2026-08-06T11:27:39.121Z,349.3
2026-08-06T11:27:59.21Z,349.4
2026-08-06T11:28:14.971Z,349.4
2026-08-06T11:28:34.395Z,350.2
2026-08-06T11:28:49.503Z,350.37
2026-08-06T11:29:04.517Z,350.37
2026-08-06T11:29:19.605Z,348.93
2026-08-06T11:29:34.675Z,348.93
2026-08-06T11:29:49.864Z,348.93
2026-08-06T11:30:10.937Z,348.93
2026-08-06T11:30:19.912Z,348.44
2026-08-06T11:30:40.314Z,348.33
2026-08-06T11:30:59Z,348.33
2026-08-06T11:31:00.04Z,348.33
2026-08-06T11:31:20.143Z,348.25
2026-08-06T11:31:35.219Z,348.33
2026-08-06T11:31:50.303Z,348.33
2026-08-06T11:32:05.384Z,348.33
2026-08-06T11:32:20.438Z,348.33
2026-08-06T11:32:35.547Z,347.88
2026-08-06T11:32:50.877Z,347.88
2026-08-06T11:33:05.666Z,347.17
2026-08-06T11:33:25.77Z,347.17
2026-08-06T11:33:40.834Z,347.17
2026-08-06T11:33:55.929Z,345.66
2026-08-06T11:34:10.985Z,345.66
2026-08-06T11:34:31.074Z,343.37
2026-08-06T11:34:46.116Z,343.37
2026-08-06T11:35:11.17Z,343.37
2026-08-06T11:35:16.285Z,335.7
2026-08-06T11:35:31.475Z,335.7
2026-08-06T11:35:46.443Z,330.7
2026-08-06T11:36:02.883Z,330.7
2026-08-06T11:36:16Z,330.7
2026-08-06T11:36:16.593Z,330.7
2026-08-06T11:36:31.728Z,325.54
2026-08-06T11:36:46.933Z,325.54
2026-08-06T11:37:02.879Z,319.78
2026-08-06T11:37:16.957Z,319.78
2026-08-06T11:37:32.018Z,319.78
2026-08-06T11:37:47.438Z,316.13
2026-08-06T11:38:03.108Z,316.13
2026-08-06T11:38:17.231Z,316.13
2026-08-06T11:38:34.28Z,304.51
2026-08-06T11:38:47.388Z,299.48
2026-08-06T11:39:07.44Z,299.48
2026-08-06T11:39:22.509Z,299.48
2026-08-06T11:39:42.608Z,299.48
2026-08-06T11:40:11.248Z,299.48
2026-08-06T11:40:17.761Z,274.89
2026-08-06T11:40:32.836Z,274.89
2026-08-06T11:40:47.942Z,274.89
2026-08-06T11:41:03.356Z,274.89
2026-08-06T11:41:17Z,274.89
2026-08-06T11:41:18.072Z,274.89
2026-08-06T11:41:37.91Z,274.89
2026-08-06T11:41:48.241Z,273.31
2026-08-06T11:42:03.288Z,273.31
2026-08-06T11:42:23.386Z,273.31
2026-08-06T11:42:43.49Z,273.31
2026-08-06T11:42:58.549Z,270.1
2026-08-06T11:43:13.691Z,270.1
2026-08-06T11:43:28.785Z,269.17
2026-08-06T11:43:43.999Z,265.74
2026-08-06T11:43:58.955Z,265.74
2026-08-06T11:44:14.068Z,264.02
2026-08-06T11:44:35.854Z,264.02
2026-08-06T11:44:51.314Z,264.02
2026-08-06T11:45:13.629Z,258.87
2026-08-06T11:45:19.397Z,258.87
2026-08-06T11:45:34.51Z,258.87
2026-08-06T11:45:50.564Z,258.5
2026-08-06T11:46:09Z,258.5
2026-08-06T11:46:09.528Z,258.5
2026-08-06T11:46:34.741Z,257.56
2026-08-06T11:46:39.903Z,257.56
2026-08-06T11:46:54.868Z,254.6
2026-08-06T11:47:09.875Z,254.6
2026-08-06T11:47:29.921Z,254.6
2026-08-06T11:47:44.995Z,254.6
2026-08-06T11:48:00.591Z,252.91
2026-08-06T11:48:15.218Z,253.29
2026-08-06T11:48:30.277Z,253.29
2026-08-06T11:48:45.364Z,253.69
2026-08-06T11:49:00.444Z,253.69
2026-08-06T11:49:15.537Z,253.9
2026-08-06T11:49:35.592Z,253.9
2026-08-06T11:49:55.749Z,253.9
2026-08-06T11:50:12.854Z,253.9
2026-08-06T11:50:30.823Z,255.31
2026-08-06T11:50:45.916Z,255.91
2026-08-06T11:51:06.029Z,255.91
2026-08-06T11:51:20Z,257.55
2026-08-06T11:51:21.157Z,257.55
2026-08-06T11:51:36.21Z,257.55
2026-08-06T11:51:51.287Z,258.31
2026-08-06T11:52:06.367Z,258.31
2026-08-06T11:52:21.444Z,259.89
2026-08-06T11:52:41.548Z,261.18
2026-08-06T11:52:56.635Z,261.18
2026-08-06T11:53:11.696Z,261.18
2026-08-06T11:53:26.757Z,265.73
2026-08-06T11:53:42.085Z,265.73
2026-08-06T11:53:57.472Z,265.73
2026-08-06T11:54:12.01Z,268.82
2026-08-06T11:54:27.086Z,268.82
2026-08-06T11:54:42.184Z,268.82
2026-08-06T11:54:57.913Z,277.38
2026-08-06T11:55:17.322Z,277.38
2026-08-06T11:55:32.419Z,277.38
2026-08-06T11:55:47.512Z,283.88
2026-08-06T11:56:03.72Z,283.88
2026-08-06T11:56:17Z,289.38
2026-08-06T11:56:17.647Z,289.38
2026-08-06T11:56:32.729Z,289.38
2026-08-06T11:56:52.788Z,289.38
2026-08-06T11:57:07.885Z,289.38
2026-08-06T11:57:23.694Z,338.02
2026-08-06T11:57:38.032Z,352.97
2026-08-06T11:57:53.107Z,352.97
2026-08-06T11:58:13.183Z,366.11
2026-08-06T11:58:33.264Z,382.31
2026-08-06T11:58:48.36Z,382.31
2026-08-06T11:59:04.408Z,382.31
2026-08-06T11:59:20.548Z,382.31
2026-08-06T11:59:33.565Z,389.68
2026-08-06T11:59:48.654Z,389.68
2026-08-06T12:00:09.144Z,396.16
2026-08-06T12:00:20.228Z,396.16
2026-08-06T12:00:33.933Z,403.2
2026-08-06T12:00:48.965Z,403.2
2026-08-06T12:01:04.048Z,403.2
2026-08-06T12:01:18Z,414.57
2026-08-06T12:01:19.143Z,414.57
2026-08-06T12:01:34.209Z,414.57
2026-08-06T12:01:54.469Z,419.64
2026-08-06T12:02:11.236Z,419.64
2026-08-06T12:02:24.451Z,426.67
2026-08-06T12:02:44.738Z,429.17
2026-08-06T12:02:59.61Z,429.17
2026-08-06T12:03:14.685Z,431.07
2026-08-06T12:03:29.828Z,431.07
2026-08-06T12:03:44.894Z,434.5
2026-08-06T12:04:00.13Z,434.5
2026-08-06T12:04:20.028Z,434.5
2026-08-06T12:04:35.137Z,442.08
2026-08-06T12:04:50.396Z,442.08
2026-08-06T12:05:12.343Z,443.79
2026-08-06T12:05:20.346Z,443.79
2026-08-06T12:05:35.416Z,443.79
2026-08-06T12:05:55.73Z,444.48
2026-08-06T12:06:10Z,444.48
2026-08-06T12:06:10.648Z,444.48
2026-08-06T12:06:30.766Z,440.8
2026-08-06T12:06:50.867Z,440.8
2026-08-06T12:07:05.918Z,440.8
2026-08-06T12:07:26.003Z,442.17
2026-08-06T12:07:41.082Z,442.96
2026-08-06T12:07:56.103Z,442.96
2026-08-06T12:08:11.172Z,442.96
2026-08-06T12:08:26.274Z,442.96
2026-08-06T12:08:41.337Z,442.96
2026-08-06T12:08:56.473Z,438.32
2026-08-06T12:09:11.561Z,438.32
2026-08-06T12:09:26.57Z,438.32
2026-08-06T12:09:41.633Z,423.19
2026-08-06T12:09:56.77Z,423.19
2026-08-06T12:10:16.793Z,400.3
2026-08-06T12:10:32.147Z,400.3
2026-08-06T12:10:46.996Z,387.91
2026-08-06T12:11:02.933Z,387.91
2026-08-06T12:11:16Z,365.7
2026-08-06T12:11:17.13Z,365.7
2026-08-06T12:11:32.2Z,365.7
2026-08-06T12:11:47.299Z,365.7
2026-08-06T12:12:03.475Z,351.73
2026-08-06T12:12:17.43Z,345.81
2026-08-06T12:12:32.522Z,345.81
2026-08-06T12:12:52.589Z,345.81
2026-08-06T12:13:07.675Z,352.67
2026-08-06T12:13:23.914Z,352.67
2026-08-06T12:13:37.993Z,360.86
2026-08-06T12:13:53.148Z,360.86
2026-08-06T12:14:09.362Z,384.17
2026-08-06T12:14:24.301Z,396.92
2026-08-06T12:14:38.269Z,396.92
2026-08-06T12:14:53.384Z,396.92
2026-08-06T12:15:12.756Z,418.78
2026-08-06T12:15:23.539Z,418.78
2026-08-06T12:15:38.58Z,429.45
2026-08-06T12:15:53.672Z,429.45
2026-08-06T12:16:08.756Z,429.45
2026-08-06T12:16:23Z,438.5
2026-08-06T12:16:23.917Z,438.5
2026-08-06T12:16:38.884Z,438.5
2026-08-06T12:16:53.964Z,441.86
2026-08-06T12:17:09.042Z,441.86
2026-08-06T12:17:24.211Z,441.86
2026-08-06T12:17:39.281Z,442.91
2026-08-06T12:17:59.364Z,442.91
2026-08-06T12:18:14.47Z,438.48
2026-08-06T12:18:29.603Z,438.48
2026-08-06T12:18:44.735Z,426.14
2026-08-06T12:18:59.761Z,426.14
2026-08-06T12:19:15.245Z,426.14
2026-08-06T12:19:29.914Z,400.63
2026-08-06T12:19:44.985Z,400.63
2026-08-06T12:20:00.072Z,388.17
2026-08-06T12:20:15.219Z,388.17
2026-08-06T12:20:30.204Z,371.28
2026-08-06T12:20:45.392Z,371.28
2026-08-06T12:21:05.452Z,371.28
2026-08-06T12:21:25Z,371.28
2026-08-06T12:21:25.526Z,371.28
2026-08-06T12:21:40.595Z,396.68
2026-08-06T12:21:55.69Z,396.68
2026-08-06T12:22:10.77Z,396.68
2026-08-06T12:22:25.857Z,419.55
2026-08-06T12:22:40.942Z,419.55
2026-08-06T12:22:56.015Z,436.54
2026-08-06T12:23:11.081Z,436.54
2026-08-06T12:23:26.153Z,436.54
2026-08-06T12:23:46.228Z,443.95
2026-08-06T12:24:02.53Z,447.0
2026-08-06T12:24:16.389Z,447.0
2026-08-06T12:24:31.499Z,447.0
2026-08-06T12:24:46.554Z,447.0
2026-08-06T12:25:11.406Z,447.0
2026-08-06T12:25:17.23Z,447.0
2026-08-06T12:25:31.813Z,447.0
2026-08-06T12:25:46.84Z,451.29
2026-08-06T12:26:02.691Z,451.71
2026-08-06T12:26:17.093Z,451.71
2026-08-06T12:26:31Z,453.12
2026-08-06T12:26:32.1Z,453.12
2026-08-06T12:26:47.176Z,453.12
2026-08-06T12:27:07.348Z,453.12
2026-08-06T12:27:22.458Z,453.12
2026-08-06T12:27:37.546Z,451.38
2026-08-06T12:27:57.628Z,451.38
2026-08-06T12:28:14.574Z,451.38
2026-08-06T12:28:32.809Z,451.25
2026-08-06T12:28:47.873Z,451.25
2026-08-06T12:29:07.973Z,451.25
2026-08-06T12:29:23.06Z,447.82
2026-08-06T12:29:38.104Z,447.82
2026-08-06T12:29:53.195Z,444.57
2026-08-06T12:30:10.377Z,444.57
2026-08-06T12:30:23.345Z,444.57
2026-08-06T12:30:39.311Z,444.57
2026-08-06T12:30:53.933Z,444.57
2026-08-06T12:31:08.61Z,439.28
2026-08-06T12:31:23Z,439.28
2026-08-06T12:31:23.739Z,439.28
2026-08-06T12:31:38.92Z,439.28
2026-08-06T12:31:54Z,439.28
2026-08-06T12:32:09.066Z,438.63
2026-08-06T12:32:24.176Z,438.63
2026-08-06T12:32:39.882Z,436.04
2026-08-06T12:32:59.296Z,436.82
2026-08-06T12:33:14.443Z,436.82
2026-08-06T12:33:29.482Z,436.82
2026-08-06T12:33:49.996Z,434.99
2026-08-06T12:34:04.688Z,434.99
2026-08-06T12:34:19.7Z,430.4
2026-08-06T12:34:35.78Z,430.4
2026-08-06T12:34:54.911Z,428.4
2026-08-06T12:35:14.942Z,427.38
2026-08-06T12:35:30.003Z,427.38
2026-08-06T12:35:45.088Z,427.38
2026-08-06T12:36:02.143Z,427.38
2026-08-06T12:36:15.264Z,427.38
2026-08-06T12:36:29Z,426.27
2026-08-06T12:36:30.307Z,426.27
2026-08-06T12:36:51.791Z,426.27
2026-08-06T12:37:10.465Z,424.06
2026-08-06T12:37:25.549Z,424.06
2026-08-06T12:37:45.642Z,420.13
2026-08-06T12:38:02.806Z,418.41
2026-08-06T12:38:15.851Z,418.41
2026-08-06T12:38:30.924Z,418.41
2026-08-06T12:38:50.997Z,417.49
2026-08-06T12:39:06.074Z,417.49
2026-08-06T12:39:26.189Z,417.49
2026-08-06T12:39:46.227Z,417.49
2026-08-06T12:40:11.822Z,418.25
2026-08-06T12:40:16.426Z,418.25
2026-08-06T12:40:31.476Z,418.25
2026-08-06T12:40:51.557Z,416.97
2026-08-06T12:41:06.611Z,416.97
2026-08-06T12:41:21.697Z,412.77
2026-08-06T12:41:36Z,412.77
2026-08-06T12:41:36.787Z,412.77
2026-08-06T12:41:51.853Z,412.77
2026-08-06T12:42:08.472Z,412.77
2026-08-06T12:42:27.01Z,412.77
2026-08-06T12:42:42.097Z,415.34
2026-08-06T12:42:57.172Z,415.34
2026-08-06T12:43:12.242Z,415.34
2026-08-06T12:43:32.621Z,421.01
2026-08-06T12:43:52.382Z,421.01
2026-08-06T12:44:07.467Z,424.38
2026-08-06T12:44:23.371Z,424.38
2026-08-06T12:44:37.622Z,428.38
2026-08-06T12:44:52.746Z,428.38
2026-08-06T12:45:11.869Z,431.23
2026-08-06T12:45:22.876Z,431.23
2026-08-06T12:45:43.445Z,433.65
2026-08-06T12:46:03.035Z,438.03
2026-08-06T12:46:18.081Z,438.03
2026-08-06T12:46:32Z,438.03
2026-08-06T12:46:33.241Z,438.03
2026-08-06T12:46:48.839Z,438.03
2026-08-06T12:47:03.375Z,438.03
2026-08-06T12:47:23.441Z,443.35
2026-08-06T12:47:43.558Z,446.89
2026-08-06T12:47:58.615Z,446.89
2026-08-06T12:48:13.83Z,448.07
2026-08-06T12:48:28.846Z,448.07
2026-08-06T12:48:45.045Z,451.46
2026-08-06T12:48:59.494Z,451.46
2026-08-06T12:49:14.025Z,451.46
2026-08-06T12:49:29.199Z,453.79
2026-08-06T12:49:44.183Z,453.79
2026-08-06T12:50:12.406Z,454.61
2026-08-06T12:50:19.337Z,453.39
2026-08-06T12:50:34.426Z,453.39
2026-08-06T12:50:49.509Z,453.39
2026-08-06T12:51:09.582Z,449.76
2026-08-06T12:51:29Z,447.49
2026-08-06T12:51:29.702Z,447.49
2026-08-06T12:51:45.194Z,447.49
2026-08-06T12:52:04.831Z,445.48
2026-08-06T12:52:20.129Z,445.42
2026-08-06T12:52:35.016Z,445.42
2026-08-06T12:52:50.315Z,445.42
2026-08-06T12:53:05.158Z,445.42
2026-08-06T12:53:20.229Z,415.57
2026-08-06T12:53:35.301Z,415.57
2026-08-06T12:53:50.407Z,379.88
2026-08-06T12:54:05.48Z,379.88
2026-08-06T12:54:20.508Z,379.88
2026-08-06T12:54:35.604Z,351.77
2026-08-06T12:54:50.676Z,351.77
2026-08-06T12:55:11.5Z,363.8
2026-08-06T12:55:25.919Z,363.8
2026-08-06T12:55:41.012Z,392.78
2026-08-06T12:56:04.237Z,408.93
2026-08-06T12:56:16.147Z,408.93
2026-08-06T12:56:35Z,408.93
2026-08-06T12:56:37.663Z,408.93
2026-08-06T12:56:56.63Z,426.11
2026-08-06T12:57:12.189Z,426.11
2026-08-06T12:57:26.483Z,426.11
2026-08-06T12:57:46.506Z,411.58
2026-08-06T12:58:07.272Z,411.58
2026-08-06T12:58:22.705Z,436.02
2026-08-06T12:58:36.804Z,411.3
2026-08-06T12:58:51.811Z,411.3
2026-08-06T12:59:06.916Z,408.01
2026-08-06T12:59:26.969Z,408.01
2026-08-06T12:59:42.05Z,408.01
2026-08-06T12:59:58.123Z,385.91
2026-08-06T13:00:12.265Z,385.91
2026-08-06T13:00:27.277Z,385.3
2026-08-06T13:00:42.414Z,385.3
2026-08-06T13:00:57.435Z,386.27
2026-08-06T13:01:17.552Z,386.27
2026-08-06T13:01:37Z,386.14
2026-08-06T13:01:37.592Z,386.14
2026-08-06T13:02:06.257Z,386.14
2026-08-06T13:02:10.04Z,385.82
2026-08-06T13:02:27.901Z,385.09
2026-08-06T13:02:42.957Z,385.09
2026-08-06T13:02:58.03Z,385.09
2026-08-06T13:03:13.108Z,380.2
2026-08-06T13:03:28.195Z,380.2
2026-08-06T13:03:43.417Z,379.06
2026-08-06T13:03:58.555Z,379.06
2026-08-06T13:04:13.542Z,379.06
2026-08-06T13:04:33.6Z,379.77
2026-08-06T13:04:48.707Z,379.77
2026-08-06T13:05:09.356Z,379.77
2026-08-06T13:05:23.886Z,378.78
2026-08-06T13:05:45.178Z,375.79
2026-08-06T13:05:59.057Z,375.79
2026-08-06T13:06:14.106Z,375.79
2026-08-06T13:06:33Z,381.27
2026-08-06T13:06:34.236Z,381.27
2026-08-06T13:06:52.903Z,381.27
2026-08-06T13:07:04.319Z,388.73
2026-08-06T13:07:19.463Z,388.73
2026-08-06T13:07:40.014Z,391.32
2026-08-06T13:08:00.004Z,429.67
2026-08-06T13:08:14.597Z,429.67
2026-08-06T13:08:29.848Z,429.67
2026-08-06T13:08:49.764Z,413.69
2026-08-06T13:09:04.815Z,413.69
2026-08-06T13:09:24.922Z,422.97
2026-08-06T13:09:40.27Z,422.97
2026-08-06T13:10:00.116Z,428.76
2026-08-06T13:10:15.181Z,428.76
2026-08-06T13:10:30.263Z,428.76
2026-08-06T13:10:45.324Z,428.76
2026-08-06T13:11:05.404Z,431.18
2026-08-06T13:11:25.43Z,430.07
2026-08-06T13:11:45Z,430.07
2026-08-06T13:11:46.134Z,430.07
2026-08-06T13:12:07.183Z,427.53
2026-08-06T13:12:15.747Z,427.53
2026-08-06T13:12:30.827Z,428.27
2026-08-06T13:12:45.894Z,428.27
2026-08-06T13:13:02.568Z,430.05
2026-08-06T13:13:16.068Z,430.05
2026-08-06T13:13:31.16Z,430.75
2026-08-06T13:13:53.636Z,430.75
2026-08-06T13:14:06.311Z,429.68
2026-08-06T13:14:26.391Z,428.2
2026-08-06T13:14:46.473Z,428.2
2026-08-06T13:15:08.062Z,423.73
2026-08-06T13:15:16.596Z,423.73
2026-08-06T13:15:37.399Z,423.73
2026-08-06T13:15:51.749Z,421.17
2026-08-06T13:16:06.829Z,421.17
2026-08-06T13:16:21.902Z,421.54
2026-08-06T13:16:41Z,421.54
2026-08-06T13:16:41.972Z,421.54
2026-08-06T13:16:57.044Z,421.54
2026-08-06T13:17:12.118Z,421.54
2026-08-06T13:17:27.218Z,421.54
2026-08-06T13:17:47.335Z,421.52
2026-08-06T13:18:03.069Z,420.45
2026-08-06T13:18:17.441Z,420.45
2026-08-06T13:18:37.544Z,420.14
2026-08-06T13:18:52.597Z,420.14
2026-08-06T13:19:12.698Z,418.39
2026-08-06T13:19:28.196Z,418.39
2026-08-06T13:19:42.882Z,415.37
2026-08-06T13:20:10.922Z,415.37
2026-08-06T13:20:23.045Z,410.52
2026-08-06T13:20:38.136Z,410.52
2026-08-06T13:20:53.225Z,409.95
2026-08-06T13:21:14.249Z,409.95
2026-08-06T13:21:28.324Z,409.45
2026-08-06T13:21:43Z,409.45
2026-08-06T13:21:43.399Z,409.45
2026-08-06T13:21:58.477Z,409.45
2026-08-06T13:22:13.729Z,409.45
2026-08-06T13:22:28.647Z,407.75
2026-08-06T13:22:43.721Z,407.75
2026-08-06T13:22:58.857Z,408.11
2026-08-06T13:23:15.347Z,408.11
2026-08-06T13:23:28.954Z,405.22
2026-08-06T13:23:49.043Z,403.43
2026-08-06T13:24:09.482Z,403.43
2026-08-06T13:24:24.261Z,400.38
2026-08-06T13:24:44.357Z,400.38
2026-08-06T13:24:59.386Z,400.38
2026-08-06T13:25:19.485Z,396.8
2026-08-06T13:25:34.939Z,395.95
2026-08-06T13:25:50.271Z,395.95
2026-08-06T13:26:04.695Z,395.95
2026-08-06T13:26:19.785Z,390.44
2026-08-06T13:26:37.549Z,387.53
2026-08-06T13:26:49Z,387.53
2026-08-06T13:26:50.757Z,387.53
2026-08-06T13:27:05.041Z,387.53
2026-08-06T13:27:20.175Z,387.53
2026-08-06T13:27:35.229Z,378.63
2026-08-06T13:27:50.287Z,378.63
2026-08-06T13:28:10.387Z,375.39
2026-08-06T13:28:30.45Z,376.12
2026-08-06T13:28:45.542Z,376.12
2026-08-06T13:29:05.598Z,377.53
2026-08-06T13:29:20.664Z,377.53
2026-08-06T13:29:40.768Z,379.89
2026-08-06T13:29:56.151Z,379.89
2026-08-06T13:30:15.888Z,380.6
2026-08-06T13:30:31.01Z,380.6
2026-08-06T13:30:46.096Z,380.6
2026-08-06T13:31:03.214Z,371.98
2026-08-06T13:31:21.236Z,371.98
2026-08-06T13:31:40Z,366.45
2026-08-06T13:31:41.36Z,366.45
2026-08-06T13:31:56.609Z,366.45
2026-08-06T13:32:11.47Z,364.21
2026-08-06T13:32:26.578Z,364.21
2026-08-06T13:32:41.64Z,359.3
2026-08-06T13:32:57.908Z,356.82
2026-08-06T13:33:16.757Z,356.82
2026-08-06T13:33:36.862Z,356.82
2026-08-06T13:33:51.947Z,350.42
2026-08-06T13:34:07.067Z,350.42
2026-08-06T13:34:23.287Z,350.42
2026-08-06T13:34:37.207Z,345.93
2026-08-06T13:34:52.256Z,345.93
2026-08-06T13:35:08.6Z,340.06
2026-08-06T13:35:24.526Z,340.06
2026-08-06T13:35:42.499Z,336.4
2026-08-06T13:36:02.777Z,328.92
2026-08-06T13:36:19.231Z,328.92
2026-08-06T13:36:32.745Z,323.17
2026-08-06T13:36:52Z,323.17
2026-08-06T13:36:52.811Z,323.17
2026-08-06T13:37:07.882Z,323.17
2026-08-06T13:37:22.971Z,323.17
2026-08-06T13:37:43.062Z,300.43
2026-08-06T13:37:58.158Z,295.82
2026-08-06T13:38:13.213Z,295.82
2026-08-06T13:38:33.278Z,295.82
2026-08-06T13:38:48.492Z,295.82
2026-08-06T13:39:03.47Z,281.06
2026-08-06T13:39:18.545Z,281.06
2026-08-06T13:39:33.814Z,281.06
2026-08-06T13:39:48.695Z,277.96
2026-08-06T13:40:09.214Z,277.96
2026-08-06T13:40:23.857Z,277.96
2026-08-06T13:40:38.953Z,282.21
2026-08-06T13:40:54.05Z,282.21
2026-08-06T13:41:09.181Z,282.21
2026-08-06T13:41:24.212Z,282.57
2026-08-06T13:41:43Z,281.16
2026-08-06T13:41:45.266Z,281.16
2026-08-06T13:42:04.387Z,281.16
2026-08-06T13:42:19.477Z,281.16
2026-08-06T13:42:34.823Z,280.75
2026-08-06T13:42:49.638Z,280.75
2026-08-06T13:43:04.745Z,297.01
2026-08-06T13:43:19.936Z,297.01
2026-08-06T13:43:34.851Z,309.56
2026-08-06T13:43:49.917Z,330.96
2026-08-06T13:44:05.008Z,330.96
2026-08-06T13:44:20.116Z,330.96
2026-08-06T13:44:35.132Z,340.64
2026-08-06T13:44:55.229Z,340.64
2026-08-06T13:45:10.839Z,340.64
2026-08-06T13:45:25.417Z,340.64
2026-08-06T13:45:40.476Z,340.64
2026-08-06T13:45:55.525Z,340.64
2026-08-06T13:46:10.765Z,339.0
2026-08-06T13:46:25.896Z,337.68
2026-08-06T13:46:45Z,337.68
2026-08-06T13:46:45.833Z,337.68
2026-08-06T13:47:02.591Z,337.68
2026-08-06T13:47:20.968Z,332.84
2026-08-06T13:47:41.825Z,332.84
2026-08-06T13:47:56.147Z,328.45
2026-08-06T13:48:11.21Z,328.45
2026-08-06T13:48:26.348Z,321.89
2026-08-06T13:48:43.427Z,321.89
2026-08-06T13:49:02.642Z,316.27
2026-08-06T13:49:16.52Z,316.27
2026-08-06T13:49:36.606Z,314.15
2026-08-06T13:49:51.693Z,314.15
2026-08-06T13:50:12.436Z,314.15
2026-08-06T13:50:26.836Z,314.15
2026-08-06T13:50:41.896Z,314.15
2026-08-06T13:50:57.24Z,306.71
2026-08-06T13:51:17.506Z,306.71
2026-08-06T13:51:32.235Z,306.71
2026-08-06T13:51:51Z,305.19
2026-08-06T13:51:52.309Z,305.19
2026-08-06T13:52:09.395Z,305.19
2026-08-06T13:52:27.501Z,305.39
2026-08-06T13:52:47.783Z,305.39
2026-08-06T13:53:07.642Z,305.39
2026-08-06T13:53:23.107Z,306.17
2026-08-06T13:53:37.894Z,306.17
2026-08-06T13:53:58.011Z,306.01
2026-08-06T13:54:18.103Z,306.01
2026-08-06T13:54:33.13Z,306.01
2026-08-06T13:54:48.199Z,304.45
2026-08-06T13:55:11.56Z,304.36
2026-08-06T13:55:18.37Z,304.36
2026-08-06T13:55:33.427Z,304.54
2026-08-06T13:55:48.557Z,304.54
2026-08-06T13:56:08.615Z,304.54
2026-08-06T13:56:28.707Z,304.54
2026-08-06T13:56:43.786Z,304.54
2026-08-06T13:56:58Z,303.76
2026-08-06T13:56:58.881Z,303.76
2026-08-06T13:57:13.941Z,303.76
2026-08-06T13:57:34.015Z,303.76
2026-08-06T13:57:54.1Z,304.48
2026-08-06T13:58:14.498Z,304.48
2026-08-06T13:58:34.329Z,302.15
2026-08-06T13:58:54.378Z,299.04
2026-08-06T13:59:14.438Z,299.04
2026-08-06T13:59:34.525Z,299.04
2026-08-06T13:59:49.595Z,299.04
2026-08-06T14:00:11.849Z,299.04
2026-08-06T14:00:19.827Z,255.57
2026-08-06T14:00:34.852Z,247.96
2026-08-06T14:00:49.94Z,247.96
2026-08-06T14:01:05.036Z,242.5
2026-08-06T14:01:25.076Z,234.89
2026-08-06T14:01:45.132Z,234.89
2026-08-06T14:01:59Z,234.89
2026-08-06T14:02:00.242Z,234.89
2026-08-06T14:02:16.009Z,224.44
2026-08-06T14:02:35.343Z,224.44
2026-08-06T14:02:50.442Z,222.56
2026-08-06T14:03:05.506Z,222.56
2026-08-06T14:03:25.58Z,225.87
2026-08-06T14:03:45.631Z,227.86
2026-08-06T14:04:05.722Z,227.86
2026-08-06T14:04:25.816Z,227.86
2026-08-06T14:04:45.885Z,227.86
2026-08-06T14:05:11.592Z,498.88
2026-08-06T14:05:21.07Z,470.46
2026-08-06T14:05:36.146Z,470.46
2026-08-06T14:05:56.228Z,470.46
2026-08-06T14:06:11.322Z,470.46
2026-08-06T14:06:26.371Z,396.43
2026-08-06T14:06:47.358Z,392.5
2026-08-06T14:07:01Z,392.5
2026-08-06T14:07:02.848Z,392.5
2026-08-06T14:07:21.148Z,392.5
2026-08-06T14:07:31.726Z,392.5
2026-08-06T14:07:46.823Z,392.5
2026-08-06T14:08:06.1Z,392.5
2026-08-06T14:08:16.955Z,475.06
2026-08-06T14:08:37.03Z,475.06
2026-08-06T14:08:52.122Z,499.52
2026-08-06T14:09:14.918Z,499.52
2026-08-06T14:09:27.265Z,515.7
2026-08-06T14:09:42.339Z,550.68
2026-08-06T14:09:57.418Z,550.68
2026-08-06T14:10:15.998Z,559.34
2026-08-06T14:10:27.755Z,565.34
2026-08-06T14:10:42.705Z,565.34
2026-08-06T14:10:57.712Z,565.34
2026-08-06T14:11:12.796Z,565.34
2026-08-06T14:11:32.84Z,565.34
2026-08-06T14:11:52Z,565.34
2026-08-06T14:11:53.043Z,565.34
2026-08-06T14:12:23.052Z,565.34
2026-08-06T14:12:28.52Z,263.2
2026-08-06T14:12:38.229Z,263.2
2026-08-06T14:12:53.285Z,263.2
2026-08-06T14:13:08.697Z,272.58
2026-08-06T14:13:23.52Z,272.58
2026-08-06T14:13:43.583Z,275.83
2026-08-06T14:13:58.774Z,275.83
2026-08-06T14:14:15.587Z,275.83
2026-08-06T14:14:33.79Z,267.98
2026-08-06T14:14:48.867Z,267.98
2026-08-06T14:15:09.981Z,267.55
2026-08-06T14:15:29.401Z,267.55
2026-08-06T14:15:44.147Z,263.53
2026-08-06T14:15:59.224Z,254.23
2026-08-06T14:16:14.301Z,254.23
2026-08-06T14:16:29.356Z,249.95
2026-08-06T14:16:44.407Z,249.95
2026-08-06T14:16:59Z,249.08
2026-08-06T14:16:59.49Z,249.08
2026-08-06T14:17:15.844Z,249.08
2026-08-06T14:17:29.634Z,249.08
2026-08-06T14:17:44.698Z,245.15
2026-08-06T14:17:59.818Z,245.15
2026-08-06T14:18:14.843Z,241.7
2026-08-06T14:18:29.934Z,241.7
2026-08-06T14:18:50.025Z,241.7
2026-08-06T14:19:05.095Z,241.7
2026-08-06T14:19:20.161Z,241.7
2026-08-06T14:19:40.282Z,235.58
2026-08-06T14:19:55.405Z,235.58
2026-08-06T14:20:11.472Z,235.58
2026-08-06T14:20:25.543Z,235.58
2026-08-06T14:20:40.885Z,235.58
2026-08-06T14:21:02.569Z,235.58
2026-08-06T14:21:15.767Z,235.58
2026-08-06T14:21:30.855Z,235.58
2026-08-06T14:21:50.917Z,235.58
2026-08-06T14:22:05Z,235.58
2026-08-06T14:22:07.238Z,235.58
2026-08-06T14:22:21.154Z,234.72
2026-08-06T14:22:36.241Z,234.72
2026-08-06T14:22:51.324Z,235.06
2026-08-06T14:23:06.389Z,235.06
2026-08-06T14:23:26.441Z,235.06
2026-08-06T14:23:41.534Z,235.06
2026-08-06T14:24:02.848Z,235.06
2026-08-06T14:24:21.666Z,235.74
2026-08-06T14:24:36.764Z,235.74
2026-08-06T14:24:56.843Z,235.5
2026-08-06T14:25:13.101Z,235.5
2026-08-06T14:25:26.982Z,237.34
2026-08-06T14:25:42.071Z,237.34
2026-08-06T14:25:57.164Z,237.08
2026-08-06T14:26:17.22Z,237.08
2026-08-06T14:26:32.295Z,237.08
2026-08-06T14:26:47.368Z,237.08
2026-08-06T14:27:02Z,237.08
2026-08-06T14:27:02.872Z,237.08
2026-08-06T14:27:17.599Z,238.18
2026-08-06T14:27:32.617Z,238.18
2026-08-06T14:27:47.688Z,238.18
2026-08-06T14:28:02.939Z,238.85
2026-08-06T14:28:17.887Z,238.85
2026-08-06T14:28:37.917Z,238.85
2026-08-06T14:28:58.026Z,238.85
2026-08-06T14:29:18.072Z,238.73
2026-08-06T14:29:33.187Z,238.43
2026-08-06T14:29:53.273Z,236.72
2026-08-06T14:30:14.563Z,236.72
2026-08-06T14:30:28.409Z,237.05
2026-08-06T14:30:43.547Z,237.05
2026-08-06T14:30:58.599Z,237.05
2026-08-06T14:31:18.669Z,237.05
2026-08-06T14:31:38.74Z,230.49
2026-08-06T14:31:53.835Z,228.35
2026-08-06T14:32:08Z,228.35
2026-08-06T14:32:08.928Z,228.35
2026-08-06T14:32:24.557Z,228.35
2026-08-06T14:32:39.125Z,225.9
2026-08-06T14:32:54.153Z,225.9
2026-08-06T14:33:14.223Z,225.9
2026-08-06T14:33:29.308Z,226.36
2026-08-06T14:33:44.369Z,226.36
2026-08-06T14:33:59.487Z,227.93
2026-08-06T14:34:14.54Z,227.93
2026-08-06T14:34:29.665Z,227.93
2026-08-06T14:34:44.766Z,227.93
2026-08-06T14:34:59.826Z,228.93
2026-08-06T14:35:14.913Z,231.14
2026-08-06T14:35:36.838Z,231.14
2026-08-06T14:35:50.12Z,232.67
2026-08-06T14:36:05.163Z,232.67
2026-08-06T14:36:20.234Z,238.52
2026-08-06T14:36:35.296Z,238.52
2026-08-06T14:36:50.515Z,238.52
2026-08-06T14:37:10Z,288.3
2026-08-06T14:37:10.495Z,288.3
2026-08-06T14:37:25.569Z,288.3
2026-08-06T14:37:41.52Z,288.3
2026-08-06T14:37:56.544Z,324.3
2026-08-06T14:38:15.765Z,340.34
2026-08-06T14:38:35.844Z,340.34
2026-08-06T14:38:50.91Z,347.7
2026-08-06T14:39:06.053Z,347.7
2026-08-06T14:39:21.133Z,340.68
2026-08-06T14:39:41.198Z,329.38
2026-08-06T14:39:56.257Z,329.38
2026-08-06T14:40:13.574Z,321.63
2026-08-06T14:40:26.481Z,321.63
2026-08-06T14:40:46.537Z,321.63
2026-08-06T14:41:05.018Z,321.63
2026-08-06T14:41:17.481Z,299.42
2026-08-06T14:41:36.747Z,296.35
2026-08-06T14:41:51.811Z,296.35
2026-08-06T14:42:11Z,292.4
2026-08-06T14:42:11.923Z,292.4
2026-08-06T14:42:26.986Z,292.4
2026-08-06T14:42:47.059Z,292.4
2026-08-06T14:43:03.103Z,287.16
2026-08-06T14:43:17.209Z,287.16
2026-08-06T14:43:32.283Z,280.8
2026-08-06T14:43:47.361Z,280.8
2026-08-06T14:44:02.936Z,278.89
2026-08-06T14:44:17.502Z,278.89
2026-08-06T14:44:32.59Z,277.22
2026-08-06T14:44:47.662Z,277.22
2026-08-06T14:45:08.006Z,277.22
2026-08-06T14:45:27.868Z,279.14
2026-08-06T14:45:47.903Z,279.14
2026-08-06T14:46:03.656Z,282.5
2026-08-06T14:46:23.063Z,282.5
2026-08-06T14:46:38.152Z,282.5
2026-08-06T14:46:53.451Z,282.5
2026-08-06T14:47:07Z,293.39
2026-08-06T14:47:08.745Z,293.39
2026-08-06T14:47:23.348Z,293.39
2026-08-06T14:47:43.436Z,293.39
2026-08-06T14:48:03.527Z,297.43
2026-08-06T14:48:23.599Z,297.43
2026-08-06T14:48:43.668Z,301.27
2026-08-06T14:48:58.818Z,301.27
2026-08-06T14:49:13.918Z,301.27
2026-08-06T14:49:28.972Z,300.33
2026-08-06T14:49:44.097Z,300.33
2026-08-06T14:49:59.136Z,296.95
2026-08-06T14:50:19.202Z,296.95
2026-08-06T14:50:34.269Z,283.86
2026-08-06T14:50:54.345Z,283.86
2026-08-06T14:51:10.036Z,283.86
2026-08-06T14:51:24.569Z,269.18
2026-08-06T14:51:44.598Z,260.05
2026-08-06T14:51:59.735Z,260.05
2026-08-06T14:52:14Z,260.05
2026-08-06T14:52:18.197Z,260.05
2026-08-06T14:52:29.844Z,262.17
2026-08-06T14:52:44.914Z,262.17
2026-08-06T14:53:04.986Z,271.86
2026-08-06T14:53:20.094Z,271.86
2026-08-06T14:53:35.178Z,276.46
2026-08-06T14:53:50.245Z,276.46
2026-08-06T14:54:11.258Z,276.46
2026-08-06T14:54:25.414Z,288.09
2026-08-06T14:54:40.477Z,288.09
2026-08-06T14:54:55.536Z,289.14
2026-08-06T14:55:11.338Z,289.14
2026-08-06T14:55:25.71Z,289.14
2026-08-06T14:55:40.792Z,291.83
2026-08-06T14:55:55.872Z,292.42
2026-08-06T14:56:15.992Z,292.42
2026-08-06T14:56:31.068Z,294.0
2026-08-06T14:56:53.281Z,294.0
2026-08-06T14:57:10Z,295.85
2026-08-06T14:57:11.213Z,295.85
2026-08-06T14:57:26.288Z,295.85
2026-08-06T14:57:41.727Z,298.67
2026-08-06T14:57:56.739Z,298.67
2026-08-06T14:58:11.531Z,298.67
2026-08-06T14:58:26.616Z,298.67
2026-08-06T14:58:41.847Z,302.29
2026-08-06T14:58:57.472Z,302.29
2026-08-06T14:59:11.884Z,303.2
2026-08-06T14:59:31.946Z,303.2
2026-08-06T14:59:47.884Z,305.35
2026-08-06T15:00:10.828Z,305.35
2026-08-06T15:00:17.775Z,307.76
2026-08-06T15:00:37.268Z,307.76
2026-08-06T15:00:52.448Z,308.47
2026-08-06T15:01:07.468Z,308.57
2026-08-06T15:01:22.615Z,308.57
2026-08-06T15:01:37.63Z,308.44
2026-08-06T15:01:52.716Z,308.44
2026-08-06T15:02:12Z,304.91
2026-08-06T15:02:12.772Z,304.91
2026-08-06T15:02:28.061Z,304.91
2026-08-06T15:02:42.96Z,303.08
2026-08-06T15:02:58.035Z,303.08
2026-08-06T15:03:13.108Z,303.08
2026-08-06T15:03:28.178Z,297.08
2026-08-06T15:03:44.191Z,297.08
2026-08-06T15:03:58.425Z,297.08
2026-08-06T15:04:13.492Z,297.08
2026-08-06T15:04:28.54Z,294.55
2026-08-06T15:04:43.63Z,294.55
2026-08-06T15:04:58.846Z,294.55
2026-08-06T15:05:18.807Z,294.55
2026-08-06T15:05:33.894Z,293.15
2026-08-06T15:05:49.005Z,293.15
2026-08-06T15:06:09.092Z,293.15
2026-08-06T15:06:24.266Z,295.64
2026-08-06T15:06:44.235Z,295.64
2026-08-06T15:07:05.305Z,295.64
2026-08-06T15:07:18Z,305.21
2026-08-06T15:07:19.839Z,305.21
2026-08-06T15:07:35.384Z,308.36
2026-08-06T15:07:49.541Z,308.36
2026-08-06T15:08:04.744Z,308.36
2026-08-06T15:08:19.695Z,308.36
2026-08-06T15:08:34.802Z,317.03
2026-08-06T15:08:49.933Z,317.03
2026-08-06T15:09:05.026Z,320.08
2026-08-06T15:09:20.487Z,320.08
2026-08-06T15:09:35.135Z,320.08
2026-08-06T15:09:50.231Z,320.08
2026-08-06T15:10:11.055Z,317.91
2026-08-06T15:10:20.384Z,317.91
2026-08-06T15:10:35.48Z,315.36
2026-08-06T15:10:50.524Z,315.36
2026-08-06T15:11:10.623Z,313.25
2026-08-06T15:11:25.691Z,313.25
2026-08-06T15:11:45.783Z,305.64
2026-08-06T15:12:03.262Z,305.64
2026-08-06T15:12:15Z,299.7
2026-08-06T15:12:15.919Z,299.7
2026-08-06T15:12:31.012Z,299.7
2026-08-06T15:12:51.087Z,299.7
2026-08-06T15:13:06.16Z,295.0
2026-08-06T15:13:21.284Z,295.0
2026-08-06T15:13:36.359Z,295.0
2026-08-06T15:13:56.403Z,293.35
2026-08-06T15:14:11.449Z,293.35
2026-08-06T15:14:31.545Z,295.43
2026-08-06T15:14:46.621Z,296.88
2026-08-06T15:15:11.619Z,296.88
2026-08-06T15:15:16.783Z,296.88
2026-08-06T15:15:31.852Z,298.49
2026-08-06T15:15:52.005Z,298.35
2026-08-06T15:16:07.043Z,298.35
2026-08-06T15:16:27.156Z,300.84
2026-08-06T15:16:43.282Z,300.84
2026-08-06T15:17:02.806Z,305.66
2026-08-06T15:17:16Z,309.25
2026-08-06T15:17:17.372Z,309.25
2026-08-06T15:17:37.407Z,309.25
2026-08-06T15:17:52.515Z,309.25
2026-08-06T15:18:07.576Z,315.07
2026-08-06T15:18:22.716Z,317.56
2026-08-06T15:18:42.967Z,317.56
2026-08-06T15:18:57.912Z,317.56
2026-08-06T15:19:12.986Z,317.56
2026-08-06T15:19:28.077Z,317.56
2026-08-06T15:19:43.153Z,313.18
2026-08-06T15:19:58.31Z,313.18
2026-08-06T15:20:13.492Z,313.18
2026-08-06T15:20:28.449Z,313.18
2026-08-06T15:20:43.587Z,313.18
2026-08-06T15:20:58.607Z,311.89
2026-08-06T15:21:13.699Z,311.89
2026-08-06T15:21:33.767Z,311.89
2026-08-06T15:21:53.841Z,311.89
2026-08-06T15:22:08.935Z,303.91
2026-08-06T15:22:23Z,303.91
2026-08-06T15:22:24.032Z,303.91
2026-08-06T15:22:39.102Z,303.91
2026-08-06T15:22:54.206Z,303.91
2026-08-06T15:23:14.25Z,296.72
2026-08-06T15:23:29.325Z,296.72
2026-08-06T15:23:44.622Z,295.72
2026-08-06T15:23:59.529Z,295.72
2026-08-06T15:24:19.55Z,299.29
2026-08-06T15:24:39.64Z,301.07
2026-08-06T15:24:54.705Z,301.07
2026-08-06T15:25:14.804Z,305.07
2026-08-06T15:25:35.538Z,305.07
2026-08-06T15:25:49.99Z,305.07
2026-08-06T15:26:05.066Z,307.86
2026-08-06T15:26:25.174Z,307.86
2026-08-06T15:26:45.39Z,314.38
2026-08-06T15:27:00.304Z,315.72
2026-08-06T15:27:14Z,315.72
2026-08-06T15:27:15.408Z,315.72
2026-08-06T15:27:30.469Z,316.3
2026-08-06T15:27:45.581Z,316.3
2026-08-06T15:28:02.493Z,316.3
2026-08-06T15:28:15.791Z,318.86
2026-08-06T15:28:30.859Z,318.86
2026-08-06T15:28:45.936Z,318.86
2026-08-06T15:29:02.743Z,318.86
2026-08-06T15:29:16.097Z,318.86
2026-08-06T15:29:31.183Z,315.48
2026-08-06T15:29:51.823Z,315.48
2026-08-06T15:30:11.506Z,309.72
2026-08-06T15:30:26.413Z,304.2
2026-08-06T15:30:41.572Z,304.2
2026-08-06T15:30:56.684Z,301.84
2026-08-06T15:31:16.716Z,301.84
2026-08-06T15:31:38.748Z,301.84
2026-08-06T15:31:51.857Z,301.84
2026-08-06T15:32:11Z,295.46
2026-08-06T15:32:11.934Z,295.46
2026-08-06T15:32:32.015Z,295.46
2026-08-06T15:32:48.88Z,295.46
2026-08-06T15:33:02.866Z,295.46
2026-08-06T15:33:17.321Z,295.56
2026-08-06T15:33:32.404Z,295.56
2026-08-06T15:33:52.491Z,299.19
2026-08-06T15:34:07.565Z,299.19
2026-08-06T15:34:22.675Z,299.19
2026-08-06T15:34:37.715Z,303.27
2026-08-06T15:34:57.761Z,303.27
2026-08-06T15:35:12.863Z,308.03
2026-08-06T15:35:33.063Z,310.9
2026-08-06T15:35:48.039Z,310.9
2026-08-06T15:36:08.139Z,315.57
2026-08-06T15:36:23.207Z,315.57
2026-08-06T15:36:38.303Z,318.24
2026-08-06T15:36:53.37Z,318.24
2026-08-06T15:37:13Z,318.24
2026-08-06T15:37:13.476Z,318.24
2026-08-06T15:37:33.526Z,318.24
2026-08-06T15:37:53.62Z,327.81
2026-08-06T15:38:08.7Z,327.81
2026-08-06T15:38:28.79Z,327.04
2026-08-06T15:38:49.666Z,327.04
2026-08-06T15:39:03.934Z,325.03
2026-08-06T15:39:19.036Z,317.18
2026-08-06T15:39:34.098Z,317.18
2026-08-06T15:39:49.192Z,308.17
2026-08-06T15:40:10.564Z,308.17
2026-08-06T15:40:25.773Z,308.17
2026-08-06T15:40:39.535Z,279.39
2026-08-06T15:40:54.619Z,279.39
2026-08-06T15:41:14.683Z,264.39
2026-08-06T15:41:30.142Z,264.39
2026-08-06T15:41:44.898Z,261.14
2026-08-06T15:42:04.942Z,265.91
2026-08-06T15:42:19Z,265.91
2026-08-06T15:42:20.024Z,265.91
2026-08-06T15:42:35.166Z,265.91
2026-08-06T15:42:50.249Z,279.15
2026-08-06T15:43:05.433Z,279.15
2026-08-06T15:43:25.343Z,294.14
2026-08-06T15:43:45.426Z,294.14
2026-08-06T15:44:01.404Z,299.97
2026-08-06T15:44:15.575Z,299.97
2026-08-06T15:44:35.629Z,305.13
2026-08-06T15:44:50.707Z,305.13
2026-08-06T15:45:09.467Z,310.98
2026-08-06T15:45:20.947Z,310.98
2026-08-06T15:45:35.987Z,310.98
2026-08-06T15:45:51.071Z,316.23
2026-08-06T15:46:06.167Z,316.23
2026-08-06T15:46:26.229Z,317.73
2026-08-06T15:46:41.339Z,317.73
2026-08-06T15:46:56.398Z,317.73
2026-08-06T15:47:11.719Z,313.31
2026-08-06T15:47:26Z,313.31
2026-08-06T15:47:26.585Z,313.31
2026-08-06T15:47:41.653Z,311.37
2026-08-06T15:47:56.704Z,311.37
2026-08-06T15:48:11.824Z,311.37
2026-08-06T15:48:26.884Z,311.37
2026-08-06T15:48:41.975Z,302.92
2026-08-06T15:48:57.062Z,302.92
2026-08-06T15:49:17.162Z,302.92
2026-08-06T15:49:32.245Z,292.44
2026-08-06T15:49:47.312Z,292.44
2026-08-06T15:50:11.525Z,290.11
2026-08-06T15:50:17.527Z,290.11
2026-08-06T15:50:33.037Z,290.11
2026-08-06T15:50:47.674Z,290.11
2026-08-06T15:51:02.932Z,293.24
2026-08-06T15:51:17.851Z,293.24
2026-08-06T15:51:32.936Z,296.76
2026-08-06T15:51:49.398Z,296.76
2026-08-06T15:52:03.09Z,296.76
2026-08-06T15:52:18.121Z,297.75
2026-08-06T15:52:32Z,297.75
2026-08-06T15:52:33.21Z,297.75
2026-08-06T15:52:49.469Z,298.25
2026-08-06T15:53:04.008Z,298.25
2026-08-06T15:53:18.495Z,298.25
2026-08-06T15:53:33.587Z,298.25
2026-08-06T15:53:48.635Z,298.53
2026-08-06T15:54:03.707Z,298.53
2026-08-06T15:54:18.788Z,294.74
2026-08-06T15:54:33.913Z,296.04
2026-08-06T15:54:54.932Z,296.04
2026-08-06T15:55:12.732Z,292.23
2026-08-06T15:55:24.092Z,292.23
2026-08-06T15:55:39.453Z,292.23
2026-08-06T15:55:54.262Z,294.28
2026-08-06T15:56:14.315Z,294.28
2026-08-06T15:56:29.396Z,294.28
2026-08-06T15:56:44.524Z,245.16
2026-08-06T15:56:59.55Z,245.16
2026-08-06T15:57:14.64Z,245.16
2026-08-06T15:57:29Z,245.16
2026-08-06T15:57:29.702Z,245.16
2026-08-06T15:57:44.843Z,265.26
2026-08-06T15:57:59.926Z,265.26
2026-08-06T15:58:20.026Z,265.26
2026-08-06T15:58:40.103Z,265.26
2026-08-06T15:59:00.175Z,265.26
2026-08-06T15:59:15.245Z,246.08
2026-08-06T15:59:35.31Z,246.08
2026-08-06T15:59:50.657Z,270.64
2026-08-06T16:00:12.664Z,270.64
2026-08-06T16:00:26.728Z,270.64
2026-08-06T16:00:45.707Z,238.93
2026-08-06T16:01:05.743Z,238.93
2026-08-06T16:01:25.833Z,282.33
2026-08-06T16:01:40.914Z,282.33
2026-08-06T16:02:02.63Z,282.33
2026-08-06T16:02:21.996Z,282.33
2026-08-06T16:02:35Z,282.33
2026-08-06T16:02:36.147Z,282.33
2026-08-06T16:02:56.274Z,272.73
2026-08-06T16:03:11.311Z,272.73
2026-08-06T16:03:26.399Z,271.77
2026-08-06T16:03:46.528Z,271.77
2026-08-06T16:04:02.694Z,255.29
2026-08-06T16:04:16.628Z,255.29
2026-08-06T16:04:31.729Z,257.4
2026-08-06T16:04:46.798Z,257.4
2026-08-06T16:05:12.059Z,262.67
2026-08-06T16:05:22.054Z,262.67
2026-08-06T16:05:37.133Z,266.57
2026-08-06T16:05:53.547Z,266.57
2026-08-06T16:06:07.263Z,256.34
2026-08-06T16:06:22.356Z,256.34
2026-08-06T16:06:37.424Z,256.34
2026-08-06T16:06:52.488Z,257.74
2026-08-06T16:07:07.567Z,258.18
2026-08-06T16:07:22Z,258.18
2026-08-06T16:07:22.695Z,258.18
2026-08-06T16:07:42.846Z,250.09
2026-08-06T16:07:57.888Z,250.09
2026-08-06T16:08:13.075Z,250.09
2026-08-06T16:08:28.022Z,293.43
2026-08-06T16:08:43.776Z,324.23
2026-08-06T16:08:58.154Z,324.23
2026-08-06T16:09:18.339Z,324.23
2026-08-06T16:09:33.312Z,331.04
2026-08-06T16:09:48.451Z,333.01
2026-08-06T16:10:12.129Z,333.01
2026-08-06T16:10:18.616Z,333.01
2026-08-06T16:10:33.691Z,333.77
2026-08-06T16:10:53.766Z,332.89
2026-08-06T16:11:13.909Z,332.89
2026-08-06T16:11:34.013Z,327.86
2026-08-06T16:11:48.987Z,327.86
2026-08-06T16:12:04.356Z,327.86
2026-08-06T16:12:23Z,327.86
2026-08-06T16:12:24.246Z,327.86
2026-08-06T16:12:44.355Z,303.84
2026-08-06T16:13:04.348Z,305.17
2026-08-06T16:13:24.625Z,305.17
2026-08-06T16:13:39.642Z,309.43
2026-08-06T16:14:03.215Z,309.43
2026-08-06T16:14:15.109Z,306.39
2026-08-06T16:14:29.705Z,306.39
2026-08-06T16:14:44.845Z,306.39
2026-08-06T16:14:59.876Z,303.17
2026-08-06T16:15:15.728Z,303.17
2026-08-06T16:15:35.085Z,301.94
2026-08-06T16:15:55.191Z,302.13
2026-08-06T16:16:15.207Z,304.38
2026-08-06T16:16:30.265Z,304.38
2026-08-06T16:16:45.342Z,305.39
2026-08-06T16:17:00.529Z,305.39
2026-08-06T16:17:15.551Z,306.13
2026-08-06T16:17:35Z,306.13
2026-08-06T16:17:35.633Z,306.13
2026-08-06T16:17:50.712Z,304.61
2026-08-06T16:18:06.388Z,304.61
2026-08-06T16:18:20.865Z,304.61
2026-08-06T16:18:35.927Z,304.61
2026-08-06T16:18:56.027Z,302.51
2026-08-06T16:19:11.079Z,302.51
2026-08-06T16:19:26.231Z,299.08
2026-08-06T16:19:46.316Z,299.08
2026-08-06T16:20:08.633Z,292.97
2026-08-06T16:20:16.501Z,292.97
2026-08-06T16:20:31.529Z,292.97
2026-08-06T16:20:46.646Z,274.56
2026-08-06T16:21:02.966Z,274.56
2026-08-06T16:21:21.772Z,241.16
2026-08-06T16:21:41.842Z,241.16
2026-08-06T16:21:56.961Z,241.16
2026-08-06T16:22:12.07Z,261.65
2026-08-06T16:22:31Z,263.24
2026-08-06T16:22:32.088Z,263.24
2026-08-06T16:22:47.214Z,263.24
2026-08-06T16:23:03.227Z,263.24
2026-08-06T16:23:17.339Z,263.24
2026-08-06T16:23:32.422Z,278.46
2026-08-06T16:23:47.468Z,278.46
2026-08-06T16:24:06.083Z,288.88
2026-08-06T16:24:17.872Z,288.88
2026-08-06T16:24:32.855Z,281.25
2026-08-06T16:24:52.847Z,281.25
2026-08-06T16:25:13.094Z,295.04
2026-08-06T16:25:23.631Z,295.04
2026-08-06T16:25:38.065Z,295.04
2026-08-06T16:25:58.179Z,289.52
2026-08-06T16:26:16.183Z,289.52
2026-08-06T16:26:28.27Z,260.58
2026-08-06T16:26:48.413Z,267.37
2026-08-06T16:27:08.461Z,267.37
2026-08-06T16:27:28.567Z,276.54
2026-08-06T16:27:43Z,276.54
2026-08-06T16:27:43.654Z,276.54
2026-08-06T16:27:58.716Z,276.54
2026-08-06T16:28:18.809Z,276.54
2026-08-06T16:28:34.387Z,248.9
2026-08-06T16:28:49.007Z,251.77
2026-08-06T16:29:04.047Z,251.77
2026-08-06T16:29:19.113Z,251.77
2026-08-06T16:29:34.28Z,251.77
2026-08-06T16:29:49.286Z,226.59
2026-08-06T16:30:10.878Z,226.59
2026-08-06T16:30:24.45Z,226.59
2026-08-06T16:30:39.512Z,199.74
2026-08-06T16:30:54.597Z,199.74
2026-08-06T16:31:14.671Z,190.96
2026-08-06T16:31:29.741Z,190.96
2026-08-06T16:31:44.818Z,190.96
2026-08-06T16:32:04.917Z,190.53
2026-08-06T16:32:20.05Z,190.53
2026-08-06T16:32:34Z,190.53
2026-08-06T16:32:35.096Z,190.53
2026-08-06T16:32:50.694Z,191.56
2026-08-06T16:33:05.227Z,191.56
2026-08-06T16:33:20.29Z,191.56
2026-08-06T16:33:40.371Z,191.56
2026-08-06T16:33:55.81Z,154.58
2026-08-06T16:34:10.516Z,154.58
2026-08-06T16:34:25.603Z,153.19
2026-08-06T16:34:40.665Z,153.19
2026-08-06T16:34:55.78Z,153.19
2026-08-06T16:35:13.299Z,151.43
2026-08-06T16:35:25.973Z,155.05
2026-08-06T16:35:40.983Z,155.05
2026-08-06T16:35:56.077Z,155.05
2026-08-06T16:36:16.178Z,150.86
2026-08-06T16:36:36.248Z,155.12
2026-08-06T16:36:51.619Z,155.12
2026-08-06T16:37:06.47Z,155.12
2026-08-06T16:37:26.492Z,169.08
2026-08-06T16:37:41Z,169.08
2026-08-06T16:37:41.573Z,169.08
2026-08-06T16:37:56.902Z,169.16
2026-08-06T16:38:11.766Z,169.16
2026-08-06T16:38:26.857Z,169.16
2026-08-06T16:38:46.941Z,167.43
2026-08-06T16:39:02.811Z,167.43
2026-08-06T16:39:17.171Z,164.52
2026-08-06T16:39:37.664Z,164.52
2026-08-06T16:39:57.308Z,163.17
2026-08-06T16:40:12.385Z,163.17
2026-08-06T16:40:27.456Z,168.5
2026-08-06T16:40:45.204Z,168.5
2026-08-06T16:41:03.018Z,168.84
2026-08-06T16:41:17.712Z,164.56
2026-08-06T16:41:32.761Z,164.56
2026-08-06T16:41:47.834Z,164.56
2026-08-06T16:42:03.755Z,166.97
2026-08-06T16:42:18.017Z,166.97
2026-08-06T16:42:32Z,166.97
2026-08-06T16:42:33.176Z,166.97
2026-08-06T16:42:53.167Z,228.5
2026-08-06T16:43:13.209Z,305.99
2026-08-06T16:43:28.277Z,305.99
2026-08-06T16:43:43.394Z,305.99
2026-08-06T16:43:58.455Z,348.1
2026-08-06T16:44:13.61Z,348.1
2026-08-06T16:44:33.597Z,348.1
2026-08-06T16:44:48.891Z,403.57
2026-08-06T16:45:13.898Z,403.57
2026-08-06T16:45:23.846Z,403.57
2026-08-06T16:45:38.928Z,341.62
2026-08-06T16:45:54.012Z,341.62
2026-08-06T16:46:14.115Z,341.62
2026-08-06T16:46:34.183Z,341.62
2026-08-06T16:46:49.278Z,259.23
2026-08-06T16:47:06.549Z,259.23
2026-08-06T16:47:19.555Z,259.23
2026-08-06T16:47:34.635Z,302.54
2026-08-06T16:47:49Z,302.54
2026-08-06T16:47:49.798Z,302.54
2026-08-06T16:48:04.975Z,288.6
2026-08-06T16:48:19.871Z,288.6
2026-08-06T16:48:35.069Z,288.6
2026-08-06T16:48:50.066Z,305.08
2026-08-06T16:49:05.122Z,305.08
2026-08-06T16:49:20.828Z,305.08
2026-08-06T16:49:40.27Z,380.76
2026-08-06T16:50:00.391Z,380.76
2026-08-06T16:50:15.992Z,397.4
2026-08-06T16:50:30.531Z,397.4
2026-08-06T16:50:45.64Z,395.48
2026-08-06T16:51:05.688Z,395.48
2026-08-06T16:51:25.943Z,395.48
2026-08-06T16:51:40.813Z,343.9
2026-08-06T16:51:55.946Z,343.9
2026-08-06T16:52:10.963Z,301.61
2026-08-06T16:52:26.047Z,301.61
2026-08-06T16:52:45Z,301.61
2026-08-06T16:52:46.143Z,301.61
2026-08-06T16:53:02.614Z,282.43
2026-08-06T16:53:17.35Z,282.43
2026-08-06T16:53:31.388Z,264.51
2026-08-06T16:53:51.496Z,264.51
2026-08-06T16:54:11.575Z,298.83
2026-08-06T16:54:26.722Z,298.83
2026-08-06T16:54:41.939Z,298.83
2026-08-06T16:55:11.396Z,348.63
2026-08-06T16:55:22.819Z,348.63
2026-08-06T16:55:36.944Z,364.55
2026-08-06T16:55:52.1Z,364.55
2026-08-06T16:56:07.136Z,384.92
2026-08-06T16:56:22.238Z,384.92
2026-08-06T16:56:37.277Z,380.14
2026-08-06T16:56:54.454Z,366.61
2026-08-06T16:57:07.431Z,366.61
2026-08-06T16:57:27.49Z,322.98
2026-08-06T16:57:42Z,322.98
2026-08-06T16:57:42.607Z,322.98
2026-08-06T16:57:57.653Z,322.98
2026-08-06T16:58:12.767Z,322.98
2026-08-06T16:58:27.834Z,275.43
2026-08-06T16:58:42.973Z,275.43
2026-08-06T16:58:57.966Z,275.43
2026-08-06T16:59:13.077Z,275.43
2026-08-06T16:59:28.132Z,275.43
2026-08-06T16:59:48.246Z,220.87
2026-08-06T17:00:12.441Z,216.92
2026-08-06T17:00:18.978Z,216.92
2026-08-06T17:00:38.45Z,216.92
2026-08-06T17:00:58.57Z,216.92
2026-08-06T17:01:18.662Z,213.44
2026-08-06T17:01:33.702Z,206.74
2026-08-06T17:01:53.786Z,206.74
2026-08-06T17:02:13.873Z,206.74
2026-08-06T17:02:34.037Z,191.07
2026-08-06T17:02:48Z,191.07
2026-08-06T17:02:49.178Z,191.07
2026-08-06T17:03:04.164Z,181.97
2026-08-06T17:03:19.188Z,181.97
2026-08-06T17:03:34.275Z,181.97
2026-08-06T17:03:54.323Z,146.56
2026-08-06T17:04:09.399Z,146.56
2026-08-06T17:04:29.541Z,146.56
2026-08-06T17:04:44.612Z,146.56
2026-08-06T17:04:59.615Z,132.13
2026-08-06T17:05:19.703Z,130.24
2026-08-06T17:05:35.768Z,130.24
2026-08-06T17:05:49.854Z,130.24
2026-08-06T17:06:04.932Z,130.08
2026-08-06T17:06:20.019Z,130.08
2026-08-06T17:06:35.09Z,129.64
2026-08-06T17:06:50.195Z,128.97
2026-08-06T17:07:05.357Z,128.97
2026-08-06T17:07:20.35Z,128.31
2026-08-06T17:07:35.4Z,128.31
2026-08-06T17:07:50Z,128.01
2026-08-06T17:07:50.535Z,128.01
2026-08-06T17:08:05.62Z,128.01
2026-08-06T17:08:20.648Z,127.13
2026-08-06T17:08:35.765Z,127.13
2026-08-06T17:08:50.845Z,127.13
2026-08-06T17:09:05.901Z,125.88
2026-08-06T17:09:21.088Z,125.88
2026-08-06T17:09:37.056Z,125.88
2026-08-06T17:09:56.158Z,125.15
2026-08-06T17:10:16.228Z,125.15
2026-08-06T17:10:31.282Z,124.16
2026-08-06T17:10:46.336Z,124.16
2026-08-06T17:11:03.785Z,124.16
2026-08-06T17:11:16.573Z,122.64
2026-08-06T17:11:36.639Z,122.64
2026-08-06T17:11:56.719Z,121.24
2026-08-06T17:12:11.746Z,121.24
2026-08-06T17:12:26.906Z,121.24
2026-08-06T17:12:46Z,119.35
2026-08-06T17:12:46.904Z,119.35
2026-08-06T17:13:02.571Z,118.77
2026-08-06T17:13:17.104Z,118.77
2026-08-06T17:13:32.213Z,117.82
2026-08-06T17:13:52.26Z,117.82
2026-08-06T17:14:07.344Z,116.68
2026-08-06T17:14:22.412Z,116.68
2026-08-06T17:14:37.533Z,116.07
2026-08-06T17:14:52.575Z,116.07
2026-08-06T17:15:09.644Z,115.2
2026-08-06T17:15:22.751Z,115.2
2026-08-06T17:15:37.815Z,115.2
2026-08-06T17:15:53.791Z,114.6
2026-08-06T17:16:12.956Z,114.6
2026-08-06T17:16:28.089Z,113.19
2026-08-06T17:16:48.123Z,111.36
2026-08-06T17:17:03.29Z,111.36
2026-08-06T17:17:18.307Z,110.02
2026-08-06T17:17:38.414Z,96.0
2026-08-06T17:17:53Z,96.0
2026-08-06T17:17:53.445Z,96.0
2026-08-06T17:18:08.498Z,96.0
2026-08-06T17:18:23.63Z,94.22
2026-08-06T17:18:38.662Z,94.22
2026-08-06T17:18:53.748Z,94.22
2026-08-06T17:19:08.827Z,94.22
2026-08-06T17:19:23.984Z,110.42
2026-08-06T17:19:44.165Z,110.42
2026-08-06T17:19:59.069Z,110.42
2026-08-06T17:20:19.191Z,98.86
2026-08-06T17:20:34.633Z,98.86
2026-08-06T17:20:49.745Z,98.46
2026-08-06T17:21:06.391Z,98.46
2026-08-06T17:21:19.525Z,92.54
2026-08-06T17:21:39.579Z,92.54
2026-08-06T17:21:59.621Z,82.8
2026-08-06T17:22:14.71Z,82.8
2026-08-06T17:22:29.776Z,88.57
2026-08-06T17:22:49Z,88.57
2026-08-06T17:22:49.926Z,88.57
2026-08-06T17:23:10.011Z,88.57
2026-08-06T17:23:25.055Z,110.64
2026-08-06T17:23:40.142Z,110.64
2026-08-06T17:23:55.247Z,111.58
2026-08-06T17:24:10.313Z,111.58
2026-08-06T17:24:25.38Z,106.8
2026-08-06T17:24:40.483Z,106.8
2026-08-06T17:24:55.571Z,102.35
2026-08-06T17:25:10.603Z,102.35
2026-08-06T17:25:31.372Z,100.53
2026-08-06T17:25:45.749Z,100.53
2026-08-06T17:26:02.697Z,100.53
2026-08-06T17:26:15.902Z,98.99
2026-08-06T17:26:31.023Z,99.06
2026-08-06T17:26:51.07Z,99.06
2026-08-06T17:27:06.122Z,99.06
2026-08-06T17:27:26.223Z,99.06
2026-08-06T17:27:41.302Z,98.02
2026-08-06T17:27:55Z,98.02
2026-08-06T17:27:56.425Z,98.02
2026-08-06T17:28:11.469Z,97.29
2026-08-06T17:28:31.57Z,97.29
2026-08-06T17:28:52.09Z,97.02
2026-08-06T17:29:06.756Z,97.02
2026-08-06T17:29:21.781Z,97.02
2026-08-06T17:29:43.314Z,96.53
2026-08-06T17:29:56.937Z,96.53
2026-08-06T17:30:13.754Z,96.53
2026-08-06T17:30:27.089Z,94.89
2026-08-06T17:30:42.442Z,94.89
2026-08-06T17:30:57.266Z,95.64
2026-08-06T17:31:12.415Z,95.64
2026-08-06T17:31:27.406Z,95.64
2026-08-06T17:31:42.513Z,96.77
2026-08-06T17:31:58.788Z,96.77
2026-08-06T17:32:17.625Z,96.86
2026-08-06T17:32:32.757Z,96.86
2026-08-06T17:32:48.136Z,96.43
2026-08-06T17:33:02Z,96.43
2026-08-06T17:33:03.63Z,96.43
2026-08-06T17:33:23.032Z,96.43
2026-08-06T17:33:38.046Z,96.43
2026-08-06T17:33:53.964Z,95.83
2026-08-06T17:34:08.248Z,95.83
2026-08-06T17:34:23.293Z,96.0
2026-08-06T17:34:45.48Z,96.0
2026-08-06T17:34:58.468Z,98.98
2026-08-06T17:35:18.558Z,98.98
2026-08-06T17:35:33.647Z,105.62
2026-08-06T17:35:53.733Z,105.62
2026-08-06T17:36:14.474Z,105.62
2026-08-06T17:36:28.895Z,110.82
2026-08-06T17:36:44.55Z,110.82
2026-08-06T17:37:04.477Z,104.6
2026-08-06T17:37:24.155Z,104.6
2026-08-06T17:37:44.216Z,98.61
2026-08-06T17:38:03Z,98.61
2026-08-06T17:38:04.316Z,98.61
2026-08-06T17:38:20.557Z,98.61
2026-08-06T17:38:34.47Z,93.11
2026-08-06T17:38:49.509Z,93.11
2026-08-06T17:39:04.594Z,93.11
2026-08-06T17:39:24.685Z,93.11
2026-08-06T17:39:44.803Z,91.27
2026-08-06T17:40:01.44Z,87.45
2026-08-06T17:40:15.187Z,87.45
2026-08-06T17:40:30.052Z,85.06
2026-08-06T17:40:50.125Z,85.06
2026-08-06T17:41:05.202Z,85.06
2026-08-06T17:41:20.265Z,77.2
2026-08-06T17:41:35.33Z,77.2
2026-08-06T17:41:50.906Z,77.2
2026-08-06T17:42:10.718Z,73.53
2026-08-06T17:42:25.662Z,74.31
2026-08-06T17:42:45.699Z,74.31
2026-08-06T17:43:00Z,74.31
2026-08-06T17:43:02.661Z,74.31
2026-08-06T17:43:20.831Z,74.31
2026-08-06T17:43:40.926Z,74.09
2026-08-06T17:43:55.977Z,74.3
2026-08-06T17:44:11.101Z,74.3
2026-08-06T17:44:26.529Z,74.3
2026-08-06T17:44:41.267Z,74.3
2026-08-06T17:45:10.527Z,75.41
2026-08-06T17:45:16.415Z,74.74
2026-08-06T17:45:31.636Z,74.74
2026-08-06T17:45:46.593Z,74.74
2026-08-06T17:46:03.042Z,72.29
2026-08-06T17:46:16.789Z,72.29
2026-08-06T17:46:36.891Z,71.16
2026-08-06T17:46:51.957Z,71.16
2026-08-06T17:47:07.038Z,68.36
2026-08-06T17:47:27.75Z,68.36
2026-08-06T17:47:42.202Z,61.36
2026-08-06T17:48:01Z,61.36
2026-08-06T17:48:02.822Z,61.36
2026-08-06T17:48:17.318Z,61.36
2026-08-06T17:48:32.387Z,61.36
2026-08-06T17:48:47.47Z,61.36
2026-08-06T17:49:02.752Z,61.36
2026-08-06T17:49:17.766Z,39.57
2026-08-06T17:49:32.842Z,39.57
2026-08-06T17:49:47.969Z,35.95
2026-08-06T17:50:09.81Z,35.95
2026-08-06T17:50:18.131Z,35.95
2026-08-06T17:50:38.177Z,35.95
2026-08-06T17:50:58.226Z,35.95
2026-08-06T17:51:19.05Z,35.95
2026-08-06T17:51:38.476Z,25.9
2026-08-06T17:51:53.476Z,25.9
2026-08-06T17:52:13.549Z,25.9
2026-08-06T17:52:28.749Z,25.9
2026-08-06T17:52:43.888Z,22.91
2026-08-06T17:52:58Z,22.91
2026-08-06T17:52:59.154Z,22.91
2026-08-06T17:53:13.964Z,22.91
2026-08-06T17:53:29.145Z,22.91
2026-08-06T17:53:44.194Z,20.97
2026-08-06T17:54:04.2Z,20.97
2026-08-06T17:54:19.728Z,20.02
2026-08-06T17:54:39.336Z,19.64
2026-08-06T17:54:54.428Z,19.64
2026-08-06T17:55:13.43Z,18.99
2026-08-06T17:55:24.626Z,18.99
2026-08-06T17:55:39.645Z,18.99
2026-08-06T17:55:54.734Z,18.99
2026-08-06T17:56:09.828Z,18.99
2026-08-06T17:56:27.695Z,17.91
2026-08-06T17:56:40.298Z,17.91
2026-08-06T17:56:55.111Z,17.91
2026-08-06T17:57:15.151Z,17.91
2026-08-06T17:57:30.231Z,17.24
2026-08-06T17:57:45.474Z,17.04
2026-08-06T17:57:59Z,17.04
2026-08-06T17:58:00.402Z,17.04
2026-08-06T17:58:15.465Z,17.04
2026-08-06T17:58:35.561Z,16.71
2026-08-06T17:58:50.653Z,16.71
2026-08-06T17:59:05.747Z,16.71
2026-08-06T17:59:20.851Z,16.36
2026-08-06T17:59:35.956Z,16.08
2026-08-06T17:59:51.025Z,16.08
2026-08-06T18:00:13.987Z,16.08
2026-08-06T18:00:26.116Z,15.82
2026-08-06T18:00:46.189Z,15.82
2026-08-06T18:01:06.285Z,15.59
2026-08-06T18:01:26.364Z,15.46
2026-08-06T18:01:46.455Z,15.46
2026-08-06T18:02:02.818Z,15.46
2026-08-06T18:02:16.662Z,15.46
2026-08-06T18:02:31.707Z,15.07
2026-08-06T18:02:46.767Z,15.07
2026-08-06T18:03:01Z,15.07
2026-08-06T18:03:02.529Z,15.07
2026-08-06T18:03:16.906Z,15.07
2026-08-06T18:03:37.007Z,14.82
2026-08-06T18:03:52.082Z,14.78
2026-08-06T18:04:07.624Z,14.78
2026-08-06T18:04:22.245Z,14.58
2026-08-06T18:04:37.321Z,14.58
2026-08-06T18:04:52.415Z,14.58
2026-08-06T18:05:12.864Z,14.47
2026-08-06T18:05:22.55Z,14.47
2026-08-06T18:05:37.722Z,14.47
2026-08-06T18:05:52.71Z,14.47
2026-08-06T18:06:07.8Z,14.23
2026-08-06T18:06:23.07Z,14.22
2026-08-06T18:06:38.029Z,14.22
2026-08-06T18:06:53.068Z,14.1
2026-08-06T18:07:08.146Z,14.1
2026-08-06T18:07:23.351Z,14.1
2026-08-06T18:07:43.309Z,14.1
2026-08-06T18:07:58.385Z,13.98
2026-08-06T18:08:13Z,13.98
2026-08-06T18:08:13.467Z,13.98
2026-08-06T18:08:33.795Z,13.98
2026-08-06T18:08:53.596Z,13.9
2026-08-06T18:09:08.706Z,13.9
2026-08-06T18:09:23.781Z,13.9
2026-08-06T18:09:38.894Z,13.9
2026-08-06T18:09:58.937Z,13.9
2026-08-06T18:10:14.031Z,13.9
2026-08-06T18:10:34.12Z,14.0
2026-08-06T18:10:54.192Z,14.0
2026-08-06T18:11:09.321Z,14.0
2026-08-06T18:11:24.398Z,14.0
2026-08-06T18:11:44.417Z,14.37
2026-08-06T18:12:05.176Z,14.37
2026-08-06T18:12:19.6Z,15.31
2026-08-06T18:12:34.701Z,15.31
2026-08-06T18:12:54.764Z,16.84
2026-08-06T18:13:14Z,21.3
2026-08-06T18:13:14.827Z,21.3
2026-08-06T18:13:35.392Z,23.4
2026-08-06T18:13:55.055Z,23.4
2026-08-06T18:14:15.343Z,23.4
2026-08-06T18:14:35.929Z,24.92
2026-08-06T18:14:55.527Z,24.92
2026-08-06T18:15:13.012Z,24.92
2026-08-06T18:15:25.452Z,22.47
2026-08-06T18:15:45.565Z,22.47
2026-08-06T18:16:00.596Z,22.47
2026-08-06T18:16:15.698Z,22.47
2026-08-06T18:16:30.723Z,21.17
2026-08-06T18:16:45.808Z,21.45
2026-08-06T18:17:03.041Z,21.45
2026-08-06T18:17:16.006Z,21.99
2026-08-06T18:17:31.085Z,21.99
2026-08-06T18:17:46.16Z,22.19
2026-08-06T18:18:02.715Z,22.19
2026-08-06T18:18:15Z,22.19
2026-08-06T18:18:16.295Z,22.19
2026-08-06T18:18:31.361Z,23.01
2026-08-06T18:18:46.435Z,23.01
2026-08-06T18:19:02.552Z,23.64
2026-08-06T18:19:16.585Z,23.64
2026-08-06T18:19:36.772Z,23.64
2026-08-06T18:19:52.879Z,23.64
2026-08-06T18:20:12.642Z,23.64
2026-08-06T18:20:26.977Z,23.64
2026-08-06T18:20:42.058Z,23.93
2026-08-06T18:20:57.453Z,23.93
2026-08-06T18:21:12.501Z,23.67
2026-08-06T18:21:32.299Z,23.67
2026-08-06T18:21:52.376Z,23.06
2026-08-06T18:22:07.57Z,23.06
2026-08-06T18:22:22.51Z,23.06
2026-08-06T18:22:37.582Z,22.47
2026-08-06T18:22:52.673Z,22.24
2026-08-06T18:23:07Z,22.24
2026-08-06T18:23:07.756Z,22.24
2026-08-06T18:23:22.809Z,22.24
2026-08-06T18:23:42.969Z,21.56
2026-08-06T18:23:57.965Z,21.56
2026-08-06T18:24:13.052Z,21.14
2026-08-06T18:24:28.138Z,21.14
2026-08-06T18:24:43.24Z,21.14
2026-08-06T18:25:10.476Z,21.14
2026-08-06T18:25:18.351Z,20.65
2026-08-06T18:25:33.429Z,20.53
2026-08-06T18:25:48.513Z,20.53
2026-08-06T18:26:03.611Z,20.53
2026-08-06T18:26:20.201Z,20.4
2026-08-06T18:26:33.811Z,20.4
2026-08-06T18:26:53.876Z,20.28
2026-08-06T18:27:08.959Z,20.28
2026-08-06T18:27:24.036Z,20.28
2026-08-06T18:27:39.174Z,20.28
2026-08-06T18:27:54.23Z,20.28
2026-08-06T18:28:08Z,19.62
2026-08-06T18:28:09.879Z,19.62
2026-08-06T18:28:24.402Z,19.62
2026-08-06T18:28:44.445Z,19.33
2026-08-06T18:28:59.513Z,18.76
2026-08-06T18:29:14.853Z,18.76
2026-08-06T18:29:29.692Z,18.76
2026-08-06T18:29:44.766Z,18.71
2026-08-06T18:30:00.368Z,18.71
2026-08-06T18:30:15.133Z,18.71
2026-08-06T18:30:30.013Z,18.96
2026-08-06T18:30:45.984Z,19.11
2026-08-06T18:31:00.155Z,19.11
2026-08-06T18:31:15.254Z,19.25
2026-08-06T18:31:30.324Z,19.25
2026-08-06T18:31:45.381Z,19.25
2026-08-06T18:32:05.485Z,19.25
2026-08-06T18:32:25.644Z,19.15
2026-08-06T18:32:40.825Z,19.09
2026-08-06T18:33:00.702Z,19.09
2026-08-06T18:33:15Z,19.09
2026-08-06T18:33:15.795Z,19.09
2026-08-06T18:33:30.841Z,18.98
2026-08-06T18:33:50.927Z,18.92
2026-08-06T18:34:06Z,18.92
2026-08-06T18:34:21.083Z,18.92
2026-08-06T18:34:37.156Z,18.7
2026-08-06T18:34:56.599Z,18.7
2026-08-06T18:35:12.166Z,18.7
2026-08-06T18:35:26.392Z,18.7
2026-08-06T18:35:41.529Z,18.46
2026-08-06T18:35:56.604Z,18.42
2026-08-06T18:36:11.672Z,18.42
2026-08-06T18:36:26.727Z,18.42
2026-08-06T18:36:41.794Z,18.42
2026-08-06T18:36:56.854Z,18.42
2026-08-06T18:37:11.974Z,18.1
2026-08-06T18:37:27.116Z,18.01
2026-08-06T18:37:42.145Z,18.01
2026-08-06T18:37:57.193Z,17.89
2026-08-06T18:38:16Z,17.89
2026-08-06T18:38:17.301Z,17.89
2026-08-06T18:38:32.351Z,17.67
2026-08-06T18:38:48.868Z,17.67
2026-08-06T18:39:04.972Z,17.4
2026-08-06T18:39:17.546Z,17.4
2026-08-06T18:39:32.622Z,17.31
2026-08-06T18:39:52.717Z,17.01
2026-08-06T18:40:12.777Z,17.01
2026-08-06T18:40:23.905Z,16.87
2026-08-06T18:40:37.946Z,16.87
2026-08-06T18:40:53.028Z,16.87
2026-08-06T18:41:08.079Z,16.87
2026-08-06T18:41:23.207Z,16.48
2026-08-06T18:41:43.287Z,16.48
2026-08-06T18:41:58.404Z,16.19
2026-08-06T18:42:18.426Z,16.19
2026-08-06T18:42:33.48Z,16.03
2026-08-06T18:42:53.545Z,15.79
2026-08-06T18:43:08.618Z,15.79
2026-08-06T18:43:23Z,15.64
2026-08-06T18:43:23.713Z,15.64
2026-08-06T18:43:43.841Z,15.64
2026-08-06T18:43:59.51Z,15.28
2026-08-06T18:44:19.029Z,15.28
2026-08-06T18:44:34.099Z,15.15
2026-08-06T18:44:49.156Z,15.15
2026-08-06T18:45:12.357Z,15.15
2026-08-06T18:45:20.174Z,15.15
2026-08-06T18:45:39.396Z,15.15
2026-08-06T18:45:54.428Z,14.56
2026-08-06T18:46:09.499Z,14.56
2026-08-06T18:46:29.568Z,14.22
2026-08-06T18:46:44.652Z,14.22
2026-08-06T18:46:59.743Z,13.94
2026-08-06T18:47:20.918Z,13.94
2026-08-06T18:47:39.929Z,13.79
2026-08-06T18:47:55.086Z,13.45
2026-08-06T18:48:11.25Z,13.45
2026-08-06T18:48:24Z,13.26
2026-08-06T18:48:25.23Z,13.26
2026-08-06T18:48:40.255Z,12.93
2026-08-06T18:48:55.356Z,12.93
2026-08-06T18:50:15.343Z,12.25
2026-08-06T18:50:22.075Z,12.25
2026-08-06T18:50:36.97Z,12.25
2026-08-06T18:50:52.05Z,11.94
2026-08-06T18:51:07.135Z,11.94
2026-08-06T18:51:22.999Z,11.6
2026-08-06T18:51:37.346Z,11.6
2026-08-06T18:51:52.434Z,11.47
2026-08-06T18:52:07.457Z,11.47
2026-08-06T18:52:25.203Z,11.47
2026-08-06T18:52:37.761Z,10.97
2026-08-06T18:52:52.924Z,10.97
2026-08-06T18:53:08.198Z,10.79
2026-08-06T18:53:27.927Z,10.79
2026-08-06T18:53:43.028Z,10.79
2026-08-06T18:53:58.635Z,10.79
2026-08-06T18:54:18.596Z,10.21
2026-08-06T18:54:33.245Z,10.07
2026-08-06T18:54:47Z,10.07
2026-08-06T18:54:48.356Z,10.07
2026-08-06T18:55:09.976Z,10.07
2026-08-06T18:55:23.543Z,10.07
2026-08-06T18:55:38.598Z,9.64
2026-08-06T18:55:58.626Z,9.64
2026-08-06T18:56:13.702Z,9.38
2026-08-06T18:56:33.795Z,9.38
2026-08-06T18:56:48.938Z,9.13
2026-08-06T18:57:06.236Z,9.13
2026-08-06T18:57:19.31Z,9.13
2026-08-06T18:57:39.321Z,8.84
2026-08-06T18:57:54.431Z,8.73
2026-08-06T18:58:09.492Z,8.73
2026-08-06T18:58:24.603Z,8.73
2026-08-06T18:58:44.616Z,8.73
2026-08-06T18:58:59.702Z,8.25
2026-08-06T18:59:14.799Z,8.25
2026-08-06T18:59:29.914Z,8.02
2026-08-06T18:59:49Z,8.02
2026-08-06T18:59:49.944Z,8.02
2026-08-06T19:00:12.261Z,7.8
2026-08-06T19:00:20.129Z,7.8
2026-08-06T19:00:35.199Z,7.8
2026-08-06T19:00:56.234Z,7.55
2026-08-06T19:01:10.378Z,7.55
2026-08-06T19:01:25.497Z,7.55
2026-08-06T19:01:40.522Z,7.55
2026-08-06T19:01:55.607Z,7.24
2026-08-06T19:02:12.519Z,7.24
2026-08-06T19:02:30.834Z,7.24
2026-08-06T19:02:45.913Z,6.94
2026-08-06T19:03:02.853Z,6.83
2026-08-06T19:03:16.408Z,6.83
2026-08-06T19:03:31.197Z,6.83
2026-08-06T19:03:46.229Z,6.63
2026-08-06T19:04:02.783Z,6.63
2026-08-06T19:04:16.383Z,6.42
2026-08-06T19:04:31.497Z,6.42
2026-08-06T19:04:46Z,6.24
2026-08-06T19:04:46.557Z,6.24
2026-08-06T19:05:09.234Z,6.24
2026-08-06T19:05:21.714Z,6.13
2026-08-06T19:05:36.816Z,6.13
2026-08-06T19:05:58.072Z,5.95
2026-08-06T19:06:11.982Z,5.95
2026-08-06T19:06:32.073Z,5.78
2026-08-06T19:06:47.126Z,5.78
2026-08-06T19:07:07.644Z,5.78
2026-08-06T19:07:22.479Z,5.78
2026-08-06T19:07:37.535Z,5.78
2026-08-06T19:07:52.576Z,5.43
2026-08-06T19:08:12.659Z,5.43
2026-08-06T19:08:27.742Z,5.43
2026-08-06T19:08:42.847Z,5.16
2026-08-06T19:09:02.931Z,5.16
2026-08-06T19:09:18.109Z,4.99
2026-08-06T19:09:34.749Z,4.99
2026-08-06T19:09:47Z,4.9
2026-08-06T19:09:48.198Z,4.9
2026-08-06T19:10:12.7Z,4.9
2026-08-06T19:10:18.335Z,4.68
2026-08-06T19:10:33.695Z,4.68
2026-08-06T19:10:48.525Z,4.6
2026-08-06T19:11:08.661Z,4.6
2026-08-06T19:11:23.718Z,4.38
2026-08-06T19:11:43.803Z,4.38
2026-08-06T19:12:03.952Z,4.38
2026-08-06T19:12:18.965Z,4.05
2026-08-06T19:12:34.289Z,4.05
2026-08-06T19:12:49.13Z,4.05
2026-08-06T19:13:04.231Z,3.74
2026-08-06T19:13:19.352Z,3.74
2026-08-06T19:13:34.418Z,3.74
2026-08-06T19:13:50.239Z,3.74
2026-08-06T19:14:04.523Z,3.74
2026-08-06T19:14:19.625Z,3.74
2026-08-06T19:14:34.793Z,3.74
2026-08-06T19:14:49Z,3.18
2026-08-06T19:14:49.829Z,3.18
2026-08-06T19:15:12.318Z,3.07
2026-08-06T19:15:19.993Z,3.07
2026-08-06T19:15:40.069Z,2.88
2026-08-06T19:15:55.763Z,2.88
2026-08-06T19:16:15.236Z,2.78
2026-08-06T19:16:35.304Z,2.78
2026-08-06T19:16:50.536Z,2.78
2026-08-06T19:17:05.551Z,2.78
2026-08-06T19:17:25.611Z,2.78
2026-08-06T19:17:40.696Z,2.31
2026-08-06T19:18:02.511Z,2.19
2026-08-06T19:18:15.846Z,2.19
2026-08-06T19:18:30.945Z,2.19
2026-08-06T19:18:47.259Z,1.95
2026-08-06T19:19:02.754Z,1.95
2026-08-06T19:19:16.281Z,1.85
2026-08-06T19:19:31.347Z,1.85
2026-08-06T19:19:51Z,1.85
2026-08-06T19:19:51.434Z,1.85
2026-08-06T19:20:15.395Z,1.58
2026-08-06T19:20:21.594Z,1.49
2026-08-06T19:20:41.812Z,1.49
2026-08-06T19:20:56.757Z,1.3
2026-08-06T19:21:11.86Z,1.3
2026-08-06T19:21:26.927Z,1.11
2026-08-06T19:21:42.12Z,1.11
2026-08-06T19:21:57.131Z,1.02
2026-08-06T19:22:12.189Z,1.02
2026-08-06T19:22:27.266Z,1.02
2026-08-06T19:22:47.334Z,1.02
2026-08-06T19:23:03.697Z,0.69
2026-08-06T19:23:17.523Z,0.69
2026-08-06T19:23:32.62Z,0.69
2026-08-06T19:23:47.702Z,0.62
2026-08-06T19:24:03.102Z,0.62
2026-08-06T19:24:17.874Z,0.53
2026-08-06T19:24:33.042Z,0.53
2026-08-06T19:24:48.364Z,0.53
2026-08-06T19:25:02Z,0.53
2026-08-06T19:25:07.792Z,0.53
2026-08-06T19:25:18.258Z,0.53
2026-08-06T19:25:33.296Z,0.53
2026-08-06T19:25:48.36Z,0.37
2026-08-06T19:26:08.417Z,0.37
2026-08-06T19:26:23.515Z,0.37
2026-08-06T19:26:38.64Z,0.32
2026-08-06T19:26:54.055Z,0.32
2026-08-06T19:27:13.803Z,0.28
2026-08-06T19:27:28.874Z,0.28
2026-08-06T19:27:43.986Z,0.26
2026-08-06T19:27:59.043Z,0.26
2026-08-06T19:28:14.147Z,0.23
2026-08-06T19:28:29.192Z,0.21
2026-08-06T19:28:44.259Z,0.21
2026-08-06T19:28:59.36Z,0.21
2026-08-06T19:29:15.028Z,0.21
2026-08-06T19:29:29.521Z,0.18
2026-08-06T19:29:44.587Z,0.18
2026-08-06T19:30:04Z,0.18
2026-08-06T19:30:11.394Z,0.18
2026-08-06T19:30:19.747Z,0.17
2026-08-06T19:30:39.83Z,0.17
2026-08-06T19:30:59.894Z,0.17
2026-08-06T19:31:15.005Z,0.17
2026-08-06T19:31:30.37Z,0.14
2026-08-06T19:31:45.203Z,0.14
2026-08-06T19:32:05.31Z,0.12
2026-08-06T19:32:20.356Z,0.12
2026-08-06T19:32:35.446Z,0.12
2026-08-06T19:32:50.507Z,0.12
2026-08-06T19:33:10.614Z,0.1
2026-08-06T19:33:26.925Z,0.1
2026-08-06T19:33:40.805Z,0.09
2026-08-06T19:33:55.858Z,0.09
2026-08-06T19:34:10.91Z,0.07
2026-08-06T19:34:26.008Z,0.07
2026-08-06T19:34:41.461Z,0.07
2026-08-06T19:34:55Z,0.1
2026-08-06T19:34:56.18Z,0.1
2026-08-06T19:35:12.114Z,0.1
2026-08-06T19:35:26.329Z,0.1
2026-08-06T19:35:46.431Z,0.1
2026-08-06T19:36:03.864Z,0.1
2026-08-06T19:36:16.685Z,0.07
2026-08-06T19:36:31.692Z,0.07
2026-08-06T19:36:46.779Z,0.07
2026-08-06T19:37:03.653Z,0.06
2026-08-06T19:37:16.938Z,0.06
2026-08-06T19:37:32.035Z,0.06
2026-08-06T19:37:47.106Z,0.06
2026-08-06T19:38:02.855Z,0.07
2026-08-06T19:38:17.844Z,0.07
2026-08-06T19:38:32.357Z,0.06
2026-08-06T19:38:47.424Z,0.06
2026-08-06T19:39:02.727Z,0.06
2026-08-06T19:39:22.598Z,0.06
2026-08-06T19:39:37.676Z,0.05
2026-08-06T19:39:52.774Z,0.05
2026-08-06T19:40:07Z,0.05
2026-08-06T19:40:12.466Z,0.05
2026-08-06T19:40:23.287Z,0.05
2026-08-06T19:40:38.073Z,0.05
2026-08-06T19:40:53.088Z,0.05
2026-08-06T19:41:08.165Z,0.04
2026-08-06T19:41:23.334Z,0.04
2026-08-06T19:41:38.402Z,0.05
2026-08-06T19:41:54.95Z,0.05
2026-08-06T19:42:08.587Z,0.06
2026-08-06T19:42:23.657Z,0.06
2026-08-06T19:42:38.717Z,0.06
2026-08-06T19:42:53.845Z,0.04
2026-08-06T19:43:08.874Z,0.05
2026-08-06T19:43:23.976Z,0.05
2026-08-06T19:43:39.029Z,0.05
2026-08-06T19:43:54.171Z,0.05
2026-08-06T19:44:14.884Z,0.05
2026-08-06T19:44:29.352Z,0.04
2026-08-06T19:44:44.496Z,0.06
2026-08-06T19:44:59Z,0.06
2026-08-06T19:44:59.55Z,0.06
2026-08-06T19:45:16.288Z,0.06
2026-08-06T19:45:29.67Z,0.06
2026-08-06T19:45:49.716Z,0.06
2026-08-06T19:46:05.847Z,0.04
2026-08-06T19:46:19.908Z,0.04
2026-08-06T19:46:35.115Z,0.04
2026-08-06T19:46:50.16Z,0.04
2026-08-06T19:47:05.259Z,0.04
2026-08-06T19:47:20.312Z,0.04
2026-08-06T19:47:40.403Z,0.04
2026-08-06T19:47:55.486Z,0.05
2026-08-06T19:48:10.559Z,0.04
2026-08-06T19:48:25.639Z,0.04
2026-08-06T19:48:45.737Z,0.03
2026-08-06T19:49:02.595Z,0.03
2026-08-06T19:49:20.957Z,0.05
2026-08-06T19:49:41.004Z,0.04
2026-08-06T19:49:56.077Z,0.04
2026-08-06T19:50:10Z,0.04
2026-08-06T19:50:12.911Z,0.04
2026-08-06T19:50:26.292Z,0.04
2026-08-06T19:50:41.371Z,0.04
2026-08-06T19:50:56.469Z,0.03
2026-08-06T19:51:11.58Z,0.03
2026-08-06T19:51:26.857Z,0.05
2026-08-06T19:51:41.842Z,0.05
2026-08-06T19:51:56.978Z,0.05
2026-08-06T19:52:11.988Z,0.05
2026-08-06T19:52:27.099Z,0.05
2026-08-06T19:52:42.22Z,0.05
2026-08-06T19:52:57.213Z,0.04
2026-08-06T19:53:12.346Z,0.03
2026-08-06T19:53:27.762Z,0.03
2026-08-06T19:53:42.464Z,0.03
2026-08-06T19:53:57.659Z,0.03
2026-08-06T19:54:12.653Z,0.04
2026-08-06T19:54:32.759Z,0.04
2026-08-06T19:54:52.814Z,0.04
2026-08-06T19:55:07Z,0.03
2026-08-06T19:55:15.035Z,0.03
2026-08-06T19:55:22.999Z,0.03
2026-08-06T19:55:38.914Z,0.03
2026-08-06T19:55:53.159Z,0.03
2026-08-06T19:56:08.257Z,0.03
2026-08-06T19:56:23.326Z,0.04
2026-08-06T19:56:38.403Z,0.04
2026-08-06T19:56:53.561Z,0.03
2026-08-06T19:57:08.612Z,0.03
2026-08-06T19:57:28.676Z,0.04
2026-08-06T19:57:44.107Z,0.04
2026-08-06T19:57:58.897Z,0.03
2026-08-06T19:58:13.913Z,0.03
2026-08-06T19:58:29.035Z,0.03
2026-08-06T19:58:44.103Z,0.03
2026-08-06T19:58:59.278Z,0.03
2026-08-06T19:59:14.474Z,0.04
2026-08-06T19:59:29.595Z,0.04
2026-08-06T19:59:44.646Z,0.04
2026-08-06T19:59:59.755Z,0.04
2026-08-06T20:00:14Z,0.04
2026-08-06T20:00:14.813Z,0.04
2026-08-06T20:00:29.935Z,0.04
2026-08-06T20:00:44.954Z,0.04
2026-08-06T20:01:02.752Z,0.04
2026-08-06T20:01:15.164Z,0.04
2026-08-06T20:01:30.212Z,0.03
2026-08-06T20:01:45.298Z,0.03
2026-08-06T20:02:00.355Z,0.03
2026-08-06T20:02:15.437Z,0.04
2026-08-06T20:02:35.548Z,0.04
2026-08-06T20:02:55.595Z,0.05
2026-08-06T20:03:10.649Z,0.05
2026-08-06T20:03:30.736Z,0.05
2026-08-06T20:03:46.215Z,0.03
2026-08-06T20:04:02.913Z,0.04
2026-08-06T20:04:21.025Z,0.04
2026-08-06T20:04:36.118Z,0.04
2026-08-06T20:04:51.197Z,0.04
2026-08-06T20:05:10Z,0.04
2026-08-06T20:05:13.29Z,0.04
2026-08-06T20:05:26.375Z,0.06
2026-08-06T20:05:41.443Z,0.06
2026-08-06T20:05:57.385Z,0.04
2026-08-06T20:06:11.62Z,0.04
2026-08-06T20:06:31.782Z,0.04
2026-08-06T20:06:46.916Z,0.04
2026-08-06T20:07:06.931Z,0.04
2026-08-06T20:07:23.985Z,0.04
2026-08-06T20:07:37.141Z,0.03
2026-08-06T20:07:57.215Z,0.03
2026-08-06T20:08:12.271Z,0.02
2026-08-06T20:08:27.368Z,0.02
2026-08-06T20:08:42.776Z,0.02
2026-08-06T20:09:03.082Z,0.03
2026-08-06T20:09:17.675Z,0.03
2026-08-06T20:09:33.989Z,0.03
2026-08-06T20:09:52.806Z,0.03
2026-08-06T20:10:12Z,0.05
2026-08-06T20:10:14.845Z,0.05
2026-08-06T20:10:32.973Z,0.05
2026-08-06T20:10:48.049Z,0.05
2026-08-06T20:11:03.18Z,0.05
2026-08-06T20:11:18.262Z,0.05
2026-08-06T20:11:33.607Z,0.05
2026-08-06T20:11:53.399Z,0.05
2026-08-06T20:12:08.869Z,0.05
2026-08-06T20:12:23.628Z,0.05
2026-08-06T20:12:38.865Z,0.04
2026-08-06T20:12:58.765Z,0.05
2026-08-06T20:13:13.814Z,0.05
2026-08-06T20:13:28.898Z,0.05
2026-08-06T20:13:45.241Z,0.03
2026-08-06T20:14:00.089Z,0.04
2026-08-06T20:14:14.273Z,0.04
2026-08-06T20:14:29.372Z,0.03
2026-08-06T20:14:44.449Z,0.03
2026-08-06T20:14:59.538Z,0.03
2026-08-06T20:15:14Z,0.03
2026-08-06T20:15:14.641Z,0.03
2026-08-06T20:15:29.728Z,0.04
2026-08-06T20:15:44.841Z,0.04
2026-08-06T20:15:59.877Z,0.04
2026-08-06T20:16:14.961Z,0.03
2026-08-06T20:16:30.104Z,0.03
2026-08-06T20:16:50.183Z,0.04
2026-08-06T20:17:10.273Z,0.04
2026-08-06T20:17:25.336Z,0.04
2026-08-06T20:17:40.477Z,0.04
2026-08-06T20:17:55.531Z,0.04
2026-08-06T20:18:11.686Z,0.04
2026-08-06T20:18:26.789Z,0.04
2026-08-06T20:18:45.747Z,0.02
2026-08-06T20:19:00.812Z,0.02
2026-08-06T20:19:15.903Z,0.05
2026-08-06T20:19:36.182Z,0.05
2026-08-06T20:19:51.082Z,0.05
2026-08-06T20:20:05Z,0.05
2026-08-06T20:20:12.197Z,0.05
2026-08-06T20:20:26.242Z,0.03
2026-08-06T20:20:41.631Z,0.03
2026-08-06T20:21:02.984Z,0.03
2026-08-06T20:21:21.517Z,0.02
2026-08-06T20:21:36.6Z,0.02
2026-08-06T20:21:56.68Z,0.04
2026-08-06T20:22:11.828Z,0.04
2026-08-06T20:22:27.482Z,0.04
2026-08-06T20:22:47.68Z,0.04
2026-08-06T20:23:02.693Z,0.04
2026-08-06T20:23:17.158Z,0.04
2026-08-06T20:23:32.219Z,0.04
2026-08-06T20:23:47.3Z,0.04
2026-08-06T20:24:04.15Z,0.04
2026-08-06T20:24:18.259Z,0.04
2026-08-06T20:24:37.582Z,0.03
2026-08-06T20:24:57.639Z,0.03
2026-08-06T20:25:12Z,0.03
2026-08-06T20:25:13.538Z,0.03
2026-08-06T20:25:27.795Z,0.04
2026-08-06T20:25:47.922Z,0.04
2026-08-06T20:26:08.723Z,0.03
2026-08-06T20:26:23.364Z,0.03
2026-08-06T20:26:43.113Z,0.03
2026-08-06T20:26:58.184Z,0.04
2026-08-06T20:27:18.269Z,0.04
2026-08-06T20:27:38.366Z,0.04
2026-08-06T20:27:53.405Z,0.04
2026-08-06T20:28:08.558Z,0.04
2026-08-06T20:28:23.57Z,0.04
2026-08-06T20:28:38.777Z,0.05
2026-08-06T20:28:53.806Z,0.05
2026-08-06T20:29:14.253Z,0.04
2026-08-06T20:29:29.048Z,0.04
2026-08-06T20:29:44.052Z,0.04
2026-08-06T20:29:59.12Z,0.04
2026-08-06T20:30:13Z,0.04
2026-08-06T20:30:14.207Z,0.04
2026-08-06T20:30:29.866Z,0.04
2026-08-06T20:30:44.423Z,0.04
2026-08-06T20:31:04.596Z,0.03
2026-08-06T20:31:19.519Z,0.03
2026-08-06T20:31:34.619Z,0.03
2026-08-06T20:31:49.699Z,0.03
2026-08-06T20:32:04.871Z,0.03
2026-08-06T20:32:19.887Z,0.03
2026-08-06T20:32:34.972Z,0.04
2026-08-06T20:32:55.007Z,0.04
2026-08-06T20:33:10.154Z,0.04
2026-08-06T20:33:25.194Z,0.04
2026-08-06T20:33:43.03Z,0.04
2026-08-06T20:33:55.405Z,0.03
2026-08-06T20:34:10.457Z,0.03
2026-08-06T20:34:25.525Z,0.03
2026-08-06T20:34:46.519Z,0.04
2026-08-06T20:35:00.828Z,0.04
2026-08-06T20:35:15Z,0.04
2026-08-06T20:35:15.802Z,0.04
2026-08-06T20:35:30.861Z,0.04
2026-08-06T20:35:46.008Z,0.04
2026-08-06T20:36:02.692Z,0.04
2026-08-06T20:36:16.205Z,0.04
2026-08-06T20:36:36.268Z,0.04
2026-08-06T20:36:51.383Z,0.03
2026-08-06T20:37:06.464Z,0.03
2026-08-06T20:37:21.548Z,0.03
2026-08-06T20:37:36.613Z,0.03
2026-08-06T20:37:56.71Z,0.03
2026-08-06T20:38:12.304Z,0.03
2026-08-06T20:38:27.552Z,0.04
2026-08-06T20:38:42.103Z,0.04
2026-08-06T20:39:02.906Z,0.05
2026-08-06T20:39:17.184Z,0.03
2026-08-06T20:39:37.388Z,0.03
2026-08-06T20:39:52.365Z,0.03
2026-08-06T20:40:12.74Z,0.03
2026-08-06T20:40:27Z,0.04
2026-08-06T20:40:27.483Z,0.04
2026-08-06T20:40:42.594Z,0.04
2026-08-06T20:40:57.849Z,0.04
2026-08-06T20:41:12.711Z,0.04
2026-08-06T20:41:32.8Z,0.04
2026-08-06T20:41:47.894Z,0.04
2026-08-06T20:42:03.079Z,0.05
2026-08-06T20:42:18.044Z,0.05
2026-08-06T20:42:33.149Z,0.05
2026-08-06T20:42:53.201Z,0.05
2026-08-06T20:43:08.39Z,0.05
2026-08-06T20:43:23.367Z,0.04
2026-08-06T20:43:38.529Z,0.04
2026-08-06T20:43:58.566Z,0.04
2026-08-06T20:44:19.347Z,0.04
2026-08-06T20:44:38.748Z,0.03
2026-08-06T20:44:53.804Z,0.04
2026-08-06T20:45:11.513Z,0.04
2026-08-06T20:45:28Z,0.03
2026-08-06T20:45:28.965Z,0.03
2026-08-06T20:45:43.99Z,0.03
2026-08-06T20:45:59.205Z,0.04
2026-08-06T20:46:14.133Z,0.04
2026-08-06T20:46:29.24Z,0.04
2026-08-06T20:46:49.328Z,0.04
2026-08-06T20:47:04.453Z,0.04
2026-08-06T20:47:19.642Z,0.04
2026-08-06T20:47:34.607Z,0.04
2026-08-06T20:47:54.737Z,0.05
2026-08-06T20:48:14.836Z,0.05
2026-08-06T20:48:34.784Z,0.05
2026-08-06T20:48:54.865Z,0.05
2026-08-06T20:49:09.955Z,0.05
2026-08-06T20:49:25.199Z,0.05
2026-08-06T20:49:40.114Z,0.04
2026-08-06T20:49:55.196Z,0.04
2026-08-06T20:50:13.848Z,0.03
2026-08-06T20:50:29Z,0.03
2026-08-06T20:50:30.696Z,0.03
2026-08-06T20:50:45.585Z,0.03
2026-08-06T20:51:02.539Z,0.03
2026-08-06T20:51:15.657Z,0.03
2026-08-06T20:51:36.379Z,0.04
2026-08-06T20:51:55.802Z,0.03
2026-08-06T20:52:10.864Z,0.03
2026-08-06T20:52:26.033Z,0.03
2026-08-06T20:52:42.911Z,0.03
2026-08-06T20:52:56.187Z,0.04
2026-08-06T20:53:11.397Z,0.04
2026-08-06T20:53:26.498Z,0.04
2026-08-06T20:53:46.452Z,0.04
2026-08-06T20:54:02.727Z,0.04
2026-08-06T20:54:16.633Z,0.04
2026-08-06T20:54:31.699Z,0.04
2026-08-06T20:54:51.817Z,0.03
2026-08-06T20:55:11.695Z,0.03
2026-08-06T20:55:21Z,0.04
2026-08-06T20:55:21.943Z,0.04
2026-08-06T20:55:37.134Z,0.04
2026-08-06T20:55:52.227Z,0.04
2026-08-06T20:56:07.235Z,0.04
2026-08-06T20:56:22.34Z,0.04
2026-08-06T20:56:37.389Z,0.04
2026-08-06T20:56:52.597Z,0.04
2026-08-06T20:57:07.582Z,0.04
2026-08-06T20:57:22.622Z,0.04
2026-08-06T20:57:37.717Z,0.04
2026-08-06T20:57:53.033Z,0.03
2026-08-06T20:58:12.899Z,0.03
2026-08-06T20:58:36.156Z,0.04
2026-08-06T20:58:48.056Z,0.04
2026-08-06T20:59:03.179Z,0.04
2026-08-06T20:59:18.302Z,0.04
2026-08-06T20:59:33.333Z,0.04
2026-08-06T20:59:48.393Z,0.04
2026-08-06T21:00:11.817Z,0.04
2026-08-06T21:00:23Z,0.04
2026-08-06T21:00:23.582Z,0.04
2026-08-06T21:00:38.671Z,0.04
2026-08-06T21:00:53.78Z,0.04
2026-08-06T21:01:08.828Z,0.04
2026-08-06T21:01:28.978Z,0.04
2026-08-06T21:01:49Z,0.03
2026-08-06T21:02:04.886Z,0.03
2026-08-06T21:02:24.184Z,0.03
2026-08-06T21:02:39.287Z,0.03
2026-08-06T21:02:54.333Z,0.03
2026-08-06T21:03:09.399Z,0.04
2026-08-06T21:03:24.49Z,0.04
2026-08-06T21:03:39.555Z,0.04
2026-08-06T21:03:54.647Z,0.04
2026-08-06T21:04:14.704Z,0.04
2026-08-06T21:04:29.826Z,0.04
2026-08-06T21:04:44.864Z,0.03
2026-08-06T21:05:12.801Z,0.03
2026-08-06T21:05:24Z,0.04
2026-08-06T21:05:25.165Z,0.04
2026-08-06T21:05:40.175Z,0.04
2026-08-06T21:05:55.294Z,0.04
2026-08-06T21:06:10.397Z,0.04
2026-08-06T21:06:25.426Z,0.04
2026-08-06T21:06:45.504Z,0.03
2026-08-06T21:07:05.582Z,0.03
2026-08-06T21:07:21.542Z,0.03
2026-08-06T21:07:40.742Z,0.03
2026-08-06T21:07:55.861Z,0.03
2026-08-06T21:08:11.726Z,0.05
2026-08-06T21:08:25.965Z,0.05
2026-08-06T21:08:41.101Z,0.05
2026-08-06T21:09:02.497Z,0.04
2026-08-06T21:09:16.23Z,0.03
2026-08-06T21:09:31.393Z,0.03
2026-08-06T21:09:51.395Z,0.03
2026-08-06T21:10:12.958Z,0.03
2026-08-06T21:10:21Z,0.03
2026-08-06T21:10:21.674Z,0.03
2026-08-06T21:10:41.912Z,0.03
2026-08-06T21:11:02.745Z,0.04
2026-08-06T21:11:16.844Z,0.04
2026-08-06T21:11:32.325Z,0.05
2026-08-06T21:11:46.994Z,0.03
2026-08-06T21:12:02.937Z,0.03
2026-08-06T21:12:17.181Z,0.03
2026-08-06T21:12:32.31Z,0.03
2026-08-06T21:12:47.445Z,0.03
2026-08-06T21:13:02.855Z,0.03
2026-08-06T21:13:17.615Z,0.03
2026-08-06T21:13:32.74Z,0.04
2026-08-06T21:13:47.831Z,0.04
2026-08-06T21:14:03.969Z,0.04
2026-08-06T21:14:22.926Z,0.04
2026-08-06T21:14:38.088Z,0.04
2026-08-06T21:14:53.119Z,0.04
2026-08-06T21:15:13.144Z,0.04
2026-08-06T21:15:27Z,0.04
2026-08-06T21:15:28.32Z,0.04
2026-08-06T21:15:43.408Z,0.04
2026-08-06T21:16:05.046Z,0.04
2026-08-06T21:16:18.912Z,0.04
2026-08-06T21:16:33.604Z,0.04
2026-08-06T21:16:53.642Z,0.03
2026-08-06T21:17:09.128Z,0.03
2026-08-06T21:17:28.843Z,0.04
2026-08-06T21:17:43.914Z,0.03
2026-08-06T21:17:59.024Z,0.03
2026-08-06T21:18:14.079Z,0.03
2026-08-06T21:18:29.142Z,0.03
2026-08-06T21:18:49.304Z,0.04
2026-08-06T21:19:09.346Z,0.04
2026-08-06T21:19:25.179Z,0.03
2026-08-06T21:19:39.5Z,0.03
2026-08-06T21:19:54.576Z,0.03
2026-08-06T21:20:14.687Z,0.03
2026-08-06T21:20:29Z,0.04
2026-08-06T21:20:29.782Z,0.04
2026-08-06T21:20:49.857Z,0.04
2026-08-06T21:21:04.958Z,0.04
2026-08-06T21:21:20.021Z,0.04
2026-08-06T21:21:36.73Z,0.03
2026-08-06T21:21:55.19Z,0.03
2026-08-06T21:22:10.329Z,0.04
2026-08-06T21:22:25.378Z,0.04
2026-08-06T21:22:41.412Z,0.04
2026-08-06T21:22:55.533Z,0.03
2026-08-06T21:23:10.721Z,0.03
2026-08-06T21:23:25.771Z,0.03
2026-08-06T21:23:40.81Z,0.03
2026-08-06T21:23:55.876Z,0.03
2026-08-06T21:24:11.03Z,0.03
2026-08-06T21:24:31.036Z,0.04
2026-08-06T21:24:51.442Z,0.04
2026-08-06T21:25:09.905Z,0.04
2026-08-06T21:25:21.311Z,0.05
2026-08-06T21:25:35Z,0.05
2026-08-06T21:25:36.446Z,0.05
2026-08-06T21:25:51.498Z,0.03
2026-08-06T21:26:06.588Z,0.03
2026-08-06T21:26:21.677Z,0.04
2026-08-06T21:26:36.784Z,0.04
2026-08-06T21:26:51.868Z,0.03
2026-08-06T21:27:06.914Z,0.03
2026-08-06T21:27:21.994Z,0.04
2026-08-06T21:27:37.102Z,0.04
2026-08-06T21:27:52.401Z,0.03
2026-08-06T21:28:12.298Z,0.03
2026-08-06T21:28:27.753Z,0.03
2026-08-06T21:28:42.492Z,0.03
2026-08-06T21:28:57.519Z,0.03
2026-08-06T21:29:12.926Z,0.03
2026-08-06T21:29:32.687Z,0.03
2026-08-06T21:29:47.79Z,0.04
2026-08-06T21:30:08.522Z,0.04
2026-08-06T21:30:17.905Z,0.04
2026-08-06T21:30:32Z,0.04
2026-08-06T21:30:34.803Z,0.04
2026-08-06T21:30:48.14Z,0.04
2026-08-06T21:31:03.23Z,0.04
2026-08-06T21:31:18.305Z,0.04
2026-08-06T21:31:33.388Z,0.04
2026-08-06T21:31:48.465Z,0.03
2026-08-06T21:32:09.359Z,0.03
2026-08-06T21:32:28.648Z,0.04
2026-08-06T21:32:44.012Z,0.04
2026-08-06T21:32:58.948Z,0.03
2026-08-06T21:33:14.536Z,0.03
2026-08-06T21:33:29.803Z,0.03
2026-08-06T21:33:44.101Z,0.03
2026-08-06T21:34:04.279Z,0.03
2026-08-06T21:34:20.306Z,0.04
2026-08-06T21:34:34.46Z,0.04
2026-08-06T21:34:49.488Z,0.04
2026-08-06T21:35:11.186Z,0.04
2026-08-06T21:35:19.63Z,0.04
2026-08-06T21:35:34Z,0.04
2026-08-06T21:35:34.823Z,0.04
2026-08-06T21:35:54.827Z,0.04
2026-08-06T21:36:10.077Z,0.03
2026-08-06T21:36:24.972Z,0.03
2026-08-06T21:36:45.171Z,0.04
2026-08-06T21:37:00.2Z,0.04
2026-08-06T21:37:15.183Z,0.03
2026-08-06T21:37:35.204Z,0.03
2026-08-06T21:37:50.314Z,0.03
2026-08-06T21:38:05.375Z,0.04
2026-08-06T21:38:20.451Z,0.04
2026-08-06T21:38:35.55Z,0.02
2026-08-06T21:38:51.602Z,0.02
2026-08-06T21:39:10.688Z,0.02
2026-08-06T21:39:25.799Z,0.04
2026-08-06T21:39:40.845Z,0.04
2026-08-06T21:39:55.932Z,0.04
2026-08-06T21:40:11.82Z,0.04
2026-08-06T21:40:26.195Z,0.03
2026-08-06T21:40:40Z,0.03
2026-08-06T21:40:42.889Z,0.03
2026-08-06T21:40:56.396Z,0.03
2026-08-06T21:41:16.5Z,0.03
2026-08-06T21:41:36.727Z,0.03
2026-08-06T21:41:51.619Z,0.03
2026-08-06T21:42:06.726Z,0.04
2026-08-06T21:42:26.798Z,0.04
2026-08-06T21:42:41.984Z,0.04
2026-08-06T21:42:57.066Z,0.05
2026-08-06T21:43:17.066Z,0.05
2026-08-06T21:43:32.206Z,0.05
2026-08-06T21:43:48.238Z,0.05
2026-08-06T21:44:07.789Z,0.04
2026-08-06T21:44:22.549Z,0.04
2026-08-06T21:44:37.587Z,0.04
2026-08-06T21:44:52.589Z,0.04
2026-08-06T21:45:11.721Z,0.03
2026-08-06T21:45:22.727Z,0.03
2026-08-06T21:45:37Z,0.03
2026-08-06T21:45:37.837Z,0.03
2026-08-06T21:45:52.877Z,0.04
2026-08-06T21:46:07.971Z,0.04
2026-08-06T21:46:23.052Z,0.05
2026-08-06T21:46:38.168Z,0.05
2026-08-06T21:46:58.227Z,0.05
2026-08-06T21:47:13.273Z,0.05
2026-08-06T21:47:28.44Z,0.04
2026-08-06T21:47:48.505Z,0.04
2026-08-06T21:48:03.608Z,0.04
2026-08-06T21:48:18.645Z,0.05
2026-08-06T21:48:33.738Z,0.05
2026-08-06T21:48:48.829Z,0.05
2026-08-06T21:49:04.211Z,0.04
2026-08-06T21:49:18.992Z,0.04
2026-08-06T21:49:34.065Z,0.04
2026-08-06T21:49:49.209Z,0.04
2026-08-06T21:50:12.37Z,0.04
2026-08-06T21:50:24.343Z,0.04
2026-08-06T21:50:38Z,0.04
2026-08-06T21:50:39.36Z,0.04
2026-08-06T21:50:54.447Z,0.04
2026-08-06T21:51:11.185Z,0.04
2026-08-06T21:51:24.623Z,0.03
2026-08-06T21:51:39.686Z,0.03
2026-08-06T21:51:54.752Z,0.03
2026-08-06T21:52:15.641Z,0.03
2026-08-06T21:52:29.933Z,0.03
2026-08-06T21:52:45.008Z,0.03
2026-08-06T21:53:00.093Z,0.04
2026-08-06T21:53:15.214Z,0.04
2026-08-06T21:53:35.245Z,0.04
2026-08-06T21:53:50.409Z,0.04
2026-08-06T21:54:10.421Z,0.03
2026-08-06T21:54:25.759Z,0.03
2026-08-06T21:54:40.563Z,0.03
2026-08-06T21:55:00.804Z,0.03
2026-08-06T21:55:20.75Z,0.03
2026-08-06T21:55:36.116Z,0.03
2026-08-06T21:55:50Z,0.05
2026-08-06T21:55:50.931Z,0.05
2026-08-06T21:56:05.992Z,0.05
2026-08-06T21:56:21.071Z,0.05
2026-08-06T21:56:36.233Z,0.05
2026-08-06T21:56:51.314Z,0.03
2026-08-06T21:57:06.278Z,0.03
2026-08-06T21:57:22.331Z,0.05
2026-08-06T21:57:36.515Z,0.05
2026-08-06T21:57:56.57Z,0.04
2026-08-06T21:58:11.63Z,0.04
2026-08-06T21:58:26.74Z,0.05
2026-08-06T21:58:48.001Z,0.05
2026-08-06T21:59:06.865Z,0.04
2026-08-06T21:59:21.949Z,0.04
2026-08-06T21:59:37.059Z,0.04
2026-08-06T21:59:52.149Z,0.03
2026-08-06T22:00:12.671Z,0.03
2026-08-06T22:00:28.171Z,0.03
2026-08-06T22:00:41Z,0.04
2026-08-06T22:00:42.372Z,0.04
2026-08-06T22:00:57.564Z,0.04
2026-08-06T22:01:13.406Z,0.05
2026-08-06T22:01:27.588Z,0.05
2026-08-06T22:01:42.67Z,0.03
2026-08-06T22:01:57.803Z,0.03
2026-08-06T22:02:12.938Z,0.03
2026-08-06T22:02:28.034Z,0.04
2026-08-06T22:02:48.112Z,0.04
2026-08-06T22:03:08.167Z,0.04
2026-08-06T22:03:23.225Z,0.04
2026-08-06T22:03:43.391Z,0.03
2026-08-06T22:03:58.46Z,0.04
2026-08-06T22:04:13.478Z,0.04
2026-08-06T22:04:28.613Z,0.04
2026-08-06T22:04:43.712Z,0.04
2026-08-06T22:04:58.747Z,0.04
2026-08-06T22:05:18.846Z,0.03
2026-08-06T22:05:38.926Z,0.03
2026-08-06T22:05:53Z,0.04
2026-08-06T22:05:54.555Z,0.04
2026-08-06T22:06:09.077Z,0.04
2026-08-06T22:06:24.156Z,0.04
2026-08-06T22:06:39.286Z,0.03
2026-08-06T22:06:54.341Z,0.03
2026-08-06T22:07:14.465Z,0.04
2026-08-06T22:07:29.471Z,0.04
2026-08-06T22:07:44.561Z,0.04
2026-08-06T22:08:04.981Z,0.03
2026-08-06T22:08:19.738Z,0.03
2026-08-06T22:08:39.806Z,0.03
2026-08-06T22:08:59.903Z,0.03
2026-08-06T22:09:19.997Z,0.03
2026-08-06T22:09:35.116Z,0.03
2026-08-06T22:09:50.356Z,0.05
2026-08-06T22:10:12.488Z,0.05
2026-08-06T22:10:20.321Z,0.04
2026-08-06T22:10:37.251Z,0.04
2026-08-06T22:10:50Z,0.04
2026-08-06T22:10:50.426Z,0.04
2026-08-06T22:11:05.535Z,0.04
2026-08-06T22:11:25.656Z,0.04
2026-08-06T22:11:40.677Z,0.04
2026-08-06T22:11:56.117Z,0.04
2026-08-06T22:12:10.876Z,0.04
2026-08-06T22:12:30.997Z,0.02
2026-08-06T22:12:46.048Z,0.02
2026-08-06T22:13:02.432Z,0.02
2026-08-06T22:13:16.19Z,0.02
2026-08-06T22:13:36.297Z,0.04
2026-08-06T22:13:51.382Z,0.04
2026-08-06T22:14:11.454Z,0.04
2026-08-06T22:14:31.546Z,0.03
2026-08-06T22:14:51.612Z,0.03
2026-08-06T22:15:11.842Z,0.03
2026-08-06T22:15:31.783Z,0.03
2026-08-06T22:15:46Z,0.05
2026-08-06T22:15:47.137Z,0.05
2026-08-06T22:16:03.144Z,0.05
2026-08-06T22:16:17.186Z,0.04
2026-08-06T22:16:37.286Z,0.04
2026-08-06T22:16:52.215Z,0.04
2026-08-06T22:17:12.335Z,0.04
2026-08-06T22:17:27.377Z,0.05
2026-08-06T22:17:43.605Z,0.05
2026-08-06T22:18:02.797Z,0.04
2026-08-06T22:18:22.613Z,0.04
2026-08-06T22:18:37.69Z,0.04
2026-08-06T22:18:52.995Z,0.04
2026-08-06T22:19:12.908Z,0.04
2026-08-06T22:19:28.021Z,0.04
2026-08-06T22:19:43.067Z,0.04
2026-08-06T22:19:58.211Z,0.04
2026-08-06T22:20:13.248Z,0.03
2026-08-06T22:20:28.372Z,0.03
2026-08-06T22:20:43.473Z,0.03
2026-08-06T22:20:58Z,0.03
2026-08-06T22:20:58.534Z,0.03
2026-08-06T22:21:13.55Z,0.05
2026-08-06T22:21:28.632Z,0.05
2026-08-06T22:21:43.83Z,0.04
2026-08-06T22:22:01.038Z,0.04
2026-08-06T22:22:13.939Z,0.05
2026-08-06T22:22:34.13Z,0.05
2026-08-06T22:22:54.089Z,0.04
2026-08-06T22:23:14.378Z,0.03
2026-08-06T22:23:29.24Z,0.03
2026-08-06T22:23:44.357Z,0.03
2026-08-06T22:23:59.41Z,0.04
2026-08-06T22:24:14.634Z,0.04
2026-08-06T22:24:34.641Z,0.03
2026-08-06T22:24:49.699Z,0.05
2026-08-06T22:25:13.363Z,0.05
2026-08-06T22:25:29.832Z,0.04
2026-08-06T22:25:49Z,0.04
2026-08-06T22:25:49.952Z,0.04
2026-08-06T22:26:06.601Z,0.04
2026-08-06T22:26:20.091Z,0.03
2026-08-06T22:26:35.208Z,0.03
2026-08-06T22:26:55.278Z,0.04
2026-08-06T22:27:10.38Z,0.04
2026-08-06T22:27:25.441Z,0.04
2026-08-06T22:27:40.537Z,0.04
2026-08-06T22:27:57.207Z,0.04
2026-08-06T22:28:10.894Z,0.04
2026-08-06T22:28:25.777Z,0.04
2026-08-06T22:28:45.897Z,0.04
2026-08-06T22:29:03.513Z,0.05
2026-08-06T22:29:16.072Z,0.05
2026-08-06T22:29:31.369Z,0.05
2026-08-06T22:29:51.244Z,0.05
2026-08-06T22:30:15.617Z,0.03
2026-08-06T22:30:21.804Z,0.03
2026-08-06T22:30:36.532Z,0.03
2026-08-06T22:30:51Z,0.03
2026-08-06T22:30:51.55Z,0.03
2026-08-06T22:31:06.628Z,0.03
2026-08-06T22:31:26.743Z,0.03
2026-08-06T22:31:46.868Z,0.03
2026-08-06T22:32:02.941Z,0.03
2026-08-06T22:32:21.972Z,0.03
2026-08-06T22:32:37.088Z,0.03
2026-08-06T22:32:52.145Z,0.03
2026-08-06T22:33:07.207Z,0.03
2026-08-06T22:33:22.326Z,0.03
2026-08-06T22:33:37.365Z,0.03
2026-08-06T22:33:52.517Z,0.03
2026-08-06T22:34:12.579Z,0.04
2026-08-06T22:34:27.649Z,0.04
2026-08-06T22:34:42.714Z,0.04
2026-08-06T22:34:57.802Z,0.05
2026-08-06T22:35:17.88Z,0.03
2026-08-06T22:35:32.943Z,0.03
2026-08-06T22:35:48.095Z,0.03
2026-08-06T22:36:02Z,0.04
2026-08-06T22:36:03.149Z,0.04
2026-08-06T22:36:18.258Z,0.04
2026-08-06T22:36:33.344Z,0.03
2026-08-06T22:36:48.427Z,0.03
2026-08-06T22:37:08.483Z,0.04
2026-08-06T22:37:27.114Z,0.04
2026-08-06T22:37:38.665Z,0.04
2026-08-06T22:37:58.782Z,0.04
2026-08-06T22:38:13.901Z,0.04
2026-08-06T22:38:28.919Z,0.04
2026-08-06T22:38:44.04Z,0.03
2026-08-06T22:38:59.105Z,0.03
2026-08-06T22:39:14.215Z,0.03
2026-08-06T22:39:29.269Z,0.03
2026-08-06T22:39:49.369Z,0.03
2026-08-06T22:40:09.585Z,0.03
2026-08-06T22:40:20.02Z,0.02
2026-08-06T22:40:34.623Z,0.02
2026-08-06T22:40:49.647Z,0.05
2026-08-06T22:41:04Z,0.05
2026-08-06T22:41:04.735Z,0.05
2026-08-06T22:41:19.968Z,0.04
2026-08-06T22:41:34.917Z,0.04
2026-08-06T22:41:50.271Z,0.04
2026-08-06T22:42:05.099Z,0.04
2026-08-06T22:42:20.285Z,0.04
2026-08-06T22:42:35.301Z,0.04
2026-08-06T22:42:50.385Z,0.05
2026-08-06T22:43:05.451Z,0.05
2026-08-06T22:43:25.544Z,0.05
2026-08-06T22:43:40.643Z,0.05
2026-08-06T22:43:55.751Z,0.04
2026-08-06T22:44:10.845Z,0.04
2026-08-06T22:44:25.915Z,0.03
2026-08-06T22:44:40.938Z,0.03
2026-08-06T22:44:56.036Z,0.03
2026-08-06T22:45:14.05Z,0.04
2026-08-06T22:45:26.18Z,0.04
2026-08-06T22:45:46.267Z,0.04
2026-08-06T22:46:05Z,0.04
2026-08-06T22:46:07.105Z,0.04
2026-08-06T22:46:21.458Z,0.04
2026-08-06T22:46:36.547Z,0.04
2026-08-06T22:46:51.598Z,0.04
2026-08-06T22:47:06.727Z,0.03
2026-08-06T22:47:21.824Z,0.03
2026-08-06T22:47:41.943Z,0.03
2026-08-06T22:48:04.26Z,0.03
2026-08-06T22:48:17.108Z,0.04
2026-08-06T22:48:32.133Z,0.04
2026-08-06T22:48:47.258Z,0.02
2026-08-06T22:49:07.33Z,0.02
2026-08-06T22:49:22.962Z,0.03
2026-08-06T22:49:37.583Z,0.03
2026-08-06T22:49:57.606Z,0.03
2026-08-06T22:50:13.268Z,0.05
2026-08-06T22:50:27.783Z,0.05
2026-08-06T22:50:42.842Z,0.04
2026-08-06T22:51:02Z,0.04
2026-08-06T22:51:06.526Z,0.04
2026-08-06T22:51:18.708Z,0.04
2026-08-06T22:51:33.066Z,0.04
2026-08-06T22:51:53.148Z,0.04
2026-08-06T22:52:13.204Z,0.04
2026-08-06T22:52:33.339Z,0.04
2026-08-06T22:52:48.437Z,0.05
2026-08-06T22:53:08.442Z,0.05
2026-08-06T22:53:23.531Z,0.05
2026-08-06T22:53:38.617Z,0.05
2026-08-06T22:53:53.698Z,0.05
2026-08-06T22:54:13.842Z,0.04
2026-08-06T22:54:33.902Z,0.04
2026-08-06T22:54:49.081Z,0.04
2026-08-06T22:55:08.545Z,0.03
2026-08-06T22:55:19.125Z,0.03
2026-08-06T22:55:36.51Z,0.03
2026-08-06T22:55:49.283Z,0.03
2026-08-06T22:56:03Z,0.03
2026-08-06T22:56:05.196Z,0.03
2026-08-06T22:56:19.5Z,0.04
2026-08-06T22:56:34.568Z,0.04
2026-08-06T22:56:49.792Z,0.04
2026-08-06T22:57:04.751Z,0.04
2026-08-06T22:57:19.78Z,0.04
2026-08-06T22:57:39.955Z,0.03
2026-08-06T22:57:59.968Z,0.03
2026-08-06T22:58:15.177Z,0.03
2026-08-06T22:58:30.169Z,0.03
2026-08-06T22:58:45.22Z,0.03
2026-08-06T22:59:00.324Z,0.03
2026-08-06T22:59:16.785Z,0.03
2026-08-06T22:59:30.46Z,0.04
2026-08-06T22:59:50.547Z,0.04
2026-08-06T23:00:12.398Z,0.03
2026-08-06T23:00:20.724Z,0.03
2026-08-06T23:00:35.923Z,0.03
2026-08-06T23:00:51.077Z,0.03
2026-08-06T23:01:05Z,0.04
2026-08-06T23:01:06.078Z,0.04
2026-08-06T23:01:21.163Z,0.05
2026-08-06T23:01:36.233Z,0.05
2026-08-06T23:01:56.341Z,0.05
2026-08-06T23:02:11.409Z,0.05
2026-08-06T23:02:26.476Z,0.03
2026-08-06T23:02:41.696Z,0.03
2026-08-06T23:02:56.636Z,0.05
2026-08-06T23:03:11.738Z,0.05
2026-08-06T23:03:26.823Z,0.04
2026-08-06T23:03:41.933Z,0.04
2026-08-06T23:03:56.981Z,0.04
2026-08-06T23:04:12.098Z,0.04
2026-08-06T23:04:27.157Z,0.04
2026-08-06T23:04:42.25Z,0.04
2026-08-06T23:04:57.406Z,0.04
2026-08-06T23:05:14.155Z,0.04
2026-08-06T23:05:27.472Z,0.04
2026-08-06T23:05:42.599Z,0.03
2026-08-06T23:06:02Z,0.03
2026-08-06T23:06:04.221Z,0.03
2026-08-06T23:06:17.827Z,0.03
2026-08-06T23:06:32.899Z,0.03
2026-08-06T23:06:47.965Z,0.04
2026-08-06T23:07:03.054Z,0.04
2026-08-06T23:07:23.269Z,0.04
2026-08-06T23:07:38.428Z,0.04
2026-08-06T23:07:53.312Z,0.03
2026-08-06T23:08:10.215Z,0.03
2026-08-06T23:08:23.479Z,0.04
2026-08-06T23:08:38.587Z,0.04
2026-08-06T23:08:56.321Z,0.04
2026-08-06T23:09:08.737Z,0.04
2026-08-06T23:09:25.266Z,0.04
2026-08-06T23:09:42.091Z,0.04
2026-08-06T23:09:53.905Z,0.03
2026-08-06T23:10:12.593Z,0.03
2026-08-06T23:10:24.086Z,0.02
2026-08-06T23:10:39.201Z,0.02
2026-08-06T23:10:54.302Z,0.03
2026-08-06T23:11:08Z,0.03
2026-08-06T23:11:09.392Z,0.03
2026-08-06T23:11:24.444Z,0.03
2026-08-06T23:11:39.553Z,0.04
2026-08-06T23:11:54.756Z,0.04
2026-08-06T23:12:14.669Z,0.03
2026-08-06T23:12:29.715Z,0.05
2026-08-06T23:12:44.819Z,0.05
2026-08-06T23:12:59.947Z,0.05
2026-08-06T23:13:15.053Z,0.05
2026-08-06T23:13:30.152Z,0.05
2026-08-06T23:13:50.235Z,0.05
2026-08-06T23:14:10.3Z,0.05
2026-08-06T23:14:25.458Z,0.04
2026-08-06T23:14:40.462Z,0.04
2026-08-06T23:15:00.887Z,0.04
2026-08-06T23:15:26.892Z,0.04
2026-08-06T23:15:36.123Z,0.04
2026-08-06T23:15:51.147Z,0.04
2026-08-06T23:16:05Z,0.04
2026-08-06T23:16:06.405Z,0.04
2026-08-06T23:16:26.578Z,0.04
2026-08-06T23:16:41.45Z,0.04
2026-08-06T23:16:56.654Z,0.05
2026-08-06T23:17:11.577Z,0.05
2026-08-06T23:17:26.656Z,0.05
2026-08-06T23:17:46.797Z,0.05
2026-08-06T23:18:03.946Z,0.05
2026-08-06T23:18:16.941Z,0.04
2026-08-06T23:18:32.198Z,0.04
2026-08-06T23:18:47.745Z,0.04
2026-08-06T23:19:03.814Z,0.04
2026-08-06T23:19:17.394Z,0.04
2026-08-06T23:19:32.471Z,0.04
2026-08-06T23:19:52.526Z,0.04
2026-08-06T23:20:12.744Z,0.03
2026-08-06T23:20:23.083Z,0.03
2026-08-06T23:20:38.089Z,0.04
2026-08-06T23:20:58.122Z,0.04
2026-08-06T23:21:12Z,0.04
2026-08-06T23:21:14.515Z,0.04
2026-08-06T23:21:28.382Z,0.04
2026-08-06T23:21:43.581Z,0.04
2026-08-06T23:21:58.417Z,0.04
2026-08-06T23:22:18.588Z,0.03
2026-08-06T23:22:33.565Z,0.03
2026-08-06T23:22:48.64Z,0.03
2026-08-06T23:23:04.049Z,0.04
2026-08-06T23:23:19.245Z,0.04
2026-08-06T23:23:38.956Z,0.04
2026-08-06T23:23:54.041Z,0.04
2026-08-06T23:24:09.117Z,0.04
2026-08-06T23:24:24.224Z,0.04
2026-08-06T23:24:39.288Z,0.04
2026-08-06T23:24:54.382Z,0.04
2026-08-06T23:25:13.262Z,0.04
2026-08-06T23:25:24.586Z,0.04
2026-08-06T23:25:44.624Z,0.03
2026-08-06T23:25:59.733Z,0.04
2026-08-06T23:26:14Z,0.04
2026-08-06T23:26:14.975Z,0.04
2026-08-06T23:26:29.924Z,0.04
2026-08-06T23:26:44.977Z,0.03
2026-08-06T23:27:00.036Z,0.03
2026-08-06T23:27:15.122Z,0.03
2026-08-06T23:27:31.091Z,0.03
2026-08-06T23:27:45.307Z,0.05
2026-08-06T23:28:00.405Z,0.05
2026-08-06T23:28:15.47Z,0.05
2026-08-06T23:28:30.564Z,0.05
2026-08-06T23:28:45.678Z,0.05
2026-08-06T23:29:05.738Z,0.05
2026-08-06T23:29:20.84Z,0.03
2026-08-06T23:29:35.896Z,0.03
2026-08-06T23:29:51.036Z,0.04
2026-08-06T23:30:12.732Z,0.04
2026-08-06T23:30:21.149Z,0.05
2026-08-06T23:30:36.238Z,0.03
2026-08-06T23:30:56.31Z,0.03
2026-08-06T23:31:10Z,0.03
2026-08-06T23:31:11.467Z,0.03
2026-08-06T23:31:26.553Z,0.03
2026-08-06T23:31:46.652Z,0.03
2026-08-06T23:32:02.773Z,0.03
2026-08-06T23:32:16.818Z,0.04
2026-08-06T23:32:31.882Z,0.04
2026-08-06T23:32:46.98Z,0.04
2026-08-06T23:33:03.017Z,0.04
2026-08-06T23:33:17.151Z,0.05
2026-08-06T23:33:32.207Z,0.05
2026-08-06T23:33:47.468Z,0.04
2026-08-06T23:34:03.078Z,0.04
2026-08-06T23:34:17.577Z,0.04
2026-08-06T23:34:34.25Z,0.04
2026-08-06T23:34:47.792Z,0.04
2026-08-06T23:35:13.169Z,0.04
2026-08-06T23:35:27.872Z,0.03
2026-08-06T23:35:43.049Z,0.03
2026-08-06T23:36:03.807Z,0.03
2026-08-06T23:36:17Z,0.03
2026-08-06T23:36:18.926Z,0.03
2026-08-06T23:36:33.221Z,0.03
2026-08-06T23:36:53.276Z,0.03
2026-08-06T23:37:08.341Z,0.03
2026-08-06T23:37:23.495Z,0.05
2026-08-06T23:37:38.535Z,0.05
2026-08-06T23:37:53.59Z,0.04
2026-08-06T23:38:08.659Z,0.04
2026-08-06T23:38:28.783Z,0.04
2026-08-06T23:38:49.214Z,0.04
2026-08-06T23:39:03.964Z,0.04
2026-08-06T23:39:19.004Z,0.05
2026-08-06T23:39:34.113Z,0.05
2026-08-06T23:39:49.222Z,0.05
2026-08-06T23:40:12.704Z,0.03
2026-08-06T23:40:20.215Z,0.03
2026-08-06T23:40:39.453Z,0.03
2026-08-06T23:41:00.569Z,0.05
2026-08-06T23:41:14Z,0.05
2026-08-06T23:41:14.643Z,0.05
2026-08-06T23:41:30.686Z,0.05
2026-08-06T23:41:44.811Z,0.03
2026-08-06T23:41:59.891Z,0.03
2026-08-06T23:42:14.984Z,0.03
2026-08-06T23:42:36.148Z,0.03
2026-08-06T23:42:55.251Z,0.03
2026-08-06T23:43:15.333Z,0.03
2026-08-06T23:43:31.26Z,0.04
2026-08-06T23:43:45.426Z,0.04
2026-08-06T23:44:05.505Z,0.04
2026-08-06T23:44:25.579Z,0.04
2026-08-06T23:44:46.474Z,0.04
2026-08-06T23:45:11.832Z,0.03
2026-08-06T23:45:20.798Z,0.03
2026-08-06T23:45:41.005Z,0.03
2026-08-06T23:45:55.961Z,0.03
2026-08-06T23:46:10Z,0.03
2026-08-06T23:46:11.051Z,0.03
2026-08-06T23:46:31.177Z,0.04
2026-08-06T23:46:46.466Z,0.04
2026-08-06T23:47:03.197Z,0.04
2026-08-06T23:47:21.371Z,0.03
2026-08-06T23:47:36.436Z,0.03
2026-08-06T23:47:51.748Z,0.03
2026-08-06T23:48:11.874Z,0.03
2026-08-06T23:48:31.924Z,0.03
2026-08-06T23:48:46.997Z,0.03
2026-08-06T23:49:02.957Z,0.04
2026-08-06T23:49:17.172Z,0.03
2026-08-06T23:49:32.811Z,0.03
2026-08-06T23:49:48.167Z,0.03
2026-08-06T23:50:11.477Z,0.03
2026-08-06T23:50:22.496Z,0.04
2026-08-06T23:50:37.59Z,0.04
2026-08-06T23:50:52.669Z,0.04
2026-08-06T23:51:07.811Z,0.04
2026-08-06T23:51:27Z,0.04
2026-08-06T23:51:27.951Z,0.04
2026-08-06T23:51:43.018Z,0.04
2026-08-06T23:51:58.058Z,0.04
2026-08-06T23:52:13.126Z,0.04
2026-08-06T23:52:28.234Z,0.04
2026-08-06T23:52:44.09Z,0.04
2026-08-06T23:52:58.359Z,0.04
2026-08-06T23:53:13.453Z,0.04
2026-08-06T23:53:28.598Z,0.03
2026-08-06T23:53:43.757Z,0.03
2026-08-06T23:53:58.669Z,0.04
2026-08-06T23:54:13.833Z,0.04
2026-08-06T23:54:34.004Z,0.04
2026-08-06T23:54:49.034Z,0.04
2026-08-06T23:55:12.038Z,0.04
2026-08-06T23:55:24.702Z,0.04
2026-08-06T23:55:44.214Z,0.05
2026-08-06T23:56:00.508Z,0.04
2026-08-06T23:56:13Z,0.04
2026-08-06T23:56:15.861Z,0.04
2026-08-06T23:56:34.423Z,0.04
2026-08-06T23:56:49.549Z,0.04
2026-08-06T23:57:04.597Z,0.04
2026-08-06T23:57:25.364Z,0.04
2026-08-06T23:57:39.751Z,0.03
2026-08-06T23:57:54.826Z,0.03
2026-08-06T23:58:09.892Z,0.03
2026-08-06T23:58:24.978Z,0.03
2026-08-06T23:58:40.057Z,0.04
2026-08-06T23:59:00.14Z,0.05
2026-08-06T23:59:15.225Z,0.05
2026-08-06T23:59:30.319Z,0.05
2026-08-06T23:59:45.384Z,0.03
2026-08-07T00:00:12.791Z,0.03
2026-08-07T00:00:20.657Z,0.03
2026-08-07T00:00:35.691Z,0.03
2026-08-07T00:00:55.721Z,0.03
2026-08-07T00:01:15Z,0.05
2026-08-07T00:01:15.845Z,0.05
2026-08-07T00:01:36.37Z,0.05
2026-08-07T00:01:50.973Z,0.03
2026-08-07T00:02:06.052Z,0.03
2026-08-07T00:02:21.182Z,0.04
2026-08-07T00:02:41.279Z,0.04
2026-08-07T00:03:02.779Z,0.03
2026-08-07T00:03:21.462Z,0.04
2026-08-07T00:03:36.613Z,0.04
2026-08-07T00:03:51.61Z,0.04
2026-08-07T00:04:06.683Z,0.04
2026-08-07T00:04:21.826Z,0.04
2026-08-07T00:04:36.84Z,0.03
2026-08-07T00:04:51.93Z,0.03
2026-08-07T00:05:08.958Z,0.02
2026-08-07T00:05:29.555Z,0.04
2026-08-07T00:05:42.541Z,0.04
2026-08-07T00:05:57.321Z,0.04
2026-08-07T00:06:12.359Z,0.05
2026-08-07T00:06:26Z,0.05
2026-08-07T00:06:27.411Z,0.05
2026-08-07T00:06:42.536Z,0.05
2026-08-07T00:06:57.597Z,0.05
2026-08-07T00:07:17.735Z,0.04
2026-08-07T00:07:32.746Z,0.04
2026-08-07T00:07:47.831Z,0.04
2026-08-07T00:08:03.044Z,0.03
2026-08-07T00:08:23.009Z,0.03
2026-08-07T00:08:38.65Z,0.03
2026-08-07T00:08:53.174Z,0.03
2026-08-07T00:09:13.253Z,0.06
2026-08-07T00:09:28.415Z,0.06
2026-08-07T00:09:43.499Z,0.05
2026-08-07T00:10:11.644Z,0.05
2026-08-07T00:10:18.69Z,0.05
2026-08-07T00:10:38.767Z,0.04
2026-08-07T00:10:54.057Z,0.04
2026-08-07T00:11:08.961Z,0.04
2026-08-07T00:11:28Z,0.04
2026-08-07T00:11:29.095Z,0.04
2026-08-07T00:11:44.281Z,0.04
2026-08-07T00:11:59.127Z,0.04
2026-08-07T00:12:20.027Z,0.04
2026-08-07T00:12:34.34Z,0.04
2026-08-07T00:12:49.389Z,0.04
2026-08-07T00:13:04.522Z,0.04
2026-08-07T00:13:19.585Z,0.02
2026-08-07T00:13:34.704Z,0.02
2026-08-07T00:13:57.097Z,0.04
2026-08-07T00:14:09.831Z,0.04
2026-08-07T00:14:24.915Z,0.04
2026-08-07T00:14:39.984Z,0.04
2026-08-07T00:14:56.66Z,0.04
2026-08-07T00:15:14.729Z,0.03
2026-08-07T00:15:25.372Z,0.03
2026-08-07T00:15:40.811Z,0.04
2026-08-07T00:15:55.456Z,0.04
2026-08-07T00:16:15.572Z,0.03
2026-08-07T00:16:30Z,0.03
2026-08-07T00:16:30.628Z,0.03
2026-08-07T00:16:47.027Z,0.05
2026-08-07T00:17:05.843Z,0.05
2026-08-07T00:17:20.855Z,0.05
2026-08-07T00:17:40.936Z,0.04
2026-08-07T00:17:56.004Z,0.04
2026-08-07T00:18:11.729Z,0.04
2026-08-07T00:18:26.256Z,0.03
2026-08-07T00:18:46.797Z,0.04
2026-08-07T00:19:06.42Z,0.04
2026-08-07T00:19:21.486Z,0.03
2026-08-07T00:19:36.566Z,0.03
2026-08-07T00:19:51.621Z,0.03
2026-08-07T00:20:12.245Z,0.03
2026-08-07T00:20:21.867Z,0.03
2026-08-07T00:20:41.877Z,0.03
2026-08-07T00:20:56.964Z,0.03
2026-08-07T00:21:12.04Z,0.04
2026-08-07T00:21:26Z,0.04
2026-08-07T00:21:27.148Z,0.04
2026-08-07T00:21:42.18Z,0.04
2026-08-07T00:21:57.281Z,0.04
2026-08-07T00:22:17.366Z,0.04
2026-08-07T00:22:32.439Z,0.04
2026-08-07T00:22:47.537Z,0.03
2026-08-07T00:23:08.305Z,0.04
2026-08-07T00:23:22.76Z,0.04
2026-08-07T00:23:37.854Z,0.04
2026-08-07T00:23:54.009Z,0.04
2026-08-07T00:24:07.971Z,0.03
2026-08-07T00:24:23.695Z,0.03
2026-08-07T00:24:43.198Z,0.04
2026-08-07T00:24:58.267Z,0.04
2026-08-07T00:25:13.349Z,0.03
2026-08-07T00:25:28.425Z,0.03
2026-08-07T00:25:43.621Z,0.03
2026-08-07T00:25:58.697Z,0.05
2026-08-07T00:26:13.727Z,0.05
2026-08-07T00:26:28Z,0.05
2026-08-07T00:26:28.926Z,0.05
2026-08-07T00:26:44.09Z,0.05
2026-08-07T00:26:59.04Z,0.05
2026-08-07T00:27:19.15Z,0.03
2026-08-07T00:27:34.209Z,0.04
2026-08-07T00:27:54.258Z,0.04
2026-08-07T00:28:09.366Z,0.04
2026-08-07T00:28:24.457Z,0.04
2026-08-07T00:28:40.012Z,0.04
2026-08-07T00:28:54.652Z,0.04
2026-08-07T00:29:09.695Z,0.04
2026-08-07T00:29:24.79Z,0.04
2026-08-07T00:29:40.683Z,0.04
2026-08-07T00:29:55.178Z,0.02
2026-08-07T00:30:13.032Z,0.02
2026-08-07T00:30:25.162Z,0.04
2026-08-07T00:30:41.26Z,0.04
2026-08-07T00:30:55.388Z,0.03
2026-08-07T00:31:10.435Z,0.03
2026-08-07T00:31:29Z,0.05
2026-08-07T00:31:30.516Z,0.05
2026-08-07T00:31:45.627Z,0.05
2026-08-07T00:32:03.655Z,0.05
2026-08-07T00:32:15.875Z,0.04
2026-08-07T00:32:30.927Z,0.04
2026-08-07T00:32:50.997Z,0.04
2026-08-07T00:33:06.101Z,0.04
2026-08-07T00:33:26.185Z,0.04
2026-08-07T00:33:41.246Z,0.04
2026-08-07T00:34:03.389Z,0.04
2026-08-07T00:34:16.55Z,0.04
2026-08-07T00:34:31.741Z,0.04
2026-08-07T00:34:46.775Z,0.03
2026-08-07T00:35:10.785Z,0.03
2026-08-07T00:35:22.491Z,0.03
2026-08-07T00:35:36.925Z,0.03
2026-08-07T00:35:52.057Z,0.03
2026-08-07T00:36:07.214Z,0.03
2026-08-07T00:36:22.19Z,0.04
2026-08-07T00:36:36Z,0.04
2026-08-07T00:36:37.453Z,0.04
2026-08-07T00:36:52.412Z,0.03
2026-08-07T00:37:07.454Z,0.03
2026-08-07T00:37:22.512Z,0.03
2026-08-07T00:37:42.714Z,0.03
2026-08-07T00:37:57.71Z,0.03
2026-08-07T00:38:12.789Z,0.03
2026-08-07T00:38:27.838Z,0.03
2026-08-07T00:38:43.355Z,0.03
2026-08-07T00:38:58.424Z,0.03
2026-08-07T00:39:18.7Z,0.02
2026-08-07T00:39:33.598Z,0.02
2026-08-07T00:39:48.714Z,0.02
2026-08-07T00:40:10.167Z,0.02
2026-08-07T00:40:18.847Z,0.04
2026-08-07T00:40:33.935Z,0.04
2026-08-07T00:40:54.035Z,0.05
2026-08-07T00:41:09.107Z,0.05
2026-08-07T00:41:24.278Z,0.04
2026-08-07T00:41:43Z,0.04
2026-08-07T00:41:44.304Z,0.04
2026-08-07T00:42:03.171Z,0.04
2026-08-07T00:42:14.428Z,0.04
2026-08-07T00:42:29.51Z,0.04
2026-08-07T00:42:49.665Z,0.03
2026-08-07T00:43:04.746Z,0.03
2026-08-07T00:43:20.862Z,0.03
2026-08-07T00:43:35.076Z,0.03
2026-08-07T00:43:50.164Z,0.03
2026-08-07T00:44:05.238Z,0.04
2026-08-07T00:44:25.352Z,0.04
2026-08-07T00:44:40.407Z,0.04
2026-08-07T00:44:55.514Z,0.04
2026-08-07T00:45:12.129Z,0.03
2026-08-07T00:45:25.703Z,0.03
2026-08-07T00:45:40.749Z,0.04
2026-08-07T00:45:55.874Z,0.04
2026-08-07T00:46:15.953Z,0.04
2026-08-07T00:46:30.989Z,0.04
2026-08-07T00:46:45Z,0.04
2026-08-07T00:46:46.059Z,0.04
2026-08-07T00:47:02.814Z,0.03
2026-08-07T00:47:16.276Z,0.03
2026-08-07T00:47:31.308Z,0.03
2026-08-07T00:47:46.423Z,0.04
2026-08-07T00:48:03.362Z,0.04
2026-08-07T00:48:17.809Z,0.04
2026-08-07T00:48:31.695Z,0.04
2026-08-07T00:48:46.812Z,0.04
2026-08-07T00:49:02.791Z,0.03
2026-08-07T00:49:16.935Z,0.03
2026-08-07T00:49:37.024Z,0.03
2026-08-07T00:49:52.095Z,0.03
2026-08-07T00:50:11.341Z,0.03
2026-08-07T00:50:22.32Z,0.03
2026-08-07T00:50:38.878Z,0.03
2026-08-07T00:50:57.442Z,0.04
2026-08-07T00:51:17.538Z,0.04
2026-08-07T00:51:34.097Z,0.04
2026-08-07T00:51:47Z,0.04
2026-08-07T00:51:48.708Z,0.04
2026-08-07T00:52:03.007Z,0.03
2026-08-07T00:52:17.899Z,0.03
2026-08-07T00:52:32.947Z,0.04
2026-08-07T00:52:48.446Z,0.04
2026-08-07T00:53:08.145Z,0.04
2026-08-07T00:53:24.878Z,0.04
2026-08-07T00:53:38.935Z,0.03
2026-08-07T00:53:53.522Z,0.03
2026-08-07T00:54:13.444Z,0.03
2026-08-07T00:54:28.523Z,0.03
2026-08-07T00:54:43.578Z,0.03
2026-08-07T00:55:09.549Z,0.03
2026-08-07T00:55:18.745Z,0.03
2026-08-07T00:55:33.887Z,0.03
2026-08-07T00:55:49.016Z,0.04
2026-08-07T00:56:03.995Z,0.04
2026-08-07T00:56:24.11Z,0.05
2026-08-07T00:56:43Z,0.05
2026-08-07T00:56:44.905Z,0.05
2026-08-07T00:56:59.254Z,0.03
2026-08-07T00:57:14.351Z,0.03
2026-08-07T00:57:29.443Z,0.03
2026-08-07T00:57:49.8Z,0.03
2026-08-07T00:58:04.645Z,0.03
2026-08-07T00:58:19.714Z,0.04
2026-08-07T00:58:34.764Z,0.04
2026-08-07T00:58:49.863Z,0.04
2026-08-07T00:59:05.303Z,0.04
2026-08-07T00:59:20.083Z,0.04
2026-08-07T00:59:35.152Z,0.04
2026-08-07T00:59:50.233Z,0.04
2026-08-07T01:00:12.08Z,0.04
2026-08-07T01:00:20.496Z,0.03
2026-08-07T01:00:35.476Z,0.03
2026-08-07T01:00:50.53Z,0.03
2026-08-07T01:01:06.538Z,0.03
2026-08-07T01:01:20.698Z,0.05
2026-08-07T01:01:40Z,0.05
2026-08-07T01:01:40.789Z,0.05
2026-08-07T01:01:55.942Z,0.05
2026-08-07T01:02:15.971Z,0.04
2026-08-07T01:02:31.057Z,0.04
2026-08-07T01:02:46.162Z,0.03
2026-08-07T01:03:08.408Z,0.03
2026-08-07T01:03:26.314Z,0.03
2026-08-07T01:03:41.386Z,0.04
2026-08-07T01:03:56.474Z,0.04
2026-08-07T01:04:12.348Z,0.04
2026-08-07T01:04:26.713Z,0.04
2026-08-07T01:04:41.714Z,0.04
2026-08-07T01:05:10.192Z,0.03
2026-08-07T01:05:21.917Z,0.03
2026-08-07T01:05:36.974Z,0.03
2026-08-07T01:05:52.039Z,0.05
2026-08-07T01:06:12.491Z,0.05
2026-08-07T01:06:27.199Z,0.04
2026-08-07T01:06:41Z,0.04
2026-08-07T01:06:42.327Z,0.04
2026-08-07T01:06:57.68Z,0.03
2026-08-07T01:07:12.45Z,0.03
2026-08-07T01:07:32.534Z,0.03
2026-08-07T01:07:52.608Z,0.03
2026-08-07T01:08:07.688Z,0.03
2026-08-07T01:08:22.834Z,0.03
2026-08-07T01:08:42.927Z,0.04
2026-08-07T01:09:02.98Z,0.04
2026-08-07T01:09:23.025Z,0.04
2026-08-07T01:09:38.124Z,0.04
2026-08-07T01:09:53.2Z,0.04
2026-08-07T01:10:12.027Z,0.02
2026-08-07T01:10:23.413Z,0.02
2026-08-07T01:10:38.468Z,0.04
2026-08-07T01:10:53.576Z,0.04
2026-08-07T01:11:08.65Z,0.04
2026-08-07T01:11:23.72Z,0.04
2026-08-07T01:11:38Z,0.04
2026-08-07T01:11:41.523Z,0.04
2026-08-07T01:11:59.152Z,0.04
2026-08-07T01:12:19.438Z,0.04
2026-08-07T01:12:34.421Z,0.04
2026-08-07T01:12:49.73Z,0.04
2026-08-07T01:13:04.508Z,0.03
2026-08-07T01:13:24.598Z,0.03
2026-08-07T01:13:45.248Z,0.03
2026-08-07T01:14:05.395Z,0.02
2026-08-07T01:14:24.876Z,0.02
2026-08-07T01:14:39.901Z,0.03
2026-08-07T01:14:59.983Z,0.03
2026-08-07T01:15:15.062Z,0.03
2026-08-07T01:15:30.194Z,0.04
2026-08-07T01:15:45.412Z,0.04
2026-08-07T01:16:05.343Z,0.04
2026-08-07T01:16:20.39Z,0.04
2026-08-07T01:16:35.457Z,0.04
2026-08-07T01:16:50Z,0.04
2026-08-07T01:16:50.599Z,0.04
2026-08-07T01:17:05.657Z,0.03
2026-08-07T01:17:20.73Z,0.03
2026-08-07T01:17:35.806Z,0.05
2026-08-07T01:17:50.9Z,0.05
2026-08-07T01:18:06.299Z,0.05
2026-08-07T01:18:22.216Z,0.05
2026-08-07T01:18:36.531Z,0.03
2026-08-07T01:18:51.563Z,0.03
2026-08-07T01:19:06.666Z,0.03
2026-08-07T01:19:22.468Z,0.03
2026-08-07T01:19:36.827Z,0.03
2026-08-07T01:19:51.869Z,0.04
2026-08-07T01:20:12.92Z,0.04
2026-08-07T01:20:22.031Z,0.04
2026-08-07T01:20:37.162Z,0.02
2026-08-07T01:20:52.267Z,0.02
2026-08-07T01:21:07.294Z,0.03
2026-08-07T01:21:22.374Z,0.03
2026-08-07T01:21:37.474Z,0.03
2026-08-07T01:21:52Z,0.03
2026-08-07T01:21:52.557Z,0.03
2026-08-07T01:22:07.619Z,0.04
2026-08-07T01:22:22.694Z,0.04
2026-08-07T01:22:37.809Z,0.04
2026-08-07T01:22:52.839Z,0.04
2026-08-07T01:23:07.916Z,0.04
2026-08-07T01:23:23.747Z,0.04
2026-08-07T01:23:38.087Z,0.04
2026-08-07T01:23:53.19Z,0.04
2026-08-07T01:24:08.278Z,0.04
2026-08-07T01:24:23.376Z,0.04
2026-08-07T01:24:38.841Z,0.03
2026-08-07T01:24:58.524Z,0.03
2026-08-07T01:25:18.591Z,0.03
2026-08-07T01:25:33.747Z,0.03
2026-08-07T01:25:49.412Z,0.03
2026-08-07T01:26:03.917Z,0.03
2026-08-07T01:26:18.984Z,0.03
2026-08-07T01:26:38.992Z,0.03
2026-08-07T01:26:58Z,0.03
2026-08-07T01:26:59.093Z,0.03
2026-08-07T01:27:14.172Z,0.03
2026-08-07T01:27:34.271Z,0.03
2026-08-07T01:27:49.424Z,0.04
2026-08-07T01:28:04.542Z,0.04
2026-08-07T01:28:24.579Z,0.04
2026-08-07T01:28:44.643Z,0.04
2026-08-07T01:29:00.702Z,0.03
2026-08-07T01:29:14.828Z,0.03
2026-08-07T01:29:29.893Z,0.03
2026-08-07T01:29:45.018Z,0.03
2026-08-07T01:30:00.064Z,0.04
2026-08-07T01:30:16.813Z,0.04
2026-08-07T01:30:35.276Z,0.04
2026-08-07T01:30:55.344Z,0.04
2026-08-07T01:31:10.473Z,0.03
2026-08-07T01:31:30.815Z,0.03
2026-08-07T01:31:45.658Z,0.04
2026-08-07T01:32:00Z,0.04
2026-08-07T01:32:00.743Z,0.04
2026-08-07T01:32:15.806Z,0.04
2026-08-07T01:32:31.262Z,0.03
2026-08-07T01:32:46.049Z,0.03
2026-08-07T01:33:06.05Z,0.04
2026-08-07T01:33:21.185Z,0.04
2026-08-07T01:33:36.254Z,0.04
2026-08-07T01:33:51.312Z,0.04
2026-08-07T01:34:06.405Z,0.03
2026-08-07T01:34:21.501Z,0.03
2026-08-07T01:34:42.513Z,0.03
2026-08-07T01:34:56.634Z,0.04
2026-08-07T01:35:13.763Z,0.04
2026-08-07T01:35:26.942Z,0.03
2026-08-07T01:35:42.066Z,0.03
2026-08-07T01:35:57.06Z,0.03
2026-08-07T01:36:12.158Z,0.03
2026-08-07T01:36:27.277Z,0.04
2026-08-07T01:36:42.294Z,0.04
2026-08-07T01:36:56Z,0.04
2026-08-07T01:36:57.408Z,0.04
2026-08-07T01:37:12.497Z,0.04
2026-08-07T01:37:32.549Z,0.03
2026-08-07T01:37:52.623Z,0.03
2026-08-07T01:38:07.761Z,0.03
2026-08-07T01:38:22.888Z,0.03
2026-08-07T01:38:37.909Z,0.02
2026-08-07T01:38:52.987Z,0.02
2026-08-07T01:39:13.084Z,0.02
2026-08-07T01:39:28.194Z,0.03
2026-08-07T01:39:48.295Z,0.03
2026-08-07T01:40:12.5Z,0.03
2026-08-07T01:40:23.413Z,0.03
2026-08-07T01:40:38.587Z,0.03
2026-08-07T01:40:54.116Z,0.04
2026-08-07T01:41:08.708Z,0.03
2026-08-07T01:41:28.906Z,0.03
2026-08-07T01:41:43.947Z,0.03
2026-08-07T01:41:58Z,0.03
2026-08-07T01:42:01.049Z,0.03
2026-08-07T01:42:19.083Z,0.03
2026-08-07T01:42:34.236Z,0.03
2026-08-07T01:42:49.345Z,0.03
2026-08-07T01:43:04.412Z,0.04
2026-08-07T01:43:19.516Z,0.04
2026-08-07T01:43:39.587Z,0.04
2026-08-07T01:43:59.61Z,0.04
2026-08-07T01:44:19.697Z,0.03
2026-08-07T01:44:34.746Z,0.03
2026-08-07T01:44:49.845Z,0.03
2026-08-07T01:45:11.391Z,0.03
2026-08-07T01:45:25.097Z,0.03
2026-08-07T01:45:40.142Z,0.04
2026-08-07T01:45:55.197Z,0.04
2026-08-07T01:46:10.318Z,0.02
2026-08-07T01:46:25.443Z,0.02
2026-08-07T01:46:45.444Z,0.04
2026-08-07T01:46:59Z,0.04
2026-08-07T01:47:00.546Z,0.04
2026-08-07T01:47:15.66Z,0.04
2026-08-07T01:47:30.729Z,0.03
2026-08-07T01:47:45.847Z,0.04
2026-08-07T01:48:03.195Z,0.04
2026-08-07T01:48:22.571Z,0.04
2026-08-07T01:48:41.174Z,0.04
2026-08-07T01:48:56.205Z,0.04
2026-08-07T01:49:16.687Z,0.05
2026-08-07T01:49:36.364Z,0.05
2026-08-07T01:49:51.444Z,0.03
2026-08-07T01:50:12.307Z,0.03
2026-08-07T01:50:26.642Z,0.03
2026-08-07T01:50:41.689Z,0.03
2026-08-07T01:50:56.777Z,0.03
2026-08-07T01:51:11.862Z,0.03
2026-08-07T01:51:26.941Z,0.03
2026-08-07T01:51:42.346Z,0.03
2026-08-07T01:51:56Z,0.03
2026-08-07T01:51:57.195Z,0.03
2026-08-07T01:52:12.308Z,0.03
2026-08-07T01:52:27.313Z,0.03
2026-08-07T01:52:47.418Z,0.04
2026-08-07T01:53:02.939Z,0.04
2026-08-07T01:53:17.526Z,0.04
2026-08-07T01:53:32.629Z,0.04
2026-08-07T01:53:47.687Z,0.04
2026-08-07T01:54:09.046Z,0.04
2026-08-07T01:54:22.865Z,0.04
2026-08-07T01:54:38.099Z,0.04
2026-08-07T01:54:53.382Z,0.04
2026-08-07T01:55:12.052Z,0.04
2026-08-07T01:55:23.295Z,0.03
2026-08-07T01:55:38.36Z,0.03
2026-08-07T01:55:54.131Z,0.03
2026-08-07T01:56:08.519Z,0.04
2026-08-07T01:56:23.611Z,0.04
2026-08-07T01:56:38.662Z,0.04
2026-08-07T01:56:53Z,0.04
2026-08-07T01:56:53.78Z,0.04
2026-08-07T01:57:13.894Z,0.04
2026-08-07T01:57:29.09Z,0.04
2026-08-07T01:57:44.132Z,0.04
2026-08-07T01:57:59.141Z,0.04
2026-08-07T01:58:14.213Z,0.04
2026-08-07T01:58:29.301Z,0.02
2026-08-07T01:58:49.433Z,0.02
2026-08-07T01:59:04.463Z,0.02
2026-08-07T01:59:19.593Z,0.03
2026-08-07T01:59:34.662Z,0.03
2026-08-07T01:59:49.832Z,0.03
2026-08-07T02:00:07.728Z,0.03
2026-08-07T02:00:19.982Z,0.03
2026-08-07T02:00:34.991Z,0.03
2026-08-07T02:00:50.106Z,0.03
2026-08-07T02:01:05.14Z,0.03
2026-08-07T02:01:20.269Z,0.03
2026-08-07T02:01:35.297Z,0.03
2026-08-07T02:01:50.361Z,0.05
2026-08-07T02:02:09Z,0.05
2026-08-07T02:02:10.482Z,0.05
2026-08-07T02:02:25.568Z,0.04
2026-08-07T02:02:45.63Z,0.04
2026-08-07T02:03:05.712Z,0.03
2026-08-07T02:03:20.839Z,0.03
2026-08-07T02:03:35.9Z,0.04
2026-08-07T02:03:51.008Z,0.04
2026-08-07T02:04:11.104Z,0.04
2026-08-07T02:04:26.157Z,0.04
2026-08-07T02:04:41.219Z,0.04
2026-08-07T02:04:56.368Z,0.04
2026-08-07T02:05:16.415Z,0.04
2026-08-07T02:05:31.502Z,0.05
2026-08-07T02:05:46.588Z,0.05
2026-08-07T02:06:06.799Z,0.05
2026-08-07T02:06:21.731Z,0.04
2026-08-07T02:06:36.909Z,0.04
2026-08-07T02:06:51.908Z,0.03
2026-08-07T02:07:11Z,0.03
2026-08-07T02:07:11.99Z,0.03
2026-08-07T02:07:27.419Z,0.02
2026-08-07T02:07:42.267Z,0.02
2026-08-07T02:07:57.299Z,0.02
2026-08-07T02:08:12.379Z,0.04
2026-08-07T02:08:27.709Z,0.04
2026-08-07T02:08:42.586Z,0.03
2026-08-07T02:09:02.744Z,0.03
2026-08-07T02:09:17.695Z,0.03
2026-08-07T02:09:37.791Z,0.04
2026-08-07T02:09:52.875Z,0.04
2026-08-07T02:10:12.445Z,0.04
2026-08-07T02:10:23.049Z,0.04
2026-08-07T02:10:39.278Z,0.04
2026-08-07T02:10:58.234Z,0.04
2026-08-07T02:11:13.336Z,0.04
2026-08-07T02:11:28.496Z,0.03
2026-08-07T02:11:50.529Z,0.03
2026-08-07T02:12:03Z,0.03
2026-08-07T02:12:03.605Z,0.03
2026-08-07T02:12:18.695Z,0.03
2026-08-07T02:12:33.789Z,0.04
2026-08-07T02:12:53.779Z,0.03
2026-08-07T02:13:08.889Z,0.03
2026-08-07T02:13:28.954Z,0.04
2026-08-07T02:13:49.041Z,0.03
2026-08-07T02:14:09.181Z,0.03
2026-08-07T02:14:24.2Z,0.04
2026-08-07T02:14:39.279Z,0.04
2026-08-07T02:14:54.4Z,0.03
2026-08-07T02:15:12.89Z,0.03
2026-08-07T02:15:24.563Z,0.03
2026-08-07T02:15:39.643Z,0.03
2026-08-07T02:15:54.717Z,0.03
2026-08-07T02:16:14.796Z,0.04
2026-08-07T02:16:34.875Z,0.04
2026-08-07T02:16:49.983Z,0.04
2026-08-07T02:17:04Z,0.04
2026-08-07T02:17:05.044Z,0.04
2026-08-07T02:17:20.243Z,0.03
2026-08-07T02:17:37.289Z,0.05
2026-08-07T02:17:50.489Z,0.05
2026-08-07T02:18:10.454Z,0.05
2026-08-07T02:18:25.546Z,0.03
2026-08-07T02:18:45.627Z,0.04
2026-08-07T02:19:02.69Z,0.04
2026-08-07T02:19:15.833Z,0.04
2026-08-07T02:19:35.92Z,0.04
2026-08-07T02:19:55.964Z,0.06
2026-08-07T02:20:16.02Z,0.06
2026-08-07T02:20:31.121Z,0.03
2026-08-07T02:20:51.198Z,0.03
2026-08-07T02:21:08.087Z,0.03
2026-08-07T02:21:21.346Z,0.02
2026-08-07T02:21:36.423Z,0.02
2026-08-07T02:21:56.515Z,0.05
2026-08-07T02:22:11Z,0.05
2026-08-07T02:22:11.788Z,0.05
2026-08-07T02:22:26.852Z,0.03
2026-08-07T02:22:41.925Z,0.03
2026-08-07T02:22:57.037Z,0.03
2026-08-07T02:23:12.063Z,0.04
2026-08-07T02:23:27.163Z,0.04
2026-08-07T02:23:47.239Z,0.03
2026-08-07T02:24:07.372Z,0.04
2026-08-07T02:24:22.381Z,0.04
2026-08-07T02:24:37.492Z,0.04
2026-08-07T02:24:52.568Z,0.04
2026-08-07T02:25:12.671Z,0.04
2026-08-07T02:25:32.763Z,0.04
2026-08-07T02:25:52.853Z,0.02
2026-08-07T02:26:13.229Z,0.03
2026-08-07T02:26:28.013Z,0.03
2026-08-07T02:26:48.103Z,0.03
2026-08-07T02:27:03.189Z,0.03
2026-08-07T02:27:17Z,0.03
2026-08-07T02:27:18.753Z,0.03
2026-08-07T02:27:33.367Z,0.06
2026-08-07T02:27:48.526Z,0.04
2026-08-07T02:28:08.525Z,0.04
2026-08-07T02:28:23.625Z,0.04
2026-08-07T02:28:38.657Z,0.04
2026-08-07T02:28:53.76Z,0.04
2026-08-07T02:29:13.859Z,0.04
2026-08-07T02:29:33.943Z,0.04
2026-08-07T02:29:49.147Z,0.04
2026-08-07T02:30:10.187Z,0.04
2026-08-07T02:30:19.206Z,0.05
2026-08-07T02:30:34.283Z,0.05
2026-08-07T02:30:49.387Z,0.05
2026-08-07T02:31:04.389Z,0.05
2026-08-07T02:31:19.628Z,0.04
2026-08-07T02:31:39.57Z,0.04
2026-08-07T02:31:54.736Z,0.04
2026-08-07T02:32:09Z,0.04
2026-08-07T02:32:09.908Z,0.04
2026-08-07T02:32:25.819Z,0.04
2026-08-07T02:32:39.939Z,0.04
2026-08-07T02:32:55.114Z,0.04
2026-08-07T02:33:10.227Z,0.04
2026-08-07T02:33:25.262Z,0.04
2026-08-07T02:33:40.327Z,0.03
2026-08-07T02:33:55.426Z,0.03
2026-08-07T02:34:10.508Z,0.04
2026-08-07T02:34:25.516Z,0.04
2026-08-07T02:34:40.622Z,0.04
2026-08-07T02:34:55.685Z,0.04
2026-08-07T02:35:11.986Z,0.04
2026-08-07T02:35:25.855Z,0.04
2026-08-07T02:35:45.956Z,0.03
2026-08-07T02:36:02.819Z,0.03
2026-08-07T02:36:21.122Z,0.03
2026-08-07T02:36:36.222Z,0.03
2026-08-07T02:36:51.256Z,0.03
2026-08-07T02:37:06.416Z,0.03
2026-08-07T02:37:20Z,0.04
2026-08-07T02:37:21.892Z,0.04
2026-08-07T02:37:36.533Z,0.04
2026-08-07T02:37:51.661Z,0.04
2026-08-07T02:38:07.864Z,0.04
2026-08-07T02:38:22.228Z,0.04
2026-08-07T02:38:37.067Z,0.04
2026-08-07T02:38:56.928Z,0.04
2026-08-07T02:39:12.013Z,0.04
2026-08-07T02:39:32.115Z,0.01
2026-08-07T02:39:47.217Z,0.01
2026-08-07T02:40:11.67Z,0.01
2026-08-07T02:40:22.464Z,0.01
2026-08-07T02:40:37.889Z,0.03
2026-08-07T02:40:52.711Z,0.04
2026-08-07T02:41:07.72Z,0.04
2026-08-07T02:41:22.828Z,0.04
2026-08-07T02:41:42.969Z,0.04
2026-08-07T02:41:57.99Z,0.05
2026-08-07T02:42:12Z,0.05
2026-08-07T02:42:13.122Z,0.05
2026-08-07T02:42:28.194Z,0.05
2026-08-07T02:42:43.286Z,0.05
2026-08-07T02:43:03.371Z,0.03
2026-08-07T02:43:18.461Z,0.03
2026-08-07T02:43:33.514Z,0.03
2026-08-07T02:43:48.599Z,0.03
2026-08-07T02:44:03.72Z,0.03
2026-08-07T02:44:18.772Z,0.03
2026-08-07T02:44:38.836Z,0.03
2026-08-07T02:44:54.597Z,0.04
2026-08-07T02:45:14.032Z,0.04
2026-08-07T02:45:29.103Z,0.03
2026-08-07T02:45:44.254Z,0.03
2026-08-07T02:46:04.278Z,0.04
2026-08-07T02:46:24.36Z,0.04
2026-08-07T02:46:44.943Z,0.04
2026-08-07T02:46:59.49Z,0.04
2026-08-07T02:47:19Z,0.03
2026-08-07T02:47:19.701Z,0.03
2026-08-07T02:47:39.65Z,0.03
2026-08-07T02:47:54.723Z,0.03
2026-08-07T02:48:14.842Z,0.03
2026-08-07T02:48:34.882Z,0.03
2026-08-07T02:48:49.975Z,0.03
2026-08-07T02:49:10.047Z,0.03
2026-08-07T02:49:25.648Z,0.03
2026-08-07T02:49:40.468Z,0.03
2026-08-07T02:50:00.306Z,0.03
2026-08-07T02:50:15.381Z,0.03
2026-08-07T02:50:30.483Z,0.04
2026-08-07T02:50:45.543Z,0.04
2026-08-07T02:51:01.154Z,0.04
2026-08-07T02:51:15.696Z,0.04
2026-08-07T02:51:30.816Z,0.03
2026-08-07T02:51:50.939Z,0.03
2026-08-07T02:52:06.424Z,0.04
2026-08-07T02:52:20Z,0.04
2026-08-07T02:52:21.107Z,0.04
2026-08-07T02:52:36.178Z,0.04
2026-08-07T02:52:51.365Z,0.03
2026-08-07T02:53:06.645Z,0.03
2026-08-07T02:53:21.674Z,0.03
2026-08-07T02:53:37.902Z,0.03
2026-08-07T02:53:57.03Z,0.03
2026-08-07T02:54:11.966Z,0.03
2026-08-07T02:54:27.057Z,0.03
2026-08-07T02:54:42.153Z,0.03
2026-08-07T02:54:57.251Z,0.03
2026-08-07T02:55:17.556Z,0.03
2026-08-07T02:55:37.387Z,0.04
2026-08-07T02:55:57.552Z,0.04
2026-08-07T02:56:12.76Z,0.02
2026-08-07T02:56:27.823Z,0.02
2026-08-07T02:56:47.894Z,0.05
2026-08-07T02:57:03.022Z,0.05
2026-08-07T02:57:17Z,0.04
2026-08-07T02:57:18.06Z,0.04
2026-08-07T02:57:33.161Z,0.04
2026-08-07T02:57:48.285Z,0.04
2026-08-07T02:58:05.724Z,0.04
2026-08-07T02:58:23.702Z,0.03
2026-08-07T02:58:38.523Z,0.03
2026-08-07T02:58:53.612Z,0.03
2026-08-07T02:59:08.643Z,0.03
2026-08-07T02:59:23.718Z,0.03
2026-08-07T02:59:38.889Z,0.03
2026-08-07T02:59:54.006Z,0.03
2026-08-07T03:00:11.005Z,0.03
2026-08-07T03:00:24.114Z,0.03
2026-08-07T03:00:44.298Z,0.03
2026-08-07T03:01:04.368Z,0.03
2026-08-07T03:01:19.424Z,0.03
2026-08-07T03:01:34.476Z,0.03
2026-08-07T03:01:49.533Z,0.03
2026-08-07T03:02:04.664Z,0.03
2026-08-07T03:02:19Z,0.04
2026-08-07T03:02:19.768Z,0.04
2026-08-07T03:02:34.867Z,0.03
2026-08-07T03:02:51.253Z,0.03
2026-08-07T03:03:05.031Z,0.03
2026-08-07T03:03:25.162Z,0.02
2026-08-07T03:03:40.177Z,0.02
2026-08-07T03:03:55.713Z,0.03
2026-08-07T03:04:15.735Z,0.03
2026-08-07T03:04:31.21Z,0.03
2026-08-07T03:04:50.955Z,0.03
2026-08-07T03:05:11.257Z,0.04
2026-08-07T03:05:21.1Z,0.04
2026-08-07T03:05:36.527Z,0.04
2026-08-07T03:05:51.253Z,0.04
2026-08-07T03:06:06.302Z,0.04
2026-08-07T03:06:21.438Z,0.04
2026-08-07T03:06:37.076Z,0.04
2026-08-07T03:06:51.557Z,0.03
2026-08-07T03:07:11.622Z,0.03
2026-08-07T03:07:26Z,0.03
2026-08-07T03:07:26.73Z,0.03
2026-08-07T03:07:41.94Z,0.03
2026-08-07T03:07:56.936Z,0.03
2026-08-07T03:08:12.025Z,0.03
2026-08-07T03:08:27.067Z,0.05
2026-08-07T03:08:42.197Z,0.05
2026-08-07T03:08:57.248Z,0.05
2026-08-07T03:09:12.317Z,0.04
2026-08-07T03:09:27.363Z,0.04
2026-08-07T03:09:42.608Z,0.04
2026-08-07T03:10:08.756Z,0.04
2026-08-07T03:10:17.641Z,0.04
2026-08-07T03:10:32.704Z,0.04
2026-08-07T03:10:47.773Z,0.04
2026-08-07T03:11:02.913Z,0.04
2026-08-07T03:11:23.529Z,0.04
2026-08-07T03:11:38.033Z,0.04
2026-08-07T03:11:58.172Z,0.04
2026-08-07T03:12:18.316Z,0.04
2026-08-07T03:12:32Z,0.04
2026-08-07T03:12:33.493Z,0.04
2026-08-07T03:12:48.461Z,0.04
2026-08-07T03:13:03.656Z,0.03
2026-08-07T03:13:23.552Z,0.03
2026-08-07T03:13:38.657Z,0.03
2026-08-07T03:13:58.729Z,0.03
2026-08-07T03:14:13.799Z,0.03
2026-08-07T03:14:28.971Z,0.03
2026-08-07T03:14:44.095Z,0.03
2026-08-07T03:15:12.035Z,0.03
2026-08-07T03:15:19.24Z,0.02
2026-08-07T03:15:34.369Z,0.02
2026-08-07T03:15:49.864Z,0.04
2026-08-07T03:16:04.519Z,0.04
2026-08-07T03:16:19.559Z,0.04
2026-08-07T03:16:34.637Z,0.04
2026-08-07T03:16:54.76Z,0.04
2026-08-07T03:17:09.796Z,0.04
2026-08-07T03:17:29Z,0.04
2026-08-07T03:17:29.849Z,0.04
2026-08-07T03:17:44.937Z,0.03
2026-08-07T03:18:05.6Z,0.03
2026-08-07T03:18:20.19Z,0.03
2026-08-07T03:18:35.183Z,0.03
2026-08-07T03:18:50.267Z,0.03
2026-08-07T03:19:10.375Z,0.03
2026-08-07T03:19:25.483Z,0.03
2026-08-07T03:19:40.572Z,0.04
2026-08-07T03:20:00.702Z,0.04
2026-08-07T03:20:20.722Z,0.02
2026-08-07T03:20:37.56Z,0.02
2026-08-07T03:20:50.874Z,0.02
2026-08-07T03:21:06.02Z,0.02
2026-08-07T03:21:21.081Z,0.03
2026-08-07T03:21:36.135Z,0.03
2026-08-07T03:21:57.12Z,0.03
2026-08-07T03:22:11.359Z,0.04
2026-08-07T03:22:25Z,0.04
2026-08-07T03:22:26.462Z,0.04
2026-08-07T03:22:41.523Z,0.03
2026-08-07T03:22:56.641Z,0.03
2026-08-07T03:23:11.743Z,0.03
2026-08-07T03:23:26.802Z,0.04
2026-08-07T03:23:41.934Z,0.04
2026-08-07T03:23:57.019Z,0.04
2026-08-07T03:24:12.063Z,0.04
2026-08-07T03:24:27.224Z,0.04
2026-08-07T03:24:43.156Z,0.04
2026-08-07T03:24:57.34Z,0.04
2026-08-07T03:25:12.445Z,0.03
2026-08-07T03:25:27.514Z,0.04
2026-08-07T03:25:43.075Z,0.04
2026-08-07T03:26:03.073Z,0.05
2026-08-07T03:26:17.764Z,0.03
2026-08-07T03:26:32.836Z,0.03
2026-08-07T03:26:47.978Z,0.03
2026-08-07T03:27:03.008Z,0.03
2026-08-07T03:27:18.089Z,0.03
2026-08-07T03:27:32Z,0.03
2026-08-07T03:27:33.217Z,0.03
2026-08-07T03:27:48.573Z,0.04
2026-08-07T03:28:08.322Z,0.04
2026-08-07T03:28:23.432Z,0.03
2026-08-07T03:28:38.523Z,0.03
2026-08-07T03:28:53.673Z,0.03
2026-08-07T03:29:13.723Z,0.03
2026-08-07T03:29:28.815Z,0.04
2026-08-07T03:29:43.907Z,0.04
2026-08-07T03:29:58.944Z,0.03
2026-08-07T03:30:14.106Z,0.03
2026-08-07T03:30:34.196Z,0.03
2026-08-07T03:30:49.203Z,0.04
2026-08-07T03:31:09.27Z,0.04
2026-08-07T03:31:24.336Z,0.04
2026-08-07T03:31:44.504Z,0.03
2026-08-07T03:32:00.194Z,0.04
2026-08-07T03:32:15.036Z,0.04
2026-08-07T03:32:29Z,0.04
2026-08-07T03:32:29.683Z,0.04
2026-08-07T03:32:49.768Z,0.04
2026-08-07T03:33:04.902Z,0.04
2026-08-07T03:33:20.099Z,0.04
2026-08-07T03:33:40.026Z,0.04
2026-08-07T03:34:00.111Z,0.04
2026-08-07T03:34:15.209Z,0.04
2026-08-07T03:34:31.053Z,0.03
2026-08-07T03:34:50.377Z,0.03
2026-08-07T03:35:12.7Z,0.03
2026-08-07T03:35:25.558Z,0.03
2026-08-07T03:35:45.689Z,0.04
2026-08-07T03:36:00.687Z,0.05
2026-08-07T03:36:16.013Z,0.05
2026-08-07T03:36:35.972Z,0.05
2026-08-07T03:36:51.127Z,0.03
2026-08-07T03:37:11.528Z,0.03
2026-08-07T03:37:26.262Z,0.04
2026-08-07T03:37:40Z,0.04
2026-08-07T03:37:41.367Z,0.04
2026-08-07T03:37:56.489Z,0.03
2026-08-07T03:38:11.923Z,0.03
2026-08-07T03:38:31.936Z,0.04
2026-08-07T03:38:47.034Z,0.04
2026-08-07T03:39:07.134Z,0.04
2026-08-07T03:39:22.18Z,0.03
2026-08-07T03:39:37.294Z,0.03
2026-08-07T03:39:52.907Z,0.03
2026-08-07T03:40:12.83Z,0.04
2026-08-07T03:40:27.511Z,0.04
2026-08-07T03:40:42.633Z,0.03
2026-08-07T03:40:58.242Z,0.03
2026-08-07T03:41:12.982Z,0.02
2026-08-07T03:41:32.825Z,0.02
2026-08-07T03:41:47.98Z,0.03
2026-08-07T03:42:03.323Z,0.03
2026-08-07T03:42:25.012Z,0.03
2026-08-07T03:42:42Z,0.02
2026-08-07T03:42:43.184Z,0.02
2026-08-07T03:42:58.309Z,0.02
2026-08-07T03:43:18.361Z,0.02
2026-08-07T03:43:38.439Z,0.04
2026-08-07T03:43:53.542Z,0.04
2026-08-07T03:44:08.588Z,0.04
2026-08-07T03:44:23.738Z,0.03
2026-08-07T03:44:38.8Z,0.03
2026-08-07T03:44:53.981Z,0.04
2026-08-07T03:45:13.214Z,0.04
2026-08-07T03:45:24.176Z,0.04
2026-08-07T03:45:39.229Z,0.04
2026-08-07T03:45:54.373Z,0.04
2026-08-07T03:46:09.421Z,0.03
2026-08-07T03:46:29.511Z,0.03
2026-08-07T03:46:44.571Z,0.03
2026-08-07T03:47:00.46Z,0.03
2026-08-07T03:47:19.719Z,0.04
2026-08-07T03:47:34Z,0.04
2026-08-07T03:47:34.797Z,0.04
2026-08-07T03:47:49.902Z,0.04
2026-08-07T03:48:05.24Z,0.03
2026-08-07T03:48:20.049Z,0.03
2026-08-07T03:48:35.124Z,0.03
2026-08-07T03:48:55.281Z,0.05
2026-08-07T03:49:10.317Z,0.05
2026-08-07T03:49:26.484Z,0.04
2026-08-07T03:49:40.498Z,0.04
2026-08-07T03:50:00.574Z,0.04
2026-08-07T03:50:16.544Z,0.03
2026-08-07T03:50:30.728Z,0.02
2026-08-07T03:50:50.815Z,0.02
2026-08-07T03:51:05.887Z,0.04
2026-08-07T03:51:26.194Z,0.04
2026-08-07T03:51:41.071Z,0.03
2026-08-07T03:52:03.047Z,0.03
2026-08-07T03:52:16.198Z,0.03
2026-08-07T03:52:35Z,0.03
2026-08-07T03:52:36.353Z,0.03
2026-08-07T03:52:56.366Z,0.03
2026-08-07T03:53:11.466Z,0.03
2026-08-07T03:53:26.564Z,0.03
2026-08-07T03:53:41.744Z,0.03
2026-08-07T03:54:02.575Z,0.04
2026-08-07T03:54:16.823Z,0.03
2026-08-07T03:54:31.912Z,0.03
2026-08-07T03:54:47.033Z,0.03
2026-08-07T03:55:08.986Z,0.03
2026-08-07T03:55:22.212Z,0.03
2026-08-07T03:55:42.273Z,0.05
2026-08-07T03:55:57.348Z,0.05
2026-08-07T03:56:17.41Z,0.05
2026-08-07T03:56:32.51Z,0.05
2026-08-07T03:56:47.573Z,0.04
2026-08-07T03:57:02.883Z,0.04
2026-08-07T03:57:17.754Z,0.03
2026-08-07T03:57:32.914Z,0.03
2026-08-07T03:57:47Z,0.03
2026-08-07T03:57:47.956Z,0.03
2026-08-07T03:58:04.463Z,0.04
2026-08-07T03:58:23.06Z,0.04
2026-08-07T03:58:38.168Z,0.04
2026-08-07T03:58:53.236Z,0.04
2026-08-07T03:59:08.384Z,0.03
2026-08-07T03:59:23.469Z,0.03
2026-08-07T03:59:38.55Z,0.04
2026-08-07T03:59:53.619Z,0.04
2026-08-07T04:00:14.241Z,0.03
2026-08-07T04:00:29.641Z,0.03
2026-08-07T04:00:43.885Z,0.03
2026-08-07T04:00:58.974Z,0.03
2026-08-07T04:01:14.386Z,0.03
2026-08-07T04:01:29.21Z,0.03
2026-08-07T04:01:49.226Z,0.03
2026-08-07T04:02:04.331Z,0.05
2026-08-07T04:02:19.366Z,0.05
2026-08-07T04:02:34.433Z,0.05
2026-08-07T04:02:48Z,0.02
2026-08-07T04:02:49.589Z,0.02
2026-08-07T04:03:05.73Z,0.02
2026-08-07T04:03:25.587Z,0.04
2026-08-07T04:03:39.775Z,0.04
2026-08-07T04:03:54.865Z,0.04
2026-08-07T04:04:09.945Z,0.04
2026-08-07T04:04:25.007Z,0.04
2026-08-07T04:04:45.089Z,0.05
2026-08-07T04:05:00.192Z,0.04
2026-08-07T04:05:20.671Z,0.04
2026-08-07T04:05:35.444Z,0.03
2026-08-07T04:05:50.469Z,0.03
2026-08-07T04:06:05.591Z,0.03
2026-08-07T04:06:20.69Z,0.03
2026-08-07T04:06:35.73Z,0.03
2026-08-07T04:06:50.823Z,0.03
2026-08-07T04:07:05.915Z,0.03
2026-08-07T04:07:20.994Z,0.03
2026-08-07T04:07:36.114Z,0.03
2026-08-07T04:07:50Z,0.03
2026-08-07T04:07:51.197Z,0.03
2026-08-07T04:08:06.257Z,0.03
2026-08-07T04:08:21.359Z,0.03
2026-08-07T04:08:36.514Z,0.03
2026-08-07T04:08:51.557Z,0.03
2026-08-07T04:09:11.672Z,0.03
2026-08-07T04:09:26.975Z,0.03
2026-08-07T04:09:46.835Z,0.03
2026-08-07T04:10:09.48Z,0.03
2026-08-07T04:10:22.032Z,0.04
2026-08-07T04:10:42.089Z,0.04
2026-08-07T04:11:03.389Z,0.04
2026-08-07T04:11:22.352Z,0.04
2026-08-07T04:11:42.355Z,0.04
2026-08-07T04:12:03.394Z,0.04
2026-08-07T04:12:23.003Z,0.04
2026-08-07T04:12:37.945Z,0.04
2026-08-07T04:12:52Z,0.04
2026-08-07T04:12:52.683Z,0.04
2026-08-07T04:13:07.723Z,0.04
2026-08-07T04:13:22.829Z,0.03
2026-08-07T04:13:37.908Z,0.03
2026-08-07T04:13:52.996Z,0.03
2026-08-07T04:14:08.11Z,0.05
2026-08-07T04:14:28.202Z,0.03
2026-08-07T04:14:43.246Z,0.03
2026-08-07T04:15:11.264Z,0.03
2026-08-07T04:15:19.624Z,0.04
2026-08-07T04:15:33.464Z,0.04
2026-08-07T04:15:48.606Z,0.04
2026-08-07T04:16:03.675Z,0.04
2026-08-07T04:16:18.754Z,0.04
2026-08-07T04:16:33.873Z,0.04
2026-08-07T04:16:53.922Z,0.04
2026-08-07T04:17:14.257Z,0.04
2026-08-07T04:17:29.104Z,0.04
2026-08-07T04:17:48Z,0.04
2026-08-07T04:17:49.326Z,0.04
2026-08-07T04:18:06.581Z,0.03
2026-08-07T04:18:24.328Z,0.03
2026-08-07T04:18:39.44Z,0.03
2026-08-07T04:18:54.51Z,0.04
2026-08-07T04:19:09.559Z,0.04
2026-08-07T04:19:24.656Z,0.04
2026-08-07T04:19:39.721Z,0.04
2026-08-07T04:19:54.808Z,0.04
2026-08-07T04:20:13.023Z,0.04
2026-08-07T04:20:24.987Z,0.04
2026-08-07T04:20:40.056Z,0.03
2026-08-07T04:20:55.163Z,0.03
2026-08-07T04:21:15.274Z,0.03
2026-08-07T04:21:35.323Z,0.03
2026-08-07T04:21:50.859Z,0.03
2026-08-07T04:22:05.478Z,0.04
2026-08-07T04:22:20.63Z,0.04
2026-08-07T04:22:35.653Z,0.04
2026-08-07T04:22:50Z,0.04
2026-08-07T04:22:50.717Z,0.04
2026-08-07T04:23:05.817Z,0.03
2026-08-07T04:23:20.931Z,0.03
2026-08-07T04:23:40.983Z,0.03
2026-08-07T04:23:56.062Z,0.04
2026-08-07T04:24:11.16Z,0.04
2026-08-07T04:24:31.245Z,0.04
2026-08-07T04:24:51.376Z,0.04
2026-08-07T04:25:11.508Z,0.04
2026-08-07T04:25:26.56Z,0.04
2026-08-07T04:25:41.609Z,0.04
2026-08-07T04:25:56.645Z,0.03
2026-08-07T04:26:11.712Z,0.03
2026-08-07T04:26:26.791Z,0.04
2026-08-07T04:26:41.87Z,0.04
2026-08-07T04:26:56.961Z,0.04
2026-08-07T04:27:17.046Z,0.04
2026-08-07T04:27:32.167Z,0.04
2026-08-07T04:27:51Z,0.05
2026-08-07T04:27:52.23Z,0.05
2026-08-07T04:28:12.613Z,0.05
2026-08-07T04:28:32.366Z,0.04
2026-08-07T04:28:47.54Z,0.04
2026-08-07T04:29:04.955Z,0.04
2026-08-07T04:29:17.712Z,0.04
2026-08-07T04:29:37.804Z,0.04
2026-08-07T04:29:57.841Z,0.04
2026-08-07T04:30:13Z,0.04
2026-08-07T04:30:29.351Z,0.03
2026-08-07T04:30:43.242Z,0.03
2026-08-07T04:30:58.235Z,0.03
2026-08-07T04:31:13.49Z,0.03
2026-08-07T04:31:28.386Z,0.03
2026-08-07T04:31:48.527Z,0.03
2026-08-07T04:32:08.555Z,0.05
2026-08-07T04:32:24.05Z,0.03
2026-08-07T04:32:39.205Z,0.03
2026-08-07T04:32:53Z,0.02
2026-08-07T04:32:54.218Z,0.02
2026-08-07T04:33:09.662Z,0.02
2026-08-07T04:33:24.539Z,0.05
2026-08-07T04:33:39.684Z,0.04
2026-08-07T04:33:59.758Z,0.04
2026-08-07T04:34:14.798Z,0.04
2026-08-07T04:34:29.9Z,0.04
2026-08-07T04:34:49.968Z,0.04
2026-08-07T04:35:12.331Z,0.03
2026-08-07T04:35:20.162Z,0.03
2026-08-07T04:35:35.3Z,0.03
2026-08-07T04:35:50.983Z,0.03
2026-08-07T04:36:05.402Z,0.03
2026-08-07T04:36:20.536Z,0.03
2026-08-07T04:36:41.429Z,0.03
2026-08-07T04:36:55.655Z,0.04
2026-08-07T04:37:15.701Z,0.04
2026-08-07T04:37:30.8Z,0.03
2026-08-07T04:37:50Z,0.04
2026-08-07T04:37:51.342Z,0.04
2026-08-07T04:38:06.085Z,0.04
2026-08-07T04:38:21.09Z,0.04
2026-08-07T04:38:36.119Z,0.04
2026-08-07T04:38:51.207Z,0.04
2026-08-07T04:39:06.351Z,0.04
2026-08-07T04:39:21.402Z,0.04
2026-08-07T04:39:36.509Z,0.04
2026-08-07T04:39:52.197Z,0.04
2026-08-07T04:40:12.372Z,0.04
2026-08-07T04:40:21.702Z,0.04
2026-08-07T04:40:41.766Z,0.04
2026-08-07T04:41:03.031Z,0.04
2026-08-07T04:41:16.944Z,0.04
2026-08-07T04:41:32.058Z,0.04
2026-08-07T04:41:52.067Z,0.04
2026-08-07T04:42:12.161Z,0.05
2026-08-07T04:42:27.243Z,0.05
2026-08-07T04:42:46Z,0.05
2026-08-07T04:42:47.376Z,0.05
2026-08-07T04:43:07.454Z,0.05
2026-08-07T04:43:27.503Z,0.05
2026-08-07T04:43:47.715Z,0.05
2026-08-07T04:44:07.775Z,0.05
2026-08-07T04:44:22.904Z,0.05
2026-08-07T04:44:37.856Z,0.05
2026-08-07T04:44:52.997Z,0.05
2026-08-07T04:45:11.267Z,0.05
2026-08-07T04:45:23.108Z,0.05
2026-08-07T04:45:38.258Z,0.06
2026-08-07T04:45:58.364Z,0.06
2026-08-07T04:46:13.396Z,0.06
2026-08-07T04:46:33.435Z,0.06
2026-08-07T04:46:48.515Z,0.06
2026-08-07T04:47:08.757Z,0.08
2026-08-07T04:47:23.757Z,0.08
2026-08-07T04:47:43.902Z,0.07
2026-08-07T04:48:03Z,0.07
2026-08-07T04:48:04.121Z,0.07
2026-08-07T04:48:20.198Z,0.07
2026-08-07T04:48:39.206Z,0.08
2026-08-07T04:48:54.25Z,0.08
2026-08-07T04:49:09.309Z,0.08
2026-08-07T04:49:24.418Z,0.08
2026-08-07T04:49:44.547Z,0.08
2026-08-07T04:49:59.6Z,0.1
2026-08-07T04:50:19.681Z,0.1
2026-08-07T04:50:34.704Z,0.1
2026-08-07T04:50:49.948Z,0.08
2026-08-07T04:51:05.022Z,0.08
2026-08-07T04:51:20.103Z,0.08
2026-08-07T04:51:35.178Z,0.08
2026-08-07T04:51:50.309Z,0.13
2026-08-07T04:52:10.372Z,0.13
2026-08-07T04:52:25.413Z,0.13
2026-08-07T04:52:40.545Z,0.15
2026-08-07T04:52:55Z,0.15
2026-08-07T04:52:55.593Z,0.15
2026-08-07T04:53:10.723Z,0.15
2026-08-07T04:53:25.758Z,0.15
2026-08-07T04:53:40.871Z,0.15
2026-08-07T04:53:57.821Z,0.15
2026-08-07T04:54:11.063Z,0.17
2026-08-07T04:54:26.152Z,0.17
2026-08-07T04:54:41.192Z,0.17
2026-08-07T04:54:56.521Z,0.22
2026-08-07T04:55:12.036Z,0.22
2026-08-07T04:55:26.432Z,0.23
2026-08-07T04:55:41.514Z,0.23
2026-08-07T04:55:56.608Z,0.23
2026-08-07T04:56:11.777Z,0.23
2026-08-07T04:56:26.827Z,0.29
2026-08-07T04:56:47.565Z,0.29
2026-08-07T04:57:06.984Z,0.3
2026-08-07T04:57:22.054Z,0.3
2026-08-07T04:57:42.127Z,0.3
2026-08-07T04:57:56Z,0.33
2026-08-07T04:57:57.227Z,0.33
2026-08-07T04:58:12.573Z,0.33
2026-08-07T04:58:32.394Z,0.38
2026-08-07T04:58:47.459Z,0.38
2026-08-07T04:59:03.026Z,0.38
2026-08-07T04:59:17.621Z,0.38
2026-08-07T04:59:32.749Z,0.38
2026-08-07T04:59:52.795Z,0.38
2026-08-07T05:00:11.96Z,0.46
2026-08-07T05:00:22.925Z,0.46
2026-08-07T05:00:38.479Z,0.46
2026-08-07T05:00:53.14Z,0.51
2026-08-07T05:01:08.288Z,0.54
2026-08-07T05:01:29.907Z,0.54
2026-08-07T05:01:43.497Z,0.56
2026-08-07T05:02:03.564Z,0.58
2026-08-07T05:02:18.659Z,0.58
2026-08-07T05:02:33.747Z,0.64
2026-08-07T05:02:53.854Z,0.64
2026-08-07T05:03:08Z,0.7
2026-08-07T05:03:08.921Z,0.7
2026-08-07T05:03:29.107Z,0.7
2026-08-07T05:03:44.132Z,0.71
2026-08-07T05:03:59.253Z,0.71
2026-08-07T05:04:14.262Z,0.77
2026-08-07T05:04:29.48Z,0.77
2026-08-07T05:04:44.454Z,0.77
2026-08-07T05:04:59.518Z,0.77
2026-08-07T05:05:14.602Z,0.77
2026-08-07T05:05:29.685Z,0.92
2026-08-07T05:05:44.777Z,0.92
2026-08-07T05:05:59.97Z,0.92
2026-08-07T05:06:14.988Z,0.92
2026-08-07T05:06:35.077Z,0.99
2026-08-07T05:06:50.155Z,0.99
2026-08-07T05:07:10.234Z,1.06
2026-08-07T05:07:30.328Z,1.14
2026-08-07T05:07:50.409Z,1.14
2026-08-07T05:08:04Z,1.19
2026-08-07T05:08:05.508Z,1.19
2026-08-07T05:08:20.586Z,1.19
2026-08-07T05:08:35.77Z,1.19
2026-08-07T05:08:50.903Z,1.19
2026-08-07T05:09:05.927Z,1.31
2026-08-07T05:09:21.005Z,1.31
2026-08-07T05:09:36.105Z,1.31
2026-08-07T05:09:51.225Z,1.46
2026-08-07T05:10:10.843Z,1.46
2026-08-07T05:10:21.365Z,1.46
2026-08-07T05:10:36.472Z,1.61
2026-08-07T05:10:51.51Z,1.61
2026-08-07T05:11:06.606Z,1.61
2026-08-07T05:11:21.65Z,1.71
2026-08-07T05:11:36.742Z,1.71
2026-08-07T05:11:51.846Z,1.76
2026-08-07T05:12:06.914Z,1.76
2026-08-07T05:12:27.006Z,1.86
2026-08-07T05:12:47.113Z,1.86
2026-08-07T05:13:01Z,1.97
2026-08-07T05:13:03.391Z,1.97
2026-08-07T05:13:22.236Z,1.97
2026-08-07T05:13:42.319Z,2.12
2026-08-07T05:13:57.387Z,2.17
2026-08-07T05:14:12.538Z,2.17
2026-08-07T05:14:27.54Z,2.32
2026-08-07T05:14:42.636Z,2.32
2026-08-07T05:14:57.981Z,2.32
2026-08-07T05:15:14.193Z,2.48
2026-08-07T05:15:27.902Z,2.48
2026-08-07T05:15:48.245Z,2.64
2026-08-07T05:16:03.294Z,2.64
2026-08-07T05:16:23.319Z,2.83
2026-08-07T05:16:38.416Z,2.83
2026-08-07T05:16:58.504Z,2.83
2026-08-07T05:17:13.601Z,2.83
2026-08-07T05:17:33.723Z,3.12
2026-08-07T05:17:53.725Z,3.38
2026-08-07T05:18:08Z,3.38
2026-08-07T05:18:08.807Z,3.38
2026-08-07T05:18:23.894Z,3.38
2026-08-07T05:18:38.968Z,3.63
2026-08-07T05:18:54.029Z,3.63
2026-08-07T05:19:09.126Z,3.92
2026-08-07T05:19:24.241Z,3.92
2026-08-07T05:19:39.308Z,3.92
2026-08-07T05:19:59.373Z,3.92
2026-08-07T05:20:14.483Z,4.42
2026-08-07T05:20:35.099Z,4.42
2026-08-07T05:20:49.646Z,4.72
2026-08-07T05:21:06.642Z,4.9
2026-08-07T05:21:19.804Z,4.9
2026-08-07T05:21:35.231Z,4.9
2026-08-07T05:21:50.302Z,5.32
2026-08-07T05:22:10.367Z,5.32
2026-08-07T05:22:30.436Z,5.79
2026-08-07T05:22:46.12Z,5.79
2026-08-07T05:23:05Z,6.33
2026-08-07T05:23:05.968Z,6.33
2026-08-07T05:23:21.088Z,6.33
2026-08-07T05:23:36.209Z,7.0
2026-08-07T05:23:51.394Z,7.0
2026-08-07T05:24:06.432Z,7.0
2026-08-07T05:24:21.499Z,7.64
2026-08-07T05:24:36.557Z,7.64
2026-08-07T05:24:51.66Z,7.64
2026-08-07T05:25:12.52Z,7.64
2026-08-07T05:25:26.893Z,8.3
2026-08-07T05:25:46.908Z,8.3
2026-08-07T05:26:03.576Z,8.3
2026-08-07T05:26:17.123Z,8.56
2026-08-07T05:26:37.19Z,8.69
2026-08-07T05:26:52.328Z,8.69
2026-08-07T05:27:07.471Z,9.25
2026-08-07T05:27:22.476Z,9.25
2026-08-07T05:27:37.541Z,9.92
2026-08-07T05:27:57.573Z,9.92
2026-08-07T05:28:12Z,10.6
2026-08-07T05:28:13.034Z,10.6
2026-08-07T05:28:28.077Z,10.6
2026-08-07T05:28:43.176Z,10.6
2026-08-07T05:28:58.206Z,11.17
2026-08-07T05:29:13.306Z,11.17
2026-08-07T05:29:33.375Z,11.44
2026-08-07T05:29:48.492Z,11.84
2026-08-07T05:30:09.163Z,11.84
2026-08-07T05:30:18.688Z,11.84
2026-08-07T05:30:33.73Z,12.13
2026-08-07T05:30:48.803Z,12.13
2026-08-07T05:31:09.114Z,12.13
2026-08-07T05:31:24.034Z,12.13
2026-08-07T05:31:44.189Z,12.35
2026-08-07T05:32:00.271Z,12.49
2026-08-07T05:32:14.303Z,12.49
2026-08-07T05:32:34.464Z,12.66
2026-08-07T05:32:49.482Z,12.66
2026-08-07T05:33:05.798Z,12.94
2026-08-07T05:33:19Z,12.94
2026-08-07T05:33:19.656Z,12.94
2026-08-07T05:33:34.718Z,12.94
2026-08-07T05:33:49.82Z,12.94
2026-08-07T05:34:04.896Z,13.44
2026-08-07T05:34:20.017Z,13.66
2026-08-07T05:34:35.09Z,13.66
2026-08-07T05:34:50.147Z,14.09
2026-08-07T05:35:10.215Z,14.09
2026-08-07T05:35:30.292Z,14.09
2026-08-07T05:35:50.396Z,14.09
2026-08-07T05:36:05.455Z,14.95
2026-08-07T05:36:20.632Z,14.95
2026-08-07T05:36:35.682Z,15.11
2026-08-07T05:36:52.016Z,15.29
2026-08-07T05:37:05.805Z,15.29
2026-08-07T05:37:20.884Z,15.29
2026-08-07T05:37:36.009Z,15.58
2026-08-07T05:37:52.102Z,15.58
2026-08-07T05:38:06.149Z,15.81
2026-08-07T05:38:20Z,15.95
2026-08-07T05:38:21.245Z,15.95
2026-08-07T05:38:36.316Z,15.95
2026-08-07T05:38:51.431Z,15.95
2026-08-07T05:39:06.511Z,16.2
2026-08-07T05:39:21.569Z,16.2
2026-08-07T05:39:36.646Z,16.31
2026-08-07T05:39:51.831Z,16.31
2026-08-07T05:40:07.679Z,16.47
2026-08-07T05:40:27.021Z,16.47
2026-08-07T05:40:42.098Z,16.47
2026-08-07T05:40:57.19Z,16.52
2026-08-07T05:41:12.284Z,16.52
2026-08-07T05:41:32.397Z,16.47
2026-08-07T05:41:47.423Z,16.46
2026-08-07T05:42:02.755Z,16.46
2026-08-07T05:42:22.578Z,16.37
2026-08-07T05:42:37.635Z,16.29
2026-08-07T05:42:52.72Z,16.29
2026-08-07T05:43:07.822Z,16.29
2026-08-07T05:43:22Z,16.29
2026-08-07T05:43:22.93Z,16.29
2026-08-07T05:43:38.428Z,16.29
2026-08-07T05:43:53.052Z,16.07
2026-08-07T05:44:08.17Z,16.07
2026-08-07T05:44:23.236Z,15.95
2026-08-07T05:44:38.287Z,15.95
2026-08-07T05:44:53.419Z,15.87
2026-08-07T05:45:12.539Z,15.87
2026-08-07T05:45:23.546Z,15.87
2026-08-07T05:45:43.695Z,15.77
2026-08-07T05:45:59.501Z,15.77
2026-08-07T05:46:18.855Z,15.77
2026-08-07T05:46:33.91Z,15.77
2026-08-07T05:46:48.997Z,15.78
2026-08-07T05:47:09.261Z,15.78
2026-08-07T05:47:29.197Z,15.88
2026-08-07T05:47:49.27Z,15.88
2026-08-07T05:48:08Z,15.96
2026-08-07T05:48:09.564Z,15.96
2026-08-07T05:48:29.393Z,15.96
2026-08-07T05:48:44.549Z,16.24
2026-08-07T05:48:59.681Z,16.24
2026-08-07T05:49:14.762Z,16.24
2026-08-07T05:49:29.783Z,16.57
2026-08-07T05:49:45.262Z,16.75
2026-08-07T05:49:59.954Z,16.75
2026-08-07T05:50:15.038Z,17.29
2026-08-07T05:50:30.121Z,17.29
2026-08-07T05:50:45.218Z,17.29
2026-08-07T05:51:05.309Z,17.29
2026-08-07T05:51:20.389Z,18.24
2026-08-07T05:51:35.461Z,18.24
2026-08-07T05:51:50.608Z,19.16
2026-08-07T05:52:05.671Z,19.16
2026-08-07T05:52:20.73Z,19.67
2026-08-07T05:52:35.814Z,19.67
2026-08-07T05:52:50.911Z,19.67
2026-08-07T05:53:05.986Z,21.68
2026-08-07T05:53:20Z,21.68
2026-08-07T05:53:21.13Z,21.68
2026-08-07T05:53:36.194Z,22.49
2026-08-07T05:53:53.49Z,22.49
2026-08-07T05:54:06.407Z,22.49
2026-08-07T05:54:21.392Z,22.49
2026-08-07T05:54:41.493Z,22.49
2026-08-07T05:54:56.587Z,28.26
2026-08-07T05:55:11.723Z,28.26
2026-08-07T05:55:26.771Z,28.26
2026-08-07T05:55:41.846Z,28.26
2026-08-07T05:55:56.881Z,28.26
2026-08-07T05:56:16.973Z,32.74
2026-08-07T05:56:32.063Z,34.12
2026-08-07T05:56:47.18Z,34.12
2026-08-07T05:57:07.205Z,36.66
2026-08-07T05:57:22.418Z,36.66
2026-08-07T05:57:37.503Z,39.29
2026-08-07T05:57:52.699Z,40.54
2026-08-07T05:58:07.687Z,40.54
2026-08-07T05:58:22Z,41.74
2026-08-07T05:58:22.732Z,41.74
2026-08-07T05:58:37.875Z,41.74
2026-08-07T05:58:52.95Z,41.74
2026-08-07T05:59:08.598Z,45.34
2026-08-07T05:59:23.531Z,45.34
2026-08-07T05:59:39.122Z,46.53
2026-08-07T05:59:58.273Z,46.53
2026-08-07T06:00:14.392Z,46.53
2026-08-07T06:00:28.497Z,49.93
2026-08-07T06:00:48.506Z,49.93
2026-08-07T06:01:09.153Z,51.92
2026-08-07T06:01:24.165Z,52.86
2026-08-07T06:01:38.961Z,52.86
2026-08-07T06:01:54.055Z,52.86
2026-08-07T06:02:09.107Z,52.86
2026-08-07T06:02:29.145Z,55.38
2026-08-07T06:02:44.285Z,55.88
2026-08-07T06:02:59.329Z,55.88
2026-08-07T06:03:14.684Z,55.88
2026-08-07T06:03:28Z,58.21
2026-08-07T06:03:30.082Z,58.21
2026-08-07T06:03:44.546Z,58.21
2026-08-07T06:04:04.57Z,58.21
2026-08-07T06:04:19.705Z,59.4
2026-08-07T06:04:34.742Z,60.0
2026-08-07T06:04:49.804Z,60.0
2026-08-07T06:05:12.798Z,61.55
2026-08-07T06:05:20.007Z,61.55
2026-08-07T06:05:40.102Z,62.11
2026-08-07T06:05:55.152Z,62.11
2026-08-07T06:06:10.221Z,62.11
2026-08-07T06:06:30.306Z,62.11
2026-08-07T06:06:50.415Z,64.35
2026-08-07T06:07:05.764Z,64.35
2026-08-07T06:07:25.92Z,65.81
2026-08-07T06:07:40.672Z,67.13
2026-08-07T06:07:55.76Z,67.13
2026-08-07T06:08:15Z,67.13
2026-08-07T06:08:16.571Z,67.13
2026-08-07T06:08:35.889Z,70.52
2026-08-07T06:08:51.025Z,71.1
2026-08-07T06:09:11.039Z,71.1
2026-08-07T06:09:26.648Z,76.01
2026-08-07T06:09:46.223Z,76.01
2026-08-07T06:10:12.221Z,78.62
2026-08-07T06:10:21.353Z,78.62
2026-08-07T06:10:41.465Z,78.62
2026-08-07T06:11:02.881Z,78.62
2026-08-07T06:11:21.618Z,90.59
2026-08-07T06:11:37.015Z,90.59
2026-08-07T06:11:52.014Z,95.1
2026-08-07T06:12:07.136Z,95.1
2026-08-07T06:12:22.223Z,95.1
2026-08-07T06:12:37.307Z,103.0
2026-08-07T06:12:52.821Z,103.0
2026-08-07T06:13:07.427Z,106.52
2026-08-07T06:13:21Z,106.52
2026-08-07T06:13:22.549Z,106.52
2026-08-07T06:13:37.631Z,106.52
2026-08-07T06:13:53.577Z,106.52
2026-08-07T06:14:07.754Z,106.91
2026-08-07T06:14:27.876Z,105.73
2026-08-07T06:14:43.083Z,105.73
2026-08-07T06:14:58.019Z,105.73
2026-08-07T06:15:13.146Z,105.73
2026-08-07T06:15:33.19Z,105.73
2026-08-07T06:15:48.296Z,101.97
2026-08-07T06:16:03.388Z,101.97
2026-08-07T06:16:18.41Z,103.59
2026-08-07T06:16:33.48Z,103.59
2026-08-07T06:16:50.671Z,103.59
2026-08-07T06:17:03.653Z,106.99
2026-08-07T06:17:18.74Z,106.99
2026-08-07T06:17:33.846Z,112.88
2026-08-07T06:17:50.2Z,112.88
2026-08-07T06:18:04.203Z,117.92
2026-08-07T06:18:23Z,117.92
2026-08-07T06:18:24.263Z,117.92
2026-08-07T06:18:40.486Z,117.92
2026-08-07T06:18:54.401Z,114.56
2026-08-07T06:19:10.171Z,114.56
2026-08-07T06:19:24.596Z,114.56
2026-08-07T06:19:39.692Z,112.5
2026-08-07T06:19:54.725Z,112.5
2026-08-07T06:20:11.279Z,113.27
2026-08-07T06:20:24.939Z,113.27
2026-08-07T06:20:39.98Z,113.27
2026-08-07T06:20:55.163Z,113.27
2026-08-07T06:21:10.289Z,114.75
2026-08-07T06:21:25.328Z,114.75
2026-08-07T06:21:45.328Z,113.7
2026-08-07T06:22:05.435Z,115.73
2026-08-07T06:22:20.603Z,115.73
2026-08-07T06:22:35.623Z,107.02
2026-08-07T06:22:56.621Z,107.02
2026-08-07T06:23:15.754Z,107.02
2026-08-07T06:23:30Z,85.17
2026-08-07T06:23:30.804Z,85.17
2026-08-07T06:23:45.891Z,85.17
2026-08-07T06:24:06.028Z,85.17
2026-08-07T06:24:22.915Z,85.17
2026-08-07T06:24:36.142Z,63.98
2026-08-07T06:24:51.204Z,63.98
2026-08-07T06:25:12.523Z,50.04
2026-08-07T06:25:26.387Z,50.04
2026-08-07T06:25:41.498Z,50.49
2026-08-07T06:25:56.566Z,50.49
2026-08-07T06:26:12.327Z,56.98
2026-08-07T06:26:26.714Z,56.98
2026-08-07T06:26:41.798Z,44.77
2026-08-07T06:27:03.125Z,44.77
2026-08-07T06:27:21.994Z,44.72
2026-08-07T06:27:42.092Z,44.72
2026-08-07T06:27:57.157Z,44.72
2026-08-07T06:28:17.29Z,49.01
2026-08-07T06:28:31Z,49.01
2026-08-07T06:28:33.809Z,49.01
2026-08-07T06:28:52.454Z,48.95
2026-08-07T06:29:07.512Z,54.58
2026-08-07T06:29:22.557Z,54.58
2026-08-07T06:29:37.648Z,54.58
2026-08-07T06:29:52.717Z,55.73
2026-08-07T06:30:13.493Z,50.64
2026-08-07T06:30:28.714Z,50.64
2026-08-07T06:30:48.052Z,50.03
2026-08-07T06:31:04.599Z,50.03
2026-08-07T06:31:25.575Z,50.03
2026-08-07T06:31:38.304Z,50.03
2026-08-07T06:31:58.374Z,50.03
2026-08-07T06:32:18.54Z,51.57
2026-08-07T06:32:35.29Z,51.57
2026-08-07T06:32:48.618Z,52.19
2026-08-07T06:33:03.993Z,52.19
2026-08-07T06:33:18.773Z,57.39
2026-08-07T06:33:33Z,57.39
2026-08-07T06:33:33.856Z,57.39
2026-08-07T06:33:48.92Z,61.57
2026-08-07T06:34:03.997Z,61.57
2026-08-07T06:34:19.102Z,61.57
2026-08-07T06:34:39.225Z,77.26
2026-08-07T06:34:54.247Z,77.26
2026-08-07T06:35:10.37Z,83.9
2026-08-07T06:35:27.341Z,83.9
2026-08-07T06:35:39.535Z,84.69
2026-08-07T06:35:54.606Z,84.69
2026-08-07T06:36:09.669Z,84.69
2026-08-07T06:36:24.757Z,80.03
2026-08-07T06:36:39.961Z,80.03
2026-08-07T06:36:54.982Z,73.18
2026-08-07T06:37:10.087Z,73.18
2026-08-07T06:37:25.184Z,79.18
2026-08-07T06:37:40.237Z,79.18
2026-08-07T06:37:55.329Z,79.18
2026-08-07T06:38:10.442Z,53.56
2026-08-07T06:38:24Z,53.56
2026-08-07T06:38:25.489Z,53.56
2026-08-07T06:38:45.579Z,52.13
2026-08-07T06:39:00.642Z,52.13
2026-08-07T06:39:15.725Z,52.22
2026-08-07T06:39:30.937Z,52.22
2026-08-07T06:39:52.041Z,52.22
2026-08-07T06:40:11.203Z,53.0
2026-08-07T06:40:26.305Z,53.0
2026-08-07T06:40:41.376Z,55.1
2026-08-07T06:41:03.141Z,57.72
2026-08-07T06:41:16.572Z,57.72
2026-08-07T06:41:31.66Z,59.54
2026-08-07T06:41:46.726Z,59.54
2026-08-07T06:42:02.771Z,59.54
2026-08-07T06:42:16.875Z,62.12
2026-08-07T06:42:36.974Z,62.12
2026-08-07T06:42:52.073Z,62.12
2026-08-07T06:43:07.123Z,62.12
2026-08-07T06:43:22.259Z,96.4
2026-08-07T06:43:36Z,96.4
2026-08-07T06:43:37.339Z,96.4
2026-08-07T06:43:52.424Z,96.4
2026-08-07T06:44:09.953Z,113.33
2026-08-07T06:44:22.622Z,113.33
2026-08-07T06:44:37.757Z,117.91
2026-08-07T06:44:52.799Z,117.91
2026-08-07T06:45:12.914Z,66.58
2026-08-07T06:45:22.957Z,66.58
2026-08-07T06:45:38.047Z,66.58
2026-08-07T06:45:58.109Z,59.29
2026-08-07T06:46:13.248Z,59.29
2026-08-07T06:46:28.283Z,59.29
2026-08-07T06:46:43.373Z,59.29
2026-08-07T06:47:03.442Z,61.32
2026-08-07T06:47:18.521Z,61.32
2026-08-07T06:47:33.6Z,61.32
2026-08-07T06:47:48.754Z,60.2
2026-08-07T06:48:03.797Z,60.2
2026-08-07T06:48:18.987Z,60.2
2026-08-07T06:48:33Z,63.04
2026-08-07T06:48:34.064Z,63.04
2026-08-07T06:48:49.085Z,61.54
2026-08-07T06:49:04.193Z,61.54
2026-08-07T06:49:19.268Z,61.54
2026-08-07T06:49:34.356Z,61.54
2026-08-07T06:49:49.447Z,60.37
2026-08-07T06:50:10.399Z,60.37
2026-08-07T06:50:24.538Z,61.79
2026-08-07T06:50:44.716Z,61.79
2026-08-07T06:50:59.784Z,66.25
2026-08-07T06:51:14.832Z,66.25
2026-08-07T06:51:29.858Z,66.25
2026-08-07T06:51:45.058Z,66.25
2026-08-07T06:52:00.037Z,63.62
2026-08-07T06:52:15.355Z,63.62
2026-08-07T06:52:35.245Z,64.69
2026-08-07T06:52:50.309Z,65.09
2026-08-07T06:53:05.41Z,65.09
2026-08-07T06:53:20.552Z,65.53
2026-08-07T06:53:35Z,65.53
2026-08-07T06:53:35.668Z,65.53
2026-08-07T06:53:56.234Z,65.53
2026-08-07T06:54:10.895Z,65.76
2026-08-07T06:54:26.054Z,65.76
2026-08-07T06:54:41.06Z,65.38
2026-08-07T06:54:56.137Z,65.38
2026-08-07T06:55:16.199Z,65.81
2026-08-07T06:55:31.262Z,65.81
2026-08-07T06:55:46.389Z,63.54
2026-08-07T06:56:06.453Z,61.89
2026-08-07T06:56:21.564Z,61.89
2026-08-07T06:56:36.608Z,60.21
2026-08-07T06:56:51.723Z,60.21
2026-08-07T06:57:06.777Z,60.21
2026-08-07T06:57:21.95Z,60.21
2026-08-07T06:57:36.943Z,61.84
2026-08-07T06:57:52.034Z,61.84
2026-08-07T06:58:07.095Z,63.77
2026-08-07T06:58:22.217Z,63.77
2026-08-07T06:58:41Z,78.27
2026-08-07T06:58:42.286Z,78.27
2026-08-07T06:58:57.955Z,78.27
2026-08-07T06:59:12.478Z,92.89
2026-08-07T06:59:27.519Z,92.89
2026-08-07T06:59:42.602Z,92.89
2026-08-07T07:00:11.751Z,92.89
2026-08-07T07:00:17.762Z,92.89
2026-08-07T07:00:32.825Z,113.24
2026-08-07T07:00:48.01Z,113.24
2026-08-07T07:01:07.897Z,115.44
2026-08-07T07:01:18.172Z,115.44
2026-08-07T07:01:33.227Z,115.44
2026-08-07T07:01:48.597Z,115.44
2026-08-07T07:02:08.402Z,119.61
2026-08-07T07:02:23.465Z,119.61
2026-08-07T07:02:38.591Z,119.61
2026-08-07T07:02:53.646Z,119.61
2026-08-07T07:03:08.706Z,121.29
2026-08-07T07:03:28.837Z,121.29
2026-08-07T07:03:48Z,121.29
2026-08-07T07:03:49.67Z,121.29
2026-08-07T07:04:03.972Z,120.02
2026-08-07T07:04:19.115Z,120.02
2026-08-07T07:04:34.249Z,119.02
2026-08-07T07:04:49.435Z,105.28
2026-08-07T07:05:10.784Z,105.28
2026-08-07T07:05:19.472Z,105.28
2026-08-07T07:05:34.524Z,105.28
2026-08-07T07:05:50.381Z,105.28
2026-08-07T07:06:04.741Z,62.66
2026-08-07T07:06:19.795Z,62.66
2026-08-07T07:06:34.923Z,62.66
2026-08-07T07:06:50.029Z,80.28
2026-08-07T07:07:10.092Z,80.28
2026-08-07T07:07:25.217Z,99.61
2026-08-07T07:07:40.25Z,99.61
2026-08-07T07:07:55.411Z,99.61
2026-08-07T07:08:10.58Z,104.6
2026-08-07T07:08:30.645Z,104.6
2026-08-07T07:08:45Z,103.63
2026-08-07T07:08:45.74Z,103.63
2026-08-07T07:09:05.8Z,103.63
2026-08-07T07:09:20.881Z,99.3
2026-08-07T07:09:35.992Z,99.3
2026-08-07T07:09:51.029Z,99.3
2026-08-07T07:10:12.348Z,99.3
2026-08-07T07:10:21.209Z,99.83
2026-08-07T07:10:36.291Z,99.83
2026-08-07T07:10:51.417Z,99.83
2026-08-07T07:11:06.932Z,99.83
2026-08-07T07:11:21.812Z,54.68
2026-08-07T07:11:41.646Z,54.68
2026-08-07T07:11:56.81Z,72.48
2026-08-07T07:12:16.829Z,72.48
2026-08-07T07:12:32.185Z,89.14
2026-08-07T07:12:47.316Z,89.14
2026-08-07T07:13:07.324Z,107.6
2026-08-07T07:13:27.514Z,107.6
2026-08-07T07:13:42Z,107.6
2026-08-07T07:13:42.907Z,107.6
2026-08-07T07:13:57.667Z,104.15
2026-08-07T07:14:12.747Z,104.15
2026-08-07T07:14:28.018Z,117.17
2026-08-07T07:14:42.979Z,117.17
2026-08-07T07:15:12.378Z,61.0
2026-08-07T07:15:20.436Z,61.0
2026-08-07T07:15:33.17Z,61.44
2026-08-07T07:15:48.256Z,61.44
2026-08-07T07:16:05.84Z,88.89
2026-08-07T07:16:18.541Z,88.89
2026-08-07T07:16:33.558Z,88.89
2026-08-07T07:16:48.56Z,66.75
2026-08-07T07:17:08.659Z,73.25
2026-08-07T07:17:23.707Z,73.25
2026-08-07T07:17:38.797Z,73.25
2026-08-07T07:17:58.905Z,113.26
2026-08-07T07:18:14.041Z,113.26
2026-08-07T07:18:34.127Z,115.26
2026-08-07T07:18:48Z,115.26
2026-08-07T07:18:49.293Z,115.26
2026-08-07T07:19:04.823Z,115.26
2026-08-07T07:19:19.489Z,115.26
2026-08-07T07:19:39.443Z,104.78
2026-08-07T07:19:54.483Z,104.78
2026-08-07T07:20:11.853Z,111.91
2026-08-07T07:20:24.647Z,111.91
2026-08-07T07:20:46.477Z,111.91
2026-08-07T07:20:59.875Z,117.22
2026-08-07T07:21:14.993Z,117.22
2026-08-07T07:21:30.221Z,117.94
2026-08-07T07:21:45.134Z,117.94
2026-08-07T07:22:00.295Z,117.94
2026-08-07T07:22:20.373Z,109.58
2026-08-07T07:22:35.466Z,82.74
2026-08-07T07:22:50.532Z,82.74
2026-08-07T07:23:05.928Z,58.6
2026-08-07T07:23:21.017Z,58.6
2026-08-07T07:23:36.112Z,65.77
2026-08-07T07:23:50Z,65.77
2026-08-07T07:23:51.26Z,65.77
2026-08-07T07:24:11.275Z,116.77
2026-08-07T07:24:26.347Z,116.77
2026-08-07T07:24:41.992Z,120.56
2026-08-07T07:24:56.56Z,120.56
2026-08-07T07:25:16.625Z,120.76
2026-08-07T07:25:31.703Z,120.76
2026-08-07T07:25:46.818Z,120.76
2026-08-07T07:26:03.058Z,120.76
2026-08-07T07:26:16.985Z,125.76
2026-08-07T07:26:32.403Z,127.09
2026-08-07T07:26:47.158Z,127.09
2026-08-07T07:27:02.763Z,127.09
2026-08-07T07:27:17.328Z,127.87
2026-08-07T07:27:32.379Z,127.87
2026-08-07T07:27:53.219Z,128.07
2026-08-07T07:28:07.645Z,128.07
2026-08-07T07:28:22.657Z,128.35
2026-08-07T07:28:37.723Z,128.35
2026-08-07T07:28:57Z,128.35
2026-08-07T07:28:57.801Z,128.35
2026-08-07T07:29:13.443Z,128.35
2026-08-07T07:29:27.99Z,130.8
2026-08-07T07:29:48.085Z,130.8
2026-08-07T07:30:13.098Z,132.29
2026-08-07T07:30:23.209Z,132.29
2026-08-07T07:30:43.345Z,132.29
2026-08-07T07:30:58.622Z,137.35
2026-08-07T07:31:13.61Z,137.35
2026-08-07T07:31:33.786Z,137.35
2026-08-07T07:31:53.772Z,139.7
2026-08-07T07:32:10.427Z,139.7
2026-08-07T07:32:23.928Z,142.54
2026-08-07T07:32:44.038Z,142.54
2026-08-07T07:32:59.092Z,145.78
2026-08-07T07:33:14.207Z,145.78
2026-08-07T07:33:29.524Z,147.01
2026-08-07T07:33:44.598Z,147.01
2026-08-07T07:33:59Z,151.36
2026-08-07T07:34:01.979Z,151.36
2026-08-07T07:34:14.813Z,151.36
2026-08-07T07:34:34.852Z,154.18
2026-08-07T07:34:49.938Z,154.18
2026-08-07T07:35:09.828Z,154.18
2026-08-07T07:35:25.107Z,156.39
2026-08-07T07:35:40.191Z,156.39
2026-08-07T07:35:55.261Z,154.29
2026-08-07T07:36:10.33Z,154.29
2026-08-07T07:36:25.837Z,154.29
2026-08-07T07:36:45.601Z,158.65
2026-08-07T07:37:00.598Z,158.65
2026-08-07T07:37:15.68Z,158.65
2026-08-07T07:37:37.045Z,158.65
2026-08-07T07:37:50.887Z,167.53
2026-08-07T07:38:05.935Z,167.53
2026-08-07T07:38:22.109Z,170.62
2026-08-07T07:38:41.069Z,170.62
2026-08-07T07:39:00Z,179.79
2026-08-07T07:39:02.932Z,179.79
2026-08-07T07:39:16.27Z,179.79
2026-08-07T07:39:31.325Z,179.79
2026-08-07T07:39:46.383Z,184.23
2026-08-07T07:40:12.516Z,184.23
2026-08-07T07:40:21.619Z,186.15
2026-08-07T07:40:36.645Z,186.15
2026-08-07T07:40:51.784Z,185.14
2026-08-07T07:41:06.856Z,185.14
2026-08-07T07:41:26.907Z,183.34
2026-08-07T07:41:46.981Z,182.11
2026-08-07T07:42:07.258Z,182.11
2026-08-07T07:42:22.395Z,182.11
2026-08-07T07:42:37.464Z,184.33
2026-08-07T07:42:57.533Z,184.33
2026-08-07T07:43:12.578Z,184.33
2026-08-07T07:43:27.678Z,184.33
2026-08-07T07:43:42.747Z,186.55
2026-08-07T07:44:02Z,186.55
2026-08-07T07:44:03.264Z,186.55
2026-08-07T07:44:18.085Z,186.55
2026-08-07T07:44:33.168Z,182.06
2026-08-07T07:44:50.826Z,182.43
2026-08-07T07:45:11.941Z,182.43
2026-08-07T07:45:18.395Z,181.7
2026-08-07T07:45:38.528Z,181.7
2026-08-07T07:45:53.59Z,181.31
2026-08-07T07:46:08.875Z,181.31
2026-08-07T07:46:28.75Z,181.31
2026-08-07T07:46:43.892Z,182.4
2026-08-07T07:46:59.616Z,182.4
2026-08-07T07:47:19.101Z,179.22
2026-08-07T07:47:34.147Z,179.22
2026-08-07T07:47:49.19Z,174.92
2026-08-07T07:48:04.441Z,174.92
2026-08-07T07:48:19.38Z,178.47
2026-08-07T07:48:34.476Z,178.47
2026-08-07T07:48:49.567Z,178.47
2026-08-07T07:49:04Z,165.37
2026-08-07T07:49:05.461Z,165.37
2026-08-07T07:49:19.679Z,165.37
2026-08-07T07:49:34.777Z,181.61
2026-08-07T07:49:49.848Z,181.61
2026-08-07T07:50:07.638Z,177.62
2026-08-07T07:50:25.064Z,177.62
2026-08-07T07:50:40.09Z,177.62
2026-08-07T07:51:00.173Z,177.62
2026-08-07T07:51:15.309Z,192.63
2026-08-07T07:51:30.35Z,192.63
2026-08-07T07:51:50.465Z,189.83
2026-08-07T07:52:05.703Z,189.83
2026-08-07T07:52:27.434Z,189.83
2026-08-07T07:52:42.552Z,184.59
2026-08-07T07:52:57.599Z,185.66
2026-08-07T07:53:12.662Z,185.66
2026-08-07T07:53:32.795Z,185.66
2026-08-07T07:53:47.822Z,185.66
2026-08-07T07:54:02Z,191.58
2026-08-07T07:54:03.05Z,191.58
2026-08-07T07:54:23.609Z,192.52
2026-08-07T07:54:38.6Z,192.52
2026-08-07T07:54:53.293Z,192.52
2026-08-07T07:55:13.42Z,193.95
2026-08-07T07:55:28.456Z,193.95
2026-08-07T07:55:47.076Z,195.68
2026-08-07T07:56:03.627Z,195.68
2026-08-07T07:56:23.67Z,195.68
2026-08-07T07:56:43.769Z,190.62
2026-08-07T07:56:58.871Z,190.62
2026-08-07T07:57:29.091Z,203.11
2026-08-07T07:57:34.138Z,203.11
2026-08-07T07:57:44.141Z,205.11
2026-08-07T07:57:59.191Z,205.11
2026-08-07T07:58:19.35Z,207.23
2026-08-07T07:58:34.38Z,207.23
2026-08-07T07:58:54.479Z,202.02
2026-08-07T07:59:08Z,202.02
2026-08-07T07:59:09.565Z,202.02
2026-08-07T07:59:29.679Z,202.02
2026-08-07T07:59:44.815Z,198.53
2026-08-07T08:00:00.671Z,203.26
2026-08-07T08:00:15.003Z,203.26
2026-08-07T08:00:30.926Z,203.26
2026-08-07T08:00:45.136Z,203.26
2026-08-07T08:01:05.18Z,201.97
2026-08-07T08:01:20.289Z,200.72
2026-08-07T08:01:35.322Z,200.72
2026-08-07T08:01:50.419Z,205.07
2026-08-07T08:02:05.475Z,205.07
2026-08-07T08:02:20.782Z,205.07
2026-08-07T08:02:45.762Z,205.07
2026-08-07T08:02:51.009Z,205.07
2026-08-07T08:03:06.788Z,205.07
2026-08-07T08:03:21.205Z,210.72
2026-08-07T08:03:41.29Z,211.51
2026-08-07T08:04:00Z,211.51
2026-08-07T08:04:02.823Z,211.51
2026-08-07T08:04:23.648Z,210.34
2026-08-07T08:04:36.494Z,210.34
2026-08-07T08:04:51.575Z,210.96
2026-08-07T08:05:14.369Z,211.53
2026-08-07T08:05:26.83Z,211.53
2026-08-07T08:05:41.899Z,210.73
2026-08-07T08:06:05.311Z,210.73
2026-08-07T08:06:17.06Z,209.45
2026-08-07T08:06:38.217Z,208.46
2026-08-07T08:06:52.221Z,208.46
2026-08-07T08:07:07.302Z,206.6
2026-08-07T08:07:22.361Z,206.6
2026-08-07T08:07:42.48Z,205.16
2026-08-07T08:07:57.602Z,205.16
2026-08-07T08:08:12.676Z,203.27
2026-08-07T08:08:32.736Z,203.27
2026-08-07T08:08:47.806Z,201.44
2026-08-07T08:09:02Z,201.44
2026-08-07T08:09:02.987Z,201.44
2026-08-07T08:09:17.974Z,195.28
2026-08-07T08:09:33.094Z,195.28
2026-08-07T08:09:53.161Z,195.28
2026-08-07T08:10:13.358Z,188.3
2026-08-07T08:10:33.298Z,181.46
2026-08-07T08:10:48.381Z,181.46
2026-08-07T08:11:08.453Z,181.46
2026-08-07T08:11:23.536Z,181.14
2026-08-07T08:11:43.665Z,185.9
2026-08-07T08:12:04.69Z,185.9
2026-08-07T08:12:18.877Z,185.9
2026-08-07T08:12:38.886Z,198.56
2026-08-07T08:12:54.037Z,198.56
2026-08-07T08:13:09.221Z,210.91
2026-08-07T08:13:24.11Z,215.1
2026-08-07T08:13:39.866Z,215.1
2026-08-07T08:13:55.596Z,215.1
2026-08-07T08:14:08Z,215.1
2026-08-07T08:14:09.631Z,215.1
2026-08-07T08:14:24.449Z,216.13
2026-08-07T08:14:44.529Z,216.13
2026-08-07T08:15:10.96Z,213.15
2026-08-07T08:15:19.706Z,210.91
2026-08-07T08:15:34.775Z,210.91
2026-08-07T08:15:49.837Z,210.91
2026-08-07T08:16:04.923Z,210.91
2026-08-07T08:16:20Z,207.0
2026-08-07T08:16:35.084Z,207.09
2026-08-07T08:16:50.367Z,207.09
2026-08-07T08:17:10.254Z,207.09
2026-08-07T08:17:30.402Z,208.57
2026-08-07T08:17:50.423Z,208.57
2026-08-07T08:18:11.463Z,208.57
2026-08-07T08:18:26.073Z,211.88
2026-08-07T08:18:46.018Z,211.88
2026-08-07T08:19:05Z,212.25
2026-08-07T08:19:06.078Z,212.25
2026-08-07T08:19:21.155Z,212.25
2026-08-07T08:19:41.324Z,212.25
2026-08-07T08:19:56.299Z,209.72
2026-08-07T08:20:12.657Z,209.72
2026-08-07T08:20:26.477Z,209.72
2026-08-07T08:20:41.945Z,209.72
2026-08-07T08:20:56.652Z,206.74
2026-08-07T08:21:11.762Z,206.74
2026-08-07T08:21:26.811Z,206.74
2026-08-07T08:21:46.974Z,206.74
2026-08-07T08:22:03.406Z,202.41
2026-08-07T08:22:17.244Z,201.4
2026-08-07T08:22:37.269Z,201.4
2026-08-07T08:22:54.526Z,201.4
2026-08-07T08:23:12.809Z,200.36
2026-08-07T08:23:32.934Z,200.36
2026-08-07T08:23:52.972Z,200.43
2026-08-07T08:24:12Z,200.01
2026-08-07T08:24:13.029Z,200.01
2026-08-07T08:24:28.192Z,200.01
2026-08-07T08:24:43.756Z,200.01
2026-08-07T08:24:58.356Z,197.1
2026-08-07T08:25:13.431Z,197.1
2026-08-07T08:25:28.578Z,193.57
2026-08-07T08:25:49.193Z,193.57
2026-08-07T08:26:03.752Z,193.57
2026-08-07T08:26:18.867Z,187.93
2026-08-07T08:26:38.897Z,187.93
2026-08-07T08:26:53.968Z,185.98
2026-08-07T08:27:09.443Z,185.98
2026-08-07T08:27:24.2Z,185.26
2026-08-07T08:27:39.282Z,185.26
2026-08-07T08:27:55.628Z,185.26
2026-08-07T08:28:14.456Z,185.05
2026-08-07T08:28:29.517Z,185.96
2026-08-07T08:28:44.599Z,185.96
2026-08-07T08:29:04.682Z,185.96
2026-08-07T08:29:19Z,188.85
2026-08-07T08:29:19.891Z,188.85
2026-08-07T08:29:34.909Z,188.85
2026-08-07T08:29:49.995Z,195.4
2026-08-07T08:30:11.988Z,195.4
2026-08-07T08:30:30.119Z,195.4
2026-08-07T08:30:45.207Z,195.4
2026-08-07T08:31:00.345Z,195.4
2026-08-07T08:31:15.343Z,230.23
2026-08-07T08:31:30.428Z,230.23
2026-08-07T08:31:45.501Z,230.23
2026-08-07T08:32:02.396Z,230.23
2026-08-07T08:32:15.645Z,230.23
2026-08-07T08:32:30.823Z,241.72
2026-08-07T08:32:51.513Z,241.42
2026-08-07T08:33:10.892Z,241.42
2026-08-07T08:33:26.037Z,241.42
2026-08-07T08:33:41.081Z,240.47
2026-08-07T08:33:56.198Z,240.47
2026-08-07T08:34:10Z,241.46
2026-08-07T08:34:11.234Z,241.46
2026-08-07T08:34:26.372Z,241.46
2026-08-07T08:34:41.454Z,241.46
2026-08-07T08:34:57.022Z,243.02
2026-08-07T08:35:16.707Z,243.02
2026-08-07T08:35:32.433Z,243.02
2026-08-07T08:35:46.834Z,246.71
2026-08-07T08:36:03.048Z,246.71
2026-08-07T08:36:16.979Z,248.29
2026-08-07T08:36:32.038Z,248.29
2026-08-07T08:36:47.196Z,248.29
2026-08-07T08:37:03.334Z,248.29
2026-08-07T08:37:22.304Z,247.82
2026-08-07T08:37:37.416Z,247.82
2026-08-07T08:37:57.473Z,247.5
2026-08-07T08:38:12.578Z,247.5
2026-08-07T08:38:27.675Z,247.5
2026-08-07T08:38:43.588Z,248.85
2026-08-07T08:38:57.812Z,248.85
2026-08-07T08:39:12Z,250.65
2026-08-07T08:39:13.239Z,250.65
2026-08-07T08:39:28.047Z,250.65
2026-08-07T08:39:43.19Z,251.11
2026-08-07T08:40:09.168Z,251.11
2026-08-07T08:40:18.759Z,251.11
2026-08-07T08:40:34.746Z,254.37
2026-08-07T08:40:48.453Z,254.37
2026-08-07T08:41:08.543Z,257.73
2026-08-07T08:41:23.618Z,257.73
2026-08-07T08:41:39.781Z,257.73
2026-08-07T08:41:53.881Z,260.1
2026-08-07T08:42:08.954Z,260.87
2026-08-07T08:42:24.034Z,260.87
2026-08-07T08:42:39.147Z,260.87
2026-08-07T08:42:59.484Z,258.66
2026-08-07T08:43:14.327Z,258.66
2026-08-07T08:43:29.356Z,257.74
2026-08-07T08:43:44.5Z,257.74
2026-08-07T08:43:59.529Z,257.74
2026-08-07T08:44:14Z,257.42
2026-08-07T08:44:14.918Z,257.42
2026-08-07T08:44:32.099Z,257.42
2026-08-07T08:44:45.551Z,257.42
2026-08-07T08:45:08.193Z,264.47
2026-08-07T08:45:25.421Z,266.64
2026-08-07T08:45:45.453Z,266.64
2026-08-07T08:46:00.659Z,266.64
2026-08-07T08:46:15.715Z,266.64
2026-08-07T08:46:30.81Z,266.64
2026-08-07T08:46:45.853Z,266.64
2026-08-07T08:47:02.575Z,266.64
2026-08-07T08:47:16.058Z,266.64
2026-08-07T08:47:32.238Z,267.97
2026-08-07T08:47:46.209Z,267.97
2026-08-07T08:48:02.799Z,267.97
2026-08-07T08:48:21.392Z,268.73
2026-08-07T08:48:36.493Z,265.72
2026-08-07T08:48:51.532Z,265.72
2026-08-07T08:49:06.64Z,263.53
2026-08-07T08:49:21Z,263.53
2026-08-07T08:49:21.714Z,263.53
2026-08-07T08:49:36.813Z,261.43
2026-08-07T08:49:51.914Z,261.43
2026-08-07T08:50:12.381Z,258.64
2026-08-07T08:50:27.076Z,258.64
2026-08-07T08:50:47.132Z,258.64
2026-08-07T08:51:07.181Z,256.01
2026-08-07T08:51:22.27Z,255.13
2026-08-07T08:51:42.844Z,253.42
2026-08-07T08:51:57.483Z,253.42
2026-08-07T08:52:12.572Z,253.42
2026-08-07T08:52:32.696Z,252.73
2026-08-07T08:52:47.75Z,252.73
2026-08-07T08:53:07.792Z,252.73
2026-08-07T08:53:22.89Z,252.73
2026-08-07T08:53:37.993Z,242.14
2026-08-07T08:53:53.099Z,242.14
2026-08-07T08:54:08.129Z,232.08
2026-08-07T08:54:27Z,232.08
2026-08-07T08:54:28.318Z,232.08
2026-08-07T08:54:44.473Z,227.16
2026-08-07T08:54:58.426Z,227.16
2026-08-07T08:55:13.558Z,230.21
2026-08-07T08:55:33.586Z,241.25
2026-08-07T08:55:48.701Z,241.25
2026-08-07T08:56:08.735Z,241.25
2026-08-07T08:56:29.168Z,253.82
2026-08-07T08:56:43.912Z,253.82
2026-08-07T08:56:58.988Z,262.89
2026-08-07T08:57:19.354Z,262.89
2026-08-07T08:57:40.392Z,262.89
2026-08-07T08:57:54.265Z,264.72
2026-08-07T08:58:09.328Z,264.72
2026-08-07T08:58:24.411Z,264.72
2026-08-07T08:58:39.527Z,264.72
2026-08-07T08:58:54.556Z,264.84
2026-08-07T08:59:09.668Z,264.84
2026-08-07T08:59:29Z,264.84
2026-08-07T08:59:29.741Z,264.84
2026-08-07T08:59:44.93Z,264.84
2026-08-07T09:00:00.03Z,269.24
2026-08-07T09:00:20.134Z,269.24
2026-08-07T09:00:35.986Z,269.24
2026-08-07T09:00:50.257Z,269.29
2026-08-07T09:01:06.316Z,269.5
2026-08-07T09:01:20.412Z,269.5
2026-08-07T09:01:35.498Z,269.5
2026-08-07T09:01:50.639Z,269.5
2026-08-07T09:02:05.706Z,269.5
2026-08-07T09:02:20.8Z,269.5
2026-08-07T09:02:35.959Z,269.5
2026-08-07T09:02:51.16Z,284.09
2026-08-07T09:03:11.126Z,284.09
2026-08-07T09:03:31.22Z,291.62
2026-08-07T09:03:46.281Z,291.62
2026-08-07T09:04:02.671Z,291.62
2026-08-07T09:04:16.456Z,291.62
2026-08-07T09:04:31Z,291.62
2026-08-07T09:04:31.549Z,291.62
2026-08-07T09:04:46.805Z,291.11
2026-08-07T09:05:12.544Z,291.11
2026-08-07T09:05:21.796Z,291.11
2026-08-07T09:05:36.917Z,289.45
2026-08-07T09:05:56.999Z,289.45
2026-08-07T09:06:12.114Z,289.45
2026-08-07T09:06:27.136Z,289.45
2026-08-07T09:06:42.234Z,289.45
2026-08-07T09:06:57.295Z,294.43
2026-08-07T09:07:12.433Z,295.79
2026-08-07T09:07:28.139Z,295.79
2026-08-07T09:07:42.553Z,296.76
2026-08-07T09:08:03.123Z,296.76
2026-08-07T09:08:17.691Z,295.19
2026-08-07T09:08:38.524Z,295.19
2026-08-07T09:08:52.855Z,295.19
2026-08-07T09:09:07.978Z,297.57
2026-08-07T09:09:27Z,297.57
2026-08-07T09:09:28.053Z,297.57
2026-08-07T09:09:43.101Z,301.67
2026-08-07T09:10:07.438Z,301.67
2026-08-07T09:10:18.28Z,301.67
2026-08-07T09:10:33.492Z,301.67
2026-08-07T09:10:48.431Z,304.27
2026-08-07T09:11:08.542Z,304.27
2026-08-07T09:11:30.08Z,304.27
2026-08-07T09:11:48.738Z,310.97
2026-08-07T09:12:08.742Z,310.97
2026-08-07T09:12:28.922Z,315.08
2026-08-07T09:12:44.324Z,315.08
2026-08-07T09:12:59.011Z,316.24
2026-08-07T09:13:14.126Z,316.24
2026-08-07T09:13:34.179Z,319.0
2026-08-07T09:13:54.88Z,319.0
2026-08-07T09:14:09.341Z,320.12
2026-08-07T09:14:23Z,320.12
2026-08-07T09:14:24.443Z,320.12
2026-08-07T09:14:39.477Z,320.12
2026-08-07T09:14:54.564Z,320.12
2026-08-07T09:15:15.142Z,318.71
2026-08-07T09:15:29.756Z,318.71
2026-08-07T09:15:44.92Z,318.71
2026-08-07T09:16:05.538Z,314.45
2026-08-07T09:16:20.028Z,314.45
2026-08-07T09:16:35.095Z,314.45
2026-08-07T09:16:55.167Z,314.45
2026-08-07T09:17:15.291Z,305.89
2026-08-07T09:17:35.433Z,305.89
2026-08-07T09:17:50.419Z,298.97
2026-08-07T09:18:05.532Z,298.97
2026-08-07T09:18:21.845Z,298.97
2026-08-07T09:18:35.665Z,289.69
2026-08-07T09:18:50.778Z,289.69
2026-08-07T09:19:05.847Z,289.69
2026-08-07T09:19:20.926Z,289.52
2026-08-07T09:19:35Z,289.52
2026-08-07T09:19:36.235Z,289.52
2026-08-07T09:19:51.178Z,289.52
2026-08-07T09:20:10.419Z,289.52
2026-08-07T09:20:26.325Z,299.35
2026-08-07T09:20:41.701Z,303.06
2026-08-07T09:20:56.802Z,303.06
2026-08-07T09:21:11.875Z,303.06
2026-08-07T09:21:27.024Z,313.88
2026-08-07T09:21:42.051Z,313.88
2026-08-07T09:21:57.167Z,313.88
2026-08-07T09:22:12.218Z,322.74
2026-08-07T09:22:33.039Z,322.74
2026-08-07T09:22:52.358Z,322.74
2026-08-07T09:23:07.46Z,322.74
2026-08-07T09:23:22.54Z,336.02
2026-08-07T09:23:37.65Z,338.06
2026-08-07T09:23:52.704Z,338.06
2026-08-07T09:24:07.811Z,338.06
2026-08-07T09:24:27Z,330.58
2026-08-07T09:24:28.058Z,330.58
2026-08-07T09:24:42.995Z,330.58
