_time,_value
2026-08-03T08:59:09Z,0
2026-08-03T08:59:11Z,1
2026-08-03T08:59:11.145Z,0
2026-08-03T08:59:11.187Z,0
2026-08-03T08:59:13Z,2
2026-08-03T08:59:13.254Z,1
2026-08-03T08:59:13.462Z,2
2026-08-03T08:59:14Z,3
2026-08-03T08:59:15.095Z,3
2026-08-03T08:59:16Z,4
2026-08-03T08:59:18Z,5
2026-08-03T08:59:18.485Z,4
2026-08-03T08:59:18.955Z,5
2026-08-03T08:59:20Z,6
2026-08-03T08:59:20.431Z,6
2026-08-03T08:59:22Z,7
2026-08-03T08:59:22.227Z,7
2026-08-03T08:59:23Z,8
2026-08-03T08:59:24.029Z,8
2026-08-03T08:59:25Z,9
2026-08-03T08:59:26.196Z,9
2026-08-03T08:59:27Z,10
2026-08-03T08:59:27.634Z,10
2026-08-03T08:59:29Z,11
2026-08-03T08:59:29.879Z,11
2026-08-03T08:59:31Z,12
2026-08-03T08:59:31.326Z,12
2026-08-03T08:59:33Z,13
2026-08-03T08:59:34Z,14
2026-08-03T08:59:34.053Z,13
2026-08-03T08:59:34.927Z,14
2026-08-03T08:59:36Z,15
2026-08-03T08:59:36.714Z,15
2026-08-03T08:59:38Z,16
2026-08-03T08:59:38.522Z,16
2026-08-03T08:59:40Z,17
2026-08-03T08:59:40.639Z,17
2026-08-03T08:59:42Z,18
2026-08-03T08:59:42.123Z,18
2026-08-03T08:59:43Z,19
2026-08-03T08:59:43.938Z,19
2026-08-03T08:59:45Z,20
2026-08-03T08:59:45.978Z,20
2026-08-03T08:59:47Z,21
2026-08-03T08:59:48.725Z,21
2026-08-03T08:59:49Z,22
2026-08-03T08:59:49.327Z,22
2026-08-03T08:59:51Z,23
2026-08-03T08:59:51.125Z,23
2026-08-03T08:59:52Z,24
2026-08-03T08:59:52.931Z,24
2026-08-03T08:59:54Z,25
2026-08-03T08:59:54.73Z,25
2026-08-03T08:59:56Z,26
2026-08-03T08:59:56.558Z,26
2026-08-03T08:59:58Z,27
2026-08-03T08:59:58.337Z,27
2026-08-03T09:00:00Z,28
2026-08-03T09:00:00.13Z,28
2026-08-03T09:00:01Z,29
2026-08-03T09:00:03Z,30
2026-08-03T09:00:05Z,31
2026-08-03T09:00:07Z,32
2026-08-03T09:00:09Z,33
2026-08-03T09:00:10Z,34
2026-08-03T09:00:11.241Z,29
2026-08-03T09:00:11.624Z,30
2026-08-03T09:00:11.949Z,31
2026-08-03T09:00:12Z,35
2026-08-03T09:00:12.389Z,32
2026-08-03T09:00:12.619Z,33
2026-08-03T09:00:13.353Z,34
2026-08-03T09:00:13.926Z,35
2026-08-03T09:00:14Z,36
2026-08-03T09:00:15.032Z,36
2026-08-03T09:00:16Z,37
2026-08-03T09:00:16.347Z,37
2026-08-03T09:00:18Z,38
2026-08-03T09:00:19Z,39
2026-08-03T09:00:19.016Z,38
2026-08-03T09:00:19.955Z,39
2026-08-03T09:00:21Z,40
2026-08-03T09:00:21.746Z,40
2026-08-03T09:00:23Z,41
2026-08-03T09:00:24.917Z,41
2026-08-03T09:00:25Z,42
2026-08-03T09:00:26.396Z,42
2026-08-03T09:00:27Z,43
2026-08-03T09:00:27.285Z,43
2026-08-03T09:00:28Z,44
2026-08-03T09:00:29.08Z,44
2026-08-03T09:00:30Z,45
2026-08-03T09:00:31.351Z,45
2026-08-03T09:00:32Z,46
2026-08-03T09:00:34Z,47
2026-08-03T09:00:34.11Z,46
2026-08-03T09:00:34.676Z,47
2026-08-03T09:00:36Z,48
2026-08-03T09:00:36.251Z,48
2026-08-03T09:00:37Z,49
2026-08-03T09:00:38.108Z,49
2026-08-03T09:00:39Z,50
2026-08-03T09:00:40.065Z,50
2026-08-03T09:00:41Z,51
2026-08-03T09:00:41.659Z,51
2026-08-03T09:00:43Z,52
2026-08-03T09:00:43.472Z,52
2026-08-03T09:00:45Z,53
2026-08-03T09:00:45.264Z,53
2026-08-03T09:00:46Z,54
2026-08-03T09:00:48Z,55
2026-08-03T09:00:48.929Z,54
2026-08-03T09:00:49.217Z,55
2026-08-03T09:00:50Z,56
2026-08-03T09:00:51.423Z,56
2026-08-03T09:00:52Z,57
2026-08-03T09:00:52.528Z,57
2026-08-03T09:00:54Z,58
2026-08-03T09:00:54.254Z,58
2026-08-03T09:00:55Z,59
2026-08-03T09:00:56.301Z,59
2026-08-03T09:00:57Z,60
2026-08-03T09:00:57.858Z,60
2026-08-03T09:00:59Z,61
2026-08-03T09:00:59.667Z,61
2026-08-03T09:01:01Z,62
2026-08-03T09:01:03Z,63
2026-08-03T09:01:03.577Z,62
2026-08-03T09:01:04Z,64
2026-08-03T09:01:06Z,65
2026-08-03T09:01:06.175Z,63
2026-08-03T09:01:06.457Z,64
2026-08-03T09:01:06.958Z,65
2026-08-03T09:01:08Z,66
2026-08-03T09:01:08.671Z,66
2026-08-03T09:01:10Z,67
2026-08-03T09:01:10.543Z,67
2026-08-03T09:01:12Z,68
2026-08-03T09:01:12.279Z,68
2026-08-03T09:01:13Z,69
2026-08-03T09:01:14.081Z,69
2026-08-03T09:01:15Z,70
2026-08-03T09:01:16.309Z,70
2026-08-03T09:01:17Z,71
2026-08-03T09:01:19Z,72
2026-08-03T09:01:19.613Z,71
2026-08-03T09:01:19.869Z,72
2026-08-03T09:01:21Z,73
2026-08-03T09:01:21.28Z,73
2026-08-03T09:01:23Z,74
2026-08-03T09:01:23.087Z,74
2026-08-03T09:01:24Z,75
2026-08-03T09:01:24.877Z,75
2026-08-03T09:01:26Z,76
2026-08-03T09:01:26.686Z,76
2026-08-03T09:01:28Z,77
2026-08-03T09:01:28.557Z,77
2026-08-03T09:01:30Z,78
2026-08-03T09:01:30.291Z,78
2026-08-03T09:01:32Z,79
2026-08-03T09:01:33Z,80
2026-08-03T09:01:34.37Z,79
2026-08-03T09:01:34.773Z,80
2026-08-03T09:01:35Z,81
2026-08-03T09:01:35.718Z,81
2026-08-03T09:01:37Z,82
2026-08-03T09:01:37.531Z,82
2026-08-03T09:01:39Z,83
2026-08-03T09:01:41Z,84
2026-08-03T09:01:41.551Z,83
2026-08-03T09:01:42Z,85
2026-08-03T09:01:43.077Z,84
2026-08-03T09:01:43.273Z,85
2026-08-03T09:01:44Z,86
2026-08-03T09:01:44.736Z,86
2026-08-03T09:01:46Z,87
2026-08-03T09:01:46.534Z,87
2026-08-03T09:01:48Z,88
2026-08-03T09:01:49.298Z,88
2026-08-03T09:01:50Z,89
2026-08-03T09:01:50.3Z,89
2026-08-03T09:01:51Z,90
2026-08-03T09:01:51.957Z,90
2026-08-03T09:01:53Z,91
2026-08-03T09:01:53.781Z,91
2026-08-03T09:01:55Z,92
2026-08-03T09:01:56.479Z,92
2026-08-03T09:01:57Z,93
2026-08-03T09:01:57.551Z,93
2026-08-03T09:01:59Z,94
2026-08-03T09:01:59.154Z,94
2026-08-03T09:02:00Z,95
2026-08-03T09:02:02Z,96
2026-08-03T09:02:02.579Z,95
2026-08-03T09:02:04Z,97
2026-08-03T09:02:05.003Z,96
2026-08-03T09:02:05.182Z,97
2026-08-03T09:02:06Z,98
2026-08-03T09:02:06.688Z,98
2026-08-03T09:02:08Z,99
2026-08-03T09:02:08.163Z,99
2026-08-03T09:02:09Z,100
2026-08-03T09:02:10.136Z,100
2026-08-03T09:02:10.189Z,100
2026-08-03T09:16:08Z,100
2026-08-03T09:16:08.629Z,100
2026-08-03T09:16:09Z,100
2026-08-03T09:16:10.337Z,100
2026-08-03T09:16:10.394Z,100
2026-08-03T09:16:11Z,99
2026-08-03T09:16:12.645Z,99
2026-08-03T09:16:13Z,98
2026-08-03T09:16:13.433Z,98
2026-08-03T09:16:15Z,97
2026-08-03T09:16:15.246Z,97
2026-08-03T09:16:17Z,96
2026-08-03T09:16:18Z,95
2026-08-03T09:16:19.318Z,96
2026-08-03T09:16:19.759Z,95
2026-08-03T09:16:20Z,94
2026-08-03T09:16:20.651Z,94
2026-08-03T09:16:22Z,93
2026-08-03T09:16:22.467Z,93
2026-08-03T09:16:24Z,92
2026-08-03T09:16:24.261Z,92
2026-08-03T09:16:26Z,91
2026-08-03T09:16:26.147Z,91
2026-08-03T09:16:27Z,90
2026-08-03T09:16:27.877Z,90
2026-08-03T09:16:29Z,89
2026-08-03T09:16:29.676Z,89
2026-08-03T09:16:31Z,88
2026-08-03T09:16:32.375Z,88
2026-08-03T09:16:33Z,87
2026-08-03T09:16:35Z,86
2026-08-03T09:16:35.887Z,87
2026-08-03T09:16:36Z,85
2026-08-03T09:16:36.181Z,86
2026-08-03T09:16:36.915Z,85
2026-08-03T09:16:38Z,84
2026-08-03T09:16:38.716Z,84
2026-08-03T09:16:40Z,83
2026-08-03T09:16:40.513Z,83
2026-08-03T09:16:42Z,82
2026-08-03T09:16:42.327Z,82
2026-08-03T09:16:44Z,81
2026-08-03T09:16:44.13Z,81
2026-08-03T09:16:45Z,80
2026-08-03T09:16:45.942Z,80
2026-08-03T09:16:47Z,79
2026-08-03T09:16:49Z,78
2026-08-03T09:16:49.212Z,79
2026-08-03T09:16:49.705Z,78
2026-08-03T09:16:51Z,77
2026-08-03T09:16:51.501Z,77
2026-08-03T09:16:53Z,76
2026-08-03T09:16:54.006Z,76
2026-08-03T09:16:55Z,75
2026-08-03T09:16:55.811Z,75
2026-08-03T09:16:56Z,74
2026-08-03T09:16:56.921Z,74
2026-08-03T09:16:58Z,73
2026-08-03T09:16:58.727Z,73
2026-08-03T09:17:00Z,72
2026-08-03T09:17:02Z,71
2026-08-03T09:17:02.617Z,72
2026-08-03T09:17:04Z,70
2026-08-03T09:17:05Z,69
2026-08-03T09:17:05.287Z,71
2026-08-03T09:17:05.705Z,70
2026-08-03T09:17:06.016Z,69
2026-08-03T09:17:07Z,68
2026-08-03T09:17:07.748Z,68
2026-08-03T09:17:09Z,67
2026-08-03T09:17:09.571Z,67
2026-08-03T09:17:11Z,66
2026-08-03T09:17:11.364Z,66
2026-08-03T09:17:13Z,65
2026-08-03T09:17:13.177Z,65
2026-08-03T09:17:14Z,64
2026-08-03T09:17:14.972Z,64
2026-08-03T09:17:16Z,63
2026-08-03T09:17:16.783Z,63
2026-08-03T09:17:18Z,62
2026-08-03T09:17:20Z,61
2026-08-03T09:17:22Z,60
2026-08-03T09:17:23Z,59
2026-08-03T09:17:25Z,58
2026-08-03T09:17:27Z,57
2026-08-03T09:17:29Z,56
2026-08-03T09:17:31Z,55
2026-08-03T09:17:31.599Z,62
2026-08-03T09:17:32Z,54
2026-08-03T09:17:32.131Z,61
2026-08-03T09:17:32.733Z,60
2026-08-03T09:17:32.969Z,59
2026-08-03T09:17:33.649Z,58
2026-08-03T09:17:34Z,53
2026-08-03T09:17:34.058Z,57
2026-08-03T09:17:34.303Z,56
2026-08-03T09:17:34.575Z,55
2026-08-03T09:17:36Z,52
2026-08-03T09:17:37.712Z,54
2026-08-03T09:17:38Z,51
2026-08-03T09:17:38.292Z,53
2026-08-03T09:17:38.746Z,52
2026-08-03T09:17:38.995Z,51
2026-08-03T09:17:40Z,50
2026-08-03T09:17:40.307Z,50
2026-08-03T09:17:42Z,49
2026-08-03T09:17:42.067Z,49
2026-08-03T09:17:43Z,48
2026-08-03T09:17:43.867Z,48
2026-08-03T09:17:45Z,47
2026-08-03T09:17:45.712Z,47
2026-08-03T09:17:47Z,46
2026-08-03T09:17:49Z,45
2026-08-03T09:17:50.043Z,46
2026-08-03T09:17:50.417Z,45
2026-08-03T09:17:51Z,44
2026-08-03T09:17:51.097Z,44
2026-08-03T09:17:52Z,43
2026-08-03T09:17:53.675Z,43
2026-08-03T09:17:54Z,42
2026-08-03T09:17:54.703Z,42
2026-08-03T09:17:56Z,41
2026-08-03T09:17:56.501Z,41
2026-08-03T09:17:58Z,40
2026-08-03T09:17:58.31Z,40
2026-08-03T09:18:00Z,39
2026-08-03T09:18:00.115Z,39
2026-08-03T09:18:01Z,38
2026-08-03T09:18:03Z,37
2026-08-03T09:18:03.299Z,38
2026-08-03T09:18:05Z,36
2026-08-03T09:18:06.081Z,37
2026-08-03T09:18:06.327Z,36
2026-08-03T09:18:07Z,35
2026-08-03T09:18:07.328Z,35
2026-08-03T09:18:09Z,34
2026-08-03T09:18:09.127Z,34
2026-08-03T09:18:10Z,33
2026-08-03T09:18:10.931Z,33
2026-08-03T09:18:12Z,32
2026-08-03T09:18:12.737Z,32
2026-08-03T09:18:14Z,31
2026-08-03T09:18:16Z,30
2026-08-03T09:18:17.015Z,31
2026-08-03T09:18:17.453Z,30
2026-08-03T09:18:18Z,29
2026-08-03T09:18:20Z,28
2026-08-03T09:18:20.002Z,29
2026-08-03T09:18:20.416Z,28
2026-08-03T09:18:21Z,27
2026-08-03T09:18:23Z,26
2026-08-03T09:18:23.565Z,27
2026-08-03T09:18:23.975Z,26
2026-08-03T09:18:25Z,25
2026-08-03T09:18:25.444Z,25
2026-08-03T09:18:27Z,24
2026-08-03T09:18:27.251Z,24
2026-08-03T09:18:29Z,23
2026-08-03T09:18:29.047Z,23
2026-08-03T09:18:30Z,22
2026-08-03T09:18:30.858Z,22
2026-08-03T09:18:32Z,21
2026-08-03T09:18:34Z,20
2026-08-03T09:18:34.999Z,21
2026-08-03T09:18:35.423Z,20
2026-08-03T09:18:36Z,19
2026-08-03T09:18:36.261Z,19
2026-08-03T09:18:38Z,18
2026-08-03T09:18:38.061Z,18
2026-08-03T09:18:39Z,17
2026-08-03T09:18:39.868Z,17
2026-08-03T09:18:41Z,16
2026-08-03T09:18:41.917Z,16
2026-08-03T09:18:43Z,15
2026-08-03T09:18:43.589Z,15
2026-08-03T09:18:45Z,14
2026-08-03T09:18:45.395Z,14
2026-08-03T09:18:47Z,13
2026-08-03T09:18:47.672Z,13
2026-08-03T09:18:48Z,12
2026-08-03T09:18:50Z,11
2026-08-03T09:18:51.363Z,12
2026-08-03T09:18:51.814Z,11
2026-08-03T09:18:52Z,10
2026-08-03T09:18:52.693Z,10
2026-08-03T09:18:54Z,9
2026-08-03T09:18:54.423Z,9
2026-08-03T09:18:56Z,8
2026-08-03T09:18:56.27Z,8
2026-08-03T09:18:57Z,7
2026-08-03T09:18:58.032Z,7
2026-08-03T09:18:59Z,6
2026-08-03T09:18:59.829Z,6
2026-08-03T09:19:01Z,5
2026-08-03T09:19:02.691Z,5
2026-08-03T09:19:03Z,4
2026-08-03T09:19:05Z,3
2026-08-03T09:19:05.449Z,4
2026-08-03T09:19:06.457Z,3
2026-08-03T09:19:07Z,2
2026-08-03T09:19:08Z,1
2026-08-03T09:19:08.052Z,2
2026-08-03T09:19:08.846Z,1
2026-08-03T09:19:09Z,0
2026-08-03T09:19:09.768Z,0
2026-08-03T09:19:09.819Z,0
2026-08-03T10:12:44Z,0
2026-08-03T10:12:46Z,1
2026-08-03T10:12:48Z,2
2026-08-03T10:12:48.102Z,0
2026-08-03T10:12:48.144Z,0
2026-08-03T10:12:48.512Z,1
2026-08-03T10:12:48.95Z,2
2026-08-03T10:12:50Z,3
2026-08-03T10:12:51.32Z,3
2026-08-03T10:12:52Z,4
2026-08-03T10:12:52.282Z,4
2026-08-03T10:12:53Z,5
2026-08-03T10:12:54.083Z,5
2026-08-03T10:12:55Z,6
2026-08-03T10:12:57Z,7
2026-08-03T10:12:57.546Z,6
2026-08-03T10:12:57.8Z,7
2026-08-03T10:12:59Z,8
2026-08-03T10:12:59.498Z,8
2026-08-03T10:13:01Z,9
2026-08-03T10:13:03Z,10
2026-08-03T10:13:04Z,11
2026-08-03T10:13:04.53Z,9
2026-08-03T10:13:04.898Z,10
2026-08-03T10:13:05.097Z,11
2026-08-03T10:13:06Z,12
2026-08-03T10:13:06.69Z,12
2026-08-03T10:13:08Z,13
2026-08-03T10:13:08.496Z,13
2026-08-03T10:13:10Z,14
2026-08-03T10:13:12Z,15
2026-08-03T10:13:12.308Z,14
2026-08-03T10:13:13Z,16
2026-08-03T10:13:13.371Z,15
2026-08-03T10:13:13.905Z,16
2026-08-03T10:13:15Z,17
2026-08-03T10:13:16.088Z,17
2026-08-03T10:13:17Z,18
2026-08-03T10:13:17.62Z,18
2026-08-03T10:13:19Z,19
2026-08-03T10:13:19.307Z,19
2026-08-03T10:13:21Z,20
2026-08-03T10:13:21.163Z,20
2026-08-03T10:13:22Z,21
2026-08-03T10:13:22.925Z,21
2026-08-03T10:13:24Z,22
2026-08-03T10:13:24.722Z,22
2026-08-03T10:13:26Z,23
2026-08-03T10:13:27.156Z,23
2026-08-03T10:13:28Z,24
2026-08-03T10:13:29.142Z,24
2026-08-03T10:13:30Z,25
2026-08-03T10:13:30.132Z,25
2026-08-03T10:13:31Z,26
2026-08-03T10:13:31.978Z,26
2026-08-03T10:13:33Z,27
2026-08-03T10:13:33.766Z,27
2026-08-03T10:13:35Z,28
2026-08-03T10:13:36.045Z,28
2026-08-03T10:13:37Z,29
2026-08-03T10:13:37.35Z,29
2026-08-03T10:13:39Z,30
2026-08-03T10:13:39.143Z,30
2026-08-03T10:13:40Z,31
2026-08-03T10:13:42Z,32
2026-08-03T10:13:42.232Z,31
2026-08-03T10:13:42.756Z,32
2026-08-03T10:13:44Z,33
2026-08-03T10:13:45.372Z,33
2026-08-03T10:13:46Z,34
2026-08-03T10:13:46.37Z,34
2026-08-03T10:13:48Z,35
2026-08-03T10:13:48.175Z,35
2026-08-03T10:13:49Z,36
2026-08-03T10:13:49.984Z,36
2026-08-03T10:13:51Z,37
2026-08-03T10:13:51.791Z,37
2026-08-03T10:13:53Z,38
2026-08-03T10:13:53.589Z,38
2026-08-03T10:13:55Z,39
2026-08-03T10:13:57Z,40
2026-08-03T10:13:58Z,41
2026-08-03T10:13:58.384Z,39
2026-08-03T10:13:58.57Z,40
2026-08-03T10:13:59.357Z,41
2026-08-03T10:14:00Z,42
2026-08-03T10:14:02Z,43
2026-08-03T10:14:02.438Z,42
2026-08-03T10:14:02.696Z,43
2026-08-03T10:14:04Z,44
2026-08-03T10:14:04.49Z,44
2026-08-03T10:14:06Z,45
2026-08-03T10:14:07Z,46
2026-08-03T10:14:08.169Z,45
2026-08-03T10:14:08.857Z,46
2026-08-03T10:14:09Z,47
2026-08-03T10:14:09.914Z,47
2026-08-03T10:14:11Z,48
2026-08-03T10:14:12.724Z,48
2026-08-03T10:14:13Z,49
2026-08-03T10:14:15Z,50
2026-08-03T10:14:15.062Z,49
2026-08-03T10:14:15.65Z,50
2026-08-03T10:14:17Z,51
2026-08-03T10:14:17.11Z,51
2026-08-03T10:14:18Z,52
2026-08-03T10:14:18.938Z,52
2026-08-03T10:14:20Z,53
2026-08-03T10:14:20.725Z,53
2026-08-03T10:14:22Z,54
2026-08-03T10:14:22.52Z,54
2026-08-03T10:14:24Z,55
2026-08-03T10:14:24.464Z,55
2026-08-03T10:14:26Z,56
2026-08-03T10:14:27Z,57
2026-08-03T10:14:28.128Z,56
2026-08-03T10:14:28.308Z,57
2026-08-03T10:14:29Z,58
2026-08-03T10:14:29.735Z,58
2026-08-03T10:14:31Z,59
2026-08-03T10:14:31.541Z,59
2026-08-03T10:14:33Z,60
2026-08-03T10:14:33.386Z,60
2026-08-03T10:14:35Z,61
2026-08-03T10:14:35.165Z,61
2026-08-03T10:14:36Z,62
2026-08-03T10:14:36.947Z,62
2026-08-03T10:14:38Z,63
2026-08-03T10:14:38.762Z,63
2026-08-03T10:14:40Z,64
2026-08-03T10:14:42Z,65
2026-08-03T10:14:43.167Z,64
2026-08-03T10:14:43.392Z,65
2026-08-03T10:14:44Z,66
2026-08-03T10:14:44.28Z,66
2026-08-03T10:14:45Z,67
2026-08-03T10:14:46.089Z,67
2026-08-03T10:14:47Z,68
2026-08-03T10:14:47.887Z,68
2026-08-03T10:14:49Z,69
2026-08-03T10:14:50.571Z,69
2026-08-03T10:14:51Z,70
2026-08-03T10:14:52.034Z,70
2026-08-03T10:14:53Z,71
2026-08-03T10:14:53.295Z,71
2026-08-03T10:14:54Z,72
2026-08-03T10:14:55.205Z,72
2026-08-03T10:14:56Z,73
2026-08-03T10:14:58Z,74
2026-08-03T10:14:58.024Z,73
2026-08-03T10:14:58.71Z,74
2026-08-03T10:15:00Z,75
2026-08-03T10:15:02Z,76
2026-08-03T10:15:04Z,77
2026-08-03T10:15:05Z,78
2026-08-03T10:15:07Z,79
2026-08-03T10:15:09Z,80
2026-08-03T10:15:11Z,81
2026-08-03T10:15:11.916Z,75
2026-08-03T10:15:12.856Z,76
2026-08-03T10:15:13Z,82
2026-08-03T10:15:13.197Z,77
2026-08-03T10:15:13.416Z,78
2026-08-03T10:15:13.868Z,79
2026-08-03T10:15:14Z,83
2026-08-03T10:15:14.171Z,80
2026-08-03T10:15:16Z,84
2026-08-03T10:15:16.272Z,81
2026-08-03T10:15:16.965Z,82
2026-08-03T10:15:17.388Z,83
2026-08-03T10:15:18Z,85
2026-08-03T10:15:18.081Z,84
2026-08-03T10:15:18.559Z,85
2026-08-03T10:15:20Z,86
2026-08-03T10:15:20.325Z,86
2026-08-03T10:15:22Z,87
2026-08-03T10:15:22.408Z,87
2026-08-03T10:15:23Z,88
2026-08-03T10:15:24.09Z,88
2026-08-03T10:15:25Z,89
2026-08-03T10:15:27Z,90
2026-08-03T10:15:28.066Z,89
2026-08-03T10:15:29Z,91
2026-08-03T10:15:29.934Z,90
2026-08-03T10:15:31Z,92
2026-08-03T10:15:32.132Z,91
2026-08-03T10:15:32.43Z,92
2026-08-03T10:15:33Z,93
2026-08-03T10:15:33.146Z,93
2026-08-03T10:15:34Z,94
2026-08-03T10:15:34.955Z,94
2026-08-03T10:15:36Z,95
2026-08-03T10:15:36.753Z,95
2026-08-03T10:15:38Z,96
2026-08-03T10:15:38.555Z,96
2026-08-03T10:15:40Z,97
2026-08-03T10:15:40.352Z,97
2026-08-03T10:15:42Z,98
2026-08-03T10:15:42.993Z,98
2026-08-03T10:15:43Z,99
2026-08-03T10:15:43.962Z,99
2026-08-03T10:15:44Z,100
2026-08-03T10:15:45.461Z,100
2026-08-03T10:15:45.511Z,100
2026-08-03T10:28:04Z,100
2026-08-03T10:28:05Z,100
2026-08-03T10:28:05.764Z,100
2026-08-03T10:28:07Z,99
2026-08-03T10:28:09Z,98
2026-08-03T10:28:09.162Z,100
2026-08-03T10:28:09.217Z,100
2026-08-03T10:28:09.658Z,99
2026-08-03T10:28:10.108Z,98
2026-08-03T10:28:11Z,97
2026-08-03T10:28:11.41Z,97
2026-08-03T10:28:13Z,96
2026-08-03T10:28:13.197Z,96
2026-08-03T10:28:14Z,95
2026-08-03T10:28:14.982Z,95
2026-08-03T10:28:16Z,94
2026-08-03T10:28:17.911Z,94
2026-08-03T10:28:18Z,93
2026-08-03T10:28:18.603Z,93
2026-08-03T10:28:20Z,92
2026-08-03T10:28:20.41Z,92
2026-08-03T10:28:22Z,91
2026-08-03T10:28:22.195Z,91
2026-08-03T10:28:23Z,90
2026-08-03T10:28:23.997Z,90
2026-08-03T10:28:25Z,89
2026-08-03T10:28:25.903Z,89
2026-08-03T10:28:27Z,88
2026-08-03T10:28:27.607Z,88
2026-08-03T10:28:29Z,87
2026-08-03T10:28:29.4Z,87
2026-08-03T10:28:31Z,86
2026-08-03T10:28:32Z,85
2026-08-03T10:28:32.727Z,86
2026-08-03T10:28:33.546Z,85
2026-08-03T10:28:34Z,84
2026-08-03T10:28:34.81Z,84
2026-08-03T10:28:36Z,83
2026-08-03T10:28:37.045Z,83
2026-08-03T10:28:38Z,82
2026-08-03T10:28:38.596Z,82
2026-08-03T10:28:40Z,81
2026-08-03T10:28:40.277Z,81
2026-08-03T10:28:41Z,80
2026-08-03T10:28:42.048Z,80
2026-08-03T10:28:43Z,79
2026-08-03T10:28:43.833Z,79
2026-08-03T10:28:45Z,78
2026-08-03T10:28:47Z,77
2026-08-03T10:28:47.481Z,78
2026-08-03T10:28:47.917Z,77
2026-08-03T10:28:49Z,76
2026-08-03T10:28:49.846Z,76
2026-08-03T10:28:50Z,75
2026-08-03T10:28:51.033Z,75
2026-08-03T10:28:52Z,74
2026-08-03T10:28:52.849Z,74
2026-08-03T10:28:54Z,73
2026-08-03T10:28:54.646Z,73
2026-08-03T10:28:56Z,72
2026-08-03T10:28:56.579Z,72
2026-08-03T10:28:58Z,71
2026-08-03T10:28:58.257Z,71
2026-08-03T10:28:59Z,70
2026-08-03T10:29:00.19Z,70
2026-08-03T10:29:01Z,69
2026-08-03T10:29:03Z,68
2026-08-03T10:29:04.504Z,69
2026-08-03T10:29:04.749Z,68
2026-08-03T10:29:05Z,67
2026-08-03T10:29:05.997Z,67
2026-08-03T10:29:07Z,66
2026-08-03T10:29:07.263Z,66
2026-08-03T10:29:08Z,65
2026-08-03T10:29:09.074Z,65
2026-08-03T10:29:10Z,64
2026-08-03T10:29:10.998Z,64
2026-08-03T10:29:12Z,63
2026-08-03T10:29:12.675Z,63
2026-08-03T10:29:14Z,62
2026-08-03T10:29:14.476Z,62
2026-08-03T10:29:16Z,61
2026-08-03T10:29:18Z,60
2026-08-03T10:29:18.599Z,61
2026-08-03T10:29:19Z,59
2026-08-03T10:29:19.261Z,60
2026-08-03T10:29:19.92Z,59
2026-08-03T10:29:21Z,58
2026-08-03T10:29:22.104Z,58
2026-08-03T10:29:23Z,57
2026-08-03T10:29:23.505Z,57
2026-08-03T10:29:25Z,56
2026-08-03T10:29:25.301Z,56
2026-08-03T10:29:27Z,55
2026-08-03T10:29:27.315Z,55
2026-08-03T10:29:28Z,54
2026-08-03T10:29:29.015Z,54
2026-08-03T10:29:30Z,53
2026-08-03T10:29:32Z,52
2026-08-03T10:29:32.766Z,53
2026-08-03T10:29:33.435Z,52
2026-08-03T10:29:34Z,51
2026-08-03T10:29:34.315Z,51
2026-08-03T10:29:36Z,50
2026-08-03T10:29:36.198Z,50
2026-08-03T10:29:37Z,49
2026-08-03T10:29:38.02Z,49
2026-08-03T10:29:39Z,48
2026-08-03T10:29:39.718Z,48
2026-08-03T10:29:41Z,47
2026-08-03T10:29:41.542Z,47
2026-08-03T10:29:43Z,46
2026-08-03T10:29:45Z,45
2026-08-03T10:29:45.211Z,46
2026-08-03T10:29:45.752Z,45
2026-08-03T10:29:46Z,44
2026-08-03T10:29:48Z,43
2026-08-03T10:29:48.284Z,44
2026-08-03T10:29:48.745Z,43
2026-08-03T10:29:50Z,42
2026-08-03T10:29:50.534Z,42
2026-08-03T10:29:52Z,41
2026-08-03T10:29:52.335Z,41
2026-08-03T10:29:54Z,40
2026-08-03T10:29:55Z,39
2026-08-03T10:29:55.922Z,40
2026-08-03T10:29:57Z,38
2026-08-03T10:29:58.051Z,39
2026-08-03T10:29:58.44Z,38
2026-08-03T10:29:59Z,37
2026-08-03T10:29:59.562Z,37
2026-08-03T10:30:01Z,36
2026-08-03T10:30:03Z,35
2026-08-03T10:30:04Z,34
2026-08-03T10:30:06Z,33
2026-08-03T10:30:08Z,32
2026-08-03T10:30:10Z,31
2026-08-03T10:30:12Z,30
2026-08-03T10:30:12.625Z,36
2026-08-03T10:30:13Z,29
2026-08-03T10:30:13.441Z,35
2026-08-03T10:30:13.81Z,34
2026-08-03T10:30:14.351Z,33
2026-08-03T10:30:14.577Z,32
2026-08-03T10:30:15Z,28
2026-08-03T10:30:15.091Z,31
2026-08-03T10:30:16.077Z,30
2026-08-03T10:30:16.436Z,29
2026-08-03T10:30:17Z,27
2026-08-03T10:30:18.473Z,28
2026-08-03T10:30:19Z,26
2026-08-03T10:30:19.613Z,27
2026-08-03T10:30:19.922Z,26
2026-08-03T10:30:21Z,25
2026-08-03T10:30:21.329Z,25
2026-08-03T10:30:23Z,24
2026-08-03T10:30:23.334Z,24
2026-08-03T10:30:24Z,23
2026-08-03T10:30:24.938Z,23
2026-08-03T10:30:26Z,22
2026-08-03T10:30:26.734Z,22
2026-08-03T10:30:28Z,21
2026-08-03T10:30:28.529Z,21
2026-08-03T10:30:30Z,20
2026-08-03T10:30:30.349Z,20
2026-08-03T10:30:32Z,19
2026-08-03T10:30:33Z,18
2026-08-03T10:30:33.254Z,19
2026-08-03T10:30:33.968Z,18
2026-08-03T10:30:35Z,17
2026-08-03T10:30:35.744Z,17
2026-08-03T10:30:37Z,16
2026-08-03T10:30:37.555Z,16
2026-08-03T10:30:39Z,15
2026-08-03T10:30:39.354Z,15
2026-08-03T10:30:41Z,14
2026-08-03T10:30:41.188Z,14
2026-08-03T10:30:42Z,13
2026-08-03T10:30:42.956Z,13
2026-08-03T10:30:44Z,12
2026-08-03T10:30:44.778Z,12
2026-08-03T10:30:46Z,11
2026-08-03T10:30:48Z,10
2026-08-03T10:30:48.012Z,11
2026-08-03T10:30:48.409Z,10
2026-08-03T10:30:50Z,9
2026-08-03T10:30:50.178Z,9
2026-08-03T10:30:51Z,8
2026-08-03T10:30:51.959Z,8
2026-08-03T10:30:53Z,7
2026-08-03T10:30:53.76Z,7
2026-08-03T10:30:55Z,6
2026-08-03T10:30:55.579Z,6
2026-08-03T10:30:57Z,5
2026-08-03T10:30:57.376Z,5
2026-08-03T10:30:59Z,4
2026-08-03T10:30:59.178Z,4
2026-08-03T10:31:00Z,3
2026-08-03T10:31:02Z,2
2026-08-03T10:31:04Z,1
2026-08-03T10:31:05Z,0
2026-08-03T10:31:05.623Z,3
2026-08-03T10:31:06.064Z,2
2026-08-03T10:31:06.518Z,1
2026-08-03T10:31:06.881Z,0
2026-08-03T10:31:06.938Z,0
2026-08-03T11:02:31Z,0
2026-08-03T11:02:33Z,1
2026-08-03T11:02:34.652Z,0
2026-08-03T11:02:34.697Z,0
2026-08-03T11:02:35Z,2
2026-08-03T11:02:36.121Z,1
2026-08-03T11:02:36.327Z,2
2026-08-03T11:02:37Z,3
2026-08-03T11:02:37.489Z,3
2026-08-03T11:02:39Z,4
2026-08-03T11:02:39.218Z,4
2026-08-03T11:02:40Z,5
2026-08-03T11:02:41.031Z,5
2026-08-03T11:02:42Z,6
2026-08-03T11:02:43.399Z,6
2026-08-03T11:02:44Z,7
2026-08-03T11:02:45.745Z,7
2026-08-03T11:02:46Z,8
2026-08-03T11:02:46.45Z,8
2026-08-03T11:02:48Z,9
2026-08-03T11:02:48.252Z,9
2026-08-03T11:02:50Z,10
2026-08-03T11:02:50.06Z,10
2026-08-03T11:02:51Z,11
2026-08-03T11:02:51.865Z,11
2026-08-03T11:02:53Z,12
2026-08-03T11:02:55Z,13
2026-08-03T11:02:57Z,14
2026-08-03T11:02:59Z,15
2026-08-03T11:02:59.236Z,12
2026-08-03T11:02:59.572Z,13
2026-08-03T11:02:59.789Z,14
2026-08-03T11:03:00Z,16
2026-08-03T11:03:02Z,17
2026-08-03T11:03:02.311Z,15
2026-08-03T11:03:03.034Z,16
2026-08-03T11:03:03.359Z,17
2026-08-03T11:03:04Z,18
2026-08-03T11:03:04.516Z,18
2026-08-03T11:03:06Z,19
2026-08-03T11:03:06.325Z,19
2026-08-03T11:03:08Z,20
2026-08-03T11:03:08.382Z,20
2026-08-03T11:03:10Z,21
2026-08-03T11:03:11Z,22
2026-08-03T11:03:13Z,23
2026-08-03T11:03:13.326Z,21
2026-08-03T11:03:13.692Z,22
2026-08-03T11:03:13.963Z,23
2026-08-03T11:03:15Z,24
2026-08-03T11:03:16.966Z,24
2026-08-03T11:03:17Z,25
2026-08-03T11:03:17.435Z,25
2026-08-03T11:03:19Z,26
2026-08-03T11:03:19.098Z,26
2026-08-03T11:03:20Z,27
2026-08-03T11:03:20.897Z,27
2026-08-03T11:03:22Z,28
2026-08-03T11:03:22.705Z,28
2026-08-03T11:03:24Z,29
2026-08-03T11:03:24.513Z,29
2026-08-03T11:03:26Z,30
2026-08-03T11:03:26.319Z,30
2026-08-03T11:03:28Z,31
2026-08-03T11:03:28.137Z,31
2026-08-03T11:03:29Z,32
2026-08-03T11:03:31Z,33
2026-08-03T11:03:31.242Z,32
2026-08-03T11:03:31.74Z,33
2026-08-03T11:03:33Z,34
2026-08-03T11:03:33.552Z,34
2026-08-03T11:03:35Z,35
2026-08-03T11:03:35.348Z,35
2026-08-03T11:03:37Z,36
2026-08-03T11:03:37.161Z,36
2026-08-03T11:03:38Z,37
2026-08-03T11:03:38.969Z,37
2026-08-03T11:03:40Z,38
2026-08-03T11:03:40.767Z,38
2026-08-03T11:03:42Z,39
2026-08-03T11:03:43.505Z,39
2026-08-03T11:03:44Z,40
2026-08-03T11:03:46Z,41
2026-08-03T11:03:46.335Z,40
2026-08-03T11:03:46.545Z,41
2026-08-03T11:03:47Z,42
2026-08-03T11:03:48.169Z,42
2026-08-03T11:03:49Z,43
2026-08-03T11:03:49.81Z,43
2026-08-03T11:03:51Z,44
2026-08-03T11:03:51.61Z,44
2026-08-03T11:03:53Z,45
2026-08-03T11:03:53.528Z,45
2026-08-03T11:03:55Z,46
2026-08-03T11:03:55.221Z,46
2026-08-03T11:03:56Z,47
2026-08-03T11:03:57.039Z,47
2026-08-03T11:03:58Z,48
2026-08-03T11:03:59.439Z,48
2026-08-03T11:04:00Z,49
2026-08-03T11:04:02Z,50
2026-08-03T11:04:02.533Z,49
2026-08-03T11:04:02.869Z,50
2026-08-03T11:04:04Z,51
2026-08-03T11:04:04.766Z,51
2026-08-03T11:04:06Z,52
2026-08-03T11:04:06.054Z,52
2026-08-03T11:04:07Z,53
2026-08-03T11:04:07.864Z,53
2026-08-03T11:04:09Z,54
2026-08-03T11:04:09.674Z,54
2026-08-03T11:04:11Z,55
2026-08-03T11:04:11.477Z,55
2026-08-03T11:04:13Z,56
2026-08-03T11:04:13.277Z,56
2026-08-03T11:04:15Z,57
2026-08-03T11:04:16Z,58
2026-08-03T11:04:16.926Z,57
2026-08-03T11:04:17.298Z,58
2026-08-03T11:04:18Z,59
2026-08-03T11:04:18.71Z,59
2026-08-03T11:04:20Z,60
2026-08-03T11:04:21.015Z,60
2026-08-03T11:04:22Z,61
2026-08-03T11:04:22.402Z,61
2026-08-03T11:04:24Z,62
2026-08-03T11:04:24.123Z,62
2026-08-03T11:04:25Z,63
2026-08-03T11:04:25.931Z,63
2026-08-03T11:04:27Z,64
2026-08-03T11:04:27.732Z,64
2026-08-03T11:04:29Z,65
2026-08-03T11:04:31Z,66
2026-08-03T11:04:31.468Z,65
2026-08-03T11:04:31.847Z,66
2026-08-03T11:04:33Z,67
2026-08-03T11:04:33.157Z,67
2026-08-03T11:04:34Z,68
2026-08-03T11:04:34.963Z,68
2026-08-03T11:04:36Z,69
2026-08-03T11:04:36.771Z,69
2026-08-03T11:04:38Z,70
2026-08-03T11:04:38.591Z,70
2026-08-03T11:04:40Z,71
2026-08-03T11:04:40.388Z,71
2026-08-03T11:04:42Z,72
2026-08-03T11:04:42.956Z,72
2026-08-03T11:04:43Z,73
2026-08-03T11:04:44.405Z,73
2026-08-03T11:04:45Z,74
2026-08-03T11:04:46.553Z,74
2026-08-03T11:04:47Z,75
2026-08-03T11:04:47.616Z,75
2026-08-03T11:04:49Z,76
2026-08-03T11:04:49.422Z,76
2026-08-03T11:04:51Z,77
2026-08-03T11:04:51.228Z,77
2026-08-03T11:04:52Z,78
2026-08-03T11:04:54Z,79
2026-08-03T11:04:55.561Z,78
2026-08-03T11:04:55.993Z,79
2026-08-03T11:04:56Z,80
2026-08-03T11:04:56.644Z,80
2026-08-03T11:04:58Z,81
2026-08-03T11:04:59.539Z,81
2026-08-03T11:05:00Z,82
2026-08-03T11:05:02Z,83
2026-08-03T11:05:03Z,84
2026-08-03T11:05:05Z,85
2026-08-03T11:05:07Z,86
2026-08-03T11:05:09Z,87
2026-08-03T11:05:10.73Z,82
2026-08-03T11:05:11Z,88
2026-08-03T11:05:11.2Z,83
2026-08-03T11:05:11.591Z,84
2026-08-03T11:05:12Z,89
2026-08-03T11:05:12.011Z,85
2026-08-03T11:05:12.388Z,86
2026-08-03T11:05:13.217Z,87
2026-08-03T11:05:14Z,90
2026-08-03T11:05:14.015Z,88
2026-08-03T11:05:14.236Z,89
2026-08-03T11:05:16Z,91
2026-08-03T11:05:16.81Z,90
2026-08-03T11:05:17.161Z,91
2026-08-03T11:05:18Z,92
2026-08-03T11:05:18.332Z,92
2026-08-03T11:05:20Z,93
2026-08-03T11:05:20.138Z,93
2026-08-03T11:05:21Z,94
2026-08-03T11:05:21.944Z,94
2026-08-03T11:05:23Z,95
2026-08-03T11:05:23.752Z,95
2026-08-03T11:05:25Z,96
2026-08-03T11:05:26.194Z,96
2026-08-03T11:05:27Z,97
2026-08-03T11:05:27.361Z,97
2026-08-03T11:05:29Z,98
2026-08-03T11:05:29.384Z,98
2026-08-03T11:05:30Z,99
2026-08-03T11:05:31Z,100
2026-08-03T11:05:31.701Z,99
2026-08-03T11:05:32.565Z,100
2026-08-03T11:05:32.653Z,100
2026-08-03T11:16:19Z,100
2026-08-03T11:16:21Z,100
2026-08-03T11:16:22Z,99
2026-08-03T11:16:22.031Z,100
2026-08-03T11:16:24Z,98
2026-08-03T11:16:24.325Z,100
2026-08-03T11:16:24.382Z,100
2026-08-03T11:16:25.026Z,99
2026-08-03T11:16:25.36Z,98
2026-08-03T11:16:26Z,97
2026-08-03T11:16:26.53Z,97
2026-08-03T11:16:28Z,96
2026-08-03T11:16:28.327Z,96
2026-08-03T11:16:30Z,95
2026-08-03T11:16:30.349Z,95
2026-08-03T11:16:31Z,94
2026-08-03T11:16:31.937Z,94
2026-08-03T11:16:33Z,93
2026-08-03T11:16:33.748Z,93
2026-08-03T11:16:35Z,92
2026-08-03T11:16:36.157Z,92
2026-08-03T11:16:37Z,91
2026-08-03T11:16:37.455Z,91
2026-08-03T11:16:39Z,90
2026-08-03T11:16:39.22Z,90
2026-08-03T11:16:40Z,89
2026-08-03T11:16:40.977Z,89
2026-08-03T11:16:42Z,88
2026-08-03T11:16:43.14Z,88
2026-08-03T11:16:44Z,87
2026-08-03T11:16:45.045Z,87
2026-08-03T11:16:46Z,86
2026-08-03T11:16:46.383Z,86
2026-08-03T11:16:48Z,85
2026-08-03T11:16:48.183Z,85
2026-08-03T11:16:49Z,84
2026-08-03T11:16:51Z,83
2026-08-03T11:16:51.176Z,84
2026-08-03T11:16:51.926Z,83
2026-08-03T11:16:53Z,82
2026-08-03T11:16:53.634Z,82
2026-08-03T11:16:55Z,81
2026-08-03T11:16:55.419Z,81
2026-08-03T11:16:57Z,80
2026-08-03T11:16:57.226Z,80
2026-08-03T11:16:58Z,79
2026-08-03T11:16:59.06Z,79
2026-08-03T11:17:00Z,78
2026-08-03T11:17:02Z,77
2026-08-03T11:17:02.377Z,78
2026-08-03T11:17:02.645Z,77
2026-08-03T11:17:04Z,76
2026-08-03T11:17:06Z,75
2026-08-03T11:17:06.313Z,76
2026-08-03T11:17:06.567Z,75
2026-08-03T11:17:08Z,74
2026-08-03T11:17:08.071Z,74
2026-08-03T11:17:09Z,73
2026-08-03T11:17:09.867Z,73
2026-08-03T11:17:11Z,72
2026-08-03T11:17:11.753Z,72
2026-08-03T11:17:13Z,71
2026-08-03T11:17:14.219Z,71
2026-08-03T11:17:15Z,70
2026-08-03T11:17:15.314Z,70
2026-08-03T11:17:17Z,69
2026-08-03T11:17:17.161Z,69
2026-08-03T11:17:18Z,68
2026-08-03T11:17:19.674Z,68
2026-08-03T11:17:20Z,67
2026-08-03T11:17:22Z,66
2026-08-03T11:17:23.815Z,67
2026-08-03T11:17:24Z,65
2026-08-03T11:17:24.197Z,66
2026-08-03T11:17:24.655Z,65
2026-08-03T11:17:26Z,64
2026-08-03T11:17:26.163Z,64
2026-08-03T11:17:27Z,63
2026-08-03T11:17:27.981Z,63
2026-08-03T11:17:29Z,62
2026-08-03T11:17:30.227Z,62
2026-08-03T11:17:31Z,61
2026-08-03T11:17:31.607Z,61
2026-08-03T11:17:33Z,60
2026-08-03T11:17:33.4Z,60
2026-08-03T11:17:35Z,59
2026-08-03T11:17:36.775Z,59
2026-08-03T11:17:37Z,58
2026-08-03T11:17:38Z,57
2026-08-03T11:17:38.495Z,58
2026-08-03T11:17:38.936Z,57
2026-08-03T11:17:40Z,56
2026-08-03T11:17:40.74Z,56
2026-08-03T11:17:42Z,55
2026-08-03T11:17:42.546Z,55
2026-08-03T11:17:44Z,54
2026-08-03T11:17:44.354Z,54
2026-08-03T11:17:46Z,53
2026-08-03T11:17:46.161Z,53
2026-08-03T11:17:47Z,52
2026-08-03T11:17:47.969Z,52
2026-08-03T11:17:49Z,51
2026-08-03T11:17:51Z,50
2026-08-03T11:17:51.671Z,51
2026-08-03T11:17:51.904Z,50
2026-08-03T11:17:53Z,49
2026-08-03T11:17:53.388Z,49
2026-08-03T11:17:55Z,48
2026-08-03T11:17:55.215Z,48
2026-08-03T11:17:57Z,47
2026-08-03T11:17:57.226Z,47
2026-08-03T11:17:58Z,46
2026-08-03T11:17:59.203Z,46
2026-08-03T11:18:00Z,45
2026-08-03T11:18:02Z,44
2026-08-03T11:18:04Z,43
2026-08-03T11:18:06Z,42
2026-08-03T11:18:08Z,41
2026-08-03T11:18:09Z,40
2026-08-03T11:18:11Z,39
2026-08-03T11:18:13Z,38
2026-08-03T11:18:15Z,37
2026-08-03T11:18:16.652Z,45
2026-08-03T11:18:16.883Z,44
2026-08-03T11:18:17Z,36
2026-08-03T11:18:17.241Z,43
2026-08-03T11:18:18Z,35
2026-08-03T11:18:19.823Z,42
2026-08-03T11:18:20Z,34
2026-08-03T11:18:20.491Z,41
2026-08-03T11:18:21.163Z,40
2026-08-03T11:18:21.387Z,39
2026-08-03T11:18:21.607Z,38
2026-08-03T11:18:22Z,33
2026-08-03T11:18:22.172Z,37
2026-08-03T11:18:22.515Z,36
2026-08-03T11:18:22.851Z,35
2026-08-03T11:18:24Z,32
2026-08-03T11:18:25.367Z,34
2026-08-03T11:18:25.749Z,33
2026-08-03T11:18:26Z,31
2026-08-03T11:18:26.192Z,32
2026-08-03T11:18:26.519Z,31
2026-08-03T11:18:27Z,30
2026-08-03T11:18:27.937Z,30
2026-08-03T11:18:29Z,28
2026-08-03T11:18:30.611Z,28
2026-08-03T11:18:31Z,27
2026-08-03T11:18:32.802Z,27
2026-08-03T11:18:33Z,26
2026-08-03T11:18:33.418Z,26
2026-08-03T11:18:35Z,25
2026-08-03T11:18:36Z,24
2026-08-03T11:18:37.248Z,25
2026-08-03T11:18:37.574Z,24
2026-08-03T11:18:38Z,23
2026-08-03T11:18:38.832Z,23
2026-08-03T11:18:40Z,22
2026-08-03T11:18:40.637Z,22
2026-08-03T11:18:42Z,21
2026-08-03T11:18:42.442Z,21
2026-08-03T11:18:44Z,20
2026-08-03T11:18:44.251Z,20
2026-08-03T11:18:46Z,19
2026-08-03T11:18:46.056Z,19
2026-08-03T11:18:47Z,18
2026-08-03T11:18:47.86Z,18
2026-08-03T11:18:49Z,17
2026-08-03T11:18:49.663Z,17
2026-08-03T11:18:51Z,16
2026-08-03T11:18:52.154Z,16
2026-08-03T11:18:53Z,15
2026-08-03T11:18:53.272Z,15
2026-08-03T11:18:55Z,14
2026-08-03T11:18:55.399Z,14
2026-08-03T11:18:56Z,13
2026-08-03T11:18:57.375Z,13
2026-08-03T11:18:58Z,12
2026-08-03T11:18:58.7Z,12
2026-08-03T11:19:00Z,11
2026-08-03T11:19:02Z,10
2026-08-03T11:19:02.671Z,11
2026-08-03T11:19:03.264Z,10
2026-08-03T11:19:04Z,9
2026-08-03T11:19:04.116Z,9
2026-08-03T11:19:05Z,8
2026-08-03T11:19:07Z,7
2026-08-03T11:19:07.27Z,8
2026-08-03T11:19:07.722Z,7
2026-08-03T11:19:09Z,6
2026-08-03T11:19:09.531Z,6
2026-08-03T11:19:11Z,5
2026-08-03T11:19:11.329Z,5
2026-08-03T11:19:13Z,4
2026-08-03T11:19:13.133Z,4
2026-08-03T11:19:14Z,3
2026-08-03T11:19:15.33Z,3
2026-08-03T11:19:16Z,2
2026-08-03T11:19:16.746Z,2
2026-08-03T11:19:18Z,1
2026-08-03T11:19:18.556Z,1
2026-08-03T11:19:20Z,0
2026-08-03T11:19:22.579Z,0
2026-08-03T11:19:22.635Z,0
2026-08-03T11:19:23.152Z,0
2026-08-03T11:43:08Z,0
2026-08-03T11:43:10Z,1
2026-08-03T11:43:10.06Z,0
2026-08-03T11:43:10.112Z,0
2026-08-03T11:43:12Z,2
2026-08-03T11:43:14Z,3
2026-08-03T11:43:14.488Z,1
2026-08-03T11:43:14.872Z,2
2026-08-03T11:43:15.236Z,3
2026-08-03T11:43:16Z,4
2026-08-03T11:43:17Z,5
2026-08-03T11:43:17.379Z,4
2026-08-03T11:43:18.205Z,5
2026-08-03T11:43:19Z,6
2026-08-03T11:43:19.656Z,6
2026-08-03T11:43:21Z,7
2026-08-03T11:43:21.47Z,7
2026-08-03T11:43:23Z,8
2026-08-03T11:43:23.349Z,8
2026-08-03T11:43:25Z,9
2026-08-03T11:43:25.076Z,9
2026-08-03T11:43:26Z,10
2026-08-03T11:43:26.888Z,10
2026-08-03T11:43:28Z,11
2026-08-03T11:43:28.692Z,11
2026-08-03T11:43:30Z,12
2026-08-03T11:43:32Z,13
2026-08-03T11:43:32.839Z,12
2026-08-03T11:43:33.51Z,13
2026-08-03T11:43:34Z,14
2026-08-03T11:43:34.156Z,14
2026-08-03T11:43:35Z,15
2026-08-03T11:43:36.01Z,15
2026-08-03T11:43:37Z,16
2026-08-03T11:43:37.74Z,16
2026-08-03T11:43:39Z,17
2026-08-03T11:43:39.54Z,17
2026-08-03T11:43:41Z,18
2026-08-03T11:43:41.356Z,18
2026-08-03T11:43:43Z,19
2026-08-03T11:43:43.151Z,19
2026-08-03T11:43:44Z,20
2026-08-03T11:43:46Z,21
2026-08-03T11:43:47.903Z,20
2026-08-03T11:43:48Z,22
2026-08-03T11:43:48.923Z,21
2026-08-03T11:43:49.27Z,22
2026-08-03T11:43:50Z,23
2026-08-03T11:43:50.609Z,23
2026-08-03T11:43:52Z,24
2026-08-03T11:43:52.47Z,24
2026-08-03T11:43:54Z,25
2026-08-03T11:43:54.041Z,25
2026-08-03T11:43:55Z,26
2026-08-03T11:43:55.849Z,26
2026-08-03T11:43:57Z,27
2026-08-03T11:43:57.656Z,27
2026-08-03T11:43:59Z,28
2026-08-03T11:43:59.46Z,28
2026-08-03T11:44:01Z,29
2026-08-03T11:44:03Z,30
2026-08-03T11:44:03.367Z,29
2026-08-03T11:44:04Z,31
2026-08-03T11:44:04.154Z,30
2026-08-03T11:44:04.886Z,31
2026-08-03T11:44:06Z,32
2026-08-03T11:44:06.696Z,32
2026-08-03T11:44:08Z,33
2026-08-03T11:44:09.036Z,33
2026-08-03T11:44:10Z,34
2026-08-03T11:44:10.305Z,34
2026-08-03T11:44:12Z,35
2026-08-03T11:44:12.112Z,35
2026-08-03T11:44:13Z,36
2026-08-03T11:44:13.915Z,36
2026-08-03T11:44:15Z,37
2026-08-03T11:44:17Z,38
2026-08-03T11:44:17.55Z,37
2026-08-03T11:44:18.37Z,38
2026-08-03T11:44:19Z,39
2026-08-03T11:44:19.338Z,39
2026-08-03T11:44:21Z,40
2026-08-03T11:44:21.144Z,40
2026-08-03T11:44:22Z,41
2026-08-03T11:44:22.952Z,41
2026-08-03T11:44:24Z,42
2026-08-03T11:44:26Z,43
2026-08-03T11:44:27.062Z,42
2026-08-03T11:44:28Z,44
2026-08-03T11:44:28.09Z,43
2026-08-03T11:44:28.513Z,44
2026-08-03T11:44:30Z,45
2026-08-03T11:44:30.168Z,45
2026-08-03T11:44:31Z,46
2026-08-03T11:44:32.698Z,46
2026-08-03T11:44:33Z,47
2026-08-03T11:44:33.789Z,47
2026-08-03T11:44:35Z,48
2026-08-03T11:44:35.588Z,48
2026-08-03T11:44:37Z,49
2026-08-03T11:44:37.399Z,49
2026-08-03T11:44:39Z,50
2026-08-03T11:44:39.208Z,50
2026-08-03T11:44:40Z,51
2026-08-03T11:44:42Z,52
2026-08-03T11:44:42.326Z,51
2026-08-03T11:44:42.819Z,52
2026-08-03T11:44:44Z,53
2026-08-03T11:44:44.637Z,53
2026-08-03T11:44:46Z,54
2026-08-03T11:44:47.748Z,54
2026-08-03T11:44:48Z,55
2026-08-03T11:44:48.247Z,55
2026-08-03T11:44:50Z,56
2026-08-03T11:44:50.053Z,56
2026-08-03T11:44:51Z,57
2026-08-03T11:44:52.966Z,57
2026-08-03T11:44:53Z,58
2026-08-03T11:44:54.31Z,58
2026-08-03T11:44:55Z,59
2026-08-03T11:44:55.63Z,59
2026-08-03T11:44:57Z,60
2026-08-03T11:44:57.438Z,60
2026-08-03T11:44:59Z,61
2026-08-03T11:44:59.244Z,61
2026-08-03T11:45:01Z,62
2026-08-03T11:45:02Z,63
2026-08-03T11:45:04Z,64
2026-08-03T11:45:06Z,65
2026-08-03T11:45:08Z,66
2026-08-03T11:45:10Z,67
2026-08-03T11:45:11Z,68
2026-08-03T11:45:12.241Z,62
2026-08-03T11:45:12.515Z,63
2026-08-03T11:45:13Z,69
2026-08-03T11:45:13.104Z,64
2026-08-03T11:45:14.094Z,65
2026-08-03T11:45:14.349Z,66
2026-08-03T11:45:14.574Z,67
2026-08-03T11:45:14.918Z,68
2026-08-03T11:45:15Z,70
2026-08-03T11:45:15.603Z,69
2026-08-03T11:45:15.874Z,70
2026-08-03T11:45:17Z,71
2026-08-03T11:45:18.038Z,71
2026-08-03T11:45:19Z,72
2026-08-03T11:45:20Z,73
2026-08-03T11:45:20.137Z,72
2026-08-03T11:45:20.941Z,73
2026-08-03T11:45:22Z,74
2026-08-03T11:45:22.744Z,74
2026-08-03T11:45:24Z,75
2026-08-03T11:45:24.56Z,75
2026-08-03T11:45:26Z,76
2026-08-03T11:45:26.39Z,76
2026-08-03T11:45:28Z,77
2026-08-03T11:45:28.22Z,77
2026-08-03T11:45:29Z,78
2026-08-03T11:45:30.349Z,78
2026-08-03T11:45:31Z,79
2026-08-03T11:45:32.896Z,79
2026-08-03T11:45:33Z,80
2026-08-03T11:45:33.589Z,80
2026-08-03T11:45:35Z,81
2026-08-03T11:45:36.462Z,81
2026-08-03T11:45:37Z,82
2026-08-03T11:45:37.354Z,82
2026-08-03T11:45:38Z,83
2026-08-03T11:45:39.006Z,83
2026-08-03T11:45:40Z,84
2026-08-03T11:45:41.171Z,84
2026-08-03T11:45:42Z,85
2026-08-03T11:45:42.619Z,85
2026-08-03T11:45:44Z,86
2026-08-03T11:45:44.459Z,86
2026-08-03T11:45:46Z,87
2026-08-03T11:45:48Z,88
2026-08-03T11:45:48.065Z,87
2026-08-03T11:45:48.331Z,88
2026-08-03T11:45:49Z,89
2026-08-03T11:45:49.846Z,89
2026-08-03T11:45:51Z,90
2026-08-03T11:45:52.414Z,90
2026-08-03T11:45:53Z,91
2026-08-03T11:45:53.551Z,91
2026-08-03T11:45:55Z,92
2026-08-03T11:45:55.274Z,92
2026-08-03T11:45:57Z,93
2026-08-03T11:45:57.194Z,93
2026-08-03T11:45:58Z,94
2026-08-03T11:45:58.892Z,94
2026-08-03T11:46:00Z,95
2026-08-03T11:46:02Z,96
2026-08-03T11:46:02.939Z,95
2026-08-03T11:46:04Z,97
2026-08-03T11:46:05.263Z,96
2026-08-03T11:46:05.713Z,97
2026-08-03T11:46:06Z,99
2026-08-03T11:46:06.135Z,99
2026-08-03T11:46:07Z,100
2026-08-03T11:46:08Z,100
2026-08-03T11:46:08.819Z,100
2026-08-03T11:46:08.882Z,100
2026-08-03T11:46:09.759Z,100
2026-08-03T11:56:51Z,100
2026-08-03T11:56:52Z,100
2026-08-03T11:56:53Z,99
2026-08-03T11:56:54.465Z,100
2026-08-03T11:56:55Z,98
2026-08-03T11:56:57Z,97
2026-08-03T11:56:57.269Z,100
2026-08-03T11:56:57.317Z,100
2026-08-03T11:56:57.829Z,99
2026-08-03T11:56:58.295Z,98
2026-08-03T11:56:58.742Z,97
2026-08-03T11:56:59Z,96
2026-08-03T11:56:59.462Z,96
2026-08-03T11:57:01Z,95
2026-08-03T11:57:02Z,94
2026-08-03T11:57:02.828Z,95
2026-08-03T11:57:03.865Z,94
2026-08-03T11:57:04Z,93
2026-08-03T11:57:04.881Z,93
2026-08-03T11:57:06Z,92
2026-08-03T11:57:07.862Z,92
2026-08-03T11:57:08Z,91
2026-08-03T11:57:09.787Z,91
2026-08-03T11:57:10Z,90
2026-08-03T11:57:10.321Z,90
2026-08-03T11:57:12Z,89
2026-08-03T11:57:12.224Z,89
2026-08-03T11:57:13Z,88
2026-08-03T11:57:13.928Z,88
2026-08-03T11:57:15Z,87
2026-08-03T11:57:15.738Z,87
2026-08-03T11:57:17Z,86
2026-08-03T11:57:17.543Z,86
2026-08-03T11:57:19Z,85
2026-08-03T11:57:20.222Z,85
2026-08-03T11:57:21Z,84
2026-08-03T11:57:22Z,83
2026-08-03T11:57:23.248Z,84
2026-08-03T11:57:24Z,82
2026-08-03T11:57:24.038Z,83
2026-08-03T11:57:24.836Z,82
2026-08-03T11:57:26Z,81
2026-08-03T11:57:26.555Z,81
2026-08-03T11:57:28Z,80
2026-08-03T11:57:28.372Z,80
2026-08-03T11:57:30Z,79
2026-08-03T11:57:30.186Z,79
2026-08-03T11:57:31Z,78
2026-08-03T11:57:32.064Z,78
2026-08-03T11:57:33Z,77
2026-08-03T11:57:33.841Z,77
2026-08-03T11:57:35Z,76
2026-08-03T11:57:37Z,75
2026-08-03T11:57:37.831Z,76
2026-08-03T11:57:38.535Z,75
2026-08-03T11:57:39Z,74
2026-08-03T11:57:39.283Z,74
2026-08-03T11:57:41Z,73
2026-08-03T11:57:42Z,72
2026-08-03T11:57:42.142Z,73
2026-08-03T11:57:43.825Z,72
2026-08-03T11:57:44Z,71
2026-08-03T11:57:44.715Z,71
2026-08-03T11:57:46Z,70
2026-08-03T11:57:46.52Z,70
2026-08-03T11:57:48Z,69
2026-08-03T11:57:48.326Z,69
2026-08-03T11:57:50Z,68
2026-08-03T11:57:50.219Z,68
2026-08-03T11:57:51Z,67
2026-08-03T11:57:52.955Z,67
2026-08-03T11:57:53Z,66
2026-08-03T11:57:53.779Z,66
2026-08-03T11:57:55Z,65
2026-08-03T11:57:55.593Z,65
2026-08-03T11:57:57Z,64
2026-08-03T11:57:58.366Z,64
2026-08-03T11:57:59Z,63
2026-08-03T11:57:59.215Z,63
2026-08-03T11:58:00Z,62
2026-08-03T11:58:02Z,61
2026-08-03T11:58:02.311Z,62
2026-08-03T11:58:02.823Z,61
2026-08-03T11:58:04Z,60
2026-08-03T11:58:04.828Z,60
2026-08-03T11:58:06Z,59
2026-08-03T11:58:08Z,58
2026-08-03T11:58:08.146Z,59
2026-08-03T11:58:08.475Z,58
2026-08-03T11:58:10Z,57
2026-08-03T11:58:10.053Z,57
2026-08-03T11:58:11Z,56
2026-08-03T11:58:11.861Z,56
2026-08-03T11:58:13Z,55
2026-08-03T11:58:14.391Z,55
2026-08-03T11:58:15Z,54
2026-08-03T11:58:15.55Z,54
2026-08-03T11:58:17Z,53
2026-08-03T11:58:19Z,52
2026-08-03T11:58:20Z,51
2026-08-03T11:58:22Z,50
2026-08-03T11:58:24Z,49
2026-08-03T11:58:26Z,48
2026-08-03T11:58:28Z,47
2026-08-03T11:58:29Z,46
2026-08-03T11:58:31Z,45
2026-08-03T11:58:31.425Z,53
2026-08-03T11:58:32.312Z,52
2026-08-03T11:58:32.986Z,51
2026-08-03T11:58:33Z,44
2026-08-03T11:58:35Z,43
2026-08-03T11:58:35.118Z,50
2026-08-03T11:58:35.909Z,49
2026-08-03T11:58:36.544Z,48
2026-08-03T11:58:37Z,42
2026-08-03T11:58:37.001Z,47
2026-08-03T11:58:37.255Z,46
2026-08-03T11:58:37.548Z,45
2026-08-03T11:58:38Z,41
2026-08-03T11:58:38.012Z,44
2026-08-03T11:58:38.435Z,43
2026-08-03T11:58:40Z,40
2026-08-03T11:58:40.588Z,42
2026-08-03T11:58:41.385Z,41
2026-08-03T11:58:42Z,39
2026-08-03T11:58:42.198Z,40
2026-08-03T11:58:42.795Z,39
2026-08-03T11:58:44Z,38
2026-08-03T11:58:44.486Z,38
2026-08-03T11:58:46Z,37
2026-08-03T11:58:46.255Z,37
2026-08-03T11:58:48Z,36
2026-08-03T11:58:48.06Z,36
2026-08-03T11:58:49Z,35
2026-08-03T11:58:49.892Z,35
2026-08-03T11:58:51Z,34
2026-08-03T11:58:53Z,33
2026-08-03T11:58:53.572Z,34
2026-08-03T11:58:54.404Z,33
2026-08-03T11:58:55Z,32
2026-08-03T11:58:55.282Z,32
2026-08-03T11:58:57Z,31
2026-08-03T11:58:57.318Z,31
2026-08-03T11:58:58Z,30
2026-08-03T11:58:58.946Z,30
2026-08-03T11:59:00Z,29
2026-08-03T11:59:02Z,28
2026-08-03T11:59:02.847Z,29
2026-08-03T11:59:04Z,27
2026-08-03T11:59:04.301Z,28
2026-08-03T11:59:04.556Z,27
2026-08-03T11:59:06Z,26
2026-08-03T11:59:06.133Z,26
2026-08-03T11:59:07Z,25
2026-08-03T11:59:09Z,24
2026-08-03T11:59:09.156Z,25
2026-08-03T11:59:09.753Z,24
2026-08-03T11:59:11Z,23
2026-08-03T11:59:11.551Z,23
2026-08-03T11:59:13Z,22
2026-08-03T11:59:13.956Z,22
2026-08-03T11:59:15Z,21
2026-08-03T11:59:15.276Z,21
2026-08-03T11:59:16Z,20
2026-08-03T11:59:16.971Z,20
2026-08-03T11:59:18Z,19
2026-08-03T11:59:18.776Z,19
2026-08-03T11:59:20Z,18
2026-08-03T11:59:20.623Z,18
2026-08-03T11:59:22Z,17
2026-08-03T11:59:23.893Z,17
2026-08-03T11:59:24Z,16
2026-08-03T11:59:24.818Z,16
2026-08-03T11:59:25Z,15
2026-08-03T11:59:26.268Z,15
2026-08-03T11:59:27Z,14
2026-08-03T11:59:28.036Z,14
2026-08-03T11:59:29Z,13
2026-08-03T11:59:29.627Z,13
2026-08-03T11:59:31Z,12
2026-08-03T11:59:31.435Z,12
2026-08-03T11:59:33Z,11
2026-08-03T11:59:33.235Z,11
2026-08-03T11:59:35Z,10
2026-08-03T11:59:35.049Z,10
2026-08-03T11:59:36Z,9
2026-08-03T11:59:38Z,8
2026-08-03T11:59:38.873Z,9
2026-08-03T11:59:39.208Z,8
2026-08-03T11:59:40Z,6
2026-08-03T11:59:40.47Z,6
2026-08-03T11:59:42Z,5
2026-08-03T11:59:42.277Z,5
2026-08-03T11:59:44Z,4
2026-08-03T11:59:44.082Z,4
2026-08-03T11:59:45Z,3
2026-08-03T11:59:46.166Z,3
2026-08-03T11:59:47Z,2
2026-08-03T11:59:48.671Z,2
2026-08-03T11:59:49Z,1
2026-08-03T11:59:49.608Z,1
2026-08-03T11:59:51Z,0
2026-08-03T11:59:51.49Z,0
2026-08-03T11:59:51.542Z,0
2026-08-03T11:59:52Z,0
2026-08-03T11:59:54.334Z,0
2026-08-03T12:29:27Z,0
2026-08-03T12:29:28.571Z,0
2026-08-03T12:29:28.617Z,0
2026-08-03T12:29:29Z,1
2026-08-03T12:29:30.739Z,1
2026-08-03T12:29:31Z,2
2026-08-03T12:29:31.296Z,2
2026-08-03T12:29:33Z,3
2026-08-03T12:29:33.098Z,3
2026-08-03T12:29:34Z,4
2026-08-03T12:29:36Z,5
2026-08-03T12:29:36.87Z,4
2026-08-03T12:29:37.41Z,5
2026-08-03T12:29:38Z,6
2026-08-03T12:29:38.522Z,6
2026-08-03T12:29:40Z,7
2026-08-03T12:29:40.324Z,7
2026-08-03T12:29:42Z,8
2026-08-03T12:29:42.134Z,8
2026-08-03T12:29:43Z,9
2026-08-03T12:29:43.947Z,9
2026-08-03T12:29:45Z,10
2026-08-03T12:29:45.749Z,10
2026-08-03T12:29:47Z,11
2026-08-03T12:29:47.556Z,11
2026-08-03T12:29:49Z,12
2026-08-03T12:29:49.362Z,12
2026-08-03T12:29:51Z,13
2026-08-03T12:29:52Z,14
2026-08-03T12:29:52.288Z,13
2026-08-03T12:29:52.989Z,14
2026-08-03T12:29:54Z,15
2026-08-03T12:29:54.795Z,15
2026-08-03T12:29:56Z,16
2026-08-03T12:29:56.596Z,16
2026-08-03T12:29:58Z,17
2026-08-03T12:29:58.737Z,17
2026-08-03T12:30:00Z,18
2026-08-03T12:30:00.227Z,18
2026-08-03T12:30:01Z,19
2026-08-03T12:30:03Z,20
2026-08-03T12:30:05Z,21
2026-08-03T12:30:07Z,22
2026-08-03T12:30:09Z,23
2026-08-03T12:30:11Z,24
2026-08-03T12:30:12Z,25
2026-08-03T12:30:12.336Z,19
2026-08-03T12:30:12.945Z,20
2026-08-03T12:30:14Z,26
2026-08-03T12:30:15.817Z,21
2026-08-03T12:30:16Z,27
2026-08-03T12:30:16.286Z,22
2026-08-03T12:30:16.59Z,23
2026-08-03T12:30:16.975Z,24
2026-08-03T12:30:17.247Z,25
2026-08-03T12:30:17.821Z,26
2026-08-03T12:30:18Z,28
2026-08-03T12:30:18.058Z,27
2026-08-03T12:30:18.429Z,28
2026-08-03T12:30:20Z,29
2026-08-03T12:30:21Z,30
2026-08-03T12:30:22.339Z,29
2026-08-03T12:30:23Z,31
2026-08-03T12:30:23.02Z,30
2026-08-03T12:30:23.725Z,31
2026-08-03T12:30:25Z,32
2026-08-03T12:30:25.53Z,32
2026-08-03T12:30:27Z,33
2026-08-03T12:30:27.786Z,33
2026-08-03T12:30:29Z,34
2026-08-03T12:30:29.158Z,34
2026-08-03T12:30:30Z,35
2026-08-03T12:30:30.952Z,35
2026-08-03T12:30:32Z,36
2026-08-03T12:30:32.762Z,36
2026-08-03T12:30:34Z,37
2026-08-03T12:30:34.578Z,37
2026-08-03T12:30:36Z,38
2026-08-03T12:30:37.639Z,38
2026-08-03T12:30:38Z,39
2026-08-03T12:30:38.263Z,39
2026-08-03T12:30:39Z,40
2026-08-03T12:30:40.068Z,40
2026-08-03T12:30:41Z,41
2026-08-03T12:30:41.802Z,41
2026-08-03T12:30:43Z,42
2026-08-03T12:30:43.612Z,42
2026-08-03T12:30:45Z,43
2026-08-03T12:30:45.413Z,43
2026-08-03T12:30:47Z,44
2026-08-03T12:30:47.223Z,44
2026-08-03T12:30:48Z,45
2026-08-03T12:30:49.028Z,45
2026-08-03T12:30:50Z,46
2026-08-03T12:30:52Z,47
2026-08-03T12:30:52.235Z,46
2026-08-03T12:30:52.886Z,47
2026-08-03T12:30:54Z,48
2026-08-03T12:30:54.452Z,48
2026-08-03T12:30:56Z,49
2026-08-03T12:30:56.259Z,49
2026-08-03T12:30:58Z,50
2026-08-03T12:30:58.063Z,50
2026-08-03T12:30:59Z,51
2026-08-03T12:30:59.869Z,51
2026-08-03T12:31:01Z,52
2026-08-03T12:31:02.902Z,52
2026-08-03T12:31:03Z,53
2026-08-03T12:31:04.205Z,53
2026-08-03T12:31:05Z,54
2026-08-03T12:31:07Z,55
2026-08-03T12:31:07.273Z,54
2026-08-03T12:31:07.787Z,55
2026-08-03T12:31:08Z,56
2026-08-03T12:31:08.952Z,56
2026-08-03T12:31:10Z,57
2026-08-03T12:31:10.747Z,57
2026-08-03T12:31:12Z,58
2026-08-03T12:31:12.562Z,58
2026-08-03T12:31:14Z,59
2026-08-03T12:31:15.687Z,59
2026-08-03T12:31:16Z,60
2026-08-03T12:31:16.212Z,60
2026-08-03T12:31:17Z,61
2026-08-03T12:31:18.014Z,61
2026-08-03T12:31:19Z,62
2026-08-03T12:31:21Z,63
2026-08-03T12:31:22.083Z,62
2026-08-03T12:31:23Z,64
2026-08-03T12:31:24.952Z,63
2026-08-03T12:31:25Z,65
2026-08-03T12:31:25.384Z,64
2026-08-03T12:31:26.343Z,65
2026-08-03T12:31:27Z,66
2026-08-03T12:31:27.581Z,66
2026-08-03T12:31:28Z,67
2026-08-03T12:31:29.129Z,67
2026-08-03T12:31:30Z,68
2026-08-03T12:31:30.817Z,68
2026-08-03T12:31:32Z,69
2026-08-03T12:31:32.637Z,69
2026-08-03T12:31:34Z,70
2026-08-03T12:31:34.432Z,70
2026-08-03T12:31:36Z,71
2026-08-03T12:31:37Z,72
2026-08-03T12:31:37.964Z,71
2026-08-03T12:31:38.714Z,72
2026-08-03T12:31:39Z,73
2026-08-03T12:31:40.122Z,73
2026-08-03T12:31:41Z,74
2026-08-03T12:31:41.654Z,74
2026-08-03T12:31:43Z,75
2026-08-03T12:31:43.461Z,75
2026-08-03T12:31:45Z,76
2026-08-03T12:31:45.269Z,76
2026-08-03T12:31:47Z,77
2026-08-03T12:31:47.479Z,77
2026-08-03T12:31:48Z,78
2026-08-03T12:31:48.94Z,78
2026-08-03T12:31:50Z,79
2026-08-03T12:31:52Z,80
2026-08-03T12:31:52.643Z,79
2026-08-03T12:31:53.472Z,80
2026-08-03T12:31:54Z,81
2026-08-03T12:31:54.364Z,81
2026-08-03T12:31:56Z,82
2026-08-03T12:31:56.141Z,82
2026-08-03T12:31:57Z,83
2026-08-03T12:31:57.951Z,83
2026-08-03T12:31:59Z,84
2026-08-03T12:31:59.782Z,84
2026-08-03T12:32:01Z,85
2026-08-03T12:32:02.656Z,85
2026-08-03T12:32:03Z,87
2026-08-03T12:32:03.381Z,87
2026-08-03T12:32:05Z,88
2026-08-03T12:32:05.19Z,88
2026-08-03T12:32:06Z,89
2026-08-03T12:32:07.942Z,89
2026-08-03T12:32:08Z,90
2026-08-03T12:32:08.862Z,90
2026-08-03T12:32:10Z,91
2026-08-03T12:32:10.658Z,91
2026-08-03T12:32:12Z,92
2026-08-03T12:32:12.431Z,92
2026-08-03T12:32:14Z,93
2026-08-03T12:32:15.182Z,93
2026-08-03T12:32:16Z,94
2026-08-03T12:32:17Z,95
2026-08-03T12:32:17.313Z,94
2026-08-03T12:32:17.867Z,95
2026-08-03T12:32:19Z,96
2026-08-03T12:32:19.68Z,96
2026-08-03T12:32:21Z,97
2026-08-03T12:32:23Z,98
2026-08-03T12:32:23.149Z,97
2026-08-03T12:32:23.478Z,98
2026-08-03T12:32:25Z,99
2026-08-03T12:32:25.098Z,99
2026-08-03T12:32:26Z,100
2026-08-03T12:32:27Z,100
2026-08-03T12:32:27.299Z,100
2026-08-03T12:32:27.346Z,100
2026-08-03T12:32:27.973Z,100
2026-08-03T12:46:48Z,100
2026-08-03T12:46:50Z,100
2026-08-03T12:46:51Z,99
2026-08-03T12:46:51.629Z,100
2026-08-03T12:46:53Z,98
2026-08-03T12:46:55Z,97
2026-08-03T12:46:55.028Z,100
2026-08-03T12:46:55.081Z,100
2026-08-03T12:46:56.092Z,99
2026-08-03T12:46:56.637Z,98
2026-08-03T12:46:57Z,96
2026-08-03T12:46:58.127Z,97
2026-08-03T12:46:59Z,95
2026-08-03T12:47:00.532Z,96
2026-08-03T12:47:00.783Z,95
2026-08-03T12:47:01Z,94
2026-08-03T12:47:02Z,93
2026-08-03T12:47:02.763Z,94
2026-08-03T12:47:03.047Z,93
2026-08-03T12:47:04Z,92
2026-08-03T12:47:04.756Z,92
2026-08-03T12:47:06Z,91
2026-08-03T12:47:06.585Z,91
2026-08-03T12:47:08Z,90
2026-08-03T12:47:08.387Z,90
2026-08-03T12:47:10Z,89
2026-08-03T12:47:10.213Z,89
2026-08-03T12:47:11Z,88
2026-08-03T12:47:12.26Z,88
2026-08-03T12:47:13Z,87
2026-08-03T12:47:14.604Z,87
2026-08-03T12:47:15Z,86
2026-08-03T12:47:15.619Z,86
2026-08-03T12:47:17Z,85
2026-08-03T12:47:17.429Z,85
2026-08-03T12:47:19Z,84
2026-08-03T12:47:19.244Z,84
2026-08-03T12:47:20Z,83
2026-08-03T12:47:21.034Z,83
2026-08-03T12:47:22Z,82
2026-08-03T12:47:22.847Z,82
2026-08-03T12:47:24Z,81
2026-08-03T12:47:24.683Z,81
2026-08-03T12:47:26Z,80
2026-08-03T12:47:26.565Z,80
2026-08-03T12:47:28Z,79
2026-08-03T12:47:29Z,78
2026-08-03T12:47:30.039Z,79
2026-08-03T12:47:30.32Z,78
2026-08-03T12:47:31Z,77
2026-08-03T12:47:31.895Z,77
2026-08-03T12:47:33Z,76
2026-08-03T12:47:33.723Z,76
2026-08-03T12:47:35Z,75
2026-08-03T12:47:35.512Z,75
2026-08-03T12:47:37Z,74
2026-08-03T12:47:37.334Z,74
2026-08-03T12:47:39Z,73
2026-08-03T12:47:39.125Z,73
2026-08-03T12:47:40Z,72
2026-08-03T12:47:40.977Z,72
2026-08-03T12:47:42Z,71
2026-08-03T12:47:44Z,70
2026-08-03T12:47:45.027Z,71
2026-08-03T12:47:45.732Z,70
2026-08-03T12:47:46Z,69
2026-08-03T12:47:46.731Z,69
2026-08-03T12:47:48Z,68
2026-08-03T12:47:48.271Z,68
2026-08-03T12:47:49Z,67
2026-08-03T12:47:50.064Z,67
2026-08-03T12:47:51Z,66
2026-08-03T12:47:51.874Z,66
2026-08-03T12:47:53Z,65
2026-08-03T12:47:53.68Z,65
2026-08-03T12:47:55Z,64
2026-08-03T12:47:56.672Z,64
2026-08-03T12:47:57Z,63
2026-08-03T12:47:57.311Z,63
2026-08-03T12:47:59Z,62
2026-08-03T12:48:00Z,61
2026-08-03T12:48:00.187Z,62
2026-08-03T12:48:02Z,60
2026-08-03T12:48:03.444Z,61
2026-08-03T12:48:03.798Z,60
2026-08-03T12:48:04Z,59
2026-08-03T12:48:04.536Z,59
2026-08-03T12:48:06Z,58
2026-08-03T12:48:06.329Z,58
2026-08-03T12:48:08Z,57
2026-08-03T12:48:08.151Z,57
2026-08-03T12:48:09Z,56
2026-08-03T12:48:09.952Z,56
2026-08-03T12:48:11Z,55
2026-08-03T12:48:13Z,54
2026-08-03T12:48:13.75Z,55
2026-08-03T12:48:15Z,53
2026-08-03T12:48:16.029Z,54
2026-08-03T12:48:16.724Z,53
2026-08-03T12:48:17Z,52
2026-08-03T12:48:17.175Z,52
2026-08-03T12:48:18Z,51
2026-08-03T12:48:19.045Z,51
2026-08-03T12:48:20Z,50
2026-08-03T12:48:21.136Z,50
2026-08-03T12:48:22Z,49
2026-08-03T12:48:23.324Z,49
2026-08-03T12:48:24Z,48
2026-08-03T12:48:24.411Z,48
2026-08-03T12:48:26Z,47
2026-08-03T12:48:26.216Z,47
2026-08-03T12:48:28Z,46
2026-08-03T12:48:29Z,45
2026-08-03T12:48:30.215Z,46
2026-08-03T12:48:30.632Z,45
2026-08-03T12:48:31Z,44
2026-08-03T12:48:31.788Z,44
2026-08-03T12:48:33Z,43
2026-08-03T12:48:34.1Z,43
2026-08-03T12:48:35Z,42
2026-08-03T12:48:35.404Z,42
2026-08-03T12:48:37Z,41
2026-08-03T12:48:37.228Z,41
2026-08-03T12:48:38Z,40
2026-08-03T12:48:40Z,39
2026-08-03T12:48:42Z,37
2026-08-03T12:48:44Z,36
2026-08-03T12:48:46Z,35
2026-08-03T12:48:47Z,34
2026-08-03T12:48:49Z,33
2026-08-03T12:48:51Z,32
2026-08-03T12:48:53Z,31
2026-08-03T12:48:55Z,30
2026-08-03T12:48:57Z,29
2026-08-03T12:48:57.597Z,40
2026-08-03T12:48:57.865Z,39
2026-08-03T12:48:58Z,28
2026-08-03T12:48:58.256Z,37
2026-08-03T12:49:00Z,27
2026-08-03T12:49:00.575Z,36
2026-08-03T12:49:01.035Z,35
2026-08-03T12:49:01.424Z,34
2026-08-03T12:49:01.787Z,33
2026-08-03T12:49:02Z,26
2026-08-03T12:49:02.282Z,32
2026-08-03T12:49:02.71Z,31
2026-08-03T12:49:03.537Z,30
2026-08-03T12:49:04Z,25
2026-08-03T12:49:04.265Z,29
2026-08-03T12:49:06Z,24
2026-08-03T12:49:06.322Z,28
2026-08-03T12:49:07Z,23
2026-08-03T12:49:07.103Z,27
2026-08-03T12:49:07.336Z,26
2026-08-03T12:49:07.813Z,25
2026-08-03T12:49:08.099Z,24
2026-08-03T12:49:08.55Z,23
2026-08-03T12:49:09Z,22
2026-08-03T12:49:09.765Z,22
2026-08-03T12:49:11Z,21
2026-08-03T12:49:12.476Z,21
2026-08-03T12:49:13Z,20
2026-08-03T12:49:15Z,19
2026-08-03T12:49:15.51Z,20
2026-08-03T12:49:16Z,18
2026-08-03T12:49:16.024Z,19
2026-08-03T12:49:17.08Z,18
2026-08-03T12:49:18Z,17
2026-08-03T12:49:18.855Z,17
2026-08-03T12:49:20Z,16
2026-08-03T12:49:20.657Z,16
2026-08-03T12:49:22Z,15
2026-08-03T12:49:22.475Z,15
2026-08-03T12:49:24Z,14
2026-08-03T12:49:24.277Z,14
2026-08-03T12:49:26Z,13
2026-08-03T12:49:26.345Z,13
2026-08-03T12:49:27Z,12
2026-08-03T12:49:28.6Z,12
2026-08-03T12:49:29Z,11
2026-08-03T12:49:30.925Z,11
2026-08-03T12:49:31Z,10
2026-08-03T12:49:31.533Z,10
2026-08-03T12:49:33Z,9
2026-08-03T12:49:33.313Z,9
2026-08-03T12:49:35Z,8
2026-08-03T12:49:35.132Z,8
2026-08-03T12:49:36Z,7
2026-08-03T12:49:36.931Z,7
2026-08-03T12:49:38Z,6
2026-08-03T12:49:38.799Z,6
2026-08-03T12:49:40Z,5
2026-08-03T12:49:40.56Z,5
2026-08-03T12:49:42Z,4
2026-08-03T12:49:42.454Z,4
2026-08-03T12:49:44Z,3
2026-08-03T12:49:45Z,2
2026-08-03T12:49:45.71Z,3
2026-08-03T12:49:46.25Z,2
2026-08-03T12:49:47Z,1
2026-08-03T12:49:47.762Z,1
2026-08-03T12:49:49Z,0
2026-08-03T12:49:49.656Z,0
2026-08-03T12:49:49.715Z,0
2026-08-03T12:49:50.054Z,0
2026-08-04T08:00:01Z,0
2026-08-04T08:00:03Z,1
2026-08-04T08:00:04Z,2
2026-08-04T08:00:06Z,3
2026-08-04T08:00:08Z,4
2026-08-04T08:00:10Z,5
2026-08-04T08:00:12Z,6
2026-08-04T08:00:12.189Z,0
2026-08-04T08:00:12.236Z,0
2026-08-04T08:00:12.374Z,1
2026-08-04T08:00:12.689Z,2
2026-08-04T08:00:13Z,7
2026-08-04T08:00:13.547Z,3
2026-08-04T08:00:15Z,8
2026-08-04T08:00:15.961Z,4
2026-08-04T08:00:16.105Z,5
2026-08-04T08:00:16.416Z,6
2026-08-04T08:00:16.697Z,7
2026-08-04T08:00:17Z,9
2026-08-04T08:00:17.683Z,8
2026-08-04T08:00:17.931Z,9
2026-08-04T08:00:19Z,10
2026-08-04T08:00:19.29Z,10
2026-08-04T08:00:21Z,11
2026-08-04T08:00:21.095Z,11
2026-08-04T08:00:22Z,12
2026-08-04T08:00:24Z,13
2026-08-04T08:00:24.936Z,12
2026-08-04T08:00:25.195Z,13
2026-08-04T08:00:26Z,14
2026-08-04T08:00:26.493Z,14
2026-08-04T08:00:28Z,15
2026-08-04T08:00:28.31Z,15
2026-08-04T08:00:30Z,16
2026-08-04T08:00:30.095Z,16
2026-08-04T08:00:31Z,17
2026-08-04T08:00:32.582Z,17
2026-08-04T08:00:33Z,18
2026-08-04T08:00:33.883Z,18
2026-08-04T08:00:35Z,19
2026-08-04T08:00:35.809Z,19
2026-08-04T08:00:37Z,20
2026-08-04T08:00:37.516Z,20
2026-08-04T08:00:39Z,21
2026-08-04T08:00:40Z,22
2026-08-04T08:00:40.091Z,21
2026-08-04T08:00:41.046Z,22
2026-08-04T08:00:42Z,23
2026-08-04T08:00:43.048Z,23
2026-08-04T08:00:44Z,24
2026-08-04T08:00:46Z,25
2026-08-04T08:00:47.315Z,24
2026-08-04T08:00:48Z,26
2026-08-04T08:00:49Z,27
2026-08-04T08:00:49.513Z,25
2026-08-04T08:00:49.666Z,26
2026-08-04T08:00:50.089Z,27
2026-08-04T08:00:51Z,28
2026-08-04T08:00:51.862Z,28
2026-08-04T08:00:53Z,29
2026-08-04T08:00:55Z,30
2026-08-04T08:00:55.117Z,29
2026-08-04T08:00:55.477Z,30
2026-08-04T08:00:57Z,31
2026-08-04T08:00:57.274Z,31
2026-08-04T08:00:58Z,32
2026-08-04T08:00:59.077Z,32
2026-08-04T08:01:00Z,33
2026-08-04T08:01:02Z,34
2026-08-04T08:01:02.649Z,33
2026-08-04T08:01:03.088Z,34
2026-08-04T08:01:04Z,35
2026-08-04T08:01:04.478Z,35
2026-08-04T08:01:06Z,36
2026-08-04T08:01:06.692Z,36
2026-08-04T08:01:08Z,37
2026-08-04T08:01:09Z,38
2026-08-04T08:01:10.139Z,37
2026-08-04T08:01:10.318Z,38
2026-08-04T08:01:11Z,39
2026-08-04T08:01:12.127Z,39
2026-08-04T08:01:13Z,40
2026-08-04T08:01:13.55Z,40
2026-08-04T08:01:15Z,41
2026-08-04T08:01:15.353Z,41
2026-08-04T08:01:17Z,42
2026-08-04T08:01:17.153Z,42
2026-08-04T08:01:18Z,43
2026-08-04T08:01:18.99Z,43
2026-08-04T08:01:20Z,44
2026-08-04T08:01:20.788Z,44
2026-08-04T08:01:22Z,45
2026-08-04T08:01:22.545Z,45
2026-08-04T08:01:24Z,46
2026-08-04T08:01:25.522Z,46
2026-08-04T08:01:26Z,47
2026-08-04T08:01:26.143Z,47
2026-08-04T08:01:27Z,48
2026-08-04T08:01:27.946Z,48
2026-08-04T08:01:29Z,49
2026-08-04T08:01:29.736Z,49
2026-08-04T08:01:31Z,50
2026-08-04T08:01:31.535Z,50
2026-08-04T08:01:33Z,51
2026-08-04T08:01:33.855Z,51
2026-08-04T08:01:35Z,52
2026-08-04T08:01:35.421Z,52
2026-08-04T08:01:36Z,53
2026-08-04T08:01:37.021Z,53
2026-08-04T08:01:38Z,54
2026-08-04T08:01:40Z,55
2026-08-04T08:01:40.581Z,54
2026-08-04T08:01:42Z,56
2026-08-04T08:01:44Z,57
2026-08-04T08:01:45Z,58
2026-08-04T08:01:47Z,59
2026-08-04T08:01:48.617Z,55
2026-08-04T08:01:48.904Z,56
2026-08-04T08:01:49Z,60
2026-08-04T08:01:49.431Z,57
2026-08-04T08:01:49.697Z,58
2026-08-04T08:01:50.16Z,59
2026-08-04T08:01:50.628Z,60
2026-08-04T08:01:51Z,61
2026-08-04T08:01:51.42Z,61
2026-08-04T08:01:53Z,62
2026-08-04T08:01:54Z,63
2026-08-04T08:01:55.547Z,62
2026-08-04T08:01:56Z,64
2026-08-04T08:01:56.604Z,63
2026-08-04T08:01:58Z,65
2026-08-04T08:01:58.275Z,64
2026-08-04T08:01:58.665Z,65
2026-08-04T08:02:00Z,66
2026-08-04T08:02:02Z,67
2026-08-04T08:02:03Z,68
2026-08-04T08:02:04.082Z,66
2026-08-04T08:02:05Z,69
2026-08-04T08:02:05.467Z,67
2026-08-04T08:02:05.825Z,68
2026-08-04T08:02:06.047Z,69
2026-08-04T08:02:07Z,70
2026-08-04T08:02:07.656Z,70
2026-08-04T08:02:09Z,71
2026-08-04T08:02:10.466Z,71
2026-08-04T08:02:11Z,72
2026-08-04T08:02:12Z,73
2026-08-04T08:02:12.246Z,72
2026-08-04T08:02:13.38Z,73
2026-08-04T08:02:14Z,74
2026-08-04T08:02:14.846Z,74
2026-08-04T08:02:16Z,75
2026-08-04T08:02:16.667Z,75
2026-08-04T08:02:18Z,76
2026-08-04T08:02:18.451Z,76
2026-08-04T08:02:20Z,77
2026-08-04T08:02:22Z,78
2026-08-04T08:02:22.638Z,77
2026-08-04T08:02:23Z,79
2026-08-04T08:02:25Z,80
2026-08-04T08:02:27Z,81
2026-08-04T08:02:29Z,82
2026-08-04T08:02:31Z,83
2026-08-04T08:02:31.74Z,78
2026-08-04T08:02:32Z,84
2026-08-04T08:02:32.55Z,79
2026-08-04T08:02:33.824Z,80
2026-08-04T08:02:34Z,85
2026-08-04T08:02:34.089Z,81
2026-08-04T08:02:36Z,86
2026-08-04T08:02:37.326Z,82
2026-08-04T08:02:37.459Z,83
2026-08-04T08:02:37.82Z,84
2026-08-04T08:02:38Z,87
2026-08-04T08:02:38.267Z,85
2026-08-04T08:02:38.568Z,86
2026-08-04T08:02:38.689Z,87
2026-08-04T08:02:40Z,88
2026-08-04T08:02:40.083Z,88
2026-08-04T08:02:41Z,89
2026-08-04T08:02:41.873Z,89
2026-08-04T08:02:43Z,90
2026-08-04T08:02:45Z,91
2026-08-04T08:02:45.901Z,90
2026-08-04T08:02:46.719Z,91
2026-08-04T08:02:47Z,92
2026-08-04T08:02:47.414Z,92
2026-08-04T08:02:49Z,93
2026-08-04T08:02:49.352Z,93
2026-08-04T08:02:50Z,94
2026-08-04T08:02:51.003Z,94
2026-08-04T08:02:52Z,95
2026-08-04T08:02:52.81Z,95
2026-08-04T08:02:54Z,96
2026-08-04T08:02:55.559Z,96
2026-08-04T08:02:56Z,97
2026-08-04T08:02:58Z,98
2026-08-04T08:02:59Z,99
2026-08-04T08:02:59.747Z,97
2026-08-04T08:03:01Z,100
2026-08-04T08:03:01.738Z,98
2026-08-04T08:03:04.103Z,99
2026-08-04T08:03:05.426Z,100
2026-08-04T08:03:05.472Z,100
2026-08-04T08:30:00Z,100
2026-08-04T08:30:00.113Z,100
2026-08-04T08:30:01Z,100
2026-08-04T08:30:02Z,99
2026-08-04T08:30:04Z,98
2026-08-04T08:30:06Z,97
2026-08-04T08:30:08Z,96
2026-08-04T08:30:10Z,95
2026-08-04T08:30:11Z,94
2026-08-04T08:30:11.213Z,100
2026-08-04T08:30:11.274Z,100
2026-08-04T08:30:12Z,94
2026-08-04T08:30:13Z,95
2026-08-04T08:30:13.995Z,99
2026-08-04T08:30:14.202Z,98
2026-08-04T08:30:14.624Z,97
2026-08-04T08:30:15Z,96
2026-08-04T08:30:15.01Z,96
2026-08-04T08:30:15.388Z,95
2026-08-04T08:30:15.666Z,94
2026-08-04T08:30:15.735Z,94
2026-08-04T08:30:16.141Z,94
2026-08-04T08:30:16.451Z,95
2026-08-04T08:30:17Z,97
2026-08-04T08:30:17.017Z,96
2026-08-04T08:30:19Z,98
2026-08-04T08:30:19.567Z,97
2026-08-04T08:30:19.665Z,98
2026-08-04T08:30:21Z,99
2026-08-04T08:30:21.217Z,99
2026-08-04T08:30:22Z,100
2026-08-04T08:30:23.513Z,100
2026-08-04T08:30:23.559Z,100
2026-08-04T12:00:00Z,100
2026-08-04T12:00:00.093Z,100
2026-08-04T12:00:01Z,100
2026-08-04T12:00:02Z,99
2026-08-04T12:00:04Z,98
2026-08-04T12:00:06Z,97
2026-08-04T12:00:08Z,96
2026-08-04T12:00:10Z,95
2026-08-04T12:00:11Z,94
2026-08-04T12:00:11.106Z,100
2026-08-04T12:00:11.147Z,100
2026-08-04T12:00:11.376Z,99
2026-08-04T12:00:11.712Z,98
2026-08-04T12:00:11.925Z,97
2026-08-04T12:00:13Z,93
2026-08-04T12:00:13.943Z,96
2026-08-04T12:00:14.694Z,95
2026-08-04T12:00:15Z,92
2026-08-04T12:00:15.907Z,94
2026-08-04T12:00:15.992Z,93
2026-08-04T12:00:16.06Z,92
2026-08-04T12:00:17Z,91
2026-08-04T12:00:17.376Z,91
2026-08-04T12:00:19Z,90
2026-08-04T12:00:19.2Z,90
2026-08-04T12:00:20Z,89
2026-08-04T12:00:20.97Z,89
2026-08-04T12:00:22Z,88
2026-08-04T12:00:24Z,87
2026-08-04T12:00:24.569Z,88
2026-08-04T12:00:24.636Z,87
2026-08-04T12:00:26Z,86
2026-08-04T12:00:26.62Z,86
2026-08-04T12:00:28Z,85
2026-08-04T12:00:28.192Z,85
2026-08-04T12:00:29Z,84
2026-08-04T12:00:29.981Z,84
2026-08-04T12:00:31Z,83
2026-08-04T12:00:31.786Z,83
2026-08-04T12:00:33Z,82
2026-08-04T12:00:33.812Z,82
2026-08-04T12:00:35Z,81
2026-08-04T12:00:35.392Z,81
2026-08-04T12:00:37Z,80
2026-08-04T12:00:39Z,79
2026-08-04T12:00:39.493Z,80
2026-08-04T12:00:40Z,78
2026-08-04T12:00:41.139Z,79
2026-08-04T12:00:42Z,77
2026-08-04T12:00:42.767Z,78
2026-08-04T12:00:43.407Z,77
2026-08-04T12:00:44Z,76
2026-08-04T12:00:44.499Z,76
2026-08-04T12:00:46Z,75
2026-08-04T12:00:46.298Z,75
2026-08-04T12:00:48Z,74
2026-08-04T12:00:48.102Z,74
2026-08-04T12:00:49Z,73
2026-08-04T12:00:50.695Z,73
2026-08-04T12:00:51Z,72
2026-08-04T12:00:51.718Z,72
2026-08-04T12:00:53Z,71
2026-08-04T12:00:55Z,70
2026-08-04T12:00:57Z,69
2026-08-04T12:00:57.606Z,71
2026-08-04T12:00:57.671Z,70
2026-08-04T12:00:58Z,68
2026-08-04T12:00:58.476Z,69
2026-08-04T12:00:58.93Z,68
2026-08-04T12:01:00Z,67
2026-08-04T12:01:02Z,66
2026-08-04T12:01:02.631Z,67
2026-08-04T12:01:02.843Z,66
2026-08-04T12:01:04Z,65
2026-08-04T12:01:04.34Z,65
2026-08-04T12:01:06Z,64
2026-08-04T12:01:06.982Z,64
2026-08-04T12:01:07Z,63
2026-08-04T12:01:09Z,62
2026-08-04T12:01:09.381Z,63
2026-08-04T12:01:09.738Z,62
2026-08-04T12:01:11Z,61
2026-08-04T12:01:11.638Z,61
2026-08-04T12:01:13Z,60
2026-08-04T12:01:13.348Z,60
2026-08-04T12:01:15Z,59
2026-08-04T12:01:15.154Z,59
2026-08-04T12:01:16Z,58
2026-08-04T12:01:16.96Z,58
2026-08-04T12:01:18Z,57
2026-08-04T12:01:18.763Z,57
2026-08-04T12:01:20Z,56
2026-08-04T12:01:20.562Z,56
2026-08-04T12:01:22Z,55
2026-08-04T12:01:24Z,54
2026-08-04T12:01:24.452Z,55
2026-08-04T12:01:24.528Z,54
2026-08-04T12:01:26Z,53
2026-08-04T12:01:26.097Z,53
2026-08-04T12:01:27Z,52
2026-08-04T12:01:28.897Z,52
2026-08-04T12:01:29Z,51
2026-08-04T12:01:29.7Z,51
2026-08-04T12:01:31Z,50
2026-08-04T12:01:31.509Z,50
2026-08-04T12:01:33Z,49
2026-08-04T12:01:33.635Z,49
2026-08-04T12:01:35Z,48
2026-08-04T12:01:35.125Z,48
2026-08-04T12:01:36Z,47
2026-08-04T12:01:36.921Z,47
2026-08-04T12:01:38Z,46
2026-08-04T12:01:39.517Z,46
2026-08-04T12:01:40Z,45
2026-08-04T12:01:40.52Z,45
2026-08-04T12:01:42Z,44
2026-08-04T12:01:42.311Z,44
2026-08-04T12:01:44Z,43
2026-08-04T12:01:44.47Z,43
2026-08-04T12:01:45Z,42
2026-08-04T12:01:45.914Z,42
2026-08-04T12:01:47Z,41
2026-08-04T12:01:47.719Z,41
2026-08-04T12:01:49Z,40
2026-08-04T12:01:49.522Z,40
2026-08-04T12:01:51Z,39
2026-08-04T12:01:51.327Z,39
2026-08-04T12:01:53Z,38
2026-08-04T12:01:54Z,37
2026-08-04T12:01:54.667Z,38
2026-08-04T12:01:55.645Z,37
2026-08-04T12:01:56Z,36
2026-08-04T12:01:57.128Z,36
2026-08-04T12:01:58Z,35
2026-08-04T12:01:58.532Z,35
2026-08-04T12:02:00Z,34
2026-08-04T12:02:02Z,33
2026-08-04T12:02:03Z,32
2026-08-04T12:02:03.124Z,34
2026-08-04T12:02:03.89Z,33
2026-08-04T12:02:04.051Z,32
2026-08-04T12:02:05Z,31
2026-08-04T12:02:05.74Z,31
2026-08-04T12:02:07Z,30
2026-08-04T12:02:09Z,29
2026-08-04T12:02:09.63Z,30
2026-08-04T12:02:09.924Z,29
2026-08-04T12:02:11Z,28
2026-08-04T12:02:11.583Z,28
2026-08-04T12:02:13Z,27
2026-08-04T12:02:13.126Z,27
2026-08-04T12:02:14Z,26
2026-08-04T12:02:14.926Z,26
2026-08-04T12:02:16Z,25
2026-08-04T12:02:16.985Z,25
2026-08-04T12:02:18Z,24
2026-08-04T12:02:18.687Z,24
2026-08-04T12:02:20Z,23
2026-08-04T12:02:20.33Z,23
2026-08-04T12:02:22Z,22
2026-08-04T12:02:22.136Z,22
2026-08-04T12:02:23Z,21
2026-08-04T12:02:24.926Z,21
2026-08-04T12:02:25Z,20
2026-08-04T12:02:25.745Z,20
2026-08-04T12:02:27Z,19
2026-08-04T12:02:28.096Z,19
2026-08-04T12:02:29Z,18
2026-08-04T12:02:29.373Z,18
2026-08-04T12:02:31Z,17
2026-08-04T12:02:31.175Z,17
2026-08-04T12:02:32Z,16
2026-08-04T12:02:33.532Z,16
2026-08-04T12:02:34Z,15
2026-08-04T12:02:34.829Z,15
2026-08-04T12:02:36Z,14
2026-08-04T12:02:36.619Z,14
2026-08-04T12:02:38Z,13
2026-08-04T12:02:39.979Z,13
2026-08-04T12:02:40Z,12
2026-08-04T12:02:40.337Z,12
2026-08-04T12:02:41Z,11
2026-08-04T12:02:42.035Z,11
2026-08-04T12:02:43Z,10
2026-08-04T12:02:43.837Z,10
2026-08-04T12:02:45Z,9
2026-08-04T12:02:45.637Z,9
2026-08-04T12:02:47Z,8
2026-08-04T12:02:47.44Z,8
2026-08-04T12:02:49Z,7
2026-08-04T12:02:50.371Z,7
2026-08-04T12:02:51Z,6
2026-08-04T12:02:52Z,5
2026-08-04T12:02:52.055Z,6
2026-08-04T12:02:54Z,4
2026-08-04T12:02:54.982Z,5
2026-08-04T12:02:55.058Z,4
2026-08-04T12:02:56Z,3
2026-08-04T12:02:56.593Z,3
2026-08-04T12:02:58Z,2
2026-08-04T12:02:58.39Z,2
2026-08-04T12:03:00Z,1
2026-08-04T12:03:00.194Z,1
2026-08-04T12:03:01Z,0
2026-08-04T12:03:04.889Z,0
2026-08-04T12:03:04.924Z,0
2026-08-04T12:23:20Z,0
2026-08-04T12:23:22Z,1
2026-08-04T12:23:22.831Z,0
2026-08-04T12:23:22.873Z,0
2026-08-04T12:23:23Z,2
2026-08-04T12:23:23.897Z,1
2026-08-04T12:23:24.366Z,2
2026-08-04T12:23:25Z,3
2026-08-04T12:23:25.831Z,3
2026-08-04T12:23:27Z,4
2026-08-04T12:23:28.007Z,4
2026-08-04T12:23:29Z,5
2026-08-04T12:23:29.437Z,5
2026-08-04T12:23:31Z,6
2026-08-04T12:23:31.238Z,6
2026-08-04T12:23:33Z,7
2026-08-04T12:23:33.042Z,7
2026-08-04T12:23:34Z,8
2026-08-04T12:23:36Z,9
2026-08-04T12:23:37.14Z,8
2026-08-04T12:23:37.462Z,9
2026-08-04T12:23:38Z,10
2026-08-04T12:23:38.615Z,10
2026-08-04T12:23:40Z,11
2026-08-04T12:23:40.421Z,11
2026-08-04T12:23:42Z,12
2026-08-04T12:23:42.23Z,12
2026-08-04T12:23:43Z,13
2026-08-04T12:23:44.028Z,13
2026-08-04T12:23:45Z,14
2026-08-04T12:23:46.747Z,14
2026-08-04T12:23:47Z,15
2026-08-04T12:23:49Z,16
2026-08-04T12:23:49.112Z,15
2026-08-04T12:23:49.434Z,16
2026-08-04T12:23:51Z,17
2026-08-04T12:23:51.862Z,17
2026-08-04T12:23:52Z,18
2026-08-04T12:23:53.034Z,18
2026-08-04T12:23:54Z,19
2026-08-04T12:23:54.831Z,19
2026-08-04T12:23:56Z,20
2026-08-04T12:23:56.893Z,20
2026-08-04T12:23:58Z,21
2026-08-04T12:23:58.441Z,21
2026-08-04T12:24:00Z,22
2026-08-04T12:24:02Z,23
2026-08-04T12:24:02.393Z,22
2026-08-04T12:24:02.919Z,23
2026-08-04T12:24:03Z,24
2026-08-04T12:24:03.849Z,24
2026-08-04T12:24:05Z,25
2026-08-04T12:24:06.971Z,25
2026-08-04T12:24:07Z,26
2026-08-04T12:24:08.477Z,26
2026-08-04T12:24:09Z,27
2026-08-04T12:24:10.138Z,27
2026-08-04T12:24:11Z,28
2026-08-04T12:24:11.169Z,28
2026-08-04T12:24:12Z,29
2026-08-04T12:24:13.006Z,29
2026-08-04T12:24:14Z,30
2026-08-04T12:24:14.775Z,30
2026-08-04T12:24:16Z,31
2026-08-04T12:24:16.572Z,31
2026-08-04T12:24:18Z,32
2026-08-04T12:24:18.717Z,32
2026-08-04T12:24:20Z,33
2026-08-04T12:24:21Z,34
2026-08-04T12:24:23Z,35
2026-08-04T12:24:24.146Z,33
2026-08-04T12:24:24.39Z,34
2026-08-04T12:24:24.655Z,35
2026-08-04T12:24:25Z,36
2026-08-04T12:24:25.693Z,36
2026-08-04T12:24:27Z,37
2026-08-04T12:24:27.383Z,37
2026-08-04T12:24:29Z,38
2026-08-04T12:24:29.189Z,38
2026-08-04T12:24:30Z,39
2026-08-04T12:24:31.198Z,39
2026-08-04T12:24:32Z,40
2026-08-04T12:24:33.063Z,40
2026-08-04T12:24:34Z,41
2026-08-04T12:24:34.596Z,41
2026-08-04T12:24:36Z,42
2026-08-04T12:24:37.471Z,42
2026-08-04T12:24:38Z,43
2026-08-04T12:24:38.2Z,43
2026-08-04T12:24:39Z,44
2026-08-04T12:24:40.009Z,44
2026-08-04T12:24:41Z,45
2026-08-04T12:24:41.971Z,45
2026-08-04T12:24:43Z,46
2026-08-04T12:24:43.613Z,46
2026-08-04T12:24:45Z,47
2026-08-04T12:24:45.411Z,47
2026-08-04T12:24:47Z,48
2026-08-04T12:24:47.215Z,48
2026-08-04T12:24:48Z,49
2026-08-04T12:24:49.017Z,49
2026-08-04T12:24:50Z,50
2026-08-04T12:24:52Z,51
2026-08-04T12:24:52.306Z,50
2026-08-04T12:24:54Z,52
2026-08-04T12:24:55.107Z,51
2026-08-04T12:24:55.497Z,52
2026-08-04T12:24:56Z,53
2026-08-04T12:24:56.224Z,53
2026-08-04T12:24:57Z,54
2026-08-04T12:24:58.03Z,54
2026-08-04T12:24:59Z,55
2026-08-04T12:24:59.828Z,55
2026-08-04T12:25:01Z,56
2026-08-04T12:25:03Z,57
2026-08-04T12:25:05Z,58
2026-08-04T12:25:07Z,59
2026-08-04T12:25:08Z,60
2026-08-04T12:25:10Z,61
2026-08-04T12:25:11.448Z,56
2026-08-04T12:25:11.842Z,57
2026-08-04T12:25:12Z,62
2026-08-04T12:25:13.849Z,58
2026-08-04T12:25:14Z,63
2026-08-04T12:25:14.067Z,59
2026-08-04T12:25:15.131Z,60
2026-08-04T12:25:15.359Z,61
2026-08-04T12:25:15.638Z,62
2026-08-04T12:25:16Z,64
2026-08-04T12:25:16.238Z,63
2026-08-04T12:25:16.578Z,64
2026-08-04T12:25:17Z,65
2026-08-04T12:25:17.861Z,65
2026-08-04T12:25:19Z,66
2026-08-04T12:25:19.667Z,66
2026-08-04T12:25:21Z,67
2026-08-04T12:25:22.462Z,67
2026-08-04T12:25:23Z,68
2026-08-04T12:25:23.27Z,68
2026-08-04T12:25:25Z,69
2026-08-04T12:25:25.364Z,69
2026-08-04T12:25:26Z,70
2026-08-04T12:25:26.881Z,70
2026-08-04T12:25:28Z,71
2026-08-04T12:25:28.671Z,71
2026-08-04T12:25:30Z,72
2026-08-04T12:25:31.286Z,72
2026-08-04T12:25:32Z,73
2026-08-04T12:25:32.281Z,73
2026-08-04T12:25:34Z,74
2026-08-04T12:25:34.152Z,74
2026-08-04T12:25:35Z,75
2026-08-04T12:25:37Z,76
2026-08-04T12:25:37.857Z,75
2026-08-04T12:25:38.176Z,76
2026-08-04T12:25:39Z,77
2026-08-04T12:25:39.492Z,77
2026-08-04T12:25:41Z,78
2026-08-04T12:25:41.292Z,78
2026-08-04T12:25:43Z,79
2026-08-04T12:25:43.137Z,79
2026-08-04T12:25:44Z,80
2026-08-04T12:25:44.894Z,80
2026-08-04T12:25:46Z,81
2026-08-04T12:25:46.894Z,81
2026-08-04T12:25:48Z,82
2026-08-04T12:25:48.497Z,82
2026-08-04T12:25:50Z,83
2026-08-04T12:25:52Z,84
2026-08-04T12:25:52.389Z,83
2026-08-04T12:25:52.604Z,84
2026-08-04T12:25:53Z,85
2026-08-04T12:25:54.025Z,85
2026-08-04T12:25:55Z,86
2026-08-04T12:25:55.822Z,86
2026-08-04T12:25:57Z,87
2026-08-04T12:25:58.305Z,87
2026-08-04T12:25:59Z,88
2026-08-04T12:25:59.43Z,88
2026-08-04T12:26:01Z,89
2026-08-04T12:26:02Z,90
2026-08-04T12:26:04Z,91
2026-08-04T12:26:06Z,92
2026-08-04T12:26:08Z,93
2026-08-04T12:26:10Z,94
2026-08-04T12:26:11Z,95
2026-08-04T12:26:13Z,96
2026-08-04T12:26:15Z,97
2026-08-04T12:26:17Z,98
2026-08-04T12:26:19Z,99
2026-08-04T12:26:20Z,100
2026-08-04T12:26:23.853Z,89
2026-08-04T12:26:25.164Z,90
2026-08-04T12:26:25.48Z,91
2026-08-04T12:26:27.48Z,92
2026-08-04T12:26:28.032Z,93
2026-08-04T12:26:28.301Z,94
2026-08-04T12:26:28.629Z,95
2026-08-04T12:26:29.094Z,96
2026-08-04T12:26:29.272Z,97
2026-08-04T12:26:29.569Z,98
2026-08-04T12:26:30.62Z,99
2026-08-04T12:26:31.203Z,100
2026-08-04T12:26:31.248Z,100
2026-08-04T12:43:19Z,100
2026-08-04T12:43:20Z,100
2026-08-04T12:43:20.661Z,100
2026-08-04T12:43:22Z,99
2026-08-04T12:43:22.048Z,100
2026-08-04T12:43:22.096Z,100
2026-08-04T12:43:23.762Z,99
2026-08-04T12:43:24Z,98
2026-08-04T12:43:24.045Z,98
2026-08-04T12:43:25Z,97
2026-08-04T12:43:25.873Z,97
2026-08-04T12:43:27Z,96
2026-08-04T12:43:28.201Z,96
2026-08-04T12:43:29Z,95
2026-08-04T12:43:29.447Z,95
2026-08-04T12:43:31Z,94
2026-08-04T12:43:31.245Z,94
2026-08-04T12:43:33Z,93
2026-08-04T12:43:33.048Z,93
2026-08-04T12:43:34Z,92
2026-08-04T12:43:34.864Z,92
2026-08-04T12:43:36Z,91
2026-08-04T12:43:36.668Z,91
2026-08-04T12:43:38Z,90
2026-08-04T12:43:38.458Z,90
2026-08-04T12:43:40Z,89
2026-08-04T12:43:40.27Z,89
2026-08-04T12:43:42Z,88
2026-08-04T12:43:43Z,87
2026-08-04T12:43:43.496Z,88
2026-08-04T12:43:43.881Z,87
2026-08-04T12:43:45Z,86
2026-08-04T12:43:45.663Z,86
2026-08-04T12:43:47Z,85
2026-08-04T12:43:47.47Z,85
2026-08-04T12:43:49Z,84
2026-08-04T12:43:49.275Z,84
2026-08-04T12:43:51Z,83
2026-08-04T12:43:51.541Z,83
2026-08-04T12:43:52Z,82
2026-08-04T12:43:52.878Z,82
2026-08-04T12:43:54Z,81
2026-08-04T12:43:54.689Z,81
2026-08-04T12:43:56Z,80
2026-08-04T12:43:58Z,79
2026-08-04T12:43:58.494Z,80
2026-08-04T12:43:58.915Z,79
2026-08-04T12:44:00Z,78
2026-08-04T12:44:00.092Z,78
2026-08-04T12:44:01Z,77
2026-08-04T12:44:03Z,76
2026-08-04T12:44:04.084Z,77
2026-08-04T12:44:05Z,75
2026-08-04T12:44:06.651Z,76
2026-08-04T12:44:06.977Z,75
2026-08-04T12:44:07Z,74
2026-08-04T12:44:07.363Z,74
2026-08-04T12:44:09Z,73
2026-08-04T12:44:09.243Z,73
2026-08-04T12:44:10Z,72
2026-08-04T12:44:10.985Z,72
2026-08-04T12:44:12Z,71
2026-08-04T12:44:13.735Z,71
2026-08-04T12:44:14Z,70
2026-08-04T12:44:14.626Z,70
2026-08-04T12:44:16Z,69
2026-08-04T12:44:16.436Z,69
2026-08-04T12:44:18Z,68
2026-08-04T12:44:18.242Z,68
2026-08-04T12:44:19Z,67
2026-08-04T12:44:20.064Z,67
2026-08-04T12:44:21Z,66
2026-08-04T12:44:21.858Z,66
2026-08-04T12:44:23Z,65
2026-08-04T12:44:25Z,64
2026-08-04T12:44:25.155Z,65
2026-08-04T12:44:27Z,63
2026-08-04T12:44:27.455Z,64
2026-08-04T12:44:29Z,62
2026-08-04T12:44:29.809Z,63
2026-08-04T12:44:30Z,61
2026-08-04T12:44:30.128Z,62
2026-08-04T12:44:30.844Z,61
2026-08-04T12:44:32Z,60
2026-08-04T12:44:32.645Z,60
2026-08-04T12:44:34Z,59
2026-08-04T12:44:34.446Z,59
2026-08-04T12:44:36Z,58
2026-08-04T12:44:36.255Z,58
2026-08-04T12:44:38Z,57
2026-08-04T12:44:38.057Z,57
2026-08-04T12:44:39Z,56
2026-08-04T12:44:40.09Z,56
2026-08-04T12:44:41Z,55
2026-08-04T12:44:43Z,54
2026-08-04T12:44:43.828Z,55
2026-08-04T12:44:44.146Z,54
2026-08-04T12:44:45Z,53
2026-08-04T12:44:45.381Z,53
2026-08-04T12:44:47Z,52
2026-08-04T12:44:47.185Z,52
2026-08-04T12:44:48Z,51
2026-08-04T12:44:48.994Z,51
2026-08-04T12:44:50Z,50
2026-08-04T12:44:50.806Z,50
2026-08-04T12:44:52Z,49
2026-08-04T12:44:52.591Z,49
2026-08-04T12:44:54Z,48
2026-08-04T12:44:54.516Z,48
2026-08-04T12:44:56Z,47
2026-08-04T12:44:56.518Z,47
2026-08-04T12:44:57Z,46
2026-08-04T12:44:59Z,45
2026-08-04T12:44:59.933Z,46
2026-08-04T12:45:00.265Z,45
2026-08-04T12:45:01Z,44
2026-08-04T12:45:03Z,43
2026-08-04T12:45:05Z,42
2026-08-04T12:45:06Z,41
2026-08-04T12:45:08Z,40
2026-08-04T12:45:10Z,39
2026-08-04T12:45:11.557Z,44
2026-08-04T12:45:11.821Z,43
2026-08-04T12:45:12Z,38
2026-08-04T12:45:12.203Z,42
2026-08-04T12:45:12.608Z,41
2026-08-04T12:45:13.089Z,40
2026-08-04T12:45:13.765Z,39
2026-08-04T12:45:14Z,37
2026-08-04T12:45:15Z,36
2026-08-04T12:45:15.816Z,38
2026-08-04T12:45:16.446Z,37
2026-08-04T12:45:16.637Z,36
2026-08-04T12:45:17Z,35
2026-08-04T12:45:17.824Z,35
2026-08-04T12:45:19Z,34
2026-08-04T12:45:19.622Z,34
2026-08-04T12:45:21Z,33
2026-08-04T12:45:21.429Z,33
2026-08-04T12:45:23Z,32
2026-08-04T12:45:23.23Z,32
2026-08-04T12:45:25Z,31
2026-08-04T12:45:25.852Z,31
2026-08-04T12:45:26Z,30
2026-08-04T12:45:28Z,29
2026-08-04T12:45:29.031Z,30
2026-08-04T12:45:29.265Z,29
2026-08-04T12:45:30Z,28
2026-08-04T12:45:30.565Z,28
2026-08-04T12:45:32Z,27
2026-08-04T12:45:32.372Z,27
2026-08-04T12:45:34Z,26
2026-08-04T12:45:34.175Z,26
2026-08-04T12:45:35Z,25
2026-08-04T12:45:35.976Z,25
2026-08-04T12:45:37Z,24
2026-08-04T12:45:37.784Z,24
2026-08-04T12:45:39Z,23
2026-08-04T12:45:39.585Z,23
2026-08-04T12:45:41Z,22
2026-08-04T12:45:41.67Z,22
2026-08-04T12:45:43Z,21
2026-08-04T12:45:44Z,20
2026-08-04T12:45:44.131Z,21
2026-08-04T12:45:44.991Z,20
2026-08-04T12:45:46Z,19
2026-08-04T12:45:47.029Z,19
2026-08-04T12:45:48Z,18
2026-08-04T12:45:48.601Z,18
2026-08-04T12:45:50Z,17
2026-08-04T12:45:50.41Z,17
2026-08-04T12:45:52Z,16
2026-08-04T12:45:52.2Z,16
2026-08-04T12:45:53Z,15
2026-08-04T12:45:54.006Z,15
2026-08-04T12:45:55Z,14
2026-08-04T12:45:55.804Z,14
2026-08-04T12:45:57Z,13
2026-08-04T12:45:59Z,12
2026-08-04T12:45:59.233Z,13
2026-08-04T12:46:00.038Z,12
2026-08-04T12:46:01Z,11
2026-08-04T12:46:02Z,10
2026-08-04T12:46:02.821Z,11
2026-08-04T12:46:04Z,9
2026-08-04T12:46:05.942Z,10
2026-08-04T12:46:06Z,8
2026-08-04T12:46:06.25Z,9
2026-08-04T12:46:06.611Z,8
2026-08-04T12:46:08Z,7
2026-08-04T12:46:10Z,6
2026-08-04T12:46:11Z,5
2026-08-04T12:46:13Z,4
2026-08-04T12:46:15Z,3
2026-08-04T12:46:17Z,2
2026-08-04T12:46:19Z,1
2026-08-04T12:46:20Z,0
2026-08-04T12:46:28.9Z,7
2026-08-04T12:46:29.408Z,6
2026-08-04T12:46:29.604Z,5
2026-08-04T12:46:31.466Z,4
2026-08-04T12:46:32.228Z,3
2026-08-04T12:46:32.506Z,2
2026-08-04T12:46:32.85Z,1
2026-08-04T12:46:33.156Z,0
2026-08-04T12:46:33.194Z,0
2026-08-04T13:09:20Z,0
2026-08-04T13:09:21Z,1
2026-08-04T13:09:21.487Z,0
2026-08-04T13:09:21.533Z,0
2026-08-04T13:09:23Z,2
2026-08-04T13:09:23.241Z,1
2026-08-04T13:09:23.718Z,2
2026-08-04T13:09:25Z,3
2026-08-04T13:09:25.521Z,3
2026-08-04T13:09:27Z,4
2026-08-04T13:09:27.323Z,4
2026-08-04T13:09:29Z,5
2026-08-04T13:09:29.121Z,5
2026-08-04T13:09:30Z,6
2026-08-04T13:09:32Z,7
2026-08-04T13:09:33.017Z,6
2026-08-04T13:09:33.371Z,7
2026-08-04T13:09:34Z,8
2026-08-04T13:09:34.726Z,8
2026-08-04T13:09:36Z,9
2026-08-04T13:09:36.414Z,9
2026-08-04T13:09:38Z,10
2026-08-04T13:09:38.195Z,10
2026-08-04T13:09:39Z,11
2026-08-04T13:09:40.018Z,11
2026-08-04T13:09:41Z,12
2026-08-04T13:09:42.379Z,12
2026-08-04T13:09:43Z,13
2026-08-04T13:09:43.743Z,13
2026-08-04T13:09:45Z,14
2026-08-04T13:09:47Z,15
2026-08-04T13:09:47.04Z,14
2026-08-04T13:09:47.515Z,15
2026-08-04T13:09:49Z,16
2026-08-04T13:09:49.15Z,16
2026-08-04T13:09:50Z,17
2026-08-04T13:09:51.348Z,17
2026-08-04T13:09:52Z,18
2026-08-04T13:09:52.784Z,18
2026-08-04T13:09:54Z,19
2026-08-04T13:09:54.559Z,19
2026-08-04T13:09:56Z,20
2026-08-04T13:09:56.368Z,20
2026-08-04T13:09:58Z,21
2026-08-04T13:09:58.167Z,21
2026-08-04T13:10:00Z,22
2026-08-04T13:10:01Z,23
2026-08-04T13:10:02.702Z,22
2026-08-04T13:10:03Z,24
2026-08-04T13:10:05Z,25
2026-08-04T13:10:07Z,26
2026-08-04T13:10:09Z,27
2026-08-04T13:10:10Z,28
2026-08-04T13:10:10.591Z,23
2026-08-04T13:10:11.028Z,24
2026-08-04T13:10:12Z,29
2026-08-04T13:10:12.051Z,25
2026-08-04T13:10:12.369Z,26
2026-08-04T13:10:12.82Z,27
2026-08-04T13:10:13.035Z,28
2026-08-04T13:10:13.204Z,29
2026-08-04T13:10:14Z,30
2026-08-04T13:10:15.39Z,30
2026-08-04T13:10:16Z,31
2026-08-04T13:10:18Z,32
2026-08-04T13:10:19.073Z,31
2026-08-04T13:10:19.266Z,32
2026-08-04T13:10:20Z,33
2026-08-04T13:10:20.163Z,33
2026-08-04T13:10:21Z,34
2026-08-04T13:10:21.945Z,34
2026-08-04T13:10:23Z,35
2026-08-04T13:10:23.755Z,35
2026-08-04T13:10:25Z,36
2026-08-04T13:10:26.052Z,36
2026-08-04T13:10:27Z,37
2026-08-04T13:10:27.358Z,37
2026-08-04T13:10:29Z,38
2026-08-04T13:10:29.171Z,38
2026-08-04T13:10:30Z,39
2026-08-04T13:10:32Z,40
2026-08-04T13:10:32.754Z,39
2026-08-04T13:10:33.262Z,40
2026-08-04T13:10:34Z,41
2026-08-04T13:10:34.563Z,41
2026-08-04T13:10:36Z,42
2026-08-04T13:10:36.375Z,42
2026-08-04T13:10:38Z,43
2026-08-04T13:10:38.174Z,43
2026-08-04T13:10:39Z,44
2026-08-04T13:10:39.967Z,44
2026-08-04T13:10:41Z,45
2026-08-04T13:10:41.783Z,45
2026-08-04T13:10:43Z,46
2026-08-04T13:10:43.646Z,46
2026-08-04T13:10:45Z,47
2026-08-04T13:10:47Z,48
2026-08-04T13:10:47.498Z,47
2026-08-04T13:10:48Z,49
2026-08-04T13:10:48.769Z,48
2026-08-04T13:10:50Z,50
2026-08-04T13:10:51.068Z,49
2026-08-04T13:10:51.353Z,50
2026-08-04T13:10:52Z,51
2026-08-04T13:10:52.606Z,51
2026-08-04T13:10:54Z,52
2026-08-04T13:10:54.406Z,52
2026-08-04T13:10:56Z,53
2026-08-04T13:10:56.224Z,53
2026-08-04T13:10:57Z,54
2026-08-04T13:10:58.025Z,54
2026-08-04T13:10:59Z,55
2026-08-04T13:10:59.936Z,55
2026-08-04T13:11:01Z,56
2026-08-04T13:11:03Z,57
2026-08-04T13:11:04.905Z,56
2026-08-04T13:11:05Z,58
2026-08-04T13:11:05.077Z,57
2026-08-04T13:11:05.325Z,58
2026-08-04T13:11:06Z,59
2026-08-04T13:11:07.049Z,59
2026-08-04T13:11:08Z,60
2026-08-04T13:11:09.902Z,60
2026-08-04T13:11:10Z,61
2026-08-04T13:11:11.358Z,61
2026-08-04T13:11:12Z,62
2026-08-04T13:11:12.439Z,62
2026-08-04T13:11:14Z,63
2026-08-04T13:11:14.28Z,63
2026-08-04T13:11:15Z,64
2026-08-04T13:11:17Z,65
2026-08-04T13:11:19Z,66
2026-08-04T13:11:21Z,67
2026-08-04T13:11:23Z,68
2026-08-04T13:11:25Z,69
2026-08-04T13:11:26Z,70
2026-08-04T13:11:28Z,71
2026-08-04T13:11:30Z,72
2026-08-04T13:11:31.732Z,64
2026-08-04T13:11:32Z,73
2026-08-04T13:11:32.124Z,65
2026-08-04T13:11:32.364Z,66
2026-08-04T13:11:32.597Z,67
2026-08-04T13:11:32.982Z,68
2026-08-04T13:11:33.929Z,69
2026-08-04T13:11:34Z,74
2026-08-04T13:11:34.393Z,70
2026-08-04T13:11:34.571Z,71
2026-08-04T13:11:35Z,75
2026-08-04T13:11:37Z,76
2026-08-04T13:11:37.055Z,72
2026-08-04T13:11:37.678Z,73
2026-08-04T13:11:37.889Z,74
2026-08-04T13:11:38.157Z,75
2026-08-04T13:11:38.457Z,76
2026-08-04T13:11:39Z,78
2026-08-04T13:11:39.658Z,78
2026-08-04T13:11:41Z,79
2026-08-04T13:11:41.808Z,79
2026-08-04T13:11:43Z,80
2026-08-04T13:11:43.252Z,80
2026-08-04T13:11:45Z,81
2026-08-04T13:11:45.074Z,81
2026-08-04T13:11:46Z,82
2026-08-04T13:11:48Z,83
2026-08-04T13:11:48.294Z,82
2026-08-04T13:11:48.666Z,83
2026-08-04T13:11:50Z,84
2026-08-04T13:11:50.483Z,84
2026-08-04T13:11:52Z,85
2026-08-04T13:11:52.376Z,85
2026-08-04T13:11:54Z,86
2026-08-04T13:11:54.078Z,86
2026-08-04T13:11:55Z,87
2026-08-04T13:11:55.883Z,87
2026-08-04T13:11:57Z,88
2026-08-04T13:11:57.685Z,88
2026-08-04T13:11:59Z,89
2026-08-04T13:11:59.485Z,89
2026-08-04T13:12:01Z,90
2026-08-04T13:12:03Z,91
2026-08-04T13:12:04Z,92
2026-08-04T13:12:05.111Z,90
2026-08-04T13:12:05.369Z,91
2026-08-04T13:12:05.555Z,92
2026-08-04T13:12:06Z,93
2026-08-04T13:12:06.695Z,93
2026-08-04T13:12:08Z,94
2026-08-04T13:12:09.16Z,94
2026-08-04T13:12:10Z,95
2026-08-04T13:12:10.64Z,95
2026-08-04T13:12:12Z,96
2026-08-04T13:12:12.238Z,96
2026-08-04T13:12:14Z,97
2026-08-04T13:12:14.048Z,97
2026-08-04T13:12:15Z,98
2026-08-04T13:12:17Z,99
2026-08-04T13:12:18.029Z,98
2026-08-04T13:12:18.336Z,99
2026-08-04T13:12:19Z,100
2026-08-04T13:12:20Z,100
2026-08-04T13:12:20.417Z,100
2026-08-04T13:12:20.462Z,100
2026-08-04T13:12:21.268Z,100
2026-08-04T13:47:14Z,100
2026-08-04T13:47:15Z,100
2026-08-04T13:47:17Z,99
2026-08-04T13:47:17.246Z,100
2026-08-04T13:47:19Z,98
2026-08-04T13:47:20Z,97
2026-08-04T13:47:20.45Z,100
2026-08-04T13:47:20.491Z,100
2026-08-04T13:47:20.881Z,99
2026-08-04T13:47:21.296Z,98
2026-08-04T13:47:22Z,96
2026-08-04T13:47:22.546Z,97
2026-08-04T13:47:22.898Z,96
2026-08-04T13:47:24Z,95
2026-08-04T13:47:24.647Z,95
2026-08-04T13:47:26Z,94
2026-08-04T13:47:26.55Z,94
2026-08-04T13:47:28Z,93
2026-08-04T13:47:29Z,92
2026-08-04T13:47:30.019Z,93
2026-08-04T13:47:30.37Z,92
2026-08-04T13:47:31Z,91
2026-08-04T13:47:32.083Z,91
2026-08-04T13:47:33Z,90
2026-08-04T13:47:33.652Z,90
2026-08-04T13:47:35Z,89
2026-08-04T13:47:35.461Z,89
2026-08-04T13:47:37Z,88
2026-08-04T13:47:37.28Z,88
2026-08-04T13:47:38Z,87
2026-08-04T13:47:39.061Z,87
2026-08-04T13:47:40Z,86
2026-08-04T13:47:40.878Z,86
2026-08-04T13:47:42Z,85
2026-08-04T13:47:42.662Z,85
2026-08-04T13:47:44Z,84
2026-08-04T13:47:44.456Z,84
2026-08-04T13:47:46Z,83
2026-08-04T13:47:46.259Z,83
2026-08-04T13:47:48Z,82
2026-08-04T13:47:49Z,81
2026-08-04T13:47:50.172Z,82
2026-08-04T13:47:50.57Z,81
2026-08-04T13:47:51Z,80
2026-08-04T13:47:51.755Z,80
2026-08-04T13:47:53Z,79
2026-08-04T13:47:53.549Z,79
2026-08-04T13:47:55Z,78
2026-08-04T13:47:55.365Z,78
2026-08-04T13:47:57Z,77
2026-08-04T13:47:57.159Z,77
2026-08-04T13:47:58Z,76
2026-08-04T13:47:58.96Z,76
2026-08-04T13:48:00Z,75
2026-08-04T13:48:02Z,74
2026-08-04T13:48:02.381Z,75
2026-08-04T13:48:02.813Z,74
2026-08-04T13:48:04Z,73
2026-08-04T13:48:05.874Z,73
2026-08-04T13:48:06Z,72
2026-08-04T13:48:06.166Z,72
2026-08-04T13:48:07Z,71
2026-08-04T13:48:08.192Z,71
2026-08-04T13:48:09Z,70
2026-08-04T13:48:11Z,69
2026-08-04T13:48:11.25Z,70
2026-08-04T13:48:11.738Z,69
2026-08-04T13:48:13Z,68
2026-08-04T13:48:13.451Z,68
2026-08-04T13:48:15Z,67
2026-08-04T13:48:15.236Z,67
2026-08-04T13:48:16Z,66
2026-08-04T13:48:17.096Z,66
2026-08-04T13:48:18Z,65
2026-08-04T13:48:20Z,64
2026-08-04T13:48:21.032Z,65
2026-08-04T13:48:21.599Z,64
2026-08-04T13:48:22Z,63
2026-08-04T13:48:22.448Z,63
2026-08-04T13:48:24Z,62
2026-08-04T13:48:24.365Z,62
2026-08-04T13:48:26Z,61
2026-08-04T13:48:26.113Z,61
2026-08-04T13:48:27Z,60
2026-08-04T13:48:27.848Z,60
2026-08-04T13:48:29Z,59
2026-08-04T13:48:29.676Z,59
2026-08-04T13:48:31Z,58
2026-08-04T13:48:32.28Z,58
2026-08-04T13:48:33Z,57
2026-08-04T13:48:35Z,56
2026-08-04T13:48:35.364Z,57
2026-08-04T13:48:35.661Z,56
2026-08-04T13:48:36Z,55
2026-08-04T13:48:36.966Z,55
2026-08-04T13:48:38Z,54
2026-08-04T13:48:38.762Z,54
2026-08-04T13:48:40Z,53
2026-08-04T13:48:40.542Z,53
2026-08-04T13:48:42Z,52
2026-08-04T13:48:42.665Z,52
2026-08-04T13:48:44Z,51
2026-08-04T13:48:44.136Z,51
2026-08-04T13:48:45Z,50
2026-08-04T13:48:45.943Z,50
2026-08-04T13:48:47Z,49
2026-08-04T13:48:47.746Z,49
2026-08-04T13:48:49Z,48
2026-08-04T13:48:49.556Z,48
2026-08-04T13:48:51Z,47
2026-08-04T13:48:51.342Z,47
2026-08-04T13:48:53Z,46
2026-08-04T13:48:54Z,45
2026-08-04T13:48:54.442Z,46
2026-08-04T13:48:56Z,44
2026-08-04T13:48:57.178Z,45
2026-08-04T13:48:57.478Z,44
2026-08-04T13:48:58Z,43
2026-08-04T13:48:58.555Z,43
2026-08-04T13:49:00Z,42
2026-08-04T13:49:00.351Z,42
2026-08-04T13:49:02Z,41
2026-08-04T13:49:02.942Z,41
2026-08-04T13:49:03Z,40
2026-08-04T13:49:04.09Z,40
2026-08-04T13:49:05Z,39
2026-08-04T13:49:05.753Z,39
2026-08-04T13:49:07Z,38
2026-08-04T13:49:07.552Z,38
2026-08-04T13:49:09Z,37
2026-08-04T13:49:11Z,36
2026-08-04T13:49:11.606Z,37
2026-08-04T13:49:12Z,35
2026-08-04T13:49:12.117Z,36
2026-08-04T13:49:12.963Z,35
2026-08-04T13:49:14Z,34
2026-08-04T13:49:14.752Z,34
2026-08-04T13:49:16Z,33
2026-08-04T13:49:16.557Z,33
2026-08-04T13:49:18Z,32
2026-08-04T13:49:18.358Z,32
2026-08-04T13:49:20Z,31
2026-08-04T13:49:21Z,30
2026-08-04T13:49:21.288Z,31
2026-08-04T13:49:22.783Z,30
2026-08-04T13:49:23Z,29
2026-08-04T13:49:25Z,28
2026-08-04T13:49:25.781Z,29
2026-08-04T13:49:26.192Z,28
2026-08-04T13:49:27Z,27
2026-08-04T13:49:27.363Z,27
2026-08-04T13:49:29Z,26
2026-08-04T13:49:29.162Z,26
2026-08-04T13:49:30Z,25
2026-08-04T13:49:30.969Z,25
2026-08-04T13:49:32Z,24
2026-08-04T13:49:32.777Z,24
2026-08-04T13:49:34Z,23
2026-08-04T13:49:34.577Z,23
2026-08-04T13:49:36Z,22
2026-08-04T13:49:36.691Z,22
2026-08-04T13:49:38Z,21
2026-08-04T13:49:38.166Z,21
2026-08-04T13:49:39Z,20
2026-08-04T13:49:40.828Z,20
2026-08-04T13:49:41Z,19
2026-08-04T13:49:41.767Z,19
2026-08-04T13:49:43Z,18
2026-08-04T13:49:43.596Z,18
2026-08-04T13:49:45Z,17
2026-08-04T13:49:45.37Z,17
2026-08-04T13:49:47Z,16
2026-08-04T13:49:48Z,15
2026-08-04T13:49:48.815Z,16
2026-08-04T13:49:49.357Z,15
2026-08-04T13:49:50Z,14
2026-08-04T13:49:50.775Z,14
2026-08-04T13:49:52Z,13
2026-08-04T13:49:52.75Z,13
2026-08-04T13:49:54Z,12
2026-08-04T13:49:55.785Z,12
2026-08-04T13:49:56Z,11
2026-08-04T13:49:56.411Z,11
2026-08-04T13:49:57Z,10
2026-08-04T13:49:57.981Z,10
2026-08-04T13:49:59Z,9
2026-08-04T13:49:59.78Z,9
2026-08-04T13:50:01Z,8
2026-08-04T13:50:03Z,7
2026-08-04T13:50:05Z,6
2026-08-04T13:50:06Z,5
2026-08-04T13:50:08Z,4
2026-08-04T13:50:09.055Z,8
2026-08-04T13:50:10Z,3
2026-08-04T13:50:10.074Z,7
2026-08-04T13:50:10.33Z,6
2026-08-04T13:50:10.608Z,5
2026-08-04T13:50:12Z,2
2026-08-04T13:50:13.045Z,4
2026-08-04T13:50:13.499Z,3
2026-08-04T13:50:13.856Z,2
2026-08-04T13:50:14Z,1
2026-08-04T13:50:15Z,0
2026-08-04T13:50:15.322Z,1
2026-08-04T13:50:18.058Z,0
2026-08-04T13:50:18.108Z,0
2026-08-04T14:20:56Z,0
2026-08-04T14:20:58Z,1
2026-08-04T14:21:00Z,2
2026-08-04T14:21:00.233Z,0
2026-08-04T14:21:00.279Z,0
2026-08-04T14:21:01Z,3
2026-08-04T14:21:03Z,4
2026-08-04T14:21:03.38Z,1
2026-08-04T14:21:03.578Z,2
2026-08-04T14:21:05Z,5
2026-08-04T14:21:05.535Z,3
2026-08-04T14:21:05.86Z,4
2026-08-04T14:21:06.282Z,5
2026-08-04T14:21:07Z,6
2026-08-04T14:21:07.258Z,6
2026-08-04T14:21:09Z,7
2026-08-04T14:21:09.059Z,7
2026-08-04T14:21:10Z,8
2026-08-04T14:21:10.863Z,8
2026-08-04T14:21:12Z,9
2026-08-04T14:21:13.064Z,9
2026-08-04T14:21:14Z,10
2026-08-04T14:21:15.471Z,10
2026-08-04T14:21:16Z,11
2026-08-04T14:21:16.27Z,11
2026-08-04T14:21:18Z,12
2026-08-04T14:21:18.066Z,12
2026-08-04T14:21:19Z,13
2026-08-04T14:21:19.868Z,13
2026-08-04T14:21:21Z,14
2026-08-04T14:21:21.671Z,14
2026-08-04T14:21:23Z,15
2026-08-04T14:21:23.469Z,15
2026-08-04T14:21:25Z,16
2026-08-04T14:21:25.268Z,16
2026-08-04T14:21:27Z,17
2026-08-04T14:21:27.072Z,17
2026-08-04T14:21:28Z,18
2026-08-04T14:21:30Z,19
2026-08-04T14:21:31.111Z,18
2026-08-04T14:21:31.743Z,19
2026-08-04T14:21:32Z,20
2026-08-04T14:21:32.489Z,20
2026-08-04T14:21:34Z,21
2026-08-04T14:21:34.278Z,21
2026-08-04T14:21:36Z,22
2026-08-04T14:21:36.078Z,22
2026-08-04T14:21:37Z,23
2026-08-04T14:21:37.923Z,23
2026-08-04T14:21:39Z,24
2026-08-04T14:21:41Z,25
2026-08-04T14:21:43Z,26
2026-08-04T14:21:45Z,27
2026-08-04T14:21:45.659Z,24
2026-08-04T14:21:45.979Z,25
2026-08-04T14:21:46Z,28
2026-08-04T14:21:48Z,29
2026-08-04T14:21:48.086Z,26
2026-08-04T14:21:48.364Z,27
2026-08-04T14:21:49.148Z,28
2026-08-04T14:21:49.514Z,29
2026-08-04T14:21:50Z,30
2026-08-04T14:21:51.2Z,30
2026-08-04T14:21:52Z,31
2026-08-04T14:21:52.293Z,31
2026-08-04T14:21:54Z,32
2026-08-04T14:21:54.087Z,32
2026-08-04T14:21:55Z,33
2026-08-04T14:21:55.887Z,33
2026-08-04T14:21:57Z,34
2026-08-04T14:21:57.691Z,34
2026-08-04T14:21:59Z,35
2026-08-04T14:21:59.499Z,35
2026-08-04T14:22:01Z,36
2026-08-04T14:22:03Z,37
2026-08-04T14:22:03.642Z,36
2026-08-04T14:22:03.96Z,37
2026-08-04T14:22:04Z,38
2026-08-04T14:22:05.937Z,38
2026-08-04T14:22:06Z,39
2026-08-04T14:22:08Z,40
2026-08-04T14:22:08.532Z,39
2026-08-04T14:22:08.915Z,40
2026-08-04T14:22:10Z,41
2026-08-04T14:22:10.301Z,41
2026-08-04T14:22:12Z,42
2026-08-04T14:22:13Z,43
2026-08-04T14:22:13.606Z,42
2026-08-04T14:22:14.025Z,43
2026-08-04T14:22:15Z,44
2026-08-04T14:22:15.703Z,44
2026-08-04T14:22:17Z,45
2026-08-04T14:22:17.503Z,45
2026-08-04T14:22:19Z,46
2026-08-04T14:22:20.462Z,46
2026-08-04T14:22:21Z,47
2026-08-04T14:22:21.231Z,47
2026-08-04T14:22:22Z,48
2026-08-04T14:22:23.047Z,48
2026-08-04T14:22:24Z,49
2026-08-04T14:22:24.738Z,49
2026-08-04T14:22:26Z,50
2026-08-04T14:22:26.503Z,50
2026-08-04T14:22:28Z,51
2026-08-04T14:22:28.342Z,51
2026-08-04T14:22:30Z,52
2026-08-04T14:22:30.11Z,52
2026-08-04T14:22:31Z,53
2026-08-04T14:22:31.932Z,53
2026-08-04T14:22:33Z,54
2026-08-04T14:22:35Z,55
2026-08-04T14:22:36.805Z,54
2026-08-04T14:22:37Z,56
2026-08-04T14:22:37.957Z,55
2026-08-04T14:22:38.146Z,56
2026-08-04T14:22:39Z,57
2026-08-04T14:22:39.114Z,57
2026-08-04T14:22:40Z,58
2026-08-04T14:22:40.914Z,58
2026-08-04T14:22:42Z,59
2026-08-04T14:22:42.732Z,59
2026-08-04T14:22:44Z,60
2026-08-04T14:22:44.53Z,60
2026-08-04T14:22:46Z,61
2026-08-04T14:22:46.327Z,61
2026-08-04T14:22:48Z,62
2026-08-04T14:22:48.118Z,62
2026-08-04T14:22:49Z,63
2026-08-04T14:22:50.758Z,63
2026-08-04T14:22:51Z,64
2026-08-04T14:22:51.729Z,64
2026-08-04T14:22:53Z,65
2026-08-04T14:22:53.516Z,65
2026-08-04T14:22:55Z,66
2026-08-04T14:22:55.333Z,66
2026-08-04T14:22:57Z,67
2026-08-04T14:22:57.149Z,67
2026-08-04T14:22:58Z,68
2026-08-04T14:22:58.93Z,68
2026-08-04T14:23:00Z,69
2026-08-04T14:23:02Z,70
2026-08-04T14:23:02.326Z,69
2026-08-04T14:23:03.012Z,70
2026-08-04T14:23:04Z,71
2026-08-04T14:23:05.694Z,71
2026-08-04T14:23:06Z,72
2026-08-04T14:23:06.695Z,72
2026-08-04T14:23:07Z,73
2026-08-04T14:23:07.926Z,73
2026-08-04T14:23:09Z,74
2026-08-04T14:23:09.727Z,74
2026-08-04T14:23:11Z,75
2026-08-04T14:23:11.535Z,75
2026-08-04T14:23:13Z,76
2026-08-04T14:23:13.331Z,76
2026-08-04T14:23:15Z,77
2026-08-04T14:23:15.129Z,77
2026-08-04T14:23:16Z,78
2026-08-04T14:23:16.944Z,78
2026-08-04T14:23:18Z,79
2026-08-04T14:23:19.633Z,79
2026-08-04T14:23:20Z,80
2026-08-04T14:23:20.921Z,80
2026-08-04T14:23:22Z,81
2026-08-04T14:23:22.333Z,81
2026-08-04T14:23:24Z,82
2026-08-04T14:23:25Z,83
2026-08-04T14:23:25.672Z,82
2026-08-04T14:23:25.933Z,83
2026-08-04T14:23:27Z,84
2026-08-04T14:23:27.737Z,84
2026-08-04T14:23:29Z,85
2026-08-04T14:23:31Z,86
2026-08-04T14:23:32.054Z,85
2026-08-04T14:23:33Z,87
2026-08-04T14:23:34Z,88
2026-08-04T14:23:34.461Z,86
2026-08-04T14:23:34.705Z,87
2026-08-04T14:23:35.164Z,88
2026-08-04T14:23:36Z,89
2026-08-04T14:23:36.762Z,89
2026-08-04T14:23:38Z,90
2026-08-04T14:23:38.539Z,90
2026-08-04T14:23:40Z,91
2026-08-04T14:23:41.025Z,91
2026-08-04T14:23:42Z,92
2026-08-04T14:23:42.14Z,92
2026-08-04T14:23:43Z,93
2026-08-04T14:23:43.956Z,93
2026-08-04T14:23:45Z,94
2026-08-04T14:23:45.98Z,94
2026-08-04T14:23:47Z,95
2026-08-04T14:23:47.549Z,95
2026-08-04T14:23:49Z,96
2026-08-04T14:23:49.357Z,96
2026-08-04T14:23:51Z,97
2026-08-04T14:23:51.168Z,97
2026-08-04T14:23:52Z,98
2026-08-04T14:23:52.957Z,98
2026-08-04T14:23:54Z,99
2026-08-04T14:23:55.997Z,99
2026-08-04T14:23:56Z,100
2026-08-04T14:23:57.067Z,100
2026-08-04T14:23:57.146Z,100
2026-08-04T14:36:46Z,100
2026-08-04T14:36:47Z,100
2026-08-04T14:36:49Z,99
2026-08-04T14:36:49.142Z,100
2026-08-04T14:36:51Z,98
2026-08-04T14:36:53Z,97
2026-08-04T14:36:53.274Z,100
2026-08-04T14:36:53.316Z,100
2026-08-04T14:36:53.784Z,99
2026-08-04T14:36:54.077Z,98
2026-08-04T14:36:54.283Z,97
2026-08-04T14:36:55Z,96
2026-08-04T14:36:55.061Z,96
2026-08-04T14:36:56Z,95
2026-08-04T14:36:56.861Z,95
2026-08-04T14:36:58Z,94
2026-08-04T14:36:58.655Z,94
2026-08-04T14:37:00Z,93
2026-08-04T14:37:02Z,92
2026-08-04T14:37:02.467Z,93
2026-08-04T14:37:03.107Z,92
2026-08-04T14:37:04Z,91
2026-08-04T14:37:04.059Z,91
2026-08-04T14:37:05Z,90
2026-08-04T14:37:05.99Z,90
2026-08-04T14:37:07Z,89
2026-08-04T14:37:09Z,88
2026-08-04T14:37:10.011Z,89
2026-08-04T14:37:10.748Z,88
2026-08-04T14:37:11Z,87
2026-08-04T14:37:11.358Z,87
2026-08-04T14:37:13Z,86
2026-08-04T14:37:13.159Z,86
2026-08-04T14:37:14Z,85
2026-08-04T14:37:14.96Z,85
2026-08-04T14:37:16Z,84
2026-08-04T14:37:16.893Z,84
2026-08-04T14:37:18Z,83
2026-08-04T14:37:18.558Z,83
2026-08-04T14:37:20Z,82
2026-08-04T14:37:20.362Z,82
2026-08-04T14:37:22Z,81
2026-08-04T14:37:22.163Z,81
2026-08-04T14:37:23Z,80
2026-08-04T14:37:24.848Z,80
2026-08-04T14:37:25Z,79
2026-08-04T14:37:25.812Z,79
2026-08-04T14:37:27Z,78
2026-08-04T14:37:27.563Z,78
2026-08-04T14:37:29Z,77
2026-08-04T14:37:29.365Z,77
2026-08-04T14:37:31Z,76
2026-08-04T14:37:31.32Z,76
2026-08-04T14:37:32Z,75
2026-08-04T14:37:33.036Z,75
2026-08-04T14:37:34Z,74
2026-08-04T14:37:34.795Z,74
2026-08-04T14:37:36Z,73
2026-08-04T14:37:36.591Z,73
2026-08-04T14:37:38Z,72
2026-08-04T14:37:40Z,71
2026-08-04T14:37:40.504Z,72
2026-08-04T14:37:40.986Z,71
2026-08-04T14:37:41Z,70
2026-08-04T14:37:41.992Z,70
2026-08-04T14:37:43Z,69
2026-08-04T14:37:43.792Z,69
2026-08-04T14:37:45Z,68
2026-08-04T14:37:45.6Z,68
2026-08-04T14:37:47Z,67
2026-08-04T14:37:47.403Z,67
2026-08-04T14:37:49Z,66
2026-08-04T14:37:49.191Z,66
2026-08-04T14:37:50Z,65
2026-08-04T14:37:50.989Z,65
2026-08-04T14:37:52Z,64
2026-08-04T14:37:52.789Z,64
2026-08-04T14:37:54Z,63
2026-08-04T14:37:55.418Z,63
2026-08-04T14:37:56Z,62
2026-08-04T14:37:56.388Z,62
2026-08-04T14:37:58Z,61
2026-08-04T14:37:58.19Z,61
2026-08-04T14:37:59Z,60
2026-08-04T14:37:59.992Z,60
2026-08-04T14:38:01Z,59
2026-08-04T14:38:02.882Z,59
2026-08-04T14:38:03Z,58
2026-08-04T14:38:03.592Z,58
2026-08-04T14:38:05Z,57
2026-08-04T14:38:06.597Z,57
2026-08-04T14:38:07Z,56
2026-08-04T14:38:07.368Z,56
2026-08-04T14:38:08Z,55
2026-08-04T14:38:08.998Z,55
2026-08-04T14:38:10Z,54
2026-08-04T14:38:10.797Z,54
2026-08-04T14:38:12Z,53
2026-08-04T14:38:12.598Z,53
2026-08-04T14:38:14Z,52
2026-08-04T14:38:15.228Z,52
2026-08-04T14:38:16Z,51
2026-08-04T14:38:16.924Z,51
2026-08-04T14:38:17Z,50
2026-08-04T14:38:18.016Z,50
2026-08-04T14:38:19Z,49
2026-08-04T14:38:19.806Z,49
2026-08-04T14:38:21Z,48
2026-08-04T14:38:22.007Z,48
2026-08-04T14:38:23Z,47
2026-08-04T14:38:23.41Z,47
2026-08-04T14:38:25Z,46
2026-08-04T14:38:25.213Z,46
2026-08-04T14:38:26Z,45
2026-08-04T14:38:27.266Z,45
2026-08-04T14:38:28Z,44
2026-08-04T14:38:30Z,43
2026-08-04T14:38:30.202Z,44
2026-08-04T14:38:30.61Z,43
2026-08-04T14:38:32Z,42
2026-08-04T14:38:32.869Z,42
2026-08-04T14:38:34Z,41
2026-08-04T14:38:34.208Z,41
2026-08-04T14:38:35Z,40
2026-08-04T14:38:36.013Z,40
2026-08-04T14:38:37Z,39
2026-08-04T14:38:37.807Z,39
2026-08-04T14:38:39Z,38
2026-08-04T14:38:39.607Z,38
2026-08-04T14:38:41Z,37
2026-08-04T14:38:41.409Z,37
2026-08-04T14:38:43Z,36
2026-08-04T14:38:44Z,35
2026-08-04T14:38:45.263Z,36
2026-08-04T14:38:45.517Z,35
2026-08-04T14:38:46Z,34
2026-08-04T14:38:46.814Z,34
2026-08-04T14:38:48Z,33
2026-08-04T14:38:48.614Z,33
2026-08-04T14:38:50Z,32
2026-08-04T14:38:50.412Z,32
2026-08-04T14:38:52Z,31
2026-08-04T14:38:52.216Z,31
2026-08-04T14:38:53Z,30
2026-08-04T14:38:54.018Z,30
2026-08-04T14:38:55Z,29
2026-08-04T14:38:55.852Z,29
2026-08-04T14:38:57Z,28
2026-08-04T14:38:57.618Z,28
2026-08-04T14:38:59Z,27
2026-08-04T14:39:00.32Z,27
2026-08-04T14:39:01Z,26
2026-08-04T14:39:02Z,25
2026-08-04T14:39:02.701Z,26
2026-08-04T14:39:03.031Z,25
2026-08-04T14:39:04Z,24
2026-08-04T14:39:05.592Z,24
2026-08-04T14:39:06Z,23
2026-08-04T14:39:06.928Z,23
2026-08-04T14:39:08Z,22
2026-08-04T14:39:08.424Z,22
2026-08-04T14:39:10Z,21
2026-08-04T14:39:10.921Z,21
2026-08-04T14:39:12Z,20
2026-08-04T14:39:12.106Z,20
2026-08-04T14:39:13Z,19
2026-08-04T14:39:15Z,18
2026-08-04T14:39:15.451Z,19
2026-08-04T14:39:15.978Z,18
2026-08-04T14:39:17Z,17
2026-08-04T14:39:17.514Z,17
2026-08-04T14:39:19Z,16
2026-08-04T14:39:19.315Z,16
2026-08-04T14:39:21Z,15
2026-08-04T14:39:21.113Z,15
2026-08-04T14:39:22Z,14
2026-08-04T14:39:23.01Z,14
2026-08-04T14:39:24Z,13
2026-08-04T14:39:24.715Z,13
2026-08-04T14:39:26Z,12
2026-08-04T14:39:26.515Z,12
2026-08-04T14:39:28Z,11
2026-08-04T14:39:28.315Z,11
2026-08-04T14:39:30Z,10
2026-08-04T14:39:30.118Z,10
2026-08-04T14:39:31Z,9
2026-08-04T14:39:31.919Z,9
2026-08-04T14:39:33Z,8
2026-08-04T14:39:35Z,7
2026-08-04T14:39:35.973Z,8
2026-08-04T14:39:36.174Z,7
2026-08-04T14:39:37Z,6
2026-08-04T14:39:37.322Z,6
2026-08-04T14:39:39Z,5
2026-08-04T14:39:39.123Z,5
2026-08-04T14:39:40Z,4
2026-08-04T14:39:40.929Z,4
2026-08-04T14:39:42Z,3
2026-08-04T14:39:42.846Z,3
2026-08-04T14:39:44Z,2
2026-08-04T14:39:44.524Z,2
2026-08-04T14:39:46Z,1
2026-08-04T14:39:46.325Z,1
2026-08-04T14:39:47Z,0
2026-08-04T14:39:48.08Z,0
2026-08-04T14:39:48.197Z,0
2026-08-04T15:16:50Z,0
2026-08-04T15:16:52Z,1
2026-08-04T15:16:53.672Z,0
2026-08-04T15:16:53.722Z,0
2026-08-04T15:16:54Z,2
2026-08-04T15:16:54.484Z,1
2026-08-04T15:16:56Z,3
2026-08-04T15:16:57.491Z,2
2026-08-04T15:16:57.7Z,3
2026-08-04T15:16:58Z,4
2026-08-04T15:16:58.274Z,4
2026-08-04T15:17:00Z,5
2026-08-04T15:17:01Z,6
2026-08-04T15:17:01.856Z,5
2026-08-04T15:17:03Z,7
2026-08-04T15:17:03.929Z,6
2026-08-04T15:17:04.663Z,7
2026-08-04T15:17:05Z,8
2026-08-04T15:17:05.48Z,8
2026-08-04T15:17:07Z,9
2026-08-04T15:17:07.347Z,9
2026-08-04T15:17:09Z,10
2026-08-04T15:17:09.983Z,10
2026-08-04T15:17:10Z,11
2026-08-04T15:17:10.879Z,11
2026-08-04T15:17:12Z,12
2026-08-04T15:17:13.236Z,12
2026-08-04T15:17:14Z,13
2026-08-04T15:17:15.205Z,13
2026-08-04T15:17:16Z,14
2026-08-04T15:17:17.65Z,14
2026-08-04T15:17:18Z,15
2026-08-04T15:17:18.152Z,15
2026-08-04T15:17:19Z,16
2026-08-04T15:17:19.948Z,16
2026-08-04T15:17:21Z,17
2026-08-04T15:17:21.773Z,17
2026-08-04T15:17:23Z,18
2026-08-04T15:17:23.555Z,18
2026-08-04T15:17:25Z,19
2026-08-04T15:17:25.361Z,19
2026-08-04T15:17:27Z,20
2026-08-04T15:17:27.154Z,20
2026-08-04T15:17:28Z,21
2026-08-04T15:17:28.96Z,21
2026-08-04T15:17:30Z,22
2026-08-04T15:17:31.885Z,22
2026-08-04T15:17:32Z,23
2026-08-04T15:17:32.557Z,23
2026-08-04T15:17:34Z,24
2026-08-04T15:17:34.358Z,24
2026-08-04T15:17:36Z,25
2026-08-04T15:17:37Z,26
2026-08-04T15:17:37.458Z,25
2026-08-04T15:17:37.958Z,26
2026-08-04T15:17:39Z,27
2026-08-04T15:17:39.854Z,27
2026-08-04T15:17:41Z,28
2026-08-04T15:17:41.664Z,28
2026-08-04T15:17:43Z,29
2026-08-04T15:17:43.368Z,29
2026-08-04T15:17:45Z,30
2026-08-04T15:17:46Z,31
2026-08-04T15:17:47.034Z,30
2026-08-04T15:17:47.355Z,31
2026-08-04T15:17:48Z,32
2026-08-04T15:17:48.76Z,32
2026-08-04T15:17:50Z,33
2026-08-04T15:17:50.62Z,33
2026-08-04T15:17:52Z,34
2026-08-04T15:17:52.443Z,34
2026-08-04T15:17:54Z,35
2026-08-04T15:17:54.653Z,35
2026-08-04T15:17:55Z,36
2026-08-04T15:17:55.972Z,36
2026-08-04T15:17:57Z,37
2026-08-04T15:17:58.65Z,37
2026-08-04T15:17:59Z,38
2026-08-04T15:18:00.412Z,38
2026-08-04T15:18:01Z,39
2026-08-04T15:18:02.824Z,39
2026-08-04T15:18:03Z,40
2026-08-04T15:18:03.175Z,40
2026-08-04T15:18:04Z,41
2026-08-04T15:18:06Z,42
2026-08-04T15:18:07.051Z,41
2026-08-04T15:18:07.381Z,42
2026-08-04T15:18:08Z,43
2026-08-04T15:18:08.597Z,43
2026-08-04T15:18:10Z,44
2026-08-04T15:18:10.401Z,44
2026-08-04T15:18:12Z,45
2026-08-04T15:18:12.407Z,45
2026-08-04T15:18:13Z,46
2026-08-04T15:18:15Z,47
2026-08-04T15:18:15.043Z,46
2026-08-04T15:18:15.798Z,47
2026-08-04T15:18:17Z,48
2026-08-04T15:18:17.6Z,48
2026-08-04T15:18:19Z,49
2026-08-04T15:18:19.452Z,49
2026-08-04T15:18:21Z,50
2026-08-04T15:18:22Z,51
2026-08-04T15:18:22.181Z,50
2026-08-04T15:18:23.009Z,51
2026-08-04T15:18:24Z,52
2026-08-04T15:18:24.837Z,52
2026-08-04T15:18:26Z,53
2026-08-04T15:18:26.609Z,53
2026-08-04T15:18:28Z,54
2026-08-04T15:18:28.402Z,54
2026-08-04T15:18:30Z,55
2026-08-04T15:18:31Z,56
2026-08-04T15:18:31.17Z,55
2026-08-04T15:18:32.029Z,56
2026-08-04T15:18:33Z,57
2026-08-04T15:18:33.82Z,57
2026-08-04T15:18:35Z,58
2026-08-04T15:18:37Z,59
2026-08-04T15:18:38.577Z,58
2026-08-04T15:18:38.785Z,59
2026-08-04T15:18:39Z,60
2026-08-04T15:18:39.22Z,60
2026-08-04T15:18:40Z,61
2026-08-04T15:18:41.023Z,61
2026-08-04T15:18:42Z,62
2026-08-04T15:18:42.815Z,62
2026-08-04T15:18:44Z,63
2026-08-04T15:18:44.616Z,63
2026-08-04T15:18:46Z,64
2026-08-04T15:18:46.414Z,64
2026-08-04T15:18:48Z,65
2026-08-04T15:18:48.213Z,65
2026-08-04T15:18:50Z,66
2026-08-04T15:18:51Z,67
2026-08-04T15:18:52.45Z,66
2026-08-04T15:18:53Z,68
2026-08-04T15:18:53.113Z,67
2026-08-04T15:18:53.747Z,68
2026-08-04T15:18:55Z,69
2026-08-04T15:18:55.543Z,69
2026-08-04T15:18:57Z,70
2026-08-04T15:18:57.346Z,70
2026-08-04T15:18:59Z,71
2026-08-04T15:18:59.143Z,71
2026-08-04T15:19:00Z,72
2026-08-04T15:19:02Z,73
2026-08-04T15:19:02.858Z,72
2026-08-04T15:19:03.505Z,73
2026-08-04T15:19:04Z,74
2026-08-04T15:19:04.544Z,74
2026-08-04T15:19:06Z,75
2026-08-04T15:19:06.358Z,75
2026-08-04T15:19:08Z,76
2026-08-04T15:19:08.842Z,76
2026-08-04T15:19:09Z,77
2026-08-04T15:19:09.95Z,77
2026-08-04T15:19:11Z,78
2026-08-04T15:19:12.441Z,78
2026-08-04T15:19:13Z,79
2026-08-04T15:19:13.919Z,79
2026-08-04T15:19:15Z,80
2026-08-04T15:19:15.346Z,80
2026-08-04T15:19:17Z,81
2026-08-04T15:19:17.149Z,81
2026-08-04T15:19:18Z,82
2026-08-04T15:19:18.949Z,82
2026-08-04T15:19:20Z,83
2026-08-04T15:19:20.75Z,83
2026-08-04T15:19:22Z,84
2026-08-04T15:19:22.548Z,84
2026-08-04T15:19:24Z,85
2026-08-04T15:19:24.91Z,85
2026-08-04T15:19:26Z,86
2026-08-04T15:19:27Z,87
2026-08-04T15:19:28.233Z,86
2026-08-04T15:19:28.664Z,87
2026-08-04T15:19:29Z,88
2026-08-04T15:19:29.752Z,88
2026-08-04T15:19:31Z,89
2026-08-04T15:19:31.555Z,89
2026-08-04T15:19:33Z,90
2026-08-04T15:19:33.378Z,90
2026-08-04T15:19:35Z,91
2026-08-04T15:19:35.161Z,91
2026-08-04T15:19:36Z,92
2026-08-04T15:19:36.964Z,92
2026-08-04T15:19:38Z,93
2026-08-04T15:19:38.756Z,93
2026-08-04T15:19:40Z,94
2026-08-04T15:19:42Z,95
2026-08-04T15:19:42.697Z,94
2026-08-04T15:19:43.435Z,95
2026-08-04T15:19:44Z,96
2026-08-04T15:19:44.162Z,96
2026-08-04T15:19:45Z,97
2026-08-04T15:19:45.961Z,97
2026-08-04T15:19:47Z,98
2026-08-04T15:19:47.758Z,98
2026-08-04T15:19:49Z,99
2026-08-04T15:19:49.567Z,99
2026-08-04T15:19:50Z,100
2026-08-04T15:19:51.497Z,100
2026-08-04T15:19:51.549Z,100
2026-08-04T15:29:21Z,100
2026-08-04T15:29:21.898Z,100
2026-08-04T15:29:22Z,100
2026-08-04T15:29:24Z,99
2026-08-04T15:29:24.394Z,100
2026-08-04T15:29:24.436Z,100
2026-08-04T15:29:24.98Z,99
2026-08-04T15:29:26Z,98
2026-08-04T15:29:26.123Z,98
2026-08-04T15:29:27Z,97
2026-08-04T15:29:27.915Z,97
2026-08-04T15:29:29Z,96
2026-08-04T15:29:30.543Z,96
2026-08-04T15:29:31Z,95
2026-08-04T15:29:31.526Z,95
2026-08-04T15:29:33Z,94
2026-08-04T15:29:33.367Z,94
2026-08-04T15:29:35Z,93
2026-08-04T15:29:35.126Z,93
2026-08-04T15:29:36Z,92
2026-08-04T15:29:37.026Z,92
2026-08-04T15:29:38Z,91
2026-08-04T15:29:40Z,90
2026-08-04T15:29:40.137Z,91
2026-08-04T15:29:41.041Z,90
2026-08-04T15:29:42Z,89
2026-08-04T15:29:42.357Z,89
2026-08-04T15:29:44Z,88
2026-08-04T15:29:45Z,87
2026-08-04T15:29:45.539Z,88
2026-08-04T15:29:45.928Z,87
2026-08-04T15:29:47Z,86
2026-08-04T15:29:47.728Z,86
2026-08-04T15:29:49Z,85
2026-08-04T15:29:49.528Z,85
2026-08-04T15:29:51Z,84
2026-08-04T15:29:51.327Z,84
2026-08-04T15:29:53Z,83
2026-08-04T15:29:53.16Z,83
2026-08-04T15:29:54Z,82
2026-08-04T15:29:55.391Z,82
2026-08-04T15:29:56Z,81
2026-08-04T15:29:56.736Z,81
2026-08-04T15:29:58Z,80
2026-08-04T15:30:00Z,79
2026-08-04T15:30:00.787Z,80
2026-08-04T15:30:02Z,78
2026-08-04T15:30:03Z,77
2026-08-04T15:30:05Z,76
2026-08-04T15:30:07Z,75
2026-08-04T15:30:09Z,74
2026-08-04T15:30:11Z,73
2026-08-04T15:30:11.856Z,79
2026-08-04T15:30:12Z,72
2026-08-04T15:30:12.092Z,78
2026-08-04T15:30:12.562Z,77
2026-08-04T15:30:13.243Z,76
2026-08-04T15:30:13.637Z,75
2026-08-04T15:30:13.876Z,74
2026-08-04T15:30:14Z,71
2026-08-04T15:30:15.054Z,73
2026-08-04T15:30:15.375Z,72
2026-08-04T15:30:16Z,70
2026-08-04T15:30:17.698Z,71
2026-08-04T15:30:18Z,69
2026-08-04T15:30:18.103Z,70
2026-08-04T15:30:18.434Z,69
2026-08-04T15:30:20Z,68
2026-08-04T15:30:20.404Z,68
2026-08-04T15:30:21Z,67
2026-08-04T15:30:21.983Z,67
2026-08-04T15:30:23Z,66
2026-08-04T15:30:23.785Z,66
2026-08-04T15:30:25Z,65
2026-08-04T15:30:25.581Z,65
2026-08-04T15:30:27Z,64
2026-08-04T15:30:27.974Z,64
2026-08-04T15:30:29Z,63
2026-08-04T15:30:30Z,62
2026-08-04T15:30:30.816Z,63
2026-08-04T15:30:31.174Z,62
2026-08-04T15:30:32Z,61
2026-08-04T15:30:32.787Z,61
2026-08-04T15:30:34Z,60
2026-08-04T15:30:34.593Z,60
2026-08-04T15:30:36Z,59
2026-08-04T15:30:36.382Z,59
2026-08-04T15:30:38Z,58
2026-08-04T15:30:39Z,57
2026-08-04T15:30:40.687Z,58
2026-08-04T15:30:41Z,56
2026-08-04T15:30:42.736Z,57
2026-08-04T15:30:43Z,55
2026-08-04T15:30:43.064Z,56
2026-08-04T15:30:43.734Z,55
2026-08-04T15:30:45Z,54
2026-08-04T15:30:45.473Z,54
2026-08-04T15:30:47Z,53
2026-08-04T15:30:47.189Z,53
2026-08-04T15:30:48Z,52
2026-08-04T15:30:50Z,51
2026-08-04T15:30:50.889Z,52
2026-08-04T15:30:51.527Z,51
2026-08-04T15:30:52Z,50
2026-08-04T15:30:52.597Z,50
2026-08-04T15:30:54Z,49
2026-08-04T15:30:54.408Z,49
2026-08-04T15:30:56Z,48
2026-08-04T15:30:56.641Z,48
2026-08-04T15:30:57Z,47
2026-08-04T15:30:58.07Z,47
2026-08-04T15:30:59Z,46
2026-08-04T15:30:59.8Z,46
2026-08-04T15:31:01Z,45
2026-08-04T15:31:02.908Z,45
2026-08-04T15:31:03Z,44
2026-08-04T15:31:03.404Z,44
2026-08-04T15:31:05Z,43
2026-08-04T15:31:06Z,42
2026-08-04T15:31:06.17Z,43
2026-08-04T15:31:07.103Z,42
2026-08-04T15:31:08Z,41
2026-08-04T15:31:08.799Z,41
2026-08-04T15:31:10Z,40
2026-08-04T15:31:10.616Z,40
2026-08-04T15:31:12Z,39
2026-08-04T15:31:12.763Z,39
2026-08-04T15:31:14Z,38
2026-08-04T15:31:14.255Z,38
2026-08-04T15:31:15Z,37
2026-08-04T15:31:15.997Z,37
2026-08-04T15:31:17Z,36
2026-08-04T15:31:18.03Z,36
2026-08-04T15:31:19Z,35
2026-08-04T15:31:19.643Z,35
2026-08-04T15:31:21Z,34
2026-08-04T15:31:21.403Z,34
2026-08-04T15:31:23Z,33
2026-08-04T15:31:23.209Z,33
2026-08-04T15:31:24Z,32
2026-08-04T15:31:26Z,31
2026-08-04T15:31:26.079Z,32
2026-08-04T15:31:26.804Z,31
2026-08-04T15:31:28Z,30
2026-08-04T15:31:29.093Z,30
2026-08-04T15:31:30Z,29
2026-08-04T15:31:30.475Z,29
2026-08-04T15:31:32Z,28
2026-08-04T15:31:32.206Z,28
2026-08-04T15:31:33Z,27
2026-08-04T15:31:34.034Z,27
2026-08-04T15:31:35Z,26
2026-08-04T15:31:35.922Z,26
2026-08-04T15:31:37Z,25
2026-08-04T15:31:37.701Z,25
2026-08-04T15:31:39Z,24
2026-08-04T15:31:41Z,23
2026-08-04T15:31:41.317Z,24
2026-08-04T15:31:41.536Z,23
2026-08-04T15:31:42Z,22
2026-08-04T15:31:43.022Z,22
2026-08-04T15:31:44Z,21
2026-08-04T15:31:44.809Z,21
2026-08-04T15:31:46Z,20
2026-08-04T15:31:46.605Z,20
2026-08-04T15:31:48Z,19
2026-08-04T15:31:48.41Z,19
2026-08-04T15:31:50Z,18
2026-08-04T15:31:50.443Z,18
2026-08-04T15:31:51Z,17
2026-08-04T15:31:52.021Z,17
2026-08-04T15:31:53Z,16
2026-08-04T15:31:53.811Z,16
2026-08-04T15:31:55Z,15
2026-08-04T15:31:56.184Z,15
2026-08-04T15:31:57Z,14
2026-08-04T15:31:57.435Z,14
2026-08-04T15:31:59Z,13
2026-08-04T15:32:00Z,12
2026-08-04T15:32:02Z,11
2026-08-04T15:32:04Z,10
2026-08-04T15:32:06Z,9
2026-08-04T15:32:08Z,8
2026-08-04T15:32:09Z,7
2026-08-04T15:32:11Z,6
2026-08-04T15:32:13Z,5
2026-08-04T15:32:15Z,4
2026-08-04T15:32:17Z,3
2026-08-04T15:32:18Z,2
2026-08-04T15:32:20Z,1
2026-08-04T15:32:22Z,0
2026-08-04T15:32:24.371Z,13
2026-08-04T15:32:25.515Z,12
2026-08-04T15:32:25.75Z,11
2026-08-04T15:32:26.024Z,10
2026-08-04T15:32:27.671Z,9
2026-08-04T15:32:28.092Z,8
2026-08-04T15:32:30.45Z,7
2026-08-04T15:32:31.208Z,6
2026-08-04T15:32:31.862Z,5
2026-08-04T15:32:32.202Z,4
2026-08-04T15:32:32.42Z,3
2026-08-04T15:32:32.715Z,2
2026-08-04T15:32:33.69Z,1
2026-08-04T15:32:34.437Z,0
2026-08-04T15:32:34.485Z,0
2026-08-04T16:00:01Z,0
2026-08-04T16:00:02Z,1
2026-08-04T16:00:04Z,2
2026-08-04T16:00:06Z,3
2026-08-04T16:00:08Z,4
2026-08-04T16:00:09.475Z,0
2026-08-04T16:00:09.53Z,0
2026-08-04T16:00:10Z,5
2026-08-04T16:00:11Z,6
2026-08-04T16:00:12.546Z,1
2026-08-04T16:00:13Z,7
2026-08-04T16:00:13.019Z,2
2026-08-04T16:00:13.449Z,3
2026-08-04T16:00:13.574Z,4
2026-08-04T16:00:13.982Z,5
2026-08-04T16:00:14.393Z,6
2026-08-04T16:00:14.493Z,7
2026-08-04T16:00:15Z,8
2026-08-04T16:00:15.701Z,8
2026-08-04T16:00:17Z,9
2026-08-04T16:00:17.515Z,9
2026-08-04T16:00:19Z,10
2026-08-04T16:00:20Z,11
2026-08-04T16:00:20.058Z,10
2026-08-04T16:00:21.032Z,11
2026-08-04T16:00:22Z,12
2026-08-04T16:00:22.831Z,12
2026-08-04T16:00:24Z,13
2026-08-04T16:00:24.637Z,13
2026-08-04T16:00:26Z,14
2026-08-04T16:00:26.433Z,14
2026-08-04T16:00:28Z,15
2026-08-04T16:00:28.306Z,15
2026-08-04T16:00:29Z,16
2026-08-04T16:00:30.036Z,16
2026-08-04T16:00:31Z,17
2026-08-04T16:00:31.835Z,17
2026-08-04T16:00:33Z,18
2026-08-04T16:00:35Z,19
2026-08-04T16:00:35.049Z,18
2026-08-04T16:00:35.447Z,19
2026-08-04T16:00:37Z,20
2026-08-04T16:00:37.666Z,20
2026-08-04T16:00:39Z,21
2026-08-04T16:00:39.173Z,21
2026-08-04T16:00:40Z,22
2026-08-04T16:00:40.983Z,22
2026-08-04T16:00:42Z,23
2026-08-04T16:00:44Z,24
2026-08-04T16:00:44.712Z,23
2026-08-04T16:00:45.596Z,24
2026-08-04T16:00:46Z,25
2026-08-04T16:00:46.404Z,25
2026-08-04T16:00:48Z,26
2026-08-04T16:00:49Z,27
2026-08-04T16:00:50.34Z,26
2026-08-04T16:00:50.957Z,27
2026-08-04T16:00:51Z,28
2026-08-04T16:00:51.817Z,28
2026-08-04T16:00:53Z,29
2026-08-04T16:00:53.663Z,29
2026-08-04T16:00:55Z,30
2026-08-04T16:00:55.406Z,30
2026-08-04T16:00:57Z,31
2026-08-04T16:00:57.202Z,31
2026-08-04T16:00:58Z,32
2026-08-04T16:00:59.01Z,32
2026-08-04T16:01:00Z,33
2026-08-04T16:01:02Z,34
2026-08-04T16:01:02.554Z,33
2026-08-04T16:01:02.736Z,34
2026-08-04T16:01:04Z,35
2026-08-04T16:01:05.346Z,35
2026-08-04T16:01:06Z,36
2026-08-04T16:01:06.216Z,36
2026-08-04T16:01:07Z,37
2026-08-04T16:01:08.014Z,37
2026-08-04T16:01:09Z,38
2026-08-04T16:01:09.823Z,38
2026-08-04T16:01:11Z,39
2026-08-04T16:01:11.612Z,39
2026-08-04T16:01:13Z,40
2026-08-04T16:01:13.411Z,40
2026-08-04T16:01:15Z,41
2026-08-04T16:01:15.357Z,41
2026-08-04T16:01:16Z,42
2026-08-04T16:01:17.037Z,42
2026-08-04T16:01:18Z,43
2026-08-04T16:01:18.825Z,43
2026-08-04T16:01:20Z,44
2026-08-04T16:01:20.752Z,44
2026-08-04T16:01:22Z,45
2026-08-04T16:01:24Z,46
2026-08-04T16:01:24.909Z,45
2026-08-04T16:01:25Z,47
2026-08-04T16:01:26.879Z,46
2026-08-04T16:01:27Z,48
2026-08-04T16:01:27.15Z,47
2026-08-04T16:01:27.824Z,48
2026-08-04T16:01:29Z,49
2026-08-04T16:01:29.706Z,49
2026-08-04T16:01:31Z,50
2026-08-04T16:01:31.432Z,50
2026-08-04T16:01:33Z,51
2026-08-04T16:01:33.231Z,51
2026-08-04T16:01:34Z,52
2026-08-04T16:01:35.035Z,52
2026-08-04T16:01:36Z,53
2026-08-04T16:01:36.985Z,53
2026-08-04T16:01:38Z,54
2026-08-04T16:01:38.801Z,54
2026-08-04T16:01:40Z,55
2026-08-04T16:01:40.436Z,55
2026-08-04T16:01:42Z,56
2026-08-04T16:01:42.236Z,56
2026-08-04T16:01:43Z,57
2026-08-04T16:01:45Z,58
2026-08-04T16:01:45.411Z,57
2026-08-04T16:01:45.854Z,58
2026-08-04T16:01:47Z,59
2026-08-04T16:01:47.636Z,59
2026-08-04T16:01:49Z,60
2026-08-04T16:01:50.307Z,60
2026-08-04T16:01:51Z,61
2026-08-04T16:01:51.248Z,61
2026-08-04T16:01:52Z,62
2026-08-04T16:01:53.048Z,62
2026-08-04T16:01:54Z,63
2026-08-04T16:01:54.983Z,63
2026-08-04T16:01:56Z,64
2026-08-04T16:01:56.643Z,64
2026-08-04T16:01:58Z,65
2026-08-04T16:01:58.467Z,65
2026-08-04T16:02:00Z,66
2026-08-04T16:02:00.249Z,66
2026-08-04T16:02:01Z,67
2026-08-04T16:02:02.733Z,67
2026-08-04T16:02:03Z,68
2026-08-04T16:02:05Z,69
2026-08-04T16:02:05.405Z,68
2026-08-04T16:02:05.699Z,69
2026-08-04T16:02:07Z,70
2026-08-04T16:02:07.534Z,70
2026-08-04T16:02:09Z,71
2026-08-04T16:02:11Z,72
2026-08-04T16:02:12Z,73
2026-08-04T16:02:14Z,74
2026-08-04T16:02:16Z,75
2026-08-04T16:02:17.803Z,71
2026-08-04T16:02:18Z,76
2026-08-04T16:02:18.073Z,72
2026-08-04T16:02:18.77Z,73
2026-08-04T16:02:19.167Z,74
2026-08-04T16:02:19.382Z,75
2026-08-04T16:02:19.717Z,76
2026-08-04T16:02:20Z,77
2026-08-04T16:02:21Z,78
2026-08-04T16:02:21.499Z,77
2026-08-04T16:02:21.915Z,78
2026-08-04T16:02:23Z,79
2026-08-04T16:02:23.664Z,79
2026-08-04T16:02:25Z,80
2026-08-04T16:02:25.463Z,80
2026-08-04T16:02:27Z,81
2026-08-04T16:02:27.269Z,81
2026-08-04T16:02:29Z,82
2026-08-04T16:02:29.065Z,82
2026-08-04T16:02:30Z,83
2026-08-04T16:02:31.886Z,83
2026-08-04T16:02:32Z,84
2026-08-04T16:02:32.818Z,84
2026-08-04T16:02:34Z,85
2026-08-04T16:02:35.638Z,85
2026-08-04T16:02:36Z,86
2026-08-04T16:02:36.422Z,86
2026-08-04T16:02:38Z,87
2026-08-04T16:02:38.22Z,87
2026-08-04T16:02:39Z,88
2026-08-04T16:02:40.029Z,88
2026-08-04T16:02:41Z,89
2026-08-04T16:02:41.824Z,89
2026-08-04T16:02:43Z,90
2026-08-04T16:02:43.632Z,90
2026-08-04T16:02:45Z,91
2026-08-04T16:02:45.424Z,91
2026-08-04T16:02:47Z,92
2026-08-04T16:02:47.222Z,92
2026-08-04T16:02:48Z,93
2026-08-04T16:02:50Z,94
2026-08-04T16:02:50.734Z,93
2026-08-04T16:02:50.844Z,94
2026-08-04T16:02:52Z,95
2026-08-04T16:02:52.677Z,95
2026-08-04T16:02:54Z,96
2026-08-04T16:02:54.426Z,96
2026-08-04T16:02:56Z,97
2026-08-04T16:02:56.232Z,97
2026-08-04T16:02:57Z,98
2026-08-04T16:02:58.528Z,98
2026-08-04T16:02:59Z,99
2026-08-04T16:02:59.854Z,99
2026-08-04T16:03:01Z,100
2026-08-04T16:03:02.603Z,100
2026-08-04T16:03:02.911Z,100
2026-08-04T19:00:00Z,100
2026-08-04T19:00:00.499Z,100
2026-08-04T19:00:01Z,100
2026-08-04T19:00:02Z,99
2026-08-04T19:00:04Z,98
2026-08-04T19:00:05Z,98
2026-08-04T19:00:06Z,98
2026-08-04T19:00:08Z,99
2026-08-04T19:00:10Z,100
2026-08-04T19:00:11.18Z,100
2026-08-04T19:00:11.224Z,100
2026-08-04T19:00:11.351Z,99
2026-08-04T19:00:12.084Z,98
2026-08-04T19:00:12.253Z,98
2026-08-04T19:00:12.307Z,98
2026-08-04T19:00:12.82Z,98
2026-08-04T19:00:14.567Z,99
2026-08-04T19:00:15.097Z,100
2026-08-04T19:00:15.153Z,100
2026-08-04T20:00:00Z,100
2026-08-04T20:00:01Z,100
2026-08-04T20:00:02.669Z,100
2026-08-04T20:00:03Z,99
2026-08-04T20:00:04Z,98
2026-08-04T20:00:06Z,97
2026-08-04T20:00:08Z,96
2026-08-04T20:00:10Z,95
2026-08-04T20:00:12Z,94
2026-08-04T20:00:13Z,93
2026-08-04T20:00:14.152Z,100
2026-08-04T20:00:14.204Z,100
2026-08-04T20:00:15Z,92
2026-08-04T20:00:16.2Z,99
2026-08-04T20:00:16.302Z,98
2026-08-04T20:00:16.396Z,97
2026-08-04T20:00:17Z,91
2026-08-04T20:00:17.464Z,96
2026-08-04T20:00:17.974Z,95
2026-08-04T20:00:18.062Z,94
2026-08-04T20:00:18.156Z,93
2026-08-04T20:00:18.516Z,92
2026-08-04T20:00:19Z,90
2026-08-04T20:00:20.812Z,91
2026-08-04T20:00:20.988Z,90
2026-08-04T20:00:21Z,89
2026-08-04T20:00:22.235Z,89
2026-08-04T20:00:23Z,88
2026-08-04T20:00:23.139Z,88
2026-08-04T20:00:24Z,87
2026-08-04T20:00:24.851Z,87
2026-08-04T20:00:26Z,86
2026-08-04T20:00:26.747Z,86
2026-08-04T20:00:28Z,85
2026-08-04T20:00:28.451Z,85
2026-08-04T20:00:30Z,84
2026-08-04T20:00:30.39Z,84
2026-08-04T20:00:32Z,83
2026-08-04T20:00:32.053Z,83
2026-08-04T20:00:33Z,82
2026-08-04T20:00:33.857Z,82
2026-08-04T20:00:35Z,81
2026-08-04T20:00:35.653Z,81
2026-08-04T20:00:37Z,80
2026-08-04T20:00:39Z,79
2026-08-04T20:00:40.128Z,80
2026-08-04T20:00:40.812Z,79
2026-08-04T20:00:41Z,78
2026-08-04T20:00:41.058Z,78
2026-08-04T20:00:42Z,77
2026-08-04T20:00:42.858Z,77
2026-08-04T20:00:44Z,76
2026-08-04T20:00:44.662Z,76
2026-08-04T20:00:46Z,75
2026-08-04T20:00:46.461Z,75
2026-08-04T20:00:48Z,74
2026-08-04T20:00:48.265Z,74
2026-08-04T20:00:50Z,73
2026-08-04T20:00:50.064Z,73
2026-08-04T20:00:51Z,72
2026-08-04T20:00:51.893Z,72
2026-08-04T20:00:53Z,71
2026-08-04T20:00:53.94Z,71
2026-08-04T20:00:55Z,70
2026-08-04T20:00:55.466Z,70
2026-08-04T20:00:57Z,69
2026-08-04T20:00:59Z,68
2026-08-04T20:00:59.155Z,69
2026-08-04T20:00:59.342Z,68
2026-08-04T20:01:00Z,67
2026-08-04T20:01:02Z,66
2026-08-04T20:01:02.703Z,67
2026-08-04T20:01:02.91Z,66
2026-08-04T20:01:04Z,65
2026-08-04T20:01:04.468Z,65
2026-08-04T20:01:06Z,64
2026-08-04T20:01:06.271Z,64
2026-08-04T20:01:08Z,63
2026-08-04T20:01:08.071Z,63
2026-08-04T20:01:09Z,62
2026-08-04T20:01:09.876Z,62
2026-08-04T20:01:11Z,61
2026-08-04T20:01:11.674Z,61
2026-08-04T20:01:13Z,60
2026-08-04T20:01:14.996Z,60
2026-08-04T20:01:15Z,59
2026-08-04T20:01:15.461Z,59
2026-08-04T20:01:17Z,58
2026-08-04T20:01:17.074Z,58
2026-08-04T20:01:18Z,57
2026-08-04T20:01:18.881Z,57
2026-08-04T20:01:20Z,56
2026-08-04T20:01:20.677Z,56
2026-08-04T20:01:22Z,55
2026-08-04T20:01:22.563Z,55
2026-08-04T20:01:24Z,54
2026-08-04T20:01:24.284Z,54
2026-08-04T20:01:26Z,53
2026-08-04T20:01:26.08Z,53
2026-08-04T20:01:27Z,52
2026-08-04T20:01:28.086Z,52
2026-08-04T20:01:29Z,51
2026-08-04T20:01:29.704Z,51
2026-08-04T20:01:31Z,50
2026-08-04T20:01:31.486Z,50
2026-08-04T20:01:33Z,49
2026-08-04T20:01:34.143Z,49
2026-08-04T20:01:35Z,48
2026-08-04T20:01:35.085Z,48
2026-08-04T20:01:36Z,47
2026-08-04T20:01:36.886Z,47
2026-08-04T20:01:38Z,46
2026-08-04T20:01:38.683Z,46
2026-08-04T20:01:40Z,45
2026-08-04T20:01:41.034Z,45
2026-08-04T20:01:42Z,44
2026-08-04T20:01:42.289Z,44
2026-08-04T20:01:44Z,43
2026-08-04T20:01:44.087Z,43
2026-08-04T20:01:45Z,42
2026-08-04T20:01:46.001Z,42
2026-08-04T20:01:47Z,41
2026-08-04T20:01:49Z,40
2026-08-04T20:01:49.245Z,41
2026-08-04T20:01:49.587Z,40
2026-08-04T20:01:51Z,39
2026-08-04T20:01:51.293Z,39
2026-08-04T20:01:53Z,38
2026-08-04T20:01:53.094Z,38
2026-08-04T20:01:54Z,37
2026-08-04T20:01:54.894Z,37
2026-08-04T20:01:56Z,36
2026-08-04T20:01:56.693Z,36
2026-08-04T20:01:58Z,35
2026-08-04T20:01:58.494Z,35
2026-08-04T20:02:00Z,34
2026-08-04T20:02:02Z,33
2026-08-04T20:02:02.474Z,34
2026-08-04T20:02:03Z,32
2026-08-04T20:02:03.022Z,33
2026-08-04T20:02:05Z,31
2026-08-04T20:02:06.104Z,32
2026-08-04T20:02:06.316Z,31
2026-08-04T20:02:07Z,30
2026-08-04T20:02:07.501Z,30
2026-08-04T20:02:09Z,29
2026-08-04T20:02:09.3Z,29
2026-08-04T20:02:11Z,28
2026-08-04T20:02:11.1Z,28
2026-08-04T20:02:12Z,27
2026-08-04T20:02:12.898Z,27
2026-08-04T20:02:14Z,26
2026-08-04T20:02:15.415Z,26
2026-08-04T20:02:16Z,25
2026-08-04T20:02:16.501Z,25
2026-08-04T20:02:18Z,24
2026-08-04T20:02:20Z,23
2026-08-04T20:02:20.108Z,24
2026-08-04T20:02:20.409Z,23
2026-08-04T20:02:21Z,22
2026-08-04T20:02:21.903Z,22
2026-08-04T20:02:23Z,21
2026-08-04T20:02:23.706Z,21
2026-08-04T20:02:25Z,20
2026-08-04T20:02:25.536Z,20
2026-08-04T20:02:27Z,19
2026-08-04T20:02:27.351Z,19
2026-08-04T20:02:29Z,18
2026-08-04T20:02:29.106Z,18
2026-08-04T20:02:30Z,17
2026-08-04T20:02:32Z,16
2026-08-04T20:02:32.313Z,17
2026-08-04T20:02:32.716Z,16
2026-08-04T20:02:34Z,15
2026-08-04T20:02:34.522Z,15
2026-08-04T20:02:36Z,14
2026-08-04T20:02:36.402Z,14
2026-08-04T20:02:38Z,13
2026-08-04T20:02:39Z,12
2026-08-04T20:02:40.215Z,13
2026-08-04T20:02:40.318Z,12
2026-08-04T20:02:41Z,11
2026-08-04T20:02:41.732Z,11
2026-08-04T20:02:43Z,10
2026-08-04T20:02:43.52Z,10
2026-08-04T20:02:45Z,9
2026-08-04T20:02:45.335Z,9
2026-08-04T20:02:47Z,8
2026-08-04T20:02:47.601Z,8
2026-08-04T20:02:48Z,7
2026-08-04T20:02:49.024Z,7
2026-08-04T20:02:50Z,6
2026-08-04T20:02:50.815Z,6
2026-08-04T20:02:52Z,5
2026-08-04T20:02:54Z,4
2026-08-04T20:02:54.554Z,5
2026-08-04T20:02:55.233Z,4
2026-08-04T20:02:56Z,3
2026-08-04T20:02:56.223Z,3
2026-08-04T20:02:57Z,2
2026-08-04T20:02:58.016Z,2
2026-08-04T20:02:59Z,1
2026-08-04T20:02:59.82Z,1
2026-08-04T20:03:01Z,0
2026-08-04T20:03:02.571Z,0
2026-08-04T20:03:02.642Z,0
2026-08-05T10:42:03Z,0
2026-08-05T10:42:05Z,1
2026-08-05T10:42:06Z,2
2026-08-05T10:42:08Z,3
2026-08-05T10:42:08.797Z,0
2026-08-05T10:42:08.848Z,0
2026-08-05T10:42:09.35Z,1
2026-08-05T10:42:09.748Z,2
2026-08-05T10:42:09.98Z,3
2026-08-05T10:42:10Z,4
2026-08-05T10:42:10.588Z,4
2026-08-05T10:42:12Z,5
2026-08-05T10:42:13.206Z,5
2026-08-05T10:42:14Z,6
2026-08-05T10:42:14.479Z,6
2026-08-05T10:42:15Z,7
2026-08-05T10:42:15.981Z,7
2026-08-05T10:42:17Z,8
2026-08-05T10:42:17.782Z,8
2026-08-05T10:42:19Z,9
2026-08-05T10:42:19.604Z,9
2026-08-05T10:42:21Z,10
2026-08-05T10:42:21.55Z,10
2026-08-05T10:42:23Z,11
2026-08-05T10:42:23.194Z,11
2026-08-05T10:42:24Z,12
2026-08-05T10:42:26Z,13
2026-08-05T10:42:26.184Z,12
2026-08-05T10:42:28Z,14
2026-08-05T10:42:29.295Z,13
2026-08-05T10:42:29.636Z,14
2026-08-05T10:42:30Z,15
2026-08-05T10:42:30.674Z,15
2026-08-05T10:42:32Z,16
2026-08-05T10:42:32.189Z,16
2026-08-05T10:42:33Z,17
2026-08-05T10:42:33.991Z,17
2026-08-05T10:42:35Z,18
2026-08-05T10:42:35.872Z,18
2026-08-05T10:42:37Z,19
2026-08-05T10:42:37.619Z,19
2026-08-05T10:42:39Z,20
2026-08-05T10:42:39.412Z,20
2026-08-05T10:42:41Z,21
2026-08-05T10:42:42Z,22
2026-08-05T10:42:43.416Z,21
2026-08-05T10:42:44Z,23
2026-08-05T10:42:44.105Z,22
2026-08-05T10:42:44.801Z,23
2026-08-05T10:42:46Z,24
2026-08-05T10:42:46.595Z,24
2026-08-05T10:42:48Z,25
2026-08-05T10:42:48.409Z,25
2026-08-05T10:42:50Z,26
2026-08-05T10:42:50.415Z,26
2026-08-05T10:42:51Z,27
2026-08-05T10:42:52.013Z,27
2026-08-05T10:42:53Z,28
2026-08-05T10:42:53.805Z,28
2026-08-05T10:42:55Z,29
2026-08-05T10:42:55.614Z,29
2026-08-05T10:42:57Z,30
2026-08-05T10:42:59Z,31
2026-08-05T10:43:01Z,32
2026-08-05T10:43:02Z,33
2026-08-05T10:43:04Z,34
2026-08-05T10:43:06Z,35
2026-08-05T10:43:06.951Z,30
2026-08-05T10:43:07.885Z,31
2026-08-05T10:43:08Z,36
2026-08-05T10:43:10Z,37
2026-08-05T10:43:10.124Z,32
2026-08-05T10:43:10.367Z,33
2026-08-05T10:43:10.961Z,34
2026-08-05T10:43:11Z,38
2026-08-05T10:43:11.359Z,35
2026-08-05T10:43:11.693Z,36
2026-08-05T10:43:12.095Z,37
2026-08-05T10:43:12.754Z,38
2026-08-05T10:43:13Z,39
2026-08-05T10:43:13.646Z,39
2026-08-05T10:43:15Z,40
2026-08-05T10:43:16.234Z,40
2026-08-05T10:43:17Z,41
2026-08-05T10:43:19Z,42
2026-08-05T10:43:19.539Z,41
2026-08-05T10:43:19.953Z,42
2026-08-05T10:43:20Z,43
2026-08-05T10:43:20.857Z,43
2026-08-05T10:43:22Z,44
2026-08-05T10:43:22.658Z,44
2026-08-05T10:43:24Z,45
2026-08-05T10:43:24.459Z,45
2026-08-05T10:43:26Z,46
2026-08-05T10:43:26.943Z,46
2026-08-05T10:43:28Z,47
2026-08-05T10:43:28.237Z,47
2026-08-05T10:43:29Z,48
2026-08-05T10:43:29.937Z,48
2026-08-05T10:43:31Z,49
2026-08-05T10:43:33Z,50
2026-08-05T10:43:33.494Z,49
2026-08-05T10:43:33.961Z,50
2026-08-05T10:43:35Z,51
2026-08-05T10:43:35.262Z,51
2026-08-05T10:43:37Z,52
2026-08-05T10:43:37.062Z,52
2026-08-05T10:43:38Z,53
2026-08-05T10:43:38.874Z,53
2026-08-05T10:43:40Z,54
2026-08-05T10:43:40.662Z,54
2026-08-05T10:43:42Z,55
2026-08-05T10:43:43.132Z,55
2026-08-05T10:43:44Z,56
2026-08-05T10:43:44.317Z,56
2026-08-05T10:43:46Z,57
2026-08-05T10:43:46.526Z,57
2026-08-05T10:43:47Z,58
2026-08-05T10:43:48.794Z,58
2026-08-05T10:43:49Z,59
2026-08-05T10:43:49.733Z,59
2026-08-05T10:43:51Z,60
2026-08-05T10:43:51.526Z,60
2026-08-05T10:43:53Z,61
2026-08-05T10:43:53.325Z,61
2026-08-05T10:43:55Z,62
2026-08-05T10:43:55.122Z,62
2026-08-05T10:43:56Z,63
2026-08-05T10:43:56.926Z,63
2026-08-05T10:43:58Z,64
2026-08-05T10:43:58.98Z,64
2026-08-05T10:44:00Z,65
2026-08-05T10:44:02Z,66
2026-08-05T10:44:02.602Z,65
2026-08-05T10:44:04Z,67
2026-08-05T10:44:05Z,68
2026-08-05T10:44:05.469Z,66
2026-08-05T10:44:05.919Z,67
2026-08-05T10:44:06.703Z,68
2026-08-05T10:44:07Z,69
2026-08-05T10:44:07.847Z,69
2026-08-05T10:44:09Z,70
2026-08-05T10:44:09.649Z,70
2026-08-05T10:44:11Z,71
2026-08-05T10:44:11.453Z,71
2026-08-05T10:44:13Z,72
2026-08-05T10:44:13.251Z,72
2026-08-05T10:44:14Z,73
2026-08-05T10:44:15.343Z,73
2026-08-05T10:44:16Z,74
2026-08-05T10:44:16.852Z,74
2026-08-05T10:44:18Z,75
2026-08-05T10:44:18.665Z,75
2026-08-05T10:44:20Z,76
2026-08-05T10:44:21.202Z,76
2026-08-05T10:44:22Z,77
2026-08-05T10:44:24Z,78
2026-08-05T10:44:24.148Z,77
2026-08-05T10:44:24.62Z,78
2026-08-05T10:44:26Z,79
2026-08-05T10:44:26.332Z,79
2026-08-05T10:44:27Z,80
2026-08-05T10:44:27.909Z,80
2026-08-05T10:44:29Z,81
2026-08-05T10:44:29.697Z,81
2026-08-05T10:44:31Z,82
2026-08-05T10:44:31.665Z,82
2026-08-05T10:44:33Z,83
2026-08-05T10:44:33.306Z,83
2026-08-05T10:44:35Z,84
2026-08-05T10:44:35.103Z,84
2026-08-05T10:44:36Z,85
2026-08-05T10:44:38Z,86
2026-08-05T10:44:38.745Z,85
2026-08-05T10:44:39.154Z,86
2026-08-05T10:44:40Z,87
2026-08-05T10:44:40.503Z,87
2026-08-05T10:44:42Z,88
2026-08-05T10:44:44Z,89
2026-08-05T10:44:44.646Z,88
2026-08-05T10:44:45Z,90
2026-08-05T10:44:46.107Z,89
2026-08-05T10:44:46.344Z,90
2026-08-05T10:44:47Z,91
2026-08-05T10:44:47.727Z,91
2026-08-05T10:44:49Z,92
2026-08-05T10:44:50.364Z,92
2026-08-05T10:44:51Z,93
2026-08-05T10:44:51.542Z,93
2026-08-05T10:44:53Z,94
2026-08-05T10:44:53.222Z,94
2026-08-05T10:44:54Z,95
2026-08-05T10:44:54.929Z,95
2026-08-05T10:44:56Z,96
2026-08-05T10:44:58Z,97
2026-08-05T10:44:58.907Z,96
2026-08-05T10:44:59.339Z,97
2026-08-05T10:45:00Z,98
2026-08-05T10:45:02Z,99
2026-08-05T10:45:03Z,100
2026-08-05T10:45:04.756Z,98
2026-08-05T10:45:11.889Z,99
2026-08-05T10:45:12.416Z,100
2026-08-05T10:45:12.472Z,100
2026-08-05T10:50:23Z,100
2026-08-05T10:50:24Z,100
2026-08-05T10:50:24.569Z,100
2026-08-05T10:50:26Z,99
2026-08-05T10:50:27.649Z,100
2026-08-05T10:50:27.699Z,100
2026-08-05T10:50:28Z,98
2026-08-05T10:50:28.139Z,99
2026-08-05T10:50:28.57Z,98
2026-08-05T10:50:29Z,97
2026-08-05T10:50:31Z,96
2026-08-05T10:50:31.049Z,97
2026-08-05T10:50:31.995Z,96
2026-08-05T10:50:33Z,95
2026-08-05T10:50:33.453Z,95
2026-08-05T10:50:35Z,94
2026-08-05T10:50:36.39Z,94
2026-08-05T10:50:37Z,93
2026-08-05T10:50:37.074Z,93
2026-08-05T10:50:38Z,92
2026-08-05T10:50:38.891Z,92
2026-08-05T10:50:40Z,91
2026-08-05T10:50:40.655Z,91
2026-08-05T10:50:42Z,90
2026-08-05T10:50:42.537Z,90
2026-08-05T10:50:44Z,89
2026-08-05T10:50:45.989Z,89
2026-08-05T10:50:46Z,88
2026-08-05T10:50:46.842Z,88
2026-08-05T10:50:47Z,87
2026-08-05T10:50:47.86Z,87
2026-08-05T10:50:49Z,86
2026-08-05T10:50:49.657Z,86
2026-08-05T10:50:51Z,85
2026-08-05T10:50:51.959Z,85
2026-08-05T10:50:53Z,84
2026-08-05T10:50:53.258Z,84
2026-08-05T10:50:55Z,83
2026-08-05T10:50:55.053Z,83
2026-08-05T10:50:56Z,82
2026-08-05T10:50:56.864Z,82
2026-08-05T10:50:58Z,81
2026-08-05T10:51:00Z,80
2026-08-05T10:51:01.072Z,81
2026-08-05T10:51:02Z,79
2026-08-05T10:51:02.849Z,80
2026-08-05T10:51:04Z,78
2026-08-05T10:51:04.331Z,79
2026-08-05T10:51:04.588Z,78
2026-08-05T10:51:05Z,77
2026-08-05T10:51:05.902Z,77
2026-08-05T10:51:07Z,76
2026-08-05T10:51:07.708Z,76
2026-08-05T10:51:09Z,75
2026-08-05T10:51:09.505Z,75
2026-08-05T10:51:11Z,74
2026-08-05T10:51:11.984Z,74
2026-08-05T10:51:13Z,73
2026-08-05T10:51:13.169Z,73
2026-08-05T10:51:14Z,72
2026-08-05T10:51:16Z,71
2026-08-05T10:51:16.107Z,72
2026-08-05T10:51:17.059Z,71
2026-08-05T10:51:18Z,70
2026-08-05T10:51:18.558Z,70
2026-08-05T10:51:20Z,69
2026-08-05T10:51:20.33Z,69
2026-08-05T10:51:22Z,68
2026-08-05T10:51:22.142Z,68
2026-08-05T10:51:23Z,67
2026-08-05T10:51:23.937Z,67
2026-08-05T10:51:25Z,66
2026-08-05T10:51:25.743Z,66
2026-08-05T10:51:27Z,65
2026-08-05T10:51:27.536Z,65
2026-08-05T10:51:29Z,64
2026-08-05T10:51:30.951Z,64
2026-08-05T10:51:31Z,63
2026-08-05T10:51:31.324Z,63
2026-08-05T10:51:32Z,62
2026-08-05T10:51:33.196Z,62
2026-08-05T10:51:34Z,61
2026-08-05T10:51:34.824Z,61
2026-08-05T10:51:36Z,60
2026-08-05T10:51:36.627Z,60
2026-08-05T10:51:38Z,59
2026-08-05T10:51:39.225Z,59
2026-08-05T10:51:40Z,58
2026-08-05T10:51:41Z,57
2026-08-05T10:51:41.421Z,58
2026-08-05T10:51:42.173Z,57
2026-08-05T10:51:43Z,56
2026-08-05T10:51:43.837Z,56
2026-08-05T10:51:45Z,55
2026-08-05T10:51:46.415Z,55
2026-08-05T10:51:47Z,54
2026-08-05T10:51:47.549Z,54
2026-08-05T10:51:49Z,53
2026-08-05T10:51:49.28Z,53
2026-08-05T10:51:50Z,52
2026-08-05T10:51:51.029Z,52
2026-08-05T10:51:52Z,51
2026-08-05T10:51:52.841Z,51
2026-08-05T10:51:54Z,50
2026-08-05T10:51:55.882Z,50
2026-08-05T10:51:56Z,49
2026-08-05T10:51:56.56Z,49
2026-08-05T10:51:58Z,48
2026-08-05T10:51:58.235Z,48
2026-08-05T10:51:59Z,47
2026-08-05T10:52:01Z,46
2026-08-05T10:52:01.291Z,47
2026-08-05T10:52:02.547Z,46
2026-08-05T10:52:03Z,45
2026-08-05T10:52:03.645Z,45
2026-08-05T10:52:05Z,44
2026-08-05T10:52:07Z,43
2026-08-05T10:52:07.072Z,44
2026-08-05T10:52:07.495Z,43
2026-08-05T10:52:09Z,42
2026-08-05T10:52:09.235Z,42
2026-08-05T10:52:10Z,41
2026-08-05T10:52:11.063Z,41
2026-08-05T10:52:12Z,40
2026-08-05T10:52:12.839Z,40
2026-08-05T10:52:14Z,39
2026-08-05T10:52:14.638Z,39
2026-08-05T10:52:16Z,38
2026-08-05T10:52:17.44Z,38
2026-08-05T10:52:18Z,37
2026-08-05T10:52:18.245Z,37
2026-08-05T10:52:19Z,36
2026-08-05T10:52:21Z,35
2026-08-05T10:52:21.362Z,36
2026-08-05T10:52:21.86Z,35
2026-08-05T10:52:23Z,34
2026-08-05T10:52:23.637Z,34
2026-08-05T10:52:25Z,33
2026-08-05T10:52:25.484Z,33
2026-08-05T10:52:27Z,32
2026-08-05T10:52:27.9Z,32
2026-08-05T10:52:28Z,31
2026-08-05T10:52:29.046Z,31
2026-08-05T10:52:30Z,30
2026-08-05T10:52:30.883Z,30
2026-08-05T10:52:32Z,29
2026-08-05T10:52:32.659Z,29
2026-08-05T10:52:34Z,28
2026-08-05T10:52:36Z,27
2026-08-05T10:52:36.413Z,28
2026-08-05T10:52:36.782Z,27
2026-08-05T10:52:37Z,26
2026-08-05T10:52:38.757Z,26
2026-08-05T10:52:39Z,25
2026-08-05T10:52:40.847Z,25
2026-08-05T10:52:41Z,24
2026-08-05T10:52:42.028Z,24
2026-08-05T10:52:43Z,23
2026-08-05T10:52:43.442Z,23
2026-08-05T10:52:45Z,22
2026-08-05T10:52:45.259Z,22
2026-08-05T10:52:46Z,21
2026-08-05T10:52:47.065Z,21
2026-08-05T10:52:48Z,20
2026-08-05T10:52:48.853Z,20
2026-08-05T10:52:50Z,19
2026-08-05T10:52:51.613Z,19
2026-08-05T10:52:52Z,18
2026-08-05T10:52:52.463Z,18
2026-08-05T10:52:54Z,17
2026-08-05T10:52:54.256Z,17
2026-08-05T10:52:55Z,16
2026-08-05T10:52:56.102Z,16
2026-08-05T10:52:57Z,15
2026-08-05T10:52:57.858Z,15
2026-08-05T10:52:59Z,14
2026-08-05T10:53:01Z,13
2026-08-05T10:53:03Z,12
2026-08-05T10:53:04Z,11
2026-08-05T10:53:06Z,10
2026-08-05T10:53:08Z,9
2026-08-05T10:53:10Z,8
2026-08-05T10:53:12Z,7
2026-08-05T10:53:14Z,6
2026-08-05T10:53:15Z,5
2026-08-05T10:53:17Z,4
2026-08-05T10:53:19Z,3
2026-08-05T10:53:21Z,2
2026-08-05T10:53:23Z,1
2026-08-05T10:53:24Z,0
2026-08-05T10:53:25.841Z,14
2026-08-05T10:53:26.529Z,13
2026-08-05T10:53:26.973Z,12
2026-08-05T10:53:28.969Z,11
2026-08-05T10:53:29.657Z,10
2026-08-05T10:53:30.014Z,9
2026-08-05T10:53:30.387Z,8
2026-08-05T10:53:31.234Z,7
2026-08-05T10:53:31.617Z,6
2026-08-05T10:53:31.863Z,5
2026-08-05T10:53:32.712Z,4
2026-08-05T10:53:34.798Z,3
2026-08-05T10:53:35.168Z,2
2026-08-05T10:53:35.421Z,1
2026-08-05T10:53:35.754Z,0
2026-08-05T10:53:35.801Z,0
2026-08-05T11:35:29Z,0
2026-08-05T11:35:31Z,1
2026-08-05T11:35:32.381Z,0
2026-08-05T11:35:32.457Z,0
2026-08-05T11:35:33Z,2
2026-08-05T11:35:33.436Z,1
2026-08-05T11:35:34.007Z,2
2026-08-05T11:35:35Z,3
2026-08-05T11:35:35.227Z,3
2026-08-05T11:35:36Z,4
2026-08-05T11:35:37.021Z,4
2026-08-05T11:35:38Z,5
2026-08-05T11:35:38.828Z,5
2026-08-05T11:35:40Z,6
2026-08-05T11:35:40.943Z,6
2026-08-05T11:35:42Z,7
2026-08-05T11:35:42.416Z,7
2026-08-05T11:35:44Z,8
2026-08-05T11:35:45Z,9
2026-08-05T11:35:46.224Z,8
2026-08-05T11:35:47Z,10
2026-08-05T11:35:47.083Z,9
2026-08-05T11:35:47.823Z,10
2026-08-05T11:35:49Z,11
2026-08-05T11:35:49.622Z,11
2026-08-05T11:35:51Z,12
2026-08-05T11:35:51.421Z,12
2026-08-05T11:35:53Z,13
2026-08-05T11:35:53.302Z,13
2026-08-05T11:35:54Z,14
2026-08-05T11:35:55.233Z,14
2026-08-05T11:35:56Z,15
2026-08-05T11:35:57.92Z,15
2026-08-05T11:35:58Z,16
2026-08-05T11:35:58.625Z,16
2026-08-05T11:36:00Z,17
2026-08-05T11:36:02Z,18
2026-08-05T11:36:02.651Z,17
2026-08-05T11:36:03Z,19
2026-08-05T11:36:03.35Z,18
2026-08-05T11:36:04.037Z,19
2026-08-05T11:36:05Z,20
2026-08-05T11:36:05.836Z,20
2026-08-05T11:36:07Z,21
2026-08-05T11:36:07.632Z,21
2026-08-05T11:36:09Z,22
2026-08-05T11:36:09.931Z,22
2026-08-05T11:36:11Z,23
2026-08-05T11:36:11.295Z,23
2026-08-05T11:36:12Z,24
2026-08-05T11:36:13.044Z,24
2026-08-05T11:36:14Z,25
2026-08-05T11:36:16Z,26
2026-08-05T11:36:16.251Z,25
2026-08-05T11:36:16.747Z,26
2026-08-05T11:36:18Z,27
2026-08-05T11:36:18.45Z,27
2026-08-05T11:36:20Z,28
2026-08-05T11:36:20.241Z,28
2026-08-05T11:36:22Z,29
2026-08-05T11:36:22.239Z,29
2026-08-05T11:36:23Z,30
2026-08-05T11:36:24.007Z,30
2026-08-05T11:36:25Z,31
2026-08-05T11:36:25.64Z,31
2026-08-05T11:36:27Z,32
2026-08-05T11:36:27.709Z,32
2026-08-05T11:36:29Z,33
2026-08-05T11:36:31Z,34
2026-08-05T11:36:31.548Z,33
2026-08-05T11:36:32Z,35
2026-08-05T11:36:32.496Z,34
2026-08-05T11:36:32.9Z,35
2026-08-05T11:36:34Z,36
2026-08-05T11:36:34.689Z,36
2026-08-05T11:36:36Z,37
2026-08-05T11:36:36.489Z,37
2026-08-05T11:36:38Z,38
2026-08-05T11:36:38.321Z,38
2026-08-05T11:36:40Z,39
2026-08-05T11:36:40.088Z,39
2026-08-05T11:36:41Z,40
2026-08-05T11:36:41.89Z,40
2026-08-05T11:36:43Z,41
2026-08-05T11:36:43.904Z,41
2026-08-05T11:36:45Z,42
2026-08-05T11:36:47Z,43
2026-08-05T11:36:47.499Z,42
2026-08-05T11:36:47.867Z,43
2026-08-05T11:36:49Z,44
2026-08-05T11:36:49.097Z,44
2026-08-05T11:36:50Z,45
2026-08-05T11:36:50.897Z,45
2026-08-05T11:36:52Z,46
2026-08-05T11:36:52.698Z,46
2026-08-05T11:36:54Z,47
2026-08-05T11:36:54.823Z,47
2026-08-05T11:36:56Z,48
2026-08-05T11:36:56.328Z,48
2026-08-05T11:36:58Z,49
2026-08-05T11:36:58.118Z,49
2026-08-05T11:36:59Z,50
2026-08-05T11:37:01Z,51
2026-08-05T11:37:02.253Z,50
2026-08-05T11:37:03Z,52
2026-08-05T11:37:04.59Z,51
2026-08-05T11:37:04.994Z,52
2026-08-05T11:37:05Z,53
2026-08-05T11:37:05.418Z,53
2026-08-05T11:37:07Z,54
2026-08-05T11:37:07.121Z,54
2026-08-05T11:37:08Z,55
2026-08-05T11:37:08.94Z,55
2026-08-05T11:37:10Z,56
2026-08-05T11:37:10.724Z,56
2026-08-05T11:37:12Z,57
2026-08-05T11:37:12.529Z,57
2026-08-05T11:37:14Z,58
2026-08-05T11:37:16Z,59
2026-08-05T11:37:16.564Z,58
2026-08-05T11:37:17Z,60
2026-08-05T11:37:17.622Z,59
2026-08-05T11:37:17.985Z,60
2026-08-05T11:37:19Z,61
2026-08-05T11:37:19.788Z,61
2026-08-05T11:37:21Z,62
2026-08-05T11:37:22.645Z,62
2026-08-05T11:37:23Z,63
2026-08-05T11:37:23.433Z,63
2026-08-05T11:37:25Z,64
2026-08-05T11:37:25.186Z,64
2026-08-05T11:37:26Z,65
2026-08-05T11:37:26.987Z,65
2026-08-05T11:37:28Z,66
2026-08-05T11:37:28.788Z,66
2026-08-05T11:37:30Z,67
2026-08-05T11:37:30.589Z,67
2026-08-05T11:37:32Z,68
2026-08-05T11:37:33.59Z,68
2026-08-05T11:37:34Z,69
2026-08-05T11:37:34.361Z,69
2026-08-05T11:37:36Z,70
2026-08-05T11:37:36.682Z,70
2026-08-05T11:37:37Z,71
2026-08-05T11:37:39Z,72
2026-08-05T11:37:39.417Z,71
2026-08-05T11:37:40.73Z,72
2026-08-05T11:37:41Z,73
2026-08-05T11:37:41.562Z,73
2026-08-05T11:37:43Z,74
2026-08-05T11:37:43.827Z,74
2026-08-05T11:37:45Z,75
2026-08-05T11:37:45.181Z,75
2026-08-05T11:37:46Z,76
2026-08-05T11:37:46.966Z,76
2026-08-05T11:37:48Z,77
2026-08-05T11:37:48.768Z,77
2026-08-05T11:37:50Z,78
2026-08-05T11:37:50.574Z,78
2026-08-05T11:37:52Z,79
2026-08-05T11:37:52.368Z,79
2026-08-05T11:37:54Z,80
2026-08-05T11:37:54.172Z,80
2026-08-05T11:37:55Z,81
2026-08-05T11:37:56.755Z,81
2026-08-05T11:37:57Z,82
2026-08-05T11:37:57.771Z,82
2026-08-05T11:37:59Z,83
2026-08-05T11:38:00.746Z,83
2026-08-05T11:38:01Z,84
2026-08-05T11:38:02.803Z,84
2026-08-05T11:38:03Z,85
2026-08-05T11:38:03.183Z,85
2026-08-05T11:38:04Z,86
2026-08-05T11:38:04.987Z,86
2026-08-05T11:38:06Z,87
2026-08-05T11:38:06.79Z,87
2026-08-05T11:38:08Z,88
2026-08-05T11:38:08.582Z,88
2026-08-05T11:38:10Z,89
2026-08-05T11:38:12Z,90
2026-08-05T11:38:12.986Z,89
2026-08-05T11:38:13Z,91
2026-08-05T11:38:13.879Z,90
2026-08-05T11:38:14.292Z,91
2026-08-05T11:38:15Z,92
2026-08-05T11:38:15.791Z,92
2026-08-05T11:38:17Z,93
2026-08-05T11:38:17.595Z,93
2026-08-05T11:38:19Z,94
2026-08-05T11:38:19.393Z,94
2026-08-05T11:38:21Z,95
2026-08-05T11:38:21.193Z,95
2026-08-05T11:38:22Z,96
2026-08-05T11:38:23.573Z,96
2026-08-05T11:38:24Z,97
2026-08-05T11:38:24.796Z,97
2026-08-05T11:38:26Z,98
2026-08-05T11:38:26.591Z,98
2026-08-05T11:38:28Z,99
2026-08-05T11:38:28.39Z,99
2026-08-05T11:38:29Z,100
2026-08-05T11:38:32.996Z,100
2026-08-05T11:38:33.064Z,100
2026-08-05T11:43:57Z,100
2026-08-05T11:43:58Z,100
2026-08-05T11:44:00Z,99
2026-08-05T11:44:00.792Z,100
2026-08-05T11:44:02Z,98
2026-08-05T11:44:02.834Z,100
2026-08-05T11:44:02.886Z,100
2026-08-05T11:44:03Z,97
2026-08-05T11:44:05Z,96
2026-08-05T11:44:05.513Z,99
2026-08-05T11:44:06.1Z,98
2026-08-05T11:44:06.617Z,97
2026-08-05T11:44:07Z,95
2026-08-05T11:44:07.059Z,96
2026-08-05T11:44:09Z,94
2026-08-05T11:44:11Z,93
2026-08-05T11:44:11.275Z,95
2026-08-05T11:44:12Z,92
2026-08-05T11:44:12.005Z,94
2026-08-05T11:44:12.91Z,93
2026-08-05T11:44:14Z,91
2026-08-05T11:44:15.128Z,92
2026-08-05T11:44:15.357Z,91
2026-08-05T11:44:16Z,90
2026-08-05T11:44:16.93Z,90
2026-08-05T11:44:18Z,89
2026-08-05T11:44:18.485Z,89
2026-08-05T11:44:20Z,88
2026-08-05T11:44:20.277Z,88
2026-08-05T11:44:21Z,87
2026-08-05T11:44:22.085Z,87
2026-08-05T11:44:23Z,86
2026-08-05T11:44:24.153Z,86
2026-08-05T11:44:25Z,85
2026-08-05T11:44:26.592Z,85
2026-08-05T11:44:27Z,84
2026-08-05T11:44:29Z,83
2026-08-05T11:44:29.013Z,84
2026-08-05T11:44:29.345Z,83
2026-08-05T11:44:31Z,82
2026-08-05T11:44:31.118Z,82
2026-08-05T11:44:32Z,81
2026-08-05T11:44:32.925Z,81
2026-08-05T11:44:34Z,80
2026-08-05T11:44:34.811Z,80
2026-08-05T11:44:36Z,79
2026-08-05T11:44:36.527Z,79
2026-08-05T11:44:38Z,78
2026-08-05T11:44:38.326Z,78
2026-08-05T11:44:40Z,77
2026-08-05T11:44:40.601Z,77
2026-08-05T11:44:41Z,76
2026-08-05T11:44:43Z,75
2026-08-05T11:44:44.084Z,76
2026-08-05T11:44:44.428Z,75
2026-08-05T11:44:45Z,74
2026-08-05T11:44:45.6Z,74
2026-08-05T11:44:47Z,73
2026-08-05T11:44:47.402Z,73
2026-08-05T11:44:49Z,72
2026-08-05T11:44:49.195Z,72
2026-08-05T11:44:50Z,71
2026-08-05T11:44:50.996Z,71
2026-08-05T11:44:52Z,70
2026-08-05T11:44:53.853Z,70
2026-08-05T11:44:54Z,69
2026-08-05T11:44:54.598Z,69
2026-08-05T11:44:56Z,68
2026-08-05T11:44:56.412Z,68
2026-08-05T11:44:58Z,67
2026-08-05T11:44:59Z,66
2026-08-05T11:44:59.327Z,67
2026-08-05T11:45:00.006Z,66
2026-08-05T11:45:01Z,65
2026-08-05T11:45:03Z,64
2026-08-05T11:45:05Z,63
2026-08-05T11:45:07Z,62
2026-08-05T11:45:08Z,61
2026-08-05T11:45:10Z,60
2026-08-05T11:45:11.227Z,65
2026-08-05T11:45:11.643Z,64
2026-08-05T11:45:12Z,59
2026-08-05T11:45:12.024Z,63
2026-08-05T11:45:12.341Z,62
2026-08-05T11:45:12.831Z,61
2026-08-05T11:45:13.746Z,60
2026-08-05T11:45:14Z,58
2026-08-05T11:45:15.903Z,59
2026-08-05T11:45:16Z,57
2026-08-05T11:45:16.537Z,58
2026-08-05T11:45:16.799Z,57
2026-08-05T11:45:17Z,56
2026-08-05T11:45:18.025Z,56
2026-08-05T11:45:19Z,55
2026-08-05T11:45:19.823Z,55
2026-08-05T11:45:21Z,54
2026-08-05T11:45:21.854Z,54
2026-08-05T11:45:23Z,53
2026-08-05T11:45:23.431Z,53
2026-08-05T11:45:25Z,52
2026-08-05T11:45:26Z,51
2026-08-05T11:45:26.83Z,52
2026-08-05T11:45:27.393Z,51
2026-08-05T11:45:28Z,50
2026-08-05T11:45:29.491Z,50
2026-08-05T11:45:30Z,49
2026-08-05T11:45:30.998Z,49
2026-08-05T11:45:32Z,48
2026-08-05T11:45:32.426Z,48
2026-08-05T11:45:34Z,47
2026-08-05T11:45:34.229Z,47
2026-08-05T11:45:35Z,46
2026-08-05T11:45:36.031Z,46
2026-08-05T11:45:37Z,45
2026-08-05T11:45:37.849Z,45
2026-08-05T11:45:39Z,44
2026-08-05T11:45:39.726Z,44
2026-08-05T11:45:41Z,43
2026-08-05T11:45:41.434Z,43
2026-08-05T11:45:43Z,42
2026-08-05T11:45:44Z,41
2026-08-05T11:45:44.316Z,42
2026-08-05T11:45:45.104Z,41
2026-08-05T11:45:46Z,40
2026-08-05T11:45:47.353Z,40
2026-08-05T11:45:48Z,39
2026-08-05T11:45:48.641Z,39
2026-08-05T11:45:50Z,38
2026-08-05T11:45:50.435Z,38
2026-08-05T11:45:52Z,37
2026-08-05T11:45:52.235Z,37
2026-08-05T11:45:53Z,36
2026-08-05T11:45:54.038Z,36
2026-08-05T11:45:55Z,35
2026-08-05T11:45:55.843Z,35
2026-08-05T11:45:57Z,34
2026-08-05T11:45:57.722Z,34
2026-08-05T11:45:59Z,33
2026-08-05T11:45:59.444Z,33
2026-08-05T11:46:01Z,32
2026-08-05T11:46:02Z,31
2026-08-05T11:46:02.807Z,32
2026-08-05T11:46:04Z,30
2026-08-05T11:46:05.666Z,31
2026-08-05T11:46:05.902Z,30
2026-08-05T11:46:06Z,29
2026-08-05T11:46:06.671Z,29
2026-08-05T11:46:08Z,28
2026-08-05T11:46:09.637Z,28
2026-08-05T11:46:10Z,27
2026-08-05T11:46:10.743Z,27
2026-08-05T11:46:11Z,26
2026-08-05T11:46:12.052Z,26
2026-08-05T11:46:13Z,25
2026-08-05T11:46:15Z,24
2026-08-05T11:46:15.149Z,25
2026-08-05T11:46:15.691Z,24
2026-08-05T11:46:17Z,23
2026-08-05T11:46:19Z,22
2026-08-05T11:46:19.729Z,23
2026-08-05T11:46:20Z,21
2026-08-05T11:46:20.206Z,22
2026-08-05T11:46:21.135Z,21
2026-08-05T11:46:22Z,20
2026-08-05T11:46:22.9Z,20
2026-08-05T11:46:24Z,19
2026-08-05T11:46:24.692Z,19
2026-08-05T11:46:26Z,18
2026-08-05T11:46:26.484Z,18
2026-08-05T11:46:28Z,17
2026-08-05T11:46:28.32Z,17
2026-08-05T11:46:29Z,16
2026-08-05T11:46:30.109Z,16
2026-08-05T11:46:31Z,15
2026-08-05T11:46:32.082Z,15
2026-08-05T11:46:33Z,14
2026-08-05T11:46:34.569Z,14
2026-08-05T11:46:35Z,13
2026-08-05T11:46:35.482Z,13
2026-08-05T11:46:37Z,12
2026-08-05T11:46:37.297Z,12
2026-08-05T11:46:38Z,11
2026-08-05T11:46:39.1Z,11
2026-08-05T11:46:40Z,10
2026-08-05T11:46:42Z,9
2026-08-05T11:46:42.263Z,10
2026-08-05T11:46:42.7Z,9
2026-08-05T11:46:44Z,8
2026-08-05T11:46:44.497Z,8
2026-08-05T11:46:46Z,7
2026-08-05T11:46:46.373Z,7
2026-08-05T11:46:47Z,6
2026-08-05T11:46:49Z,5
2026-08-05T11:46:49.592Z,6
2026-08-05T11:46:50.151Z,5
2026-08-05T11:46:51Z,4
2026-08-05T11:46:52.105Z,4
2026-08-05T11:46:53Z,3
2026-08-05T11:46:53.503Z,3
2026-08-05T11:46:55Z,2
2026-08-05T11:46:55.31Z,2
2026-08-05T11:46:57Z,1
2026-08-05T11:46:57.136Z,1
2026-08-05T11:46:58Z,0
2026-08-05T11:46:58.663Z,0
2026-08-05T11:46:58.756Z,0
2026-08-06T11:35:31Z,0
2026-08-06T11:35:33Z,1
2026-08-06T11:35:33.861Z,0
2026-08-06T11:35:33.894Z,0
2026-08-06T11:35:34.641Z,1
2026-08-06T11:35:35Z,2
2026-08-06T11:35:35.259Z,2
2026-08-06T11:35:37Z,3
2026-08-06T11:35:37.154Z,3
2026-08-06T11:35:38Z,4
2026-08-06T11:35:38.881Z,4
2026-08-06T11:35:40Z,5
2026-08-06T11:35:40.671Z,5
2026-08-06T11:35:42Z,6
2026-08-06T11:35:42.46Z,6
2026-08-06T11:35:44Z,7
2026-08-06T11:35:44.261Z,7
2026-08-06T11:35:46Z,8
2026-08-06T11:35:47Z,9
2026-08-06T11:35:48.205Z,8
2026-08-06T11:35:48.37Z,9
2026-08-06T11:35:49Z,10
2026-08-06T11:35:49.762Z,10
2026-08-06T11:35:51Z,11
2026-08-06T11:35:51.554Z,11
2026-08-06T11:35:53Z,12
2026-08-06T11:35:53.873Z,12
2026-08-06T11:35:55Z,13
2026-08-06T11:35:55.249Z,13
2026-08-06T11:35:56Z,14
2026-08-06T11:35:57.051Z,14
2026-08-06T11:35:58Z,15
2026-08-06T11:35:58.769Z,15
2026-08-06T11:36:00Z,16
2026-08-06T11:36:02Z,17
2026-08-06T11:36:02.561Z,16
2026-08-06T11:36:04Z,18
2026-08-06T11:36:05Z,19
2026-08-06T11:36:05.085Z,17
2026-08-06T11:36:05.585Z,18
2026-08-06T11:36:06.026Z,19
2026-08-06T11:36:07Z,20
2026-08-06T11:36:07.824Z,20
2026-08-06T11:36:09Z,21
2026-08-06T11:36:09.645Z,21
2026-08-06T11:36:11Z,22
2026-08-06T11:36:11.416Z,22
2026-08-06T11:36:13Z,23
2026-08-06T11:36:13.572Z,23
2026-08-06T11:36:14Z,24
2026-08-06T11:36:15.018Z,24
2026-08-06T11:36:16Z,25
2026-08-06T11:36:18Z,26
2026-08-06T11:36:20Z,27
2026-08-06T11:36:22Z,28
2026-08-06T11:36:23Z,29
2026-08-06T11:36:24.137Z,25
2026-08-06T11:36:24.596Z,26
2026-08-06T11:36:24.787Z,27
2026-08-06T11:36:25Z,30
2026-08-06T11:36:25.149Z,28
2026-08-06T11:36:26.401Z,29
2026-08-06T11:36:27Z,31
2026-08-06T11:36:28.302Z,30
2026-08-06T11:36:28.594Z,31
2026-08-06T11:36:29Z,32
2026-08-06T11:36:29.626Z,32
2026-08-06T11:36:31Z,33
2026-08-06T11:36:33Z,34
2026-08-06T11:36:33.442Z,33
2026-08-06T11:36:33.714Z,34
2026-08-06T11:36:34Z,35
2026-08-06T11:36:34.944Z,35
2026-08-06T11:36:36Z,36
2026-08-06T11:36:37.091Z,36
2026-08-06T11:36:38Z,37
2026-08-06T11:36:38.547Z,37
2026-08-06T11:36:40Z,38
2026-08-06T11:36:40.352Z,38
2026-08-06T11:36:42Z,39
2026-08-06T11:36:42.152Z,39
2026-08-06T11:36:43Z,40
2026-08-06T11:36:43.954Z,40
2026-08-06T11:36:45Z,41
2026-08-06T11:36:45.747Z,41
2026-08-06T11:36:47Z,42
2026-08-06T11:36:48.801Z,42
2026-08-06T11:36:49Z,43
2026-08-06T11:36:49.355Z,43
2026-08-06T11:36:51Z,44
2026-08-06T11:36:51.161Z,44
2026-08-06T11:36:52Z,45
2026-08-06T11:36:52.955Z,45
2026-08-06T11:36:54Z,46
2026-08-06T11:36:54.76Z,46
2026-08-06T11:36:56Z,47
2026-08-06T11:36:56.552Z,47
2026-08-06T11:36:58Z,48
2026-08-06T11:36:59.251Z,48
2026-08-06T11:37:00Z,49
2026-08-06T11:37:00.158Z,49
2026-08-06T11:37:01Z,50
2026-08-06T11:37:03Z,51
2026-08-06T11:37:04.662Z,50
2026-08-06T11:37:05Z,52
2026-08-06T11:37:05.008Z,51
2026-08-06T11:37:05.566Z,52
2026-08-06T11:37:07Z,53
2026-08-06T11:37:07.365Z,53
2026-08-06T11:37:09Z,54
2026-08-06T11:37:09.164Z,54
2026-08-06T11:37:10Z,55
2026-08-06T11:37:10.963Z,55
2026-08-06T11:37:12Z,56
2026-08-06T11:37:12.768Z,56
2026-08-06T11:37:14Z,57
2026-08-06T11:37:14.847Z,57
2026-08-06T11:37:16Z,58
2026-08-06T11:37:16.367Z,58
2026-08-06T11:37:18Z,59
2026-08-06T11:37:18.907Z,59
2026-08-06T11:37:19Z,60
2026-08-06T11:37:19.986Z,60
2026-08-06T11:37:21Z,61
2026-08-06T11:37:21.776Z,61
2026-08-06T11:37:23Z,62
2026-08-06T11:37:23.576Z,62
2026-08-06T11:37:25Z,63
2026-08-06T11:37:25.391Z,63
2026-08-06T11:37:27Z,64
2026-08-06T11:37:27.183Z,64
2026-08-06T11:37:28Z,65
2026-08-06T11:37:28.977Z,65
2026-08-06T11:37:30Z,66
2026-08-06T11:37:30.784Z,66
2026-08-06T11:37:32Z,67
2026-08-06T11:37:33.799Z,67
2026-08-06T11:37:34Z,68
2026-08-06T11:37:34.382Z,68
2026-08-06T11:37:36Z,69
2026-08-06T11:37:36.494Z,69
2026-08-06T11:37:37Z,70
2026-08-06T11:37:37.978Z,70
2026-08-06T11:37:39Z,71
2026-08-06T11:37:39.778Z,71
2026-08-06T11:37:41Z,72
2026-08-06T11:37:41.585Z,72
2026-08-06T11:37:43Z,73
2026-08-06T11:37:43.643Z,73
2026-08-06T11:37:45Z,74
2026-08-06T11:37:45.181Z,74
2026-08-06T11:37:46Z,75
2026-08-06T11:37:48Z,76
2026-08-06T11:37:49.31Z,75
2026-08-06T11:37:49.593Z,76
2026-08-06T11:37:50Z,77
2026-08-06T11:37:50.584Z,77
2026-08-06T11:37:52Z,78
2026-08-06T11:37:52.391Z,78
2026-08-06T11:37:54Z,79
2026-08-06T11:37:54.19Z,79
2026-08-06T11:37:55Z,80
2026-08-06T11:37:55.999Z,80
2026-08-06T11:37:57Z,81
2026-08-06T11:37:58.559Z,81
2026-08-06T11:37:59Z,82
2026-08-06T11:37:59.592Z,82
2026-08-06T11:38:01Z,83
2026-08-06T11:38:02.838Z,83
2026-08-06T11:38:03Z,84
2026-08-06T11:38:04Z,85
2026-08-06T11:38:05.587Z,84
2026-08-06T11:38:05.894Z,85
2026-08-06T11:38:06Z,86
2026-08-06T11:38:06.824Z,86
2026-08-06T11:38:08Z,87
2026-08-06T11:38:08.593Z,87
2026-08-06T11:38:10Z,88
2026-08-06T11:38:10.394Z,88
2026-08-06T11:38:12Z,89
2026-08-06T11:38:12.196Z,89
2026-08-06T11:38:13Z,90
2026-08-06T11:38:15Z,91
2026-08-06T11:38:16.15Z,90
2026-08-06T11:38:16.505Z,91
2026-08-06T11:38:17Z,92
2026-08-06T11:38:19Z,93
2026-08-06T11:38:19.093Z,92
2026-08-06T11:38:19.81Z,93
2026-08-06T11:38:21Z,94
2026-08-06T11:38:21.196Z,94
2026-08-06T11:38:22Z,95
2026-08-06T11:38:23.013Z,95
2026-08-06T11:38:24Z,96
2026-08-06T11:38:24.799Z,96
2026-08-06T11:38:26Z,97
2026-08-06T11:38:26.603Z,97
2026-08-06T11:38:28Z,98
2026-08-06T11:38:28.672Z,98
2026-08-06T11:38:30Z,99
2026-08-06T11:38:30.529Z,99
2026-08-06T11:38:31Z,100
2026-08-06T11:38:32.098Z,100
2026-08-06T11:38:32.145Z,100
2026-08-06T11:44:31Z,100
2026-08-06T11:44:32Z,100
2026-08-06T11:44:33.104Z,100
2026-08-06T11:44:34Z,99
2026-08-06T11:44:35.176Z,100
2026-08-06T11:44:35.218Z,100
2026-08-06T11:44:36Z,98
2026-08-06T11:44:37Z,97
2026-08-06T11:44:37.902Z,99
2026-08-06T11:44:38.128Z,98
2026-08-06T11:44:38.675Z,97
2026-08-06T11:44:39Z,96
2026-08-06T11:44:39.871Z,96
2026-08-06T11:44:41Z,95
2026-08-06T11:44:41.521Z,95
2026-08-06T11:44:43Z,94
2026-08-06T11:44:43.286Z,94
2026-08-06T11:44:45Z,93
2026-08-06T11:44:45.109Z,93
2026-08-06T11:44:46Z,92
2026-08-06T11:44:46.898Z,92
2026-08-06T11:44:48Z,91
2026-08-06T11:44:50Z,90
2026-08-06T11:44:50.864Z,91
2026-08-06T11:44:52Z,89
2026-08-06T11:44:53.179Z,90
2026-08-06T11:44:53.347Z,89
2026-08-06T11:44:54Z,88
2026-08-06T11:44:55Z,87
2026-08-06T11:44:55.276Z,88
2026-08-06T11:44:56.189Z,87
2026-08-06T11:44:57Z,86
2026-08-06T11:44:57.711Z,86
2026-08-06T11:44:59Z,85
2026-08-06T11:44:59.501Z,85
2026-08-06T11:45:01Z,84
2026-08-06T11:45:03Z,83
2026-08-06T11:45:04Z,82
2026-08-06T11:45:06Z,81
2026-08-06T11:45:08Z,80
2026-08-06T11:45:10Z,79
2026-08-06T11:45:11.821Z,84
2026-08-06T11:45:12Z,78
2026-08-06T11:45:12.599Z,83
2026-08-06T11:45:13Z,77
2026-08-06T11:45:15Z,76
2026-08-06T11:45:15.951Z,82
2026-08-06T11:45:16.179Z,81
2026-08-06T11:45:16.401Z,80
2026-08-06T11:45:16.973Z,79
2026-08-06T11:45:17Z,75
2026-08-06T11:45:17.264Z,78
2026-08-06T11:45:17.448Z,77
2026-08-06T11:45:18.204Z,76
2026-08-06T11:45:18.605Z,75
2026-08-06T11:45:19Z,74
2026-08-06T11:45:21Z,73
2026-08-06T11:45:21.155Z,74
2026-08-06T11:45:21.469Z,73
2026-08-06T11:45:22Z,72
2026-08-06T11:45:23.101Z,72
2026-08-06T11:45:24Z,71
2026-08-06T11:45:24.992Z,71
2026-08-06T11:45:26Z,70
2026-08-06T11:45:26.782Z,70
2026-08-06T11:45:28Z,69
2026-08-06T11:45:28.489Z,69
2026-08-06T11:45:30Z,68
2026-08-06T11:45:30.275Z,68
2026-08-06T11:45:31Z,67
2026-08-06T11:45:32.098Z,67
2026-08-06T11:45:33Z,66
2026-08-06T11:45:34.402Z,66
2026-08-06T11:45:35Z,65
2026-08-06T11:45:36.302Z,65
2026-08-06T11:45:37Z,64
2026-08-06T11:45:37.532Z,64
2026-08-06T11:45:39Z,63
2026-08-06T11:45:39.281Z,63
2026-08-06T11:45:40Z,62
2026-08-06T11:45:41.1Z,62
2026-08-06T11:45:42Z,61
2026-08-06T11:45:42.908Z,61
2026-08-06T11:45:44Z,60
2026-08-06T11:45:44.694Z,60
2026-08-06T11:45:46Z,59
2026-08-06T11:45:46.529Z,59
2026-08-06T11:45:48Z,58
2026-08-06T11:45:49Z,57
2026-08-06T11:45:49.783Z,58
2026-08-06T11:45:51Z,56
2026-08-06T11:45:52.313Z,57
2026-08-06T11:45:52.491Z,56
2026-08-06T11:45:53Z,55
2026-08-06T11:45:53.696Z,55
2026-08-06T11:45:55Z,54
2026-08-06T11:45:55.505Z,54
2026-08-06T11:45:57Z,53
2026-08-06T11:45:57.306Z,53
2026-08-06T11:45:58Z,52
2026-08-06T11:45:59.096Z,52
2026-08-06T11:46:00Z,51
2026-08-06T11:46:02Z,50
2026-08-06T11:46:02.523Z,51
2026-08-06T11:46:03.01Z,50
2026-08-06T11:46:04Z,49
2026-08-06T11:46:05.492Z,49
2026-08-06T11:46:06Z,48
2026-08-06T11:46:06.302Z,48
2026-08-06T11:46:07Z,47
2026-08-06T11:46:08.21Z,47
2026-08-06T11:46:09Z,46
2026-08-06T11:46:11Z,45
2026-08-06T11:46:11.545Z,46
2026-08-06T11:46:11.733Z,45
2026-08-06T11:46:13Z,44
2026-08-06T11:46:13.54Z,44
2026-08-06T11:46:15Z,43
2026-08-06T11:46:15.317Z,43
2026-08-06T11:46:16Z,42
2026-08-06T11:46:17.116Z,42
2026-08-06T11:46:18Z,41
2026-08-06T11:46:19.429Z,41
2026-08-06T11:46:20Z,40
2026-08-06T11:46:22Z,39
2026-08-06T11:46:24Z,38
2026-08-06T11:46:26Z,37
2026-08-06T11:46:27Z,36
2026-08-06T11:46:29Z,35
2026-08-06T11:46:31Z,34
2026-08-06T11:46:33Z,33
2026-08-06T11:46:34.411Z,40
2026-08-06T11:46:34.624Z,39
2026-08-06T11:46:35Z,32
2026-08-06T11:46:36Z,31
2026-08-06T11:46:36.621Z,38
2026-08-06T11:46:37.152Z,37
2026-08-06T11:46:37.451Z,36
2026-08-06T11:46:37.626Z,35
2026-08-06T11:46:37.843Z,34
2026-08-06T11:46:38Z,30
2026-08-06T11:46:38.509Z,33
2026-08-06T11:46:39.425Z,32
2026-08-06T11:46:39.614Z,31
2026-08-06T11:46:39.789Z,30
2026-08-06T11:46:40Z,29
2026-08-06T11:46:41.885Z,29
2026-08-06T11:46:42Z,28
2026-08-06T11:46:43.186Z,28
2026-08-06T11:46:44Z,27
2026-08-06T11:46:44.247Z,27
2026-08-06T11:46:45Z,26
2026-08-06T11:46:45.99Z,26
2026-08-06T11:46:47Z,25
2026-08-06T11:46:47.949Z,25
2026-08-06T11:46:49Z,24
2026-08-06T11:46:49.635Z,24
2026-08-06T11:46:51Z,23
2026-08-06T11:46:51.4Z,23
2026-08-06T11:46:53Z,22
2026-08-06T11:46:53.401Z,22
2026-08-06T11:46:54Z,21
2026-08-06T11:46:56Z,20
2026-08-06T11:46:56.884Z,21
2026-08-06T11:46:57.144Z,20
2026-08-06T11:46:58Z,19
2026-08-06T11:46:58.638Z,19
2026-08-06T11:47:00Z,18
2026-08-06T11:47:02Z,17
2026-08-06T11:47:02.334Z,18
2026-08-06T11:47:02.798Z,17
2026-08-06T11:47:03Z,16
2026-08-06T11:47:04.652Z,16
2026-08-06T11:47:05Z,15
2026-08-06T11:47:06.479Z,15
2026-08-06T11:47:07Z,14
2026-08-06T11:47:07.606Z,14
2026-08-06T11:47:09Z,13
2026-08-06T11:47:09.412Z,13
2026-08-06T11:47:11Z,12
2026-08-06T11:47:11.941Z,12
2026-08-06T11:47:12Z,11
2026-08-06T11:47:13.008Z,11
2026-08-06T11:47:14Z,10
2026-08-06T11:47:14.804Z,10
2026-08-06T11:47:16Z,9
2026-08-06T11:47:18Z,8
2026-08-06T11:47:19.888Z,9
2026-08-06T11:47:20Z,7
2026-08-06T11:47:20.47Z,8
2026-08-06T11:47:21Z,6
2026-08-06T11:47:21.158Z,7
2026-08-06T11:47:22.017Z,6
2026-08-06T11:47:23Z,5
2026-08-06T11:47:23.811Z,5
2026-08-06T11:47:25Z,4
2026-08-06T11:47:25.639Z,4
2026-08-06T11:47:27Z,3
2026-08-06T11:47:27.418Z,3
2026-08-06T11:47:29Z,2
2026-08-06T11:47:29.225Z,2
2026-08-06T11:47:30Z,1
2026-08-06T11:47:31.892Z,1
2026-08-06T11:47:32Z,0
2026-08-06T11:47:32.512Z,0
2026-08-06T11:47:32.568Z,0
2026-08-06T12:56:33Z,0
2026-08-06T12:56:35Z,1
2026-08-06T12:56:35.715Z,0
2026-08-06T12:56:35.752Z,0
2026-08-06T12:56:37Z,2
2026-08-06T12:56:37.194Z,1
2026-08-06T12:56:38Z,3
2026-08-06T12:56:39.834Z,2
2026-08-06T12:56:40Z,4
2026-08-06T12:56:40.474Z,3
2026-08-06T12:56:40.828Z,4
2026-08-06T12:56:42Z,5
2026-08-06T12:56:44Z,6
2026-08-06T12:56:44.421Z,5
2026-08-06T12:56:44.836Z,6
2026-08-06T12:56:46Z,7
2026-08-06T12:56:46.204Z,7
2026-08-06T12:56:47Z,8
2026-08-06T12:56:48Z,8
2026-08-06T12:56:49Z,9
2026-08-06T12:56:49.803Z,9
2026-08-06T12:56:51Z,10
2026-08-06T12:56:51.603Z,10
2026-08-06T12:56:53Z,11
2026-08-06T12:56:53.416Z,11
2026-08-06T12:56:55Z,12
2026-08-06T12:56:56Z,13
2026-08-06T12:56:56.161Z,12
2026-08-06T12:56:58Z,14
2026-08-06T12:56:58.55Z,13
2026-08-06T12:56:58.809Z,14
2026-08-06T12:57:00Z,15
2026-08-06T12:57:02Z,16
2026-08-06T12:57:02.42Z,15
2026-08-06T12:57:02.735Z,16
2026-08-06T12:57:04Z,17
2026-08-06T12:57:04.213Z,17
2026-08-06T12:57:05Z,18
2026-08-06T12:57:06.016Z,18
2026-08-06T12:57:07Z,19
2026-08-06T12:57:07.815Z,19
2026-08-06T12:57:09Z,20
2026-08-06T12:57:09.624Z,20
2026-08-06T12:57:11Z,21
2026-08-06T12:57:13Z,22
2026-08-06T12:57:13.973Z,21
2026-08-06T12:57:14Z,23
2026-08-06T12:57:14.142Z,22
2026-08-06T12:57:15.075Z,23
2026-08-06T12:57:16Z,24
2026-08-06T12:57:16.817Z,24
2026-08-06T12:57:18Z,25
2026-08-06T12:57:18.619Z,25
2026-08-06T12:57:20Z,26
2026-08-06T12:57:20.423Z,26
2026-08-06T12:57:22Z,27
2026-08-06T12:57:22.221Z,27
2026-08-06T12:57:23Z,28
2026-08-06T12:57:24.025Z,28
2026-08-06T12:57:25Z,29
2026-08-06T12:57:25.826Z,29
2026-08-06T12:57:27Z,30
2026-08-06T12:57:28.89Z,30
2026-08-06T12:57:29Z,31
2026-08-06T12:57:29.583Z,31
2026-08-06T12:57:31Z,32
2026-08-06T12:57:31.233Z,32
2026-08-06T12:57:32Z,33
2026-08-06T12:57:33.66Z,33
2026-08-06T12:57:34Z,34
2026-08-06T12:57:34.83Z,34
2026-08-06T12:57:36Z,35
2026-08-06T12:57:36.629Z,35
2026-08-06T12:57:38Z,36
2026-08-06T12:57:38.435Z,36
2026-08-06T12:57:40Z,37
2026-08-06T12:57:40.232Z,37
2026-08-06T12:57:41Z,38
2026-08-06T12:57:42.041Z,38
2026-08-06T12:57:43Z,39
2026-08-06T12:57:44.013Z,39
2026-08-06T12:57:45Z,40
2026-08-06T12:57:45.633Z,40
2026-08-06T12:57:47Z,41
2026-08-06T12:57:48.437Z,41
2026-08-06T12:57:49Z,42
2026-08-06T12:57:49.388Z,42
2026-08-06T12:57:51Z,43
2026-08-06T12:57:51.052Z,43
2026-08-06T12:57:52Z,44
2026-08-06T12:57:52.89Z,44
2026-08-06T12:57:54Z,45
2026-08-06T12:57:54.638Z,45
2026-08-06T12:57:56Z,46
2026-08-06T12:57:56.442Z,46
2026-08-06T12:57:58Z,47
2026-08-06T12:57:58.244Z,47
2026-08-06T12:58:00Z,48
2026-08-06T12:58:00.042Z,48
2026-08-06T12:58:01Z,49
2026-08-06T12:58:02.649Z,49
2026-08-06T12:58:03Z,50
2026-08-06T12:58:03.65Z,50
2026-08-06T12:58:05Z,51
2026-08-06T12:58:06.799Z,51
2026-08-06T12:58:07Z,52
2026-08-06T12:58:09Z,53
2026-08-06T12:58:09.139Z,52
2026-08-06T12:58:09.456Z,53
2026-08-06T12:58:10Z,54
2026-08-06T12:58:11.849Z,54
2026-08-06T12:58:12Z,55
2026-08-06T12:58:12.651Z,55
2026-08-06T12:58:14Z,56
2026-08-06T12:58:14.453Z,56
2026-08-06T12:58:16Z,57
2026-08-06T12:58:16.251Z,57
2026-08-06T12:58:18Z,58
2026-08-06T12:58:18.052Z,58
2026-08-06T12:58:19Z,59
2026-08-06T12:58:19.853Z,59
2026-08-06T12:58:21Z,60
2026-08-06T12:58:23Z,61
2026-08-06T12:58:24.611Z,60
2026-08-06T12:58:24.782Z,61
2026-08-06T12:58:25Z,62
2026-08-06T12:58:25.256Z,62
2026-08-06T12:58:27Z,63
2026-08-06T12:58:27.079Z,63
2026-08-06T12:58:28Z,64
2026-08-06T12:58:28.86Z,64
2026-08-06T12:58:30Z,65
2026-08-06T12:58:30.661Z,65
2026-08-06T12:58:32Z,66
2026-08-06T12:58:34Z,67
2026-08-06T12:58:34.448Z,66
2026-08-06T12:58:36Z,68
2026-08-06T12:58:36.447Z,67
2026-08-06T12:58:36.635Z,68
2026-08-06T12:58:37Z,69
2026-08-06T12:58:38.647Z,69
2026-08-06T12:58:39Z,70
2026-08-06T12:58:39.712Z,70
2026-08-06T12:58:41Z,71
2026-08-06T12:58:41.511Z,71
2026-08-06T12:58:43Z,72
2026-08-06T12:58:43.317Z,72
2026-08-06T12:58:45Z,73
2026-08-06T12:58:45.129Z,73
2026-08-06T12:58:46Z,74
2026-08-06T12:58:46.913Z,74
2026-08-06T12:58:48Z,75
2026-08-06T12:58:49.073Z,75
2026-08-06T12:58:50Z,76
2026-08-06T12:58:50.519Z,76
2026-08-06T12:58:52Z,77
2026-08-06T12:58:53.587Z,77
2026-08-06T12:58:54Z,78
2026-08-06T12:58:54.148Z,78
2026-08-06T12:58:55Z,79
2026-08-06T12:58:56.815Z,79
2026-08-06T12:58:57Z,80
2026-08-06T12:58:57.955Z,80
2026-08-06T12:58:59Z,81
2026-08-06T12:58:59.524Z,81
2026-08-06T12:59:01Z,82
2026-08-06T12:59:02.483Z,82
2026-08-06T12:59:03Z,83
2026-08-06T12:59:03.399Z,83
2026-08-06T12:59:04Z,84
2026-08-06T12:59:04.941Z,84
2026-08-06T12:59:06Z,85
2026-08-06T12:59:08Z,86
2026-08-06T12:59:08.811Z,85
2026-08-06T12:59:08.984Z,86
2026-08-06T12:59:10Z,87
2026-08-06T12:59:10.343Z,87
2026-08-06T12:59:12Z,88
2026-08-06T12:59:12.144Z,88
2026-08-06T12:59:13Z,89
2026-08-06T12:59:13.959Z,89
2026-08-06T12:59:15Z,90
2026-08-06T12:59:15.749Z,90
2026-08-06T12:59:17Z,91
2026-08-06T12:59:17.702Z,91
2026-08-06T12:59:19Z,92
2026-08-06T12:59:19.465Z,92
2026-08-06T12:59:21Z,93
2026-08-06T12:59:21.148Z,93
2026-08-06T12:59:22Z,94
2026-08-06T12:59:22.958Z,94
2026-08-06T12:59:24Z,95
2026-08-06T12:59:24.75Z,95
2026-08-06T12:59:26Z,96
2026-08-06T12:59:28Z,97
2026-08-06T12:59:28.808Z,96
2026-08-06T12:59:29.143Z,97
2026-08-06T12:59:30Z,98
2026-08-06T12:59:30.204Z,98
2026-08-06T12:59:31Z,99
2026-08-06T12:59:32.009Z,99
2026-08-06T12:59:33Z,100
2026-08-06T12:59:34.012Z,100
2026-08-06T12:59:34.058Z,100
2026-08-06T13:06:04Z,100
2026-08-06T13:06:05Z,100
2026-08-06T13:06:05.483Z,100
2026-08-06T13:06:07Z,99
2026-08-06T13:06:08Z,98
2026-08-06T13:06:08.227Z,100
2026-08-06T13:06:08.268Z,100
2026-08-06T13:06:08.618Z,99
2026-08-06T13:06:09.232Z,98
2026-08-06T13:06:10Z,97
2026-08-06T13:06:10.695Z,97
2026-08-06T13:06:12Z,96
2026-08-06T13:06:12.497Z,96
2026-08-06T13:06:14Z,95
2026-08-06T13:06:16Z,94
2026-08-06T13:06:16.15Z,95
2026-08-06T13:06:16.588Z,94
2026-08-06T13:06:17Z,93
2026-08-06T13:06:17.905Z,93
2026-08-06T13:06:19Z,92
2026-08-06T13:06:19.704Z,92
2026-08-06T13:06:21Z,91
2026-08-06T13:06:21.534Z,91
2026-08-06T13:06:23Z,90
2026-08-06T13:06:23.305Z,90
2026-08-06T13:06:25Z,89
2026-08-06T13:06:25.112Z,89
2026-08-06T13:06:26Z,88
2026-08-06T13:06:27.984Z,88
2026-08-06T13:06:28Z,87
2026-08-06T13:06:28.778Z,87
2026-08-06T13:06:30Z,86
2026-08-06T13:06:30.512Z,86
2026-08-06T13:06:32Z,85
2026-08-06T13:06:32.307Z,85
2026-08-06T13:06:34Z,84
2026-08-06T13:06:35Z,83
2026-08-06T13:06:36.07Z,84
2026-08-06T13:06:36.242Z,83
2026-08-06T13:06:37Z,82
2026-08-06T13:06:37.712Z,82
2026-08-06T13:06:39Z,81
2026-08-06T13:06:39.513Z,81
2026-08-06T13:06:41Z,80
2026-08-06T13:06:41.316Z,80
2026-08-06T13:06:43Z,79
2026-08-06T13:06:43.883Z,79
2026-08-06T13:06:44Z,78
2026-08-06T13:06:46Z,77
2026-08-06T13:06:48Z,76
2026-08-06T13:06:50Z,75
2026-08-06T13:06:52Z,74
2026-08-06T13:06:52.13Z,78
2026-08-06T13:06:52.497Z,77
2026-08-06T13:06:52.682Z,76
2026-08-06T13:06:53Z,73
2026-08-06T13:06:54.93Z,75
2026-08-06T13:06:55Z,72
2026-08-06T13:06:55.137Z,74
2026-08-06T13:06:56.02Z,73
2026-08-06T13:06:57Z,71
2026-08-06T13:06:57.145Z,72
2026-08-06T13:06:57.549Z,71
2026-08-06T13:06:59Z,70
2026-08-06T13:06:59.76Z,70
2026-08-06T13:07:01Z,69
2026-08-06T13:07:02Z,68
2026-08-06T13:07:02.65Z,69
2026-08-06T13:07:02.994Z,68
2026-08-06T13:07:04Z,67
2026-08-06T13:07:06Z,66
2026-08-06T13:07:06.197Z,67
2026-08-06T13:07:07.073Z,66
2026-08-06T13:07:08Z,65
2026-08-06T13:07:08.328Z,65
2026-08-06T13:07:10Z,64
2026-08-06T13:07:10.134Z,64
2026-08-06T13:07:11Z,63
2026-08-06T13:07:11.93Z,63
2026-08-06T13:07:13Z,62
2026-08-06T13:07:13.737Z,62
2026-08-06T13:07:15Z,61
2026-08-06T13:07:15.531Z,61
2026-08-06T13:07:17Z,60
2026-08-06T13:07:18.753Z,60
2026-08-06T13:07:19Z,59
2026-08-06T13:07:20Z,58
2026-08-06T13:07:21.371Z,59
2026-08-06T13:07:21.775Z,58
2026-08-06T13:07:22Z,57
2026-08-06T13:07:22.865Z,57
2026-08-06T13:07:24Z,56
2026-08-06T13:07:24.63Z,56
2026-08-06T13:07:26Z,55
2026-08-06T13:07:26.424Z,55
2026-08-06T13:07:28Z,54
2026-08-06T13:07:28.3Z,54
2026-08-06T13:07:29Z,53
2026-08-06T13:07:30.027Z,53
2026-08-06T13:07:31Z,52
2026-08-06T13:07:31.832Z,52
2026-08-06T13:07:33Z,51
2026-08-06T13:07:33.797Z,51
2026-08-06T13:07:35Z,50
2026-08-06T13:07:35.454Z,50
2026-08-06T13:07:37Z,49
2026-08-06T13:07:37.232Z,49
2026-08-06T13:07:38Z,48
2026-08-06T13:07:39.538Z,48
2026-08-06T13:07:40Z,47
2026-08-06T13:07:41.861Z,47
2026-08-06T13:07:42Z,46
2026-08-06T13:07:42.665Z,46
2026-08-06T13:07:44Z,45
2026-08-06T13:07:44.731Z,45
2026-08-06T13:07:46Z,44
2026-08-06T13:07:46.245Z,44
2026-08-06T13:07:47Z,43
2026-08-06T13:07:48.038Z,43
2026-08-06T13:07:49Z,42
2026-08-06T13:07:51Z,41
2026-08-06T13:07:51.128Z,42
2026-08-06T13:07:51.64Z,41
2026-08-06T13:07:53Z,40
2026-08-06T13:07:53.435Z,40
2026-08-06T13:07:55Z,39
2026-08-06T13:07:56Z,38
2026-08-06T13:07:56.997Z,39
2026-08-06T13:07:58Z,37
2026-08-06T13:07:59.461Z,38
2026-08-06T13:07:59.811Z,37
2026-08-06T13:08:00Z,36
2026-08-06T13:08:02Z,35
2026-08-06T13:08:03.076Z,36
2026-08-06T13:08:03.265Z,35
2026-08-06T13:08:04Z,34
2026-08-06T13:08:04.289Z,34
2026-08-06T13:08:05Z,33
2026-08-06T13:08:06.396Z,33
2026-08-06T13:08:07Z,32
2026-08-06T13:08:07.846Z,32
2026-08-06T13:08:09Z,31
2026-08-06T13:08:09.654Z,31
2026-08-06T13:08:11Z,30
2026-08-06T13:08:11.484Z,30
2026-08-06T13:08:13Z,29
2026-08-06T13:08:13.251Z,29
2026-08-06T13:08:14Z,28
2026-08-06T13:08:16Z,27
2026-08-06T13:08:17.072Z,28
2026-08-06T13:08:17.306Z,27
2026-08-06T13:08:18Z,26
2026-08-06T13:08:18.695Z,26
2026-08-06T13:08:20Z,25
2026-08-06T13:08:20.456Z,25
2026-08-06T13:08:22Z,24
2026-08-06T13:08:23Z,23
2026-08-06T13:08:23.102Z,24
2026-08-06T13:08:24.071Z,23
2026-08-06T13:08:25Z,22
2026-08-06T13:08:25.864Z,22
2026-08-06T13:08:27Z,21
2026-08-06T13:08:27.658Z,21
2026-08-06T13:08:29Z,20
2026-08-06T13:08:31Z,19
2026-08-06T13:08:31.63Z,20
2026-08-06T13:08:31.817Z,19
2026-08-06T13:08:33Z,18
2026-08-06T13:08:33.128Z,18
2026-08-06T13:08:34Z,17
2026-08-06T13:08:34.93Z,17
2026-08-06T13:08:36Z,16
2026-08-06T13:08:36.73Z,16
2026-08-06T13:08:38Z,15
2026-08-06T13:08:40Z,14
2026-08-06T13:08:40.032Z,15
2026-08-06T13:08:41.237Z,14
2026-08-06T13:08:42Z,13
2026-08-06T13:08:42.32Z,13
2026-08-06T13:08:43Z,12
2026-08-06T13:08:44.084Z,12
2026-08-06T13:08:45Z,11
2026-08-06T13:08:45.945Z,11
2026-08-06T13:08:47Z,10
2026-08-06T13:08:47.686Z,10
2026-08-06T13:08:49Z,9
2026-08-06T13:08:51Z,8
2026-08-06T13:08:51.604Z,9
2026-08-06T13:08:51.918Z,8
2026-08-06T13:08:53Z,7
2026-08-06T13:08:53.184Z,7
2026-08-06T13:08:54Z,6
2026-08-06T13:08:55.166Z,6
2026-08-06T13:08:56Z,5
2026-08-06T13:08:56.85Z,5
2026-08-06T13:08:58Z,4
2026-08-06T13:08:58.587Z,4
2026-08-06T13:09:00Z,3
2026-08-06T13:09:02Z,2
2026-08-06T13:09:02.415Z,3
2026-08-06T13:09:02.747Z,2
2026-08-06T13:09:03Z,1
2026-08-06T13:09:03.999Z,1
2026-08-06T13:09:05Z,0
2026-08-06T13:09:06.994Z,0
2026-08-06T13:09:07.04Z,0
2026-08-06T14:00:53Z,0
2026-08-06T14:00:55Z,1
2026-08-06T14:00:55.073Z,0
2026-08-06T14:00:55.115Z,0
2026-08-06T14:00:57Z,2
2026-08-06T14:00:57.387Z,1
2026-08-06T14:00:57.622Z,2
2026-08-06T14:00:58Z,3
2026-08-06T14:00:58.96Z,3
2026-08-06T14:01:00Z,4
2026-08-06T14:01:02Z,5
2026-08-06T14:01:02.4Z,4
2026-08-06T14:01:03.085Z,5
2026-08-06T14:01:04Z,6
2026-08-06T14:01:04.375Z,6
2026-08-06T14:01:06Z,7
2026-08-06T14:01:06.84Z,7
2026-08-06T14:01:07Z,8
2026-08-06T14:01:07.968Z,8
2026-08-06T14:01:09Z,9
2026-08-06T14:01:10.023Z,9
2026-08-06T14:01:11Z,10
2026-08-06T14:01:11.567Z,10
2026-08-06T14:01:13Z,11
2026-08-06T14:01:13.482Z,11
2026-08-06T14:01:15Z,12
2026-08-06T14:01:15.311Z,12
2026-08-06T14:01:16Z,13
2026-08-06T14:01:16.973Z,13
2026-08-06T14:01:18Z,14
2026-08-06T14:01:18.771Z,14
2026-08-06T14:01:20Z,15
2026-08-06T14:01:21.081Z,15
2026-08-06T14:01:22Z,16
2026-08-06T14:01:22.37Z,16
2026-08-06T14:01:24Z,17
2026-08-06T14:01:24.17Z,17
2026-08-06T14:01:25Z,18
2026-08-06T14:01:26.951Z,18
2026-08-06T14:01:27Z,19
2026-08-06T14:01:27.774Z,19
2026-08-06T14:01:29Z,20
2026-08-06T14:01:29.574Z,20
2026-08-06T14:01:31Z,21
2026-08-06T14:01:31.568Z,21
2026-08-06T14:01:33Z,22
2026-08-06T14:01:33.292Z,22
2026-08-06T14:01:34Z,23
2026-08-06T14:01:34.982Z,23
2026-08-06T14:01:36Z,24
2026-08-06T14:01:36.779Z,24
2026-08-06T14:01:38Z,25
2026-08-06T14:01:38.584Z,25
2026-08-06T14:01:40Z,26
2026-08-06T14:01:40.39Z,26
2026-08-06T14:01:42Z,27
2026-08-06T14:01:42.31Z,27
2026-08-06T14:01:43Z,28
2026-08-06T14:01:43.981Z,28
2026-08-06T14:01:45Z,29
2026-08-06T14:01:46.924Z,29
2026-08-06T14:01:47Z,30
2026-08-06T14:01:48.706Z,30
2026-08-06T14:01:49Z,31
2026-08-06T14:01:49.403Z,31
2026-08-06T14:01:51Z,32
2026-08-06T14:01:51.229Z,32
2026-08-06T14:01:52Z,33
2026-08-06T14:01:53.729Z,33
2026-08-06T14:01:54Z,34
2026-08-06T14:01:54.818Z,34
2026-08-06T14:01:56Z,35
2026-08-06T14:01:56.609Z,35
2026-08-06T14:01:58Z,36
2026-08-06T14:01:58.505Z,36
2026-08-06T14:02:00Z,37
2026-08-06T14:02:01Z,38
2026-08-06T14:02:03Z,39
2026-08-06T14:02:05Z,40
2026-08-06T14:02:07Z,41
2026-08-06T14:02:09Z,42
2026-08-06T14:02:10Z,43
2026-08-06T14:02:11.597Z,37
2026-08-06T14:02:12Z,44
2026-08-06T14:02:12.228Z,38
2026-08-06T14:02:13.319Z,39
2026-08-06T14:02:13.863Z,40
2026-08-06T14:02:14Z,45
2026-08-06T14:02:14.276Z,41
2026-08-06T14:02:14.622Z,42
2026-08-06T14:02:15.054Z,43
2026-08-06T14:02:15.38Z,44
2026-08-06T14:02:15.745Z,45
2026-08-06T14:02:16Z,46
2026-08-06T14:02:18Z,47
2026-08-06T14:02:18.155Z,46
2026-08-06T14:02:18.489Z,47
2026-08-06T14:02:19Z,48
2026-08-06T14:02:20.023Z,48
2026-08-06T14:02:21Z,49
2026-08-06T14:02:21.825Z,49
2026-08-06T14:02:23Z,50
2026-08-06T14:02:23.622Z,50
2026-08-06T14:02:25Z,51
2026-08-06T14:02:25.425Z,51
2026-08-06T14:02:27Z,52
2026-08-06T14:02:27.428Z,52
2026-08-06T14:02:28Z,53
2026-08-06T14:02:29.056Z,53
2026-08-06T14:02:30Z,54
2026-08-06T14:02:30.847Z,54
2026-08-06T14:02:32Z,55
2026-08-06T14:02:33.351Z,55
2026-08-06T14:02:34Z,56
2026-08-06T14:02:34.429Z,56
2026-08-06T14:02:36Z,57
2026-08-06T14:02:37Z,58
2026-08-06T14:02:37.174Z,57
2026-08-06T14:02:38.176Z,58
2026-08-06T14:02:39Z,59
2026-08-06T14:02:39.84Z,59
2026-08-06T14:02:41Z,60
2026-08-06T14:02:41.635Z,60
2026-08-06T14:02:43Z,61
2026-08-06T14:02:43.532Z,61
2026-08-06T14:02:45Z,62
2026-08-06T14:02:45.367Z,62
2026-08-06T14:02:46Z,63
2026-08-06T14:02:47.038Z,63
2026-08-06T14:02:48Z,64
2026-08-06T14:02:48.838Z,64
2026-08-06T14:02:50Z,65
2026-08-06T14:02:52Z,66
2026-08-06T14:02:52.237Z,65
2026-08-06T14:02:52.688Z,66
2026-08-06T14:02:54Z,67
2026-08-06T14:02:54.24Z,67
2026-08-06T14:02:56Z,68
2026-08-06T14:02:56.29Z,68
2026-08-06T14:02:57Z,69
2026-08-06T14:02:57.844Z,69
2026-08-06T14:02:59Z,70
2026-08-06T14:02:59.647Z,70
2026-08-06T14:03:01Z,71
2026-08-06T14:03:03Z,72
2026-08-06T14:03:03.368Z,72
2026-08-06T14:03:05Z,73
2026-08-06T14:03:05.047Z,73
2026-08-06T14:03:06Z,74
2026-08-06T14:03:07.73Z,74
2026-08-06T14:03:08Z,75
2026-08-06T14:03:08.652Z,75
2026-08-06T14:03:10Z,76
2026-08-06T14:03:10.447Z,76
2026-08-06T14:03:12Z,77
2026-08-06T14:03:12.25Z,77
2026-08-06T14:03:14Z,78
2026-08-06T14:03:14.051Z,78
2026-08-06T14:03:15Z,79
2026-08-06T14:03:16.645Z,79
2026-08-06T14:03:17Z,80
2026-08-06T14:03:19Z,81
2026-08-06T14:03:20.571Z,80
2026-08-06T14:03:21Z,82
2026-08-06T14:03:21.843Z,81
2026-08-06T14:03:22.246Z,82
2026-08-06T14:03:23Z,83
2026-08-06T14:03:23.343Z,83
2026-08-06T14:03:24Z,84
2026-08-06T14:03:24.858Z,84
2026-08-06T14:03:26Z,85
2026-08-06T14:03:27.576Z,85
2026-08-06T14:03:28Z,86
2026-08-06T14:03:28.566Z,86
2026-08-06T14:03:30Z,87
2026-08-06T14:03:30.26Z,87
2026-08-06T14:03:32Z,88
2026-08-06T14:03:32.068Z,88
2026-08-06T14:03:33Z,89
2026-08-06T14:03:33.866Z,89
2026-08-06T14:03:35Z,90
2026-08-06T14:03:35.662Z,90
2026-08-06T14:03:37Z,91
2026-08-06T14:03:37.463Z,91
2026-08-06T14:03:39Z,92
2026-08-06T14:03:39.999Z,92
2026-08-06T14:03:41Z,93
2026-08-06T14:03:42Z,94
2026-08-06T14:03:42.758Z,93
2026-08-06T14:03:43.378Z,94
2026-08-06T14:03:44Z,95
2026-08-06T14:03:44.676Z,95
2026-08-06T14:03:46Z,96
2026-08-06T14:03:47.549Z,96
2026-08-06T14:03:48Z,97
2026-08-06T14:03:48.287Z,97
2026-08-06T14:03:50Z,98
2026-08-06T14:03:50.075Z,98
2026-08-06T14:03:51Z,99
2026-08-06T14:03:51.876Z,99
2026-08-06T14:03:53Z,100
2026-08-06T14:03:53.873Z,100
2026-08-06T14:03:53.918Z,100
2026-08-06T14:10:01Z,100
2026-08-06T14:10:02Z,100
2026-08-06T14:10:04Z,99
2026-08-06T14:10:06Z,98
2026-08-06T14:10:08Z,97
2026-08-06T14:10:10Z,96
2026-08-06T14:10:11Z,95
2026-08-06T14:10:12.578Z,100
2026-08-06T14:10:13Z,94
2026-08-06T14:10:13.537Z,100
2026-08-06T14:10:13.585Z,100
2026-08-06T14:10:14.543Z,99
2026-08-06T14:10:14.899Z,98
2026-08-06T14:10:15Z,93
2026-08-06T14:10:15.393Z,97
2026-08-06T14:10:15.624Z,96
2026-08-06T14:10:15.87Z,95
2026-08-06T14:10:17Z,92
2026-08-06T14:10:19Z,91
2026-08-06T14:10:19.079Z,94
2026-08-06T14:10:19.554Z,93
2026-08-06T14:10:19.753Z,92
2026-08-06T14:10:20Z,90
2026-08-06T14:10:20.397Z,91
2026-08-06T14:10:21.057Z,90
2026-08-06T14:10:22Z,89
2026-08-06T14:10:22.853Z,89
2026-08-06T14:10:24Z,88
2026-08-06T14:10:25.778Z,88
2026-08-06T14:10:26Z,87
2026-08-06T14:10:27.281Z,87
2026-08-06T14:10:28Z,86
2026-08-06T14:10:29Z,85
2026-08-06T14:10:29.632Z,86
2026-08-06T14:10:30.164Z,85
2026-08-06T14:10:31Z,84
2026-08-06T14:10:31.899Z,84
2026-08-06T14:10:33Z,83
2026-08-06T14:10:33.768Z,83
2026-08-06T14:10:35Z,82
2026-08-06T14:10:35.454Z,82
2026-08-06T14:10:37Z,81
2026-08-06T14:10:37.935Z,81
2026-08-06T14:10:38Z,80
2026-08-06T14:10:39.056Z,80
2026-08-06T14:10:40Z,79
2026-08-06T14:10:40.869Z,79
2026-08-06T14:10:42Z,78
2026-08-06T14:10:44Z,77
2026-08-06T14:10:44.542Z,78
2026-08-06T14:10:44.942Z,77
2026-08-06T14:10:46Z,76
2026-08-06T14:10:46.257Z,76
2026-08-06T14:10:47Z,75
2026-08-06T14:10:48.119Z,75
2026-08-06T14:10:49Z,74
2026-08-06T14:10:49.858Z,74
2026-08-06T14:10:51Z,73
2026-08-06T14:10:51.66Z,73
2026-08-06T14:10:53Z,72
2026-08-06T14:10:53.615Z,72
2026-08-06T14:10:55Z,71
2026-08-06T14:10:55.276Z,71
2026-08-06T14:10:56Z,70
2026-08-06T14:10:57.063Z,70
2026-08-06T14:10:58Z,69
2026-08-06T14:10:59.751Z,69
2026-08-06T14:11:00Z,68
2026-08-06T14:11:02Z,67
2026-08-06T14:11:02.607Z,68
2026-08-06T14:11:02.891Z,67
2026-08-06T14:11:04Z,66
2026-08-06T14:11:04.267Z,66
2026-08-06T14:11:06Z,65
2026-08-06T14:11:06.075Z,65
2026-08-06T14:11:07Z,64
2026-08-06T14:11:07.87Z,64
2026-08-06T14:11:09Z,63
2026-08-06T14:11:10.121Z,63
2026-08-06T14:11:11Z,62
2026-08-06T14:11:11.478Z,62
2026-08-06T14:11:13Z,61
2026-08-06T14:11:14.733Z,61
2026-08-06T14:11:15Z,60
2026-08-06T14:11:15.085Z,60
2026-08-06T14:11:16Z,59
2026-08-06T14:11:16.875Z,59
2026-08-06T14:11:18Z,58
2026-08-06T14:11:18.837Z,58
2026-08-06T14:11:20Z,57
2026-08-06T14:11:20.487Z,57
2026-08-06T14:11:22Z,56
2026-08-06T14:11:22.288Z,56
2026-08-06T14:11:24Z,55
2026-08-06T14:11:24.084Z,55
2026-08-06T14:11:25Z,54
2026-08-06T14:11:25.894Z,54
2026-08-06T14:11:27Z,53
2026-08-06T14:11:27.694Z,53
2026-08-06T14:11:29Z,52
2026-08-06T14:11:29.625Z,52
2026-08-06T14:11:31Z,51
2026-08-06T14:11:31.293Z,51
2026-08-06T14:11:33Z,50
2026-08-06T14:11:34Z,49
2026-08-06T14:11:34.769Z,50
2026-08-06T14:11:35.463Z,49
2026-08-06T14:11:36Z,48
2026-08-06T14:11:36.923Z,48
2026-08-06T14:11:38Z,47
2026-08-06T14:11:38.495Z,47
2026-08-06T14:11:40Z,46
2026-08-06T14:11:40.289Z,46
2026-08-06T14:11:42Z,45
2026-08-06T14:11:42.099Z,45
2026-08-06T14:11:43Z,44
2026-08-06T14:11:43.901Z,44
2026-08-06T14:11:45Z,43
2026-08-06T14:11:45.698Z,43
2026-08-06T14:11:47Z,42
2026-08-06T14:11:47.494Z,42
2026-08-06T14:11:49Z,41
2026-08-06T14:11:49.296Z,41
2026-08-06T14:11:51Z,40
2026-08-06T14:11:51.103Z,40
2026-08-06T14:11:52Z,39
2026-08-06T14:11:54Z,38
2026-08-06T14:11:54.943Z,39
2026-08-06T14:11:55.298Z,38
2026-08-06T14:11:56Z,37
2026-08-06T14:11:56.497Z,37
2026-08-06T14:11:58Z,36
2026-08-06T14:11:58.342Z,36
2026-08-06T14:12:00Z,35
2026-08-06T14:12:00.105Z,35
2026-08-06T14:12:01Z,34
2026-08-06T14:12:02.917Z,34
2026-08-06T14:12:03Z,33
2026-08-06T14:12:05Z,32
2026-08-06T14:12:07Z,31
2026-08-06T14:12:09Z,30
2026-08-06T14:12:10Z,29
2026-08-06T14:12:12Z,28
2026-08-06T14:12:14Z,27
2026-08-06T14:12:16Z,26
2026-08-06T14:12:18Z,25
2026-08-06T14:12:19Z,24
2026-08-06T14:12:21Z,23
2026-08-06T14:12:22.345Z,33
2026-08-06T14:12:22.544Z,32
2026-08-06T14:12:22.784Z,31
2026-08-06T14:12:23Z,22
2026-08-06T14:12:25Z,21
2026-08-06T14:12:25.979Z,30
2026-08-06T14:12:26.444Z,29
2026-08-06T14:12:26.642Z,28
2026-08-06T14:12:26.846Z,27
2026-08-06T14:12:27Z,20
2026-08-06T14:12:27.199Z,26
2026-08-06T14:12:27.723Z,25
2026-08-06T14:12:28Z,19
2026-08-06T14:12:28.002Z,24
2026-08-06T14:12:28.23Z,23
2026-08-06T14:12:30Z,18
2026-08-06T14:12:30.367Z,22
2026-08-06T14:12:31.303Z,21
2026-08-06T14:12:31.628Z,20
2026-08-06T14:12:32Z,17
2026-08-06T14:12:32.273Z,19
2026-08-06T14:12:32.639Z,18
2026-08-06T14:12:33.102Z,17
2026-08-06T14:12:34Z,16
2026-08-06T14:12:34.308Z,16
2026-08-06T14:12:36Z,15
2026-08-06T14:12:36.292Z,15
2026-08-06T14:12:37Z,14
2026-08-06T14:12:39Z,13
2026-08-06T14:12:40.046Z,14
2026-08-06T14:12:40.381Z,13
2026-08-06T14:12:41Z,12
2026-08-06T14:12:41.802Z,12
2026-08-06T14:12:43Z,11
2026-08-06T14:12:43.423Z,11
2026-08-06T14:12:45Z,10
2026-08-06T14:12:45.221Z,10
2026-08-06T14:12:46Z,9
2026-08-06T14:12:47.025Z,9
2026-08-06T14:12:48Z,8
2026-08-06T14:12:48.876Z,8
2026-08-06T14:12:50Z,7
2026-08-06T14:12:50.669Z,7
2026-08-06T14:12:52Z,6
2026-08-06T14:12:52.619Z,6
2026-08-06T14:12:54Z,5
2026-08-06T14:12:55Z,4
2026-08-06T14:12:55.103Z,5
2026-08-06T14:12:56.033Z,4
2026-08-06T14:12:57Z,3
2026-08-06T14:12:58.775Z,3
2026-08-06T14:12:59Z,2
2026-08-06T14:12:59.706Z,2
2026-08-06T14:13:01Z,1
2026-08-06T14:13:02Z,0
2026-08-06T14:13:02.695Z,1
2026-08-06T14:13:03.073Z,0
2026-08-06T14:13:03.126Z,0
