_time,_value
2026-08-03T08:59:09Z,0
2026-08-03T08:59:11Z,1
2026-08-03T08:59:12.305Z,0
2026-08-03T08:59:12.349Z,0
2026-08-03T08:59:13Z,2
2026-08-03T08:59:13.342Z,1
2026-08-03T08:59:13.548Z,2
2026-08-03T08:59:15Z,3
2026-08-03T08:59:15.223Z,3
2026-08-03T08:59:16Z,4
2026-08-03T08:59:18Z,5
2026-08-03T08:59:18.56Z,4
2026-08-03T08:59:19.053Z,5
2026-08-03T08:59:20Z,6
2026-08-03T08:59:20.534Z,6
2026-08-03T08:59:22Z,7
2026-08-03T08:59:22.357Z,7
2026-08-03T08:59:24Z,8
2026-08-03T08:59:24.141Z,8
2026-08-03T08:59:25Z,9
2026-08-03T08:59:26.268Z,9
2026-08-03T08:59:27Z,10
2026-08-03T08:59:27.747Z,10
2026-08-03T08:59:29Z,11
2026-08-03T08:59:29.972Z,11
2026-08-03T08:59:31Z,12
2026-08-03T08:59:33Z,13
2026-08-03T08:59:33.728Z,12
2026-08-03T08:59:34Z,14
2026-08-03T08:59:34.126Z,13
2026-08-03T08:59:35.038Z,14
2026-08-03T08:59:36Z,15
2026-08-03T08:59:36.817Z,15
2026-08-03T08:59:38Z,16
2026-08-03T08:59:38.622Z,16
2026-08-03T08:59:40Z,17
2026-08-03T08:59:40.902Z,17
2026-08-03T08:59:42Z,18
2026-08-03T08:59:42.221Z,18
2026-08-03T08:59:43Z,19
2026-08-03T08:59:44.042Z,19
2026-08-03T08:59:45Z,20
2026-08-03T08:59:46.119Z,20
2026-08-03T08:59:47Z,21
2026-08-03T08:59:48.81Z,21
2026-08-03T08:59:49Z,22
2026-08-03T08:59:49.423Z,22
2026-08-03T08:59:51Z,23
2026-08-03T08:59:51.236Z,23
2026-08-03T08:59:52Z,24
2026-08-03T08:59:53.034Z,24
2026-08-03T08:59:54Z,25
2026-08-03T08:59:54.887Z,25
2026-08-03T08:59:56Z,26
2026-08-03T08:59:56.699Z,26
2026-08-03T08:59:58Z,27
2026-08-03T08:59:58.432Z,27
2026-08-03T09:00:00Z,28
2026-08-03T09:00:00.245Z,28
2026-08-03T09:00:01Z,29
2026-08-03T09:00:03Z,30
2026-08-03T09:00:05Z,31
2026-08-03T09:00:07Z,32
2026-08-03T09:00:09Z,33
2026-08-03T09:00:10Z,34
2026-08-03T09:00:11.37Z,29
2026-08-03T09:00:11.695Z,30
2026-08-03T09:00:12Z,35
2026-08-03T09:00:12.031Z,31
2026-08-03T09:00:12.476Z,32
2026-08-03T09:00:12.709Z,33
2026-08-03T09:00:13.435Z,34
2026-08-03T09:00:14Z,36
2026-08-03T09:00:14.009Z,35
2026-08-03T09:00:15.099Z,36
2026-08-03T09:00:16Z,37
2026-08-03T09:00:16.442Z,37
2026-08-03T09:00:18Z,38
2026-08-03T09:00:19Z,39
2026-08-03T09:00:19.091Z,38
2026-08-03T09:00:20.07Z,39
2026-08-03T09:00:21Z,40
2026-08-03T09:00:21.839Z,40
2026-08-03T09:00:23Z,41
2026-08-03T09:00:25Z,42
2026-08-03T09:00:25.039Z,41
2026-08-03T09:00:26.533Z,42
2026-08-03T09:00:27Z,43
2026-08-03T09:00:27.385Z,43
2026-08-03T09:00:28Z,44
2026-08-03T09:00:29.174Z,44
2026-08-03T09:00:30Z,45
2026-08-03T09:00:31.428Z,45
2026-08-03T09:00:32Z,46
2026-08-03T09:00:34Z,47
2026-08-03T09:00:34.201Z,46
2026-08-03T09:00:35.177Z,47
2026-08-03T09:00:36Z,48
2026-08-03T09:00:36.343Z,48
2026-08-03T09:00:38Z,49
2026-08-03T09:00:38.233Z,49
2026-08-03T09:00:39Z,50
2026-08-03T09:00:40.153Z,50
2026-08-03T09:00:41Z,51
2026-08-03T09:00:41.744Z,51
2026-08-03T09:00:43Z,52
2026-08-03T09:00:43.576Z,52
2026-08-03T09:00:45Z,53
2026-08-03T09:00:45.359Z,53
2026-08-03T09:00:47Z,54
2026-08-03T09:00:48Z,55
2026-08-03T09:00:49.006Z,54
2026-08-03T09:00:49.287Z,55
2026-08-03T09:00:50Z,56
2026-08-03T09:00:51.506Z,56
2026-08-03T09:00:52Z,57
2026-08-03T09:00:52.612Z,57
2026-08-03T09:00:54Z,58
2026-08-03T09:00:54.34Z,58
2026-08-03T09:00:56Z,59
2026-08-03T09:00:56.387Z,59
2026-08-03T09:00:57Z,60
2026-08-03T09:00:57.95Z,60
2026-08-03T09:00:59Z,61
2026-08-03T09:00:59.765Z,61
2026-08-03T09:01:01Z,62
2026-08-03T09:01:03Z,63
2026-08-03T09:01:03.657Z,62
2026-08-03T09:01:05Z,64
2026-08-03T09:01:06Z,65
2026-08-03T09:01:06.242Z,63
2026-08-03T09:01:06.524Z,64
2026-08-03T09:01:07.037Z,65
2026-08-03T09:01:08Z,66
2026-08-03T09:01:08.778Z,66
2026-08-03T09:01:10Z,67
2026-08-03T09:01:10.63Z,67
2026-08-03T09:01:12Z,68
2026-08-03T09:01:12.374Z,68
2026-08-03T09:01:14Z,69
2026-08-03T09:01:14.183Z,69
2026-08-03T09:01:15Z,70
2026-08-03T09:01:16.378Z,70
2026-08-03T09:01:17Z,71
2026-08-03T09:01:19Z,72
2026-08-03T09:01:19.691Z,71
2026-08-03T09:01:19.942Z,72
2026-08-03T09:01:21Z,73
2026-08-03T09:01:21.386Z,73
2026-08-03T09:01:23Z,74
2026-08-03T09:01:23.182Z,74
2026-08-03T09:01:24Z,75
2026-08-03T09:01:24.969Z,75
2026-08-03T09:01:26Z,76
2026-08-03T09:01:26.781Z,76
2026-08-03T09:01:28Z,77
2026-08-03T09:01:28.646Z,77
2026-08-03T09:01:30Z,78
2026-08-03T09:01:30.379Z,78
2026-08-03T09:01:32Z,79
2026-08-03T09:01:33Z,80
2026-08-03T09:01:34.438Z,79
2026-08-03T09:01:34.849Z,80
2026-08-03T09:01:35Z,81
2026-08-03T09:01:35.805Z,81
2026-08-03T09:01:37Z,82
2026-08-03T09:01:37.609Z,82
2026-08-03T09:01:39Z,83
2026-08-03T09:01:41Z,84
2026-08-03T09:01:41.633Z,83
2026-08-03T09:01:42Z,85
2026-08-03T09:01:43.159Z,84
2026-08-03T09:01:43.364Z,85
2026-08-03T09:01:44Z,86
2026-08-03T09:01:44.829Z,86
2026-08-03T09:01:46Z,87
2026-08-03T09:01:46.623Z,87
2026-08-03T09:01:48Z,88
2026-08-03T09:01:49.368Z,88
2026-08-03T09:01:50Z,89
2026-08-03T09:01:50.402Z,89
2026-08-03T09:01:51Z,90
2026-08-03T09:01:52.061Z,90
2026-08-03T09:01:53Z,91
2026-08-03T09:01:53.892Z,91
2026-08-03T09:01:55Z,92
2026-08-03T09:01:56.569Z,92
2026-08-03T09:01:57Z,93
2026-08-03T09:01:57.635Z,93
2026-08-03T09:01:59Z,94
2026-08-03T09:01:59.24Z,94
2026-08-03T09:02:00Z,95
2026-08-03T09:02:02Z,96
2026-08-03T09:02:02.659Z,95
2026-08-03T09:02:04Z,97
2026-08-03T09:02:05.079Z,96
2026-08-03T09:02:05.252Z,97
2026-08-03T09:02:06Z,98
2026-08-03T09:02:06.766Z,98
2026-08-03T09:02:08Z,99
2026-08-03T09:02:08.263Z,99
2026-08-03T09:02:09Z,100
2026-08-03T09:02:10.236Z,100
2026-08-03T09:02:10.281Z,100
2026-08-03T09:16:10Z,100
2026-08-03T09:16:11Z,100
2026-08-03T09:16:12.075Z,100
2026-08-03T09:16:12.686Z,100
2026-08-03T09:16:12.727Z,100
2026-08-03T09:16:13Z,99
2026-08-03T09:16:13.484Z,99
2026-08-03T09:16:15Z,98
2026-08-03T09:16:15.298Z,98
2026-08-03T09:16:17Z,97
2026-08-03T09:16:18Z,96
2026-08-03T09:16:19.354Z,97
2026-08-03T09:16:19.815Z,96
2026-08-03T09:16:20Z,95
2026-08-03T09:16:20.696Z,95
2026-08-03T09:16:22Z,94
2026-08-03T09:16:22.52Z,94
2026-08-03T09:16:24Z,93
2026-08-03T09:16:24.304Z,93
2026-08-03T09:16:26Z,92
2026-08-03T09:16:26.191Z,92
2026-08-03T09:16:27Z,91
2026-08-03T09:16:27.924Z,91
2026-08-03T09:16:29Z,90
2026-08-03T09:16:29.723Z,90
2026-08-03T09:16:31Z,89
2026-08-03T09:16:32.428Z,89
2026-08-03T09:16:33Z,88
2026-08-03T09:16:35Z,87
2026-08-03T09:16:35.92Z,88
2026-08-03T09:16:36Z,86
2026-08-03T09:16:36.214Z,87
2026-08-03T09:16:36.969Z,86
2026-08-03T09:16:38Z,85
2026-08-03T09:16:38.759Z,85
2026-08-03T09:16:40Z,84
2026-08-03T09:16:40.563Z,84
2026-08-03T09:16:42Z,83
2026-08-03T09:16:42.371Z,83
2026-08-03T09:16:44Z,82
2026-08-03T09:16:44.176Z,82
2026-08-03T09:16:45Z,81
2026-08-03T09:16:45.987Z,81
2026-08-03T09:16:47Z,80
2026-08-03T09:16:49Z,79
2026-08-03T09:16:49.247Z,80
2026-08-03T09:16:49.748Z,79
2026-08-03T09:16:51Z,78
2026-08-03T09:16:51.547Z,78
2026-08-03T09:16:53Z,77
2026-08-03T09:16:54.059Z,77
2026-08-03T09:16:55Z,76
2026-08-03T09:16:55.854Z,76
2026-08-03T09:16:56Z,75
2026-08-03T09:16:56.962Z,75
2026-08-03T09:16:58Z,74
2026-08-03T09:16:58.776Z,74
2026-08-03T09:17:00Z,73
2026-08-03T09:17:02Z,72
2026-08-03T09:17:02.657Z,73
2026-08-03T09:17:04Z,71
2026-08-03T09:17:05Z,70
2026-08-03T09:17:05.325Z,72
2026-08-03T09:17:05.747Z,71
2026-08-03T09:17:06.053Z,70
2026-08-03T09:17:07Z,69
2026-08-03T09:17:07.792Z,69
2026-08-03T09:17:09Z,68
2026-08-03T09:17:09.886Z,68
2026-08-03T09:17:11Z,67
2026-08-03T09:17:11.525Z,67
2026-08-03T09:17:13Z,66
2026-08-03T09:17:13.33Z,66
2026-08-03T09:17:15Z,65
2026-08-03T09:17:15.338Z,65
2026-08-03T09:17:16Z,64
2026-08-03T09:17:18Z,63
2026-08-03T09:17:20Z,62
2026-08-03T09:17:22Z,61
2026-08-03T09:17:24Z,60
2026-08-03T09:17:26Z,59
2026-08-03T09:17:27Z,58
2026-08-03T09:17:29Z,57
2026-08-03T09:17:31Z,56
2026-08-03T09:17:31.15Z,64
2026-08-03T09:17:31.635Z,63
2026-08-03T09:17:32.394Z,62
2026-08-03T09:17:32.775Z,61
2026-08-03T09:17:33Z,55
2026-08-03T09:17:33.054Z,60
2026-08-03T09:17:33.692Z,59
2026-08-03T09:17:34.125Z,58
2026-08-03T09:17:34.339Z,57
2026-08-03T09:17:34.633Z,56
2026-08-03T09:17:35Z,54
2026-08-03T09:17:36Z,53
2026-08-03T09:17:37.867Z,55
2026-08-03T09:17:38Z,52
2026-08-03T09:17:38.336Z,54
2026-08-03T09:17:38.794Z,53
2026-08-03T09:17:39.14Z,52
2026-08-03T09:17:40Z,51
2026-08-03T09:17:40.486Z,51
2026-08-03T09:17:42Z,50
2026-08-03T09:17:42.288Z,50
2026-08-03T09:17:44Z,49
2026-08-03T09:17:44.09Z,49
2026-08-03T09:17:45Z,48
2026-08-03T09:17:45.904Z,48
2026-08-03T09:17:47Z,47
2026-08-03T09:17:49Z,46
2026-08-03T09:17:50.105Z,47
2026-08-03T09:17:50.596Z,46
2026-08-03T09:17:51Z,45
2026-08-03T09:17:51.329Z,45
2026-08-03T09:17:53Z,44
2026-08-03T09:17:53.968Z,44
2026-08-03T09:17:54Z,43
2026-08-03T09:17:54.923Z,43
2026-08-03T09:17:56Z,42
2026-08-03T09:17:56.729Z,42
2026-08-03T09:17:58Z,41
2026-08-03T09:17:58.541Z,41
2026-08-03T09:18:00Z,40
2026-08-03T09:18:02Z,39
2026-08-03T09:18:02.439Z,40
2026-08-03T09:18:03Z,38
2026-08-03T09:18:03.345Z,39
2026-08-03T09:18:05Z,37
2026-08-03T09:18:06.142Z,38
2026-08-03T09:18:06.363Z,37
2026-08-03T09:18:07Z,36
2026-08-03T09:18:07.56Z,36
2026-08-03T09:18:09Z,35
2026-08-03T09:18:09.361Z,35
2026-08-03T09:18:11Z,34
2026-08-03T09:18:11.16Z,34
2026-08-03T09:18:12Z,33
2026-08-03T09:18:12.964Z,33
2026-08-03T09:18:14Z,32
2026-08-03T09:18:16Z,31
2026-08-03T09:18:17.231Z,32
2026-08-03T09:18:17.514Z,31
2026-08-03T09:18:18Z,30
2026-08-03T09:18:20Z,29
2026-08-03T09:18:20.056Z,30
2026-08-03T09:18:20.996Z,29
2026-08-03T09:18:21Z,28
2026-08-03T09:18:23Z,27
2026-08-03T09:18:23.67Z,28
2026-08-03T09:18:24.009Z,27
2026-08-03T09:18:25Z,26
2026-08-03T09:18:25.586Z,26
2026-08-03T09:18:27Z,25
2026-08-03T09:18:27.387Z,25
2026-08-03T09:18:29Z,24
2026-08-03T09:18:29.189Z,24
2026-08-03T09:18:30Z,23
2026-08-03T09:18:30.994Z,23
2026-08-03T09:18:32Z,22
2026-08-03T09:18:34Z,21
2026-08-03T09:18:35.041Z,22
2026-08-03T09:18:35.459Z,21
2026-08-03T09:18:36Z,20
2026-08-03T09:18:36.398Z,20
2026-08-03T09:18:38Z,19
2026-08-03T09:18:38.197Z,19
2026-08-03T09:18:39Z,18
2026-08-03T09:18:39.999Z,18
2026-08-03T09:18:41Z,17
2026-08-03T09:18:41.959Z,17
2026-08-03T09:18:43Z,16
2026-08-03T09:18:43.646Z,16
2026-08-03T09:18:45Z,15
2026-08-03T09:18:45.439Z,15
2026-08-03T09:18:47Z,14
2026-08-03T09:18:47.723Z,14
2026-08-03T09:18:48Z,13
2026-08-03T09:18:50Z,12
2026-08-03T09:18:51.41Z,13
2026-08-03T09:18:51.848Z,12
2026-08-03T09:18:52Z,11
2026-08-03T09:18:52.728Z,11
2026-08-03T09:18:54Z,10
2026-08-03T09:18:54.469Z,10
2026-08-03T09:18:56Z,9
2026-08-03T09:18:56.307Z,9
2026-08-03T09:18:58Z,8
2026-08-03T09:18:58.078Z,8
2026-08-03T09:18:59Z,7
2026-08-03T09:18:59.872Z,7
2026-08-03T09:19:01Z,6
2026-08-03T09:19:02.74Z,6
2026-08-03T09:19:03Z,5
2026-08-03T09:19:05Z,4
2026-08-03T09:19:05.487Z,5
2026-08-03T09:19:06.502Z,4
2026-08-03T09:19:07Z,3
2026-08-03T09:19:08Z,2
2026-08-03T09:19:08.086Z,3
2026-08-03T09:19:08.892Z,2
2026-08-03T09:19:10Z,1
2026-08-03T09:19:10.657Z,1
2026-08-03T09:19:11Z,0
2026-08-03T09:19:11.608Z,0
2026-08-03T09:19:11.66Z,0
2026-08-03T10:12:44Z,0
2026-08-03T10:12:46Z,1
2026-08-03T10:12:48Z,2
2026-08-03T10:12:48.017Z,0
2026-08-03T10:12:48.061Z,0
2026-08-03T10:12:48.462Z,1
2026-08-03T10:12:48.913Z,2
2026-08-03T10:12:50Z,3
2026-08-03T10:12:51.276Z,3
2026-08-03T10:12:52Z,4
2026-08-03T10:12:52.234Z,4
2026-08-03T10:12:53Z,5
2026-08-03T10:12:54.032Z,5
2026-08-03T10:12:55Z,6
2026-08-03T10:12:57Z,7
2026-08-03T10:12:57.505Z,6
2026-08-03T10:12:57.743Z,7
2026-08-03T10:12:59Z,8
2026-08-03T10:12:59.454Z,8
2026-08-03T10:13:01Z,9
2026-08-03T10:13:02Z,10
2026-08-03T10:13:04Z,11
2026-08-03T10:13:04.489Z,9
2026-08-03T10:13:04.852Z,10
2026-08-03T10:13:05.058Z,11
2026-08-03T10:13:06Z,12
2026-08-03T10:13:06.644Z,12
2026-08-03T10:13:08Z,13
2026-08-03T10:13:08.449Z,13
2026-08-03T10:13:10Z,14
2026-08-03T10:13:11Z,15
2026-08-03T10:13:12.266Z,14
2026-08-03T10:13:13Z,16
2026-08-03T10:13:13.03Z,15
2026-08-03T10:13:13.856Z,16
2026-08-03T10:13:15Z,17
2026-08-03T10:13:16.051Z,17
2026-08-03T10:13:17Z,18
2026-08-03T10:13:17.577Z,18
2026-08-03T10:13:19Z,19
2026-08-03T10:13:19.259Z,19
2026-08-03T10:13:21Z,20
2026-08-03T10:13:21.093Z,20
2026-08-03T10:13:22Z,21
2026-08-03T10:13:22.869Z,21
2026-08-03T10:13:24Z,22
2026-08-03T10:13:24.67Z,22
2026-08-03T10:13:26Z,23
2026-08-03T10:13:27.083Z,23
2026-08-03T10:13:28Z,24
2026-08-03T10:13:29.088Z,24
2026-08-03T10:13:30Z,25
2026-08-03T10:13:30.082Z,25
2026-08-03T10:13:31Z,26
2026-08-03T10:13:31.92Z,26
2026-08-03T10:13:33Z,27
2026-08-03T10:13:33.713Z,27
2026-08-03T10:13:35Z,28
2026-08-03T10:13:36.006Z,28
2026-08-03T10:13:37Z,29
2026-08-03T10:13:37.3Z,29
2026-08-03T10:13:39Z,30
2026-08-03T10:13:39.094Z,30
2026-08-03T10:13:40Z,31
2026-08-03T10:13:42Z,32
2026-08-03T10:13:42.189Z,31
2026-08-03T10:13:42.701Z,32
2026-08-03T10:13:44Z,33
2026-08-03T10:13:45.331Z,33
2026-08-03T10:13:46Z,34
2026-08-03T10:13:46.322Z,34
2026-08-03T10:13:48Z,35
2026-08-03T10:13:48.129Z,35
2026-08-03T10:13:49Z,36
2026-08-03T10:13:49.934Z,36
2026-08-03T10:13:51Z,37
2026-08-03T10:13:51.724Z,37
2026-08-03T10:13:53Z,38
2026-08-03T10:13:53.524Z,38
2026-08-03T10:13:55Z,39
2026-08-03T10:13:57Z,40
2026-08-03T10:13:58Z,41
2026-08-03T10:13:58.347Z,39
2026-08-03T10:13:58.531Z,40
2026-08-03T10:13:59.312Z,41
2026-08-03T10:14:00Z,42
2026-08-03T10:14:02Z,43
2026-08-03T10:14:02.393Z,42
2026-08-03T10:14:02.651Z,43
2026-08-03T10:14:04Z,44
2026-08-03T10:14:04.445Z,44
2026-08-03T10:14:06Z,45
2026-08-03T10:14:07Z,46
2026-08-03T10:14:08.122Z,45
2026-08-03T10:14:08.82Z,46
2026-08-03T10:14:09Z,47
2026-08-03T10:14:09.865Z,47
2026-08-03T10:14:11Z,48
2026-08-03T10:14:12.681Z,48
2026-08-03T10:14:13Z,49
2026-08-03T10:14:15Z,50
2026-08-03T10:14:15.019Z,49
2026-08-03T10:14:15.608Z,50
2026-08-03T10:14:16Z,51
2026-08-03T10:14:17.067Z,51
2026-08-03T10:14:18Z,52
2026-08-03T10:14:18.883Z,52
2026-08-03T10:14:20Z,53
2026-08-03T10:14:20.681Z,53
2026-08-03T10:14:22Z,54
2026-08-03T10:14:22.476Z,54
2026-08-03T10:14:24Z,55
2026-08-03T10:14:24.422Z,55
2026-08-03T10:14:26Z,56
2026-08-03T10:14:27Z,57
2026-08-03T10:14:28.089Z,56
2026-08-03T10:14:28.272Z,57
2026-08-03T10:14:29Z,58
2026-08-03T10:14:29.689Z,58
2026-08-03T10:14:31Z,59
2026-08-03T10:14:31.492Z,59
2026-08-03T10:14:33Z,60
2026-08-03T10:14:33.311Z,60
2026-08-03T10:14:35Z,61
2026-08-03T10:14:35.109Z,61
2026-08-03T10:14:36Z,62
2026-08-03T10:14:36.898Z,62
2026-08-03T10:14:38Z,63
2026-08-03T10:14:38.708Z,63
2026-08-03T10:14:40Z,64
2026-08-03T10:14:42Z,65
2026-08-03T10:14:43.123Z,64
2026-08-03T10:14:43.349Z,65
2026-08-03T10:14:44Z,66
2026-08-03T10:14:44.233Z,66
2026-08-03T10:14:45Z,67
2026-08-03T10:14:46.044Z,67
2026-08-03T10:14:47Z,68
2026-08-03T10:14:47.835Z,68
2026-08-03T10:14:49Z,69
2026-08-03T10:14:50.519Z,69
2026-08-03T10:14:51Z,70
2026-08-03T10:14:51.984Z,70
2026-08-03T10:14:53Z,71
2026-08-03T10:14:53.241Z,71
2026-08-03T10:14:54Z,72
2026-08-03T10:14:55.053Z,72
2026-08-03T10:14:56Z,73
2026-08-03T10:14:57.975Z,73
2026-08-03T10:14:58Z,74
2026-08-03T10:14:58.658Z,74
2026-08-03T10:15:00Z,75
2026-08-03T10:15:02Z,76
2026-08-03T10:15:03Z,77
2026-08-03T10:15:05Z,78
2026-08-03T10:15:07Z,79
2026-08-03T10:15:09Z,80
2026-08-03T10:15:11Z,81
2026-08-03T10:15:11.868Z,75
2026-08-03T10:15:12.814Z,76
2026-08-03T10:15:13Z,82
2026-08-03T10:15:13.156Z,77
2026-08-03T10:15:13.379Z,78
2026-08-03T10:15:13.82Z,79
2026-08-03T10:15:14Z,83
2026-08-03T10:15:14.133Z,80
2026-08-03T10:15:16Z,84
2026-08-03T10:15:16.233Z,81
2026-08-03T10:15:16.872Z,82
2026-08-03T10:15:17.234Z,83
2026-08-03T10:15:18Z,85
2026-08-03T10:15:18.029Z,84
2026-08-03T10:15:18.513Z,85
2026-08-03T10:15:20Z,86
2026-08-03T10:15:20.281Z,86
2026-08-03T10:15:22Z,87
2026-08-03T10:15:22.364Z,87
2026-08-03T10:15:23Z,88
2026-08-03T10:15:24.034Z,88
2026-08-03T10:15:25Z,89
2026-08-03T10:15:27Z,90
2026-08-03T10:15:28.012Z,89
2026-08-03T10:15:29Z,91
2026-08-03T10:15:29.888Z,90
2026-08-03T10:15:31Z,92
2026-08-03T10:15:32.042Z,91
2026-08-03T10:15:32.392Z,92
2026-08-03T10:15:33Z,93
2026-08-03T10:15:33.103Z,93
2026-08-03T10:15:34Z,94
2026-08-03T10:15:34.908Z,94
2026-08-03T10:15:36Z,95
2026-08-03T10:15:36.706Z,95
2026-08-03T10:15:38Z,96
2026-08-03T10:15:38.511Z,96
2026-08-03T10:15:40Z,97
2026-08-03T10:15:40.31Z,97
2026-08-03T10:15:42Z,98
2026-08-03T10:15:42.954Z,98
2026-08-03T10:15:43Z,99
2026-08-03T10:15:43.919Z,99
2026-08-03T10:15:44Z,100
2026-08-03T10:15:45.557Z,100
2026-08-03T10:15:45.608Z,100
2026-08-03T10:28:04Z,100
2026-08-03T10:28:05Z,100
2026-08-03T10:28:05.816Z,100
2026-08-03T10:28:07Z,99
2026-08-03T10:28:09Z,98
2026-08-03T10:28:09.07Z,100
2026-08-03T10:28:09.117Z,100
2026-08-03T10:28:09.616Z,99
2026-08-03T10:28:10.056Z,98
2026-08-03T10:28:11Z,97
2026-08-03T10:28:11.343Z,97
2026-08-03T10:28:13Z,96
2026-08-03T10:28:13.133Z,96
2026-08-03T10:28:14Z,95
2026-08-03T10:28:14.931Z,95
2026-08-03T10:28:16Z,94
2026-08-03T10:28:17.874Z,94
2026-08-03T10:28:18Z,93
2026-08-03T10:28:18.558Z,93
2026-08-03T10:28:20Z,92
2026-08-03T10:28:20.354Z,92
2026-08-03T10:28:22Z,91
2026-08-03T10:28:22.141Z,91
2026-08-03T10:28:23Z,90
2026-08-03T10:28:23.95Z,90
2026-08-03T10:28:25Z,89
2026-08-03T10:28:25.86Z,89
2026-08-03T10:28:27Z,88
2026-08-03T10:28:27.558Z,88
2026-08-03T10:28:29Z,87
2026-08-03T10:28:29.356Z,87
2026-08-03T10:28:31Z,86
2026-08-03T10:28:32Z,85
2026-08-03T10:28:32.683Z,86
2026-08-03T10:28:33.5Z,85
2026-08-03T10:28:34Z,84
2026-08-03T10:28:34.767Z,84
2026-08-03T10:28:36Z,83
2026-08-03T10:28:36.998Z,83
2026-08-03T10:28:38Z,82
2026-08-03T10:28:38.55Z,82
2026-08-03T10:28:40Z,81
2026-08-03T10:28:40.229Z,81
2026-08-03T10:28:41Z,80
2026-08-03T10:28:41.996Z,80
2026-08-03T10:28:43Z,79
2026-08-03T10:28:43.785Z,79
2026-08-03T10:28:45Z,78
2026-08-03T10:28:47Z,77
2026-08-03T10:28:47.434Z,78
2026-08-03T10:28:47.88Z,77
2026-08-03T10:28:49Z,76
2026-08-03T10:28:49.55Z,76
2026-08-03T10:28:50Z,75
2026-08-03T10:28:50.984Z,75
2026-08-03T10:28:52Z,74
2026-08-03T10:28:52.797Z,74
2026-08-03T10:28:54Z,73
2026-08-03T10:28:54.603Z,73
2026-08-03T10:28:56Z,72
2026-08-03T10:28:56.512Z,72
2026-08-03T10:28:58Z,71
2026-08-03T10:28:58.21Z,71
2026-08-03T10:28:59Z,70
2026-08-03T10:29:00.027Z,70
2026-08-03T10:29:01Z,69
2026-08-03T10:29:03Z,68
2026-08-03T10:29:04.455Z,69
2026-08-03T10:29:04.702Z,68
2026-08-03T10:29:05Z,67
2026-08-03T10:29:05.907Z,67
2026-08-03T10:29:07Z,66
2026-08-03T10:29:07.215Z,66
2026-08-03T10:29:08Z,65
2026-08-03T10:29:09.026Z,65
2026-08-03T10:29:10Z,64
2026-08-03T10:29:10.821Z,64
2026-08-03T10:29:12Z,63
2026-08-03T10:29:12.624Z,63
2026-08-03T10:29:14Z,62
2026-08-03T10:29:14.433Z,62
2026-08-03T10:29:16Z,61
2026-08-03T10:29:17Z,60
2026-08-03T10:29:18.561Z,61
2026-08-03T10:29:19Z,59
2026-08-03T10:29:19.218Z,60
2026-08-03T10:29:19.844Z,59
2026-08-03T10:29:21Z,58
2026-08-03T10:29:22.06Z,58
2026-08-03T10:29:23Z,57
2026-08-03T10:29:23.461Z,57
2026-08-03T10:29:25Z,56
2026-08-03T10:29:25.253Z,56
2026-08-03T10:29:26Z,55
2026-08-03T10:29:27.274Z,55
2026-08-03T10:29:28Z,54
2026-08-03T10:29:28.856Z,54
2026-08-03T10:29:30Z,53
2026-08-03T10:29:32Z,52
2026-08-03T10:29:32.726Z,53
2026-08-03T10:29:33.383Z,52
2026-08-03T10:29:34Z,51
2026-08-03T10:29:34.271Z,51
2026-08-03T10:29:36Z,50
2026-08-03T10:29:36.154Z,50
2026-08-03T10:29:37Z,49
2026-08-03T10:29:37.968Z,49
2026-08-03T10:29:39Z,48
2026-08-03T10:29:39.676Z,48
2026-08-03T10:29:41Z,47
2026-08-03T10:29:41.477Z,47
2026-08-03T10:29:43Z,46
2026-08-03T10:29:45Z,45
2026-08-03T10:29:45.149Z,46
2026-08-03T10:29:45.711Z,45
2026-08-03T10:29:46Z,44
2026-08-03T10:29:48Z,43
2026-08-03T10:29:48.238Z,44
2026-08-03T10:29:48.691Z,43
2026-08-03T10:29:50Z,42
2026-08-03T10:29:50.484Z,42
2026-08-03T10:29:52Z,41
2026-08-03T10:29:52.282Z,41
2026-08-03T10:29:54Z,40
2026-08-03T10:29:55Z,39
2026-08-03T10:29:55.861Z,40
2026-08-03T10:29:57Z,38
2026-08-03T10:29:57.987Z,39
2026-08-03T10:29:58.394Z,38
2026-08-03T10:29:59Z,37
2026-08-03T10:29:59.495Z,37
2026-08-03T10:30:01Z,36
2026-08-03T10:30:03Z,35
2026-08-03T10:30:04Z,34
2026-08-03T10:30:06Z,33
2026-08-03T10:30:08Z,32
2026-08-03T10:30:10Z,31
2026-08-03T10:30:12Z,30
2026-08-03T10:30:12.584Z,36
2026-08-03T10:30:13Z,29
2026-08-03T10:30:13.381Z,35
2026-08-03T10:30:13.652Z,34
2026-08-03T10:30:14.305Z,33
2026-08-03T10:30:14.537Z,32
2026-08-03T10:30:15Z,28
2026-08-03T10:30:15.049Z,31
2026-08-03T10:30:16.019Z,30
2026-08-03T10:30:16.391Z,29
2026-08-03T10:30:17Z,27
2026-08-03T10:30:18.434Z,28
2026-08-03T10:30:19Z,26
2026-08-03T10:30:19.569Z,27
2026-08-03T10:30:19.877Z,26
2026-08-03T10:30:21Z,25
2026-08-03T10:30:21.282Z,25
2026-08-03T10:30:23Z,24
2026-08-03T10:30:23.286Z,24
2026-08-03T10:30:24Z,23
2026-08-03T10:30:24.885Z,23
2026-08-03T10:30:26Z,22
2026-08-03T10:30:26.684Z,22
2026-08-03T10:30:28Z,21
2026-08-03T10:30:28.485Z,21
2026-08-03T10:30:30Z,20
2026-08-03T10:30:30.297Z,20
2026-08-03T10:30:32Z,19
2026-08-03T10:30:33Z,18
2026-08-03T10:30:33.207Z,19
2026-08-03T10:30:33.921Z,18
2026-08-03T10:30:35Z,17
2026-08-03T10:30:35.696Z,17
2026-08-03T10:30:37Z,16
2026-08-03T10:30:37.508Z,16
2026-08-03T10:30:39Z,15
2026-08-03T10:30:39.306Z,15
2026-08-03T10:30:41Z,14
2026-08-03T10:30:41.145Z,14
2026-08-03T10:30:42Z,13
2026-08-03T10:30:42.91Z,13
2026-08-03T10:30:44Z,12
2026-08-03T10:30:44.717Z,12
2026-08-03T10:30:46Z,11
2026-08-03T10:30:47.969Z,11
2026-08-03T10:30:48Z,10
2026-08-03T10:30:48.342Z,10
2026-08-03T10:30:50Z,9
2026-08-03T10:30:50.122Z,9
2026-08-03T10:30:51Z,8
2026-08-03T10:30:51.916Z,8
2026-08-03T10:30:53Z,7
2026-08-03T10:30:53.713Z,7
2026-08-03T10:30:55Z,6
2026-08-03T10:30:55.525Z,6
2026-08-03T10:30:57Z,5
2026-08-03T10:30:57.325Z,5
2026-08-03T10:30:59Z,4
2026-08-03T10:30:59.128Z,4
2026-08-03T10:31:00Z,3
2026-08-03T10:31:02Z,2
2026-08-03T10:31:04Z,1
2026-08-03T10:31:05Z,0
2026-08-03T10:31:05.585Z,3
2026-08-03T10:31:06.015Z,2
2026-08-03T10:31:06.469Z,1
2026-08-03T10:31:06.984Z,0
2026-08-03T10:31:07.033Z,0
2026-08-03T11:02:32Z,0
2026-08-03T11:02:33Z,1
2026-08-03T11:02:35Z,2
2026-08-03T11:02:35.289Z,0
2026-08-03T11:02:35.331Z,0
2026-08-03T11:02:36.211Z,1
2026-08-03T11:02:36.406Z,2
2026-08-03T11:02:37Z,3
2026-08-03T11:02:37.599Z,3
2026-08-03T11:02:39Z,4
2026-08-03T11:02:39.321Z,4
2026-08-03T11:02:41Z,5
2026-08-03T11:02:41.129Z,5
2026-08-03T11:02:42Z,6
2026-08-03T11:02:43.539Z,6
2026-08-03T11:02:44Z,7
2026-08-03T11:02:45.831Z,7
2026-08-03T11:02:46Z,8
2026-08-03T11:02:46.552Z,8
2026-08-03T11:02:48Z,9
2026-08-03T11:02:48.362Z,9
2026-08-03T11:02:50Z,10
2026-08-03T11:02:50.169Z,10
2026-08-03T11:02:51Z,11
2026-08-03T11:02:52.008Z,11
2026-08-03T11:02:53Z,12
2026-08-03T11:02:55Z,13
2026-08-03T11:02:57Z,14
2026-08-03T11:02:59Z,15
2026-08-03T11:02:59.348Z,12
2026-08-03T11:02:59.666Z,13
2026-08-03T11:02:59.864Z,14
2026-08-03T11:03:00Z,16
2026-08-03T11:03:02Z,17
2026-08-03T11:03:02.426Z,15
2026-08-03T11:03:03.128Z,16
2026-08-03T11:03:03.436Z,17
2026-08-03T11:03:04Z,18
2026-08-03T11:03:04.629Z,18
2026-08-03T11:03:06Z,19
2026-08-03T11:03:06.441Z,19
2026-08-03T11:03:08Z,20
2026-08-03T11:03:08.486Z,20
2026-08-03T11:03:10Z,21
2026-08-03T11:03:11Z,22
2026-08-03T11:03:13Z,23
2026-08-03T11:03:13.443Z,21
2026-08-03T11:03:13.809Z,22
2026-08-03T11:03:15Z,24
2026-08-03T11:03:16.253Z,23
2026-08-03T11:03:17Z,25
2026-08-03T11:03:17.071Z,24
2026-08-03T11:03:17.517Z,25
2026-08-03T11:03:19Z,26
2026-08-03T11:03:19.204Z,26
2026-08-03T11:03:20Z,27
2026-08-03T11:03:21.014Z,27
2026-08-03T11:03:22Z,28
2026-08-03T11:03:22.839Z,28
2026-08-03T11:03:24Z,29
2026-08-03T11:03:24.68Z,29
2026-08-03T11:03:26Z,30
2026-08-03T11:03:26.424Z,30
2026-08-03T11:03:28Z,31
2026-08-03T11:03:28.281Z,31
2026-08-03T11:03:29Z,32
2026-08-03T11:03:31Z,33
2026-08-03T11:03:31.349Z,32
2026-08-03T11:03:31.856Z,33
2026-08-03T11:03:33Z,34
2026-08-03T11:03:33.673Z,34
2026-08-03T11:03:35Z,35
2026-08-03T11:03:35.443Z,35
2026-08-03T11:03:37Z,36
2026-08-03T11:03:37.269Z,36
2026-08-03T11:03:39Z,37
2026-08-03T11:03:39.097Z,37
2026-08-03T11:03:40Z,38
2026-08-03T11:03:40.97Z,38
2026-08-03T11:03:42Z,39
2026-08-03T11:03:43.624Z,39
2026-08-03T11:03:44Z,40
2026-08-03T11:03:46Z,41
2026-08-03T11:03:46.415Z,40
2026-08-03T11:03:46.623Z,41
2026-08-03T11:03:48Z,42
2026-08-03T11:03:48.259Z,42
2026-08-03T11:03:49Z,43
2026-08-03T11:03:49.913Z,43
2026-08-03T11:03:51Z,44
2026-08-03T11:03:51.705Z,44
2026-08-03T11:03:53Z,45
2026-08-03T11:03:53.618Z,45
2026-08-03T11:03:55Z,46
2026-08-03T11:03:55.322Z,46
2026-08-03T11:03:57Z,47
2026-08-03T11:03:57.138Z,47
2026-08-03T11:03:58Z,48
2026-08-03T11:03:59.666Z,48
2026-08-03T11:04:00Z,49
2026-08-03T11:04:02Z,50
2026-08-03T11:04:02.621Z,49
2026-08-03T11:04:02.948Z,50
2026-08-03T11:04:04Z,51
2026-08-03T11:04:04.868Z,51
2026-08-03T11:04:06Z,52
2026-08-03T11:04:06.16Z,52
2026-08-03T11:04:07Z,53
2026-08-03T11:04:07.956Z,53
2026-08-03T11:04:09Z,54
2026-08-03T11:04:09.796Z,54
2026-08-03T11:04:11Z,55
2026-08-03T11:04:11.583Z,55
2026-08-03T11:04:13Z,56
2026-08-03T11:04:13.383Z,56
2026-08-03T11:04:15Z,57
2026-08-03T11:04:16Z,58
2026-08-03T11:04:17.028Z,57
2026-08-03T11:04:17.521Z,58
2026-08-03T11:04:18Z,59
2026-08-03T11:04:18.862Z,59
2026-08-03T11:04:20Z,60
2026-08-03T11:04:21.099Z,60
2026-08-03T11:04:22Z,61
2026-08-03T11:04:22.487Z,61
2026-08-03T11:04:24Z,62
2026-08-03T11:04:24.264Z,62
2026-08-03T11:04:25Z,63
2026-08-03T11:04:26.044Z,63
2026-08-03T11:04:27Z,64
2026-08-03T11:04:27.823Z,64
2026-08-03T11:04:29Z,65
2026-08-03T11:04:31Z,66
2026-08-03T11:04:31.552Z,65
2026-08-03T11:04:31.936Z,66
2026-08-03T11:04:33Z,67
2026-08-03T11:04:33.274Z,67
2026-08-03T11:04:35Z,68
2026-08-03T11:04:35.195Z,68
2026-08-03T11:04:36Z,69
2026-08-03T11:04:36.886Z,69
2026-08-03T11:04:38Z,70
2026-08-03T11:04:38.699Z,70
2026-08-03T11:04:40Z,71
2026-08-03T11:04:40.537Z,71
2026-08-03T11:04:42Z,72
2026-08-03T11:04:43.052Z,72
2026-08-03T11:04:44Z,73
2026-08-03T11:04:44.509Z,73
2026-08-03T11:04:45Z,74
2026-08-03T11:04:46.635Z,74
2026-08-03T11:04:47Z,75
2026-08-03T11:04:47.709Z,75
2026-08-03T11:04:49Z,76
2026-08-03T11:04:49.518Z,76
2026-08-03T11:04:51Z,77
2026-08-03T11:04:51.331Z,77
2026-08-03T11:04:53Z,78
2026-08-03T11:04:54Z,79
2026-08-03T11:04:55.646Z,78
2026-08-03T11:04:56Z,80
2026-08-03T11:04:56.157Z,79
2026-08-03T11:04:56.741Z,80
2026-08-03T11:04:58Z,81
2026-08-03T11:04:59.633Z,81
2026-08-03T11:05:00Z,82
2026-08-03T11:05:02Z,83
2026-08-03T11:05:03Z,84
2026-08-03T11:05:05Z,85
2026-08-03T11:05:07Z,86
2026-08-03T11:05:09Z,87
2026-08-03T11:05:10.825Z,82
2026-08-03T11:05:11Z,88
2026-08-03T11:05:11.287Z,83
2026-08-03T11:05:11.691Z,84
2026-08-03T11:05:12Z,89
2026-08-03T11:05:12.102Z,85
2026-08-03T11:05:12.49Z,86
2026-08-03T11:05:13.297Z,87
2026-08-03T11:05:14Z,90
2026-08-03T11:05:14.108Z,88
2026-08-03T11:05:14.322Z,89
2026-08-03T11:05:16Z,91
2026-08-03T11:05:16.914Z,90
2026-08-03T11:05:17.244Z,91
2026-08-03T11:05:18Z,92
2026-08-03T11:05:18.423Z,92
2026-08-03T11:05:20Z,94
2026-08-03T11:05:20.499Z,94
2026-08-03T11:05:22Z,95
2026-08-03T11:05:22.253Z,95
2026-08-03T11:05:23Z,96
2026-08-03T11:05:24.141Z,96
2026-08-03T11:05:25Z,97
2026-08-03T11:05:26.553Z,97
2026-08-03T11:05:27Z,98
2026-08-03T11:05:27.661Z,98
2026-08-03T11:05:29Z,99
2026-08-03T11:05:29.482Z,99
2026-08-03T11:05:31Z,100
2026-08-03T11:05:31.847Z,100
2026-08-03T11:05:31.931Z,100
2026-08-03T11:05:33.02Z,100
2026-08-03T11:16:19Z,100
2026-08-03T11:16:21Z,100
2026-08-03T11:16:22Z,99
2026-08-03T11:16:22.083Z,100
2026-08-03T11:16:24Z,98
2026-08-03T11:16:24.612Z,100
2026-08-03T11:16:24.665Z,100
2026-08-03T11:16:25.175Z,99
2026-08-03T11:16:25.489Z,98
2026-08-03T11:16:26Z,97
2026-08-03T11:16:26.712Z,97
2026-08-03T11:16:28Z,96
2026-08-03T11:16:28.473Z,96
2026-08-03T11:16:30Z,95
2026-08-03T11:16:30.466Z,95
2026-08-03T11:16:31Z,94
2026-08-03T11:16:32.091Z,94
2026-08-03T11:16:33Z,93
2026-08-03T11:16:33.915Z,93
2026-08-03T11:16:35Z,92
2026-08-03T11:16:36.297Z,92
2026-08-03T11:16:37Z,91
2026-08-03T11:16:37.593Z,91
2026-08-03T11:16:39Z,90
2026-08-03T11:16:39.358Z,90
2026-08-03T11:16:40Z,89
2026-08-03T11:16:41.133Z,89
2026-08-03T11:16:42Z,88
2026-08-03T11:16:43.286Z,88
2026-08-03T11:16:44Z,87
2026-08-03T11:16:45.174Z,87
2026-08-03T11:16:46Z,86
2026-08-03T11:16:46.53Z,86
2026-08-03T11:16:48Z,85
2026-08-03T11:16:48.326Z,85
2026-08-03T11:16:50Z,84
2026-08-03T11:16:51Z,83
2026-08-03T11:16:51.296Z,84
2026-08-03T11:16:52.062Z,83
2026-08-03T11:16:53Z,82
2026-08-03T11:16:53.775Z,82
2026-08-03T11:16:55Z,81
2026-08-03T11:16:55.572Z,81
2026-08-03T11:16:57Z,80
2026-08-03T11:16:57.428Z,80
2026-08-03T11:16:59Z,79
2026-08-03T11:16:59.249Z,79
2026-08-03T11:17:00Z,78
2026-08-03T11:17:02Z,77
2026-08-03T11:17:02.498Z,78
2026-08-03T11:17:02.888Z,77
2026-08-03T11:17:04Z,76
2026-08-03T11:17:06Z,75
2026-08-03T11:17:06.471Z,76
2026-08-03T11:17:06.684Z,75
2026-08-03T11:17:08Z,74
2026-08-03T11:17:08.512Z,74
2026-08-03T11:17:10Z,73
2026-08-03T11:17:10.146Z,73
2026-08-03T11:17:11Z,72
2026-08-03T11:17:11.949Z,72
2026-08-03T11:17:13Z,71
2026-08-03T11:17:14.356Z,71
2026-08-03T11:17:15Z,70
2026-08-03T11:17:15.558Z,70
2026-08-03T11:17:17Z,69
2026-08-03T11:17:17.376Z,69
2026-08-03T11:17:19Z,68
2026-08-03T11:17:19.823Z,68
2026-08-03T11:17:20Z,67
2026-08-03T11:17:22Z,66
2026-08-03T11:17:23.966Z,67
2026-08-03T11:17:24Z,65
2026-08-03T11:17:24.383Z,66
2026-08-03T11:17:24.779Z,65
2026-08-03T11:17:26Z,64
2026-08-03T11:17:26.398Z,64
2026-08-03T11:17:28Z,63
2026-08-03T11:17:28.207Z,63
2026-08-03T11:17:29Z,62
2026-08-03T11:17:30.355Z,62
2026-08-03T11:17:31Z,61
2026-08-03T11:17:31.904Z,61
2026-08-03T11:17:33Z,60
2026-08-03T11:17:33.665Z,60
2026-08-03T11:17:35Z,59
2026-08-03T11:17:37Z,58
2026-08-03T11:17:37.112Z,59
2026-08-03T11:17:38Z,57
2026-08-03T11:17:38.619Z,58
2026-08-03T11:17:39.108Z,57
2026-08-03T11:17:40Z,56
2026-08-03T11:17:40.889Z,56
2026-08-03T11:17:42Z,55
2026-08-03T11:17:42.687Z,55
2026-08-03T11:17:44Z,54
2026-08-03T11:17:44.518Z,54
2026-08-03T11:17:46Z,53
2026-08-03T11:17:46.303Z,53
2026-08-03T11:17:48Z,52
2026-08-03T11:17:48.122Z,52
2026-08-03T11:17:49Z,51
2026-08-03T11:17:51Z,50
2026-08-03T11:17:51.814Z,51
2026-08-03T11:17:52.083Z,50
2026-08-03T11:17:53Z,49
2026-08-03T11:17:53.536Z,49
2026-08-03T11:17:55Z,48
2026-08-03T11:17:55.356Z,48
2026-08-03T11:17:57Z,47
2026-08-03T11:17:57.376Z,47
2026-08-03T11:17:58Z,46
2026-08-03T11:17:59.353Z,46
2026-08-03T11:18:00Z,45
2026-08-03T11:18:02Z,44
2026-08-03T11:18:04Z,43
2026-08-03T11:18:06Z,42
2026-08-03T11:18:08Z,41
2026-08-03T11:18:09Z,40
2026-08-03T11:18:11Z,39
2026-08-03T11:18:13Z,38
2026-08-03T11:18:15Z,37
2026-08-03T11:18:16.784Z,45
2026-08-03T11:18:17Z,36
2026-08-03T11:18:17.014Z,44
2026-08-03T11:18:17.379Z,43
2026-08-03T11:18:18Z,35
2026-08-03T11:18:19.961Z,42
2026-08-03T11:18:20Z,34
2026-08-03T11:18:20.613Z,41
2026-08-03T11:18:21.3Z,40
2026-08-03T11:18:21.52Z,39
2026-08-03T11:18:21.726Z,38
2026-08-03T11:18:22Z,33
2026-08-03T11:18:22.306Z,37
2026-08-03T11:18:22.664Z,36
2026-08-03T11:18:22.972Z,35
2026-08-03T11:18:24Z,32
2026-08-03T11:18:25.487Z,34
2026-08-03T11:18:25.888Z,33
2026-08-03T11:18:26Z,31
2026-08-03T11:18:26.328Z,32
2026-08-03T11:18:26.64Z,31
2026-08-03T11:18:27Z,30
2026-08-03T11:18:28.104Z,30
2026-08-03T11:18:29Z,28
2026-08-03T11:18:30.782Z,28
2026-08-03T11:18:31Z,27
2026-08-03T11:18:32.942Z,27
2026-08-03T11:18:33Z,26
2026-08-03T11:18:33.575Z,26
2026-08-03T11:18:35Z,25
2026-08-03T11:18:37Z,24
2026-08-03T11:18:37.371Z,25
2026-08-03T11:18:37.697Z,24
2026-08-03T11:18:38Z,23
2026-08-03T11:18:38.98Z,23
2026-08-03T11:18:40Z,22
2026-08-03T11:18:40.773Z,22
2026-08-03T11:18:42Z,21
2026-08-03T11:18:42.594Z,21
2026-08-03T11:18:44Z,20
2026-08-03T11:18:44.44Z,20
2026-08-03T11:18:46Z,19
2026-08-03T11:18:46.201Z,19
2026-08-03T11:18:47Z,18
2026-08-03T11:18:48.012Z,18
2026-08-03T11:18:49Z,17
2026-08-03T11:18:49.804Z,17
2026-08-03T11:18:51Z,16
2026-08-03T11:18:52.284Z,16
2026-08-03T11:18:53Z,15
2026-08-03T11:18:53.41Z,15
2026-08-03T11:18:55Z,14
2026-08-03T11:18:55.53Z,14
2026-08-03T11:18:56Z,13
2026-08-03T11:18:57.515Z,13
2026-08-03T11:18:58Z,12
2026-08-03T11:18:58.852Z,12
2026-08-03T11:19:00Z,11
2026-08-03T11:19:02Z,10
2026-08-03T11:19:02.803Z,11
2026-08-03T11:19:03.404Z,10
2026-08-03T11:19:04Z,9
2026-08-03T11:19:04.259Z,9
2026-08-03T11:19:05Z,8
2026-08-03T11:19:07Z,7
2026-08-03T11:19:07.4Z,8
2026-08-03T11:19:07.906Z,7
2026-08-03T11:19:09Z,6
2026-08-03T11:19:09.676Z,6
2026-08-03T11:19:11Z,5
2026-08-03T11:19:11.475Z,5
2026-08-03T11:19:13Z,4
2026-08-03T11:19:13.286Z,4
2026-08-03T11:19:14Z,3
2026-08-03T11:19:15.458Z,3
2026-08-03T11:19:16Z,2
2026-08-03T11:19:16.901Z,2
2026-08-03T11:19:18Z,1
2026-08-03T11:19:18.713Z,1
2026-08-03T11:19:20Z,0
2026-08-03T11:19:22.892Z,0
2026-08-03T11:19:22.975Z,0
2026-08-03T11:19:23.202Z,0
2026-08-03T11:43:08Z,0
2026-08-03T11:43:10Z,1
2026-08-03T11:43:11.315Z,0
2026-08-03T11:43:11.365Z,0
2026-08-03T11:43:12Z,2
2026-08-03T11:43:14Z,3
2026-08-03T11:43:14.6Z,1
2026-08-03T11:43:14.966Z,2
2026-08-03T11:43:15.332Z,3
2026-08-03T11:43:16Z,4
2026-08-03T11:43:17Z,5
2026-08-03T11:43:17.464Z,4
2026-08-03T11:43:18.29Z,5
2026-08-03T11:43:19Z,6
2026-08-03T11:43:19.797Z,6
2026-08-03T11:43:21Z,7
2026-08-03T11:43:21.597Z,7
2026-08-03T11:43:23Z,8
2026-08-03T11:43:23.457Z,8
2026-08-03T11:43:25Z,9
2026-08-03T11:43:25.214Z,9
2026-08-03T11:43:26Z,10
2026-08-03T11:43:27.032Z,10
2026-08-03T11:43:28Z,11
2026-08-03T11:43:28.829Z,11
2026-08-03T11:43:30Z,12
2026-08-03T11:43:32Z,13
2026-08-03T11:43:32.923Z,12
2026-08-03T11:43:33.607Z,13
2026-08-03T11:43:34Z,14
2026-08-03T11:43:34.27Z,14
2026-08-03T11:43:35Z,15
2026-08-03T11:43:36.135Z,15
2026-08-03T11:43:37Z,16
2026-08-03T11:43:37.866Z,16
2026-08-03T11:43:39Z,17
2026-08-03T11:43:39.669Z,17
2026-08-03T11:43:41Z,18
2026-08-03T11:43:41.486Z,18
2026-08-03T11:43:43Z,19
2026-08-03T11:43:43.301Z,19
2026-08-03T11:43:45Z,20
2026-08-03T11:43:47Z,21
2026-08-03T11:43:48Z,22
2026-08-03T11:43:48.206Z,20
2026-08-03T11:43:49.03Z,21
2026-08-03T11:43:49.351Z,22
2026-08-03T11:43:50Z,23
2026-08-03T11:43:51.593Z,23
2026-08-03T11:43:52Z,24
2026-08-03T11:43:52.592Z,24
2026-08-03T11:43:54Z,25
2026-08-03T11:43:54.406Z,25
2026-08-03T11:43:56Z,26
2026-08-03T11:43:56.202Z,26
2026-08-03T11:43:57Z,27
2026-08-03T11:43:58.006Z,27
2026-08-03T11:43:59Z,28
2026-08-03T11:43:59.822Z,28
2026-08-03T11:44:01Z,29
2026-08-03T11:44:03Z,30
2026-08-03T11:44:04.024Z,29
2026-08-03T11:44:04.241Z,30
2026-08-03T11:44:05Z,31
2026-08-03T11:44:05.24Z,31
2026-08-03T11:44:06Z,32
2026-08-03T11:44:07.137Z,32
2026-08-03T11:44:08Z,33
2026-08-03T11:44:09.128Z,33
2026-08-03T11:44:10Z,34
2026-08-03T11:44:10.665Z,34
2026-08-03T11:44:12Z,35
2026-08-03T11:44:12.474Z,35
2026-08-03T11:44:14Z,36
2026-08-03T11:44:14.285Z,36
2026-08-03T11:44:16Z,37
2026-08-03T11:44:17Z,38
2026-08-03T11:44:17.633Z,37
2026-08-03T11:44:18.464Z,38
2026-08-03T11:44:19Z,39
2026-08-03T11:44:19.7Z,39
2026-08-03T11:44:21Z,40
2026-08-03T11:44:21.503Z,40
2026-08-03T11:44:23Z,41
2026-08-03T11:44:23.405Z,41
2026-08-03T11:44:25Z,42
2026-08-03T11:44:26Z,43
2026-08-03T11:44:27.582Z,42
2026-08-03T11:44:28Z,44
2026-08-03T11:44:28.208Z,43
2026-08-03T11:44:28.77Z,44
2026-08-03T11:44:30Z,45
2026-08-03T11:44:32Z,46
2026-08-03T11:44:32.573Z,45
2026-08-03T11:44:32.788Z,46
2026-08-03T11:44:34Z,47
2026-08-03T11:44:34.201Z,47
2026-08-03T11:44:35Z,48
2026-08-03T11:44:35.965Z,48
2026-08-03T11:44:37Z,49
2026-08-03T11:44:37.771Z,49
2026-08-03T11:44:39Z,50
2026-08-03T11:44:39.572Z,50
2026-08-03T11:44:41Z,51
2026-08-03T11:44:42.441Z,51
2026-08-03T11:44:43Z,52
2026-08-03T11:44:43.355Z,52
2026-08-03T11:44:44Z,53
2026-08-03T11:44:44.988Z,53
2026-08-03T11:44:46Z,54
2026-08-03T11:44:47.835Z,54
2026-08-03T11:44:48Z,55
2026-08-03T11:44:48.628Z,55
2026-08-03T11:44:50Z,56
2026-08-03T11:44:50.414Z,56
2026-08-03T11:44:52Z,57
2026-08-03T11:44:53Z,58
2026-08-03T11:44:53.595Z,57
2026-08-03T11:44:54.411Z,58
2026-08-03T11:44:55Z,59
2026-08-03T11:44:55.836Z,59
2026-08-03T11:44:57Z,60
2026-08-03T11:44:57.642Z,60
2026-08-03T11:44:59Z,61
2026-08-03T11:44:59.47Z,61
2026-08-03T11:45:01Z,62
2026-08-03T11:45:03Z,63
2026-08-03T11:45:04Z,64
2026-08-03T11:45:06Z,65
2026-08-03T11:45:08Z,66
2026-08-03T11:45:10Z,67
2026-08-03T11:45:12Z,68
2026-08-03T11:45:12.344Z,62
2026-08-03T11:45:12.646Z,63
2026-08-03T11:45:13Z,69
2026-08-03T11:45:13.198Z,64
2026-08-03T11:45:14.209Z,65
2026-08-03T11:45:14.432Z,66
2026-08-03T11:45:14.661Z,67
2026-08-03T11:45:15Z,70
2026-08-03T11:45:15.047Z,68
2026-08-03T11:45:15.718Z,69
2026-08-03T11:45:17Z,71
2026-08-03T11:45:17.894Z,70
2026-08-03T11:45:18.123Z,71
2026-08-03T11:45:19Z,72
2026-08-03T11:45:20.242Z,72
2026-08-03T11:45:21Z,73
2026-08-03T11:45:21.314Z,73
2026-08-03T11:45:22Z,75
2026-08-03T11:45:23.016Z,75
2026-08-03T11:45:24Z,76
2026-08-03T11:45:24.817Z,76
2026-08-03T11:45:26Z,77
2026-08-03T11:45:26.661Z,77
2026-08-03T11:45:28Z,78
2026-08-03T11:45:28.43Z,78
2026-08-03T11:45:30Z,79
2026-08-03T11:45:30.454Z,79
2026-08-03T11:45:32Z,80
2026-08-03T11:45:32.988Z,80
2026-08-03T11:45:33Z,81
2026-08-03T11:45:33.857Z,81
2026-08-03T11:45:35Z,82
2026-08-03T11:45:36.591Z,82
2026-08-03T11:45:37Z,83
2026-08-03T11:45:37.572Z,83
2026-08-03T11:45:39Z,84
2026-08-03T11:45:39.282Z,84
2026-08-03T11:45:41Z,85
2026-08-03T11:45:41.273Z,85
2026-08-03T11:45:42Z,86
2026-08-03T11:45:42.901Z,86
2026-08-03T11:45:44Z,87
2026-08-03T11:45:44.705Z,87
2026-08-03T11:45:46Z,88
2026-08-03T11:45:48Z,89
2026-08-03T11:45:48.16Z,88
2026-08-03T11:45:48.424Z,89
2026-08-03T11:45:50Z,90
2026-08-03T11:45:50.127Z,90
2026-08-03T11:45:51Z,91
2026-08-03T11:45:52.93Z,91
2026-08-03T11:45:53Z,92
2026-08-03T11:45:53.736Z,92
2026-08-03T11:45:55Z,93
2026-08-03T11:45:55.56Z,93
2026-08-03T11:45:57Z,94
2026-08-03T11:45:57.362Z,94
2026-08-03T11:45:59Z,95
2026-08-03T11:45:59.163Z,95
2026-08-03T11:46:01Z,96
2026-08-03T11:46:02Z,97
2026-08-03T11:46:04Z,98
2026-08-03T11:46:04.998Z,96
2026-08-03T11:46:05.357Z,97
2026-08-03T11:46:05.804Z,98
2026-08-03T11:46:06Z,99
2026-08-03T11:46:07.074Z,99
2026-08-03T11:46:08Z,100
2026-08-03T11:46:09.067Z,100
2026-08-03T11:46:09.116Z,100
2026-08-03T11:46:09.819Z,100
2026-08-03T11:56:51Z,100
2026-08-03T11:56:52Z,100
2026-08-03T11:56:53Z,99
2026-08-03T11:56:54.51Z,100
2026-08-03T11:56:55Z,98
2026-08-03T11:56:57Z,97
2026-08-03T11:56:57.168Z,100
2026-08-03T11:56:57.218Z,100
2026-08-03T11:56:57.763Z,99
2026-08-03T11:56:58.164Z,98
2026-08-03T11:56:58.695Z,97
2026-08-03T11:56:59Z,96
2026-08-03T11:56:59.408Z,96
2026-08-03T11:57:01Z,95
2026-08-03T11:57:02Z,94
2026-08-03T11:57:02.764Z,95
2026-08-03T11:57:03.787Z,94
2026-08-03T11:57:04Z,93
2026-08-03T11:57:04.828Z,93
2026-08-03T11:57:06Z,92
2026-08-03T11:57:07.814Z,92
2026-08-03T11:57:08Z,91
2026-08-03T11:57:09.738Z,91
2026-08-03T11:57:10Z,90
2026-08-03T11:57:10.259Z,90
2026-08-03T11:57:11Z,89
2026-08-03T11:57:12.176Z,89
2026-08-03T11:57:13Z,88
2026-08-03T11:57:13.859Z,88
2026-08-03T11:57:15Z,87
2026-08-03T11:57:15.679Z,87
2026-08-03T11:57:17Z,86
2026-08-03T11:57:17.474Z,86
2026-08-03T11:57:19Z,85
2026-08-03T11:57:20.164Z,85
2026-08-03T11:57:21Z,84
2026-08-03T11:57:22Z,83
2026-08-03T11:57:23.2Z,84
2026-08-03T11:57:23.984Z,83
2026-08-03T11:57:24Z,82
2026-08-03T11:57:24.78Z,82
2026-08-03T11:57:26Z,81
2026-08-03T11:57:26.51Z,81
2026-08-03T11:57:28Z,80
2026-08-03T11:57:28.315Z,80
2026-08-03T11:57:30Z,79
2026-08-03T11:57:30.135Z,79
2026-08-03T11:57:31Z,78
2026-08-03T11:57:31.985Z,78
2026-08-03T11:57:33Z,77
2026-08-03T11:57:33.757Z,77
2026-08-03T11:57:35Z,76
2026-08-03T11:57:37Z,75
2026-08-03T11:57:37.777Z,76
2026-08-03T11:57:38.492Z,75
2026-08-03T11:57:39Z,74
2026-08-03T11:57:39.234Z,74
2026-08-03T11:57:41Z,73
2026-08-03T11:57:42Z,72
2026-08-03T11:57:42.087Z,73
2026-08-03T11:57:43.764Z,72
2026-08-03T11:57:44Z,71
2026-08-03T11:57:44.661Z,71
2026-08-03T11:57:46Z,70
2026-08-03T11:57:46.468Z,70
2026-08-03T11:57:48Z,69
2026-08-03T11:57:48.267Z,69
2026-08-03T11:57:50Z,68
2026-08-03T11:57:50.172Z,68
2026-08-03T11:57:51Z,67
2026-08-03T11:57:52.912Z,67
2026-08-03T11:57:53Z,66
2026-08-03T11:57:53.724Z,66
2026-08-03T11:57:55Z,65
2026-08-03T11:57:55.536Z,65
2026-08-03T11:57:57Z,64
2026-08-03T11:57:57.668Z,64
2026-08-03T11:57:59Z,63
2026-08-03T11:57:59.152Z,63
2026-08-03T11:58:00Z,62
2026-08-03T11:58:02Z,61
2026-08-03T11:58:02.266Z,62
2026-08-03T11:58:02.765Z,61
2026-08-03T11:58:04Z,60
2026-08-03T11:58:04.564Z,60
2026-08-03T11:58:06Z,59
2026-08-03T11:58:08Z,58
2026-08-03T11:58:08.058Z,59
2026-08-03T11:58:08.432Z,58
2026-08-03T11:58:09Z,57
2026-08-03T11:58:09.995Z,57
2026-08-03T11:58:11Z,56
2026-08-03T11:58:11.803Z,56
2026-08-03T11:58:13Z,55
2026-08-03T11:58:14.335Z,55
2026-08-03T11:58:15Z,54
2026-08-03T11:58:15.495Z,54
2026-08-03T11:58:17Z,53
2026-08-03T11:58:19Z,52
2026-08-03T11:58:20Z,51
2026-08-03T11:58:22Z,50
2026-08-03T11:58:24Z,49
2026-08-03T11:58:26Z,48
2026-08-03T11:58:28Z,47
2026-08-03T11:58:29Z,46
2026-08-03T11:58:31Z,45
2026-08-03T11:58:31.378Z,53
2026-08-03T11:58:32.267Z,52
2026-08-03T11:58:32.919Z,51
2026-08-03T11:58:33Z,44
2026-08-03T11:58:35Z,43
2026-08-03T11:58:35.069Z,50
2026-08-03T11:58:35.856Z,49
2026-08-03T11:58:36.498Z,48
2026-08-03T11:58:36.958Z,47
2026-08-03T11:58:37Z,42
2026-08-03T11:58:37.209Z,46
2026-08-03T11:58:37.482Z,45
2026-08-03T11:58:37.963Z,44
2026-08-03T11:58:38Z,41
2026-08-03T11:58:38.384Z,43
2026-08-03T11:58:40Z,40
2026-08-03T11:58:40.532Z,42
2026-08-03T11:58:41.336Z,41
2026-08-03T11:58:42Z,39
2026-08-03T11:58:42.133Z,40
2026-08-03T11:58:42.588Z,39
2026-08-03T11:58:44Z,38
2026-08-03T11:58:44.403Z,38
2026-08-03T11:58:46Z,37
2026-08-03T11:58:46.2Z,37
2026-08-03T11:58:47Z,36
2026-08-03T11:58:48.004Z,36
2026-08-03T11:58:49Z,35
2026-08-03T11:58:49.827Z,35
2026-08-03T11:58:51Z,34
2026-08-03T11:58:53Z,33
2026-08-03T11:58:53.518Z,34
2026-08-03T11:58:54.359Z,33
2026-08-03T11:58:55Z,32
2026-08-03T11:58:55.229Z,32
2026-08-03T11:58:56Z,31
2026-08-03T11:58:57.267Z,31
2026-08-03T11:58:58Z,30
2026-08-03T11:58:58.888Z,30
2026-08-03T11:59:00Z,29
2026-08-03T11:59:02Z,28
2026-08-03T11:59:02.781Z,29
2026-08-03T11:59:04Z,27
2026-08-03T11:59:04.24Z,28
2026-08-03T11:59:04.509Z,27
2026-08-03T11:59:06Z,26
2026-08-03T11:59:06.077Z,26
2026-08-03T11:59:07Z,25
2026-08-03T11:59:09Z,24
2026-08-03T11:59:09.104Z,25
2026-08-03T11:59:09.693Z,24
2026-08-03T11:59:11Z,23
2026-08-03T11:59:11.499Z,23
2026-08-03T11:59:13Z,22
2026-08-03T11:59:13.894Z,22
2026-08-03T11:59:15Z,21
2026-08-03T11:59:15.114Z,21
2026-08-03T11:59:16Z,20
2026-08-03T11:59:16.915Z,20
2026-08-03T11:59:18Z,19
2026-08-03T11:59:18.723Z,19
2026-08-03T11:59:20Z,18
2026-08-03T11:59:20.538Z,18
2026-08-03T11:59:22Z,17
2026-08-03T11:59:23.849Z,17
2026-08-03T11:59:24Z,16
2026-08-03T11:59:24.765Z,16
2026-08-03T11:59:25Z,15
2026-08-03T11:59:26.212Z,15
2026-08-03T11:59:27Z,14
2026-08-03T11:59:27.991Z,14
2026-08-03T11:59:29Z,13
2026-08-03T11:59:29.573Z,13
2026-08-03T11:59:31Z,12
2026-08-03T11:59:31.38Z,12
2026-08-03T11:59:33Z,11
2026-08-03T11:59:33.182Z,11
2026-08-03T11:59:34Z,10
2026-08-03T11:59:34.991Z,10
2026-08-03T11:59:36Z,9
2026-08-03T11:59:38Z,8
2026-08-03T11:59:38.825Z,9
2026-08-03T11:59:39.165Z,8
2026-08-03T11:59:40Z,7
2026-08-03T11:59:40.412Z,7
2026-08-03T11:59:42Z,6
2026-08-03T11:59:42.223Z,6
2026-08-03T11:59:43Z,5
2026-08-03T11:59:44.027Z,5
2026-08-03T11:59:45Z,3
2026-08-03T11:59:46.107Z,3
2026-08-03T11:59:47Z,2
2026-08-03T11:59:48.624Z,2
2026-08-03T11:59:49Z,1
2026-08-03T11:59:49.559Z,1
2026-08-03T11:59:51Z,0
2026-08-03T11:59:51.374Z,0
2026-08-03T11:59:51.439Z,0
2026-08-03T11:59:52Z,0
2026-08-03T11:59:54.398Z,0
2026-08-03T12:29:27Z,0
2026-08-03T12:29:29Z,1
2026-08-03T12:29:29.913Z,0
2026-08-03T12:29:29.965Z,0
2026-08-03T12:29:30.786Z,1
2026-08-03T12:29:31Z,2
2026-08-03T12:29:31.362Z,2
2026-08-03T12:29:33Z,3
2026-08-03T12:29:33.177Z,3
2026-08-03T12:29:34Z,4
2026-08-03T12:29:36Z,5
2026-08-03T12:29:37.045Z,4
2026-08-03T12:29:37.456Z,5
2026-08-03T12:29:38Z,6
2026-08-03T12:29:38.616Z,6
2026-08-03T12:29:40Z,7
2026-08-03T12:29:40.422Z,7
2026-08-03T12:29:42Z,8
2026-08-03T12:29:42.462Z,8
2026-08-03T12:29:44Z,9
2026-08-03T12:29:44.222Z,9
2026-08-03T12:29:45Z,10
2026-08-03T12:29:46.03Z,10
2026-08-03T12:29:47Z,11
2026-08-03T12:29:48.019Z,11
2026-08-03T12:29:49Z,12
2026-08-03T12:29:51Z,13
2026-08-03T12:29:51.875Z,12
2026-08-03T12:29:52.335Z,13
2026-08-03T12:29:53Z,14
2026-08-03T12:29:53.279Z,14
2026-08-03T12:29:55Z,15
2026-08-03T12:29:55.102Z,15
2026-08-03T12:29:56Z,16
2026-08-03T12:29:56.889Z,16
2026-08-03T12:29:58Z,17
2026-08-03T12:29:59.295Z,17
2026-08-03T12:30:00Z,18
2026-08-03T12:30:02Z,19
2026-08-03T12:30:04Z,20
2026-08-03T12:30:06Z,21
2026-08-03T12:30:07Z,22
2026-08-03T12:30:09Z,23
2026-08-03T12:30:11Z,24
2026-08-03T12:30:12.154Z,18
2026-08-03T12:30:12.522Z,19
2026-08-03T12:30:13Z,25
2026-08-03T12:30:13.215Z,20
2026-08-03T12:30:15Z,26
2026-08-03T12:30:16Z,27
2026-08-03T12:30:16.084Z,21
2026-08-03T12:30:16.344Z,22
2026-08-03T12:30:16.657Z,23
2026-08-03T12:30:17.05Z,24
2026-08-03T12:30:17.291Z,25
2026-08-03T12:30:17.865Z,26
2026-08-03T12:30:18Z,28
2026-08-03T12:30:18.114Z,27
2026-08-03T12:30:18.8Z,28
2026-08-03T12:30:20Z,29
2026-08-03T12:30:22Z,30
2026-08-03T12:30:22.64Z,29
2026-08-03T12:30:23.16Z,30
2026-08-03T12:30:24Z,31
2026-08-03T12:30:24.236Z,31
2026-08-03T12:30:26Z,32
2026-08-03T12:30:26.195Z,32
2026-08-03T12:30:27Z,33
2026-08-03T12:30:27.845Z,33
2026-08-03T12:30:29Z,34
2026-08-03T12:30:29.648Z,34
2026-08-03T12:30:31Z,35
2026-08-03T12:30:31.453Z,35
2026-08-03T12:30:33Z,36
2026-08-03T12:30:33.259Z,36
2026-08-03T12:30:35Z,37
2026-08-03T12:30:36Z,38
2026-08-03T12:30:37.124Z,37
2026-08-03T12:30:37.683Z,38
2026-08-03T12:30:38Z,39
2026-08-03T12:30:38.693Z,39
2026-08-03T12:30:40Z,40
2026-08-03T12:30:40.498Z,40
2026-08-03T12:30:42Z,41
2026-08-03T12:30:42.712Z,41
2026-08-03T12:30:44Z,42
2026-08-03T12:30:44.2Z,42
2026-08-03T12:30:45Z,43
2026-08-03T12:30:46.016Z,43
2026-08-03T12:30:47Z,44
2026-08-03T12:30:47.823Z,44
2026-08-03T12:30:49Z,45
2026-08-03T12:30:49.627Z,45
2026-08-03T12:30:51Z,46
2026-08-03T12:30:52.663Z,46
2026-08-03T12:30:53Z,47
2026-08-03T12:30:53.248Z,47
2026-08-03T12:30:55Z,49
2026-08-03T12:30:55.052Z,49
2026-08-03T12:30:56Z,50
2026-08-03T12:30:56.87Z,50
2026-08-03T12:30:58Z,51
2026-08-03T12:30:58.674Z,51
2026-08-03T12:31:00Z,52
2026-08-03T12:31:02Z,53
2026-08-03T12:31:02.476Z,52
2026-08-03T12:31:02.949Z,53
2026-08-03T12:31:04Z,54
2026-08-03T12:31:04.769Z,54
2026-08-03T12:31:05Z,55
2026-08-03T12:31:07Z,56
2026-08-03T12:31:07.441Z,55
2026-08-03T12:31:07.957Z,56
2026-08-03T12:31:09Z,57
2026-08-03T12:31:09.521Z,57
2026-08-03T12:31:11Z,58
2026-08-03T12:31:11.316Z,58
2026-08-03T12:31:13Z,59
2026-08-03T12:31:13.14Z,59
2026-08-03T12:31:14Z,60
2026-08-03T12:31:15.738Z,60
2026-08-03T12:31:16Z,61
2026-08-03T12:31:16.737Z,61
2026-08-03T12:31:18Z,62
2026-08-03T12:31:18.537Z,62
2026-08-03T12:31:20Z,63
2026-08-03T12:31:22Z,64
2026-08-03T12:31:23Z,65
2026-08-03T12:31:24.476Z,63
2026-08-03T12:31:25Z,66
2026-08-03T12:31:25.127Z,64
2026-08-03T12:31:25.447Z,65
2026-08-03T12:31:27Z,67
2026-08-03T12:31:27.385Z,66
2026-08-03T12:31:27.648Z,67
2026-08-03T12:31:29Z,68
2026-08-03T12:31:29.411Z,68
2026-08-03T12:31:31Z,69
2026-08-03T12:31:31.187Z,69
2026-08-03T12:31:32Z,70
2026-08-03T12:31:32.998Z,70
2026-08-03T12:31:34Z,71
2026-08-03T12:31:34.803Z,71
2026-08-03T12:31:36Z,72
2026-08-03T12:31:38Z,73
2026-08-03T12:31:38.375Z,72
2026-08-03T12:31:38.901Z,73
2026-08-03T12:31:40Z,74
2026-08-03T12:31:40.244Z,74
2026-08-03T12:31:42Z,75
2026-08-03T12:31:42.051Z,75
2026-08-03T12:31:43Z,76
2026-08-03T12:31:43.929Z,76
2026-08-03T12:31:45Z,77
2026-08-03T12:31:45.66Z,77
2026-08-03T12:31:47Z,78
2026-08-03T12:31:47.532Z,78
2026-08-03T12:31:49Z,79
2026-08-03T12:31:49.303Z,79
2026-08-03T12:31:51Z,80
2026-08-03T12:31:52Z,81
2026-08-03T12:31:52.84Z,80
2026-08-03T12:31:53.823Z,81
2026-08-03T12:31:54Z,82
2026-08-03T12:31:55.103Z,82
2026-08-03T12:31:56Z,83
2026-08-03T12:31:56.529Z,83
2026-08-03T12:31:58Z,84
2026-08-03T12:31:58.331Z,84
2026-08-03T12:32:00Z,85
2026-08-03T12:32:00.153Z,85
2026-08-03T12:32:01Z,86
2026-08-03T12:32:02.706Z,86
2026-08-03T12:32:03Z,87
2026-08-03T12:32:03.762Z,87
2026-08-03T12:32:05Z,88
2026-08-03T12:32:07Z,89
2026-08-03T12:32:07.646Z,88
2026-08-03T12:32:08.125Z,89
2026-08-03T12:32:09Z,90
2026-08-03T12:32:09.283Z,90
2026-08-03T12:32:11Z,91
2026-08-03T12:32:11.089Z,91
2026-08-03T12:32:12Z,92
2026-08-03T12:32:12.895Z,92
2026-08-03T12:32:14Z,93
2026-08-03T12:32:16Z,94
2026-08-03T12:32:16.037Z,93
2026-08-03T12:32:17.363Z,94
2026-08-03T12:32:18Z,95
2026-08-03T12:32:18.46Z,95
2026-08-03T12:32:20Z,96
2026-08-03T12:32:20.284Z,96
2026-08-03T12:32:22Z,97
2026-08-03T12:32:23Z,98
2026-08-03T12:32:23.202Z,97
2026-08-03T12:32:23.895Z,98
2026-08-03T12:32:25Z,99
2026-08-03T12:32:26.218Z,99
2026-08-03T12:32:27Z,100
2026-08-03T12:32:28.446Z,100
2026-08-03T12:32:28.512Z,100
2026-08-03T12:46:48Z,100
2026-08-03T12:46:50Z,100
2026-08-03T12:46:51Z,99
2026-08-03T12:46:51.679Z,100
2026-08-03T12:46:53Z,98
2026-08-03T12:46:54.92Z,100
2026-08-03T12:46:54.979Z,100
2026-08-03T12:46:55Z,97
2026-08-03T12:46:56.036Z,99
2026-08-03T12:46:56.577Z,98
2026-08-03T12:46:57Z,96
2026-08-03T12:46:58.072Z,97
2026-08-03T12:46:59Z,95
2026-08-03T12:47:00.48Z,96
2026-08-03T12:47:00.738Z,95
2026-08-03T12:47:01Z,94
2026-08-03T12:47:02Z,93
2026-08-03T12:47:02.717Z,94
2026-08-03T12:47:02.984Z,93
2026-08-03T12:47:04Z,92
2026-08-03T12:47:04.705Z,92
2026-08-03T12:47:06Z,91
2026-08-03T12:47:06.51Z,91
2026-08-03T12:47:08Z,90
2026-08-03T12:47:08.331Z,90
2026-08-03T12:47:10Z,89
2026-08-03T12:47:10.125Z,89
2026-08-03T12:47:11Z,88
2026-08-03T12:47:12.213Z,88
2026-08-03T12:47:13Z,87
2026-08-03T12:47:14.558Z,87
2026-08-03T12:47:15Z,86
2026-08-03T12:47:15.557Z,86
2026-08-03T12:47:17Z,85
2026-08-03T12:47:17.369Z,85
2026-08-03T12:47:19Z,84
2026-08-03T12:47:19.186Z,84
2026-08-03T12:47:20Z,83
2026-08-03T12:47:20.975Z,83
2026-08-03T12:47:22Z,82
2026-08-03T12:47:22.786Z,82
2026-08-03T12:47:24Z,81
2026-08-03T12:47:24.615Z,81
2026-08-03T12:47:26Z,80
2026-08-03T12:47:26.42Z,80
2026-08-03T12:47:28Z,79
2026-08-03T12:47:29Z,78
2026-08-03T12:47:29.979Z,79
2026-08-03T12:47:30.266Z,78
2026-08-03T12:47:31Z,77
2026-08-03T12:47:31.837Z,77
2026-08-03T12:47:33Z,76
2026-08-03T12:47:33.67Z,76
2026-08-03T12:47:35Z,75
2026-08-03T12:47:35.446Z,75
2026-08-03T12:47:37Z,74
2026-08-03T12:47:37.282Z,74
2026-08-03T12:47:39Z,73
2026-08-03T12:47:39.071Z,73
2026-08-03T12:47:40Z,72
2026-08-03T12:47:40.909Z,72
2026-08-03T12:47:42Z,71
2026-08-03T12:47:44Z,70
2026-08-03T12:47:44.977Z,71
2026-08-03T12:47:45.688Z,70
2026-08-03T12:47:46Z,69
2026-08-03T12:47:46.681Z,69
2026-08-03T12:47:48Z,68
2026-08-03T12:47:48.213Z,68
2026-08-03T12:47:49Z,67
2026-08-03T12:47:50.005Z,67
2026-08-03T12:47:51Z,66
2026-08-03T12:47:51.813Z,66
2026-08-03T12:47:53Z,65
2026-08-03T12:47:53.626Z,65
2026-08-03T12:47:55Z,64
2026-08-03T12:47:56.608Z,64
2026-08-03T12:47:57Z,63
2026-08-03T12:47:57.248Z,63
2026-08-03T12:47:58Z,62
2026-08-03T12:48:00Z,61
2026-08-03T12:48:00.126Z,62
2026-08-03T12:48:02Z,60
2026-08-03T12:48:03.373Z,61
2026-08-03T12:48:03.749Z,60
2026-08-03T12:48:04Z,59
2026-08-03T12:48:04.468Z,59
2026-08-03T12:48:06Z,58
2026-08-03T12:48:06.274Z,58
2026-08-03T12:48:08Z,57
2026-08-03T12:48:08.075Z,57
2026-08-03T12:48:09Z,56
2026-08-03T12:48:09.893Z,56
2026-08-03T12:48:11Z,55
2026-08-03T12:48:13Z,54
2026-08-03T12:48:13.682Z,55
2026-08-03T12:48:15Z,53
2026-08-03T12:48:15.984Z,54
2026-08-03T12:48:16.615Z,53
2026-08-03T12:48:17Z,52
2026-08-03T12:48:17.118Z,52
2026-08-03T12:48:18Z,51
2026-08-03T12:48:18.955Z,51
2026-08-03T12:48:20Z,50
2026-08-03T12:48:21.091Z,50
2026-08-03T12:48:22Z,49
2026-08-03T12:48:23.28Z,49
2026-08-03T12:48:24Z,48
2026-08-03T12:48:24.351Z,48
2026-08-03T12:48:26Z,47
2026-08-03T12:48:26.16Z,47
2026-08-03T12:48:28Z,46
2026-08-03T12:48:29Z,45
2026-08-03T12:48:30.166Z,46
2026-08-03T12:48:30.585Z,45
2026-08-03T12:48:31Z,44
2026-08-03T12:48:31.727Z,44
2026-08-03T12:48:33Z,43
2026-08-03T12:48:34.025Z,43
2026-08-03T12:48:35Z,42
2026-08-03T12:48:35.353Z,42
2026-08-03T12:48:37Z,41
2026-08-03T12:48:37.162Z,41
2026-08-03T12:48:38Z,40
2026-08-03T12:48:40Z,39
2026-08-03T12:48:42Z,38
2026-08-03T12:48:44Z,37
2026-08-03T12:48:46Z,35
2026-08-03T12:48:47Z,34
2026-08-03T12:48:49Z,33
2026-08-03T12:48:51Z,32
2026-08-03T12:48:53Z,31
2026-08-03T12:48:55Z,30
2026-08-03T12:48:56Z,29
2026-08-03T12:48:57.55Z,40
2026-08-03T12:48:57.814Z,39
2026-08-03T12:48:58Z,28
2026-08-03T12:48:58.208Z,38
2026-08-03T12:49:00Z,27
2026-08-03T12:49:00.52Z,37
2026-08-03T12:49:00.942Z,35
2026-08-03T12:49:01.374Z,34
2026-08-03T12:49:01.732Z,33
2026-08-03T12:49:02Z,26
2026-08-03T12:49:02.23Z,32
2026-08-03T12:49:02.647Z,31
2026-08-03T12:49:03.488Z,30
2026-08-03T12:49:04Z,25
2026-08-03T12:49:04.176Z,29
2026-08-03T12:49:06Z,24
2026-08-03T12:49:06.273Z,28
2026-08-03T12:49:07Z,23
2026-08-03T12:49:07.058Z,27
2026-08-03T12:49:07.29Z,26
2026-08-03T12:49:07.668Z,25
2026-08-03T12:49:08.052Z,24
2026-08-03T12:49:08.502Z,23
2026-08-03T12:49:09Z,22
2026-08-03T12:49:09.705Z,22
2026-08-03T12:49:11Z,21
2026-08-03T12:49:12.425Z,21
2026-08-03T12:49:13Z,20
2026-08-03T12:49:15Z,19
2026-08-03T12:49:15.457Z,20
2026-08-03T12:49:15.973Z,19
2026-08-03T12:49:16Z,18
2026-08-03T12:49:17.025Z,18
2026-08-03T12:49:18Z,17
2026-08-03T12:49:18.796Z,17
2026-08-03T12:49:20Z,16
2026-08-03T12:49:20.599Z,16
2026-08-03T12:49:22Z,15
2026-08-03T12:49:22.413Z,15
2026-08-03T12:49:24Z,14
2026-08-03T12:49:24.216Z,14
2026-08-03T12:49:25Z,13
2026-08-03T12:49:26.295Z,13
2026-08-03T12:49:27Z,12
2026-08-03T12:49:28.544Z,12
2026-08-03T12:49:29Z,11
2026-08-03T12:49:30.88Z,11
2026-08-03T12:49:31Z,10
2026-08-03T12:49:31.449Z,10
2026-08-03T12:49:33Z,9
2026-08-03T12:49:33.26Z,9
2026-08-03T12:49:35Z,8
2026-08-03T12:49:35.069Z,8
2026-08-03T12:49:36Z,7
2026-08-03T12:49:36.874Z,7
2026-08-03T12:49:38Z,6
2026-08-03T12:49:38.746Z,6
2026-08-03T12:49:40Z,5
2026-08-03T12:49:40.486Z,5
2026-08-03T12:49:42Z,4
2026-08-03T12:49:42.407Z,4
2026-08-03T12:49:44Z,3
2026-08-03T12:49:45Z,2
2026-08-03T12:49:45.657Z,3
2026-08-03T12:49:46.202Z,2
2026-08-03T12:49:47Z,1
2026-08-03T12:49:47.711Z,1
2026-08-03T12:49:49Z,0
2026-08-03T12:49:49.542Z,0
2026-08-03T12:49:49.594Z,0
2026-08-03T12:49:50.136Z,0
2026-08-04T12:23:20Z,0
2026-08-04T12:23:22Z,1
2026-08-04T12:23:23.54Z,0
2026-08-04T12:23:23.581Z,0
2026-08-04T12:23:23.969Z,1
2026-08-04T12:23:24Z,2
2026-08-04T12:23:24.44Z,2
2026-08-04T12:23:25Z,3
2026-08-04T12:23:25.974Z,3
2026-08-04T12:23:27Z,4
2026-08-04T12:23:28.072Z,4
2026-08-04T12:23:29Z,5
2026-08-04T12:23:29.562Z,5
2026-08-04T12:23:31Z,6
2026-08-04T12:23:31.371Z,6
2026-08-04T12:23:33Z,7
2026-08-04T12:23:33.164Z,7
2026-08-04T12:23:34Z,8
2026-08-04T12:23:36Z,9
2026-08-04T12:23:37.215Z,8
2026-08-04T12:23:37.525Z,9
2026-08-04T12:23:38Z,10
2026-08-04T12:23:38.716Z,10
2026-08-04T12:23:40Z,11
2026-08-04T12:23:40.513Z,11
2026-08-04T12:23:42Z,12
2026-08-04T12:23:42.327Z,12
2026-08-04T12:23:44Z,13
2026-08-04T12:23:44.126Z,13
2026-08-04T12:23:45Z,14
2026-08-04T12:23:46.935Z,14
2026-08-04T12:23:47Z,15
2026-08-04T12:23:49Z,16
2026-08-04T12:23:49.187Z,15
2026-08-04T12:23:51Z,17
2026-08-04T12:23:51.734Z,16
2026-08-04T12:23:52.013Z,17
2026-08-04T12:23:53Z,18
2026-08-04T12:23:53.389Z,18
2026-08-04T12:23:55Z,19
2026-08-04T12:23:55.191Z,19
2026-08-04T12:23:56Z,20
2026-08-04T12:23:57.088Z,20
2026-08-04T12:23:58Z,21
2026-08-04T12:23:58.802Z,21
2026-08-04T12:24:00Z,22
2026-08-04T12:24:02Z,23
2026-08-04T12:24:02.463Z,22
2026-08-04T12:24:02.994Z,23
2026-08-04T12:24:04Z,24
2026-08-04T12:24:04.204Z,24
2026-08-04T12:24:05Z,25
2026-08-04T12:24:07Z,26
2026-08-04T12:24:07.056Z,25
2026-08-04T12:24:09Z,27
2026-08-04T12:24:09.085Z,26
2026-08-04T12:24:10.208Z,27
2026-08-04T12:24:11Z,28
2026-08-04T12:24:11.407Z,28
2026-08-04T12:24:13Z,29
2026-08-04T12:24:13.242Z,29
2026-08-04T12:24:14Z,30
2026-08-04T12:24:15.023Z,30
2026-08-04T12:24:16Z,31
2026-08-04T12:24:16.932Z,31
2026-08-04T12:24:18Z,32
2026-08-04T12:24:18.798Z,32
2026-08-04T12:24:20Z,33
2026-08-04T12:24:22Z,34
2026-08-04T12:24:23Z,35
2026-08-04T12:24:24.286Z,33
2026-08-04T12:24:24.455Z,34
2026-08-04T12:24:24.992Z,35
2026-08-04T12:24:25Z,36
2026-08-04T12:24:25.827Z,36
2026-08-04T12:24:27Z,37
2026-08-04T12:24:27.636Z,37
2026-08-04T12:24:29Z,38
2026-08-04T12:24:29.441Z,38
2026-08-04T12:24:31Z,39
2026-08-04T12:24:31.279Z,39
2026-08-04T12:24:32Z,40
2026-08-04T12:24:33.149Z,40
2026-08-04T12:24:34Z,41
2026-08-04T12:24:36Z,42
2026-08-04T12:24:37.196Z,41
2026-08-04T12:24:37.537Z,42
2026-08-04T12:24:38Z,43
2026-08-04T12:24:38.596Z,43
2026-08-04T12:24:40Z,44
2026-08-04T12:24:40.401Z,44
2026-08-04T12:24:42Z,45
2026-08-04T12:24:42.212Z,45
2026-08-04T12:24:43Z,46
2026-08-04T12:24:44.015Z,46
2026-08-04T12:24:45Z,47
2026-08-04T12:24:45.813Z,47
2026-08-04T12:24:47Z,48
2026-08-04T12:24:47.618Z,48
2026-08-04T12:24:49Z,49
2026-08-04T12:24:49.433Z,49
2026-08-04T12:24:51Z,50
2026-08-04T12:24:52Z,51
2026-08-04T12:24:52.392Z,50
2026-08-04T12:24:54Z,52
2026-08-04T12:24:55.178Z,51
2026-08-04T12:24:55.566Z,52
2026-08-04T12:24:56Z,53
2026-08-04T12:24:56.622Z,53
2026-08-04T12:24:58Z,54
2026-08-04T12:24:58.508Z,54
2026-08-04T12:25:00Z,55
2026-08-04T12:25:00.229Z,55
2026-08-04T12:25:01Z,56
2026-08-04T12:25:03Z,57
2026-08-04T12:25:05Z,58
2026-08-04T12:25:07Z,59
2026-08-04T12:25:09Z,60
2026-08-04T12:25:10Z,61
2026-08-04T12:25:11.619Z,56
2026-08-04T12:25:11.959Z,57
2026-08-04T12:25:12Z,62
2026-08-04T12:25:13.934Z,58
2026-08-04T12:25:14Z,63
2026-08-04T12:25:14.153Z,59
2026-08-04T12:25:15.236Z,60
2026-08-04T12:25:15.542Z,61
2026-08-04T12:25:15.729Z,62
2026-08-04T12:25:16Z,64
2026-08-04T12:25:16.314Z,63
2026-08-04T12:25:16.663Z,64
2026-08-04T12:25:18Z,65
2026-08-04T12:25:18.246Z,65
2026-08-04T12:25:20Z,66
2026-08-04T12:25:21Z,67
2026-08-04T12:25:22.215Z,66
2026-08-04T12:25:22.533Z,67
2026-08-04T12:25:23Z,68
2026-08-04T12:25:23.816Z,68
2026-08-04T12:25:25Z,70
2026-08-04T12:25:25.619Z,70
2026-08-04T12:25:27Z,71
2026-08-04T12:25:27.417Z,71
2026-08-04T12:25:29Z,72
2026-08-04T12:25:29.231Z,72
2026-08-04T12:25:30Z,73
2026-08-04T12:25:31.366Z,73
2026-08-04T12:25:32Z,74
2026-08-04T12:25:32.819Z,74
2026-08-04T12:25:34Z,75
2026-08-04T12:25:34.622Z,75
2026-08-04T12:25:36Z,76
2026-08-04T12:25:38Z,77
2026-08-04T12:25:38.071Z,76
2026-08-04T12:25:38.363Z,77
2026-08-04T12:25:39Z,78
2026-08-04T12:25:40.039Z,78
2026-08-04T12:25:41Z,79
2026-08-04T12:25:41.836Z,79
2026-08-04T12:25:43Z,80
2026-08-04T12:25:43.634Z,80
2026-08-04T12:25:45Z,81
2026-08-04T12:25:45.438Z,81
2026-08-04T12:25:47Z,82
2026-08-04T12:25:47.239Z,82
2026-08-04T12:25:49Z,83
2026-08-04T12:25:49.041Z,83
2026-08-04T12:25:50Z,84
2026-08-04T12:25:52Z,85
2026-08-04T12:25:52.48Z,84
2026-08-04T12:25:52.695Z,85
2026-08-04T12:25:54Z,86
2026-08-04T12:25:54.441Z,86
2026-08-04T12:25:56Z,87
2026-08-04T12:25:56.25Z,87
2026-08-04T12:25:58Z,88
2026-08-04T12:25:58.561Z,88
2026-08-04T12:25:59Z,89
2026-08-04T12:25:59.848Z,89
2026-08-04T12:26:01Z,90
2026-08-04T12:26:03Z,91
2026-08-04T12:26:05Z,92
2026-08-04T12:26:07Z,93
2026-08-04T12:26:08Z,94
2026-08-04T12:26:10Z,95
2026-08-04T12:26:12Z,96
2026-08-04T12:26:14Z,97
2026-08-04T12:26:16Z,98
2026-08-04T12:26:17Z,99
2026-08-04T12:26:19Z,100
2026-08-04T12:26:20Z,100
2026-08-04T12:26:24.054Z,90
2026-08-04T12:26:25.236Z,91
2026-08-04T12:26:25.558Z,92
2026-08-04T12:26:27.553Z,93
2026-08-04T12:26:28.202Z,94
2026-08-04T12:26:28.371Z,95
2026-08-04T12:26:28.735Z,96
2026-08-04T12:26:29.166Z,97
2026-08-04T12:26:29.46Z,98
2026-08-04T12:26:30.134Z,99
2026-08-04T12:26:30.699Z,100
2026-08-04T12:26:30.738Z,100
2026-08-04T12:26:31.288Z,100
2026-08-04T12:43:19Z,100
2026-08-04T12:43:20Z,100
2026-08-04T12:43:20.747Z,100
2026-08-04T12:43:22Z,99
2026-08-04T12:43:23.323Z,100
2026-08-04T12:43:23.375Z,100
2026-08-04T12:43:23.878Z,99
2026-08-04T12:43:24Z,98
2026-08-04T12:43:24.195Z,98
2026-08-04T12:43:25Z,97
2026-08-04T12:43:26.038Z,97
2026-08-04T12:43:27Z,96
2026-08-04T12:43:28.32Z,96
2026-08-04T12:43:29Z,95
2026-08-04T12:43:29.596Z,95
2026-08-04T12:43:31Z,94
2026-08-04T12:43:31.385Z,94
2026-08-04T12:43:33Z,93
2026-08-04T12:43:33.19Z,93
2026-08-04T12:43:35Z,92
2026-08-04T12:43:35.297Z,92
2026-08-04T12:43:36Z,91
2026-08-04T12:43:36.919Z,91
2026-08-04T12:43:38Z,90
2026-08-04T12:43:38.75Z,90
2026-08-04T12:43:40Z,89
2026-08-04T12:43:40.732Z,89
2026-08-04T12:43:42Z,88
2026-08-04T12:43:43.611Z,88
2026-08-04T12:43:44Z,87
2026-08-04T12:43:44.133Z,87
2026-08-04T12:43:45Z,86
2026-08-04T12:43:45.933Z,86
2026-08-04T12:43:47Z,85
2026-08-04T12:43:47.739Z,85
2026-08-04T12:43:49Z,84
2026-08-04T12:43:49.541Z,84
2026-08-04T12:43:51Z,83
2026-08-04T12:43:51.755Z,83
2026-08-04T12:43:53Z,82
2026-08-04T12:43:53.146Z,82
2026-08-04T12:43:54Z,81
2026-08-04T12:43:54.988Z,81
2026-08-04T12:43:56Z,80
2026-08-04T12:43:58Z,79
2026-08-04T12:43:58.627Z,80
2026-08-04T12:43:59.016Z,79
2026-08-04T12:44:00Z,78
2026-08-04T12:44:00.359Z,78
2026-08-04T12:44:02Z,77
2026-08-04T12:44:03Z,76
2026-08-04T12:44:04.635Z,77
2026-08-04T12:44:05Z,75
2026-08-04T12:44:06.777Z,76
2026-08-04T12:44:07Z,74
2026-08-04T12:44:07.096Z,75
2026-08-04T12:44:07.565Z,74
2026-08-04T12:44:09Z,73
2026-08-04T12:44:09.371Z,73
2026-08-04T12:44:11Z,72
2026-08-04T12:44:11.172Z,72
2026-08-04T12:44:12Z,71
2026-08-04T12:44:13.88Z,71
2026-08-04T12:44:14Z,70
2026-08-04T12:44:14.806Z,70
2026-08-04T12:44:16Z,69
2026-08-04T12:44:16.589Z,69
2026-08-04T12:44:18Z,68
2026-08-04T12:44:18.392Z,68
2026-08-04T12:44:20Z,67
2026-08-04T12:44:20.264Z,67
2026-08-04T12:44:21Z,66
2026-08-04T12:44:22.038Z,66
2026-08-04T12:44:23Z,65
2026-08-04T12:44:25Z,64
2026-08-04T12:44:26.09Z,65
2026-08-04T12:44:27Z,63
2026-08-04T12:44:27.701Z,64
2026-08-04T12:44:29Z,62
2026-08-04T12:44:29.927Z,63
2026-08-04T12:44:30.235Z,62
2026-08-04T12:44:31Z,61
2026-08-04T12:44:31.107Z,61
2026-08-04T12:44:32Z,60
2026-08-04T12:44:32.869Z,60
2026-08-04T12:44:34Z,59
2026-08-04T12:44:34.672Z,59
2026-08-04T12:44:36Z,58
2026-08-04T12:44:36.482Z,58
2026-08-04T12:44:38Z,57
2026-08-04T12:44:38.278Z,57
2026-08-04T12:44:40Z,56
2026-08-04T12:44:40.221Z,56
2026-08-04T12:44:41Z,55
2026-08-04T12:44:43Z,54
2026-08-04T12:44:43.99Z,55
2026-08-04T12:44:44.244Z,54
2026-08-04T12:44:45Z,53
2026-08-04T12:44:45.531Z,53
2026-08-04T12:44:47Z,52
2026-08-04T12:44:47.342Z,52
2026-08-04T12:44:49Z,51
2026-08-04T12:44:49.146Z,51
2026-08-04T12:44:50Z,50
2026-08-04T12:44:51.292Z,50
2026-08-04T12:44:52Z,49
2026-08-04T12:44:52.801Z,49
2026-08-04T12:44:54Z,48
2026-08-04T12:44:54.632Z,48
2026-08-04T12:44:56Z,47
2026-08-04T12:44:57.056Z,47
2026-08-04T12:44:58Z,46
2026-08-04T12:44:59Z,45
2026-08-04T12:45:00.074Z,46
2026-08-04T12:45:00.397Z,45
2026-08-04T12:45:01Z,44
2026-08-04T12:45:03Z,43
2026-08-04T12:45:05Z,42
2026-08-04T12:45:07Z,41
2026-08-04T12:45:08Z,40
2026-08-04T12:45:10Z,39
2026-08-04T12:45:11.666Z,44
2026-08-04T12:45:11.991Z,43
2026-08-04T12:45:12Z,38
2026-08-04T12:45:12.308Z,42
2026-08-04T12:45:12.926Z,41
2026-08-04T12:45:13.69Z,40
2026-08-04T12:45:13.993Z,39
2026-08-04T12:45:14Z,37
2026-08-04T12:45:15.93Z,38
2026-08-04T12:45:16Z,36
2026-08-04T12:45:16.55Z,37
2026-08-04T12:45:16.749Z,36
2026-08-04T12:45:18Z,35
2026-08-04T12:45:18.038Z,35
2026-08-04T12:45:19Z,34
2026-08-04T12:45:19.832Z,34
2026-08-04T12:45:21Z,33
2026-08-04T12:45:21.643Z,33
2026-08-04T12:45:23Z,32
2026-08-04T12:45:24.068Z,32
2026-08-04T12:45:25Z,31
2026-08-04T12:45:25.979Z,31
2026-08-04T12:45:27Z,30
2026-08-04T12:45:28Z,29
2026-08-04T12:45:29.196Z,30
2026-08-04T12:45:29.365Z,29
2026-08-04T12:45:30Z,28
2026-08-04T12:45:30.711Z,28
2026-08-04T12:45:32Z,27
2026-08-04T12:45:32.521Z,27
2026-08-04T12:45:34Z,26
2026-08-04T12:45:34.319Z,26
2026-08-04T12:45:36Z,25
2026-08-04T12:45:36.162Z,25
2026-08-04T12:45:37Z,24
2026-08-04T12:45:37.929Z,24
2026-08-04T12:45:39Z,23
2026-08-04T12:45:39.721Z,23
2026-08-04T12:45:41Z,22
2026-08-04T12:45:41.795Z,22
2026-08-04T12:45:43Z,21
2026-08-04T12:45:44.232Z,21
2026-08-04T12:45:45Z,20
2026-08-04T12:45:45.138Z,20
2026-08-04T12:45:46Z,19
2026-08-04T12:45:47.161Z,19
2026-08-04T12:45:48Z,18
2026-08-04T12:45:48.75Z,18
2026-08-04T12:45:50Z,17
2026-08-04T12:45:50.551Z,17
2026-08-04T12:45:52Z,16
2026-08-04T12:45:52.35Z,16
2026-08-04T12:45:54Z,15
2026-08-04T12:45:54.157Z,15
2026-08-04T12:45:55Z,14
2026-08-04T12:45:55.959Z,14
2026-08-04T12:45:57Z,13
2026-08-04T12:45:59Z,12
2026-08-04T12:45:59.332Z,13
2026-08-04T12:46:00.181Z,12
2026-08-04T12:46:01Z,11
2026-08-04T12:46:03Z,10
2026-08-04T12:46:03.005Z,11
2026-08-04T12:46:04Z,9
2026-08-04T12:46:06Z,8
2026-08-04T12:46:06.081Z,10
2026-08-04T12:46:06.376Z,9
2026-08-04T12:46:06.751Z,8
2026-08-04T12:46:08Z,7
2026-08-04T12:46:10Z,6
2026-08-04T12:46:12Z,5
2026-08-04T12:46:14Z,4
2026-08-04T12:46:15Z,3
2026-08-04T12:46:17Z,2
2026-08-04T12:46:19Z,1
2026-08-04T12:46:20Z,0
2026-08-04T12:46:29.015Z,7
2026-08-04T12:46:29.522Z,6
2026-08-04T12:46:31.4Z,5
2026-08-04T12:46:32.05Z,4
2026-08-04T12:46:32.338Z,3
2026-08-04T12:46:32.64Z,2
2026-08-04T12:46:32.951Z,1
2026-08-04T12:46:33.229Z,0
2026-08-04T12:46:33.261Z,0
2026-08-04T13:09:20Z,0
2026-08-04T13:09:21Z,1
2026-08-04T13:09:22.538Z,0
2026-08-04T13:09:22.578Z,0
2026-08-04T13:09:23Z,2
2026-08-04T13:09:23.289Z,1
2026-08-04T13:09:23.797Z,2
2026-08-04T13:09:25Z,3
2026-08-04T13:09:25.594Z,3
2026-08-04T13:09:27Z,4
2026-08-04T13:09:27.398Z,4
2026-08-04T13:09:29Z,5
2026-08-04T13:09:29.2Z,5
2026-08-04T13:09:31Z,6
2026-08-04T13:09:32Z,7
2026-08-04T13:09:33.184Z,6
2026-08-04T13:09:33.403Z,7
2026-08-04T13:09:34Z,8
2026-08-04T13:09:34.769Z,8
2026-08-04T13:09:36Z,9
2026-08-04T13:09:36.515Z,9
2026-08-04T13:09:38Z,10
2026-08-04T13:09:38.306Z,10
2026-08-04T13:09:40Z,11
2026-08-04T13:09:40.109Z,11
2026-08-04T13:09:41Z,12
2026-08-04T13:09:42.426Z,12
2026-08-04T13:09:43Z,13
2026-08-04T13:09:43.79Z,13
2026-08-04T13:09:45Z,14
2026-08-04T13:09:47Z,15
2026-08-04T13:09:47.076Z,14
2026-08-04T13:09:47.574Z,15
2026-08-04T13:09:49Z,16
2026-08-04T13:09:49.2Z,16
2026-08-04T13:09:50Z,17
2026-08-04T13:09:51.389Z,17
2026-08-04T13:09:52Z,18
2026-08-04T13:09:52.827Z,18
2026-08-04T13:09:54Z,19
2026-08-04T13:09:54.608Z,19
2026-08-04T13:09:56Z,20
2026-08-04T13:09:56.414Z,20
2026-08-04T13:09:58Z,21
2026-08-04T13:09:58.215Z,21
2026-08-04T13:10:00Z,22
2026-08-04T13:10:01Z,23
2026-08-04T13:10:02.74Z,22
2026-08-04T13:10:03Z,24
2026-08-04T13:10:05Z,25
2026-08-04T13:10:07Z,26
2026-08-04T13:10:09Z,27
2026-08-04T13:10:10Z,28
2026-08-04T13:10:10.713Z,23
2026-08-04T13:10:11.07Z,24
2026-08-04T13:10:12Z,29
2026-08-04T13:10:12.091Z,25
2026-08-04T13:10:12.425Z,26
2026-08-04T13:10:12.862Z,27
2026-08-04T13:10:13.073Z,28
2026-08-04T13:10:13.237Z,29
2026-08-04T13:10:14Z,30
2026-08-04T13:10:15.436Z,30
2026-08-04T13:10:16Z,31
2026-08-04T13:10:18Z,32
2026-08-04T13:10:19.111Z,31
2026-08-04T13:10:19.3Z,32
2026-08-04T13:10:20Z,33
2026-08-04T13:10:20.201Z,33
2026-08-04T13:10:21Z,34
2026-08-04T13:10:21.995Z,34
2026-08-04T13:10:23Z,35
2026-08-04T13:10:23.807Z,35
2026-08-04T13:10:25Z,36
2026-08-04T13:10:26.085Z,36
2026-08-04T13:10:27Z,37
2026-08-04T13:10:27.41Z,37
2026-08-04T13:10:29Z,38
2026-08-04T13:10:29.228Z,38
2026-08-04T13:10:30Z,39
2026-08-04T13:10:32Z,40
2026-08-04T13:10:32.793Z,39
2026-08-04T13:10:33.297Z,40
2026-08-04T13:10:34Z,41
2026-08-04T13:10:34.604Z,41
2026-08-04T13:10:36Z,42
2026-08-04T13:10:36.43Z,42
2026-08-04T13:10:38Z,43
2026-08-04T13:10:38.23Z,43
2026-08-04T13:10:39Z,44
2026-08-04T13:10:40.013Z,44
2026-08-04T13:10:41Z,45
2026-08-04T13:10:41.832Z,45
2026-08-04T13:10:43Z,46
2026-08-04T13:10:43.709Z,46
2026-08-04T13:10:45Z,47
2026-08-04T13:10:47Z,48
2026-08-04T13:10:47.536Z,47
2026-08-04T13:10:48Z,49
2026-08-04T13:10:48.815Z,48
2026-08-04T13:10:50Z,50
2026-08-04T13:10:51.116Z,49
2026-08-04T13:10:51.392Z,50
2026-08-04T13:10:52Z,51
2026-08-04T13:10:52.772Z,51
2026-08-04T13:10:54Z,52
2026-08-04T13:10:54.451Z,52
2026-08-04T13:10:56Z,53
2026-08-04T13:10:56.268Z,53
2026-08-04T13:10:57Z,54
2026-08-04T13:10:58.071Z,54
2026-08-04T13:10:59Z,55
2026-08-04T13:10:59.978Z,55
2026-08-04T13:11:01Z,56
2026-08-04T13:11:03Z,57
2026-08-04T13:11:04.939Z,56
2026-08-04T13:11:05Z,58
2026-08-04T13:11:05.11Z,57
2026-08-04T13:11:05.361Z,58
2026-08-04T13:11:06Z,59
2026-08-04T13:11:07.1Z,59
2026-08-04T13:11:08Z,60
2026-08-04T13:11:09.94Z,60
2026-08-04T13:11:10Z,61
2026-08-04T13:11:11.394Z,61
2026-08-04T13:11:12Z,62
2026-08-04T13:11:12.494Z,62
2026-08-04T13:11:14Z,63
2026-08-04T13:11:14.358Z,63
2026-08-04T13:11:16Z,64
2026-08-04T13:11:17Z,65
2026-08-04T13:11:19Z,66
2026-08-04T13:11:21Z,67
2026-08-04T13:11:23Z,68
2026-08-04T13:11:25Z,69
2026-08-04T13:11:26Z,70
2026-08-04T13:11:28Z,71
2026-08-04T13:11:30Z,72
2026-08-04T13:11:31.768Z,64
2026-08-04T13:11:32Z,73
2026-08-04T13:11:32.164Z,65
2026-08-04T13:11:32.416Z,66
2026-08-04T13:11:32.631Z,67
2026-08-04T13:11:33.02Z,68
2026-08-04T13:11:33.964Z,69
2026-08-04T13:11:34Z,74
2026-08-04T13:11:34.437Z,70
2026-08-04T13:11:34.605Z,71
2026-08-04T13:11:35Z,75
2026-08-04T13:11:37Z,76
2026-08-04T13:11:37.095Z,72
2026-08-04T13:11:37.721Z,73
2026-08-04T13:11:37.932Z,74
2026-08-04T13:11:38.193Z,75
2026-08-04T13:11:38.493Z,76
2026-08-04T13:11:39Z,77
2026-08-04T13:11:39.705Z,77
2026-08-04T13:11:41Z,78
2026-08-04T13:11:41.848Z,78
2026-08-04T13:11:43Z,79
2026-08-04T13:11:43.298Z,79
2026-08-04T13:11:45Z,80
2026-08-04T13:11:45.121Z,80
2026-08-04T13:11:46Z,81
2026-08-04T13:11:48Z,82
2026-08-04T13:11:48.327Z,81
2026-08-04T13:11:48.715Z,82
2026-08-04T13:11:50Z,83
2026-08-04T13:11:50.526Z,83
2026-08-04T13:11:52Z,84
2026-08-04T13:11:52.42Z,84
2026-08-04T13:11:54Z,85
2026-08-04T13:11:54.147Z,85
2026-08-04T13:11:55Z,86
2026-08-04T13:11:55.963Z,86
2026-08-04T13:11:57Z,87
2026-08-04T13:11:57.736Z,87
2026-08-04T13:11:59Z,88
2026-08-04T13:11:59.539Z,88
2026-08-04T13:12:01Z,89
2026-08-04T13:12:03Z,91
2026-08-04T13:12:04Z,92
2026-08-04T13:12:05.147Z,89
2026-08-04T13:12:05.405Z,91
2026-08-04T13:12:05.591Z,92
2026-08-04T13:12:06Z,93
2026-08-04T13:12:06.739Z,93
2026-08-04T13:12:08Z,94
2026-08-04T13:12:09.203Z,94
2026-08-04T13:12:10Z,95
2026-08-04T13:12:10.679Z,95
2026-08-04T13:12:12Z,96
2026-08-04T13:12:12.285Z,96
2026-08-04T13:12:14Z,97
2026-08-04T13:12:14.099Z,97
2026-08-04T13:12:15Z,98
2026-08-04T13:12:17Z,99
2026-08-04T13:12:18.067Z,98
2026-08-04T13:12:18.463Z,99
2026-08-04T13:12:19Z,100
2026-08-04T13:12:20Z,100
2026-08-04T13:12:20.51Z,100
2026-08-04T13:12:20.57Z,100
2026-08-04T13:12:21.344Z,100
2026-08-04T13:47:14Z,100
2026-08-04T13:47:15Z,100
2026-08-04T13:47:17Z,99
2026-08-04T13:47:17.296Z,100
2026-08-04T13:47:19Z,98
2026-08-04T13:47:20Z,97
2026-08-04T13:47:20.366Z,100
2026-08-04T13:47:20.408Z,100
2026-08-04T13:47:20.846Z,99
2026-08-04T13:47:21.258Z,98
2026-08-04T13:47:22Z,96
2026-08-04T13:47:22.507Z,97
2026-08-04T13:47:22.863Z,96
2026-08-04T13:47:24Z,95
2026-08-04T13:47:24.603Z,95
2026-08-04T13:47:26Z,94
2026-08-04T13:47:26.517Z,94
2026-08-04T13:47:28Z,93
2026-08-04T13:47:29Z,92
2026-08-04T13:47:29.977Z,93
2026-08-04T13:47:30.331Z,92
2026-08-04T13:47:31Z,91
2026-08-04T13:47:32.039Z,91
2026-08-04T13:47:33Z,90
2026-08-04T13:47:33.604Z,90
2026-08-04T13:47:35Z,89
2026-08-04T13:47:35.415Z,89
2026-08-04T13:47:37Z,88
2026-08-04T13:47:37.228Z,88
2026-08-04T13:47:38Z,87
2026-08-04T13:47:39.009Z,87
2026-08-04T13:47:40Z,86
2026-08-04T13:47:40.824Z,86
2026-08-04T13:47:42Z,85
2026-08-04T13:47:42.616Z,85
2026-08-04T13:47:44Z,84
2026-08-04T13:47:44.405Z,84
2026-08-04T13:47:46Z,83
2026-08-04T13:47:46.216Z,83
2026-08-04T13:47:48Z,82
2026-08-04T13:47:49Z,81
2026-08-04T13:47:50.14Z,82
2026-08-04T13:47:50.539Z,81
2026-08-04T13:47:51Z,80
2026-08-04T13:47:51.707Z,80
2026-08-04T13:47:53Z,79
2026-08-04T13:47:53.506Z,79
2026-08-04T13:47:55Z,78
2026-08-04T13:47:55.309Z,78
2026-08-04T13:47:57Z,77
2026-08-04T13:47:57.107Z,77
2026-08-04T13:47:58Z,76
2026-08-04T13:47:58.914Z,76
2026-08-04T13:48:00Z,75
2026-08-04T13:48:02Z,74
2026-08-04T13:48:02.343Z,75
2026-08-04T13:48:02.78Z,74
2026-08-04T13:48:04Z,73
2026-08-04T13:48:05.839Z,73
2026-08-04T13:48:06Z,72
2026-08-04T13:48:06.123Z,72
2026-08-04T13:48:07Z,71
2026-08-04T13:48:08.144Z,71
2026-08-04T13:48:09Z,70
2026-08-04T13:48:11Z,69
2026-08-04T13:48:11.207Z,70
2026-08-04T13:48:11.693Z,69
2026-08-04T13:48:13Z,68
2026-08-04T13:48:13.406Z,68
2026-08-04T13:48:15Z,67
2026-08-04T13:48:15.192Z,67
2026-08-04T13:48:16Z,66
2026-08-04T13:48:17.047Z,66
2026-08-04T13:48:18Z,65
2026-08-04T13:48:20Z,64
2026-08-04T13:48:20.864Z,65
2026-08-04T13:48:21.567Z,64
2026-08-04T13:48:22Z,63
2026-08-04T13:48:22.402Z,63
2026-08-04T13:48:24Z,62
2026-08-04T13:48:24.197Z,62
2026-08-04T13:48:25Z,61
2026-08-04T13:48:26.068Z,61
2026-08-04T13:48:27Z,60
2026-08-04T13:48:27.796Z,60
2026-08-04T13:48:29Z,59
2026-08-04T13:48:29.631Z,59
2026-08-04T13:48:31Z,58
2026-08-04T13:48:32.234Z,58
2026-08-04T13:48:33Z,57
2026-08-04T13:48:35Z,56
2026-08-04T13:48:35.323Z,57
2026-08-04T13:48:35.628Z,56
2026-08-04T13:48:36Z,55
2026-08-04T13:48:36.908Z,55
2026-08-04T13:48:38Z,54
2026-08-04T13:48:38.71Z,54
2026-08-04T13:48:40Z,53
2026-08-04T13:48:40.495Z,53
2026-08-04T13:48:42Z,52
2026-08-04T13:48:42.619Z,52
2026-08-04T13:48:44Z,51
2026-08-04T13:48:44.095Z,51
2026-08-04T13:48:45Z,50
2026-08-04T13:48:45.896Z,50
2026-08-04T13:48:47Z,49
2026-08-04T13:48:47.698Z,49
2026-08-04T13:48:49Z,48
2026-08-04T13:48:49.508Z,48
2026-08-04T13:48:51Z,47
2026-08-04T13:48:51.298Z,47
2026-08-04T13:48:53Z,46
2026-08-04T13:48:54Z,45
2026-08-04T13:48:54.388Z,46
2026-08-04T13:48:56Z,44
2026-08-04T13:48:57.031Z,45
2026-08-04T13:48:57.446Z,44
2026-08-04T13:48:58Z,43
2026-08-04T13:48:58.504Z,43
2026-08-04T13:49:00Z,42
2026-08-04T13:49:00.302Z,42
2026-08-04T13:49:02Z,41
2026-08-04T13:49:02.91Z,41
2026-08-04T13:49:03Z,40
2026-08-04T13:49:04.054Z,40
2026-08-04T13:49:05Z,39
2026-08-04T13:49:05.707Z,39
2026-08-04T13:49:07Z,38
2026-08-04T13:49:07.501Z,38
2026-08-04T13:49:09Z,37
2026-08-04T13:49:11Z,36
2026-08-04T13:49:11.565Z,37
2026-08-04T13:49:12Z,35
2026-08-04T13:49:12.084Z,36
2026-08-04T13:49:12.908Z,35
2026-08-04T13:49:14Z,34
2026-08-04T13:49:14.704Z,34
2026-08-04T13:49:16Z,33
2026-08-04T13:49:16.509Z,33
2026-08-04T13:49:18Z,32
2026-08-04T13:49:18.308Z,32
2026-08-04T13:49:20Z,31
2026-08-04T13:49:21Z,30
2026-08-04T13:49:21.246Z,31
2026-08-04T13:49:22.746Z,30
2026-08-04T13:49:23Z,29
2026-08-04T13:49:25Z,28
2026-08-04T13:49:25.748Z,29
2026-08-04T13:49:26.16Z,28
2026-08-04T13:49:27Z,27
2026-08-04T13:49:27.314Z,27
2026-08-04T13:49:29Z,26
2026-08-04T13:49:29.11Z,26
2026-08-04T13:49:30Z,25
2026-08-04T13:49:30.914Z,25
2026-08-04T13:49:32Z,24
2026-08-04T13:49:32.731Z,24
2026-08-04T13:49:34Z,23
2026-08-04T13:49:34.53Z,23
2026-08-04T13:49:36Z,22
2026-08-04T13:49:36.64Z,22
2026-08-04T13:49:38Z,21
2026-08-04T13:49:38.123Z,21
2026-08-04T13:49:39Z,20
2026-08-04T13:49:40.777Z,20
2026-08-04T13:49:41Z,19
2026-08-04T13:49:41.716Z,19
2026-08-04T13:49:43Z,18
2026-08-04T13:49:43.54Z,18
2026-08-04T13:49:45Z,17
2026-08-04T13:49:45.322Z,17
2026-08-04T13:49:47Z,16
2026-08-04T13:49:48Z,15
2026-08-04T13:49:48.772Z,16
2026-08-04T13:49:49.322Z,15
2026-08-04T13:49:50Z,14
2026-08-04T13:49:50.725Z,14
2026-08-04T13:49:52Z,13
2026-08-04T13:49:52.706Z,13
2026-08-04T13:49:54Z,12
2026-08-04T13:49:55.753Z,12
2026-08-04T13:49:56Z,11
2026-08-04T13:49:56.374Z,11
2026-08-04T13:49:57Z,10
2026-08-04T13:49:57.927Z,10
2026-08-04T13:49:59Z,9
2026-08-04T13:49:59.73Z,9
2026-08-04T13:50:01Z,8
2026-08-04T13:50:03Z,7
2026-08-04T13:50:05Z,6
2026-08-04T13:50:06Z,5
2026-08-04T13:50:08Z,4
2026-08-04T13:50:09.011Z,8
2026-08-04T13:50:09.907Z,7
2026-08-04T13:50:10Z,3
2026-08-04T13:50:10.297Z,6
2026-08-04T13:50:10.55Z,5
2026-08-04T13:50:12Z,2
2026-08-04T13:50:13.01Z,4
2026-08-04T13:50:13.455Z,3
2026-08-04T13:50:13.816Z,2
2026-08-04T13:50:14Z,1
2026-08-04T13:50:15Z,0
2026-08-04T13:50:15.274Z,1
2026-08-04T13:50:18.153Z,0
2026-08-04T13:50:18.192Z,0
2026-08-04T14:20:56Z,0
2026-08-04T14:20:58Z,1
2026-08-04T14:21:00Z,2
2026-08-04T14:21:00.799Z,0
2026-08-04T14:21:00.841Z,0
2026-08-04T14:21:01Z,3
2026-08-04T14:21:03Z,4
2026-08-04T14:21:03.457Z,1
2026-08-04T14:21:03.669Z,2
2026-08-04T14:21:05Z,5
2026-08-04T14:21:05.619Z,3
2026-08-04T14:21:05.935Z,4
2026-08-04T14:21:06.353Z,5
2026-08-04T14:21:07Z,6
2026-08-04T14:21:07.367Z,6
2026-08-04T14:21:09Z,7
2026-08-04T14:21:09.182Z,7
2026-08-04T14:21:10Z,8
2026-08-04T14:21:11.031Z,8
2026-08-04T14:21:12Z,9
2026-08-04T14:21:13.15Z,9
2026-08-04T14:21:14Z,10
2026-08-04T14:21:15.541Z,10
2026-08-04T14:21:16Z,11
2026-08-04T14:21:16.389Z,11
2026-08-04T14:21:18Z,12
2026-08-04T14:21:18.173Z,12
2026-08-04T14:21:19Z,13
2026-08-04T14:21:20.005Z,13
2026-08-04T14:21:21Z,14
2026-08-04T14:21:21.771Z,14
2026-08-04T14:21:23Z,15
2026-08-04T14:21:23.571Z,15
2026-08-04T14:21:25Z,16
2026-08-04T14:21:25.384Z,16
2026-08-04T14:21:27Z,17
2026-08-04T14:21:27.174Z,17
2026-08-04T14:21:28Z,18
2026-08-04T14:21:30Z,19
2026-08-04T14:21:31.18Z,18
2026-08-04T14:21:31.83Z,19
2026-08-04T14:21:32Z,20
2026-08-04T14:21:32.725Z,20
2026-08-04T14:21:34Z,21
2026-08-04T14:21:34.388Z,21
2026-08-04T14:21:36Z,22
2026-08-04T14:21:36.184Z,22
2026-08-04T14:21:37Z,23
2026-08-04T14:21:38.013Z,23
2026-08-04T14:21:39Z,24
2026-08-04T14:21:41Z,25
2026-08-04T14:21:43Z,26
2026-08-04T14:21:45Z,27
2026-08-04T14:21:45.745Z,24
2026-08-04T14:21:46Z,28
2026-08-04T14:21:46.049Z,25
2026-08-04T14:21:48Z,29
2026-08-04T14:21:48.159Z,26
2026-08-04T14:21:48.431Z,27
2026-08-04T14:21:49.229Z,28
2026-08-04T14:21:49.655Z,29
2026-08-04T14:21:50Z,30
2026-08-04T14:21:51.282Z,30
2026-08-04T14:21:52Z,31
2026-08-04T14:21:52.411Z,31
2026-08-04T14:21:54Z,32
2026-08-04T14:21:54.186Z,32
2026-08-04T14:21:55Z,33
2026-08-04T14:21:55.989Z,33
2026-08-04T14:21:57Z,34
2026-08-04T14:21:57.798Z,34
2026-08-04T14:21:59Z,35
2026-08-04T14:21:59.596Z,35
2026-08-04T14:22:01Z,36
2026-08-04T14:22:03Z,37
2026-08-04T14:22:03.719Z,36
2026-08-04T14:22:04Z,38
2026-08-04T14:22:05.814Z,37
2026-08-04T14:22:06Z,39
2026-08-04T14:22:06.209Z,38
2026-08-04T14:22:08Z,40
2026-08-04T14:22:08.658Z,39
2026-08-04T14:22:09.026Z,40
2026-08-04T14:22:10Z,41
2026-08-04T14:22:10.458Z,41
2026-08-04T14:22:12Z,42
2026-08-04T14:22:13Z,43
2026-08-04T14:22:13.684Z,42
2026-08-04T14:22:14.113Z,43
2026-08-04T14:22:15Z,44
2026-08-04T14:22:15.865Z,44
2026-08-04T14:22:17Z,45
2026-08-04T14:22:17.7Z,45
2026-08-04T14:22:19Z,46
2026-08-04T14:22:20.533Z,46
2026-08-04T14:22:21Z,47
2026-08-04T14:22:21.311Z,47
2026-08-04T14:22:23Z,48
2026-08-04T14:22:23.152Z,48
2026-08-04T14:22:24Z,49
2026-08-04T14:22:24.878Z,49
2026-08-04T14:22:26Z,50
2026-08-04T14:22:26.666Z,50
2026-08-04T14:22:28Z,51
2026-08-04T14:22:28.498Z,51
2026-08-04T14:22:30Z,52
2026-08-04T14:22:30.266Z,52
2026-08-04T14:22:32Z,53
2026-08-04T14:22:32.076Z,53
2026-08-04T14:22:33Z,54
2026-08-04T14:22:35Z,55
2026-08-04T14:22:36.946Z,54
2026-08-04T14:22:37Z,56
2026-08-04T14:22:38.038Z,55
2026-08-04T14:22:38.218Z,56
2026-08-04T14:22:39Z,57
2026-08-04T14:22:39.277Z,57
2026-08-04T14:22:41Z,58
2026-08-04T14:22:41.152Z,58
2026-08-04T14:22:42Z,59
2026-08-04T14:22:42.994Z,59
2026-08-04T14:22:44Z,60
2026-08-04T14:22:44.683Z,60
2026-08-04T14:22:46Z,61
2026-08-04T14:22:46.489Z,61
2026-08-04T14:22:48Z,62
2026-08-04T14:22:48.276Z,62
2026-08-04T14:22:50Z,63
2026-08-04T14:22:50.83Z,63
2026-08-04T14:22:51Z,64
2026-08-04T14:22:51.883Z,64
2026-08-04T14:22:53Z,65
2026-08-04T14:22:53.68Z,65
2026-08-04T14:22:55Z,66
2026-08-04T14:22:55.491Z,66
2026-08-04T14:22:57Z,67
2026-08-04T14:22:57.277Z,67
2026-08-04T14:22:59Z,68
2026-08-04T14:22:59.108Z,68
2026-08-04T14:23:00Z,69
2026-08-04T14:23:02Z,70
2026-08-04T14:23:02.404Z,69
2026-08-04T14:23:03.23Z,70
2026-08-04T14:23:04Z,71
2026-08-04T14:23:05.772Z,71
2026-08-04T14:23:06Z,72
2026-08-04T14:23:06.775Z,72
2026-08-04T14:23:08Z,73
2026-08-04T14:23:08.084Z,73
2026-08-04T14:23:09Z,74
2026-08-04T14:23:09.892Z,74
2026-08-04T14:23:11Z,75
2026-08-04T14:23:11.831Z,75
2026-08-04T14:23:13Z,76
2026-08-04T14:23:13.488Z,76
2026-08-04T14:23:15Z,77
2026-08-04T14:23:15.294Z,77
2026-08-04T14:23:17Z,78
2026-08-04T14:23:17.098Z,78
2026-08-04T14:23:18Z,79
2026-08-04T14:23:19.718Z,79
2026-08-04T14:23:20Z,80
2026-08-04T14:23:21.011Z,80
2026-08-04T14:23:22Z,81
2026-08-04T14:23:22.489Z,81
2026-08-04T14:23:24Z,82
2026-08-04T14:23:25.745Z,82
2026-08-04T14:23:26Z,83
2026-08-04T14:23:26.126Z,83
2026-08-04T14:23:27Z,84
2026-08-04T14:23:27.901Z,84
2026-08-04T14:23:29Z,85
2026-08-04T14:23:31Z,86
2026-08-04T14:23:32.824Z,85
2026-08-04T14:23:33Z,87
2026-08-04T14:23:34.552Z,86
2026-08-04T14:23:34.792Z,87
2026-08-04T14:23:35Z,88
2026-08-04T14:23:35.388Z,88
2026-08-04T14:23:36Z,89
2026-08-04T14:23:36.926Z,89
2026-08-04T14:23:38Z,90
2026-08-04T14:23:40Z,91
2026-08-04T14:23:40.813Z,90
2026-08-04T14:23:41.644Z,91
2026-08-04T14:23:42Z,92
2026-08-04T14:23:42.395Z,92
2026-08-04T14:23:44Z,93
2026-08-04T14:23:44.215Z,93
2026-08-04T14:23:45Z,94
2026-08-04T14:23:46.742Z,94
2026-08-04T14:23:47Z,95
2026-08-04T14:23:47.802Z,95
2026-08-04T14:23:49Z,96
2026-08-04T14:23:49.606Z,96
2026-08-04T14:23:51Z,97
2026-08-04T14:23:51.406Z,97
2026-08-04T14:23:53Z,98
2026-08-04T14:23:53.208Z,98
2026-08-04T14:23:54Z,99
2026-08-04T14:23:56Z,100
2026-08-04T14:23:56.082Z,99
2026-08-04T14:23:57.613Z,100
2026-08-04T14:23:57.657Z,100
2026-08-04T14:36:46Z,100
2026-08-04T14:36:47Z,100
2026-08-04T14:36:49Z,99
2026-08-04T14:36:49.195Z,100
2026-08-04T14:36:51Z,98
2026-08-04T14:36:53Z,97
2026-08-04T14:36:53.551Z,100
2026-08-04T14:36:53.597Z,100
2026-08-04T14:36:53.902Z,99
2026-08-04T14:36:54.197Z,98
2026-08-04T14:36:54.412Z,97
2026-08-04T14:36:55Z,96
2026-08-04T14:36:55.201Z,96
2026-08-04T14:36:56Z,95
2026-08-04T14:36:57.002Z,95
2026-08-04T14:36:58Z,94
2026-08-04T14:36:58.806Z,94
2026-08-04T14:37:00Z,93
2026-08-04T14:37:02Z,92
2026-08-04T14:37:02.581Z,93
2026-08-04T14:37:03.217Z,92
2026-08-04T14:37:04Z,91
2026-08-04T14:37:04.199Z,91
2026-08-04T14:37:05Z,90
2026-08-04T14:37:06.132Z,90
2026-08-04T14:37:07Z,89
2026-08-04T14:37:09Z,88
2026-08-04T14:37:10.128Z,89
2026-08-04T14:37:10.867Z,88
2026-08-04T14:37:11Z,87
2026-08-04T14:37:11.492Z,87
2026-08-04T14:37:13Z,86
2026-08-04T14:37:13.295Z,86
2026-08-04T14:37:14Z,85
2026-08-04T14:37:15.149Z,85
2026-08-04T14:37:16Z,84
2026-08-04T14:37:17.015Z,84
2026-08-04T14:37:18Z,83
2026-08-04T14:37:18.718Z,83
2026-08-04T14:37:20Z,82
2026-08-04T14:37:20.506Z,82
2026-08-04T14:37:22Z,81
2026-08-04T14:37:22.299Z,81
2026-08-04T14:37:23Z,80
2026-08-04T14:37:24.957Z,80
2026-08-04T14:37:25Z,79
2026-08-04T14:37:25.934Z,79
2026-08-04T14:37:27Z,78
2026-08-04T14:37:27.704Z,78
2026-08-04T14:37:29Z,77
2026-08-04T14:37:29.5Z,77
2026-08-04T14:37:31Z,76
2026-08-04T14:37:31.456Z,76
2026-08-04T14:37:32Z,75
2026-08-04T14:37:33.158Z,75
2026-08-04T14:37:34Z,74
2026-08-04T14:37:34.936Z,74
2026-08-04T14:37:36Z,73
2026-08-04T14:37:36.75Z,73
2026-08-04T14:37:38Z,72
2026-08-04T14:37:40Z,71
2026-08-04T14:37:40.633Z,72
2026-08-04T14:37:41Z,70
2026-08-04T14:37:41.096Z,71
2026-08-04T14:37:42.208Z,70
2026-08-04T14:37:43Z,69
2026-08-04T14:37:43.939Z,69
2026-08-04T14:37:45Z,68
2026-08-04T14:37:45.738Z,68
2026-08-04T14:37:47Z,67
2026-08-04T14:37:47.642Z,67
2026-08-04T14:37:49Z,66
2026-08-04T14:37:49.331Z,66
2026-08-04T14:37:50Z,65
2026-08-04T14:37:51.129Z,65
2026-08-04T14:37:52Z,64
2026-08-04T14:37:54Z,63
2026-08-04T14:37:55.138Z,64
2026-08-04T14:37:55.526Z,63
2026-08-04T14:37:56Z,62
2026-08-04T14:37:56.576Z,62
2026-08-04T14:37:58Z,61
2026-08-04T14:37:58.379Z,61
2026-08-04T14:38:00Z,60
2026-08-04T14:38:00.171Z,60
2026-08-04T14:38:01Z,59
2026-08-04T14:38:03Z,58
2026-08-04T14:38:03.095Z,59
2026-08-04T14:38:04.019Z,58
2026-08-04T14:38:05Z,57
2026-08-04T14:38:06.74Z,57
2026-08-04T14:38:07Z,56
2026-08-04T14:38:07.488Z,56
2026-08-04T14:38:09Z,55
2026-08-04T14:38:09.242Z,55
2026-08-04T14:38:10Z,54
2026-08-04T14:38:11.043Z,54
2026-08-04T14:38:12Z,53
2026-08-04T14:38:12.849Z,53
2026-08-04T14:38:14Z,52
2026-08-04T14:38:15.355Z,52
2026-08-04T14:38:16Z,51
2026-08-04T14:38:17.167Z,51
2026-08-04T14:38:18Z,50
2026-08-04T14:38:18.285Z,50
2026-08-04T14:38:19Z,49
2026-08-04T14:38:20.062Z,49
2026-08-04T14:38:21Z,48
2026-08-04T14:38:22.125Z,48
2026-08-04T14:38:23Z,47
2026-08-04T14:38:23.651Z,47
2026-08-04T14:38:25Z,46
2026-08-04T14:38:25.449Z,46
2026-08-04T14:38:27Z,45
2026-08-04T14:38:27.453Z,45
2026-08-04T14:38:28Z,44
2026-08-04T14:38:30Z,43
2026-08-04T14:38:30.313Z,44
2026-08-04T14:38:30.862Z,43
2026-08-04T14:38:32Z,42
2026-08-04T14:38:33.292Z,42
2026-08-04T14:38:34Z,41
2026-08-04T14:38:34.474Z,41
2026-08-04T14:38:36Z,40
2026-08-04T14:38:36.266Z,40
2026-08-04T14:38:37Z,39
2026-08-04T14:38:38.071Z,39
2026-08-04T14:38:39Z,38
2026-08-04T14:38:39.865Z,38
2026-08-04T14:38:41Z,37
2026-08-04T14:38:41.659Z,37
2026-08-04T14:38:43Z,36
2026-08-04T14:38:45Z,35
2026-08-04T14:38:45.376Z,36
2026-08-04T14:38:45.623Z,35
2026-08-04T14:38:46Z,34
2026-08-04T14:38:47.214Z,34
2026-08-04T14:38:48Z,33
2026-08-04T14:38:48.869Z,33
2026-08-04T14:38:50Z,32
2026-08-04T14:38:50.66Z,32
2026-08-04T14:38:52Z,31
2026-08-04T14:38:52.468Z,31
2026-08-04T14:38:54Z,30
2026-08-04T14:38:54.851Z,30
2026-08-04T14:38:55Z,29
2026-08-04T14:38:56.08Z,29
2026-08-04T14:38:57Z,28
2026-08-04T14:38:57.861Z,28
2026-08-04T14:38:59Z,27
2026-08-04T14:39:00.439Z,27
2026-08-04T14:39:01Z,26
2026-08-04T14:39:02.808Z,26
2026-08-04T14:39:03Z,25
2026-08-04T14:39:03.268Z,25
2026-08-04T14:39:04Z,24
2026-08-04T14:39:05.707Z,24
2026-08-04T14:39:06Z,23
2026-08-04T14:39:07.052Z,23
2026-08-04T14:39:08Z,22
2026-08-04T14:39:08.665Z,22
2026-08-04T14:39:10Z,21
2026-08-04T14:39:11.246Z,21
2026-08-04T14:39:12Z,20
2026-08-04T14:39:12.271Z,20
2026-08-04T14:39:13Z,19
2026-08-04T14:39:15Z,18
2026-08-04T14:39:15.712Z,19
2026-08-04T14:39:16.103Z,18
2026-08-04T14:39:17Z,17
2026-08-04T14:39:17.679Z,17
2026-08-04T14:39:19Z,16
2026-08-04T14:39:19.479Z,16
2026-08-04T14:39:21Z,15
2026-08-04T14:39:21.275Z,15
2026-08-04T14:39:22Z,14
2026-08-04T14:39:23.19Z,14
2026-08-04T14:39:24Z,13
2026-08-04T14:39:24.893Z,13
2026-08-04T14:39:26Z,12
2026-08-04T14:39:26.932Z,12
2026-08-04T14:39:28Z,11
2026-08-04T14:39:28.485Z,11
2026-08-04T14:39:30Z,10
2026-08-04T14:39:30.279Z,10
2026-08-04T14:39:31Z,9
2026-08-04T14:39:32.424Z,9
2026-08-04T14:39:33Z,8
2026-08-04T14:39:35Z,7
2026-08-04T14:39:36.092Z,8
2026-08-04T14:39:36.31Z,7
2026-08-04T14:39:37Z,6
2026-08-04T14:39:37.476Z,6
2026-08-04T14:39:39Z,5
2026-08-04T14:39:39.285Z,5
2026-08-04T14:39:40Z,4
2026-08-04T14:39:41.091Z,4
2026-08-04T14:39:42Z,3
2026-08-04T14:39:42.984Z,3
2026-08-04T14:39:44Z,2
2026-08-04T14:39:44.697Z,2
2026-08-04T14:39:46Z,1
2026-08-04T14:39:46.491Z,1
2026-08-04T14:39:47Z,0
2026-08-04T14:39:48.302Z,0
2026-08-04T14:39:48.357Z,0
2026-08-04T15:16:50Z,0
2026-08-04T15:16:52Z,1
2026-08-04T15:16:53.589Z,0
2026-08-04T15:16:53.633Z,0
2026-08-04T15:16:54Z,2
2026-08-04T15:16:54.429Z,1
2026-08-04T15:16:56Z,3
2026-08-04T15:16:57.448Z,2
2026-08-04T15:16:57.656Z,3
2026-08-04T15:16:58Z,4
2026-08-04T15:16:58.228Z,4
2026-08-04T15:16:59Z,5
2026-08-04T15:17:01Z,6
2026-08-04T15:17:01.791Z,5
2026-08-04T15:17:03Z,7
2026-08-04T15:17:03.883Z,6
2026-08-04T15:17:04.62Z,7
2026-08-04T15:17:05Z,8
2026-08-04T15:17:05.428Z,8
2026-08-04T15:17:07Z,9
2026-08-04T15:17:07.301Z,9
2026-08-04T15:17:08Z,10
2026-08-04T15:17:09.935Z,10
2026-08-04T15:17:10Z,11
2026-08-04T15:17:10.829Z,11
2026-08-04T15:17:12Z,12
2026-08-04T15:17:13.175Z,12
2026-08-04T15:17:14Z,13
2026-08-04T15:17:15.167Z,13
2026-08-04T15:17:16Z,14
2026-08-04T15:17:17.615Z,14
2026-08-04T15:17:18Z,15
2026-08-04T15:17:18.098Z,15
2026-08-04T15:17:19Z,16
2026-08-04T15:17:19.902Z,16
2026-08-04T15:17:21Z,17
2026-08-04T15:17:21.712Z,17
2026-08-04T15:17:23Z,18
2026-08-04T15:17:23.503Z,18
2026-08-04T15:17:25Z,19
2026-08-04T15:17:25.313Z,19
2026-08-04T15:17:27Z,20
2026-08-04T15:17:27.104Z,20
2026-08-04T15:17:28Z,21
2026-08-04T15:17:28.912Z,21
2026-08-04T15:17:30Z,22
2026-08-04T15:17:31.848Z,22
2026-08-04T15:17:32Z,23
2026-08-04T15:17:32.511Z,23
2026-08-04T15:17:34Z,24
2026-08-04T15:17:34.313Z,24
2026-08-04T15:17:36Z,25
2026-08-04T15:17:37Z,26
2026-08-04T15:17:37.414Z,25
2026-08-04T15:17:37.914Z,26
2026-08-04T15:17:39Z,27
2026-08-04T15:17:39.777Z,27
2026-08-04T15:17:41Z,28
2026-08-04T15:17:41.609Z,28
2026-08-04T15:17:43Z,29
2026-08-04T15:17:43.323Z,29
2026-08-04T15:17:45Z,30
2026-08-04T15:17:46Z,31
2026-08-04T15:17:46.987Z,30
2026-08-04T15:17:47.314Z,31
2026-08-04T15:17:48Z,32
2026-08-04T15:17:48.717Z,32
2026-08-04T15:17:50Z,33
2026-08-04T15:17:50.583Z,33
2026-08-04T15:17:52Z,34
2026-08-04T15:17:52.396Z,34
2026-08-04T15:17:54Z,35
2026-08-04T15:17:54.613Z,35
2026-08-04T15:17:55Z,36
2026-08-04T15:17:55.922Z,36
2026-08-04T15:17:57Z,37
2026-08-04T15:17:58.603Z,37
2026-08-04T15:17:59Z,38
2026-08-04T15:18:00.361Z,38
2026-08-04T15:18:01Z,39
2026-08-04T15:18:02.787Z,39
2026-08-04T15:18:03Z,40
2026-08-04T15:18:03.13Z,40
2026-08-04T15:18:04Z,41
2026-08-04T15:18:06Z,42
2026-08-04T15:18:07.009Z,41
2026-08-04T15:18:07.344Z,42
2026-08-04T15:18:08Z,43
2026-08-04T15:18:08.547Z,43
2026-08-04T15:18:10Z,44
2026-08-04T15:18:10.351Z,44
2026-08-04T15:18:12Z,45
2026-08-04T15:18:12.15Z,45
2026-08-04T15:18:13Z,46
2026-08-04T15:18:14.986Z,46
2026-08-04T15:18:15Z,47
2026-08-04T15:18:15.747Z,47
2026-08-04T15:18:17Z,48
2026-08-04T15:18:17.548Z,48
2026-08-04T15:18:19Z,49
2026-08-04T15:18:19.403Z,49
2026-08-04T15:18:21Z,50
2026-08-04T15:18:22Z,51
2026-08-04T15:18:22.143Z,50
2026-08-04T15:18:22.959Z,51
2026-08-04T15:18:24Z,52
2026-08-04T15:18:24.779Z,52
2026-08-04T15:18:26Z,53
2026-08-04T15:18:26.559Z,53
2026-08-04T15:18:28Z,54
2026-08-04T15:18:28.356Z,54
2026-08-04T15:18:30Z,55
2026-08-04T15:18:31Z,56
2026-08-04T15:18:31.021Z,55
2026-08-04T15:18:31.975Z,56
2026-08-04T15:18:33Z,57
2026-08-04T15:18:33.775Z,57
2026-08-04T15:18:35Z,58
2026-08-04T15:18:37Z,59
2026-08-04T15:18:38.541Z,58
2026-08-04T15:18:38.748Z,59
2026-08-04T15:18:39Z,60
2026-08-04T15:18:39.177Z,60
2026-08-04T15:18:40Z,61
2026-08-04T15:18:40.965Z,61
2026-08-04T15:18:42Z,62
2026-08-04T15:18:42.766Z,62
2026-08-04T15:18:44Z,63
2026-08-04T15:18:44.567Z,63
2026-08-04T15:18:46Z,64
2026-08-04T15:18:46.365Z,64
2026-08-04T15:18:48Z,65
2026-08-04T15:18:48.167Z,65
2026-08-04T15:18:49Z,66
2026-08-04T15:18:49.966Z,66
2026-08-04T15:18:51Z,67
2026-08-04T15:18:53Z,68
2026-08-04T15:18:53.078Z,67
2026-08-04T15:18:53.571Z,68
2026-08-04T15:18:55Z,69
2026-08-04T15:18:55.368Z,69
2026-08-04T15:18:57Z,70
2026-08-04T15:18:57.178Z,70
2026-08-04T15:18:58Z,71
2026-08-04T15:18:58.974Z,71
2026-08-04T15:19:00Z,72
2026-08-04T15:19:02Z,73
2026-08-04T15:19:02.803Z,72
2026-08-04T15:19:03.465Z,73
2026-08-04T15:19:04Z,74
2026-08-04T15:19:04.374Z,74
2026-08-04T15:19:06Z,75
2026-08-04T15:19:06.176Z,75
2026-08-04T15:19:07Z,76
2026-08-04T15:19:08.547Z,76
2026-08-04T15:19:09Z,77
2026-08-04T15:19:09.776Z,77
2026-08-04T15:19:11Z,78
2026-08-04T15:19:12.406Z,78
2026-08-04T15:19:13Z,79
2026-08-04T15:19:13.661Z,79
2026-08-04T15:19:15Z,80
2026-08-04T15:19:15.177Z,80
2026-08-04T15:19:16Z,81
2026-08-04T15:19:16.979Z,81
2026-08-04T15:19:18Z,82
2026-08-04T15:19:18.786Z,82
2026-08-04T15:19:20Z,83
2026-08-04T15:19:20.604Z,83
2026-08-04T15:19:22Z,84
2026-08-04T15:19:22.466Z,84
2026-08-04T15:19:24Z,85
2026-08-04T15:19:24.763Z,85
2026-08-04T15:19:25Z,86
2026-08-04T15:19:27Z,87
2026-08-04T15:19:28.189Z,86
2026-08-04T15:19:28.51Z,87
2026-08-04T15:19:29Z,88
2026-08-04T15:19:29.586Z,88
2026-08-04T15:19:31Z,89
2026-08-04T15:19:31.385Z,89
2026-08-04T15:19:33Z,90
2026-08-04T15:19:33.183Z,90
2026-08-04T15:19:34Z,91
2026-08-04T15:19:35.039Z,91
2026-08-04T15:19:36Z,92
2026-08-04T15:19:36.801Z,92
2026-08-04T15:19:38Z,93
2026-08-04T15:19:38.591Z,93
2026-08-04T15:19:40Z,94
2026-08-04T15:19:42Z,95
2026-08-04T15:19:42.647Z,94
2026-08-04T15:19:43Z,96
2026-08-04T15:19:43.393Z,95
2026-08-04T15:19:44.006Z,96
2026-08-04T15:19:45Z,97
2026-08-04T15:19:45.804Z,97
2026-08-04T15:19:47Z,98
2026-08-04T15:19:47.597Z,98
2026-08-04T15:19:49Z,99
2026-08-04T15:19:49.408Z,99
2026-08-04T15:19:50Z,100
2026-08-04T15:19:51.628Z,100
2026-08-04T15:19:51.683Z,100
2026-08-04T15:29:21Z,100
2026-08-04T15:29:21.945Z,100
2026-08-04T15:29:22Z,100
2026-08-04T15:29:24Z,99
2026-08-04T15:29:24.283Z,100
2026-08-04T15:29:24.34Z,100
2026-08-04T15:29:24.94Z,99
2026-08-04T15:29:26Z,98
2026-08-04T15:29:26.068Z,98
2026-08-04T15:29:27Z,97
2026-08-04T15:29:27.867Z,97
2026-08-04T15:29:29Z,96
2026-08-04T15:29:30.505Z,96
2026-08-04T15:29:31Z,95
2026-08-04T15:29:31.472Z,95
2026-08-04T15:29:33Z,94
2026-08-04T15:29:33.274Z,94
2026-08-04T15:29:35Z,93
2026-08-04T15:29:35.077Z,93
2026-08-04T15:29:36Z,92
2026-08-04T15:29:36.913Z,92
2026-08-04T15:29:38Z,91
2026-08-04T15:29:40Z,90
2026-08-04T15:29:40.093Z,91
2026-08-04T15:29:40.999Z,90
2026-08-04T15:29:42Z,89
2026-08-04T15:29:42.301Z,89
2026-08-04T15:29:44Z,88
2026-08-04T15:29:45Z,87
2026-08-04T15:29:45.499Z,88
2026-08-04T15:29:45.878Z,87
2026-08-04T15:29:47Z,86
2026-08-04T15:29:47.673Z,86
2026-08-04T15:29:49Z,85
2026-08-04T15:29:49.479Z,85
2026-08-04T15:29:51Z,84
2026-08-04T15:29:51.275Z,84
2026-08-04T15:29:53Z,83
2026-08-04T15:29:53.077Z,83
2026-08-04T15:29:54Z,82
2026-08-04T15:29:55.349Z,82
2026-08-04T15:29:56Z,81
2026-08-04T15:29:56.686Z,81
2026-08-04T15:29:58Z,80
2026-08-04T15:30:00Z,79
2026-08-04T15:30:00.741Z,80
2026-08-04T15:30:02Z,78
2026-08-04T15:30:03Z,77
2026-08-04T15:30:05Z,76
2026-08-04T15:30:07Z,75
2026-08-04T15:30:09Z,74
2026-08-04T15:30:11Z,73
2026-08-04T15:30:11.806Z,79
2026-08-04T15:30:12Z,72
2026-08-04T15:30:12.049Z,78
2026-08-04T15:30:12.51Z,77
2026-08-04T15:30:13.177Z,76
2026-08-04T15:30:13.597Z,75
2026-08-04T15:30:13.833Z,74
2026-08-04T15:30:14Z,71
2026-08-04T15:30:15.009Z,73
2026-08-04T15:30:15.336Z,72
2026-08-04T15:30:16Z,70
2026-08-04T15:30:17.659Z,71
2026-08-04T15:30:18Z,69
2026-08-04T15:30:18.064Z,70
2026-08-04T15:30:18.379Z,69
2026-08-04T15:30:20Z,68
2026-08-04T15:30:20.331Z,68
2026-08-04T15:30:21Z,67
2026-08-04T15:30:21.928Z,67
2026-08-04T15:30:23Z,66
2026-08-04T15:30:23.731Z,66
2026-08-04T15:30:25Z,65
2026-08-04T15:30:25.531Z,65
2026-08-04T15:30:27Z,64
2026-08-04T15:30:27.932Z,64
2026-08-04T15:30:29Z,63
2026-08-04T15:30:30Z,62
2026-08-04T15:30:30.771Z,63
2026-08-04T15:30:31.135Z,62
2026-08-04T15:30:32Z,61
2026-08-04T15:30:32.736Z,61
2026-08-04T15:30:34Z,60
2026-08-04T15:30:34.537Z,60
2026-08-04T15:30:36Z,59
2026-08-04T15:30:36.332Z,59
2026-08-04T15:30:38Z,58
2026-08-04T15:30:39Z,57
2026-08-04T15:30:40.645Z,58
2026-08-04T15:30:41Z,56
2026-08-04T15:30:42.687Z,57
2026-08-04T15:30:43Z,55
2026-08-04T15:30:43.025Z,56
2026-08-04T15:30:43.561Z,55
2026-08-04T15:30:45Z,54
2026-08-04T15:30:45.416Z,54
2026-08-04T15:30:47Z,53
2026-08-04T15:30:47.14Z,53
2026-08-04T15:30:48Z,52
2026-08-04T15:30:50Z,51
2026-08-04T15:30:50.848Z,52
2026-08-04T15:30:51.487Z,51
2026-08-04T15:30:52Z,50
2026-08-04T15:30:52.539Z,50
2026-08-04T15:30:54Z,49
2026-08-04T15:30:54.344Z,49
2026-08-04T15:30:56Z,48
2026-08-04T15:30:56.595Z,48
2026-08-04T15:30:57Z,47
2026-08-04T15:30:58.025Z,47
2026-08-04T15:30:59Z,46
2026-08-04T15:30:59.752Z,46
2026-08-04T15:31:01Z,45
2026-08-04T15:31:02.869Z,45
2026-08-04T15:31:03Z,44
2026-08-04T15:31:03.345Z,44
2026-08-04T15:31:05Z,43
2026-08-04T15:31:06Z,42
2026-08-04T15:31:06.125Z,43
2026-08-04T15:31:07.059Z,42
2026-08-04T15:31:08Z,41
2026-08-04T15:31:08.748Z,41
2026-08-04T15:31:10Z,40
2026-08-04T15:31:10.551Z,40
2026-08-04T15:31:12Z,39
2026-08-04T15:31:12.716Z,39
2026-08-04T15:31:14Z,38
2026-08-04T15:31:14.209Z,38
2026-08-04T15:31:15Z,37
2026-08-04T15:31:15.948Z,37
2026-08-04T15:31:17Z,36
2026-08-04T15:31:17.984Z,36
2026-08-04T15:31:19Z,35
2026-08-04T15:31:19.575Z,35
2026-08-04T15:31:21Z,34
2026-08-04T15:31:21.353Z,34
2026-08-04T15:31:23Z,33
2026-08-04T15:31:23.153Z,33
2026-08-04T15:31:24Z,32
2026-08-04T15:31:26Z,31
2026-08-04T15:31:26.042Z,32
2026-08-04T15:31:26.755Z,31
2026-08-04T15:31:28Z,30
2026-08-04T15:31:29.044Z,30
2026-08-04T15:31:30Z,29
2026-08-04T15:31:30.433Z,29
2026-08-04T15:31:32Z,28
2026-08-04T15:31:32.155Z,28
2026-08-04T15:31:33Z,27
2026-08-04T15:31:33.963Z,27
2026-08-04T15:31:35Z,26
2026-08-04T15:31:35.873Z,26
2026-08-04T15:31:37Z,25
2026-08-04T15:31:37.656Z,25
2026-08-04T15:31:39Z,24
2026-08-04T15:31:41Z,23
2026-08-04T15:31:41.271Z,24
2026-08-04T15:31:41.497Z,23
2026-08-04T15:31:42Z,22
2026-08-04T15:31:42.963Z,22
2026-08-04T15:31:44Z,21
2026-08-04T15:31:44.758Z,21
2026-08-04T15:31:46Z,20
2026-08-04T15:31:46.56Z,20
2026-08-04T15:31:48Z,19
2026-08-04T15:31:48.359Z,19
2026-08-04T15:31:50Z,18
2026-08-04T15:31:50.404Z,18
2026-08-04T15:31:51Z,17
2026-08-04T15:31:51.963Z,17
2026-08-04T15:31:53Z,16
2026-08-04T15:31:53.762Z,16
2026-08-04T15:31:55Z,15
2026-08-04T15:31:56.147Z,15
2026-08-04T15:31:57Z,14
2026-08-04T15:31:57.375Z,14
2026-08-04T15:31:59Z,13
2026-08-04T15:32:00Z,12
2026-08-04T15:32:02Z,11
2026-08-04T15:32:04Z,10
2026-08-04T15:32:06Z,9
2026-08-04T15:32:08Z,8
2026-08-04T15:32:09Z,7
2026-08-04T15:32:11Z,6
2026-08-04T15:32:13Z,5
2026-08-04T15:32:15Z,4
2026-08-04T15:32:17Z,3
2026-08-04T15:32:18Z,2
2026-08-04T15:32:20Z,1
2026-08-04T15:32:22Z,0
2026-08-04T15:32:24.325Z,13
2026-08-04T15:32:25.452Z,12
2026-08-04T15:32:25.703Z,11
2026-08-04T15:32:25.969Z,10
2026-08-04T15:32:27.624Z,9
2026-08-04T15:32:28.009Z,8
2026-08-04T15:32:30.411Z,7
2026-08-04T15:32:31.168Z,6
2026-08-04T15:32:31.818Z,5
2026-08-04T15:32:32.16Z,4
2026-08-04T15:32:32.379Z,3
2026-08-04T15:32:32.661Z,2
2026-08-04T15:32:33.647Z,1
2026-08-04T15:32:34.531Z,0
2026-08-04T15:32:34.571Z,0
2026-08-05T04:00:01Z,0
2026-08-05T04:00:02Z,1
2026-08-05T04:00:04Z,2
2026-08-05T04:00:06Z,3
2026-08-05T04:00:08Z,4
2026-08-05T04:00:10Z,5
2026-08-05T04:00:10.957Z,0
2026-08-05T04:00:11Z,6
2026-08-05T04:00:11.004Z,0
2026-08-05T04:00:11.437Z,1
2026-08-05T04:00:12.666Z,2
2026-08-05T04:00:13Z,7
2026-08-05T04:00:14.672Z,3
2026-08-05T04:00:14.94Z,4
2026-08-05T04:00:15Z,8
2026-08-05T04:00:15.586Z,5
2026-08-05T04:00:15.939Z,6
2026-08-05T04:00:16.056Z,7
2026-08-05T04:00:16.303Z,8
2026-08-05T04:00:17Z,9
2026-08-05T04:00:17.359Z,9
2026-08-05T04:00:19Z,10
2026-08-05T04:00:19.157Z,10
2026-08-05T04:00:20Z,11
2026-08-05T04:00:22Z,12
2026-08-05T04:00:23.784Z,11
2026-08-05T04:00:24Z,13
2026-08-05T04:00:24.014Z,12
2026-08-05T04:00:24.871Z,13
2026-08-05T04:00:26Z,14
2026-08-05T04:00:26.36Z,14
2026-08-05T04:00:28Z,15
2026-08-05T04:00:28.161Z,15
2026-08-05T04:00:29Z,16
2026-08-05T04:00:29.965Z,16
2026-08-05T04:00:31Z,17
2026-08-05T04:00:33Z,18
2026-08-05T04:00:33.583Z,17
2026-08-05T04:00:34.122Z,18
2026-08-05T04:00:35Z,19
2026-08-05T04:00:35.585Z,19
2026-08-05T04:00:37Z,20
2026-08-05T04:00:37.382Z,20
2026-08-05T04:00:39Z,21
2026-08-05T04:00:39.194Z,21
2026-08-05T04:00:40Z,22
2026-08-05T04:00:42Z,23
2026-08-05T04:00:43.095Z,22
2026-08-05T04:00:43.456Z,23
2026-08-05T04:00:44Z,24
2026-08-05T04:00:44.91Z,24
2026-08-05T04:00:46Z,25
2026-08-05T04:00:46.389Z,25
2026-08-05T04:00:48Z,26
2026-08-05T04:00:48.192Z,26
2026-08-05T04:00:49Z,27
2026-08-05T04:00:49.996Z,27
2026-08-05T04:00:51Z,28
2026-08-05T04:00:53Z,29
2026-08-05T04:00:55Z,30
2026-08-05T04:00:57Z,31
2026-08-05T04:00:57.129Z,28
2026-08-05T04:00:57.602Z,29
2026-08-05T04:00:58Z,32
2026-08-05T04:00:58.295Z,30
2026-08-05T04:01:00Z,33
2026-08-05T04:01:00.439Z,31
2026-08-05T04:01:00.724Z,32
2026-08-05T04:01:02Z,34
2026-08-05T04:01:02.513Z,33
2026-08-05T04:01:02.804Z,34
2026-08-05T04:01:04Z,35
2026-08-05T04:01:04.401Z,35
2026-08-05T04:01:06Z,36
2026-08-05T04:01:06.205Z,36
2026-08-05T04:01:07Z,37
2026-08-05T04:01:08.006Z,37
2026-08-05T04:01:09Z,38
2026-08-05T04:01:10.166Z,38
2026-08-05T04:01:11Z,39
2026-08-05T04:01:12.979Z,39
2026-08-05T04:01:13Z,40
2026-08-05T04:01:13.399Z,40
2026-08-05T04:01:15Z,41
2026-08-05T04:01:15.293Z,41
2026-08-05T04:01:16Z,42
2026-08-05T04:01:17.008Z,42
2026-08-05T04:01:18Z,43
2026-08-05T04:01:18.805Z,43
2026-08-05T04:01:20Z,44
2026-08-05T04:01:20.608Z,44
2026-08-05T04:01:22Z,45
2026-08-05T04:01:22.418Z,45
2026-08-05T04:01:24Z,46
2026-08-05T04:01:24.204Z,46
2026-08-05T04:01:26Z,47
2026-08-05T04:01:27Z,48
2026-08-05T04:01:29Z,49
2026-08-05T04:01:29.191Z,47
2026-08-05T04:01:29.454Z,48
2026-08-05T04:01:30.153Z,49
2026-08-05T04:01:31Z,50
2026-08-05T04:01:31.567Z,50
2026-08-05T04:01:33Z,51
2026-08-05T04:01:33.373Z,51
2026-08-05T04:01:35Z,52
2026-08-05T04:01:35.175Z,52
2026-08-05T04:01:36Z,53
2026-08-05T04:01:37.371Z,53
2026-08-05T04:01:38Z,54
2026-08-05T04:01:38.786Z,54
2026-08-05T04:01:40Z,55
2026-08-05T04:01:40.577Z,55
2026-08-05T04:01:42Z,56
2026-08-05T04:01:43.292Z,56
2026-08-05T04:01:44Z,57
2026-08-05T04:01:44.177Z,57
2026-08-05T04:01:45Z,58
2026-08-05T04:01:45.982Z,58
2026-08-05T04:01:47Z,59
2026-08-05T04:01:47.872Z,59
2026-08-05T04:01:49Z,60
2026-08-05T04:01:49.581Z,60
2026-08-05T04:01:51Z,61
2026-08-05T04:01:51.386Z,61
2026-08-05T04:01:53Z,62
2026-08-05T04:01:53.19Z,62
2026-08-05T04:01:54Z,63
2026-08-05T04:01:54.987Z,63
2026-08-05T04:01:56Z,64
2026-08-05T04:01:58Z,65
2026-08-05T04:01:58.738Z,64
2026-08-05T04:01:59.361Z,65
2026-08-05T04:02:00Z,66
2026-08-05T04:02:00.387Z,66
2026-08-05T04:02:02Z,67
2026-08-05T04:02:02.856Z,67
2026-08-05T04:02:03Z,68
2026-08-05T04:02:04.496Z,68
2026-08-05T04:02:05Z,69
2026-08-05T04:02:05.793Z,69
2026-08-05T04:02:07Z,70
2026-08-05T04:02:07.591Z,70
2026-08-05T04:02:09Z,71
2026-08-05T04:02:09.392Z,71
2026-08-05T04:02:11Z,72
2026-08-05T04:02:11.196Z,72
2026-08-05T04:02:12Z,73
2026-08-05T04:02:13.774Z,73
2026-08-05T04:02:14Z,74
2026-08-05T04:02:15.39Z,74
2026-08-05T04:02:16Z,75
2026-08-05T04:02:16.599Z,75
2026-08-05T04:02:18Z,76
2026-08-05T04:02:18.401Z,76
2026-08-05T04:02:20Z,77
2026-08-05T04:02:20.226Z,77
2026-08-05T04:02:21Z,78
2026-08-05T04:02:22.006Z,78
2026-08-05T04:02:23Z,79
2026-08-05T04:02:23.805Z,79
2026-08-05T04:02:25Z,80
2026-08-05T04:02:26.222Z,80
2026-08-05T04:02:27Z,81
2026-08-05T04:02:27.402Z,81
2026-08-05T04:02:29Z,82
2026-08-05T04:02:29.21Z,82
2026-08-05T04:02:31Z,83
2026-08-05T04:02:32Z,84
2026-08-05T04:02:32.966Z,83
2026-08-05T04:02:34Z,85
2026-08-05T04:02:36Z,86
2026-08-05T04:02:36.693Z,84
2026-08-05T04:02:36.847Z,85
2026-08-05T04:02:37.232Z,86
2026-08-05T04:02:38Z,87
2026-08-05T04:02:38.385Z,87
2026-08-05T04:02:40Z,88
2026-08-05T04:02:40.177Z,88
2026-08-05T04:02:42Z,89
2026-08-05T04:02:42.126Z,89
2026-08-05T04:02:43Z,90
2026-08-05T04:02:43.909Z,90
2026-08-05T04:02:45Z,91
2026-08-05T04:02:45.679Z,91
2026-08-05T04:02:47Z,92
2026-08-05T04:02:48.685Z,92
2026-08-05T04:02:49Z,93
2026-08-05T04:02:49.289Z,93
2026-08-05T04:02:51Z,94
2026-08-05T04:02:51.066Z,94
2026-08-05T04:02:52Z,95
2026-08-05T04:02:52.864Z,95
2026-08-05T04:02:54Z,96
2026-08-05T04:02:54.683Z,96
2026-08-05T04:02:56Z,97
2026-08-05T04:02:56.471Z,97
2026-08-05T04:02:58Z,98
2026-08-05T04:02:58.395Z,98
2026-08-05T04:03:00Z,99
2026-08-05T04:03:00.071Z,99
2026-08-05T04:03:01Z,100
2026-08-05T04:03:02.701Z,100
2026-08-05T04:03:02.741Z,100
2026-08-05T08:00:00Z,100
2026-08-05T08:00:00.558Z,100
2026-08-05T08:00:01Z,100
2026-08-05T08:00:02Z,99
2026-08-05T08:00:04Z,98
2026-08-05T08:00:06Z,97
2026-08-05T08:00:08Z,96
2026-08-05T08:00:10Z,95
2026-08-05T08:00:11Z,94
2026-08-05T08:00:12.305Z,100
2026-08-05T08:00:12.348Z,100
2026-08-05T08:00:12.963Z,99
2026-08-05T08:00:13Z,93
2026-08-05T08:00:13.205Z,98
2026-08-05T08:00:13.775Z,97
2026-08-05T08:00:14.212Z,96
2026-08-05T08:00:14.64Z,95
2026-08-05T08:00:15Z,92
2026-08-05T08:00:17Z,91
2026-08-05T08:00:17.293Z,94
2026-08-05T08:00:17.466Z,93
2026-08-05T08:00:17.918Z,92
2026-08-05T08:00:18.217Z,91
2026-08-05T08:00:19Z,90
2026-08-05T08:00:19.13Z,90
2026-08-05T08:00:20Z,89
2026-08-05T08:00:21.561Z,89
2026-08-05T08:00:22Z,88
2026-08-05T08:00:22.769Z,88
2026-08-05T08:00:24Z,87
2026-08-05T08:00:24.572Z,87
2026-08-05T08:00:26Z,86
2026-08-05T08:00:27.873Z,86
2026-08-05T08:00:28Z,85
2026-08-05T08:00:28.275Z,85
2026-08-05T08:00:29Z,84
2026-08-05T08:00:29.983Z,84
2026-08-05T08:00:31Z,83
2026-08-05T08:00:31.783Z,83
2026-08-05T08:00:33Z,82
2026-08-05T08:00:33.58Z,82
2026-08-05T08:00:35Z,81
2026-08-05T08:00:35.385Z,81
2026-08-05T08:00:37Z,80
2026-08-05T08:00:37.417Z,80
2026-08-05T08:00:38Z,79
2026-08-05T08:00:38.992Z,79
2026-08-05T08:00:40Z,78
2026-08-05T08:00:42Z,77
2026-08-05T08:00:43.16Z,78
2026-08-05T08:00:43.887Z,77
2026-08-05T08:00:44Z,76
2026-08-05T08:00:44.433Z,76
2026-08-05T08:00:46Z,75
2026-08-05T08:00:46.241Z,75
2026-08-05T08:00:48Z,74
2026-08-05T08:00:48.099Z,74
2026-08-05T08:00:49Z,73
2026-08-05T08:00:49.836Z,73
2026-08-05T08:00:51Z,72
2026-08-05T08:00:51.635Z,72
2026-08-05T08:00:53Z,71
2026-08-05T08:00:55Z,70
2026-08-05T08:00:55.599Z,71
2026-08-05T08:00:57Z,69
2026-08-05T08:00:58Z,68
2026-08-05T08:00:58.114Z,70
2026-08-05T08:00:58.296Z,69
2026-08-05T08:00:58.843Z,68
2026-08-05T08:01:00Z,67
2026-08-05T08:01:02Z,66
2026-08-05T08:01:03.224Z,67
2026-08-05T08:01:04Z,65
2026-08-05T08:01:05.352Z,66
2026-08-05T08:01:05.672Z,65
2026-08-05T08:01:06Z,64
2026-08-05T08:01:06.437Z,64
2026-08-05T08:01:07Z,63
2026-08-05T08:01:07.842Z,63
2026-08-05T08:01:09Z,62
2026-08-05T08:01:09.642Z,62
2026-08-05T08:01:11Z,61
2026-08-05T08:01:11.443Z,61
2026-08-05T08:01:13Z,60
2026-08-05T08:01:13.244Z,60
2026-08-05T08:01:15Z,59
2026-08-05T08:01:15.045Z,59
2026-08-05T08:01:16Z,58
2026-08-05T08:01:16.856Z,58
2026-08-05T08:01:18Z,57
2026-08-05T08:01:18.649Z,57
2026-08-05T08:01:20Z,56
2026-08-05T08:01:20.447Z,56
2026-08-05T08:01:22Z,55
2026-08-05T08:01:23.962Z,55
2026-08-05T08:01:24Z,54
2026-08-05T08:01:24.301Z,54
2026-08-05T08:01:25Z,53
2026-08-05T08:01:25.852Z,53
2026-08-05T08:01:27Z,52
2026-08-05T08:01:27.91Z,52
2026-08-05T08:01:29Z,51
2026-08-05T08:01:29.451Z,51
2026-08-05T08:01:31Z,50
2026-08-05T08:01:31.258Z,50
2026-08-05T08:01:33Z,49
2026-08-05T08:01:33.057Z,49
2026-08-05T08:01:34Z,48
2026-08-05T08:01:34.856Z,48
2026-08-05T08:01:36Z,47
2026-08-05T08:01:38Z,46
2026-08-05T08:01:38.335Z,47
2026-08-05T08:01:39.175Z,46
2026-08-05T08:01:40Z,45
2026-08-05T08:01:40.264Z,45
2026-08-05T08:01:42Z,44
2026-08-05T08:01:42.063Z,44
2026-08-05T08:01:43Z,43
2026-08-05T08:01:44.356Z,43
2026-08-05T08:01:45Z,42
2026-08-05T08:01:45.685Z,42
2026-08-05T08:01:47Z,41
2026-08-05T08:01:47.463Z,41
2026-08-05T08:01:49Z,40
2026-08-05T08:01:49.27Z,40
2026-08-05T08:01:51Z,39
2026-08-05T08:01:52Z,38
2026-08-05T08:01:53.343Z,39
2026-08-05T08:01:53.798Z,38
2026-08-05T08:01:54Z,37
2026-08-05T08:01:54.731Z,37
2026-08-05T08:01:56Z,36
2026-08-05T08:01:56.53Z,36
2026-08-05T08:01:58Z,35
2026-08-05T08:01:58.329Z,35
2026-08-05T08:02:00Z,34
2026-08-05T08:02:01Z,33
2026-08-05T08:02:03Z,32
2026-08-05T08:02:03.214Z,34
2026-08-05T08:02:04.037Z,33
2026-08-05T08:02:04.169Z,32
2026-08-05T08:02:05Z,31
2026-08-05T08:02:06.026Z,31
2026-08-05T08:02:07Z,30
2026-08-05T08:02:09Z,29
2026-08-05T08:02:10Z,28
2026-08-05T08:02:12Z,27
2026-08-05T08:02:14Z,26
2026-08-05T08:02:16Z,25
2026-08-05T08:02:18Z,24
2026-08-05T08:02:19Z,23
2026-08-05T08:02:19.475Z,30
2026-08-05T08:02:19.767Z,29
2026-08-05T08:02:20.971Z,28
2026-08-05T08:02:21Z,22
2026-08-05T08:02:23Z,21
2026-08-05T08:02:23.598Z,27
2026-08-05T08:02:24.143Z,26
2026-08-05T08:02:24.63Z,25
2026-08-05T08:02:24.869Z,24
2026-08-05T08:02:25Z,20
2026-08-05T08:02:25.139Z,23
2026-08-05T08:02:27Z,19
2026-08-05T08:02:28Z,18
2026-08-05T08:02:30Z,17
2026-08-05T08:02:32Z,16
2026-08-05T08:02:34Z,15
2026-08-05T08:02:36Z,14
2026-08-05T08:02:37Z,13
2026-08-05T08:02:37.993Z,22
2026-08-05T08:02:38.281Z,21
2026-08-05T08:02:38.742Z,20
2026-08-05T08:02:39Z,12
2026-08-05T08:02:41Z,11
2026-08-05T08:02:41.303Z,19
2026-08-05T08:02:41.692Z,18
2026-08-05T08:02:42.19Z,17
2026-08-05T08:02:42.586Z,16
2026-08-05T08:02:42.754Z,15
2026-08-05T08:02:42.96Z,14
2026-08-05T08:02:43Z,10
2026-08-05T08:02:43.817Z,13
2026-08-05T08:02:44.023Z,12
2026-08-05T08:02:45Z,9
2026-08-05T08:02:46Z,8
2026-08-05T08:02:46.541Z,11
2026-08-05T08:02:46.775Z,10
2026-08-05T08:02:47.186Z,9
2026-08-05T08:02:47.508Z,8
2026-08-05T08:02:48Z,7
2026-08-05T08:02:48.761Z,7
2026-08-05T08:02:50Z,6
2026-08-05T08:02:50.563Z,6
2026-08-05T08:02:52Z,5
2026-08-05T08:02:52.399Z,5
2026-08-05T08:02:54Z,4
2026-08-05T08:02:55Z,3
2026-08-05T08:02:55.465Z,4
2026-08-05T08:02:56.271Z,3
2026-08-05T08:02:57Z,2
2026-08-05T08:02:58.581Z,2
2026-08-05T08:02:59Z,1
2026-08-05T08:02:59.648Z,1
2026-08-05T08:03:01Z,0
2026-08-05T08:03:02.364Z,0
2026-08-05T08:03:02.418Z,0
2026-08-05T10:42:03Z,0
2026-08-05T10:42:05Z,1
2026-08-05T10:42:06Z,2
2026-08-05T10:42:08Z,3
2026-08-05T10:42:08.679Z,0
2026-08-05T10:42:08.743Z,0
2026-08-05T10:42:09.296Z,1
2026-08-05T10:42:09.696Z,2
2026-08-05T10:42:09.938Z,3
2026-08-05T10:42:10Z,4
2026-08-05T10:42:10.537Z,4
2026-08-05T10:42:12Z,5
2026-08-05T10:42:13.162Z,5
2026-08-05T10:42:14Z,6
2026-08-05T10:42:14.434Z,6
2026-08-05T10:42:15Z,7
2026-08-05T10:42:15.934Z,7
2026-08-05T10:42:17Z,8
2026-08-05T10:42:17.736Z,8
2026-08-05T10:42:19Z,9
2026-08-05T10:42:19.551Z,9
2026-08-05T10:42:21Z,10
2026-08-05T10:42:21.5Z,10
2026-08-05T10:42:23Z,11
2026-08-05T10:42:23.145Z,11
2026-08-05T10:42:24Z,12
2026-08-05T10:42:26Z,13
2026-08-05T10:42:26.136Z,12
2026-08-05T10:42:28Z,14
2026-08-05T10:42:29.148Z,13
2026-08-05T10:42:29.586Z,14
2026-08-05T10:42:30Z,15
2026-08-05T10:42:30.342Z,15
2026-08-05T10:42:32Z,16
2026-08-05T10:42:32.144Z,16
2026-08-05T10:42:33Z,17
2026-08-05T10:42:33.944Z,17
2026-08-05T10:42:35Z,18
2026-08-05T10:42:35.814Z,18
2026-08-05T10:42:37Z,19
2026-08-05T10:42:37.553Z,19
2026-08-05T10:42:39Z,20
2026-08-05T10:42:39.354Z,20
2026-08-05T10:42:41Z,21
2026-08-05T10:42:42Z,22
2026-08-05T10:42:43.373Z,21
2026-08-05T10:42:44Z,23
2026-08-05T10:42:44.063Z,22
2026-08-05T10:42:44.754Z,23
2026-08-05T10:42:46Z,24
2026-08-05T10:42:46.55Z,24
2026-08-05T10:42:48Z,25
2026-08-05T10:42:48.355Z,25
2026-08-05T10:42:50Z,26
2026-08-05T10:42:50.291Z,26
2026-08-05T10:42:51Z,27
2026-08-05T10:42:51.955Z,27
2026-08-05T10:42:53Z,28
2026-08-05T10:42:53.761Z,28
2026-08-05T10:42:55Z,29
2026-08-05T10:42:55.561Z,29
2026-08-05T10:42:57Z,30
2026-08-05T10:42:59Z,31
2026-08-05T10:43:00Z,32
2026-08-05T10:43:02Z,33
2026-08-05T10:43:04Z,34
2026-08-05T10:43:06Z,35
2026-08-05T10:43:06.902Z,30
2026-08-05T10:43:07.812Z,31
2026-08-05T10:43:08Z,36
2026-08-05T10:43:08.341Z,32
2026-08-05T10:43:09Z,37
2026-08-05T10:43:10.326Z,33
2026-08-05T10:43:10.918Z,34
2026-08-05T10:43:11Z,38
2026-08-05T10:43:11.312Z,35
2026-08-05T10:43:11.648Z,36
2026-08-05T10:43:12.053Z,37
2026-08-05T10:43:12.71Z,38
2026-08-05T10:43:13Z,39
2026-08-05T10:43:13.571Z,39
2026-08-05T10:43:15Z,40
2026-08-05T10:43:15.881Z,40
2026-08-05T10:43:17Z,41
2026-08-05T10:43:18Z,42
2026-08-05T10:43:19.498Z,41
2026-08-05T10:43:19.902Z,42
2026-08-05T10:43:20Z,43
2026-08-05T10:43:20.803Z,43
2026-08-05T10:43:22Z,44
2026-08-05T10:43:22.59Z,44
2026-08-05T10:43:24Z,45
2026-08-05T10:43:24.394Z,45
2026-08-05T10:43:26Z,46
2026-08-05T10:43:26.897Z,46
2026-08-05T10:43:27Z,47
2026-08-05T10:43:28.182Z,47
2026-08-05T10:43:29Z,48
2026-08-05T10:43:29.895Z,48
2026-08-05T10:43:31Z,49
2026-08-05T10:43:33Z,50
2026-08-05T10:43:33.448Z,49
2026-08-05T10:43:33.918Z,50
2026-08-05T10:43:35Z,51
2026-08-05T10:43:35.203Z,51
2026-08-05T10:43:36Z,52
2026-08-05T10:43:37.003Z,52
2026-08-05T10:43:38Z,53
2026-08-05T10:43:38.799Z,53
2026-08-05T10:43:40Z,54
2026-08-05T10:43:40.6Z,54
2026-08-05T10:43:42Z,55
2026-08-05T10:43:43.08Z,55
2026-08-05T10:43:44Z,56
2026-08-05T10:43:44.271Z,56
2026-08-05T10:43:46Z,57
2026-08-05T10:43:46.479Z,57
2026-08-05T10:43:47Z,58
2026-08-05T10:43:48.745Z,58
2026-08-05T10:43:49Z,59
2026-08-05T10:43:49.676Z,59
2026-08-05T10:43:51Z,60
2026-08-05T10:43:51.477Z,60
2026-08-05T10:43:53Z,61
2026-08-05T10:43:53.275Z,61
2026-08-05T10:43:55Z,62
2026-08-05T10:43:55.072Z,62
2026-08-05T10:43:56Z,63
2026-08-05T10:43:56.877Z,63
2026-08-05T10:43:58Z,64
2026-08-05T10:43:58.931Z,64
2026-08-05T10:44:00Z,65
2026-08-05T10:44:02Z,66
2026-08-05T10:44:02.558Z,65
2026-08-05T10:44:04Z,67
2026-08-05T10:44:05Z,68
2026-08-05T10:44:05.426Z,66
2026-08-05T10:44:05.858Z,67
2026-08-05T10:44:06.634Z,68
2026-08-05T10:44:07Z,69
2026-08-05T10:44:07.801Z,69
2026-08-05T10:44:09Z,70
2026-08-05T10:44:09.6Z,70
2026-08-05T10:44:11Z,71
2026-08-05T10:44:11.404Z,71
2026-08-05T10:44:13Z,72
2026-08-05T10:44:13.205Z,72
2026-08-05T10:44:14Z,73
2026-08-05T10:44:15.296Z,73
2026-08-05T10:44:16Z,74
2026-08-05T10:44:16.806Z,74
2026-08-05T10:44:18Z,75
2026-08-05T10:44:18.607Z,75
2026-08-05T10:44:20Z,76
2026-08-05T10:44:21.154Z,76
2026-08-05T10:44:22Z,77
2026-08-05T10:44:24Z,78
2026-08-05T10:44:24.104Z,77
2026-08-05T10:44:24.578Z,78
2026-08-05T10:44:26Z,79
2026-08-05T10:44:26.288Z,79
2026-08-05T10:44:27Z,80
2026-08-05T10:44:27.85Z,80
2026-08-05T10:44:29Z,81
2026-08-05T10:44:29.639Z,81
2026-08-05T10:44:31Z,82
2026-08-05T10:44:31.613Z,82
2026-08-05T10:44:33Z,83
2026-08-05T10:44:33.251Z,83
2026-08-05T10:44:35Z,84
2026-08-05T10:44:35.046Z,84
2026-08-05T10:44:36Z,85
2026-08-05T10:44:38Z,86
2026-08-05T10:44:38.697Z,85
2026-08-05T10:44:39.088Z,86
2026-08-05T10:44:40Z,87
2026-08-05T10:44:40.442Z,87
2026-08-05T10:44:42Z,88
2026-08-05T10:44:44Z,89
2026-08-05T10:44:44.438Z,88
2026-08-05T10:44:45Z,90
2026-08-05T10:44:46.03Z,89
2026-08-05T10:44:46.299Z,90
2026-08-05T10:44:47Z,91
2026-08-05T10:44:47.667Z,91
2026-08-05T10:44:49Z,92
2026-08-05T10:44:50.321Z,92
2026-08-05T10:44:51Z,93
2026-08-05T10:44:51.496Z,93
2026-08-05T10:44:53Z,94
2026-08-05T10:44:53.173Z,94
2026-08-05T10:44:54Z,95
2026-08-05T10:44:54.866Z,95
2026-08-05T10:44:56Z,96
2026-08-05T10:44:58Z,97
2026-08-05T10:44:58.852Z,96
2026-08-05T10:44:59.283Z,97
2026-08-05T10:45:00Z,98
2026-08-05T10:45:00.315Z,98
2026-08-05T10:45:02Z,99
2026-08-05T10:45:03Z,100
2026-08-05T10:45:11.82Z,99
2026-08-05T10:45:12.571Z,100
2026-08-05T10:45:12.624Z,100
2026-08-05T10:50:23Z,100
2026-08-05T10:50:24Z,100
2026-08-05T10:50:24.626Z,100
2026-08-05T10:50:26Z,99
2026-08-05T10:50:27.959Z,100
2026-08-05T10:50:28Z,98
2026-08-05T10:50:28.02Z,100
2026-08-05T10:50:28.313Z,99
2026-08-05T10:50:28.736Z,98
2026-08-05T10:50:29Z,97
2026-08-05T10:50:31Z,96
2026-08-05T10:50:31.208Z,97
2026-08-05T10:50:32.147Z,96
2026-08-05T10:50:33Z,95
2026-08-05T10:50:33.608Z,95
2026-08-05T10:50:35Z,94
2026-08-05T10:50:36.638Z,94
2026-08-05T10:50:37Z,93
2026-08-05T10:50:37.288Z,93
2026-08-05T10:50:38Z,92
2026-08-05T10:50:39.057Z,92
2026-08-05T10:50:40Z,91
2026-08-05T10:50:40.814Z,91
2026-08-05T10:50:42Z,90
2026-08-05T10:50:42.677Z,90
2026-08-05T10:50:44Z,89
2026-08-05T10:50:46Z,88
2026-08-05T10:50:46.162Z,89
2026-08-05T10:50:46.987Z,88
2026-08-05T10:50:47Z,87
2026-08-05T10:50:48.029Z,87
2026-08-05T10:50:49Z,86
2026-08-05T10:50:49.816Z,86
2026-08-05T10:50:51Z,85
2026-08-05T10:50:52.111Z,85
2026-08-05T10:50:53Z,84
2026-08-05T10:50:53.413Z,84
2026-08-05T10:50:55Z,83
2026-08-05T10:50:55.212Z,83
2026-08-05T10:50:56Z,82
2026-08-05T10:50:57.026Z,82
2026-08-05T10:50:58Z,81
2026-08-05T10:51:00Z,80
2026-08-05T10:51:01.234Z,81
2026-08-05T10:51:02Z,79
2026-08-05T10:51:03.061Z,80
2026-08-05T10:51:04Z,78
2026-08-05T10:51:04.482Z,79
2026-08-05T10:51:04.731Z,78
2026-08-05T10:51:06Z,77
2026-08-05T10:51:06.075Z,77
2026-08-05T10:51:07Z,76
2026-08-05T10:51:07.913Z,76
2026-08-05T10:51:09Z,75
2026-08-05T10:51:09.677Z,75
2026-08-05T10:51:11Z,74
2026-08-05T10:51:12.307Z,74
2026-08-05T10:51:13Z,73
2026-08-05T10:51:13.366Z,73
2026-08-05T10:51:15Z,72
2026-08-05T10:51:16Z,71
2026-08-05T10:51:16.24Z,72
2026-08-05T10:51:17.46Z,71
2026-08-05T10:51:18Z,70
2026-08-05T10:51:18.763Z,70
2026-08-05T10:51:20Z,69
2026-08-05T10:51:20.493Z,69
2026-08-05T10:51:22Z,68
2026-08-05T10:51:22.667Z,68
2026-08-05T10:51:24Z,67
2026-08-05T10:51:24.117Z,67
2026-08-05T10:51:25Z,66
2026-08-05T10:51:25.895Z,66
2026-08-05T10:51:27Z,65
2026-08-05T10:51:27.69Z,65
2026-08-05T10:51:29Z,64
2026-08-05T10:51:31Z,63
2026-08-05T10:51:31.222Z,64
2026-08-05T10:51:31.473Z,63
2026-08-05T10:51:33Z,62
2026-08-05T10:51:33.351Z,62
2026-08-05T10:51:34Z,61
2026-08-05T10:51:34.99Z,61
2026-08-05T10:51:36Z,60
2026-08-05T10:51:36.775Z,60
2026-08-05T10:51:38Z,59
2026-08-05T10:51:39.62Z,59
2026-08-05T10:51:40Z,58
2026-08-05T10:51:41.555Z,58
2026-08-05T10:51:42Z,57
2026-08-05T10:51:42.331Z,57
2026-08-05T10:51:43Z,56
2026-08-05T10:51:45Z,55
2026-08-05T10:51:46.171Z,56
2026-08-05T10:51:46.557Z,55
2026-08-05T10:51:47Z,54
2026-08-05T10:51:47.684Z,54
2026-08-05T10:51:49Z,53
2026-08-05T10:51:49.489Z,53
2026-08-05T10:51:51Z,52
2026-08-05T10:51:51.183Z,52
2026-08-05T10:51:52Z,51
2026-08-05T10:51:52.997Z,51
2026-08-05T10:51:54Z,50
2026-08-05T10:51:56Z,49
2026-08-05T10:51:56.036Z,50
2026-08-05T10:51:57.161Z,49
2026-08-05T10:51:58Z,48
2026-08-05T10:51:58.513Z,48
2026-08-05T10:52:00Z,47
2026-08-05T10:52:01Z,46
2026-08-05T10:52:01.433Z,47
2026-08-05T10:52:02.697Z,46
2026-08-05T10:52:03Z,45
2026-08-05T10:52:03.805Z,45
2026-08-05T10:52:05Z,44
2026-08-05T10:52:07Z,43
2026-08-05T10:52:07.217Z,44
2026-08-05T10:52:07.64Z,43
2026-08-05T10:52:09Z,42
2026-08-05T10:52:09.387Z,42
2026-08-05T10:52:10Z,41
2026-08-05T10:52:11.234Z,41
2026-08-05T10:52:12Z,40
2026-08-05T10:52:13.016Z,40
2026-08-05T10:52:14Z,39
2026-08-05T10:52:14.78Z,39
2026-08-05T10:52:16Z,38
2026-08-05T10:52:17.587Z,38
2026-08-05T10:52:18Z,37
2026-08-05T10:52:18.403Z,37
2026-08-05T10:52:20Z,36
2026-08-05T10:52:21Z,35
2026-08-05T10:52:21.512Z,36
2026-08-05T10:52:22.019Z,35
2026-08-05T10:52:23Z,34
2026-08-05T10:52:23.791Z,34
2026-08-05T10:52:25Z,33
2026-08-05T10:52:25.667Z,33
2026-08-05T10:52:27Z,32
2026-08-05T10:52:28.057Z,32
2026-08-05T10:52:29Z,31
2026-08-05T10:52:29.197Z,31
2026-08-05T10:52:30Z,30
2026-08-05T10:52:31.029Z,30
2026-08-05T10:52:32Z,29
2026-08-05T10:52:32.814Z,29
2026-08-05T10:52:34Z,28
2026-08-05T10:52:36Z,27
2026-08-05T10:52:36.582Z,28
2026-08-05T10:52:36.926Z,27
2026-08-05T10:52:38Z,26
2026-08-05T10:52:39.986Z,26
2026-08-05T10:52:40Z,25
2026-08-05T10:52:41Z,24
2026-08-05T10:52:41.045Z,25
2026-08-05T10:52:42.161Z,24
2026-08-05T10:52:43Z,23
2026-08-05T10:52:43.758Z,23
2026-08-05T10:52:45Z,22
2026-08-05T10:52:45.559Z,22
2026-08-05T10:52:47Z,21
2026-08-05T10:52:47.362Z,21
2026-08-05T10:52:49Z,20
2026-08-05T10:52:49.16Z,20
2026-08-05T10:52:50Z,19
2026-08-05T10:52:51.751Z,19
2026-08-05T10:52:52Z,18
2026-08-05T10:52:52.764Z,18
2026-08-05T10:52:54Z,17
2026-08-05T10:52:54.571Z,17
2026-08-05T10:52:56Z,16
2026-08-05T10:52:56.365Z,16
2026-08-05T10:52:58Z,15
2026-08-05T10:52:58.164Z,15
2026-08-05T10:52:59Z,14
2026-08-05T10:53:01Z,13
2026-08-05T10:53:03Z,12
2026-08-05T10:53:05Z,11
2026-08-05T10:53:07Z,10
2026-08-05T10:53:08Z,9
2026-08-05T10:53:10Z,8
2026-08-05T10:53:12Z,7
2026-08-05T10:53:14Z,6
2026-08-05T10:53:16Z,5
2026-08-05T10:53:17Z,4
2026-08-05T10:53:19Z,3
2026-08-05T10:53:21Z,2
2026-08-05T10:53:23Z,1
2026-08-05T10:53:24Z,0
2026-08-05T10:53:26.017Z,14
2026-08-05T10:53:26.85Z,13
2026-08-05T10:53:27.144Z,12
2026-08-05T10:53:29.173Z,11
2026-08-05T10:53:29.797Z,10
2026-08-05T10:53:30.153Z,9
2026-08-05T10:53:30.523Z,8
2026-08-05T10:53:31.523Z,7
2026-08-05T10:53:31.769Z,6
2026-08-05T10:53:32.123Z,5
2026-08-05T10:53:32.896Z,4
2026-08-05T10:53:34.948Z,3
2026-08-05T10:53:35.309Z,2
2026-08-05T10:53:35.574Z,1
2026-08-05T10:53:35.847Z,0
2026-08-05T10:53:35.895Z,0
2026-08-05T11:35:29Z,0
2026-08-05T11:35:31Z,1
2026-08-05T11:35:32.63Z,0
2026-08-05T11:35:32.684Z,0
2026-08-05T11:35:33Z,2
2026-08-05T11:35:33.51Z,1
2026-08-05T11:35:34.076Z,2
2026-08-05T11:35:35Z,3
2026-08-05T11:35:35.308Z,3
2026-08-05T11:35:37Z,4
2026-08-05T11:35:37.131Z,4
2026-08-05T11:35:38Z,5
2026-08-05T11:35:38.923Z,5
2026-08-05T11:35:40Z,6
2026-08-05T11:35:40.987Z,6
2026-08-05T11:35:42Z,7
2026-08-05T11:35:42.514Z,7
2026-08-05T11:35:44Z,8
2026-08-05T11:35:46Z,9
2026-08-05T11:35:46.283Z,8
2026-08-05T11:35:47Z,10
2026-08-05T11:35:47.132Z,9
2026-08-05T11:35:47.921Z,10
2026-08-05T11:35:49Z,11
2026-08-05T11:35:49.715Z,11
2026-08-05T11:35:51Z,12
2026-08-05T11:35:51.523Z,12
2026-08-05T11:35:53Z,13
2026-08-05T11:35:53.362Z,13
2026-08-05T11:35:55Z,14
2026-08-05T11:35:55.298Z,14
2026-08-05T11:35:56Z,15
2026-08-05T11:35:57.998Z,15
2026-08-05T11:35:58Z,16
2026-08-05T11:35:58.718Z,16
2026-08-05T11:36:00Z,17
2026-08-05T11:36:02Z,18
2026-08-05T11:36:02.704Z,17
2026-08-05T11:36:03.407Z,18
2026-08-05T11:36:04Z,19
2026-08-05T11:36:04.126Z,19
2026-08-05T11:36:05Z,20
2026-08-05T11:36:05.922Z,20
2026-08-05T11:36:07Z,21
2026-08-05T11:36:07.726Z,21
2026-08-05T11:36:09Z,22
2026-08-05T11:36:09.977Z,22
2026-08-05T11:36:11Z,23
2026-08-05T11:36:11.347Z,23
2026-08-05T11:36:13Z,24
2026-08-05T11:36:13.133Z,24
2026-08-05T11:36:14Z,25
2026-08-05T11:36:16Z,26
2026-08-05T11:36:16.298Z,25
2026-08-05T11:36:16.813Z,26
2026-08-05T11:36:18Z,27
2026-08-05T11:36:18.542Z,27
2026-08-05T11:36:20Z,28
2026-08-05T11:36:20.333Z,28
2026-08-05T11:36:22Z,29
2026-08-05T11:36:22.962Z,29
2026-08-05T11:36:23Z,30
2026-08-05T11:36:24.156Z,30
2026-08-05T11:36:25Z,31
2026-08-05T11:36:25.746Z,31
2026-08-05T11:36:27Z,32
2026-08-05T11:36:27.79Z,32
2026-08-05T11:36:29Z,33
2026-08-05T11:36:31Z,34
2026-08-05T11:36:32Z,35
2026-08-05T11:36:32.105Z,33
2026-08-05T11:36:32.548Z,34
2026-08-05T11:36:33.004Z,35
2026-08-05T11:36:34Z,36
2026-08-05T11:36:34.776Z,36
2026-08-05T11:36:36Z,37
2026-08-05T11:36:36.573Z,37
2026-08-05T11:36:38Z,38
2026-08-05T11:36:38.383Z,38
2026-08-05T11:36:40Z,39
2026-08-05T11:36:40.174Z,39
2026-08-05T11:36:41Z,40
2026-08-05T11:36:41.984Z,40
2026-08-05T11:36:43Z,41
2026-08-05T11:36:43.962Z,41
2026-08-05T11:36:45Z,42
2026-08-05T11:36:47Z,43
2026-08-05T11:36:47.553Z,42
2026-08-05T11:36:47.918Z,43
2026-08-05T11:36:49Z,44
2026-08-05T11:36:49.185Z,44
2026-08-05T11:36:50Z,45
2026-08-05T11:36:50.99Z,45
2026-08-05T11:36:52Z,46
2026-08-05T11:36:52.787Z,46
2026-08-05T11:36:54Z,47
2026-08-05T11:36:54.891Z,47
2026-08-05T11:36:56Z,48
2026-08-05T11:36:56.399Z,48
2026-08-05T11:36:58Z,49
2026-08-05T11:36:58.19Z,49
2026-08-05T11:36:59Z,50
2026-08-05T11:37:01Z,51
2026-08-05T11:37:02.299Z,50
2026-08-05T11:37:03Z,52
2026-08-05T11:37:04.662Z,51
2026-08-05T11:37:05Z,53
2026-08-05T11:37:05.074Z,52
2026-08-05T11:37:05.48Z,53
2026-08-05T11:37:07Z,54
2026-08-05T11:37:07.2Z,54
2026-08-05T11:37:08Z,55
2026-08-05T11:37:09.127Z,55
2026-08-05T11:37:10Z,56
2026-08-05T11:37:10.796Z,56
2026-08-05T11:37:12Z,57
2026-08-05T11:37:12.609Z,57
2026-08-05T11:37:14Z,58
2026-08-05T11:37:16Z,59
2026-08-05T11:37:17.104Z,58
2026-08-05T11:37:17.683Z,59
2026-08-05T11:37:18Z,60
2026-08-05T11:37:18.102Z,60
2026-08-05T11:37:19Z,61
2026-08-05T11:37:19.897Z,61
2026-08-05T11:37:21Z,62
2026-08-05T11:37:22.694Z,62
2026-08-05T11:37:23Z,63
2026-08-05T11:37:23.513Z,63
2026-08-05T11:37:25Z,64
2026-08-05T11:37:25.299Z,64
2026-08-05T11:37:27Z,65
2026-08-05T11:37:27.099Z,65
2026-08-05T11:37:28Z,66
2026-08-05T11:37:28.903Z,66
2026-08-05T11:37:30Z,67
2026-08-05T11:37:30.726Z,67
2026-08-05T11:37:32Z,68
2026-08-05T11:37:33.641Z,68
2026-08-05T11:37:34Z,69
2026-08-05T11:37:34.414Z,69
2026-08-05T11:37:36Z,70
2026-08-05T11:37:36.732Z,70
2026-08-05T11:37:37Z,71
2026-08-05T11:37:39Z,72
2026-08-05T11:37:39.486Z,71
2026-08-05T11:37:40.777Z,72
2026-08-05T11:37:41Z,73
2026-08-05T11:37:41.617Z,73
2026-08-05T11:37:43Z,74
2026-08-05T11:37:43.877Z,74
2026-08-05T11:37:45Z,75
2026-08-05T11:37:45.255Z,75
2026-08-05T11:37:46Z,76
2026-08-05T11:37:47.028Z,76
2026-08-05T11:37:48Z,77
2026-08-05T11:37:48.825Z,77
2026-08-05T11:37:50Z,78
2026-08-05T11:37:50.625Z,78
2026-08-05T11:37:52Z,79
2026-08-05T11:37:52.428Z,79
2026-08-05T11:37:54Z,80
2026-08-05T11:37:54.229Z,80
2026-08-05T11:37:55Z,81
2026-08-05T11:37:56.8Z,81
2026-08-05T11:37:57Z,82
2026-08-05T11:37:57.832Z,82
2026-08-05T11:37:59Z,83
2026-08-05T11:38:00.8Z,83
2026-08-05T11:38:01Z,84
2026-08-05T11:38:02.854Z,84
2026-08-05T11:38:03Z,85
2026-08-05T11:38:03.241Z,85
2026-08-05T11:38:04Z,86
2026-08-05T11:38:05.043Z,86
2026-08-05T11:38:06Z,87
2026-08-05T11:38:06.855Z,87
2026-08-05T11:38:08Z,88
2026-08-05T11:38:08.636Z,88
2026-08-05T11:38:10Z,89
2026-08-05T11:38:12Z,90
2026-08-05T11:38:13Z,91
2026-08-05T11:38:13.045Z,89
2026-08-05T11:38:13.929Z,90
2026-08-05T11:38:14.346Z,91
2026-08-05T11:38:15Z,92
2026-08-05T11:38:15.842Z,92
2026-08-05T11:38:17Z,93
2026-08-05T11:38:17.65Z,93
2026-08-05T11:38:19Z,94
2026-08-05T11:38:19.455Z,94
2026-08-05T11:38:21Z,95
2026-08-05T11:38:21.246Z,95
2026-08-05T11:38:22Z,96
2026-08-05T11:38:23.624Z,96
2026-08-05T11:38:24Z,97
2026-08-05T11:38:24.846Z,97
2026-08-05T11:38:26Z,98
2026-08-05T11:38:26.652Z,98
2026-08-05T11:38:28Z,99
2026-08-05T11:38:28.462Z,99
2026-08-05T11:38:29Z,100
2026-08-05T11:38:33.197Z,100
2026-08-05T11:38:33.259Z,100
2026-08-05T11:43:57Z,100
2026-08-05T11:43:58Z,100
2026-08-05T11:44:00Z,99
2026-08-05T11:44:00.846Z,100
2026-08-05T11:44:02Z,98
2026-08-05T11:44:02.728Z,100
2026-08-05T11:44:02.783Z,100
2026-08-05T11:44:03Z,97
2026-08-05T11:44:05Z,96
2026-08-05T11:44:05.458Z,99
2026-08-05T11:44:06.052Z,98
2026-08-05T11:44:06.56Z,97
2026-08-05T11:44:07Z,95
2026-08-05T11:44:07.006Z,96
2026-08-05T11:44:09Z,94
2026-08-05T11:44:11Z,93
2026-08-05T11:44:11.22Z,95
2026-08-05T11:44:11.928Z,94
2026-08-05T11:44:12Z,92
2026-08-05T11:44:12.865Z,93
2026-08-05T11:44:14Z,91
2026-08-05T11:44:15.078Z,92
2026-08-05T11:44:15.313Z,91
2026-08-05T11:44:16Z,90
2026-08-05T11:44:16.885Z,90
2026-08-05T11:44:18Z,89
2026-08-05T11:44:18.426Z,89
2026-08-05T11:44:20Z,88
2026-08-05T11:44:20.223Z,88
2026-08-05T11:44:21Z,87
2026-08-05T11:44:22.03Z,87
2026-08-05T11:44:23Z,86
2026-08-05T11:44:24.092Z,86
2026-08-05T11:44:25Z,85
2026-08-05T11:44:26.547Z,85
2026-08-05T11:44:27Z,84
2026-08-05T11:44:28.965Z,84
2026-08-05T11:44:29Z,83
2026-08-05T11:44:29.281Z,83
2026-08-05T11:44:31Z,82
2026-08-05T11:44:31.058Z,82
2026-08-05T11:44:32Z,81
2026-08-05T11:44:32.861Z,81
2026-08-05T11:44:34Z,80
2026-08-05T11:44:34.758Z,80
2026-08-05T11:44:36Z,79
2026-08-05T11:44:36.474Z,79
2026-08-05T11:44:38Z,78
2026-08-05T11:44:38.272Z,78
2026-08-05T11:44:40Z,77
2026-08-05T11:44:40.555Z,77
2026-08-05T11:44:41Z,76
2026-08-05T11:44:43Z,75
2026-08-05T11:44:44.035Z,76
2026-08-05T11:44:44.381Z,75
2026-08-05T11:44:45Z,74
2026-08-05T11:44:45.539Z,74
2026-08-05T11:44:47Z,73
2026-08-05T11:44:47.347Z,73
2026-08-05T11:44:49Z,72
2026-08-05T11:44:49.141Z,72
2026-08-05T11:44:50Z,71
2026-08-05T11:44:50.945Z,71
2026-08-05T11:44:52Z,70
2026-08-05T11:44:53.802Z,70
2026-08-05T11:44:54Z,69
2026-08-05T11:44:54.543Z,69
2026-08-05T11:44:56Z,68
2026-08-05T11:44:56.35Z,68
2026-08-05T11:44:58Z,67
2026-08-05T11:44:59Z,66
2026-08-05T11:44:59.28Z,67
2026-08-05T11:44:59.951Z,66
2026-08-05T11:45:01Z,65
2026-08-05T11:45:03Z,64
2026-08-05T11:45:05Z,63
2026-08-05T11:45:07Z,62
2026-08-05T11:45:08Z,61
2026-08-05T11:45:10Z,60
2026-08-05T11:45:11.176Z,65
2026-08-05T11:45:11.598Z,64
2026-08-05T11:45:11.94Z,63
2026-08-05T11:45:12Z,59
2026-08-05T11:45:12.288Z,62
2026-08-05T11:45:12.784Z,61
2026-08-05T11:45:13.69Z,60
2026-08-05T11:45:14Z,58
2026-08-05T11:45:15.858Z,59
2026-08-05T11:45:16Z,57
2026-08-05T11:45:16.481Z,58
2026-08-05T11:45:16.747Z,57
2026-08-05T11:45:17Z,56
2026-08-05T11:45:17.965Z,56
2026-08-05T11:45:19Z,55
2026-08-05T11:45:19.76Z,55
2026-08-05T11:45:21Z,54
2026-08-05T11:45:21.775Z,54
2026-08-05T11:45:23Z,53
2026-08-05T11:45:23.377Z,53
2026-08-05T11:45:25Z,52
2026-08-05T11:45:26Z,51
2026-08-05T11:45:26.782Z,52
2026-08-05T11:45:27.334Z,51
2026-08-05T11:45:28Z,50
2026-08-05T11:45:29.439Z,50
2026-08-05T11:45:30Z,49
2026-08-05T11:45:30.949Z,49
2026-08-05T11:45:32Z,48
2026-08-05T11:45:32.377Z,48
2026-08-05T11:45:34Z,47
2026-08-05T11:45:34.177Z,47
2026-08-05T11:45:35Z,46
2026-08-05T11:45:35.978Z,46
2026-08-05T11:45:37Z,45
2026-08-05T11:45:37.787Z,45
2026-08-05T11:45:39Z,44
2026-08-05T11:45:39.674Z,44
2026-08-05T11:45:41Z,43
2026-08-05T11:45:41.382Z,43
2026-08-05T11:45:43Z,42
2026-08-05T11:45:44Z,41
2026-08-05T11:45:44.27Z,42
2026-08-05T11:45:44.996Z,41
2026-08-05T11:45:46Z,40
2026-08-05T11:45:47.301Z,40
2026-08-05T11:45:48Z,39
2026-08-05T11:45:48.589Z,39
2026-08-05T11:45:50Z,38
2026-08-05T11:45:50.383Z,38
2026-08-05T11:45:52Z,37
2026-08-05T11:45:52.184Z,37
2026-08-05T11:45:53Z,36
2026-08-05T11:45:53.987Z,36
2026-08-05T11:45:55Z,35
2026-08-05T11:45:55.788Z,35
2026-08-05T11:45:57Z,34
2026-08-05T11:45:57.669Z,34
2026-08-05T11:45:59Z,33
2026-08-05T11:45:59.391Z,33
2026-08-05T11:46:01Z,32
2026-08-05T11:46:02Z,31
2026-08-05T11:46:02.749Z,32
2026-08-05T11:46:04Z,30
2026-08-05T11:46:05.609Z,31
2026-08-05T11:46:05.856Z,30
2026-08-05T11:46:06Z,29
2026-08-05T11:46:06.603Z,29
2026-08-05T11:46:08Z,28
2026-08-05T11:46:09.588Z,28
2026-08-05T11:46:10Z,27
2026-08-05T11:46:10.687Z,27
2026-08-05T11:46:11Z,26
2026-08-05T11:46:11.998Z,26
2026-08-05T11:46:13Z,25
2026-08-05T11:46:15Z,24
2026-08-05T11:46:15.098Z,25
2026-08-05T11:46:15.636Z,24
2026-08-05T11:46:17Z,23
2026-08-05T11:46:19Z,22
2026-08-05T11:46:19.684Z,23
2026-08-05T11:46:20Z,21
2026-08-05T11:46:20.158Z,22
2026-08-05T11:46:21.065Z,21
2026-08-05T11:46:22Z,20
2026-08-05T11:46:22.827Z,20
2026-08-05T11:46:24Z,19
2026-08-05T11:46:24.631Z,19
2026-08-05T11:46:26Z,18
2026-08-05T11:46:26.429Z,18
2026-08-05T11:46:28Z,17
2026-08-05T11:46:28.233Z,17
2026-08-05T11:46:29Z,16
2026-08-05T11:46:30.049Z,16
2026-08-05T11:46:31Z,15
2026-08-05T11:46:32.035Z,15
2026-08-05T11:46:33Z,14
2026-08-05T11:46:34.519Z,14
2026-08-05T11:46:35Z,13
2026-08-05T11:46:35.428Z,13
2026-08-05T11:46:37Z,12
2026-08-05T11:46:37.237Z,12
2026-08-05T11:46:38Z,11
2026-08-05T11:46:39.045Z,11
2026-08-05T11:46:40Z,10
2026-08-05T11:46:42Z,9
2026-08-05T11:46:42.217Z,10
2026-08-05T11:46:42.645Z,9
2026-08-05T11:46:44Z,8
2026-08-05T11:46:44.444Z,8
2026-08-05T11:46:46Z,7
2026-08-05T11:46:46.309Z,7
2026-08-05T11:46:47Z,6
2026-08-05T11:46:49Z,5
2026-08-05T11:46:49.545Z,6
2026-08-05T11:46:50.098Z,5
2026-08-05T11:46:51Z,4
2026-08-05T11:46:52.045Z,4
2026-08-05T11:46:53Z,3
2026-08-05T11:46:53.447Z,3
2026-08-05T11:46:55Z,2
2026-08-05T11:46:55.248Z,2
2026-08-05T11:46:56Z,1
2026-08-05T11:46:57.068Z,1
2026-08-05T11:46:58Z,0
2026-08-05T11:46:58.811Z,0
2026-08-05T11:46:58.877Z,0
2026-08-05T16:00:01Z,0
2026-08-05T16:00:02Z,1
2026-08-05T16:00:04Z,2
2026-08-05T16:00:06Z,3
2026-08-05T16:00:08Z,4
2026-08-05T16:00:10Z,5
2026-08-05T16:00:11Z,6
2026-08-05T16:00:11.833Z,0
2026-08-05T16:00:11.878Z,0
2026-08-05T16:00:13Z,7
2026-08-05T16:00:13.185Z,1
2026-08-05T16:00:15Z,8
2026-08-05T16:00:15.362Z,2
2026-08-05T16:00:15.604Z,3
2026-08-05T16:00:16.053Z,4
2026-08-05T16:00:16.169Z,5
2026-08-05T16:00:16.462Z,6
2026-08-05T16:00:16.995Z,7
2026-08-05T16:00:17Z,9
2026-08-05T16:00:17.406Z,8
2026-08-05T16:00:18.055Z,9
2026-08-05T16:00:19Z,10
2026-08-05T16:00:20Z,11
2026-08-05T16:00:20.731Z,10
2026-08-05T16:00:21.025Z,11
2026-08-05T16:00:22Z,12
2026-08-05T16:00:22.75Z,12
2026-08-05T16:00:24Z,13
2026-08-05T16:00:26Z,14
2026-08-05T16:00:28Z,15
2026-08-05T16:00:28.321Z,13
2026-08-05T16:00:28.862Z,14
2026-08-05T16:00:28.985Z,15
2026-08-05T16:00:29Z,16
2026-08-05T16:00:29.952Z,16
2026-08-05T16:00:31Z,17
2026-08-05T16:00:32.241Z,17
2026-08-05T16:00:33Z,18
2026-08-05T16:00:35Z,19
2026-08-05T16:00:35.724Z,18
2026-08-05T16:00:36.053Z,19
2026-08-05T16:00:37Z,20
2026-08-05T16:00:37.273Z,20
2026-08-05T16:00:38Z,21
2026-08-05T16:00:39.032Z,21
2026-08-05T16:00:40Z,22
2026-08-05T16:00:40.835Z,22
2026-08-05T16:00:42Z,23
2026-08-05T16:00:42.628Z,23
2026-08-05T16:00:44Z,24
2026-08-05T16:00:44.43Z,24
2026-08-05T16:00:46Z,25
2026-08-05T16:00:46.262Z,25
2026-08-05T16:00:47Z,26
2026-08-05T16:00:48.046Z,26
2026-08-05T16:00:49Z,27
2026-08-05T16:00:50.78Z,27
2026-08-05T16:00:51Z,28
2026-08-05T16:00:51.636Z,28
2026-08-05T16:00:53Z,29
2026-08-05T16:00:53.825Z,29
2026-08-05T16:00:55Z,30
2026-08-05T16:00:55.277Z,30
2026-08-05T16:00:57Z,31
2026-08-05T16:00:57.04Z,31
2026-08-05T16:00:58Z,32
2026-08-05T16:00:58.847Z,32
2026-08-05T16:01:00Z,33
2026-08-05T16:01:02Z,34
2026-08-05T16:01:02.753Z,33
2026-08-05T16:01:03.155Z,34
2026-08-05T16:01:04Z,35
2026-08-05T16:01:06Z,36
2026-08-05T16:01:06.13Z,35
2026-08-05T16:01:06.37Z,36
2026-08-05T16:01:07Z,37
2026-08-05T16:01:07.843Z,37
2026-08-05T16:01:09Z,38
2026-08-05T16:01:09.641Z,38
2026-08-05T16:01:11Z,39
2026-08-05T16:01:11.442Z,39
2026-08-05T16:01:13Z,40
2026-08-05T16:01:13.336Z,40
2026-08-05T16:01:15Z,41
2026-08-05T16:01:15.046Z,41
2026-08-05T16:01:16Z,42
2026-08-05T16:01:16.85Z,42
2026-08-05T16:01:18Z,43
2026-08-05T16:01:19.079Z,43
2026-08-05T16:01:20Z,44
2026-08-05T16:01:22Z,45
2026-08-05T16:01:22.111Z,44
2026-08-05T16:01:22.294Z,45
2026-08-05T16:01:24Z,46
2026-08-05T16:01:24.732Z,46
2026-08-05T16:01:25Z,47
2026-08-05T16:01:26.625Z,47
2026-08-05T16:01:27Z,48
2026-08-05T16:01:27.695Z,48
2026-08-05T16:01:29Z,49
2026-08-05T16:01:29.507Z,49
2026-08-05T16:01:31Z,50
2026-08-05T16:01:31.341Z,50
2026-08-05T16:01:33Z,51
2026-08-05T16:01:33.1Z,51
2026-08-05T16:01:34Z,52
2026-08-05T16:01:36Z,53
2026-08-05T16:01:36.242Z,52
2026-08-05T16:01:36.701Z,53
2026-08-05T16:01:38Z,54
2026-08-05T16:01:38.506Z,54
2026-08-05T16:01:40Z,55
2026-08-05T16:01:40.613Z,55
2026-08-05T16:01:42Z,56
2026-08-05T16:01:42.148Z,56
2026-08-05T16:01:43Z,57
2026-08-05T16:01:43.949Z,57
2026-08-05T16:01:45Z,58
2026-08-05T16:01:46.018Z,58
2026-08-05T16:01:47Z,59
2026-08-05T16:01:47.551Z,59
2026-08-05T16:01:49Z,60
2026-08-05T16:01:51Z,61
2026-08-05T16:01:51.308Z,60
2026-08-05T16:01:51.923Z,61
2026-08-05T16:01:52Z,62
2026-08-05T16:01:52.962Z,62
2026-08-05T16:01:54Z,63
2026-08-05T16:01:54.756Z,63
2026-08-05T16:01:56Z,64
2026-08-05T16:01:56.562Z,64
2026-08-05T16:01:58Z,65
2026-08-05T16:01:58.425Z,65
2026-08-05T16:02:00Z,66
2026-08-05T16:02:00.172Z,66
2026-08-05T16:02:01Z,67
2026-08-05T16:02:03Z,68
2026-08-05T16:02:05Z,69
2026-08-05T16:02:06.032Z,67
2026-08-05T16:02:07Z,70
2026-08-05T16:02:08.898Z,68
2026-08-05T16:02:09Z,71
2026-08-05T16:02:10Z,72
2026-08-05T16:02:11.424Z,69
2026-08-05T16:02:11.703Z,70
2026-08-05T16:02:11.917Z,71
2026-08-05T16:02:12Z,73
2026-08-05T16:02:12.213Z,72
2026-08-05T16:02:12.782Z,73
2026-08-05T16:02:14Z,74
2026-08-05T16:02:14.908Z,74
2026-08-05T16:02:16Z,75
2026-08-05T16:02:16.432Z,75
2026-08-05T16:02:18Z,76
2026-08-05T16:02:18.187Z,76
2026-08-05T16:02:19Z,77
2026-08-05T16:02:21Z,78
2026-08-05T16:02:21.508Z,77
2026-08-05T16:02:21.795Z,78
2026-08-05T16:02:23Z,79
2026-08-05T16:02:23.586Z,79
2026-08-05T16:02:25Z,80
2026-08-05T16:02:25.415Z,80
2026-08-05T16:02:27Z,81
2026-08-05T16:02:27.194Z,81
2026-08-05T16:02:28Z,82
2026-08-05T16:02:28.991Z,82
2026-08-05T16:02:30Z,83
2026-08-05T16:02:30.794Z,83
2026-08-05T16:02:32Z,84
2026-08-05T16:02:32.59Z,84
2026-08-05T16:02:34Z,85
2026-08-05T16:02:36Z,86
2026-08-05T16:02:36.71Z,85
2026-08-05T16:02:37Z,87
2026-08-05T16:02:37.203Z,86
2026-08-05T16:02:38.026Z,87
2026-08-05T16:02:39Z,88
2026-08-05T16:02:39.825Z,88
2026-08-05T16:02:41Z,89
2026-08-05T16:02:41.624Z,89
2026-08-05T16:02:43Z,90
2026-08-05T16:02:43.417Z,90
2026-08-05T16:02:45Z,91
2026-08-05T16:02:45.221Z,91
2026-08-05T16:02:46Z,92
2026-08-05T16:02:47.374Z,92
2026-08-05T16:02:48Z,93
2026-08-05T16:02:48.838Z,93
2026-08-05T16:02:50Z,94
2026-08-05T16:02:50.623Z,94
2026-08-05T16:02:52Z,95
2026-08-05T16:02:52.424Z,95
2026-08-05T16:02:54Z,96
2026-08-05T16:02:54.234Z,96
2026-08-05T16:02:55Z,97
2026-08-05T16:02:56.832Z,97
2026-08-05T16:02:57Z,98
2026-08-05T16:02:58.381Z,98
2026-08-05T16:02:59Z,99
2026-08-05T16:02:59.648Z,99
2026-08-05T16:03:01Z,100
2026-08-05T16:03:02.589Z,100
2026-08-05T16:03:02.628Z,100
2026-08-05T20:00:00Z,100
2026-08-05T20:00:00.135Z,100
2026-08-05T20:00:01Z,100
2026-08-05T20:00:02Z,99
2026-08-05T20:00:04Z,98
2026-08-05T20:00:06Z,97
2026-08-05T20:00:08Z,96
2026-08-05T20:00:10Z,95
2026-08-05T20:00:11Z,94
2026-08-05T20:00:11.488Z,100
2026-08-05T20:00:11.572Z,100
2026-08-05T20:00:12.486Z,99
2026-08-05T20:00:12.96Z,98
2026-08-05T20:00:13Z,93
2026-08-05T20:00:15Z,92
2026-08-05T20:00:15.064Z,97
2026-08-05T20:00:15.509Z,96
2026-08-05T20:00:15.8Z,95
2026-08-05T20:00:16.124Z,94
2026-08-05T20:00:16.39Z,93
2026-08-05T20:00:16.904Z,92
2026-08-05T20:00:17Z,91
2026-08-05T20:00:17.422Z,91
2026-08-05T20:00:19Z,90
2026-08-05T20:00:19.12Z,90
2026-08-05T20:00:20Z,89
2026-08-05T20:00:22Z,88
2026-08-05T20:00:22.271Z,89
2026-08-05T20:00:22.906Z,88
2026-08-05T20:00:24Z,87
2026-08-05T20:00:24.528Z,87
2026-08-05T20:00:26Z,86
2026-08-05T20:00:26.667Z,86
2026-08-05T20:00:28Z,85
2026-08-05T20:00:28.126Z,85
2026-08-05T20:00:29Z,84
2026-08-05T20:00:29.92Z,84
2026-08-05T20:00:31Z,83
2026-08-05T20:00:31.724Z,83
2026-08-05T20:00:33Z,82
2026-08-05T20:00:33.533Z,82
2026-08-05T20:00:35Z,81
2026-08-05T20:00:37Z,80
2026-08-05T20:00:37.197Z,81
2026-08-05T20:00:38Z,79
2026-08-05T20:00:38.109Z,80
2026-08-05T20:00:40Z,78
2026-08-05T20:00:41.69Z,79
2026-08-05T20:00:41.937Z,78
2026-08-05T20:00:42Z,77
2026-08-05T20:00:42.533Z,77
2026-08-05T20:00:44Z,76
2026-08-05T20:00:44.333Z,76
2026-08-05T20:00:46Z,75
2026-08-05T20:00:46.134Z,75
2026-08-05T20:00:47Z,74
2026-08-05T20:00:47.933Z,74
2026-08-05T20:00:49Z,73
2026-08-05T20:00:50.839Z,73
2026-08-05T20:00:51Z,72
2026-08-05T20:00:52.947Z,72
2026-08-05T20:00:53Z,71
2026-08-05T20:00:53.575Z,71
2026-08-05T20:00:55Z,70
2026-08-05T20:00:55.138Z,70
2026-08-05T20:00:56Z,69
2026-08-05T20:00:56.94Z,69
2026-08-05T20:00:58Z,68
2026-08-05T20:00:58.752Z,68
2026-08-05T20:01:00Z,67
2026-08-05T20:01:02Z,66
2026-08-05T20:01:03.091Z,67
2026-08-05T20:01:03.488Z,66
2026-08-05T20:01:04Z,65
2026-08-05T20:01:04.148Z,65
2026-08-05T20:01:05Z,64
2026-08-05T20:01:07Z,63
2026-08-05T20:01:07.357Z,64
2026-08-05T20:01:08.047Z,63
2026-08-05T20:01:09Z,62
2026-08-05T20:01:09.549Z,62
2026-08-05T20:01:11Z,61
2026-08-05T20:01:11.35Z,61
2026-08-05T20:01:13Z,60
2026-08-05T20:01:13.15Z,60
2026-08-05T20:01:14Z,59
2026-08-05T20:01:14.957Z,59
2026-08-05T20:01:16Z,58
2026-08-05T20:01:16.764Z,58
2026-08-05T20:01:18Z,57
2026-08-05T20:01:18.564Z,57
2026-08-05T20:01:20Z,56
2026-08-05T20:01:22Z,55
2026-08-05T20:01:22.426Z,56
2026-08-05T20:01:22.691Z,55
2026-08-05T20:01:24Z,54
2026-08-05T20:01:24.052Z,54
2026-08-05T20:01:25Z,53
2026-08-05T20:01:25.853Z,53
2026-08-05T20:01:27Z,52
2026-08-05T20:01:27.898Z,52
2026-08-05T20:01:29Z,51
2026-08-05T20:01:29.45Z,51
2026-08-05T20:01:31Z,50
2026-08-05T20:01:31.252Z,50
2026-08-05T20:01:33Z,49
2026-08-05T20:01:33.447Z,49
2026-08-05T20:01:34Z,48
2026-08-05T20:01:34.877Z,48
2026-08-05T20:01:36Z,47
2026-08-05T20:01:38Z,46
2026-08-05T20:01:40Z,45
2026-08-05T20:01:42Z,44
2026-08-05T20:01:43Z,43
2026-08-05T20:01:45Z,42
2026-08-05T20:01:45.241Z,47
2026-08-05T20:01:45.717Z,46
2026-08-05T20:01:45.946Z,45
2026-08-05T20:01:47Z,41
2026-08-05T20:01:47.871Z,44
2026-08-05T20:01:48.664Z,43
2026-08-05T20:01:48.791Z,42
2026-08-05T20:01:49Z,40
2026-08-05T20:01:49.053Z,41
2026-08-05T20:01:49.456Z,40
2026-08-05T20:01:51Z,39
2026-08-05T20:01:51.065Z,39
2026-08-05T20:01:52Z,38
2026-08-05T20:01:52.878Z,38
2026-08-05T20:01:54Z,37
2026-08-05T20:01:55.169Z,37
2026-08-05T20:01:56Z,36
2026-08-05T20:01:57.618Z,36
2026-08-05T20:01:58Z,35
2026-08-05T20:01:58.555Z,35
2026-08-05T20:02:00Z,34
2026-08-05T20:02:00.073Z,34
2026-08-05T20:02:01Z,33
2026-08-05T20:02:02.739Z,33
2026-08-05T20:02:03Z,32
2026-08-05T20:02:03.671Z,32
2026-08-05T20:02:05Z,31
2026-08-05T20:02:06.226Z,31
2026-08-05T20:02:07Z,30
2026-08-05T20:02:07.275Z,30
2026-08-05T20:02:09Z,29
2026-08-05T20:02:09.072Z,29
2026-08-05T20:02:10Z,28
2026-08-05T20:02:11.342Z,28
2026-08-05T20:02:12Z,27
2026-08-05T20:02:13.094Z,27
2026-08-05T20:02:14Z,26
2026-08-05T20:02:14.474Z,26
2026-08-05T20:02:16Z,25
2026-08-05T20:02:18Z,24
2026-08-05T20:02:18.362Z,25
2026-08-05T20:02:18.77Z,24
2026-08-05T20:02:19Z,23
2026-08-05T20:02:19.89Z,23
2026-08-05T20:02:21Z,22
2026-08-05T20:02:21.68Z,22
2026-08-05T20:02:23Z,21
2026-08-05T20:02:23.485Z,21
2026-08-05T20:02:25Z,20
2026-08-05T20:02:25.287Z,20
2026-08-05T20:02:27Z,19
2026-08-05T20:02:27.319Z,19
2026-08-05T20:02:28Z,18
2026-08-05T20:02:28.885Z,18
2026-08-05T20:02:30Z,17
2026-08-05T20:02:30.695Z,17
2026-08-05T20:02:32Z,16
2026-08-05T20:02:32.485Z,16
2026-08-05T20:02:34Z,15
2026-08-05T20:02:34.289Z,15
2026-08-05T20:02:36Z,14
2026-08-05T20:02:37Z,13
2026-08-05T20:02:37.775Z,14
2026-08-05T20:02:38.104Z,13
2026-08-05T20:02:39Z,12
2026-08-05T20:02:39.688Z,12
2026-08-05T20:02:41Z,11
2026-08-05T20:02:41.498Z,11
2026-08-05T20:02:43Z,10
2026-08-05T20:02:45Z,9
2026-08-05T20:02:45.016Z,10
2026-08-05T20:02:45.164Z,9
2026-08-05T20:02:46Z,8
2026-08-05T20:02:46.918Z,8
2026-08-05T20:02:48Z,7
2026-08-05T20:02:48.911Z,7
2026-08-05T20:02:50Z,6
2026-08-05T20:02:50.499Z,6
2026-08-05T20:02:52Z,5
2026-08-05T20:02:52.874Z,5
2026-08-05T20:02:54Z,4
2026-08-05T20:02:54.097Z,4
2026-08-05T20:02:55Z,3
2026-08-05T20:02:55.897Z,3
2026-08-05T20:02:57Z,2
2026-08-05T20:02:57.697Z,2
2026-08-05T20:02:59Z,1
2026-08-05T20:02:59.5Z,1
2026-08-05T20:03:01Z,0
2026-08-05T20:03:02.572Z,0
2026-08-05T20:03:02.623Z,0
2026-08-06T11:35:31Z,0
2026-08-06T11:35:33Z,1
2026-08-06T11:35:34.247Z,0
2026-08-06T11:35:34.282Z,0
2026-08-06T11:35:34.701Z,1
2026-08-06T11:35:35Z,2
2026-08-06T11:35:35.376Z,2
2026-08-06T11:35:37Z,3
2026-08-06T11:35:37.218Z,3
2026-08-06T11:35:38Z,4
2026-08-06T11:35:38.987Z,4
2026-08-06T11:35:40Z,5
2026-08-06T11:35:40.785Z,5
2026-08-06T11:35:42Z,6
2026-08-06T11:35:42.575Z,6
2026-08-06T11:35:44Z,7
2026-08-06T11:35:44.381Z,7
2026-08-06T11:35:46Z,8
2026-08-06T11:35:47Z,9
2026-08-06T11:35:48.274Z,8
2026-08-06T11:35:48.432Z,9
2026-08-06T11:35:49Z,10
2026-08-06T11:35:49.856Z,10
2026-08-06T11:35:51Z,11
2026-08-06T11:35:51.654Z,11
2026-08-06T11:35:53Z,12
2026-08-06T11:35:53.945Z,12
2026-08-06T11:35:55Z,13
2026-08-06T11:35:55.317Z,13
2026-08-06T11:35:56Z,14
2026-08-06T11:35:57.125Z,14
2026-08-06T11:35:58Z,15
2026-08-06T11:35:58.868Z,15
2026-08-06T11:36:00Z,16
2026-08-06T11:36:02Z,17
2026-08-06T11:36:02.648Z,16
2026-08-06T11:36:04Z,18
2026-08-06T11:36:05Z,19
2026-08-06T11:36:05.151Z,17
2026-08-06T11:36:05.651Z,18
2026-08-06T11:36:06.129Z,19
2026-08-06T11:36:07Z,20
2026-08-06T11:36:08.687Z,20
2026-08-06T11:36:09Z,21
2026-08-06T11:36:09.764Z,21
2026-08-06T11:36:11Z,22
2026-08-06T11:36:11.521Z,22
2026-08-06T11:36:13Z,23
2026-08-06T11:36:13.641Z,23
2026-08-06T11:36:15Z,24
2026-08-06T11:36:15.105Z,24
2026-08-06T11:36:16Z,25
2026-08-06T11:36:18Z,26
2026-08-06T11:36:20Z,27
2026-08-06T11:36:22Z,28
2026-08-06T11:36:24Z,29
2026-08-06T11:36:24.219Z,25
2026-08-06T11:36:24.675Z,26
2026-08-06T11:36:24.884Z,27
2026-08-06T11:36:25Z,30
2026-08-06T11:36:25.244Z,28
2026-08-06T11:36:26.506Z,29
2026-08-06T11:36:27Z,31
2026-08-06T11:36:28.393Z,30
2026-08-06T11:36:28.685Z,31
2026-08-06T11:36:29Z,32
2026-08-06T11:36:29.692Z,32
2026-08-06T11:36:31Z,33
2026-08-06T11:36:33Z,34
2026-08-06T11:36:33.508Z,33
2026-08-06T11:36:33.778Z,34
2026-08-06T11:36:34Z,35
2026-08-06T11:36:35.047Z,35
2026-08-06T11:36:36Z,36
2026-08-06T11:36:37.189Z,36
2026-08-06T11:36:38Z,37
2026-08-06T11:36:38.644Z,37
2026-08-06T11:36:40Z,38
2026-08-06T11:36:40.48Z,38
2026-08-06T11:36:42Z,39
2026-08-06T11:36:42.259Z,39
2026-08-06T11:36:43Z,40
2026-08-06T11:36:44.057Z,40
2026-08-06T11:36:45Z,41
2026-08-06T11:36:45.852Z,41
2026-08-06T11:36:47Z,42
2026-08-06T11:36:48.868Z,42
2026-08-06T11:36:49Z,43
2026-08-06T11:36:49.483Z,43
2026-08-06T11:36:51Z,44
2026-08-06T11:36:51.257Z,44
2026-08-06T11:36:52Z,45
2026-08-06T11:36:53.064Z,45
2026-08-06T11:36:54Z,46
2026-08-06T11:36:54.859Z,46
2026-08-06T11:36:56Z,47
2026-08-06T11:36:56.65Z,47
2026-08-06T11:36:58Z,48
2026-08-06T11:36:59.316Z,48
2026-08-06T11:37:00Z,49
2026-08-06T11:37:00.252Z,49
2026-08-06T11:37:01Z,50
2026-08-06T11:37:03Z,51
2026-08-06T11:37:04.724Z,50
2026-08-06T11:37:05Z,52
2026-08-06T11:37:05.073Z,51
2026-08-06T11:37:05.664Z,52
2026-08-06T11:37:07Z,53
2026-08-06T11:37:07.463Z,53
2026-08-06T11:37:09Z,54
2026-08-06T11:37:09.259Z,54
2026-08-06T11:37:10Z,55
2026-08-06T11:37:11.06Z,55
2026-08-06T11:37:12Z,56
2026-08-06T11:37:12.869Z,56
2026-08-06T11:37:14Z,57
2026-08-06T11:37:14.934Z,57
2026-08-06T11:37:16Z,58
2026-08-06T11:37:16.471Z,58
2026-08-06T11:37:18Z,59
2026-08-06T11:37:18.969Z,59
2026-08-06T11:37:19Z,60
2026-08-06T11:37:20.106Z,60
2026-08-06T11:37:21Z,61
2026-08-06T11:37:21.877Z,61
2026-08-06T11:37:23Z,62
2026-08-06T11:37:23.677Z,62
2026-08-06T11:37:25Z,63
2026-08-06T11:37:25.485Z,63
2026-08-06T11:37:27Z,64
2026-08-06T11:37:27.278Z,64
2026-08-06T11:37:28Z,65
2026-08-06T11:37:29.077Z,65
2026-08-06T11:37:30Z,66
2026-08-06T11:37:30.878Z,66
2026-08-06T11:37:32Z,67
2026-08-06T11:37:33.866Z,67
2026-08-06T11:37:34Z,68
2026-08-06T11:37:34.483Z,68
2026-08-06T11:37:36Z,69
2026-08-06T11:37:36.583Z,69
2026-08-06T11:37:37Z,70
2026-08-06T11:37:38.07Z,70
2026-08-06T11:37:39Z,71
2026-08-06T11:37:39.878Z,71
2026-08-06T11:37:41Z,72
2026-08-06T11:37:41.681Z,72
2026-08-06T11:37:43Z,73
2026-08-06T11:37:43.715Z,73
2026-08-06T11:37:45Z,74
2026-08-06T11:37:45.289Z,74
2026-08-06T11:37:46Z,75
2026-08-06T11:37:48Z,76
2026-08-06T11:37:49.374Z,75
2026-08-06T11:37:49.663Z,76
2026-08-06T11:37:50Z,77
2026-08-06T11:37:50.684Z,77
2026-08-06T11:37:52Z,78
2026-08-06T11:37:52.48Z,78
2026-08-06T11:37:54Z,79
2026-08-06T11:37:54.375Z,79
2026-08-06T11:37:55Z,80
2026-08-06T11:37:56.135Z,80
2026-08-06T11:37:57Z,81
2026-08-06T11:37:58.652Z,81
2026-08-06T11:37:59Z,82
2026-08-06T11:37:59.749Z,82
2026-08-06T11:38:01Z,83
2026-08-06T11:38:02.906Z,83
2026-08-06T11:38:03Z,84
2026-08-06T11:38:04Z,85
2026-08-06T11:38:05.662Z,84
2026-08-06T11:38:05.959Z,85
2026-08-06T11:38:06Z,86
2026-08-06T11:38:06.92Z,86
2026-08-06T11:38:08Z,87
2026-08-06T11:38:08.684Z,87
2026-08-06T11:38:10Z,88
2026-08-06T11:38:10.494Z,88
2026-08-06T11:38:12Z,89
2026-08-06T11:38:12.319Z,89
2026-08-06T11:38:13Z,90
2026-08-06T11:38:15Z,91
2026-08-06T11:38:16.237Z,90
2026-08-06T11:38:16.697Z,91
2026-08-06T11:38:17Z,92
2026-08-06T11:38:19Z,93
2026-08-06T11:38:19.171Z,92
2026-08-06T11:38:19.895Z,93
2026-08-06T11:38:21Z,94
2026-08-06T11:38:21.296Z,94
2026-08-06T11:38:22Z,95
2026-08-06T11:38:23.108Z,95
2026-08-06T11:38:24Z,96
2026-08-06T11:38:24.909Z,96
2026-08-06T11:38:26Z,97
2026-08-06T11:38:26.727Z,97
2026-08-06T11:38:28Z,98
2026-08-06T11:38:28.749Z,98
2026-08-06T11:38:30Z,99
2026-08-06T11:38:30.938Z,99
2026-08-06T11:38:31Z,100
2026-08-06T11:38:32.189Z,100
2026-08-06T11:38:32.232Z,100
2026-08-06T11:44:31Z,100
2026-08-06T11:44:32Z,100
2026-08-06T11:44:33.153Z,100
2026-08-06T11:44:34Z,99
2026-08-06T11:44:35Z,98
2026-08-06T11:44:35.084Z,100
2026-08-06T11:44:35.131Z,100
2026-08-06T11:44:37Z,97
2026-08-06T11:44:37.863Z,99
2026-08-06T11:44:38.087Z,98
2026-08-06T11:44:38.639Z,97
2026-08-06T11:44:39Z,96
2026-08-06T11:44:39.836Z,96
2026-08-06T11:44:41Z,95
2026-08-06T11:44:41.472Z,95
2026-08-06T11:44:43Z,94
2026-08-06T11:44:43.237Z,94
2026-08-06T11:44:44Z,93
2026-08-06T11:44:45.057Z,93
2026-08-06T11:44:46Z,92
2026-08-06T11:44:46.849Z,92
2026-08-06T11:44:48Z,91
2026-08-06T11:44:50Z,90
2026-08-06T11:44:50.829Z,91
2026-08-06T11:44:52Z,89
2026-08-06T11:44:53Z,88
2026-08-06T11:44:53.146Z,90
2026-08-06T11:44:53.314Z,89
2026-08-06T11:44:55Z,87
2026-08-06T11:44:55.227Z,88
2026-08-06T11:44:56.155Z,87
2026-08-06T11:44:57Z,86
2026-08-06T11:44:57.643Z,86
2026-08-06T11:44:59Z,85
2026-08-06T11:44:59.452Z,85
2026-08-06T11:45:01Z,84
2026-08-06T11:45:03Z,83
2026-08-06T11:45:04Z,82
2026-08-06T11:45:06Z,81
2026-08-06T11:45:08Z,80
2026-08-06T11:45:10Z,79
2026-08-06T11:45:11.776Z,84
2026-08-06T11:45:12Z,78
2026-08-06T11:45:12.563Z,83
2026-08-06T11:45:13Z,77
2026-08-06T11:45:15Z,76
2026-08-06T11:45:15.913Z,82
2026-08-06T11:45:16.143Z,81
2026-08-06T11:45:16.347Z,80
2026-08-06T11:45:16.934Z,79
2026-08-06T11:45:17Z,75
2026-08-06T11:45:17.227Z,78
2026-08-06T11:45:17.41Z,77
2026-08-06T11:45:18.172Z,76
2026-08-06T11:45:18.554Z,75
2026-08-06T11:45:19Z,74
2026-08-06T11:45:21Z,73
2026-08-06T11:45:21.115Z,74
2026-08-06T11:45:21.423Z,73
2026-08-06T11:45:22Z,72
2026-08-06T11:45:23.048Z,72
2026-08-06T11:45:24Z,71
2026-08-06T11:45:24.954Z,71
2026-08-06T11:45:26Z,70
2026-08-06T11:45:26.737Z,70
2026-08-06T11:45:28Z,69
2026-08-06T11:45:28.443Z,69
2026-08-06T11:45:30Z,68
2026-08-06T11:45:30.233Z,68
2026-08-06T11:45:31Z,67
2026-08-06T11:45:32.054Z,67
2026-08-06T11:45:33Z,66
2026-08-06T11:45:34.368Z,66
2026-08-06T11:45:35Z,65
2026-08-06T11:45:36.271Z,65
2026-08-06T11:45:37Z,64
2026-08-06T11:45:37.489Z,64
2026-08-06T11:45:39Z,63
2026-08-06T11:45:39.234Z,63
2026-08-06T11:45:40Z,62
2026-08-06T11:45:41.051Z,62
2026-08-06T11:45:42Z,61
2026-08-06T11:45:42.858Z,61
2026-08-06T11:45:44Z,60
2026-08-06T11:45:44.649Z,60
2026-08-06T11:45:46Z,59
2026-08-06T11:45:46.483Z,59
2026-08-06T11:45:48Z,58
2026-08-06T11:45:49Z,57
2026-08-06T11:45:49.558Z,58
2026-08-06T11:45:51Z,56
2026-08-06T11:45:52.279Z,57
2026-08-06T11:45:52.445Z,56
2026-08-06T11:45:53Z,55
2026-08-06T11:45:53.644Z,55
2026-08-06T11:45:55Z,54
2026-08-06T11:45:55.457Z,54
2026-08-06T11:45:57Z,53
2026-08-06T11:45:57.256Z,53
2026-08-06T11:45:58Z,52
2026-08-06T11:45:59.051Z,52
2026-08-06T11:46:00Z,51
2026-08-06T11:46:02Z,50
2026-08-06T11:46:02.483Z,51
2026-08-06T11:46:02.964Z,50
2026-08-06T11:46:04Z,49
2026-08-06T11:46:05.446Z,49
2026-08-06T11:46:06Z,48
2026-08-06T11:46:06.259Z,48
2026-08-06T11:46:07Z,47
2026-08-06T11:46:08.144Z,47
2026-08-06T11:46:09Z,46
2026-08-06T11:46:11Z,45
2026-08-06T11:46:11.514Z,46
2026-08-06T11:46:11.698Z,45
2026-08-06T11:46:13Z,44
2026-08-06T11:46:13.49Z,44
2026-08-06T11:46:15Z,43
2026-08-06T11:46:15.269Z,43
2026-08-06T11:46:16Z,42
2026-08-06T11:46:17.071Z,42
2026-08-06T11:46:18Z,41
2026-08-06T11:46:19.394Z,41
2026-08-06T11:46:20Z,40
2026-08-06T11:46:22Z,39
2026-08-06T11:46:24Z,38
2026-08-06T11:46:26Z,37
2026-08-06T11:46:27Z,36
2026-08-06T11:46:29Z,35
2026-08-06T11:46:31Z,34
2026-08-06T11:46:33Z,33
2026-08-06T11:46:34.371Z,40
2026-08-06T11:46:34.592Z,39
2026-08-06T11:46:35Z,32
2026-08-06T11:46:36Z,31
2026-08-06T11:46:36.585Z,38
2026-08-06T11:46:37.118Z,37
2026-08-06T11:46:37.416Z,36
2026-08-06T11:46:37.585Z,35
2026-08-06T11:46:37.812Z,34
2026-08-06T11:46:38Z,30
2026-08-06T11:46:38.471Z,33
2026-08-06T11:46:39.386Z,32
2026-08-06T11:46:39.577Z,31
2026-08-06T11:46:39.749Z,30
2026-08-06T11:46:40Z,29
2026-08-06T11:46:41.846Z,29
2026-08-06T11:46:42Z,28
2026-08-06T11:46:42.823Z,28
2026-08-06T11:46:44Z,27
2026-08-06T11:46:44.17Z,27
2026-08-06T11:46:45Z,26
2026-08-06T11:46:45.947Z,26
2026-08-06T11:46:47Z,25
2026-08-06T11:46:47.749Z,25
2026-08-06T11:46:49Z,24
2026-08-06T11:46:49.594Z,24
2026-08-06T11:46:51Z,23
2026-08-06T11:46:51.353Z,23
2026-08-06T11:46:53Z,22
2026-08-06T11:46:53.353Z,22
2026-08-06T11:46:54Z,21
2026-08-06T11:46:56Z,20
2026-08-06T11:46:56.844Z,21
2026-08-06T11:46:57.111Z,20
2026-08-06T11:46:58Z,19
2026-08-06T11:46:58.581Z,19
2026-08-06T11:47:00Z,18
2026-08-06T11:47:02Z,17
2026-08-06T11:47:02.286Z,18
2026-08-06T11:47:02.764Z,17
2026-08-06T11:47:03Z,16
2026-08-06T11:47:04.594Z,16
2026-08-06T11:47:05Z,15
2026-08-06T11:47:06.435Z,15
2026-08-06T11:47:07Z,14
2026-08-06T11:47:07.558Z,14
2026-08-06T11:47:09Z,13
2026-08-06T11:47:09.363Z,13
2026-08-06T11:47:11Z,12
2026-08-06T11:47:11.908Z,12
2026-08-06T11:47:12Z,11
2026-08-06T11:47:12.957Z,11
2026-08-06T11:47:14Z,10
2026-08-06T11:47:14.761Z,10
2026-08-06T11:47:16Z,9
2026-08-06T11:47:18Z,8
2026-08-06T11:47:19.845Z,9
2026-08-06T11:47:20Z,7
2026-08-06T11:47:20.375Z,8
2026-08-06T11:47:21Z,6
2026-08-06T11:47:21.122Z,7
2026-08-06T11:47:21.967Z,6
2026-08-06T11:47:23Z,5
2026-08-06T11:47:23.768Z,5
2026-08-06T11:47:25Z,4
2026-08-06T11:47:25.596Z,4
2026-08-06T11:47:27Z,3
2026-08-06T11:47:27.37Z,3
2026-08-06T11:47:29Z,2
2026-08-06T11:47:29.173Z,2
2026-08-06T11:47:30Z,1
2026-08-06T11:47:31.854Z,1
2026-08-06T11:47:32Z,0
2026-08-06T11:47:32.614Z,0
2026-08-06T11:47:32.662Z,0
2026-08-06T12:56:33Z,0
2026-08-06T12:56:35Z,1
2026-08-06T12:56:36.734Z,0
2026-08-06T12:56:36.779Z,0
2026-08-06T12:56:37Z,2
2026-08-06T12:56:37.229Z,1
2026-08-06T12:56:39Z,3
2026-08-06T12:56:39.885Z,2
2026-08-06T12:56:40Z,4
2026-08-06T12:56:40.508Z,3
2026-08-06T12:56:42Z,5
2026-08-06T12:56:44Z,6
2026-08-06T12:56:44.076Z,4
2026-08-06T12:56:44.478Z,5
2026-08-06T12:56:44.868Z,6
2026-08-06T12:56:46Z,7
2026-08-06T12:56:46.267Z,7
2026-08-06T12:56:48Z,8
2026-08-06T12:56:48.066Z,8
2026-08-06T12:56:49Z,9
2026-08-06T12:56:49.87Z,9
2026-08-06T12:56:51Z,10
2026-08-06T12:56:51.672Z,10
2026-08-06T12:56:53Z,11
2026-08-06T12:56:53.478Z,11
2026-08-06T12:56:55Z,12
2026-08-06T12:56:56.21Z,12
2026-08-06T12:56:57Z,13
2026-08-06T12:56:58Z,14
2026-08-06T12:56:58.589Z,13
2026-08-06T12:56:58.875Z,14
2026-08-06T12:57:00Z,15
2026-08-06T12:57:02Z,16
2026-08-06T12:57:02.464Z,15
2026-08-06T12:57:02.766Z,16
2026-08-06T12:57:04Z,17
2026-08-06T12:57:04.268Z,17
2026-08-06T12:57:06Z,18
2026-08-06T12:57:06.075Z,18
2026-08-06T12:57:07Z,19
2026-08-06T12:57:07.882Z,19
2026-08-06T12:57:09Z,20
2026-08-06T12:57:09.692Z,20
2026-08-06T12:57:11Z,21
2026-08-06T12:57:13Z,22
2026-08-06T12:57:14.007Z,21
2026-08-06T12:57:14.173Z,22
2026-08-06T12:57:15Z,23
2026-08-06T12:57:15.125Z,23
2026-08-06T12:57:16Z,24
2026-08-06T12:57:16.883Z,24
2026-08-06T12:57:18Z,25
2026-08-06T12:57:18.689Z,25
2026-08-06T12:57:20Z,26
2026-08-06T12:57:20.545Z,26
2026-08-06T12:57:22Z,27
2026-08-06T12:57:22.284Z,27
2026-08-06T12:57:24Z,28
2026-08-06T12:57:24.085Z,28
2026-08-06T12:57:25Z,29
2026-08-06T12:57:25.894Z,29
2026-08-06T12:57:27Z,30
2026-08-06T12:57:28.922Z,30
2026-08-06T12:57:29Z,31
2026-08-06T12:57:29.638Z,31
2026-08-06T12:57:31Z,32
2026-08-06T12:57:31.291Z,32
2026-08-06T12:57:33Z,33
2026-08-06T12:57:33.693Z,33
2026-08-06T12:57:34Z,34
2026-08-06T12:57:34.895Z,34
2026-08-06T12:57:36Z,35
2026-08-06T12:57:36.696Z,35
2026-08-06T12:57:38Z,36
2026-08-06T12:57:38.506Z,36
2026-08-06T12:57:40Z,37
2026-08-06T12:57:40.302Z,37
2026-08-06T12:57:42Z,38
2026-08-06T12:57:42.103Z,38
2026-08-06T12:57:43Z,39
2026-08-06T12:57:44.044Z,39
2026-08-06T12:57:45Z,40
2026-08-06T12:57:45.705Z,40
2026-08-06T12:57:47Z,41
2026-08-06T12:57:48.471Z,41
2026-08-06T12:57:49Z,42
2026-08-06T12:57:49.423Z,42
2026-08-06T12:57:51Z,43
2026-08-06T12:57:51.111Z,43
2026-08-06T12:57:52Z,44
2026-08-06T12:57:52.934Z,44
2026-08-06T12:57:54Z,45
2026-08-06T12:57:54.697Z,45
2026-08-06T12:57:56Z,46
2026-08-06T12:57:56.501Z,46
2026-08-06T12:57:58Z,47
2026-08-06T12:57:58.296Z,47
2026-08-06T12:58:00Z,48
2026-08-06T12:58:00.097Z,48
2026-08-06T12:58:01Z,49
2026-08-06T12:58:02.681Z,49
2026-08-06T12:58:03Z,50
2026-08-06T12:58:03.71Z,50
2026-08-06T12:58:05Z,51
2026-08-06T12:58:06.835Z,51
2026-08-06T12:58:07Z,52
2026-08-06T12:58:09Z,53
2026-08-06T12:58:09.173Z,52
2026-08-06T12:58:09.489Z,53
2026-08-06T12:58:10Z,54
2026-08-06T12:58:11.886Z,54
2026-08-06T12:58:12Z,55
2026-08-06T12:58:12.704Z,55
2026-08-06T12:58:14Z,56
2026-08-06T12:58:14.513Z,56
2026-08-06T12:58:16Z,57
2026-08-06T12:58:16.307Z,57
2026-08-06T12:58:18Z,58
2026-08-06T12:58:18.107Z,58
2026-08-06T12:58:19Z,59
2026-08-06T12:58:19.914Z,59
2026-08-06T12:58:21Z,60
2026-08-06T12:58:23Z,61
2026-08-06T12:58:24.646Z,60
2026-08-06T12:58:24.821Z,61
2026-08-06T12:58:25Z,62
2026-08-06T12:58:25.324Z,62
2026-08-06T12:58:27Z,63
2026-08-06T12:58:27.161Z,63
2026-08-06T12:58:28Z,64
2026-08-06T12:58:28.92Z,64
2026-08-06T12:58:30Z,65
2026-08-06T12:58:30.747Z,65
2026-08-06T12:58:32Z,66
2026-08-06T12:58:34Z,67
2026-08-06T12:58:34.492Z,66
2026-08-06T12:58:36Z,68
2026-08-06T12:58:36.482Z,67
2026-08-06T12:58:36.67Z,68
2026-08-06T12:58:37Z,69
2026-08-06T12:58:38.677Z,69
2026-08-06T12:58:39Z,70
2026-08-06T12:58:39.784Z,70
2026-08-06T12:58:41Z,71
2026-08-06T12:58:41.565Z,71
2026-08-06T12:58:43Z,72
2026-08-06T12:58:43.365Z,72
2026-08-06T12:58:45Z,73
2026-08-06T12:58:45.23Z,73
2026-08-06T12:58:46Z,74
2026-08-06T12:58:46.972Z,74
2026-08-06T12:58:48Z,75
2026-08-06T12:58:49.104Z,75
2026-08-06T12:58:50Z,76
2026-08-06T12:58:50.57Z,76
2026-08-06T12:58:52Z,77
2026-08-06T12:58:53.618Z,77
2026-08-06T12:58:54Z,78
2026-08-06T12:58:54.204Z,78
2026-08-06T12:58:55Z,79
2026-08-06T12:58:56.857Z,79
2026-08-06T12:58:57Z,80
2026-08-06T12:58:58.011Z,80
2026-08-06T12:58:59Z,81
2026-08-06T12:58:59.58Z,81
2026-08-06T12:59:01Z,82
2026-08-06T12:59:02.52Z,82
2026-08-06T12:59:03Z,83
2026-08-06T12:59:03.45Z,83
2026-08-06T12:59:04Z,84
2026-08-06T12:59:04.99Z,84
2026-08-06T12:59:06Z,85
2026-08-06T12:59:08Z,86
2026-08-06T12:59:08.843Z,85
2026-08-06T12:59:09.46Z,86
2026-08-06T12:59:10Z,87
2026-08-06T12:59:10.393Z,87
2026-08-06T12:59:12Z,88
2026-08-06T12:59:12.196Z,88
2026-08-06T12:59:13Z,89
2026-08-06T12:59:14.01Z,89
2026-08-06T12:59:15Z,90
2026-08-06T12:59:15.802Z,90
2026-08-06T12:59:17Z,91
2026-08-06T12:59:17.747Z,91
2026-08-06T12:59:19Z,92
2026-08-06T12:59:19.502Z,92
2026-08-06T12:59:21Z,93
2026-08-06T12:59:21.2Z,93
2026-08-06T12:59:22Z,94
2026-08-06T12:59:23.01Z,94
2026-08-06T12:59:24Z,95
2026-08-06T12:59:24.802Z,95
2026-08-06T12:59:26Z,96
2026-08-06T12:59:28Z,97
2026-08-06T12:59:28.85Z,96
2026-08-06T12:59:29.188Z,97
2026-08-06T12:59:30Z,98
2026-08-06T12:59:30.251Z,98
2026-08-06T12:59:31Z,99
2026-08-06T12:59:32.06Z,99
2026-08-06T12:59:33Z,100
2026-08-06T12:59:34.142Z,100
2026-08-06T12:59:34.207Z,100
2026-08-06T13:06:04Z,100
2026-08-06T13:06:05Z,100
2026-08-06T13:06:05.526Z,100
2026-08-06T13:06:07Z,99
2026-08-06T13:06:08Z,98
2026-08-06T13:06:08.094Z,100
2026-08-06T13:06:08.183Z,100
2026-08-06T13:06:08.574Z,99
2026-08-06T13:06:09.192Z,98
2026-08-06T13:06:10Z,97
2026-08-06T13:06:10.648Z,97
2026-08-06T13:06:12Z,96
2026-08-06T13:06:12.453Z,96
2026-08-06T13:06:14Z,95
2026-08-06T13:06:16Z,94
2026-08-06T13:06:16.107Z,95
2026-08-06T13:06:16.551Z,94
2026-08-06T13:06:17Z,93
2026-08-06T13:06:17.856Z,93
2026-08-06T13:06:19Z,92
2026-08-06T13:06:19.655Z,92
2026-08-06T13:06:21Z,91
2026-08-06T13:06:21.482Z,91
2026-08-06T13:06:23Z,90
2026-08-06T13:06:23.254Z,90
2026-08-06T13:06:25Z,89
2026-08-06T13:06:25.065Z,89
2026-08-06T13:06:26Z,88
2026-08-06T13:06:27.94Z,88
2026-08-06T13:06:28Z,87
2026-08-06T13:06:28.686Z,87
2026-08-06T13:06:30Z,86
2026-08-06T13:06:30.467Z,86
2026-08-06T13:06:32Z,85
2026-08-06T13:06:32.259Z,85
2026-08-06T13:06:34Z,84
2026-08-06T13:06:35Z,83
2026-08-06T13:06:36.032Z,84
2026-08-06T13:06:36.206Z,83
2026-08-06T13:06:37Z,82
2026-08-06T13:06:37.661Z,82
2026-08-06T13:06:39Z,81
2026-08-06T13:06:39.462Z,81
2026-08-06T13:06:41Z,80
2026-08-06T13:06:41.265Z,80
2026-08-06T13:06:43Z,79
2026-08-06T13:06:43.832Z,79
2026-08-06T13:06:44Z,78
2026-08-06T13:06:46Z,77
2026-08-06T13:06:48Z,76
2026-08-06T13:06:50Z,75
2026-08-06T13:06:52Z,74
2026-08-06T13:06:52.083Z,78
2026-08-06T13:06:52.441Z,77
2026-08-06T13:06:52.645Z,76
2026-08-06T13:06:53Z,73
2026-08-06T13:06:54.884Z,75
2026-08-06T13:06:55Z,72
2026-08-06T13:06:55.091Z,74
2026-08-06T13:06:55.971Z,73
2026-08-06T13:06:57Z,71
2026-08-06T13:06:57.102Z,72
2026-08-06T13:06:57.482Z,71
2026-08-06T13:06:59Z,70
2026-08-06T13:06:59.713Z,70
2026-08-06T13:07:01Z,69
2026-08-06T13:07:02Z,68
2026-08-06T13:07:02.607Z,69
2026-08-06T13:07:02.957Z,68
2026-08-06T13:07:04Z,67
2026-08-06T13:07:06Z,66
2026-08-06T13:07:06.162Z,67
2026-08-06T13:07:07.026Z,66
2026-08-06T13:07:08Z,65
2026-08-06T13:07:08.282Z,65
2026-08-06T13:07:10Z,64
2026-08-06T13:07:10.082Z,64
2026-08-06T13:07:11Z,63
2026-08-06T13:07:11.881Z,63
2026-08-06T13:07:13Z,62
2026-08-06T13:07:13.685Z,62
2026-08-06T13:07:15Z,61
2026-08-06T13:07:15.486Z,61
2026-08-06T13:07:17Z,60
2026-08-06T13:07:18.451Z,60
2026-08-06T13:07:19Z,59
2026-08-06T13:07:20Z,58
2026-08-06T13:07:21.337Z,59
2026-08-06T13:07:21.732Z,58
2026-08-06T13:07:22Z,57
2026-08-06T13:07:22.82Z,57
2026-08-06T13:07:24Z,56
2026-08-06T13:07:24.574Z,56
2026-08-06T13:07:26Z,55
2026-08-06T13:07:26.375Z,55
2026-08-06T13:07:28Z,54
2026-08-06T13:07:28.256Z,54
2026-08-06T13:07:29Z,53
2026-08-06T13:07:29.979Z,53
2026-08-06T13:07:31Z,52
2026-08-06T13:07:31.788Z,52
2026-08-06T13:07:33Z,51
2026-08-06T13:07:33.587Z,51
2026-08-06T13:07:35Z,50
2026-08-06T13:07:35.403Z,50
2026-08-06T13:07:37Z,49
2026-08-06T13:07:37.183Z,49
2026-08-06T13:07:38Z,48
2026-08-06T13:07:39.491Z,48
2026-08-06T13:07:40Z,47
2026-08-06T13:07:41.826Z,47
2026-08-06T13:07:42Z,46
2026-08-06T13:07:42.617Z,46
2026-08-06T13:07:44Z,45
2026-08-06T13:07:44.695Z,45
2026-08-06T13:07:46Z,44
2026-08-06T13:07:46.185Z,44
2026-08-06T13:07:47Z,43
2026-08-06T13:07:47.989Z,43
2026-08-06T13:07:49Z,42
2026-08-06T13:07:51Z,41
2026-08-06T13:07:51.088Z,42
2026-08-06T13:07:51.592Z,41
2026-08-06T13:07:53Z,40
2026-08-06T13:07:53.39Z,40
2026-08-06T13:07:55Z,39
2026-08-06T13:07:56Z,38
2026-08-06T13:07:56.939Z,39
2026-08-06T13:07:58Z,37
2026-08-06T13:07:59.402Z,38
2026-08-06T13:07:59.771Z,37
2026-08-06T13:08:00Z,36
2026-08-06T13:08:02Z,35
2026-08-06T13:08:03.031Z,36
2026-08-06T13:08:03.23Z,35
2026-08-06T13:08:04Z,34
2026-08-06T13:08:04.25Z,34
2026-08-06T13:08:05Z,33
2026-08-06T13:08:06.344Z,33
2026-08-06T13:08:07Z,32
2026-08-06T13:08:07.8Z,32
2026-08-06T13:08:09Z,31
2026-08-06T13:08:09.603Z,31
2026-08-06T13:08:11Z,30
2026-08-06T13:08:11.428Z,30
2026-08-06T13:08:13Z,29
2026-08-06T13:08:13.205Z,29
2026-08-06T13:08:14Z,28
2026-08-06T13:08:16Z,27
2026-08-06T13:08:17.031Z,28
2026-08-06T13:08:17.269Z,27
2026-08-06T13:08:18Z,26
2026-08-06T13:08:18.652Z,26
2026-08-06T13:08:20Z,25
2026-08-06T13:08:20.407Z,25
2026-08-06T13:08:22Z,24
2026-08-06T13:08:23Z,23
2026-08-06T13:08:23.057Z,24
2026-08-06T13:08:24.013Z,23
2026-08-06T13:08:25Z,22
2026-08-06T13:08:25.817Z,22
2026-08-06T13:08:27Z,21
2026-08-06T13:08:27.606Z,21
2026-08-06T13:08:29Z,20
2026-08-06T13:08:31Z,19
2026-08-06T13:08:31.594Z,20
2026-08-06T13:08:31.78Z,19
2026-08-06T13:08:32Z,18
2026-08-06T13:08:33.079Z,18
2026-08-06T13:08:34Z,17
2026-08-06T13:08:34.885Z,17
2026-08-06T13:08:36Z,16
2026-08-06T13:08:36.685Z,16
2026-08-06T13:08:38Z,15
2026-08-06T13:08:39.987Z,15
2026-08-06T13:08:40Z,14
2026-08-06T13:08:41.196Z,14
2026-08-06T13:08:42Z,13
2026-08-06T13:08:42.269Z,13
2026-08-06T13:08:43Z,12
2026-08-06T13:08:44.037Z,12
2026-08-06T13:08:45Z,11
2026-08-06T13:08:45.878Z,11
2026-08-06T13:08:47Z,10
2026-08-06T13:08:47.641Z,10
2026-08-06T13:08:49Z,9
2026-08-06T13:08:51Z,8
2026-08-06T13:08:51.566Z,9
2026-08-06T13:08:51.884Z,8
2026-08-06T13:08:53Z,7
2026-08-06T13:08:53.138Z,7
2026-08-06T13:08:54Z,6
2026-08-06T13:08:55.119Z,6
2026-08-06T13:08:56Z,5
2026-08-06T13:08:56.807Z,5
2026-08-06T13:08:58Z,4
2026-08-06T13:08:58.541Z,4
2026-08-06T13:09:00Z,3
2026-08-06T13:09:02Z,2
2026-08-06T13:09:02.372Z,3
2026-08-06T13:09:02.711Z,2
2026-08-06T13:09:03Z,1
2026-08-06T13:09:03.942Z,1
2026-08-06T13:09:05Z,0
2026-08-06T13:09:07.076Z,0
2026-08-06T13:09:07.14Z,0
2026-08-06T14:00:53Z,0
2026-08-06T14:00:55Z,1
2026-08-06T14:00:56.497Z,0
2026-08-06T14:00:56.549Z,0
2026-08-06T14:00:57Z,2
2026-08-06T14:00:57.498Z,1
2026-08-06T14:00:57.695Z,2
2026-08-06T14:00:59Z,3
2026-08-06T14:00:59.082Z,3
2026-08-06T14:01:00Z,4
2026-08-06T14:01:02Z,5
2026-08-06T14:01:02.484Z,4
2026-08-06T14:01:03.162Z,5
2026-08-06T14:01:04Z,6
2026-08-06T14:01:04.479Z,6
2026-08-06T14:01:06Z,7
2026-08-06T14:01:06.915Z,7
2026-08-06T14:01:08Z,8
2026-08-06T14:01:08.085Z,8
2026-08-06T14:01:09Z,9
2026-08-06T14:01:10.092Z,9
2026-08-06T14:01:11Z,10
2026-08-06T14:01:11.697Z,10
2026-08-06T14:01:13Z,11
2026-08-06T14:01:13.565Z,11
2026-08-06T14:01:15Z,12
2026-08-06T14:01:15.404Z,12
2026-08-06T14:01:17Z,13
2026-08-06T14:01:17.103Z,13
2026-08-06T14:01:18Z,14
2026-08-06T14:01:18.893Z,14
2026-08-06T14:01:20Z,15
2026-08-06T14:01:21.491Z,15
2026-08-06T14:01:22Z,16
2026-08-06T14:01:22.502Z,16
2026-08-06T14:01:24Z,17
2026-08-06T14:01:24.292Z,17
2026-08-06T14:01:26Z,18
2026-08-06T14:01:27Z,19
2026-08-06T14:01:27.026Z,18
2026-08-06T14:01:27.894Z,19
2026-08-06T14:01:29Z,20
2026-08-06T14:01:29.707Z,20
2026-08-06T14:01:31Z,21
2026-08-06T14:01:31.671Z,21
2026-08-06T14:01:33Z,22
2026-08-06T14:01:33.386Z,22
2026-08-06T14:01:35Z,23
2026-08-06T14:01:35.102Z,23
2026-08-06T14:01:36Z,24
2026-08-06T14:01:36.917Z,24
2026-08-06T14:01:38Z,25
2026-08-06T14:01:38.706Z,25
2026-08-06T14:01:40Z,26
2026-08-06T14:01:40.52Z,26
2026-08-06T14:01:42Z,27
2026-08-06T14:01:42.406Z,27
2026-08-06T14:01:44Z,28
2026-08-06T14:01:44.103Z,28
2026-08-06T14:01:45Z,29
2026-08-06T14:01:47Z,30
2026-08-06T14:01:47.01Z,29
2026-08-06T14:01:48.816Z,30
2026-08-06T14:01:49Z,31
2026-08-06T14:01:49.51Z,31
2026-08-06T14:01:51Z,32
2026-08-06T14:01:51.336Z,32
2026-08-06T14:01:53Z,33
2026-08-06T14:01:53.848Z,33
2026-08-06T14:01:54Z,34
2026-08-06T14:01:54.918Z,34
2026-08-06T14:01:56Z,35
2026-08-06T14:01:56.716Z,35
2026-08-06T14:01:58Z,36
2026-08-06T14:01:58.592Z,36
2026-08-06T14:02:00Z,37
2026-08-06T14:02:02Z,38
2026-08-06T14:02:03Z,39
2026-08-06T14:02:05Z,40
2026-08-06T14:02:07Z,41
2026-08-06T14:02:09Z,42
2026-08-06T14:02:11Z,43
2026-08-06T14:02:11.682Z,37
2026-08-06T14:02:12Z,44
2026-08-06T14:02:12.299Z,38
2026-08-06T14:02:13.549Z,39
2026-08-06T14:02:13.935Z,40
2026-08-06T14:02:14Z,45
2026-08-06T14:02:14.383Z,41
2026-08-06T14:02:14.725Z,42
2026-08-06T14:02:15.135Z,43
2026-08-06T14:02:15.491Z,44
2026-08-06T14:02:15.927Z,45
2026-08-06T14:02:16Z,46
2026-08-06T14:02:18Z,47
2026-08-06T14:02:18.236Z,46
2026-08-06T14:02:18.565Z,47
2026-08-06T14:02:20Z,48
2026-08-06T14:02:20.246Z,48
2026-08-06T14:02:21Z,49
2026-08-06T14:02:22.105Z,49
2026-08-06T14:02:23Z,50
2026-08-06T14:02:23.857Z,50
2026-08-06T14:02:25Z,51
2026-08-06T14:02:25.649Z,51
2026-08-06T14:02:27Z,52
2026-08-06T14:02:27.531Z,52
2026-08-06T14:02:29Z,53
2026-08-06T14:02:29.253Z,53
2026-08-06T14:02:30Z,54
2026-08-06T14:02:31.063Z,54
2026-08-06T14:02:32Z,55
2026-08-06T14:02:33.589Z,55
2026-08-06T14:02:34Z,56
2026-08-06T14:02:34.656Z,56
2026-08-06T14:02:36Z,57
2026-08-06T14:02:37.356Z,57
2026-08-06T14:02:38Z,58
2026-08-06T14:02:38.337Z,58
2026-08-06T14:02:39Z,59
2026-08-06T14:02:40.194Z,59
2026-08-06T14:02:41Z,60
2026-08-06T14:02:41.858Z,60
2026-08-06T14:02:43Z,61
2026-08-06T14:02:43.821Z,61
2026-08-06T14:02:45Z,62
2026-08-06T14:02:45.47Z,62
2026-08-06T14:02:47Z,63
2026-08-06T14:02:47.269Z,63
2026-08-06T14:02:48Z,64
2026-08-06T14:02:49.066Z,64
2026-08-06T14:02:50Z,65
2026-08-06T14:02:52Z,66
2026-08-06T14:02:52.43Z,65
2026-08-06T14:02:52.814Z,66
2026-08-06T14:02:54Z,67
2026-08-06T14:02:54.721Z,67
2026-08-06T14:02:56Z,68
2026-08-06T14:02:56.373Z,68
2026-08-06T14:02:58Z,69
2026-08-06T14:02:58.11Z,69
2026-08-06T14:02:59Z,70
2026-08-06T14:02:59.906Z,70
2026-08-06T14:03:01Z,71
2026-08-06T14:03:03Z,72
2026-08-06T14:03:03.105Z,71
2026-08-06T14:03:03.525Z,72
2026-08-06T14:03:05Z,73
2026-08-06T14:03:07Z,74
2026-08-06T14:03:07.368Z,73
2026-08-06T14:03:07.809Z,74
2026-08-06T14:03:08Z,75
2026-08-06T14:03:08.923Z,75
2026-08-06T14:03:10Z,76
2026-08-06T14:03:10.747Z,76
2026-08-06T14:03:12Z,77
2026-08-06T14:03:12.531Z,77
2026-08-06T14:03:14Z,78
2026-08-06T14:03:14.329Z,78
2026-08-06T14:03:16Z,79
2026-08-06T14:03:17Z,80
2026-08-06T14:03:17.33Z,79
2026-08-06T14:03:19Z,81
2026-08-06T14:03:20.855Z,80
2026-08-06T14:03:21Z,82
2026-08-06T14:03:21.936Z,81
2026-08-06T14:03:22.326Z,82
2026-08-06T14:03:23Z,83
2026-08-06T14:03:24.453Z,83
2026-08-06T14:03:25Z,84
2026-08-06T14:03:26Z,85
2026-08-06T14:03:27.337Z,84
2026-08-06T14:03:27.653Z,85
2026-08-06T14:03:28Z,86
2026-08-06T14:03:29.305Z,86
2026-08-06T14:03:30Z,87
2026-08-06T14:03:30.607Z,87
2026-08-06T14:03:32Z,88
2026-08-06T14:03:32.41Z,88
2026-08-06T14:03:34Z,89
2026-08-06T14:03:34.205Z,89
2026-08-06T14:03:35Z,90
2026-08-06T14:03:36.186Z,90
2026-08-06T14:03:37Z,91
2026-08-06T14:03:38.22Z,91
2026-08-06T14:03:39Z,92
2026-08-06T14:03:40.614Z,92
2026-08-06T14:03:41Z,93
2026-08-06T14:03:43Z,94
2026-08-06T14:03:43.115Z,93
2026-08-06T14:03:43.469Z,94
2026-08-06T14:03:44Z,95
2026-08-06T14:03:45.011Z,95
2026-08-06T14:03:46Z,96
2026-08-06T14:03:47.62Z,96
2026-08-06T14:03:48Z,97
2026-08-06T14:03:48.615Z,97
2026-08-06T14:03:50Z,98
2026-08-06T14:03:50.42Z,98
2026-08-06T14:03:52Z,99
2026-08-06T14:03:52.218Z,99
2026-08-06T14:03:53Z,100
2026-08-06T14:03:53.975Z,100
2026-08-06T14:03:54.029Z,100
2026-08-06T14:10:01Z,100
2026-08-06T14:10:02Z,100
2026-08-06T14:10:04Z,99
2026-08-06T14:10:06Z,98
2026-08-06T14:10:08Z,97
2026-08-06T14:10:10Z,96
2026-08-06T14:10:11Z,95
2026-08-06T14:10:12.615Z,100
2026-08-06T14:10:13Z,94
2026-08-06T14:10:13.407Z,100
2026-08-06T14:10:13.486Z,100
2026-08-06T14:10:14.498Z,99
2026-08-06T14:10:14.851Z,98
2026-08-06T14:10:15Z,93
2026-08-06T14:10:15.336Z,97
2026-08-06T14:10:15.568Z,96
2026-08-06T14:10:15.82Z,95
2026-08-06T14:10:17Z,92
2026-08-06T14:10:19Z,91
2026-08-06T14:10:19.042Z,94
2026-08-06T14:10:19.517Z,93
2026-08-06T14:10:19.71Z,92
2026-08-06T14:10:20Z,90
2026-08-06T14:10:20.356Z,91
2026-08-06T14:10:21.003Z,90
2026-08-06T14:10:22Z,89
2026-08-06T14:10:22.797Z,89
2026-08-06T14:10:24Z,88
2026-08-06T14:10:25.729Z,88
2026-08-06T14:10:26Z,87
2026-08-06T14:10:27.232Z,87
2026-08-06T14:10:28Z,86
2026-08-06T14:10:29Z,85
2026-08-06T14:10:29.593Z,86
2026-08-06T14:10:30.127Z,85
2026-08-06T14:10:31Z,84
2026-08-06T14:10:31.82Z,84
2026-08-06T14:10:33Z,83
2026-08-06T14:10:33.723Z,83
2026-08-06T14:10:35Z,82
2026-08-06T14:10:35.398Z,82
2026-08-06T14:10:37Z,81
2026-08-06T14:10:37.821Z,81
2026-08-06T14:10:38Z,80
2026-08-06T14:10:39.01Z,80
2026-08-06T14:10:40Z,79
2026-08-06T14:10:40.801Z,79
2026-08-06T14:10:42Z,78
2026-08-06T14:10:44Z,77
2026-08-06T14:10:44.499Z,78
2026-08-06T14:10:44.906Z,77
2026-08-06T14:10:46Z,76
2026-08-06T14:10:46.204Z,76
2026-08-06T14:10:47Z,75
2026-08-06T14:10:48.069Z,75
2026-08-06T14:10:49Z,74
2026-08-06T14:10:49.806Z,74
2026-08-06T14:10:51Z,73
2026-08-06T14:10:51.605Z,73
2026-08-06T14:10:53Z,72
2026-08-06T14:10:53.557Z,72
2026-08-06T14:10:55Z,71
2026-08-06T14:10:55.204Z,71
2026-08-06T14:10:56Z,70
2026-08-06T14:10:57.013Z,70
2026-08-06T14:10:58Z,69
2026-08-06T14:10:59.713Z,69
2026-08-06T14:11:00Z,68
2026-08-06T14:11:02Z,67
2026-08-06T14:11:02.566Z,68
2026-08-06T14:11:02.847Z,67
2026-08-06T14:11:04Z,66
2026-08-06T14:11:04.214Z,66
2026-08-06T14:11:05Z,65
2026-08-06T14:11:06.021Z,65
2026-08-06T14:11:07Z,64
2026-08-06T14:11:07.815Z,64
2026-08-06T14:11:09Z,63
2026-08-06T14:11:10.077Z,63
2026-08-06T14:11:11Z,62
2026-08-06T14:11:11.42Z,62
2026-08-06T14:11:13Z,61
2026-08-06T14:11:14Z,60
2026-08-06T14:11:14.687Z,61
2026-08-06T14:11:15.028Z,60
2026-08-06T14:11:16Z,59
2026-08-06T14:11:16.821Z,59
2026-08-06T14:11:18Z,58
2026-08-06T14:11:18.792Z,58
2026-08-06T14:11:20Z,57
2026-08-06T14:11:20.425Z,57
2026-08-06T14:11:22Z,56
2026-08-06T14:11:22.228Z,56
2026-08-06T14:11:23Z,55
2026-08-06T14:11:24.032Z,55
2026-08-06T14:11:25Z,54
2026-08-06T14:11:25.835Z,54
2026-08-06T14:11:27Z,53
2026-08-06T14:11:27.639Z,53
2026-08-06T14:11:29Z,52
2026-08-06T14:11:29.588Z,52
2026-08-06T14:11:31Z,51
2026-08-06T14:11:31.23Z,51
2026-08-06T14:11:32Z,50
2026-08-06T14:11:34Z,49
2026-08-06T14:11:34.719Z,50
2026-08-06T14:11:35.426Z,49
2026-08-06T14:11:36Z,48
2026-08-06T14:11:36.881Z,48
2026-08-06T14:11:38Z,47
2026-08-06T14:11:38.437Z,47
2026-08-06T14:11:40Z,46
2026-08-06T14:11:40.233Z,46
2026-08-06T14:11:42Z,45
2026-08-06T14:11:42.044Z,45
2026-08-06T14:11:43Z,44
2026-08-06T14:11:43.845Z,44
2026-08-06T14:11:45Z,43
2026-08-06T14:11:45.642Z,43
2026-08-06T14:11:47Z,42
2026-08-06T14:11:47.438Z,42
2026-08-06T14:11:49Z,41
2026-08-06T14:11:49.236Z,41
2026-08-06T14:11:51Z,40
2026-08-06T14:11:51.049Z,40
2026-08-06T14:11:52Z,39
2026-08-06T14:11:54Z,38
2026-08-06T14:11:54.897Z,39
2026-08-06T14:11:55.145Z,38
2026-08-06T14:11:56Z,37
2026-08-06T14:11:56.446Z,37
2026-08-06T14:11:58Z,36
2026-08-06T14:11:58.248Z,36
2026-08-06T14:12:00Z,35
2026-08-06T14:12:00.05Z,35
2026-08-06T14:12:01Z,34
2026-08-06T14:12:02.874Z,34
2026-08-06T14:12:03Z,33
2026-08-06T14:12:05Z,32
2026-08-06T14:12:07Z,31
2026-08-06T14:12:09Z,30
2026-08-06T14:12:10Z,29
2026-08-06T14:12:12Z,28
2026-08-06T14:12:14Z,27
2026-08-06T14:12:16Z,26
2026-08-06T14:12:18Z,25
2026-08-06T14:12:19Z,24
2026-08-06T14:12:21Z,23
2026-08-06T14:12:22.306Z,33
2026-08-06T14:12:22.504Z,32
2026-08-06T14:12:22.735Z,31
2026-08-06T14:12:23Z,22
2026-08-06T14:12:25Z,21
2026-08-06T14:12:25.932Z,30
2026-08-06T14:12:26.396Z,29
2026-08-06T14:12:26.604Z,28
2026-08-06T14:12:26.805Z,27
2026-08-06T14:12:27Z,20
2026-08-06T14:12:27.159Z,26
2026-08-06T14:12:27.68Z,25
2026-08-06T14:12:27.96Z,24
2026-08-06T14:12:28Z,19
2026-08-06T14:12:28.18Z,23
2026-08-06T14:12:30Z,18
2026-08-06T14:12:30.323Z,22
2026-08-06T14:12:31.264Z,21
2026-08-06T14:12:31.587Z,20
2026-08-06T14:12:32Z,17
2026-08-06T14:12:32.231Z,19
2026-08-06T14:12:32.596Z,18
2026-08-06T14:12:32.927Z,17
2026-08-06T14:12:34Z,16
2026-08-06T14:12:34.255Z,16
2026-08-06T14:12:36Z,15
2026-08-06T14:12:36.243Z,15
2026-08-06T14:12:37Z,14
2026-08-06T14:12:39Z,13
2026-08-06T14:12:40.006Z,14
2026-08-06T14:12:40.336Z,13
2026-08-06T14:12:41Z,12
2026-08-06T14:12:41.761Z,12
2026-08-06T14:12:43Z,11
2026-08-06T14:12:43.369Z,11
2026-08-06T14:12:45Z,10
2026-08-06T14:12:45.173Z,10
2026-08-06T14:12:46Z,9
2026-08-06T14:12:46.968Z,9
2026-08-06T14:12:48Z,8
2026-08-06T14:12:48.835Z,8
2026-08-06T14:12:50Z,7
2026-08-06T14:12:50.627Z,7
2026-08-06T14:12:52Z,6
2026-08-06T14:12:52.572Z,6
2026-08-06T14:12:54Z,5
2026-08-06T14:12:55Z,4
2026-08-06T14:12:55.062Z,5
2026-08-06T14:12:55.977Z,4
2026-08-06T14:12:57Z,3
2026-08-06T14:12:58.721Z,3
2026-08-06T14:12:59Z,2
2026-08-06T14:12:59.643Z,2
2026-08-06T14:13:01Z,1
2026-08-06T14:13:02Z,0
2026-08-06T14:13:02.65Z,1
2026-08-06T14:13:03.172Z,0
2026-08-06T14:13:03.234Z,0
