_time,_value
2026-01-20T11:56:46.533Z,0
2026-01-20T12:02:20.031Z,0
2026-01-20T12:04:02.843Z,0
2026-01-20T12:06:05.884Z,0
2026-01-20T12:11:05.031Z,0
2026-01-20T12:12:31.011Z,0
2026-01-20T13:11:36Z,1
2026-01-20T13:11:36.608Z,1
2026-01-20T13:12:16Z,0
2026-01-20T13:12:16.889Z,0
2026-01-20T13:12:23Z,1
2026-01-20T13:12:23.808Z,1
2026-01-20T13:13:39Z,0
2026-01-20T13:13:39.284Z,0
2026-01-21T09:44:51Z,0
2026-01-21T09:45:16Z,0
2026-01-21T09:45:17Z,0
2026-01-21T09:45:28.412Z,0
2026-01-21T09:46:12.916Z,0
2026-01-21T10:18:46Z,0
2026-01-21T10:18:47Z,0
2026-01-21T10:19:21.618Z,0
2026-01-26T11:00:34Z,0
2026-01-26T11:01:14.606Z,0
2026-01-26T19:16:21Z,0
2026-01-26T19:16:54.907Z,0
2026-01-29T12:15:57.969Z,0
2026-02-05T10:12:31Z,1
2026-02-05T10:12:31.993Z,1
2026-02-05T10:15:05Z,0
2026-02-05T10:15:06.646Z,0
2026-02-05T10:35:44Z,1
2026-02-05T10:35:44.232Z,1
2026-02-05T10:38:44Z,0
2026-02-05T10:38:44.888Z,0
2026-02-05T10:40:47Z,1
2026-02-05T10:40:47.204Z,1
2026-02-05T10:41:30Z,0
2026-02-05T10:41:31.281Z,0
2026-02-05T10:46:58Z,1
2026-02-05T10:46:58.963Z,1
2026-02-05T10:47:14Z,0
2026-02-05T10:47:15.08Z,0
2026-02-10T11:42:54Z,1
2026-02-10T11:42:54.87Z,1
2026-02-10T11:43:31Z,0
2026-02-10T11:43:31.882Z,0
2026-02-10T11:44:17Z,1
2026-02-10T11:44:17.521Z,1
2026-02-10T11:44:29Z,0
2026-02-10T11:44:29.555Z,0
2026-02-10T12:07:16Z,1
2026-02-10T12:07:16.377Z,1
2026-02-10T12:07:39Z,0
2026-02-10T12:07:39.683Z,0
2026-02-11T14:19:39Z,1
2026-02-11T14:19:39.27Z,1
2026-02-11T14:25:58Z,0
2026-02-11T14:25:58.582Z,0
2026-02-12T09:03:34.867Z,0
2026-02-12T09:11:21.44Z,0
2026-02-12T10:06:47.529Z,0
2026-02-25T09:11:03Z,0
2026-02-25T13:51:33Z,0
2026-02-25T13:57:18Z,0
2026-02-25T13:57:20Z,0
2026-02-25T15:55:21Z,0
2026-02-25T16:06:54Z,1
2026-03-03T15:31:05Z,1
2026-03-03T15:32:40Z,0
2026-03-03T15:36:58Z,1
2026-03-03T15:37:03Z,0
2026-03-03T17:28:40Z,0
2026-03-03T17:28:50Z,0
2026-03-04T07:42:37Z,0
2026-03-04T07:56:26Z,1
2026-03-04T07:56:31Z,0
2026-03-06T15:23:15Z,1
2026-03-06T15:26:20Z,0
2026-03-12T15:11:46Z,1
2026-03-12T15:13:26Z,0
2026-03-12T15:13:42Z,1
2026-03-12T15:14:02Z,0
2026-03-12T15:14:20Z,1
2026-03-12T15:14:40Z,0
2026-03-12T15:15:06Z,1
2026-03-12T15:15:11Z,0
2026-03-13T17:08:35Z,1
2026-03-13T17:10:10Z,0
2026-03-13T17:10:17Z,1
2026-03-13T17:10:22Z,0
2026-03-15T10:59:36Z,1
2026-03-15T11:01:11Z,0
2026-03-17T17:17:43Z,1
2026-03-17T17:19:18Z,0
2026-03-18T17:37:37Z,1
2026-03-18T17:40:58Z,0
2026-03-20T14:10:59Z,0
2026-03-26T11:36:59Z,1
2026-03-26T11:38:25Z,0
2026-03-30T12:44:10Z,0
2026-03-30T14:57:10Z,1
2026-03-30T14:58:12Z,0
2026-03-31T08:46:38Z,1
2026-03-31T08:46:48Z,0
2026-04-10T20:58:42Z,1
2026-04-10T20:58:57Z,0
2026-04-15T15:31:54Z,1
2026-04-15T15:39:24Z,0
2026-04-16T18:03:15Z,0
2026-04-17T21:41:45Z,1
2026-04-17T21:45:55Z,0
2026-04-19T19:51:11Z,0
2026-04-19T19:51:12Z,1
2026-04-19T20:21:12Z,0
2026-04-20T08:26:35Z,0
2026-04-20T11:06:55Z,0
2026-04-20T11:06:56Z,1
2026-04-20T11:09:51Z,0
2026-04-20T11:12:33Z,0
2026-04-21T09:19:55Z,0
2026-04-23T09:08:52Z,0
2026-04-23T09:08:52.914Z,0
2026-04-23T09:09:01Z,0
2026-04-23T09:09:02Z,1
2026-04-23T09:09:03.572Z,0
2026-04-23T09:09:04.032Z,1
2026-04-23T09:09:09Z,0
2026-04-23T09:09:09.738Z,0
2026-04-23T09:10:04Z,1
2026-04-23T09:10:06.082Z,1
2026-04-23T09:13:06Z,0
2026-04-23T09:13:06.756Z,0
2026-04-23T09:13:21Z,0
2026-04-23T09:13:22.215Z,0
2026-04-23T10:33:33Z,0
2026-04-23T10:33:46Z,0
2026-04-23T10:34:33.598Z,0
2026-04-23T10:35:45.622Z,0
2026-04-23T10:38:14.369Z,0
2026-04-23T15:26:24Z,0
2026-04-23T15:26:25Z,1
2026-04-23T15:26:26.805Z,0
2026-04-23T15:26:27.824Z,1
2026-04-23T15:29:25Z,0
2026-04-23T15:29:27.148Z,0
2026-04-23T15:47:41Z,0
2026-04-23T15:47:42.704Z,0
2026-04-23T16:17:47Z,0
2026-04-23T16:17:48Z,1
2026-04-23T16:17:49.513Z,0
2026-04-23T16:17:52.593Z,1
2026-04-23T16:20:48Z,0
2026-04-23T16:20:49.577Z,0
2026-04-23T16:44:28Z,0
2026-04-23T16:44:29.121Z,0
2026-04-23T17:00:00Z,0
2026-04-23T17:00:01Z,1
2026-04-23T17:00:02.295Z,0
2026-04-23T17:00:11.989Z,1
2026-04-23T17:03:01Z,0
2026-04-23T17:03:02.668Z,0
2026-04-23T21:15:58.304Z,0
2026-04-24T09:20:24Z,0
2026-04-24T09:20:24.825Z,0
2026-04-24T10:03:16Z,0
2026-04-24T10:03:17Z,1
2026-04-24T10:03:18.675Z,0
2026-04-24T10:03:20.301Z,1
2026-04-24T10:06:17Z,0
2026-04-24T10:06:18.57Z,0
2026-04-24T10:33:53Z,0
2026-04-24T10:33:53.91Z,0
2026-04-24T11:17:13Z,0
2026-04-24T11:17:14Z,1
2026-04-24T11:17:15.439Z,0
2026-04-24T11:17:16.946Z,1
2026-04-24T11:20:14Z,0
2026-04-24T11:20:15.333Z,0
2026-04-24T11:35:19Z,0
2026-04-24T11:35:20.419Z,0
2026-04-24T12:47:09Z,0
2026-04-24T12:47:10Z,1
2026-04-24T12:47:10.873Z,0
2026-04-24T12:47:13.503Z,1
2026-04-24T12:50:10Z,0
2026-04-24T12:50:10.794Z,0
2026-04-24T13:08:56Z,0
2026-04-24T13:08:56.902Z,0
2026-04-24T13:25:20Z,0
2026-04-24T13:25:21Z,1
2026-04-24T13:25:22.653Z,0
2026-04-24T13:25:24.535Z,1
2026-04-24T13:28:21Z,0
2026-04-24T13:28:22.264Z,0
2026-04-24T14:19:55Z,0
2026-04-24T14:19:56.658Z,0
2026-04-24T14:30:38Z,0
2026-04-24T14:30:39Z,1
2026-04-24T14:30:40.433Z,0
2026-04-24T14:30:42.654Z,1
2026-04-24T14:33:39Z,0
2026-04-24T14:33:40.109Z,0
2026-04-24T15:33:54Z,0
2026-04-24T15:33:55Z,0
2026-04-24T15:34:05.795Z,0
2026-04-24T15:34:06.283Z,0
2026-04-24T15:34:06.781Z,0
2026-04-24T15:34:07.306Z,0
2026-04-24T15:34:07.729Z,0
2026-04-24T15:34:08.271Z,0
2026-04-24T15:34:08.735Z,0
2026-04-24T15:34:09.275Z,0
2026-04-24T15:34:09.767Z,0
2026-04-24T15:34:10.262Z,0
2026-04-24T15:34:10.659Z,0
2026-04-26T10:52:15Z,0
2026-04-26T10:52:16.623Z,0
2026-04-26T11:32:30Z,0
2026-04-26T11:32:31Z,1
2026-04-26T11:32:33.226Z,0
2026-04-26T11:32:36.443Z,1
2026-04-26T11:35:31Z,0
2026-04-26T11:35:32.435Z,0
2026-04-26T11:56:11Z,0
2026-04-26T11:56:13.887Z,0
2026-04-26T13:06:09Z,0
2026-04-26T13:06:09.701Z,0
2026-04-26T13:06:10Z,1
2026-04-26T13:06:10.67Z,1
2026-04-26T13:09:10Z,0
2026-04-26T13:09:10.36Z,0
2026-04-26T13:34:25Z,0
2026-04-26T13:34:25.521Z,0
2026-04-26T15:02:41Z,0
2026-04-26T15:02:42Z,1
2026-04-26T15:02:43.815Z,0
2026-04-26T15:02:45.9Z,1
2026-04-26T15:05:42Z,0
2026-04-26T15:05:43.626Z,0
2026-04-26T15:21:11Z,0
2026-04-26T15:21:11.541Z,0
2026-04-26T16:22:45Z,0
2026-04-26T16:22:46Z,1
2026-04-26T16:22:47.694Z,0
2026-04-26T16:22:48.876Z,1
2026-04-26T16:25:46Z,0
2026-04-26T16:25:48.197Z,0
2026-04-26T16:54:27Z,0
2026-04-26T16:54:28.46Z,0
2026-04-26T17:02:22Z,0
2026-04-26T17:02:23Z,1
2026-04-26T17:02:24.58Z,0
2026-04-26T17:02:27.056Z,1
2026-04-26T17:05:23Z,0
2026-04-26T17:05:24.446Z,0
2026-04-26T17:42:12Z,0
2026-04-26T17:42:13.982Z,0
2026-04-26T17:51:24Z,0
2026-04-26T17:51:25Z,1
2026-04-26T17:51:27.185Z,0
2026-04-26T17:51:29.911Z,1
2026-04-26T17:54:25Z,0
2026-04-26T17:54:26.825Z,0
2026-04-27T08:32:02Z,0
2026-04-27T08:32:05.924Z,0
2026-04-27T08:40:06Z,0
2026-04-27T08:40:07Z,1
2026-04-27T08:40:09.143Z,0
2026-04-27T08:40:11.872Z,1
2026-04-27T08:43:07Z,0
2026-04-27T08:43:08.358Z,0
2026-04-27T08:58:12Z,0
2026-04-27T08:58:12.998Z,0
2026-04-27T09:08:04Z,0
2026-04-27T09:08:05Z,1
2026-04-27T09:08:06.916Z,0
2026-04-27T09:08:08.35Z,1
2026-04-27T09:11:05Z,0
2026-04-27T09:11:06.877Z,0
2026-04-27T09:23:50Z,0
2026-04-27T09:23:51.752Z,0
2026-04-27T09:47:29Z,0
2026-04-27T09:47:30Z,1
2026-04-27T09:47:49.097Z,0
2026-04-27T09:47:51.512Z,1
2026-04-27T09:50:30Z,0
2026-04-27T09:50:32.2Z,0
2026-04-27T10:04:48Z,0
2026-04-27T10:04:48.964Z,0
2026-04-27T10:22:23Z,0
2026-04-27T10:22:24Z,1
2026-04-27T10:22:26.14Z,0
2026-04-27T10:22:27.444Z,1
2026-04-27T10:25:24Z,0
2026-04-27T10:25:25.293Z,0
2026-04-27T10:34:56Z,0
2026-04-27T10:34:57.771Z,0
2026-04-27T16:46:11Z,0
2026-04-27T16:46:12Z,1
2026-04-27T16:46:13.908Z,0
2026-04-27T16:46:15.773Z,1
2026-04-27T16:49:12Z,0
2026-04-27T16:49:13.405Z,0
2026-04-27T17:01:11Z,0
2026-04-27T17:01:12.921Z,0
2026-04-27T17:39:16Z,0
2026-04-27T17:39:17Z,1
2026-04-27T17:39:19.567Z,0
2026-04-27T17:39:21.483Z,1
2026-04-27T17:42:17Z,0
2026-04-27T17:42:18.651Z,0
2026-04-28T10:25:05Z,0
2026-04-28T10:25:10.517Z,0
2026-04-28T10:38:50Z,0
2026-04-28T10:38:51Z,1
2026-04-28T10:38:54.104Z,0
2026-04-28T10:38:56.817Z,1
2026-04-28T10:41:51Z,0
2026-04-28T10:41:52.989Z,0
2026-04-28T10:55:51Z,0
2026-04-28T10:55:53.079Z,0
2026-04-28T17:50:25Z,0
2026-04-28T17:50:26Z,1
2026-04-28T17:50:28.461Z,0
2026-04-28T17:50:31.165Z,1
2026-04-28T17:53:26Z,0
2026-04-28T17:53:27.343Z,0
2026-04-29T07:46:25Z,0
2026-04-29T07:46:25.855Z,0
2026-04-29T07:57:52Z,1
2026-04-29T07:57:54.402Z,0
2026-04-29T07:57:56.419Z,1
2026-04-29T08:00:53Z,0
2026-04-29T08:00:54.169Z,0
2026-04-29T08:13:56Z,0
2026-04-29T08:13:57.303Z,0
2026-04-29T08:57:19Z,0
2026-04-29T08:57:20Z,1
2026-04-29T08:57:21.768Z,0
2026-04-29T08:57:24.601Z,1
2026-04-29T09:00:20Z,0
2026-04-29T09:00:23.201Z,0
2026-04-29T09:13:28Z,0
2026-04-29T09:13:29.074Z,0
2026-04-29T18:03:34Z,0
2026-04-29T18:03:35Z,1
2026-04-29T18:03:35.019Z,0
2026-04-29T18:03:35.539Z,1
2026-04-29T18:06:35Z,0
2026-04-29T18:06:35.629Z,0
2026-04-30T07:52:07Z,0
2026-04-30T07:52:10.684Z,0
2026-04-30T08:51:14Z,0
2026-04-30T08:51:15Z,1
2026-04-30T08:51:17.592Z,0
2026-04-30T08:51:18.894Z,1
2026-04-30T08:54:15Z,0
2026-04-30T08:54:17.47Z,0
2026-04-30T08:56:11Z,0
2026-04-30T08:56:13.095Z,0
2026-04-30T18:00:00Z,0
2026-04-30T18:00:01Z,1
2026-04-30T18:00:02.798Z,0
2026-04-30T18:00:08.493Z,0
2026-04-30T18:00:10.288Z,0
2026-04-30T18:00:11.579Z,1
2026-04-30T18:03:01Z,0
2026-04-30T18:03:03.023Z,0
2026-05-01T09:22:59Z,0
2026-05-01T09:23:02.218Z,0
2026-05-01T15:53:05Z,0
2026-05-01T15:53:06Z,1
2026-05-01T15:53:08.364Z,0
2026-05-01T15:53:11.944Z,1
2026-05-01T15:56:06Z,0
2026-05-01T15:56:07.636Z,0
2026-05-01T16:24:34Z,0
2026-05-01T16:24:38.161Z,0
2026-05-01T16:42:49Z,0
2026-05-01T16:42:50Z,1
2026-05-01T16:42:52.033Z,0
2026-05-01T16:42:53.68Z,1
2026-05-01T16:45:50Z,0
2026-05-01T16:45:51.428Z,0
2026-05-02T10:04:02Z,0
2026-05-02T10:04:06.071Z,0
2026-05-02T12:11:07Z,0
2026-05-02T12:11:08Z,1
2026-05-02T12:11:10.79Z,0
2026-05-02T12:11:12.046Z,1
2026-05-02T12:14:08Z,0
2026-05-02T12:14:09.854Z,0
2026-05-02T13:51:45Z,0
2026-05-02T13:51:48.206Z,0
2026-05-02T15:02:32Z,1
2026-05-02T15:02:35.705Z,0
2026-05-02T15:02:37.689Z,1
2026-05-02T15:05:32Z,0
2026-05-02T15:05:34.848Z,0
2026-05-02T15:40:09Z,0
2026-05-02T15:40:11.939Z,0
2026-05-02T16:35:20Z,0
2026-05-02T16:35:21Z,1
2026-05-02T16:35:23.451Z,0
2026-05-02T16:35:25.497Z,1
2026-05-02T16:38:21Z,0
2026-05-02T16:38:22.363Z,0
2026-05-03T10:19:25Z,0
2026-05-03T10:19:28.594Z,0
2026-05-03T17:33:32Z,0
2026-05-03T17:33:33Z,1
2026-05-03T17:33:35.659Z,0
2026-05-03T17:33:37.209Z,1
2026-05-03T17:36:33Z,0
2026-05-03T17:36:34.44Z,0
2026-05-03T19:45:28Z,0
2026-05-03T19:45:30Z,0
2026-05-03T19:46:29.198Z,0
2026-05-03T19:52:40Z,0
2026-05-03T19:52:42Z,0
2026-05-03T19:53:41.367Z,0
2026-05-03T19:55:43.928Z,0
2026-05-03T20:00:09.871Z,0
2026-05-04T09:55:43Z,0
2026-05-04T09:55:47.847Z,0
2026-05-04T18:00:00Z,0
2026-05-04T18:00:01Z,1
2026-05-04T18:00:12.195Z,0
2026-05-04T18:00:12.53Z,1
2026-05-04T18:03:01Z,0
2026-05-04T18:03:02.984Z,0
2026-05-04T20:26:02.833Z,0
2026-05-05T06:53:33Z,0
2026-05-05T06:53:39.61Z,0
2026-05-05T07:00:33Z,0
2026-05-05T07:00:34Z,1
2026-05-05T07:00:36.177Z,0
2026-05-05T07:00:40.345Z,1
2026-05-05T07:03:34Z,0
2026-05-05T07:03:35.588Z,0
2026-05-05T07:17:15Z,0
2026-05-05T07:17:18.774Z,0
2026-05-05T07:30:44Z,0
2026-05-05T07:30:45Z,1
2026-05-05T07:30:47.737Z,0
2026-05-05T07:30:49.127Z,1
2026-05-05T07:33:45Z,0
2026-05-05T07:33:46.962Z,0
2026-05-05T07:43:12Z,0
2026-05-05T07:43:16.054Z,0
2026-05-05T07:56:43Z,0
2026-05-05T07:56:44Z,1
2026-05-05T07:56:48.207Z,0
2026-05-05T07:56:49.766Z,1
2026-05-05T07:59:44Z,0
2026-05-05T07:59:44.86Z,0
2026-05-05T08:09:33Z,0
2026-05-05T08:09:36.388Z,0
2026-05-05T08:29:10Z,1
2026-05-05T08:29:12.982Z,0
2026-05-05T08:29:15.582Z,1
2026-05-05T08:32:10Z,0
2026-05-05T08:32:12.069Z,0
2026-05-05T08:45:58Z,0
2026-05-05T08:46:02.797Z,0
2026-05-05T09:11:50Z,0
2026-05-05T09:11:51Z,1
2026-05-05T09:11:53.752Z,0
2026-05-05T09:11:57.003Z,1
2026-05-05T09:14:51Z,0
2026-05-05T09:14:52.352Z,0
2026-05-05T09:26:11Z,0
2026-05-05T09:26:14.64Z,0
2026-05-05T11:04:11Z,0
2026-05-05T11:04:12Z,1
2026-05-05T11:04:12.056Z,0
2026-05-05T11:04:13Z,0
2026-05-05T11:04:14.837Z,1
2026-05-05T11:04:16.8Z,0
2026-05-05T11:04:23Z,0
2026-05-05T11:04:23.692Z,0
2026-05-05T11:45:47Z,1
2026-05-05T11:45:47.688Z,1
2026-05-05T11:45:54Z,0
2026-05-05T11:45:55.186Z,0
2026-05-05T12:29:33Z,0
2026-05-05T12:29:34Z,1
2026-05-05T12:29:34.28Z,0
2026-05-05T12:29:36.192Z,1
2026-05-05T12:32:34Z,0
2026-05-05T12:32:34.706Z,0
2026-05-05T12:32:44Z,0
2026-05-05T12:32:47.035Z,0
2026-05-05T18:00:00Z,0
2026-05-05T18:00:01Z,1
2026-05-05T18:00:14.5Z,0
2026-05-05T18:00:14.873Z,1
2026-05-05T18:03:01Z,0
2026-05-05T18:03:03.374Z,0
2026-05-06T06:43:26Z,0
2026-05-06T06:43:29.663Z,0
2026-05-06T06:56:14Z,0
2026-05-06T06:56:15Z,1
2026-05-06T06:56:20.282Z,0
2026-05-06T06:56:20.824Z,1
2026-05-06T06:59:15Z,0
2026-05-06T06:59:16.119Z,0
2026-05-06T07:32:39Z,1
2026-05-06T07:32:42.132Z,1
2026-05-06T07:32:43Z,0
2026-05-06T07:32:44.02Z,0
2026-05-06T07:34:21Z,0
2026-05-06T07:34:24.039Z,0
2026-05-06T07:36:27Z,1
2026-05-06T07:36:27.359Z,1
2026-05-06T07:36:55Z,0
2026-05-06T07:36:56.235Z,0
2026-05-06T07:52:34Z,0
2026-05-06T07:52:38.661Z,0
2026-05-06T08:13:09.928Z,0
2026-05-06T08:15:38.085Z,0
2026-05-06T08:46:57Z,1
2026-05-06T08:46:57.763Z,1
2026-05-06T08:50:14Z,0
2026-05-06T08:50:15.089Z,0
2026-05-06T08:53:16Z,0
2026-05-06T08:53:17.415Z,0
2026-05-06T16:25:06.259Z,0
2026-05-06T18:00:00Z,0
2026-05-06T18:00:01Z,1
2026-05-06T18:00:04.471Z,0
2026-05-06T18:00:05.743Z,1
2026-05-06T18:03:01Z,0
2026-05-06T18:03:03.346Z,0
2026-05-07T05:00:00Z,0
2026-05-07T05:00:02.345Z,0
2026-05-07T07:51:38.199Z,0
2026-05-07T08:09:14Z,0
2026-05-07T08:09:17.155Z,0
2026-05-07T08:14:05Z,0
2026-05-07T08:14:05.87Z,0
2026-05-07T08:17:27Z,0
2026-05-07T08:17:28Z,1
2026-05-07T08:17:28.221Z,0
2026-05-07T08:17:28.643Z,1
2026-05-07T08:20:28Z,0
2026-05-07T08:20:28.562Z,0
2026-05-07T08:28:54Z,1
2026-05-07T08:28:55.154Z,1
2026-05-07T08:29:07Z,0
2026-05-07T08:29:07.611Z,0
2026-05-07T08:36:20Z,0
2026-05-07T08:36:22.203Z,0
2026-05-07T08:41:29Z,0
2026-05-07T08:41:30Z,1
2026-05-07T08:41:30.269Z,0
2026-05-07T08:41:30.756Z,1
2026-05-07T08:44:28Z,0
2026-05-07T08:44:30Z,0
2026-05-07T08:45:30.02Z,0
2026-05-07T09:03:38.902Z,0
2026-05-07T09:27:58.607Z,0
2026-05-07T10:18:46.199Z,1
2026-05-07T10:18:54.757Z,0
2026-05-07T10:42:08.386Z,0
2026-05-07T11:24:06.288Z,0
2026-05-07T11:47:32.887Z,0
2026-05-07T12:22:43Z,0
2026-05-07T12:22:46.86Z,0
2026-05-07T12:29:17Z,0
2026-05-07T12:29:18Z,1
2026-05-07T12:29:18.717Z,0
2026-05-07T12:29:19.762Z,1
2026-05-07T12:32:18Z,0
2026-05-07T12:32:18.38Z,0
2026-05-07T12:33:55Z,1
2026-05-07T12:33:55.5Z,1
2026-05-07T12:34:05Z,0
2026-05-07T12:34:05.461Z,0
2026-05-08T05:00:00Z,0
2026-05-08T05:00:10.361Z,0
2026-05-08T07:37:49Z,0
2026-05-08T07:37:50Z,1
2026-05-08T07:37:52.079Z,0
2026-05-08T07:37:53.472Z,1
2026-05-08T07:40:50Z,0
2026-05-08T07:40:52.013Z,0
2026-05-08T09:05:13Z,0
2026-05-08T09:05:22.521Z,0
2026-05-08T09:05:23.089Z,0
2026-05-08T09:05:23.711Z,0
2026-05-08T09:05:24.288Z,0
2026-05-08T09:05:24.876Z,0
2026-05-08T09:05:25.373Z,0
2026-05-08T13:11:47Z,0
2026-05-08T13:11:49.291Z,0
2026-05-08T16:59:10Z,0
2026-05-08T16:59:11Z,1
2026-05-08T16:59:13.095Z,0
2026-05-08T16:59:14.325Z,1
2026-05-08T17:02:11Z,0
2026-05-08T17:02:12.933Z,0
2026-05-09T11:21:39Z,0
2026-05-09T11:21:42.965Z,0
2026-05-09T15:19:17Z,0
2026-05-09T15:19:18Z,1
2026-05-09T15:19:20.547Z,0
2026-05-09T15:19:21.952Z,1
2026-05-09T15:22:18Z,0
2026-05-09T15:22:19.627Z,0
2026-05-09T16:15:34Z,0
2026-05-09T16:15:36.659Z,0
2026-05-09T16:32:48Z,0
2026-05-09T16:32:49Z,1
2026-05-09T16:32:51.83Z,0
2026-05-09T16:32:54.575Z,1
2026-05-09T16:35:49Z,0
2026-05-09T16:35:50.499Z,0
2026-05-09T16:58:17Z,0
2026-05-09T16:58:20.573Z,0
2026-05-09T17:14:29Z,0
2026-05-09T17:14:30Z,1
2026-05-09T17:14:32.613Z,0
2026-05-09T17:14:35.005Z,1
2026-05-09T17:17:30Z,0
2026-05-09T17:17:31.291Z,0
2026-05-09T17:37:56Z,0
2026-05-09T17:37:58.609Z,0
2026-05-09T17:52:53Z,0
2026-05-09T17:52:54Z,1
2026-05-09T17:52:56.06Z,0
2026-05-09T17:52:57.422Z,1
2026-05-09T17:55:54Z,0
2026-05-09T17:55:55.549Z,0
2026-05-10T07:00:48Z,0
2026-05-10T07:00:50.833Z,0
2026-05-10T07:13:39Z,0
2026-05-10T07:13:40Z,1
2026-05-10T07:13:43.764Z,0
2026-05-10T07:13:45.086Z,1
2026-05-10T07:16:40Z,0
2026-05-10T07:16:41.637Z,0
2026-05-10T07:28:21Z,0
2026-05-10T07:28:24.066Z,0
2026-05-10T18:00:00Z,0
2026-05-10T18:00:01Z,1
2026-05-10T18:00:03.039Z,0
2026-05-10T18:00:05.157Z,0
2026-05-10T18:00:07.176Z,0
2026-05-10T18:00:20.813Z,1
2026-05-10T18:03:01Z,0
2026-05-10T18:03:03.339Z,0
2026-05-11T06:39:09Z,0
2026-05-11T06:39:12.259Z,0
2026-05-11T06:49:34Z,0
2026-05-11T06:49:35Z,1
2026-05-11T06:49:37.077Z,0
2026-05-11T06:49:38.405Z,1
2026-05-11T06:52:35Z,0
2026-05-11T06:52:35.928Z,0
2026-05-11T07:07:44Z,0
2026-05-11T07:07:47.306Z,0
2026-05-11T07:20:47Z,0
2026-05-11T07:20:48Z,1
2026-05-11T07:20:49.946Z,0
2026-05-11T07:20:50.968Z,1
2026-05-11T07:23:48Z,0
2026-05-11T07:23:49.267Z,0
2026-05-11T07:34:16Z,0
2026-05-11T07:34:19.535Z,0
2026-05-11T07:50:28Z,0
2026-05-11T07:50:29Z,1
2026-05-11T07:50:32.845Z,0
2026-05-11T07:50:33.044Z,1
2026-05-11T07:53:29Z,0
2026-05-11T07:53:30.187Z,0
2026-05-11T08:01:02Z,0
2026-05-11T08:01:05.175Z,0
2026-05-11T08:28:02Z,0
2026-05-11T08:28:03Z,1
2026-05-11T08:28:05.828Z,0
2026-05-11T08:28:08.475Z,1
2026-05-11T08:31:03Z,0
2026-05-11T08:31:04.78Z,0
2026-05-11T08:36:23Z,0
2026-05-11T08:36:25.408Z,0
2026-05-11T18:00:00Z,0
2026-05-11T18:00:01Z,1
2026-05-11T18:00:02.749Z,0
2026-05-11T18:00:14.973Z,0
2026-05-11T18:00:15.407Z,0
2026-05-11T18:00:15.942Z,1
2026-05-11T18:03:01Z,0
2026-05-11T18:03:03.305Z,0
2026-05-12T07:38:05Z,0
2026-05-12T07:38:08.309Z,0
2026-05-12T07:45:42Z,1
2026-05-12T07:45:44.475Z,0
2026-05-12T07:45:45.807Z,1
2026-05-12T07:48:43Z,0
2026-05-12T07:48:44.323Z,0
2026-05-12T08:22:03Z,0
2026-05-12T08:22:05.728Z,0
2026-05-12T08:37:49Z,1
2026-05-12T08:37:51.537Z,0
2026-05-12T08:37:52.552Z,1
2026-05-12T08:40:50Z,0
2026-05-12T08:40:51.155Z,0
2026-05-12T09:00:53Z,0
2026-05-12T09:00:55.991Z,0
2026-05-12T09:10:15Z,0
2026-05-12T09:10:16Z,1
2026-05-12T09:10:18.615Z,0
2026-05-12T09:10:19.676Z,1
2026-05-12T09:13:16Z,0
2026-05-12T09:13:17.629Z,0
2026-05-12T09:30:34Z,0
2026-05-12T09:30:36.631Z,0
2026-05-12T18:00:00Z,0
2026-05-12T18:00:01Z,1
2026-05-12T18:00:02.617Z,0
2026-05-12T18:00:14.119Z,1
2026-05-12T18:03:01Z,0
2026-05-12T18:03:03.346Z,0
2026-05-13T06:41:26Z,0
2026-05-13T06:41:29.15Z,0
2026-05-13T07:05:22Z,0
2026-05-13T07:05:23Z,1
2026-05-13T07:05:25.472Z,0
2026-05-13T07:05:26.921Z,1
2026-05-13T07:08:23Z,0
2026-05-13T07:08:26.01Z,0
2026-05-13T07:15:41Z,0
2026-05-13T07:15:45.369Z,0
2026-05-13T08:32:58Z,0
2026-05-13T08:32:59Z,1
2026-05-13T08:33:01.998Z,0
2026-05-13T08:33:03.454Z,1
2026-05-13T08:35:59Z,0
2026-05-13T08:36:00.259Z,0
2026-05-13T08:47:44Z,0
2026-05-13T08:47:47.097Z,0
2026-05-13T09:06:04Z,0
2026-05-13T09:06:05Z,1
2026-05-13T09:06:07.087Z,0
2026-05-13T09:06:08.44Z,1
2026-05-13T09:09:05Z,0
2026-05-13T09:09:07.535Z,0
2026-05-13T09:22:15Z,0
2026-05-13T09:22:18.408Z,0
2026-05-13T15:51:08Z,0
2026-05-13T15:51:09Z,1
2026-05-13T15:51:11.32Z,0
2026-05-13T15:51:12.402Z,1
2026-05-13T15:54:09Z,0
2026-05-13T15:54:10.944Z,0
2026-05-14T07:26:03Z,0
2026-05-14T07:26:05.602Z,0
2026-05-14T07:48:07Z,0
2026-05-14T07:48:08Z,1
2026-05-14T07:48:11.063Z,0
2026-05-14T07:48:12.466Z,1
2026-05-14T07:51:08Z,0
2026-05-14T07:51:09.714Z,0
2026-05-14T08:49:17Z,0
2026-05-14T08:49:19.583Z,0
2026-05-14T09:25:42Z,0
2026-05-14T09:25:43Z,1
2026-05-14T09:25:43.692Z,0
2026-05-14T09:25:44.574Z,1
2026-05-14T09:28:43Z,0
2026-05-14T09:28:44.106Z,0
2026-05-14T09:41:53Z,0
2026-05-14T09:41:56.502Z,0
2026-05-14T10:04:55Z,0
2026-05-14T10:04:56Z,1
2026-05-14T10:04:57.345Z,0
2026-05-14T10:04:58.276Z,1
2026-05-14T10:07:56Z,0
2026-05-14T10:07:57.352Z,0
2026-05-14T10:21:22Z,0
2026-05-14T10:21:24.544Z,0
2026-05-14T10:53:23Z,0
2026-05-14T10:53:24Z,1
2026-05-14T10:53:25.498Z,0
2026-05-14T10:53:26.338Z,1
2026-05-14T10:56:24Z,0
2026-05-14T10:56:25.103Z,0
2026-05-14T11:05:45Z,0
2026-05-14T11:05:48.09Z,0
2026-05-14T11:21:02Z,0
2026-05-14T11:21:03Z,1
2026-05-14T11:21:04.572Z,0
2026-05-14T11:21:06.089Z,1
2026-05-14T11:24:03Z,0
2026-05-14T11:24:04.151Z,0
2026-05-14T11:43:25Z,0
2026-05-14T11:43:26.657Z,0
2026-05-14T12:25:39Z,0
2026-05-14T12:25:40Z,1
2026-05-14T12:25:42.18Z,0
2026-05-14T12:25:43.313Z,1
2026-05-14T12:28:40Z,0
2026-05-14T12:28:41.672Z,0
2026-05-14T12:54:40Z,0
2026-05-14T12:54:42.942Z,0
2026-05-14T13:15:27Z,0
2026-05-14T13:15:28Z,1
2026-05-14T13:15:30.489Z,0
2026-05-14T13:15:31.813Z,1
2026-05-14T13:18:28Z,0
2026-05-14T13:18:30.21Z,0
2026-05-14T13:33:16Z,0
2026-05-14T13:33:18.21Z,0
2026-05-14T16:17:24Z,1
2026-05-14T16:17:27.403Z,0
2026-05-14T16:17:28.842Z,1
2026-05-14T16:20:24Z,0
2026-05-14T16:20:25.836Z,0
2026-05-15T06:40:55Z,0
2026-05-15T06:40:56.073Z,0
2026-05-15T08:22:00Z,0
2026-05-15T08:22:01Z,1
2026-05-15T08:22:02.472Z,0
2026-05-15T08:22:06.025Z,1
2026-05-15T08:25:01Z,0
2026-05-15T08:25:13.303Z,0
2026-05-15T09:32:46Z,0
2026-05-15T09:32:51.789Z,0
2026-05-15T10:07:04Z,0
2026-05-15T10:07:05Z,1
2026-05-15T10:07:07.418Z,0
2026-05-15T10:07:09.419Z,1
2026-05-15T10:10:05Z,0
2026-05-15T10:10:13.498Z,0
2026-05-15T10:18:57Z,0
2026-05-15T10:18:59.73Z,0
2026-05-15T11:36:25Z,0
2026-05-15T11:36:26Z,1
2026-05-15T11:36:29.367Z,0
2026-05-15T11:36:32.135Z,1
2026-05-15T11:39:26Z,0
2026-05-15T11:39:27.282Z,0
2026-05-15T11:53:08Z,0
2026-05-15T11:53:10.723Z,0
2026-05-15T12:08:37Z,0
2026-05-15T12:08:38Z,1
2026-05-15T12:08:42.011Z,0
2026-05-15T12:08:43.482Z,1
2026-05-15T12:11:38Z,0
2026-05-15T12:11:39.99Z,0
2026-05-15T12:35:01Z,0
2026-05-15T12:35:12.575Z,0
2026-05-15T12:47:05Z,0
2026-05-15T12:47:06Z,1
2026-05-15T12:47:10.333Z,0
2026-05-15T12:47:13.862Z,1
2026-05-15T12:50:06Z,0
2026-05-15T12:50:13.67Z,0
2026-05-16T10:21:28Z,0
2026-05-16T10:21:31.228Z,0
2026-05-16T10:36:24Z,1
2026-05-16T10:36:26.742Z,0
2026-05-16T10:36:29.264Z,1
2026-05-16T10:39:24Z,0
2026-05-16T10:39:25.67Z,0
2026-05-16T10:57:03Z,0
2026-05-16T10:57:05.501Z,0
2026-05-16T11:15:44Z,0
2026-05-16T11:15:45Z,1
2026-05-16T11:15:48.334Z,0
2026-05-16T11:15:51.405Z,1
2026-05-16T11:18:45Z,0
2026-05-16T11:18:46.324Z,0
2026-05-16T11:32:17Z,0
2026-05-16T11:32:20.162Z,0
2026-05-16T11:47:52Z,0
2026-05-16T11:47:53Z,1
2026-05-16T11:47:55.195Z,0
2026-05-16T11:47:57.328Z,1
2026-05-16T11:50:53Z,0
2026-05-16T11:50:53.85Z,0
2026-05-16T12:07:13Z,0
2026-05-16T12:07:15.915Z,0
2026-05-16T16:31:16Z,0
2026-05-16T16:31:17Z,1
2026-05-16T16:31:19.059Z,0
2026-05-16T16:31:22.205Z,1
2026-05-16T16:34:17Z,0
2026-05-16T16:34:17.907Z,0
2026-05-17T07:14:14Z,0
2026-05-17T07:14:18.168Z,0
2026-05-17T07:28:24Z,0
2026-05-17T07:28:25Z,1
2026-05-17T07:28:29.143Z,0
2026-05-17T07:28:31.153Z,1
2026-05-17T07:31:25Z,0
2026-05-17T07:31:26.61Z,0
2026-05-17T08:42:13Z,0
2026-05-17T08:42:16.379Z,0
2026-05-17T09:08:02Z,0
2026-05-17T09:08:03Z,1
2026-05-17T09:08:06.598Z,0
2026-05-17T09:08:08.067Z,1
2026-05-17T09:11:03Z,0
2026-05-17T09:11:03.971Z,0
2026-05-17T09:20:55Z,0
2026-05-17T09:20:59.59Z,0
2026-05-17T09:30:33Z,0
2026-05-17T09:30:34Z,1
2026-05-17T09:30:37.159Z,0
2026-05-17T09:30:39.112Z,1
2026-05-17T09:33:34Z,0
2026-05-17T09:33:35.837Z,0
2026-05-17T10:02:55Z,0
2026-05-17T10:02:56.752Z,0
2026-05-17T11:19:20Z,0
2026-05-17T11:19:21Z,1
2026-05-17T11:19:23.802Z,0
2026-05-17T11:19:27.064Z,1
2026-05-17T11:22:21Z,0
2026-05-17T11:22:22.688Z,0
2026-05-17T11:32:46Z,0
2026-05-17T11:32:49.139Z,0
2026-05-17T13:08:37Z,0
2026-05-17T13:08:38Z,1
2026-05-17T13:08:43.383Z,0
2026-05-17T13:08:44.934Z,1
2026-05-17T13:11:38Z,0
2026-05-17T13:11:39.487Z,0
2026-05-17T13:25:40Z,0
2026-05-17T13:25:43.349Z,0
2026-05-17T13:50:14Z,0
2026-05-17T13:50:15Z,1
2026-05-17T13:50:18.998Z,0
2026-05-17T13:50:20.69Z,1
2026-05-17T13:53:15Z,0
2026-05-17T13:53:18.032Z,0
2026-05-18T08:58:20Z,0
2026-05-18T08:58:24.449Z,0
2026-05-18T10:12:39Z,1
2026-05-18T10:12:40Z,0
2026-05-18T10:13:15.852Z,1
2026-05-18T10:13:20.369Z,0
2026-05-18T10:30:09Z,0
2026-05-18T10:30:12.287Z,0
2026-05-18T12:01:33Z,0
2026-05-18T12:01:34Z,1
2026-05-18T12:01:37Z,0
2026-05-18T12:01:55.238Z,0
2026-05-18T12:02:07.373Z,1
2026-05-18T12:02:11.634Z,0
2026-05-18T12:04:31Z,0
2026-05-18T12:04:32.728Z,0
2026-05-18T12:04:34Z,0
2026-05-18T12:04:55.83Z,0
2026-05-18T12:31:53Z,0
2026-05-18T12:31:56.122Z,0
2026-05-18T18:00:00Z,0
2026-05-18T18:00:01Z,1
2026-05-18T18:00:15.77Z,0
2026-05-18T18:00:17.447Z,0
2026-05-18T18:00:19.26Z,0
2026-05-18T18:00:28.345Z,1
2026-05-18T18:03:01Z,0
2026-05-18T18:03:04.414Z,0
2026-05-18T21:18:47.579Z,0
2026-05-19T06:53:04Z,0
2026-05-19T06:53:07.888Z,0
2026-05-19T07:05:49Z,0
2026-05-19T07:05:50Z,1
2026-05-19T07:05:53.547Z,0
2026-05-19T07:05:55.085Z,1
2026-05-19T07:08:50Z,0
2026-05-19T07:08:51.761Z,0
2026-05-19T07:20:10Z,0
2026-05-19T07:20:14.968Z,0
2026-05-19T07:39:49Z,0
2026-05-19T07:39:50Z,1
2026-05-19T07:39:55.29Z,0
2026-05-19T07:39:57.959Z,1
2026-05-19T07:42:50Z,0
2026-05-19T07:42:53.204Z,0
2026-05-19T08:12:31Z,0
2026-05-19T08:12:34.473Z,0
2026-05-19T18:00:00Z,0
2026-05-19T18:00:01Z,1
2026-05-19T18:00:15.725Z,0
2026-05-19T18:00:20.334Z,1
2026-05-19T18:03:01Z,0
2026-05-19T18:03:03.803Z,0
2026-05-19T18:25:04Z,0
2026-05-19T18:25:13.247Z,0
2026-05-19T18:54:13Z,0
2026-05-19T18:54:14Z,1
2026-05-19T18:54:16.191Z,0
2026-05-19T18:54:17.23Z,1
2026-05-19T18:57:14Z,0
2026-05-19T18:57:15.297Z,0
2026-05-20T10:40:57Z,0
2026-05-20T10:40:58.104Z,0
2026-05-20T14:44:27Z,0
2026-05-20T14:44:28Z,1
2026-05-20T14:44:29.702Z,0
2026-05-20T14:44:30.913Z,1
2026-05-20T14:47:28Z,0
2026-05-20T14:47:30.015Z,0
2026-05-20T15:12:07Z,0
2026-05-20T15:12:08.793Z,0
2026-05-20T18:00:00Z,0
2026-05-20T18:00:01Z,1
2026-05-20T18:00:09Z,0
2026-05-20T18:00:13.062Z,0
2026-05-20T18:00:18.445Z,1
2026-05-20T18:00:23.824Z,0
2026-05-20T18:38:09Z,0
2026-05-20T18:38:10Z,1
2026-05-20T18:38:14.326Z,0
2026-05-20T18:38:15.815Z,1
2026-05-20T18:39:40Z,0
2026-05-20T18:39:40.426Z,0
2026-05-21T06:49:47Z,0
2026-05-21T06:49:48.669Z,0
2026-05-21T07:11:43Z,0
2026-05-21T07:11:44Z,1
2026-05-21T07:11:44.715Z,0
2026-05-21T07:11:45.245Z,1
2026-05-21T07:13:14Z,0
2026-05-21T07:13:15.235Z,0
2026-05-21T13:13:40Z,0
2026-05-21T13:13:42.373Z,0
2026-05-21T13:35:34Z,0
2026-05-21T13:35:35Z,1
2026-05-21T13:35:37.869Z,0
2026-05-21T13:35:41.033Z,1
2026-05-21T13:36:50Z,0
2026-05-21T13:36:53.27Z,0
2026-05-21T13:37:18Z,0
2026-05-21T13:37:19Z,1
2026-05-21T13:37:20.864Z,0
2026-05-21T13:37:21.621Z,1
2026-05-21T13:38:01Z,0
2026-05-21T13:38:02.181Z,0
2026-05-21T13:39:09Z,0
2026-05-21T13:39:11.293Z,0
2026-05-21T13:39:42Z,1
2026-05-21T13:39:43.934Z,0
2026-05-21T13:39:44.468Z,1
2026-05-21T13:40:14Z,0
2026-05-21T13:40:16.207Z,0
2026-05-21T13:41:37Z,0
2026-05-21T13:41:38.726Z,0
2026-05-21T13:41:45Z,0
2026-05-21T13:41:46Z,1
2026-05-21T13:41:46.538Z,0
2026-05-21T13:41:46.972Z,1
2026-05-21T13:41:53Z,0
2026-05-21T13:41:53.365Z,0
2026-05-21T13:43:34Z,0
2026-05-21T13:43:36.708Z,0
2026-05-21T13:44:07Z,0
2026-05-21T13:44:08Z,1
2026-05-21T13:44:10.967Z,0
2026-05-21T13:44:12.519Z,1
2026-05-21T13:44:38Z,0
2026-05-21T13:44:39.322Z,0
2026-05-21T13:44:40Z,0
2026-05-21T13:44:42.16Z,0
2026-05-21T14:02:06Z,0
2026-05-21T14:02:07Z,1
2026-05-21T14:02:09.639Z,0
2026-05-21T14:02:10.319Z,1
2026-05-21T14:02:49Z,0
2026-05-21T14:02:52.616Z,0
2026-05-21T14:03:11Z,0
2026-05-21T14:03:12Z,1
2026-05-21T14:03:13.884Z,0
2026-05-21T14:03:16.167Z,1
2026-05-21T14:03:34Z,0
2026-05-21T14:03:36.075Z,0
2026-05-21T14:05:45Z,0
2026-05-21T14:05:46Z,1
2026-05-21T14:05:47.48Z,0
2026-05-21T14:05:49.273Z,1
2026-05-21T14:07:16Z,0
2026-05-21T14:07:16.655Z,0
2026-05-21T14:14:32Z,0
2026-05-21T14:14:33.89Z,0
2026-05-21T14:15:05Z,0
2026-05-21T14:15:06Z,1
2026-05-21T14:15:14.466Z,0
2026-05-21T14:15:16.064Z,1
2026-05-21T14:15:38Z,0
2026-05-21T14:15:38.5Z,0
2026-05-21T14:17:10Z,0
2026-05-21T14:17:12.788Z,0
2026-05-21T14:18:26Z,1
2026-05-21T14:18:29.118Z,0
2026-05-21T14:18:29.544Z,1
2026-05-21T14:18:53Z,0
2026-05-21T14:18:55.876Z,0
2026-05-21T14:19:21Z,0
2026-05-21T14:19:22Z,1
2026-05-21T14:19:24.248Z,0
2026-05-21T14:19:26.513Z,1
2026-05-21T14:20:16Z,0
2026-05-21T14:20:19.196Z,0
2026-05-21T14:21:21Z,0
2026-05-21T14:21:22Z,1
2026-05-21T14:21:23.869Z,0
2026-05-21T14:21:25.619Z,1
2026-05-21T14:22:46Z,0
2026-05-21T14:22:48.499Z,0
2026-05-21T14:31:16Z,0
2026-05-21T14:31:20.738Z,0
2026-05-21T14:31:38Z,0
2026-05-21T14:31:39Z,1
2026-05-21T14:31:42.122Z,0
2026-05-21T14:31:43.149Z,1
2026-05-21T14:31:59Z,0
2026-05-21T14:32:01.172Z,0
2026-05-21T14:32:06Z,0
2026-05-21T14:32:08.469Z,0
2026-05-21T14:32:34Z,0
2026-05-21T14:32:35Z,1
2026-05-21T14:32:37.911Z,0
2026-05-21T14:32:39.485Z,1
2026-05-21T14:33:01Z,0
2026-05-21T14:33:02.473Z,0
2026-05-21T14:33:51Z,0
2026-05-21T14:33:52.983Z,0
2026-05-21T14:35:34Z,0
2026-05-21T14:35:35Z,1
2026-05-21T14:35:39.057Z,0
2026-05-21T14:35:42.079Z,1
2026-05-21T14:36:07Z,0
2026-05-21T14:36:09.454Z,0
2026-05-21T14:44:08Z,0
2026-05-21T14:44:09Z,1
2026-05-21T14:44:10.059Z,0
2026-05-21T14:44:11.742Z,1
2026-05-21T14:45:39Z,0
2026-05-21T14:45:39.808Z,0
2026-05-21T14:45:42Z,0
2026-05-21T14:45:43.882Z,0
2026-05-21T14:46:10Z,0
2026-05-21T14:46:11Z,1
2026-05-21T14:46:11.522Z,0
2026-05-21T14:46:11.917Z,1
2026-05-21T14:46:37Z,0
2026-05-21T14:46:37.437Z,0
2026-05-21T14:59:13Z,1
2026-05-21T14:59:14.281Z,1
2026-05-21T14:59:59Z,0
2026-05-21T15:00:00.027Z,0
2026-05-21T15:00:14Z,0
2026-05-21T15:00:15.136Z,0
2026-05-22T07:35:44Z,0
2026-05-22T07:35:44.721Z,0
2026-05-22T07:58:13Z,0
2026-05-22T07:58:14Z,1
2026-05-22T07:58:14.599Z,0
2026-05-22T07:58:15.112Z,1
2026-05-22T07:59:44Z,0
2026-05-22T07:59:45.652Z,0
2026-05-22T10:13:06Z,0
2026-05-22T10:13:07.977Z,0
2026-05-22T11:16:57Z,0
2026-05-22T11:16:58Z,1
2026-05-22T11:16:58.186Z,0
2026-05-22T11:16:59.699Z,1
2026-05-22T11:18:28Z,0
2026-05-22T11:18:30.081Z,0
2026-05-22T11:41:00Z,0
2026-05-22T11:41:04.089Z,0
2026-05-22T12:04:12Z,1
2026-05-22T12:04:13.973Z,0
2026-05-22T12:04:14.473Z,1
2026-05-22T12:05:43Z,0
2026-05-22T12:05:43.999Z,0
2026-05-22T12:30:26Z,0
2026-05-22T12:30:29.156Z,0
2026-05-22T15:43:43Z,0
2026-05-22T15:43:44Z,1
2026-05-22T15:43:45.544Z,0
2026-05-22T15:43:46.512Z,1
2026-05-22T15:45:14Z,0
2026-05-22T15:45:14.679Z,0
2026-05-23T09:32:56Z,0
2026-05-23T09:33:00.326Z,0
2026-05-23T10:18:31Z,0
2026-05-23T10:18:32Z,1
2026-05-23T10:18:32.065Z,0
2026-05-23T10:18:32.622Z,1
2026-05-23T10:20:02Z,0
2026-05-23T10:20:12.783Z,0
2026-05-23T11:31:43Z,0
2026-05-23T11:31:44.614Z,0
2026-05-23T11:58:55Z,0
2026-05-23T11:58:56Z,1
2026-05-23T11:58:57.869Z,0
2026-05-23T11:59:00.272Z,1
2026-05-23T12:00:26Z,0
2026-05-23T12:00:26.585Z,0
2026-05-23T12:20:54Z,0
2026-05-23T12:20:56.216Z,0
2026-05-23T12:22:29Z,0
2026-05-23T12:22:30Z,1
2026-05-23T12:22:30.507Z,0
2026-05-23T12:22:31.994Z,1
2026-05-23T12:24:00Z,0
2026-05-23T12:24:02.428Z,0
2026-05-23T13:19:02Z,0
2026-05-23T13:19:04.77Z,0
2026-05-23T14:08:20Z,0
2026-05-23T14:08:21Z,1
2026-05-23T14:08:21.446Z,0
2026-05-23T14:08:23.474Z,1
2026-05-23T14:09:51Z,0
2026-05-23T14:09:51.731Z,0
2026-05-23T14:59:32Z,1
2026-05-23T14:59:32.544Z,1
2026-05-23T14:59:49Z,0
2026-05-23T14:59:49.858Z,0
2026-05-23T15:18:09Z,0
2026-05-23T15:18:10.352Z,0
2026-05-23T16:05:13Z,0
2026-05-23T16:05:14Z,1
2026-05-23T16:05:15Z,1
2026-05-23T16:05:26.498Z,0
2026-05-23T16:05:27.006Z,0
2026-05-23T16:05:27.508Z,0
2026-05-23T16:05:28.284Z,0
2026-05-23T16:05:28.803Z,0
2026-05-23T16:05:29.311Z,0
2026-05-23T16:05:30.034Z,0
2026-05-23T16:05:30.634Z,0
2026-05-23T16:05:31.256Z,0
2026-05-23T16:05:31.863Z,0
2026-05-23T16:05:32.368Z,0
2026-05-23T16:05:32.864Z,0
2026-05-23T16:05:33.603Z,0
2026-05-23T16:05:34.282Z,0
2026-05-23T16:05:34.935Z,0
2026-05-23T16:05:35.564Z,0
2026-05-23T16:05:36.177Z,0
2026-05-23T16:05:36.72Z,0
2026-05-23T16:05:37.208Z,0
2026-05-23T16:05:41.194Z,1
2026-05-23T16:05:41.695Z,1
2026-05-23T16:05:42.095Z,1
2026-05-23T16:05:42.482Z,1
2026-05-23T16:05:43.142Z,1
2026-05-23T16:05:43.558Z,1
2026-05-23T16:05:44.055Z,1
2026-05-23T16:05:44.417Z,1
2026-05-23T16:05:44.909Z,1
2026-05-23T16:05:45.311Z,1
2026-05-23T16:05:45.726Z,1
2026-05-23T16:05:46.142Z,1
2026-05-23T16:05:46.662Z,1
2026-05-23T16:05:47.05Z,1
2026-05-23T16:05:47.435Z,1
2026-05-23T16:05:47.816Z,1
2026-05-23T16:05:48.281Z,1
2026-05-23T16:05:48.669Z,1
2026-05-23T16:05:49.048Z,1
2026-05-23T16:05:49.522Z,1
2026-05-23T16:06:44Z,0
2026-05-23T16:06:45Z,0
2026-05-23T16:06:45.548Z,0
2026-05-23T16:06:46.115Z,0
2026-05-23T16:06:46.548Z,0
2026-05-23T16:06:46.963Z,0
2026-05-23T16:06:47.461Z,0
2026-05-23T16:06:47.858Z,0
2026-05-23T16:06:48.262Z,0
2026-05-23T16:06:48.685Z,0
2026-05-23T16:06:49.111Z,0
2026-05-23T16:06:49.532Z,0
2026-05-23T16:06:50.033Z,0
2026-05-23T16:06:50.43Z,0
2026-05-23T16:06:50.845Z,0
2026-05-23T16:06:51.405Z,0
2026-05-23T16:06:51.793Z,0
2026-05-23T16:06:52.264Z,0
2026-05-23T16:06:52.647Z,0
2026-05-23T16:06:53.164Z,0
2026-05-23T16:06:53.66Z,0
2026-05-23T16:06:54.08Z,0
2026-05-23T16:20:21Z,0
2026-05-23T16:20:23.934Z,0
2026-05-23T17:38:49Z,0
2026-05-23T17:38:50Z,1
2026-05-23T17:38:51.178Z,0
2026-05-23T17:38:52.793Z,1
2026-05-23T17:40:20Z,0
2026-05-23T17:40:21.251Z,0
2026-05-24T10:01:29Z,0
2026-05-24T10:01:30.446Z,0
2026-05-24T14:18:39Z,0
2026-05-24T14:18:40Z,1
2026-05-24T14:18:41.845Z,0
2026-05-24T14:18:43.041Z,1
2026-05-24T14:20:10Z,0
2026-05-24T14:20:12.895Z,0
2026-05-24T14:55:46Z,0
2026-05-24T14:55:49.515Z,0
2026-05-24T16:19:06Z,0
2026-05-24T16:19:07Z,1
2026-05-24T16:19:08.07Z,0
2026-05-24T16:19:08.593Z,0
2026-05-24T16:19:09.086Z,0
2026-05-24T16:19:09.713Z,0
2026-05-24T16:19:10.234Z,0
2026-05-24T16:19:10.809Z,0
2026-05-24T16:19:11.339Z,0
2026-05-24T16:19:12.013Z,0
2026-05-24T16:19:12.595Z,0
2026-05-24T16:19:13.187Z,0
2026-05-24T16:19:13.828Z,0
2026-05-24T16:19:14.43Z,0
2026-05-24T16:19:14.963Z,0
2026-05-24T16:19:15.656Z,0
2026-05-24T16:19:16.168Z,0
2026-05-24T16:19:16.651Z,0
2026-05-24T16:19:17.228Z,0
2026-05-24T16:19:17.732Z,0
2026-05-24T16:19:18.426Z,0
2026-05-24T16:19:19.174Z,0
2026-05-24T16:19:21.038Z,0
2026-05-24T16:19:21.637Z,0
2026-05-24T16:19:22.271Z,0
2026-05-24T16:19:22.861Z,0
2026-05-24T16:19:23.422Z,0
2026-05-24T16:19:23.991Z,0
2026-05-24T16:19:24.557Z,0
2026-05-24T16:19:25.041Z,0
2026-05-24T16:19:25.626Z,0
2026-05-24T16:19:26.117Z,0
2026-05-24T16:19:27.253Z,1
2026-05-24T16:19:27.772Z,1
2026-05-24T16:19:28.159Z,1
2026-05-24T16:19:28.557Z,1
2026-05-24T16:19:28.943Z,1
2026-05-24T16:19:29.342Z,1
2026-05-24T16:19:29.881Z,1
2026-05-24T16:19:30.297Z,1
2026-05-24T16:19:30.719Z,1
2026-05-24T16:19:31.186Z,1
2026-05-24T16:19:32.157Z,1
2026-05-24T16:19:32.637Z,1
2026-05-24T16:19:33.009Z,1
2026-05-24T16:19:33.397Z,1
2026-05-24T16:19:33.865Z,1
2026-05-24T16:19:34.409Z,1
2026-05-24T16:19:34.821Z,1
2026-05-24T16:19:35.243Z,1
2026-05-24T16:19:35.634Z,1
2026-05-24T16:19:36.017Z,1
2026-05-24T16:19:36.493Z,1
2026-05-24T16:19:36.901Z,1
2026-05-24T16:19:37.299Z,1
2026-05-24T16:20:37Z,0
2026-05-24T16:20:37.673Z,0
2026-05-24T16:20:38.126Z,0
2026-05-24T16:20:38.514Z,0
2026-05-24T16:20:38.91Z,0
2026-05-24T16:20:39.393Z,0
2026-05-24T16:20:39.871Z,0
2026-05-24T16:20:40.308Z,0
2026-05-24T16:20:40.719Z,0
2026-05-24T16:20:41.124Z,0
2026-05-24T16:20:41.617Z,0
2026-05-24T16:20:42.123Z,0
2026-05-24T16:20:42.534Z,0
2026-05-24T16:20:42.965Z,0
2026-05-24T16:20:43.374Z,0
2026-05-24T16:20:43.901Z,0
2026-05-24T16:20:44.319Z,0
2026-05-24T16:20:44.789Z,0
2026-05-24T16:20:45.27Z,0
2026-05-24T16:20:45.651Z,0
2026-05-24T16:20:46.083Z,0
2026-05-24T16:20:46.476Z,0
2026-05-24T16:20:47.028Z,0
2026-05-24T16:20:47.434Z,0
2026-05-24T16:34:30Z,0
2026-05-24T16:34:33.085Z,0
2026-05-24T17:54:12Z,0
2026-05-24T17:54:13Z,1
2026-05-24T17:54:15.815Z,0
2026-05-24T17:54:16.618Z,1
2026-05-24T17:55:43Z,0
2026-05-24T17:55:43.967Z,0
2026-05-25T06:59:14Z,0
2026-05-25T06:59:15.519Z,0
2026-05-25T08:14:46Z,0
2026-05-25T08:14:47Z,1
2026-05-25T08:14:47.359Z,0
2026-05-25T08:14:48.434Z,1
2026-05-25T08:16:17Z,0
2026-05-25T08:16:19.339Z,0
2026-05-25T08:32:51Z,0
2026-05-25T08:32:53.799Z,0
2026-05-25T08:42:21Z,0
2026-05-25T08:42:22Z,1
2026-05-25T08:42:23.624Z,0
2026-05-25T08:42:23.781Z,1
2026-05-25T08:42:30Z,0
2026-05-25T08:42:31Z,1
2026-05-25T08:42:31.482Z,0
2026-05-25T08:42:32.554Z,1
2026-05-25T08:43:53Z,0
2026-05-25T08:43:55.593Z,0
2026-05-25T09:25:37Z,0
2026-05-25T09:25:38Z,1
2026-05-25T09:25:38.889Z,0
2026-05-25T09:25:39.767Z,1
2026-05-25T09:26:59Z,0
2026-05-25T09:27:01.46Z,0
2026-05-26T06:32:46Z,0
2026-05-26T06:32:48.543Z,0
2026-05-26T06:49:11Z,0
2026-05-26T06:49:12Z,1
2026-05-26T06:49:14.292Z,0
2026-05-26T06:49:15.689Z,1
2026-05-26T06:50:42Z,0
2026-05-26T06:50:43.036Z,0
2026-05-26T06:52:38Z,0
2026-05-26T06:52:39.302Z,0
2026-05-26T07:56:07Z,0
2026-05-26T07:56:08Z,1
2026-05-26T07:56:17.085Z,0
2026-05-26T07:56:17.808Z,0
2026-05-26T07:56:18.353Z,0
2026-05-26T07:56:19.013Z,0
2026-05-26T07:56:19.614Z,0
2026-05-26T07:56:20.302Z,0
2026-05-26T07:56:20.829Z,0
2026-05-26T07:56:21.356Z,0
2026-05-26T07:56:21.967Z,0
2026-05-26T07:56:22.458Z,0
2026-05-26T07:56:23.148Z,0
2026-05-26T07:56:23.751Z,0
2026-05-26T07:56:24.245Z,0
2026-05-26T07:56:24.747Z,0
2026-05-26T07:56:25.446Z,0
2026-05-26T07:56:25.982Z,0
2026-05-26T07:56:26.576Z,0
2026-05-26T07:56:27.226Z,0
2026-05-26T07:56:32.583Z,1
2026-05-26T07:56:33.081Z,1
2026-05-26T07:56:33.463Z,1
2026-05-26T07:56:33.849Z,1
2026-05-26T07:56:34.317Z,1
2026-05-26T07:56:34.83Z,1
2026-05-26T07:56:35.225Z,1
2026-05-26T07:56:35.705Z,1
2026-05-26T07:56:36.085Z,1
2026-05-26T07:56:36.564Z,1
2026-05-26T07:56:39.883Z,1
2026-05-26T07:57:38Z,0
2026-05-26T07:57:44.782Z,0
2026-05-26T07:57:44.938Z,0
2026-05-26T07:57:45.025Z,0
2026-05-26T07:57:45.107Z,0
2026-05-26T07:57:45.265Z,0
2026-05-26T07:57:45.831Z,0
2026-05-26T07:57:46.227Z,0
2026-05-26T07:57:46.629Z,0
2026-05-26T07:57:47.127Z,0
2026-05-26T07:57:47.636Z,0
2026-05-26T07:57:55.129Z,0
2026-05-26T08:39:38Z,0
2026-05-26T08:39:39.52Z,0
2026-05-26T09:00:00Z,0
2026-05-26T09:00:00.976Z,0
2026-05-26T09:00:01Z,1
2026-05-26T09:00:11.912Z,1
2026-05-26T09:01:31Z,0
2026-05-26T09:01:32.309Z,0
2026-05-26T10:32:05Z,1
2026-05-26T10:32:05.685Z,1
2026-05-26T10:32:15Z,0
2026-05-26T10:32:15.812Z,0
2026-05-26T11:20:33Z,0
2026-05-26T11:20:34Z,1
2026-05-26T11:20:34.444Z,0
2026-05-26T11:20:36.352Z,1
2026-05-26T11:21:53Z,0
2026-05-26T11:21:53.405Z,0
2026-05-26T11:35:33Z,0
2026-05-26T11:35:34.247Z,0
2026-05-26T11:46:47Z,0
2026-05-26T11:46:48Z,1
2026-05-26T11:46:50.088Z,0
2026-05-26T11:46:51.961Z,1
2026-05-26T11:48:18Z,0
2026-05-26T11:48:18.944Z,0
2026-05-26T17:15:03Z,0
2026-05-26T17:15:15.215Z,0
2026-05-26T17:23:41Z,0
2026-05-26T17:23:42Z,1
2026-05-26T17:23:43Z,0
2026-05-26T17:23:52.035Z,0
2026-05-26T17:23:52.536Z,0
2026-05-26T17:23:53.32Z,0
2026-05-26T17:23:53.941Z,0
2026-05-26T17:23:54.542Z,0
2026-05-26T17:23:55.042Z,0
2026-05-26T17:23:55.567Z,0
2026-05-26T17:23:56.315Z,0
2026-05-26T17:23:57.052Z,0
2026-05-26T17:23:57.647Z,0
2026-05-26T17:23:58.236Z,0
2026-05-26T17:23:58.836Z,0
2026-05-26T17:23:59.456Z,0
2026-05-26T17:23:59.953Z,0
2026-05-26T17:24:00.498Z,0
2026-05-26T17:24:01.317Z,0
2026-05-26T17:24:01.955Z,0
2026-05-26T17:24:02.443Z,0
2026-05-26T17:24:04.298Z,0
2026-05-26T17:24:04.972Z,0
2026-05-26T17:24:05.444Z,0
2026-05-26T17:24:09.314Z,1
2026-05-26T17:24:09.782Z,1
2026-05-26T17:24:10.174Z,1
2026-05-26T17:24:10.651Z,1
2026-05-26T17:24:11.251Z,1
2026-05-26T17:24:11.649Z,1
2026-05-26T17:24:12.128Z,1
2026-05-26T17:24:12.54Z,1
2026-05-26T17:24:13.028Z,1
2026-05-26T17:24:13.507Z,1
2026-05-26T17:24:13.979Z,1
2026-05-26T17:24:16.992Z,1
2026-05-26T17:24:18.163Z,0
2026-05-26T17:25:12Z,0
2026-05-26T17:25:13Z,0
2026-05-26T17:25:20.818Z,0
2026-05-26T17:25:20.92Z,0
2026-05-26T17:25:21.342Z,0
2026-05-26T17:25:21.771Z,0
2026-05-26T17:25:22.194Z,0
2026-05-26T17:25:22.676Z,0
2026-05-26T17:25:23.082Z,0
2026-05-26T17:25:23.617Z,0
2026-05-26T17:25:24.017Z,0
2026-05-26T17:25:24.558Z,0
2026-05-26T17:25:35.022Z,0
2026-05-26T17:39:46Z,0
2026-05-26T17:39:47.091Z,0
2026-05-26T17:58:01Z,0
2026-05-26T17:58:02Z,1
2026-05-26T17:58:03Z,1
2026-05-26T17:58:12.024Z,0
2026-05-26T17:58:12.505Z,0
2026-05-26T17:58:13.132Z,0
2026-05-26T17:58:13.852Z,0
2026-05-26T17:58:14.35Z,0
2026-05-26T17:58:14.872Z,0
2026-05-26T17:58:15.487Z,0
2026-05-26T17:58:16.258Z,0
2026-05-26T17:58:16.767Z,0
2026-05-26T17:58:17.264Z,0
2026-05-26T17:58:17.873Z,0
2026-05-26T17:58:18.669Z,0
2026-05-26T17:58:19.339Z,0
2026-05-26T17:58:19.86Z,0
2026-05-26T17:58:20.472Z,0
2026-05-26T17:58:21.183Z,0
2026-05-26T17:58:21.831Z,0
2026-05-26T17:58:22.437Z,0
2026-05-26T17:58:23.006Z,0
2026-05-26T17:58:24.66Z,0
2026-05-26T17:58:25.325Z,0
2026-05-26T17:58:25.978Z,0
2026-05-26T17:58:30.622Z,1
2026-05-26T17:58:31.161Z,1
2026-05-26T17:58:31.554Z,1
2026-05-26T17:58:32.025Z,1
2026-05-26T17:58:32.543Z,1
2026-05-26T17:58:32.914Z,1
2026-05-26T17:58:33.391Z,1
2026-05-26T17:58:33.923Z,1
2026-05-26T17:59:32Z,0
2026-05-26T17:59:33Z,0
2026-05-26T17:59:35.252Z,0
2026-05-26T17:59:35.646Z,0
2026-05-26T17:59:36.149Z,0
2026-05-26T17:59:36.714Z,0
2026-05-26T17:59:37.138Z,0
2026-05-26T17:59:37.651Z,0
2026-05-26T17:59:38.162Z,0
2026-05-26T17:59:38.732Z,0
2026-05-26T17:59:39.291Z,0
2026-05-26T17:59:39.692Z,0
2026-05-26T17:59:53.036Z,0
2026-05-26T18:14:33Z,0
2026-05-26T18:14:34Z,1
2026-05-26T18:14:35Z,0
2026-05-26T18:14:54.2Z,0
2026-05-26T18:15:07.927Z,1
2026-05-26T18:15:08.356Z,1
2026-05-26T18:15:08.892Z,1
2026-05-26T18:15:09.268Z,1
2026-05-26T18:15:09.75Z,1
2026-05-26T18:15:19.309Z,0
2026-05-26T18:15:19.818Z,0
2026-05-26T18:15:20.211Z,0
2026-05-26T18:15:20.594Z,0
2026-05-26T18:15:20.979Z,0
2026-05-26T19:10:45Z,1
2026-05-26T19:10:45.637Z,1
2026-05-26T19:13:29Z,0
2026-05-26T19:13:29.627Z,0
2026-05-27T07:08:04Z,0
2026-05-27T07:08:08.333Z,0
2026-05-27T08:30:00Z,0
2026-05-27T08:30:01Z,1
2026-05-27T08:30:11.49Z,0
2026-05-27T08:30:14.953Z,0
2026-05-27T08:30:15.543Z,0
2026-05-27T08:30:16.18Z,0
2026-05-27T08:30:16.697Z,0
2026-05-27T08:30:19.166Z,1
2026-05-27T08:31:31Z,0
2026-05-27T08:31:32.696Z,0
2026-05-28T06:33:48Z,0
2026-05-28T06:33:52.114Z,0
2026-05-28T08:30:00Z,0
2026-05-28T08:30:01Z,1
2026-05-28T08:30:16.757Z,0
2026-05-28T08:30:17.295Z,0
2026-05-28T08:30:17.787Z,0
2026-05-28T08:30:20.076Z,0
2026-05-28T08:30:22.258Z,0
2026-05-28T08:30:25.092Z,1
2026-05-28T08:31:31Z,0
2026-05-28T08:31:34.79Z,0
2026-05-29T06:36:57Z,0
2026-05-29T06:37:01.714Z,0
2026-05-29T08:30:00Z,0
2026-05-29T08:30:01Z,1
2026-05-29T08:30:06.49Z,0
2026-05-29T08:30:19.612Z,0
2026-05-29T08:30:20.081Z,0
2026-05-29T08:30:23.948Z,0
2026-05-29T08:30:25.65Z,0
2026-05-29T08:30:28.188Z,1
2026-05-29T08:31:31Z,0
2026-05-29T08:31:33.132Z,0
2026-05-29T12:16:03Z,0
2026-05-29T12:16:03.555Z,0
2026-05-29T12:32:32Z,0
2026-05-29T12:32:33Z,1
2026-05-29T12:32:34Z,1
2026-05-29T12:32:35.031Z,0
2026-05-29T12:32:35.171Z,0
2026-05-29T12:32:35.306Z,0
2026-05-29T12:32:35.543Z,0
2026-05-29T12:32:36.233Z,0
2026-05-29T12:32:36.976Z,0
2026-05-29T12:32:37.539Z,0
2026-05-29T12:32:38.053Z,0
2026-05-29T12:32:38.684Z,0
2026-05-29T12:32:39.358Z,0
2026-05-29T12:32:39.852Z,0
2026-05-29T12:32:40.378Z,0
2026-05-29T12:32:41.065Z,0
2026-05-29T12:32:41.696Z,0
2026-05-29T12:32:42.277Z,0
2026-05-29T12:32:42.838Z,0
2026-05-29T12:32:43Z,0
2026-05-29T12:32:43.425Z,0
2026-05-29T12:32:43.955Z,0
2026-05-29T12:32:44.525Z,0
2026-05-29T12:32:45.116Z,0
2026-05-29T12:32:45.653Z,0
2026-05-29T12:32:46.268Z,0
2026-05-29T12:32:46.854Z,0
2026-05-29T12:32:47.436Z,0
2026-05-29T12:32:48.12Z,0
2026-05-29T12:32:48.619Z,0
2026-05-29T12:32:49.196Z,0
2026-05-29T12:32:49.98Z,0
2026-05-29T12:32:50.553Z,0
2026-05-29T12:32:51.059Z,0
2026-05-29T12:32:51.793Z,0
2026-05-29T12:32:52.281Z,0
2026-05-29T12:32:52.76Z,0
2026-05-29T12:32:53.479Z,1
2026-05-29T12:32:53.98Z,1
2026-05-29T12:32:54.48Z,1
2026-05-29T12:32:55.018Z,1
2026-05-29T12:32:55.407Z,1
2026-05-29T12:32:55.885Z,1
2026-05-29T12:32:56.372Z,1
2026-05-29T12:32:56.893Z,1
2026-05-29T12:32:57.329Z,1
2026-05-29T12:32:57.714Z,1
2026-05-29T12:32:58.193Z,1
2026-05-29T12:32:58.574Z,1
2026-05-29T12:32:59.062Z,1
2026-05-29T12:32:59.44Z,1
2026-05-29T12:32:59.905Z,1
2026-05-29T12:33:00.372Z,1
2026-05-29T12:33:00.745Z,1
2026-05-29T12:33:01.132Z,1
2026-05-29T12:33:01.519Z,1
2026-05-29T12:33:01.913Z,1
2026-05-29T12:33:02.404Z,1
2026-05-29T12:33:02.792Z,1
2026-05-29T12:33:03Z,0
2026-05-29T12:33:03.267Z,1
2026-05-29T12:33:03.659Z,1
2026-05-29T12:33:04.139Z,1
2026-05-29T12:33:04.533Z,1
2026-05-29T12:33:05.045Z,1
2026-05-29T12:33:05.451Z,1
2026-05-29T12:33:05.958Z,1
2026-05-29T12:33:06.347Z,1
2026-05-29T12:33:06.845Z,1
2026-05-29T12:33:07.275Z,1
2026-05-29T12:33:07.659Z,1
2026-05-29T12:33:08.036Z,1
2026-05-29T12:33:13.127Z,0
2026-05-29T12:33:20.323Z,0
2026-05-29T12:34:03Z,0
2026-05-29T12:34:03.634Z,0
2026-05-29T12:34:04Z,0
2026-05-29T12:34:04.09Z,0
2026-05-29T12:34:05.347Z,0
2026-05-29T12:34:06.023Z,0
2026-05-29T12:34:06.662Z,0
2026-05-29T12:34:07.087Z,0
2026-05-29T12:34:07.594Z,0
2026-05-29T12:34:08.102Z,0
2026-05-29T12:34:08.52Z,0
2026-05-29T12:34:09.056Z,0
2026-05-29T12:34:09.554Z,0
2026-05-29T12:34:10.04Z,0
2026-05-29T12:34:10.432Z,0
2026-05-29T12:34:10.866Z,0
2026-05-29T12:34:11.271Z,0
2026-05-29T12:34:11.774Z,0
2026-05-29T12:34:12.175Z,0
2026-05-29T12:34:12.578Z,0
2026-05-29T12:34:12.954Z,0
2026-05-29T12:34:13.426Z,0
2026-05-29T12:34:14.178Z,0
2026-05-29T12:34:14.647Z,0
2026-05-29T12:34:15.109Z,0
2026-05-29T12:34:15.495Z,0
2026-05-29T12:34:16.364Z,0
2026-05-29T12:34:16.882Z,0
2026-05-29T12:34:17.268Z,0
2026-05-29T12:34:17.65Z,0
2026-05-29T12:34:18.214Z,0
2026-05-29T12:34:18.595Z,0
2026-05-29T12:34:18.964Z,0
2026-05-29T12:34:19.449Z,0
2026-05-29T12:34:19.914Z,0
2026-05-29T12:34:20.309Z,0
2026-05-29T12:34:20.69Z,0
2026-05-29T12:34:21.085Z,0
2026-05-29T12:59:59Z,0
2026-05-29T13:00:00Z,1
2026-05-29T13:00:00.063Z,0
2026-05-29T13:00:00.929Z,0
2026-05-29T13:00:01Z,0
2026-05-29T13:00:01.546Z,0
2026-05-29T13:00:02.113Z,0
2026-05-29T13:00:02.86Z,0
2026-05-29T13:00:03Z,0
2026-05-29T13:00:03.547Z,0
2026-05-29T13:00:04.18Z,0
2026-05-29T13:00:04.765Z,0
2026-05-29T13:00:05.907Z,0
2026-05-29T13:00:06.619Z,0
2026-05-29T13:00:07.162Z,0
2026-05-29T13:00:07.763Z,0
2026-05-29T13:00:08.511Z,0
2026-05-29T13:00:09.235Z,0
2026-05-29T13:00:09.975Z,0
2026-05-29T13:00:10.616Z,0
2026-05-29T13:00:11.13Z,0
2026-05-29T13:00:11.72Z,0
2026-05-29T13:00:12.202Z,0
2026-05-29T13:00:12.906Z,0
2026-05-29T13:00:13.497Z,0
2026-05-29T13:00:14.037Z,0
2026-05-29T13:00:14.517Z,0
2026-05-29T13:00:15.116Z,0
2026-05-29T13:00:15.63Z,0
2026-05-29T13:00:16.391Z,0
2026-05-29T13:00:16.869Z,0
2026-05-29T13:00:17.439Z,0
2026-05-29T13:00:18.094Z,0
2026-05-29T13:00:18.684Z,0
2026-05-29T13:00:19.328Z,0
2026-05-29T13:00:19.929Z,0
2026-05-29T13:00:20.559Z,0
2026-05-29T13:00:21.102Z,1
2026-05-29T13:00:21.652Z,1
2026-05-29T13:00:22.103Z,1
2026-05-29T13:00:22.521Z,1
2026-05-29T13:00:23.028Z,1
2026-05-29T13:00:23.519Z,1
2026-05-29T13:00:24.015Z,1
2026-05-29T13:00:24.554Z,1
2026-05-29T13:00:24.958Z,1
2026-05-29T13:00:25.409Z,1
2026-05-29T13:00:25.913Z,1
2026-05-29T13:00:35.984Z,1
2026-05-29T13:00:36.103Z,1
2026-05-29T13:00:36.211Z,1
2026-05-29T13:00:36.334Z,1
2026-05-29T13:00:36.417Z,1
2026-05-29T13:00:36.545Z,1
2026-05-29T13:00:36.711Z,1
2026-05-29T13:00:36.818Z,1
2026-05-29T13:00:36.893Z,1
2026-05-29T13:00:37.265Z,1
2026-05-29T13:00:37.733Z,1
2026-05-29T13:00:38.194Z,1
2026-05-29T13:00:38.569Z,1
2026-05-29T13:00:39.038Z,1
2026-05-29T13:00:39.424Z,1
2026-05-29T13:00:39.939Z,1
2026-05-29T13:00:40.347Z,1
2026-05-29T13:00:40.745Z,1
2026-05-29T13:00:41.149Z,1
2026-05-29T13:00:41.65Z,1
2026-05-29T13:00:42.122Z,1
2026-05-29T13:00:42.602Z,1
2026-05-29T13:00:43.052Z,1
2026-05-29T13:00:43.51Z,1
2026-05-29T13:00:43.928Z,0
2026-05-29T13:00:44.556Z,0
2026-05-29T13:00:45.058Z,0
2026-05-29T13:00:45.559Z,0
2026-05-29T13:00:46.036Z,0
2026-05-29T13:00:46.417Z,0
2026-05-29T13:00:46.816Z,0
2026-05-29T13:00:47.296Z,0
2026-05-29T13:00:47.677Z,0
2026-05-29T13:00:48.098Z,0
2026-05-29T13:00:48.61Z,0
2026-05-29T13:00:48.99Z,0
2026-05-29T13:00:49.468Z,0
2026-05-29T13:00:49.851Z,0
2026-05-29T13:00:50.251Z,0
2026-05-29T13:00:50.732Z,0
2026-05-29T13:00:51.122Z,0
2026-05-29T13:00:51.589Z,0
2026-05-29T13:00:51.981Z,0
2026-05-29T13:00:52.468Z,0
2026-05-29T13:00:52.968Z,0
2026-05-29T13:00:53.462Z,0
2026-05-29T13:00:53.999Z,0
2026-05-29T13:00:54.396Z,0
2026-05-29T13:00:54.783Z,0
2026-05-29T13:00:55.283Z,0
2026-05-29T13:00:55.676Z,0
2026-05-29T13:00:56.057Z,0
2026-05-29T13:00:56.536Z,0
2026-05-29T13:00:57.019Z,0
2026-05-29T13:00:57.491Z,0
2026-05-29T13:00:57.983Z,0
2026-05-29T13:00:58.415Z,0
2026-05-29T13:00:58.898Z,0
2026-05-29T13:00:59.307Z,0
2026-05-29T13:00:59.68Z,0
2026-05-29T13:01:00.067Z,0
2026-05-29T13:01:06.352Z,0
2026-05-29T13:25:02Z,1
2026-05-29T13:25:03Z,0
2026-05-29T13:25:04Z,0
2026-05-29T13:25:05Z,0
2026-05-29T13:25:11.318Z,0
2026-05-29T13:25:11.463Z,0
2026-05-29T13:25:11.596Z,0
2026-05-29T13:25:11.857Z,0
2026-05-29T13:25:12.363Z,0
2026-05-29T13:25:13.061Z,0
2026-05-29T13:25:13.569Z,0
2026-05-29T13:25:14.131Z,0
2026-05-29T13:25:14.708Z,0
2026-05-29T13:25:15.204Z,0
2026-05-29T13:25:15.876Z,0
2026-05-29T13:25:16.473Z,0
2026-05-29T13:25:17.083Z,0
2026-05-29T13:25:17.665Z,0
2026-05-29T13:25:18.152Z,0
2026-05-29T13:25:18.821Z,0
2026-05-29T13:25:19.903Z,0
2026-05-29T13:25:20.58Z,0
2026-05-29T13:25:21.642Z,0
2026-05-29T13:25:22.311Z,0
2026-05-29T13:25:23.399Z,0
2026-05-29T13:25:24.038Z,0
2026-05-29T13:25:24.792Z,0
2026-05-29T13:25:25.553Z,0
2026-05-29T13:25:27.149Z,0
2026-05-29T13:25:27.852Z,0
2026-05-29T13:25:28.462Z,0
2026-05-29T13:25:29.062Z,0
2026-05-29T13:25:29.559Z,0
2026-05-29T13:25:29.948Z,1
2026-05-29T13:25:30.427Z,1
2026-05-29T13:25:30.83Z,1
2026-05-29T13:25:31.402Z,1
2026-05-29T13:25:31.921Z,1
2026-05-29T13:25:32.349Z,1
2026-05-29T13:25:32.784Z,1
2026-05-29T13:25:33.242Z,1
2026-05-29T13:25:33.772Z,1
2026-05-29T13:25:34.171Z,1
2026-05-29T13:25:34.547Z,1
2026-05-29T13:25:34.927Z,1
2026-05-29T13:25:35.389Z,1
2026-05-29T13:25:35.766Z,1
2026-05-29T13:25:36.173Z,1
2026-05-29T13:25:36.584Z,1
2026-05-29T13:25:37.128Z,1
2026-05-29T13:25:37.56Z,1
2026-05-29T13:25:38.034Z,1
2026-05-29T13:25:38.505Z,1
2026-05-29T13:25:38.878Z,1
2026-05-29T13:25:39.256Z,1
2026-05-29T13:25:39.641Z,1
2026-05-29T13:25:40.106Z,1
2026-05-29T13:25:40.54Z,1
2026-05-29T13:25:41.038Z,1
2026-05-29T13:25:41.536Z,1
2026-05-29T13:25:42.025Z,1
2026-05-29T13:25:42.401Z,1
2026-05-29T13:25:42.872Z,1
2026-05-29T13:25:43.345Z,1
2026-05-29T13:25:43.821Z,1
2026-05-29T13:25:44.226Z,1
2026-05-29T13:25:44.708Z,1
2026-05-29T13:25:45.195Z,1
2026-05-29T13:25:45.67Z,0
2026-05-29T13:25:46.135Z,0
2026-05-29T13:25:46.679Z,0
2026-05-29T13:25:47.09Z,0
2026-05-29T13:25:47.47Z,0
2026-05-29T13:25:47.93Z,0
2026-05-29T13:25:48.331Z,0
2026-05-29T13:25:48.805Z,0
2026-05-29T13:25:49.272Z,0
2026-05-29T13:25:49.647Z,0
2026-05-29T13:25:50.114Z,0
2026-05-29T13:25:50.499Z,0
2026-05-29T13:25:51.017Z,0
2026-05-29T13:25:51.409Z,0
2026-05-29T13:25:51.899Z,0
2026-05-29T13:25:52.305Z,0
2026-05-29T13:25:52.678Z,0
2026-05-29T13:25:53.052Z,0
2026-05-29T13:25:53.421Z,0
2026-05-29T13:25:53.797Z,0
2026-05-29T13:25:54.3Z,0
2026-05-29T13:25:54.771Z,0
2026-05-29T13:25:55.153Z,0
2026-05-29T13:25:55.627Z,0
2026-05-29T13:25:56.153Z,0
2026-05-29T13:25:56.544Z,0
2026-05-29T13:25:56.922Z,0
2026-05-29T13:25:57.306Z,0
2026-05-29T13:25:57.875Z,0
2026-05-29T13:25:58.362Z,0
2026-05-29T13:25:59.35Z,0
2026-05-29T13:25:59.732Z,0
2026-05-29T13:26:00.152Z,0
2026-05-29T13:26:00.641Z,0
2026-05-29T13:26:01.024Z,0
2026-05-29T13:26:01.416Z,0
2026-05-29T13:26:01.935Z,0
2026-05-29T13:26:02.341Z,0
2026-05-29T13:50:39Z,0
2026-05-29T13:50:40Z,1
2026-05-29T13:50:40.204Z,0
2026-05-29T13:50:40.936Z,0
2026-05-29T13:50:41Z,0
2026-05-29T13:50:41.888Z,0
2026-05-29T13:50:42Z,0
2026-05-29T13:50:42.454Z,0
2026-05-29T13:50:42.972Z,0
2026-05-29T13:50:43.608Z,0
2026-05-29T13:50:44Z,0
2026-05-29T13:50:44.314Z,0
2026-05-29T13:50:44.925Z,0
2026-05-29T13:50:45.502Z,0
2026-05-29T13:50:46.064Z,0
2026-05-29T13:50:46.554Z,0
2026-05-29T13:50:47.213Z,0
2026-05-29T13:50:47.89Z,0
2026-05-29T13:50:48.437Z,0
2026-05-29T13:50:49.014Z,0
2026-05-29T13:50:49.686Z,0
2026-05-29T13:50:50.401Z,0
2026-05-29T13:50:50.987Z,0
2026-05-29T13:50:51.587Z,0
2026-05-29T13:50:52.135Z,0
2026-05-29T13:50:52.727Z,0
2026-05-29T13:50:53.532Z,0
2026-05-29T13:50:54.115Z,0
2026-05-29T13:50:54.595Z,0
2026-05-29T13:50:55.078Z,0
2026-05-29T13:50:55.652Z,0
2026-05-29T13:50:56.321Z,0
2026-05-29T13:50:57.012Z,0
2026-05-29T13:50:57.657Z,0
2026-05-29T13:50:58.236Z,0
2026-05-29T13:50:58.808Z,0
2026-05-29T13:50:59.378Z,0
2026-05-29T13:50:59.889Z,0
2026-05-29T13:51:00.382Z,1
2026-05-29T13:51:00.79Z,1
2026-05-29T13:51:01.397Z,1
2026-05-29T13:51:01.966Z,1
2026-05-29T13:51:02.49Z,1
2026-05-29T13:51:02.882Z,1
2026-05-29T13:51:03.28Z,1
2026-05-29T13:51:03.764Z,1
2026-05-29T13:51:04.199Z,1
2026-05-29T13:51:04.606Z,1
2026-05-29T13:51:04.999Z,1
2026-05-29T13:51:05.508Z,1
2026-05-29T13:51:05.921Z,1
2026-05-29T13:51:06.346Z,1
2026-05-29T13:51:06.89Z,1
2026-05-29T13:51:07.446Z,1
2026-05-29T13:51:07.952Z,1
2026-05-29T13:51:08.49Z,1
2026-05-29T13:51:08.91Z,1
2026-05-29T13:51:09.342Z,1
2026-05-29T13:51:09.894Z,1
2026-05-29T13:51:10.274Z,1
2026-05-29T13:51:10.655Z,1
2026-05-29T13:51:11.035Z,1
2026-05-29T13:51:11.508Z,1
2026-05-29T13:51:12.015Z,1
2026-05-29T13:51:12.41Z,1
2026-05-29T13:51:12.803Z,1
2026-05-29T13:51:13.203Z,1
2026-05-29T13:51:13.672Z,1
2026-05-29T13:51:14.11Z,1
2026-05-29T13:51:14.517Z,1
2026-05-29T13:51:14.984Z,1
2026-05-29T13:51:15.358Z,1
2026-05-29T13:51:15.733Z,1
2026-05-29T13:51:16.199Z,1
2026-05-29T13:51:18.682Z,0
2026-05-29T13:51:18.793Z,0
2026-05-29T13:51:18.873Z,0
2026-05-29T13:51:18.956Z,0
2026-05-29T13:51:19.074Z,0
2026-05-29T13:51:19.38Z,0
2026-05-29T13:51:19.846Z,0
2026-05-29T13:51:20.32Z,0
2026-05-29T13:51:20.786Z,0
2026-05-29T13:51:21.171Z,0
2026-05-29T13:51:21.634Z,0
2026-05-29T13:51:24.366Z,0
2026-05-29T13:51:24.758Z,0
2026-05-29T13:51:25.233Z,0
2026-05-29T13:51:25.76Z,0
2026-05-29T13:51:26.146Z,0
2026-05-29T13:51:26.604Z,0
2026-05-29T13:51:27.007Z,0
2026-05-29T13:51:27.384Z,0
2026-05-29T13:51:27.778Z,0
2026-05-29T13:51:28.253Z,0
2026-05-29T13:51:28.636Z,0
2026-05-29T13:51:29.057Z,0
2026-05-29T13:51:29.527Z,0
2026-05-29T13:51:29.987Z,0
2026-05-29T13:51:30.364Z,0
2026-05-29T13:51:30.824Z,0
2026-05-29T13:51:31.115Z,0
2026-05-29T13:51:31.578Z,0
2026-05-29T13:51:32.015Z,0
2026-05-29T13:51:32.504Z,0
2026-05-29T13:51:33.021Z,0
2026-05-29T13:51:33.409Z,0
2026-05-29T13:51:33.794Z,0
2026-05-29T13:51:34.178Z,0
2026-05-29T13:51:34.645Z,0
2026-05-29T13:51:35.114Z,0
2026-05-29T13:51:38.569Z,0
2026-05-29T13:57:05Z,0
2026-05-29T13:57:06Z,1
2026-05-29T13:57:08.725Z,0
2026-05-29T13:57:10.56Z,1
2026-05-29T13:58:36Z,0
2026-05-29T13:58:36.393Z,0
2026-05-30T06:37:51Z,0
2026-05-30T06:37:55.309Z,0
2026-05-30T06:40:53Z,0
2026-05-30T06:40:54Z,1
2026-05-30T06:41:01Z,0
2026-05-30T06:41:03.773Z,0
2026-05-30T06:41:04.415Z,0
2026-05-30T06:41:04.946Z,0
2026-05-30T06:41:05.459Z,0
2026-05-30T06:41:06.126Z,0
2026-05-30T06:41:06.654Z,0
2026-05-30T06:41:07.278Z,0
2026-05-30T06:41:07.774Z,0
2026-05-30T06:41:08.509Z,0
2026-05-30T06:41:09.087Z,0
2026-05-30T06:41:09.581Z,0
2026-05-30T06:41:10.23Z,0
2026-05-30T06:41:10.946Z,0
2026-05-30T06:41:11Z,0
2026-05-30T06:41:11.455Z,0
2026-05-30T06:41:12.177Z,0
2026-05-30T06:41:12.654Z,0
2026-05-30T06:41:13.129Z,0
2026-05-30T06:41:13.776Z,0
2026-05-30T06:41:16.566Z,0
2026-05-30T06:41:17.537Z,0
2026-05-30T06:41:18.211Z,0
2026-05-30T06:41:18.779Z,0
2026-05-30T06:41:19.265Z,0
2026-05-30T06:41:19.825Z,1
2026-05-30T06:41:25.749Z,1
2026-05-30T06:41:37.194Z,0
2026-05-30T06:41:44.094Z,0
2026-05-30T06:42:23Z,0
2026-05-30T06:42:24Z,0
2026-05-30T06:42:37.752Z,0
2026-05-30T06:42:38.289Z,0
2026-05-30T06:42:38.727Z,0
2026-05-30T06:42:39.137Z,0
2026-05-30T06:42:39.628Z,0
2026-05-30T06:42:40.105Z,0
2026-05-30T06:42:40.487Z,0
2026-05-30T06:42:40.968Z,0
2026-05-30T06:42:41.403Z,0
2026-05-30T06:42:41.94Z,0
2026-05-30T06:42:42.504Z,0
2026-05-30T06:42:58.935Z,0
2026-05-30T08:30:00Z,0
2026-05-30T08:30:01Z,1
2026-05-30T08:30:01.01Z,0
2026-05-30T08:30:10.255Z,0
2026-05-30T08:30:10.514Z,0
2026-05-30T08:30:11.48Z,0
2026-05-30T08:30:12.212Z,0
2026-05-30T08:30:14.115Z,1
2026-05-30T08:31:31Z,0
2026-05-30T08:31:31.427Z,0
2026-05-31T06:35:26Z,0
2026-05-31T06:35:29.45Z,0
2026-05-31T06:53:39Z,0
2026-05-31T06:53:40Z,1
2026-05-31T06:53:46Z,0
2026-05-31T06:53:49.711Z,0
2026-05-31T06:53:50.37Z,0
2026-05-31T06:53:50.948Z,0
2026-05-31T06:53:51.439Z,0
2026-05-31T06:53:52.135Z,0
2026-05-31T06:53:52.738Z,0
2026-05-31T06:53:53.33Z,0
2026-05-31T06:53:54.037Z,0
2026-05-31T06:53:54.633Z,0
2026-05-31T06:53:55.478Z,0
2026-05-31T06:53:56Z,0
2026-05-31T06:53:56.102Z,0
2026-05-31T06:53:56.701Z,0
2026-05-31T06:53:57.324Z,0
2026-05-31T06:53:57.821Z,0
2026-05-31T06:53:58.313Z,0
2026-05-31T06:53:58.876Z,0
2026-05-31T06:53:59.348Z,0
2026-05-31T06:54:00.008Z,0
2026-05-31T06:54:02.669Z,0
2026-05-31T06:54:06.498Z,1
2026-05-31T06:54:12.079Z,1
2026-05-31T06:54:17.986Z,0
2026-05-31T06:54:25.583Z,0
2026-05-31T06:55:09Z,0
2026-05-31T06:55:10Z,0
2026-05-31T06:55:49.423Z,0
2026-05-31T06:55:49.815Z,0
2026-05-31T06:55:50.207Z,0
2026-05-31T06:55:50.759Z,0
2026-05-31T06:55:51.155Z,0
2026-05-31T06:55:51.535Z,0
2026-05-31T06:55:51.909Z,0
2026-05-31T06:55:52.373Z,0
2026-05-31T06:55:52.848Z,0
2026-05-31T06:55:53.226Z,0
2026-05-31T06:55:53.596Z,0
2026-05-31T06:55:54.297Z,0
2026-05-31T06:55:54.686Z,0
2026-05-31T06:55:55.179Z,0
2026-05-31T06:55:55.557Z,0
2026-05-31T06:55:55.968Z,0
2026-05-31T06:55:56.432Z,0
2026-05-31T06:55:56.81Z,0
2026-05-31T06:55:57.241Z,0
2026-05-31T06:55:57.617Z,0
2026-05-31T06:55:58.091Z,0
2026-05-31T06:55:58.478Z,0
2026-05-31T06:55:58.883Z,0
2026-05-31T06:55:59.296Z,0
2026-05-31T06:55:59.868Z,0
2026-05-31T06:56:00.268Z,0
2026-05-31T06:56:00.649Z,0
2026-05-31T06:56:01.125Z,0
2026-05-31T06:56:01.502Z,0
2026-05-31T06:56:02.015Z,0
2026-05-31T06:56:02.405Z,0
2026-05-31T06:56:02.799Z,0
2026-05-31T06:56:03.284Z,0
2026-05-31T06:56:03.713Z,0
2026-05-31T06:56:04.11Z,0
2026-05-31T06:56:04.586Z,0
2026-05-31T06:56:05.097Z,0
2026-05-31T06:56:05.578Z,0
2026-05-31T08:30:00Z,0
2026-05-31T08:30:01Z,1
2026-05-31T08:30:01.134Z,0
2026-05-31T08:30:04.233Z,0
2026-05-31T08:30:04.716Z,0
2026-05-31T08:30:05.263Z,0
2026-05-31T08:30:05.96Z,0
2026-05-31T08:30:06.453Z,0
2026-05-31T08:30:17.47Z,1
2026-05-31T08:31:31Z,0
2026-05-31T08:31:31.384Z,0
2026-06-01T06:37:47Z,0
2026-06-01T06:37:49.968Z,0
2026-06-01T08:30:00Z,0
2026-06-01T08:30:01Z,1
2026-06-01T08:30:11.224Z,0
2026-06-01T08:30:12.745Z,0
2026-06-01T08:30:16.215Z,0
2026-06-01T08:30:17.371Z,0
2026-06-01T08:30:19.827Z,0
2026-06-01T08:30:22.108Z,0
2026-06-01T08:30:25.62Z,1
2026-06-01T08:31:31Z,0
2026-06-01T08:31:32.161Z,0
2026-06-01T08:42:02Z,1
2026-06-01T08:42:02.696Z,1
2026-06-01T08:43:38Z,0
2026-06-01T08:43:40.28Z,0
2026-06-01T08:54:54Z,0
2026-06-01T08:54:54.944Z,0
2026-06-01T09:47:03Z,0
2026-06-01T09:47:04Z,1
2026-06-01T09:47:04.195Z,0
2026-06-01T09:47:05.629Z,1
2026-06-01T09:48:34Z,0
2026-06-01T09:48:34.584Z,0
2026-06-01T09:49:15Z,1
2026-06-01T09:49:17.29Z,1
2026-06-01T09:49:38Z,0
2026-06-01T09:49:38.828Z,0
2026-06-01T11:23:20Z,0
2026-06-01T11:23:22.04Z,0
2026-06-01T11:57:49Z,0
2026-06-01T11:57:50Z,1
2026-06-01T11:57:52.12Z,0
2026-06-01T11:57:52.533Z,1
2026-06-01T11:59:20Z,0
2026-06-01T11:59:21.695Z,0
2026-06-01T12:35:24Z,0
2026-06-01T12:35:26.109Z,0
2026-06-01T13:10:40Z,0
2026-06-01T13:10:41Z,1
2026-06-01T13:10:41.752Z,0
2026-06-01T13:10:42.835Z,1
2026-06-01T13:12:11Z,0
2026-06-01T13:12:12.076Z,0
2026-06-01T13:38:14Z,0
2026-06-01T13:38:15.381Z,0
2026-06-01T15:33:29Z,0
2026-06-01T15:33:30Z,1
2026-06-01T15:33:31.548Z,0
2026-06-01T15:33:34.179Z,1
2026-06-01T15:35:00Z,0
2026-06-01T15:35:11.643Z,0
2026-06-02T05:49:49Z,0
2026-06-02T05:50:43Z,1
2026-06-02T05:52:30Z,0
2026-06-02T05:52:31Z,0
2026-06-02T06:01:54.043Z,0
2026-06-02T06:10:38.452Z,0
2026-06-02T06:11:08.601Z,1
2026-06-02T06:16:53Z,0
2026-06-02T06:43:18.628Z,0
2026-06-02T06:50:27.852Z,0
2026-06-02T07:06:07.23Z,0
2026-06-02T08:30:00Z,0
2026-06-02T08:30:01Z,1
2026-06-02T08:30:07.366Z,0
2026-06-02T08:30:19.768Z,1
2026-06-02T08:31:31Z,0
2026-06-02T08:31:32.785Z,0
2026-06-02T08:53:10Z,0
2026-06-02T08:53:12Z,0
2026-06-02T08:54:18.078Z,0
2026-06-02T09:33:17.135Z,0
2026-06-02T10:18:41Z,0
2026-06-02T10:18:44.073Z,0
2026-06-02T10:53:50Z,0
2026-06-02T10:53:51Z,0
2026-06-02T10:53:52.976Z,0
2026-06-02T10:53:53.06Z,1
2026-06-02T10:53:53.192Z,0
2026-06-02T10:54:01Z,0
2026-06-02T10:54:03.133Z,0
2026-06-02T10:54:36Z,0
2026-06-02T10:54:37Z,1
2026-06-02T10:54:37.735Z,0
2026-06-02T10:54:38.164Z,1
2026-06-02T10:55:11Z,0
2026-06-02T10:55:16.079Z,0
2026-06-02T10:57:32Z,1
2026-06-02T10:57:33.069Z,1
2026-06-02T11:01:22Z,0
2026-06-02T11:01:23.456Z,0
2026-06-02T11:04:51Z,0
2026-06-02T11:04:52.623Z,0
2026-06-02T11:05:59Z,0
2026-06-02T11:06:00Z,1
2026-06-02T11:06:01Z,0
2026-06-02T11:06:02Z,1
2026-06-02T11:06:02.666Z,0
2026-06-02T11:06:04.097Z,1
2026-06-02T11:06:05.154Z,0
2026-06-02T11:06:05.568Z,1
2026-06-02T11:06:10Z,0
2026-06-02T11:06:11Z,1
2026-06-02T11:06:11.846Z,0
2026-06-02T11:06:12.434Z,1
2026-06-02T11:07:09Z,0
2026-06-02T11:07:09.763Z,0
2026-06-02T13:05:12Z,1
2026-06-02T13:05:14.855Z,1
2026-06-02T13:05:27Z,0
2026-06-02T13:05:27.821Z,0
2026-06-03T06:22:51Z,0
2026-06-03T06:22:54.811Z,0
2026-06-03T08:30:00Z,0
2026-06-03T08:30:01Z,1
2026-06-03T08:30:05.544Z,0
2026-06-03T08:30:17.494Z,1
2026-06-03T08:31:21Z,0
2026-06-03T08:31:22Z,1
2026-06-03T08:31:23.132Z,0
2026-06-03T08:31:24.173Z,1
2026-06-03T08:31:33Z,0
2026-06-03T08:31:33.481Z,0
2026-06-03T08:31:37Z,0
2026-06-03T08:31:37.945Z,0
2026-06-03T08:31:59Z,0
2026-06-03T08:32:00Z,1
2026-06-03T08:32:04.315Z,0
2026-06-03T08:32:08.163Z,1
2026-06-03T08:32:21Z,0
2026-06-03T08:32:21.616Z,0
2026-06-03T10:28:20Z,0
2026-06-03T10:28:21.174Z,0
2026-06-03T10:44:37Z,0
2026-06-03T10:44:37.885Z,0
2026-06-03T10:44:38Z,1
2026-06-03T10:44:39.308Z,1
2026-06-03T10:46:08Z,0
2026-06-03T10:46:08.336Z,0
2026-06-04T07:56:16Z,0
2026-06-04T07:56:19.805Z,0
2026-06-04T08:30:00Z,0
2026-06-04T08:30:01Z,1
2026-06-04T08:30:01.684Z,0
2026-06-04T08:30:05.163Z,0
2026-06-04T08:30:18.208Z,0
2026-06-04T08:30:19.848Z,1
2026-06-04T08:31:31Z,0
2026-06-04T08:31:34.581Z,0
2026-06-04T09:14:31Z,0
2026-06-04T09:14:33.19Z,0
2026-06-04T17:53:40Z,0
2026-06-04T17:53:41Z,1
2026-06-04T17:53:41.521Z,0
2026-06-04T17:53:41.948Z,1
2026-06-04T17:55:11Z,0
2026-06-04T17:55:11.938Z,0
2026-06-05T05:11:55Z,0
2026-06-05T05:11:56.798Z,0
2026-06-05T06:30:00Z,0
2026-06-05T06:30:01Z,1
2026-06-05T06:30:12.507Z,0
2026-06-05T06:30:14.305Z,1
2026-06-05T06:31:31Z,0
2026-06-05T06:31:32.391Z,0
2026-06-05T07:46:22Z,0
2026-06-05T07:46:24.39Z,0
2026-06-05T08:30:00Z,0
2026-06-05T08:30:01Z,1
2026-06-05T08:30:06.269Z,0
2026-06-05T08:30:08.127Z,0
2026-06-05T08:30:21.836Z,0
2026-06-05T08:30:23.048Z,1
2026-06-05T08:31:31Z,0
2026-06-05T08:31:33.705Z,0
2026-06-05T09:02:00Z,0
2026-06-05T09:02:02.103Z,0
2026-06-05T16:55:43Z,0
2026-06-05T16:55:44Z,1
2026-06-05T16:55:47.367Z,0
2026-06-05T16:55:48.692Z,1
2026-06-05T16:57:14Z,0
2026-06-05T16:57:14.687Z,0
2026-06-05T17:29:20Z,0
2026-06-05T17:29:24.325Z,0
2026-06-05T17:44:16Z,0
2026-06-05T17:44:17Z,1
2026-06-05T17:44:20.4Z,0
2026-06-05T17:44:24.289Z,1
2026-06-05T17:45:47Z,0
2026-06-05T17:45:50.517Z,0
2026-06-06T04:00:00Z,0
2026-06-06T04:00:11.808Z,0
2026-06-06T06:30:00Z,0
2026-06-06T06:30:01Z,1
2026-06-06T06:30:04.518Z,0
2026-06-06T06:30:14.896Z,1
2026-06-06T06:31:31Z,0
2026-06-06T06:31:33.237Z,0
2026-06-06T07:18:45Z,0
2026-06-06T07:18:48.233Z,0
2026-06-06T08:30:00Z,0
2026-06-06T08:30:01Z,1
2026-06-06T08:30:04.709Z,0
2026-06-06T08:30:19.075Z,0
2026-06-06T08:30:19.426Z,0
2026-06-06T08:30:20.403Z,1
2026-06-06T08:31:31Z,0
2026-06-06T08:31:32.298Z,0
2026-06-06T08:39:41Z,0
2026-06-06T08:39:44.543Z,0
2026-06-06T12:16:03Z,0
2026-06-06T12:16:42.776Z,0
2026-06-06T12:17:33Z,0
2026-06-06T12:17:49.358Z,0
2026-06-06T13:21:02Z,0
2026-06-06T13:21:04.001Z,0
2026-06-06T13:26:02Z,0
2026-06-06T13:26:03Z,1
2026-06-06T13:26:04Z,0
2026-06-06T13:26:24.083Z,0
2026-06-06T13:26:38.858Z,1
2026-06-06T13:26:45.104Z,0
2026-06-06T13:27:31Z,0
2026-06-06T13:27:32.621Z,0
2026-06-06T13:41:02Z,0
2026-06-06T13:41:08.116Z,0
2026-06-06T18:05:36Z,0
2026-06-06T18:05:37Z,1
2026-06-06T18:05:39.154Z,0
2026-06-06T18:05:41.638Z,1
2026-06-06T18:07:07Z,0
2026-06-06T18:07:07.943Z,0
2026-06-07T04:00:00Z,0
2026-06-07T04:00:02.958Z,0
2026-06-07T06:30:00Z,0
2026-06-07T06:30:01Z,1
2026-06-07T06:30:02.952Z,0
2026-06-07T06:30:16.865Z,1
2026-06-07T06:31:31Z,0
2026-06-07T06:31:31.337Z,0
2026-06-07T07:38:53Z,0
2026-06-07T07:38:56.401Z,0
2026-06-07T08:30:00Z,0
2026-06-07T08:30:01Z,1
2026-06-07T08:30:12.239Z,0
2026-06-07T08:30:13.387Z,0
2026-06-07T08:30:14.424Z,0
2026-06-07T08:30:16.409Z,1
2026-06-07T08:31:31Z,0
2026-06-07T08:31:32.219Z,0
2026-06-07T08:47:22Z,0
2026-06-07T08:47:24.666Z,0
2026-06-07T09:23:15Z,1
2026-06-07T09:23:16.147Z,1
2026-06-07T09:23:23Z,0
2026-06-07T09:23:24.601Z,0
2026-06-07T09:23:33Z,0
2026-06-07T09:23:34.025Z,0
2026-06-07T09:23:44Z,1
2026-06-07T09:23:44.566Z,1
2026-06-07T09:25:15Z,0
2026-06-07T09:25:15.529Z,0
2026-06-07T09:25:22Z,0
2026-06-07T09:25:22.373Z,0
2026-06-07T17:53:43Z,1
2026-06-07T17:53:46.193Z,0
2026-06-07T17:53:47.932Z,1
2026-06-07T17:55:12Z,0
2026-06-07T17:55:15.501Z,0
2026-06-08T04:00:00Z,0
2026-06-08T04:00:12.058Z,0
2026-06-08T05:47:53Z,0
2026-06-08T05:47:54Z,1
2026-06-08T05:47:57.771Z,0
2026-06-08T05:48:01.034Z,1
2026-06-08T05:49:24Z,0
2026-06-08T05:49:27.128Z,0
2026-06-08T05:56:35Z,0
2026-06-08T05:56:40.8Z,0
2026-06-08T06:01:53Z,0
2026-06-08T06:01:54Z,1
2026-06-08T06:01:57.756Z,0
2026-06-08T06:02:02.697Z,1
2026-06-08T06:03:24Z,0
2026-06-08T06:03:25.16Z,0
2026-06-08T06:33:58Z,0
2026-06-08T06:34:02.318Z,0
2026-06-08T08:30:00Z,0
2026-06-08T08:30:01Z,1
2026-06-08T08:30:05.76Z,0
2026-06-08T08:30:07.267Z,0
2026-06-08T08:30:08.512Z,0
2026-06-08T08:30:21.457Z,1
2026-06-08T08:31:31Z,0
2026-06-08T08:31:32.207Z,0
2026-06-08T08:39:13Z,0
2026-06-08T08:39:15.163Z,0
2026-06-08T11:56:03Z,1
2026-06-08T11:56:38.253Z,1
2026-06-08T11:57:33Z,0
2026-06-08T11:57:48.807Z,0
2026-06-08T11:57:49.241Z,0
2026-06-08T12:11:23Z,1
2026-06-08T12:11:23.387Z,1
2026-06-08T12:15:50Z,0
2026-06-08T12:15:50.697Z,0
2026-06-08T12:51:02Z,1
2026-06-08T12:51:05.451Z,1
2026-06-08T12:51:05.612Z,1
2026-06-08T12:52:32Z,0
2026-06-08T12:52:33.892Z,0
2026-06-08T12:52:34.284Z,0
2026-06-08T17:16:02Z,1
2026-06-08T17:16:04.193Z,1
2026-06-08T17:17:32Z,0
2026-06-08T17:17:32.681Z,0
2026-06-08T19:00:01Z,1
2026-06-08T19:00:13.662Z,1
2026-06-08T19:01:31Z,0
2026-06-08T19:01:32.457Z,0
2026-06-09T06:30:01Z,1
2026-06-09T06:30:09.553Z,1
2026-06-09T06:31:31Z,0
2026-06-09T06:31:32.113Z,0
2026-06-09T07:52:36Z,1
2026-06-09T07:52:39.677Z,1
2026-06-09T07:54:06Z,0
2026-06-09T07:54:06.492Z,0
2026-06-09T08:30:01Z,1
2026-06-09T08:30:13.358Z,1
2026-06-09T08:31:31Z,0
2026-06-09T08:31:33.107Z,0
2026-06-09T18:37:19Z,1
2026-06-09T18:37:24.101Z,1
2026-06-09T18:38:49Z,0
2026-06-09T18:38:50.118Z,0
2026-06-10T07:01:50Z,1
2026-06-10T07:01:52.804Z,1
2026-06-10T07:03:20Z,0
2026-06-10T07:03:21.11Z,0
2026-06-10T08:30:01Z,1
2026-06-10T08:30:13.681Z,1
2026-06-10T08:31:31Z,0
2026-06-10T08:31:33.278Z,0
2026-06-10T18:04:51Z,1
2026-06-10T18:04:52.879Z,1
2026-06-10T18:06:21Z,0
2026-06-10T18:06:22.996Z,0
2026-06-11T06:18:03Z,1
2026-06-11T06:18:03.835Z,1
2026-06-11T06:19:33Z,0
2026-06-11T06:19:34.437Z,0
2026-06-11T06:27:08Z,1
2026-06-11T06:27:12.658Z,1
2026-06-11T06:28:38Z,0
2026-06-11T06:28:43.053Z,0
2026-06-11T07:21:44Z,1
2026-06-11T07:21:47.351Z,1
2026-06-11T07:23:14Z,0
2026-06-11T07:23:15.128Z,0
2026-06-11T08:30:01Z,1
2026-06-11T08:30:14.883Z,1
2026-06-11T08:31:31Z,0
2026-06-11T08:31:31.583Z,0
2026-06-11T12:13:34Z,1
2026-06-11T12:13:34.478Z,1
2026-06-11T12:15:17Z,0
2026-06-11T12:15:18.127Z,0
2026-06-11T18:08:07Z,1
2026-06-11T18:08:08.921Z,1
2026-06-11T18:09:37Z,0
2026-06-11T18:09:37.424Z,0
2026-06-12T06:09:45Z,1
2026-06-12T06:09:49.51Z,1
2026-06-12T06:11:15Z,0
2026-06-12T06:11:15.996Z,0
2026-06-12T08:30:01Z,1
2026-06-12T08:30:12.179Z,1
2026-06-12T08:31:31Z,0
2026-06-12T08:31:31.445Z,0
2026-06-12T18:01:56Z,1
2026-06-12T18:01:58.302Z,1
2026-06-12T18:03:26Z,0
2026-06-12T18:03:28.15Z,0
2026-06-13T03:04:14Z,1
2026-06-13T03:04:20.349Z,1
2026-06-13T03:05:44Z,0
2026-06-13T03:05:44.457Z,0
2026-06-13T03:38:53Z,1
2026-06-13T03:38:55.715Z,1
2026-06-13T03:40:23Z,0
2026-06-13T03:40:24.155Z,0
2026-06-13T08:30:01Z,1
2026-06-13T08:30:11.448Z,1
2026-06-13T08:31:31Z,0
2026-06-13T08:31:32.644Z,0
2026-06-13T14:24:27Z,1
2026-06-13T14:24:27.517Z,1
2026-06-13T14:25:57Z,0
2026-06-13T14:25:57.558Z,0
2026-06-13T14:26:02Z,1
2026-06-13T14:26:03.674Z,1
2026-06-13T14:27:32Z,0
2026-06-13T14:27:32.543Z,0
2026-06-13T19:00:01Z,1
2026-06-13T19:00:14.398Z,1
2026-06-13T19:01:31Z,0
2026-06-13T19:01:31.551Z,0
2026-06-14T08:30:01Z,1
2026-06-14T08:30:15.124Z,1
2026-06-14T08:31:25Z,0
2026-06-14T08:31:28.875Z,0
2026-06-14T10:36:02Z,1
2026-06-14T10:36:03.239Z,1
2026-06-14T10:36:03.612Z,1
2026-06-14T10:36:04.135Z,1
2026-06-14T10:36:07Z,0
2026-06-14T10:36:08.149Z,0
2026-06-14T10:37:32Z,0
2026-06-14T10:37:32.533Z,0
2026-06-14T10:37:32.947Z,0
2026-06-14T11:16:02Z,1
2026-06-14T11:16:05.222Z,1
2026-06-14T11:16:05.61Z,1
2026-06-14T11:17:26Z,0
2026-06-14T11:17:28.621Z,0
2026-06-14T11:17:32Z,0
2026-06-14T11:17:32.537Z,0
2026-06-14T19:00:01Z,1
2026-06-14T19:00:11.454Z,1
2026-06-14T19:01:31Z,0
2026-06-14T19:01:31.469Z,0
2026-06-15T05:30:11Z,1
2026-06-15T05:30:13.386Z,1
2026-06-15T05:31:41Z,0
2026-06-15T05:31:50.364Z,0
2026-06-15T07:22:46Z,1
2026-06-15T07:22:50.078Z,1
2026-06-15T07:24:16Z,0
2026-06-15T07:24:16.824Z,0
2026-06-15T08:30:01Z,1
2026-06-15T08:30:10Z,0
2026-06-15T08:30:14.053Z,1
2026-06-15T08:30:21.831Z,0
2026-06-15T09:22:39Z,1
2026-06-15T09:22:39.453Z,1
2026-06-15T09:24:09Z,0
2026-06-15T09:24:09.481Z,0
2026-06-15T09:38:19Z,1
2026-06-15T09:38:21.754Z,1
2026-06-15T09:40:27Z,0
2026-06-15T09:40:27.822Z,0
2026-06-15T09:51:02Z,1
2026-06-15T09:51:04.017Z,1
2026-06-15T09:51:04.568Z,1
2026-06-15T09:51:05.124Z,1
2026-06-15T09:51:05.522Z,1
2026-06-15T09:51:06.011Z,1
2026-06-15T09:52:32Z,0
2026-06-15T09:52:33.388Z,0
2026-06-15T09:52:33.758Z,0
2026-06-15T09:52:34.308Z,0
2026-06-15T09:52:34.749Z,0
2026-06-15T09:52:35.142Z,0
2026-06-15T09:52:35.538Z,0
2026-06-15T10:43:01Z,1
2026-06-15T10:43:06Z,0
2026-06-15T10:43:07Z,1
2026-06-15T10:43:09Z,0
2026-06-15T10:43:11.498Z,1
2026-06-15T10:43:15Z,0
2026-06-15T10:43:15.083Z,0
2026-06-15T10:43:15.165Z,1
2026-06-15T10:43:15.628Z,0
2026-06-15T11:56:02Z,1
2026-06-15T11:56:03.167Z,1
2026-06-15T11:56:03.445Z,1
2026-06-15T11:56:03.84Z,1
2026-06-15T11:56:28Z,0
2026-06-15T11:56:28.529Z,0
2026-06-15T11:57:06Z,0
2026-06-15T11:57:06.354Z,0
2026-06-15T11:57:32Z,0
2026-06-15T11:57:32.508Z,0
2026-06-15T11:57:32.949Z,0
2026-06-15T11:57:33.362Z,0
2026-06-15T12:15:22Z,1
2026-06-15T12:15:23.271Z,1
2026-06-15T12:17:45Z,0
2026-06-15T12:17:45.949Z,0
2026-06-15T12:21:02Z,1
2026-06-15T12:21:04.082Z,1
2026-06-15T12:22:32Z,0
2026-06-15T12:22:33.655Z,0
2026-06-15T13:16:02Z,1
2026-06-15T13:16:04.851Z,1
2026-06-15T13:17:32Z,0
2026-06-15T13:17:33.17Z,0
2026-06-15T19:00:01Z,1
2026-06-15T19:00:11.609Z,1
2026-06-15T19:01:31Z,0
2026-06-15T19:01:32.645Z,0
2026-06-16T07:58:19Z,1
2026-06-16T07:58:22.103Z,1
2026-06-16T07:59:05Z,0
2026-06-16T07:59:06Z,1
2026-06-16T07:59:08Z,0
2026-06-16T07:59:09Z,1
2026-06-16T07:59:12.136Z,0
2026-06-16T07:59:13.331Z,1
2026-06-16T07:59:15.723Z,0
2026-06-16T07:59:16.223Z,0
2026-06-16T07:59:17.948Z,1
2026-06-16T07:59:29Z,0
2026-06-16T07:59:30Z,1
2026-06-16T07:59:34.639Z,0
2026-06-16T07:59:34.788Z,0
2026-06-16T07:59:37.457Z,1
2026-06-16T07:59:53Z,0
2026-06-16T08:00:23.191Z,0
2026-06-16T08:30:01Z,1
2026-06-16T08:30:14.478Z,1
2026-06-16T08:31:31Z,0
2026-06-16T08:31:33.181Z,0
2026-06-16T10:10:45Z,1
2026-06-16T10:10:45.459Z,1
2026-06-16T10:12:15Z,0
2026-06-16T10:12:16.213Z,0
2026-06-16T10:13:54Z,1
2026-06-16T10:13:55.183Z,1
2026-06-16T10:15:52Z,0
2026-06-16T10:15:53.189Z,0
2026-06-16T11:04:28Z,1
2026-06-16T11:04:30.625Z,1
2026-06-16T11:04:50Z,0
2026-06-16T11:04:51Z,1
2026-06-16T11:04:51.157Z,0
2026-06-16T11:04:51.571Z,0
2026-06-16T11:04:52.071Z,1
2026-06-16T11:06:00Z,0
2026-06-16T11:06:00.552Z,0
2026-06-16T19:00:01Z,1
2026-06-16T19:00:12.774Z,1
2026-06-16T19:01:31Z,0
2026-06-16T19:01:31.37Z,0
2026-06-17T03:57:09Z,1
2026-06-17T03:57:12.617Z,1
2026-06-17T04:00:09Z,0
2026-06-17T04:00:15.123Z,0
2026-06-17T04:49:05Z,1
2026-06-17T04:49:06.253Z,1
2026-06-17T04:52:05Z,0
2026-06-17T04:52:06.007Z,0
2026-06-17T08:30:01Z,1
2026-06-17T08:30:12.989Z,1
2026-06-17T08:31:31Z,0
2026-06-17T08:31:33.961Z,0
2026-06-17T10:11:02Z,1
2026-06-17T10:11:02.959Z,1
2026-06-17T10:11:03.372Z,1
2026-06-17T10:11:03.835Z,1
2026-06-17T10:11:04.369Z,1
2026-06-17T10:11:04.878Z,1
2026-06-17T10:11:05.321Z,1
2026-06-17T10:12:32Z,0
2026-06-17T10:12:32.365Z,0
2026-06-17T10:12:32.786Z,0
2026-06-17T10:12:33.212Z,0
2026-06-17T10:12:33.719Z,0
2026-06-17T10:12:34.113Z,0
2026-06-17T10:12:34.504Z,0
2026-06-17T10:14:02Z,0
2026-06-17T10:14:02.544Z,0
2026-06-17T11:39:24Z,1
2026-06-17T11:39:24.715Z,1
2026-06-17T11:39:42Z,0
2026-06-17T11:39:42.452Z,0
2026-06-17T12:01:02Z,1
2026-06-17T12:01:05.287Z,1
2026-06-17T12:02:14Z,0
2026-06-17T12:02:14.952Z,0
2026-06-17T19:00:01Z,1
2026-06-17T19:00:14.406Z,1
2026-06-17T19:01:31Z,0
2026-06-17T19:01:31.505Z,0
2026-06-18T05:30:34Z,1
2026-06-18T05:30:39.459Z,1
2026-06-18T05:32:08Z,0
2026-06-18T05:32:10.303Z,0
2026-06-18T07:41:03Z,1
2026-06-18T07:41:04.106Z,1
2026-06-18T07:43:45Z,0
2026-06-18T07:43:47.502Z,0
2026-06-18T07:44:03Z,0
2026-06-18T07:44:07.099Z,0
2026-06-18T08:30:01Z,1
2026-06-18T08:30:10Z,0
2026-06-18T08:30:11Z,1
2026-06-18T08:30:14.17Z,1
2026-06-18T08:30:21.832Z,0
2026-06-18T08:30:22.108Z,1
2026-06-18T08:31:32Z,0
2026-06-18T08:31:32.616Z,0
2026-06-18T08:49:02Z,1
2026-06-18T08:49:03.074Z,1
2026-06-18T08:50:32Z,0
2026-06-18T08:50:33.244Z,0
2026-06-18T08:59:54Z,1
2026-06-18T08:59:54.739Z,1
2026-06-18T09:00:09Z,0
2026-06-18T09:00:16Z,0
2026-06-18T09:00:16.59Z,0
2026-06-18T09:00:17.865Z,0
2026-06-18T19:00:01Z,1
2026-06-18T19:00:11.818Z,1
2026-06-18T19:01:31Z,0
2026-06-18T19:01:31.591Z,0
2026-06-19T03:41:56Z,1
2026-06-19T03:41:59.522Z,1
2026-06-19T03:44:56Z,0
2026-06-19T03:44:57.335Z,0
2026-06-19T04:31:23Z,1
2026-06-19T04:31:26.228Z,1
2026-06-19T04:34:24Z,0
2026-06-19T04:34:24.967Z,0
2026-06-19T05:21:01Z,1
2026-06-19T05:21:09.623Z,1
2026-06-19T05:24:01Z,0
2026-06-19T05:24:03.446Z,0
2026-06-19T08:30:01Z,1
2026-06-19T08:30:10Z,0
2026-06-19T08:30:11Z,1
2026-06-19T08:30:12.609Z,1
2026-06-19T08:30:21.797Z,0
2026-06-19T08:30:23.521Z,1
2026-06-19T08:31:32Z,0
2026-06-19T08:31:34.449Z,0
2026-06-19T19:00:01Z,1
2026-06-19T19:00:13.455Z,1
2026-06-19T19:01:31Z,0
2026-06-19T19:01:31.455Z,0
2026-06-20T05:09:46Z,1
2026-06-20T05:09:48.29Z,1
2026-06-20T05:12:46Z,0
2026-06-20T05:12:47.348Z,0
2026-06-20T08:30:01Z,1
2026-06-20T08:30:10Z,0
2026-06-20T08:30:11Z,1
2026-06-20T08:30:15.208Z,1
2026-06-20T08:30:20.568Z,0
2026-06-20T08:30:22.613Z,1
2026-06-20T08:31:32Z,0
2026-06-20T08:31:33.091Z,0
2026-06-20T12:26:01Z,1
2026-06-20T12:26:02Z,1
2026-06-20T12:26:05.113Z,1
2026-06-20T12:26:05.235Z,1
2026-06-20T12:26:05.312Z,1
2026-06-20T12:26:05.42Z,1
2026-06-20T12:26:05.494Z,1
2026-06-20T12:26:05.733Z,1
2026-06-20T12:26:06.281Z,1
2026-06-20T12:26:06.753Z,1
2026-06-20T12:26:07.486Z,1
2026-06-20T12:26:07.933Z,1
2026-06-20T12:26:08.446Z,1
2026-06-20T12:26:08.853Z,1
2026-06-20T12:26:09.262Z,1
2026-06-20T12:26:09.753Z,1
2026-06-20T12:26:10.142Z,1
2026-06-20T12:26:10.632Z,1
2026-06-20T12:26:11.155Z,1
2026-06-20T12:26:11.554Z,1
2026-06-20T12:26:11.981Z,1
2026-06-20T12:26:12.497Z,1
2026-06-20T12:26:12.9Z,1
2026-06-20T12:26:13.387Z,1
2026-06-20T12:26:13.776Z,1
2026-06-20T12:27:31Z,0
2026-06-20T12:27:32Z,0
2026-06-20T12:27:32.322Z,0
2026-06-20T12:27:32.923Z,0
2026-06-20T12:27:33.378Z,0
2026-06-20T12:27:33.952Z,0
2026-06-20T12:27:34.383Z,0
2026-06-20T12:27:34.848Z,0
2026-06-20T12:27:35.383Z,0
2026-06-20T12:27:35.794Z,0
2026-06-20T12:27:36.219Z,0
2026-06-20T12:27:36.793Z,0
2026-06-20T12:27:37.231Z,0
2026-06-20T12:27:37.741Z,0
2026-06-20T12:27:38.206Z,0
2026-06-20T12:27:38.604Z,0
2026-06-20T12:27:38.999Z,0
2026-06-20T12:27:39.473Z,0
2026-06-20T12:27:39.89Z,0
2026-06-20T12:27:40.295Z,0
2026-06-20T12:27:40.774Z,0
2026-06-20T12:27:41.182Z,0
2026-06-20T12:27:41.673Z,0
2026-06-20T19:00:01Z,1
2026-06-20T19:00:14.224Z,1
2026-06-20T19:01:31Z,0
2026-06-20T19:01:32.558Z,0
2026-06-21T03:20:15Z,1
2026-06-21T03:20:19.018Z,1
2026-06-21T03:23:15Z,0
2026-06-21T03:23:16.338Z,0
2026-06-21T05:21:51Z,1
2026-06-21T05:21:52.193Z,1
2026-06-21T05:24:51Z,0
2026-06-21T05:24:52.202Z,0
2026-06-21T08:30:01Z,1
2026-06-21T08:30:10Z,0
2026-06-21T08:30:11Z,1
2026-06-21T08:30:15.851Z,1
2026-06-21T08:30:21.543Z,0
2026-06-21T08:30:23.8Z,1
2026-06-21T08:31:32Z,0
2026-06-21T08:31:44.355Z,0
2026-06-21T10:16:02Z,1
2026-06-21T10:16:15.144Z,1
2026-06-21T10:16:15.264Z,1
2026-06-21T10:16:15.429Z,1
2026-06-21T10:16:15.523Z,1
2026-06-21T10:16:15.597Z,1
2026-06-21T10:16:15.713Z,1
2026-06-21T10:16:15.81Z,1
2026-06-21T10:16:15.91Z,1
2026-06-21T10:16:15.987Z,1
2026-06-21T10:16:16.095Z,1
2026-06-21T10:16:16.176Z,1
2026-06-21T10:16:16.251Z,1
2026-06-21T10:16:16.347Z,1
2026-06-21T10:16:16.418Z,1
2026-06-21T10:16:16.535Z,1
2026-06-21T10:16:16.637Z,1
2026-06-21T10:16:16.767Z,1
2026-06-21T10:16:16.841Z,1
2026-06-21T10:16:16.936Z,1
2026-06-21T10:16:17.036Z,1
2026-06-21T10:16:17.109Z,1
2026-06-21T10:16:17.219Z,1
2026-06-21T10:16:17.328Z,1
2026-06-21T10:16:17.405Z,1
2026-06-21T10:16:17.481Z,1
2026-06-21T10:16:17.574Z,1
2026-06-21T10:16:17.65Z,1
2026-06-21T10:16:17.752Z,1
2026-06-21T10:17:32Z,0
2026-06-21T10:17:32.641Z,0
2026-06-21T10:17:33.088Z,0
2026-06-21T10:17:33.594Z,0
2026-06-21T10:17:34.283Z,0
2026-06-21T10:17:34.801Z,0
2026-06-21T10:17:35.22Z,0
2026-06-21T10:17:35.767Z,0
2026-06-21T10:17:36.172Z,0
2026-06-21T10:17:36.746Z,0
2026-06-21T10:17:37.269Z,0
2026-06-21T10:17:37.747Z,0
2026-06-21T10:17:38.152Z,0
2026-06-21T10:17:38.654Z,0
2026-06-21T10:17:39.177Z,0
2026-06-21T10:17:39.579Z,0
2026-06-21T10:17:39.975Z,0
2026-06-21T10:17:40.42Z,0
2026-06-21T10:17:41Z,0
2026-06-21T10:17:41.032Z,0
2026-06-21T10:17:41.461Z,0
2026-06-21T10:17:42.366Z,0
2026-06-21T10:17:42.448Z,0
2026-06-21T10:17:42.898Z,0
2026-06-21T10:17:43.405Z,0
2026-06-21T10:17:43.797Z,0
2026-06-21T10:17:44.202Z,0
2026-06-21T10:17:44.694Z,0
2026-06-21T10:17:45.087Z,0
2026-06-21T10:17:47.41Z,0
2026-06-21T11:21:02Z,1
2026-06-21T11:21:09.157Z,1
2026-06-21T11:21:09.374Z,1
2026-06-21T11:21:09.903Z,1
2026-06-21T11:21:10.455Z,1
2026-06-21T11:21:10.935Z,1
2026-06-21T11:21:11.373Z,1
2026-06-21T11:21:11.896Z,1
2026-06-21T11:21:12.297Z,1
2026-06-21T11:21:12.718Z,1
2026-06-21T11:21:13.151Z,1
2026-06-21T11:21:13.551Z,1
2026-06-21T11:21:13.958Z,1
2026-06-21T11:21:14.435Z,1
2026-06-21T11:21:14.843Z,1
2026-06-21T11:21:15.343Z,1
2026-06-21T11:21:15.731Z,1
2026-06-21T11:21:16.197Z,1
2026-06-21T11:21:16.757Z,1
2026-06-21T11:21:17.188Z,1
2026-06-21T11:21:19.862Z,1
2026-06-21T11:21:19.974Z,1
2026-06-21T11:21:20.06Z,1
2026-06-21T11:21:20.144Z,1
2026-06-21T11:21:20.226Z,1
2026-06-21T11:21:20.426Z,1
2026-06-21T11:21:20.872Z,1
2026-06-21T11:21:21.263Z,1
2026-06-21T11:21:21.666Z,1
2026-06-21T11:21:22.162Z,1
2026-06-21T11:21:22.554Z,1
2026-06-21T11:21:23.051Z,1
2026-06-21T11:21:23.541Z,1
2026-06-21T11:21:23.939Z,1
2026-06-21T11:21:24.428Z,1
2026-06-21T11:22:32Z,0
2026-06-21T11:22:32.417Z,0
2026-06-21T11:22:32.836Z,0
2026-06-21T11:22:33Z,0
2026-06-21T11:22:33.553Z,0
2026-06-21T11:22:34.109Z,0
2026-06-21T11:22:34.59Z,0
2026-06-21T11:22:35.007Z,0
2026-06-21T11:22:35.44Z,0
2026-06-21T11:22:36.019Z,0
2026-06-21T11:22:36.457Z,0
2026-06-21T11:22:36.995Z,0
2026-06-21T11:22:37.392Z,0
2026-06-21T11:22:37.785Z,0
2026-06-21T11:22:38.312Z,0
2026-06-21T11:22:38.86Z,0
2026-06-21T11:22:39.27Z,0
2026-06-21T11:22:39.674Z,0
2026-06-21T11:22:40.083Z,0
2026-06-21T11:22:40.483Z,0
2026-06-21T11:22:40.962Z,0
2026-06-21T11:22:41.399Z,0
2026-06-21T11:22:41.886Z,0
2026-06-21T11:22:42.309Z,0
2026-06-21T11:22:42.706Z,0
2026-06-21T11:22:43.201Z,0
2026-06-21T11:22:43.69Z,0
2026-06-21T11:22:44.213Z,0
2026-06-21T11:22:44.645Z,0
2026-06-21T11:22:45.066Z,0
2026-06-21T11:22:45.553Z,0
2026-06-21T11:22:45.975Z,0
2026-06-21T11:22:46.512Z,0
2026-06-21T11:22:46.907Z,0
2026-06-21T11:22:47.396Z,0
2026-06-21T11:22:47.886Z,0
2026-06-21T11:22:48.37Z,0
2026-06-21T11:24:02Z,0
2026-06-21T11:24:06.586Z,0
2026-06-21T12:11:01Z,1
2026-06-21T12:11:02Z,1
2026-06-21T12:11:03.595Z,1
2026-06-21T12:11:03.903Z,1
2026-06-21T12:11:04.113Z,1
2026-06-21T12:11:04.683Z,1
2026-06-21T12:11:05.239Z,1
2026-06-21T12:11:05.764Z,1
2026-06-21T12:11:06.178Z,1
2026-06-21T12:11:06.588Z,1
2026-06-21T12:11:07.104Z,1
2026-06-21T12:11:07.641Z,1
2026-06-21T12:11:08.065Z,1
2026-06-21T12:11:08.681Z,1
2026-06-21T12:11:09.194Z,1
2026-06-21T12:11:09.768Z,1
2026-06-21T12:11:10.3Z,1
2026-06-21T12:11:10.704Z,1
2026-06-21T12:11:11.112Z,1
2026-06-21T12:11:11.615Z,1
2026-06-21T12:11:12.104Z,1
2026-06-21T12:11:12.596Z,1
2026-06-21T12:11:12.995Z,1
2026-06-21T12:11:13.39Z,1
2026-06-21T12:11:13.877Z,1
2026-06-21T12:11:14.386Z,1
2026-06-21T12:11:14.891Z,1
2026-06-21T12:11:15.392Z,1
2026-06-21T12:11:15.876Z,1
2026-06-21T12:11:16.352Z,1
2026-06-21T12:11:16.741Z,1
2026-06-21T12:11:17.262Z,1
2026-06-21T12:11:17.663Z,1
2026-06-21T12:11:18.147Z,1
2026-06-21T12:11:18.669Z,1
2026-06-21T12:11:19.074Z,1
2026-06-21T12:12:31Z,0
2026-06-21T12:12:32Z,0
2026-06-21T12:12:32.35Z,0
2026-06-21T12:12:32.882Z,0
2026-06-21T12:12:33.523Z,0
2026-06-21T12:12:34.072Z,0
2026-06-21T12:12:34.591Z,0
2026-06-21T12:12:35.033Z,0
2026-06-21T12:12:35.439Z,0
2026-06-21T12:12:35.958Z,0
2026-06-21T12:12:36.371Z,0
2026-06-21T12:12:36.789Z,0
2026-06-21T12:12:37.292Z,0
2026-06-21T12:12:37.792Z,0
2026-06-21T12:12:38.223Z,0
2026-06-21T12:12:38.63Z,0
2026-06-21T12:12:39.047Z,0
2026-06-21T12:12:39.544Z,0
2026-06-21T12:12:39.987Z,0
2026-06-21T12:12:40.403Z,0
2026-06-21T12:12:41.152Z,0
2026-06-21T12:12:41.564Z,0
2026-06-21T12:12:42.081Z,0
2026-06-21T12:12:42.57Z,0
2026-06-21T12:12:42.984Z,0
2026-06-21T12:12:43.379Z,0
2026-06-21T12:12:43.81Z,0
2026-06-21T12:12:44.305Z,0
2026-06-21T12:12:44.704Z,0
2026-06-21T12:12:45.1Z,0
2026-06-21T12:12:45.58Z,0
2026-06-21T12:12:45.962Z,0
2026-06-21T12:12:46.36Z,0
2026-06-21T12:12:46.863Z,0
2026-06-21T12:12:47.267Z,0
2026-06-21T12:12:47.681Z,0
2026-06-21T12:12:48.185Z,0
2026-06-21T12:12:48.704Z,0
2026-06-21T12:12:49.105Z,0
2026-06-21T12:12:49.5Z,0
2026-06-21T12:14:01Z,0
2026-06-21T12:14:03.166Z,0
2026-06-21T19:00:01Z,1
2026-06-21T19:00:14.981Z,1
2026-06-21T19:01:31Z,0
2026-06-21T19:01:31.46Z,0
2026-06-22T08:30:01Z,1
2026-06-22T08:30:12.698Z,1
2026-06-22T08:31:31Z,0
2026-06-22T08:31:31.533Z,0
2026-06-22T08:39:52Z,0
2026-06-22T08:39:56.863Z,1
2026-06-22T08:39:57.692Z,0
2026-06-22T08:40:00Z,1
2026-06-22T08:40:01Z,0
2026-06-22T08:40:07.136Z,1
2026-06-22T08:40:21.366Z,0
2026-06-22T09:26:01Z,1
2026-06-22T09:26:02Z,1
2026-06-22T09:26:04.418Z,1
2026-06-22T09:26:04.814Z,1
2026-06-22T09:26:05.256Z,1
2026-06-22T09:26:05.681Z,1
2026-06-22T09:27:31Z,0
2026-06-22T09:27:32.455Z,0
2026-06-22T09:27:35Z,0
2026-06-22T09:27:36.423Z,0
2026-06-22T09:28:56Z,0
2026-06-22T09:28:56.781Z,0
2026-06-22T09:29:01Z,0
2026-06-22T09:29:02Z,0
2026-06-22T09:29:02.673Z,0
2026-06-22T09:29:03.078Z,0
2026-06-22T09:29:03.577Z,0
2026-06-22T11:31:01Z,1
2026-06-22T11:31:02.904Z,1
2026-06-22T11:31:03.184Z,1
2026-06-22T11:32:31Z,0
2026-06-22T11:32:32.168Z,0
2026-06-22T11:34:01Z,0
2026-06-22T11:34:02.902Z,0
2026-06-22T14:21:04Z,1
2026-06-22T14:21:04.848Z,1
2026-06-22T14:21:14Z,0
2026-06-22T14:21:14.675Z,0
2026-06-22T19:00:01Z,1
2026-06-22T19:00:13.465Z,1
2026-06-22T19:03:01Z,0
2026-06-22T19:03:04.859Z,0
2026-06-23T06:59:55Z,1
2026-06-23T06:59:56.293Z,1
2026-06-23T07:01:15Z,0
2026-06-23T07:01:17.581Z,0
2026-06-23T07:01:43Z,1
2026-06-23T07:01:44.236Z,1
2026-06-23T07:01:51Z,0
2026-06-23T07:01:51.9Z,0
2026-06-23T07:01:52Z,1
2026-06-23T07:01:52.351Z,0
2026-06-23T07:01:53.058Z,1
2026-06-23T07:02:01Z,0
2026-06-23T07:02:04.83Z,0
2026-06-23T07:02:24Z,1
2026-06-23T07:02:24.668Z,1
2026-06-23T07:02:48Z,0
2026-06-23T07:02:48.307Z,0
2026-06-23T07:03:48Z,0
2026-06-23T07:03:49.338Z,0
2026-06-23T08:13:11Z,1
2026-06-23T08:13:13.037Z,1
2026-06-23T08:13:43Z,0
2026-06-23T08:13:43.557Z,0
2026-06-23T08:30:01Z,1
2026-06-23T08:30:10Z,0
2026-06-23T08:30:11.33Z,1
2026-06-23T08:30:18.494Z,0
2026-06-23T09:26:02Z,1
2026-06-23T09:26:04.886Z,1
2026-06-23T09:26:05.421Z,1
2026-06-23T09:26:05.945Z,1
2026-06-23T09:26:06.357Z,1
2026-06-23T09:26:06.778Z,1
2026-06-23T09:26:07.169Z,1
2026-06-23T09:26:07.676Z,1
2026-06-23T09:26:08.193Z,1
2026-06-23T09:26:08.68Z,1
2026-06-23T09:26:09.227Z,1
2026-06-23T09:26:09.638Z,1
2026-06-23T09:26:10.143Z,1
2026-06-23T09:26:10.537Z,1
2026-06-23T09:28:31Z,0
2026-06-23T09:28:32.814Z,0
2026-06-23T09:28:53Z,0
2026-06-23T09:28:53.658Z,0
2026-06-23T09:29:02Z,0
2026-06-23T09:29:03.041Z,0
2026-06-23T09:29:03.281Z,0
2026-06-23T09:29:03.68Z,0
2026-06-23T09:29:04.197Z,0
2026-06-23T09:29:04.602Z,0
2026-06-23T09:29:05.107Z,0
2026-06-23T09:29:05.579Z,0
2026-06-23T09:29:06.028Z,0
2026-06-23T09:29:06.52Z,0
2026-06-23T09:29:07.015Z,0
2026-06-23T09:29:07.499Z,0
2026-06-23T09:29:07.897Z,0
2026-06-23T11:26:01Z,1
2026-06-23T11:26:05.455Z,1
2026-06-23T11:26:32Z,0
2026-06-23T11:26:33.281Z,0
2026-06-23T11:29:01Z,0
2026-06-23T11:29:04.884Z,0
2026-06-23T12:42:08Z,1
2026-06-23T12:42:09.207Z,1
2026-06-23T12:42:18Z,0
2026-06-23T12:42:18.62Z,0
2026-06-23T19:00:01Z,1
2026-06-23T19:00:11.388Z,1
2026-06-23T19:03:01Z,0
2026-06-23T19:03:02.949Z,0
2026-06-24T08:30:01Z,1
2026-06-24T08:30:10Z,0
2026-06-24T08:30:12.006Z,1
2026-06-24T08:30:20.52Z,0
2026-06-24T08:46:52Z,1
2026-06-24T08:46:52.56Z,1
2026-06-24T08:49:52Z,0
2026-06-24T08:49:52.652Z,0
2026-06-24T09:36:01Z,1
2026-06-24T09:36:02Z,1
2026-06-24T09:36:02.916Z,1
2026-06-24T09:36:03.343Z,1
2026-06-24T09:36:03.865Z,1
2026-06-24T09:36:04.289Z,1
2026-06-24T09:36:04.71Z,1
2026-06-24T09:36:05.114Z,1
2026-06-24T09:36:05.545Z,1
2026-06-24T09:36:05.965Z,1
2026-06-24T09:36:06.381Z,1
2026-06-24T09:36:06.901Z,1
2026-06-24T09:36:07.432Z,1
2026-06-24T09:36:07.947Z,1
2026-06-24T09:36:08.438Z,1
2026-06-24T09:36:08.904Z,1
2026-06-24T09:36:09.429Z,1
2026-06-24T09:36:09.828Z,1
2026-06-24T09:36:10.322Z,1
2026-06-24T09:36:10.718Z,1
2026-06-24T09:39:01Z,0
2026-06-24T09:39:02Z,0
2026-06-24T09:39:04.329Z,0
2026-06-24T09:39:04.403Z,0
2026-06-24T09:39:04.776Z,0
2026-06-24T09:39:05.262Z,0
2026-06-24T09:39:05.838Z,0
2026-06-24T09:39:06.267Z,0
2026-06-24T09:39:06.706Z,0
2026-06-24T09:39:07.118Z,0
2026-06-24T09:39:07.608Z,0
2026-06-24T09:39:08.014Z,0
2026-06-24T09:39:08.43Z,0
2026-06-24T09:39:08.925Z,0
2026-06-24T09:39:09.327Z,0
2026-06-24T09:39:09.864Z,0
2026-06-24T09:39:10.444Z,0
2026-06-24T09:39:10.828Z,0
2026-06-24T09:39:11.217Z,0
2026-06-24T09:39:11.769Z,0
2026-06-24T11:21:01Z,1
2026-06-24T11:21:04.664Z,1
2026-06-24T11:24:01Z,0
2026-06-24T11:24:02.667Z,0
2026-06-24T17:34:42Z,1
2026-06-24T17:34:43.067Z,1
2026-06-24T17:36:12Z,0
2026-06-24T17:36:13.137Z,0
2026-06-24T19:00:01Z,1
2026-06-24T19:00:07.269Z,1
2026-06-24T19:01:31Z,0
2026-06-24T19:01:33.069Z,0
2026-06-25T03:05:24Z,1
2026-06-25T03:05:27.861Z,1
2026-06-25T03:08:24Z,0
2026-06-25T03:08:25.768Z,0
2026-06-25T08:30:01Z,1
2026-06-25T08:30:13.868Z,1
2026-06-25T08:31:31Z,0
2026-06-25T08:31:31.446Z,0
2026-06-25T10:56:01Z,1
2026-06-25T10:56:02Z,1
2026-06-25T10:56:05.708Z,1
2026-06-25T10:56:05.935Z,1
2026-06-25T10:56:06.041Z,1
2026-06-25T10:56:06.174Z,1
2026-06-25T10:56:06.281Z,1
2026-06-25T10:56:06.762Z,1
2026-06-25T10:56:07.203Z,1
2026-06-25T10:56:07.646Z,1
2026-06-25T10:56:08.161Z,1
2026-06-25T10:56:08.75Z,1
2026-06-25T10:56:09.172Z,1
2026-06-25T10:56:09.575Z,1
2026-06-25T10:56:09.975Z,1
2026-06-25T10:56:10.468Z,1
2026-06-25T10:56:10.858Z,1
2026-06-25T10:56:11.34Z,1
2026-06-25T10:56:11.73Z,1
2026-06-25T10:56:12.13Z,1
2026-06-25T10:56:12.636Z,1
2026-06-25T10:56:13.064Z,1
2026-06-25T10:56:13.475Z,1
2026-06-25T10:56:14Z,1
2026-06-25T10:57:31Z,0
2026-06-25T10:57:32Z,0
2026-06-25T10:57:32.317Z,0
2026-06-25T10:57:32.74Z,0
2026-06-25T10:57:33.174Z,0
2026-06-25T10:57:33.589Z,0
2026-06-25T10:57:34.174Z,0
2026-06-25T10:57:34.628Z,0
2026-06-25T10:57:35.214Z,0
2026-06-25T10:57:35.624Z,0
2026-06-25T10:57:36.081Z,0
2026-06-25T10:57:36.525Z,0
2026-06-25T10:57:37.063Z,0
2026-06-25T10:57:37.473Z,0
2026-06-25T10:57:37.858Z,0
2026-06-25T10:57:38.34Z,0
2026-06-25T10:57:38.738Z,0
2026-06-25T10:57:39.126Z,0
2026-06-25T10:57:39.623Z,0
2026-06-25T10:57:40.063Z,0
2026-06-25T10:57:40.45Z,0
2026-06-25T10:57:40.925Z,0
2026-06-25T10:57:41.42Z,0
2026-06-25T10:59:02Z,0
2026-06-25T10:59:03.575Z,0
2026-06-25T11:16:02Z,1
2026-06-25T11:16:02.873Z,1
2026-06-25T11:16:03.35Z,1
2026-06-25T11:16:03.91Z,1
2026-06-25T11:16:04.383Z,1
2026-06-25T11:16:04.838Z,1
2026-06-25T11:16:05.303Z,1
2026-06-25T11:16:05.807Z,1
2026-06-25T11:16:06.207Z,1
2026-06-25T11:16:06.621Z,1
2026-06-25T11:16:07.127Z,1
2026-06-25T11:16:07.542Z,1
2026-06-25T11:16:07.96Z,1
2026-06-25T11:16:08.373Z,1
2026-06-25T11:16:08.943Z,1
2026-06-25T11:16:09.46Z,1
2026-06-25T11:16:09.964Z,1
2026-06-25T11:16:10.401Z,1
2026-06-25T11:16:10.808Z,1
2026-06-25T11:16:11.211Z,1
2026-06-25T11:16:11.704Z,1
2026-06-25T11:16:12.101Z,1
2026-06-25T11:16:12.504Z,1
2026-06-25T11:16:13.013Z,1
2026-06-25T11:17:32Z,0
2026-06-25T11:17:32.372Z,0
2026-06-25T11:17:32.976Z,0
2026-06-25T11:17:33.533Z,0
2026-06-25T11:17:34.032Z,0
2026-06-25T11:17:34.428Z,0
2026-06-25T11:17:34.935Z,0
2026-06-25T11:17:35.444Z,0
2026-06-25T11:17:35.941Z,0
2026-06-25T11:17:36.398Z,0
2026-06-25T11:17:36.855Z,0
2026-06-25T11:17:37.404Z,0
2026-06-25T11:17:37.951Z,0
2026-06-25T11:17:38.364Z,0
2026-06-25T11:17:38.776Z,0
2026-06-25T11:17:39.163Z,0
2026-06-25T11:17:39.659Z,0
2026-06-25T11:17:40.064Z,0
2026-06-25T11:17:40.561Z,0
2026-06-25T11:17:40.985Z,0
2026-06-25T11:17:41.411Z,0
2026-06-25T11:17:41.845Z,0
2026-06-25T11:17:42.258Z,0
2026-06-25T11:19:02Z,0
2026-06-25T11:19:05.655Z,0
2026-06-25T12:01:02Z,1
2026-06-25T12:01:03.107Z,1
2026-06-25T12:01:03.348Z,1
2026-06-25T12:01:03.867Z,1
2026-06-25T12:01:04.397Z,1
2026-06-25T12:01:04.903Z,1
2026-06-25T12:01:05.343Z,1
2026-06-25T12:01:05.757Z,1
2026-06-25T12:01:06.282Z,1
2026-06-25T12:01:06.835Z,1
2026-06-25T12:01:07.292Z,1
2026-06-25T12:01:07.743Z,1
2026-06-25T12:01:08.285Z,1
2026-06-25T12:01:08.811Z,1
2026-06-25T12:01:09.205Z,1
2026-06-25T12:01:09.706Z,1
2026-06-25T12:01:10.108Z,1
2026-06-25T12:01:10.524Z,1
2026-06-25T12:01:10.939Z,1
2026-06-25T12:01:11.418Z,1
2026-06-25T12:01:11.917Z,1
2026-06-25T12:01:12.424Z,1
2026-06-25T12:01:12.813Z,1
2026-06-25T12:01:13.3Z,1
2026-06-25T12:01:13.698Z,1
2026-06-25T12:02:32Z,0
2026-06-25T12:02:32.557Z,0
2026-06-25T12:02:32.889Z,0
2026-06-25T12:02:33.399Z,0
2026-06-25T12:02:33.817Z,0
2026-06-25T12:02:34.371Z,0
2026-06-25T12:02:34.907Z,0
2026-06-25T12:02:35.328Z,0
2026-06-25T12:02:35.828Z,0
2026-06-25T12:02:36.239Z,0
2026-06-25T12:02:36.76Z,0
2026-06-25T12:02:37.173Z,0
2026-06-25T12:02:37.705Z,0
2026-06-25T12:02:38.264Z,0
2026-06-25T12:02:38.806Z,0
2026-06-25T12:02:39.233Z,0
2026-06-25T12:02:39.642Z,0
2026-06-25T12:02:40.036Z,0
2026-06-25T12:02:40.546Z,0
2026-06-25T12:02:41.08Z,0
2026-06-25T12:02:41.48Z,0
2026-06-25T12:02:41.871Z,0
2026-06-25T12:02:42.361Z,0
2026-06-25T12:02:42.779Z,0
2026-06-25T12:02:43.187Z,0
2026-06-25T12:04:02Z,0
2026-06-25T12:04:04.761Z,0
2026-06-25T19:00:01Z,1
2026-06-25T19:00:13.077Z,1
2026-06-25T19:01:31Z,0
2026-06-25T19:01:32.583Z,0
2026-06-26T08:30:01Z,1
2026-06-26T08:30:10Z,0
2026-06-26T08:30:11Z,1
2026-06-26T08:30:12.122Z,1
2026-06-26T08:30:21.512Z,0
2026-06-26T08:30:24.424Z,1
2026-06-26T08:31:32Z,0
2026-06-26T08:31:33.148Z,0
2026-06-26T19:00:01Z,1
2026-06-26T19:00:14.433Z,1
2026-06-26T19:01:31Z,0
2026-06-26T19:01:31.607Z,0
2026-06-27T08:30:01Z,1
2026-06-27T08:30:08.92Z,1
2026-06-27T08:30:10Z,0
2026-06-27T08:30:11Z,1
2026-06-27T08:30:15.499Z,0
2026-06-27T08:30:21.193Z,1
2026-06-27T08:31:32Z,0
2026-06-27T08:31:32.936Z,0
2026-06-27T13:26:02Z,1
2026-06-27T13:26:02.812Z,1
2026-06-27T13:26:03.371Z,1
2026-06-27T13:26:03.892Z,1
2026-06-27T13:26:04.415Z,1
2026-06-27T13:26:04.858Z,1
2026-06-27T13:26:05.357Z,1
2026-06-27T13:26:05.863Z,1
2026-06-27T13:26:06.272Z,1
2026-06-27T13:26:06.809Z,1
2026-06-27T13:26:07.168Z,1
2026-06-27T13:26:07.689Z,1
2026-06-27T13:26:08.166Z,1
2026-06-27T13:26:08.734Z,1
2026-06-27T13:26:09.164Z,1
2026-06-27T13:26:09.693Z,1
2026-06-27T13:26:10.253Z,1
2026-06-27T13:26:10.642Z,1
2026-06-27T13:26:11.126Z,1
2026-06-27T13:26:11.61Z,1
2026-06-27T13:26:12.184Z,1
2026-06-27T13:26:12.681Z,1
2026-06-27T13:26:13.072Z,1
2026-06-27T13:26:13.552Z,1
2026-06-27T13:26:13.978Z,1
2026-06-27T13:26:14.459Z,1
2026-06-27T13:26:14.849Z,1
2026-06-27T13:26:15.355Z,1
2026-06-27T13:26:15.753Z,1
2026-06-27T13:26:16.173Z,1
2026-06-27T13:26:16.561Z,1
2026-06-27T13:27:32Z,0
2026-06-27T13:27:32.413Z,0
2026-06-27T13:27:32.835Z,0
2026-06-27T13:27:33.361Z,0
2026-06-27T13:27:33.764Z,0
2026-06-27T13:27:34.264Z,0
2026-06-27T13:27:34.755Z,0
2026-06-27T13:27:35.326Z,0
2026-06-27T13:27:35.83Z,0
2026-06-27T13:27:36.293Z,0
2026-06-27T13:27:36.865Z,0
2026-06-27T13:27:37.266Z,0
2026-06-27T13:27:37.762Z,0
2026-06-27T13:27:38.253Z,0
2026-06-27T13:27:38.721Z,0
2026-06-27T13:27:39.118Z,0
2026-06-27T13:27:39.504Z,0
2026-06-27T13:27:39.893Z,0
2026-06-27T13:27:40.281Z,0
2026-06-27T13:27:40.761Z,0
2026-06-27T13:27:41Z,0
2026-06-27T13:27:41.245Z,0
2026-06-27T13:27:41.643Z,0
2026-06-27T13:27:42.088Z,0
2026-06-27T13:27:42.475Z,0
2026-06-27T13:27:42.95Z,0
2026-06-27T13:27:43.343Z,0
2026-06-27T13:27:43.732Z,0
2026-06-27T13:27:44.23Z,0
2026-06-27T13:27:44.723Z,0
2026-06-27T13:27:45.28Z,0
2026-06-27T13:27:47.404Z,0
2026-06-27T13:28:53Z,0
2026-06-27T13:28:53.32Z,0
2026-06-27T14:16:02Z,1
2026-06-27T14:16:03.532Z,1
2026-06-27T14:16:03.776Z,1
2026-06-27T14:16:04.447Z,1
2026-06-27T14:16:04.966Z,1
2026-06-27T14:16:05.372Z,1
2026-06-27T14:16:05.771Z,1
2026-06-27T14:16:06.269Z,1
2026-06-27T14:16:06.765Z,1
2026-06-27T14:16:07.195Z,1
2026-06-27T14:16:07.777Z,1
2026-06-27T14:16:08.201Z,1
2026-06-27T14:16:08.618Z,1
2026-06-27T14:16:09.182Z,1
2026-06-27T14:16:09.71Z,1
2026-06-27T14:16:10.15Z,1
2026-06-27T14:16:10.558Z,1
2026-06-27T14:16:11.043Z,1
2026-06-27T14:16:11.453Z,1
2026-06-27T14:16:11.949Z,1
2026-06-27T14:16:12.45Z,1
2026-06-27T14:16:12.956Z,1
2026-06-27T14:16:13.342Z,1
2026-06-27T14:16:13.867Z,1
2026-06-27T14:16:14.324Z,1
2026-06-27T14:16:14.933Z,1
2026-06-27T14:16:15.459Z,1
2026-06-27T14:16:15.868Z,1
2026-06-27T14:16:16.435Z,1
2026-06-27T14:16:16.842Z,1
2026-06-27T14:16:17.335Z,1
2026-06-27T14:17:32Z,0
2026-06-27T14:17:32.424Z,0
2026-06-27T14:17:33.091Z,0
2026-06-27T14:17:33.744Z,0
2026-06-27T14:17:34.185Z,0
2026-06-27T14:17:34.668Z,0
2026-06-27T14:17:35.228Z,0
2026-06-27T14:17:35.681Z,0
2026-06-27T14:17:36.096Z,0
2026-06-27T14:17:36.612Z,0
2026-06-27T14:17:37.117Z,0
2026-06-27T14:17:37.771Z,0
2026-06-27T14:17:38.209Z,0
2026-06-27T14:17:38.612Z,0
2026-06-27T14:17:39.016Z,0
2026-06-27T14:17:39.428Z,0
2026-06-27T14:17:39.978Z,0
2026-06-27T14:17:40.376Z,0
2026-06-27T14:17:41.135Z,0
2026-06-27T14:17:41.622Z,0
2026-06-27T14:17:42.01Z,0
2026-06-27T14:17:42.797Z,0
2026-06-27T14:17:43.279Z,0
2026-06-27T14:17:43.692Z,0
2026-06-27T14:17:44.221Z,0
2026-06-27T14:17:44.723Z,0
2026-06-27T14:17:45.12Z,0
2026-06-27T14:17:45.511Z,0
2026-06-27T14:17:46.034Z,0
2026-06-27T14:17:46.506Z,0
2026-06-27T14:19:02Z,0
2026-06-27T14:19:03.35Z,0
2026-06-27T14:42:30Z,1
2026-06-27T14:42:34.804Z,1
2026-06-27T14:42:46Z,0
2026-06-27T14:42:46.393Z,0
2026-06-27T15:31:02Z,1
2026-06-27T15:31:03.207Z,1
2026-06-27T15:32:15Z,0
2026-06-27T15:32:17.462Z,0
2026-06-27T19:00:01Z,1
2026-06-27T19:00:12.954Z,1
2026-06-27T19:01:31Z,0
2026-06-27T19:01:32.42Z,0
2026-06-28T08:30:01Z,1
2026-06-28T08:30:12.832Z,1
2026-06-28T08:31:31Z,0
2026-06-28T08:31:31.734Z,0
2026-06-28T13:56:01Z,1
2026-06-28T13:56:02Z,1
2026-06-28T13:56:03.54Z,1
2026-06-28T13:56:03.797Z,1
2026-06-28T13:56:04.365Z,1
2026-06-28T13:56:04.819Z,1
2026-06-28T13:56:05.264Z,1
2026-06-28T13:56:05.705Z,1
2026-06-28T13:56:06.243Z,1
2026-06-28T13:56:06.82Z,1
2026-06-28T13:56:07.345Z,1
2026-06-28T13:56:07.77Z,1
2026-06-28T13:56:08.206Z,1
2026-06-28T13:56:08.741Z,1
2026-06-28T13:56:09.172Z,1
2026-06-28T13:56:09.704Z,1
2026-06-28T13:56:10.148Z,1
2026-06-28T13:56:10.661Z,1
2026-06-28T13:56:11.096Z,1
2026-06-28T13:56:11.656Z,1
2026-06-28T13:56:12.085Z,1
2026-06-28T13:56:12.479Z,1
2026-06-28T13:56:12.965Z,1
2026-06-28T13:56:13.359Z,1
2026-06-28T13:56:13.749Z,1
2026-06-28T13:56:14.143Z,1
2026-06-28T13:56:14.545Z,1
2026-06-28T13:56:15.098Z,1
2026-06-28T13:56:15.507Z,1
2026-06-28T13:56:15.911Z,1
2026-06-28T13:56:16.42Z,1
2026-06-28T13:56:16.95Z,1
2026-06-28T13:56:17.513Z,1
2026-06-28T13:56:17.922Z,1
2026-06-28T13:56:18.398Z,1
2026-06-28T13:56:18.796Z,1
2026-06-28T13:57:31Z,0
2026-06-28T13:57:32Z,0
2026-06-28T13:57:32.393Z,0
2026-06-28T13:57:32.843Z,0
2026-06-28T13:57:33.273Z,0
2026-06-28T13:57:33.813Z,0
2026-06-28T13:57:34.228Z,0
2026-06-28T13:57:34.641Z,0
2026-06-28T13:57:35.052Z,0
2026-06-28T13:57:35.556Z,0
2026-06-28T13:57:35.977Z,0
2026-06-28T13:57:36.389Z,0
2026-06-28T13:57:36.905Z,0
2026-06-28T13:57:37.318Z,0
2026-06-28T13:57:37.746Z,0
2026-06-28T13:57:38.261Z,0
2026-06-28T13:57:38.695Z,0
2026-06-28T13:57:39.219Z,0
2026-06-28T13:57:39.648Z,0
2026-06-28T13:57:40.063Z,0
2026-06-28T13:57:40.565Z,0
2026-06-28T13:57:41.141Z,0
2026-06-28T13:57:41.64Z,0
2026-06-28T13:57:42.043Z,0
2026-06-28T13:57:42.427Z,0
2026-06-28T13:57:42.903Z,0
2026-06-28T13:57:43.303Z,0
2026-06-28T13:57:43.719Z,0
2026-06-28T13:57:44.225Z,0
2026-06-28T13:57:44.626Z,0
2026-06-28T13:57:45.018Z,0
2026-06-28T13:57:45.51Z,0
2026-06-28T13:57:46.016Z,0
2026-06-28T13:57:46.573Z,0
2026-06-28T13:57:47.074Z,0
2026-06-28T14:51:02Z,1
2026-06-28T14:51:03.511Z,1
2026-06-28T14:51:03.841Z,1
2026-06-28T14:51:04.395Z,1
2026-06-28T14:51:04.908Z,1
2026-06-28T14:51:05.375Z,1
2026-06-28T14:51:05.878Z,1
2026-06-28T14:51:06.293Z,1
2026-06-28T14:51:06.876Z,1
2026-06-28T14:51:07.318Z,1
2026-06-28T14:51:07.73Z,1
2026-06-28T14:51:08.153Z,1
2026-06-28T14:51:08.625Z,1
2026-06-28T14:51:09.184Z,1
2026-06-28T14:51:09.607Z,1
2026-06-28T14:51:10.238Z,1
2026-06-28T14:51:10.671Z,1
2026-06-28T14:51:11.193Z,1
2026-06-28T14:51:11.585Z,1
2026-06-28T14:51:12.104Z,1
2026-06-28T14:51:12.507Z,1
2026-06-28T14:51:12.992Z,1
2026-06-28T14:51:13.47Z,1
2026-06-28T14:51:13.882Z,1
2026-06-28T14:51:14.372Z,1
2026-06-28T14:51:14.768Z,1
2026-06-28T14:51:15.16Z,1
2026-06-28T14:51:15.641Z,1
2026-06-28T14:51:16.113Z,1
2026-06-28T14:51:16.592Z,1
2026-06-28T14:51:17.007Z,1
2026-06-28T14:51:17.393Z,1
2026-06-28T14:51:17.879Z,1
2026-06-28T14:51:18.329Z,1
2026-06-28T14:52:32Z,0
2026-06-28T14:52:32.652Z,0
2026-06-28T14:52:33Z,0
2026-06-28T14:52:33.075Z,0
2026-06-28T14:52:33.51Z,0
2026-06-28T14:52:34.071Z,0
2026-06-28T14:52:34.491Z,0
2026-06-28T14:52:35.023Z,0
2026-06-28T14:52:35.46Z,0
2026-06-28T14:52:35.987Z,0
2026-06-28T14:52:36.415Z,0
2026-06-28T14:52:36.843Z,0
2026-06-28T14:52:37.276Z,0
2026-06-28T14:52:37.823Z,0
2026-06-28T14:52:38.279Z,0
2026-06-28T14:52:38.702Z,0
2026-06-28T14:52:39.162Z,0
2026-06-28T14:52:39.665Z,0
2026-06-28T14:52:40.073Z,0
2026-06-28T14:52:40.476Z,0
2026-06-28T14:52:40.99Z,0
2026-06-28T14:52:41.407Z,0
2026-06-28T14:52:41.906Z,0
2026-06-28T14:52:42.441Z,0
2026-06-28T14:52:42.992Z,0
2026-06-28T14:52:43.395Z,0
2026-06-28T14:52:43.905Z,0
2026-06-28T14:52:44.434Z,0
2026-06-28T14:52:44.845Z,0
2026-06-28T14:52:45.243Z,0
2026-06-28T14:52:45.639Z,0
2026-06-28T14:52:46.126Z,0
2026-06-28T14:52:46.521Z,0
2026-06-28T14:52:46.917Z,0
2026-06-28T14:52:47.412Z,0
2026-06-28T14:52:47.835Z,0
2026-06-28T14:52:48.246Z,0
2026-06-28T14:54:02Z,0
2026-06-28T14:54:03.234Z,0
2026-06-28T19:00:01Z,1
2026-06-28T19:00:12.613Z,1
2026-06-28T19:01:31Z,0
2026-06-28T19:01:32.785Z,0
2026-06-29T08:30:01Z,1
2026-06-29T08:30:11.876Z,1
2026-06-29T08:31:31Z,0
2026-06-29T08:31:32.705Z,0
2026-06-29T11:26:02Z,1
2026-06-29T11:26:03.213Z,1
2026-06-29T11:26:03.675Z,1
2026-06-29T11:26:04.112Z,1
2026-06-29T11:26:04.544Z,1
2026-06-29T11:26:05.056Z,1
2026-06-29T11:26:05.468Z,1
2026-06-29T11:26:05.989Z,1
2026-06-29T11:26:06.396Z,1
2026-06-29T11:26:06.828Z,1
2026-06-29T11:26:07.232Z,1
2026-06-29T11:26:07.729Z,1
2026-06-29T11:26:08.34Z,1
2026-06-29T11:26:08.761Z,1
2026-06-29T11:26:09.227Z,1
2026-06-29T11:26:09.738Z,1
2026-06-29T11:26:10.405Z,1
2026-06-29T11:26:10.825Z,1
2026-06-29T11:26:11.344Z,1
2026-06-29T11:26:11.885Z,1
2026-06-29T11:26:12.495Z,1
2026-06-29T11:26:12.877Z,1
2026-06-29T11:26:13.399Z,1
2026-06-29T11:26:13.882Z,1
2026-06-29T11:26:14.274Z,1
2026-06-29T11:26:14.743Z,1
2026-06-29T11:26:15.219Z,1
2026-06-29T11:26:15.603Z,1
2026-06-29T11:26:15.983Z,1
2026-06-29T11:26:16.372Z,1
2026-06-29T11:26:16.853Z,1
2026-06-29T11:26:17.238Z,1
2026-06-29T11:26:17.703Z,1
2026-06-29T11:26:18.103Z,1
2026-06-29T11:27:32Z,0
2026-06-29T11:27:32.343Z,0
2026-06-29T11:27:32.781Z,0
2026-06-29T11:27:33Z,0
2026-06-29T11:27:33.313Z,0
2026-06-29T11:27:33.842Z,0
2026-06-29T11:27:34.352Z,0
2026-06-29T11:27:34.858Z,0
2026-06-29T11:27:35.268Z,0
2026-06-29T11:27:35.703Z,0
2026-06-29T11:27:36.331Z,0
2026-06-29T11:27:36.749Z,0
2026-06-29T11:27:37.153Z,0
2026-06-29T11:27:37.562Z,0
2026-06-29T11:27:38.013Z,0
2026-06-29T11:27:38.426Z,0
2026-06-29T11:27:38.913Z,0
2026-06-29T11:27:39.31Z,0
2026-06-29T11:27:39.8Z,0
2026-06-29T11:27:40.219Z,0
2026-06-29T11:27:40.793Z,0
2026-06-29T11:27:41.4Z,0
2026-06-29T11:27:41.93Z,0
2026-06-29T11:27:42.351Z,0
2026-06-29T11:27:42.74Z,0
2026-06-29T11:27:43.137Z,0
2026-06-29T11:27:43.637Z,0
2026-06-29T11:27:44.028Z,0
2026-06-29T11:27:44.424Z,0
2026-06-29T11:27:44.908Z,0
2026-06-29T11:27:45.306Z,0
2026-06-29T11:27:45.82Z,0
2026-06-29T11:27:46.357Z,0
2026-06-29T11:27:46.857Z,0
2026-06-29T11:27:47.374Z,0
2026-06-29T11:27:47.762Z,0
2026-06-29T11:27:48.36Z,0
2026-06-29T11:27:48.749Z,0
2026-06-29T11:27:49.134Z,0
2026-06-29T15:26:01Z,1
2026-06-29T15:26:02Z,1
2026-06-29T15:26:04.087Z,1
2026-06-29T15:26:04.447Z,1
2026-06-29T15:26:04.894Z,1
2026-06-29T15:26:05.4Z,1
2026-06-29T15:26:05.926Z,1
2026-06-29T15:26:06.347Z,1
2026-06-29T15:26:06.863Z,1
2026-06-29T15:26:07.266Z,1
2026-06-29T15:26:07.765Z,1
2026-06-29T15:26:08.2Z,1
2026-06-29T15:26:08.717Z,1
2026-06-29T15:26:09.342Z,1
2026-06-29T15:26:09.874Z,1
2026-06-29T15:26:10.276Z,1
2026-06-29T15:26:10.773Z,1
2026-06-29T15:26:11.185Z,1
2026-06-29T15:26:11.668Z,1
2026-06-29T15:26:12.072Z,1
2026-06-29T15:26:12.471Z,1
2026-06-29T15:26:12.958Z,1
2026-06-29T15:26:13.456Z,1
2026-06-29T15:26:13.847Z,1
2026-06-29T15:26:14.251Z,1
2026-06-29T15:26:14.693Z,1
2026-06-29T15:26:15.085Z,1
2026-06-29T15:26:15.572Z,1
2026-06-29T15:26:15.995Z,1
2026-06-29T15:26:16.48Z,1
2026-06-29T15:26:16.903Z,1
2026-06-29T15:26:17.393Z,1
2026-06-29T15:26:17.777Z,1
2026-06-29T15:26:18.188Z,1
2026-06-29T15:26:18.613Z,1
2026-06-29T15:26:19.162Z,1
2026-06-29T15:27:31Z,0
2026-06-29T15:27:32Z,0
2026-06-29T15:27:33.819Z,0
2026-06-29T15:27:33.905Z,0
2026-06-29T15:27:34.026Z,0
2026-06-29T15:27:34.154Z,0
2026-06-29T15:27:34.433Z,0
2026-06-29T15:27:34.956Z,0
2026-06-29T15:27:35.469Z,0
2026-06-29T15:27:35.9Z,0
2026-06-29T15:27:36.322Z,0
2026-06-29T15:27:36.883Z,0
2026-06-29T15:27:37.411Z,0
2026-06-29T15:27:37.82Z,0
2026-06-29T15:27:38.226Z,0
2026-06-29T15:27:38.723Z,0
2026-06-29T15:27:39.126Z,0
2026-06-29T15:27:39.617Z,0
2026-06-29T15:27:40.141Z,0
2026-06-29T15:27:40.537Z,0
2026-06-29T15:27:40.953Z,0
2026-06-29T15:27:41.477Z,0
2026-06-29T15:27:41.926Z,0
2026-06-29T15:27:42.475Z,0
2026-06-29T15:27:42.863Z,0
2026-06-29T15:27:43.417Z,0
2026-06-29T15:27:43.817Z,0
2026-06-29T15:27:44.208Z,0
2026-06-29T15:27:44.705Z,0
2026-06-29T15:27:45.196Z,0
2026-06-29T15:27:45.604Z,0
2026-06-29T15:27:45.997Z,0
2026-06-29T15:27:46.518Z,0
2026-06-29T15:27:47.027Z,0
2026-06-29T15:27:47.428Z,0
2026-06-29T15:27:47.822Z,0
2026-06-29T15:29:01Z,0
2026-06-29T15:29:03.345Z,0
2026-06-29T19:00:01Z,1
2026-06-29T19:00:15.068Z,1
2026-06-29T19:01:31Z,0
2026-06-29T19:01:31.588Z,0
2026-06-30T08:30:01Z,1
2026-06-30T08:30:13.592Z,1
2026-06-30T08:31:31Z,0
2026-06-30T08:31:31.365Z,0
2026-06-30T10:51:01Z,1
2026-06-30T10:51:02Z,1
2026-06-30T10:51:05.271Z,1
2026-06-30T10:51:05.822Z,1
2026-06-30T10:51:06.328Z,1
2026-06-30T10:51:06.758Z,1
2026-06-30T10:51:07.374Z,1
2026-06-30T10:51:07.914Z,1
2026-06-30T10:51:08.476Z,1
2026-06-30T10:51:08.885Z,1
2026-06-30T10:51:09.372Z,1
2026-06-30T10:51:09.765Z,1
2026-06-30T10:51:10.279Z,1
2026-06-30T10:51:10.724Z,1
2026-06-30T10:51:11.114Z,1
2026-06-30T10:51:11.587Z,1
2026-06-30T10:51:11.973Z,1
2026-06-30T10:51:12.384Z,1
2026-06-30T10:51:12.868Z,1
2026-06-30T10:51:13.367Z,1
2026-06-30T10:51:13.773Z,1
2026-06-30T10:51:14.259Z,1
2026-06-30T10:51:14.641Z,1
2026-06-30T10:51:15.118Z,1
2026-06-30T10:51:15.499Z,1
2026-06-30T10:51:16.012Z,1
2026-06-30T10:51:16.416Z,1
2026-06-30T10:51:16.909Z,1
2026-06-30T10:51:17.325Z,1
2026-06-30T10:51:17.884Z,1
2026-06-30T10:51:18.34Z,1
2026-06-30T10:51:18.821Z,1
2026-06-30T10:51:19.306Z,1
2026-06-30T10:51:19.693Z,1
2026-06-30T10:51:20.1Z,1
2026-06-30T10:51:20.488Z,1
2026-06-30T10:52:31Z,0
2026-06-30T10:52:32Z,0
2026-06-30T10:52:34.108Z,0
2026-06-30T10:52:34.526Z,0
2026-06-30T10:52:34.966Z,0
2026-06-30T10:52:35.426Z,0
2026-06-30T10:52:35.862Z,0
2026-06-30T10:52:36.419Z,0
2026-06-30T10:52:36.937Z,0
2026-06-30T10:52:37.354Z,0
2026-06-30T10:52:37.843Z,0
2026-06-30T10:52:38.257Z,0
2026-06-30T10:52:38.653Z,0
2026-06-30T10:52:39.158Z,0
2026-06-30T10:52:39.584Z,0
2026-06-30T10:52:40.257Z,0
2026-06-30T10:52:40.826Z,0
2026-06-30T10:52:41.238Z,0
2026-06-30T10:52:41.763Z,0
2026-06-30T10:52:42.172Z,0
2026-06-30T10:52:42.586Z,0
2026-06-30T10:52:43.335Z,0
2026-06-30T10:52:43.723Z,0
2026-06-30T10:52:44.197Z,0
2026-06-30T10:52:44.664Z,0
2026-06-30T10:52:45.088Z,0
2026-06-30T10:52:45.494Z,0
2026-06-30T10:52:45.891Z,0
2026-06-30T10:52:46.291Z,0
2026-06-30T10:52:46.682Z,0
2026-06-30T10:52:47.076Z,0
2026-06-30T10:52:47.594Z,0
2026-06-30T10:52:48.026Z,0
2026-06-30T10:52:48.419Z,0
2026-06-30T10:52:48.812Z,0
2026-06-30T10:52:49.21Z,0
2026-06-30T10:52:49.611Z,0
2026-06-30T10:54:02Z,0
2026-06-30T10:54:05.556Z,0
2026-06-30T19:00:01Z,1
2026-06-30T19:00:10.703Z,1
2026-06-30T19:01:31Z,0
2026-06-30T19:01:31.37Z,0
2026-07-01T06:29:30Z,1
2026-07-01T06:29:30.912Z,1
2026-07-01T06:29:55Z,0
2026-07-01T06:29:55.944Z,0
2026-07-01T06:32:30Z,0
2026-07-01T06:32:31.26Z,0
2026-07-01T08:30:01Z,1
2026-07-01T08:30:16.466Z,1
2026-07-01T08:31:31Z,0
2026-07-01T08:31:32.859Z,0
2026-07-01T10:16:01Z,1
2026-07-01T10:16:02Z,1
2026-07-01T10:16:03.884Z,1
2026-07-01T10:16:04.028Z,1
2026-07-01T10:16:04.289Z,1
2026-07-01T10:16:04.739Z,1
2026-07-01T10:16:05.194Z,1
2026-07-01T10:16:05.84Z,1
2026-07-01T10:16:06.31Z,1
2026-07-01T10:16:06.869Z,1
2026-07-01T10:16:07.27Z,1
2026-07-01T10:16:07.768Z,1
2026-07-01T10:16:08.294Z,1
2026-07-01T10:16:08.731Z,1
2026-07-01T10:16:09.15Z,1
2026-07-01T10:16:09.564Z,1
2026-07-01T10:16:10.065Z,1
2026-07-01T10:16:10.49Z,1
2026-07-01T10:16:10.906Z,1
2026-07-01T10:16:11.382Z,1
2026-07-01T10:16:11.944Z,1
2026-07-01T10:16:12.364Z,1
2026-07-01T10:16:12.883Z,1
2026-07-01T10:16:13.279Z,1
2026-07-01T10:16:13.681Z,1
2026-07-01T10:16:14.231Z,1
2026-07-01T10:16:14.646Z,1
2026-07-01T10:16:15.064Z,1
2026-07-01T10:16:15.54Z,1
2026-07-01T10:16:16.022Z,1
2026-07-01T10:16:16.527Z,1
2026-07-01T10:16:16.927Z,1
2026-07-01T10:16:17.415Z,1
2026-07-01T10:16:17.799Z,1
2026-07-01T10:16:18.277Z,1
2026-07-01T10:16:18.769Z,1
2026-07-01T10:17:31Z,0
2026-07-01T10:17:32Z,0
2026-07-01T10:17:32.68Z,0
2026-07-01T10:17:32.824Z,0
2026-07-01T10:17:33.463Z,0
2026-07-01T10:17:34.012Z,0
2026-07-01T10:17:34.444Z,0
2026-07-01T10:17:34.986Z,0
2026-07-01T10:17:35.405Z,0
2026-07-01T10:17:35.817Z,0
2026-07-01T10:17:36.328Z,0
2026-07-01T10:17:36.757Z,0
2026-07-01T10:17:37.192Z,0
2026-07-01T10:17:37.796Z,0
2026-07-01T10:17:38.338Z,0
2026-07-01T10:17:38.759Z,0
2026-07-01T10:17:39.268Z,0
2026-07-01T10:17:39.687Z,0
2026-07-01T10:17:40.118Z,0
2026-07-01T10:17:40.518Z,0
2026-07-01T10:17:41.086Z,0
2026-07-01T10:17:41.538Z,0
2026-07-01T10:17:41.944Z,0
2026-07-01T10:17:42.358Z,0
2026-07-01T10:17:45.306Z,0
2026-07-01T10:17:45.404Z,0
2026-07-01T10:17:45.497Z,0
2026-07-01T10:17:45.605Z,0
2026-07-01T10:17:45.704Z,0
2026-07-01T10:17:45.952Z,0
2026-07-01T10:17:46.465Z,0
2026-07-01T10:17:46.856Z,0
2026-07-01T10:17:47.252Z,0
2026-07-01T10:17:47.743Z,0
2026-07-01T10:17:48.171Z,0
2026-07-01T10:17:48.595Z,0
2026-07-01T10:17:49.207Z,0
2026-07-01T19:00:01Z,1
2026-07-01T19:00:09.583Z,1
2026-07-01T19:01:31Z,0
2026-07-01T19:01:34.022Z,0
2026-07-02T08:30:01Z,1
2026-07-02T08:30:13.119Z,1
2026-07-02T08:31:31Z,0
2026-07-02T08:31:32.035Z,0
2026-07-02T19:00:01Z,1
2026-07-02T19:00:13.903Z,1
2026-07-02T19:01:31Z,0
2026-07-02T19:01:32.43Z,0
2026-07-03T08:30:01Z,1
2026-07-03T08:30:13.819Z,1
2026-07-03T08:31:31Z,0
2026-07-03T08:31:32.722Z,0
2026-07-03T11:36:01Z,1
2026-07-03T11:36:03.373Z,1
2026-07-03T11:36:03.444Z,1
2026-07-03T11:37:31Z,0
2026-07-03T11:37:32.834Z,0
2026-07-03T12:21:01Z,1
2026-07-03T12:21:03.191Z,1
2026-07-03T12:21:03.591Z,1
2026-07-03T12:21:03.987Z,1
2026-07-03T12:22:31Z,0
2026-07-03T12:22:34.149Z,0
2026-07-03T12:22:34.541Z,0
2026-07-03T12:24:01Z,0
2026-07-03T12:24:03.065Z,0
2026-07-03T14:01:01Z,1
2026-07-03T14:01:02.82Z,1
2026-07-03T14:02:31Z,0
2026-07-03T14:02:32.186Z,0
2026-07-03T19:00:01Z,1
2026-07-03T19:00:10.951Z,1
2026-07-03T19:01:31Z,0
2026-07-03T19:01:31.416Z,0
2026-07-04T02:59:39Z,1
2026-07-04T02:59:43.605Z,1
2026-07-04T03:00:00Z,0
2026-07-04T03:00:01.351Z,0
2026-07-04T03:09:36Z,1
2026-07-04T03:09:38.698Z,1
2026-07-04T03:12:36Z,0
2026-07-04T03:12:39.43Z,0
2026-07-04T08:30:01Z,1
2026-07-04T08:30:07.025Z,1
2026-07-04T08:31:31Z,0
2026-07-04T08:31:31.766Z,0
2026-07-04T11:36:02Z,1
2026-07-04T11:36:03.565Z,1
2026-07-04T11:36:03.849Z,1
2026-07-04T11:36:04.361Z,1
2026-07-04T11:36:04.777Z,1
2026-07-04T11:36:05.239Z,1
2026-07-04T11:36:05.764Z,1
2026-07-04T11:36:06.289Z,1
2026-07-04T11:36:06.7Z,1
2026-07-04T11:37:32Z,0
2026-07-04T11:37:32.41Z,0
2026-07-04T11:37:32.923Z,0
2026-07-04T11:37:33.4Z,0
2026-07-04T11:37:33.873Z,0
2026-07-04T11:37:34.451Z,0
2026-07-04T11:37:34.939Z,0
2026-07-04T11:37:35.342Z,0
2026-07-04T11:39:02Z,0
2026-07-04T11:39:05.023Z,0
2026-07-04T19:00:01Z,1
2026-07-04T19:00:09.949Z,1
2026-07-04T19:01:31Z,0
2026-07-04T19:01:31.435Z,0
2026-07-05T05:11:29Z,1
2026-07-05T05:11:30.73Z,1
2026-07-05T05:14:29Z,0
2026-07-05T05:14:30.27Z,0
2026-07-05T08:30:01Z,1
2026-07-05T08:30:14.441Z,1
2026-07-05T08:31:31Z,0
2026-07-05T08:31:31.663Z,0
2026-07-05T11:26:01Z,1
2026-07-05T11:26:03.426Z,1
2026-07-05T11:26:03.83Z,1
2026-07-05T11:27:31Z,0
2026-07-05T11:27:32.141Z,0
2026-07-05T11:27:32.563Z,0
2026-07-05T11:29:01Z,0
2026-07-05T11:29:03.404Z,0
2026-07-05T19:00:01Z,1
2026-07-05T19:00:13.829Z,1
2026-07-05T19:01:31Z,0
2026-07-05T19:01:31.39Z,0
2026-07-06T08:30:01Z,1
2026-07-06T08:30:07.887Z,1
2026-07-06T08:31:31Z,0
2026-07-06T08:31:32.712Z,0
2026-07-06T10:06:01Z,1
2026-07-06T10:06:02Z,1
2026-07-06T10:06:03.359Z,1
2026-07-06T10:06:03.672Z,1
2026-07-06T10:06:04.09Z,1
2026-07-06T10:06:04.573Z,1
2026-07-06T10:06:05.121Z,1
2026-07-06T10:07:31Z,0
2026-07-06T10:07:32Z,0
2026-07-06T10:07:32.25Z,0
2026-07-06T10:07:32.664Z,0
2026-07-06T10:07:33.12Z,0
2026-07-06T10:07:33.625Z,0
2026-07-06T10:09:01Z,0
2026-07-06T10:09:02.933Z,0
2026-07-06T10:26:01Z,1
2026-07-06T10:26:03.024Z,1
2026-07-06T10:27:31Z,0
2026-07-06T10:27:32.836Z,0
2026-07-07T01:39:53Z,1
2026-07-07T01:40:00.345Z,1
2026-07-07T01:42:53Z,0
2026-07-07T01:42:54.26Z,0
2026-07-07T03:13:25Z,1
2026-07-07T03:13:29.283Z,1
2026-07-07T03:16:25Z,0
2026-07-07T03:16:26.665Z,0
2026-07-07T08:30:01Z,1
2026-07-07T08:30:11.767Z,1
2026-07-07T08:31:31Z,0
2026-07-07T08:31:31.438Z,0
2026-07-07T10:06:01Z,1
2026-07-07T10:06:02Z,1
2026-07-07T10:06:05.073Z,1
2026-07-07T10:06:05.449Z,1
2026-07-07T10:06:05.948Z,1
2026-07-07T10:06:06.358Z,1
2026-07-07T10:06:06.752Z,1
2026-07-07T10:06:07.261Z,1
2026-07-07T10:06:07.756Z,1
2026-07-07T10:06:08.169Z,1
2026-07-07T10:06:08.615Z,1
2026-07-07T10:07:31Z,0
2026-07-07T10:07:32Z,0
2026-07-07T10:07:32.245Z,0
2026-07-07T10:07:32.707Z,0
2026-07-07T10:07:33.125Z,0
2026-07-07T10:07:33.549Z,0
2026-07-07T10:07:34.082Z,0
2026-07-07T10:07:34.472Z,0
2026-07-07T10:07:34.873Z,0
2026-07-07T10:07:35.361Z,0
2026-07-07T10:07:35.836Z,0
2026-07-07T10:09:01Z,0
2026-07-07T10:09:02.321Z,0
2026-07-07T10:21:02Z,1
2026-07-07T10:21:07.198Z,1
2026-07-07T10:22:32Z,0
2026-07-07T10:22:33.731Z,0
2026-07-08T08:30:01Z,1
2026-07-08T08:30:08.86Z,1
2026-07-08T08:31:31Z,0
2026-07-08T08:31:31.392Z,0
2026-07-08T09:21:02Z,1
2026-07-08T09:21:04.372Z,1
2026-07-08T09:21:04.721Z,1
2026-07-08T09:21:05.21Z,1
2026-07-08T09:21:05.641Z,1
2026-07-08T09:21:06.054Z,1
2026-07-08T09:21:06.614Z,1
2026-07-08T09:21:07.136Z,1
2026-07-08T09:21:07.53Z,1
2026-07-08T09:21:08.011Z,1
2026-07-08T09:21:08.52Z,1
2026-07-08T09:21:09.105Z,1
2026-07-08T09:22:32Z,0
2026-07-08T09:22:34.475Z,0
2026-07-08T09:22:34.906Z,0
2026-07-08T09:22:35.405Z,0
2026-07-08T09:22:35.827Z,0
2026-07-08T09:22:36.473Z,0
2026-07-08T09:22:36.881Z,0
2026-07-08T09:22:37.274Z,0
2026-07-08T09:22:37.675Z,0
2026-07-08T09:22:38.196Z,0
2026-07-08T09:22:38.605Z,0
2026-07-08T09:24:02Z,0
2026-07-08T09:24:02.699Z,0
2026-07-08T09:36:01Z,1
2026-07-08T09:36:03.301Z,1
2026-07-08T09:37:31Z,0
2026-07-08T09:37:32.17Z,0
2026-07-09T06:31:01Z,1
2026-07-09T06:31:02Z,1
2026-07-09T06:31:03.659Z,1
2026-07-09T06:31:03.777Z,1
2026-07-09T06:31:03.868Z,1
2026-07-09T06:31:04.329Z,1
2026-07-09T06:31:04.937Z,1
2026-07-09T06:31:05.517Z,1
2026-07-09T06:31:05.916Z,1
2026-07-09T06:31:06.308Z,1
2026-07-09T06:31:06.815Z,1
2026-07-09T06:31:07.402Z,1
2026-07-09T06:31:07.794Z,1
2026-07-09T06:31:08.275Z,1
2026-07-09T06:34:01Z,0
2026-07-09T06:34:02Z,0
2026-07-09T06:34:04.111Z,0
2026-07-09T06:34:04.19Z,0
2026-07-09T06:34:04.678Z,0
2026-07-09T06:34:05.159Z,0
2026-07-09T06:34:05.719Z,0
2026-07-09T06:34:06.141Z,0
2026-07-09T06:34:06.563Z,0
2026-07-09T06:34:07.006Z,0
2026-07-09T06:34:07.497Z,0
2026-07-09T06:34:07.908Z,0
2026-07-09T06:34:08.311Z,0
2026-07-09T06:34:08.706Z,0
2026-07-09T06:34:09.121Z,0
2026-07-09T09:16:01Z,1
2026-07-09T09:16:03.974Z,1
2026-07-09T09:19:01Z,0
2026-07-09T09:19:04.403Z,0
2026-07-10T05:57:15Z,1
2026-07-10T05:57:19.761Z,1
2026-07-10T06:00:15Z,0
2026-07-10T06:00:19.814Z,0
2026-07-10T08:30:01Z,1
2026-07-10T08:30:08.059Z,1
2026-07-10T08:31:31Z,0
2026-07-10T08:31:31.402Z,0
2026-07-10T10:36:02Z,1
2026-07-10T10:36:04.782Z,1
2026-07-10T10:36:05.069Z,1
2026-07-10T10:36:05.625Z,1
2026-07-10T10:36:06.199Z,1
2026-07-10T10:36:06.727Z,1
2026-07-10T10:36:07.146Z,1
2026-07-10T10:36:07.654Z,1
2026-07-10T10:36:08.05Z,1
2026-07-10T10:36:08.447Z,1
2026-07-10T10:36:09.018Z,1
2026-07-10T10:36:09.532Z,1
2026-07-10T10:36:09.965Z,1
2026-07-10T10:36:10.366Z,1
2026-07-10T10:36:10.893Z,1
2026-07-10T10:36:11.386Z,1
2026-07-10T10:37:32Z,0
2026-07-10T10:37:32.376Z,0
2026-07-10T10:37:32.811Z,0
2026-07-10T10:37:33.268Z,0
2026-07-10T10:37:33.753Z,0
2026-07-10T10:37:34.296Z,0
2026-07-10T10:37:34.847Z,0
2026-07-10T10:37:35.254Z,0
2026-07-10T10:37:35.656Z,0
2026-07-10T10:37:36.088Z,0
2026-07-10T10:37:36.498Z,0
2026-07-10T10:37:36.914Z,0
2026-07-10T10:37:37.405Z,0
2026-07-10T10:37:37.793Z,0
2026-07-10T10:37:38.205Z,0
2026-07-10T10:37:38.61Z,0
2026-07-10T12:06:01Z,1
2026-07-10T12:06:03.014Z,1
2026-07-10T12:07:31Z,0
2026-07-10T12:07:32.169Z,0
2026-07-11T08:30:01Z,1
2026-07-11T08:30:10.212Z,1
2026-07-11T08:31:31Z,0
2026-07-11T08:31:31.49Z,0
2026-07-11T11:11:02Z,1
2026-07-11T11:11:05.788Z,1
2026-07-11T11:11:05.916Z,1
2026-07-11T11:11:06.047Z,1
2026-07-11T11:11:06.147Z,1
2026-07-11T11:11:06.252Z,1
2026-07-11T11:11:06.365Z,1
2026-07-11T11:11:06.811Z,1
2026-07-11T11:11:07.385Z,1
2026-07-11T11:11:07.854Z,1
2026-07-11T11:11:08.367Z,1
2026-07-11T11:11:08.838Z,1
2026-07-11T11:11:09.276Z,1
2026-07-11T11:11:09.793Z,1
2026-07-11T11:11:10.209Z,1
2026-07-11T11:11:10.701Z,1
2026-07-11T11:11:11.117Z,1
2026-07-11T11:11:11.638Z,1
2026-07-11T11:12:32Z,0
2026-07-11T11:12:32.376Z,0
2026-07-11T11:12:32.804Z,0
2026-07-11T11:12:33.233Z,0
2026-07-11T11:12:33.727Z,0
2026-07-11T11:12:34.144Z,0
2026-07-11T11:12:34.546Z,0
2026-07-11T11:12:35.067Z,0
2026-07-11T11:12:35.531Z,0
2026-07-11T11:12:35.946Z,0
2026-07-11T11:12:36.56Z,0
2026-07-11T11:12:37.047Z,0
2026-07-11T11:12:37.454Z,0
2026-07-11T11:12:37.94Z,0
2026-07-11T11:12:38.333Z,0
2026-07-11T11:12:38.816Z,0
2026-07-11T11:12:39.218Z,0
2026-07-11T11:12:39.737Z,0
2026-07-11T19:00:01Z,1
2026-07-11T19:00:10.286Z,1
2026-07-11T19:01:31Z,0
2026-07-11T19:01:31.437Z,0
2026-07-12T08:30:01Z,1
2026-07-12T08:30:13.471Z,1
2026-07-12T08:31:31Z,0
2026-07-12T08:31:32.252Z,0
2026-07-12T11:51:01Z,1
2026-07-12T11:51:02.95Z,1
2026-07-12T11:51:03.281Z,1
2026-07-12T11:52:31Z,0
2026-07-12T11:52:32.22Z,0
2026-07-12T11:54:01Z,0
2026-07-12T11:54:02.784Z,0
2026-07-12T12:11:01Z,1
2026-07-12T12:11:03.152Z,1
2026-07-12T12:11:03.406Z,1
2026-07-12T12:12:31Z,0
2026-07-12T12:12:32.211Z,0
2026-07-12T12:12:32.636Z,0
2026-07-12T12:14:01Z,0
2026-07-12T12:14:02.853Z,0
2026-07-12T14:36:01Z,1
2026-07-12T14:36:02Z,1
2026-07-12T14:36:04.952Z,1
2026-07-12T14:36:05.079Z,1
2026-07-12T14:36:05.208Z,1
2026-07-12T14:36:05.432Z,1
2026-07-12T14:37:31Z,0
2026-07-12T14:37:32Z,0
2026-07-12T14:37:34.698Z,0
2026-07-12T14:37:34.765Z,0
2026-07-12T14:37:34.827Z,0
2026-07-12T14:39:01Z,0
2026-07-12T14:39:02.633Z,0
2026-07-12T19:00:01Z,1
2026-07-12T19:00:13.057Z,1
2026-07-12T19:01:31Z,0
2026-07-12T19:01:46.296Z,0
2026-07-13T08:30:01Z,1
2026-07-13T08:30:11.284Z,1
2026-07-13T08:31:31Z,0
2026-07-13T08:31:31.561Z,0
2026-07-13T10:51:02Z,1
2026-07-13T10:51:03.385Z,1
2026-07-13T10:51:03.463Z,1
2026-07-13T10:52:32Z,0
2026-07-13T10:52:32.283Z,0
2026-07-13T10:54:02Z,0
2026-07-13T10:54:02.447Z,0
2026-07-13T19:00:01Z,1
2026-07-13T19:00:12.985Z,1
2026-07-13T19:01:31Z,0
2026-07-13T19:01:31.45Z,0
2026-03-02T13:00:21Z,0
2026-03-02T13:00:22Z,0
2026-03-02T13:00:32Z,0
2026-03-02T15:21:32Z,0
2026-03-03T12:06:35Z,1
2026-03-03T12:08:05Z,0
2026-03-03T12:08:25Z,1
2026-03-03T12:08:30Z,0
2026-03-03T12:08:34Z,1
2026-03-03T12:08:39Z,0
2026-02-25T16:08:29Z,0
2026-02-26T16:29:17Z,1
2026-02-26T16:30:52Z,0
2026-02-27T16:01:40Z,1
2026-02-27T16:04:40Z,0
