_time,_value
2026-01-12T13:02:52Z,1
2026-01-12T13:02:52.622Z,1
2026-01-12T13:08:35Z,0
2026-01-12T13:08:35.699Z,0
2026-01-16T08:00:10Z,1
2026-01-16T08:00:10.909Z,1
2026-01-16T08:03:22Z,0
2026-01-16T08:03:22.902Z,0
2026-01-16T08:07:23Z,1
2026-01-16T08:07:23.531Z,1
2026-01-16T08:20:08Z,0
2026-01-16T08:20:08.874Z,0
2026-01-16T08:44:48Z,1
2026-01-16T08:44:49.3Z,1
2026-01-16T09:18:21Z,0
2026-01-16T09:18:22.139Z,0
2026-01-20T11:56:46.533Z,0
2026-01-20T12:02:20.031Z,0
2026-01-20T12:04:02.843Z,0
2026-01-20T12:06:05.884Z,0
2026-01-20T12:11:05.031Z,0
2026-01-20T12:12:31.011Z,0
2026-01-21T09:44:51Z,0
2026-01-21T09:45:16Z,0
2026-01-21T09:45:17Z,0
2026-01-21T09:45:28.412Z,0
2026-01-21T09:46:12.916Z,0
2026-01-21T10:18:46Z,0
2026-01-21T10:18:47Z,0
2026-01-21T10:19:21.618Z,0
2026-01-24T11:31:16Z,1
2026-01-24T11:31:16.899Z,1
2026-01-24T11:33:15Z,0
2026-01-24T11:33:15.396Z,0
2026-01-26T08:20:13Z,1
2026-01-26T08:20:14.022Z,1
2026-01-26T08:26:38Z,0
2026-01-26T08:26:38.684Z,0
2026-01-26T11:00:34Z,0
2026-01-26T11:01:14.606Z,0
2026-01-26T19:16:21Z,0
2026-01-26T19:16:54.907Z,0
2026-01-27T07:45:06Z,1
2026-01-27T07:45:06.652Z,1
2026-01-27T07:56:10Z,0
2026-01-27T07:56:11.045Z,0
2026-01-27T11:23:02Z,1
2026-01-27T11:23:02.566Z,1
2026-01-27T11:34:20Z,0
2026-01-27T11:34:20.853Z,0
2026-01-29T12:15:57.969Z,0
2026-02-02T08:04:31Z,1
2026-02-02T08:04:32.16Z,1
2026-02-02T08:06:59Z,0
2026-02-02T08:06:59.589Z,0
2026-02-02T09:16:50Z,1
2026-02-02T09:16:50.467Z,1
2026-02-02T09:19:59Z,1
2026-02-02T09:19:59.963Z,1
2026-02-02T09:20:11Z,0
2026-02-02T09:20:11.493Z,0
2026-02-03T09:04:30Z,1
2026-02-03T09:04:30.414Z,1
2026-02-03T09:06:17Z,0
2026-02-03T09:06:17.735Z,0
2026-02-03T09:06:41Z,0
2026-02-03T09:06:42.14Z,0
2026-02-04T09:03:10Z,1
2026-02-04T09:03:10.928Z,1
2026-02-04T09:22:06Z,0
2026-02-04T09:22:07.992Z,0
2026-02-05T09:04:29Z,1
2026-02-05T09:04:30.162Z,1
2026-02-05T09:17:27Z,0
2026-02-05T09:17:27.237Z,0
2026-02-05T10:42:15Z,1
2026-02-05T10:42:16.414Z,1
2026-02-05T10:42:33Z,0
2026-02-05T10:42:33.874Z,0
2026-02-05T10:54:25Z,1
2026-02-05T10:54:26.087Z,1
2026-02-05T10:57:08Z,0
2026-02-05T10:57:08.793Z,0
2026-02-05T12:03:43Z,1
2026-02-05T12:03:43.346Z,1
2026-02-05T12:29:32Z,0
2026-02-05T12:29:32.481Z,0
2026-02-05T13:24:25Z,1
2026-02-05T13:24:25.653Z,1
2026-02-05T13:31:41Z,0
2026-02-05T13:31:41.595Z,0
2026-02-05T13:57:34Z,1
2026-02-05T13:57:34.606Z,1
2026-02-05T13:59:24Z,0
2026-02-05T13:59:24.346Z,0
2026-02-05T17:24:57Z,1
2026-02-05T17:24:57.625Z,1
2026-02-05T17:25:44Z,1
2026-02-05T17:25:44.647Z,1
2026-02-05T17:26:05Z,0
2026-02-05T17:26:05.861Z,0
2026-02-06T07:26:40Z,1
2026-02-06T07:26:41.108Z,1
2026-02-06T07:35:56Z,0
2026-02-06T07:35:56.818Z,0
2026-02-07T10:12:00Z,1
2026-02-07T10:12:01.875Z,1
2026-02-07T10:20:58Z,0
2026-02-07T10:20:58.217Z,0
2026-02-09T15:52:47Z,1
2026-02-09T15:52:47.451Z,1
2026-02-09T16:13:13Z,0
2026-02-09T16:13:13.349Z,0
2026-02-10T08:00:59Z,1
2026-02-10T08:00:59.283Z,1
2026-02-10T08:17:14Z,0
2026-02-10T08:17:14.477Z,0
2026-02-10T08:40:42Z,1
2026-02-10T08:40:43.013Z,1
2026-02-10T08:42:05Z,0
2026-02-10T08:42:06.102Z,0
2026-02-10T11:53:00Z,1
2026-02-10T11:53:01.613Z,1
2026-02-10T11:53:09Z,0
2026-02-10T11:53:10.188Z,0
2026-02-11T07:38:56Z,1
2026-02-11T07:38:57.353Z,1
2026-02-11T07:55:14Z,0
2026-02-11T07:55:14.307Z,0
2026-02-11T14:27:59Z,1
2026-02-11T14:27:59.669Z,1
2026-02-11T14:32:32Z,0
2026-02-11T14:32:32.908Z,0
2026-02-11T21:31:47Z,1
2026-02-11T21:31:47.667Z,1
2026-02-11T21:31:59Z,0
2026-02-11T21:32:00.252Z,0
2026-02-11T23:19:01Z,1
2026-02-11T23:19:03.879Z,1
2026-02-11T23:19:07Z,0
2026-02-11T23:19:07.759Z,0
2026-02-11T23:19:11Z,1
2026-02-11T23:19:11.989Z,1
2026-02-11T23:19:47Z,0
2026-02-11T23:19:47.859Z,0
2026-02-12T09:03:34.867Z,0
2026-02-12T09:11:21.44Z,0
2026-02-12T10:06:47.529Z,0
2026-02-12T13:25:08Z,1
2026-02-12T13:25:08.245Z,1
2026-02-12T13:39:48Z,0
2026-02-12T13:39:49.295Z,0
2026-02-12T14:43:40Z,1
2026-02-12T14:43:40.673Z,1
2026-02-12T14:44:29Z,0
2026-02-12T14:44:30.838Z,0
2026-02-12T16:10:13Z,1
2026-02-12T16:10:13.356Z,1
2026-02-12T16:20:50Z,0
2026-02-12T16:20:50.851Z,0
2026-02-16T14:43:49Z,1
2026-02-16T14:43:49.988Z,1
2026-02-16T14:46:09Z,0
2026-02-16T14:46:09.429Z,0
2026-02-16T14:46:58Z,1
2026-02-16T14:46:58.281Z,1
2026-02-16T14:49:03Z,1
2026-02-16T14:49:03.755Z,1
2026-02-16T15:00:05Z,0
2026-02-16T15:00:05.926Z,0
2026-02-17T09:23:18Z,1
2026-02-17T09:23:18.449Z,1
2026-02-17T09:28:36Z,0
2026-02-17T09:28:36.275Z,0
2026-02-17T15:46:22Z,1
2026-02-17T15:46:22.474Z,1
2026-02-17T16:12:52Z,0
2026-02-17T16:12:53.115Z,0
2026-02-18T08:48:45Z,1
2026-02-18T08:48:45.608Z,1
2026-02-18T08:53:49Z,0
2026-02-18T08:53:50.146Z,0
2026-02-18T10:39:52Z,1
2026-02-18T10:39:52.371Z,1
2026-02-18T11:04:22Z,0
2026-02-18T11:04:23.077Z,0
2026-02-18T12:09:30Z,1
2026-02-18T12:09:30.331Z,1
2026-02-18T12:16:38Z,0
2026-02-18T12:16:40.293Z,0
2026-02-18T13:06:55Z,1
2026-02-18T13:06:56.09Z,1
2026-02-18T15:00:18Z,0
2026-02-18T15:00:18.721Z,0
2026-02-18T15:17:53Z,1
2026-02-18T15:17:53.723Z,1
2026-02-18T15:45:58Z,0
2026-02-18T15:45:58.714Z,0
2026-02-19T09:52:03Z,1
2026-02-19T09:52:04.33Z,1
2026-02-19T10:02:39Z,0
2026-02-19T10:02:39.933Z,0
2026-02-19T13:59:26Z,1
2026-02-19T13:59:27.074Z,1
2026-02-19T14:08:38Z,0
2026-02-19T14:08:39.079Z,0
2026-02-20T11:22:27Z,1
2026-02-20T11:22:27.503Z,1
2026-02-20T11:24:52Z,0
2026-02-20T11:24:52.593Z,0
2026-02-20T13:19:22Z,1
2026-02-20T13:19:23.855Z,1
2026-02-20T13:22:54Z,0
2026-02-20T13:22:54.918Z,0
2026-02-20T16:35:34Z,1
2026-02-20T16:35:35.232Z,1
2026-02-20T16:39:24Z,0
2026-02-20T16:39:25.292Z,0
2026-02-21T12:10:07Z,1
2026-02-21T12:10:08.088Z,1
2026-02-21T12:18:09Z,0
2026-02-21T12:18:09.882Z,0
2026-02-22T10:13:13Z,1
2026-02-22T10:13:13.355Z,1
2026-02-22T10:46:28Z,0
2026-02-22T10:46:28.795Z,0
2026-02-22T10:48:45Z,1
2026-02-22T10:48:46.267Z,1
2026-02-22T10:52:21Z,0
2026-02-22T10:52:22.048Z,0
2026-02-22T13:04:52Z,1
2026-02-22T13:04:52.884Z,1
2026-02-22T13:20:29Z,0
2026-02-22T13:20:30.731Z,0
2026-02-23T09:55:41Z,1
2026-02-23T10:25:12Z,0
2026-02-23T10:49:09Z,1
2026-02-23T11:36:20Z,0
2026-02-23T12:26:13Z,1
2026-02-23T13:11:22Z,0
2026-02-23T13:14:53Z,1
2026-02-23T13:49:26Z,0
2026-02-24T07:35:40Z,1
2026-02-24T08:20:41Z,0
2026-02-24T13:40:29Z,1
2026-02-24T14:11:24Z,0
2026-02-24T14:53:30Z,1
2026-02-24T15:31:02Z,0
2026-02-25T09:11:03Z,0
2026-02-25T11:15:49Z,1
2026-02-25T11:39:51Z,0
2026-02-25T11:54:43Z,1
2026-02-25T12:03:06Z,0
2026-02-25T13:51:33Z,0
2026-02-25T13:57:18Z,0
2026-02-25T13:57:20Z,0
2026-02-25T15:55:31Z,0
2026-02-26T07:46:14Z,1
2026-02-26T07:47:45Z,0
2026-03-02T13:00:21Z,0
2026-03-02T13:00:22Z,0
2026-03-02T13:00:32Z,0
2026-03-02T15:21:05Z,0
2026-03-03T17:28:40Z,0
2026-03-03T17:28:50Z,0
2026-03-04T07:42:38Z,0
2026-03-06T07:22:58Z,1
2026-03-06T07:24:28Z,0
2026-03-12T13:58:52Z,1
2026-03-12T14:01:52Z,0
2026-03-13T09:05:05Z,1
2026-03-13T09:06:35Z,0
2026-03-14T08:22:17Z,1
2026-03-14T08:23:53Z,0
2026-03-16T09:26:31Z,1
2026-03-16T09:28:06Z,0
2026-03-16T13:22:19Z,1
2026-03-16T13:23:04Z,0
2026-03-20T14:10:59Z,0
2026-03-30T12:44:10Z,0
2026-04-16T18:03:15Z,0
2026-04-21T09:19:55Z,0
2026-04-22T12:16:47Z,0
2026-04-22T12:16:48Z,1
2026-04-22T12:16:48.307Z,0
2026-04-22T12:16:49Z,0
2026-04-22T12:16:50.037Z,1
2026-04-22T12:16:50.7Z,0
2026-04-22T12:45:16Z,0
2026-04-22T12:45:16.671Z,0
2026-04-22T12:45:17Z,1
2026-04-22T12:45:17.562Z,0
2026-04-22T12:45:19Z,0
2026-04-22T12:45:19.087Z,1
2026-04-22T12:45:19.43Z,1
2026-04-22T12:45:21.074Z,0
2026-04-22T12:45:21.551Z,0
2026-04-22T14:24:22Z,0
2026-04-22T14:24:22.543Z,0
2026-04-22T14:24:23Z,1
2026-04-22T14:24:23.106Z,0
2026-04-22T14:24:24Z,0
2026-04-22T14:24:24.155Z,0
2026-04-22T14:24:25Z,0
2026-04-22T14:24:26.473Z,1
2026-04-22T14:24:26.852Z,1
2026-04-22T14:24:27.928Z,0
2026-04-22T14:24:28.352Z,0
2026-04-22T15:33:31Z,0
2026-04-22T15:33:31.778Z,0
2026-04-22T15:33:32Z,1
2026-04-22T15:33:32.374Z,0
2026-04-22T15:33:32.882Z,0
2026-04-22T15:33:33.416Z,0
2026-04-22T15:33:34Z,0
2026-04-22T15:33:37.616Z,1
2026-04-22T15:33:37.97Z,1
2026-04-22T15:33:39.094Z,0
2026-04-22T15:33:39.448Z,0
2026-04-22T15:33:39.893Z,0
2026-04-22T15:52:21Z,0
2026-04-22T15:52:21.792Z,0
2026-04-22T15:52:22Z,1
2026-04-22T15:52:22.213Z,0
2026-04-22T15:52:22.752Z,0
2026-04-22T15:52:23.367Z,0
2026-04-22T15:52:24Z,0
2026-04-22T15:52:24.385Z,0
2026-04-22T15:52:27.564Z,1
2026-04-22T15:52:27.903Z,1
2026-04-22T15:52:28.356Z,1
2026-04-22T15:52:28.768Z,1
2026-04-22T15:52:30.126Z,0
2026-04-22T15:52:30.484Z,0
2026-04-22T15:52:30.897Z,0
2026-04-22T16:12:14Z,0
2026-04-22T16:12:14.939Z,0
2026-04-22T16:12:15Z,1
2026-04-22T16:12:15.374Z,0
2026-04-22T16:12:15.981Z,0
2026-04-22T16:12:16.927Z,0
2026-04-22T16:12:17Z,0
2026-04-22T16:12:17.434Z,0
2026-04-22T16:12:21.994Z,1
2026-04-22T16:12:22.381Z,1
2026-04-22T16:12:22.809Z,1
2026-04-22T16:12:25.967Z,0
2026-04-22T16:12:26.333Z,0
2026-04-22T16:12:26.744Z,0
2026-04-22T16:12:27.267Z,0
2026-04-22T16:48:49Z,0
2026-04-22T16:48:50Z,1
2026-04-22T16:48:50.228Z,0
2026-04-22T16:48:50.75Z,0
2026-04-22T16:48:51.353Z,0
2026-04-22T16:48:51.956Z,0
2026-04-22T16:48:52Z,0
2026-04-22T16:48:52.841Z,0
2026-04-22T16:48:53.398Z,0
2026-04-22T16:48:58.138Z,1
2026-04-22T16:48:58.473Z,1
2026-04-22T16:48:58.922Z,1
2026-04-22T16:48:59.321Z,1
2026-04-22T16:49:01.537Z,0
2026-04-22T16:49:01.934Z,0
2026-04-22T16:49:02.336Z,0
2026-04-22T16:49:02.666Z,0
2026-04-22T16:49:03.109Z,0
2026-04-22T17:16:56Z,0
2026-04-22T17:16:57Z,1
2026-04-22T17:16:57.656Z,0
2026-04-22T17:16:58.349Z,1
2026-04-22T17:16:59Z,0
2026-04-22T17:16:59.657Z,0
2026-04-22T17:39:38Z,0
2026-04-22T17:39:39Z,1
2026-04-22T17:39:39.712Z,0
2026-04-22T17:39:40.267Z,0
2026-04-22T17:39:41Z,0
2026-04-22T17:39:42.29Z,1
2026-04-22T17:39:42.633Z,1
2026-04-22T17:39:43.462Z,0
2026-04-22T17:39:43.857Z,0
2026-04-22T18:15:55Z,0
2026-04-22T18:15:55.595Z,0
2026-04-22T18:15:56Z,1
2026-04-22T18:15:56.107Z,0
2026-04-22T18:15:56.63Z,0
2026-04-22T18:15:57Z,0
2026-04-22T18:15:59.226Z,1
2026-04-22T18:15:59.564Z,1
2026-04-22T18:16:00.86Z,0
2026-04-22T18:16:01.281Z,0
2026-04-22T18:16:01.749Z,0
2026-04-23T07:53:09Z,1
2026-04-23T07:53:10.217Z,1
2026-04-23T07:58:46Z,0
2026-04-23T07:58:46.89Z,0
2026-04-23T10:33:33Z,0
2026-04-23T10:33:46Z,0
2026-04-23T10:34:33.598Z,0
2026-04-23T10:35:45.622Z,0
2026-04-23T10:38:14.369Z,0
2026-04-23T14:05:29Z,0
2026-04-23T14:05:30Z,1
2026-04-23T14:05:31.366Z,0
2026-04-23T14:05:32Z,0
2026-04-23T14:05:33.488Z,1
2026-04-23T14:05:35.652Z,0
2026-04-23T16:01:13Z,0
2026-04-23T16:01:14Z,1
2026-04-23T16:01:14.413Z,0
2026-04-23T16:01:15.036Z,0
2026-04-23T16:01:16Z,0
2026-04-23T16:01:20.757Z,1
2026-04-23T16:01:21.629Z,1
2026-04-23T16:01:23.36Z,0
2026-04-23T16:01:24.259Z,0
2026-04-23T18:38:33Z,0
2026-04-23T18:38:34Z,1
2026-04-23T18:38:34.707Z,0
2026-04-23T18:38:35.256Z,0
2026-04-23T18:38:36Z,0
2026-04-23T18:38:36.46Z,0
2026-04-23T18:38:44.435Z,1
2026-04-23T18:38:44.825Z,1
2026-04-23T18:38:48.919Z,0
2026-04-23T18:38:49.468Z,0
2026-04-23T21:15:58.304Z,0
2026-04-24T15:33:55Z,1
2026-04-24T15:33:57Z,0
2026-04-24T15:34:18.727Z,1
2026-04-24T15:34:28.723Z,0
2026-04-25T10:00:00Z,0
2026-04-25T10:00:01Z,1
2026-04-25T10:00:01.467Z,0
2026-04-25T10:00:02Z,0
2026-04-25T10:00:06.878Z,1
2026-04-25T10:00:07.794Z,0
2026-04-26T06:57:18Z,0
2026-04-26T06:57:19Z,1
2026-04-26T06:57:20.254Z,0
2026-04-26T06:57:21Z,0
2026-04-26T06:57:23.135Z,1
2026-04-26T06:57:24.277Z,0
2026-04-27T07:13:45Z,0
2026-04-27T07:13:46Z,1
2026-04-27T07:13:47.036Z,0
2026-04-27T07:13:48Z,0
2026-04-27T07:13:49.025Z,1
2026-04-27T07:13:49.914Z,0
2026-04-27T10:43:21Z,0
2026-04-27T10:43:21.969Z,0
2026-04-27T10:43:22Z,1
2026-04-27T10:43:22.873Z,1
2026-04-27T10:43:30Z,0
2026-04-27T10:43:30.885Z,0
2026-04-28T05:02:17Z,0
2026-04-28T05:02:17.968Z,0
2026-04-28T05:02:18Z,1
2026-04-28T05:02:18.889Z,1
2026-04-28T05:05:18Z,0
2026-04-28T05:05:18.601Z,0
2026-04-28T07:07:56Z,0
2026-04-28T07:07:57.47Z,0
2026-04-29T05:54:54Z,0
2026-04-29T05:54:54.79Z,0
2026-04-29T05:54:55Z,1
2026-04-29T05:54:55.377Z,1
2026-04-29T05:57:55Z,0
2026-04-29T05:57:55.403Z,0
2026-04-29T07:32:49Z,0
2026-04-29T07:32:50.608Z,0
2026-04-30T05:08:18Z,0
2026-04-30T05:08:19Z,1
2026-04-30T05:08:20.462Z,0
2026-04-30T05:08:22.046Z,1
2026-04-30T05:11:19Z,0
2026-04-30T05:11:20.25Z,0
2026-04-30T07:45:10Z,0
2026-04-30T07:45:11.761Z,0
2026-04-30T12:32:18Z,0
2026-04-30T12:32:18.35Z,0
2026-04-30T12:32:19Z,1
2026-04-30T12:32:19.334Z,1
2026-04-30T12:35:19Z,0
2026-04-30T12:35:19.331Z,0
2026-04-30T13:10:46Z,0
2026-04-30T13:10:47.155Z,0
2026-05-01T05:01:00Z,0
2026-05-01T05:01:01Z,1
2026-05-01T05:01:01.255Z,0
2026-05-01T05:01:03.95Z,1
2026-05-01T05:04:01Z,0
2026-05-01T05:04:03.307Z,0
2026-05-01T09:06:36Z,0
2026-05-01T09:06:39.285Z,0
2026-05-02T05:01:00Z,0
2026-05-02T05:01:01Z,1
2026-05-02T05:01:01.028Z,0
2026-05-02T05:01:04.893Z,1
2026-05-02T05:04:01Z,0
2026-05-02T05:04:02.709Z,0
2026-05-02T09:51:25Z,0
2026-05-02T09:51:27.473Z,0
2026-05-03T05:01:01Z,1
2026-05-03T05:01:03.589Z,0
2026-05-03T05:01:04.913Z,1
2026-05-03T05:04:01Z,0
2026-05-03T05:04:02.897Z,0
2026-05-03T09:50:49Z,0
2026-05-03T09:50:51.021Z,0
2026-05-03T19:45:28Z,0
2026-05-03T19:45:30Z,0
2026-05-03T19:46:29.198Z,0
2026-05-03T19:52:40Z,0
2026-05-03T19:52:42Z,0
2026-05-03T19:53:41.367Z,0
2026-05-03T19:55:43.928Z,0
2026-05-03T20:00:09.871Z,0
2026-05-04T05:01:00Z,0
2026-05-04T05:01:00.887Z,0
2026-05-04T05:01:01Z,1
2026-05-04T05:01:04.086Z,1
2026-05-04T05:04:01Z,0
2026-05-04T05:04:02.758Z,0
2026-05-04T09:48:15Z,0
2026-05-04T09:48:17.135Z,0
2026-05-04T20:26:02.833Z,0
2026-05-05T10:45:04Z,0
2026-05-05T10:45:05Z,1
2026-05-05T10:45:13.74Z,0
2026-05-05T10:45:14.471Z,1
2026-05-05T10:48:05Z,0
2026-05-05T10:48:05.843Z,0
2026-05-05T17:10:20Z,0
2026-05-05T17:10:22.013Z,0
2026-05-06T08:13:09.928Z,0
2026-05-06T08:15:38.085Z,0
2026-05-06T16:25:06.259Z,0
2026-05-07T07:51:38.199Z,0
2026-05-07T08:09:14Z,0
2026-05-07T08:09:14.602Z,0
2026-05-07T08:09:15Z,1
2026-05-07T08:09:16Z,0
2026-05-07T08:09:18.271Z,1
2026-05-07T08:09:20.289Z,0
2026-05-07T08:44:28Z,0
2026-05-07T08:44:30Z,0
2026-05-07T08:45:30.02Z,0
2026-05-07T09:03:38.902Z,0
2026-05-07T09:27:59.812Z,0
2026-05-07T09:28:01.954Z,1
2026-05-07T09:28:04.198Z,0
2026-05-07T10:42:08.386Z,0
2026-05-07T11:24:06.288Z,0
2026-05-07T11:47:32.887Z,0
2026-05-08T09:05:13Z,0
2026-05-08T09:05:14Z,1
2026-05-08T09:05:14.296Z,0
2026-05-08T09:05:15Z,0
2026-05-08T09:05:27.043Z,1
2026-05-08T09:05:32.102Z,0
2026-05-08T13:12:00Z,0
2026-05-08T13:12:01Z,1
2026-05-08T13:12:03.719Z,0
2026-05-08T13:12:04.674Z,1
2026-05-08T13:15:01Z,0
2026-05-08T13:15:11.632Z,0
2026-05-08T13:37:30Z,0
2026-05-08T13:37:32.48Z,0
2026-05-08T13:51:49Z,0
2026-05-08T13:51:50Z,1
2026-05-08T13:51:50.791Z,0
2026-05-08T13:51:52.179Z,1
2026-05-08T13:54:50Z,0
2026-05-08T13:54:51.359Z,0
2026-05-08T16:35:01Z,0
2026-05-08T16:35:08.789Z,0
2026-05-09T05:00:00Z,0
2026-05-09T05:00:01Z,1
2026-05-09T05:00:01.501Z,0
2026-05-09T05:00:12.597Z,1
2026-05-09T05:03:01Z,0
2026-05-09T05:03:02.699Z,0
2026-05-09T08:18:42Z,0
2026-05-09T08:18:44.176Z,0
2026-05-09T08:24:00Z,0
2026-05-09T08:24:01Z,1
2026-05-09T08:24:02.805Z,0
2026-05-09T08:24:04.942Z,1
2026-05-09T08:24:53Z,0
2026-05-09T08:24:53.601Z,0
2026-05-09T08:24:54Z,1
2026-05-09T08:24:55Z,0
2026-05-09T08:24:55.155Z,1
2026-05-09T08:24:56.387Z,0
2026-05-09T09:41:36Z,0
2026-05-09T09:41:37Z,1
2026-05-09T09:41:39Z,0
2026-05-09T09:41:43.279Z,0
2026-05-09T09:41:43.854Z,0
2026-05-09T09:41:44.521Z,0
2026-05-09T09:41:45.088Z,0
2026-05-09T09:41:45.738Z,0
2026-05-09T09:41:46.307Z,0
2026-05-09T09:41:47.383Z,0
2026-05-09T09:41:58.58Z,0
2026-05-09T09:42:00.895Z,1
2026-05-09T09:42:01.395Z,1
2026-05-09T09:42:01.769Z,1
2026-05-09T09:42:02.267Z,1
2026-05-09T09:42:02.752Z,1
2026-05-09T09:42:08.649Z,1
2026-05-09T09:42:09.127Z,1
2026-05-09T09:42:15.735Z,0
2026-05-09T09:42:16.203Z,0
2026-05-09T09:42:16.573Z,0
2026-05-09T09:42:17.179Z,0
2026-05-09T09:42:23.438Z,0
2026-05-09T09:42:23.806Z,0
2026-05-09T10:00:00Z,0
2026-05-09T10:00:01Z,1
2026-05-09T10:00:01.081Z,0
2026-05-09T10:00:02Z,0
2026-05-09T10:00:02.385Z,0
2026-05-09T10:00:03.937Z,0
2026-05-09T10:00:05.146Z,0
2026-05-09T10:00:13.684Z,1
2026-05-09T10:00:14.3Z,0
2026-05-09T11:29:53Z,0
2026-05-09T11:29:54Z,1
2026-05-09T11:29:54.502Z,0
2026-05-09T11:29:54.638Z,0
2026-05-09T11:29:55Z,0
2026-05-09T11:29:55.035Z,0
2026-05-09T11:29:55.703Z,0
2026-05-09T11:29:56Z,0
2026-05-09T11:29:56.323Z,0
2026-05-09T11:29:56.91Z,0
2026-05-09T11:30:02.704Z,0
2026-05-09T11:30:05.268Z,1
2026-05-09T11:30:05.764Z,1
2026-05-09T11:30:06.153Z,1
2026-05-09T11:30:06.621Z,1
2026-05-09T11:30:07.101Z,1
2026-05-09T11:30:09.443Z,1
2026-05-09T11:30:11.026Z,0
2026-05-09T11:30:11.459Z,0
2026-05-09T11:30:11.847Z,0
2026-05-09T11:30:12.291Z,0
2026-05-09T11:30:14.646Z,0
2026-05-09T12:34:40Z,0
2026-05-09T12:34:41Z,1
2026-05-09T12:34:41.965Z,0
2026-05-09T12:34:43.051Z,1
2026-05-09T12:37:41Z,0
2026-05-09T12:37:42.077Z,0
2026-05-09T15:16:38Z,0
2026-05-09T15:16:40.919Z,0
2026-05-09T20:34:53Z,0
2026-05-09T20:34:53.539Z,0
2026-05-09T20:34:54Z,1
2026-05-09T20:34:54.15Z,0
2026-05-09T20:34:55Z,0
2026-05-09T20:34:55.209Z,0
2026-05-09T20:34:56Z,0
2026-05-09T20:34:56.06Z,0
2026-05-09T20:34:56.739Z,0
2026-05-09T20:35:03.168Z,0
2026-05-09T20:35:04.67Z,0
2026-05-09T20:35:09.371Z,1
2026-05-09T20:35:09.932Z,1
2026-05-09T20:35:10.366Z,1
2026-05-09T20:35:10.86Z,1
2026-05-09T20:35:11.394Z,1
2026-05-09T20:35:13.377Z,1
2026-05-09T20:35:14.041Z,1
2026-05-09T20:35:15.822Z,0
2026-05-09T20:35:16.221Z,0
2026-05-09T20:35:16.659Z,0
2026-05-09T20:35:17.204Z,0
2026-05-09T20:35:19.162Z,0
2026-05-09T20:35:19.636Z,0
2026-05-09T20:35:20.309Z,0
2026-05-10T06:38:15Z,0
2026-05-10T06:38:16Z,1
2026-05-10T06:38:17.919Z,0
2026-05-10T06:38:18Z,0
2026-05-10T06:38:18.864Z,1
2026-05-10T06:38:19.87Z,0
2026-05-10T10:05:00Z,0
2026-05-10T10:05:01Z,1
2026-05-10T10:05:01.009Z,0
2026-05-10T10:05:11.721Z,1
2026-05-10T10:08:01Z,0
2026-05-10T10:08:04.505Z,0
2026-05-10T11:19:34Z,0
2026-05-10T11:19:35.842Z,0
2026-05-10T11:32:12Z,0
2026-05-10T11:32:13Z,1
2026-05-10T11:32:13.602Z,0
2026-05-10T11:32:14.62Z,1
2026-05-10T11:35:13Z,0
2026-05-10T11:35:13.763Z,0
2026-05-10T12:21:37Z,0
2026-05-10T12:21:38Z,1
2026-05-10T12:21:39Z,0
2026-05-10T12:21:40Z,0
2026-05-10T12:21:43.9Z,0
2026-05-10T12:21:44.567Z,0
2026-05-10T12:21:45.269Z,0
2026-05-10T12:21:45.881Z,0
2026-05-10T12:21:46.479Z,0
2026-05-10T12:21:47.123Z,0
2026-05-10T12:21:47.698Z,0
2026-05-10T12:22:01.687Z,1
2026-05-10T12:22:02.162Z,1
2026-05-10T12:22:02.58Z,1
2026-05-10T12:22:03.055Z,1
2026-05-10T12:22:10.33Z,1
2026-05-10T12:22:15.347Z,0
2026-05-10T12:22:15.864Z,0
2026-05-10T12:22:16.26Z,0
2026-05-10T12:22:16.821Z,0
2026-05-10T12:22:17.235Z,0
2026-05-10T12:22:29.487Z,0
2026-05-10T12:36:36Z,0
2026-05-10T12:36:37Z,1
2026-05-10T12:36:38.001Z,0
2026-05-10T12:36:39.233Z,1
2026-05-10T12:39:37Z,0
2026-05-10T12:39:38.396Z,0
2026-05-10T14:59:02Z,1
2026-05-10T14:59:03Z,1
2026-05-10T14:59:04Z,0
2026-05-10T14:59:05Z,0
2026-05-10T14:59:07.612Z,0
2026-05-10T14:59:08.647Z,0
2026-05-10T14:59:09.505Z,0
2026-05-10T14:59:10.105Z,0
2026-05-10T14:59:10.802Z,0
2026-05-10T14:59:11.788Z,0
2026-05-10T14:59:12.459Z,0
2026-05-10T14:59:13.483Z,0
2026-05-10T14:59:14.189Z,0
2026-05-10T14:59:14.861Z,0
2026-05-10T14:59:15.458Z,0
2026-05-10T14:59:21.174Z,0
2026-05-10T14:59:22.177Z,0
2026-05-10T14:59:25.297Z,1
2026-05-10T14:59:25.729Z,1
2026-05-10T14:59:26.189Z,1
2026-05-10T14:59:26.606Z,1
2026-05-10T14:59:27.093Z,1
2026-05-10T14:59:27.558Z,1
2026-05-10T14:59:27.995Z,1
2026-05-10T14:59:30.32Z,1
2026-05-10T14:59:30.809Z,1
2026-05-10T14:59:31.243Z,1
2026-05-10T14:59:31.631Z,1
2026-05-10T14:59:32.135Z,1
2026-05-10T14:59:32.653Z,1
2026-05-10T14:59:39.667Z,0
2026-05-10T14:59:40.232Z,0
2026-05-10T14:59:40.691Z,0
2026-05-10T14:59:41.166Z,0
2026-05-10T14:59:41.592Z,0
2026-05-10T14:59:41.976Z,0
2026-05-10T14:59:42.435Z,0
2026-05-10T14:59:42.974Z,0
2026-05-10T14:59:44.83Z,0
2026-05-10T14:59:45.35Z,0
2026-05-10T14:59:45.825Z,0
2026-05-10T14:59:46.316Z,0
2026-05-10T14:59:46.84Z,0
2026-05-10T14:59:47.433Z,0
2026-05-10T15:20:44Z,0
2026-05-10T15:20:44.332Z,0
2026-05-10T15:20:45Z,1
2026-05-10T15:20:45.53Z,1
2026-05-10T15:23:45Z,0
2026-05-10T15:23:45.26Z,0
2026-05-10T15:48:52Z,1
2026-05-10T15:48:53Z,1
2026-05-10T15:48:54Z,0
2026-05-10T15:48:55Z,0
2026-05-10T15:48:57.938Z,0
2026-05-10T15:48:58.695Z,0
2026-05-10T15:48:59.338Z,0
2026-05-10T15:49:00.029Z,0
2026-05-10T15:49:00.631Z,0
2026-05-10T15:49:01.217Z,0
2026-05-10T15:49:01.861Z,0
2026-05-10T15:49:02.919Z,0
2026-05-10T15:49:04.066Z,0
2026-05-10T15:49:05.216Z,0
2026-05-10T15:49:05.949Z,0
2026-05-10T15:49:11.173Z,0
2026-05-10T15:49:11.74Z,0
2026-05-10T15:49:12.323Z,0
2026-05-10T15:49:16.063Z,1
2026-05-10T15:49:16.601Z,1
2026-05-10T15:49:16.995Z,1
2026-05-10T15:49:17.467Z,1
2026-05-10T15:49:18.077Z,1
2026-05-10T15:49:18.537Z,1
2026-05-10T15:49:19.055Z,1
2026-05-10T15:49:21.379Z,1
2026-05-10T15:49:21.854Z,1
2026-05-10T15:49:22.265Z,1
2026-05-10T15:49:22.641Z,1
2026-05-10T15:49:23.01Z,1
2026-05-10T15:49:23.501Z,1
2026-05-10T15:49:30.691Z,0
2026-05-10T15:49:30.994Z,0
2026-05-10T15:49:31.48Z,0
2026-05-10T15:49:31.874Z,0
2026-05-10T15:49:32.333Z,0
2026-05-10T15:49:32.853Z,0
2026-05-10T15:49:33.335Z,0
2026-05-10T15:49:36.36Z,0
2026-05-10T15:49:36.489Z,0
2026-05-10T15:49:36.69Z,0
2026-05-10T15:49:37.163Z,0
2026-05-10T15:49:37.537Z,0
2026-05-10T15:49:38.062Z,0
2026-05-10T15:49:38.44Z,0
2026-05-10T16:03:51Z,0
2026-05-10T16:03:52Z,1
2026-05-10T16:03:52.117Z,0
2026-05-10T16:03:54.054Z,1
2026-05-10T16:06:52Z,0
2026-05-10T16:06:53.555Z,0
2026-05-10T17:58:32Z,0
2026-05-10T17:58:33.617Z,0
2026-05-10T18:00:00Z,0
2026-05-10T18:00:07.82Z,0
2026-05-10T18:00:09.119Z,0
2026-05-10T18:00:20.429Z,0
2026-05-11T10:05:00Z,0
2026-05-11T10:05:01Z,1
2026-05-11T10:05:01.303Z,0
2026-05-11T10:05:12.992Z,1
2026-05-11T10:08:01Z,0
2026-05-11T10:08:04.731Z,0
2026-05-11T17:31:49Z,0
2026-05-11T17:31:51.393Z,0
2026-05-11T22:04:53Z,0
2026-05-11T22:04:53.458Z,0
2026-05-11T22:04:54Z,1
2026-05-11T22:04:54.018Z,0
2026-05-11T22:04:54.662Z,0
2026-05-11T22:04:55Z,0
2026-05-11T22:04:58.375Z,1
2026-05-11T22:04:58.8Z,1
2026-05-11T22:05:00.256Z,0
2026-05-11T22:05:00.699Z,0
2026-05-12T05:10:00Z,0
2026-05-12T05:10:01Z,1
2026-05-12T05:10:11.194Z,0
2026-05-12T05:10:11.795Z,1
2026-05-12T05:13:01Z,0
2026-05-12T05:13:02.62Z,0
2026-05-12T05:51:39Z,0
2026-05-12T05:51:41.015Z,0
2026-05-12T10:05:00Z,0
2026-05-12T10:05:01Z,1
2026-05-12T10:05:01.244Z,0
2026-05-12T10:05:08.421Z,1
2026-05-12T10:08:01Z,0
2026-05-12T10:08:02.827Z,0
2026-05-12T15:12:14Z,0
2026-05-12T15:12:14.69Z,0
2026-05-12T15:12:15.34Z,0
2026-05-12T15:12:16.385Z,0
2026-05-12T15:27:14Z,0
2026-05-12T15:27:15Z,1
2026-05-12T15:27:15.229Z,0
2026-05-12T15:27:15.539Z,1
2026-05-12T15:28:52Z,0
2026-05-12T15:28:52.752Z,0
2026-05-12T15:28:53.32Z,0
2026-05-12T15:28:53.946Z,0
2026-05-12T15:28:54.573Z,0
2026-05-12T15:43:52Z,0
2026-05-12T15:43:52.869Z,0
2026-05-12T15:43:53Z,1
2026-05-12T15:43:53.91Z,1
2026-05-12T15:46:51Z,0
2026-05-12T15:46:51.765Z,0
2026-05-12T15:59:13Z,0
2026-05-12T15:59:13.788Z,0
2026-05-12T15:59:14.358Z,0
2026-05-12T15:59:14.993Z,0
2026-05-12T15:59:15.68Z,0
2026-05-12T15:59:16.803Z,0
2026-05-12T16:16:39Z,0
2026-05-12T16:16:39.717Z,0
2026-05-12T16:16:40Z,1
2026-05-12T16:16:40.609Z,1
2026-05-12T16:16:55Z,0
2026-05-12T16:16:55.678Z,0
2026-05-12T16:16:56.696Z,0
2026-05-12T16:16:57.667Z,0
2026-05-12T16:16:58.402Z,0
2026-05-12T16:38:03Z,0
2026-05-12T16:38:03.988Z,0
2026-05-12T16:38:04Z,1
2026-05-12T16:38:04.791Z,1
2026-05-12T16:41:02Z,0
2026-05-12T16:41:03.089Z,0
2026-05-12T17:33:29Z,0
2026-05-12T17:33:30.762Z,0
2026-05-13T10:05:00Z,0
2026-05-13T10:05:00.992Z,0
2026-05-13T10:05:01Z,1
2026-05-13T10:05:12.52Z,1
2026-05-13T10:08:01Z,0
2026-05-13T10:08:02.992Z,0
2026-05-13T17:27:07Z,0
2026-05-13T17:27:09.02Z,0
2026-05-14T10:05:00Z,0
2026-05-14T10:05:01Z,1
2026-05-14T10:05:01.623Z,0
2026-05-14T10:05:13.027Z,1
2026-05-14T10:08:01Z,0
2026-05-14T10:08:02.785Z,0
2026-05-14T13:10:09Z,0
2026-05-14T13:10:14.71Z,0
2026-05-14T13:22:17Z,0
2026-05-14T13:22:18Z,1
2026-05-14T13:22:18.426Z,0
2026-05-14T13:22:19.685Z,1
2026-05-14T13:25:18Z,0
2026-05-14T13:25:18.841Z,0
2026-05-14T17:58:37Z,0
2026-05-14T17:58:38.929Z,0
2026-05-14T18:00:00Z,0
2026-05-14T18:00:01.549Z,0
2026-05-14T18:00:03.996Z,0
2026-05-15T06:41:04Z,0
2026-05-15T06:41:04.909Z,0
2026-05-15T06:41:05Z,1
2026-05-15T06:41:06.915Z,1
2026-05-15T06:44:05Z,0
2026-05-15T06:44:07.289Z,0
2026-05-15T08:22:01Z,0
2026-05-15T08:22:05.189Z,0
2026-05-15T08:38:17Z,0
2026-05-15T08:38:18Z,1
2026-05-15T08:38:19.916Z,0
2026-05-15T08:38:20.829Z,1
2026-05-15T08:39:14Z,0
2026-05-15T08:39:16.301Z,0
2026-05-15T08:53:25Z,0
2026-05-15T08:53:26Z,1
2026-05-15T08:53:28.039Z,0
2026-05-15T08:53:29.097Z,1
2026-05-15T08:56:26Z,0
2026-05-15T08:56:27.675Z,0
2026-05-15T09:04:30Z,0
2026-05-15T09:04:32.85Z,0
2026-05-15T09:30:46Z,0
2026-05-15T09:30:47Z,1
2026-05-15T09:30:48.533Z,0
2026-05-15T09:30:52.241Z,1
2026-05-15T09:33:47Z,0
2026-05-15T09:33:48.372Z,0
2026-05-15T09:40:36Z,0
2026-05-15T09:40:39.855Z,0
2026-05-15T10:18:19Z,0
2026-05-15T10:18:20Z,1
2026-05-15T10:18:20.804Z,0
2026-05-15T10:18:22.156Z,1
2026-05-15T10:21:20Z,0
2026-05-15T10:21:21.005Z,0
2026-05-15T10:34:18Z,0
2026-05-15T10:34:20.643Z,0
2026-05-15T11:51:32Z,0
2026-05-15T11:51:33Z,1
2026-05-15T11:51:33.935Z,0
2026-05-15T11:51:37.04Z,1
2026-05-15T11:54:33Z,0
2026-05-15T11:54:34.853Z,0
2026-05-15T12:01:30Z,0
2026-05-15T12:01:32.34Z,0
2026-05-15T12:24:15Z,0
2026-05-15T12:24:16Z,1
2026-05-15T12:24:17.853Z,0
2026-05-15T12:24:19.28Z,1
2026-05-15T12:27:16Z,0
2026-05-15T12:27:17.489Z,0
2026-05-15T12:41:09Z,0
2026-05-15T12:41:11.817Z,0
2026-05-16T07:00:00Z,0
2026-05-16T07:00:01Z,1
2026-05-16T07:00:01.036Z,0
2026-05-16T07:00:11.801Z,1
2026-05-16T07:03:01Z,0
2026-05-16T07:03:02.922Z,0
2026-05-16T07:07:46Z,0
2026-05-16T07:07:47.733Z,0
2026-05-16T07:36:07Z,0
2026-05-16T07:36:08Z,1
2026-05-16T07:36:08.97Z,0
2026-05-16T07:36:12.717Z,1
2026-05-16T07:39:08Z,0
2026-05-16T07:39:09.587Z,0
2026-05-16T10:26:43Z,0
2026-05-16T10:26:44.529Z,0
2026-05-16T10:47:02Z,0
2026-05-16T10:47:03Z,1
2026-05-16T10:47:04.194Z,0
2026-05-16T10:47:07.05Z,1
2026-05-16T10:50:03Z,0
2026-05-16T10:50:17.586Z,0
2026-05-16T11:04:44Z,0
2026-05-16T11:04:47.14Z,0
2026-05-16T11:24:24Z,0
2026-05-16T11:24:25Z,1
2026-05-16T11:24:26.944Z,0
2026-05-16T11:24:31.549Z,1
2026-05-16T11:27:25Z,0
2026-05-16T11:27:26.679Z,0
2026-05-16T11:39:25Z,0
2026-05-16T11:39:27.724Z,0
2026-05-16T11:58:39Z,0
2026-05-16T11:58:40Z,1
2026-05-16T11:58:41.319Z,0
2026-05-16T11:58:44.805Z,1
2026-05-16T12:01:40Z,0
2026-05-16T12:01:41.214Z,0
2026-05-16T12:16:15Z,0
2026-05-16T12:16:17.257Z,0
2026-05-16T12:43:35Z,0
2026-05-16T12:43:36Z,1
2026-05-16T12:43:36.493Z,0
2026-05-16T12:43:37.887Z,1
2026-05-16T12:46:36Z,0
2026-05-16T12:46:37.065Z,0
2026-05-16T13:16:43Z,0
2026-05-16T13:16:46.171Z,0
2026-05-16T13:31:00Z,0
2026-05-16T13:31:01Z,1
2026-05-16T13:31:03.655Z,0
2026-05-16T13:31:04.587Z,1
2026-05-16T13:34:01Z,0
2026-05-16T13:34:02.768Z,0
2026-05-16T16:08:28Z,0
2026-05-16T16:08:31.107Z,0
2026-05-16T16:43:11Z,0
2026-05-16T16:43:12Z,1
2026-05-16T16:43:13.507Z,0
2026-05-16T16:43:18.351Z,1
2026-05-16T16:46:12Z,0
2026-05-16T16:46:13.679Z,0
2026-05-16T17:10:34Z,0
2026-05-16T17:10:35.872Z,0
2026-05-16T17:28:30Z,0
2026-05-16T17:28:31Z,1
2026-05-16T17:28:31.892Z,0
2026-05-16T17:28:33.214Z,1
2026-05-16T17:31:31Z,0
2026-05-16T17:31:32.135Z,0
2026-05-16T17:33:25Z,0
2026-05-16T17:33:27.143Z,0
2026-05-17T07:03:22Z,0
2026-05-17T07:03:23Z,1
2026-05-17T07:03:24.006Z,0
2026-05-17T07:03:27.435Z,1
2026-05-17T07:06:23Z,0
2026-05-17T07:06:24.35Z,0
2026-05-17T07:07:53Z,0
2026-05-17T07:07:55.168Z,0
2026-05-17T07:55:56Z,0
2026-05-17T07:55:57Z,1
2026-05-17T07:55:58.076Z,0
2026-05-17T07:56:01.392Z,1
2026-05-17T07:58:57Z,0
2026-05-17T07:58:58.523Z,0
2026-05-17T08:09:58Z,0
2026-05-17T08:09:59.79Z,0
2026-05-17T08:26:30Z,0
2026-05-17T08:26:31Z,1
2026-05-17T08:26:31.719Z,0
2026-05-17T08:26:32.659Z,1
2026-05-17T08:29:31Z,0
2026-05-17T08:29:32.21Z,0
2026-05-17T08:36:12Z,0
2026-05-17T08:36:14.027Z,0
2026-05-17T09:17:10Z,0
2026-05-17T09:17:11Z,1
2026-05-17T09:17:13.004Z,0
2026-05-17T09:17:16.637Z,1
2026-05-17T09:20:11Z,0
2026-05-17T09:20:15.321Z,0
2026-05-17T09:25:49Z,0
2026-05-17T09:25:51.613Z,0
2026-05-17T09:45:36Z,0
2026-05-17T09:45:37Z,1
2026-05-17T09:45:38.526Z,0
2026-05-17T09:45:40.627Z,1
2026-05-17T09:48:37Z,0
2026-05-17T09:48:38.288Z,0
2026-05-17T10:09:49Z,0
2026-05-17T10:09:50.824Z,0
2026-05-17T10:24:01Z,0
2026-05-17T10:24:02Z,1
2026-05-17T10:24:03.44Z,0
2026-05-17T10:24:06.351Z,1
2026-05-17T10:27:02Z,0
2026-05-17T10:27:03.119Z,0
2026-05-17T10:28:14Z,0
2026-05-17T10:28:17.595Z,0
2026-05-17T10:53:34Z,0
2026-05-17T10:53:35Z,1
2026-05-17T10:53:36.153Z,0
2026-05-17T10:53:38.882Z,1
2026-05-17T10:56:35Z,0
2026-05-17T10:56:36.668Z,0
2026-05-17T11:04:00Z,0
2026-05-17T11:04:04.202Z,0
2026-05-17T11:28:46Z,0
2026-05-17T11:28:47Z,1
2026-05-17T11:28:47.819Z,0
2026-05-17T11:28:48.864Z,1
2026-05-17T11:31:47Z,0
2026-05-17T11:31:48.082Z,0
2026-05-17T13:01:48Z,0
2026-05-17T13:01:50.257Z,0
2026-05-17T13:18:54Z,0
2026-05-17T13:18:55Z,1
2026-05-17T13:18:56.391Z,0
2026-05-17T13:18:59.198Z,1
2026-05-17T13:21:56Z,0
2026-05-17T13:21:56.675Z,0
2026-05-17T13:44:09Z,0
2026-05-17T13:44:11.43Z,0
2026-05-18T07:20:02Z,0
2026-05-18T07:20:03Z,1
2026-05-18T07:20:08.747Z,0
2026-05-18T07:20:10.318Z,1
2026-05-18T07:23:03Z,0
2026-05-18T07:23:04.965Z,0
2026-05-18T08:06:11Z,0
2026-05-18T08:06:11.842Z,0
2026-05-18T08:29:03Z,0
2026-05-18T08:29:04Z,1
2026-05-18T08:29:04.54Z,0
2026-05-18T08:29:05.89Z,1
2026-05-18T08:32:04Z,0
2026-05-18T08:32:04.987Z,0
2026-05-18T09:05:25Z,0
2026-05-18T09:05:27.171Z,0
2026-05-18T09:54:40Z,0
2026-05-18T09:54:41Z,1
2026-05-18T09:54:42.543Z,0
2026-05-18T09:54:43.835Z,1
2026-05-18T09:57:41Z,0
2026-05-18T09:57:42.593Z,0
2026-05-18T10:12:38Z,0
2026-05-18T10:12:38.786Z,0
2026-05-18T10:12:39Z,0
2026-05-18T10:12:39.452Z,0
2026-05-18T10:12:40.663Z,0
2026-05-18T10:12:41.44Z,0
2026-05-18T10:12:43.109Z,0
2026-05-18T10:12:44.533Z,0
2026-05-18T10:12:45.508Z,0
2026-05-18T10:12:46.909Z,0
2026-05-18T10:12:48.276Z,0
2026-05-18T10:12:49.11Z,0
2026-05-18T10:12:49.783Z,0
2026-05-18T10:12:51.513Z,0
2026-05-18T10:12:52.319Z,0
2026-05-18T10:12:53.043Z,0
2026-05-18T10:12:53.798Z,0
2026-05-18T10:12:54.573Z,0
2026-05-18T10:12:55.184Z,0
2026-05-18T10:12:55.985Z,0
2026-05-18T10:12:56.623Z,0
2026-05-18T10:12:57.461Z,0
2026-05-18T10:12:58.129Z,0
2026-05-18T10:12:58.788Z,0
2026-05-18T10:12:59.405Z,0
2026-05-18T10:13:00.499Z,0
2026-05-18T10:13:01.236Z,0
2026-05-18T10:13:02.439Z,0
2026-05-18T10:13:03.244Z,0
2026-05-18T10:19:09Z,0
2026-05-18T10:19:11.351Z,0
2026-05-18T10:53:52Z,0
2026-05-18T10:53:53Z,1
2026-05-18T10:53:54.626Z,0
2026-05-18T10:53:57.733Z,1
2026-05-18T10:56:53Z,0
2026-05-18T10:56:54.488Z,0
2026-05-18T12:01:32Z,0
2026-05-18T12:01:33Z,0
2026-05-18T12:01:33.083Z,0
2026-05-18T12:01:33.689Z,0
2026-05-18T12:01:34.785Z,0
2026-05-18T12:01:35.386Z,0
2026-05-18T12:01:35.985Z,0
2026-05-18T12:01:37.076Z,0
2026-05-18T12:01:38.359Z,0
2026-05-18T12:01:39.088Z,0
2026-05-18T12:01:40.259Z,0
2026-05-18T12:01:40.84Z,0
2026-05-18T12:01:41.577Z,0
2026-05-18T12:01:42.152Z,0
2026-05-18T12:01:43.31Z,0
2026-05-18T12:01:44.69Z,0
2026-05-18T12:01:45.85Z,0
2026-05-18T12:01:46.922Z,0
2026-05-18T12:01:47.694Z,0
2026-05-18T12:01:48.845Z,0
2026-05-18T12:01:49.597Z,0
2026-05-18T12:01:50.659Z,0
2026-05-18T12:01:51.62Z,0
2026-05-18T12:01:52.358Z,0
2026-05-18T12:01:53.205Z,0
2026-05-18T12:01:53.823Z,0
2026-05-18T12:31:53Z,0
2026-05-18T12:31:54Z,1
2026-05-18T12:31:55.844Z,0
2026-05-18T12:31:57.014Z,1
2026-05-18T12:34:52Z,0
2026-05-18T12:34:52.788Z,0
2026-05-18T18:00:00Z,0
2026-05-18T18:00:05.082Z,0
2026-05-18T18:00:14.878Z,0
2026-05-18T18:00:19.948Z,0
2026-05-18T18:00:21.061Z,0
2026-05-18T18:00:26.303Z,0
2026-05-18T21:18:47.579Z,0
2026-05-19T04:00:00Z,0
2026-05-19T04:00:01Z,1
2026-05-19T04:00:01.161Z,0
2026-05-19T04:00:11.82Z,1
2026-05-19T04:03:01Z,0
2026-05-19T04:03:02.936Z,0
2026-05-19T06:12:32Z,0
2026-05-19T06:12:34.966Z,0
2026-05-19T08:01:57Z,0
2026-05-19T08:01:58Z,1
2026-05-19T08:01:59.606Z,0
2026-05-19T08:02:02.627Z,1
2026-05-19T08:04:58Z,0
2026-05-19T08:04:59.977Z,0
2026-05-19T08:18:16Z,0
2026-05-19T08:18:18.734Z,0
2026-05-19T09:09:42Z,0
2026-05-19T09:09:43Z,1
2026-05-19T09:09:44.279Z,0
2026-05-19T09:09:48.015Z,1
2026-05-19T09:12:43Z,0
2026-05-19T09:12:44.411Z,0
2026-05-19T18:00:00Z,0
2026-05-19T18:00:14.862Z,0
2026-05-19T18:24:05Z,0
2026-05-19T18:24:06Z,1
2026-05-19T18:24:06.607Z,0
2026-05-19T18:24:08.101Z,1
2026-05-19T18:27:06Z,0
2026-05-19T18:27:10.287Z,0
2026-05-19T18:53:36Z,0
2026-05-19T18:53:38.076Z,0
2026-05-20T06:49:20Z,0
2026-05-20T06:49:21Z,1
2026-05-20T06:49:21.802Z,0
2026-05-20T06:49:22.829Z,1
2026-05-20T06:52:21Z,0
2026-05-20T06:52:21.823Z,0
2026-05-20T09:49:52Z,0
2026-05-20T09:49:52.957Z,0
2026-05-20T09:49:57Z,0
2026-05-20T09:49:58.766Z,0
2026-05-20T10:15:50Z,0
2026-05-20T10:15:50.653Z,0
2026-05-20T10:15:51Z,1
2026-05-20T10:15:51.452Z,1
2026-05-20T10:18:51Z,0
2026-05-20T10:18:51.489Z,0
2026-05-20T18:00:00Z,0
2026-05-20T18:00:05Z,0
2026-05-20T18:00:06Z,1
2026-05-20T18:00:10Z,0
2026-05-20T18:00:13.338Z,0
2026-05-20T18:00:21.286Z,0
2026-05-20T18:00:22.687Z,1
2026-05-20T18:00:27.732Z,0
2026-05-20T18:38:09Z,0
2026-05-20T18:38:11.311Z,0
2026-05-21T06:19:35Z,0
2026-05-21T06:19:36Z,1
2026-05-21T06:19:36.511Z,0
2026-05-21T06:19:38.096Z,1
2026-05-21T06:22:36Z,0
2026-05-21T06:22:37.166Z,0
2026-05-21T06:25:03Z,0
2026-05-21T06:25:13.153Z,0
2026-05-21T06:57:31Z,0
2026-05-21T06:57:32Z,1
2026-05-21T06:57:32.683Z,0
2026-05-21T06:57:35.605Z,1
2026-05-21T07:00:32Z,0
2026-05-21T07:00:33.662Z,0
2026-05-21T07:09:03Z,0
2026-05-21T07:09:06.578Z,0
2026-05-21T09:00:24Z,0
2026-05-21T09:00:25Z,1
2026-05-21T09:00:28.619Z,0
2026-05-21T09:00:31.828Z,1
2026-05-21T09:03:25Z,0
2026-05-21T09:03:26.154Z,0
2026-05-21T09:45:28Z,0
2026-05-21T09:45:29.783Z,0
2026-05-21T12:31:30Z,0
2026-05-21T12:31:31Z,1
2026-05-21T12:31:32.113Z,0
2026-05-21T12:31:33.318Z,1
2026-05-21T12:33:01Z,0
2026-05-21T12:33:03.864Z,0
2026-05-21T12:38:20Z,0
2026-05-21T12:38:23.907Z,0
2026-05-21T13:13:23Z,0
2026-05-21T13:13:24Z,1
2026-05-21T13:13:25.311Z,0
2026-05-21T13:13:26.356Z,1
2026-05-21T13:14:54Z,0
2026-05-21T13:14:55.387Z,0
2026-05-21T13:20:03Z,0
2026-05-21T13:20:16.79Z,0
2026-05-23T10:30:23Z,0
2026-05-23T10:30:24Z,1
2026-05-23T10:30:25.923Z,0
2026-05-23T10:30:27.484Z,1
2026-05-23T10:31:54Z,0
2026-05-23T10:31:55.601Z,0
2026-05-23T10:43:39Z,0
2026-05-23T10:43:41.26Z,0
2026-05-23T10:55:29Z,0
2026-05-23T10:55:30Z,1
2026-05-23T10:55:31.138Z,0
2026-05-23T10:55:32.999Z,1
2026-05-23T10:57:00Z,0
2026-05-23T10:57:02.63Z,0
2026-05-23T11:00:00Z,0
2026-05-23T11:00:00.994Z,0
2026-05-23T11:00:09Z,0
2026-05-23T11:00:10Z,1
2026-05-23T11:00:18Z,0
2026-05-23T11:00:18.846Z,0
2026-05-23T11:00:20.21Z,1
2026-05-23T11:00:22.926Z,0
2026-05-23T11:02:33Z,0
2026-05-23T11:02:34.787Z,0
2026-05-23T12:13:53Z,0
2026-05-23T12:13:54Z,1
2026-05-23T12:13:55.279Z,0
2026-05-23T12:13:57.48Z,1
2026-05-23T12:15:24Z,0
2026-05-23T12:15:25.56Z,0
2026-05-23T12:20:58Z,0
2026-05-23T12:21:01.122Z,0
2026-05-23T12:49:09Z,0
2026-05-23T12:49:10Z,1
2026-05-23T12:49:10.564Z,0
2026-05-23T12:49:11.525Z,1
2026-05-23T12:50:40Z,0
2026-05-23T12:50:43.165Z,0
2026-05-23T12:58:16Z,0
2026-05-23T12:58:18.515Z,0
2026-05-23T13:15:58Z,0
2026-05-23T13:15:59Z,1
2026-05-23T13:16:00.397Z,0
2026-05-23T13:16:03.246Z,1
2026-05-23T13:17:29Z,0
2026-05-23T13:17:30.29Z,0
2026-05-23T13:26:18Z,0
2026-05-23T13:26:20.808Z,0
2026-05-23T14:20:06Z,0
2026-05-23T14:20:07Z,1
2026-05-23T14:20:14.815Z,0
2026-05-23T14:20:15.071Z,1
2026-05-23T14:21:36Z,0
2026-05-23T14:21:37.549Z,0
2026-05-23T14:37:34Z,0
2026-05-23T14:37:35Z,1
2026-05-23T14:37:36.242Z,0
2026-05-23T14:37:39.405Z,1
2026-05-23T14:39:05Z,0
2026-05-23T14:39:06.358Z,0
2026-05-23T14:49:03Z,0
2026-05-23T14:49:07.016Z,0
2026-05-23T16:05:13Z,0
2026-05-23T16:05:22.109Z,0
2026-05-23T16:05:23.203Z,0
2026-05-23T16:05:23.934Z,0
2026-05-23T16:05:24.487Z,0
2026-05-23T16:05:25.254Z,0
2026-05-24T11:41:47Z,0
2026-05-24T11:41:48Z,1
2026-05-24T11:41:49.405Z,0
2026-05-24T11:41:50.849Z,1
2026-05-24T11:43:18Z,0
2026-05-24T11:43:18.931Z,0
2026-05-24T11:52:56Z,0
2026-05-24T11:52:57.748Z,0
2026-05-24T12:05:56Z,0
2026-05-24T12:05:57Z,1
2026-05-24T12:05:58.635Z,0
2026-05-24T12:06:02.639Z,1
2026-05-24T12:07:27Z,0
2026-05-24T12:07:28.09Z,0
2026-05-24T13:52:39Z,0
2026-05-24T13:52:42.335Z,0
2026-05-24T14:30:07Z,0
2026-05-24T14:30:08Z,1
2026-05-24T14:30:14.494Z,0
2026-05-24T14:30:15.716Z,1
2026-05-24T14:31:38Z,0
2026-05-24T14:31:40.472Z,0
2026-05-24T15:21:30Z,0
2026-05-24T15:21:32.833Z,0
2026-05-24T16:19:06Z,0
2026-05-24T16:19:19.174Z,0
2026-05-24T16:34:33Z,0
2026-05-24T16:34:34Z,1
2026-05-24T16:34:34.217Z,0
2026-05-24T16:34:35.323Z,1
2026-05-24T16:36:04Z,0
2026-05-24T16:36:07.201Z,0
2026-05-24T16:45:03Z,0
2026-05-24T16:45:11.299Z,0
2026-05-25T07:05:08Z,0
2026-05-25T07:05:09Z,1
2026-05-25T07:05:11.597Z,0
2026-05-25T07:05:12.214Z,1
2026-05-25T07:06:39Z,0
2026-05-25T07:06:40.423Z,0
2026-05-25T08:14:23Z,0
2026-05-25T08:14:25.034Z,0
2026-05-25T08:14:33Z,0
2026-05-25T08:14:34.827Z,0
2026-05-25T08:31:16Z,0
2026-05-25T08:31:17Z,1
2026-05-25T08:31:18.289Z,0
2026-05-25T08:31:19.27Z,1
2026-05-25T08:32:47Z,0
2026-05-25T08:32:48.182Z,0
2026-05-25T08:42:42Z,0
2026-05-25T08:42:43.699Z,0
2026-05-25T10:29:13Z,0
2026-05-25T10:29:14Z,1
2026-05-25T10:29:16.878Z,0
2026-05-25T10:29:18.643Z,1
2026-05-25T10:30:44Z,0
2026-05-25T10:30:44.731Z,0
2026-05-25T10:35:57Z,0
2026-05-25T10:36:00.798Z,0
2026-05-25T10:55:53Z,0
2026-05-25T10:55:54Z,1
2026-05-25T10:55:56.272Z,0
2026-05-25T10:56:00.707Z,1
2026-05-25T10:57:24Z,0
2026-05-25T10:57:25.687Z,0
2026-05-25T11:00:00Z,0
2026-05-25T11:00:01.043Z,0
2026-05-25T11:00:04Z,0
2026-05-25T11:00:05Z,1
2026-05-25T11:00:07Z,0
2026-05-25T11:00:12.775Z,0
2026-05-25T11:00:13.437Z,1
2026-05-25T11:00:14.549Z,0
2026-05-25T11:02:18Z,0
2026-05-25T11:02:21.053Z,0
2026-05-25T11:15:59Z,0
2026-05-25T11:16:00Z,1
2026-05-25T11:16:01.727Z,0
2026-05-25T11:16:07.224Z,1
2026-05-25T11:17:30Z,0
2026-05-25T11:17:31.605Z,0
2026-05-25T11:24:34Z,0
2026-05-25T11:24:36.613Z,0
2026-05-25T11:56:20Z,0
2026-05-25T11:56:21Z,1
2026-05-25T11:56:22.748Z,0
2026-05-25T11:56:25.247Z,1
2026-05-25T11:57:51Z,0
2026-05-25T11:57:51.802Z,0
2026-05-25T12:05:01Z,0
2026-05-25T12:05:09.808Z,0
2026-05-25T12:24:13Z,0
2026-05-25T12:24:14Z,1
2026-05-25T12:24:15.364Z,0
2026-05-25T12:24:18.218Z,1
2026-05-25T12:25:44Z,0
2026-05-25T12:25:45.113Z,0
2026-05-25T12:32:51Z,0
2026-05-25T12:32:53.332Z,0
2026-05-25T12:52:02Z,0
2026-05-25T12:52:03Z,1
2026-05-25T12:52:04.53Z,0
2026-05-25T12:52:05.842Z,1
2026-05-25T12:53:33Z,0
2026-05-25T12:53:33.892Z,0
2026-05-25T12:59:38Z,0
2026-05-25T12:59:42.606Z,0
2026-05-25T13:38:22Z,0
2026-05-25T13:38:23Z,1
2026-05-25T13:38:23.987Z,0
2026-05-25T13:38:24.975Z,1
2026-05-25T13:39:53Z,0
2026-05-25T13:39:54.234Z,0
2026-05-25T13:45:06Z,0
2026-05-25T13:45:12.994Z,0
2026-05-25T14:11:21Z,0
2026-05-25T14:11:22Z,1
2026-05-25T14:11:22.711Z,0
2026-05-25T14:11:23.955Z,1
2026-05-25T14:12:52Z,0
2026-05-25T14:12:53.013Z,0
2026-05-25T14:18:54Z,0
2026-05-25T14:18:56.037Z,0
2026-05-26T06:34:35Z,0
2026-05-26T06:34:36Z,1
2026-05-26T06:34:37.642Z,0
2026-05-26T06:34:40.745Z,1
2026-05-26T06:36:06Z,0
2026-05-26T06:36:08.728Z,0
2026-05-26T07:08:19Z,0
2026-05-26T07:08:22.6Z,0
2026-05-26T07:30:59Z,0
2026-05-26T07:31:00Z,1
2026-05-26T07:31:01.888Z,0
2026-05-26T07:31:06.947Z,1
2026-05-26T07:32:30Z,0
2026-05-26T07:32:32.391Z,0
2026-05-26T07:56:07Z,0
2026-05-26T07:56:08Z,0
2026-05-26T07:56:12.981Z,0
2026-05-26T07:56:13.602Z,0
2026-05-26T07:56:14.32Z,0
2026-05-26T07:56:15.279Z,0
2026-05-26T07:56:16.473Z,0
2026-05-26T07:56:27.226Z,0
2026-05-26T08:11:06Z,0
2026-05-26T08:11:07Z,1
2026-05-26T08:11:07.137Z,0
2026-05-26T08:11:08.197Z,1
2026-05-26T08:12:37Z,0
2026-05-26T08:12:39.601Z,0
2026-05-26T08:30:00Z,0
2026-05-26T08:30:02.436Z,0
2026-05-26T08:30:05.731Z,0
2026-05-26T08:30:06.452Z,0
2026-05-26T11:00:37Z,0
2026-05-26T11:00:38Z,1
2026-05-26T11:00:40.364Z,0
2026-05-26T11:00:43.498Z,1
2026-05-26T11:02:08Z,0
2026-05-26T11:02:09.547Z,0
2026-05-26T11:06:30Z,0
2026-05-26T11:06:32.54Z,0
2026-05-26T11:35:40Z,0
2026-05-26T11:35:41Z,1
2026-05-26T11:35:41.791Z,0
2026-05-26T11:35:42.739Z,1
2026-05-26T11:37:11Z,0
2026-05-26T11:37:13.414Z,0
2026-05-26T11:40:35Z,0
2026-05-26T11:40:37.197Z,0
2026-05-26T11:53:31Z,0
2026-05-26T11:53:31.414Z,0
2026-05-26T12:23:11Z,0
2026-05-26T12:23:12Z,1
2026-05-26T12:23:14.433Z,0
2026-05-26T12:23:15.841Z,1
2026-05-26T12:24:42Z,0
2026-05-26T12:24:43.411Z,0
2026-05-26T12:30:12Z,0
2026-05-26T12:30:14.244Z,0
2026-05-26T12:56:15Z,0
2026-05-26T12:56:16Z,1
2026-05-26T12:56:18.862Z,0
2026-05-26T12:56:22.59Z,1
2026-05-26T12:57:46Z,0
2026-05-26T12:57:47.423Z,0
2026-05-26T13:05:24Z,0
2026-05-26T13:05:26.907Z,0
2026-05-26T13:23:47Z,0
2026-05-26T13:23:48Z,1
2026-05-26T13:23:50.681Z,0
2026-05-26T13:23:50.969Z,1
2026-05-26T13:25:18Z,0
2026-05-26T13:25:20.841Z,0
2026-05-26T13:30:33Z,0
2026-05-26T13:30:35.801Z,0
2026-05-26T13:57:35Z,0
2026-05-26T13:57:36Z,1
2026-05-26T13:57:37.568Z,0
2026-05-26T13:57:40.431Z,1
2026-05-26T13:59:06Z,0
2026-05-26T13:59:09.671Z,0
2026-05-26T14:07:37Z,0
2026-05-26T14:07:39.267Z,0
2026-05-26T14:37:00Z,0
2026-05-26T14:37:01Z,1
2026-05-26T14:37:02.784Z,0
2026-05-26T14:37:04.073Z,1
2026-05-26T14:38:31Z,0
2026-05-26T14:38:32.225Z,0
2026-05-26T14:42:34Z,0
2026-05-26T14:42:35Z,0
2026-05-26T14:42:39.167Z,0
2026-05-26T14:42:40.137Z,0
2026-05-26T14:42:40.714Z,0
2026-05-26T14:42:41.947Z,0
2026-05-26T14:42:42.444Z,0
2026-05-26T14:42:43.183Z,0
2026-05-26T14:42:43.801Z,0
2026-05-26T14:42:44.396Z,0
2026-05-26T14:42:44.986Z,0
2026-05-26T14:42:45.593Z,0
2026-05-26T14:42:46.646Z,0
2026-05-26T14:42:47.846Z,0
2026-05-26T14:42:48.985Z,0
2026-05-26T14:42:49.596Z,0
2026-05-26T14:42:50.66Z,0
2026-05-26T14:42:51.428Z,0
2026-05-26T14:42:52.059Z,0
2026-05-26T14:42:53.076Z,0
2026-05-26T14:42:53.811Z,0
2026-05-26T14:42:54.848Z,0
2026-05-26T15:00:02Z,0
2026-05-26T15:00:03Z,1
2026-05-26T15:00:11.104Z,0
2026-05-26T15:00:11.689Z,1
2026-05-26T15:01:34Z,0
2026-05-26T15:01:34.736Z,0
2026-05-26T15:07:38Z,0
2026-05-26T15:07:40.527Z,0
2026-05-26T17:14:41Z,0
2026-05-26T17:14:41.574Z,0
2026-05-26T17:14:42Z,1
2026-05-26T17:14:42.555Z,1
2026-05-26T17:16:12Z,0
2026-05-26T17:16:12.73Z,0
2026-05-26T17:23:41Z,0
2026-05-26T17:23:42Z,0
2026-05-26T17:23:47.415Z,0
2026-05-26T17:23:48.177Z,0
2026-05-26T17:23:49.353Z,0
2026-05-26T17:23:50.16Z,0
2026-05-26T17:23:51.343Z,0
2026-05-26T17:24:02.92Z,0
2026-05-26T17:39:13Z,0
2026-05-26T17:39:13.957Z,0
2026-05-26T17:39:14Z,1
2026-05-26T17:39:14.877Z,1
2026-05-26T17:40:44Z,0
2026-05-26T17:40:44.791Z,0
2026-05-26T17:58:01Z,0
2026-05-26T17:58:02Z,0
2026-05-26T17:58:07.448Z,0
2026-05-26T17:58:08.154Z,0
2026-05-26T17:58:09.131Z,0
2026-05-26T17:58:09.704Z,0
2026-05-26T17:58:10.384Z,0
2026-05-26T17:58:10.969Z,0
2026-05-26T17:58:23.006Z,0
2026-05-26T17:58:23.586Z,0
2026-05-26T18:14:32Z,0
2026-05-26T18:14:32.613Z,0
2026-05-26T18:14:33Z,0
2026-05-26T18:14:33.324Z,0
2026-05-26T18:14:34.259Z,0
2026-05-26T18:14:34.98Z,0
2026-05-26T18:14:36.017Z,0
2026-05-26T18:14:37.11Z,0
2026-05-26T18:14:38.187Z,0
2026-05-26T18:14:38.938Z,0
2026-05-26T18:14:39.573Z,0
2026-05-26T18:14:40.218Z,0
2026-05-26T18:14:40.829Z,0
2026-05-26T18:14:41.412Z,0
2026-05-26T18:14:42.011Z,0
2026-05-26T18:14:42.574Z,0
2026-05-26T18:14:43.161Z,0
2026-05-26T18:14:43.756Z,0
2026-05-26T18:14:44.753Z,0
2026-05-26T18:14:45.492Z,0
2026-05-26T18:14:46.586Z,0
2026-05-26T18:14:47.272Z,0
2026-05-26T18:14:47.871Z,0
2026-05-26T18:14:48.94Z,0
2026-05-26T18:14:49.527Z,0
2026-05-26T18:14:50.107Z,0
2026-05-26T18:14:50.807Z,0
2026-05-26T18:14:53.536Z,0
2026-05-26T18:14:53.674Z,0
2026-05-27T05:54:10Z,0
2026-05-27T05:54:10.53Z,0
2026-05-27T05:54:11Z,1
2026-05-27T05:54:11.508Z,1
2026-05-27T05:55:41Z,0
2026-05-27T05:55:41.615Z,0
2026-05-27T06:21:20Z,0
2026-05-27T06:21:22.712Z,0
2026-05-27T06:47:10Z,0
2026-05-27T06:47:11.959Z,0
2026-05-27T06:47:12Z,1
2026-05-27T06:47:13.387Z,1
2026-05-27T06:48:42Z,0
2026-05-27T06:48:42.713Z,0
2026-05-27T07:51:36Z,0
2026-05-27T07:51:38.552Z,0
2026-05-27T08:02:37Z,0
2026-05-27T08:02:38Z,1
2026-05-27T08:02:38.279Z,0
2026-05-27T08:02:39.577Z,1
2026-05-27T08:04:08Z,0
2026-05-27T08:04:09.021Z,0
2026-05-27T08:30:00Z,0
2026-05-27T08:30:11.212Z,0
2026-05-27T08:30:11.816Z,0
2026-05-27T08:30:13.724Z,0
2026-05-27T10:13:43Z,0
2026-05-27T10:13:44Z,1
2026-05-27T10:13:45.843Z,0
2026-05-27T10:13:48.937Z,1
2026-05-27T10:15:14Z,0
2026-05-27T10:15:15.026Z,0
2026-05-27T10:15:37Z,0
2026-05-27T10:15:38Z,0
2026-05-27T10:15:42.72Z,0
2026-05-27T10:15:43.959Z,0
2026-05-27T10:15:45.246Z,0
2026-05-27T10:15:46.348Z,0
2026-05-27T10:15:47.457Z,0
2026-05-27T10:15:48.115Z,0
2026-05-27T10:15:48.912Z,0
2026-05-27T10:15:49.948Z,0
2026-05-27T10:15:50.653Z,0
2026-05-27T10:15:51.759Z,0
2026-05-27T10:15:53.013Z,0
2026-05-27T10:15:53.76Z,0
2026-05-27T10:15:54.617Z,0
2026-05-27T10:15:55.346Z,0
2026-05-27T10:15:56.025Z,0
2026-05-27T10:15:56.715Z,0
2026-05-27T10:15:57.378Z,0
2026-05-27T10:15:58.102Z,0
2026-05-27T10:15:59.277Z,0
2026-05-27T12:08:43Z,0
2026-05-27T12:08:47.544Z,0
2026-05-27T12:44:02Z,0
2026-05-27T12:44:03Z,1
2026-05-27T12:44:05.048Z,0
2026-05-27T12:44:08.323Z,1
2026-05-27T12:45:33Z,0
2026-05-27T12:45:34.371Z,0
2026-05-27T13:12:58Z,0
2026-05-27T13:12:59.573Z,0
2026-05-27T14:02:19Z,0
2026-05-27T14:02:20Z,1
2026-05-27T14:02:21.036Z,0
2026-05-27T14:02:25.189Z,1
2026-05-27T14:03:50Z,0
2026-05-27T14:03:50.972Z,0
2026-05-27T14:15:31Z,0
2026-05-27T14:15:34.298Z,0
2026-05-28T06:31:24Z,0
2026-05-28T06:31:25Z,1
2026-05-28T06:31:27.115Z,0
2026-05-28T06:31:31.916Z,1
2026-05-28T06:32:55Z,0
2026-05-28T06:32:56.379Z,0
2026-05-28T08:30:00Z,0
2026-05-28T08:30:03.429Z,0
2026-05-28T08:30:16.931Z,0
2026-05-28T08:30:18.394Z,0
2026-05-28T08:30:21.119Z,0
2026-05-28T11:05:44Z,0
2026-05-28T11:05:45Z,1
2026-05-28T11:05:46.237Z,0
2026-05-28T11:05:47.148Z,1
2026-05-28T11:07:15Z,0
2026-05-28T11:07:16.368Z,0
2026-05-28T11:07:24Z,0
2026-05-28T11:07:25Z,0
2026-05-28T11:07:29.76Z,0
2026-05-28T11:07:30.948Z,0
2026-05-28T11:07:32.14Z,0
2026-05-28T11:07:33.228Z,0
2026-05-28T11:07:33.914Z,0
2026-05-28T11:07:34.506Z,0
2026-05-28T11:07:35.705Z,0
2026-05-28T11:07:36.338Z,0
2026-05-28T11:07:37.489Z,0
2026-05-28T11:07:38.062Z,0
2026-05-28T11:07:38.73Z,0
2026-05-28T11:07:39.299Z,0
2026-05-28T11:07:40.264Z,0
2026-05-28T11:07:41.446Z,0
2026-05-28T11:07:42.533Z,0
2026-05-28T11:07:43.272Z,0
2026-05-28T11:07:44.319Z,0
2026-05-28T11:07:44.973Z,0
2026-05-28T11:07:45.386Z,0
2026-05-28T11:42:37Z,0
2026-05-28T11:42:38Z,1
2026-05-28T11:42:38.59Z,0
2026-05-28T11:42:40.013Z,1
2026-05-28T11:44:08Z,0
2026-05-28T11:44:09.75Z,0
2026-05-28T11:49:23Z,0
2026-05-28T11:49:26.66Z,0
2026-05-28T11:50:08Z,0
2026-05-28T11:50:09Z,0
2026-05-28T11:50:11.332Z,0
2026-05-28T11:50:11.887Z,0
2026-05-28T11:50:12.585Z,0
2026-05-28T11:50:13.271Z,0
2026-05-28T11:50:14.294Z,0
2026-05-28T11:50:14.877Z,0
2026-05-28T11:50:15.498Z,0
2026-05-28T11:50:16.17Z,0
2026-05-28T11:50:17.199Z,0
2026-05-28T11:50:18.004Z,0
2026-05-28T11:50:18.593Z,0
2026-05-28T11:50:19.206Z,0
2026-05-28T11:50:20.2Z,0
2026-05-28T11:50:20.798Z,0
2026-05-28T11:50:21.394Z,0
2026-05-28T11:50:22.148Z,0
2026-05-28T11:50:22.746Z,0
2026-05-28T11:50:23.786Z,0
2026-05-28T11:50:24.461Z,0
2026-05-28T11:50:25.467Z,0
2026-05-28T11:50:26.551Z,0
2026-05-28T11:50:27.75Z,0
2026-05-28T11:50:28.499Z,0
2026-05-28T11:50:29.199Z,0
2026-05-28T11:50:29.809Z,0
2026-05-28T11:50:30.442Z,0
2026-05-28T13:29:53Z,0
2026-05-28T13:29:58.375Z,0
2026-05-28T14:03:17Z,0
2026-05-28T14:03:18Z,1
2026-05-28T14:03:20.404Z,0
2026-05-28T14:03:21.777Z,1
2026-05-28T14:04:48Z,0
2026-05-28T14:04:49.349Z,0
2026-05-28T14:37:35Z,0
2026-05-28T14:37:36.811Z,0
2026-05-28T15:05:40Z,0
2026-05-28T15:05:44.667Z,0
2026-05-29T06:32:04Z,0
2026-05-29T06:32:05Z,1
2026-05-29T06:32:05.928Z,0
2026-05-29T06:32:07.289Z,1
2026-05-29T06:33:35Z,0
2026-05-29T06:33:36.569Z,0
2026-05-29T08:30:00Z,0
2026-05-29T08:30:03.637Z,0
2026-05-29T08:30:07.347Z,0
2026-05-29T08:30:08.764Z,0
2026-05-29T08:30:20.908Z,0
2026-05-29T08:30:21.572Z,0
2026-05-29T10:43:04Z,0
2026-05-29T10:43:05Z,1
2026-05-29T10:43:05.339Z,0
2026-05-29T10:43:06.3Z,1
2026-05-29T10:44:35Z,0
2026-05-29T10:44:36.224Z,0
2026-05-29T10:53:13Z,0
2026-05-29T10:53:13.407Z,0
2026-05-29T10:53:13.962Z,0
2026-05-29T10:53:14Z,0
2026-05-29T10:53:14.911Z,0
2026-05-29T10:53:15.576Z,0
2026-05-29T10:53:16.688Z,0
2026-05-29T10:53:17.784Z,0
2026-05-29T10:53:18.468Z,0
2026-05-29T10:53:19.066Z,0
2026-05-29T10:53:20.132Z,0
2026-05-29T10:53:21.308Z,0
2026-05-29T10:53:22.454Z,0
2026-05-29T10:53:23.031Z,0
2026-05-29T10:53:23.643Z,0
2026-05-29T10:53:24.694Z,0
2026-05-29T10:53:25.265Z,0
2026-05-29T10:53:26.385Z,0
2026-05-29T10:53:27.061Z,0
2026-05-29T10:53:28.073Z,0
2026-05-29T10:53:28.773Z,0
2026-05-29T10:53:29.397Z,0
2026-05-29T10:53:30.014Z,0
2026-05-29T10:53:31.056Z,0
2026-05-29T10:53:32.33Z,0
2026-05-29T10:53:32.94Z,0
2026-05-29T11:16:36Z,0
2026-05-29T11:16:37Z,1
2026-05-29T11:16:40.253Z,0
2026-05-29T11:16:40.912Z,1
2026-05-29T11:18:07Z,0
2026-05-29T11:18:08.118Z,0
2026-05-29T11:21:52Z,0
2026-05-29T11:21:53Z,0
2026-05-29T11:21:57.113Z,0
2026-05-29T11:21:57.824Z,0
2026-05-29T11:21:58.903Z,0
2026-05-29T11:21:59.982Z,0
2026-05-29T11:22:00.721Z,0
2026-05-29T11:22:01.801Z,0
2026-05-29T11:22:02.442Z,0
2026-05-29T11:22:03.149Z,0
2026-05-29T11:22:03.754Z,0
2026-05-29T11:22:04.364Z,0
2026-05-29T11:22:04.948Z,0
2026-05-29T11:22:05.969Z,0
2026-05-29T11:22:07.048Z,0
2026-05-29T11:22:07.759Z,0
2026-05-29T11:22:08.377Z,0
2026-05-29T11:22:09.029Z,0
2026-05-29T11:22:09.674Z,0
2026-05-29T11:22:10.663Z,0
2026-05-29T11:22:11.837Z,0
2026-05-29T11:22:12.546Z,0
2026-05-29T11:22:13.243Z,0
2026-05-29T11:49:10Z,0
2026-05-29T11:49:11Z,1
2026-05-29T11:49:12.113Z,0
2026-05-29T11:49:12.969Z,1
2026-05-29T11:50:41Z,0
2026-05-29T11:50:41.877Z,0
2026-05-29T11:54:37Z,0
2026-05-29T11:54:38.04Z,0
2026-05-29T11:55:02Z,0
2026-05-29T11:55:03Z,1
2026-05-29T11:55:14.575Z,0
2026-05-29T11:55:15.003Z,1
2026-05-29T11:55:27Z,0
2026-05-29T11:55:27.605Z,0
2026-05-29T11:58:51Z,0
2026-05-29T11:58:51.434Z,0
2026-05-29T11:58:53Z,0
2026-05-29T11:58:54Z,1
2026-05-29T11:58:54.17Z,0
2026-05-29T11:58:55Z,0
2026-05-29T11:58:55.281Z,1
2026-05-29T11:58:55.927Z,0
2026-05-29T11:59:52Z,0
2026-05-29T11:59:54.862Z,0
2026-05-29T11:59:54.94Z,0
2026-05-29T12:07:50Z,0
2026-05-29T12:07:50.647Z,0
2026-05-30T06:30:21Z,0
2026-05-30T06:30:22Z,1
2026-05-30T06:30:22.83Z,0
2026-05-30T06:30:26.24Z,1
2026-05-30T06:31:52Z,0
2026-05-30T06:31:53.451Z,0
2026-05-30T06:40:53Z,0
2026-05-30T06:40:54Z,0
2026-05-30T06:40:58.815Z,0
2026-05-30T06:41:00.117Z,0
2026-05-30T06:41:00.927Z,0
2026-05-30T06:41:01.545Z,0
2026-05-30T06:41:02.195Z,0
2026-05-30T06:41:14.386Z,0
2026-05-30T07:06:35Z,0
2026-05-30T07:06:36Z,1
2026-05-30T07:06:36.866Z,0
2026-05-30T07:06:37.082Z,1
2026-05-30T07:08:06Z,0
2026-05-30T07:08:07.081Z,0
2026-05-30T07:20:19Z,0
2026-05-30T07:20:20Z,0
2026-05-30T07:20:24.165Z,0
2026-05-30T07:20:24.807Z,0
2026-05-30T07:20:26.046Z,0
2026-05-30T07:20:27.172Z,0
2026-05-30T07:20:27.87Z,0
2026-05-30T07:20:28.463Z,0
2026-05-30T07:20:29.488Z,0
2026-05-30T07:20:30.094Z,0
2026-05-30T07:20:30.724Z,0
2026-05-30T07:20:31.331Z,0
2026-05-30T07:20:32.502Z,0
2026-05-30T07:20:33.095Z,0
2026-05-30T07:20:33.767Z,0
2026-05-30T07:20:34.814Z,0
2026-05-30T07:20:35.525Z,0
2026-05-30T07:20:36.548Z,0
2026-05-30T07:20:37.229Z,0
2026-05-30T07:20:37.785Z,0
2026-05-30T07:20:38.781Z,0
2026-05-30T07:20:39.382Z,0
2026-05-30T07:20:40.724Z,0
2026-05-30T22:21:27Z,0
2026-05-30T22:21:27.68Z,0
2026-05-30T22:21:28Z,0
2026-05-30T22:21:28.252Z,0
2026-05-30T22:21:28.928Z,0
2026-05-30T22:21:29.573Z,0
2026-05-30T22:21:30.234Z,0
2026-05-30T22:21:31.543Z,0
2026-05-30T22:21:32.43Z,0
2026-05-30T22:21:33.035Z,0
2026-05-30T22:21:33.71Z,0
2026-05-30T22:21:34.317Z,0
2026-05-30T22:21:34.899Z,0
2026-05-30T22:21:35.929Z,0
2026-05-30T22:21:36.608Z,0
2026-05-30T22:21:37.746Z,0
2026-05-30T22:21:38.429Z,0
2026-05-30T22:21:39.011Z,0
2026-05-30T22:21:39.607Z,0
2026-05-30T22:21:40.685Z,0
2026-05-30T22:21:41.38Z,0
2026-05-30T22:21:42.496Z,0
2026-05-30T22:21:43.025Z,0
2026-05-30T22:21:43.764Z,0
2026-05-30T22:21:44.749Z,0
2026-05-30T22:21:45.321Z,0
2026-05-30T22:21:45.918Z,0
2026-05-30T22:21:47.059Z,0
2026-05-30T22:21:47.766Z,0
2026-05-31T04:30:31Z,0
2026-05-31T04:30:32Z,1
2026-05-31T04:30:34.928Z,0
2026-05-31T04:30:36.294Z,1
2026-05-31T04:32:02Z,0
2026-05-31T04:32:03.159Z,0
2026-05-31T04:57:04Z,0
2026-05-31T04:57:05Z,0
2026-05-31T04:57:09.125Z,0
2026-05-31T04:57:10.14Z,0
2026-05-31T04:57:10.747Z,0
2026-05-31T04:57:11.344Z,0
2026-05-31T04:57:12.506Z,0
2026-05-31T04:57:13.082Z,0
2026-05-31T04:57:13.68Z,0
2026-05-31T04:57:14.905Z,0
2026-05-31T04:57:15.611Z,0
2026-05-31T04:57:16.205Z,0
2026-05-31T04:57:16.813Z,0
2026-05-31T04:57:17.895Z,0
2026-05-31T04:57:18.659Z,0
2026-05-31T04:57:19.315Z,0
2026-05-31T04:57:20.352Z,0
2026-05-31T04:57:21.51Z,0
2026-05-31T04:57:22.101Z,0
2026-05-31T04:57:22.789Z,0
2026-05-31T04:57:23.469Z,0
2026-05-31T04:57:24.086Z,0
2026-05-31T04:57:24.65Z,0
2026-05-31T05:12:04Z,0
2026-05-31T05:12:04.564Z,0
2026-05-31T05:12:05Z,1
2026-05-31T05:12:07.258Z,1
2026-05-31T05:13:34Z,0
2026-05-31T05:13:34.917Z,0
2026-05-31T05:43:30Z,0
2026-05-31T05:43:31Z,0
2026-05-31T05:43:35.084Z,0
2026-05-31T05:43:36.126Z,0
2026-05-31T05:43:36.827Z,0
2026-05-31T05:43:37.432Z,0
2026-05-31T05:43:38.559Z,0
2026-05-31T05:43:41.654Z,0
2026-05-31T05:43:41.879Z,0
2026-05-31T05:43:42.063Z,0
2026-05-31T05:43:42.771Z,0
2026-05-31T05:43:43.447Z,0
2026-05-31T05:43:44.437Z,0
2026-05-31T05:43:45.142Z,0
2026-05-31T05:43:46.291Z,0
2026-05-31T05:43:46.971Z,0
2026-05-31T05:43:48.038Z,0
2026-05-31T05:43:48.721Z,0
2026-05-31T05:43:49.712Z,0
2026-05-31T05:43:50.391Z,0
2026-05-31T05:43:51.435Z,0
2026-05-31T06:00:00Z,0
2026-05-31T06:00:01.142Z,0
2026-05-31T06:00:10.535Z,0
2026-05-31T06:00:10.783Z,0
2026-05-31T06:00:11.953Z,0
2026-05-31T06:00:12.914Z,0
2026-05-31T06:06:53Z,0
2026-05-31T06:07:01.267Z,0
2026-05-31T06:53:03Z,0
2026-05-31T06:53:03.882Z,0
2026-05-31T06:53:04Z,1
2026-05-31T06:53:05.35Z,1
2026-05-31T06:53:39Z,0
2026-05-31T06:53:44.869Z,0
2026-05-31T06:53:45.896Z,0
2026-05-31T06:53:46.489Z,0
2026-05-31T06:53:47.243Z,0
2026-05-31T06:53:47.85Z,0
2026-05-31T06:53:48.459Z,0
2026-05-31T06:54:00.008Z,0
2026-05-31T06:54:00.543Z,0
2026-05-31T06:54:00.959Z,0
2026-05-31T06:54:01.518Z,0
2026-06-01T04:00:00Z,0
2026-06-01T04:00:01Z,1
2026-06-01T04:00:01.988Z,0
2026-06-01T04:00:12.971Z,1
2026-06-01T04:01:31Z,0
2026-06-01T04:01:32.081Z,0
2026-06-01T05:17:24Z,0
2026-06-01T05:17:25.78Z,0
2026-06-01T05:55:48Z,0
2026-06-01T05:55:49.176Z,0
2026-06-01T05:55:49.708Z,0
2026-06-01T05:55:50.311Z,0
2026-06-01T05:55:50.901Z,0
2026-06-01T05:55:51.579Z,0
2026-06-01T05:55:52.186Z,0
2026-06-01T05:55:52.788Z,0
2026-06-01T07:06:08Z,0
2026-06-01T07:06:09Z,1
2026-06-01T07:06:09.328Z,0
2026-06-01T07:06:11.607Z,1
2026-06-01T07:07:38Z,0
2026-06-01T07:07:41.111Z,0
2026-06-01T07:26:04Z,0
2026-06-01T07:26:06.447Z,0
2026-06-01T08:01:21Z,0
2026-06-01T08:01:22Z,1
2026-06-01T08:01:23.274Z,0
2026-06-01T08:01:25.603Z,1
2026-06-01T08:02:52Z,0
2026-06-01T08:02:53.099Z,0
2026-06-01T08:30:00Z,0
2026-06-01T08:30:11.348Z,0
2026-06-01T08:30:11.79Z,0
2026-06-01T08:30:13.308Z,0
2026-06-01T08:30:15.028Z,0
2026-06-01T08:30:18.009Z,0
2026-06-01T08:30:20.448Z,0
2026-06-01T08:54:54Z,0
2026-06-01T08:54:55Z,1
2026-06-01T08:54:55.38Z,0
2026-06-01T08:54:57.489Z,1
2026-06-01T08:56:25Z,0
2026-06-01T08:56:26.338Z,0
2026-06-01T10:14:16Z,0
2026-06-01T10:14:17Z,1
2026-06-01T10:14:17.991Z,0
2026-06-01T10:14:19.742Z,1
2026-06-01T10:14:52Z,0
2026-06-01T10:14:52.692Z,0
2026-06-01T10:14:53.21Z,0
2026-06-01T10:14:53.878Z,0
2026-06-01T15:58:32Z,0
2026-06-01T15:58:33.271Z,0
2026-06-01T15:59:52Z,0
2026-06-01T15:59:53.375Z,0
2026-06-02T05:49:49Z,0
2026-06-02T05:50:43Z,0
2026-06-02T05:51:11Z,0
2026-06-02T05:51:35Z,1
2026-06-02T05:52:00Z,0
2026-06-02T05:52:31Z,0
2026-06-02T05:59:49Z,0
2026-06-02T06:00:00Z,0
2026-06-02T06:01:54.043Z,0
2026-06-02T06:09:47.969Z,0
2026-06-02T06:14:22Z,0
2026-06-02T06:14:23Z,1
2026-06-02T06:15:53Z,0
2026-06-02T06:18:25.997Z,0
2026-06-02T06:25:55.1Z,1
2026-06-02T06:34:38.453Z,0
2026-06-02T06:50:27.852Z,0
2026-06-02T06:50:35.642Z,1
2026-06-02T06:51:41.202Z,0
2026-06-02T06:54:07Z,0
2026-06-02T07:02:23.719Z,0
2026-06-02T07:02:26.102Z,0
2026-06-02T07:02:32Z,0
2026-06-02T07:02:33Z,1
2026-06-02T07:04:03Z,0
2026-06-02T07:05:28.672Z,0
2026-06-02T07:05:28.921Z,1
2026-06-02T07:05:54.676Z,0
2026-06-02T07:13:54.682Z,0
2026-06-02T07:15:45.953Z,0
2026-06-02T07:15:46.537Z,1
2026-06-02T07:16:13.449Z,0
2026-06-02T08:30:00Z,0
2026-06-02T08:30:04.287Z,0
2026-06-02T08:53:10Z,0
2026-06-02T08:53:12Z,0
2026-06-02T08:54:18.078Z,0
2026-06-02T09:33:17.135Z,0
2026-06-02T09:34:25Z,0
2026-06-02T09:34:26Z,1
2026-06-02T09:34:26.72Z,0
2026-06-02T09:34:29.669Z,1
2026-06-02T09:35:56Z,0
2026-06-02T09:35:57.916Z,0
2026-06-02T09:36:01Z,0
2026-06-02T09:36:03.702Z,0
2026-06-02T09:36:03.786Z,0
2026-06-02T14:21:39Z,0
2026-06-02T14:21:39.871Z,0
2026-06-03T04:00:00Z,0
2026-06-03T04:00:01Z,1
2026-06-03T04:00:01.328Z,0
2026-06-03T04:00:11.031Z,1
2026-06-03T04:01:31Z,0
2026-06-03T04:01:33.643Z,0
2026-06-03T06:00:00Z,0
2026-06-03T06:00:01.201Z,0
2026-06-03T06:04:10Z,0
2026-06-03T06:04:11Z,1
2026-06-03T06:04:11.914Z,0
2026-06-03T06:04:13.031Z,1
2026-06-03T06:05:41Z,0
2026-06-03T06:05:44.367Z,0
2026-06-03T08:30:00Z,0
2026-06-03T08:30:04.325Z,0
2026-06-03T11:30:17Z,0
2026-06-03T11:30:18Z,1
2026-06-03T11:30:19.291Z,0
2026-06-03T11:30:21.826Z,1
2026-06-03T11:31:48Z,0
2026-06-03T11:31:49.579Z,0
2026-06-03T12:14:43Z,0
2026-06-03T12:14:45.473Z,0
2026-06-04T04:00:00Z,0
2026-06-04T04:00:01Z,1
2026-06-04T04:00:01.414Z,0
2026-06-04T04:00:10.588Z,1
2026-06-04T04:01:31Z,0
2026-06-04T04:01:31.835Z,0
2026-06-04T06:00:00Z,0
2026-06-04T06:00:01Z,0
2026-06-04T06:00:01.585Z,0
2026-06-04T06:00:11Z,0
2026-06-04T06:00:11.132Z,0
2026-06-04T06:00:12Z,1
2026-06-04T06:00:16.571Z,0
2026-06-04T06:00:16.771Z,1
2026-06-04T06:01:42Z,0
2026-06-04T06:01:43.623Z,0
2026-06-04T06:30:00Z,0
2026-06-04T06:30:02.457Z,0
2026-06-04T07:45:25Z,0
2026-06-04T07:45:26Z,1
2026-06-04T07:45:26.957Z,0
2026-06-04T07:45:30.042Z,1
2026-06-04T07:46:56Z,0
2026-06-04T07:46:57.209Z,0
2026-06-04T08:30:00Z,0
2026-06-04T08:30:17.865Z,0
2026-06-04T09:14:59Z,0
2026-06-04T09:15:00Z,1
2026-06-04T09:15:01.08Z,0
2026-06-04T09:15:15.724Z,1
2026-06-04T09:16:30Z,0
2026-06-04T09:16:31.567Z,0
2026-06-04T11:16:01Z,0
2026-06-04T11:16:05.467Z,0
2026-06-04T11:16:05.635Z,0
2026-06-04T11:16:05.824Z,0
2026-06-04T11:16:05.975Z,0
2026-06-04T11:16:06.609Z,0
2026-06-04T11:16:07.25Z,0
2026-06-04T11:16:08.32Z,0
2026-06-04T11:16:09.053Z,0
2026-06-04T11:16:09.719Z,0
2026-06-04T11:16:10.776Z,0
2026-06-04T11:16:11.49Z,0
2026-06-04T11:16:12.095Z,0
2026-06-04T11:16:12.713Z,0
2026-06-04T16:16:01Z,0
2026-06-04T16:16:02.756Z,0
2026-06-04T18:41:01Z,0
2026-06-04T18:41:02Z,1
2026-06-04T18:41:03.015Z,0
2026-06-04T18:41:05.619Z,1
2026-06-04T18:42:32Z,0
2026-06-04T18:42:32.759Z,0
2026-06-04T19:00:00Z,0
2026-06-04T19:00:04.571Z,0
2026-06-04T19:00:19.312Z,0
2026-06-05T04:00:00Z,0
2026-06-05T04:00:01Z,1
2026-06-05T04:00:13.485Z,0
2026-06-05T04:00:13.694Z,1
2026-06-05T04:01:31Z,0
2026-06-05T04:01:31.845Z,0
2026-06-05T06:00:00Z,0
2026-06-05T06:00:01Z,0
2026-06-05T06:00:01.936Z,0
2026-06-05T06:00:11Z,0
2026-06-05T06:00:12Z,1
2026-06-05T06:00:12.128Z,0
2026-06-05T06:00:15.177Z,0
2026-06-05T06:00:16.652Z,1
2026-06-05T06:01:42Z,0
2026-06-05T06:01:43.01Z,0
2026-06-05T06:30:00Z,0
2026-06-05T06:30:11.542Z,0
2026-06-05T07:25:11Z,0
2026-06-05T07:25:12Z,1
2026-06-05T07:25:14.629Z,0
2026-06-05T07:25:14.927Z,1
2026-06-05T07:26:42Z,0
2026-06-05T07:26:43.172Z,0
2026-06-05T08:30:00Z,0
2026-06-05T08:30:03.974Z,0
2026-06-05T09:00:59Z,0
2026-06-05T09:01:00Z,1
2026-06-05T09:01:03.103Z,0
2026-06-05T09:01:07.045Z,1
2026-06-05T09:02:31Z,0
2026-06-05T09:02:31.629Z,0
2026-06-05T11:27:57Z,0
2026-06-05T11:27:58Z,0
2026-06-05T11:27:58.122Z,0
2026-06-05T11:27:58.708Z,0
2026-06-05T11:27:59.358Z,0
2026-06-05T11:28:00.454Z,0
2026-06-05T11:28:01.16Z,0
2026-06-05T11:28:01.763Z,0
2026-06-05T11:28:02.552Z,0
2026-06-05T11:28:03.196Z,0
2026-06-05T11:28:04.203Z,0
2026-06-05T11:28:04.93Z,0
2026-06-05T11:28:05.575Z,0
2026-06-05T11:28:06.61Z,0
2026-06-05T11:28:07.344Z,0
2026-06-05T11:28:07.956Z,0
2026-06-05T11:28:08.928Z,0
2026-06-05T11:28:09.661Z,0
2026-06-05T11:28:10.716Z,0
2026-06-05T11:28:11.431Z,0
2026-06-05T11:28:12.051Z,0
2026-06-05T11:28:13.171Z,0
2026-06-05T11:28:13.915Z,0
2026-06-05T11:42:57Z,0
2026-06-05T11:42:57.927Z,0
2026-06-05T11:42:58Z,1
2026-06-05T11:42:58.805Z,1
2026-06-05T11:44:27Z,0
2026-06-05T11:44:27.909Z,0
2026-06-05T13:49:20Z,0
2026-06-05T13:49:20.719Z,0
2026-06-05T13:49:21.679Z,0
2026-06-05T13:49:22.466Z,0
2026-06-05T13:49:23.099Z,0
2026-06-05T13:49:24.193Z,0
2026-06-05T13:49:24.928Z,0
2026-06-05T13:49:25.685Z,0
2026-06-05T13:49:26.292Z,0
2026-06-05T13:49:26.905Z,0
2026-06-05T13:49:27.563Z,0
2026-06-05T13:49:28.173Z,0
2026-06-05T13:49:28.77Z,0
2026-06-05T13:49:29.392Z,0
2026-06-05T13:49:30.014Z,0
2026-06-05T13:49:30.659Z,0
2026-06-05T13:49:31.779Z,0
2026-06-05T13:49:32.462Z,0
2026-06-05T13:49:33.582Z,0
2026-06-05T13:49:34.261Z,0
2026-06-05T13:49:35.269Z,0
2026-06-05T13:49:36.062Z,0
2026-06-05T13:49:37.331Z,0
2026-06-05T14:04:20Z,0
2026-06-05T14:04:20.55Z,0
2026-06-05T14:04:21Z,1
2026-06-05T14:04:21.437Z,1
2026-06-05T14:05:50Z,0
2026-06-05T14:05:50.553Z,0
2026-06-05T15:45:16Z,0
2026-06-05T15:45:18.805Z,0
2026-06-06T04:00:00Z,0
2026-06-06T04:00:01Z,1
2026-06-06T04:00:11.957Z,0
2026-06-06T04:00:13.402Z,1
2026-06-06T04:01:31Z,0
2026-06-06T04:01:32.369Z,0
2026-06-06T06:00:00Z,0
2026-06-06T06:00:01Z,0
2026-06-06T06:00:01.121Z,0
2026-06-06T06:00:11Z,0
2026-06-06T06:00:12Z,1
2026-06-06T06:00:13.292Z,0
2026-06-06T06:00:18.814Z,0
2026-06-06T06:00:19.079Z,1
2026-06-06T06:01:42Z,0
2026-06-06T06:01:43.387Z,0
2026-06-06T06:30:00Z,0
2026-06-06T06:30:01.846Z,0
2026-06-06T07:04:10Z,0
2026-06-06T07:04:11Z,1
2026-06-06T07:04:12.107Z,0
2026-06-06T07:04:15.228Z,1
2026-06-06T07:05:41Z,0
2026-06-06T07:05:42.433Z,0
2026-06-06T08:30:00Z,0
2026-06-06T08:30:05.372Z,0
2026-06-06T08:40:40Z,0
2026-06-06T08:40:41Z,1
2026-06-06T08:40:43.132Z,0
2026-06-06T08:40:47.877Z,1
2026-06-06T08:42:11Z,0
2026-06-06T08:42:12.011Z,0
2026-06-06T12:16:01Z,0
2026-06-06T12:16:02Z,0
2026-06-06T12:16:07.658Z,0
2026-06-06T12:16:08.381Z,0
2026-06-06T12:16:08.988Z,0
2026-06-06T12:16:09.608Z,0
2026-06-06T12:16:10.218Z,0
2026-06-06T12:16:10.831Z,0
2026-06-06T12:16:11.888Z,0
2026-06-06T12:16:12.641Z,0
2026-06-06T12:16:13.723Z,0
2026-06-06T12:16:14.848Z,0
2026-06-06T12:16:15.56Z,0
2026-06-06T12:16:16.279Z,0
2026-06-06T12:16:17.432Z,0
2026-06-06T12:16:18.137Z,0
2026-06-06T12:16:18.763Z,0
2026-06-06T12:16:19.401Z,0
2026-06-06T12:16:20.428Z,0
2026-06-06T12:16:21.135Z,0
2026-06-06T12:16:21.734Z,0
2026-06-06T12:16:22.725Z,0
2026-06-06T12:16:23.391Z,0
2026-06-06T12:16:23.97Z,0
2026-06-06T12:16:24.548Z,0
2026-06-06T12:16:25.157Z,0
2026-06-06T12:16:25.732Z,0
2026-06-06T12:16:26.303Z,0
2026-06-06T12:16:26.923Z,0
2026-06-06T13:21:01Z,0
2026-06-06T13:21:02Z,1
2026-06-06T13:21:02.995Z,0
2026-06-06T13:21:04.519Z,1
2026-06-06T13:22:31Z,0
2026-06-06T13:22:31.796Z,0
2026-06-06T13:26:01Z,0
2026-06-06T13:26:02Z,0
2026-06-06T13:26:03.375Z,0
2026-06-06T13:26:04.107Z,0
2026-06-06T13:26:04.739Z,0
2026-06-06T13:26:05.848Z,0
2026-06-06T13:26:06.549Z,0
2026-06-06T13:26:07.245Z,0
2026-06-06T13:26:08.28Z,0
2026-06-06T13:26:09.449Z,0
2026-06-06T13:26:10.052Z,0
2026-06-06T13:26:10.75Z,0
2026-06-06T13:26:11.346Z,0
2026-06-06T13:26:12.351Z,0
2026-06-06T13:26:13.022Z,0
2026-06-06T13:26:14.054Z,0
2026-06-06T13:26:14.771Z,0
2026-06-06T13:26:15.437Z,0
2026-06-06T13:26:16.095Z,0
2026-06-06T13:26:16.737Z,0
2026-06-06T13:26:17.323Z,0
2026-06-06T13:26:17.924Z,0
2026-06-06T13:26:19.039Z,0
2026-06-06T13:26:19.74Z,0
2026-06-06T13:26:20.741Z,0
2026-06-06T13:26:21.538Z,0
2026-06-06T13:26:22.215Z,0
2026-06-06T13:26:23.368Z,0
2026-06-06T13:41:01Z,0
2026-06-06T13:41:02Z,1
2026-06-06T13:41:03.089Z,0
2026-06-06T13:41:07.483Z,1
2026-06-06T13:42:31Z,0
2026-06-06T13:42:34.923Z,0
2026-06-06T17:22:26Z,0
2026-06-06T17:22:27.967Z,0
2026-06-07T04:00:00Z,0
2026-06-07T04:00:01Z,1
2026-06-07T04:00:02.958Z,0
2026-06-07T04:00:17.224Z,1
2026-06-07T04:01:31Z,0
2026-06-07T04:01:32.296Z,0
2026-06-07T06:00:00Z,0
2026-06-07T06:00:01Z,0
2026-06-07T06:00:02.338Z,0
2026-06-07T06:00:11Z,0
2026-06-07T06:00:12Z,1
2026-06-07T06:00:13.792Z,0
2026-06-07T06:00:19.445Z,0
2026-06-07T06:00:20.867Z,1
2026-06-07T06:01:42Z,0
2026-06-07T06:01:43.456Z,0
2026-06-07T06:30:00Z,0
2026-06-07T06:30:16.371Z,0
2026-06-07T07:37:36Z,0
2026-06-07T07:37:37Z,1
2026-06-07T07:37:38.5Z,0
2026-06-07T07:37:41.151Z,1
2026-06-07T07:39:07Z,0
2026-06-07T07:39:08.401Z,0
2026-06-07T08:30:00Z,0
2026-06-07T08:30:10.492Z,0
2026-06-07T11:58:12Z,0
2026-06-07T11:58:13Z,1
2026-06-07T11:58:15.554Z,0
2026-06-07T11:58:17.972Z,1
2026-06-07T11:59:43Z,0
2026-06-07T11:59:44.629Z,0
2026-06-07T16:59:55Z,0
2026-06-07T16:59:56.888Z,0
2026-06-08T04:00:00Z,0
2026-06-08T04:00:01Z,1
2026-06-08T04:00:11.715Z,0
2026-06-08T04:00:13.424Z,1
2026-06-08T04:01:31Z,0
2026-06-08T04:01:31.922Z,0
2026-06-08T05:47:53Z,0
2026-06-08T05:47:55.812Z,0
2026-06-08T05:56:35Z,0
2026-06-08T05:56:36Z,1
2026-06-08T05:56:39.485Z,0
2026-06-08T05:56:42.943Z,1
2026-06-08T05:58:06Z,0
2026-06-08T05:58:07.588Z,0
2026-06-08T06:00:00Z,0
2026-06-08T06:00:05Z,0
2026-06-08T06:00:06Z,1
2026-06-08T06:00:11Z,0
2026-06-08T06:00:13.073Z,0
2026-06-08T06:00:14.092Z,0
2026-06-08T06:00:14.96Z,1
2026-06-08T06:00:18.473Z,0
2026-06-08T06:01:53Z,0
2026-06-08T06:01:55.707Z,0
2026-06-08T06:28:47Z,0
2026-06-08T06:28:48Z,1
2026-06-08T06:28:48.925Z,0
2026-06-08T06:28:52.486Z,1
2026-06-08T06:30:18Z,0
2026-06-08T06:30:21.077Z,0
2026-06-08T08:30:00Z,0
2026-06-08T08:30:03.782Z,0
2026-06-08T08:58:25Z,0
2026-06-08T08:58:26Z,1
2026-06-08T08:58:26.682Z,0
2026-06-08T08:58:30.536Z,1
2026-06-08T08:59:56Z,0
2026-06-08T08:59:57.05Z,0
2026-06-08T11:56:01Z,0
2026-06-08T11:56:02Z,0
2026-06-08T11:56:03.461Z,0
2026-06-08T11:56:04.019Z,0
2026-06-08T11:56:05.074Z,0
2026-06-08T11:56:05.806Z,0
2026-06-08T11:56:06.534Z,0
2026-06-08T11:56:07.697Z,0
2026-06-08T11:56:08.379Z,0
2026-06-08T11:56:09.181Z,0
2026-06-08T11:56:10.316Z,0
2026-06-08T11:56:11.721Z,0
2026-06-08T11:56:12.479Z,0
2026-06-08T11:56:13.534Z,0
2026-06-08T11:56:14.322Z,0
2026-06-08T11:56:15.034Z,0
2026-06-08T11:56:16.211Z,0
2026-06-08T11:56:16.867Z,0
2026-06-08T11:56:17.545Z,0
2026-06-08T11:56:18.501Z,0
2026-06-08T11:56:19.23Z,0
2026-06-08T11:56:19.947Z,0
2026-06-08T11:56:20.695Z,0
2026-06-08T11:56:21.485Z,0
2026-06-08T11:56:22.141Z,0
2026-06-08T11:56:23.234Z,0
2026-06-08T11:56:23.829Z,0
2026-06-08T11:56:24.563Z,0
2026-06-08T11:56:25.214Z,0
2026-06-08T12:41:02Z,1
2026-06-08T12:41:03.123Z,1
2026-06-08T12:42:32Z,0
2026-06-08T12:42:32.684Z,0
2026-06-08T18:36:02Z,1
2026-06-08T18:36:03.03Z,1
2026-06-08T18:37:32Z,0
2026-06-08T18:37:32.57Z,0
2026-06-09T04:00:01Z,1
2026-06-09T04:00:13.13Z,1
2026-06-09T04:01:31Z,0
2026-06-09T04:01:31.985Z,0
2026-06-09T06:45:00Z,1
2026-06-09T06:45:14.271Z,1
2026-06-09T06:46:30Z,0
2026-06-09T06:46:32.23Z,0
2026-06-09T09:47:46Z,1
2026-06-09T09:47:46.983Z,1
2026-06-09T09:49:16Z,0
2026-06-09T09:49:18.168Z,0
2026-06-09T10:56:58Z,1
2026-06-09T10:57:04.535Z,1
2026-06-09T10:58:28Z,0
2026-06-09T10:58:29.379Z,0
2026-06-10T03:00:01Z,1
2026-06-10T03:00:09.763Z,1
2026-06-10T03:01:31Z,0
2026-06-10T03:01:31.982Z,0
2026-06-10T07:02:39Z,1
2026-06-10T07:02:42.405Z,1
2026-06-10T07:03:25Z,0
2026-06-10T07:03:29.631Z,0
2026-06-10T08:34:51Z,1
2026-06-10T08:34:52.324Z,1
2026-06-10T08:36:21Z,0
2026-06-10T08:36:22.304Z,0
2026-06-11T03:00:01Z,1
2026-06-11T03:00:13.88Z,1
2026-06-11T03:01:31Z,0
2026-06-11T03:01:32.262Z,0
2026-06-11T06:00:03Z,1
2026-06-11T06:00:05Z,0
2026-06-11T06:00:14.84Z,1
2026-06-11T06:00:17.877Z,0
2026-06-11T06:20:06Z,1
2026-06-11T06:20:27.694Z,1
2026-06-11T06:24:27Z,0
2026-06-11T06:24:29.506Z,0
2026-06-11T06:34:05Z,1
2026-06-11T06:34:05.618Z,1
2026-06-11T06:35:49Z,0
2026-06-11T06:35:51.678Z,0
2026-06-11T07:23:50Z,1
2026-06-11T07:23:51.86Z,1
2026-06-11T07:25:20Z,0
2026-06-11T07:26:01.184Z,0
2026-06-11T14:30:36Z,1
2026-06-11T14:30:40.547Z,1
2026-06-11T14:32:06Z,0
2026-06-11T14:32:07.748Z,0
2026-06-11T23:54:38Z,1
2026-06-11T23:54:39.817Z,1
2026-06-11T23:56:08Z,0
2026-06-11T23:56:09.153Z,0
2026-06-12T06:00:03Z,1
2026-06-12T06:00:04Z,0
2026-06-12T06:00:15.769Z,1
2026-06-12T06:00:16.851Z,0
2026-06-12T07:03:40Z,1
2026-06-12T07:03:43.659Z,1
2026-06-12T07:05:10Z,0
2026-06-12T07:05:12.761Z,0
2026-06-12T11:17:02Z,1
2026-06-12T11:17:06.603Z,1
2026-06-12T11:18:33Z,0
2026-06-12T11:18:34.46Z,0
2026-06-12T18:29:19Z,0
2026-06-12T18:29:19.519Z,1
2026-06-12T18:29:20.064Z,0
2026-06-12T18:29:21.094Z,0
2026-06-12T18:29:22.237Z,0
2026-06-12T18:29:22.967Z,0
2026-06-12T18:29:23.605Z,0
2026-06-12T18:29:24.302Z,0
2026-06-12T18:29:25.405Z,0
2026-06-12T18:29:26.659Z,0
2026-06-12T18:29:27.795Z,0
2026-06-12T18:29:28.509Z,0
2026-06-12T18:29:29.122Z,0
2026-06-12T18:29:29.715Z,0
2026-06-12T18:29:30.334Z,0
2026-06-12T18:29:30.91Z,0
2026-06-12T18:29:31.482Z,0
2026-06-12T18:29:32.056Z,0
2026-06-12T18:29:32.616Z,0
2026-06-12T18:29:33.195Z,0
2026-06-12T18:29:33.764Z,0
2026-06-12T18:29:34.736Z,0
2026-06-12T18:29:35.434Z,0
2026-06-12T18:29:36.079Z,0
2026-06-12T18:30:03Z,0
2026-06-12T18:30:04Z,0
2026-06-12T18:30:14.422Z,1
2026-06-12T18:30:14.542Z,0
2026-06-12T18:30:14.704Z,0
2026-06-12T18:30:14.915Z,0
2026-06-12T18:30:15.035Z,0
2026-06-12T18:30:15.348Z,0
2026-06-12T18:30:16.009Z,0
2026-06-12T18:30:16.994Z,0
2026-06-12T18:30:17.689Z,0
2026-06-12T18:30:18.673Z,0
2026-06-12T18:30:19.343Z,0
2026-06-12T18:30:22.313Z,0
2026-06-12T18:30:22.453Z,0
2026-06-12T18:30:22.677Z,0
2026-06-12T18:30:23.268Z,0
2026-06-12T18:30:23.902Z,0
2026-06-12T18:30:24.91Z,0
2026-06-12T18:30:26.041Z,0
2026-06-12T18:30:26.617Z,0
2026-06-12T18:30:27.335Z,0
2026-06-12T18:30:27.939Z,0
2026-06-12T18:30:28.895Z,0
2026-06-12T18:31:19Z,1
2026-06-12T18:31:20Z,0
2026-06-12T18:31:20.292Z,1
2026-06-12T18:31:20.88Z,0
2026-06-12T18:31:21.81Z,0
2026-06-12T18:31:22.425Z,0
2026-06-12T18:31:23.037Z,0
2026-06-12T18:31:23.818Z,0
2026-06-12T18:31:24.459Z,0
2026-06-12T18:31:25.578Z,0
2026-06-12T18:31:26.775Z,0
2026-06-12T18:31:27.368Z,0
2026-06-12T18:31:27.969Z,0
2026-06-12T18:31:28.565Z,0
2026-06-12T18:31:29.182Z,0
2026-06-12T18:31:30.206Z,0
2026-06-12T18:31:30.798Z,0
2026-06-12T18:31:31Z,1
2026-06-12T18:31:31.896Z,0
2026-06-12T18:31:32.567Z,0
2026-06-12T18:31:33.139Z,0
2026-06-12T18:31:34.166Z,0
2026-06-12T18:31:34.794Z,0
2026-06-12T18:31:35.497Z,0
2026-06-12T18:31:36.458Z,0
2026-06-12T18:31:37Z,0
2026-06-12T18:31:37.056Z,0
2026-06-12T18:31:37.933Z,0
2026-06-12T18:31:42.101Z,1
2026-06-12T18:31:47.864Z,0
2026-06-12T18:31:48.058Z,0
2026-06-12T18:31:48.587Z,0
2026-06-12T18:31:49.276Z,0
2026-06-12T18:31:49.896Z,0
2026-06-12T18:31:50.507Z,0
2026-06-12T18:31:51.481Z,0
2026-06-12T18:31:52.14Z,0
2026-06-12T18:31:52.709Z,0
2026-06-12T18:31:53.669Z,0
2026-06-12T18:31:54.256Z,0
2026-06-12T18:31:54.925Z,0
2026-06-12T18:31:55.588Z,0
2026-06-12T18:31:56.616Z,0
2026-06-12T18:31:57.286Z,0
2026-06-12T18:31:58.259Z,0
2026-06-12T18:31:59.316Z,0
2026-06-12T18:32:00.016Z,0
2026-06-12T18:32:01.013Z,0
2026-06-12T18:32:01.661Z,0
2026-06-12T18:32:02.236Z,0
2026-06-12T18:32:03.194Z,0
2026-06-12T22:26:21Z,1
2026-06-12T22:26:24.685Z,1
2026-06-12T22:27:51Z,0
2026-06-12T22:27:51.9Z,0
2026-06-13T07:02:52Z,1
2026-06-13T07:02:55.026Z,1
2026-06-13T07:04:22Z,0
2026-06-13T07:04:23.893Z,0
2026-06-13T09:36:38Z,1
2026-06-13T09:36:42.659Z,1
2026-06-13T09:38:08Z,0
2026-06-13T09:38:10.221Z,0
2026-06-14T06:41:45Z,1
2026-06-14T06:41:48.111Z,1
2026-06-14T06:43:15Z,0
2026-06-14T06:43:16.495Z,0
2026-06-14T17:41:10Z,1
2026-06-14T17:41:11.317Z,1
2026-06-14T17:42:40Z,0
2026-06-14T17:42:41.731Z,0
2026-06-14T22:38:37Z,1
2026-06-14T22:38:42.104Z,1
2026-06-14T22:40:07Z,0
2026-06-14T22:40:15.957Z,0
2026-06-15T06:23:42Z,1
2026-06-15T06:23:43.079Z,1
2026-06-15T06:25:12Z,0
2026-06-15T06:25:19.287Z,0
2026-06-15T08:35:32Z,1
2026-06-15T08:35:33.563Z,1
2026-06-15T08:37:02Z,0
2026-06-15T08:37:05.442Z,0
2026-06-15T12:18:33Z,1
2026-06-15T12:18:34.975Z,1
2026-06-15T12:20:03Z,0
2026-06-15T12:20:11.609Z,0
2026-06-15T18:36:02Z,1
2026-06-15T18:36:03.149Z,1
2026-06-15T18:37:32Z,0
2026-06-15T18:37:32.467Z,0
2026-06-15T22:55:46Z,1
2026-06-15T22:55:48.471Z,1
2026-06-15T22:57:16Z,0
2026-06-15T22:57:18.746Z,0
2026-06-16T08:02:29Z,1
2026-06-16T08:02:38.298Z,1
2026-06-16T08:03:59Z,0
2026-06-16T08:04:00.108Z,0
2026-06-16T09:07:24Z,1
2026-06-16T09:07:26.789Z,1
2026-06-16T09:08:54Z,0
2026-06-16T09:08:56.523Z,0
2026-06-16T09:46:43Z,1
2026-06-16T09:46:45.034Z,1
2026-06-16T09:46:54Z,0
2026-06-16T09:46:56.312Z,0
2026-06-16T10:26:02Z,1
2026-06-16T10:26:03.106Z,1
2026-06-16T10:27:32Z,0
2026-06-16T10:27:32.497Z,0
2026-06-16T16:56:02Z,1
2026-06-16T16:56:05.764Z,1
2026-06-16T16:57:32Z,0
2026-06-16T16:57:40.407Z,0
2026-06-16T18:21:02Z,1
2026-06-16T18:21:03.14Z,1
2026-06-16T18:22:32Z,0
2026-06-16T18:22:35.534Z,0
2026-06-16T22:11:25Z,1
2026-06-16T22:11:27.119Z,1
2026-06-16T22:12:55Z,0
2026-06-16T22:12:55.922Z,0
2026-06-17T06:17:55Z,1
2026-06-17T06:17:58.21Z,1
2026-06-17T06:19:25Z,0
2026-06-17T06:19:26.82Z,0
2026-06-17T06:50:32Z,1
2026-06-17T06:50:34.808Z,1
2026-06-17T06:52:02Z,0
2026-06-17T06:52:03.903Z,0
2026-06-17T08:32:35Z,1
2026-06-17T08:32:38.993Z,1
2026-06-17T08:34:05Z,0
2026-06-17T08:34:06.646Z,0
2026-06-18T00:28:08Z,1
2026-06-18T00:28:10.226Z,1
2026-06-18T00:29:38Z,0
2026-06-18T00:29:39.591Z,0
2026-06-18T05:29:00Z,1
2026-06-18T05:29:02.338Z,1
2026-06-18T05:30:33Z,0
2026-06-18T05:30:38.258Z,0
2026-06-18T06:26:20Z,1
2026-06-18T06:26:21.153Z,1
2026-06-18T06:29:20Z,0
2026-06-18T06:29:21.419Z,0
2026-06-18T07:22:45Z,1
2026-06-18T07:22:46.636Z,1
2026-06-18T07:25:45Z,0
2026-06-18T07:25:46.255Z,0
2026-06-18T07:43:49Z,1
2026-06-18T07:43:51.071Z,1
2026-06-18T07:46:01Z,0
2026-06-18T07:46:02Z,0
2026-06-18T07:46:03.282Z,0
2026-06-18T07:46:03.963Z,0
2026-06-18T07:46:04.511Z,0
2026-06-18T07:46:05.216Z,0
2026-06-18T07:46:05.602Z,0
2026-06-18T07:46:05.997Z,0
2026-06-18T07:46:06.402Z,0
2026-06-18T07:46:06.923Z,0
2026-06-18T07:46:07.494Z,0
2026-06-18T07:46:07.932Z,0
2026-06-18T07:46:08.555Z,0
2026-06-18T07:46:09.171Z,0
2026-06-18T07:46:09.778Z,0
2026-06-18T07:46:10.204Z,0
2026-06-18T07:46:10.635Z,0
2026-06-18T07:46:11.045Z,0
2026-06-18T07:46:11.567Z,0
2026-06-18T07:46:11.961Z,0
2026-06-18T07:46:12.377Z,0
2026-06-18T07:46:12.78Z,0
2026-06-18T07:46:13.342Z,0
2026-06-18T07:46:13.773Z,0
2026-06-18T07:46:14.322Z,0
2026-06-18T07:46:14.788Z,0
2026-06-18T07:46:15.22Z,0
2026-06-18T07:46:15.737Z,0
2026-06-18T07:46:16.258Z,0
2026-06-18T07:46:16.684Z,0
2026-06-18T07:46:17.116Z,0
2026-06-18T07:46:17.667Z,0
2026-06-18T07:46:18.086Z,0
2026-06-18T07:46:18.604Z,0
2026-06-18T07:46:19.176Z,0
2026-06-18T07:46:19.771Z,0
2026-06-18T07:47:30Z,1
2026-06-18T07:47:31.83Z,1
2026-06-18T07:49:03Z,0
2026-06-18T07:49:04.183Z,0
2026-06-18T08:30:11Z,1
2026-06-18T08:30:22Z,0
2026-06-18T08:30:22.194Z,1
2026-06-18T08:30:31.56Z,0
2026-06-18T09:18:00Z,1
2026-06-18T09:18:00.636Z,1
2026-06-18T09:19:30Z,0
2026-06-18T09:19:33.195Z,0
2026-06-18T09:56:02Z,1
2026-06-18T09:56:03.006Z,1
2026-06-18T09:57:32Z,0
2026-06-18T09:57:33.707Z,0
2026-06-18T16:01:02Z,1
2026-06-18T16:01:05.213Z,1
2026-06-18T16:02:32Z,0
2026-06-18T16:02:33.988Z,0
2026-06-18T18:41:02Z,1
2026-06-18T18:41:06.734Z,1
2026-06-18T18:42:32Z,0
2026-06-18T18:42:32.361Z,0
2026-06-18T23:23:02Z,1
2026-06-18T23:23:08.331Z,1
2026-06-18T23:24:32Z,0
2026-06-18T23:24:37.279Z,0
2026-06-19T00:51:03Z,1
2026-06-19T00:51:04.737Z,1
2026-06-19T00:52:33Z,0
2026-06-19T00:52:34.806Z,0
2026-06-19T02:27:54Z,1
2026-06-19T02:27:56.696Z,1
2026-06-19T02:29:24Z,0
2026-06-19T02:29:26.167Z,0
2026-06-19T03:00:01Z,1
2026-06-19T03:00:04Z,0
2026-06-19T03:00:11Z,1
2026-06-19T03:00:14Z,0
2026-06-19T03:00:15.716Z,1
2026-06-19T03:00:17.075Z,0
2026-06-19T03:00:19.707Z,1
2026-06-19T03:00:21Z,1
2026-06-19T03:00:21.177Z,0
2026-06-19T03:00:24Z,0
2026-06-19T03:00:27.796Z,1
2026-06-19T03:00:28.88Z,0
2026-06-19T03:00:31Z,1
2026-06-19T03:00:32.33Z,1
2026-06-19T03:00:34Z,0
2026-06-19T03:00:35.779Z,0
2026-06-19T03:00:41Z,1
2026-06-19T03:00:44Z,0
2026-06-19T03:00:47.944Z,1
2026-06-19T03:00:48.923Z,0
2026-06-19T03:00:51Z,1
2026-06-19T03:00:54Z,0
2026-06-19T03:00:56.536Z,1
2026-06-19T03:00:57.403Z,0
2026-06-19T03:01:01Z,1
2026-06-19T03:01:04Z,0
2026-06-19T03:01:04.347Z,1
2026-06-19T03:01:06.814Z,0
2026-06-19T03:01:11Z,1
2026-06-19T03:01:12.233Z,1
2026-06-19T03:01:14Z,0
2026-06-19T03:01:15.29Z,0
2026-06-19T03:01:21Z,1
2026-06-19T03:01:24Z,0
2026-06-19T03:01:25.512Z,1
2026-06-19T03:01:26.855Z,0
2026-06-19T03:01:31Z,1
2026-06-19T03:01:32.362Z,1
2026-06-19T03:01:34Z,0
2026-06-19T03:01:36.531Z,0
2026-06-19T03:01:41Z,1
2026-06-19T03:01:42.335Z,1
2026-06-19T03:01:44Z,0
2026-06-19T03:01:45.229Z,0
2026-06-19T03:01:51Z,1
2026-06-19T03:01:53.09Z,1
2026-06-19T03:01:54Z,0
2026-06-19T03:01:55.335Z,0
2026-06-19T03:02:01Z,1
2026-06-19T03:02:03.846Z,1
2026-06-19T03:02:04Z,0
2026-06-19T03:02:08.232Z,0
2026-06-19T03:02:11Z,1
2026-06-19T03:02:14Z,0
2026-06-19T03:02:14.29Z,1
2026-06-19T03:02:16.093Z,0
2026-06-19T03:02:21Z,1
2026-06-19T03:02:22.463Z,1
2026-06-19T03:02:24Z,0
2026-06-19T03:02:25.362Z,0
2026-06-19T03:02:32Z,1
2026-06-19T03:02:34Z,0
2026-06-19T03:02:34.528Z,1
2026-06-19T03:02:35.782Z,0
2026-06-19T03:02:42Z,1
2026-06-19T03:02:44Z,0
2026-06-19T03:02:44.198Z,1
2026-06-19T03:02:45.838Z,0
2026-06-19T03:02:52Z,1
2026-06-19T03:02:53.098Z,1
2026-06-19T03:02:54Z,0
2026-06-19T03:02:55.413Z,0
2026-06-19T03:03:02Z,1
2026-06-19T03:03:04Z,0
2026-06-19T03:03:05.786Z,1
2026-06-19T03:03:09.641Z,0
2026-06-19T03:03:12Z,1
2026-06-19T03:03:14Z,0
2026-06-19T03:03:16.472Z,1
2026-06-19T03:03:17.317Z,0
2026-06-19T03:03:22Z,1
2026-06-19T03:03:22.82Z,1
2026-06-19T03:03:24Z,0
2026-06-19T03:03:26.288Z,0
2026-06-19T03:03:32Z,1
2026-06-19T03:03:32.703Z,1
2026-06-19T03:03:34Z,0
2026-06-19T03:03:35.685Z,0
2026-06-19T03:03:42Z,1
2026-06-19T03:03:42.792Z,1
2026-06-19T03:03:44Z,0
2026-06-19T03:03:46.103Z,0
2026-06-19T03:03:52Z,1
2026-06-19T03:03:52.756Z,1
2026-06-19T03:03:54Z,0
2026-06-19T03:03:55.163Z,0
2026-06-19T03:04:02Z,1
2026-06-19T03:04:04Z,0
2026-06-19T03:04:04.706Z,1
2026-06-19T03:04:05.848Z,0
2026-06-19T03:04:12Z,1
2026-06-19T03:04:12.775Z,1
2026-06-19T03:04:14Z,0
2026-06-19T03:04:17.066Z,0
2026-06-19T03:04:22Z,1
2026-06-19T03:04:23.282Z,1
2026-06-19T03:04:24Z,0
2026-06-19T03:04:26.406Z,0
2026-06-19T03:04:32Z,1
2026-06-19T03:04:32.778Z,1
2026-06-19T03:04:34Z,0
2026-06-19T03:04:35.514Z,0
2026-06-19T03:04:42Z,1
2026-06-19T03:04:42.78Z,1
2026-06-19T03:04:44Z,0
2026-06-19T03:04:45.747Z,0
2026-06-19T03:04:52Z,1
2026-06-19T03:04:52.831Z,1
2026-06-19T03:04:54Z,0
2026-06-19T03:04:55.564Z,0
2026-06-19T03:05:02Z,1
2026-06-19T03:05:04Z,0
2026-06-19T03:05:12Z,1
2026-06-19T03:05:13.256Z,1
2026-06-19T03:05:14Z,0
2026-06-19T03:05:15.064Z,0
2026-06-19T03:05:18.264Z,1
2026-06-19T03:05:22Z,1
2026-06-19T03:05:23.429Z,0
2026-06-19T03:05:25Z,0
2026-06-19T03:05:26.647Z,1
2026-06-19T03:05:28.451Z,0
2026-06-19T03:05:32Z,1
2026-06-19T03:05:32.927Z,1
2026-06-19T03:05:35Z,0
2026-06-19T03:05:35.762Z,0
2026-06-19T03:05:42Z,1
2026-06-19T03:05:45Z,0
2026-06-19T03:05:52Z,1
2026-06-19T03:05:55Z,0
2026-06-19T03:06:02Z,1
2026-06-19T03:06:05Z,0
2026-06-19T03:06:12Z,1
2026-06-19T03:06:15Z,0
2026-06-19T03:06:22Z,1
2026-06-19T03:06:23.154Z,1
2026-06-19T03:06:25Z,0
2026-06-19T03:06:26.024Z,0
2026-06-19T03:06:28.354Z,1
2026-06-19T03:06:29.675Z,0
2026-06-19T03:06:32Z,1
2026-06-19T03:06:33.15Z,1
2026-06-19T03:06:34.414Z,0
2026-06-19T03:06:35Z,0
2026-06-19T03:06:35.999Z,1
2026-06-19T03:06:39.507Z,0
2026-06-19T03:06:41.235Z,1
2026-06-19T03:06:42Z,1
2026-06-19T03:06:42.684Z,0
2026-06-19T03:06:45Z,0
2026-06-19T03:06:45.937Z,1
2026-06-19T03:06:47.191Z,0
2026-06-19T03:06:49.858Z,1
2026-06-19T03:06:52Z,1
2026-06-19T03:06:52.527Z,0
2026-06-19T03:06:54.129Z,1
2026-06-19T03:06:55Z,0
2026-06-19T03:06:56.871Z,0
2026-06-19T03:07:02Z,1
2026-06-19T03:07:03.146Z,1
2026-06-19T03:07:05Z,0
2026-06-19T03:07:06.799Z,0
2026-06-19T03:07:12Z,1
2026-06-19T03:07:13.132Z,1
2026-06-19T03:07:15Z,0
2026-06-19T03:07:16.819Z,0
2026-06-19T03:07:22Z,1
2026-06-19T03:07:22.916Z,1
2026-06-19T03:07:25Z,0
2026-06-19T03:07:26.057Z,0
2026-06-19T03:07:32Z,1
2026-06-19T03:07:33.425Z,1
2026-06-19T03:07:35Z,0
2026-06-19T03:07:36.074Z,0
2026-06-19T03:07:43Z,1
2026-06-19T03:07:44.149Z,1
2026-06-19T03:07:45Z,0
2026-06-19T03:07:47.992Z,0
2026-06-19T03:07:53Z,1
2026-06-19T03:07:53.745Z,1
2026-06-19T03:07:55Z,0
2026-06-19T03:07:56.046Z,0
2026-06-19T03:08:03Z,1
2026-06-19T03:08:05Z,0
2026-06-19T03:08:05.746Z,1
2026-06-19T03:08:08.867Z,0
2026-06-19T03:08:13Z,1
2026-06-19T03:08:13.469Z,1
2026-06-19T03:08:15Z,0
2026-06-19T03:08:18.033Z,0
2026-06-19T03:08:23Z,1
2026-06-19T03:08:23.73Z,1
2026-06-19T03:08:25Z,0
2026-06-19T03:08:26.146Z,0
2026-06-19T03:08:33Z,1
2026-06-19T03:08:34.477Z,1
2026-06-19T03:08:35Z,0
2026-06-19T03:08:36.196Z,0
2026-06-19T03:08:43Z,1
2026-06-19T03:08:43.783Z,1
2026-06-19T03:08:45Z,0
2026-06-19T03:08:46.148Z,0
2026-06-19T03:08:53Z,1
2026-06-19T03:08:53.762Z,1
2026-06-19T03:08:55Z,0
2026-06-19T03:08:56.123Z,0
2026-06-19T03:09:03Z,1
2026-06-19T03:09:04.706Z,1
2026-06-19T03:09:05Z,0
2026-06-19T03:09:06.511Z,0
2026-06-19T03:09:13Z,1
2026-06-19T03:09:13.827Z,1
2026-06-19T03:09:15Z,0
2026-06-19T03:09:16.193Z,0
2026-06-19T03:09:23Z,1
2026-06-19T03:09:23.843Z,1
2026-06-19T03:09:25Z,0
2026-06-19T03:09:26.197Z,0
2026-06-19T03:09:33Z,1
2026-06-19T03:09:34.901Z,1
2026-06-19T03:09:35Z,0
2026-06-19T03:09:36.309Z,0
2026-06-19T03:09:43Z,1
2026-06-19T03:09:45Z,0
2026-06-19T03:09:46.052Z,1
2026-06-19T03:09:47.284Z,0
2026-06-19T03:09:53Z,1
2026-06-19T03:09:55Z,0
2026-06-19T03:09:55.692Z,1
2026-06-19T03:09:56.528Z,0
2026-06-19T03:10:03Z,1
2026-06-19T03:10:05Z,0
2026-06-19T03:10:13Z,1
2026-06-19T03:10:15Z,0
2026-06-19T03:10:16.3Z,1
2026-06-19T03:10:17.274Z,0
2026-06-19T03:10:19.53Z,1
2026-06-19T03:10:20.283Z,0
2026-06-19T03:10:23Z,1
2026-06-19T03:10:25Z,0
2026-06-19T03:10:26.078Z,1
2026-06-19T03:10:27.322Z,0
2026-06-19T03:10:33Z,1
2026-06-19T03:10:35Z,0
2026-06-19T03:10:35.748Z,1
2026-06-19T03:10:36.698Z,0
2026-06-19T03:10:43Z,1
2026-06-19T03:10:45Z,0
2026-06-19T03:10:53Z,1
2026-06-19T03:11:05Z,0
2026-06-19T03:11:13Z,1
2026-06-19T03:11:14.829Z,1
2026-06-19T03:11:15Z,0
2026-06-19T03:11:15.452Z,0
2026-06-19T03:11:19.394Z,1
2026-06-19T03:11:23Z,1
2026-06-19T03:11:24.842Z,0
2026-06-19T03:11:26Z,0
2026-06-19T03:11:26.507Z,1
2026-06-19T03:11:27.78Z,0
2026-06-19T03:11:31.19Z,1
2026-06-19T03:11:31.965Z,0
2026-06-19T03:11:34Z,1
2026-06-19T03:11:36.635Z,1
2026-06-19T03:11:46Z,0
2026-06-19T03:11:49.294Z,0
2026-06-19T03:11:55Z,1
2026-06-19T03:11:55.94Z,1
2026-06-19T03:11:56Z,0
2026-06-19T03:11:57.12Z,0
2026-06-19T03:12:05Z,1
2026-06-19T03:12:06Z,0
2026-06-19T03:12:07.725Z,1
2026-06-19T03:12:08.247Z,0
2026-06-19T03:12:15Z,1
2026-06-19T03:12:15.95Z,1
2026-06-19T03:12:27Z,0
2026-06-19T03:12:28.121Z,0
2026-06-19T03:12:35Z,1
2026-06-19T03:12:37Z,0
2026-06-19T03:12:37.399Z,1
2026-06-19T03:12:37.92Z,0
2026-06-19T03:12:45Z,1
2026-06-19T03:12:47Z,0
2026-06-19T03:12:49.407Z,1
2026-06-19T03:12:50.472Z,0
2026-06-19T03:12:55Z,1
2026-06-19T03:12:56.388Z,1
2026-06-19T03:13:07Z,0
2026-06-19T03:13:08.483Z,0
2026-06-19T03:13:16Z,1
2026-06-19T03:13:17Z,0
2026-06-19T03:13:17.225Z,1
2026-06-19T03:13:19.136Z,0
2026-06-19T03:13:26Z,1
2026-06-19T03:13:26.817Z,1
2026-06-19T03:13:37Z,0
2026-06-19T03:13:39.065Z,0
2026-06-19T03:13:46Z,1
2026-06-19T03:13:47Z,0
2026-06-19T03:13:47.59Z,1
2026-06-19T03:13:48.231Z,0
2026-06-19T03:13:56Z,1
2026-06-19T03:13:57.125Z,1
2026-06-19T03:14:08Z,0
2026-06-19T03:14:09.917Z,0
2026-06-19T03:14:17Z,1
2026-06-19T03:14:17.853Z,1
2026-06-19T03:14:18Z,0
2026-06-19T03:14:19.313Z,0
2026-06-19T03:14:26Z,1
2026-06-19T03:14:27.284Z,1
2026-06-19T03:14:29Z,0
2026-06-19T03:14:29.752Z,0
2026-06-19T03:14:36Z,1
2026-06-19T03:14:40.047Z,1
2026-06-19T03:14:49Z,0
2026-06-19T03:14:50.019Z,0
2026-06-19T03:14:57Z,1
2026-06-19T03:14:57.804Z,1
2026-06-19T03:14:59Z,0
2026-06-19T03:14:59.411Z,0
2026-06-19T03:15:07Z,1
2026-06-19T03:15:09Z,0
2026-06-19T03:15:13.275Z,1
2026-06-19T03:15:16.615Z,0
2026-06-19T03:15:17Z,1
2026-06-19T03:15:19Z,0
2026-06-19T03:15:21Z,1
2026-06-19T03:15:22.254Z,0
2026-06-19T03:15:27Z,1
2026-06-19T03:15:28.832Z,1
2026-06-19T03:15:39Z,0
2026-06-19T03:15:41.637Z,0
2026-06-19T03:15:47Z,1
2026-06-19T03:15:49Z,0
2026-06-19T03:15:57Z,1
2026-06-19T03:15:59Z,0
2026-06-19T03:16:07Z,1
2026-06-19T03:16:09Z,0
2026-06-19T03:16:15.054Z,1
2026-06-19T03:16:15.962Z,0
2026-06-19T03:16:17Z,1
2026-06-19T03:16:19.899Z,1
2026-06-19T03:16:20Z,0
2026-06-19T03:16:20.898Z,0
2026-06-19T03:16:22.886Z,1
2026-06-19T03:16:25.691Z,0
2026-06-19T03:16:27.759Z,1
2026-06-19T03:16:28Z,1
2026-06-19T03:16:28.328Z,0
2026-06-19T03:16:30Z,0
2026-06-19T03:16:32.757Z,1
2026-06-19T03:16:33.943Z,0
2026-06-19T03:16:38Z,1
2026-06-19T03:16:39.055Z,1
2026-06-19T03:16:50Z,0
2026-06-19T03:16:50.499Z,0
2026-06-19T03:16:58Z,1
2026-06-19T03:16:58.972Z,1
2026-06-19T03:18:23Z,0
2026-06-19T03:18:23.624Z,0
2026-06-19T04:08:54Z,1
2026-06-19T04:08:57.72Z,1
2026-06-19T04:11:55Z,0
2026-06-19T04:11:56.947Z,0
2026-06-19T05:09:39Z,1
2026-06-19T05:09:43.371Z,1
2026-06-19T05:12:39Z,0
2026-06-19T05:12:41.629Z,0
2026-06-19T06:08:45Z,1
2026-06-19T06:08:46.162Z,1
2026-06-19T06:11:45Z,0
2026-06-19T06:12:01.998Z,0
2026-06-19T06:23:24Z,1
2026-06-19T06:23:27.411Z,1
2026-06-19T06:26:24Z,0
2026-06-19T06:26:25.501Z,0
2026-06-19T10:56:02Z,1
2026-06-19T10:56:03.307Z,1
2026-06-19T10:57:32Z,0
2026-06-19T10:57:32.476Z,0
2026-06-19T11:41:02Z,1
2026-06-19T11:41:07.441Z,1
2026-06-19T11:42:32Z,0
2026-06-19T11:42:32.635Z,0
2026-06-19T18:21:02Z,1
2026-06-19T18:21:04.256Z,1
2026-06-19T18:22:32Z,0
2026-06-19T18:22:34.743Z,0
2026-06-19T22:44:48Z,1
2026-06-19T22:44:50.048Z,1
2026-06-19T22:46:18Z,0
2026-06-19T22:46:19.134Z,0
2026-06-20T03:00:01Z,1
2026-06-20T03:00:15.455Z,1
2026-06-20T03:03:01Z,0
2026-06-20T03:03:07.65Z,0
2026-06-20T05:55:23Z,1
2026-06-20T05:55:28.831Z,1
2026-06-20T05:58:23Z,0
2026-06-20T05:58:24.649Z,0
2026-06-20T06:00:04Z,1
2026-06-20T06:00:06Z,0
2026-06-20T06:00:14.341Z,1
2026-06-20T06:00:17.883Z,0
2026-06-20T06:15:54Z,1
2026-06-20T06:15:56.51Z,1
2026-06-20T06:18:54Z,0
2026-06-20T06:18:55.945Z,0
2026-06-20T17:56:02Z,1
2026-06-20T17:56:06.347Z,1
2026-06-20T17:57:32Z,0
2026-06-20T17:57:35.066Z,0
2026-06-21T03:00:01Z,1
2026-06-21T03:00:13.843Z,1
2026-06-21T03:03:01Z,0
2026-06-21T03:03:04.085Z,0
2026-06-21T05:59:04Z,1
2026-06-21T05:59:05.358Z,1
2026-06-21T06:00:00Z,0
2026-06-21T06:00:01.481Z,0
2026-06-21T06:00:02Z,1
2026-06-21T06:00:02.239Z,0
2026-06-21T06:00:03Z,0
2026-06-21T06:00:04Z,0
2026-06-21T06:00:16.593Z,1
2026-06-21T06:00:16.709Z,0
2026-06-21T06:00:16.789Z,0
2026-06-21T06:00:17.52Z,0
2026-06-21T06:00:18.213Z,0
2026-06-21T06:00:19.262Z,0
2026-06-21T06:00:19.851Z,0
2026-06-21T06:00:20.586Z,0
2026-06-21T06:00:21.626Z,0
2026-06-21T06:00:22.348Z,0
2026-06-21T06:00:22.979Z,0
2026-06-21T06:00:23.613Z,0
2026-06-21T06:00:24.312Z,0
2026-06-21T06:00:24.946Z,0
2026-06-21T06:00:25.605Z,0
2026-06-21T06:00:26.235Z,0
2026-06-21T06:00:26.982Z,0
2026-06-21T06:00:27.684Z,0
2026-06-21T06:00:28.359Z,0
2026-06-21T06:00:29.001Z,0
2026-06-21T06:00:29.643Z,0
2026-06-21T06:00:30.279Z,0
2026-06-21T06:00:30.924Z,0
2026-06-21T06:00:31.567Z,0
2026-06-21T06:00:32.214Z,0
2026-06-21T06:00:33.493Z,0
2026-06-21T06:00:34.255Z,0
2026-06-21T06:00:34.875Z,0
2026-06-21T06:00:35.451Z,0
2026-06-21T06:00:36.434Z,0
2026-06-21T06:00:37.986Z,0
2026-06-21T06:00:39.104Z,0
2026-06-21T06:00:39.596Z,0
2026-06-21T06:00:40.081Z,0
2026-06-21T06:00:40.747Z,0
2026-06-21T06:00:41.244Z,0
2026-06-21T06:00:41.847Z,0
2026-06-21T06:00:42.392Z,0
2026-06-21T06:00:42.996Z,0
2026-06-21T06:00:43.507Z,0
2026-06-21T06:00:44.249Z,0
2026-06-21T06:00:44.845Z,0
2026-06-21T06:00:45.333Z,0
2026-06-21T06:00:45.926Z,0
2026-06-21T08:31:32Z,1
2026-06-21T08:31:44.178Z,1
2026-06-21T08:33:02Z,0
2026-06-21T08:33:24.64Z,0
2026-06-22T06:01:57Z,1
2026-06-22T06:02:00.663Z,1
2026-06-22T06:04:57Z,0
2026-06-22T06:04:57.971Z,0
2026-06-22T08:42:48Z,1
2026-06-22T08:42:49.025Z,1
2026-06-22T09:03:06Z,0
2026-06-22T09:03:08.967Z,0
2026-06-22T09:03:09.475Z,0
2026-06-23T06:07:07Z,1
2026-06-23T06:07:09.228Z,1
2026-06-23T06:10:07Z,0
2026-06-23T06:10:16.682Z,0
2026-06-23T07:03:28Z,1
2026-06-23T07:03:29.164Z,1
2026-06-23T07:05:52Z,0
2026-06-23T07:05:58.494Z,0
2026-06-23T07:37:15Z,1
2026-06-23T07:37:15.325Z,1
2026-06-23T07:38:00Z,0
2026-06-23T07:38:05.088Z,0
2026-06-24T06:12:29Z,1
2026-06-24T06:12:31.562Z,1
2026-06-24T06:15:29Z,0
2026-06-24T06:15:30.622Z,0
2026-06-25T02:38:02Z,1
2026-06-25T02:38:04.726Z,1
2026-06-25T02:41:02Z,0
2026-06-25T02:41:03.34Z,0
2026-06-25T03:00:01Z,1
2026-06-25T03:00:13.409Z,1
2026-06-25T03:01:29Z,0
2026-06-25T03:01:30.234Z,0
2026-06-25T06:12:39Z,1
2026-06-25T06:12:41.968Z,1
2026-06-25T06:15:39Z,0
2026-06-25T06:15:40.35Z,0
2026-06-25T18:26:02Z,1
2026-06-25T18:26:06.683Z,1
2026-06-25T18:27:32Z,0
2026-06-25T18:27:33.725Z,0
2026-06-25T21:40:07Z,1
2026-06-25T21:40:16.04Z,1
2026-06-25T21:43:07Z,0
2026-06-25T21:43:08.736Z,0
2026-06-26T06:51:06Z,1
2026-06-26T06:51:06.878Z,1
2026-06-26T06:54:06Z,0
2026-06-26T06:54:06.97Z,0
2026-06-26T07:00:06Z,1
2026-06-26T07:00:10Z,0
2026-06-26T07:00:15.777Z,1
2026-06-26T07:00:20.617Z,0
2026-06-26T08:33:28Z,1
2026-06-26T08:33:33.186Z,1
2026-06-26T08:34:58Z,0
2026-06-26T08:34:59.855Z,0
2026-06-26T17:26:02Z,1
2026-06-26T17:26:02.951Z,1
2026-06-26T17:27:32Z,0
2026-06-26T17:27:34.128Z,0
2026-06-27T02:11:10Z,1
2026-06-27T02:11:10.843Z,1
2026-06-27T02:12:40Z,0
2026-06-27T02:12:41.078Z,0
2026-06-27T03:00:01Z,1
2026-06-27T03:00:10Z,0
2026-06-27T03:00:11.771Z,1
2026-06-27T03:00:17.239Z,0
2026-06-27T03:00:21Z,1
2026-06-27T03:00:22.171Z,1
2026-06-27T03:00:30Z,0
2026-06-27T03:00:30.946Z,0
2026-06-27T03:00:41Z,1
2026-06-27T03:00:42.964Z,1
2026-06-27T03:00:50Z,0
2026-06-27T03:00:50.928Z,0
2026-06-27T03:01:01Z,1
2026-06-27T03:01:04.057Z,1
2026-06-27T03:01:10Z,0
2026-06-27T03:01:10.911Z,0
2026-06-27T03:01:21Z,1
2026-06-27T03:01:21.952Z,1
2026-06-27T03:01:30Z,0
2026-06-27T03:01:30.942Z,0
2026-06-27T03:01:41Z,1
2026-06-27T03:01:43.317Z,1
2026-06-27T03:01:50Z,0
2026-06-27T03:01:50.989Z,0
2026-06-27T03:02:01Z,1
2026-06-27T03:02:04.774Z,1
2026-06-27T03:02:10Z,0
2026-06-27T03:02:10.962Z,0
2026-06-27T03:02:21Z,1
2026-06-27T03:02:21.992Z,1
2026-06-27T03:02:30Z,0
2026-06-27T03:02:31.769Z,0
2026-06-27T03:02:41Z,1
2026-06-27T03:02:41.966Z,1
2026-06-27T03:02:50Z,0
2026-06-27T03:02:51.045Z,0
2026-06-27T03:03:01Z,1
2026-06-27T03:03:06.01Z,1
2026-06-27T03:03:10Z,0
2026-06-27T03:03:11.039Z,0
2026-06-27T03:03:21Z,1
2026-06-27T03:03:30Z,0
2026-06-27T03:03:39.754Z,1
2026-06-27T03:03:41Z,1
2026-06-27T03:03:43.71Z,0
2026-06-27T03:03:45.878Z,1
2026-06-27T03:03:50Z,0
2026-06-27T03:03:51.219Z,0
2026-06-27T03:04:01Z,1
2026-06-27T03:04:04.291Z,1
2026-06-27T03:04:10Z,0
2026-06-27T03:04:11.026Z,0
2026-06-27T03:04:21Z,1
2026-06-27T03:04:22.96Z,1
2026-06-27T03:04:30Z,0
2026-06-27T03:04:31.062Z,0
2026-06-27T03:04:41Z,1
2026-06-27T03:04:42.542Z,1
2026-06-27T03:04:50Z,0
2026-06-27T03:04:51.491Z,0
2026-06-27T03:05:01Z,1
2026-06-27T03:05:10Z,0
2026-06-27T03:05:13.655Z,1
2026-06-27T03:05:17.302Z,0
2026-06-27T03:05:21Z,1
2026-06-27T03:05:22.12Z,1
2026-06-27T03:05:30Z,0
2026-06-27T03:05:31.133Z,0
2026-06-27T03:05:41Z,1
2026-06-27T03:05:41.803Z,1
2026-06-27T03:05:50Z,0
2026-06-27T03:05:51.966Z,0
2026-06-27T03:06:01Z,1
2026-06-27T03:06:07.621Z,1
2026-06-27T03:06:10Z,0
2026-06-27T03:06:12.278Z,0
2026-06-27T03:06:21Z,1
2026-06-27T03:06:22.191Z,1
2026-06-27T03:06:30Z,0
2026-06-27T03:06:31.18Z,0
2026-06-27T03:06:41Z,1
2026-06-27T03:06:41.875Z,1
2026-06-27T03:06:50Z,0
2026-06-27T03:06:51.336Z,0
2026-06-27T03:07:01Z,1
2026-06-27T03:07:04.02Z,1
2026-06-27T03:07:10Z,0
2026-06-27T03:07:11.964Z,0
2026-06-27T03:07:21Z,1
2026-06-27T03:07:22.222Z,1
2026-06-27T03:07:30Z,0
2026-06-27T03:07:31.36Z,0
2026-06-27T03:07:41Z,1
2026-06-27T03:07:42.139Z,1
2026-06-27T03:07:50Z,0
2026-06-27T03:07:51.258Z,0
2026-06-27T03:08:01Z,1
2026-06-27T03:08:04.964Z,1
2026-06-27T03:08:10Z,0
2026-06-27T03:08:13.075Z,0
2026-06-27T03:08:21Z,1
2026-06-27T03:08:30Z,0
2026-06-27T03:08:37.823Z,1
2026-06-27T03:08:39.398Z,0
2026-06-27T03:08:41Z,1
2026-06-27T03:08:43.903Z,1
2026-06-27T03:08:50Z,0
2026-06-27T03:08:52.658Z,0
2026-06-27T03:09:01Z,1
2026-06-27T03:09:03.95Z,1
2026-06-27T03:09:10Z,0
2026-06-27T03:09:11.448Z,0
2026-06-27T03:09:21Z,1
2026-06-27T03:09:22.945Z,1
2026-06-27T03:09:30Z,0
2026-06-27T03:09:31.365Z,0
2026-06-27T03:09:41Z,1
2026-06-27T03:09:43.145Z,1
2026-06-27T03:09:50Z,0
2026-06-27T03:09:51.367Z,0
2026-06-27T03:10:01Z,1
2026-06-27T03:10:10Z,0
2026-06-27T03:10:13.694Z,1
2026-06-27T03:10:15.29Z,0
2026-06-27T03:10:21Z,1
2026-06-27T03:10:22.3Z,1
2026-06-27T03:10:30Z,0
2026-06-27T03:10:32.444Z,0
2026-06-27T03:10:42Z,1
2026-06-27T03:10:44.443Z,1
2026-06-27T03:10:50Z,0
2026-06-27T03:10:51.457Z,0
2026-06-27T03:11:02Z,1
2026-06-27T03:11:04.328Z,1
2026-06-27T03:11:10Z,0
2026-06-27T03:11:11.643Z,0
2026-06-27T03:11:21Z,1
2026-06-27T03:11:22.615Z,1
2026-06-27T03:11:31Z,0
2026-06-27T03:11:33.042Z,0
2026-06-27T03:11:42Z,1
2026-06-27T03:11:43.563Z,1
2026-06-27T03:11:51Z,0
2026-06-27T03:11:52.061Z,0
2026-06-27T03:12:02Z,1
2026-06-27T03:12:05.794Z,1
2026-06-27T03:12:11Z,0
2026-06-27T03:12:12.037Z,0
2026-06-27T03:12:22Z,1
2026-06-27T03:12:23.443Z,1
2026-06-27T03:12:31Z,0
2026-06-27T03:12:32.163Z,0
2026-06-27T03:12:42Z,1
2026-06-27T03:12:43.113Z,1
2026-06-27T03:12:51Z,0
2026-06-27T03:12:52.737Z,0
2026-06-27T03:13:03Z,1
2026-06-27T03:13:04.764Z,1
2026-06-27T03:13:11Z,0
2026-06-27T03:13:11.79Z,0
2026-06-27T03:13:23Z,1
2026-06-27T03:13:31Z,0
2026-06-27T03:13:34Z,1
2026-06-27T03:13:39.828Z,1
2026-06-27T03:13:41Z,0
2026-06-27T03:13:41.731Z,0
2026-06-27T03:13:42.649Z,1
2026-06-27T03:13:44Z,1
2026-06-27T03:13:46.203Z,0
2026-06-27T03:13:47.029Z,1
2026-06-27T03:13:51Z,0
2026-06-27T03:13:53.085Z,0
2026-06-27T03:13:54Z,1
2026-06-27T03:13:55.373Z,1
2026-06-27T03:14:01Z,0
2026-06-27T03:14:04Z,1
2026-06-27T03:14:04.86Z,0
2026-06-27T03:14:07.73Z,1
2026-06-27T03:14:11Z,0
2026-06-27T03:14:12.844Z,0
2026-06-27T03:14:15Z,1
2026-06-27T03:14:15.756Z,1
2026-06-27T03:14:21Z,0
2026-06-27T03:14:23.505Z,0
2026-06-27T03:14:25Z,1
2026-06-27T03:14:26.79Z,1
2026-06-27T03:14:31Z,0
2026-06-27T03:14:32.184Z,0
2026-06-27T03:14:35Z,1
2026-06-27T03:14:36.405Z,1
2026-06-27T03:14:41Z,0
2026-06-27T03:14:42.185Z,0
2026-06-27T03:14:46Z,1
2026-06-27T03:14:46.659Z,1
2026-06-27T03:14:51Z,0
2026-06-27T03:14:53.982Z,0
2026-06-27T03:14:56Z,1
2026-06-27T03:14:57.076Z,1
2026-06-27T03:15:01Z,0
2026-06-27T03:15:06Z,1
2026-06-27T03:15:09.069Z,0
2026-06-27T03:15:11Z,0
2026-06-27T03:15:12.203Z,1
2026-06-27T03:15:16Z,1
2026-06-27T03:15:16.364Z,0
2026-06-27T03:15:19.248Z,1
2026-06-27T03:15:21Z,0
2026-06-27T03:15:22.379Z,0
2026-06-27T03:15:26Z,1
2026-06-27T03:15:29.17Z,1
2026-06-27T03:15:31Z,0
2026-06-27T03:15:32.315Z,0
2026-06-27T03:15:36Z,1
2026-06-27T03:15:36.791Z,1
2026-06-27T03:15:41Z,0
2026-06-27T03:15:42.414Z,0
2026-06-27T03:15:46Z,1
2026-06-27T03:15:46.914Z,1
2026-06-27T03:15:51Z,0
2026-06-27T03:15:52.394Z,0
2026-06-27T03:15:56Z,1
2026-06-27T03:15:56.944Z,1
2026-06-27T03:16:01Z,0
2026-06-27T03:16:02Z,0
2026-06-27T03:16:04.014Z,0
2026-06-27T03:16:04.24Z,0
2026-06-27T03:16:04.415Z,0
2026-06-27T03:16:05.092Z,0
2026-06-27T03:16:05.641Z,0
2026-06-27T03:16:06.203Z,0
2026-06-27T03:16:06.719Z,0
2026-06-27T03:16:07.154Z,0
2026-06-27T03:16:07.652Z,0
2026-06-27T03:16:08.063Z,0
2026-06-27T03:16:08.6Z,0
2026-06-27T03:16:09.008Z,0
2026-06-27T03:16:09.433Z,0
2026-06-27T03:16:09.943Z,0
2026-06-27T03:16:10.455Z,0
2026-06-27T03:16:11.007Z,0
2026-06-27T03:16:11.481Z,0
2026-06-27T03:16:11.892Z,0
2026-06-27T03:16:12.306Z,0
2026-06-27T03:16:12.815Z,0
2026-06-27T03:16:13.23Z,0
2026-06-27T03:16:13.746Z,0
2026-06-27T03:16:14.267Z,0
2026-06-27T03:16:14.76Z,0
2026-06-27T03:16:15.165Z,0
2026-06-27T03:16:15.755Z,0
2026-06-27T03:16:16.181Z,0
2026-06-27T03:16:16.617Z,0
2026-06-27T03:16:17.14Z,0
2026-06-27T03:16:17.68Z,0
2026-06-27T03:16:18.107Z,0
2026-06-27T03:16:18.631Z,0
2026-06-27T03:16:19.044Z,0
2026-06-27T03:16:19.445Z,0
2026-06-27T03:16:19.858Z,0
2026-06-27T03:16:20.356Z,0
2026-06-27T06:16:02Z,1
2026-06-27T06:16:04.197Z,1
2026-06-27T06:19:02Z,0
2026-06-27T06:19:03.607Z,0
2026-06-27T07:00:06Z,1
2026-06-27T07:00:12Z,0
2026-06-27T07:00:16.92Z,1
2026-06-27T07:00:21.109Z,0
2026-06-27T08:48:03Z,1
2026-06-27T08:48:06.788Z,1
2026-06-27T08:49:33Z,0
2026-06-27T08:49:34.305Z,0
2026-06-27T18:06:02Z,1
2026-06-27T18:06:04.909Z,1
2026-06-27T18:07:32Z,0
2026-06-27T18:07:33.096Z,0
2026-06-27T21:06:51Z,1
2026-06-27T21:06:54.127Z,1
2026-06-27T21:08:21Z,0
2026-06-27T21:08:22.504Z,0
2026-06-28T06:16:03Z,1
2026-06-28T06:16:04Z,0
2026-06-28T06:16:05Z,1
2026-06-28T06:16:05.104Z,1
2026-06-28T06:16:08.269Z,0
2026-06-28T06:16:09.444Z,1
2026-06-28T06:16:11Z,0
2026-06-28T06:16:13Z,1
2026-06-28T06:16:13.118Z,0
2026-06-28T06:16:13.548Z,1
2026-06-28T06:16:14Z,0
2026-06-28T06:16:15.447Z,0
2026-06-28T06:16:16Z,1
2026-06-28T06:16:16.443Z,1
2026-06-28T06:16:22Z,0
2026-06-28T06:16:23Z,1
2026-06-28T06:16:24.303Z,0
2026-06-28T06:16:24.452Z,1
2026-06-28T06:16:25Z,0
2026-06-28T06:16:26Z,1
2026-06-28T06:16:26.211Z,0
2026-06-28T06:16:27.105Z,1
2026-06-28T06:16:32Z,0
2026-06-28T06:16:32.78Z,0
2026-06-28T06:16:33Z,1
2026-06-28T06:16:34.032Z,1
2026-06-28T06:16:35Z,0
2026-06-28T06:16:36Z,1
2026-06-28T06:16:37.358Z,0
2026-06-28T06:16:38.448Z,1
2026-06-28T06:16:42Z,0
2026-06-28T06:16:43Z,1
2026-06-28T06:16:45Z,0
2026-06-28T06:16:46Z,1
2026-06-28T06:16:47.286Z,0
2026-06-28T06:16:47.519Z,1
2026-06-28T06:16:47.973Z,0
2026-06-28T06:16:50.28Z,1
2026-06-28T06:16:52Z,0
2026-06-28T06:16:53Z,1
2026-06-28T06:16:53.987Z,0
2026-06-28T06:16:55Z,0
2026-06-28T06:16:56Z,1
2026-06-28T06:16:56.753Z,1
2026-06-28T06:16:58.272Z,0
2026-06-28T06:16:58.553Z,1
2026-06-28T06:17:02Z,0
2026-06-28T06:17:03Z,1
2026-06-28T06:17:04.288Z,0
2026-06-28T06:17:05.16Z,1
2026-06-28T06:17:06Z,0
2026-06-28T06:17:07Z,1
2026-06-28T06:17:07.596Z,0
2026-06-28T06:17:08.63Z,1
2026-06-28T06:17:12Z,0
2026-06-28T06:17:13Z,1
2026-06-28T06:17:13.072Z,0
2026-06-28T06:17:13.947Z,1
2026-06-28T06:17:16Z,0
2026-06-28T06:17:17Z,1
2026-06-28T06:17:17.015Z,0
2026-06-28T06:17:18.25Z,1
2026-06-28T06:17:22Z,0
2026-06-28T06:17:22.802Z,0
2026-06-28T06:17:23Z,1
2026-06-28T06:17:23.83Z,1
2026-06-28T06:17:26Z,0
2026-06-28T06:17:27Z,1
2026-06-28T06:17:28.716Z,0
2026-06-28T06:17:28.799Z,1
2026-06-28T06:17:32Z,0
2026-06-28T06:17:32.833Z,0
2026-06-28T06:17:33Z,1
2026-06-28T06:17:33.782Z,1
2026-06-28T06:17:36Z,0
2026-06-28T06:17:37Z,1
2026-06-28T06:17:37.077Z,0
2026-06-28T06:17:37.854Z,1
2026-06-28T06:17:42Z,0
2026-06-28T06:17:42.906Z,0
2026-06-28T06:17:43Z,1
2026-06-28T06:17:44.532Z,1
2026-06-28T06:17:46Z,0
2026-06-28T06:17:47Z,1
2026-06-28T06:17:49.934Z,0
2026-06-28T06:17:51.23Z,1
2026-06-28T06:17:52Z,0
2026-06-28T06:17:53Z,1
2026-06-28T06:17:54.119Z,0
2026-06-28T06:17:54.661Z,1
2026-06-28T06:17:56Z,0
2026-06-28T06:17:57Z,1
2026-06-28T06:17:59.408Z,0
2026-06-28T06:17:59.553Z,1
2026-06-28T06:18:02Z,0
2026-06-28T06:18:03Z,1
2026-06-28T06:18:05Z,0
2026-06-28T06:18:05.788Z,0
2026-06-28T06:18:06.735Z,1
2026-06-28T06:18:07Z,1
2026-06-28T06:18:08.734Z,0
2026-06-28T06:18:11.895Z,1
2026-06-28T06:18:12Z,0
2026-06-28T06:18:16.039Z,0
2026-06-28T06:18:18Z,1
2026-06-28T06:18:19.581Z,1
2026-06-28T06:18:22Z,0
2026-06-28T06:18:22.983Z,0
2026-06-28T06:18:28Z,1
2026-06-28T06:18:29.537Z,1
2026-06-28T06:19:58Z,0
2026-06-28T06:19:59.512Z,0
2026-06-28T07:00:05Z,1
2026-06-28T07:00:08Z,0
2026-06-28T07:00:14.094Z,1
2026-06-28T07:00:16.679Z,0
2026-06-28T08:36:39Z,1
2026-06-28T08:36:40.273Z,1
2026-06-28T08:38:09Z,0
2026-06-28T08:38:12.073Z,0
2026-06-28T16:51:02Z,1
2026-06-28T16:51:03.127Z,1
2026-06-28T16:52:32Z,0
2026-06-28T16:52:32.692Z,0
2026-06-29T06:36:05Z,1
2026-06-29T06:36:06.505Z,1
2026-06-29T06:39:05Z,0
2026-06-29T06:39:06.016Z,0
2026-06-29T07:00:05Z,1
2026-06-29T07:00:09Z,0
2026-06-29T07:00:14.348Z,1
2026-06-29T07:00:16.376Z,0
2026-06-29T18:56:02Z,1
2026-06-29T18:56:03.215Z,1
2026-06-29T18:57:32Z,0
2026-06-29T18:57:32.499Z,0
2026-06-30T03:40:13Z,1
2026-06-30T03:40:16.018Z,1
2026-06-30T03:43:13Z,0
2026-06-30T03:43:14.36Z,0
2026-06-30T06:06:47Z,1
2026-06-30T06:06:50.085Z,1
2026-06-30T06:09:47Z,0
2026-06-30T06:09:48.158Z,0
2026-06-30T07:00:09Z,1
2026-06-30T07:00:16Z,0
2026-06-30T07:00:17.582Z,1
2026-06-30T07:00:22.951Z,0
2026-06-30T22:27:38Z,1
2026-06-30T22:27:42.186Z,1
2026-06-30T22:29:08Z,0
2026-06-30T22:29:09.584Z,0
2026-07-01T05:41:54Z,1
2026-07-01T05:41:55.234Z,1
2026-07-01T05:41:57Z,0
2026-07-01T05:41:57.811Z,0
2026-07-01T05:41:58Z,1
2026-07-01T05:41:58.933Z,1
2026-07-01T05:42:03Z,0
2026-07-01T05:42:04Z,1
2026-07-01T05:42:07Z,0
2026-07-01T05:42:08Z,1
2026-07-01T05:42:08.758Z,0
2026-07-01T05:42:09.241Z,1
2026-07-01T05:42:09.798Z,0
2026-07-01T05:42:10.182Z,1
2026-07-01T05:42:13Z,0
2026-07-01T05:42:14Z,1
2026-07-01T05:42:14.743Z,0
2026-07-01T05:42:15.296Z,1
2026-07-01T05:42:17Z,0
2026-07-01T05:42:18Z,1
2026-07-01T05:42:18.455Z,0
2026-07-01T05:42:18.958Z,1
2026-07-01T05:42:23Z,0
2026-07-01T05:42:23.652Z,0
2026-07-01T05:42:24Z,1
2026-07-01T05:42:24.667Z,1
2026-07-01T05:42:27Z,0
2026-07-01T05:42:28Z,1
2026-07-01T05:42:30.397Z,0
2026-07-01T05:42:30.46Z,1
2026-07-01T05:42:33Z,0
2026-07-01T05:42:34Z,1
2026-07-01T05:42:34.684Z,0
2026-07-01T05:42:37.049Z,1
2026-07-01T05:42:38Z,0
2026-07-01T05:42:38.724Z,0
2026-07-01T05:42:39Z,1
2026-07-01T05:42:39.712Z,1
2026-07-01T05:42:43Z,0
2026-07-01T05:42:44Z,1
2026-07-01T05:42:45.467Z,0
2026-07-01T05:42:46.107Z,1
2026-07-01T05:42:48Z,0
2026-07-01T05:42:48.712Z,0
2026-07-01T05:42:49Z,1
2026-07-01T05:42:49.875Z,1
2026-07-01T05:42:53Z,0
2026-07-01T05:42:54Z,1
2026-07-01T05:42:54.128Z,0
2026-07-01T05:42:55.187Z,1
2026-07-01T05:42:58Z,0
2026-07-01T05:42:59Z,1
2026-07-01T05:43:03Z,0
2026-07-01T05:43:04Z,1
2026-07-01T05:43:04.264Z,0
2026-07-01T05:43:04.403Z,1
2026-07-01T05:43:08Z,0
2026-07-01T05:43:08.327Z,0
2026-07-01T05:43:09Z,1
2026-07-01T05:43:09.204Z,1
2026-07-01T05:43:12.029Z,0
2026-07-01T05:43:12.568Z,1
2026-07-01T05:43:13Z,0
2026-07-01T05:43:14Z,1
2026-07-01T05:43:14.224Z,0
2026-07-01T05:43:15.33Z,1
2026-07-01T05:43:18Z,0
2026-07-01T05:43:19Z,1
2026-07-01T05:43:20.88Z,0
2026-07-01T05:43:21.024Z,1
2026-07-01T05:43:23Z,0
2026-07-01T05:43:24Z,1
2026-07-01T05:43:25.941Z,0
2026-07-01T05:43:26.842Z,1
2026-07-01T05:43:28Z,0
2026-07-01T05:43:28.91Z,0
2026-07-01T05:43:29Z,1
2026-07-01T05:43:30.34Z,1
2026-07-01T05:43:33Z,0
2026-07-01T05:43:34Z,1
2026-07-01T05:43:35.832Z,0
2026-07-01T05:43:35.907Z,1
2026-07-01T05:43:38Z,0
2026-07-01T05:43:38.889Z,0
2026-07-01T05:43:39Z,1
2026-07-01T05:43:40.075Z,1
2026-07-01T05:43:43Z,0
2026-07-01T05:43:44.444Z,0
2026-07-01T05:43:45Z,1
2026-07-01T05:43:46.386Z,1
2026-07-01T05:43:48Z,0
2026-07-01T05:43:49Z,1
2026-07-01T05:43:49.001Z,0
2026-07-01T05:43:51Z,0
2026-07-01T05:43:51.986Z,1
2026-07-01T05:43:52.202Z,0
2026-07-01T05:43:54Z,1
2026-07-01T05:43:55.408Z,1
2026-07-01T05:43:58Z,0
2026-07-01T05:44:00.899Z,0
2026-07-01T05:44:05Z,1
2026-07-01T05:44:08Z,0
2026-07-01T05:44:14.434Z,1
2026-07-01T05:44:15Z,1
2026-07-01T05:44:15.137Z,0
2026-07-01T05:44:16.735Z,1
2026-07-01T05:44:18Z,0
2026-07-01T05:44:18.994Z,0
2026-07-01T05:44:25Z,1
2026-07-01T05:44:28Z,0
2026-07-01T05:44:28.177Z,1
2026-07-01T05:44:29.371Z,0
2026-07-01T05:44:35Z,1
2026-07-01T05:44:37.326Z,1
2026-07-01T05:44:38Z,0
2026-07-01T05:44:38.534Z,0
2026-07-01T05:44:45Z,1
2026-07-01T05:44:45.8Z,1
2026-07-01T05:44:48Z,0
2026-07-01T05:44:48.973Z,0
2026-07-01T05:44:55Z,1
2026-07-01T05:44:57.387Z,1
2026-07-01T05:44:58Z,0
2026-07-01T05:44:59.064Z,0
2026-07-01T05:45:05Z,1
2026-07-01T05:45:08Z,0
2026-07-01T05:45:15Z,1
2026-07-01T05:45:15.236Z,1
2026-07-01T05:45:16.06Z,0
2026-07-01T05:45:18Z,0
2026-07-01T05:45:22.637Z,1
2026-07-01T05:45:24.446Z,0
2026-07-01T05:45:25Z,1
2026-07-01T05:45:28Z,0
2026-07-01T05:45:30.341Z,1
2026-07-01T05:45:32.584Z,0
2026-07-01T05:45:35Z,1
2026-07-01T05:45:38Z,0
2026-07-01T05:45:38.453Z,1
2026-07-01T05:45:44.744Z,0
2026-07-01T05:45:45Z,1
2026-07-01T05:45:48Z,0
2026-07-01T05:45:48.601Z,1
2026-07-01T05:45:50.696Z,0
2026-07-01T05:45:55Z,1
2026-07-01T05:45:57.539Z,1
2026-07-01T05:45:58Z,0
2026-07-01T05:45:59.405Z,0
2026-07-01T05:46:05Z,1
2026-07-01T05:46:08Z,0
2026-07-01T05:46:08.998Z,1
2026-07-01T05:46:12.337Z,0
2026-07-01T05:46:15Z,1
2026-07-01T05:46:16.784Z,1
2026-07-01T05:46:18Z,0
2026-07-01T05:46:19.117Z,0
2026-07-01T05:46:25Z,1
2026-07-01T05:46:26.707Z,1
2026-07-01T05:46:28Z,0
2026-07-01T05:46:31.901Z,0
2026-07-01T05:46:35Z,1
2026-07-01T05:46:36.373Z,1
2026-07-01T05:46:38Z,0
2026-07-01T05:46:39.991Z,0
2026-07-01T05:46:45Z,1
2026-07-01T05:46:46.604Z,1
2026-07-01T05:46:48Z,0
2026-07-01T05:46:49.267Z,0
2026-07-01T05:46:56Z,1
2026-07-01T05:46:56.729Z,1
2026-07-01T05:46:58Z,0
2026-07-01T05:46:59.215Z,0
2026-07-01T05:47:06Z,1
2026-07-01T05:47:06.777Z,1
2026-07-01T05:47:08Z,0
2026-07-01T05:47:10.115Z,0
2026-07-01T05:47:16Z,1
2026-07-01T05:47:16.811Z,1
2026-07-01T05:47:18Z,0
2026-07-01T05:47:19.197Z,0
2026-07-01T05:47:25Z,1
2026-07-01T05:47:28Z,0
2026-07-01T05:47:28.142Z,1
2026-07-01T05:47:29.783Z,0
2026-07-01T05:47:36Z,1
2026-07-01T05:47:36.727Z,1
2026-07-01T05:47:38Z,0
2026-07-01T05:47:42.299Z,0
2026-07-01T05:47:46Z,1
2026-07-01T05:47:46.728Z,1
2026-07-01T05:47:48Z,0
2026-07-01T05:47:49.267Z,0
2026-07-01T05:47:56Z,1
2026-07-01T05:47:56.749Z,1
2026-07-01T05:47:58Z,0
2026-07-01T05:47:59.807Z,0
2026-07-01T05:48:06Z,1
2026-07-01T05:48:07.34Z,1
2026-07-01T05:48:08Z,0
2026-07-01T05:48:09.039Z,0
2026-07-01T05:48:16Z,1
2026-07-01T05:48:18Z,0
2026-07-01T05:48:18.401Z,1
2026-07-01T05:48:19.815Z,0
2026-07-01T05:48:26Z,1
2026-07-01T05:48:28Z,0
2026-07-01T05:48:28.094Z,1
2026-07-01T05:48:29.691Z,0
2026-07-01T05:48:36Z,1
2026-07-01T05:48:39.642Z,1
2026-07-01T05:48:48Z,0
2026-07-01T05:48:49.105Z,0
2026-07-01T05:48:57Z,1
2026-07-01T05:48:58Z,0
2026-07-01T05:48:58.296Z,1
2026-07-01T05:48:59.672Z,0
2026-07-01T05:49:06Z,1
2026-07-01T05:49:09Z,0
2026-07-01T05:49:17Z,1
2026-07-01T05:49:19Z,0
2026-07-01T05:49:27Z,1
2026-07-01T05:49:27.385Z,1
2026-07-01T05:49:28.136Z,0
2026-07-01T05:49:29Z,0
2026-07-01T05:49:32.762Z,1
2026-07-01T05:49:33.315Z,0
2026-07-01T05:49:37.002Z,1
2026-07-01T05:49:37.448Z,0
2026-07-01T05:49:38Z,1
2026-07-01T05:49:40.533Z,1
2026-07-01T05:49:49Z,0
2026-07-01T05:49:50.412Z,0
2026-07-01T05:49:58Z,1
2026-07-01T05:49:59Z,0
2026-07-01T05:49:59.913Z,1
2026-07-01T05:50:01.331Z,0
2026-07-01T05:50:08Z,1
2026-07-01T05:50:17.411Z,1
2026-07-01T05:50:19Z,0
2026-07-01T05:50:23.804Z,0
2026-07-01T05:50:28Z,1
2026-07-01T05:50:29Z,0
2026-07-01T05:50:30.416Z,1
2026-07-01T05:50:31.879Z,0
2026-07-01T05:50:38Z,1
2026-07-01T05:50:41.493Z,1
2026-07-01T05:50:50Z,0
2026-07-01T05:50:50.863Z,0
2026-07-01T05:50:58Z,1
2026-07-01T05:51:00Z,0
2026-07-01T05:51:01.662Z,1
2026-07-01T05:51:05.031Z,0
2026-07-01T05:51:09Z,1
2026-07-01T05:51:10Z,0
2026-07-01T05:51:10.352Z,1
2026-07-01T05:51:11.247Z,0
2026-07-01T05:51:19Z,1
2026-07-01T05:51:19.754Z,1
2026-07-01T05:51:30Z,0
2026-07-01T05:51:31.683Z,0
2026-07-01T05:51:39Z,1
2026-07-01T05:51:40.478Z,1
2026-07-01T05:51:41Z,0
2026-07-01T05:51:43.023Z,0
2026-07-01T05:51:50Z,1
2026-07-01T05:51:51.361Z,1
2026-07-01T05:52:01Z,0
2026-07-01T05:52:03.312Z,0
2026-07-01T05:52:10Z,1
2026-07-01T05:52:11Z,0
2026-07-01T05:52:11.56Z,1
2026-07-01T05:52:12.995Z,0
2026-07-01T05:52:20Z,1
2026-07-01T05:52:22.261Z,1
2026-07-01T05:52:31Z,0
2026-07-01T05:52:32.47Z,0
2026-07-01T05:52:40Z,1
2026-07-01T05:52:42Z,0
2026-07-01T05:52:42.863Z,1
2026-07-01T05:52:44.854Z,0
2026-07-01T05:52:50Z,1
2026-07-01T05:52:52.515Z,1
2026-07-01T05:53:03Z,0
2026-07-01T05:53:06.891Z,0
2026-07-01T05:53:11Z,1
2026-07-01T05:53:12.581Z,1
2026-07-01T05:53:13Z,0
2026-07-01T05:53:14.098Z,0
2026-07-01T05:53:21Z,1
2026-07-01T05:53:22.497Z,1
2026-07-01T05:53:23Z,0
2026-07-01T05:53:23.815Z,0
2026-07-01T05:53:31Z,1
2026-07-01T05:53:32.036Z,1
2026-07-01T05:55:01Z,0
2026-07-01T05:55:13.562Z,0
2026-07-01T06:00:11Z,1
2026-07-01T06:00:15.592Z,1
2026-07-01T06:00:20Z,0
2026-07-01T06:00:21.61Z,0
2026-07-01T08:16:55Z,1
2026-07-01T08:16:56.604Z,1
2026-07-01T08:19:55Z,0
2026-07-01T08:19:56.283Z,0
2026-07-01T23:29:50Z,1
2026-07-01T23:29:51.569Z,1
2026-07-01T23:31:20Z,0
2026-07-01T23:31:21.093Z,0
2026-07-02T06:56:05Z,1
2026-07-02T06:56:10Z,0
2026-07-02T06:56:11Z,1
2026-07-02T06:56:11.063Z,1
2026-07-02T06:56:13.142Z,0
2026-07-02T06:56:13.502Z,1
2026-07-02T06:56:14Z,0
2026-07-02T06:56:15Z,1
2026-07-02T06:56:15.331Z,0
2026-07-02T06:56:16.449Z,1
2026-07-02T06:59:08Z,0
2026-07-02T06:59:09.233Z,0
2026-07-02T07:00:07Z,1
2026-07-02T07:00:12Z,0
2026-07-02T07:00:17.071Z,1
2026-07-02T07:00:22.374Z,0
2026-07-02T18:01:01Z,1
2026-07-02T18:01:03.097Z,1
2026-07-02T18:02:31Z,0
2026-07-02T18:02:32.216Z,0
2026-07-02T21:37:05Z,1
2026-07-02T21:37:06.654Z,1
2026-07-02T21:38:35Z,0
2026-07-02T21:38:36.193Z,0
2026-07-03T03:00:01Z,1
2026-07-03T03:00:09Z,0
2026-07-03T03:00:11.779Z,1
2026-07-03T03:00:15.743Z,0
2026-07-03T03:00:21Z,1
2026-07-03T03:00:22.284Z,1
2026-07-03T03:00:29Z,0
2026-07-03T03:00:30.064Z,0
2026-07-03T03:00:41Z,1
2026-07-03T03:00:41.846Z,1
2026-07-03T03:00:49Z,0
2026-07-03T03:00:50.873Z,0
2026-07-03T03:01:01Z,1
2026-07-03T03:01:06.222Z,1
2026-07-03T03:01:09Z,0
2026-07-03T03:01:10.15Z,0
2026-07-03T03:01:21Z,1
2026-07-03T03:01:22.003Z,1
2026-07-03T03:01:29Z,0
2026-07-03T03:01:30.278Z,0
2026-07-03T03:01:41Z,1
2026-07-03T03:01:42.225Z,1
2026-07-03T03:01:49Z,0
2026-07-03T03:01:50.219Z,0
2026-07-03T03:02:01Z,1
2026-07-03T03:02:03.68Z,1
2026-07-03T03:02:09Z,0
2026-07-03T03:02:11.334Z,0
2026-07-03T03:02:21Z,1
2026-07-03T03:02:21.895Z,1
2026-07-03T03:02:29Z,0
2026-07-03T03:02:30.284Z,0
2026-07-03T03:02:41Z,1
2026-07-03T03:02:41.882Z,1
2026-07-03T03:02:49Z,0
2026-07-03T03:02:51.149Z,0
2026-07-03T03:03:01Z,1
2026-07-03T03:03:06.455Z,1
2026-07-03T03:03:09Z,0
2026-07-03T03:03:11.596Z,0
2026-07-03T03:03:21Z,1
2026-07-03T03:03:21.981Z,1
2026-07-03T03:03:29Z,0
2026-07-03T03:03:32.787Z,0
2026-07-03T03:03:41Z,1
2026-07-03T03:03:41.621Z,1
2026-07-03T03:03:49Z,0
2026-07-03T03:03:51.571Z,0
2026-07-03T03:04:01Z,1
2026-07-03T03:04:06.044Z,1
2026-07-03T03:04:09Z,0
2026-07-03T03:04:10.393Z,0
2026-07-03T03:04:21Z,1
2026-07-03T03:04:22.036Z,1
2026-07-03T03:04:29Z,0
2026-07-03T03:04:31.877Z,0
2026-07-03T03:04:41Z,1
2026-07-03T03:04:41.927Z,1
2026-07-03T03:04:49Z,0
2026-07-03T03:05:01Z,1
2026-07-03T03:05:09Z,0
2026-07-03T03:05:18.53Z,0
2026-07-03T03:05:21Z,1
2026-07-03T03:05:26.581Z,1
2026-07-03T03:05:27.776Z,0
2026-07-03T03:05:29Z,0
2026-07-03T03:05:32.151Z,1
2026-07-03T03:05:35.397Z,0
2026-07-03T03:05:41Z,1
2026-07-03T03:05:42.481Z,1
2026-07-03T03:05:50Z,0
2026-07-03T03:05:50.834Z,0
2026-07-03T03:06:01Z,1
2026-07-03T03:06:04.475Z,1
2026-07-03T03:06:10Z,0
2026-07-03T03:06:10.952Z,0
2026-07-03T03:06:21Z,1
2026-07-03T03:06:22.924Z,1
2026-07-03T03:06:30Z,0
2026-07-03T03:06:30.886Z,0
2026-07-03T03:06:41Z,1
2026-07-03T03:06:42.469Z,1
2026-07-03T03:06:50Z,0
2026-07-03T03:06:52.851Z,0
2026-07-03T03:07:02Z,1
2026-07-03T03:07:04.351Z,1
2026-07-03T03:07:10Z,0
2026-07-03T03:07:11.341Z,0
2026-07-03T03:07:22Z,1
2026-07-03T03:07:23.199Z,1
2026-07-03T03:07:30Z,0
2026-07-03T03:07:31.289Z,0
2026-07-03T03:07:42Z,1
2026-07-03T03:07:43.123Z,1
2026-07-03T03:07:50Z,0
2026-07-03T03:07:53.178Z,0
2026-07-03T03:08:02Z,1
2026-07-03T03:08:04.557Z,1
2026-07-03T03:08:10Z,0
2026-07-03T03:08:11.441Z,0
2026-07-03T03:08:22Z,1
2026-07-03T03:08:23.337Z,1
2026-07-03T03:08:30Z,0
2026-07-03T03:08:32.577Z,0
2026-07-03T03:08:42Z,1
2026-07-03T03:08:43.235Z,1
2026-07-03T03:08:50Z,0
2026-07-03T03:08:51.452Z,0
2026-07-03T03:09:02Z,1
2026-07-03T03:09:04.378Z,1
2026-07-03T03:09:10Z,0
2026-07-03T03:09:11.461Z,0
2026-07-03T03:09:12Z,1
2026-07-03T03:09:13Z,0
2026-07-03T03:09:14.413Z,1
2026-07-03T03:09:22Z,1
2026-07-03T03:09:30Z,0
2026-07-03T03:09:32Z,1
2026-07-03T03:09:33Z,0
2026-07-03T03:09:36.029Z,0
2026-07-03T03:09:36.724Z,0
2026-07-03T03:09:42Z,1
2026-07-03T03:09:43Z,0
2026-07-03T03:09:43.099Z,1
2026-07-03T03:09:52Z,1
2026-07-03T03:09:53Z,0
2026-07-03T03:10:02Z,1
2026-07-03T03:10:03Z,0
2026-07-03T03:10:08.247Z,0
2026-07-03T03:10:10.161Z,1
2026-07-03T03:10:12Z,1
2026-07-03T03:10:13Z,0
2026-07-03T03:10:22Z,1
2026-07-03T03:10:23Z,0
2026-07-03T03:10:31.261Z,0
2026-07-03T03:10:31.872Z,0
2026-07-03T03:10:32Z,1
2026-07-03T03:10:32.479Z,0
2026-07-03T03:10:33Z,0
2026-07-03T03:10:33.145Z,0
2026-07-03T03:10:34.387Z,0
2026-07-03T03:10:34.889Z,0
2026-07-03T03:10:41.565Z,1
2026-07-03T03:10:42Z,1
2026-07-03T03:10:43Z,0
2026-07-03T03:10:52Z,1
2026-07-03T03:10:53Z,0
2026-07-03T03:11:02Z,1
2026-07-03T03:11:03Z,0
2026-07-03T03:11:03.696Z,0
2026-07-03T03:11:12Z,1
2026-07-03T03:11:13Z,0
2026-07-03T03:11:22Z,1
2026-07-03T03:11:23Z,0
2026-07-03T03:11:29.764Z,1
2026-07-03T03:11:36.589Z,0
2026-07-03T03:11:37.199Z,0
2026-07-03T03:11:42Z,1
2026-07-03T03:11:50Z,0
2026-07-03T03:11:51.869Z,1
2026-07-03T03:11:53Z,1
2026-07-03T03:12:00Z,0
2026-07-03T03:12:03Z,0
2026-07-03T03:12:04Z,0
2026-07-03T03:12:12.285Z,0
2026-07-03T03:12:13Z,1
2026-07-03T03:12:17.917Z,1
2026-07-03T03:12:20Z,0
2026-07-03T03:12:23Z,1
2026-07-03T03:12:30Z,0
2026-07-03T03:12:33Z,1
2026-07-03T03:12:37.195Z,0
2026-07-03T03:12:37.781Z,0
2026-07-03T03:12:38.754Z,0
2026-07-03T03:12:40Z,0
2026-07-03T03:12:43Z,1
2026-07-03T03:12:43.129Z,1
2026-07-03T03:12:50Z,0
2026-07-03T03:12:53Z,1
2026-07-03T03:13:01Z,0
2026-07-03T03:13:03Z,1
2026-07-03T03:13:03.515Z,0
2026-07-03T03:13:08.467Z,1
2026-07-03T03:13:11Z,0
2026-07-03T03:13:13Z,1
2026-07-03T03:13:21Z,0
2026-07-03T03:13:23Z,1
2026-07-03T03:13:28.869Z,0
2026-07-03T03:13:29.85Z,0
2026-07-03T03:13:31Z,0
2026-07-03T03:13:33Z,1
2026-07-03T03:13:35.908Z,1
2026-07-03T03:13:41Z,0
2026-07-03T03:13:43Z,1
2026-07-03T03:13:51Z,0
2026-07-03T03:13:53Z,1
2026-07-03T03:13:55.536Z,0
2026-07-03T03:13:56.138Z,0
2026-07-03T03:13:57Z,0
2026-07-03T03:14:02.435Z,1
2026-07-03T03:14:13Z,1
2026-07-03T03:14:21Z,0
2026-07-03T03:14:22.498Z,0
2026-07-03T03:14:23Z,1
2026-07-03T03:14:23.112Z,0
2026-07-03T03:14:23.504Z,0
2026-07-03T03:14:27Z,0
2026-07-03T03:14:29.808Z,1
2026-07-03T03:14:30.375Z,0
2026-07-03T03:14:30.939Z,0
2026-07-03T03:14:31.547Z,0
2026-07-03T03:14:32.609Z,0
2026-07-03T03:14:33.28Z,0
2026-07-03T03:14:33.859Z,0
2026-07-03T03:14:34.458Z,0
2026-07-03T03:14:35.066Z,0
2026-07-03T03:14:35.687Z,0
2026-07-03T03:14:36.692Z,0
2026-07-03T03:14:37.383Z,0
2026-07-03T03:14:38.367Z,0
2026-07-03T03:14:39.035Z,0
2026-07-03T03:14:39.612Z,0
2026-07-03T03:14:40.205Z,0
2026-07-03T03:14:41.228Z,0
2026-07-03T03:14:42.302Z,0
2026-07-03T03:14:43Z,1
2026-07-03T03:14:43.439Z,0
2026-07-03T03:14:44.252Z,0
2026-07-03T03:14:44.853Z,0
2026-07-03T03:14:45.43Z,0
2026-07-03T03:14:46.494Z,0
2026-07-03T03:14:47.077Z,0
2026-07-03T03:14:47.743Z,0
2026-07-03T03:14:48.331Z,0
2026-07-03T03:14:49.427Z,0
2026-07-03T03:14:51Z,0
2026-07-03T03:14:53Z,1
2026-07-03T03:14:56.875Z,1
2026-07-03T03:14:57Z,0
2026-07-03T03:15:13Z,1
2026-07-03T03:15:17.04Z,0
2026-07-03T03:15:21Z,0
2026-07-03T03:15:22.764Z,1
2026-07-03T03:15:23Z,1
2026-07-03T03:15:27Z,0
2026-07-03T03:15:43Z,1
2026-07-03T03:15:43.024Z,0
2026-07-03T03:15:51Z,0
2026-07-03T03:15:53Z,1
2026-07-03T03:15:57Z,0
2026-07-03T03:16:12.074Z,1
2026-07-03T03:16:13Z,1
2026-07-03T03:16:21Z,0
2026-07-03T03:16:23Z,1
2026-07-03T03:16:27Z,0
2026-07-03T03:16:37.667Z,0
2026-07-03T03:16:40.386Z,1
2026-07-03T03:16:43Z,1
2026-07-03T03:16:46.253Z,0
2026-07-03T03:16:48.413Z,1
2026-07-03T03:16:48.842Z,0
2026-07-03T03:16:49.371Z,0
2026-07-03T03:16:50.431Z,0
2026-07-03T03:16:51Z,0
2026-07-03T03:16:51.159Z,0
2026-07-03T03:16:52.161Z,0
2026-07-03T03:16:52.88Z,0
2026-07-03T03:16:53Z,1
2026-07-03T03:16:53.469Z,0
2026-07-03T03:16:54.076Z,0
2026-07-03T03:16:55.103Z,0
2026-07-03T03:16:56.207Z,0
2026-07-03T03:16:56.913Z,0
2026-07-03T03:16:57Z,0
2026-07-03T03:16:57.506Z,0
2026-07-03T03:16:58.099Z,0
2026-07-03T03:16:58.669Z,0
2026-07-03T03:16:59.669Z,0
2026-07-03T03:17:00.342Z,0
2026-07-03T03:17:01.378Z,0
2026-07-03T03:17:02.045Z,0
2026-07-03T03:17:02.718Z,0
2026-07-03T03:17:03.717Z,0
2026-07-03T03:17:04.412Z,0
2026-07-03T03:17:05.423Z,0
2026-07-03T03:17:06.129Z,0
2026-07-03T03:17:07.134Z,0
2026-07-03T03:17:07.821Z,0
2026-07-03T03:17:13Z,1
2026-07-03T03:17:16.578Z,1
2026-07-03T03:17:17.919Z,0
2026-07-03T03:17:21Z,0
2026-07-03T03:17:21.251Z,1
2026-07-03T03:17:23Z,1
2026-07-03T03:17:25.055Z,0
2026-07-03T03:17:27Z,0
2026-07-03T03:17:27.439Z,1
2026-07-03T03:17:29.026Z,0
2026-07-03T03:17:33.501Z,1
2026-07-03T03:17:34.575Z,0
2026-07-03T03:17:37.568Z,1
2026-07-03T03:17:42.623Z,0
2026-07-03T03:17:43Z,1
2026-07-03T03:17:45.276Z,1
2026-07-03T03:17:47.705Z,0
2026-07-03T03:17:51Z,0
2026-07-03T03:17:51.983Z,1
2026-07-03T03:17:53Z,1
2026-07-03T03:17:55.141Z,0
2026-07-03T03:17:57Z,0
2026-07-03T03:17:58.081Z,1
2026-07-03T03:18:01.861Z,0
2026-07-03T03:18:04.575Z,1
2026-07-03T03:18:07.51Z,0
2026-07-03T03:18:10.113Z,1
2026-07-03T03:18:14Z,1
2026-07-03T03:18:17.136Z,0
2026-07-03T03:18:20.504Z,1
2026-07-03T03:18:21Z,0
2026-07-03T03:18:22.046Z,0
2026-07-03T03:18:24Z,1
2026-07-03T03:18:27Z,0
2026-07-03T03:18:31.917Z,1
2026-07-03T03:18:36.759Z,0
2026-07-03T03:18:37.449Z,1
2026-07-03T03:18:39.488Z,0
2026-07-03T03:18:44Z,1
2026-07-03T03:18:48.017Z,1
2026-07-03T03:18:51Z,0
2026-07-03T03:18:54Z,1
2026-07-03T03:18:57Z,0
2026-07-03T03:19:05.988Z,0
2026-07-03T03:19:06.723Z,1
2026-07-03T03:19:07.394Z,0
2026-07-03T03:19:14Z,1
2026-07-03T03:19:16.348Z,1
2026-07-03T03:19:20.706Z,0
2026-07-03T03:19:21Z,0
2026-07-03T03:19:21.22Z,1
2026-07-03T03:19:24Z,1
2026-07-03T03:19:24.22Z,0
2026-07-03T03:19:27Z,0
2026-07-03T03:19:31.036Z,1
2026-07-03T03:19:38.073Z,0
2026-07-03T03:19:38.59Z,1
2026-07-03T03:19:39.101Z,0
2026-07-03T03:19:44Z,1
2026-07-03T03:19:48.527Z,1
2026-07-03T03:19:51Z,0
2026-07-03T03:19:53.188Z,0
2026-07-03T03:19:54Z,1
2026-07-03T03:19:55.484Z,1
2026-07-03T03:19:57Z,0
2026-07-03T03:19:58.673Z,0
2026-07-03T03:20:06.497Z,1
2026-07-03T03:20:07.692Z,0
2026-07-03T03:20:10.744Z,1
2026-07-03T03:20:13.835Z,0
2026-07-03T03:20:14Z,1
2026-07-03T03:20:21Z,0
2026-07-03T03:20:22.623Z,1
2026-07-03T03:20:24Z,1
2026-07-03T03:20:26.417Z,0
2026-07-03T03:20:27Z,0
2026-07-03T03:20:28.311Z,1
2026-07-03T03:20:29.831Z,0
2026-07-03T03:20:35.937Z,1
2026-07-03T03:20:42.634Z,0
2026-07-03T03:20:43.891Z,1
2026-07-03T03:20:44Z,1
2026-07-03T03:20:44.695Z,0
2026-07-03T03:20:51Z,0
2026-07-03T03:20:53.935Z,1
2026-07-03T03:20:54Z,1
2026-07-03T03:20:57Z,0
2026-07-03T03:21:00.17Z,0
2026-07-03T03:21:05.799Z,1
2026-07-03T03:21:06.543Z,0
2026-07-03T03:21:13.431Z,1
2026-07-03T03:21:14Z,1
2026-07-03T03:21:18.606Z,0
2026-07-03T03:21:19.848Z,1
2026-07-03T03:21:20.308Z,0
2026-07-03T03:21:21Z,0
2026-07-03T03:21:24Z,1
2026-07-03T03:21:27Z,0
2026-07-03T03:21:28.799Z,1
2026-07-03T03:21:31.141Z,0
2026-07-03T03:21:33.106Z,1
2026-07-03T03:21:36.862Z,0
2026-07-03T03:21:44Z,1
2026-07-03T03:21:44.242Z,1
2026-07-03T03:21:51Z,0
2026-07-03T03:21:54Z,1
2026-07-03T03:21:58Z,0
2026-07-03T03:22:10.005Z,0
2026-07-03T03:22:10.689Z,1
2026-07-03T03:22:12.1Z,0
2026-07-03T03:22:14Z,1
2026-07-03T03:22:20.561Z,1
2026-07-03T03:22:21Z,0
2026-07-03T03:22:23.606Z,0
2026-07-03T03:22:24Z,1
2026-07-03T03:22:24.753Z,1
2026-07-03T03:22:25.795Z,0
2026-07-03T03:22:28Z,0
2026-07-03T03:22:31.911Z,1
2026-07-03T03:22:34.895Z,0
2026-07-03T03:22:35.475Z,1
2026-07-03T03:22:36.887Z,0
2026-07-03T03:22:44Z,1
2026-07-03T03:22:46.613Z,1
2026-07-03T03:22:50.527Z,0
2026-07-03T03:22:51Z,0
2026-07-03T03:22:51.149Z,1
2026-07-03T03:22:52.676Z,0
2026-07-03T03:22:54Z,1
2026-07-03T03:22:58Z,0
2026-07-03T03:23:00.774Z,1
2026-07-03T03:23:05.402Z,0
2026-07-03T03:23:07.549Z,1
2026-07-03T03:23:08.322Z,0
2026-07-03T03:23:14Z,1
2026-07-03T03:23:18.673Z,1
2026-07-03T03:23:21Z,0
2026-07-03T03:23:23.429Z,0
2026-07-03T03:23:24Z,1
2026-07-03T03:23:24.817Z,1
2026-07-03T03:23:28Z,0
2026-07-03T03:23:31.373Z,0
2026-07-03T03:23:37.631Z,1
2026-07-03T03:23:41.121Z,0
2026-07-03T03:23:42.709Z,1
2026-07-03T03:23:43.954Z,0
2026-07-03T03:23:45Z,1
2026-07-03T03:23:51Z,0
2026-07-03T03:23:53.484Z,1
2026-07-03T03:23:55Z,1
2026-07-03T03:23:55.629Z,0
2026-07-03T03:23:58.668Z,1
2026-07-03T03:24:00.274Z,0
2026-07-03T03:24:01Z,0
2026-07-03T03:24:08.603Z,1
2026-07-03T03:24:11.396Z,0
2026-07-03T03:24:14.525Z,1
2026-07-03T03:24:15Z,1
2026-07-03T03:24:17.686Z,0
2026-07-03T03:24:21Z,0
2026-07-03T03:24:25Z,1
2026-07-03T03:24:27.815Z,1
2026-07-03T03:24:28Z,0
2026-07-03T03:24:32.073Z,0
2026-07-03T03:24:35.137Z,1
2026-07-03T03:24:35.879Z,0
2026-07-03T03:24:45Z,1
2026-07-03T03:24:45.723Z,1
2026-07-03T03:24:51Z,0
2026-07-03T03:24:52.353Z,0
2026-07-03T03:24:55Z,1
2026-07-03T03:25:00Z,0
2026-07-03T03:25:15Z,1
2026-07-03T03:25:22Z,0
2026-07-03T03:25:22.111Z,1
2026-07-03T03:25:25Z,1
2026-07-03T03:25:26.566Z,0
2026-07-03T03:25:30Z,0
2026-07-03T03:25:31.243Z,1
2026-07-03T03:25:33.36Z,0
2026-07-03T03:25:36.064Z,1
2026-07-03T03:25:36.882Z,0
2026-07-03T03:25:45Z,1
2026-07-03T03:25:47.387Z,1
2026-07-03T03:25:52Z,0
2026-07-03T03:25:52.562Z,0
2026-07-03T03:25:55Z,1
2026-07-03T03:25:56.127Z,1
2026-07-03T03:25:59Z,0
2026-07-03T03:26:02.289Z,0
2026-07-03T03:26:15Z,1
2026-07-03T03:26:17.571Z,1
2026-07-03T03:26:22Z,0
2026-07-03T03:26:22.566Z,0
2026-07-03T03:26:25Z,1
2026-07-03T03:26:25.545Z,1
2026-07-03T03:26:28Z,0
2026-07-03T03:26:29.229Z,0
2026-07-03T03:26:45Z,1
2026-07-03T03:26:47.656Z,1
2026-07-03T03:26:52Z,0
2026-07-03T03:26:52.611Z,0
2026-07-03T03:26:55Z,1
2026-07-03T03:26:55.902Z,1
2026-07-03T03:26:59Z,0
2026-07-03T03:27:00.28Z,0
2026-07-03T03:27:15Z,1
2026-07-03T03:27:18.64Z,1
2026-07-03T03:27:22Z,0
2026-07-03T03:27:22.721Z,0
2026-07-03T03:27:25Z,1
2026-07-03T03:27:26.786Z,1
2026-07-03T03:27:29Z,0
2026-07-03T03:27:29.685Z,0
2026-07-03T03:27:45Z,1
2026-07-03T03:27:46.458Z,1
2026-07-03T03:27:52Z,0
2026-07-03T03:27:53.436Z,0
2026-07-03T03:27:55Z,1
2026-07-03T03:27:56.737Z,1
2026-07-03T03:28:01Z,0
2026-07-03T03:28:05.169Z,0
2026-07-03T03:28:16Z,1
2026-07-03T03:28:17.755Z,1
2026-07-03T03:28:22Z,0
2026-07-03T03:28:23.291Z,0
2026-07-03T03:28:26Z,1
2026-07-03T03:28:26.643Z,1
2026-07-03T03:28:29Z,0
2026-07-03T03:28:30.018Z,0
2026-07-03T03:28:46Z,1
2026-07-03T03:28:46.771Z,1
2026-07-03T03:28:52Z,0
2026-07-03T03:28:53.272Z,0
2026-07-03T03:28:56Z,1
2026-07-03T03:28:56.574Z,1
2026-07-03T03:28:59Z,0
2026-07-03T03:29:00.335Z,0
2026-07-03T03:29:16Z,1
2026-07-03T03:29:18.036Z,1
2026-07-03T03:29:23Z,0
2026-07-03T03:29:25.158Z,0
2026-07-03T03:29:26Z,1
2026-07-03T03:29:28.266Z,1
2026-07-03T03:29:32Z,0
2026-07-03T03:29:33.579Z,0
2026-07-03T03:29:36Z,1
2026-07-03T03:29:36.843Z,1
2026-07-03T03:29:40Z,0
2026-07-03T03:29:40.555Z,0
2026-07-03T03:29:56Z,1
2026-07-03T03:29:57.23Z,1
2026-07-03T03:30:03Z,0
2026-07-03T03:30:07Z,1
2026-07-03T03:30:13Z,0
2026-07-03T03:30:17Z,1
2026-07-03T03:30:21Z,0
2026-07-03T03:30:27Z,1
2026-07-03T03:30:29Z,0
2026-07-03T03:30:30.346Z,0
2026-07-03T03:30:31.203Z,1
2026-07-03T03:30:35.366Z,0
2026-07-03T03:30:36.973Z,1
2026-07-03T03:30:37Z,1
2026-07-03T03:30:37.99Z,0
2026-07-03T03:30:39Z,0
2026-07-03T03:30:41.342Z,1
2026-07-03T03:30:42.22Z,0
2026-07-03T03:30:43.617Z,1
2026-07-03T03:30:46.721Z,0
2026-07-03T03:30:47Z,1
2026-07-03T03:30:49Z,0
2026-07-03T03:30:49.425Z,1
2026-07-03T03:30:50.062Z,0
2026-07-03T03:30:57Z,1
2026-07-03T03:30:57.937Z,1
2026-07-03T03:30:59Z,0
2026-07-03T03:31:00.288Z,0
2026-07-03T03:31:07Z,1
2026-07-03T03:31:08.236Z,1
2026-07-03T03:31:09Z,0
2026-07-03T03:31:10.28Z,0
2026-07-03T03:31:27Z,1
2026-07-03T03:31:28.993Z,1
2026-07-03T03:31:33Z,0
2026-07-03T03:31:34.163Z,0
2026-07-03T03:31:37Z,1
2026-07-03T03:31:38.358Z,1
2026-07-03T03:31:43Z,0
2026-07-03T03:31:44.666Z,0
2026-07-03T03:31:47Z,1
2026-07-03T03:31:48.348Z,1
2026-07-03T03:31:51Z,0
2026-07-03T03:31:51.67Z,0
2026-07-03T03:32:08Z,1
2026-07-03T03:32:09.021Z,1
2026-07-03T03:32:13Z,0
2026-07-03T03:32:14.485Z,0
2026-07-03T03:32:18Z,1
2026-07-03T03:32:18.713Z,1
2026-07-03T03:32:23Z,0
2026-07-03T03:32:24.283Z,0
2026-07-03T03:32:28Z,1
2026-07-03T03:32:29.323Z,1
2026-07-03T03:32:33Z,0
2026-07-03T03:32:34.339Z,0
2026-07-03T03:32:48Z,1
2026-07-03T03:32:50.076Z,1
2026-07-03T03:32:54Z,0
2026-07-03T03:32:55.302Z,0
2026-07-03T03:32:58Z,1
2026-07-03T03:33:01.034Z,1
2026-07-03T03:33:04Z,0
2026-07-03T03:33:04.939Z,0
2026-07-03T03:33:08Z,1
2026-07-03T03:33:08.745Z,1
2026-07-03T03:33:13Z,0
2026-07-03T03:33:16.581Z,0
2026-07-03T03:33:29Z,1
2026-07-03T03:33:30.25Z,1
2026-07-03T03:33:35Z,0
2026-07-03T03:33:35.658Z,0
2026-07-03T03:33:39Z,1
2026-07-03T03:33:39.625Z,1
2026-07-03T03:33:45Z,0
2026-07-03T03:33:45.602Z,0
2026-07-03T03:33:49Z,1
2026-07-03T03:33:50.108Z,1
2026-07-03T03:33:54Z,0
2026-07-03T03:33:55.165Z,0
2026-07-03T03:34:10Z,1
2026-07-03T03:34:10.457Z,1
2026-07-03T03:34:16Z,0
2026-07-03T03:34:16.311Z,0
2026-07-03T03:34:20Z,1
2026-07-03T03:34:20.342Z,1
2026-07-03T03:34:26Z,0
2026-07-03T03:34:26.352Z,0
2026-07-03T03:34:30Z,1
2026-07-03T03:34:35Z,0
2026-07-03T03:34:35.38Z,1
2026-07-03T03:34:36.336Z,0
2026-07-03T03:34:40Z,1
2026-07-03T03:34:42Z,0
2026-07-03T03:34:42.128Z,1
2026-07-03T03:34:43.225Z,0
2026-07-03T03:34:51Z,1
2026-07-03T03:34:52.636Z,1
2026-07-03T03:34:55Z,0
2026-07-03T03:34:55.532Z,0
2026-07-03T03:35:01Z,1
2026-07-03T03:35:03Z,0
2026-07-03T03:35:11Z,1
2026-07-03T03:35:13Z,0
2026-07-03T03:35:21Z,1
2026-07-03T03:35:23Z,0
2026-07-03T03:35:31Z,1
2026-07-03T03:35:32.642Z,1
2026-07-03T03:35:33Z,0
2026-07-03T03:35:34.13Z,0
2026-07-03T03:35:35.363Z,1
2026-07-03T03:35:36.538Z,0
2026-07-03T03:35:39.858Z,1
2026-07-03T03:35:40.981Z,0
2026-07-03T03:35:45.83Z,1
2026-07-03T03:35:46.363Z,0
2026-07-03T03:35:51Z,1
2026-07-03T03:35:52.418Z,1
2026-07-03T03:35:57Z,0
2026-07-03T03:35:58.659Z,0
2026-07-03T03:36:01Z,1
2026-07-03T03:36:04.674Z,1
2026-07-03T03:36:07Z,0
2026-07-03T03:36:08.716Z,0
2026-07-03T03:36:12Z,1
2026-07-03T03:36:12.589Z,1
2026-07-03T03:36:16Z,0
2026-07-03T03:36:18.601Z,0
2026-07-03T03:36:23Z,1
2026-07-03T03:36:24.941Z,1
2026-07-03T03:36:27Z,0
2026-07-03T03:36:27.552Z,0
2026-07-03T03:36:33Z,1
2026-07-03T03:36:34.382Z,1
2026-07-03T03:36:37Z,0
2026-07-03T03:36:38.373Z,0
2026-07-03T03:36:43Z,1
2026-07-03T03:36:44.408Z,1
2026-07-03T03:36:47Z,0
2026-07-03T03:36:50.194Z,0
2026-07-03T03:36:53Z,1
2026-07-03T03:36:55.397Z,1
2026-07-03T03:36:57Z,0
2026-07-03T03:36:58.345Z,0
2026-07-03T03:37:04Z,1
2026-07-03T03:37:06.101Z,1
2026-07-03T03:37:08Z,0
2026-07-03T03:37:08.541Z,0
2026-07-03T03:37:15Z,1
2026-07-03T03:37:15.861Z,1
2026-07-03T03:37:19Z,0
2026-07-03T03:37:20.461Z,0
2026-07-03T03:37:26Z,1
2026-07-03T03:37:26.752Z,1
2026-07-03T03:37:29Z,0
2026-07-03T03:37:31.442Z,0
2026-07-03T03:37:36Z,1
2026-07-03T03:37:36.84Z,1
2026-07-03T03:37:39Z,0
2026-07-03T03:37:40.772Z,0
2026-07-03T03:37:46Z,1
2026-07-03T03:37:48Z,0
2026-07-03T03:37:49.167Z,1
2026-07-03T03:37:51.283Z,0
2026-07-03T03:37:56Z,1
2026-07-03T03:37:56.881Z,1
2026-07-03T03:37:58Z,0
2026-07-03T03:37:59.033Z,0
2026-07-03T03:38:06Z,1
2026-07-03T03:38:08Z,0
2026-07-03T03:38:08.76Z,1
2026-07-03T03:38:09.406Z,0
2026-07-03T03:38:17Z,1
2026-07-03T03:38:18.044Z,1
2026-07-03T03:38:19Z,0
2026-07-03T03:38:20.901Z,0
2026-07-03T03:38:27Z,1
2026-07-03T03:38:28.461Z,1
2026-07-03T03:38:31Z,0
2026-07-03T03:38:31.918Z,0
2026-07-03T03:38:38Z,1
2026-07-03T03:38:39.328Z,1
2026-07-03T03:38:42Z,0
2026-07-03T03:38:44.704Z,0
2026-07-03T03:38:49Z,1
2026-07-03T03:38:50.091Z,1
2026-07-03T03:38:53Z,0
2026-07-03T03:38:53.975Z,0
2026-07-03T03:38:59Z,1
2026-07-03T03:39:00.275Z,1
2026-07-03T03:39:03Z,0
2026-07-03T03:39:04.997Z,0
2026-07-03T03:39:09Z,1
2026-07-03T03:39:11.355Z,1
2026-07-03T03:39:13Z,0
2026-07-03T03:39:14.193Z,0
2026-07-03T03:39:19Z,1
2026-07-03T03:39:20.369Z,1
2026-07-03T03:39:21Z,0
2026-07-03T03:39:23.898Z,0
2026-07-03T03:39:30Z,1
2026-07-03T03:39:32Z,0
2026-07-03T03:39:32.326Z,1
2026-07-03T03:39:35.267Z,0
2026-07-03T03:39:41Z,1
2026-07-03T03:39:42.493Z,1
2026-07-03T03:39:44Z,0
2026-07-03T03:39:45.143Z,0
2026-07-03T03:39:52Z,1
2026-07-03T03:39:52.714Z,1
2026-07-03T03:39:55Z,0
2026-07-03T03:39:58.068Z,0
2026-07-03T03:40:03Z,1
2026-07-03T03:40:07Z,0
2026-07-03T03:40:14Z,1
2026-07-03T03:40:18Z,0
2026-07-03T03:40:26Z,1
2026-07-03T03:40:29Z,0
2026-07-03T03:40:36Z,1
2026-07-03T03:40:39Z,0
2026-07-03T03:40:45.96Z,1
2026-07-03T03:40:46.686Z,0
2026-07-03T03:40:47Z,1
2026-07-03T03:40:50Z,0
2026-07-03T03:40:50.333Z,1
2026-07-03T03:40:51.089Z,0
2026-07-03T03:40:55.195Z,1
2026-07-03T03:40:55.726Z,0
2026-07-03T03:40:58Z,1
2026-07-03T03:40:59.133Z,1
2026-07-03T03:40:59.975Z,0
2026-07-03T03:41:01Z,0
2026-07-03T03:41:03.996Z,1
2026-07-03T03:41:05.165Z,0
2026-07-03T03:41:08.617Z,1
2026-07-03T03:41:09Z,1
2026-07-03T03:41:10.001Z,0
2026-07-03T03:41:11Z,0
2026-07-03T03:41:12.257Z,1
2026-07-03T03:41:12.658Z,0
2026-07-03T03:41:21Z,0
2026-07-03T03:41:21.805Z,1
2026-07-03T03:41:22.302Z,0
2026-07-03T03:41:32Z,1
2026-07-03T03:41:33Z,0
2026-07-03T03:41:38.331Z,1
2026-07-03T03:41:38.891Z,0
2026-07-03T03:41:43Z,1
2026-07-03T03:41:44Z,0
2026-07-03T03:41:44.279Z,1
2026-07-03T03:41:47.007Z,0
2026-07-03T03:41:55Z,1
2026-07-03T03:41:55.384Z,1
2026-07-03T03:41:56Z,0
2026-07-03T03:41:56.856Z,0
2026-07-03T03:42:06Z,1
2026-07-03T03:42:06.308Z,1
2026-07-03T03:42:07Z,0
2026-07-03T03:42:07.982Z,0
2026-07-03T03:42:17Z,1
2026-07-03T03:42:18Z,0
2026-07-03T03:42:18.367Z,1
2026-07-03T03:42:19.318Z,0
2026-07-03T03:42:28Z,1
2026-07-03T03:42:29Z,0
2026-07-03T03:42:29.393Z,1
2026-07-03T03:42:30.355Z,0
2026-07-03T03:42:40Z,1
2026-07-03T03:42:40.574Z,1
2026-07-03T03:42:50Z,0
2026-07-03T03:42:51.184Z,0
2026-07-03T03:43:03Z,1
2026-07-03T03:43:06.017Z,1
2026-07-03T03:43:12Z,0
2026-07-03T03:43:13.281Z,0
2026-07-03T03:43:24Z,1
2026-07-03T03:43:25.557Z,1
2026-07-03T03:43:35Z,0
2026-07-03T03:43:36.049Z,0
2026-07-03T03:43:45Z,1
2026-07-03T03:43:46.341Z,1
2026-07-03T03:43:47Z,0
2026-07-03T03:43:47.801Z,0
2026-07-03T03:43:58Z,1
2026-07-03T03:43:58.464Z,1
2026-07-03T03:44:00Z,0
2026-07-03T03:44:01Z,0
2026-07-03T03:44:02Z,0
2026-07-03T03:44:03.28Z,0
2026-07-03T03:44:03.755Z,0
2026-07-03T03:44:04.436Z,0
2026-07-03T03:44:05.065Z,0
2026-07-03T03:44:05.799Z,0
2026-07-03T03:44:06.886Z,0
2026-07-03T03:44:07.616Z,0
2026-07-03T03:44:08.24Z,0
2026-07-03T03:44:09Z,1
2026-07-03T03:44:09.263Z,0
2026-07-03T03:44:10.036Z,0
2026-07-03T03:44:10.684Z,0
2026-07-03T03:44:11.274Z,0
2026-07-03T03:44:11.96Z,0
2026-07-03T03:44:13.069Z,0
2026-07-03T03:44:13.676Z,0
2026-07-03T03:44:14.392Z,0
2026-07-03T03:44:15.077Z,0
2026-07-03T03:44:15.695Z,0
2026-07-03T03:44:16.721Z,0
2026-07-03T03:44:17.258Z,0
2026-07-03T03:44:18.051Z,0
2026-07-03T03:44:18.71Z,0
2026-07-03T03:44:19Z,0
2026-07-03T03:44:19.373Z,0
2026-07-03T03:44:20.013Z,0
2026-07-03T03:44:21.027Z,0
2026-07-03T03:44:21.707Z,0
2026-07-03T03:44:22.811Z,0
2026-07-03T03:44:23.405Z,0
2026-07-03T03:44:24.009Z,0
2026-07-03T03:44:24.49Z,0
2026-07-03T03:44:25.371Z,0
2026-07-03T03:44:26.472Z,0
2026-07-03T03:44:27.08Z,0
2026-07-03T03:44:27.744Z,0
2026-07-03T03:44:28.758Z,0
2026-07-03T03:44:29.48Z,0
2026-07-03T03:44:30Z,1
2026-07-03T03:44:30.638Z,0
2026-07-03T03:44:31.258Z,0
2026-07-03T03:44:31.844Z,0
2026-07-03T03:44:32.458Z,0
2026-07-03T03:44:33.15Z,0
2026-07-03T03:44:33.762Z,0
2026-07-03T03:44:34.41Z,0
2026-07-03T03:44:35.013Z,0
2026-07-03T03:44:36.055Z,0
2026-07-03T03:44:36.765Z,0
2026-07-03T03:44:37.338Z,0
2026-07-03T03:44:38.043Z,0
2026-07-03T03:44:39.068Z,0
2026-07-03T03:44:39.699Z,0
2026-07-03T03:44:40.411Z,0
2026-07-03T03:44:41.088Z,0
2026-07-03T03:44:41.782Z,0
2026-07-03T03:44:42Z,0
2026-07-03T03:44:49.846Z,1
2026-07-03T03:44:52Z,1
2026-07-03T03:44:53Z,0
2026-07-03T03:44:54.991Z,0
2026-07-03T03:45:01.423Z,1
2026-07-03T03:45:03Z,1
2026-07-03T03:45:04Z,0
2026-07-03T03:45:07.896Z,0
2026-07-03T03:45:13.752Z,1
2026-07-03T03:45:14Z,1
2026-07-03T03:45:14.345Z,0
2026-07-03T03:45:15Z,0
2026-07-03T03:45:25Z,1
2026-07-03T03:45:26Z,0
2026-07-03T03:45:27.575Z,1
2026-07-03T03:45:28.102Z,0
2026-07-03T03:45:35Z,1
2026-07-03T03:45:36Z,0
2026-07-03T03:45:46Z,1
2026-07-03T03:45:57Z,0
2026-07-03T03:46:06Z,1
2026-07-03T03:46:08Z,0
2026-07-03T03:46:17Z,1
2026-07-03T03:46:28.578Z,1
2026-07-03T03:46:28.956Z,0
2026-07-03T03:46:29Z,0
2026-07-03T03:46:32.85Z,1
2026-07-03T03:46:33.338Z,0
2026-07-03T03:46:35.578Z,1
2026-07-03T03:46:35.879Z,0
2026-07-03T03:46:39Z,1
2026-07-03T03:46:40Z,0
2026-07-03T03:46:42.36Z,1
2026-07-03T03:46:50Z,1
2026-07-03T03:47:01Z,0
2026-07-03T03:47:12Z,0
2026-07-03T03:47:22Z,1
2026-07-03T03:47:33Z,0
2026-07-03T03:47:42.155Z,0
2026-07-03T03:47:44Z,0
2026-07-03T03:47:47.488Z,1
2026-07-03T03:47:48.145Z,0
2026-07-03T03:47:53.362Z,1
2026-07-03T03:47:54Z,1
2026-07-03T03:47:56Z,0
2026-07-03T03:47:57Z,0
2026-07-03T03:47:58Z,0
2026-07-03T03:47:58.58Z,0
2026-07-03T03:48:04.971Z,1
2026-07-03T03:48:05Z,1
2026-07-03T03:48:05.569Z,0
2026-07-03T03:48:10.594Z,1
2026-07-03T03:48:15Z,0
2026-07-03T03:48:18.216Z,0
2026-07-03T03:48:24.277Z,1
2026-07-03T03:48:24.923Z,0
2026-07-03T03:48:26Z,1
2026-07-03T03:48:30.007Z,1
2026-07-03T03:48:35.632Z,0
2026-07-03T03:48:36Z,0
2026-07-03T03:48:47Z,1
2026-07-03T03:48:58Z,0
2026-07-03T03:49:09Z,1
2026-07-03T03:49:11Z,0
2026-07-03T03:49:12Z,0
2026-07-03T03:49:18.579Z,1
2026-07-03T03:49:19Z,0
2026-07-03T03:49:21.783Z,0
2026-07-03T03:49:24.982Z,1
2026-07-03T03:49:26.02Z,0
2026-07-03T03:49:26.561Z,0
2026-07-03T03:49:27.201Z,0
2026-07-03T03:49:27.828Z,0
2026-07-03T03:49:28.444Z,0
2026-07-03T03:49:29Z,1
2026-07-03T03:49:29.507Z,0
2026-07-03T03:49:30.231Z,0
2026-07-03T03:49:30.807Z,0
2026-07-03T03:49:31.395Z,0
2026-07-03T03:49:32Z,0
2026-07-03T03:49:32.981Z,0
2026-07-03T03:49:33.681Z,0
2026-07-03T03:49:34.255Z,0
2026-07-03T03:49:34.884Z,0
2026-07-03T03:49:35.501Z,0
2026-07-03T03:49:36.222Z,0
2026-07-03T03:49:36.842Z,0
2026-07-03T03:49:37.476Z,0
2026-07-03T03:49:38.476Z,0
2026-07-03T03:49:39Z,0
2026-07-03T03:49:39.194Z,0
2026-07-03T03:49:39.804Z,0
2026-07-03T03:49:40.49Z,0
2026-07-03T03:49:41.509Z,0
2026-07-03T03:49:42.81Z,0
2026-07-03T03:49:43.88Z,0
2026-07-03T03:49:44.484Z,0
2026-07-03T03:49:45.78Z,0
2026-07-03T03:49:46.454Z,0
2026-07-03T03:49:47.44Z,0
2026-07-03T03:49:48.117Z,0
2026-07-03T03:49:48.595Z,0
2026-07-03T03:49:49.301Z,0
2026-07-03T03:49:49.911Z,0
2026-07-03T03:49:50Z,1
2026-07-03T03:49:50.492Z,0
2026-07-03T03:49:50.996Z,0
2026-07-03T03:49:51.668Z,0
2026-07-03T03:49:52.153Z,0
2026-07-03T03:49:52.635Z,0
2026-07-03T03:49:53.244Z,0
2026-07-03T03:49:53.747Z,0
2026-07-03T03:49:54.52Z,0
2026-07-03T03:49:56.285Z,0
2026-07-03T03:49:57.365Z,0
2026-07-03T03:49:58.429Z,0
2026-07-03T03:49:59.104Z,0
2026-07-03T03:50:00Z,0
2026-07-03T03:50:00.122Z,0
2026-07-03T03:50:00.822Z,0
2026-07-03T03:50:10Z,1
2026-07-03T03:50:11Z,0
2026-07-03T03:50:12.829Z,1
2026-07-03T03:50:14.381Z,0
2026-07-03T03:50:20Z,1
2026-07-03T03:50:21.09Z,1
2026-07-03T03:50:25.393Z,0
2026-07-03T03:50:30.3Z,1
2026-07-03T03:50:32Z,0
2026-07-03T03:50:35.011Z,0
2026-07-03T03:50:41Z,1
2026-07-03T03:50:42.333Z,1
2026-07-03T03:50:43Z,0
2026-07-03T03:50:43.323Z,0
2026-07-03T03:50:43.857Z,0
2026-07-03T03:50:44.469Z,0
2026-07-03T03:50:45.085Z,0
2026-07-03T03:50:45.672Z,0
2026-07-03T03:50:46.271Z,0
2026-07-03T03:50:47.354Z,0
2026-07-03T03:50:48.016Z,0
2026-07-03T03:50:49.065Z,0
2026-07-03T03:50:49.784Z,0
2026-07-03T03:50:50.856Z,0
2026-07-03T03:50:51Z,1
2026-07-03T03:50:51.568Z,0
2026-07-03T03:50:52.211Z,0
2026-07-03T03:50:52.793Z,0
2026-07-03T03:50:53.394Z,0
2026-07-03T03:50:54Z,0
2026-07-03T03:50:54.03Z,0
2026-07-03T03:50:54.656Z,0
2026-07-03T03:50:55.279Z,0
2026-07-03T03:50:55.908Z,0
2026-07-03T03:50:56.548Z,0
2026-07-03T03:50:57.217Z,0
2026-07-03T03:50:57.847Z,0
2026-07-03T03:50:58.437Z,0
2026-07-03T03:50:59.467Z,0
2026-07-03T03:51:00.561Z,0
2026-07-03T03:51:01Z,1
2026-07-03T03:51:01.168Z,0
2026-07-03T03:51:01.862Z,0
2026-07-03T03:51:02.529Z,0
2026-07-03T03:51:03.519Z,0
2026-07-03T03:51:04.137Z,0
2026-07-03T03:51:04.631Z,0
2026-07-03T03:51:05Z,0
2026-07-03T03:51:05.125Z,0
2026-07-03T03:51:05.824Z,0
2026-07-03T03:51:06.401Z,0
2026-07-03T03:51:06.948Z,0
2026-07-03T03:51:07.574Z,0
2026-07-03T03:51:08.051Z,0
2026-07-03T03:51:08.721Z,0
2026-07-03T03:51:09.32Z,0
2026-07-03T03:51:09.9Z,0
2026-07-03T03:51:10.491Z,0
2026-07-03T03:51:11.059Z,0
2026-07-03T03:51:11.604Z,0
2026-07-03T03:51:12Z,1
2026-07-03T03:51:12.372Z,0
2026-07-03T03:51:12.887Z,0
2026-07-03T03:51:13.371Z,0
2026-07-03T03:51:14.062Z,0
2026-07-03T03:51:14.556Z,0
2026-07-03T03:51:15Z,0
2026-07-03T03:51:15.048Z,0
2026-07-03T03:51:16.146Z,0
2026-07-03T03:51:22Z,1
2026-07-03T03:51:23.397Z,1
2026-07-03T03:51:23.862Z,0
2026-07-03T03:51:25Z,0
2026-07-03T03:51:26.496Z,1
2026-07-03T03:51:32Z,1
2026-07-03T03:51:32.165Z,0
2026-07-03T03:51:36Z,0
2026-07-03T03:51:37.309Z,1
2026-07-03T03:51:43Z,1
2026-07-03T03:51:44.659Z,0
2026-07-03T03:51:47Z,0
2026-07-03T03:51:53Z,1
2026-07-03T03:51:58Z,0
2026-07-03T03:52:03Z,1
2026-07-03T03:52:09Z,0
2026-07-03T03:52:14Z,1
2026-07-03T03:52:20Z,0
2026-07-03T03:52:20.296Z,1
2026-07-03T03:52:20.75Z,0
2026-07-03T03:52:24Z,1
2026-07-03T03:52:25.304Z,1
2026-07-03T03:52:27.738Z,0
2026-07-03T03:52:30Z,0
2026-07-03T03:52:32.388Z,1
2026-07-03T03:52:32.859Z,0
2026-07-03T03:52:37Z,1
2026-07-03T03:52:37.376Z,1
2026-07-03T03:52:38.572Z,0
2026-07-03T03:52:40Z,0
2026-07-03T03:52:41.689Z,1
2026-07-03T03:52:42.682Z,0
2026-07-03T03:52:46.171Z,1
2026-07-03T03:52:47.018Z,0
2026-07-03T03:52:51Z,1
2026-07-03T03:52:51.662Z,1
2026-07-03T03:52:52.636Z,0
2026-07-03T03:52:55.005Z,1
2026-07-03T03:52:57.033Z,0
2026-07-03T03:53:00.983Z,1
2026-07-03T03:53:01Z,0
2026-07-03T03:53:02Z,0
2026-07-03T03:53:02.754Z,0
2026-07-03T03:53:06Z,1
2026-07-03T03:53:07.907Z,1
2026-07-03T03:53:12.184Z,0
2026-07-03T03:53:15Z,0
2026-07-03T03:53:17.497Z,1
2026-07-03T03:53:19.404Z,0
2026-07-03T03:53:24.166Z,1
2026-07-03T03:53:26.115Z,0
2026-07-03T03:53:29.026Z,1
2026-07-03T03:53:33.128Z,0
2026-07-03T03:53:35.464Z,1
2026-07-03T03:53:37.177Z,0
2026-07-03T03:53:44.764Z,1
2026-07-03T03:53:45Z,1
2026-07-03T03:53:54Z,0
2026-07-03T03:54:05Z,1
2026-07-03T03:54:14Z,0
2026-07-03T03:54:25Z,1
2026-07-03T03:54:35Z,0
2026-07-03T03:54:44.373Z,0
2026-07-03T03:54:45Z,1
2026-07-03T03:54:45.104Z,0
2026-07-03T03:54:45.602Z,0
2026-07-03T03:54:46.155Z,0
2026-07-03T03:54:46.839Z,0
2026-07-03T03:54:47.43Z,0
2026-07-03T03:54:48.004Z,0
2026-07-03T03:54:48.521Z,0
2026-07-03T03:54:49.021Z,0
2026-07-03T03:54:49.604Z,0
2026-07-03T03:54:50.309Z,0
2026-07-03T03:54:50.899Z,0
2026-07-03T03:54:51.45Z,0
2026-07-03T03:54:51.941Z,0
2026-07-03T03:54:52.514Z,0
2026-07-03T03:54:53.098Z,0
2026-07-03T03:54:53.779Z,0
2026-07-03T03:54:54.273Z,0
2026-07-03T03:54:54.906Z,0
2026-07-03T03:54:55Z,0
2026-07-03T03:54:55.61Z,0
2026-07-03T03:54:56.694Z,0
2026-07-03T03:54:57.777Z,0
2026-07-03T03:54:58.353Z,0
2026-07-03T03:54:58.942Z,0
2026-07-03T03:54:59.533Z,0
2026-07-03T03:55:00.121Z,0
2026-07-03T03:55:00.745Z,0
2026-07-03T03:55:02.057Z,0
2026-07-03T03:55:02.671Z,0
2026-07-03T03:55:03.692Z,0
2026-07-03T03:55:04.233Z,0
2026-07-03T03:55:04.854Z,0
2026-07-03T03:55:05Z,1
2026-07-03T03:55:05.462Z,0
2026-07-03T03:55:05.983Z,0
2026-07-03T03:55:07.136Z,0
2026-07-03T03:55:14.16Z,1
2026-07-03T03:55:15Z,0
2026-07-03T03:55:15.303Z,0
2026-07-03T03:55:25Z,1
2026-07-03T03:55:26.794Z,1
2026-07-03T03:55:29.191Z,0
2026-07-03T03:55:35Z,0
2026-07-03T03:55:38.78Z,1
2026-07-03T03:55:40.429Z,0
2026-07-03T03:55:45Z,1
2026-07-03T03:55:46.923Z,1
2026-07-03T03:55:50.547Z,0
2026-07-03T03:55:53.404Z,1
2026-07-03T03:55:55Z,0
2026-07-03T03:55:58.563Z,0
2026-07-03T03:56:05Z,1
2026-07-03T03:56:11.547Z,1
2026-07-03T03:56:13.461Z,0
2026-07-03T03:56:15Z,0
2026-07-03T03:56:19.884Z,1
2026-07-03T03:56:25Z,1
2026-07-03T03:56:25.235Z,0
2026-07-03T03:56:28.674Z,1
2026-07-03T03:56:32.688Z,0
2026-07-03T03:56:35Z,0
2026-07-03T03:56:39.247Z,1
2026-07-03T03:56:42.588Z,0
2026-07-03T03:56:46Z,1
2026-07-03T03:56:48.205Z,1
2026-07-03T03:56:52.021Z,0
2026-07-03T03:56:54.872Z,1
2026-07-03T03:56:55Z,0
2026-07-03T03:57:00.459Z,0
2026-07-03T03:57:06Z,1
2026-07-03T03:57:09.743Z,1
2026-07-03T03:57:15Z,0
2026-07-03T03:57:16.118Z,0
2026-07-03T03:57:26Z,1
2026-07-03T03:57:26.767Z,1
2026-07-03T03:57:35Z,0
2026-07-03T03:57:36.919Z,0
2026-07-03T03:57:46Z,1
2026-07-03T03:57:47.582Z,1
2026-07-03T03:57:55Z,0
2026-07-03T03:57:56.347Z,0
2026-07-03T03:58:06Z,1
2026-07-03T03:58:06.89Z,1
2026-07-03T03:58:15Z,0
2026-07-03T03:58:16.364Z,0
2026-07-03T03:58:26Z,1
2026-07-03T03:58:27.757Z,1
2026-07-03T03:58:35Z,0
2026-07-03T03:58:36.389Z,0
2026-07-03T03:58:46Z,1
2026-07-03T03:58:46.855Z,1
2026-07-03T03:58:55Z,0
2026-07-03T03:59:06Z,1
2026-07-03T03:59:15Z,0
2026-07-03T03:59:23.684Z,0
2026-07-03T03:59:26Z,1
2026-07-03T03:59:26.646Z,1
2026-07-03T03:59:31.181Z,0
2026-07-03T03:59:33.91Z,1
2026-07-03T03:59:35Z,0
2026-07-03T03:59:37.779Z,0
2026-07-03T03:59:46Z,1
2026-07-03T03:59:46.899Z,1
2026-07-03T03:59:55Z,0
2026-07-03T03:59:56.537Z,0
2026-07-03T04:00:06Z,1
2026-07-03T04:00:15Z,0
2026-07-03T04:00:15.756Z,1
2026-07-03T04:00:17.775Z,0
2026-07-03T04:00:26Z,1
2026-07-03T04:00:26.886Z,1
2026-07-03T04:00:35Z,0
2026-07-03T04:00:37.409Z,0
2026-07-03T04:00:46Z,1
2026-07-03T04:00:47.141Z,1
2026-07-03T04:00:55Z,0
2026-07-03T04:00:56.737Z,0
2026-07-03T04:01:06Z,1
2026-07-03T04:01:06.991Z,1
2026-07-03T04:01:16Z,0
2026-07-03T04:01:20.869Z,0
2026-07-03T04:01:26Z,1
2026-07-03T04:01:26.989Z,1
2026-07-03T04:01:36Z,0
2026-07-03T04:01:36.756Z,0
2026-07-03T04:01:46Z,1
2026-07-03T04:01:47.42Z,1
2026-07-03T04:01:56Z,0
2026-07-03T04:01:56.928Z,0
2026-07-03T04:02:06Z,1
2026-07-03T04:02:08.164Z,1
2026-07-03T04:02:16Z,0
2026-07-03T04:02:16.83Z,0
2026-07-03T04:02:26Z,1
2026-07-03T04:02:27.007Z,1
2026-07-03T04:02:36Z,0
2026-07-03T04:02:37.294Z,0
2026-07-03T04:02:46Z,1
2026-07-03T04:02:49.755Z,1
2026-07-03T04:02:56Z,0
2026-07-03T04:02:56.973Z,0
2026-07-03T04:03:06Z,1
2026-07-03T04:03:07.663Z,1
2026-07-03T04:03:16Z,0
2026-07-03T04:03:16.938Z,0
2026-07-03T04:03:26Z,1
2026-07-03T04:03:27.122Z,1
2026-07-03T04:03:36Z,0
2026-07-03T04:03:37.06Z,0
2026-07-03T04:03:46Z,1
2026-07-03T04:03:47.503Z,1
2026-07-03T04:03:56Z,0
2026-07-03T04:04:06Z,1
2026-07-03T04:04:16Z,0
2026-07-03T04:04:24.206Z,0
2026-07-03T04:04:26Z,1
2026-07-03T04:04:29.456Z,1
2026-07-03T04:04:31.304Z,0
2026-07-03T04:04:35.619Z,1
2026-07-03T04:04:36Z,0
2026-07-03T04:04:37.995Z,0
2026-07-03T04:04:46Z,1
2026-07-03T04:04:47.211Z,1
2026-07-03T04:04:56Z,0
2026-07-03T04:04:57.585Z,0
2026-07-03T04:05:06Z,1
2026-07-03T04:05:13.13Z,1
2026-07-03T04:05:16Z,0
2026-07-03T04:05:17.466Z,0
2026-07-03T04:05:26Z,1
2026-07-03T04:05:27Z,0
2026-07-03T04:05:28Z,0
2026-07-03T04:05:28.025Z,1
2026-07-03T04:05:29.594Z,0
2026-07-03T04:05:30.12Z,0
2026-07-03T04:05:30.808Z,0
2026-07-03T04:05:31.418Z,0
2026-07-03T04:05:32.424Z,0
2026-07-03T04:05:33.19Z,0
2026-07-03T04:05:33.843Z,0
2026-07-03T04:05:34.887Z,0
2026-07-03T04:05:36Z,0
2026-07-03T04:05:36.028Z,0
2026-07-03T04:05:36.692Z,0
2026-07-03T04:05:37.398Z,0
2026-07-03T04:05:38.087Z,0
2026-07-03T04:05:38.76Z,0
2026-07-03T04:05:39.37Z,0
2026-07-03T04:05:39.955Z,0
2026-07-03T04:05:40.544Z,0
2026-07-03T04:05:41.515Z,0
2026-07-03T04:05:42.663Z,0
2026-07-03T04:05:43.388Z,0
2026-07-03T04:05:44.392Z,0
2026-07-03T04:05:45.137Z,0
2026-07-03T04:05:45.843Z,0
2026-07-03T04:05:46Z,0
2026-07-03T04:05:46.869Z,0
2026-07-03T04:05:47.546Z,0
2026-07-03T04:05:48.701Z,0
2026-07-03T04:05:49.217Z,0
2026-07-03T04:05:51.972Z,1
2026-07-03T04:05:52.586Z,0
2026-07-03T04:05:56Z,0
2026-07-03T04:06:02.239Z,1
2026-07-03T04:06:02.901Z,0
2026-07-03T04:06:06Z,0
2026-07-03T04:06:07.187Z,1
2026-07-03T04:06:08.463Z,0
2026-07-03T04:06:16Z,1
2026-07-03T04:06:16.104Z,1
2026-07-03T04:06:17.14Z,0
2026-07-03T04:06:23.452Z,1
2026-07-03T04:06:26Z,0
2026-07-03T04:06:28.3Z,0
2026-07-03T04:06:36Z,0
2026-07-03T04:06:36.775Z,1
2026-07-03T04:06:37.794Z,0
2026-07-03T04:06:46Z,1
2026-07-03T04:06:48.129Z,1
2026-07-03T04:06:56Z,0
2026-07-03T04:06:57.383Z,0
2026-07-03T04:07:06Z,0
2026-07-03T04:07:08.233Z,1
2026-07-03T04:07:08.653Z,0
2026-07-03T04:07:16Z,1
2026-07-03T04:07:17.346Z,1
2026-07-03T04:07:26Z,0
2026-07-03T04:07:28.456Z,0
2026-07-03T04:07:36Z,1
2026-07-03T04:07:37Z,0
2026-07-03T04:07:37.659Z,1
2026-07-03T04:07:38.597Z,0
2026-07-03T04:07:46Z,1
2026-07-03T04:07:48.384Z,1
2026-07-03T04:07:57Z,0
2026-07-03T04:07:57.55Z,0
2026-07-03T04:08:06Z,1
2026-07-03T04:08:07Z,0
2026-07-03T04:08:07.021Z,1
2026-07-03T04:08:07.989Z,0
2026-07-03T04:08:16Z,1
2026-07-03T04:08:19.616Z,1
2026-07-03T04:08:27Z,0
2026-07-03T04:08:27.938Z,0
2026-07-03T04:08:37Z,0
2026-07-03T04:08:37.387Z,1
2026-07-03T04:08:38.715Z,0
2026-07-03T04:08:47Z,1
2026-07-03T04:08:48.649Z,1
2026-07-03T04:08:57Z,0
2026-07-03T04:09:07Z,0
2026-07-03T04:09:17Z,1
2026-07-03T04:09:27Z,0
2026-07-03T04:09:27.342Z,0
2026-07-03T04:09:32.119Z,1
2026-07-03T04:09:32.551Z,0
2026-07-03T04:09:34.117Z,1
2026-07-03T04:09:37Z,0
2026-07-03T04:09:39.475Z,0
2026-07-03T04:09:40.779Z,1
2026-07-03T04:09:41.364Z,0
2026-07-03T04:09:47Z,1
2026-07-03T04:09:47.894Z,1
2026-07-03T04:09:57Z,0
2026-07-03T04:09:59.362Z,0
2026-07-03T04:10:07Z,0
2026-07-03T04:10:14.112Z,1
2026-07-03T04:10:14.525Z,0
2026-07-03T04:10:17Z,1
2026-07-03T04:10:19.328Z,1
2026-07-03T04:10:27Z,0
2026-07-03T04:10:30.288Z,0
2026-07-03T04:10:37Z,0
2026-07-03T04:10:38.157Z,1
2026-07-03T04:10:39.385Z,0
2026-07-03T04:10:47Z,1
2026-07-03T04:10:49.315Z,1
2026-07-03T04:10:57Z,0
2026-07-03T04:10:58.431Z,0
2026-07-03T04:11:07Z,0
2026-07-03T04:11:07.874Z,1
2026-07-03T04:11:08.832Z,0
2026-07-03T04:11:17Z,1
2026-07-03T04:11:19.585Z,1
2026-07-03T04:11:28Z,0
2026-07-03T04:11:29.12Z,0
2026-07-03T04:11:37Z,1
2026-07-03T04:11:37.968Z,1
2026-07-03T04:11:38Z,0
2026-07-03T04:11:38.986Z,0
2026-07-03T04:11:47Z,1
2026-07-03T04:11:48.58Z,1
2026-07-03T04:11:58Z,0
2026-07-03T04:12:00.154Z,0
2026-07-03T04:12:07Z,1
2026-07-03T04:12:08Z,0
2026-07-03T04:12:09.692Z,1
2026-07-03T04:12:10.262Z,0
2026-07-03T04:12:17Z,1
2026-07-03T04:12:18.517Z,1
2026-07-03T04:12:28Z,0
2026-07-03T04:12:28.615Z,0
2026-07-03T04:12:37Z,1
2026-07-03T04:12:38Z,0
2026-07-03T04:12:39.753Z,1
2026-07-03T04:12:40.196Z,0
2026-07-03T04:12:47Z,1
2026-07-03T04:12:48.811Z,1
2026-07-03T04:12:58Z,0
2026-07-03T04:12:58.83Z,0
2026-07-03T04:13:07Z,1
2026-07-03T04:13:08Z,0
2026-07-03T04:13:10.716Z,1
2026-07-03T04:13:11.142Z,0
2026-07-03T04:13:17Z,1
2026-07-03T04:13:18.535Z,1
2026-07-03T04:13:28Z,0
2026-07-03T04:13:28.883Z,0
2026-07-03T04:13:37Z,1
2026-07-03T04:13:38Z,0
2026-07-03T04:13:38.223Z,1
2026-07-03T04:13:41.344Z,0
2026-07-03T04:13:47Z,1
2026-07-03T04:13:48.499Z,1
2026-07-03T04:13:58Z,0
2026-07-03T04:14:07Z,1
2026-07-03T04:14:08Z,0
2026-07-03T04:14:17Z,1
2026-07-03T04:14:28Z,0
2026-07-03T04:14:29.902Z,0
2026-07-03T04:14:32.09Z,1
2026-07-03T04:14:34.311Z,0
2026-07-03T04:14:35.927Z,1
2026-07-03T04:14:37Z,1
2026-07-03T04:14:38Z,0
2026-07-03T04:14:41.216Z,0
2026-07-03T04:14:43.477Z,1
2026-07-03T04:14:45.697Z,0
2026-07-03T04:14:47Z,1
2026-07-03T04:14:48.594Z,1
2026-07-03T04:14:58Z,0
2026-07-03T04:14:59.083Z,0
2026-07-03T04:15:07Z,1
2026-07-03T04:15:08Z,0
2026-07-03T04:15:12.749Z,1
2026-07-03T04:15:13.247Z,0
2026-07-03T04:15:17Z,1
2026-07-03T04:15:18.794Z,1
2026-07-03T04:15:28Z,0
2026-07-03T04:15:29.102Z,0
2026-07-03T04:15:37Z,1
2026-07-03T04:15:38Z,0
2026-07-03T04:15:38.243Z,1
2026-07-03T04:15:39.942Z,0
2026-07-03T04:15:47Z,1
2026-07-03T04:15:48.58Z,1
2026-07-03T04:15:58Z,0
2026-07-03T04:15:59.131Z,0
2026-07-03T04:16:08Z,0
2026-07-03T04:16:10.864Z,1
2026-07-03T04:16:11.859Z,0
2026-07-03T04:16:18Z,1
2026-07-03T04:16:18.803Z,1
2026-07-03T04:16:28Z,0
2026-07-03T04:16:29.197Z,0
2026-07-03T04:16:38Z,0
2026-07-03T04:16:38.277Z,1
2026-07-03T04:16:39.716Z,0
2026-07-03T04:16:48Z,1
2026-07-03T04:16:50.033Z,1
2026-07-03T04:16:58Z,0
2026-07-03T04:16:59.188Z,0
2026-07-03T04:17:08Z,0
2026-07-03T04:17:08.345Z,1
2026-07-03T04:17:09.67Z,0
2026-07-03T04:17:18Z,1
2026-07-03T04:17:19.097Z,1
2026-07-03T04:17:28Z,0
2026-07-03T04:17:29.228Z,0
2026-07-03T04:17:38Z,0
2026-07-03T04:17:40.918Z,1
2026-07-03T04:17:41.433Z,0
2026-07-03T04:17:48Z,1
2026-07-03T04:17:48.746Z,1
2026-07-03T04:17:58Z,0
2026-07-03T04:17:59.298Z,0
2026-07-03T04:18:08Z,1
2026-07-03T04:18:09Z,0
2026-07-03T04:18:09.598Z,1
2026-07-03T04:18:10.027Z,0
2026-07-03T04:18:18Z,1
2026-07-03T04:18:19.545Z,1
2026-07-03T04:18:29Z,0
2026-07-03T04:18:31.641Z,0
2026-07-03T04:18:38Z,1
2026-07-03T04:18:39Z,0
2026-07-03T04:18:39.368Z,1
2026-07-03T04:18:40.313Z,0
2026-07-03T04:18:48Z,1
2026-07-03T04:18:48.855Z,1
2026-07-03T04:18:59Z,0
2026-07-03T04:19:08Z,1
2026-07-03T04:19:09Z,0
2026-07-03T04:19:18Z,1
2026-07-03T04:19:29Z,0
2026-07-03T04:19:33.103Z,0
2026-07-03T04:19:36.711Z,1
2026-07-03T04:19:37.334Z,0
2026-07-03T04:19:38Z,1
2026-07-03T04:19:39Z,0
2026-07-03T04:19:40.066Z,1
2026-07-03T04:19:46.136Z,0
2026-07-03T04:19:48Z,1
2026-07-03T04:19:49.624Z,1
2026-07-03T04:19:50.282Z,0
2026-07-03T04:19:52.989Z,1
2026-07-03T04:19:59Z,0
2026-07-03T04:19:59.781Z,0
2026-07-03T04:20:08Z,1
2026-07-03T04:20:09Z,0
2026-07-03T04:20:16.473Z,1
2026-07-03T04:20:17.064Z,0
2026-07-03T04:20:18Z,1
2026-07-03T04:20:19.495Z,1
2026-07-03T04:20:29Z,0
2026-07-03T04:20:31.074Z,0
2026-07-03T04:20:38Z,1
2026-07-03T04:20:39Z,0
2026-07-03T04:20:40.732Z,1
2026-07-03T04:20:41.384Z,0
2026-07-03T04:20:48Z,1
2026-07-03T04:20:49.079Z,1
2026-07-03T04:20:59Z,0
2026-07-03T04:21:01.539Z,0
2026-07-03T04:21:08Z,1
2026-07-03T04:21:09Z,0
2026-07-03T04:21:12.195Z,1
2026-07-03T04:21:15.208Z,0
2026-07-03T04:21:18Z,1
2026-07-03T04:21:18.596Z,1
2026-07-03T04:21:19Z,0
2026-07-03T04:21:20.678Z,0
2026-07-03T04:21:28Z,1
2026-07-03T04:21:29.144Z,1
2026-07-03T04:21:39Z,0
2026-07-03T04:21:42.16Z,0
2026-07-03T04:21:48Z,1
2026-07-03T04:21:49Z,0
2026-07-03T04:21:49.197Z,1
2026-07-03T04:21:50.334Z,0
2026-07-03T04:21:58Z,1
2026-07-03T04:21:58.855Z,1
2026-07-03T04:22:00Z,0
2026-07-03T04:22:02.324Z,0
2026-07-03T04:22:08Z,1
2026-07-03T04:22:09.009Z,1
2026-07-03T04:22:19Z,0
2026-07-03T04:22:20.718Z,0
2026-07-03T04:22:28Z,1
2026-07-03T04:22:29Z,0
2026-07-03T04:22:29.107Z,1
2026-07-03T04:22:32.176Z,0
2026-07-03T04:22:38Z,1
2026-07-03T04:22:38.844Z,1
2026-07-03T04:22:40Z,0
2026-07-03T04:22:40.793Z,0
2026-07-03T04:22:48Z,1
2026-07-03T04:22:49.217Z,1
2026-07-03T04:23:00Z,0
2026-07-03T04:23:02.74Z,0
2026-07-03T04:23:08Z,1
2026-07-03T04:23:09.339Z,1
2026-07-03T04:23:10Z,0
2026-07-03T04:23:10.371Z,0
2026-07-03T04:23:18Z,1
2026-07-03T04:23:18.81Z,1
2026-07-03T04:23:20Z,0
2026-07-03T04:23:20.843Z,0
2026-07-03T04:23:28Z,1
2026-07-03T04:23:30.37Z,1
2026-07-03T04:23:40Z,0
2026-07-03T04:23:40.856Z,0
2026-07-03T04:23:48Z,1
2026-07-03T04:23:48.943Z,1
2026-07-03T04:23:50Z,0
2026-07-03T04:23:50.415Z,0
2026-07-03T04:23:58Z,1
2026-07-03T04:23:58.897Z,1
2026-07-03T04:24:00Z,0
2026-07-03T04:24:00.898Z,0
2026-07-03T04:24:08Z,1
2026-07-03T04:24:20Z,0
2026-07-03T04:24:28Z,1
2026-07-03T04:24:30Z,0
2026-07-03T04:24:38Z,1
2026-07-03T04:24:40Z,0
2026-07-03T04:24:46.329Z,1
2026-07-03T04:24:48Z,1
2026-07-03T04:24:50.879Z,0
2026-07-03T04:24:53.485Z,1
2026-07-03T04:24:54.014Z,0
2026-07-03T04:24:58.388Z,1
2026-07-03T04:24:59.563Z,0
2026-07-03T04:25:00Z,0
2026-07-03T04:25:04.254Z,1
2026-07-03T04:25:08Z,1
2026-07-03T04:25:08.222Z,0
2026-07-03T04:25:10Z,0
2026-07-03T04:25:17.327Z,1
2026-07-03T04:25:17.832Z,0
2026-07-03T04:25:18Z,1
2026-07-03T04:25:20Z,0
2026-07-03T04:25:22.758Z,1
2026-07-03T04:25:23.336Z,0
2026-07-03T04:25:28Z,1
2026-07-03T04:25:30.12Z,1
2026-07-03T04:25:40Z,0
2026-07-03T04:25:41.416Z,0
2026-07-03T04:25:48Z,1
2026-07-03T04:25:50Z,0
2026-07-03T04:25:51.911Z,1
2026-07-03T04:25:52.316Z,0
2026-07-03T04:25:58Z,1
2026-07-03T04:25:59.061Z,1
2026-07-03T04:26:00Z,0
2026-07-03T04:26:03.508Z,0
2026-07-03T06:01:02Z,1
2026-07-03T06:01:04.412Z,1
2026-07-03T06:01:12Z,0
2026-07-03T06:01:13Z,1
2026-07-03T06:01:14Z,0
2026-07-03T06:01:15Z,1
2026-07-03T06:01:15.344Z,0
2026-07-03T06:01:17.883Z,1
2026-07-03T06:01:19.173Z,0
2026-07-03T06:01:19.921Z,1
2026-07-03T06:01:22Z,0
2026-07-03T06:01:23Z,1
2026-07-03T06:01:24Z,0
2026-07-03T06:01:25Z,1
2026-07-03T06:01:25.145Z,0
2026-07-03T06:01:25.428Z,1
2026-07-03T06:01:26.284Z,0
2026-07-03T06:01:27.072Z,1
2026-07-03T06:01:32Z,0
2026-07-03T06:01:33Z,1
2026-07-03T06:01:33.592Z,0
2026-07-03T06:01:34Z,0
2026-07-03T06:01:34.904Z,1
2026-07-03T06:01:35Z,1
2026-07-03T06:01:37.781Z,0
2026-07-03T06:01:38.027Z,1
2026-07-03T06:01:42Z,0
2026-07-03T06:01:43Z,1
2026-07-03T06:01:43.159Z,0
2026-07-03T06:01:44Z,0
2026-07-03T06:01:44.351Z,1
2026-07-03T06:01:45Z,1
2026-07-03T06:01:46.247Z,0
2026-07-03T06:01:47.942Z,1
2026-07-03T06:01:52Z,0
2026-07-03T06:01:53Z,1
2026-07-03T06:01:53.023Z,0
2026-07-03T06:01:54Z,0
2026-07-03T06:01:54.387Z,1
2026-07-03T06:01:55Z,1
2026-07-03T06:01:55.916Z,0
2026-07-03T06:01:56.782Z,1
2026-07-03T06:02:02Z,0
2026-07-03T06:02:03Z,1
2026-07-03T06:02:05Z,0
2026-07-03T06:02:06Z,1
2026-07-03T06:02:06.332Z,0
2026-07-03T06:02:06.897Z,1
2026-07-03T06:02:09.72Z,0
2026-07-03T06:02:10.385Z,1
2026-07-03T06:02:12Z,0
2026-07-03T06:02:13Z,1
2026-07-03T06:02:13.137Z,0
2026-07-03T06:02:13.936Z,1
2026-07-03T06:02:16Z,0
2026-07-03T06:02:17Z,1
2026-07-03T06:02:17.473Z,0
2026-07-03T06:02:21.568Z,1
2026-07-03T06:02:22Z,0
2026-07-03T06:02:23Z,1
2026-07-03T06:02:25.497Z,0
2026-07-03T06:02:25.779Z,1
2026-07-03T06:02:27Z,0
2026-07-03T06:02:27.815Z,0
2026-07-03T06:02:28Z,1
2026-07-03T06:02:30.017Z,1
2026-07-03T06:02:32Z,0
2026-07-03T06:02:33Z,1
2026-07-03T06:02:34.486Z,0
2026-07-03T06:02:35.358Z,1
2026-07-03T06:02:37Z,0
2026-07-03T06:02:38Z,1
2026-07-03T06:02:39.63Z,0
2026-07-03T06:02:39.84Z,1
2026-07-03T06:02:42Z,0
2026-07-03T06:02:43Z,1
2026-07-03T06:02:43.127Z,0
2026-07-03T06:02:44.248Z,1
2026-07-03T06:02:47Z,0
2026-07-03T06:02:48Z,1
2026-07-03T06:02:48.906Z,0
2026-07-03T06:02:49.77Z,1
2026-07-03T06:02:52Z,0
2026-07-03T06:02:53Z,1
2026-07-03T06:02:53.884Z,0
2026-07-03T06:02:54.273Z,1
2026-07-03T06:02:57Z,0
2026-07-03T06:02:58Z,1
2026-07-03T06:02:58.093Z,0
2026-07-03T06:02:59.248Z,1
2026-07-03T06:03:02Z,0
2026-07-03T06:03:06.73Z,0
2026-07-03T06:03:09Z,1
2026-07-03T06:03:11.127Z,1
2026-07-03T06:03:12Z,0
2026-07-03T06:03:13.32Z,0
2026-07-03T06:03:19Z,1
2026-07-03T06:03:21.845Z,1
2026-07-03T06:03:22Z,0
2026-07-03T06:03:25.114Z,0
2026-07-03T06:03:30Z,1
2026-07-03T06:03:30.766Z,1
2026-07-03T06:03:32Z,0
2026-07-03T06:03:33.718Z,0
2026-07-03T06:03:40Z,1
2026-07-03T06:03:41.478Z,1
2026-07-03T06:03:43Z,0
2026-07-03T06:03:44.187Z,0
2026-07-03T06:03:50Z,1
2026-07-03T06:03:51.602Z,1
2026-07-03T06:03:53Z,0
2026-07-03T06:03:58.255Z,0
2026-07-03T06:04:00Z,1
2026-07-03T06:04:03Z,0
2026-07-03T06:04:03.037Z,1
2026-07-03T06:04:05.575Z,0
2026-07-03T06:04:11Z,1
2026-07-03T06:04:13.03Z,1
2026-07-03T06:04:14Z,0
2026-07-03T06:04:15.491Z,0
2026-07-03T06:04:21Z,1
2026-07-03T06:04:22.873Z,1
2026-07-03T06:04:24Z,0
2026-07-03T06:04:26.132Z,0
2026-07-03T06:04:31Z,1
2026-07-03T06:04:32.123Z,1
2026-07-03T06:04:35Z,0
2026-07-03T06:04:42Z,1
2026-07-03T06:04:45Z,0
2026-07-03T06:04:52Z,1
2026-07-03T06:04:56Z,0
2026-07-03T06:05:02Z,1
2026-07-03T06:05:06.565Z,0
2026-07-03T06:05:07Z,0
2026-07-03T06:05:12.762Z,1
2026-07-03T06:05:13Z,1
2026-07-03T06:05:14.452Z,0
2026-07-03T06:05:17.184Z,1
2026-07-03T06:05:18Z,0
2026-07-03T06:05:20.829Z,0
2026-07-03T06:05:23Z,1
2026-07-03T06:05:26.016Z,1
2026-07-03T06:05:28Z,0
2026-07-03T06:05:28.089Z,0
2026-07-03T06:05:32.549Z,1
2026-07-03T06:05:34Z,1
2026-07-03T06:05:34.797Z,0
2026-07-03T06:05:37.285Z,1
2026-07-03T06:05:38Z,0
2026-07-03T06:05:40.469Z,0
2026-07-03T06:05:43.108Z,1
2026-07-03T06:05:44.31Z,0
2026-07-03T06:05:45Z,1
2026-07-03T06:05:49Z,0
2026-07-03T06:05:52.916Z,1
2026-07-03T06:05:54.731Z,0
2026-07-03T06:05:55Z,1
2026-07-03T06:05:58.514Z,1
2026-07-03T06:06:00Z,0
2026-07-03T06:06:03.786Z,0
2026-07-03T06:06:07Z,1
2026-07-03T06:06:07.646Z,1
2026-07-03T06:06:11Z,0
2026-07-03T06:06:13.69Z,0
2026-07-03T06:06:17Z,1
2026-07-03T06:06:19.197Z,1
2026-07-03T06:06:22Z,0
2026-07-03T06:06:22.544Z,0
2026-07-03T06:06:28Z,1
2026-07-03T06:06:32Z,0
2026-07-03T06:06:34.47Z,1
2026-07-03T06:06:35.819Z,0
2026-07-03T06:06:39Z,1
2026-07-03T06:06:41.179Z,1
2026-07-03T06:06:44Z,0
2026-07-03T06:06:46.406Z,0
2026-07-03T06:06:50Z,1
2026-07-03T06:06:51.754Z,1
2026-07-03T06:08:20Z,0
2026-07-03T06:08:21.407Z,0
2026-07-04T02:50:03Z,1
2026-07-04T02:50:14.855Z,1
2026-07-04T02:51:33Z,0
2026-07-04T02:51:35.126Z,0
2026-07-04T03:00:01Z,1
2026-07-04T03:00:15.059Z,1
2026-07-04T03:01:51Z,0
2026-07-04T03:01:52.979Z,0
2026-07-04T03:43:53Z,1
2026-07-04T03:43:55.516Z,1
2026-07-04T03:46:53Z,0
2026-07-04T03:46:54.826Z,0
2026-07-04T05:28:55Z,1
2026-07-04T05:28:55.933Z,1
2026-07-04T05:31:55Z,0
2026-07-04T05:31:56.111Z,0
2026-07-04T06:09:58Z,1
2026-07-04T06:10:00.084Z,1
2026-07-04T06:12:58Z,0
2026-07-04T06:12:59.597Z,0
2026-07-04T08:37:28Z,1
2026-07-04T08:37:31.085Z,1
2026-07-04T08:38:58Z,0
2026-07-04T08:38:59.538Z,0
2026-07-05T00:43:07Z,1
2026-07-05T00:43:09.671Z,1
2026-07-05T00:44:37Z,0
2026-07-05T00:44:38.468Z,0
2026-07-05T03:00:01Z,1
2026-07-05T03:00:08Z,0
2026-07-05T03:00:11.751Z,1
2026-07-05T03:00:12Z,1
2026-07-05T03:00:14.709Z,0
2026-07-05T03:00:19Z,0
2026-07-05T03:00:19.008Z,1
2026-07-05T03:00:23Z,1
2026-07-05T03:00:23.913Z,0
2026-07-05T03:00:26.924Z,1
2026-07-05T03:00:30Z,0
2026-07-05T03:00:31.06Z,0
2026-07-05T03:00:34Z,1
2026-07-05T03:00:34.938Z,1
2026-07-05T03:00:41Z,0
2026-07-05T03:00:42.081Z,0
2026-07-05T03:00:45Z,1
2026-07-05T03:00:47.119Z,1
2026-07-05T03:00:52Z,0
2026-07-05T03:00:53.111Z,0
2026-07-05T03:00:56Z,1
2026-07-05T03:00:56.869Z,1
2026-07-05T03:01:03Z,0
2026-07-05T03:01:05.92Z,0
2026-07-05T03:01:07Z,1
2026-07-05T03:01:09.235Z,1
2026-07-05T03:01:14Z,0
2026-07-05T03:01:14.689Z,0
2026-07-05T03:01:19Z,1
2026-07-05T03:01:19.421Z,1
2026-07-05T03:01:24Z,0
2026-07-05T03:01:25.403Z,0
2026-07-05T03:01:29Z,1
2026-07-05T03:01:30.314Z,1
2026-07-05T03:01:35Z,0
2026-07-05T03:01:35.886Z,0
2026-07-05T03:01:40Z,1
2026-07-05T03:01:41.289Z,1
2026-07-05T03:01:46Z,0
2026-07-05T03:01:46.932Z,0
2026-07-05T03:01:52Z,1
2026-07-05T03:01:52.435Z,1
2026-07-05T03:01:57Z,0
2026-07-05T03:01:58.059Z,0
2026-07-05T03:02:03Z,1
2026-07-05T03:02:07Z,0
2026-07-05T03:02:08.201Z,1
2026-07-05T03:02:09.306Z,0
2026-07-05T03:02:14Z,1
2026-07-05T03:02:15.171Z,1
2026-07-05T03:02:18Z,0
2026-07-05T03:02:20.083Z,0
2026-07-05T03:02:26Z,1
2026-07-05T03:02:27.429Z,1
2026-07-05T03:02:29Z,0
2026-07-05T03:02:29.603Z,0
2026-07-05T03:02:36Z,1
2026-07-05T03:02:38.767Z,1
2026-07-05T03:02:40Z,0
2026-07-05T03:02:40.785Z,0
2026-07-05T03:02:49Z,1
2026-07-05T03:02:49.354Z,1
2026-07-05T03:02:51Z,0
2026-07-05T03:02:54.715Z,0
2026-07-05T03:03:00Z,1
2026-07-05T03:03:02Z,0
2026-07-05T03:03:03.051Z,1
2026-07-05T03:03:11Z,1
2026-07-05T03:03:13Z,0
2026-07-05T03:03:22Z,1
2026-07-05T03:03:24Z,0
2026-07-05T03:03:27.862Z,0
2026-07-05T03:03:31.405Z,1
2026-07-05T03:03:31.902Z,0
2026-07-05T03:03:34Z,1
2026-07-05T03:03:34.26Z,1
2026-07-05T03:03:36.683Z,0
2026-07-05T03:03:37Z,0
2026-07-05T03:03:38.949Z,1
2026-07-05T03:03:39.671Z,0
2026-07-05T03:03:46Z,1
2026-07-05T03:03:47.292Z,1
2026-07-05T03:03:49Z,0
2026-07-05T03:03:49.429Z,0
2026-07-05T03:04:01Z,1
2026-07-05T03:04:04.737Z,1
2026-07-05T06:59:28Z,1
2026-07-05T06:59:30.323Z,1
2026-07-05T07:02:28Z,0
2026-07-05T07:02:28.917Z,0
2026-07-05T08:37:07Z,1
2026-07-05T08:37:10.049Z,1
2026-07-05T08:38:37Z,0
2026-07-05T08:38:38.115Z,0
2026-07-06T03:00:01Z,1
2026-07-06T03:00:13.972Z,1
2026-07-06T03:03:01Z,0
2026-07-06T03:03:03.405Z,0
2026-07-06T03:50:42Z,1
2026-07-06T03:50:46.261Z,1
2026-07-06T03:53:42Z,0
2026-07-06T03:53:45.32Z,0
2026-07-06T04:37:16Z,1
2026-07-06T04:37:17.722Z,1
2026-07-06T04:40:16Z,0
2026-07-06T04:40:19.5Z,0
2026-07-06T06:11:32Z,1
2026-07-06T06:11:34.655Z,1
2026-07-06T06:14:32Z,0
2026-07-06T06:14:33.339Z,0
2026-07-06T08:30:59Z,1
2026-07-06T08:30:59.84Z,1
2026-07-06T08:32:29Z,0
2026-07-06T08:32:30.422Z,0
2026-07-07T00:50:48Z,1
2026-07-07T00:50:49.969Z,1
2026-07-07T00:52:18Z,0
2026-07-07T00:52:19.78Z,0
2026-07-07T03:00:01Z,1
2026-07-07T03:00:10.825Z,1
2026-07-07T03:03:01Z,0
2026-07-07T03:03:04.075Z,0
2026-07-07T03:54:50Z,1
2026-07-07T03:54:51.656Z,1
2026-07-07T03:57:50Z,0
2026-07-07T03:57:51.751Z,0
2026-07-07T06:14:57Z,1
2026-07-07T06:14:59.961Z,1
2026-07-07T06:17:57Z,0
2026-07-07T06:17:58.644Z,0
2026-07-07T08:40:14Z,1
2026-07-07T08:40:16.242Z,1
2026-07-07T08:41:44Z,0
2026-07-07T08:41:47.731Z,0
2026-07-08T03:38:19Z,1
2026-07-08T03:38:20.046Z,1
2026-07-08T03:41:19Z,0
2026-07-08T03:41:31.293Z,0
2026-07-08T04:59:26Z,1
2026-07-08T04:59:27.443Z,1
2026-07-08T05:02:26Z,0
2026-07-08T05:02:27.287Z,0
2026-07-08T06:14:47Z,1
2026-07-08T06:14:50.855Z,1
2026-07-08T06:17:47Z,0
2026-07-08T06:17:49.672Z,0
2026-07-09T23:35:07Z,1
2026-07-09T23:35:15.868Z,1
2026-07-09T23:36:37Z,0
2026-07-09T23:36:39.117Z,0
2026-07-10T01:41:08Z,1
2026-07-10T01:41:09.654Z,1
2026-07-10T01:42:39Z,0
2026-07-10T01:42:40.389Z,0
2026-07-10T05:46:02Z,1
2026-07-10T05:46:03Z,1
2026-07-10T05:46:03.588Z,1
2026-07-10T05:46:05.4Z,1
2026-07-10T05:46:11Z,0
2026-07-10T05:46:12Z,0
2026-07-10T05:46:12.44Z,0
2026-07-10T05:46:13Z,1
2026-07-10T05:46:13.892Z,1
2026-07-10T05:46:15.049Z,0
2026-07-10T05:46:16.922Z,1
2026-07-10T05:46:21Z,0
2026-07-10T05:46:22Z,0
2026-07-10T05:46:23Z,1
2026-07-10T05:46:24.359Z,0
2026-07-10T05:46:26.393Z,1
2026-07-10T05:46:27.412Z,0
2026-07-10T05:46:28.622Z,1
2026-07-10T05:46:31Z,0
2026-07-10T05:46:32Z,0
2026-07-10T05:46:33Z,1
2026-07-10T05:46:36.036Z,0
2026-07-10T05:46:36.204Z,1
2026-07-10T05:46:36.494Z,0
2026-07-10T05:46:36.701Z,1
2026-07-10T05:46:41Z,0
2026-07-10T05:46:42Z,0
2026-07-10T05:46:42.148Z,0
2026-07-10T05:46:43Z,1
2026-07-10T05:46:45.137Z,1
2026-07-10T05:46:46.379Z,0
2026-07-10T05:46:47.183Z,1
2026-07-10T05:46:51Z,0
2026-07-10T05:46:52Z,0
2026-07-10T05:46:52.98Z,0
2026-07-10T05:46:53Z,1
2026-07-10T05:46:53.82Z,1
2026-07-10T05:46:54.829Z,0
2026-07-10T05:46:55.746Z,1
2026-07-10T05:47:01Z,0
2026-07-10T05:47:02Z,0
2026-07-10T05:47:03Z,1
2026-07-10T05:47:04.508Z,0
2026-07-10T05:47:05.413Z,1
2026-07-10T05:47:06.382Z,0
2026-07-10T05:47:07.632Z,1
2026-07-10T05:47:11Z,0
2026-07-10T05:47:12Z,0
2026-07-10T05:47:12.172Z,0
2026-07-10T05:47:12.87Z,1
2026-07-10T05:47:13Z,1
2026-07-10T05:47:13.983Z,0
2026-07-10T05:47:15.023Z,1
2026-07-10T05:47:21Z,0
2026-07-10T05:47:22Z,0
2026-07-10T05:47:22.249Z,0
2026-07-10T05:47:23Z,1
2026-07-10T05:47:23.933Z,1
2026-07-10T05:47:24.987Z,0
2026-07-10T05:47:25.902Z,1
2026-07-10T05:47:31Z,0
2026-07-10T05:47:32Z,0
2026-07-10T05:47:32.298Z,0
2026-07-10T05:47:33Z,1
2026-07-10T05:47:33.21Z,1
2026-07-10T05:47:34.271Z,0
2026-07-10T05:47:35.285Z,1
2026-07-10T05:49:36Z,0
2026-07-10T05:49:37.046Z,0
2026-07-10T06:19:03Z,1
2026-07-10T06:19:07.098Z,1
2026-07-10T06:22:03Z,0
2026-07-10T06:22:07.803Z,0
2026-07-10T08:32:24Z,1
2026-07-10T08:32:37.857Z,1
2026-07-10T08:33:16Z,0
2026-07-10T08:33:17.749Z,0
2026-07-10T21:54:34Z,1
2026-07-10T21:54:37.037Z,1
2026-07-10T21:56:04Z,0
2026-07-10T21:56:06.531Z,0
2026-07-11T06:06:03Z,1
2026-07-11T06:06:07.497Z,1
2026-07-11T06:06:10Z,0
2026-07-11T06:06:11Z,1
2026-07-11T06:06:12Z,0
2026-07-11T06:06:12.546Z,0
2026-07-11T06:06:13Z,1
2026-07-11T06:06:13.366Z,1
2026-07-11T06:06:14.421Z,0
2026-07-11T06:06:15.311Z,1
2026-07-11T06:06:20Z,0
2026-07-11T06:06:21Z,1
2026-07-11T06:06:21.4Z,0
2026-07-11T06:06:22Z,0
2026-07-11T06:06:22.402Z,1
2026-07-11T06:06:23Z,1
2026-07-11T06:06:23.582Z,0
2026-07-11T06:06:24.802Z,1
2026-07-11T06:06:30Z,0
2026-07-11T06:06:31Z,1
2026-07-11T06:06:32Z,0
2026-07-11T06:06:32.496Z,0
2026-07-11T06:06:32.856Z,1
2026-07-11T06:06:33Z,1
2026-07-11T06:06:33.588Z,0
2026-07-11T06:06:34.433Z,1
2026-07-11T06:06:40Z,0
2026-07-11T06:06:41Z,1
2026-07-11T06:06:42Z,0
2026-07-11T06:06:42.978Z,0
2026-07-11T06:06:43Z,1
2026-07-11T06:06:43.787Z,1
2026-07-11T06:06:44.745Z,0
2026-07-11T06:06:45.687Z,1
2026-07-11T06:06:50Z,0
2026-07-11T06:06:51Z,1
2026-07-11T06:06:51.732Z,0
2026-07-11T06:06:52Z,0
2026-07-11T06:06:53Z,1
2026-07-11T06:06:53.884Z,1
2026-07-11T06:06:55.214Z,0
2026-07-11T06:06:55.809Z,1
2026-07-11T06:07:00Z,0
2026-07-11T06:07:01Z,1
2026-07-11T06:07:02Z,0
2026-07-11T06:07:03Z,1
2026-07-11T06:07:03.585Z,0
2026-07-11T06:07:04.419Z,1
2026-07-11T06:07:06.095Z,0
2026-07-11T06:07:07.256Z,1
2026-07-11T06:07:10Z,0
2026-07-11T06:07:11Z,1
2026-07-11T06:07:11.514Z,0
2026-07-11T06:07:12Z,0
2026-07-11T06:07:12.468Z,1
2026-07-11T06:07:13Z,1
2026-07-11T06:07:13.606Z,0
2026-07-11T06:07:17.616Z,1
2026-07-11T06:07:20Z,0
2026-07-11T06:07:21Z,1
2026-07-11T06:07:22Z,0
2026-07-11T06:07:22.207Z,0
2026-07-11T06:07:22.795Z,1
2026-07-11T06:07:23Z,1
2026-07-11T06:07:23.559Z,0
2026-07-11T06:07:24.492Z,1
2026-07-11T06:07:30Z,0
2026-07-11T06:07:31Z,1
2026-07-11T06:07:31.54Z,0
2026-07-11T06:07:32Z,0
2026-07-11T06:07:32.264Z,1
2026-07-11T06:07:33Z,1
2026-07-11T06:07:33.417Z,0
2026-07-11T06:07:34.37Z,1
2026-07-11T06:07:40Z,0
2026-07-11T06:07:41Z,1
2026-07-11T06:07:41.542Z,0
2026-07-11T06:07:42Z,0
2026-07-11T06:07:42.525Z,1
2026-07-11T06:07:43Z,1
2026-07-11T06:07:43.539Z,0
2026-07-11T06:07:44.119Z,1
2026-07-11T06:07:50Z,0
2026-07-11T06:07:51Z,1
2026-07-11T06:07:52Z,0
2026-07-11T06:07:52.53Z,0
2026-07-11T06:07:52.702Z,1
2026-07-11T06:07:53Z,1
2026-07-11T06:07:53.999Z,0
2026-07-11T06:07:54.981Z,1
2026-07-11T06:08:00Z,0
2026-07-11T06:08:01Z,1
2026-07-11T06:08:02Z,0
2026-07-11T06:08:03Z,1
2026-07-11T06:08:03.117Z,0
2026-07-11T06:08:03.715Z,1
2026-07-11T06:08:04.925Z,0
2026-07-11T06:08:05.726Z,1
2026-07-11T06:08:10Z,0
2026-07-11T06:08:12.666Z,0
2026-07-11T06:08:13Z,1
2026-07-11T06:08:15.288Z,1
2026-07-11T06:08:20Z,0
2026-07-11T06:08:21.653Z,0
2026-07-11T06:08:23Z,1
2026-07-11T06:08:24.687Z,1
2026-07-11T06:08:30Z,0
2026-07-11T06:08:32.581Z,0
2026-07-11T06:08:33Z,1
2026-07-11T06:08:35.996Z,1
2026-07-11T06:08:40Z,0
2026-07-11T06:08:42.643Z,0
2026-07-11T06:08:43Z,1
2026-07-11T06:08:44.804Z,1
2026-07-11T06:08:50Z,0
2026-07-11T06:08:53Z,1
2026-07-11T06:09:00.894Z,0
2026-07-11T06:09:01Z,0
2026-07-11T06:09:01.744Z,1
2026-07-11T06:09:04Z,1
2026-07-11T06:09:06.05Z,0
2026-07-11T06:09:07.277Z,1
2026-07-11T06:09:11Z,0
2026-07-11T06:09:12.971Z,0
2026-07-11T06:09:13Z,1
2026-07-11T06:09:16.073Z,1
2026-07-11T06:09:21Z,0
2026-07-11T06:09:21.72Z,0
2026-07-11T06:09:24Z,1
2026-07-11T06:09:26.614Z,1
2026-07-11T06:09:31Z,0
2026-07-11T06:09:31.75Z,0
2026-07-11T06:09:34Z,1
2026-07-11T06:09:35.454Z,1
2026-07-11T06:09:41Z,0
2026-07-11T06:09:43.489Z,0
2026-07-11T06:09:44Z,1
2026-07-11T06:09:45.253Z,1
2026-07-11T06:09:51Z,0
2026-07-11T06:09:53.85Z,0
2026-07-11T06:09:54Z,1
2026-07-11T06:09:56.89Z,1
2026-07-11T06:10:01Z,0
2026-07-11T06:10:04Z,1
2026-07-11T06:10:11Z,0
2026-07-11T06:10:14.756Z,0
2026-07-11T06:10:16Z,1
2026-07-11T06:10:16.657Z,1
2026-07-11T06:10:20Z,0
2026-07-11T06:10:20.386Z,0
2026-07-11T06:10:23.879Z,1
2026-07-11T06:10:25.953Z,0
2026-07-11T06:10:26Z,1
2026-07-11T06:10:30Z,0
2026-07-11T06:10:34.058Z,1
2026-07-11T06:10:35.285Z,0
2026-07-11T06:10:36Z,1
2026-07-11T06:10:37.939Z,1
2026-07-11T06:10:38Z,0
2026-07-11T06:10:39.247Z,0
2026-07-11T06:10:46Z,1
2026-07-11T06:10:47.056Z,1
2026-07-11T06:10:48Z,0
2026-07-11T06:10:48.983Z,0
2026-07-11T06:10:56Z,1
2026-07-11T06:10:58Z,0
2026-07-11T06:11:00.157Z,1
2026-07-11T06:11:03.146Z,0
2026-07-11T06:11:06Z,1
2026-07-11T06:11:08Z,0
2026-07-11T06:11:08.226Z,1
2026-07-11T06:11:09.506Z,0
2026-07-11T06:11:16Z,1
2026-07-11T06:11:17.067Z,1
2026-07-11T06:11:18Z,0
2026-07-11T06:11:18.994Z,0
2026-07-11T06:11:26Z,1
2026-07-11T06:11:28Z,0
2026-07-11T06:11:28.602Z,1
2026-07-11T06:11:31.669Z,0
2026-07-11T06:11:36Z,1
2026-07-11T06:11:37.235Z,1
2026-07-11T06:11:38Z,0
2026-07-11T06:11:39.211Z,0
2026-07-11T06:11:46Z,1
2026-07-11T06:11:48Z,0
2026-07-11T06:11:48.852Z,1
2026-07-11T06:11:50.131Z,0
2026-07-11T06:11:56Z,1
2026-07-11T06:11:57.678Z,1
2026-07-11T06:11:58Z,0
2026-07-11T06:12:00.473Z,0
2026-07-11T06:12:06Z,1
2026-07-11T06:12:07.204Z,1
2026-07-11T06:12:08Z,0
2026-07-11T06:12:09.152Z,0
2026-07-11T06:12:16Z,1
2026-07-11T06:12:17.233Z,1
2026-07-11T06:12:18Z,0
2026-07-11T06:12:23.243Z,0
2026-07-11T09:51:01Z,1
2026-07-11T09:51:02.999Z,1
2026-07-11T09:52:31Z,0
2026-07-11T09:52:32.919Z,0
2026-07-11T18:01:01Z,1
2026-07-11T18:01:05.078Z,1
2026-07-11T18:02:31Z,0
2026-07-11T18:02:32.276Z,0
2026-07-11T21:25:19Z,1
2026-07-11T21:25:21.528Z,1
2026-07-11T21:26:49Z,0
2026-07-11T21:26:50.974Z,0
2026-07-12T02:06:03Z,1
2026-07-12T02:06:04.76Z,1
2026-07-12T02:07:33Z,0
2026-07-12T02:07:34.738Z,0
2026-07-12T03:31:05Z,1
2026-07-12T03:31:07.48Z,1
2026-07-12T03:31:10Z,0
2026-07-12T03:31:11Z,1
2026-07-12T03:31:11.018Z,0
2026-07-12T03:31:13.583Z,1
2026-07-12T03:31:14Z,0
2026-07-12T03:31:15Z,1
2026-07-12T03:31:15.499Z,0
2026-07-12T03:31:17.543Z,1
2026-07-12T03:31:20Z,0
2026-07-12T03:31:21Z,1
2026-07-12T03:31:21.038Z,0
2026-07-12T03:31:22.062Z,1
2026-07-12T03:31:24Z,0
2026-07-12T03:31:25Z,1
2026-07-12T03:31:25.476Z,0
2026-07-12T03:31:27.156Z,1
2026-07-12T03:31:30Z,0
2026-07-12T03:31:31Z,1
2026-07-12T03:31:31.321Z,0
2026-07-12T03:31:32.127Z,1
2026-07-12T03:31:34Z,0
2026-07-12T03:31:35Z,1
2026-07-12T03:31:35.517Z,0
2026-07-12T03:31:36.472Z,1
2026-07-12T03:31:40Z,0
2026-07-12T03:31:40.98Z,0
2026-07-12T03:31:41Z,1
2026-07-12T03:31:42.111Z,1
2026-07-12T03:31:44Z,0
2026-07-12T03:31:45Z,1
2026-07-12T03:31:45.604Z,0
2026-07-12T03:31:46.472Z,1
2026-07-12T03:31:50Z,0
2026-07-12T03:31:51Z,1
2026-07-12T03:31:51.229Z,0
2026-07-12T03:31:52.161Z,1
2026-07-12T03:31:54Z,0
2026-07-12T03:31:55Z,1
2026-07-12T03:31:55.534Z,0
2026-07-12T03:31:56.562Z,1
2026-07-12T03:32:00Z,0
2026-07-12T03:32:01Z,1
2026-07-12T03:32:04Z,0
2026-07-12T03:32:04.268Z,0
2026-07-12T03:32:05Z,1
2026-07-12T03:32:07.178Z,1
2026-07-12T03:32:08.47Z,0
2026-07-12T03:32:10Z,0
2026-07-12T03:32:11Z,1
2026-07-12T03:32:11.536Z,1
2026-07-12T03:32:12.799Z,0
2026-07-12T03:32:13.614Z,1
2026-07-12T03:32:14Z,0
2026-07-12T03:32:15Z,1
2026-07-12T03:32:17.231Z,0
2026-07-12T03:32:17.618Z,1
2026-07-12T03:32:20Z,0
2026-07-12T03:32:21Z,1
2026-07-12T03:32:21.027Z,0
2026-07-12T03:32:22.049Z,1
2026-07-12T03:32:24Z,0
2026-07-12T03:32:25Z,1
2026-07-12T03:32:25.708Z,0
2026-07-12T03:32:26.669Z,1
2026-07-12T03:32:30Z,0
2026-07-12T03:32:31Z,1
2026-07-12T03:32:31.133Z,0
2026-07-12T03:32:32.134Z,1
2026-07-12T03:32:34Z,0
2026-07-12T03:32:35Z,1
2026-07-12T03:32:35.643Z,0
2026-07-12T03:32:36.338Z,1
2026-07-12T03:32:40Z,0
2026-07-12T03:32:41Z,1
2026-07-12T03:32:41.097Z,0
2026-07-12T03:32:42.195Z,1
2026-07-12T03:32:44Z,0
2026-07-12T03:32:46Z,1
2026-07-12T03:32:46.39Z,0
2026-07-12T03:32:46.747Z,1
2026-07-12T03:32:50Z,0
2026-07-12T03:32:51Z,1
2026-07-12T03:32:51.129Z,0
2026-07-12T03:32:52.074Z,1
2026-07-12T03:32:54Z,0
2026-07-12T03:32:55.618Z,0
2026-07-12T03:32:56Z,1
2026-07-12T03:32:56.738Z,1
2026-07-12T03:33:00Z,0
2026-07-12T03:33:01Z,1
2026-07-12T03:33:03.333Z,0
2026-07-12T03:33:04Z,0
2026-07-12T03:33:04.162Z,1
2026-07-12T03:33:05Z,1
2026-07-12T03:33:05.646Z,0
2026-07-12T03:33:06.374Z,1
2026-07-12T03:33:09Z,0
2026-07-12T03:33:11Z,1
2026-07-12T03:33:11.748Z,0
2026-07-12T03:33:13.982Z,1
2026-07-12T03:33:14Z,0
2026-07-12T03:33:17.226Z,0
2026-07-12T03:33:21Z,1
2026-07-12T03:33:22.154Z,1
2026-07-12T03:33:24Z,0
2026-07-12T03:33:25.774Z,0
2026-07-12T03:33:31Z,1
2026-07-12T03:33:32.506Z,1
2026-07-12T03:33:34Z,0
2026-07-12T03:33:35.685Z,0
2026-07-12T03:33:42Z,1
2026-07-12T03:33:43.243Z,1
2026-07-12T03:33:44Z,0
2026-07-12T03:33:46.446Z,0
2026-07-12T03:33:52Z,1
2026-07-12T03:33:53.09Z,1
2026-07-12T03:33:54Z,0
2026-07-12T03:33:55.679Z,0
2026-07-12T03:34:02Z,1
2026-07-12T03:34:03.495Z,1
2026-07-12T03:34:05Z,0
2026-07-12T03:34:05.718Z,0
2026-07-12T03:34:12Z,1
2026-07-12T03:34:13.039Z,1
2026-07-12T03:34:15Z,0
2026-07-12T03:34:17.053Z,0
2026-07-12T03:34:22Z,1
2026-07-12T03:34:23.174Z,1
2026-07-12T03:34:25Z,0
2026-07-12T03:34:25.741Z,0
2026-07-12T03:34:32Z,1
2026-07-12T03:34:33.06Z,1
2026-07-12T03:34:35Z,0
2026-07-12T03:34:35.806Z,0
2026-07-12T03:34:42Z,1
2026-07-12T03:34:43.215Z,1
2026-07-12T03:34:45Z,0
2026-07-12T03:34:47.186Z,0
2026-07-12T03:34:52Z,1
2026-07-12T03:34:53.342Z,1
2026-07-12T03:34:55Z,0
2026-07-12T03:34:55.768Z,0
2026-07-12T03:35:02Z,1
2026-07-12T03:35:05Z,0
2026-07-12T03:35:09.298Z,1
2026-07-12T03:35:10.47Z,0
2026-07-12T03:35:12Z,1
2026-07-12T03:35:15Z,0
2026-07-12T03:35:22Z,1
2026-07-12T03:35:25Z,0
2026-07-12T03:35:32Z,1
2026-07-12T03:35:35Z,0
2026-07-12T03:35:35.211Z,1
2026-07-12T03:35:38.249Z,0
2026-07-12T03:35:39.649Z,1
2026-07-12T03:35:42Z,1
2026-07-12T03:35:42.55Z,0
2026-07-12T03:35:45Z,0
2026-07-12T03:35:46.244Z,1
2026-07-12T03:35:46.873Z,0
2026-07-12T03:35:48.822Z,1
2026-07-12T03:35:49.481Z,0
2026-07-12T03:35:53Z,1
2026-07-12T03:35:53.767Z,1
2026-07-12T03:36:05Z,0
2026-07-12T03:36:06.035Z,0
2026-07-12T03:36:13Z,1
2026-07-12T03:36:14.121Z,1
2026-07-12T03:36:15Z,0
2026-07-12T03:36:15.505Z,0
2026-07-12T03:36:23Z,1
2026-07-12T03:36:23.687Z,1
2026-07-12T03:36:25Z,0
2026-07-12T03:36:26.079Z,0
2026-07-12T03:36:33Z,1
2026-07-12T03:36:34.901Z,1
2026-07-12T03:36:45Z,0
2026-07-12T03:36:46.046Z,0
2026-07-12T03:36:53Z,1
2026-07-12T03:36:55Z,0
2026-07-12T03:36:55.28Z,1
2026-07-12T03:36:55.924Z,0
2026-07-12T03:37:03Z,1
2026-07-12T03:37:05Z,0
2026-07-12T03:37:05.794Z,1
2026-07-12T03:37:06.275Z,0
2026-07-12T03:37:13Z,1
2026-07-12T03:37:14.448Z,1
2026-07-12T03:37:25Z,0
2026-07-12T03:37:26.094Z,0
2026-07-12T03:37:33Z,1
2026-07-12T03:37:35Z,0
2026-07-12T03:37:35.522Z,1
2026-07-12T03:37:36.042Z,0
2026-07-12T03:37:43Z,1
2026-07-12T03:37:45Z,0
2026-07-12T03:37:45.109Z,1
2026-07-12T03:37:46.152Z,0
2026-07-12T03:37:53Z,1
2026-07-12T03:37:54.221Z,1
2026-07-12T03:38:05Z,0
2026-07-12T03:38:08.432Z,0
2026-07-12T03:38:13Z,1
2026-07-12T03:38:14.33Z,1
2026-07-12T03:38:15Z,0
2026-07-12T03:38:15.651Z,0
2026-07-12T03:38:23Z,1
2026-07-12T03:38:24.309Z,1
2026-07-12T03:38:25Z,0
2026-07-12T03:38:26.185Z,0
2026-07-12T03:38:33Z,1
2026-07-12T03:38:35.017Z,1
2026-07-12T03:38:45Z,0
2026-07-12T03:38:46.606Z,0
2026-07-12T03:38:53Z,1
2026-07-12T03:38:54.504Z,1
2026-07-12T03:38:55Z,0
2026-07-12T03:38:55.729Z,0
2026-07-12T03:39:03Z,1
2026-07-12T03:39:04.494Z,1
2026-07-12T03:39:05Z,0
2026-07-12T03:39:07.721Z,0
2026-07-12T03:39:13Z,1
2026-07-12T03:39:14.581Z,1
2026-07-12T03:39:25Z,0
2026-07-12T03:39:30.556Z,0
2026-07-12T03:39:33Z,1
2026-07-12T03:39:35Z,0
2026-07-12T03:39:35.245Z,1
2026-07-12T03:39:38.551Z,0
2026-07-12T03:39:43Z,1
2026-07-12T03:39:44.023Z,1
2026-07-12T03:39:46Z,0
2026-07-12T03:39:47.144Z,0
2026-07-12T03:39:53Z,1
2026-07-12T03:39:54.562Z,1
2026-07-12T03:39:56Z,0
2026-07-12T03:39:57.275Z,0
2026-07-12T03:40:04Z,1
2026-07-12T03:40:06Z,0
2026-07-12T03:40:12.459Z,1
2026-07-12T03:40:14Z,1
2026-07-12T03:40:15.498Z,0
2026-07-12T03:40:16Z,0
2026-07-12T03:40:24Z,1
2026-07-12T03:40:26Z,0
2026-07-12T03:40:34Z,1
2026-07-12T03:40:41.478Z,1
2026-07-12T03:40:42.03Z,0
2026-07-12T03:40:45.718Z,1
2026-07-12T03:40:46Z,0
2026-07-12T03:40:46.374Z,0
2026-07-12T03:40:48.125Z,1
2026-07-12T03:40:52.1Z,0
2026-07-12T03:40:54Z,1
2026-07-12T03:40:56Z,0
2026-07-12T03:40:56.121Z,1
2026-07-12T03:40:57.001Z,0
2026-07-12T03:41:04Z,1
2026-07-12T03:41:06Z,0
2026-07-12T03:41:06.105Z,1
2026-07-12T03:41:07.789Z,0
2026-07-12T03:41:15Z,1
2026-07-12T03:41:15.522Z,1
2026-07-12T03:41:17Z,0
2026-07-12T03:41:18.344Z,0
2026-07-12T03:41:25Z,1
2026-07-12T03:41:28Z,0
2026-07-12T03:41:28.652Z,1
2026-07-12T03:41:29.438Z,0
2026-07-12T03:41:35Z,1
2026-07-12T03:41:35.979Z,1
2026-07-12T03:41:39Z,0
2026-07-12T03:41:41.522Z,0
2026-07-12T03:41:45Z,1
2026-07-12T03:41:46.639Z,1
2026-07-12T03:41:49Z,0
2026-07-12T03:41:50.152Z,0
2026-07-12T03:41:56Z,1
2026-07-12T03:41:56.85Z,1
2026-07-12T03:41:59Z,0
2026-07-12T03:42:00.084Z,0
2026-07-12T03:42:06Z,1
2026-07-12T03:42:07.093Z,1
2026-07-12T03:42:10Z,0
2026-07-12T03:42:11.872Z,0
2026-07-12T03:42:16Z,1
2026-07-12T03:42:17.624Z,1
2026-07-12T03:42:20Z,0
2026-07-12T03:42:21.006Z,0
2026-07-12T03:42:26Z,1
2026-07-12T03:42:27.406Z,1
2026-07-12T03:42:30Z,0
2026-07-12T03:42:31.132Z,0
2026-07-12T03:42:37Z,1
2026-07-12T03:42:37.966Z,1
2026-07-12T03:42:41Z,0
2026-07-12T03:42:42.321Z,0
2026-07-12T03:42:47Z,1
2026-07-12T03:42:48.462Z,1
2026-07-12T03:42:51Z,0
2026-07-12T03:42:52.039Z,0
2026-07-12T03:42:58Z,1
2026-07-12T03:42:58.618Z,1
2026-07-12T03:43:01Z,0
2026-07-12T03:43:03.104Z,0
2026-07-12T03:43:08Z,1
2026-07-12T03:43:09.022Z,1
2026-07-12T03:43:11Z,0
2026-07-12T03:43:15.629Z,0
2026-07-12T03:43:19Z,1
2026-07-12T03:43:19.581Z,1
2026-07-12T03:43:21Z,0
2026-07-12T03:43:22.28Z,0
2026-07-12T03:43:29Z,1
2026-07-12T03:43:29.975Z,1
2026-07-12T03:43:32Z,0
2026-07-12T03:43:33.216Z,0
2026-07-12T03:43:39Z,1
2026-07-12T03:43:40.5Z,1
2026-07-12T03:43:43Z,0
2026-07-12T03:43:45.441Z,0
2026-07-12T03:43:50Z,1
2026-07-12T03:43:52.357Z,1
2026-07-12T03:43:54Z,0
2026-07-12T03:43:55.399Z,0
2026-07-12T03:44:01Z,1
2026-07-12T03:44:02.927Z,1
2026-07-12T03:44:06Z,0
2026-07-12T03:44:07.559Z,0
2026-07-12T03:44:11Z,1
2026-07-12T03:44:11.93Z,1
2026-07-12T03:44:16Z,0
2026-07-12T03:44:17.383Z,0
2026-07-12T03:44:21Z,1
2026-07-12T03:44:23.25Z,1
2026-07-12T03:44:26Z,0
2026-07-12T03:44:27.585Z,0
2026-07-12T03:44:33Z,1
2026-07-12T03:44:33.51Z,1
2026-07-12T03:44:36Z,0
2026-07-12T03:44:37.568Z,0
2026-07-12T03:44:43Z,1
2026-07-12T03:44:47Z,0
2026-07-12T03:44:48.213Z,1
2026-07-12T03:44:48.952Z,0
2026-07-12T03:44:53Z,1
2026-07-12T03:44:54.416Z,1
2026-07-12T03:44:57Z,0
2026-07-12T03:44:58.709Z,0
2026-07-12T03:45:03Z,1
2026-07-12T03:45:08Z,0
2026-07-12T03:45:14Z,1
2026-07-12T03:45:16.025Z,1
2026-07-12T03:45:17.004Z,0
2026-07-12T03:45:18Z,0
2026-07-12T03:45:20.72Z,1
2026-07-12T03:45:24Z,1
2026-07-12T03:45:28Z,0
2026-07-12T03:45:35Z,1
2026-07-12T03:45:39Z,0
2026-07-12T03:45:46Z,1
2026-07-12T03:45:50Z,0
2026-07-12T03:45:50.469Z,0
2026-07-12T03:45:52.114Z,1
2026-07-12T03:45:53.391Z,0
2026-07-12T03:45:56.716Z,1
2026-07-12T03:45:57Z,1
2026-07-12T03:45:58.254Z,0
2026-07-12T03:46:00Z,0
2026-07-12T03:46:01.806Z,1
2026-07-12T03:46:02.503Z,0
2026-07-12T03:46:04.676Z,1
2026-07-12T03:46:05.821Z,0
2026-07-12T03:46:08Z,1
2026-07-12T03:46:10.722Z,1
2026-07-12T03:46:11Z,0
2026-07-12T03:46:12.059Z,0
2026-07-12T03:46:18Z,1
2026-07-12T03:46:19.298Z,1
2026-07-12T03:46:21Z,0
2026-07-12T03:46:22.179Z,0
2026-07-12T03:46:28Z,1
2026-07-12T03:46:29.555Z,1
2026-07-12T03:46:33Z,0
2026-07-12T03:46:33.413Z,0
2026-07-12T03:46:39Z,1
2026-07-12T03:46:39.718Z,1
2026-07-12T03:46:44Z,0
2026-07-12T03:46:45.587Z,0
2026-07-12T03:46:50Z,1
2026-07-12T03:46:52.345Z,1
2026-07-12T03:46:55Z,0
2026-07-12T03:46:56.75Z,0
2026-07-12T03:47:01Z,1
2026-07-12T03:47:04.737Z,1
2026-07-12T03:47:06Z,0
2026-07-12T03:47:08.333Z,0
2026-07-12T03:47:12Z,1
2026-07-12T03:47:13.4Z,1
2026-07-12T03:47:17Z,0
2026-07-12T03:47:19.464Z,0
2026-07-12T03:47:23Z,1
2026-07-12T03:47:24.488Z,1
2026-07-12T03:47:28Z,0
2026-07-12T03:47:29.973Z,0
2026-07-12T03:47:34Z,1
2026-07-12T03:47:34.757Z,1
2026-07-12T03:47:39Z,0
2026-07-12T03:47:40.009Z,0
2026-07-12T03:47:45Z,1
2026-07-12T03:47:46.108Z,1
2026-07-12T03:47:49Z,0
2026-07-12T03:47:50.463Z,0
2026-07-12T03:47:57Z,1
2026-07-12T03:47:58.027Z,1
2026-07-12T03:48:00Z,0
2026-07-12T03:48:00.445Z,0
2026-07-12T03:48:08Z,1
2026-07-12T03:48:09.959Z,1
2026-07-12T03:48:11Z,0
2026-07-12T03:48:12.619Z,0
2026-07-12T03:48:20Z,1
2026-07-12T03:48:20.769Z,1
2026-07-12T03:48:22Z,0
2026-07-12T03:48:23.122Z,0
2026-07-12T03:48:31Z,1
2026-07-12T03:48:31.727Z,1
2026-07-12T03:48:33Z,0
2026-07-12T03:48:34.457Z,0
2026-07-12T03:48:42Z,1
2026-07-12T03:48:43.041Z,1
2026-07-12T03:48:56Z,0
2026-07-12T03:48:56.453Z,0
2026-07-12T03:49:03Z,1
2026-07-12T03:49:04.409Z,1
2026-07-12T03:49:08Z,0
2026-07-12T03:49:08.829Z,0
2026-07-12T03:49:15Z,1
2026-07-12T03:49:15.976Z,1
2026-07-12T03:49:20Z,0
2026-07-12T03:49:22.207Z,0
2026-07-12T03:49:25Z,1
2026-07-12T03:49:26.699Z,1
2026-07-12T03:50:10Z,1
2026-07-12T03:50:12.104Z,1
2026-07-12T03:50:19Z,0
2026-07-12T03:50:20.156Z,0
2026-07-12T03:50:30Z,1
2026-07-12T03:50:32.663Z,1
2026-07-12T03:50:39Z,0
2026-07-12T03:50:40.056Z,0
2026-07-12T03:50:50Z,1
2026-07-12T03:50:50.874Z,1
2026-07-12T03:50:59Z,0
2026-07-12T03:51:01.108Z,0
2026-07-12T03:51:10Z,1
2026-07-12T03:51:12.165Z,1
2026-07-12T03:51:19Z,0
2026-07-12T03:51:20.549Z,0
2026-07-12T03:51:30Z,1
2026-07-12T03:51:32.336Z,1
2026-07-12T03:51:39Z,0
2026-07-12T03:51:40.101Z,0
2026-07-12T03:51:50Z,1
2026-07-12T03:51:52.791Z,1
2026-07-12T03:51:59Z,0
2026-07-12T03:52:00.177Z,0
2026-07-12T03:52:10Z,1
2026-07-12T03:52:11.714Z,1
2026-07-12T03:52:19Z,0
2026-07-12T03:52:20.844Z,0
2026-07-12T03:52:30Z,1
2026-07-12T03:52:34.553Z,1
2026-07-12T03:52:39Z,0
2026-07-12T03:52:40.244Z,0
2026-07-12T03:52:50Z,1
2026-07-12T03:52:51.618Z,1
2026-07-12T03:52:59Z,0
2026-07-12T03:53:00.989Z,0
2026-07-12T03:53:10Z,1
2026-07-12T03:53:11.772Z,1
2026-07-12T03:53:19Z,0
2026-07-12T03:53:20.851Z,0
2026-07-12T03:53:31Z,1
2026-07-12T03:53:34.123Z,1
2026-07-12T03:53:39Z,0
2026-07-12T03:53:40.39Z,0
2026-07-12T03:53:51Z,1
2026-07-12T03:53:51.785Z,1
2026-07-12T03:53:59Z,0
2026-07-12T03:54:00.431Z,0
2026-07-12T03:54:11Z,1
2026-07-12T03:54:11.917Z,1
2026-07-12T03:54:19Z,0
2026-07-12T03:54:20.451Z,0
2026-07-12T03:54:31Z,1
2026-07-12T03:54:33.631Z,1
2026-07-12T03:54:39Z,0
2026-07-12T03:54:40.453Z,0
2026-07-12T03:54:51Z,1
2026-07-12T03:54:52.085Z,1
2026-07-12T03:54:59Z,0
2026-07-12T03:55:00.537Z,0
2026-07-12T03:55:11Z,1
2026-07-12T03:55:19Z,0
2026-07-12T03:55:31Z,1
2026-07-12T03:55:39Z,0
2026-07-12T03:55:42.074Z,1
2026-07-12T03:55:45.912Z,0
2026-07-12T03:55:50.983Z,1
2026-07-12T03:55:51Z,1
2026-07-12T03:55:53.224Z,0
2026-07-12T03:55:58.232Z,1
2026-07-12T03:55:59Z,0
2026-07-12T03:56:00.564Z,0
2026-07-12T03:56:11Z,1
2026-07-12T03:56:12.223Z,1
2026-07-12T03:56:19Z,0
2026-07-12T03:56:20.633Z,0
2026-07-12T03:56:31Z,1
2026-07-12T03:56:32.937Z,1
2026-07-12T03:56:39Z,0
2026-07-12T03:56:40.649Z,0
2026-07-12T03:56:51Z,1
2026-07-12T03:56:52.338Z,1
2026-07-12T03:56:59Z,0
2026-07-12T03:57:00.661Z,0
2026-07-12T03:57:11Z,1
2026-07-12T03:57:12.426Z,1
2026-07-12T03:57:19Z,0
2026-07-12T03:57:21.605Z,0
2026-07-12T03:57:31Z,1
2026-07-12T03:57:32.996Z,1
2026-07-12T03:57:39Z,0
2026-07-12T03:57:40.686Z,0
2026-07-12T03:57:51Z,1
2026-07-12T03:57:52.649Z,1
2026-07-12T03:58:00Z,0
2026-07-12T03:58:01.291Z,0
2026-07-12T03:58:11Z,1
2026-07-12T03:58:12.394Z,1
2026-07-12T03:58:20Z,0
2026-07-12T03:58:23.001Z,0
2026-07-12T03:58:31Z,1
2026-07-12T03:58:32.604Z,1
2026-07-12T03:58:40Z,0
2026-07-12T03:58:40.819Z,0
2026-07-12T03:58:51Z,1
2026-07-12T03:58:52.641Z,1
2026-07-12T03:59:00Z,0
2026-07-12T03:59:01.231Z,0
2026-07-12T03:59:12Z,1
2026-07-12T03:59:12.744Z,1
2026-07-12T03:59:20Z,0
2026-07-12T03:59:21.225Z,0
2026-07-12T03:59:32Z,1
2026-07-12T03:59:32.775Z,1
2026-07-12T03:59:40Z,0
2026-07-12T03:59:40.853Z,0
2026-07-12T03:59:52Z,1
2026-07-12T03:59:52.425Z,1
2026-07-12T04:00:00Z,0
2026-07-12T04:00:01.209Z,0
2026-07-12T04:00:12Z,1
2026-07-12T04:00:20Z,0
2026-07-12T04:00:32Z,1
2026-07-12T04:00:40Z,0
2026-07-12T04:00:41.074Z,1
2026-07-12T04:00:44.945Z,0
2026-07-12T04:00:47.501Z,1
2026-07-12T04:00:52Z,1
2026-07-12T04:00:52.896Z,0
2026-07-12T04:00:57.15Z,1
2026-07-12T04:01:00Z,0
2026-07-12T04:01:03.144Z,0
2026-07-12T04:01:12Z,1
2026-07-12T04:01:13.01Z,1
2026-07-12T04:01:20Z,0
2026-07-12T04:01:21.219Z,0
2026-07-12T04:01:22Z,1
2026-07-12T04:01:23.974Z,1
2026-07-12T04:01:30Z,0
2026-07-12T04:01:31.114Z,0
2026-07-12T04:01:32Z,1
2026-07-12T04:01:34.521Z,1
2026-07-12T04:01:40Z,0
2026-07-12T04:01:41.434Z,0
2026-07-12T04:01:42Z,1
2026-07-12T04:01:45.123Z,1
2026-07-12T04:01:50Z,0
2026-07-12T04:01:51.085Z,0
2026-07-12T04:01:52Z,1
2026-07-12T04:01:54.914Z,1
2026-07-12T04:02:00Z,0
2026-07-12T04:02:03Z,1
2026-07-12T04:02:03.369Z,0
2026-07-12T04:02:08.216Z,1
2026-07-12T04:02:10Z,0
2026-07-12T04:02:12Z,1
2026-07-12T04:02:13.812Z,0
2026-07-12T04:02:14.859Z,1
2026-07-12T04:02:20Z,0
2026-07-12T04:02:21.646Z,0
2026-07-12T04:02:22Z,1
2026-07-12T04:02:24.304Z,1
2026-07-12T04:02:30Z,0
2026-07-12T04:02:32.242Z,0
2026-07-12T04:02:33Z,1
2026-07-12T04:02:38.373Z,1
2026-07-12T04:02:40Z,0
2026-07-12T04:02:42.444Z,0
2026-07-12T04:02:43Z,1
2026-07-12T04:02:44.289Z,1
2026-07-12T04:02:50Z,0
2026-07-12T04:02:51.333Z,0
2026-07-12T04:02:53Z,1
2026-07-12T04:02:55.277Z,1
2026-07-12T04:03:00Z,0
2026-07-12T04:03:03Z,1
2026-07-12T04:03:03.205Z,0
2026-07-12T04:03:05.772Z,1
2026-07-12T04:03:10Z,0
2026-07-12T04:03:11.266Z,0
2026-07-12T04:03:13Z,1
2026-07-12T04:03:13.967Z,1
2026-07-12T04:03:16Z,0
2026-07-12T04:03:18.859Z,0
2026-07-12T04:03:33Z,1
2026-07-12T04:03:33.898Z,1
2026-07-12T04:03:40Z,0
2026-07-12T04:03:41.388Z,0
2026-07-12T04:03:43Z,1
2026-07-12T04:03:44.659Z,1
2026-07-12T04:03:47Z,0
2026-07-12T04:03:47.88Z,0
2026-07-12T04:04:03Z,1
2026-07-12T04:04:05.349Z,1
2026-07-12T04:04:10Z,0
2026-07-12T04:04:11.404Z,0
2026-07-12T04:04:13Z,1
2026-07-12T04:04:14.247Z,1
2026-07-12T04:04:19Z,0
2026-07-12T04:04:20.16Z,0
2026-07-12T04:04:33Z,1
2026-07-12T04:04:34.351Z,1
2026-07-12T04:04:40Z,0
2026-07-12T04:04:41.305Z,0
2026-07-12T04:04:43Z,1
2026-07-12T04:04:44.241Z,1
2026-07-12T04:04:47Z,0
2026-07-12T04:04:47.866Z,0
2026-07-12T04:05:04Z,1
2026-07-12T04:05:09.582Z,1
2026-07-12T04:05:10Z,0
2026-07-12T04:05:14Z,1
2026-07-12T04:05:17Z,0
2026-07-12T04:05:34Z,1
2026-07-12T04:05:40Z,0
2026-07-12T04:05:42.197Z,0
2026-07-12T04:05:43Z,1
2026-07-12T04:05:43.381Z,1
2026-07-12T04:05:44.811Z,0
2026-07-12T04:05:47Z,0
2026-07-12T04:05:50.429Z,1
2026-07-12T04:05:53.955Z,0
2026-07-12T04:05:55.169Z,1
2026-07-12T04:05:57.367Z,0
2026-07-12T04:06:04Z,1
2026-07-12T04:06:05.105Z,1
2026-07-12T04:06:10Z,0
2026-07-12T04:06:11.449Z,0
2026-07-12T04:06:13Z,1
2026-07-12T04:06:14.627Z,1
2026-07-12T04:06:17Z,0
2026-07-12T04:06:18.416Z,0
2026-07-12T04:06:34Z,1
2026-07-12T04:06:34.783Z,1
2026-07-12T04:06:40Z,0
2026-07-12T04:06:41.436Z,0
2026-07-12T04:06:44Z,1
2026-07-12T04:06:45.143Z,1
2026-07-12T04:06:47Z,0
2026-07-12T04:06:48.601Z,0
2026-07-12T04:07:04Z,1
2026-07-12T04:07:05.736Z,1
2026-07-12T04:07:10Z,0
2026-07-12T04:07:13.297Z,0
2026-07-12T04:07:14Z,1
2026-07-12T04:07:17.912Z,1
2026-07-12T04:07:19Z,0
2026-07-12T04:07:23.315Z,0
2026-07-12T04:07:34Z,1
2026-07-12T04:07:34.86Z,1
2026-07-12T04:07:40Z,0
2026-07-12T04:07:41.652Z,0
2026-07-12T04:07:44Z,1
2026-07-12T04:07:45.02Z,1
2026-07-12T04:07:50Z,0
2026-07-12T04:07:51.62Z,0
2026-07-12T04:07:54Z,1
2026-07-12T04:07:55.801Z,1
2026-07-12T04:07:58Z,0
2026-07-12T04:07:59.421Z,0
2026-07-12T04:08:14Z,1
2026-07-12T04:08:18.802Z,1
2026-07-12T04:08:20Z,0
2026-07-12T04:08:21.691Z,0
2026-07-12T04:08:24Z,1
2026-07-12T04:08:26.239Z,1
2026-07-12T04:08:30Z,0
2026-07-12T04:08:31.728Z,0
2026-07-12T04:08:34Z,1
2026-07-12T04:08:35.535Z,1
2026-07-12T04:08:40Z,0
2026-07-12T04:08:41.661Z,0
2026-07-12T04:08:54Z,1
2026-07-12T04:08:55.747Z,1
2026-07-12T04:09:01Z,0
2026-07-12T04:09:03.525Z,0
2026-07-12T04:09:04Z,1
2026-07-12T04:09:06.93Z,1
2026-07-12T04:09:11Z,0
2026-07-12T04:09:11.753Z,0
2026-07-12T04:09:14Z,1
2026-07-12T04:09:15.652Z,1
2026-07-12T04:09:18Z,0
2026-07-12T04:09:19.396Z,0
2026-07-12T04:09:24Z,1
2026-07-12T04:09:25.882Z,1
2026-07-12T04:09:26Z,0
2026-07-12T04:09:27.032Z,0
2026-07-12T04:09:34Z,1
2026-07-12T04:09:36Z,0
2026-07-12T04:09:36.325Z,1
2026-07-12T04:09:37.746Z,0
2026-07-12T04:09:45Z,1
2026-07-12T04:09:45.819Z,1
2026-07-12T04:09:46Z,0
2026-07-12T04:09:47.261Z,0
2026-07-12T04:09:55Z,1
2026-07-12T04:09:55.493Z,1
2026-07-12T04:09:56Z,0
2026-07-12T04:09:57.266Z,0
2026-07-12T04:10:15Z,1
2026-07-12T04:10:21Z,0
2026-07-12T04:10:25Z,1
2026-07-12T04:10:31Z,0
2026-07-12T04:10:35Z,1
2026-07-12T04:10:39Z,0
2026-07-12T04:10:50.237Z,1
2026-07-12T04:10:52.162Z,0
2026-07-12T04:10:53.45Z,1
2026-07-12T04:10:55Z,1
2026-07-12T04:10:56.548Z,0
2026-07-12T04:10:57.703Z,1
2026-07-12T04:10:59.269Z,0
2026-07-12T04:11:01Z,0
2026-07-12T04:11:05Z,1
2026-07-12T04:11:05.559Z,1
2026-07-12T04:11:08.902Z,0
2026-07-12T04:11:10.198Z,1
2026-07-12T04:11:11Z,0
2026-07-12T04:11:12.634Z,0
2026-07-12T04:11:15Z,1
2026-07-12T04:11:16.852Z,1
2026-07-12T04:11:21Z,0
2026-07-12T04:11:21.725Z,0
2026-07-12T04:11:35Z,1
2026-07-12T04:11:36.191Z,1
2026-07-12T04:11:42Z,0
2026-07-12T04:11:42.48Z,0
2026-07-12T04:11:46Z,1
2026-07-12T04:11:46.727Z,1
2026-07-12T04:11:52Z,0
2026-07-12T04:11:52.965Z,0
2026-07-12T04:11:56Z,1
2026-07-12T04:11:56.712Z,1
2026-07-12T04:12:01Z,0
2026-07-12T04:12:04.586Z,0
2026-07-12T04:12:15Z,1
2026-07-12T04:12:16.174Z,1
2026-07-12T04:12:22Z,0
2026-07-12T04:12:23.166Z,0
2026-07-12T04:12:26Z,1
2026-07-12T04:12:26.844Z,1
2026-07-12T04:12:29Z,0
2026-07-12T04:12:30.079Z,0
2026-07-12T04:12:46Z,1
2026-07-12T04:12:46.303Z,1
2026-07-12T04:12:52Z,0
2026-07-12T04:12:53.189Z,0
2026-07-12T04:12:56Z,1
2026-07-12T04:12:56.85Z,1
2026-07-12T04:12:59Z,0
2026-07-12T04:13:01.257Z,0
2026-07-12T04:13:16Z,1
2026-07-12T04:13:16.41Z,1
2026-07-12T04:13:22Z,0
2026-07-12T04:13:23.252Z,0
2026-07-12T04:13:26Z,1
2026-07-12T04:13:27.106Z,1
2026-07-12T04:13:31Z,0
2026-07-12T04:13:31.95Z,0
2026-07-12T04:13:46Z,1
2026-07-12T04:13:46.841Z,1
2026-07-12T04:13:52Z,0
2026-07-12T04:13:53.272Z,0
2026-07-12T04:13:56Z,1
2026-07-12T04:13:56.965Z,1
2026-07-12T04:14:03Z,0
2026-07-12T04:14:06Z,1
2026-07-12T04:14:06.395Z,0
2026-07-12T04:14:10Z,0
2026-07-12T04:14:10.116Z,1
2026-07-12T04:14:10.834Z,0
2026-07-12T04:14:26Z,1
2026-07-12T04:14:27.089Z,1
2026-07-12T04:14:32Z,0
2026-07-12T04:14:33.306Z,0
2026-07-12T04:14:36Z,1
2026-07-12T04:14:39.293Z,1
2026-07-12T04:14:43Z,0
2026-07-12T04:14:43.76Z,0
2026-07-12T04:14:46Z,1
2026-07-12T04:14:47.316Z,1
2026-07-12T04:14:50Z,0
2026-07-12T04:14:52.158Z,0
2026-07-12T04:15:06Z,1
2026-07-12T04:15:13Z,0
2026-07-12T04:15:16Z,1
2026-07-12T04:15:17.818Z,1
2026-07-12T04:15:23Z,0
2026-07-12T04:15:26Z,1
2026-07-12T04:15:30Z,0
2026-07-12T04:15:46Z,1
2026-07-12T04:15:49.724Z,0
2026-07-12T04:15:50.856Z,1
2026-07-12T04:15:53Z,0
2026-07-12T04:15:54.591Z,0
2026-07-12T04:15:55.641Z,1
2026-07-12T04:15:56Z,1
2026-07-12T04:15:56.861Z,0
2026-07-12T04:16:02.942Z,1
2026-07-12T04:16:03Z,0
2026-07-12T04:16:04.881Z,0
2026-07-12T04:16:06Z,1
2026-07-12T04:16:06.038Z,1
2026-07-12T04:16:10Z,0
2026-07-12T04:16:10.09Z,0
2026-07-12T04:16:11.434Z,1
2026-07-12T04:16:12.028Z,0
2026-07-12T04:16:26Z,1
2026-07-12T04:16:27.27Z,1
2026-07-12T04:16:33Z,0
2026-07-12T04:16:34.117Z,0
2026-07-12T04:16:36Z,1
2026-07-12T04:16:37.617Z,1
2026-07-12T04:16:43Z,0
2026-07-12T04:16:45.327Z,0
2026-07-12T04:16:47Z,1
2026-07-12T04:16:47.799Z,1
2026-07-12T04:16:51Z,0
2026-07-12T04:16:51.439Z,0
2026-07-12T04:16:57Z,1
2026-07-12T04:16:58.433Z,1
2026-07-12T04:16:59Z,0
2026-07-12T04:17:01.014Z,0
2026-07-12T04:17:07Z,1
2026-07-12T04:17:09Z,0
2026-07-12T04:17:09.892Z,1
2026-07-12T04:17:11.099Z,0
2026-07-12T04:17:27Z,1
2026-07-12T04:17:27.983Z,1
2026-07-12T04:17:33Z,0
2026-07-12T04:17:34.174Z,0
2026-07-12T04:17:37Z,1
2026-07-12T04:17:38.418Z,1
2026-07-12T04:17:44Z,0
2026-07-12T04:17:47Z,1
2026-07-12T04:17:47.462Z,0
2026-07-12T04:17:50.279Z,1
2026-07-12T04:17:53Z,0
2026-07-12T04:17:53.559Z,0
2026-07-12T04:18:07Z,1
2026-07-12T04:18:08.174Z,1
2026-07-12T04:18:14Z,0
2026-07-12T04:18:15.18Z,0
2026-07-12T04:18:18Z,1
2026-07-12T04:18:18.896Z,1
2026-07-12T04:18:23Z,0
2026-07-12T04:18:24.219Z,0
2026-07-12T04:18:38Z,1
2026-07-12T04:18:41.376Z,1
2026-07-12T04:18:45Z,0
2026-07-12T04:18:45.75Z,0
2026-07-12T04:18:48Z,1
2026-07-12T04:18:49.87Z,1
2026-07-12T04:18:52Z,0
2026-07-12T04:18:53.355Z,0
2026-07-12T04:19:09Z,1
2026-07-12T04:19:09.562Z,1
2026-07-12T04:19:15Z,0
2026-07-12T04:19:15.788Z,0
2026-07-12T04:19:19Z,1
2026-07-12T04:19:19.981Z,1
2026-07-12T04:19:25Z,0
2026-07-12T04:19:26.257Z,0
2026-07-12T04:19:29Z,1
2026-07-12T04:19:30.043Z,1
2026-07-12T04:19:33Z,0
2026-07-12T04:19:33.43Z,0
2026-07-12T04:19:49Z,1
2026-07-12T04:19:49.903Z,1
2026-07-12T04:19:56Z,0
2026-07-12T04:19:56.612Z,0
2026-07-12T04:19:59Z,1
2026-07-12T04:20:00.876Z,1
2026-07-12T04:20:03Z,0
2026-07-12T04:20:12.404Z,0
2026-07-12T04:20:20Z,1
2026-07-12T04:20:26Z,0
2026-07-12T04:20:30Z,1
2026-07-12T04:20:36Z,0
2026-07-12T04:20:40Z,1
2026-07-12T04:20:43Z,0
2026-07-12T04:20:52.672Z,1
2026-07-12T04:20:56.202Z,0
2026-07-12T04:20:57.3Z,1
2026-07-12T04:21:00Z,1
2026-07-12T04:21:00.441Z,0
2026-07-12T04:21:02.091Z,1
2026-07-12T04:21:03.493Z,0
2026-07-12T04:21:06Z,0
2026-07-12T04:21:10Z,1
2026-07-12T04:21:10.817Z,1
2026-07-12T04:21:15.23Z,0
2026-07-12T04:21:16Z,0
2026-07-12T04:21:16.363Z,1
2026-07-12T04:21:18.104Z,0
2026-07-12T04:21:20Z,1
2026-07-12T04:21:21.736Z,1
2026-07-12T04:21:24Z,0
2026-07-12T04:21:25.776Z,0
2026-07-12T04:21:41Z,1
2026-07-12T04:21:42.302Z,1
2026-07-12T04:21:46Z,0
2026-07-12T04:21:47.111Z,0
2026-07-12T04:21:50Z,1
2026-07-12T04:21:51.163Z,1
2026-07-12T04:21:56Z,0
2026-07-12T04:21:57.473Z,0
2026-07-12T04:22:01Z,1
2026-07-12T04:22:03.667Z,1
2026-07-12T04:22:06Z,0
2026-07-12T04:22:06.841Z,0
2026-07-12T04:22:21Z,1
2026-07-12T04:22:22.333Z,1
2026-07-12T04:22:28Z,0
2026-07-12T04:22:30.31Z,0
2026-07-12T04:22:31Z,1
2026-07-12T04:22:32.42Z,1
2026-07-12T04:22:38Z,0
2026-07-12T04:22:38.796Z,0
2026-07-12T04:22:52Z,1
2026-07-12T04:22:53.985Z,1
2026-07-12T04:22:58Z,0
2026-07-12T04:22:59.271Z,0
2026-07-12T04:23:02Z,1
2026-07-12T04:23:04.965Z,1
2026-07-12T04:23:08Z,0
2026-07-12T04:23:09.075Z,0
2026-07-12T04:23:12Z,1
2026-07-12T04:23:13.11Z,1
2026-07-12T04:23:16Z,0
2026-07-12T04:23:16.666Z,0
2026-07-12T04:23:32Z,1
2026-07-12T04:23:33.489Z,1
2026-07-12T04:23:39Z,0
2026-07-12T04:23:39.98Z,0
2026-07-12T04:23:43Z,1
2026-07-12T04:23:43.349Z,1
2026-07-12T04:23:49Z,0
2026-07-12T04:23:49.501Z,0
2026-07-12T04:23:53Z,1
2026-07-12T04:23:56.526Z,1
2026-07-12T04:23:57Z,0
2026-07-12T04:23:59.753Z,0
2026-07-12T04:24:14Z,1
2026-07-12T04:24:14.45Z,1
2026-07-12T04:24:19Z,0
2026-07-12T04:24:20.128Z,0
2026-07-12T04:24:24Z,1
2026-07-12T04:24:25.407Z,1
2026-07-12T04:24:30Z,0
2026-07-12T04:24:30.498Z,0
2026-07-12T04:24:35Z,1
2026-07-12T04:24:38.367Z,1
2026-07-12T04:24:41Z,0
2026-07-12T04:24:41.436Z,0
2026-07-12T04:24:46Z,1
2026-07-12T04:24:47.136Z,1
2026-07-12T04:24:51Z,0
2026-07-12T04:24:52.465Z,0
2026-07-12T04:24:57Z,1
2026-07-12T04:24:57.841Z,1
2026-07-12T04:25:02Z,0
2026-07-12T04:25:07Z,1
2026-07-12T04:25:11Z,0
2026-07-12T04:25:14.457Z,0
2026-07-12T04:25:14.549Z,0
2026-07-12T04:25:16.983Z,1
2026-07-12T04:25:18Z,1
2026-07-12T04:25:18.2Z,0
2026-07-12T04:25:21Z,0
2026-07-12T04:25:22.19Z,1
2026-07-12T04:25:28Z,1
2026-07-12T04:25:32Z,0
2026-07-12T04:25:39Z,1
2026-07-12T04:25:42Z,0
2026-07-12T04:25:49Z,1
2026-07-12T04:25:52Z,0
2026-07-12T04:25:59Z,1
2026-07-12T04:25:59.284Z,0
2026-07-12T04:26:01.098Z,1
2026-07-12T04:26:03Z,0
2026-07-12T04:26:04.567Z,0
2026-07-12T04:26:06.699Z,1
2026-07-12T04:26:08.018Z,0
2026-07-12T04:26:10Z,1
2026-07-12T04:26:11.574Z,1
2026-07-12T04:26:12.548Z,0
2026-07-12T04:26:14Z,0
2026-07-12T04:26:14.726Z,1
2026-07-12T04:26:18.728Z,0
2026-07-12T04:26:20Z,1
2026-07-12T04:26:21.165Z,1
2026-07-12T04:26:22.209Z,0
2026-07-12T04:26:24Z,0
2026-07-12T04:26:27.555Z,1
2026-07-12T04:26:28.574Z,0
2026-07-12T04:26:30Z,1
2026-07-12T04:26:32.997Z,1
2026-07-12T04:26:34Z,0
2026-07-12T04:26:35.354Z,0
2026-07-12T04:26:41Z,1
2026-07-12T04:26:41.694Z,1
2026-07-12T04:26:45Z,0
2026-07-12T04:26:45.431Z,0
2026-07-12T04:26:52Z,1
2026-07-12T04:26:52.611Z,1
2026-07-12T04:26:56Z,0
2026-07-12T04:26:56.617Z,0
2026-07-12T04:27:03Z,1
2026-07-12T04:27:06.277Z,1
2026-07-12T04:27:07Z,0
2026-07-12T04:27:07.784Z,0
2026-07-12T04:27:14Z,1
2026-07-12T04:27:14.676Z,1
2026-07-12T04:27:18Z,0
2026-07-12T04:27:20.661Z,0
2026-07-12T04:27:25Z,1
2026-07-12T04:27:26.374Z,1
2026-07-12T04:27:29Z,0
2026-07-12T04:27:29.351Z,0
2026-07-12T04:27:36Z,1
2026-07-12T04:27:36.927Z,1
2026-07-12T04:27:40Z,0
2026-07-12T04:27:40.481Z,0
2026-07-12T04:27:46Z,1
2026-07-12T04:27:46.986Z,1
2026-07-12T04:27:51Z,0
2026-07-12T04:27:51.608Z,0
2026-07-12T04:27:56Z,1
2026-07-12T04:27:56.917Z,1
2026-07-12T04:28:01Z,0
2026-07-12T04:28:04.334Z,0
2026-07-12T04:28:17Z,1
2026-07-12T04:28:17.337Z,1
2026-07-12T04:28:23Z,0
2026-07-12T04:28:23.827Z,0
2026-07-12T04:28:27Z,1
2026-07-12T04:28:27.504Z,1
2026-07-12T04:28:34Z,0
2026-07-12T04:28:35.02Z,0
2026-07-12T04:28:37Z,1
2026-07-12T04:28:39Z,0
2026-07-12T04:28:39.415Z,1
2026-07-12T04:28:40.138Z,0
2026-07-12T04:28:57Z,1
2026-07-12T04:29:00.51Z,1
2026-07-12T04:29:06Z,0
2026-07-12T04:29:08.133Z,0
2026-07-12T04:29:09Z,1
2026-07-12T04:29:10Z,0
2026-07-12T04:29:10.956Z,1
2026-07-12T04:29:11.721Z,0
2026-07-12T04:29:29Z,1
2026-07-12T04:29:30.052Z,1
2026-07-12T04:29:37Z,0
2026-07-12T04:29:39Z,1
2026-07-12T04:29:39.576Z,0
2026-07-12T04:29:41.021Z,1
2026-07-12T04:29:43Z,0
2026-07-12T04:29:43.764Z,0
2026-07-12T04:30:00Z,1
2026-07-12T04:30:00.38Z,1
2026-07-12T04:30:07Z,0
2026-07-12T04:30:11Z,1
2026-07-12T04:30:15Z,0
2026-07-12T04:30:16.425Z,0
2026-07-12T04:30:17.331Z,1
2026-07-12T04:30:18.121Z,0
2026-07-12T04:30:32Z,1
2026-07-12T04:30:39Z,0
2026-07-12T04:30:42Z,1
2026-07-12T04:30:46Z,0
2026-07-12T04:31:03Z,1
2026-07-12T04:31:04.272Z,1
2026-07-12T04:31:08.459Z,0
2026-07-12T04:31:09.579Z,1
2026-07-12T04:31:10Z,0
2026-07-12T04:31:10.366Z,0
2026-07-12T04:31:13Z,1
2026-07-12T04:31:16Z,0
2026-07-12T04:31:16.994Z,1
2026-07-12T04:31:20.795Z,0
2026-07-12T04:31:21.59Z,1
2026-07-12T04:31:22.587Z,0
2026-07-12T04:31:34Z,1
2026-07-12T04:31:35.339Z,1
2026-07-12T04:31:41Z,0
2026-07-12T04:31:42.077Z,0
2026-07-12T04:31:44Z,1
2026-07-12T04:31:45.255Z,1
2026-07-12T04:31:48Z,0
2026-07-12T04:31:48.966Z,0
2026-07-12T04:32:06Z,1
2026-07-12T04:32:06.614Z,1
2026-07-12T04:32:13Z,0
2026-07-12T04:32:13.48Z,0
2026-07-12T04:32:17Z,1
2026-07-12T04:32:17.445Z,1
2026-07-12T04:32:22Z,0
2026-07-12T04:32:22.989Z,0
2026-07-12T04:32:38Z,1
2026-07-12T04:32:38.473Z,1
2026-07-12T04:32:44Z,0
2026-07-12T04:32:45.126Z,0
2026-07-12T04:32:49Z,1
2026-07-12T04:32:50.719Z,1
2026-07-12T04:32:54Z,0
2026-07-12T04:32:54.703Z,0
2026-07-12T04:32:58Z,1
2026-07-12T04:33:01.632Z,1
2026-07-12T04:33:04Z,0
2026-07-12T04:33:07.599Z,0
2026-07-12T04:33:10Z,1
2026-07-12T04:33:10.622Z,1
2026-07-12T04:33:14Z,0
2026-07-12T04:33:15.172Z,0
2026-07-12T04:33:21Z,1
2026-07-12T04:33:22.345Z,1
2026-07-12T04:33:25Z,0
2026-07-12T04:33:25.655Z,0
2026-07-12T04:33:32Z,1
2026-07-12T04:33:33.113Z,1
2026-07-12T04:33:36Z,0
2026-07-12T04:33:37.801Z,0
2026-07-12T04:33:44Z,1
2026-07-12T04:33:46.175Z,1
2026-07-12T04:33:48Z,0
2026-07-12T04:33:48.344Z,0
2026-07-12T04:33:54Z,1
2026-07-12T04:33:55.543Z,1
2026-07-12T04:33:56Z,0
2026-07-12T04:33:56.938Z,0
2026-07-12T04:34:04Z,1
2026-07-12T04:34:08Z,0
2026-07-12T04:34:09.604Z,1
2026-07-12T04:34:11.318Z,0
2026-07-12T04:34:15Z,1
2026-07-12T04:34:17.674Z,1
2026-07-12T04:34:19Z,0
2026-07-12T04:34:19.435Z,0
2026-07-12T04:34:26Z,1
2026-07-12T04:34:27.22Z,1
2026-07-12T04:34:30Z,0
2026-07-12T04:34:30.787Z,0
2026-07-12T04:34:36Z,1
2026-07-12T04:34:37.607Z,1
2026-07-12T04:34:38Z,0
2026-07-12T04:34:39.78Z,0
2026-07-12T04:34:46Z,1
2026-07-12T04:34:48Z,0
2026-07-12T04:34:49.026Z,1
2026-07-12T04:34:49.811Z,0
2026-07-12T04:34:57Z,1
2026-07-12T04:34:59.701Z,1
2026-07-12T04:35:01Z,0
2026-07-12T04:35:08Z,1
2026-07-12T04:35:08.084Z,0
2026-07-12T04:35:10Z,0
2026-07-12T04:35:17.433Z,1
2026-07-12T04:35:18.508Z,0
2026-07-12T04:35:19Z,1
2026-07-12T04:35:22Z,0
2026-07-12T04:35:25.103Z,1
2026-07-12T04:35:26.538Z,0
2026-07-12T04:36:07Z,1
2026-07-12T04:36:11.575Z,1
2026-07-12T04:36:16Z,0
2026-07-12T04:36:17.626Z,0
2026-07-12T04:36:17.939Z,0
2026-07-12T04:36:27Z,1
2026-07-12T04:36:30.871Z,1
2026-07-12T04:36:36Z,0
2026-07-12T04:36:36.949Z,0
2026-07-12T04:36:47Z,1
2026-07-12T04:36:47.866Z,1
2026-07-12T04:36:56Z,0
2026-07-12T04:36:56.942Z,0
2026-07-12T04:37:07Z,1
2026-07-12T04:37:07.798Z,1
2026-07-12T04:37:16Z,0
2026-07-12T04:37:16.981Z,0
2026-07-12T04:37:27Z,1
2026-07-12T04:37:30.144Z,1
2026-07-12T04:37:36Z,0
2026-07-12T04:37:37.443Z,0
2026-07-12T04:37:37.858Z,0
2026-07-12T04:37:47Z,1
2026-07-12T04:37:48.121Z,1
2026-07-12T04:37:56Z,0
2026-07-12T04:37:57.037Z,0
2026-07-12T04:38:07Z,1
2026-07-12T04:38:09.236Z,1
2026-07-12T04:38:16Z,0
2026-07-12T04:38:17.133Z,0
2026-07-12T04:38:27Z,1
2026-07-12T04:38:27.974Z,1
2026-07-12T04:38:36Z,0
2026-07-12T04:38:37.12Z,0
2026-07-12T04:38:47Z,1
2026-07-12T04:38:48.034Z,1
2026-07-12T04:38:56Z,0
2026-07-12T04:38:57.211Z,0
2026-07-12T04:39:07Z,1
2026-07-12T04:39:08.092Z,1
2026-07-12T04:39:16Z,0
2026-07-12T04:39:17.203Z,0
2026-07-12T04:39:27Z,1
2026-07-12T04:39:29.338Z,1
2026-07-12T04:39:36Z,0
2026-07-12T04:39:37.19Z,0
2026-07-12T04:39:47Z,1
2026-07-12T04:39:48.087Z,1
2026-07-12T04:39:56Z,0
2026-07-12T04:39:57.167Z,0
2026-07-12T04:40:07Z,1
2026-07-12T04:40:15.024Z,1
2026-07-12T04:40:16Z,0
2026-07-12T04:40:18.444Z,0
2026-07-12T04:40:27Z,1
2026-07-12T04:40:29.952Z,1
2026-07-12T04:40:36Z,0
2026-07-12T04:40:37.275Z,0
2026-07-12T04:40:47Z,1
2026-07-12T04:40:48.152Z,1
2026-07-12T04:40:56Z,0
2026-07-12T04:40:57.701Z,0
2026-07-12T04:41:07Z,1
2026-07-12T04:41:16Z,0
2026-07-12T04:41:27Z,1
2026-07-12T04:41:36Z,0
2026-07-12T04:41:40.568Z,1
2026-07-12T04:41:45.258Z,0
2026-07-12T04:41:47Z,1
2026-07-12T04:41:48.584Z,1
2026-07-12T04:41:52.702Z,0
2026-07-12T04:41:56Z,0
2026-07-12T04:41:57.793Z,1
2026-07-12T04:42:00.401Z,0
2026-07-12T04:42:07Z,1
2026-07-12T04:42:08.356Z,1
2026-07-12T04:42:16Z,0
2026-07-12T04:42:17.418Z,0
2026-07-12T04:42:27Z,1
2026-07-12T04:42:28.357Z,1
2026-07-12T04:42:36Z,0
2026-07-12T04:42:37.567Z,0
2026-07-12T04:42:47Z,1
2026-07-12T04:42:50.223Z,1
2026-07-12T04:42:56Z,0
2026-07-12T04:42:58.359Z,0
2026-07-12T04:43:07Z,1
2026-07-12T04:43:08.37Z,1
2026-07-12T04:43:16Z,0
2026-07-12T04:43:17.522Z,0
2026-07-12T04:43:27Z,1
2026-07-12T04:43:28.449Z,1
2026-07-12T04:43:36Z,0
2026-07-12T04:43:37.558Z,0
2026-07-12T04:43:47Z,1
2026-07-12T04:43:48.411Z,1
2026-07-12T04:43:56Z,0
2026-07-12T04:43:57.608Z,0
2026-07-12T04:44:07Z,1
2026-07-12T04:44:10.478Z,1
2026-07-12T04:44:16Z,0
2026-07-12T04:44:17.607Z,0
2026-07-12T04:44:27Z,1
2026-07-12T04:44:29.894Z,1
2026-07-12T04:44:36Z,0
2026-07-12T04:44:37.654Z,0
2026-07-12T04:44:47Z,1
2026-07-12T04:44:50.777Z,1
2026-07-12T04:44:55Z,0
2026-07-12T04:44:55.932Z,0
2026-07-12T04:45:07Z,1
2026-07-12T04:45:13.221Z,1
2026-07-12T04:45:15Z,0
2026-07-12T04:45:17.746Z,0
2026-07-12T04:45:27Z,1
2026-07-12T04:45:30.486Z,1
2026-07-12T04:45:35Z,0
2026-07-12T04:45:35.914Z,0
2026-07-12T04:45:47Z,1
2026-07-12T04:45:49.339Z,1
2026-07-12T04:45:55Z,0
2026-07-12T04:45:56.648Z,0
2026-07-12T04:46:07Z,1
2026-07-12T04:46:15Z,0
2026-07-12T04:46:27Z,1
2026-07-12T04:46:35Z,0
2026-07-12T04:46:43.19Z,1
2026-07-12T04:46:47Z,1
2026-07-12T04:46:47.705Z,0
2026-07-12T04:46:51.243Z,1
2026-07-12T04:46:55Z,0
2026-07-12T04:46:55.177Z,0
2026-07-12T04:47:00.934Z,1
2026-07-12T04:47:03.016Z,0
2026-07-12T04:47:07Z,1
2026-07-12T04:47:10Z,0
2026-07-12T04:47:10.683Z,1
2026-07-12T04:47:17Z,1
2026-07-12T04:47:26Z,0
2026-07-12T04:47:27Z,1
2026-07-12T04:47:30Z,0
2026-07-12T04:47:32.484Z,0
2026-07-12T04:47:33.131Z,0
2026-07-12T04:47:33.666Z,0
2026-07-12T04:47:34.233Z,0
2026-07-12T04:47:37Z,1
2026-07-12T04:47:39.046Z,1
2026-07-12T04:47:40Z,0
2026-07-12T04:47:47Z,1
2026-07-12T04:47:50Z,0
2026-07-12T04:47:57Z,1
2026-07-12T04:48:00Z,0
2026-07-12T04:48:05.968Z,0
2026-07-12T04:48:07Z,1
2026-07-12T04:48:07.17Z,1
2026-07-12T04:48:10Z,0
2026-07-12T04:48:18Z,1
2026-07-12T04:48:20Z,0
2026-07-12T04:48:27Z,1
2026-07-12T04:48:29Z,0
2026-07-12T04:48:29.966Z,0
2026-07-12T04:48:30.612Z,0
2026-07-12T04:48:31.268Z,0
2026-07-12T04:48:31.892Z,0
2026-07-12T04:48:37.576Z,1
2026-07-12T04:48:38Z,1
2026-07-12T04:48:40Z,0
2026-07-12T04:48:48Z,1
2026-07-12T04:48:50Z,0
2026-07-12T04:48:58Z,1
2026-07-12T04:48:59.271Z,0
2026-07-12T04:48:59.751Z,0
2026-07-12T04:49:07Z,0
2026-07-12T04:49:07.212Z,1
2026-07-12T04:49:08Z,1
2026-07-12T04:49:10Z,0
2026-07-12T04:49:18Z,1
2026-07-12T04:49:20Z,0
2026-07-12T04:49:28Z,1
2026-07-12T04:49:28.553Z,0
2026-07-12T04:49:29.267Z,0
2026-07-12T04:49:30Z,0
2026-07-12T04:49:30.03Z,0
2026-07-12T04:49:35.743Z,1
2026-07-12T04:49:38Z,1
2026-07-12T04:49:40Z,0
2026-07-12T04:49:48Z,1
2026-07-12T04:49:50Z,0
2026-07-12T04:49:58Z,1
2026-07-12T04:49:58.934Z,0
2026-07-12T04:50:00Z,0
2026-07-12T04:50:08Z,1
2026-07-12T04:50:08.843Z,1
2026-07-12T04:50:10Z,0
2026-07-12T04:50:18Z,1
2026-07-12T04:50:20Z,0
2026-07-12T04:50:28Z,1
2026-07-12T04:50:30Z,0
2026-07-12T04:50:32.101Z,0
2026-07-12T04:50:32.534Z,0
2026-07-12T04:50:37.497Z,1
2026-07-12T04:50:38Z,1
2026-07-12T04:50:40Z,0
2026-07-12T04:50:48Z,1
2026-07-12T04:50:50Z,0
2026-07-12T04:50:58Z,1
2026-07-12T04:50:59.688Z,0
2026-07-12T04:51:00Z,0
2026-07-12T04:51:00.216Z,0
2026-07-12T04:51:00.91Z,0
2026-07-12T04:51:01.54Z,0
2026-07-12T04:51:02.08Z,0
2026-07-12T04:51:06.853Z,1
2026-07-12T04:51:08Z,1
2026-07-12T04:51:10Z,0
2026-07-12T04:51:18Z,1
2026-07-12T04:51:20Z,0
2026-07-12T04:51:28Z,1
2026-07-12T04:51:29.714Z,0
2026-07-12T04:51:30Z,0
2026-07-12T04:51:34.688Z,1
2026-07-12T04:51:38Z,1
2026-07-12T04:51:40Z,0
2026-07-12T04:51:48Z,1
2026-07-12T04:51:50Z,0
2026-07-12T04:51:56.203Z,0
2026-07-12T04:51:57.017Z,0
2026-07-12T04:51:58Z,1
2026-07-12T04:52:00Z,0
2026-07-12T04:52:04.304Z,1
2026-07-12T04:52:08Z,1
2026-07-12T04:52:10Z,0
2026-07-12T04:52:18Z,1
2026-07-12T04:52:20Z,0
2026-07-12T04:52:26.105Z,0
2026-07-12T04:52:26.555Z,0
2026-07-12T04:52:28Z,1
2026-07-12T04:52:29.825Z,1
2026-07-12T04:52:30Z,0
2026-07-12T04:52:38Z,1
2026-07-12T04:52:40Z,0
2026-07-12T04:52:48Z,1
2026-07-12T04:52:50Z,0
2026-07-12T04:52:58Z,1
2026-07-12T04:53:00Z,0
2026-07-12T04:53:01.824Z,0
2026-07-12T04:53:02.069Z,1
2026-07-12T04:53:08Z,1
2026-07-12T04:53:15Z,0
2026-07-12T04:53:23.565Z,0
2026-07-12T04:53:24.068Z,0
2026-07-12T04:53:28Z,1
2026-07-12T04:53:29Z,0
2026-07-12T04:53:30Z,0
2026-07-12T04:53:32.177Z,1
2026-07-12T04:53:38Z,1
2026-07-12T04:53:39Z,0
2026-07-12T04:53:40Z,0
2026-07-12T04:53:48Z,1
2026-07-12T04:53:50Z,0
2026-07-12T04:53:53.68Z,0
2026-07-12T04:53:54.189Z,0
2026-07-12T04:53:57.226Z,1
2026-07-12T04:53:58Z,1
2026-07-12T04:54:00Z,0
2026-07-12T04:54:08Z,1
2026-07-12T04:54:10Z,0
2026-07-12T04:54:18Z,1
2026-07-12T04:54:20Z,0
2026-07-12T04:54:21.194Z,0
2026-07-12T04:54:21.829Z,0
2026-07-12T04:54:22.372Z,0
2026-07-12T04:54:27.949Z,1
2026-07-12T04:54:28Z,1
2026-07-12T04:54:29Z,0
2026-07-12T04:54:30Z,0
2026-07-12T04:54:38Z,1
2026-07-12T04:54:40Z,0
2026-07-12T04:54:48Z,1
2026-07-12T04:54:49.266Z,0
2026-07-12T04:54:50Z,0
2026-07-12T04:54:50.012Z,0
2026-07-12T04:54:50.695Z,0
2026-07-12T04:54:57.349Z,1
2026-07-12T04:54:58Z,1
2026-07-12T04:55:00Z,0
2026-07-12T04:55:08Z,1
2026-07-12T04:55:17Z,0
2026-07-12T04:55:18Z,1
2026-07-12T04:55:19.621Z,0
2026-07-12T04:55:20Z,0
2026-07-12T04:55:25.743Z,1
2026-07-12T04:55:28Z,1
2026-07-12T04:55:30Z,0
2026-07-12T04:55:38Z,1
2026-07-12T04:55:40Z,0
2026-07-12T04:55:48Z,1
2026-07-12T04:55:50Z,0
2026-07-12T04:55:56.729Z,0
2026-07-12T04:55:58Z,1
2026-07-12T04:56:00Z,0
2026-07-12T04:56:03.191Z,1
2026-07-12T04:56:08Z,0
2026-07-12T04:56:18Z,0
2026-07-12T04:56:24.779Z,0
2026-07-12T04:56:28Z,0
2026-07-12T04:56:30.473Z,1
2026-07-12T04:56:38Z,0
2026-07-12T04:56:48Z,0
2026-07-12T04:56:51.276Z,0
2026-07-12T04:56:56.046Z,1
2026-07-12T04:56:58Z,1
2026-07-12T04:56:59Z,0
2026-07-12T04:57:08Z,1
2026-07-12T04:57:09Z,0
2026-07-12T04:57:18Z,1
2026-07-12T04:57:18.47Z,0
2026-07-12T04:57:19Z,0
2026-07-12T04:57:19.023Z,0
2026-07-12T04:57:24.055Z,1
2026-07-12T04:57:28Z,1
2026-07-12T04:57:29Z,0
2026-07-12T04:57:38Z,1
2026-07-12T04:57:39Z,0
2026-07-12T04:57:44.276Z,0
2026-07-12T04:57:48Z,1
2026-07-12T04:57:49Z,0
2026-07-12T04:57:53.989Z,1
2026-07-12T04:57:58Z,1
2026-07-12T04:57:59Z,0
2026-07-12T04:58:08Z,1
2026-07-12T04:58:14.649Z,0
2026-07-12T04:58:15.155Z,0
2026-07-12T04:58:19Z,0
2026-07-12T04:58:20.019Z,1
2026-07-12T04:58:28Z,1
2026-07-12T04:58:29Z,0
2026-07-12T04:58:38Z,1
2026-07-12T04:58:41.363Z,0
2026-07-12T04:58:49Z,0
2026-07-12T04:58:57.611Z,1
2026-07-12T04:58:58Z,1
2026-07-12T04:58:59Z,0
2026-07-12T04:59:08Z,1
2026-07-12T04:59:12.843Z,0
2026-07-12T04:59:18.146Z,1
2026-07-12T04:59:19Z,0
2026-07-12T04:59:28Z,1
2026-07-12T04:59:29Z,0
2026-07-12T04:59:38Z,1
2026-07-12T04:59:39.216Z,0
2026-07-12T04:59:39.717Z,0
2026-07-12T04:59:42.775Z,1
2026-07-12T04:59:49Z,0
2026-07-12T04:59:58Z,1
2026-07-12T04:59:59Z,0
2026-07-12T05:00:07.148Z,0
2026-07-12T05:00:08Z,1
2026-07-12T05:00:12.335Z,1
2026-07-12T05:00:19Z,0
2026-07-12T05:00:28Z,1
2026-07-12T05:00:30Z,0
2026-07-12T05:00:33.823Z,0
2026-07-12T05:00:34.741Z,0
2026-07-12T05:00:38Z,1
2026-07-12T05:00:39.977Z,1
2026-07-12T05:00:50Z,0
2026-07-12T05:00:59Z,1
2026-07-12T05:01:00Z,0
2026-07-12T05:01:00.895Z,0
2026-07-12T05:01:07.359Z,1
2026-07-12T05:01:09Z,1
2026-07-12T05:01:10Z,0
2026-07-12T05:01:18Z,1
2026-07-12T05:01:29.517Z,0
2026-07-12T05:01:30Z,0
2026-07-12T05:01:36.771Z,1
2026-07-12T05:01:39Z,1
2026-07-12T05:01:40Z,0
2026-07-12T05:01:49Z,1
2026-07-12T05:01:57.723Z,0
2026-07-12T05:02:00Z,0
2026-07-12T05:02:01.97Z,1
2026-07-12T05:02:09Z,1
2026-07-12T05:02:10Z,0
2026-07-12T05:02:19Z,1
2026-07-12T05:02:20Z,0
2026-07-12T05:02:24.405Z,0
2026-07-12T05:02:29Z,1
2026-07-12T05:02:29.086Z,1
2026-07-12T05:02:40Z,0
2026-07-12T05:02:49Z,1
2026-07-12T05:02:50Z,0
2026-07-12T05:02:51.268Z,0
2026-07-12T05:02:56.101Z,1
2026-07-12T05:02:59Z,1
2026-07-12T05:03:10Z,0
2026-07-12T05:03:18.877Z,0
2026-07-12T05:03:19Z,1
2026-07-12T05:03:20Z,0
2026-07-12T05:03:21.986Z,1
2026-07-12T05:03:29Z,1
2026-07-12T05:03:40Z,0
2026-07-12T05:03:44.191Z,0
2026-07-12T05:03:49Z,1
2026-07-12T05:03:50Z,0
2026-07-12T05:03:51.696Z,1
2026-07-12T05:03:59Z,1
2026-07-12T05:04:10Z,0
2026-07-12T05:04:12.281Z,0
2026-07-12T05:04:19Z,1
2026-07-12T05:04:20Z,0
2026-07-12T05:04:22.738Z,1
2026-07-12T05:04:24.785Z,0
2026-07-12T05:04:29Z,1
2026-07-12T05:04:30.029Z,1
2026-07-12T05:04:30.555Z,0
2026-07-12T05:04:30.907Z,0
2026-07-12T05:04:31.535Z,0
2026-07-12T05:04:32.153Z,0
2026-07-12T05:04:32.729Z,0
2026-07-12T05:04:33.705Z,0
2026-07-12T05:04:34.426Z,0
2026-07-12T05:04:35.496Z,0
2026-07-12T05:04:36.098Z,0
2026-07-12T05:04:36.805Z,0
2026-07-12T05:04:37.464Z,0
2026-07-12T05:04:38.114Z,0
2026-07-12T05:04:38.709Z,0
2026-07-12T05:04:39.34Z,0
2026-07-12T05:04:40Z,0
2026-07-12T05:04:40.374Z,0
2026-07-12T05:04:40.983Z,0
2026-07-12T05:04:41.662Z,0
2026-07-12T05:04:42.67Z,0
2026-07-12T05:04:43.449Z,0
2026-07-12T05:04:44.062Z,0
2026-07-12T05:04:44.684Z,0
2026-07-12T05:04:45.281Z,0
2026-07-12T05:04:45.871Z,0
2026-07-12T05:04:46.459Z,0
2026-07-12T05:04:47.54Z,0
2026-07-12T05:04:48.267Z,0
2026-07-12T05:04:49Z,1
2026-07-12T05:04:49.333Z,0
2026-07-12T05:04:50Z,0
2026-07-12T05:04:53.814Z,1
2026-07-12T05:04:55.283Z,0
2026-07-12T05:04:55.835Z,0
2026-07-12T05:04:56.894Z,0
2026-07-12T05:04:57.526Z,0
2026-07-12T05:04:58.122Z,0
2026-07-12T05:04:58.793Z,0
2026-07-12T05:04:59Z,1
2026-07-12T05:04:59.828Z,0
2026-07-12T05:05:00.671Z,0
2026-07-12T05:05:01.293Z,0
2026-07-12T05:05:01.934Z,0
2026-07-12T05:05:02.61Z,0
2026-07-12T05:05:03.715Z,0
2026-07-12T05:05:04.377Z,0
2026-07-12T05:05:05.18Z,0
2026-07-12T05:05:06.467Z,0
2026-07-12T05:05:07.682Z,0
2026-07-12T05:05:08.462Z,0
2026-07-12T05:05:09.633Z,0
2026-07-12T05:05:10Z,0
2026-07-12T05:05:10.16Z,0
2026-07-12T05:05:10.854Z,0
2026-07-12T05:05:11.466Z,0
2026-07-12T05:05:12.063Z,0
2026-07-12T05:05:12.685Z,0
2026-07-12T05:05:13.69Z,0
2026-07-12T05:05:14.382Z,0
2026-07-12T05:05:14.998Z,0
2026-07-12T05:05:19Z,1
2026-07-12T05:05:20Z,0
2026-07-12T05:05:20.562Z,1
2026-07-12T05:05:29Z,1
2026-07-12T05:05:41Z,0
2026-07-12T05:05:41.592Z,0
2026-07-12T05:05:42.089Z,0
2026-07-12T05:05:47.773Z,1
2026-07-12T05:05:49Z,1
2026-07-12T05:05:50Z,0
2026-07-12T05:05:59Z,1
2026-07-12T05:06:08.029Z,0
2026-07-12T05:06:11Z,0
2026-07-12T05:06:16.247Z,1
2026-07-12T05:06:19Z,1
2026-07-12T05:06:20Z,0
2026-07-12T05:06:29Z,1
2026-07-12T05:06:37.867Z,0
2026-07-12T05:06:38.605Z,0
2026-07-12T05:06:39.112Z,0
2026-07-12T05:06:39.635Z,0
2026-07-12T05:06:41Z,0
2026-07-12T05:06:44.833Z,1
2026-07-12T05:06:49Z,1
2026-07-12T05:06:51Z,0
2026-07-12T05:06:59Z,1
2026-07-12T05:07:05.265Z,0
2026-07-12T05:07:05.983Z,0
2026-07-12T05:07:06.573Z,0
2026-07-12T05:07:07.179Z,0
2026-07-12T05:07:07.677Z,0
2026-07-12T05:07:08.208Z,0
2026-07-12T05:07:08.904Z,0
2026-07-12T05:07:09.513Z,0
2026-07-12T05:07:10.023Z,0
2026-07-12T05:07:10.653Z,0
2026-07-12T05:07:11Z,0
2026-07-12T05:07:11.107Z,0
2026-07-12T05:07:19Z,1
2026-07-12T05:07:19.533Z,1
2026-07-12T05:07:19.878Z,0
2026-07-12T05:07:19.998Z,0
2026-07-12T05:07:20.743Z,0
2026-07-12T05:07:21Z,0
2026-07-12T05:07:21.406Z,0
2026-07-12T05:07:22.432Z,0
2026-07-12T05:07:23.025Z,0
2026-07-12T05:07:23.653Z,0
2026-07-12T05:07:24.379Z,0
2026-07-12T05:07:25.42Z,0
2026-07-12T05:07:26.031Z,0
2026-07-12T05:07:27.202Z,0
2026-07-12T05:07:27.801Z,0
2026-07-12T05:07:28.509Z,0
2026-07-12T05:07:29Z,1
2026-07-12T05:07:29.109Z,0
2026-07-12T05:07:30.155Z,0
2026-07-12T05:07:31.325Z,0
2026-07-12T05:07:32.441Z,0
2026-07-12T05:07:33.549Z,0
2026-07-12T05:07:34.243Z,0
2026-07-12T05:07:35.323Z,0
2026-07-12T05:07:36.449Z,0
2026-07-12T05:07:37.569Z,0
2026-07-12T05:07:38.173Z,0
2026-07-12T05:07:41Z,0
2026-07-12T05:07:43.631Z,1
2026-07-12T05:07:49Z,1
2026-07-12T05:07:51Z,0
2026-07-12T05:07:59Z,1
2026-07-12T05:08:05.967Z,0
2026-07-12T05:08:06.585Z,0
2026-07-12T05:08:11Z,0
2026-07-12T05:08:11.144Z,1
2026-07-12T05:08:19Z,1
2026-07-12T05:08:21Z,0
2026-07-12T05:08:30Z,1
2026-07-12T05:08:31.906Z,0
2026-07-12T05:08:41Z,0
2026-07-12T05:08:41.056Z,1
2026-07-12T05:08:50Z,1
2026-07-12T05:08:51Z,0
2026-07-12T05:09:00Z,1
2026-07-12T05:09:10.466Z,0
2026-07-12T05:09:10.857Z,0
2026-07-12T05:09:11Z,0
2026-07-12T05:09:14.11Z,1
2026-07-12T05:09:20Z,1
2026-07-12T05:09:21Z,0
2026-07-12T05:09:30Z,1
2026-07-12T05:09:41Z,0
2026-07-12T05:09:41.779Z,0
2026-07-12T05:09:42.249Z,1
2026-07-12T05:09:50Z,1
2026-07-12T05:09:51Z,0
2026-07-12T05:10:00Z,1
2026-07-12T05:10:03.255Z,0
2026-07-12T05:10:03.924Z,0
2026-07-12T05:10:04.443Z,0
2026-07-12T05:10:10.702Z,1
2026-07-12T05:10:11Z,0
2026-07-12T05:10:20Z,1
2026-07-12T05:10:21Z,0
2026-07-12T05:10:30Z,1
2026-07-12T05:10:31.627Z,0
2026-07-12T05:10:32.534Z,0
2026-07-12T05:10:37.163Z,1
2026-07-12T05:10:41Z,0
2026-07-12T05:10:50Z,1
2026-07-12T05:10:51Z,0
2026-07-12T05:10:59.532Z,0
2026-07-12T05:11:00Z,1
2026-07-12T05:11:04.001Z,1
2026-07-12T05:11:11Z,0
2026-07-12T05:11:20Z,1
2026-07-12T05:11:21Z,0
2026-07-12T05:11:25.378Z,0
2026-07-12T05:11:30Z,1
2026-07-12T05:11:30.387Z,1
2026-07-12T05:11:41Z,0
2026-07-12T05:11:50Z,1
2026-07-12T05:11:51Z,0
2026-07-12T05:11:52.757Z,0
2026-07-12T05:12:00Z,1
2026-07-12T05:12:02.073Z,1
2026-07-12T05:12:02.712Z,0
2026-07-12T05:12:08.063Z,1
2026-07-12T05:12:08.685Z,0
2026-07-12T05:12:11Z,0
2026-07-12T05:12:15.143Z,1
2026-07-12T05:12:15.787Z,0
2026-07-12T05:12:21Z,0
2026-07-12T05:12:21.265Z,1
2026-07-12T05:12:22.325Z,0
2026-07-12T05:12:29.173Z,1
2026-07-12T05:12:30Z,1
2026-07-12T05:12:30.255Z,0
2026-07-12T05:12:34.115Z,1
2026-07-12T05:12:37.033Z,0
2026-07-12T05:12:42Z,0
2026-07-12T05:12:42.262Z,1
2026-07-12T05:12:43.331Z,0
2026-07-12T05:12:50Z,1
2026-07-12T05:12:52Z,0
2026-07-12T05:12:53.131Z,1
2026-07-12T05:12:53.845Z,0
2026-07-12T05:12:56.626Z,1
2026-07-12T05:13:00.076Z,0
2026-07-12T05:13:01Z,1
2026-07-12T05:13:02Z,0
2026-07-12T05:13:02.47Z,1
2026-07-12T05:13:03.37Z,0
2026-07-12T05:13:08.874Z,1
2026-07-12T05:13:10Z,1
2026-07-12T05:13:10.137Z,0
2026-07-12T05:13:15.122Z,1
2026-07-12T05:13:18.03Z,0
2026-07-12T05:13:22Z,0
2026-07-12T05:13:23.518Z,1
2026-07-12T05:13:29.202Z,0
2026-07-12T05:13:31Z,1
2026-07-12T05:13:31.562Z,1
2026-07-12T05:13:32Z,0
2026-07-12T05:13:34.205Z,0
2026-07-12T05:13:39.818Z,1
2026-07-12T05:13:41Z,1
2026-07-12T05:13:43Z,0
2026-07-12T05:13:45.558Z,0
2026-07-12T05:13:48.777Z,1
2026-07-12T05:13:49.408Z,0
2026-07-12T05:13:51Z,1
2026-07-12T05:13:53Z,0
2026-07-12T05:13:55.829Z,1
2026-07-12T05:14:01Z,1
2026-07-12T05:14:04.498Z,0
2026-07-12T05:14:07.462Z,1
2026-07-12T05:14:08.627Z,0
2026-07-12T05:14:13Z,0
2026-07-12T05:14:13.684Z,1
2026-07-12T05:14:18.853Z,0
2026-07-12T05:14:21Z,1
2026-07-12T05:14:23Z,0
2026-07-12T05:14:23.956Z,1
2026-07-12T05:14:25.128Z,0
2026-07-12T05:14:31Z,1
2026-07-12T05:14:33Z,0
2026-07-12T05:14:41.708Z,1
2026-07-12T05:14:42Z,1
2026-07-12T05:14:48.007Z,0
2026-07-12T05:14:52.348Z,1
2026-07-12T05:14:53Z,0
2026-07-12T05:14:53.526Z,0
2026-07-12T05:14:58.353Z,1
2026-07-12T05:15:02Z,1
2026-07-12T05:15:03Z,0
2026-07-12T05:15:04.154Z,0
2026-07-12T05:15:09.438Z,1
2026-07-12T05:15:11.208Z,0
2026-07-12T05:15:12Z,1
2026-07-12T05:15:24Z,0
2026-07-12T05:15:32Z,1
2026-07-12T05:15:34Z,0
2026-07-12T05:15:42Z,1
2026-07-12T05:15:44Z,0
2026-07-12T05:15:53Z,1
2026-07-12T05:16:00.05Z,1
2026-07-12T05:16:00.723Z,0
2026-07-12T05:16:04Z,0
2026-07-12T05:16:05.551Z,1
2026-07-12T05:16:10.1Z,0
2026-07-12T05:16:13Z,1
2026-07-12T05:16:14Z,0
2026-07-12T05:16:14.384Z,1
2026-07-12T05:16:15.327Z,0
2026-07-12T05:16:19.493Z,1
2026-07-12T05:16:23Z,1
2026-07-12T05:16:23.391Z,0
2026-07-12T05:16:28.996Z,1
2026-07-12T05:16:29.679Z,0
2026-07-12T05:16:34.307Z,1
2026-07-12T05:16:35Z,0
2026-07-12T05:16:35.301Z,0
2026-07-12T05:16:37.924Z,1
2026-07-12T05:16:43Z,1
2026-07-12T05:16:44.276Z,0
2026-07-12T05:16:45Z,0
2026-07-12T05:16:48.589Z,1
2026-07-12T05:16:50.309Z,0
2026-07-12T05:16:52.072Z,1
2026-07-12T05:16:53Z,1
2026-07-12T05:16:55Z,0
2026-07-12T05:16:58.345Z,0
2026-07-12T05:17:03.129Z,1
2026-07-12T05:17:04Z,1
2026-07-12T05:17:04.2Z,0
2026-07-12T05:17:06.305Z,1
2026-07-12T05:17:13.035Z,0
2026-07-12T05:17:16Z,0
2026-07-12T05:17:17.885Z,1
2026-07-12T05:17:18.37Z,0
2026-07-12T05:17:20.702Z,1
2026-07-12T05:17:24Z,1
2026-07-12T05:17:26Z,0
2026-07-12T05:17:27.065Z,0
2026-07-12T05:17:31.729Z,1
2026-07-12T05:17:32.308Z,0
2026-07-12T05:17:34Z,1
2026-07-12T05:17:35.371Z,1
2026-07-12T05:17:36Z,0
2026-07-12T05:17:41.212Z,0
2026-07-12T05:17:44Z,1
2026-07-12T05:17:46.667Z,1
2026-07-12T05:17:47.283Z,0
2026-07-12T05:17:49.847Z,1
2026-07-12T05:17:56Z,0
2026-07-12T05:17:58.999Z,0
2026-07-12T05:18:03.315Z,1
2026-07-12T05:18:04Z,1
2026-07-12T05:18:04.059Z,0
2026-07-12T05:18:06Z,0
2026-07-12T05:18:07.355Z,1
2026-07-12T05:18:13.253Z,0
2026-07-12T05:18:14Z,1
2026-07-12T05:18:16Z,0
2026-07-12T05:18:16.023Z,1
2026-07-12T05:18:18.557Z,0
2026-07-12T05:18:21.666Z,1
2026-07-12T05:18:24Z,1
2026-07-12T05:18:36Z,0
2026-07-12T05:18:45Z,1
2026-07-12T05:18:46Z,0
2026-07-12T05:18:55Z,1
2026-07-12T05:19:07Z,0
2026-07-12T05:19:12.46Z,0
2026-07-12T05:19:15Z,1
2026-07-12T05:19:15.24Z,1
2026-07-12T05:19:17Z,0
2026-07-12T05:19:17.724Z,0
2026-07-12T05:19:20.221Z,1
2026-07-12T05:19:25Z,1
2026-07-12T05:19:27Z,0
2026-07-12T05:19:27.735Z,0
2026-07-12T05:19:30.348Z,1
2026-07-12T05:19:33.348Z,0
2026-07-12T05:19:35Z,1
2026-07-12T05:19:35.532Z,1
2026-07-12T05:19:37Z,0
2026-07-12T05:19:42.423Z,0
2026-07-12T05:19:45.394Z,1
2026-07-12T05:19:46Z,1
2026-07-12T05:19:47.938Z,0
2026-07-12T05:19:50.449Z,1
2026-07-12T05:19:56.102Z,0
2026-07-12T05:19:58Z,0
2026-07-12T05:19:59.078Z,1
2026-07-12T05:20:02.414Z,0
2026-07-12T05:20:05.861Z,1
2026-07-12T05:20:06Z,1
2026-07-12T05:20:08Z,0
2026-07-12T05:20:12.417Z,0
2026-07-12T05:20:15.649Z,1
2026-07-12T05:20:16Z,1
2026-07-12T05:20:18Z,0
2026-07-12T05:20:18.093Z,0
2026-07-12T05:20:20.226Z,1
2026-07-12T05:20:26Z,1
2026-07-12T05:20:26.657Z,0
2026-07-12T05:20:29.357Z,1
2026-07-12T05:20:31.829Z,0
2026-07-12T05:20:34.747Z,1
2026-07-12T05:20:38Z,0
2026-07-12T05:20:40.569Z,0
2026-07-12T05:20:43.876Z,1
2026-07-12T05:20:44.408Z,0
2026-07-12T05:20:47Z,1
2026-07-12T05:20:48Z,0
2026-07-12T05:20:49.247Z,1
2026-07-12T05:20:54.966Z,0
2026-07-12T05:20:57Z,1
2026-07-12T05:20:58.189Z,1
2026-07-12T05:20:59.128Z,0
2026-07-12T05:21:06.255Z,1
2026-07-12T05:21:09Z,0
2026-07-12T05:21:12.258Z,0
2026-07-12T05:21:14.976Z,1
2026-07-12T05:21:15.462Z,0
2026-07-12T05:21:17Z,1
2026-07-12T05:21:19Z,0
2026-07-12T05:21:20.689Z,1
2026-07-12T05:21:26.495Z,0
2026-07-12T05:21:27Z,1
2026-07-12T05:21:28.972Z,1
2026-07-12T05:21:29.444Z,0
2026-07-12T05:21:31Z,0
2026-07-12T05:21:35.424Z,1
2026-07-12T05:21:38Z,1
2026-07-12T05:21:41.994Z,0
2026-07-12T05:21:42Z,0
2026-07-12T05:21:48Z,1
2026-07-12T05:21:52Z,0
2026-07-12T05:21:59Z,1
2026-07-12T05:22:02Z,0
2026-07-12T05:22:09Z,1
2026-07-12T05:22:12Z,0
2026-07-12T05:22:19Z,1
2026-07-12T05:22:22Z,0
2026-07-12T05:22:29.716Z,1
2026-07-12T05:22:30Z,1
2026-07-12T05:22:30.367Z,0
2026-07-12T05:22:33Z,0
2026-07-12T05:22:34.915Z,1
2026-07-12T05:22:40Z,1
2026-07-12T05:22:40.964Z,0
2026-07-12T05:22:43.631Z,1
2026-07-12T05:22:44Z,0
2026-07-12T05:22:44.219Z,0
2026-07-12T05:22:49.21Z,1
2026-07-12T05:22:51Z,1
2026-07-12T05:22:54Z,0
2026-07-12T05:22:55.466Z,0
2026-07-12T05:22:58.503Z,1
2026-07-12T05:22:59.059Z,0
2026-07-12T05:23:01Z,1
2026-07-12T05:23:03.596Z,1
2026-07-12T05:23:04Z,0
2026-07-12T05:23:10.054Z,0
2026-07-12T05:23:11Z,1
2026-07-12T05:23:12.701Z,1
2026-07-12T05:23:13.523Z,0
2026-07-12T05:23:14Z,0
2026-07-12T05:23:19.475Z,1
2026-07-12T05:23:20.099Z,0
2026-07-12T05:23:21Z,1
2026-07-12T05:23:24.611Z,1
2026-07-12T05:23:25Z,0
2026-07-12T05:23:28.092Z,0
2026-07-12T05:23:32Z,1
2026-07-12T05:23:33.292Z,1
2026-07-12T05:23:34.118Z,0
2026-07-12T05:23:35Z,0
2026-07-12T05:23:40.075Z,1
2026-07-12T05:23:41.408Z,0
2026-07-12T05:23:42Z,1
2026-07-12T05:23:43.903Z,1
2026-07-12T05:23:44.79Z,0
2026-07-12T05:23:46Z,0
2026-07-12T05:23:49.768Z,1
2026-07-12T05:23:53Z,1
2026-07-12T05:23:55.799Z,0
2026-07-12T05:23:58Z,0
2026-07-12T05:23:58.113Z,1
2026-07-12T05:23:58.716Z,0
2026-07-12T05:24:03.965Z,1
2026-07-12T05:24:04Z,1
2026-07-12T05:24:05.287Z,0
2026-07-12T05:24:08Z,0
2026-07-12T05:24:10.218Z,1
2026-07-12T05:24:13.281Z,0
2026-07-12T05:24:15Z,1
2026-07-12T05:24:19Z,0
2026-07-12T05:24:21.131Z,1
2026-07-12T05:24:21.758Z,0
2026-07-12T05:24:25Z,1
2026-07-12T05:24:26.806Z,1
2026-07-12T05:24:30Z,0
2026-07-12T05:24:30.657Z,0
2026-07-12T05:24:36Z,1
2026-07-12T05:24:36.041Z,1
2026-07-12T05:24:37.031Z,0
2026-07-12T05:24:39.328Z,1
2026-07-12T05:24:40Z,0
2026-07-12T05:24:42.024Z,0
2026-07-12T05:24:45.079Z,1
2026-07-12T05:24:46Z,1
2026-07-12T05:24:51Z,0
2026-07-12T05:24:51.394Z,0
2026-07-12T05:24:55.523Z,1
2026-07-12T05:24:56Z,1
2026-07-12T05:24:56.237Z,0
2026-07-12T05:25:01Z,0
2026-07-12T05:25:07Z,1
2026-07-12T05:25:12Z,0
2026-07-12T05:25:18Z,1
2026-07-12T05:25:23Z,0
2026-07-12T05:25:29Z,1
2026-07-12T05:25:34Z,0
2026-07-12T05:25:40Z,1
2026-07-12T05:25:44.701Z,1
2026-07-12T05:25:45Z,0
2026-07-12T05:25:50Z,1
2026-07-12T05:25:51.474Z,0
2026-07-12T05:25:53.911Z,1
2026-07-12T05:25:56Z,0
2026-07-12T05:25:56.478Z,0
2026-07-12T05:25:59.927Z,1
2026-07-12T05:26:00.892Z,0
2026-07-12T05:26:01Z,1
2026-07-12T05:26:06.596Z,1
2026-07-12T05:26:07Z,0
2026-07-12T05:26:12.822Z,0
2026-07-12T05:26:13Z,1
2026-07-12T05:26:14.588Z,1
2026-07-12T05:26:15.474Z,0
2026-07-12T05:26:18Z,0
2026-07-12T05:26:20.792Z,1
2026-07-12T05:26:21.505Z,0
2026-07-12T05:26:24Z,1
2026-07-12T05:26:24.751Z,1
2026-07-12T05:26:28Z,0
2026-07-12T05:26:30.863Z,0
2026-07-12T05:26:36Z,1
2026-07-12T05:26:36.4Z,1
2026-07-12T05:26:38Z,0
2026-07-12T05:26:38.217Z,0
2026-07-12T05:26:40.491Z,1
2026-07-12T05:26:43.547Z,0
2026-07-12T05:26:46.257Z,1
2026-07-12T05:26:47Z,1
2026-07-12T05:26:49Z,0
2026-07-12T05:26:52.931Z,0
2026-07-12T05:26:55.715Z,1
2026-07-12T05:26:58.241Z,0
2026-07-12T05:27:00.954Z,1
2026-07-12T05:27:08.226Z,0
2026-07-12T05:27:10.386Z,1
2026-07-12T05:27:13.35Z,0
2026-07-12T05:27:16.615Z,1
2026-07-12T05:27:17.43Z,0
2026-07-12T05:27:22.384Z,1
2026-07-12T05:27:24.521Z,0
2026-07-12T05:27:28.065Z,1
2026-07-12T05:27:34.602Z,0
2026-07-12T05:27:41.395Z,1
2026-07-12T05:27:42.084Z,0
2026-07-12T05:27:45.427Z,1
2026-07-12T05:27:48.381Z,0
2026-07-12T05:27:51.572Z,1
2026-07-12T05:27:56.617Z,0
2026-07-12T05:28:00.05Z,1
2026-07-12T05:28:03.226Z,0
2026-07-12T05:28:05.67Z,1
2026-07-12T05:28:12.144Z,0
2026-07-12T05:28:14.942Z,1
2026-07-12T05:28:59.237Z,0
2026-07-12T05:29:01.943Z,1
2026-07-12T05:29:03.52Z,0
2026-07-12T05:29:07.407Z,1
2026-07-12T05:29:09.98Z,0
2026-07-12T05:29:12.44Z,1
2026-07-12T05:29:15.537Z,0
2026-07-12T05:29:18.54Z,1
2026-07-12T05:29:20.042Z,0
2026-07-12T05:29:24.062Z,1
2026-07-12T05:29:26.319Z,0
2026-07-12T05:29:28.546Z,1
2026-07-12T05:29:31.591Z,0
2026-07-12T05:29:34.536Z,1
2026-07-12T05:29:35.659Z,0
2026-07-12T05:29:39.736Z,1
2026-07-12T05:29:42.036Z,0
2026-07-12T05:29:44.267Z,1
2026-07-12T05:29:47.891Z,0
2026-07-12T05:29:50.803Z,1
2026-07-12T05:29:52.382Z,0
2026-07-12T05:29:56.697Z,1
2026-07-12T05:29:58.558Z,0
2026-07-12T05:30:01.553Z,1
2026-07-12T05:30:05.406Z,0
2026-07-12T05:30:08.557Z,1
2026-07-12T05:30:10.364Z,0
2026-07-12T05:30:15.263Z,1
2026-07-12T05:30:16.993Z,0
2026-07-12T05:30:19.538Z,1
2026-07-12T05:30:23.466Z,0
2026-07-12T05:30:26.076Z,1
2026-07-12T05:30:29.747Z,0
2026-07-12T05:30:32.138Z,1
2026-07-12T05:30:33.629Z,0
2026-07-12T05:30:37.65Z,1
2026-07-12T05:30:39.639Z,0
2026-07-12T05:30:41.742Z,1
2026-07-12T05:30:45.034Z,0
2026-07-12T05:30:47.336Z,1
2026-07-12T05:30:49.325Z,0
2026-07-12T05:30:53.591Z,1
2026-07-12T05:30:59.804Z,0
2026-07-12T05:31:03.724Z,1
2026-07-12T05:31:07.798Z,0
2026-07-12T05:31:10.12Z,1
2026-07-12T05:31:11.606Z,0
2026-07-12T05:31:16.674Z,1
2026-07-12T05:31:18.279Z,0
2026-07-12T05:31:20.402Z,1
2026-07-12T05:31:25.812Z,0
2026-07-12T05:31:28.617Z,1
2026-07-12T05:31:31.347Z,0
2026-07-12T05:31:38.551Z,1
2026-07-12T05:31:40.619Z,0
2026-07-12T05:31:43.266Z,1
2026-07-12T05:31:46.691Z,0
2026-07-12T05:32:38.603Z,1
2026-07-12T05:32:39.784Z,0
2026-07-12T05:32:43.771Z,1
2026-07-12T05:32:45.508Z,0
2026-07-12T05:32:49.135Z,1
2026-07-12T05:32:51.754Z,0
2026-07-12T09:41:02Z,1
2026-07-12T09:41:03.097Z,1
2026-07-12T09:42:32Z,0
2026-07-12T09:42:34.011Z,0
2026-07-12T18:46:01Z,1
2026-07-12T18:46:03.576Z,1
2026-07-12T18:47:31Z,0
2026-07-12T18:47:32.649Z,0
2026-07-12T22:12:39Z,1
2026-07-12T22:12:40.998Z,1
2026-07-12T22:14:09Z,0
2026-07-12T22:14:11.409Z,0
2026-07-13T05:50:32Z,1
2026-07-13T05:50:32.99Z,1
2026-07-13T05:50:34Z,0
2026-07-13T05:50:35Z,1
2026-07-13T05:50:35.146Z,0
2026-07-13T05:50:36.67Z,1
2026-07-13T05:50:41Z,0
2026-07-13T05:50:42Z,1
2026-07-13T05:50:42.548Z,0
2026-07-13T05:50:43.527Z,1
2026-07-13T05:50:44Z,0
2026-07-13T05:50:45Z,1
2026-07-13T05:50:46.262Z,0
2026-07-13T05:50:48.777Z,1
2026-07-13T05:50:51Z,0
2026-07-13T05:50:52Z,1
2026-07-13T05:50:52.594Z,0
2026-07-13T05:50:53.78Z,1
2026-07-13T05:50:54Z,0
2026-07-13T05:50:55Z,1
2026-07-13T05:50:55.625Z,0
2026-07-13T05:50:58.827Z,1
2026-07-13T05:51:01Z,0
2026-07-13T05:51:02Z,1
2026-07-13T05:51:04Z,0
2026-07-13T05:51:05Z,1
2026-07-13T05:51:08.31Z,0
2026-07-13T05:51:08.667Z,1
2026-07-13T05:51:09.723Z,0
2026-07-13T05:51:10.573Z,1
2026-07-13T05:51:11Z,0
2026-07-13T05:51:12Z,1
2026-07-13T05:51:14Z,0
2026-07-13T05:51:14.219Z,0
2026-07-13T05:51:15Z,1
2026-07-13T05:51:17.11Z,1
2026-07-13T05:51:19.025Z,0
2026-07-13T05:51:19.898Z,1
2026-07-13T05:51:21Z,0
2026-07-13T05:51:22Z,1
2026-07-13T05:51:23.137Z,0
2026-07-13T05:51:24Z,0
2026-07-13T05:51:24.611Z,1
2026-07-13T05:51:25Z,1
2026-07-13T05:51:25.678Z,0
2026-07-13T05:51:26.718Z,1
2026-07-13T05:51:31Z,0
2026-07-13T05:51:32Z,1
2026-07-13T05:51:35Z,1
2026-07-13T05:51:36.527Z,0
2026-07-13T05:51:36.761Z,1
2026-07-13T05:51:37.699Z,0
2026-07-13T05:51:38.646Z,1
2026-07-13T05:51:41Z,0
2026-07-13T05:51:42Z,1
2026-07-13T05:51:43.259Z,0
2026-07-13T05:51:44Z,0
2026-07-13T05:51:44.757Z,1
2026-07-13T05:51:46Z,1
2026-07-13T05:51:46.851Z,0
2026-07-13T05:51:47.761Z,1
2026-07-13T05:51:51Z,0
2026-07-13T05:51:52Z,1
2026-07-13T05:51:54.301Z,0
2026-07-13T05:51:54.627Z,1
2026-07-13T05:51:55Z,0
2026-07-13T05:51:55.9Z,0
2026-07-13T05:51:56Z,1
2026-07-13T05:51:58.181Z,1
2026-07-13T05:52:01Z,0
2026-07-13T05:52:02Z,1
2026-07-13T05:52:03.551Z,0
2026-07-13T05:52:04.533Z,1
2026-07-13T05:52:05Z,0
2026-07-13T05:52:06Z,1
2026-07-13T05:52:06.018Z,0
2026-07-13T05:52:06.928Z,1
2026-07-13T05:52:11Z,0
2026-07-13T05:52:12Z,1
2026-07-13T05:52:12.635Z,0
2026-07-13T05:52:14.073Z,1
2026-07-13T05:52:15Z,0
2026-07-13T05:52:16Z,1
2026-07-13T05:52:17.014Z,0
2026-07-13T05:52:18.004Z,1
2026-07-13T05:52:21Z,0
2026-07-13T05:52:22Z,1
2026-07-13T05:52:24.027Z,0
2026-07-13T05:52:24.276Z,1
2026-07-13T05:52:25Z,0
2026-07-13T05:52:25.782Z,0
2026-07-13T05:52:26Z,1
2026-07-13T05:52:26.971Z,1
2026-07-13T05:52:31Z,0
2026-07-13T05:52:32Z,1
2026-07-13T05:52:32.643Z,0
2026-07-13T05:52:33.689Z,1
2026-07-13T05:52:35Z,0
2026-07-13T05:52:36Z,1
2026-07-13T05:52:37Z,0
2026-07-13T05:52:38.454Z,0
2026-07-13T05:52:39.274Z,1
2026-07-13T05:52:42Z,1
2026-07-13T05:52:42.042Z,0
2026-07-13T05:52:43.791Z,1
2026-07-13T05:52:45Z,0
2026-07-13T05:52:45.814Z,0
2026-07-13T05:52:52Z,1
2026-07-13T05:52:53.931Z,1
2026-07-13T05:52:55Z,0
2026-07-13T05:52:55.818Z,0
2026-07-13T05:53:02Z,1
2026-07-13T05:53:05Z,0
2026-07-13T05:53:05.488Z,1
2026-07-13T05:53:06.796Z,0
2026-07-13T05:53:13Z,1
2026-07-13T05:53:13.725Z,1
2026-07-13T05:53:15Z,0
2026-07-13T05:53:15.857Z,0
2026-07-13T05:53:22Z,1
2026-07-13T05:53:24.731Z,1
2026-07-13T05:53:25Z,0
2026-07-13T05:53:25.899Z,0
2026-07-13T05:53:33Z,1
2026-07-13T05:53:33.743Z,1
2026-07-13T05:53:35Z,0
2026-07-13T05:53:35.903Z,0
2026-07-13T05:53:43Z,1
2026-07-13T05:53:44.284Z,1
2026-07-13T05:53:45Z,0
2026-07-13T05:53:46.862Z,0
2026-07-13T05:53:52Z,1
2026-07-13T05:53:54.497Z,1
2026-07-13T05:53:55Z,0
2026-07-13T05:53:55.919Z,0
2026-07-13T05:54:02Z,1
2026-07-13T05:54:05Z,0
2026-07-13T05:54:05.653Z,1
2026-07-13T05:54:07.321Z,0
2026-07-13T05:54:13Z,1
2026-07-13T05:54:14.482Z,1
2026-07-13T05:54:15Z,0
2026-07-13T05:54:16.377Z,0
2026-07-13T05:54:23Z,1
2026-07-13T05:54:25Z,0
2026-07-13T05:54:25.103Z,1
2026-07-13T05:54:26.236Z,0
2026-07-13T05:54:33Z,1
2026-07-13T05:54:34.482Z,1
2026-07-13T05:54:35Z,0
2026-07-13T05:54:36.026Z,0
2026-07-13T05:54:43Z,1
2026-07-13T05:54:45Z,0
2026-07-13T05:54:53Z,1
2026-07-13T05:54:55Z,0
2026-07-13T05:54:57.53Z,1
2026-07-13T05:54:58.201Z,0
2026-07-13T05:55:02.748Z,1
2026-07-13T05:55:03Z,1
2026-07-13T05:55:03.498Z,0
2026-07-13T05:55:05Z,0
2026-07-13T05:55:12.616Z,1
2026-07-13T05:55:13Z,1
2026-07-13T05:55:14.852Z,0
2026-07-13T05:55:15Z,0
2026-07-13T05:55:20.747Z,1
2026-07-13T05:55:21.757Z,0
2026-07-13T05:55:23Z,1
2026-07-13T05:55:25Z,0
2026-07-13T05:55:33Z,1
2026-07-13T05:55:33.237Z,1
2026-07-13T05:55:33.704Z,0
2026-07-13T05:55:35Z,0
2026-07-13T05:55:38.981Z,1
2026-07-13T05:55:40.22Z,0
2026-07-13T05:55:43Z,1
2026-07-13T05:55:45Z,0
2026-07-13T05:55:46.063Z,1
2026-07-13T05:55:48.183Z,0
2026-07-13T05:55:53Z,1
2026-07-13T05:55:54.202Z,1
2026-07-13T05:55:55Z,0
2026-07-13T05:55:56.171Z,0
2026-07-13T05:56:03Z,1
2026-07-13T05:56:05Z,0
2026-07-13T05:56:06.242Z,1
2026-07-13T05:56:07.979Z,0
2026-07-13T05:56:13Z,1
2026-07-13T05:56:14.918Z,1
2026-07-13T05:56:15Z,0
2026-07-13T05:56:16.222Z,0
2026-07-13T05:56:23Z,1
2026-07-13T05:56:23.965Z,1
2026-07-13T05:56:25Z,0
2026-07-13T05:56:25.915Z,0
2026-07-13T05:56:33Z,1
2026-07-13T05:56:35Z,0
2026-07-13T05:56:36.226Z,1
2026-07-13T05:56:37.196Z,0
2026-07-13T05:56:43Z,1
2026-07-13T05:56:45Z,0
2026-07-13T05:56:45.006Z,1
2026-07-13T05:56:46.602Z,0
2026-07-13T05:56:53Z,1
2026-07-13T05:56:53.989Z,1
2026-07-13T05:56:55Z,0
2026-07-13T05:56:56.461Z,0
2026-07-13T05:57:03Z,1
2026-07-13T05:57:05Z,0
2026-07-13T05:57:07.494Z,1
2026-07-13T05:57:09.087Z,0
2026-07-13T05:57:13Z,1
2026-07-13T05:57:15Z,0
2026-07-13T05:57:15.663Z,1
2026-07-13T05:57:16.368Z,0
2026-07-13T05:57:23Z,1
2026-07-13T05:57:23.881Z,1
2026-07-13T05:57:25Z,0
2026-07-13T05:57:26.482Z,0
2026-07-13T05:57:33Z,1
2026-07-13T05:57:35Z,0
2026-07-13T05:57:35.179Z,1
2026-07-13T05:57:37.255Z,0
2026-07-13T05:57:43Z,1
2026-07-13T05:57:45Z,0
2026-07-13T05:57:45.674Z,1
2026-07-13T05:57:47.53Z,0
2026-07-13T05:57:53Z,1
2026-07-13T05:57:53.928Z,1
2026-07-13T05:57:55Z,0
2026-07-13T05:57:56.864Z,0
2026-07-13T05:58:03Z,1
2026-07-13T05:58:05Z,0
2026-07-13T05:58:05.349Z,1
2026-07-13T05:58:07.076Z,0
2026-07-13T05:58:13Z,1
2026-07-13T05:58:15Z,0
2026-07-13T05:58:15.9Z,1
2026-07-13T05:58:16.467Z,0
2026-07-13T05:58:23Z,1
2026-07-13T05:58:24.731Z,1
2026-07-13T05:58:25Z,0
2026-07-13T05:58:26.681Z,0
2026-07-13T05:58:33Z,1
2026-07-13T05:58:33.982Z,1
2026-07-13T05:58:35Z,0
2026-07-13T05:58:39.099Z,0
2026-07-13T05:58:43Z,1
2026-07-13T05:58:44.057Z,1
2026-07-13T05:58:45Z,0
2026-07-13T05:58:46.388Z,0
2026-07-13T05:58:53Z,1
2026-07-13T05:58:54.335Z,1
2026-07-13T05:58:55Z,0
2026-07-13T05:58:56.139Z,0
2026-07-13T05:59:03Z,1
2026-07-13T05:59:03.969Z,1
2026-07-13T05:59:05Z,0
2026-07-13T05:59:06.621Z,0
2026-07-13T05:59:13Z,1
2026-07-13T05:59:15Z,0
2026-07-13T05:59:15.519Z,1
2026-07-13T05:59:16.745Z,0
2026-07-13T05:59:23Z,1
2026-07-13T05:59:24.058Z,1
2026-07-13T05:59:25Z,0
2026-07-13T05:59:27.508Z,0
2026-07-13T05:59:33Z,1
2026-07-13T05:59:34.107Z,1
2026-07-13T05:59:35Z,0
2026-07-13T05:59:39.823Z,0
2026-07-13T05:59:43Z,1
2026-07-13T05:59:45Z,0
2026-07-13T05:59:53Z,1
2026-07-13T05:59:55Z,0
2026-07-13T06:00:03Z,1
2026-07-13T06:00:05Z,0
2026-07-13T06:00:07.859Z,1
2026-07-13T06:00:08.788Z,0
2026-07-13T06:00:11.418Z,1
2026-07-13T06:00:13Z,1
2026-07-13T06:00:13.746Z,0
2026-07-13T06:00:15Z,0
2026-07-13T06:00:19.924Z,1
2026-07-13T06:00:20.712Z,0
2026-07-13T06:00:23Z,1
2026-07-13T06:00:25Z,0
2026-07-13T06:00:27.204Z,1
2026-07-13T06:00:27.931Z,0
2026-07-13T06:00:33Z,1
2026-07-13T06:00:35Z,0
2026-07-13T06:00:36.681Z,1
2026-07-13T06:00:40.044Z,0
2026-07-13T06:00:43Z,1
2026-07-13T06:00:44.347Z,1
2026-07-13T06:00:45Z,0
2026-07-13T06:00:45.612Z,0
2026-07-13T06:00:51.186Z,1
2026-07-13T06:00:52.52Z,0
2026-07-13T06:00:53Z,1
2026-07-13T06:00:55Z,0
2026-07-13T06:00:59.182Z,1
2026-07-13T06:01:02.425Z,0
2026-07-13T06:01:03Z,1
2026-07-13T06:01:05Z,0
2026-07-13T06:01:09.656Z,1
2026-07-13T06:01:12.094Z,0
2026-07-13T06:01:13Z,1
2026-07-13T06:01:15Z,0
2026-07-13T06:01:17.577Z,1
2026-07-13T06:01:18.371Z,0
2026-07-13T06:01:23Z,1
2026-07-13T06:01:24.062Z,1
2026-07-13T06:01:25Z,0
2026-07-13T06:01:30.337Z,0
2026-07-13T06:01:33Z,1
2026-07-13T06:01:34.132Z,1
2026-07-13T06:01:35Z,0
2026-07-13T06:01:36.682Z,0
2026-07-13T06:01:43Z,1
2026-07-13T06:01:44.167Z,1
2026-07-13T06:01:45Z,0
2026-07-13T06:01:46.924Z,0
2026-07-13T06:01:53Z,1
2026-07-13T06:01:54.109Z,1
2026-07-13T06:01:55Z,0
2026-07-13T06:01:58.09Z,0
2026-07-13T06:02:03Z,1
2026-07-13T06:02:05Z,0
2026-07-13T06:02:05.826Z,1
2026-07-13T06:02:08.297Z,0
2026-07-13T06:02:13Z,1
2026-07-13T06:02:15Z,0
2026-07-13T06:02:16.331Z,1
2026-07-13T06:02:17.049Z,0
2026-07-13T06:02:23Z,1
2026-07-13T06:02:25.731Z,1
2026-07-13T06:02:26Z,0
2026-07-13T06:02:29.442Z,0
2026-07-13T06:02:33Z,1
2026-07-13T06:02:34.153Z,1
2026-07-13T06:02:35Z,0
2026-07-13T06:02:36.746Z,0
2026-07-13T06:02:43Z,1
2026-07-13T06:02:44.694Z,1
2026-07-13T06:02:46Z,0
2026-07-13T06:02:46.758Z,0
2026-07-13T06:02:53Z,1
2026-07-13T06:02:54.898Z,1
2026-07-13T06:02:56Z,0
2026-07-13T06:02:58.635Z,0
2026-07-13T06:03:03Z,1
2026-07-13T06:03:05.11Z,1
2026-07-13T06:03:06Z,0
2026-07-13T06:03:06.859Z,0
2026-07-13T06:03:13Z,1
2026-07-13T06:03:15.166Z,1
2026-07-13T06:03:16Z,0
2026-07-13T06:03:17.79Z,0
2026-07-13T06:03:23Z,1
2026-07-13T06:03:24.213Z,1
2026-07-13T06:03:26Z,0
2026-07-13T06:03:26.927Z,0
2026-07-13T06:03:33Z,1
2026-07-13T06:03:33.879Z,1
2026-07-13T06:03:36Z,0
2026-07-13T06:03:36.891Z,0
2026-07-13T06:03:43Z,1
2026-07-13T06:03:44.22Z,1
2026-07-13T06:03:46Z,0
2026-07-13T06:03:46.891Z,0
2026-07-13T06:03:53Z,1
2026-07-13T06:03:54.166Z,1
2026-07-13T06:03:56Z,0
2026-07-13T06:03:57.589Z,0
2026-07-13T06:04:03Z,1
2026-07-13T06:04:06Z,0
2026-07-13T06:04:06.859Z,1
2026-07-13T06:04:09.522Z,0
2026-07-13T06:04:13Z,1
2026-07-13T06:04:15.053Z,1
2026-07-13T06:04:16Z,0
2026-07-13T06:04:17.022Z,0
2026-07-13T06:04:23Z,1
2026-07-13T06:04:24.382Z,1
2026-07-13T06:04:26Z,0
2026-07-13T06:04:27.42Z,0
2026-07-13T06:04:33Z,1
2026-07-13T06:04:34.198Z,1
2026-07-13T06:04:36Z,0
2026-07-13T06:04:37.037Z,0
2026-07-13T06:04:43Z,1
2026-07-13T06:04:46Z,0
2026-07-13T06:04:53Z,1
2026-07-13T06:04:56Z,0
2026-07-13T06:05:03Z,1
2026-07-13T06:05:06Z,0
2026-07-13T06:05:10.733Z,1
2026-07-13T06:05:11.581Z,0
2026-07-13T06:05:13Z,1
2026-07-13T06:05:13.45Z,1
2026-07-13T06:05:14.794Z,0
2026-07-13T06:05:16Z,0
2026-07-13T06:05:20.539Z,1
2026-07-13T06:05:21.887Z,0
2026-07-13T06:05:23Z,1
2026-07-13T06:05:26Z,0
2026-07-13T06:05:26.236Z,1
2026-07-13T06:05:27.651Z,0
2026-07-13T06:05:32.059Z,1
2026-07-13T06:05:33Z,1
2026-07-13T06:05:33.655Z,0
2026-07-13T06:05:36Z,0
2026-07-13T06:05:39.97Z,1
2026-07-13T06:05:41.217Z,0
2026-07-13T06:05:43Z,1
2026-07-13T06:05:46Z,0
2026-07-13T06:05:48.148Z,1
2026-07-13T06:05:51.487Z,0
2026-07-13T06:05:53Z,1
2026-07-13T06:05:55.408Z,1
2026-07-13T06:05:56Z,0
2026-07-13T06:05:57.807Z,0
2026-07-13T06:06:03Z,1
2026-07-13T06:06:05.33Z,1
2026-07-13T06:06:06Z,0
2026-07-13T06:06:08.085Z,0
2026-07-13T06:06:13Z,1
2026-07-13T06:06:14.544Z,1
2026-07-13T06:06:16Z,0
2026-07-13T06:06:18.736Z,0
2026-07-13T06:06:23Z,1
2026-07-13T06:06:24.635Z,1
2026-07-13T06:06:26Z,0
2026-07-13T06:06:27.128Z,0
2026-07-13T06:06:34Z,1
2026-07-13T06:06:35.905Z,1
2026-07-13T06:06:36Z,0
2026-07-13T06:06:37.535Z,0
2026-07-13T06:06:43Z,1
2026-07-13T06:06:44.893Z,1
2026-07-13T06:06:46Z,0
2026-07-13T06:06:47.957Z,0
2026-07-13T06:06:54Z,1
2026-07-13T06:06:55.498Z,1
2026-07-13T06:06:56Z,0
2026-07-13T06:07:00.214Z,0
2026-07-13T06:07:04Z,1
2026-07-13T06:07:06Z,0
2026-07-13T06:07:08.039Z,1
2026-07-13T06:07:09.56Z,0
2026-07-13T06:07:14Z,1
2026-07-13T06:07:14.94Z,1
2026-07-13T06:07:16Z,0
2026-07-13T06:07:18.484Z,0
2026-07-13T06:07:24Z,1
2026-07-13T06:07:25.612Z,1
2026-07-13T06:07:26Z,0
2026-07-13T06:07:27.316Z,0
2026-07-13T06:07:34Z,1
2026-07-13T06:07:35.124Z,1
2026-07-13T06:07:36Z,0
2026-07-13T06:07:37.029Z,0
2026-07-13T06:07:44Z,1
2026-07-13T06:07:45.485Z,1
2026-07-13T06:07:46Z,0
2026-07-13T06:07:48.878Z,0
2026-07-13T06:07:54Z,1
2026-07-13T06:07:57.152Z,1
2026-07-13T06:08:06Z,0
2026-07-13T06:08:07.736Z,0
2026-07-13T06:08:14Z,1
2026-07-13T06:08:15.486Z,1
2026-07-13T06:08:16Z,0
2026-07-13T06:08:16.833Z,0
2026-07-13T06:08:25Z,1
2026-07-13T06:08:25.332Z,1
2026-07-13T06:08:26Z,0
2026-07-13T06:08:27.294Z,0
2026-07-13T06:08:35Z,1
2026-07-13T06:08:37.231Z,1
2026-07-13T06:08:46Z,0
2026-07-13T06:08:48.14Z,0
2026-07-13T06:08:55Z,1
2026-07-13T06:08:56.134Z,1
2026-07-13T06:08:57Z,0
2026-07-13T06:08:57.805Z,0
2026-07-13T06:09:05Z,1
2026-07-13T06:09:07.37Z,1
2026-07-13T06:09:17Z,0
2026-07-13T06:09:18.31Z,0
2026-07-13T06:09:26Z,1
2026-07-13T06:09:26.516Z,1
2026-07-13T06:09:27Z,0
2026-07-13T06:09:28.04Z,0
2026-07-13T06:09:36Z,1
2026-07-13T06:09:36.698Z,1
2026-07-13T06:09:47Z,0
2026-07-13T06:09:56Z,1
2026-07-13T06:09:58Z,0
2026-07-13T06:10:06Z,1
2026-07-13T06:10:11.105Z,0
2026-07-13T06:10:14.745Z,1
2026-07-13T06:10:16.245Z,0
2026-07-13T06:10:18Z,0
2026-07-13T06:10:23.67Z,1
2026-07-13T06:10:27Z,1
2026-07-13T06:10:27.814Z,0
2026-07-13T06:10:28Z,0
2026-07-13T06:10:33.475Z,1
2026-07-13T06:10:33.907Z,0
2026-07-13T06:10:37Z,1
2026-07-13T06:10:38Z,0
2026-07-13T06:10:39.549Z,1
2026-07-13T06:10:40.101Z,0
2026-07-13T06:10:47Z,1
2026-07-13T06:10:49.319Z,1
2026-07-13T06:10:58Z,0
2026-07-13T06:10:59.678Z,0
2026-07-13T06:11:07Z,1
2026-07-13T06:11:08Z,0
2026-07-13T06:11:08.801Z,1
2026-07-13T06:11:10.452Z,0
2026-07-13T06:11:17Z,1
2026-07-13T06:11:17.611Z,1
2026-07-13T06:11:19Z,0
2026-07-13T06:11:19.724Z,0
2026-07-13T06:11:27Z,1
2026-07-13T06:11:29.298Z,1
2026-07-13T06:11:39Z,0
2026-07-13T06:11:39.748Z,0
2026-07-13T06:11:47Z,1
2026-07-13T06:11:48.162Z,1
2026-07-13T06:11:49Z,0
2026-07-13T06:11:49.279Z,0
2026-07-13T06:11:57Z,1
2026-07-13T06:11:57.705Z,1
2026-07-13T06:11:59Z,0
2026-07-13T06:11:59.763Z,0
2026-07-13T06:12:07Z,1
2026-07-13T06:12:09.73Z,1
2026-07-13T06:12:19Z,0
2026-07-13T06:12:20.698Z,0
2026-07-13T06:12:27Z,1
2026-07-13T06:12:28.102Z,1
2026-07-13T06:12:29Z,0
2026-07-13T06:12:31.305Z,0
2026-07-13T06:12:37Z,1
2026-07-13T06:12:39Z,0
2026-07-13T06:12:39.764Z,1
2026-07-13T06:12:40.402Z,0
2026-07-13T06:12:47Z,1
2026-07-13T06:12:48.264Z,1
2026-07-13T06:12:59Z,0
2026-07-13T06:12:59.884Z,0
2026-07-13T06:13:07Z,1
2026-07-13T06:13:09Z,0
2026-07-13T06:13:10.63Z,1
2026-07-13T06:13:11.135Z,0
2026-07-13T06:13:17Z,1
2026-07-13T06:13:19Z,0
2026-07-13T06:13:19.047Z,1
2026-07-13T06:13:24.574Z,0
2026-07-13T06:13:28Z,1
2026-07-13T06:13:29.182Z,1
2026-07-13T06:13:39Z,0
2026-07-13T06:13:41.067Z,0
2026-07-13T06:13:48Z,1
2026-07-13T06:13:49.187Z,1
2026-07-13T06:13:50Z,0
2026-07-13T06:13:50.669Z,0
2026-07-13T06:13:59Z,1
2026-07-13T06:14:11Z,0
2026-07-13T06:14:20Z,1
2026-07-13T06:14:22Z,0
2026-07-13T06:14:28.216Z,1
2026-07-13T06:14:30Z,1
2026-07-13T06:14:32Z,0
2026-07-13T06:14:36.415Z,0
2026-07-13T06:14:39.943Z,1
2026-07-13T06:14:40Z,1
2026-07-13T06:14:41.138Z,0
2026-07-13T06:14:45.28Z,1
2026-07-13T06:14:45.745Z,0
2026-07-13T06:14:53Z,0
2026-07-13T06:14:53.275Z,1
2026-07-13T06:14:56Z,1
2026-07-13T06:15:03Z,0
2026-07-13T06:15:06Z,1
2026-07-13T06:15:14Z,0
2026-07-13T06:15:17Z,1
2026-07-13T06:15:23.109Z,0
2026-07-13T06:15:24Z,0
2026-07-13T06:15:26.27Z,1
2026-07-13T06:15:27Z,1
2026-07-13T06:15:31.361Z,0
2026-07-13T06:15:32.594Z,1
2026-07-13T06:15:35Z,0
2026-07-13T06:15:36.794Z,0
2026-07-13T06:15:38.012Z,1
2026-07-13T06:15:40.41Z,0
2026-07-13T06:15:43Z,1
2026-07-13T06:15:43.717Z,1
2026-07-13T06:15:46Z,0
2026-07-13T06:15:46.018Z,0
2026-07-13T06:15:55Z,1
2026-07-13T06:15:56Z,0
2026-07-13T06:15:58Z,1
2026-07-13T06:15:59Z,0
2026-07-13T06:16:00Z,0
2026-07-13T06:16:09Z,1
2026-07-13T06:16:16Z,0
2026-07-13T06:16:19Z,0
2026-07-13T06:16:20Z,0
2026-07-13T06:16:21Z,0
2026-07-13T06:16:23.402Z,1
2026-07-13T06:16:23.888Z,0
2026-07-13T06:16:26.443Z,1
2026-07-13T06:16:27.189Z,0
2026-07-13T06:16:30Z,1
2026-07-13T06:16:33.015Z,1
2026-07-13T06:16:33.51Z,0
2026-07-13T06:16:34.037Z,0
2026-07-13T06:16:34.708Z,0
2026-07-13T06:16:35.331Z,0
2026-07-13T06:16:36.322Z,0
2026-07-13T06:16:36.922Z,0
2026-07-13T06:16:37Z,0
2026-07-13T06:16:37.6Z,0
2026-07-13T06:16:38.266Z,0
2026-07-13T06:16:39.263Z,0
2026-07-13T06:16:39.948Z,0
2026-07-13T06:16:40Z,1
2026-07-13T06:16:40.996Z,0
2026-07-13T06:16:41Z,0
2026-07-13T06:16:41.921Z,0
2026-07-13T06:16:42Z,0
2026-07-13T06:16:42.892Z,0
2026-07-13T06:16:44.22Z,0
2026-07-13T06:16:44.75Z,0
2026-07-13T06:16:45.377Z,0
2026-07-13T06:16:46.14Z,0
2026-07-13T06:16:46.786Z,0
2026-07-13T06:16:47.885Z,0
2026-07-13T06:16:49.106Z,0
2026-07-13T06:16:50Z,1
2026-07-13T06:16:50.212Z,0
2026-07-13T06:16:50.931Z,0
2026-07-13T06:16:51.957Z,0
2026-07-13T06:16:53.185Z,0
2026-07-13T06:16:53.941Z,0
2026-07-13T06:16:54.464Z,0
2026-07-13T06:16:56.98Z,0
2026-07-13T06:16:58.012Z,0
2026-07-13T06:16:59Z,0
2026-07-13T06:16:59.232Z,0
2026-07-13T06:17:00.356Z,0
2026-07-13T06:17:01.536Z,0
2026-07-13T06:17:02.25Z,0
2026-07-13T06:17:03.334Z,0
2026-07-13T06:17:03.941Z,0
2026-07-13T06:17:10Z,1
2026-07-13T06:17:10.687Z,1
2026-07-13T06:17:14.215Z,0
2026-07-13T06:17:16.587Z,1
2026-07-13T06:17:17.094Z,0
2026-07-13T06:17:17.613Z,0
2026-07-13T06:17:18.243Z,0
2026-07-13T06:17:18.85Z,0
2026-07-13T06:17:19Z,0
2026-07-13T06:17:19.903Z,0
2026-07-13T06:17:20.587Z,0
2026-07-13T06:17:21.184Z,0
2026-07-13T06:17:22Z,1
2026-07-13T06:17:22.283Z,0
2026-07-13T06:17:22.973Z,0
2026-07-13T06:17:23.564Z,0
2026-07-13T06:17:24.601Z,0
2026-07-13T06:17:25.388Z,0
2026-07-13T06:17:26.523Z,0
2026-07-13T06:17:27.249Z,0
2026-07-13T06:17:28.23Z,0
2026-07-13T06:17:28.817Z,0
2026-07-13T06:17:29Z,0
2026-07-13T06:17:29.961Z,0
2026-07-13T06:17:31.161Z,0
2026-07-13T06:17:32Z,1
2026-07-13T06:17:32.291Z,0
2026-07-13T06:17:32.875Z,0
2026-07-13T06:17:33.556Z,0
2026-07-13T06:17:34.537Z,0
2026-07-13T06:17:35.259Z,0
2026-07-13T06:17:35.767Z,0
2026-07-13T06:17:36.861Z,0
2026-07-13T06:17:37.345Z,0
2026-07-13T06:17:37.827Z,0
2026-07-13T06:17:38.557Z,0
2026-07-13T06:17:39.044Z,0
2026-07-13T06:17:39.53Z,0
2026-07-13T06:17:40Z,0
2026-07-13T06:17:40.235Z,0
2026-07-13T06:17:40.755Z,0
2026-07-13T06:17:41.242Z,0
2026-07-13T06:17:41.874Z,0
2026-07-13T06:17:42.376Z,0
2026-07-13T06:17:42.985Z,0
2026-07-13T06:17:43Z,1
2026-07-13T06:17:43.496Z,0
2026-07-13T06:17:50Z,0
2026-07-13T06:17:51.269Z,1
2026-07-13T06:17:53Z,1
2026-07-13T06:17:54.859Z,0
2026-07-13T06:17:56.3Z,1
2026-07-13T06:17:57.496Z,0
2026-07-13T06:17:58.156Z,0
2026-07-13T06:17:59.424Z,0
2026-07-13T06:18:00Z,0
2026-07-13T06:18:00.05Z,0
2026-07-13T06:18:00.639Z,0
2026-07-13T06:18:01.335Z,0
2026-07-13T06:18:02.418Z,0
2026-07-13T06:18:03.008Z,0
2026-07-13T06:18:03.62Z,0
2026-07-13T06:18:04Z,1
2026-07-13T06:18:04.329Z,0
2026-07-13T06:18:05.422Z,0
2026-07-13T06:18:06.019Z,0
2026-07-13T06:18:06.726Z,0
2026-07-13T06:18:07.318Z,0
2026-07-13T06:18:08.325Z,0
2026-07-13T06:18:09.051Z,0
2026-07-13T06:18:09.633Z,0
2026-07-13T06:18:10.322Z,0
2026-07-13T06:18:10.917Z,0
2026-07-13T06:18:11Z,0
2026-07-13T06:18:11.991Z,0
2026-07-13T06:18:12.693Z,0
2026-07-13T06:18:13.72Z,0
2026-07-13T06:18:14Z,1
2026-07-13T06:18:14.446Z,0
2026-07-13T06:18:15.039Z,0
2026-07-13T06:18:15.757Z,0
2026-07-13T06:18:16.366Z,0
2026-07-13T06:18:17.05Z,0
2026-07-13T06:18:17.686Z,0
2026-07-13T06:18:18.724Z,0
2026-07-13T06:18:19.31Z,0
2026-07-13T06:18:19.997Z,0
2026-07-13T06:18:20.605Z,0
2026-07-13T06:18:21Z,0
2026-07-13T06:18:21.213Z,0
2026-07-13T06:18:21.817Z,0
2026-07-13T06:18:22.461Z,0
2026-07-13T06:18:23.113Z,0
2026-07-13T06:18:23.613Z,0
2026-07-13T06:18:24.13Z,0
2026-07-13T06:18:24.807Z,0
2026-07-13T06:18:25.415Z,0
2026-07-13T06:18:26.012Z,0
2026-07-13T06:18:26.523Z,0
2026-07-13T06:18:27.028Z,0
2026-07-13T06:18:27.715Z,0
2026-07-13T06:18:28.204Z,0
2026-07-13T06:18:28.79Z,0
2026-07-13T06:18:33Z,1
2026-07-13T06:18:42Z,0
2026-07-13T06:18:50.012Z,1
2026-07-13T06:18:52.523Z,0
2026-07-13T06:18:53Z,1
2026-07-13T06:18:55Z,0
2026-07-13T06:18:56Z,0
2026-07-13T06:18:57Z,0
2026-07-13T06:19:00.026Z,1
2026-07-13T06:19:05.868Z,0
2026-07-13T06:19:06Z,1
2026-07-13T06:19:07.281Z,1
2026-07-13T06:19:11.984Z,0
2026-07-13T06:19:14Z,0
2026-07-13T06:19:16Z,1
2026-07-13T06:19:16.112Z,1
2026-07-13T06:19:17Z,0
2026-07-13T06:19:18Z,0
2026-07-13T06:19:19Z,0
2026-07-13T06:19:20.6Z,0
2026-07-13T06:19:23.67Z,1
2026-07-13T06:19:29.895Z,0
2026-07-13T06:19:31.549Z,1
2026-07-13T06:19:36Z,1
2026-07-13T06:19:38.422Z,0
2026-07-13T06:19:43.407Z,1
2026-07-13T06:19:44.963Z,0
2026-07-13T06:19:46Z,0
2026-07-13T06:19:49.186Z,1
2026-07-13T06:19:53.104Z,0
2026-07-13T06:19:56Z,1
2026-07-13T06:19:57Z,0
2026-07-13T06:19:57.904Z,1
2026-07-13T06:20:00.739Z,0
2026-07-13T06:20:07Z,1
2026-07-13T06:20:08Z,0
2026-07-13T06:20:09.125Z,1
2026-07-13T06:20:09.523Z,0
2026-07-13T06:20:09.61Z,0
2026-07-13T06:20:10.159Z,0
2026-07-13T06:20:10.817Z,0
2026-07-13T06:20:11.87Z,0
2026-07-13T06:20:12.572Z,0
2026-07-13T06:20:13.571Z,0
2026-07-13T06:20:14.76Z,0
2026-07-13T06:20:15.391Z,0
2026-07-13T06:20:16.503Z,0
2026-07-13T06:20:17.159Z,0
2026-07-13T06:20:17.751Z,0
2026-07-13T06:20:18Z,1
2026-07-13T06:20:18.834Z,0
2026-07-13T06:20:19Z,0
2026-07-13T06:20:20.061Z,0
2026-07-13T06:20:20.66Z,0
2026-07-13T06:20:21.714Z,0
2026-07-13T06:20:22.441Z,0
2026-07-13T06:20:23.015Z,0
2026-07-13T06:20:23.602Z,0
2026-07-13T06:20:24.602Z,0
2026-07-13T06:20:25.365Z,0
2026-07-13T06:20:25.967Z,0
2026-07-13T06:20:26.616Z,0
2026-07-13T06:20:27.643Z,0
2026-07-13T06:20:28Z,1
2026-07-13T06:20:28.329Z,0
2026-07-13T06:20:28.95Z,0
2026-07-13T06:20:29.46Z,0
2026-07-13T06:20:30.483Z,0
2026-07-13T06:20:31Z,0
2026-07-13T06:20:31.096Z,0
2026-07-13T06:20:31.583Z,0
2026-07-13T06:20:32.335Z,0
2026-07-13T06:20:32.93Z,0
2026-07-13T06:20:33.418Z,0
2026-07-13T06:20:33.911Z,0
2026-07-13T06:20:34.54Z,0
2026-07-13T06:20:35.242Z,0
2026-07-13T06:20:35.847Z,0
2026-07-13T06:20:36.354Z,0
2026-07-13T06:20:36.885Z,0
2026-07-13T06:20:37.506Z,0
2026-07-13T06:20:38Z,1
2026-07-13T06:20:38.029Z,0
2026-07-13T06:20:38.743Z,0
2026-07-13T06:20:39.348Z,0
2026-07-13T06:20:39.956Z,0
2026-07-13T06:20:40.541Z,0
2026-07-13T06:20:41.127Z,0
2026-07-13T06:20:41.625Z,0
2026-07-13T06:20:42Z,0
2026-07-13T06:20:42.136Z,0
2026-07-13T06:20:42.794Z,0
2026-07-13T06:20:43.295Z,0
2026-07-13T06:20:43.892Z,0
2026-07-13T06:20:44.425Z,0
2026-07-13T06:20:44.934Z,0
2026-07-13T06:20:45.545Z,0
2026-07-13T06:20:46.087Z,0
2026-07-13T06:20:46.76Z,0
2026-07-13T06:20:47.351Z,0
2026-07-13T06:20:48Z,1
2026-07-13T06:20:53Z,0
2026-07-13T06:20:59Z,1
2026-07-13T06:21:04Z,0
2026-07-13T06:21:08Z,1
2026-07-13T06:21:14.03Z,1
2026-07-13T06:21:15Z,0
2026-07-13T06:21:16.455Z,0
2026-07-13T06:21:19Z,1
2026-07-13T06:21:21.279Z,1
2026-07-13T06:21:21.851Z,0
2026-07-13T06:21:22.37Z,0
2026-07-13T06:21:23.032Z,0
2026-07-13T06:21:23.655Z,0
2026-07-13T06:21:24.287Z,0
2026-07-13T06:21:24.882Z,0
2026-07-13T06:21:25.504Z,0
2026-07-13T06:21:26.107Z,0
2026-07-13T06:21:26.732Z,0
2026-07-13T06:21:27Z,0
2026-07-13T06:21:27.45Z,0
2026-07-13T06:21:28.063Z,0
2026-07-13T06:21:28.67Z,0
2026-07-13T06:21:29Z,1
2026-07-13T06:21:29.738Z,0
2026-07-13T06:21:30.576Z,0
2026-07-13T06:21:31.577Z,0
2026-07-13T06:21:32.333Z,0
2026-07-13T06:21:32.958Z,0
2026-07-13T06:21:33Z,0
2026-07-13T06:21:33.552Z,0
2026-07-13T06:21:34.617Z,0
2026-07-13T06:21:35.307Z,0
2026-07-13T06:21:35.892Z,0
2026-07-13T06:21:36.912Z,0
2026-07-13T06:21:37.647Z,0
2026-07-13T06:21:38.673Z,0
2026-07-13T06:21:39.324Z,0
2026-07-13T06:21:39.953Z,0
2026-07-13T06:21:41.273Z,0
2026-07-13T06:21:42.6Z,0
2026-07-13T06:21:43Z,1
2026-07-13T06:21:43.684Z,0
2026-07-13T06:21:44.204Z,0
2026-07-13T06:21:44.783Z,0
2026-07-13T06:21:45.523Z,0
2026-07-13T06:21:46.047Z,0
2026-07-13T06:21:46.558Z,0
2026-07-13T06:21:47Z,0
2026-07-13T06:21:47.159Z,0
2026-07-13T06:21:47.911Z,0
2026-07-13T06:21:48.526Z,0
2026-07-13T06:21:49.066Z,0
2026-07-13T06:21:49.587Z,0
2026-07-13T06:21:50.261Z,0
2026-07-13T06:21:50.776Z,0
2026-07-13T06:21:51.545Z,0
2026-07-13T06:21:52.104Z,0
2026-07-13T06:21:52.529Z,0
2026-07-13T06:21:53.108Z,0
2026-07-13T06:21:53.738Z,0
2026-07-13T06:21:54.311Z,0
2026-07-13T06:21:55Z,1
2026-07-13T06:21:55.078Z,0
2026-07-13T06:21:55.619Z,0
2026-07-13T06:21:56.266Z,0
2026-07-13T06:21:58Z,0
2026-07-13T06:22:05Z,1
2026-07-13T06:22:06.06Z,1
2026-07-13T06:22:09Z,0
2026-07-13T06:22:09.605Z,0
2026-07-13T06:22:17Z,1
2026-07-13T06:22:20Z,0
2026-07-13T06:22:27Z,1
2026-07-13T06:22:30Z,0
2026-07-13T06:22:37Z,1
2026-07-13T06:22:37.047Z,1
2026-07-13T06:22:38.174Z,0
2026-07-13T06:22:41Z,0
2026-07-13T06:22:44.27Z,1
2026-07-13T06:22:44.779Z,0
2026-07-13T06:22:48.321Z,1
2026-07-13T06:22:48.874Z,0
2026-07-13T06:22:49Z,1
2026-07-13T06:22:53Z,0
2026-07-13T06:22:53.427Z,1
2026-07-13T06:22:54.13Z,0
2026-07-13T06:22:57.981Z,1
2026-07-13T06:22:58.639Z,0
2026-07-13T06:23:00Z,1
2026-07-13T06:23:00.829Z,1
2026-07-13T06:23:03Z,0
2026-07-13T06:23:05.242Z,0
2026-07-13T06:23:08.11Z,1
2026-07-13T06:23:11Z,1
2026-07-13T06:23:12.064Z,0
2026-07-13T06:23:15Z,0
2026-07-13T06:23:16.881Z,1
2026-07-13T06:23:18.334Z,0
2026-07-13T06:23:21.137Z,1
2026-07-13T06:23:22Z,1
2026-07-13T06:23:25Z,0
2026-07-13T06:23:27.379Z,0
2026-07-13T06:23:30.18Z,1
2026-07-13T06:23:31.047Z,0
2026-07-13T06:23:33Z,1
2026-07-13T06:23:38Z,0
2026-07-13T06:23:44Z,1
2026-07-13T06:23:48Z,0
2026-07-13T06:23:54Z,1
2026-07-13T06:23:57Z,0
2026-07-13T06:24:06Z,1
2026-07-13T06:24:08Z,0
2026-07-13T06:24:09.631Z,1
2026-07-13T06:24:10.912Z,0
2026-07-13T06:24:16.202Z,1
2026-07-13T06:24:17.515Z,0
2026-07-13T06:24:23.665Z,1
2026-07-13T06:24:24.725Z,0
2026-07-13T06:24:29.782Z,1
2026-07-13T06:24:31.416Z,0
2026-07-13T06:24:37.991Z,1
2026-07-13T06:24:39.65Z,0
2026-07-13T06:24:45.126Z,1
2026-07-13T06:24:48.843Z,0
2026-07-13T06:24:50.835Z,1
2026-07-13T06:24:53.256Z,0
2026-07-13T06:24:57.207Z,1
2026-07-13T06:25:03.374Z,0
2026-07-13T06:25:06.946Z,1
2026-07-13T06:25:10.059Z,0
2026-07-13T06:25:14.146Z,1
2026-07-13T06:25:14.912Z,0
2026-07-13T06:25:22.458Z,1
2026-07-13T06:25:24.162Z,0
2026-07-13T06:25:30.49Z,1
2026-07-13T06:25:31.569Z,0
2026-07-13T06:25:34.188Z,1
2026-07-13T06:25:36.959Z,0
2026-07-13T06:25:44.244Z,1
2026-07-13T06:25:46.087Z,0
