_time,_value
2026-04-24T16:00:00.116Z,0
2026-04-25T12:50:47.997Z,1
2026-04-25T13:12:31.384Z,0
2026-04-25T14:31:52.58Z,1
2026-04-25T14:38:24.752Z,0
2026-04-26T07:35:03.634Z,1
2026-04-26T07:35:55.735Z,0
2026-04-26T07:48:23.022Z,1
2026-04-26T07:54:37.765Z,0
2026-04-26T08:04:57.5Z,1
2026-04-26T08:16:13.092Z,0
2026-04-26T08:25:13.885Z,1
2026-04-26T08:46:50.969Z,0
2026-04-26T09:03:41.862Z,1
2026-04-26T09:35:48.675Z,0
2026-04-26T09:42:54.434Z,1
2026-04-26T11:37:37.875Z,0
2026-04-26T11:54:49.824Z,1
2026-04-26T11:55:38.006Z,0
2026-04-26T12:00:43.897Z,1
2026-04-26T15:00:06.49Z,0
2026-04-26T15:22:47.837Z,1
2026-04-26T16:00:00.476Z,0
2026-04-26T16:17:59.648Z,1
2026-04-26T16:39:45.333Z,0
2026-04-27T08:28:24.709Z,1
2026-04-27T08:49:26.501Z,0
2026-04-27T09:01:50Z,1
2026-04-27T09:12:39.546Z,0
2026-04-27T09:26:53.692Z,1
2026-04-27T10:32:02.923Z,0
2026-04-27T10:36:23.345Z,1
2026-04-27T16:40:13.995Z,0
2026-04-28T09:49:30.772Z,1
2026-04-28T09:50:07.014Z,0
2026-04-28T10:14:35.985Z,1
2026-04-28T10:15:10.773Z,0
2026-04-28T10:26:14.045Z,1
2026-04-28T10:26:51.572Z,0
2026-04-28T10:27:28.394Z,1
2026-04-28T10:47:20.073Z,0
2026-04-28T10:53:38.092Z,1
2026-04-28T16:40:00.049Z,0
2026-04-29T08:19:08.229Z,1
2026-04-29T08:29:45.397Z,0
2026-04-29T08:34:30.187Z,1
2026-04-29T09:00:23.913Z,0
2026-04-29T09:14:00.592Z,1
2026-04-29T09:14:33.202Z,0
2026-04-29T09:14:59.119Z,1
2026-04-30T08:24:46.214Z,1
2026-04-30T08:49:52.398Z,0
2026-04-30T10:04:16.714Z,1
2026-04-30T10:26:28.682Z,0
2026-04-30T10:27:20.506Z,1
2026-04-30T16:40:00.048Z,0
2026-05-01T09:27:18.125Z,1
2026-05-01T09:38:06.67Z,0
2026-05-01T10:34:55.551Z,1
2026-05-01T10:45:52.088Z,0
2026-05-01T10:51:01.882Z,1
2026-05-01T10:55:57.678Z,0
2026-05-01T11:00:21.676Z,1
2026-05-01T11:05:59.486Z,0
2026-05-01T11:08:02.826Z,1
2026-05-01T11:18:22.33Z,0
2026-05-01T11:25:56.888Z,1
2026-05-01T11:26:28.446Z,0
2026-05-01T11:31:32.097Z,1
2026-05-01T11:37:00.194Z,0
2026-05-01T11:39:20.424Z,1
2026-05-01T12:27:53.749Z,0
2026-05-01T12:30:25.15Z,1
2026-05-01T12:58:07.109Z,0
2026-05-01T13:02:39.354Z,1
2026-05-01T13:08:36.749Z,0
2026-05-01T13:14:28.683Z,1
2026-05-01T13:19:11.47Z,0
2026-05-01T13:21:14.786Z,1
2026-05-01T13:28:44.728Z,0
2026-05-01T13:29:37.327Z,1
2026-05-01T14:09:13.478Z,0
2026-05-01T14:18:03.251Z,1
2026-05-01T14:19:22.867Z,0
2026-05-01T14:25:53.221Z,1
2026-05-01T14:30:15.121Z,0
2026-05-01T14:34:07.096Z,1
2026-05-01T14:50:19.859Z,0
2026-05-01T14:51:29.009Z,1
2026-05-01T15:20:46.35Z,0
2026-05-01T15:22:05.634Z,1
2026-05-01T15:27:58.751Z,0
2026-05-02T10:07:18.53Z,1
2026-05-02T10:07:40.677Z,0
2026-05-02T10:09:26.143Z,1
2026-05-02T10:28:17.016Z,0
2026-05-02T10:44:45.751Z,1
2026-05-02T10:55:29.214Z,0
2026-05-02T13:05:16.957Z,1
2026-05-02T13:05:52.814Z,0
2026-05-02T13:37:29.005Z,1
2026-05-02T13:37:54.948Z,0
2026-05-02T13:53:06.723Z,1
2026-05-02T13:53:38.1Z,0
2026-05-02T13:54:05.442Z,1
2026-05-02T14:09:17.608Z,0
2026-05-02T15:43:21.077Z,1
2026-05-02T15:43:50.141Z,0
2026-05-02T15:45:14.211Z,1
2026-05-02T16:04:19.083Z,0
2026-05-03T10:22:19.118Z,1
2026-05-03T10:22:51.558Z,0
2026-05-03T10:24:37.247Z,1
2026-05-03T10:43:08.858Z,0
2026-05-03T10:43:46.634Z,1
2026-05-03T10:54:10.178Z,0
2026-05-03T10:55:20.573Z,1
2026-05-03T11:13:52.608Z,0
2026-05-03T11:14:19.904Z,1
2026-05-03T11:24:00.298Z,0
2026-05-03T11:26:09.964Z,1
2026-05-03T12:25:53.418Z,0
2026-05-03T12:27:06.929Z,1
2026-05-03T16:40:00.076Z,0
2026-05-04T10:32:54.689Z,1
2026-05-04T10:33:37.719Z,0
2026-05-04T10:35:53.041Z,1
2026-05-04T10:43:45.795Z,0
2026-05-04T10:45:13.88Z,1
2026-05-04T16:40:01.409Z,0
2026-05-05T07:03:36.652Z,1
2026-05-05T16:40:00.066Z,0
2026-05-06T06:57:53.523Z,1
2026-05-06T07:09:02.821Z,0
2026-05-06T07:24:06.829Z,1
2026-05-06T07:24:34.622Z,0
2026-05-06T07:35:00.281Z,1
2026-05-06T07:35:38.121Z,0
2026-05-06T07:36:33.416Z,1
2026-05-06T09:43:21.479Z,1
2026-05-08T13:15:57.049Z,1
2026-05-08T17:00:00.117Z,0
2026-05-09T12:44:09.158Z,1
2026-05-09T12:48:46.159Z,0
2026-05-09T13:13:07.886Z,1
2026-05-09T13:54:45.602Z,0
2026-05-09T13:55:52.444Z,1
2026-05-09T15:21:36.336Z,0
2026-05-09T16:08:44.969Z,1
2026-05-09T16:09:56.128Z,0
2026-05-09T16:15:34.629Z,1
2026-05-09T16:39:53.981Z,0
2026-05-09T16:52:25.628Z,1
2026-05-09T16:53:47.247Z,0
2026-05-09T16:57:02.668Z,1
2026-05-09T17:00:00.053Z,0
2026-05-10T07:01:59.975Z,1
2026-05-10T07:13:41.893Z,0
2026-05-10T07:28:21.394Z,1
2026-05-10T07:29:38.344Z,0
2026-05-10T07:32:02.51Z,1
2026-05-10T08:09:47.082Z,0
2026-05-10T08:14:48.032Z,1
2026-05-10T08:30:28.533Z,0
2026-05-10T08:40:13.036Z,1
2026-05-10T08:40:47.439Z,0
2026-05-10T08:51:12.361Z,1
2026-05-10T08:53:37.218Z,0
2026-05-10T09:05:16.327Z,1
2026-05-10T09:06:28.112Z,0
2026-05-10T09:08:51.428Z,1
2026-05-10T17:00:00.091Z,0
2026-05-11T06:00:00.085Z,1
2026-05-11T06:21:21.906Z,3
2026-05-11T06:21:29.54Z,4
2026-05-11T06:22:38.63Z,1
2026-05-11T06:28:04.608Z,4
2026-05-11T06:31:43.895Z,4
2026-05-11T06:41:42.203Z,3
2026-05-11T06:41:51.863Z,4
2026-05-11T06:51:50.324Z,3
2026-05-11T06:51:58.453Z,4
2026-05-11T07:01:58.205Z,3
2026-05-11T07:02:06.203Z,4
2026-05-11T07:12:06.207Z,3
2026-05-11T07:12:15.043Z,4
2026-05-11T07:22:14.398Z,3
2026-05-11T07:22:22.688Z,4
2026-05-11T07:32:22.227Z,3
2026-05-11T07:32:30.219Z,4
2026-05-11T07:42:30.226Z,3
2026-05-11T07:42:38.235Z,4
2026-05-11T07:52:38.239Z,3
2026-05-11T07:52:46.233Z,4
2026-05-11T08:02:46.242Z,3
2026-05-11T08:02:54.254Z,4
2026-05-11T08:12:54.24Z,3
2026-05-11T08:13:02.661Z,4
2026-05-11T08:23:04.634Z,3
2026-05-11T08:23:10.258Z,4
2026-05-11T14:19:16.503Z,3
2026-05-11T14:19:24.499Z,4
2026-05-11T14:29:25.058Z,3
2026-05-11T14:29:32.507Z,4
2026-05-11T14:39:32.529Z,3
2026-05-11T14:39:42.554Z,4
2026-05-11T14:49:40.562Z,3
2026-05-11T14:49:48.533Z,4
2026-05-11T14:59:48.53Z,3
2026-05-11T14:59:59.125Z,4
2026-05-11T15:09:56.548Z,3
2026-05-11T15:10:10.298Z,4
2026-05-11T15:20:10.733Z,3
2026-05-11T15:20:13.486Z,4
2026-05-11T15:30:14.343Z,3
2026-05-11T15:30:20.614Z,4
2026-05-11T15:40:20.564Z,3
2026-05-11T15:40:28.55Z,4
2026-05-11T15:50:28.571Z,3
2026-05-11T15:50:36.578Z,4
2026-05-11T16:00:36.597Z,3
2026-05-11T16:00:44.571Z,4
2026-05-11T16:10:44.587Z,3
2026-05-11T16:10:52.568Z,4
2026-05-11T16:20:52.586Z,3
2026-05-11T16:21:02.306Z,4
2026-05-11T16:31:02.3Z,3
2026-05-11T16:31:08.594Z,4
2026-05-11T16:41:08.695Z,3
2026-05-11T16:41:16.6Z,4
2026-05-11T16:51:16.614Z,3
2026-05-11T16:51:24.608Z,4
2026-05-11T17:00:00.046Z,0
2026-05-11T19:23:53.892Z,0
2026-05-12T06:00:00.091Z,1
2026-05-12T07:13:48.809Z,4
2026-05-12T07:41:16.548Z,4
2026-05-12T07:51:16.564Z,3
2026-05-12T07:51:24.568Z,4
2026-05-12T08:01:24.572Z,3
2026-05-12T08:01:32.587Z,4
2026-05-12T08:11:34.524Z,3
2026-05-12T08:11:40.586Z,4
2026-05-12T08:21:42.736Z,3
2026-05-12T08:21:48.91Z,4
2026-05-12T08:31:50.341Z,3
2026-05-12T08:31:56.603Z,4
2026-05-12T08:41:56.626Z,3
2026-05-12T08:42:04.6Z,4
2026-05-12T08:52:04.6Z,3
2026-05-12T08:52:12.636Z,4
2026-05-12T09:02:14.292Z,3
2026-05-12T09:02:20.608Z,4
2026-05-12T09:12:21.719Z,3
2026-05-12T09:12:28.605Z,4
2026-05-12T09:22:28.976Z,3
2026-05-12T09:22:36.639Z,4
2026-05-12T09:32:37.817Z,3
2026-05-12T09:32:44.688Z,4
2026-05-12T09:42:44.641Z,3
2026-05-12T09:42:53.053Z,4
2026-05-12T09:52:53.543Z,3
2026-05-12T09:53:02.151Z,4
2026-05-12T10:03:02.668Z,3
2026-05-12T10:03:08.808Z,4
2026-05-12T10:13:08.646Z,3
2026-05-12T10:13:16.696Z,4
2026-05-12T10:23:16.64Z,3
2026-05-12T10:23:26.818Z,4
2026-05-12T10:33:24.747Z,3
2026-05-12T10:33:32.717Z,4
2026-05-12T10:43:32.734Z,3
2026-05-12T10:43:42.528Z,4
2026-05-12T10:53:40.816Z,3
2026-05-12T10:53:50.732Z,4
2026-05-12T11:03:48.747Z,3
2026-05-12T11:03:56.744Z,4
2026-05-12T11:13:56.733Z,3
2026-05-12T11:14:04.745Z,4
2026-05-12T11:24:04.774Z,3
2026-05-12T11:24:12.733Z,4
2026-05-12T11:34:12.765Z,3
2026-05-12T11:34:20.744Z,4
2026-05-12T11:44:20.756Z,3
2026-05-12T11:44:29.911Z,4
2026-05-12T11:54:28.752Z,3
2026-05-12T11:54:38.022Z,4
2026-05-12T12:04:36.768Z,3
2026-05-12T12:04:44.778Z,4
2026-05-12T12:14:44.765Z,3
2026-05-12T12:14:52.769Z,4
2026-05-12T12:24:52.761Z,3
2026-05-12T12:25:11.75Z,4
2026-05-12T12:35:11.332Z,3
2026-05-12T12:35:14.223Z,4
2026-05-12T12:45:13.933Z,3
2026-05-12T12:45:16.794Z,4
2026-05-12T12:55:16.805Z,3
2026-05-12T12:55:25.878Z,4
2026-05-12T13:05:24.803Z,3
2026-05-12T13:05:34.089Z,4
2026-05-12T13:15:32.819Z,3
2026-05-12T13:15:40.805Z,4
2026-05-12T13:25:40.814Z,3
2026-05-12T13:25:48.836Z,4
2026-05-12T13:35:48.86Z,3
2026-05-12T13:35:58.284Z,4
2026-05-12T13:45:56.825Z,3
2026-05-12T13:46:04.828Z,4
2026-05-12T13:56:04.836Z,3
2026-05-12T13:56:13.806Z,4
2026-05-12T14:06:13.041Z,3
2026-05-12T14:06:21.663Z,4
2026-05-12T14:16:20.874Z,3
2026-05-12T14:16:28.87Z,4
2026-05-12T14:26:28.846Z,3
2026-05-12T14:26:37.56Z,4
2026-05-12T14:36:36.97Z,3
2026-05-12T14:36:44.856Z,4
2026-05-12T14:46:45.164Z,3
2026-05-12T14:46:52.855Z,4
2026-05-12T14:56:52.879Z,3
2026-05-12T14:57:02.465Z,4
2026-05-12T15:07:02.597Z,3
2026-05-12T15:07:08.862Z,4
2026-05-12T15:17:08.867Z,3
2026-05-12T15:17:17.082Z,4
2026-05-12T15:27:17.109Z,3
2026-05-12T15:27:25.006Z,4
2026-05-12T15:37:24.888Z,3
2026-05-12T15:37:32.871Z,4
2026-05-12T15:47:32.889Z,3
2026-05-12T15:47:40.887Z,4
2026-05-12T15:57:40.906Z,3
2026-05-12T15:57:48.901Z,4
2026-05-12T16:07:48.907Z,3
2026-05-12T16:07:56.901Z,4
2026-05-12T16:17:56.915Z,3
2026-05-12T16:18:04.931Z,4
2026-05-12T16:28:04.916Z,3
2026-05-12T16:28:13.08Z,4
2026-05-12T16:38:12.937Z,3
2026-05-12T16:38:20.921Z,4
2026-05-12T16:48:22.934Z,3
2026-05-12T16:48:28.991Z,4
2026-05-12T16:58:29.041Z,3
2026-05-12T16:58:36.972Z,4
2026-05-12T17:00:07.705Z,0
2026-05-12T22:11:33.249Z,0
2026-05-13T06:00:00.052Z,1
2026-05-13T06:16:09.608Z,3
2026-05-13T06:16:16.012Z,4
2026-05-13T06:17:10.618Z,1
2026-05-13T06:25:17.188Z,4
2026-05-13T06:26:33.516Z,4
2026-05-13T06:27:39.761Z,1
2026-05-13T06:32:10.145Z,4
2026-05-13T06:36:47.829Z,4
2026-05-13T06:46:48.869Z,3
2026-05-13T06:46:55.83Z,4
2026-05-13T06:56:56.963Z,3
2026-05-13T06:57:03.833Z,4
2026-05-13T07:07:04.99Z,3
2026-05-13T07:07:11.849Z,4
2026-05-13T07:17:11.883Z,3
2026-05-13T07:17:19.856Z,4
2026-05-13T07:27:21.377Z,3
2026-05-13T07:27:28.224Z,4
2026-05-13T07:37:29.752Z,3
2026-05-13T07:37:35.874Z,4
2026-05-13T07:47:35.891Z,3
2026-05-13T07:47:43.868Z,4
2026-05-13T07:57:46.759Z,3
2026-05-13T07:57:51.891Z,4
2026-05-13T08:07:51.901Z,3
2026-05-13T08:08:00.459Z,4
2026-05-13T08:17:59.877Z,3
2026-05-13T08:18:08.621Z,4
2026-05-13T08:28:08.023Z,3
2026-05-13T08:28:15.887Z,4
2026-05-13T08:38:15.939Z,3
2026-05-13T08:38:23.903Z,4
2026-05-13T08:48:23.902Z,3
2026-05-13T08:48:31.908Z,4
2026-05-13T08:58:31.931Z,3
2026-05-13T08:58:39.907Z,4
2026-05-13T09:08:39.928Z,3
2026-05-13T09:08:47.918Z,4
2026-05-13T09:18:47.91Z,3
2026-05-13T09:18:55.947Z,4
2026-05-13T09:28:55.91Z,3
2026-05-13T09:29:03.908Z,4
2026-05-13T09:39:05.92Z,3
2026-05-13T09:39:11.922Z,4
2026-05-13T09:49:11.95Z,3
2026-05-13T09:49:19.929Z,4
2026-05-13T09:59:19.926Z,3
2026-05-13T09:59:28.389Z,4
2026-05-13T10:09:27.928Z,3
2026-05-13T10:09:35.932Z,4
2026-05-13T10:19:36.288Z,3
2026-05-13T10:19:43.974Z,4
2026-05-13T10:29:43.934Z,3
2026-05-13T10:29:51.951Z,4
2026-05-13T10:39:52.702Z,3
2026-05-13T10:39:59.957Z,4
2026-05-13T10:49:59.965Z,3
2026-05-13T10:50:11.547Z,4
2026-05-13T11:00:12.388Z,3
2026-05-13T11:00:15.964Z,4
2026-05-13T11:10:15.968Z,3
2026-05-13T11:10:23.99Z,4
2026-05-13T11:20:23.979Z,3
2026-05-13T11:20:32.051Z,4
2026-05-13T11:30:32.951Z,3
2026-05-13T11:30:39.978Z,4
2026-05-13T11:40:39.984Z,3
2026-05-13T11:40:47.985Z,4
2026-05-13T11:50:47.998Z,3
2026-05-13T11:50:55.986Z,4
2026-05-13T12:00:56Z,3
2026-05-13T12:01:04.454Z,4
2026-05-13T12:11:04.002Z,3
2026-05-13T12:11:12.841Z,4
2026-05-13T12:21:12.006Z,3
2026-05-13T12:21:21.252Z,4
2026-05-13T12:31:20.014Z,3
2026-05-13T12:31:28.015Z,4
2026-05-13T12:41:28.04Z,3
2026-05-13T12:41:36.02Z,4
2026-05-13T12:51:36.042Z,3
2026-05-13T12:51:44.021Z,4
2026-05-13T13:01:44.041Z,3
2026-05-13T13:01:52.034Z,4
2026-05-13T13:11:52.039Z,3
2026-05-13T13:12:00.469Z,4
2026-05-13T13:22:00.047Z,3
2026-05-13T13:22:08.066Z,4
2026-05-13T13:32:08.269Z,3
2026-05-13T13:32:16.052Z,4
2026-05-13T13:42:16.219Z,3
2026-05-13T13:42:24.061Z,4
2026-05-13T13:52:24.064Z,3
2026-05-13T13:52:32.058Z,4
2026-05-13T14:02:32.069Z,3
2026-05-13T14:02:40.055Z,4
2026-05-13T14:12:40.104Z,3
2026-05-13T14:12:48.06Z,4
2026-05-13T14:22:48.072Z,3
2026-05-13T14:22:57.434Z,4
2026-05-13T14:32:56.079Z,3
2026-05-13T14:33:05.606Z,4
2026-05-13T14:43:04.102Z,3
2026-05-13T14:43:13.727Z,4
2026-05-13T14:53:12.098Z,3
2026-05-13T14:53:21.577Z,4
2026-05-13T15:03:20.115Z,3
2026-05-13T15:03:28.347Z,4
2026-05-13T15:13:28.125Z,3
2026-05-13T15:13:38.078Z,4
2026-05-13T15:23:36.112Z,3
2026-05-13T15:23:46.282Z,4
2026-05-13T15:33:44.24Z,3
2026-05-13T15:33:54.207Z,4
2026-05-13T15:43:52.197Z,3
2026-05-13T15:44:00.217Z,4
2026-05-13T15:54:00.341Z,3
2026-05-13T15:54:08.25Z,4
2026-05-13T16:04:08.582Z,3
2026-05-13T16:04:16.208Z,4
2026-05-13T16:14:16.215Z,3
2026-05-13T16:14:24.208Z,4
2026-05-13T16:24:24.657Z,3
2026-05-13T16:24:32.227Z,4
2026-05-13T16:34:32.241Z,3
2026-05-13T16:34:40.243Z,4
2026-05-13T16:44:41.057Z,3
2026-05-13T16:44:48.234Z,4
2026-05-13T16:54:48.243Z,3
2026-05-13T16:54:56.531Z,4
2026-05-13T17:00:00.142Z,0
2026-05-13T17:23:28.426Z,0
2026-05-13T17:23:28.494Z,3
2026-05-13T17:23:29.465Z,3
2026-05-13T17:23:29.575Z,3
2026-05-13T17:23:36.532Z,4
2026-05-13T17:30:00.048Z,0
2026-05-13T20:55:38.92Z,0
2026-05-14T06:00:00.827Z,1
2026-05-14T06:38:24.776Z,3
2026-05-14T06:38:31.787Z,4
2026-05-14T06:39:35.532Z,1
2026-05-14T06:44:21.747Z,4
2026-05-14T06:48:49.337Z,4
2026-05-14T06:50:11.8Z,1
2026-05-14T06:54:51.174Z,4
2026-05-14T06:58:58.391Z,4
2026-05-14T07:08:58.404Z,3
2026-05-14T07:09:06.438Z,4
2026-05-14T07:19:06.406Z,3
2026-05-14T07:19:14.556Z,4
2026-05-14T07:29:14.419Z,3
2026-05-14T07:29:22.411Z,4
2026-05-14T07:39:22.417Z,3
2026-05-14T07:39:30.434Z,4
2026-05-14T07:49:30.967Z,3
2026-05-14T07:49:38.439Z,4
2026-05-14T07:59:38.425Z,3
2026-05-14T07:59:46.432Z,4
2026-05-14T08:09:46.436Z,3
2026-05-14T08:09:55.136Z,4
2026-05-14T08:19:54.655Z,3
2026-05-14T08:20:11.139Z,4
2026-05-14T08:30:11.463Z,3
2026-05-14T08:30:14.143Z,4
2026-05-14T08:40:14.08Z,3
2026-05-14T08:40:18.487Z,4
2026-05-14T08:50:18.482Z,3
2026-05-14T08:50:26.501Z,4
2026-05-14T09:00:26.488Z,3
2026-05-14T09:00:34.801Z,4
2026-05-14T09:10:34.495Z,3
2026-05-14T09:10:42.514Z,4
2026-05-14T09:20:42.497Z,3
2026-05-14T09:20:50.544Z,4
2026-05-14T09:30:50.507Z,3
2026-05-14T09:30:59.029Z,4
2026-05-14T09:40:58.513Z,3
2026-05-14T09:41:06.578Z,4
2026-05-14T09:51:06.526Z,3
2026-05-14T09:51:15.05Z,4
2026-05-14T10:01:14.511Z,3
2026-05-14T10:01:23.218Z,4
2026-05-14T10:11:22.524Z,3
2026-05-14T10:11:30.521Z,4
2026-05-14T10:21:30.534Z,3
2026-05-14T10:21:38.54Z,4
2026-05-14T10:31:38.541Z,3
2026-05-14T10:31:47.09Z,4
2026-05-14T10:41:46.554Z,3
2026-05-14T10:41:54.545Z,4
2026-05-14T10:51:54.545Z,3
2026-05-14T10:52:04.134Z,4
2026-05-14T11:02:02.582Z,3
2026-05-14T11:02:10.548Z,4
2026-05-14T11:12:11.044Z,3
2026-05-14T11:12:18.603Z,4
2026-05-14T11:22:18.568Z,3
2026-05-14T11:22:26.567Z,4
2026-05-14T11:32:26.582Z,3
2026-05-14T11:32:34.576Z,4
2026-05-14T11:42:35.168Z,3
2026-05-14T11:42:43.388Z,4
2026-05-14T11:52:43.04Z,3
2026-05-14T11:52:50.587Z,4
2026-05-14T12:02:50.583Z,3
2026-05-14T12:02:59.704Z,4
2026-05-14T12:12:58.581Z,3
2026-05-14T12:13:06.58Z,4
2026-05-14T12:23:06.595Z,3
2026-05-14T12:23:15.812Z,4
2026-05-14T12:33:14.593Z,3
2026-05-14T12:33:23.657Z,4
2026-05-14T12:43:22.976Z,3
2026-05-14T12:43:32.11Z,4
2026-05-14T12:53:30.631Z,3
2026-05-14T12:53:38.609Z,4
2026-05-14T13:03:38.608Z,3
2026-05-14T13:03:46.618Z,4
2026-05-14T13:13:47.232Z,3
2026-05-14T13:13:56.1Z,4
2026-05-14T13:23:55.011Z,3
2026-05-14T13:24:04.754Z,4
2026-05-14T13:34:05.862Z,3
2026-05-14T13:34:10.686Z,4
2026-05-14T13:44:10.663Z,3
2026-05-14T13:44:19.554Z,4
2026-05-14T13:54:18.672Z,3
2026-05-14T13:54:26.676Z,4
2026-05-14T14:04:27.012Z,3
2026-05-14T14:04:34.675Z,4
2026-05-14T14:14:34.674Z,3
2026-05-14T14:14:44.531Z,4
2026-05-14T14:24:42.689Z,3
2026-05-14T14:24:50.675Z,4
2026-05-14T14:34:50.771Z,3
2026-05-14T14:34:59.875Z,4
2026-05-14T14:44:58.688Z,3
2026-05-14T14:45:11.914Z,4
2026-05-14T14:55:09.805Z,3
2026-05-14T14:55:15.928Z,4
2026-05-14T15:05:14.719Z,3
2026-05-14T15:05:22.7Z,4
2026-05-14T15:15:22.725Z,3
2026-05-14T15:15:32.394Z,4
2026-05-14T15:25:30.731Z,3
2026-05-14T15:25:40.554Z,4
2026-05-14T15:35:38.738Z,3
2026-05-14T15:35:48.908Z,4
2026-05-14T15:45:47.833Z,3
2026-05-14T15:45:54.743Z,4
2026-05-14T15:55:54.737Z,3
2026-05-14T15:56:02.774Z,4
2026-05-14T16:06:04.673Z,3
2026-05-14T16:06:10.726Z,4
2026-05-14T16:16:10.741Z,3
2026-05-14T16:16:21.014Z,4
2026-05-14T16:26:18.807Z,3
2026-05-14T16:26:29.561Z,4
2026-05-14T16:36:26.807Z,3
2026-05-14T16:36:34.819Z,4
2026-05-14T16:46:34.813Z,3
2026-05-14T16:46:42.931Z,4
2026-05-14T16:56:42.824Z,3
2026-05-14T16:56:50.811Z,4
2026-05-14T17:06:51.971Z,3
2026-05-14T17:06:58.814Z,4
2026-05-14T17:16:58.829Z,3
2026-05-14T17:17:06.86Z,4
2026-05-14T17:27:06.843Z,3
2026-05-14T17:27:14.881Z,4
2026-05-14T17:30:00.185Z,0
2026-05-14T22:34:15.83Z,0
2026-05-15T06:00:00.08Z,1
2026-05-15T06:07:06.375Z,3
2026-05-15T06:07:14.628Z,4
2026-05-15T06:08:27.642Z,1
2026-05-15T06:14:20.378Z,4
2026-05-15T06:17:28.034Z,4
2026-05-15T06:27:28.235Z,3
2026-05-15T06:27:36.06Z,4
2026-05-15T06:37:36.063Z,3
2026-05-15T06:37:44.062Z,4
2026-05-15T06:40:30.084Z,4
2026-05-15T06:40:30.15Z,4
2026-05-15T06:40:30.203Z,4
2026-05-15T06:40:30.245Z,0
2026-05-15T06:40:30.28Z,0
2026-05-15T08:22:16.651Z,2
2026-05-15T08:22:16.696Z,3
2026-05-15T08:22:16.913Z,3
2026-05-15T08:22:17.041Z,3
2026-05-15T08:22:23.545Z,4
2026-05-15T08:32:23.537Z,3
2026-05-15T08:32:31.54Z,4
2026-05-15T08:42:32.395Z,3
2026-05-15T08:42:41.545Z,4
2026-05-15T08:52:41.549Z,3
2026-05-15T08:52:51.551Z,4
2026-05-15T09:02:53.351Z,3
2026-05-15T09:03:02.226Z,4
2026-05-15T09:13:02.089Z,3
2026-05-15T09:13:11.558Z,4
2026-05-15T09:23:11.569Z,3
2026-05-15T09:23:21.577Z,4
2026-05-15T09:33:21.61Z,3
2026-05-15T09:33:32.171Z,4
2026-05-15T09:43:31.619Z,3
2026-05-15T09:43:42.135Z,4
2026-05-15T09:53:43.005Z,3
2026-05-15T09:53:53.212Z,4
2026-05-15T10:03:51.668Z,3
2026-05-15T10:04:03.405Z,4
2026-05-15T10:14:02.292Z,3
2026-05-15T10:14:11.631Z,4
2026-05-15T10:24:11.949Z,3
2026-05-15T10:24:21.601Z,4
2026-05-15T10:34:22.405Z,3
2026-05-15T10:34:31.631Z,4
2026-05-15T10:44:31.651Z,3
2026-05-15T10:44:43.197Z,4
2026-05-15T10:54:42.411Z,3
2026-05-15T10:54:51.634Z,4
2026-05-15T11:04:51.629Z,3
2026-05-15T11:05:09.992Z,4
2026-05-15T11:15:08.616Z,3
2026-05-15T11:15:11.627Z,4
2026-05-15T11:25:13.409Z,3
2026-05-15T11:25:21.789Z,4
2026-05-15T11:35:21.84Z,3
2026-05-15T11:35:32.271Z,4
2026-05-15T11:45:32.26Z,3
2026-05-15T11:45:41.653Z,4
2026-05-15T11:55:41.667Z,3
2026-05-15T11:55:51.869Z,4
2026-05-15T12:05:51.664Z,3
2026-05-15T12:06:02.438Z,4
2026-05-15T12:16:02.464Z,3
2026-05-15T12:16:11.663Z,4
2026-05-15T12:26:13.209Z,3
2026-05-15T12:26:22.627Z,4
2026-05-15T12:36:21.676Z,3
2026-05-15T12:36:31.675Z,4
2026-05-15T12:46:31.759Z,3
2026-05-15T12:46:41.684Z,4
2026-05-15T12:56:41.768Z,3
2026-05-15T12:56:51.742Z,4
2026-05-15T13:06:51.815Z,3
2026-05-15T13:07:02.245Z,4
2026-05-15T13:17:02.291Z,3
2026-05-15T13:17:11.701Z,4
2026-05-15T13:27:12.033Z,3
2026-05-15T13:27:21.702Z,4
2026-05-15T13:37:25.168Z,3
2026-05-15T13:37:32.918Z,4
2026-05-15T13:47:31.722Z,3
2026-05-15T13:47:42.424Z,4
2026-05-15T13:57:41.728Z,3
2026-05-15T13:57:51.743Z,4
2026-05-15T14:07:52.595Z,3
2026-05-15T14:08:03.174Z,4
2026-05-15T14:18:02.33Z,3
2026-05-15T14:18:11.731Z,4
2026-05-15T14:28:12.311Z,3
2026-05-15T14:28:21.746Z,4
2026-05-15T14:38:21.742Z,3
2026-05-15T14:38:31.748Z,4
2026-05-15T14:48:34.06Z,3
2026-05-15T14:48:42.316Z,4
2026-05-15T14:58:41.854Z,3
2026-05-15T14:58:51.823Z,4
2026-05-15T15:08:51.835Z,3
2026-05-15T15:09:02.34Z,4
2026-05-15T15:19:02.273Z,3
2026-05-15T15:19:14.29Z,4
2026-05-15T15:29:12.632Z,3
2026-05-15T15:29:21.842Z,4
2026-05-15T15:39:21.847Z,3
2026-05-15T15:39:31.844Z,4
2026-05-15T15:49:31.852Z,3
2026-05-15T15:49:42.113Z,4
2026-05-15T15:59:41.872Z,3
2026-05-15T15:59:51.854Z,4
2026-05-15T16:09:54.008Z,3
2026-05-15T16:10:09.505Z,4
2026-05-15T16:20:12.296Z,3
2026-05-15T16:20:14.38Z,4
2026-05-15T16:21:51.402Z,1
2026-05-15T16:24:19.93Z,4
2026-05-15T16:30:26.542Z,4
2026-05-15T16:31:36.231Z,1
2026-05-15T16:34:49.636Z,4
2026-05-15T16:40:40.395Z,4
2026-05-15T16:41:41.16Z,1
2026-05-15T16:44:12.024Z,4
2026-05-15T16:50:50.608Z,4
2026-05-15T16:51:28.501Z,1
2026-05-15T16:55:00.945Z,4
2026-05-15T16:56:10.314Z,1
2026-05-15T17:01:21.973Z,3
2026-05-15T17:01:30.909Z,4
2026-05-15T17:01:54.654Z,1
2026-05-15T17:10:11.594Z,4
2026-05-15T17:11:47.764Z,4
2026-05-15T17:12:40.378Z,1
2026-05-15T17:25:48.336Z,3
2026-05-15T17:25:57.822Z,4
2026-05-15T17:26:26.151Z,1
2026-05-15T17:29:50.104Z,4
2026-05-15T17:30:00.093Z,0
2026-05-15T19:39:25.825Z,0
2026-05-16T06:00:00.051Z,1
2026-05-16T06:07:05.502Z,3
2026-05-16T06:07:13.612Z,4
2026-05-16T06:07:47.188Z,1
2026-05-16T06:15:45.854Z,4
2026-05-16T06:17:24.87Z,4
2026-05-16T06:18:23.577Z,1
2026-05-16T06:22:18.066Z,4
2026-05-16T06:27:36.911Z,4
2026-05-16T06:37:36.915Z,3
2026-05-16T06:37:47.23Z,4
2026-05-16T06:47:47.024Z,3
2026-05-16T06:47:59.014Z,4
2026-05-16T06:57:56.931Z,3
2026-05-16T06:58:07.056Z,4
2026-05-16T07:08:06.933Z,3
2026-05-16T07:08:17.019Z,4
2026-05-16T07:18:16.93Z,3
2026-05-16T07:18:27.815Z,4
2026-05-16T07:28:26.955Z,3
2026-05-16T07:28:36.952Z,4
2026-05-16T07:38:37.019Z,3
2026-05-16T07:38:46.984Z,4
2026-05-16T07:48:48.94Z,3
2026-05-16T07:48:56.966Z,4
2026-05-16T07:58:57.053Z,3
2026-05-16T07:59:06.967Z,4
2026-05-16T08:09:06.98Z,3
2026-05-16T08:09:18.906Z,4
2026-05-16T08:19:19.318Z,3
2026-05-16T08:19:28.359Z,4
2026-05-16T08:29:26.979Z,3
2026-05-16T08:29:36.977Z,4
2026-05-16T08:39:36.979Z,3
2026-05-16T08:39:46.982Z,4
2026-05-16T08:49:49.11Z,3
2026-05-16T08:49:57.077Z,4
2026-05-16T08:59:57.09Z,3
2026-05-16T09:00:12.346Z,4
2026-05-16T09:10:14.439Z,3
2026-05-16T09:10:17.193Z,4
2026-05-16T09:20:17.119Z,3
2026-05-16T09:20:27.089Z,4
2026-05-16T09:30:27.101Z,3
2026-05-16T09:30:37.103Z,4
2026-05-16T09:40:38.777Z,3
2026-05-16T09:40:47.128Z,4
2026-05-16T09:50:47.997Z,3
2026-05-16T09:50:57.154Z,4
2026-05-16T10:00:57.209Z,3
2026-05-16T10:01:07.176Z,4
2026-05-16T10:11:07.141Z,3
2026-05-16T10:11:19.322Z,4
2026-05-16T10:21:17.657Z,3
2026-05-16T10:21:27.146Z,4
2026-05-16T10:31:27.155Z,3
2026-05-16T10:31:40.719Z,4
2026-05-16T10:41:37.297Z,3
2026-05-16T10:41:47.161Z,4
2026-05-16T10:51:47.175Z,3
2026-05-16T10:51:57.187Z,4
2026-05-16T11:01:58.906Z,3
2026-05-16T11:02:07.5Z,4
2026-05-16T11:12:07.192Z,3
2026-05-16T11:12:17.187Z,4
2026-05-16T11:22:17.26Z,3
2026-05-16T11:22:29.336Z,4
2026-05-16T11:32:27.282Z,3
2026-05-16T11:32:37.259Z,4
2026-05-16T11:42:37.256Z,3
2026-05-16T11:42:47.255Z,4
2026-05-16T11:52:47.277Z,3
2026-05-16T11:52:58.088Z,4
2026-05-16T12:02:57.912Z,3
2026-05-16T12:03:07.265Z,4
2026-05-16T12:13:07.272Z,3
2026-05-16T12:13:17.266Z,4
2026-05-16T12:23:17.294Z,3
2026-05-16T12:23:27.283Z,4
2026-05-16T12:33:27.289Z,3
2026-05-16T12:33:37.292Z,4
2026-05-16T12:43:38.357Z,3
2026-05-16T12:43:47.319Z,4
2026-05-16T12:53:48.914Z,3
2026-05-16T12:53:57.298Z,4
2026-05-16T13:03:58.169Z,3
2026-05-16T13:04:07.577Z,4
2026-05-16T13:14:07.302Z,3
2026-05-16T13:14:17.301Z,4
2026-05-16T13:24:17.554Z,3
2026-05-16T13:24:27.309Z,4
2026-05-16T13:34:27.315Z,3
2026-05-16T13:34:38.349Z,4
2026-05-16T13:44:38.204Z,3
2026-05-16T13:44:47.696Z,4
2026-05-16T13:54:47.324Z,3
2026-05-16T13:54:58.052Z,4
2026-05-16T14:04:57.339Z,3
2026-05-16T14:05:13.597Z,4
2026-05-16T14:15:13.926Z,3
2026-05-16T14:15:18.895Z,4
2026-05-16T14:25:18.13Z,3
2026-05-16T14:25:27.338Z,4
2026-05-16T14:35:27.37Z,3
2026-05-16T14:35:37.35Z,4
2026-05-16T14:45:37.493Z,3
2026-05-16T14:45:47.97Z,4
2026-05-16T14:55:47.951Z,3
2026-05-16T14:55:57.362Z,4
2026-05-16T15:05:57.373Z,3
2026-05-16T15:06:07.379Z,4
2026-05-16T15:16:08.019Z,3
2026-05-16T15:16:17.371Z,4
2026-05-16T15:26:17.376Z,3
2026-05-16T15:26:27.379Z,4
2026-05-16T15:36:27.395Z,3
2026-05-16T15:36:37.385Z,4
2026-05-16T15:46:37.398Z,3
2026-05-16T15:46:48.035Z,4
2026-05-16T15:56:47.397Z,3
2026-05-16T15:56:59.068Z,4
2026-05-16T16:06:58.951Z,3
2026-05-16T16:07:07.401Z,4
2026-05-16T16:17:07.406Z,3
2026-05-16T16:17:20.897Z,4
2026-05-16T16:27:17.417Z,3
2026-05-16T16:27:27.834Z,4
2026-05-16T16:37:27.437Z,3
2026-05-16T16:37:37.447Z,4
2026-05-16T16:47:39.295Z,3
2026-05-16T16:47:47.546Z,4
2026-05-16T16:57:47.441Z,3
2026-05-16T16:57:57.84Z,4
2026-05-16T17:07:58.871Z,3
2026-05-16T17:08:09.519Z,4
2026-05-16T17:18:07.849Z,3
2026-05-16T17:18:17.452Z,4
2026-05-16T17:28:17.495Z,3
2026-05-16T17:28:27.465Z,4
2026-05-16T17:30:01.073Z,0
2026-05-16T18:55:30.743Z,0
2026-05-17T06:00:00.076Z,1
2026-05-17T06:54:25.075Z,3
2026-05-17T06:54:34.387Z,4
2026-05-17T06:55:14.901Z,1
2026-05-17T06:57:53.387Z,4
2026-05-17T07:04:52.326Z,4
2026-05-17T07:06:06.528Z,1
2026-05-17T07:06:46.162Z,4
2026-05-17T07:15:09.602Z,4
2026-05-17T07:25:12.291Z,3
2026-05-17T07:25:15.309Z,4
2026-05-17T07:35:15.331Z,3
2026-05-17T07:35:23.807Z,4
2026-05-17T07:35:59.876Z,1
2026-05-17T07:52:39.749Z,3
2026-05-17T07:52:49.387Z,4
2026-05-17T07:53:25.024Z,1
2026-05-17T08:00:48.117Z,4
2026-05-17T08:03:07.288Z,4
2026-05-17T08:03:52.264Z,1
2026-05-17T08:10:55.101Z,4
2026-05-17T08:13:25.148Z,4
2026-05-17T08:14:01.602Z,1
2026-05-17T08:28:30.543Z,3
2026-05-17T08:28:40.14Z,4
2026-05-17T08:29:21.252Z,1
2026-05-17T08:35:17.117Z,4
2026-05-17T08:38:54.237Z,4
2026-05-17T08:39:53.276Z,1
2026-05-17T08:44:04.636Z,4
2026-05-17T08:49:15.174Z,4
2026-05-17T08:59:13.878Z,3
2026-05-17T08:59:23.869Z,4
2026-05-17T09:09:23.89Z,3
2026-05-17T09:09:33.885Z,4
2026-05-17T09:10:14.11Z,1
2026-05-17T09:20:24.765Z,3
2026-05-17T09:20:33.083Z,4
2026-05-17T09:20:58.398Z,1
2026-05-17T09:22:30.007Z,4
2026-05-17T09:30:48.597Z,4
2026-05-17T09:38:29.993Z,1
2026-05-17T09:45:11.273Z,3
2026-05-17T09:45:15.281Z,4
2026-05-17T09:46:11.236Z,1
2026-05-17T09:48:33.418Z,4
2026-05-17T09:55:31.955Z,4
2026-05-17T09:56:30.661Z,1
2026-05-17T10:01:55.792Z,4
2026-05-17T10:05:45.086Z,4
2026-05-17T10:15:45.083Z,3
2026-05-17T10:15:55.083Z,4
2026-05-17T10:25:55.086Z,3
2026-05-17T10:26:05.098Z,4
2026-05-17T10:36:05.097Z,3
2026-05-17T10:36:16.219Z,4
2026-05-17T10:46:16.64Z,3
2026-05-17T10:46:25.102Z,4
2026-05-17T10:56:25.586Z,3
2026-05-17T10:56:35.102Z,4
2026-05-17T11:06:35.375Z,3
2026-05-17T11:06:46.101Z,4
2026-05-17T11:16:45.873Z,3
2026-05-17T11:16:55.123Z,4
2026-05-17T11:26:55.116Z,3
2026-05-17T11:27:05.729Z,4
2026-05-17T11:27:46.994Z,1
2026-05-17T11:32:48.005Z,4
2026-05-17T11:37:18.693Z,4
2026-05-17T11:47:16.49Z,3
2026-05-17T11:47:26.493Z,4
2026-05-17T11:57:26.499Z,3
2026-05-17T11:57:37.341Z,4
2026-05-17T12:07:37.866Z,3
2026-05-17T12:07:47.638Z,4
2026-05-17T12:17:46.532Z,3
2026-05-17T12:17:56.513Z,4
2026-05-17T12:27:56.515Z,3
2026-05-17T12:28:08.604Z,4
2026-05-17T12:38:08.072Z,3
2026-05-17T12:38:16.515Z,4
2026-05-17T12:48:16.525Z,3
2026-05-17T12:48:26.524Z,4
2026-05-17T12:58:28.321Z,3
2026-05-17T12:58:37.269Z,4
2026-05-17T13:08:36.779Z,3
2026-05-17T13:08:49.739Z,4
2026-05-17T13:18:48.09Z,3
2026-05-17T13:18:59.532Z,4
2026-05-17T13:19:29.167Z,1
2026-05-17T13:27:42.851Z,4
2026-05-17T13:29:10.902Z,4
2026-05-17T13:39:10.184Z,3
2026-05-17T13:39:20.119Z,4
2026-05-17T13:49:21.894Z,3
2026-05-17T13:49:30.104Z,4
2026-05-17T13:59:30.567Z,3
2026-05-17T13:59:40.146Z,4
2026-05-17T14:00:37.975Z,1
2026-05-17T14:07:16.77Z,4
2026-05-17T14:09:55.435Z,4
2026-05-17T14:19:55.429Z,3
2026-05-17T14:20:14.468Z,4
2026-05-17T14:20:39.194Z,1
2026-05-17T17:30:00.045Z,0
2026-05-18T06:00:00.05Z,1
2026-05-18T07:02:04.581Z,3
2026-05-18T07:02:12.605Z,4
2026-05-18T07:03:05.773Z,1
2026-05-18T07:03:43.308Z,0
2026-05-18T07:03:43.374Z,0
2026-05-18T07:03:43.419Z,0
2026-05-18T07:19:58.608Z,0
2026-05-18T07:46:03.952Z,0
2026-05-18T07:48:48.036Z,0
2026-05-18T07:52:25.873Z,2
2026-05-18T07:52:25.929Z,1
2026-05-18T07:52:26Z,1
2026-05-18T08:04:25.541Z,1
2026-05-18T08:04:25.57Z,1
2026-05-18T08:04:25.599Z,1
2026-05-18T08:07:02.899Z,1
2026-05-18T08:07:02.937Z,1
2026-05-18T08:07:02.975Z,1
2026-05-18T08:07:30.087Z,1
2026-05-18T08:07:30.12Z,3
2026-05-18T08:07:30.835Z,3
2026-05-18T08:07:31.158Z,3
2026-05-18T08:07:38.084Z,4
2026-05-18T08:07:43.065Z,3
2026-05-18T08:07:53.236Z,4
2026-05-18T08:07:58.038Z,3
2026-05-18T08:08:09.309Z,4
2026-05-18T08:08:13.041Z,3
2026-05-18T08:08:13.747Z,3
2026-05-18T08:08:14.492Z,4
2026-05-18T08:08:14.525Z,4
2026-05-18T08:09:04.733Z,1
2026-05-18T08:11:04.11Z,1
2026-05-18T08:11:04.14Z,1
2026-05-18T08:11:04.178Z,1
2026-05-18T08:11:14.56Z,4
2026-05-18T08:15:41.346Z,4
2026-05-18T08:15:41.484Z,4
2026-05-18T08:15:41.532Z,4
2026-05-18T08:17:54.176Z,4
2026-05-18T08:18:13.811Z,3
2026-05-18T08:18:24.795Z,4
2026-05-18T08:19:33.104Z,3
2026-05-18T08:19:52.786Z,4
2026-05-18T08:20:13.875Z,3
2026-05-18T08:20:22.204Z,4
2026-05-18T08:20:38.53Z,3
2026-05-18T08:20:58.534Z,4
2026-05-18T08:21:18.534Z,4
2026-05-18T08:21:18.579Z,4
2026-05-18T08:21:18.674Z,4
2026-05-18T08:21:18.734Z,0
2026-05-18T08:21:18.784Z,0
2026-05-18T08:21:38.894Z,2
2026-05-18T08:21:38.988Z,3
2026-05-18T08:21:40.239Z,3
2026-05-18T08:21:40.519Z,3
2026-05-18T08:21:51.133Z,4
2026-05-18T08:22:06.138Z,4
2026-05-18T08:22:06.166Z,4
2026-05-18T08:22:06.195Z,4
2026-05-18T08:22:06.224Z,0
2026-05-18T08:22:06.252Z,0
2026-05-18T08:23:22.49Z,0
2026-05-18T08:25:55.28Z,0
2026-05-18T08:45:30.645Z,2
2026-05-18T08:45:30.722Z,3
2026-05-18T08:45:31.592Z,3
2026-05-18T08:45:31.701Z,3
2026-05-18T08:52:53.018Z,3
2026-05-18T08:52:55.305Z,3
2026-05-18T08:52:55.334Z,3
2026-05-18T08:52:55.362Z,0
2026-05-18T08:52:55.392Z,0
2026-05-18T09:00:36.973Z,2
2026-05-18T09:00:37.1Z,3
2026-05-18T09:00:38.315Z,3
2026-05-18T09:00:38.578Z,3
2026-05-18T09:00:57.096Z,4
2026-05-18T09:01:19.64Z,3
2026-05-18T09:54:18.129Z,4
2026-05-18T10:04:08.323Z,3
2026-05-18T10:04:27.721Z,4
2026-05-18T10:07:41.224Z,3
2026-05-18T17:30:00.144Z,0
2026-05-18T21:08:37.634Z,0
2026-05-19T06:00:00.083Z,1
2026-05-19T06:16:44.663Z,3
2026-05-19T06:17:03.92Z,4
2026-05-19T06:17:44.981Z,1
2026-05-19T06:22:34.923Z,4
2026-05-19T06:27:23.645Z,4
2026-05-19T06:28:31.967Z,1
2026-05-19T06:29:30.526Z,4
2026-05-19T06:37:40.724Z,4
2026-05-19T06:39:21.912Z,4
2026-05-19T06:39:21.989Z,1
2026-05-19T06:39:22.053Z,1
2026-05-19T06:39:22.106Z,1
2026-05-19T06:50:33.175Z,3
2026-05-19T06:51:28.696Z,1
2026-05-19T06:54:06.916Z,3
2026-05-19T07:06:15.618Z,4
2026-05-19T07:10:55.606Z,3
2026-05-19T07:11:06.793Z,4
2026-05-19T07:12:04.31Z,1
2026-05-19T07:16:42.829Z,3
2026-05-19T07:40:15.11Z,4
2026-05-19T07:41:32.488Z,3
2026-05-19T07:41:44.344Z,4
2026-05-19T07:45:31.808Z,3
2026-05-19T07:52:44.148Z,1
2026-05-19T07:56:59.199Z,3
2026-05-19T17:30:00.055Z,0
2026-05-19T18:27:49.896Z,0
2026-05-19T18:27:50.086Z,0
2026-05-19T18:27:50.594Z,0
2026-05-19T18:27:50.792Z,0
2026-05-19T19:37:57.289Z,0
2026-05-19T19:37:57.622Z,0
2026-05-19T19:37:57.689Z,0
2026-05-19T19:37:57.72Z,0
2026-05-19T19:38:32.73Z,0
2026-05-19T19:38:32.804Z,0
2026-05-19T19:38:32.858Z,0
2026-05-19T19:38:32.92Z,0
2026-05-19T21:46:57.53Z,0
2026-05-20T06:00:00.066Z,1
2026-05-20T06:08:58.78Z,3
2026-05-20T06:09:16.717Z,4
2026-05-20T06:09:32.933Z,1
2026-05-20T06:15:55.863Z,4
2026-05-20T06:19:34.964Z,4
2026-05-20T06:20:17.155Z,1
2026-05-20T06:21:43.854Z,4
2026-05-20T06:29:52.153Z,4
2026-05-20T06:29:55.165Z,3
2026-05-20T07:21:18.692Z,3
2026-05-20T07:21:18.719Z,3
2026-05-20T07:21:18.746Z,3
2026-05-20T07:21:18.776Z,0
2026-05-20T07:21:18.813Z,0
2026-05-20T07:27:17.632Z,2
2026-05-20T07:27:17.701Z,3
2026-05-20T07:27:17.864Z,3
2026-05-20T07:27:17.933Z,3
2026-05-20T10:18:11.483Z,3
2026-05-20T10:18:11.557Z,3
2026-05-20T10:18:11.649Z,3
2026-05-20T10:18:11.788Z,0
2026-05-20T10:18:11.85Z,0
2026-05-20T10:33:05.168Z,2
2026-05-20T10:33:05.205Z,3
2026-05-20T10:33:06.064Z,3
2026-05-20T10:33:06.176Z,3
2026-05-20T12:22:55.316Z,4
2026-05-20T12:26:45.314Z,3
2026-05-20T12:26:55.312Z,4
2026-05-20T12:27:45.308Z,3
2026-05-20T12:28:06.118Z,4
2026-05-20T12:31:55.326Z,3
2026-05-20T12:32:05.319Z,4
2026-05-20T12:32:55.383Z,3
2026-05-20T12:33:15.407Z,4
2026-05-20T12:34:44.959Z,3
2026-05-20T12:34:55.121Z,4
2026-05-20T12:36:22.524Z,3
2026-05-20T12:36:42.36Z,4
2026-05-20T12:41:35.481Z,3
2026-05-20T12:42:02.987Z,4
2026-05-20T12:46:45.518Z,3
2026-05-20T12:47:02.539Z,4
2026-05-20T12:47:02.647Z,3
2026-05-20T12:47:12.303Z,4
2026-05-20T12:51:54.03Z,3
2026-05-20T12:52:12.294Z,4
2026-05-20T12:52:12.832Z,3
2026-05-20T12:52:22.307Z,4
2026-05-20T12:57:02.309Z,3
2026-05-20T12:57:22.287Z,4
2026-05-20T12:57:22.502Z,3
2026-05-20T12:57:32.318Z,4
2026-05-20T13:02:12.319Z,3
2026-05-20T13:02:33.407Z,4
2026-05-20T13:02:33.544Z,3
2026-05-20T13:02:42.353Z,4
2026-05-20T13:07:22.291Z,3
2026-05-20T13:07:42.889Z,4
2026-05-20T13:07:43.27Z,3
2026-05-20T13:07:52.32Z,4
2026-05-20T13:12:34.691Z,3
2026-05-20T13:12:52.294Z,4
2026-05-20T13:12:52.927Z,3
2026-05-20T13:13:02.491Z,4
2026-05-20T13:17:43.245Z,3
2026-05-20T13:18:02.316Z,4
2026-05-20T13:18:02.999Z,3
2026-05-20T13:18:12.77Z,4
2026-05-20T13:22:52.344Z,3
2026-05-20T13:23:14.85Z,4
2026-05-20T13:23:15.157Z,3
2026-05-20T13:23:22.356Z,4
2026-05-20T13:28:02.336Z,3
2026-05-20T13:28:23.122Z,4
2026-05-20T13:28:23.771Z,3
2026-05-20T13:28:32.613Z,4
2026-05-20T13:33:12.313Z,3
2026-05-20T13:33:34.611Z,4
2026-05-20T13:33:35.187Z,3
2026-05-20T13:33:42.369Z,4
2026-05-20T13:38:23.624Z,3
2026-05-20T13:38:42.318Z,4
2026-05-20T13:38:43.008Z,3
2026-05-20T13:38:52.398Z,4
2026-05-20T13:43:32.316Z,3
2026-05-20T13:43:54.284Z,4
2026-05-20T13:43:54.948Z,3
2026-05-20T13:44:02.44Z,4
2026-05-20T13:48:42.318Z,3
2026-05-20T13:49:03.528Z,4
2026-05-20T13:49:03.971Z,3
2026-05-20T13:49:12.759Z,4
2026-05-20T13:53:53.283Z,3
2026-05-20T13:54:13.603Z,4
2026-05-20T13:54:14.025Z,3
2026-05-20T13:54:22.929Z,4
2026-05-20T13:59:05.356Z,3
2026-05-20T13:59:22.323Z,4
2026-05-20T13:59:23.132Z,3
2026-05-20T13:59:32.452Z,4
2026-05-20T14:04:12.34Z,3
2026-05-20T14:04:33.081Z,4
2026-05-20T14:04:34.047Z,3
2026-05-20T14:04:42.791Z,4
2026-05-20T14:07:09.051Z,3
2026-05-20T17:02:50.009Z,4
2026-05-20T17:05:30.929Z,3
2026-05-20T17:05:40.431Z,4
2026-05-20T17:06:49.758Z,4
2026-05-20T17:06:49.892Z,4
2026-05-20T17:06:49.956Z,4
2026-05-20T17:07:45.141Z,4
2026-05-20T17:07:45.21Z,4
2026-05-20T17:07:45.33Z,4
2026-05-20T17:07:45.409Z,0
2026-05-20T17:07:45.468Z,0
2026-05-20T17:09:13.612Z,0
2026-05-20T17:09:13.695Z,0
2026-05-20T17:09:13.759Z,0
2026-05-20T17:09:13.803Z,0
2026-05-20T17:09:29.15Z,2
2026-05-20T17:09:29.214Z,3
2026-05-20T17:09:30.7Z,3
2026-05-20T17:09:31.095Z,3
2026-05-20T17:09:49.256Z,4
2026-05-20T17:14:39.256Z,3
2026-05-20T17:15:14.571Z,4
2026-05-20T17:15:17.125Z,3
2026-05-20T18:00:01.664Z,0
2026-05-20T22:55:17.999Z,0
2026-05-21T00:40:32.99Z,0
2026-05-21T03:29:14.748Z,0
2026-05-21T04:12:07.398Z,0
2026-05-21T05:05:57.88Z,0
2026-05-21T05:17:54.101Z,0
2026-05-21T06:00:00.281Z,3
2026-05-21T06:00:20.102Z,4
2026-05-21T06:02:39.684Z,1
2026-05-21T06:05:50.466Z,3
2026-05-21T06:06:08.12Z,4
2026-05-21T06:06:53.763Z,1
2026-05-21T06:13:24.18Z,3
2026-05-21T06:13:42.921Z,4
2026-05-21T06:14:19.701Z,1
2026-05-21T06:17:25.394Z,4
2026-05-21T06:18:54.93Z,4
2026-05-21T06:23:43.742Z,3
2026-05-21T06:24:04.98Z,4
2026-05-21T06:28:53.757Z,3
2026-05-21T06:29:23.764Z,4
2026-05-21T06:34:04.16Z,3
2026-05-21T06:34:13.847Z,4
2026-05-21T06:34:14.079Z,3
2026-05-21T06:34:34.47Z,4
2026-05-21T06:35:11.898Z,3
2026-05-21T06:35:34.686Z,4
2026-05-21T06:40:19.806Z,3
2026-05-21T06:40:49.773Z,4
2026-05-21T06:45:28.687Z,3
2026-05-21T06:45:48.691Z,4
2026-05-21T06:45:49.321Z,3
2026-05-21T06:45:58.717Z,4
2026-05-21T06:50:38.691Z,3
2026-05-21T06:50:58.718Z,4
2026-05-21T06:50:58.999Z,3
2026-05-21T06:51:08.745Z,4
2026-05-21T06:52:48.889Z,3
2026-05-21T09:13:34.217Z,3
2026-05-21T09:13:34.334Z,3
2026-05-21T09:13:34.472Z,3
2026-05-21T09:13:34.525Z,0
2026-05-21T09:13:34.565Z,0
2026-05-21T09:30:40.187Z,2
2026-05-21T09:30:40.291Z,3
2026-05-21T09:30:41.206Z,3
2026-05-21T09:30:41.36Z,3
2026-05-21T18:00:00.784Z,0
2026-05-21T20:38:16.951Z,0
2026-05-22T04:26:53.958Z,0
2026-05-22T05:11:51.295Z,0
2026-05-22T06:00:00.334Z,1
2026-05-22T06:04:59.871Z,3
2026-05-22T06:05:18.912Z,4
2026-05-22T06:05:54.624Z,1
2026-05-22T06:13:04.117Z,3
2026-05-22T06:13:21.62Z,4
2026-05-22T06:14:13.333Z,1
2026-05-22T06:15:34.662Z,4
2026-05-22T06:18:33.39Z,4
2026-05-22T06:23:26.051Z,3
2026-05-22T06:23:43.379Z,4
2026-05-22T06:27:23.619Z,3
2026-05-22T08:15:14.172Z,1
2026-05-22T08:17:26.544Z,3
2026-05-22T08:20:12.761Z,1
2026-05-22T08:23:50.292Z,3
2026-05-22T08:25:02.422Z,1
2026-05-22T08:29:52.201Z,3
2026-05-22T08:30:25.139Z,1
2026-05-22T08:35:23.817Z,3
2026-05-22T08:36:23.345Z,1
2026-05-22T08:38:39.547Z,3
2026-05-22T08:41:18.985Z,1
2026-05-22T08:45:43.177Z,3
2026-05-22T08:46:50.086Z,1
2026-05-22T08:49:21.351Z,3
2026-05-22T08:52:05.116Z,1
2026-05-22T08:56:02.001Z,3
2026-05-22T08:57:31.739Z,1
2026-05-22T08:59:41.778Z,3
2026-05-22T09:02:38.777Z,1
2026-05-22T09:04:22.513Z,3
2026-05-22T18:00:03.107Z,0
2026-05-22T20:40:49.538Z,0
2026-05-23T06:00:00.083Z,1
2026-05-23T06:08:33.218Z,3
2026-05-23T06:08:51.748Z,4
2026-05-23T06:09:04.609Z,1
2026-05-23T06:12:09.451Z,4
2026-05-23T06:12:59.985Z,1
2026-05-23T06:13:28.289Z,4
2026-05-23T06:14:06.688Z,4
2026-05-23T06:18:55.854Z,3
2026-05-23T06:19:25.857Z,4
2026-05-23T06:24:05.86Z,3
2026-05-23T06:24:17.118Z,4
2026-05-23T06:24:17.189Z,3
2026-05-23T06:24:38.441Z,4
2026-05-23T06:26:33.571Z,3
2026-05-23T14:43:16.836Z,3
2026-05-23T14:43:17.539Z,4
2026-05-23T14:43:17.589Z,4
2026-05-23T14:43:38.23Z,4
2026-05-23T14:43:48.154Z,4
2026-05-23T14:43:48.202Z,4
2026-05-23T14:43:48.258Z,4
2026-05-23T14:43:48.296Z,0
2026-05-23T14:43:48.346Z,0
2026-05-23T14:44:30.981Z,2
2026-05-23T14:44:31.07Z,3
2026-05-23T14:44:32.082Z,3
2026-05-23T14:44:32.254Z,3
2026-05-23T14:44:51.084Z,4
2026-05-23T14:46:33.703Z,3
2026-05-23T14:46:53.692Z,4
2026-05-23T14:51:53.691Z,3
2026-05-23T14:52:13.69Z,4
2026-05-23T14:57:13.698Z,3
2026-05-23T14:57:34.09Z,4
2026-05-23T15:02:33.71Z,3
2026-05-23T15:02:53.745Z,4
2026-05-23T15:07:55.483Z,3
2026-05-23T15:08:13.707Z,4
2026-05-23T15:13:13.711Z,3
2026-05-23T15:13:33.712Z,4
2026-05-23T15:18:33.743Z,3
2026-05-23T15:18:53.725Z,4
2026-05-23T15:23:53.753Z,3
2026-05-23T15:24:13.726Z,4
2026-05-23T15:29:13.831Z,3
2026-05-23T15:29:34.308Z,4
2026-05-23T15:34:34.948Z,3
2026-05-23T15:34:53.793Z,4
2026-05-23T15:39:53.747Z,3
2026-05-23T15:40:13.722Z,4
2026-05-23T15:45:14.14Z,3
2026-05-23T15:45:33.728Z,4
2026-05-23T15:50:33.751Z,3
2026-05-23T15:50:53.76Z,4
2026-05-23T15:55:53.765Z,3
2026-05-23T15:56:13.748Z,4
2026-05-23T16:01:13.753Z,3
2026-05-23T16:01:34.431Z,4
2026-05-23T16:06:33.763Z,3
2026-05-23T16:06:57.53Z,4
2026-05-23T16:11:53.788Z,3
2026-05-23T16:12:15.482Z,4
2026-05-23T16:17:13.764Z,3
2026-05-23T16:17:33.757Z,4
2026-05-23T16:22:33.921Z,3
2026-05-23T16:22:53.823Z,4
2026-05-23T16:27:55.19Z,3
2026-05-23T16:28:13.77Z,4
2026-05-23T16:33:13.783Z,3
2026-05-23T16:33:34.183Z,4
2026-05-23T16:38:33.795Z,3
2026-05-23T16:38:53.789Z,4
2026-05-23T16:43:54.976Z,3
2026-05-23T16:44:14.756Z,4
2026-05-23T16:49:14.34Z,3
2026-05-23T16:49:33.795Z,4
2026-05-23T16:54:33.799Z,3
2026-05-23T16:54:53.874Z,4
2026-05-23T16:59:55.192Z,3
2026-05-23T17:00:15.519Z,4
2026-05-23T17:05:17.155Z,3
2026-05-23T17:05:35.758Z,4
2026-05-23T17:10:33.815Z,3
2026-05-23T17:10:53.912Z,4
2026-05-23T17:15:53.849Z,3
2026-05-23T17:16:13.811Z,4
2026-05-23T17:21:15.72Z,3
2026-05-23T17:21:33.825Z,4
2026-05-23T17:26:33.815Z,3
2026-05-23T17:26:54.692Z,4
2026-05-23T17:31:53.825Z,3
2026-05-23T17:32:13.824Z,4
2026-05-23T17:37:13.827Z,3
2026-05-23T17:37:34.309Z,4
2026-05-23T17:42:33.844Z,3
2026-05-23T17:42:53.972Z,4
2026-05-23T17:47:53.869Z,3
2026-05-23T17:48:13.843Z,4
2026-05-23T17:53:13.881Z,3
2026-05-23T17:53:33.833Z,4
2026-05-23T17:58:33.911Z,3
2026-05-23T17:58:53.844Z,4
2026-05-23T18:00:02.265Z,0
2026-05-23T20:34:57.525Z,0
2026-05-24T06:00:00.092Z,1
2026-05-24T06:05:21.216Z,3
2026-05-24T06:05:41.312Z,4
2026-05-24T06:10:39.845Z,3
2026-05-24T06:10:59.819Z,4
2026-05-24T06:15:59.834Z,3
2026-05-24T06:16:20.071Z,4
2026-05-24T06:21:20.438Z,3
2026-05-24T06:21:40.916Z,4
2026-05-24T06:26:39.899Z,3
2026-05-24T06:26:59.831Z,4
2026-05-24T06:32:00.116Z,3
2026-05-24T06:32:19.837Z,4
2026-05-24T06:37:19.849Z,3
2026-05-24T06:37:40.921Z,4
2026-05-24T06:42:39.842Z,3
2026-05-24T06:43:00.247Z,4
2026-05-24T06:47:59.894Z,3
2026-05-24T06:48:21.971Z,4
2026-05-24T06:53:22.258Z,3
2026-05-24T06:53:39.859Z,4
2026-05-24T06:58:39.866Z,3
2026-05-24T06:59:00.787Z,4
2026-05-24T07:03:59.863Z,3
2026-05-24T07:04:19.863Z,4
2026-05-24T07:09:19.855Z,3
2026-05-24T07:09:40.213Z,4
2026-05-24T07:14:41.041Z,3
2026-05-24T07:15:01.488Z,4
2026-05-24T07:19:59.906Z,3
2026-05-24T07:20:19.862Z,4
2026-05-24T07:25:19.928Z,3
2026-05-24T07:25:39.865Z,4
2026-05-24T07:30:39.881Z,3
2026-05-24T07:31:01.549Z,4
2026-05-24T07:36:00.269Z,3
2026-05-24T07:36:19.879Z,4
2026-05-24T07:41:19.889Z,3
2026-05-24T07:41:40.351Z,4
2026-05-24T07:46:40.583Z,3
2026-05-24T07:46:59.888Z,4
2026-05-24T07:51:59.9Z,3
2026-05-24T07:52:20.326Z,4
2026-05-24T07:57:19.903Z,3
2026-05-24T07:57:39.899Z,4
2026-05-24T08:02:40.776Z,3
2026-05-24T08:03:00.611Z,4
2026-05-24T08:08:01.844Z,3
2026-05-24T08:08:19.91Z,4
2026-05-24T08:13:19.907Z,3
2026-05-24T08:13:39.907Z,4
2026-05-24T08:18:41.005Z,3
2026-05-24T08:19:00.52Z,4
2026-05-24T08:24:01.25Z,3
2026-05-24T08:24:19.914Z,4
2026-05-24T08:29:19.921Z,3
2026-05-24T08:29:39.926Z,4
2026-05-24T08:34:40.67Z,3
2026-05-24T08:35:02.636Z,4
2026-05-24T08:40:00.237Z,3
2026-05-24T08:40:19.925Z,4
2026-05-24T08:45:19.981Z,3
2026-05-24T08:45:40.571Z,4
2026-05-24T08:50:39.988Z,3
2026-05-24T08:50:59.942Z,4
2026-05-24T08:56:00.478Z,3
2026-05-24T08:56:20.519Z,4
2026-05-24T09:01:21.833Z,3
2026-05-24T09:01:42.018Z,4
2026-05-24T09:06:40.052Z,3
2026-05-24T09:07:00.059Z,4
2026-05-24T09:12:00.056Z,3
2026-05-24T09:12:20.055Z,4
2026-05-24T09:17:20.737Z,3
2026-05-24T09:17:41.823Z,4
2026-05-24T09:22:40.063Z,3
2026-05-24T09:23:00.061Z,4
2026-05-24T09:28:00.072Z,3
2026-05-24T09:28:20.099Z,4
2026-05-24T09:33:20.066Z,3
2026-05-24T09:33:41.558Z,4
2026-05-24T09:38:40.124Z,3
2026-05-24T09:39:00.071Z,4
2026-05-24T09:44:00.091Z,3
2026-05-24T09:44:20.112Z,4
2026-05-24T09:49:20.085Z,3
2026-05-24T09:49:41.352Z,4
2026-05-24T09:54:40.092Z,3
2026-05-24T09:55:00.087Z,4
2026-05-24T10:00:00.106Z,3
2026-05-24T10:00:21.065Z,4
2026-05-24T10:05:20.097Z,3
2026-05-24T10:05:41.235Z,4
2026-05-24T10:10:40.099Z,3
2026-05-24T10:11:03.191Z,4
2026-05-24T10:16:00.185Z,3
2026-05-24T10:16:20.327Z,4
2026-05-24T10:21:20.584Z,3
2026-05-24T10:21:44.263Z,4
2026-05-24T10:26:42.008Z,3
2026-05-24T10:27:00.81Z,4
2026-05-24T10:32:00.114Z,3
2026-05-24T10:32:20.544Z,4
2026-05-24T10:37:20.196Z,3
2026-05-24T10:37:40.19Z,4
2026-05-24T10:42:40.119Z,3
2026-05-24T10:43:01.742Z,4
2026-05-24T10:48:00.133Z,3
2026-05-24T10:48:20.139Z,4
2026-05-24T10:53:20.149Z,3
2026-05-24T10:53:40.412Z,4
2026-05-24T10:58:40.561Z,3
2026-05-24T10:59:01.478Z,4
2026-05-24T11:04:00.206Z,3
2026-05-24T11:04:20.204Z,4
2026-05-24T11:09:20.21Z,3
2026-05-24T11:09:41.235Z,4
2026-05-24T11:14:40.269Z,3
2026-05-24T11:15:00.958Z,4
2026-05-24T11:20:02.691Z,3
2026-05-24T11:20:22.638Z,4
2026-05-24T11:25:20.23Z,3
2026-05-24T11:25:40.223Z,4
2026-05-24T11:30:42.07Z,3
2026-05-24T11:31:00.232Z,4
2026-05-24T11:36:02.192Z,3
2026-05-24T11:36:20.239Z,4
2026-05-24T11:41:20.254Z,3
2026-05-24T11:41:40.244Z,4
2026-05-24T11:46:40.478Z,3
2026-05-24T11:47:00.245Z,4
2026-05-24T11:52:02.115Z,3
2026-05-24T11:52:20.259Z,4
2026-05-24T11:57:20.26Z,3
2026-05-24T11:57:40.635Z,4
2026-05-24T12:02:40.981Z,3
2026-05-24T12:03:00.694Z,4
2026-05-24T12:08:02.085Z,3
2026-05-24T12:08:20.569Z,4
2026-05-24T12:13:20.278Z,3
2026-05-24T12:13:40.266Z,4
2026-05-24T12:18:40.279Z,3
2026-05-24T12:19:00.275Z,4
2026-05-24T12:24:02.208Z,3
2026-05-24T12:24:22.162Z,4
2026-05-24T12:29:20.704Z,3
2026-05-24T12:29:40.275Z,4
2026-05-24T12:34:40.281Z,3
2026-05-24T12:35:00.409Z,4
2026-05-24T12:40:00.298Z,3
2026-05-24T12:40:20.289Z,4
2026-05-24T12:45:21.067Z,3
2026-05-24T12:45:40.29Z,4
2026-05-24T12:50:40.298Z,3
2026-05-24T12:51:01.978Z,4
2026-05-24T12:56:00.316Z,3
2026-05-24T12:56:20.315Z,4
2026-05-24T13:01:23.108Z,3
2026-05-24T13:01:40.886Z,4
2026-05-24T13:06:40.32Z,3
2026-05-24T13:07:02.177Z,4
2026-05-24T13:12:02.297Z,3
2026-05-24T13:12:20.323Z,4
2026-05-24T13:17:20.321Z,3
2026-05-24T13:17:41.11Z,4
2026-05-24T13:22:44.059Z,3
2026-05-24T13:23:02.062Z,4
2026-05-24T13:28:01.206Z,3
2026-05-24T13:28:20.377Z,4
2026-05-24T13:33:20.365Z,3
2026-05-24T13:33:41.299Z,4
2026-05-24T13:38:40.377Z,3
2026-05-24T13:39:00.375Z,4
2026-05-24T13:44:02.967Z,3
2026-05-24T13:44:20.38Z,4
2026-05-24T13:49:20.386Z,3
2026-05-24T13:49:40.384Z,4
2026-05-24T13:54:41.892Z,3
2026-05-24T13:55:00.388Z,4
2026-05-24T14:00:08.91Z,3
2026-05-24T14:00:20.388Z,4
2026-05-24T14:05:20.533Z,3
2026-05-24T14:05:40.4Z,4
2026-05-24T14:10:40.437Z,3
2026-05-24T14:11:02.22Z,4
2026-05-24T14:16:00.411Z,3
2026-05-24T14:16:20.405Z,4
2026-05-24T14:21:20.407Z,3
2026-05-24T14:21:40.402Z,4
2026-05-24T14:26:41.073Z,3
2026-05-24T14:27:00.776Z,4
2026-05-24T14:32:00.464Z,3
2026-05-24T14:32:20.433Z,4
2026-05-24T14:37:20.423Z,3
2026-05-24T14:37:41.811Z,4
2026-05-24T14:42:40.43Z,3
2026-05-24T14:43:00.422Z,4
2026-05-24T14:48:02.378Z,3
2026-05-24T14:48:22.122Z,4
2026-05-24T14:53:20.427Z,3
2026-05-24T14:53:40.463Z,4
2026-05-24T14:58:40.45Z,3
2026-05-24T14:59:02.124Z,4
2026-05-24T15:04:02.192Z,3
2026-05-24T15:04:20.443Z,4
2026-05-24T15:09:20.446Z,3
2026-05-24T15:09:40.6Z,4
2026-05-24T15:14:43.661Z,3
2026-05-24T15:15:00.456Z,4
2026-05-24T15:20:10.933Z,3
2026-05-24T15:20:20.454Z,4
2026-05-24T15:25:20.463Z,3
2026-05-24T15:25:40.957Z,4
2026-05-24T15:30:40.462Z,3
2026-05-24T15:31:02.261Z,4
2026-05-24T15:36:00.475Z,3
2026-05-24T15:36:21.068Z,4
2026-05-24T15:41:22.798Z,3
2026-05-24T15:41:42.544Z,4
2026-05-24T15:46:40.56Z,3
2026-05-24T15:47:02.477Z,4
2026-05-24T15:52:02.787Z,3
2026-05-24T15:52:20.795Z,4
2026-05-24T15:57:22.273Z,3
2026-05-24T15:57:42.092Z,4
2026-05-24T16:02:40.572Z,3
2026-05-24T16:03:02.985Z,4
2026-05-24T16:08:02.192Z,3
2026-05-24T16:08:20.603Z,4
2026-05-24T16:13:20.64Z,3
2026-05-24T16:13:41.648Z,4
2026-05-24T16:18:40.598Z,3
2026-05-24T16:19:02.21Z,4
2026-05-24T16:24:02.251Z,3
2026-05-24T16:24:20.581Z,4
2026-05-24T16:29:22.293Z,3
2026-05-24T16:29:40.585Z,4
2026-05-24T16:34:43.741Z,3
2026-05-24T16:35:11.247Z,4
2026-05-24T16:40:10.112Z,3
2026-05-24T16:40:21.526Z,4
2026-05-24T16:45:20.613Z,3
2026-05-24T16:45:40.608Z,4
2026-05-24T16:50:40.607Z,3
2026-05-24T16:51:04.079Z,4
2026-05-24T16:56:02.075Z,3
2026-05-24T16:56:20.651Z,4
2026-05-24T17:01:22.434Z,3
2026-05-24T17:01:41.312Z,4
2026-05-24T17:06:40.656Z,3
2026-05-24T17:07:02.371Z,4
2026-05-24T17:12:02.294Z,3
2026-05-24T17:12:20.652Z,4
2026-05-24T17:17:20.859Z,3
2026-05-24T17:17:40.674Z,4
2026-05-24T17:22:40.726Z,3
2026-05-24T17:23:03.298Z,4
2026-05-24T17:28:02.124Z,3
2026-05-24T17:28:20.656Z,4
2026-05-24T17:33:20.711Z,3
2026-05-24T17:33:40.678Z,4
2026-05-24T17:38:41.811Z,3
2026-05-24T17:39:02.586Z,4
2026-05-24T17:44:04.156Z,3
2026-05-24T17:44:20.75Z,4
2026-05-24T17:49:20.756Z,3
2026-05-24T17:49:43.279Z,4
2026-05-24T17:54:40.763Z,3
2026-05-24T17:55:09.113Z,4
2026-05-24T18:00:00.059Z,0
2026-05-24T21:19:11.82Z,0
2026-05-25T06:00:00.059Z,1
2026-05-25T06:03:24.858Z,3
2026-05-25T06:03:43.592Z,4
2026-05-25T06:08:43.6Z,3
2026-05-25T06:09:03.612Z,4
2026-05-25T06:14:03.615Z,3
2026-05-25T06:14:23.588Z,4
2026-05-25T06:19:23.609Z,3
2026-05-25T06:19:43.588Z,4
2026-05-25T06:24:43.599Z,3
2026-05-25T06:25:13.08Z,4
2026-05-25T06:30:13.054Z,3
2026-05-25T06:30:23.603Z,4
2026-05-25T06:35:23.609Z,3
2026-05-25T06:35:43.599Z,4
2026-05-25T06:40:43.641Z,3
2026-05-25T06:41:03.649Z,4
2026-05-25T06:46:03.637Z,3
2026-05-25T06:46:23.625Z,4
2026-05-25T06:51:23.645Z,3
2026-05-25T06:51:43.643Z,4
2026-05-25T06:56:43.651Z,3
2026-05-25T06:57:03.649Z,4
2026-05-25T07:02:03.645Z,3
2026-05-25T07:02:25.02Z,4
2026-05-25T07:07:23.689Z,3
2026-05-25T07:07:45.554Z,4
2026-05-25T07:12:43.661Z,3
2026-05-25T07:13:03.639Z,4
2026-05-25T07:18:03.661Z,3
2026-05-25T07:18:23.656Z,4
2026-05-25T07:23:23.683Z,3
2026-05-25T07:23:47.314Z,4
2026-05-25T07:28:43.661Z,3
2026-05-25T07:29:03.655Z,4
2026-05-25T07:34:03.658Z,3
2026-05-25T07:34:23.658Z,4
2026-05-25T07:39:23.92Z,3
2026-05-25T07:39:43.683Z,4
2026-05-25T07:44:43.674Z,3
2026-05-25T07:45:10.576Z,4
2026-05-25T07:50:12.288Z,3
2026-05-25T07:50:23.679Z,4
2026-05-25T07:55:24.104Z,3
2026-05-25T07:55:43.831Z,4
2026-05-25T08:00:43.691Z,3
2026-05-25T08:01:05.682Z,4
2026-05-25T08:06:04.048Z,3
2026-05-25T08:06:23.78Z,4
2026-05-25T08:11:24.029Z,3
2026-05-25T08:11:43.768Z,4
2026-05-25T08:16:44.943Z,3
2026-05-25T08:17:03.794Z,4
2026-05-25T08:22:06.511Z,3
2026-05-25T08:22:24.191Z,4
2026-05-25T08:27:23.82Z,3
2026-05-25T08:27:43.807Z,4
2026-05-25T08:32:43.809Z,3
2026-05-25T08:33:03.812Z,4
2026-05-25T08:38:03.819Z,3
2026-05-25T08:38:23.827Z,4
2026-05-25T08:43:23.859Z,3
2026-05-25T08:43:44.643Z,4
2026-05-25T08:48:44.199Z,3
2026-05-25T08:49:03.829Z,4
2026-05-25T08:54:04.773Z,3
2026-05-25T08:54:23.843Z,4
2026-05-25T08:54:44.697Z,1
2026-05-25T09:04:28.994Z,3
2026-05-25T09:04:47.198Z,4
2026-05-25T09:05:55.734Z,1
2026-05-25T09:14:36.741Z,3
2026-05-25T09:14:55.71Z,4
2026-05-25T09:16:03.435Z,1
2026-05-25T09:25:35.597Z,3
2026-05-25T09:25:56.538Z,4
2026-05-25T09:26:30.92Z,1
2026-05-25T09:35:39.086Z,3
2026-05-25T09:35:59.309Z,4
2026-05-25T09:36:16.938Z,1
2026-05-25T09:45:43.221Z,3
2026-05-25T09:46:02.489Z,4
2026-05-25T09:46:57.9Z,1
2026-05-25T09:55:20.309Z,3
2026-05-25T09:55:40.33Z,4
2026-05-25T09:56:10.395Z,1
2026-05-25T10:05:12.871Z,3
2026-05-25T10:05:22.386Z,3
2026-05-25T10:05:22.416Z,3
2026-05-25T10:05:22.446Z,3
2026-05-25T10:05:27.793Z,4
2026-05-25T10:05:51.699Z,1
2026-05-25T10:12:34.328Z,3
2026-05-25T10:12:51.684Z,4
2026-05-25T10:13:32.734Z,1
2026-05-25T10:20:47.102Z,3
2026-05-25T10:21:05.176Z,4
2026-05-25T10:21:46.31Z,1
2026-05-25T10:28:48.379Z,3
2026-05-25T10:29:05.705Z,4
2026-05-25T10:29:42.445Z,1
2026-05-25T10:33:09.248Z,4
2026-05-25T10:34:28.457Z,4
2026-05-25T10:34:47.88Z,1
2026-05-25T10:35:43.862Z,4
2026-05-25T10:39:54.549Z,4
2026-05-25T10:44:51.602Z,3
2026-05-25T10:45:11.597Z,4
2026-05-25T10:45:50.353Z,1
2026-05-25T10:55:27.443Z,3
2026-05-25T10:55:48.11Z,4
2026-05-25T10:56:13.246Z,1
2026-05-25T10:59:32.213Z,4
2026-05-25T11:01:11.602Z,4
2026-05-25T11:02:03.668Z,1
2026-05-25T11:03:20.952Z,4
2026-05-25T11:06:41.179Z,4
2026-05-25T11:07:15.505Z,1
2026-05-25T11:17:46.681Z,3
2026-05-25T11:18:04.889Z,4
2026-05-25T11:18:46.191Z,1
2026-05-25T11:20:11.407Z,4
2026-05-25T11:23:27.824Z,4
2026-05-25T11:28:28.995Z,3
2026-05-25T11:28:47.834Z,4
2026-05-25T11:33:48.021Z,3
2026-05-25T11:34:09.323Z,4
2026-05-25T11:34:34.926Z,1
2026-05-25T11:38:44.725Z,4
2026-05-25T11:39:33.702Z,4
2026-05-25T11:40:11.765Z,1
2026-05-25T11:48:10.709Z,3
2026-05-25T11:48:28.836Z,4
2026-05-25T11:48:58.023Z,1
2026-05-25T11:58:22.657Z,3
2026-05-25T11:58:41.573Z,4
2026-05-25T11:59:11.463Z,1
2026-05-25T11:59:59.966Z,4
2026-05-25T12:04:09.634Z,4
2026-05-25T12:09:09.79Z,3
2026-05-25T12:09:29.7Z,4
2026-05-25T12:14:32.42Z,3
2026-05-25T12:14:49.638Z,4
2026-05-25T12:15:15.298Z,1
2026-05-25T12:25:59.831Z,3
2026-05-25T12:26:19.737Z,4
2026-05-25T12:27:05.213Z,1
2026-05-25T12:28:27.269Z,4
2026-05-25T12:31:45.393Z,4
2026-05-25T12:36:45.443Z,3
2026-05-25T12:37:06.686Z,4
2026-05-25T12:42:05.411Z,3
2026-05-25T12:42:25.393Z,4
2026-05-25T12:43:08.699Z,1
2026-05-25T12:52:08.925Z,3
2026-05-25T12:52:29.629Z,4
2026-05-25T12:52:58.447Z,1
2026-05-25T12:56:05.071Z,4
2026-05-25T12:57:55.287Z,4
2026-05-25T13:02:58.176Z,3
2026-05-25T13:03:16.038Z,4
2026-05-25T13:08:14.252Z,3
2026-05-25T13:08:34.229Z,4
2026-05-25T13:09:13.409Z,1
2026-05-25T13:14:25.065Z,3
2026-05-25T13:14:43.087Z,4
2026-05-25T13:15:30.312Z,1
2026-05-25T13:23:04.587Z,3
2026-05-25T13:23:21.657Z,4
2026-05-25T13:23:52.765Z,1
2026-05-25T13:30:37.383Z,3
2026-05-25T13:30:55.939Z,4
2026-05-25T13:31:21.361Z,1
2026-05-25T13:37:57.168Z,3
2026-05-25T13:38:15.765Z,4
2026-05-25T13:39:03.626Z,1
2026-05-25T13:42:57.259Z,4
2026-05-25T13:43:45.528Z,4
2026-05-25T13:48:45.521Z,3
2026-05-25T13:49:05.516Z,4
2026-05-25T13:49:50.495Z,1
2026-05-25T13:52:52.683Z,4
2026-05-25T13:54:31.79Z,4
2026-05-25T13:54:57.042Z,1
2026-05-25T14:03:09.113Z,3
2026-05-25T14:03:27.929Z,4
2026-05-25T14:04:14.451Z,1
2026-05-25T14:13:11.705Z,3
2026-05-25T14:13:28.976Z,4
2026-05-25T14:14:30.356Z,1
2026-05-25T14:15:10.125Z,4
2026-05-25T14:18:58.073Z,4
2026-05-25T14:23:56.888Z,3
2026-05-25T14:24:16.889Z,4
2026-05-25T14:24:41.906Z,1
2026-05-25T14:29:46.603Z,3
2026-05-25T14:30:12.286Z,4
2026-05-25T14:30:24.116Z,1
2026-05-25T14:38:31.105Z,3
2026-05-25T14:38:49.29Z,4
2026-05-25T14:39:30.741Z,1
2026-05-25T14:45:43.63Z,3
2026-05-25T14:46:02.624Z,4
2026-05-25T14:46:31.735Z,1
2026-05-25T14:54:10.466Z,3
2026-05-25T14:54:29.159Z,4
2026-05-25T14:55:00.591Z,1
2026-05-25T15:02:30.799Z,3
2026-05-25T15:02:48.816Z,4
2026-05-25T15:03:09.833Z,1
2026-05-25T15:10:00.877Z,3
2026-05-25T15:10:19.42Z,4
2026-05-25T15:10:48.807Z,1
2026-05-25T15:17:23.597Z,3
2026-05-25T15:17:41.08Z,4
2026-05-25T15:18:06.121Z,1
2026-05-25T15:26:59.881Z,3
2026-05-25T15:27:18.665Z,4
2026-05-25T15:27:48.986Z,1
2026-05-25T15:34:03.735Z,3
2026-05-25T15:34:23.239Z,4
2026-05-25T15:34:59.324Z,1
2026-05-25T15:38:43.294Z,4
2026-05-25T15:39:52.378Z,4
2026-05-25T15:40:17.731Z,1
2026-05-25T15:50:13.545Z,3
2026-05-25T15:50:24.067Z,4
2026-05-25T15:50:56.98Z,1
2026-05-25T15:56:39.237Z,3
2026-05-25T15:56:58.397Z,4
2026-05-25T15:57:52.59Z,1
2026-05-25T16:04:10.697Z,3
2026-05-25T16:04:29.225Z,4
2026-05-25T16:05:00.297Z,1
2026-05-25T16:12:34.602Z,3
2026-05-25T16:12:55.788Z,4
2026-05-25T16:13:39.239Z,1
2026-05-25T16:17:56.797Z,3
2026-05-25T16:18:17.397Z,4
2026-05-25T16:19:28.028Z,1
2026-05-25T16:26:43.44Z,3
2026-05-25T16:27:02.381Z,4
2026-05-25T16:27:20.384Z,1
2026-05-25T16:31:19.287Z,4
2026-05-25T16:32:28.268Z,4
2026-05-25T16:32:57.618Z,1
2026-05-25T16:46:42.034Z,3
2026-05-25T16:47:02.203Z,4
2026-05-25T16:47:20.147Z,1
2026-05-25T16:54:50.167Z,3
2026-05-25T16:55:14.31Z,4
2026-05-25T16:55:28.299Z,1
2026-05-25T17:05:47.378Z,3
2026-05-25T17:06:06.189Z,4
2026-05-25T17:06:43.448Z,1
2026-05-25T17:08:43.291Z,4
2026-05-25T17:11:30.359Z,4
2026-05-25T17:12:05.408Z,1
2026-05-25T17:14:20.692Z,4
2026-05-25T17:16:14.018Z,1
2026-05-25T17:20:24.481Z,3
2026-05-25T17:20:43.485Z,4
2026-05-25T17:21:35.316Z,1
2026-05-25T17:28:04.89Z,3
2026-05-25T17:28:24.242Z,4
2026-05-25T17:29:16.156Z,1
2026-05-25T17:33:10.894Z,4
2026-05-25T17:33:49.884Z,4
2026-05-25T17:34:00.803Z,1
2026-05-25T17:45:35.899Z,3
2026-05-25T17:45:55.034Z,4
2026-05-25T17:46:47.62Z,1
2026-05-25T17:55:09.921Z,3
2026-05-25T17:55:24.397Z,4
2026-05-25T17:55:42.826Z,1
2026-05-25T18:00:12.806Z,0
2026-05-25T18:00:35.549Z,0
2026-05-25T19:40:33.072Z,0
2026-05-26T06:00:00.113Z,1
2026-05-26T06:32:15.301Z,3
2026-05-26T06:32:33.041Z,4
2026-05-26T06:33:20.141Z,1
2026-05-26T06:34:21.475Z,4
2026-05-26T06:38:03.943Z,4
2026-05-26T06:38:33.241Z,4
2026-05-26T06:38:33.311Z,4
2026-05-26T06:38:33.39Z,4
2026-05-26T06:38:33.44Z,0
2026-05-26T06:38:33.497Z,0
2026-05-26T09:55:13.095Z,2
2026-05-26T09:55:13.123Z,3
2026-05-26T09:55:13.297Z,3
2026-05-26T09:55:13.386Z,3
2026-05-26T09:55:26.215Z,4
2026-05-26T09:58:16.366Z,3
2026-05-26T09:58:36.275Z,4
2026-05-26T10:03:36.345Z,3
2026-05-26T10:03:56.879Z,4
2026-05-26T10:04:48.229Z,1
2026-05-26T10:05:15.208Z,4
2026-05-26T10:09:24.108Z,4
2026-05-26T10:14:24.91Z,3
2026-05-26T10:14:44.733Z,4
2026-05-26T10:15:31.245Z,1
2026-05-26T10:17:29.388Z,4
2026-05-26T10:20:14.738Z,4
2026-05-26T10:20:54.195Z,1
2026-05-26T10:23:07.488Z,4
2026-05-26T10:25:36.861Z,4
2026-05-26T10:26:15.087Z,1
2026-05-26T10:28:05.659Z,4
2026-05-26T10:31:04.269Z,4
2026-05-26T10:31:40.387Z,1
2026-05-26T10:32:28.877Z,4
2026-05-26T10:36:27.812Z,4
2026-05-26T10:37:08.665Z,1
2026-05-26T10:53:32.157Z,3
2026-05-26T10:53:51.96Z,4
2026-05-26T10:54:36.795Z,1
2026-05-26T11:02:30.922Z,3
2026-05-26T11:02:49.486Z,4
2026-05-26T11:07:49.495Z,3
2026-05-26T11:08:09.623Z,4
2026-05-26T11:13:09.505Z,3
2026-05-26T11:13:31.486Z,4
2026-05-26T11:18:29.493Z,3
2026-05-26T11:18:49.496Z,4
2026-05-26T11:23:49.499Z,3
2026-05-26T11:24:09.501Z,4
2026-05-26T11:24:49.393Z,1
2026-05-26T11:26:06.557Z,4
2026-05-26T11:27:29.032Z,1
2026-05-26T11:33:13.722Z,3
2026-05-26T11:33:32.293Z,4
2026-05-26T11:38:33.754Z,3
2026-05-26T11:38:53.904Z,4
2026-05-26T11:43:52.316Z,3
2026-05-26T11:44:12.831Z,4
2026-05-26T11:49:12.311Z,3
2026-05-26T11:49:32.318Z,4
2026-05-26T11:54:32.324Z,3
2026-05-26T11:54:52.325Z,4
2026-05-26T11:55:12.992Z,1
2026-05-26T12:03:58.079Z,3
2026-05-26T12:04:15.032Z,4
2026-05-26T12:04:28.388Z,1
2026-05-26T12:15:12.086Z,3
2026-05-26T12:15:23.378Z,4
2026-05-26T12:15:42.04Z,1
2026-05-26T12:23:12.733Z,3
2026-05-26T12:23:32.905Z,4
2026-05-26T12:24:07.027Z,1
2026-05-26T12:27:41.724Z,4
2026-05-26T12:28:59.685Z,4
2026-05-26T12:33:59.69Z,3
2026-05-26T12:34:19.683Z,4
2026-05-26T12:39:19.689Z,3
2026-05-26T12:39:39.689Z,4
2026-05-26T12:40:14.663Z,1
2026-05-26T12:48:54.315Z,3
2026-05-26T12:49:14.781Z,4
2026-05-26T12:49:49.962Z,1
2026-05-26T12:57:50.718Z,3
2026-05-26T12:58:09.775Z,4
2026-05-26T12:58:45.038Z,1
2026-05-26T13:00:44.472Z,4
2026-05-26T13:03:33.376Z,4
2026-05-26T13:08:34.183Z,3
2026-05-26T13:08:53.353Z,4
2026-05-26T13:13:53.621Z,3
2026-05-26T13:14:13.358Z,4
2026-05-26T13:14:33.879Z,1
2026-05-26T13:24:33.052Z,3
2026-05-26T13:24:51.893Z,4
2026-05-26T13:25:22.67Z,1
2026-05-26T13:27:23.849Z,4
2026-05-26T13:30:23.012Z,4
2026-05-26T13:35:23.526Z,3
2026-05-26T13:35:41.65Z,4
2026-05-26T13:36:23.08Z,1
2026-05-26T13:44:17.424Z,3
2026-05-26T13:44:35.935Z,4
2026-05-26T13:44:57.212Z,1
2026-05-26T13:50:54.843Z,3
2026-05-26T13:51:14.681Z,4
2026-05-26T13:51:49.075Z,1
2026-05-26T14:00:32.233Z,3
2026-05-26T14:00:51.115Z,4
2026-05-26T14:01:26.918Z,1
2026-05-26T14:02:17.431Z,4
2026-05-26T14:06:16.957Z,4
2026-05-26T14:11:18.423Z,3
2026-05-26T14:11:38.488Z,4
2026-05-26T14:16:36.966Z,3
2026-05-26T14:16:56.959Z,4
2026-05-26T14:17:11.517Z,1
2026-05-26T14:26:13.853Z,3
2026-05-26T14:26:31.32Z,4
2026-05-26T14:27:08.332Z,1
2026-05-26T14:35:17.992Z,3
2026-05-26T14:35:36.397Z,4
2026-05-26T14:36:17.046Z,1
2026-05-26T14:41:08.94Z,3
2026-05-26T14:41:26.152Z,4
2026-05-26T14:42:03.109Z,1
2026-05-26T14:43:16.078Z,4
2026-05-26T14:46:53.551Z,4
2026-05-26T14:51:57.224Z,3
2026-05-26T14:52:13.576Z,4
2026-05-26T14:52:39.259Z,1
2026-05-26T15:00:13.282Z,3
2026-05-26T15:00:28.229Z,4
2026-05-26T15:01:25.06Z,1
2026-05-26T15:04:45.233Z,4
2026-05-26T15:05:54.551Z,4
2026-05-26T15:10:54.553Z,3
2026-05-26T15:11:14.548Z,4
2026-05-26T15:16:14.966Z,3
2026-05-26T15:16:34.537Z,4
2026-05-26T15:17:06.014Z,1
2026-05-26T15:26:44.865Z,3
2026-05-26T15:27:03.236Z,4
2026-05-26T15:27:23.1Z,1
2026-05-26T15:35:25.985Z,3
2026-05-26T15:35:45.236Z,4
2026-05-26T15:36:10.862Z,1
2026-05-26T15:41:57.878Z,3
2026-05-26T15:42:15.84Z,4
2026-05-26T15:42:33.984Z,1
2026-05-26T15:46:35.899Z,4
2026-05-26T15:47:08.205Z,1
2026-05-26T15:49:14.034Z,3
2026-05-26T15:49:33.512Z,4
2026-05-26T15:50:15.896Z,1
2026-05-26T15:57:16.107Z,3
2026-05-26T15:57:35.213Z,4
2026-05-26T15:58:11.002Z,1
2026-05-26T16:04:43.496Z,3
2026-05-26T16:05:12.875Z,4
2026-05-26T16:05:33.141Z,1
2026-05-26T16:13:01.964Z,3
2026-05-26T16:13:20.254Z,4
2026-05-26T16:13:46.445Z,1
2026-05-26T16:18:00.099Z,4
2026-05-26T16:18:46.615Z,4
2026-05-26T16:19:21.964Z,1
2026-05-26T16:22:42.454Z,4
2026-05-26T16:23:16.208Z,1
2026-05-26T16:28:05.697Z,3
2026-05-26T16:28:23.163Z,4
2026-05-26T16:28:42.662Z,1
2026-05-26T16:34:23.025Z,3
2026-05-26T16:34:41.306Z,4
2026-05-26T16:34:59.582Z,1
2026-05-26T16:41:36.277Z,3
2026-05-26T16:41:53.384Z,4
2026-05-26T16:42:06.464Z,1
2026-05-26T16:49:52.249Z,3
2026-05-26T16:50:13.904Z,4
2026-05-26T16:50:48.041Z,1
2026-05-26T16:55:40.892Z,3
2026-05-26T16:56:00.164Z,4
2026-05-26T16:56:34.564Z,1
2026-05-26T17:06:06.09Z,3
2026-05-26T17:06:23.585Z,4
2026-05-26T17:06:41.768Z,1
2026-05-26T17:13:18.392Z,3
2026-05-26T17:13:36.433Z,4
2026-05-26T17:13:55.68Z,1
2026-05-26T17:14:57.276Z,0
2026-05-26T17:14:57.328Z,0
2026-05-26T17:14:57.395Z,0
2026-05-26T17:16:29.529Z,0
2026-05-26T18:00:07.742Z,0
2026-05-26T19:17:04.615Z,0
2026-05-26T19:17:04.644Z,0
2026-05-26T19:17:04.674Z,0
2026-05-26T19:17:04.704Z,0
2026-05-26T20:15:39.354Z,0
2026-05-27T06:00:00.174Z,1
2026-05-27T06:20:53.846Z,3
2026-05-27T06:21:11.316Z,4
2026-05-27T06:21:52.132Z,1
2026-05-27T06:37:41.816Z,3
2026-05-27T06:38:00.57Z,4
2026-05-27T06:38:07.104Z,4
2026-05-27T06:38:07.18Z,4
2026-05-27T06:38:07.212Z,4
2026-05-27T06:38:07.243Z,0
2026-05-27T06:38:07.273Z,0
2026-05-27T06:38:36.155Z,0
2026-05-27T06:42:26.678Z,0
2026-05-27T07:10:32.859Z,2
2026-05-27T07:10:32.921Z,3
2026-05-27T07:10:33.851Z,3
2026-05-27T07:10:33.968Z,3
2026-05-27T07:10:55.129Z,4
2026-05-27T07:13:51.437Z,3
2026-05-27T07:14:12.129Z,4
2026-05-27T07:18:33.649Z,3
2026-05-27T07:18:48.635Z,4
2026-05-27T07:23:48.647Z,3
2026-05-27T07:24:03.649Z,4
2026-05-27T07:29:04.655Z,3
2026-05-27T07:29:18.647Z,4
2026-05-27T07:34:18.674Z,3
2026-05-27T07:34:33.646Z,4
2026-05-27T07:39:33.651Z,3
2026-05-27T07:39:48.659Z,4
2026-05-27T07:44:48.663Z,3
2026-05-27T07:45:12.246Z,4
2026-05-27T07:50:12.515Z,3
2026-05-27T07:50:18.675Z,4
2026-05-27T07:55:18.678Z,3
2026-05-27T07:55:34.164Z,4
2026-05-27T07:59:28.428Z,1
2026-05-27T08:05:12.743Z,3
2026-05-27T08:05:18.061Z,4
2026-05-27T08:06:24.613Z,1
2026-05-27T08:09:42.193Z,4
2026-05-27T08:10:36.289Z,4
2026-05-27T08:11:32.619Z,1
2026-05-27T08:15:14.852Z,4
2026-05-27T08:16:03.512Z,4
2026-05-27T08:16:38.031Z,1
2026-05-27T08:18:39.755Z,4
2026-05-27T08:21:22.68Z,4
2026-05-27T08:21:54.027Z,1
2026-05-27T08:25:44.778Z,4
2026-05-27T08:26:39.258Z,4
2026-05-27T08:27:17.957Z,1
2026-05-27T08:31:20.206Z,4
2026-05-27T08:32:03.704Z,4
2026-05-27T08:33:23.779Z,1
2026-05-27T09:11:26.305Z,3
2026-05-27T09:11:40.432Z,4
2026-05-27T09:12:03.331Z,1
2026-05-27T09:25:54.181Z,3
2026-05-27T09:26:08.342Z,4
2026-05-27T09:26:49.653Z,1
2026-05-27T09:43:21.333Z,3
2026-05-27T09:43:35.345Z,4
2026-05-27T09:45:22.133Z,1
2026-05-27T09:47:59.592Z,4
2026-05-27T09:48:55.361Z,4
2026-05-27T09:49:26.324Z,1
2026-05-27T09:57:38.361Z,3
2026-05-27T09:57:51.837Z,4
2026-05-27T09:58:42.86Z,1
2026-05-27T10:06:51.316Z,3
2026-05-27T10:07:05.582Z,4
2026-05-27T10:08:03.906Z,1
2026-05-27T10:16:23.235Z,3
2026-05-27T10:16:31.084Z,4
2026-05-27T10:21:10.955Z,3
2026-05-27T10:21:24.387Z,4
2026-05-27T10:26:25.285Z,3
2026-05-27T10:26:40.374Z,4
2026-05-27T10:31:39.424Z,3
2026-05-27T10:31:54.397Z,4
2026-05-27T10:36:54.435Z,3
2026-05-27T10:37:09.393Z,4
2026-05-27T10:42:09.394Z,3
2026-05-27T10:42:26.942Z,4
2026-05-27T10:47:26.943Z,3
2026-05-27T10:47:41.937Z,4
2026-05-27T10:52:39.411Z,3
2026-05-27T10:52:54.406Z,4
2026-05-27T10:57:54.427Z,3
2026-05-27T10:58:09.599Z,4
2026-05-27T10:58:53.431Z,1
2026-05-27T10:59:37.106Z,4
2026-05-27T11:03:31.215Z,4
2026-05-27T11:08:32.765Z,3
2026-05-27T11:08:46.51Z,4
2026-05-27T11:09:23.47Z,1
2026-05-27T11:11:54.969Z,4
2026-05-27T11:14:09.661Z,4
2026-05-27T11:19:08.624Z,3
2026-05-27T11:19:23.603Z,4
2026-05-27T11:24:23.608Z,3
2026-05-27T11:24:38.592Z,4
2026-05-27T11:29:38.719Z,3
2026-05-27T11:29:56.212Z,4
2026-05-27T11:34:53.615Z,3
2026-05-27T11:35:12.811Z,4
2026-05-27T11:40:14.901Z,3
2026-05-27T11:40:23.619Z,4
2026-05-27T11:41:07.486Z,1
2026-05-27T11:41:49.416Z,4
2026-05-27T11:45:43.912Z,4
2026-05-27T11:50:45.513Z,3
2026-05-27T11:51:00.519Z,4
2026-05-27T11:51:30.978Z,1
2026-05-27T11:53:23.853Z,4
2026-05-27T11:56:15.46Z,4
2026-05-27T11:57:04.678Z,1
2026-05-27T11:57:56.842Z,4
2026-05-27T12:01:30.62Z,4
2026-05-27T12:06:30.657Z,3
2026-05-27T12:06:45.631Z,4
2026-05-27T12:11:45.63Z,3
2026-05-27T12:12:02.091Z,4
2026-05-27T12:12:38.186Z,1
2026-05-27T12:13:58.821Z,4
2026-05-27T12:17:22.484Z,4
2026-05-27T12:22:22.487Z,3
2026-05-27T12:22:37.476Z,4
2026-05-27T12:27:39.294Z,3
2026-05-27T12:27:52.473Z,4
2026-05-27T12:32:52.487Z,3
2026-05-27T12:33:07.495Z,4
2026-05-27T12:38:07.744Z,3
2026-05-27T12:38:22.525Z,4
2026-05-27T12:43:22.529Z,3
2026-05-27T12:43:38.409Z,4
2026-05-27T12:44:31.279Z,1
2026-05-27T12:45:15.446Z,4
2026-05-27T12:48:53.401Z,4
2026-05-27T12:53:53.404Z,3
2026-05-27T12:54:08.404Z,4
2026-05-27T12:59:08.93Z,3
2026-05-27T12:59:23.408Z,4
2026-05-27T13:04:23.41Z,3
2026-05-27T13:04:38.455Z,4
2026-05-27T13:09:40.256Z,3
2026-05-27T13:09:55.192Z,4
2026-05-27T13:14:55.522Z,3
2026-05-27T13:15:14.526Z,4
2026-05-27T13:20:12.819Z,3
2026-05-27T13:20:23.55Z,4
2026-05-27T13:25:23.56Z,3
2026-05-27T13:25:38.562Z,4
2026-05-27T13:30:39.352Z,3
2026-05-27T13:30:55.005Z,4
2026-05-27T13:31:38.399Z,1
2026-05-27T13:32:10.179Z,4
2026-05-27T13:33:50.142Z,4
2026-05-27T13:33:50.172Z,4
2026-05-27T13:33:50.206Z,4
2026-05-27T13:36:15.681Z,4
2026-05-27T13:36:55.324Z,1
2026-05-27T13:39:26.876Z,4
2026-05-27T13:41:30.475Z,4
2026-05-27T13:41:56.08Z,1
2026-05-27T13:43:19.853Z,4
2026-05-27T13:46:52.019Z,4
2026-05-27T13:47:51.283Z,1
2026-05-27T13:48:34.237Z,4
2026-05-27T13:52:07.999Z,4
2026-05-27T13:52:44.849Z,1
2026-05-27T13:54:28.466Z,4
2026-05-27T13:54:46.061Z,4
2026-05-27T13:54:46.096Z,4
2026-05-27T13:54:46.525Z,4
2026-05-27T13:57:32.772Z,4
2026-05-27T13:58:17.729Z,1
2026-05-27T13:59:21.701Z,4
2026-05-27T14:02:55.349Z,4
2026-05-27T14:07:55.352Z,3
2026-05-27T14:08:10.354Z,4
2026-05-27T14:13:10.489Z,3
2026-05-27T14:13:27.439Z,4
2026-05-27T14:18:25.674Z,3
2026-05-27T14:18:40.372Z,4
2026-05-27T14:23:40.849Z,3
2026-05-27T14:23:55.368Z,4
2026-05-27T14:24:34.238Z,1
2026-05-27T14:25:01.088Z,4
2026-05-27T14:29:15.302Z,4
2026-05-27T14:30:01.612Z,1
2026-05-27T14:32:07.119Z,4
2026-05-27T14:34:33.497Z,4
2026-05-27T14:34:52.702Z,1
2026-05-27T14:37:36.122Z,4
2026-05-27T14:39:50.208Z,4
2026-05-27T14:41:05.335Z,1
2026-05-27T14:42:30.804Z,4
2026-05-27T14:45:15.132Z,4
2026-05-27T14:45:59.712Z,1
2026-05-27T14:48:15.831Z,4
2026-05-27T14:50:30.265Z,4
2026-05-27T14:55:30.203Z,3
2026-05-27T14:55:45.211Z,4
2026-05-27T14:56:28.703Z,1
2026-05-27T14:59:17.098Z,4
2026-05-27T15:01:02.653Z,4
2026-05-27T15:01:22.976Z,1
2026-05-27T15:05:43.269Z,4
2026-05-27T15:06:16.556Z,4
2026-05-27T15:06:46.977Z,1
2026-05-27T15:10:17.634Z,4
2026-05-27T15:11:32.238Z,4
2026-05-27T15:12:06.784Z,1
2026-05-27T15:14:37.383Z,4
2026-05-27T15:16:52.136Z,4
2026-05-27T15:17:28.676Z,1
2026-05-27T15:22:24.579Z,3
2026-05-27T15:22:38.921Z,4
2026-05-27T15:23:24.506Z,1
2026-05-27T15:26:00.315Z,4
2026-05-27T15:27:55.496Z,4
2026-05-27T15:28:45.993Z,1
2026-05-27T15:31:23.818Z,4
2026-05-27T15:33:17.768Z,4
2026-05-27T15:34:09.811Z,1
2026-05-27T15:36:03.575Z,4
2026-05-27T15:38:37.681Z,4
2026-05-27T15:39:35.321Z,1
2026-05-27T15:42:24.991Z,4
2026-05-27T15:43:58.714Z,4
2026-05-27T15:44:26.176Z,1
2026-05-27T15:46:46.987Z,4
2026-05-27T15:49:21.306Z,4
2026-05-27T15:51:03.739Z,1
2026-05-27T15:52:24.629Z,4
2026-05-27T15:54:37.965Z,4
2026-05-27T15:55:24.406Z,1
2026-05-27T15:56:49.56Z,4
2026-05-27T15:59:55.339Z,4
2026-05-27T16:00:50.178Z,1
2026-05-27T16:01:34.488Z,4
2026-05-27T16:05:17.142Z,4
2026-05-27T16:06:00.113Z,1
2026-05-27T16:08:05.096Z,4
2026-05-27T16:10:37.182Z,4
2026-05-27T16:11:30.104Z,1
2026-05-27T16:13:00.15Z,4
2026-05-27T16:15:52.718Z,4
2026-05-27T16:16:14.705Z,1
2026-05-27T16:18:21.375Z,4
2026-05-27T16:21:16.333Z,4
2026-05-27T16:21:59.104Z,1
2026-05-27T16:23:51.846Z,4
2026-05-27T16:26:34.43Z,4
2026-05-27T16:27:10.591Z,1
2026-05-27T16:30:27.138Z,4
2026-05-27T16:31:49.832Z,4
2026-05-27T16:32:37.792Z,1
2026-05-27T16:34:36.035Z,4
2026-05-27T16:37:10.184Z,4
2026-05-27T16:37:47.327Z,1
2026-05-27T16:41:32.172Z,4
2026-05-27T16:42:35.138Z,4
2026-05-27T16:42:58.41Z,1
2026-05-27T16:47:12.612Z,4
2026-05-27T16:47:56.71Z,4
2026-05-27T16:48:29.321Z,1
2026-05-27T16:53:42.457Z,3
2026-05-27T16:53:56.381Z,4
2026-05-27T16:54:30.947Z,1
2026-05-27T16:56:47.783Z,4
2026-05-27T16:59:11.733Z,4
2026-05-27T17:00:10.008Z,1
2026-05-27T17:05:41.141Z,3
2026-05-27T17:05:54.279Z,4
2026-05-27T17:06:46.447Z,1
2026-05-27T17:12:16.231Z,3
2026-05-27T17:12:28.895Z,4
2026-05-27T17:13:10.328Z,1
2026-05-27T17:19:21.943Z,3
2026-05-27T17:19:36.235Z,4
2026-05-27T17:20:11.378Z,1
2026-05-27T17:27:28.463Z,3
2026-05-27T17:27:42.591Z,4
2026-05-27T17:28:06.525Z,1
2026-05-27T17:33:25.282Z,3
2026-05-27T17:33:39.435Z,4
2026-05-27T17:33:57.453Z,1
2026-05-27T17:41:06.162Z,3
2026-05-27T17:41:19.7Z,4
2026-05-27T17:41:50.634Z,1
2026-05-27T17:48:08.544Z,3
2026-05-27T17:48:22.523Z,4
2026-05-27T17:48:46.451Z,1
2026-05-27T17:55:12.92Z,3
2026-05-27T17:55:16.73Z,4
2026-05-27T17:55:57.464Z,1
2026-05-27T18:00:11.515Z,0
2026-05-27T18:01:23.052Z,0
2026-05-27T20:54:18.449Z,0
2026-05-28T06:00:10.609Z,1
2026-05-28T06:33:49.501Z,3
2026-05-28T06:34:03.44Z,4
2026-05-28T06:39:02.938Z,3
2026-05-28T06:39:17.934Z,4
2026-05-28T06:44:17.945Z,3
2026-05-28T06:44:32.937Z,4
2026-05-28T06:49:32.926Z,3
2026-05-28T06:49:48.969Z,4
2026-05-28T06:54:47.932Z,3
2026-05-28T06:55:11.399Z,4
2026-05-28T07:00:10.689Z,3
2026-05-28T07:00:18.422Z,4
2026-05-28T07:05:18.553Z,3
2026-05-28T07:05:33.754Z,4
2026-05-28T07:10:32.932Z,3
2026-05-28T07:10:47.944Z,4
2026-05-28T07:15:47.947Z,3
2026-05-28T07:16:06.788Z,4
2026-05-28T07:21:02.94Z,3
2026-05-28T07:21:18.536Z,4
2026-05-28T07:26:19.99Z,3
2026-05-28T07:26:35.188Z,4
2026-05-28T07:31:34.055Z,3
2026-05-28T07:31:47.961Z,4
2026-05-28T07:36:47.967Z,3
2026-05-28T07:37:04.851Z,4
2026-05-28T07:42:04.402Z,3
2026-05-28T07:42:17.973Z,4
2026-05-28T07:47:17.965Z,3
2026-05-28T07:47:32.969Z,4
2026-05-28T07:52:32.973Z,3
2026-05-28T07:52:47.973Z,4
2026-05-28T07:57:47.983Z,3
2026-05-28T07:58:02.988Z,4
2026-05-28T07:59:05.91Z,4
2026-05-28T07:59:06.099Z,4
2026-05-28T07:59:06.177Z,4
2026-05-28T08:03:04.177Z,3
2026-05-28T08:03:18.031Z,4
2026-05-28T08:08:18.945Z,3
2026-05-28T08:08:33.012Z,4
2026-05-28T08:13:33.014Z,3
2026-05-28T08:13:49.531Z,4
2026-05-28T08:18:48.027Z,3
2026-05-28T08:19:03.262Z,4
2026-05-28T08:24:03.824Z,3
2026-05-28T08:24:19.616Z,4
2026-05-28T08:29:18.032Z,3
2026-05-28T08:29:33.03Z,4
2026-05-28T08:34:33.041Z,3
2026-05-28T08:34:51.288Z,4
2026-05-28T08:39:48.063Z,3
2026-05-28T08:40:14.569Z,4
2026-05-28T08:45:12.805Z,3
2026-05-28T08:45:18.109Z,4
2026-05-28T08:50:18.093Z,3
2026-05-28T08:50:33.07Z,4
2026-05-28T08:55:33.069Z,3
2026-05-28T08:55:48.085Z,4
2026-05-28T08:56:34.62Z,1
2026-05-28T08:59:32.138Z,4
2026-05-28T09:01:05.466Z,4
2026-05-28T09:01:43.354Z,1
2026-05-28T09:02:44.215Z,4
2026-05-28T09:06:27.962Z,4
2026-05-28T09:11:28.205Z,3
2026-05-28T09:11:44.185Z,4
2026-05-28T09:16:42.929Z,3
2026-05-28T09:16:57.93Z,4
2026-05-28T09:21:57.941Z,3
2026-05-28T09:22:12.936Z,4
2026-05-28T09:27:12.966Z,3
2026-05-28T09:27:28.509Z,4
2026-05-28T09:32:27.952Z,3
2026-05-28T09:32:42.95Z,4
2026-05-28T09:37:43.208Z,3
2026-05-28T09:37:59.355Z,4
2026-05-28T09:42:58.012Z,3
2026-05-28T09:43:12.961Z,4
2026-05-28T09:48:46.935Z,3
2026-05-28T09:49:02.871Z,4
2026-05-28T09:53:02.367Z,3
2026-05-28T09:53:17.131Z,4
2026-05-28T09:57:16.931Z,3
2026-05-28T09:57:33.777Z,4
2026-05-28T09:58:30.267Z,4
2026-05-28T09:58:30.308Z,4
2026-05-28T09:58:30.345Z,4
2026-05-28T09:58:30.382Z,0
2026-05-28T09:58:30.431Z,0
2026-05-28T10:04:35.027Z,2
2026-05-28T10:04:35.117Z,3
2026-05-28T10:04:36.191Z,3
2026-05-28T10:04:36.232Z,3
2026-05-28T10:04:50.167Z,4
2026-05-28T10:08:52.84Z,3
2026-05-28T10:09:05.138Z,4
2026-05-28T10:13:05.278Z,3
2026-05-28T10:13:20.14Z,4
2026-05-28T10:13:56.676Z,1
2026-05-28T10:15:28.447Z,4
2026-05-28T10:17:41.736Z,4
2026-05-28T10:18:10.079Z,1
2026-05-28T10:26:22.262Z,3
2026-05-28T10:26:36.299Z,4
2026-05-28T10:27:11.303Z,1
2026-05-28T10:30:10.974Z,4
2026-05-28T10:31:02.848Z,4
2026-05-28T10:31:28.654Z,1
2026-05-28T10:39:19.564Z,3
2026-05-28T10:39:32.37Z,4
2026-05-28T10:39:51.443Z,1
2026-05-28T10:41:24.038Z,4
2026-05-28T10:43:48.064Z,4
2026-05-28T10:44:05.677Z,1
2026-05-28T10:47:29.859Z,4
2026-05-28T10:48:12.982Z,4
2026-05-28T10:48:29.319Z,1
2026-05-28T10:57:47.666Z,3
2026-05-28T10:58:02.269Z,4
2026-05-28T10:58:30.352Z,1
2026-05-28T11:04:57.423Z,3
2026-05-28T11:05:14.176Z,4
2026-05-28T11:05:51.689Z,1
2026-05-28T11:09:27.104Z,4
2026-05-28T11:09:33.357Z,4
2026-05-28T11:13:33.577Z,3
2026-05-28T11:13:49.577Z,4
2026-05-28T11:14:44.874Z,1
2026-05-28T11:16:11.429Z,4
2026-05-28T11:18:05.608Z,4
2026-05-28T11:18:21.506Z,1
2026-05-28T11:26:01.348Z,3
2026-05-28T11:26:14.693Z,4
2026-05-28T11:26:38.061Z,1
2026-05-28T11:32:42.858Z,3
2026-05-28T11:32:54.749Z,4
2026-05-28T11:33:19.601Z,1
2026-05-28T11:39:40.79Z,3
2026-05-28T11:39:54.115Z,4
2026-05-28T11:40:32.04Z,1
2026-05-28T11:43:05.175Z,4
2026-05-28T11:44:18.979Z,4
2026-05-28T11:44:40.96Z,1
2026-05-28T11:45:51.071Z,4
2026-05-28T11:48:36.206Z,4
2026-05-28T11:52:35.048Z,3
2026-05-28T11:52:50.061Z,4
2026-05-28T11:56:50.067Z,3
2026-05-28T11:57:05.078Z,4
2026-05-28T12:01:05.446Z,3
2026-05-28T12:01:20.075Z,4
2026-05-28T12:02:07.961Z,1
2026-05-28T12:02:36.087Z,4
2026-05-28T12:05:41.795Z,4
2026-05-28T12:06:20.431Z,1
2026-05-28T12:07:57.626Z,4
2026-05-28T12:10:09.808Z,4
2026-05-28T12:10:43.288Z,1
2026-05-28T12:13:20.318Z,1
2026-05-28T12:13:20.382Z,1
2026-05-28T12:13:20.438Z,1
2026-05-28T12:15:55.817Z,3
2026-05-28T12:16:09.648Z,4
2026-05-28T12:17:13.056Z,1
2026-05-28T12:17:52.226Z,4
2026-05-28T12:20:33.992Z,4
2026-05-28T12:21:15.74Z,1
2026-05-28T12:21:50.156Z,4
2026-05-28T12:24:53.649Z,4
2026-05-28T12:25:14.482Z,1
2026-05-28T12:26:42.077Z,4
2026-05-28T12:29:16.26Z,4
2026-05-28T12:33:17.819Z,3
2026-05-28T12:33:34.602Z,4
2026-05-28T12:33:58.292Z,1
2026-05-28T12:35:54.779Z,4
2026-05-28T12:37:48.117Z,4
2026-05-28T12:38:16.228Z,1
2026-05-28T12:40:24.203Z,4
2026-05-28T12:42:08.586Z,4
2026-05-28T12:42:30.593Z,1
2026-05-28T12:44:41.641Z,4
2026-05-28T12:45:59.658Z,1
2026-05-28T12:46:36.889Z,3
2026-05-28T12:46:51.444Z,4
2026-05-28T12:47:19.394Z,1
2026-05-28T12:48:24.695Z,4
2026-05-28T12:51:10.709Z,4
2026-05-28T12:51:44.688Z,1
2026-05-28T12:52:41.3Z,4
2026-05-28T12:55:25.296Z,4
2026-05-28T12:55:59.632Z,1
2026-05-28T12:57:28.358Z,4
2026-05-28T12:58:34.022Z,1
2026-05-28T12:59:10.824Z,4
2026-05-28T12:59:45.141Z,4
2026-05-28T13:00:32.291Z,1
2026-05-28T13:03:08.768Z,4
2026-05-28T13:04:04.14Z,4
2026-05-28T13:04:34.547Z,1
2026-05-28T13:07:35.542Z,4
2026-05-28T13:08:17.685Z,4
2026-05-28T13:08:34.724Z,1
2026-05-28T13:11:19.795Z,4
2026-05-28T13:12:33.565Z,4
2026-05-28T13:12:45.543Z,1
2026-05-28T13:15:21.431Z,4
2026-05-28T13:16:55.773Z,4
2026-05-28T13:17:57.737Z,1
2026-05-28T13:21:48.677Z,3
2026-05-28T13:22:02.38Z,4
2026-05-28T13:22:51.868Z,1
2026-05-28T13:25:25.184Z,4
2026-05-28T13:26:18.178Z,4
2026-05-28T13:26:59.15Z,1
2026-05-28T13:29:47.013Z,4
2026-05-28T13:31:15.656Z,4
2026-05-28T13:31:37.128Z,1
2026-05-28T13:35:32.247Z,3
2026-05-28T13:35:46.221Z,4
2026-05-28T13:36:33.099Z,1
2026-05-28T13:39:11.344Z,4
2026-05-28T13:40:12.623Z,4
2026-05-28T13:40:44.534Z,1
2026-05-28T13:42:30.556Z,4
2026-05-28T13:44:25.184Z,4
2026-05-28T13:48:25.693Z,3
2026-05-28T13:48:40.494Z,4
2026-05-28T13:49:21.589Z,1
2026-05-28T13:51:34.293Z,4
2026-05-28T13:52:57.779Z,4
2026-05-28T13:53:48.82Z,1
2026-05-28T13:56:22.701Z,4
2026-05-28T13:57:14.953Z,4
2026-05-28T13:57:42.858Z,1
2026-05-28T14:04:41.835Z,3
2026-05-28T14:04:54.684Z,4
2026-05-28T14:06:08.569Z,1
2026-05-28T14:07:02.576Z,4
2026-05-28T14:09:17.069Z,4
2026-05-28T14:10:10.404Z,1
2026-05-28T14:10:41.675Z,4
2026-05-28T14:13:35.553Z,4
2026-05-28T14:17:35.551Z,3
2026-05-28T14:17:50.545Z,4
2026-05-28T14:21:50.554Z,3
2026-05-28T14:22:05.564Z,4
2026-05-28T14:26:05.568Z,3
2026-05-28T14:26:22.448Z,4
2026-05-28T14:30:21.974Z,3
2026-05-28T14:30:37.639Z,4
2026-05-28T14:34:35.576Z,3
2026-05-28T14:34:50.598Z,4
2026-05-28T14:38:52.465Z,3
2026-05-28T14:39:05.676Z,4
2026-05-28T14:43:06.385Z,3
2026-05-28T14:43:20.651Z,4
2026-05-28T14:47:22.22Z,3
2026-05-28T14:47:37.503Z,4
2026-05-28T14:48:05.79Z,1
2026-05-28T14:49:02.652Z,4
2026-05-28T14:51:58.827Z,4
2026-05-28T14:52:37.909Z,1
2026-05-28T14:53:39.287Z,4
2026-05-28T14:56:23.154Z,4
2026-05-28T14:57:02.016Z,1
2026-05-28T14:57:33.832Z,4
2026-05-28T15:00:38.158Z,4
2026-05-28T15:01:17.071Z,1
2026-05-28T15:03:29.151Z,4
2026-05-28T15:05:11.992Z,4
2026-05-28T15:06:05.112Z,1
2026-05-28T15:07:16.839Z,4
2026-05-28T15:09:21.225Z,4
2026-05-28T15:09:42.763Z,1
2026-05-28T15:10:59.291Z,4
2026-05-28T15:13:42.661Z,4
2026-05-28T15:14:25.725Z,1
2026-05-28T15:15:38.948Z,4
2026-05-28T15:18:03.166Z,4
2026-05-28T15:18:33.954Z,1
2026-05-28T15:19:45.993Z,4
2026-05-28T15:22:18.933Z,4
2026-05-28T15:22:47.137Z,1
2026-05-28T15:24:32.216Z,4
2026-05-28T15:24:58.663Z,4
2026-05-28T15:24:58.719Z,4
2026-05-28T15:24:58.972Z,4
2026-05-28T15:24:59.021Z,0
2026-05-28T15:24:59.103Z,0
2026-05-28T15:32:47.875Z,0
2026-05-28T15:33:07.875Z,0
2026-05-28T15:37:00.17Z,0
2026-05-28T15:37:38.282Z,0
2026-05-28T15:41:40.376Z,0
2026-05-28T15:42:13.55Z,0
2026-05-28T15:46:49.072Z,0
2026-05-28T15:47:22.098Z,0
2026-05-28T15:51:49.54Z,0
2026-05-28T15:52:17.431Z,0
2026-05-28T15:57:39.138Z,0
2026-05-28T15:58:53.304Z,0
2026-05-28T16:06:51.991Z,0
2026-05-28T16:07:39.985Z,0
2026-05-28T16:11:04.449Z,0
2026-05-28T16:11:58.707Z,0
2026-05-28T16:16:27.285Z,0
2026-05-28T16:17:05.912Z,0
2026-05-28T16:20:50.524Z,0
2026-05-28T16:21:38.882Z,0
2026-05-28T16:25:15.236Z,0
2026-05-28T16:26:00.022Z,0
2026-05-28T16:33:55.685Z,0
2026-05-28T16:34:55.115Z,0
2026-05-28T16:38:17.735Z,0
2026-05-28T16:38:55.47Z,0
2026-05-28T16:42:34.006Z,0
2026-05-28T16:43:08.076Z,0
2026-05-28T17:00:12.324Z,0
2026-05-28T17:00:49.496Z,0
2026-05-28T17:04:22.854Z,0
2026-05-28T17:05:38.424Z,0
2026-05-28T17:20:13.205Z,0
2026-05-28T17:20:33.608Z,0
2026-05-28T17:39:07.826Z,0
2026-05-28T17:39:37.882Z,0
2026-05-28T17:44:27.543Z,0
2026-05-28T17:47:20.516Z,0
2026-05-28T18:00:02.72Z,0
2026-05-28T21:08:15.452Z,0
2026-05-29T06:00:11.734Z,0
2026-05-29T06:27:36.319Z,0
2026-05-29T09:30:17.606Z,0
2026-05-29T09:30:48.609Z,0
2026-05-29T09:31:10.835Z,0
2026-05-29T09:32:06.245Z,0
2026-05-29T09:35:23.911Z,0
2026-05-29T09:40:50.34Z,0
2026-05-29T09:42:18.988Z,0
2026-05-29T09:46:43.282Z,0
2026-05-29T09:55:53.052Z,0
2026-05-29T09:58:04.871Z,0
2026-05-29T10:07:16.57Z,0
2026-05-29T10:08:56.254Z,0
2026-05-29T10:11:34.947Z,0
2026-05-29T10:20:28.516Z,0
2026-05-29T10:21:52.794Z,0
2026-05-29T10:22:31.165Z,0
2026-05-29T10:26:12.914Z,0
2026-05-29T10:31:20.003Z,0
2026-05-29T10:31:51.987Z,0
2026-05-29T10:42:25.097Z,0
2026-05-29T10:43:25.405Z,0
2026-05-29T10:43:52.135Z,0
2026-05-29T11:00:15.848Z,0
2026-05-29T11:27:16.228Z,0
2026-05-29T11:28:39.708Z,0
2026-05-29T11:31:38.249Z,0
2026-05-29T11:33:13.298Z,0
2026-05-29T11:34:12.879Z,0
2026-05-29T11:37:35.623Z,0
2026-05-29T11:39:33.942Z,0
2026-05-29T11:41:19.129Z,0
2026-05-29T11:43:03.324Z,0
2026-05-29T11:45:52.264Z,0
2026-05-29T11:46:43.49Z,0
2026-05-29T12:07:24.865Z,0
2026-05-29T12:20:36.433Z,0
2026-05-29T12:37:13.336Z,0
2026-05-29T12:37:39.923Z,0
2026-05-29T12:41:12.852Z,0
2026-05-29T12:42:00.35Z,0
2026-05-29T12:53:45.097Z,0
2026-05-29T12:54:34.039Z,0
2026-05-29T13:02:14.485Z,0
2026-05-29T13:03:15.446Z,0
2026-05-29T14:14:41.586Z,0
2026-05-29T14:15:42.335Z,0
2026-05-29T14:18:47.888Z,0
2026-05-29T14:20:29.33Z,0
2026-05-29T14:23:16.177Z,0
2026-05-29T14:24:56.1Z,0
2026-05-29T14:27:31.8Z,0
2026-05-29T14:28:44.032Z,0
2026-05-29T14:31:58.584Z,0
2026-05-29T14:32:42.78Z,0
2026-05-29T14:35:47.879Z,0
2026-05-29T14:37:46.818Z,0
2026-05-29T14:40:44.432Z,0
2026-05-29T14:48:07.228Z,0
2026-05-29T14:48:43.992Z,0
2026-05-29T14:51:57.369Z,0
2026-05-29T14:52:52.512Z,0
2026-05-29T14:55:47.12Z,0
2026-05-29T14:57:29.03Z,0
2026-05-29T15:04:35.256Z,0
2026-05-29T15:05:40.561Z,0
2026-05-29T15:09:19.451Z,0
2026-05-29T15:09:41.845Z,0
2026-05-29T15:11:32.453Z,0
2026-05-29T15:14:31.437Z,0
2026-05-29T15:17:16.058Z,0
2026-05-29T15:22:43.251Z,0
2026-05-29T16:24:04.978Z,0
2026-05-29T16:25:11.481Z,0
2026-05-29T16:27:49.83Z,0
2026-05-29T16:29:31.421Z,0
2026-05-29T16:32:48.412Z,0
2026-05-29T16:33:59.457Z,0
2026-05-29T16:37:10.066Z,0
2026-05-29T16:38:03.312Z,0
2026-05-29T16:41:25.624Z,0
2026-05-29T16:42:30.491Z,0
2026-05-29T16:45:14.837Z,0
2026-05-29T16:46:45.376Z,0
2026-05-29T16:49:04.024Z,0
2026-05-29T16:51:15.959Z,0
2026-05-29T18:00:03.409Z,0
2026-05-29T18:13:49.397Z,0
2026-05-29T23:36:57.809Z,0
2026-05-30T02:40:19.671Z,0
2026-05-30T02:44:28.709Z,0
2026-05-30T02:51:48.125Z,0
2026-05-30T02:53:49.019Z,0
2026-05-30T06:00:00.512Z,0
2026-05-30T06:32:11.281Z,0
2026-05-30T07:47:37.545Z,0
2026-05-30T07:49:59.079Z,0
2026-05-30T07:50:36.672Z,0
2026-05-30T07:51:33.107Z,0
2026-05-30T08:02:24.568Z,0
2026-05-30T08:03:44.299Z,0
2026-05-30T08:16:18.094Z,0
2026-05-30T08:17:05.422Z,0
2026-05-30T08:23:50.73Z,0
2026-05-30T08:24:45.526Z,0
2026-05-30T08:32:35.088Z,0
2026-05-30T08:33:58.233Z,0
2026-05-30T08:35:19.389Z,0
2026-05-30T08:35:46.408Z,0
2026-05-30T08:50:28.467Z,0
2026-05-30T08:51:05.459Z,0
2026-05-30T08:59:14.518Z,0
2026-05-30T09:18:52.921Z,0
2026-05-30T09:22:34.42Z,0
2026-05-30T09:23:58.275Z,0
2026-05-30T09:31:00.637Z,0
2026-05-30T09:33:21.154Z,0
2026-05-30T09:34:39.461Z,0
2026-05-30T09:37:59.518Z,0
2026-05-30T09:39:47.327Z,0
2026-05-30T09:55:20.777Z,0
2026-05-30T09:56:23.462Z,0
2026-05-30T09:58:52.098Z,0
2026-05-30T10:00:02.164Z,0
2026-05-30T10:07:42.506Z,0
2026-05-30T10:08:14.953Z,0
2026-05-30T10:09:52.153Z,0
2026-05-30T10:13:26.421Z,0
2026-05-30T10:14:14.288Z,0
2026-05-30T10:17:54.841Z,0
2026-05-30T10:20:16.834Z,0
2026-05-30T10:21:50.337Z,0
2026-05-30T10:24:45.909Z,0
2026-05-30T10:25:45.632Z,0
2026-05-30T10:28:34.16Z,0
2026-05-30T10:29:00.225Z,0
2026-05-30T10:29:45.626Z,0
2026-05-30T10:30:12.636Z,0
2026-05-30T10:31:38.181Z,0
2026-05-30T10:35:11.283Z,0
2026-05-30T10:35:27.298Z,0
2026-05-30T10:36:26.623Z,0
2026-05-30T10:36:49.646Z,0
2026-05-30T10:38:38.565Z,0
2026-05-30T10:39:44.066Z,0
2026-05-30T10:40:14.986Z,0
2026-05-30T10:40:41.309Z,0
2026-05-30T10:43:19.273Z,0
2026-05-30T10:43:52.856Z,0
2026-05-30T10:47:26.021Z,0
2026-05-30T10:48:20.731Z,0
2026-05-30T18:00:00.223Z,0
2026-05-30T22:43:14.904Z,0
2026-05-31T06:00:00.083Z,0
2026-05-31T06:49:36.843Z,0
2026-05-31T07:12:48.997Z,0
2026-05-31T07:15:30.453Z,0
2026-05-31T07:20:34.843Z,0
2026-05-31T07:22:11.858Z,0
2026-05-31T07:25:14.731Z,0
2026-05-31T07:41:06.412Z,0
2026-05-31T07:46:51.271Z,0
2026-05-31T08:00:59.954Z,0
2026-05-31T08:01:34.928Z,0
2026-05-31T08:08:58.402Z,0
2026-05-31T08:10:25.42Z,0
2026-05-31T08:17:46.614Z,0
2026-05-31T08:23:20.339Z,0
2026-05-31T08:32:52.427Z,0
2026-05-31T08:37:23.111Z,0
2026-05-31T08:39:40.358Z,0
2026-05-31T08:42:08.911Z,0
2026-05-31T08:46:23.126Z,0
2026-05-31T08:48:22.322Z,0
2026-05-31T08:50:59.869Z,0
2026-05-31T08:58:28.17Z,0
2026-05-31T08:59:45.516Z,0
2026-05-31T09:02:20.967Z,0
2026-05-31T09:09:13.837Z,0
2026-05-31T09:09:51.047Z,0
2026-05-31T09:12:45.623Z,0
2026-05-31T09:14:18.462Z,0
2026-05-31T09:22:14.245Z,0
2026-05-31T09:23:02.323Z,0
2026-05-31T09:31:19.787Z,0
2026-05-31T09:34:16.321Z,0
2026-05-31T09:49:26.124Z,0
2026-05-31T09:50:09.824Z,0
2026-05-31T10:00:31.998Z,0
2026-05-31T10:03:05.118Z,0
2026-05-31T10:12:07.175Z,0
2026-05-31T10:12:45.034Z,0
2026-05-31T10:15:13.039Z,0
2026-05-31T10:15:57.857Z,0
2026-05-31T10:29:03.995Z,0
2026-05-31T10:29:59.964Z,0
2026-05-31T10:33:23.68Z,0
2026-05-31T10:34:11.591Z,0
2026-05-31T10:37:30.008Z,0
2026-05-31T10:38:33.694Z,0
2026-05-31T10:41:42.161Z,0
2026-05-31T10:42:42.31Z,0
2026-05-31T10:44:33.316Z,0
2026-05-31T10:45:01.793Z,0
2026-05-31T10:45:35.352Z,0
2026-05-31T10:46:49.724Z,0
2026-05-31T10:54:16.199Z,0
2026-05-31T10:55:16.74Z,0
2026-05-31T10:59:17.699Z,0
2026-05-31T10:59:39.365Z,0
2026-05-31T11:06:54.37Z,0
2026-05-31T11:08:43.292Z,0
2026-05-31T11:11:24.77Z,0
2026-05-31T11:12:43.95Z,0
2026-05-31T11:18:24.87Z,0
2026-05-31T11:20:47.153Z,0
2026-05-31T11:24:25.548Z,0
2026-05-31T11:25:11.28Z,0
2026-05-31T11:32:03.966Z,0
2026-05-31T11:34:09.701Z,0
2026-05-31T11:40:56.088Z,0
2026-05-31T11:42:22.491Z,0
2026-05-31T11:44:36.139Z,0
2026-05-31T11:46:43.147Z,0
2026-05-31T11:49:45.125Z,0
2026-05-31T11:50:41.397Z,0
2026-05-31T11:52:35.077Z,0
2026-05-31T11:55:10.014Z,0
2026-05-31T11:57:04.257Z,0
2026-05-31T11:59:27.991Z,0
2026-05-31T12:02:31.745Z,0
2026-05-31T12:03:37.277Z,0
2026-05-31T12:10:11.577Z,0
2026-05-31T12:12:12.571Z,0
2026-05-31T12:13:04.674Z,0
2026-05-31T12:16:22.274Z,0
2026-05-31T12:18:58.005Z,0
2026-05-31T12:20:30.003Z,0
2026-05-31T12:22:30.998Z,0
2026-05-31T12:24:38.061Z,0
2026-05-31T12:28:04.25Z,0
2026-05-31T12:29:09.301Z,0
2026-05-31T12:30:47.09Z,0
2026-05-31T12:31:04.468Z,0
2026-05-31T12:31:41.876Z,0
2026-05-31T12:33:14.451Z,0
2026-05-31T12:35:09.493Z,0
2026-05-31T12:37:59.472Z,0
2026-05-31T12:38:37.859Z,0
2026-05-31T12:39:56.171Z,0
2026-05-31T12:40:31.368Z,0
2026-05-31T12:41:28.046Z,0
2026-05-31T12:43:51.49Z,0
2026-05-31T12:45:56.355Z,0
2026-05-31T12:48:19.914Z,0
2026-05-31T12:48:46.838Z,0
2026-05-31T12:49:13.336Z,0
2026-05-31T12:50:41.237Z,0
2026-05-31T12:53:14.302Z,0
2026-05-31T12:54:35.43Z,0
2026-05-31T12:58:04.406Z,0
2026-05-31T12:58:30.107Z,0
2026-05-31T13:01:13.859Z,0
2026-05-31T13:02:57.341Z,0
2026-05-31T13:06:48.466Z,0
2026-05-31T13:07:20.607Z,0
2026-05-31T13:10:25.916Z,0
2026-05-31T13:11:37.131Z,0
2026-05-31T13:14:14.493Z,0
2026-05-31T13:15:36.57Z,0
2026-05-31T13:16:53.712Z,0
2026-05-31T13:20:13.41Z,0
2026-05-31T13:21:19.15Z,0
2026-05-31T13:24:26.437Z,0
2026-05-31T13:25:13.026Z,0
2026-05-31T13:49:52.534Z,0
2026-05-31T13:50:41.829Z,0
2026-05-31T13:54:20.905Z,0
2026-05-31T13:56:43.132Z,0
2026-05-31T13:57:35.932Z,0
2026-05-31T14:09:41.467Z,0
2026-05-31T14:10:41.304Z,0
2026-05-31T14:17:11.864Z,0
2026-05-31T14:17:34.263Z,0
2026-05-31T14:18:08.999Z,0
2026-05-31T14:18:35.191Z,0
2026-05-31T14:19:07.63Z,0
2026-05-31T14:19:40.648Z,0
2026-05-31T14:26:10.76Z,0
2026-05-31T14:27:53.36Z,0
2026-05-31T14:31:37.71Z,0
2026-05-31T14:32:05.349Z,0
2026-05-31T14:44:34.902Z,0
2026-05-31T14:45:14.02Z,0
2026-05-31T14:57:18.72Z,0
2026-05-31T14:57:39.653Z,0
2026-05-31T15:00:57.967Z,0
2026-05-31T15:02:23.445Z,0
2026-05-31T15:02:51.819Z,0
2026-05-31T15:06:10.134Z,0
2026-05-31T15:08:25.9Z,0
2026-05-31T15:10:19.239Z,0
2026-05-31T15:18:07.41Z,0
2026-05-31T15:19:07.013Z,0
2026-05-31T15:20:44.201Z,0
2026-05-31T15:23:31.336Z,0
2026-05-31T15:25:14.454Z,0
2026-05-31T15:27:25.271Z,0
2026-05-31T15:29:25.045Z,0
2026-05-31T15:31:37.309Z,0
2026-05-31T15:38:48.105Z,0
2026-05-31T15:40:29.116Z,0
2026-05-31T15:43:58.251Z,0
2026-05-31T15:44:19.762Z,0
2026-05-31T15:46:57.172Z,0
2026-05-31T15:48:53.789Z,0
2026-05-31T15:50:21.989Z,0
2026-05-31T16:01:39.928Z,0
2026-05-31T17:32:45.036Z,0
2026-05-31T17:33:38.804Z,0
2026-05-31T17:36:01.355Z,0
2026-05-31T17:36:50.517Z,0
2026-05-31T18:00:00.899Z,0
2026-05-31T18:02:58.59Z,0
2026-05-31T21:41:06.231Z,0
2026-06-01T06:00:09.655Z,0
2026-06-01T06:48:56.098Z,0
2026-06-01T07:54:28.778Z,0
2026-06-01T07:56:34.665Z,0
2026-06-01T08:37:14.603Z,0
2026-06-01T08:40:13.102Z,0
2026-06-01T08:49:02.887Z,0
2026-06-01T08:59:24.39Z,0
2026-06-01T09:55:44.839Z,0
2026-06-01T11:47:04.104Z,0
2026-06-01T11:48:09.157Z,0
2026-06-01T12:41:46.277Z,0
2026-06-01T12:42:16.28Z,0
2026-06-01T12:59:51.205Z,0
2026-06-01T13:00:23.649Z,0
2026-06-01T13:01:24.372Z,0
2026-06-01T13:04:32.325Z,0
2026-06-01T13:06:20.062Z,0
2026-06-01T13:08:47.937Z,0
2026-06-01T13:09:34.184Z,0
2026-06-01T13:13:03.93Z,0
2026-06-01T14:00:29.805Z,0
2026-06-01T14:01:27.483Z,0
2026-06-01T14:31:13.918Z,0
2026-06-01T14:32:04.255Z,0
2026-06-02T05:56:59.552Z,0
2026-06-02T07:02:25.624Z,0
2026-06-02T07:02:25.714Z,0
2026-06-02T07:07:19.186Z,0
2026-06-02T07:14:48.865Z,0
2026-06-02T07:15:01.532Z,0
2026-06-02T07:16:53.599Z,0
2026-06-02T07:17:08.885Z,0
2026-06-02T13:19:04.704Z,0
2026-06-02T13:20:24.11Z,0
2026-06-02T13:21:11.827Z,0
2026-06-02T13:22:03.308Z,0
2026-06-02T15:21:39.52Z,0
2026-06-02T15:22:32.684Z,0
2026-06-02T15:31:18.481Z,0
2026-06-02T15:31:51.168Z,0
2026-06-02T15:34:30.902Z,0
2026-06-02T15:35:37.515Z,0
2026-06-02T15:57:05.344Z,0
2026-06-02T15:57:37.948Z,0
2026-06-02T16:03:32.186Z,0
2026-06-02T16:04:54.551Z,0
2026-06-02T16:07:22.457Z,0
2026-06-02T16:08:10.935Z,0
2026-06-02T16:10:22.458Z,0
2026-06-02T16:11:32.311Z,0
2026-06-02T16:13:28.138Z,0
2026-06-02T16:14:32.227Z,0
2026-06-02T16:16:49.565Z,0
2026-06-02T16:18:47.854Z,0
2026-06-02T16:20:31.408Z,0
2026-06-02T16:21:40.613Z,0
2026-06-02T16:23:06.208Z,0
2026-06-02T16:24:24.374Z,0
2026-06-02T16:26:58.343Z,0
2026-06-02T16:28:21.16Z,0
2026-06-02T16:30:12.483Z,0
2026-06-02T16:31:21.562Z,0
2026-06-02T16:32:53.061Z,0
2026-06-02T16:34:47.792Z,0
2026-06-02T16:35:58.755Z,0
2026-06-02T16:48:11.641Z,0
2026-06-02T16:49:25.329Z,0
2026-06-02T16:51:00.019Z,0
2026-06-02T16:52:20.8Z,0
2026-06-02T16:57:36.806Z,0
2026-06-02T16:59:01.821Z,0
2026-06-02T17:01:17.814Z,0
2026-06-02T17:01:50.623Z,0
2026-06-02T17:04:57.218Z,0
2026-06-02T17:05:25.837Z,0
2026-06-02T17:08:00.312Z,0
2026-06-02T17:08:37.346Z,0
2026-06-02T18:00:00.12Z,0
2026-06-02T18:07:12.53Z,0
2026-06-02T20:17:52.92Z,0
2026-06-03T06:00:00.395Z,0
2026-06-03T07:54:26.349Z,0
2026-06-03T07:55:23.574Z,0
2026-06-03T17:25:28.11Z,0
2026-06-03T17:27:55.994Z,0
2026-06-03T17:29:55.7Z,0
2026-06-03T17:30:50.828Z,0
2026-06-03T17:35:41.322Z,0
2026-06-03T17:37:29.795Z,0
2026-06-03T17:39:59.874Z,0
2026-06-03T17:40:26.977Z,0
2026-06-03T18:00:12.43Z,0
2026-06-03T18:08:06.681Z,0
2026-06-03T18:08:56.56Z,0
2026-06-04T06:00:00.362Z,0
2026-06-04T11:39:16.718Z,0
2026-06-04T11:40:01.021Z,0
2026-06-04T12:36:13.529Z,0
2026-06-04T12:37:09.548Z,0
2026-06-04T13:35:20.416Z,0
2026-06-04T13:37:06.559Z,0
2026-06-04T13:38:05.783Z,0
2026-06-04T13:39:59.869Z,0
2026-06-04T16:11:05.162Z,0
2026-06-04T16:12:12.145Z,0
2026-06-04T16:21:13.93Z,0
2026-06-04T16:21:46.28Z,0
2026-06-04T16:24:42.295Z,0
2026-06-04T16:25:14.16Z,0
2026-06-04T16:29:11.112Z,0
2026-06-04T16:29:55.683Z,0
2026-06-04T16:30:33.257Z,0
2026-06-04T16:31:05.665Z,0
2026-06-04T16:56:06.192Z,0
2026-06-04T16:56:43.695Z,0
2026-06-04T18:00:00.213Z,0
2026-06-04T18:43:39.111Z,0
2026-06-04T19:21:46.994Z,0
2026-06-05T06:00:00.398Z,0
2026-06-05T09:15:13.546Z,0
2026-06-05T09:15:37.692Z,0
2026-06-05T09:17:58.975Z,0
2026-06-05T09:18:41.451Z,0
2026-06-05T09:25:15.517Z,0
2026-06-05T09:26:04.148Z,0
2026-06-05T09:42:34.551Z,0
2026-06-05T09:44:45.684Z,0
2026-06-05T09:49:20.11Z,0
2026-06-05T09:54:22.056Z,0
2026-06-05T09:55:47.763Z,0
2026-06-05T09:57:10.495Z,0
2026-06-05T10:03:00.421Z,0
2026-06-05T10:03:28.452Z,0
2026-06-05T10:09:33.622Z,0
2026-06-05T10:12:26.282Z,0
2026-06-05T10:34:04.455Z,0
2026-06-05T10:35:13.311Z,0
2026-06-05T10:40:29.798Z,0
2026-06-05T10:41:57.303Z,0
2026-06-05T10:44:22.688Z,0
2026-06-05T10:45:16.68Z,0
2026-06-05T10:45:49.588Z,0
2026-06-05T10:46:23.717Z,0
2026-06-05T10:47:55.294Z,0
2026-06-05T10:48:55.175Z,0
2026-06-05T10:50:52.202Z,0
2026-06-05T10:54:44.03Z,0
2026-06-05T11:07:41.319Z,0
2026-06-05T11:08:47.504Z,0
2026-06-05T11:15:49.079Z,0
2026-06-05T11:16:22.169Z,0
2026-06-05T11:30:00.45Z,0
2026-06-05T11:32:05.865Z,0
2026-06-05T11:36:48.994Z,0
2026-06-05T11:38:27.115Z,0
2026-06-05T11:39:26.015Z,0
2026-06-05T11:42:13.189Z,0
2026-06-05T11:49:29.572Z,0
2026-06-05T11:50:11.729Z,0
2026-06-05T11:53:57.242Z,0
2026-06-05T11:54:30.474Z,0
2026-06-05T11:56:47.914Z,0
2026-06-05T11:58:08.531Z,0
2026-06-05T11:58:51.832Z,0
2026-06-05T12:01:29.782Z,0
2026-06-05T12:17:05.157Z,0
2026-06-05T12:18:04.201Z,0
2026-06-05T12:22:16.866Z,0
2026-06-05T12:33:20.747Z,0
2026-06-05T12:35:45.51Z,0
2026-06-05T12:36:24.178Z,0
2026-06-05T12:39:11.699Z,0
2026-06-05T12:40:50.564Z,0
2026-06-05T12:41:22.07Z,0
2026-06-05T12:45:42.566Z,0
2026-06-05T12:51:42.237Z,0
2026-06-05T12:52:13.983Z,0
2026-06-05T12:55:12.459Z,0
2026-06-05T12:56:33.254Z,0
2026-06-05T12:57:18.752Z,0
2026-06-05T12:58:46.143Z,0
2026-06-05T12:59:13.723Z,0
2026-06-05T13:01:54.973Z,0
2026-06-05T13:02:34.883Z,0
2026-06-05T13:04:42.691Z,0
2026-06-05T13:20:33.755Z,0
2026-06-05T13:21:06.289Z,0
2026-06-05T13:26:20.467Z,0
2026-06-05T13:27:05.251Z,0
2026-06-05T13:34:10.829Z,0
2026-06-05T13:35:23.17Z,0
2026-06-05T13:37:22.901Z,0
2026-06-05T13:38:16.744Z,0
2026-06-05T13:45:02.375Z,0
2026-06-05T13:45:28.25Z,0
2026-06-05T14:01:26.473Z,0
2026-06-05T14:01:52.939Z,0
2026-06-05T14:03:29.066Z,0
2026-06-05T14:04:05.95Z,0
2026-06-05T14:05:56.403Z,0
2026-06-05T14:06:27.579Z,0
2026-06-05T14:11:46.57Z,0
2026-06-05T14:16:08.616Z,0
2026-06-05T14:18:47.585Z,0
2026-06-05T14:19:41.844Z,0
2026-06-05T14:26:09.049Z,0
2026-06-05T14:27:09.58Z,0
2026-06-05T14:34:06.433Z,0
2026-06-05T14:35:15.765Z,0
2026-06-05T14:42:29.332Z,0
2026-06-05T14:43:07.064Z,0
2026-06-05T14:44:04.788Z,0
2026-06-05T14:46:32.158Z,0
2026-06-05T14:48:23.541Z,0
2026-06-05T14:52:51.041Z,0
2026-06-05T14:53:29.145Z,0
2026-06-05T14:55:41.076Z,0
2026-06-05T14:56:50.784Z,0
2026-06-05T14:59:45.017Z,0
2026-06-05T15:00:17.175Z,0
2026-06-05T15:02:22.185Z,0
2026-06-05T15:05:20.111Z,0
2026-06-05T15:05:53.917Z,0
2026-06-05T15:07:53.527Z,0
2026-06-05T15:08:30.443Z,0
2026-06-05T15:11:37.621Z,0
2026-06-05T15:12:33.565Z,0
2026-06-05T15:20:42.747Z,0
2026-06-05T15:22:05.28Z,0
2026-06-05T15:26:46.309Z,0
2026-06-05T15:27:41.431Z,0
2026-06-05T15:28:58.196Z,0
2026-06-05T15:30:19.952Z,0
2026-06-05T15:32:19.7Z,0
2026-06-05T15:33:46.538Z,0
2026-06-05T15:35:28.385Z,0
2026-06-05T15:40:33.347Z,0
2026-06-05T15:41:52.18Z,0
2026-06-05T15:42:56.158Z,0
2026-06-05T15:46:33.933Z,0
2026-06-05T15:47:22.06Z,0
2026-06-05T15:51:09.482Z,0
2026-06-05T15:55:29.698Z,0
2026-06-05T16:05:12.575Z,0
2026-06-05T16:06:28.483Z,0
2026-06-05T16:06:56.659Z,0
2026-06-05T16:09:44.073Z,0
2026-06-05T16:13:44.596Z,0
2026-06-05T16:14:49.898Z,0
2026-06-05T16:15:49.71Z,0
2026-06-05T16:16:27.493Z,0
2026-06-05T16:16:54.704Z,0
2026-06-05T16:17:55.484Z,0
2026-06-05T16:20:00.682Z,0
2026-06-05T16:21:45.336Z,0
2026-06-05T16:28:42.513Z,0
2026-06-05T16:33:17.255Z,0
2026-06-05T16:37:29.561Z,0
2026-06-05T16:41:56.549Z,0
2026-06-05T16:42:46.581Z,0
2026-06-05T16:47:00.76Z,0
2026-06-05T17:32:16.054Z,0
2026-06-05T17:37:39.617Z,0
2026-06-05T17:38:56.569Z,0
2026-06-05T17:41:18.152Z,0
2026-06-05T18:00:00.586Z,0
2026-06-06T06:00:00.055Z,0
2026-06-06T09:37:56.487Z,0
2026-06-06T09:38:50.912Z,0
2026-06-06T09:52:20.728Z,0
2026-06-06T09:54:28.43Z,0
2026-06-06T10:00:53.916Z,0
2026-06-06T10:01:46.744Z,0
2026-06-06T10:22:08.633Z,0
2026-06-06T10:23:00.832Z,0
2026-06-06T10:30:32.287Z,0
2026-06-06T10:31:16.96Z,0
2026-06-06T10:37:04.79Z,0
2026-06-06T10:38:25.314Z,0
2026-06-06T10:52:18.04Z,0
2026-06-06T10:53:08.331Z,0
2026-06-06T11:01:24.926Z,0
2026-06-06T11:02:09.302Z,0
2026-06-06T11:28:59.833Z,0
2026-06-06T11:32:42.846Z,0
2026-06-06T11:34:16.177Z,0
2026-06-06T11:36:14.741Z,0
2026-06-06T11:38:22.587Z,0
2026-06-06T11:39:17.235Z,0
2026-06-06T11:43:54.109Z,0
2026-06-06T11:45:22.582Z,0
2026-06-06T11:47:29.33Z,0
2026-06-06T11:48:56.395Z,0
2026-06-06T11:51:05.512Z,0
2026-06-06T11:52:06.725Z,0
2026-06-06T11:53:06.881Z,0
2026-06-06T11:55:23.649Z,0
2026-06-06T12:00:48.167Z,0
2026-06-06T12:04:21.114Z,0
2026-06-06T12:06:17.571Z,0
2026-06-06T12:07:18.426Z,0
2026-06-06T12:12:10.379Z,0
2026-06-06T12:14:25.687Z,0
2026-06-06T12:16:00.695Z,0
2026-06-06T12:20:25.816Z,0
2026-06-06T12:31:21.13Z,0
2026-06-06T12:33:12.716Z,0
2026-06-06T12:33:39.873Z,0
2026-06-06T12:34:17.29Z,0
2026-06-06T12:45:15.958Z,0
2026-06-06T12:45:37.44Z,0
2026-06-06T13:25:37.712Z,0
2026-06-06T13:27:54.74Z,0
2026-06-06T13:29:19.246Z,0
2026-06-06T13:29:51.91Z,0
2026-06-06T13:34:21.564Z,0
2026-06-06T13:36:52.189Z,0
2026-06-06T13:45:20.477Z,0
2026-06-06T13:46:04.548Z,0
2026-06-06T13:53:25.588Z,0
2026-06-06T13:55:21.091Z,0
2026-06-06T14:00:11.332Z,0
2026-06-06T14:01:57.971Z,0
2026-06-06T14:04:20.601Z,0
2026-06-06T14:04:53.116Z,0
2026-06-06T14:13:21.27Z,0
2026-06-06T14:14:37.462Z,0
2026-06-06T14:19:41.875Z,0
2026-06-06T14:20:48.77Z,0
2026-06-06T14:25:44.084Z,0
2026-06-06T14:26:54.239Z,0
2026-06-06T14:30:51.318Z,0
2026-06-06T14:33:24.826Z,0
2026-06-06T14:35:13.179Z,0
2026-06-06T14:36:23.226Z,0
2026-06-06T14:37:49.639Z,0
2026-06-06T14:49:43.743Z,0
2026-06-06T14:50:22.42Z,0
2026-06-06T14:52:32.147Z,0
2026-06-06T14:53:32.077Z,0
2026-06-06T14:59:03.461Z,0
2026-06-06T14:59:52.287Z,0
2026-06-06T15:14:56.422Z,0
2026-06-06T15:15:23.07Z,0
2026-06-06T15:27:35.694Z,0
2026-06-06T15:28:47.083Z,0
2026-06-06T15:34:06.823Z,0
2026-06-06T15:35:41.866Z,0
2026-06-06T15:36:41.692Z,0
2026-06-06T15:38:25.027Z,0
2026-06-06T15:40:12.194Z,0
2026-06-06T15:41:53.954Z,0
2026-06-06T15:49:51.167Z,0
2026-06-06T15:50:22.267Z,0
2026-06-06T15:52:38.644Z,0
2026-06-06T15:53:05.534Z,0
2026-06-06T15:55:57.435Z,0
2026-06-06T15:57:41.456Z,0
2026-06-06T15:58:48.227Z,0
2026-06-06T16:04:29.3Z,0
2026-06-06T16:05:11.984Z,0
2026-06-06T16:06:55.43Z,0
2026-06-06T16:08:32.607Z,0
2026-06-06T16:10:59.026Z,0
2026-06-06T16:11:31.242Z,0
2026-06-06T16:12:07.636Z,0
2026-06-06T16:14:44.046Z,0
2026-06-06T16:16:10.364Z,0
2026-06-06T16:20:54.36Z,0
2026-06-06T16:22:59.83Z,0
2026-06-06T16:24:25.286Z,0
2026-06-06T16:32:48.406Z,0
2026-06-06T16:33:37.635Z,0
2026-06-06T16:35:58.947Z,0
2026-06-06T16:36:51.563Z,0
2026-06-06T16:38:30.202Z,0
2026-06-06T16:40:18.194Z,0
2026-06-06T16:41:22.755Z,0
2026-06-06T16:43:17.442Z,0
2026-06-06T16:44:44.344Z,0
2026-06-06T16:46:33.574Z,0
2026-06-06T16:54:23.897Z,0
2026-06-06T16:54:45.964Z,0
2026-06-06T16:56:55.868Z,0
2026-06-06T16:58:49.299Z,0
2026-06-06T17:00:56.057Z,0
2026-06-06T17:13:12.832Z,0
2026-06-06T17:15:19.219Z,0
2026-06-06T17:17:27.086Z,0
2026-06-06T17:19:54.924Z,0
2026-06-06T17:41:15.006Z,0
2026-06-06T17:42:16.078Z,0
2026-06-06T17:45:18.441Z,0
2026-06-06T17:47:49.281Z,0
2026-06-06T17:51:34.684Z,0
2026-06-06T17:55:14.351Z,0
2026-06-06T17:57:40.179Z,0
2026-06-06T18:00:00.401Z,0
2026-06-07T06:00:02.195Z,0
2026-06-07T08:14:46.898Z,0
2026-06-07T08:25:14.054Z,0
2026-06-07T08:26:40.742Z,0
2026-06-07T08:28:03.644Z,0
2026-06-07T08:50:25.794Z,0
2026-06-07T08:51:30.553Z,0
2026-06-07T08:56:22.666Z,0
2026-06-07T08:57:12.248Z,0
2026-06-07T09:03:13.863Z,0
2026-06-07T09:04:47.598Z,0
2026-06-07T09:14:01.597Z,0
2026-06-07T09:18:23.581Z,0
2026-06-07T09:20:40.145Z,0
2026-06-07T09:21:31.322Z,0
2026-06-07T09:24:17.146Z,0
2026-06-07T09:25:59.082Z,0
2026-06-07T09:28:04.851Z,0
2026-06-07T09:29:04.061Z,0
2026-06-07T09:34:27.331Z,0
2026-06-07T09:35:50.116Z,0
2026-06-07T09:38:53.023Z,0
2026-06-07T09:39:54.211Z,0
2026-06-07T09:43:42.151Z,0
2026-06-07T09:46:05.502Z,0
2026-06-07T09:48:04.959Z,0
2026-06-07T09:49:54.547Z,0
2026-06-07T09:55:15.514Z,0
2026-06-07T09:56:35.446Z,0
2026-06-07T09:58:26.942Z,0
2026-06-07T09:59:54.537Z,0
2026-06-07T10:02:18.419Z,0
2026-06-07T10:02:50.915Z,0
2026-06-07T10:04:04.878Z,0
2026-06-07T10:04:36.68Z,0
2026-06-07T10:07:13.664Z,0
2026-06-07T10:08:10.676Z,0
2026-06-07T10:08:51.757Z,0
2026-06-07T10:17:55.698Z,0
2026-06-07T10:18:48.642Z,0
2026-06-07T10:27:36.059Z,0
2026-06-07T10:29:36.984Z,0
2026-06-07T10:32:04.652Z,0
2026-06-07T10:34:14.838Z,0
2026-06-07T10:43:44.516Z,0
2026-06-07T10:44:16.46Z,0
2026-06-07T10:45:10.951Z,0
2026-06-07T10:47:43.006Z,0
2026-06-07T10:53:03.629Z,0
2026-06-07T10:53:59.673Z,0
2026-06-07T14:21:58.896Z,0
2026-06-07T14:22:37.02Z,0
2026-06-07T14:47:25.439Z,0
2026-06-07T14:48:53.506Z,0
2026-06-07T14:50:38.209Z,0
2026-06-07T14:52:11.369Z,0
2026-06-07T14:53:42Z,0
2026-06-07T14:54:11.347Z,0
2026-06-07T15:12:45.2Z,0
2026-06-07T15:13:49.656Z,0
2026-06-07T15:19:09.774Z,0
2026-06-07T15:21:29.835Z,0
2026-06-07T15:35:02.811Z,0
2026-06-07T15:35:54.975Z,0
2026-06-07T15:47:50.158Z,0
2026-06-07T15:48:40.892Z,0
2026-06-07T15:49:26.895Z,0
2026-06-07T15:50:13.043Z,0
2026-06-07T16:08:40.53Z,0
2026-06-07T16:11:34.435Z,0
2026-06-07T16:13:00.353Z,0
2026-06-07T16:13:23.804Z,0
2026-06-07T16:51:28.501Z,0
2026-06-07T16:53:12.844Z,0
2026-06-07T16:55:15.587Z,0
2026-06-07T16:56:03.72Z,0
2026-06-07T17:35:55.741Z,0
2026-06-07T17:36:54.88Z,0
2026-06-07T17:40:27.703Z,0
2026-06-07T17:41:21.942Z,0
2026-06-07T18:00:11.018Z,0
2026-06-07T18:00:46.947Z,0
2026-06-07T18:07:14.289Z,0
2026-06-07T18:09:50.217Z,0
2026-06-07T18:12:07.081Z,0
2026-06-07T18:34:28.528Z,0
2026-06-07T18:34:57.026Z,0
2026-06-07T19:18:51.063Z,0
2026-06-07T19:20:12.798Z,0
2026-06-07T19:21:28.082Z,0
2026-06-08T06:00:00.102Z,0
2026-06-08T06:39:34.252Z,0
2026-06-08T07:41:40.245Z,0
2026-06-08T07:43:34.26Z,0
2026-06-08T08:06:01.147Z,0
2026-06-08T08:07:22.88Z,0
2026-06-08T08:14:55.372Z,0
2026-06-08T08:22:57.967Z,0
2026-06-08T08:30:23.789Z,0
2026-06-08T08:42:47.163Z,0
2026-06-08T08:47:58.065Z,0
2026-06-08T08:50:10.667Z,0
2026-06-08T12:15:47.75Z,0
2026-06-08T12:49:42.336Z,0
2026-06-08T12:50:50.845Z,0
2026-06-08T12:51:24.112Z,0
2026-06-08T12:53:41.236Z,0
2026-06-08T16:22:24.746Z,0
2026-06-08T16:22:57.185Z,0
2026-06-08T16:24:55.773Z,0
2026-06-08T16:25:19.574Z,0
2026-06-08T16:28:29.76Z,0
2026-06-08T16:29:13.49Z,0
2026-06-08T16:53:27.269Z,0
2026-06-08T16:54:08.016Z,0
2026-06-08T18:00:00.265Z,0
2026-06-08T18:31:15.445Z,0
2026-06-08T19:23:05.993Z,0
2026-06-08T19:33:04.293Z,0
2026-06-08T19:33:04.379Z,0
2026-06-08T19:33:04.432Z,0
2026-06-09T06:00:00.098Z,0
2026-06-09T11:12:24.939Z,0
2026-06-09T11:12:45.459Z,0
2026-06-09T11:52:38.81Z,0
2026-06-09T11:53:29.444Z,0
2026-06-09T13:17:22.805Z,0
2026-06-09T13:18:43.983Z,0
2026-06-09T13:21:13.462Z,0
2026-06-09T13:21:45.662Z,0
2026-06-09T14:03:06.232Z,0
2026-06-09T14:03:37.563Z,0
2026-06-09T14:25:15.609Z,0
2026-06-09T14:25:50.62Z,0
2026-06-09T14:30:22.633Z,0
2026-06-09T14:31:10.673Z,0
2026-06-09T14:48:16.021Z,0
2026-06-09T14:48:47.934Z,0
2026-06-09T14:52:15.632Z,0
2026-06-09T14:54:05.025Z,0
2026-06-09T14:54:54.211Z,0
2026-06-09T14:56:11.302Z,0
2026-06-09T14:58:11.344Z,0
2026-06-09T15:02:29.009Z,0
2026-06-09T15:07:50.552Z,0
2026-06-09T15:09:11.234Z,0
2026-06-09T15:12:46.26Z,0
2026-06-09T15:21:38.149Z,0
2026-06-09T15:22:12.23Z,0
2026-06-09T15:24:48.713Z,0
2026-06-09T15:25:15.453Z,0
2026-06-09T15:26:38.789Z,0
2026-06-09T15:27:16.231Z,0
2026-06-09T15:28:49.858Z,0
2026-06-09T15:29:40.427Z,0
2026-06-09T15:32:48.499Z,0
2026-06-09T15:33:44.407Z,0
2026-06-09T15:34:22.469Z,0
2026-06-09T15:37:07.957Z,0
2026-06-09T15:38:37.312Z,0
2026-06-09T15:39:27.59Z,0
2026-06-09T15:40:59.814Z,0
2026-06-09T15:46:05.218Z,0
2026-06-09T15:47:56.607Z,0
2026-06-09T15:55:31.902Z,0
2026-06-09T15:58:45.439Z,0
2026-06-09T16:01:07.766Z,0
2026-06-09T16:01:34.709Z,0
2026-06-09T16:05:15.304Z,0
2026-06-09T16:05:42.772Z,0
2026-06-09T16:07:35.533Z,0
2026-06-09T16:08:10.761Z,0
2026-06-09T16:10:50.649Z,0
2026-06-09T16:12:29.847Z,0
2026-06-09T16:17:09.38Z,0
2026-06-09T16:19:59.59Z,0
2026-06-09T16:20:48.342Z,0
2026-06-09T16:21:52.559Z,0
2026-06-09T16:23:13.795Z,0
2026-06-09T16:28:54.758Z,0
2026-06-09T16:30:26.567Z,0
2026-06-09T16:31:32.598Z,0
2026-06-09T16:42:50.169Z,0
2026-06-09T16:45:32.157Z,0
2026-06-09T16:46:17.533Z,0
2026-06-09T16:47:27.322Z,0
2026-06-09T16:49:45.494Z,0
2026-06-09T16:51:28.062Z,0
2026-06-09T16:51:55.422Z,0
2026-06-09T16:52:23.389Z,0
2026-06-09T16:53:33.355Z,0
2026-06-09T16:54:37.974Z,0
2026-06-09T17:24:52.582Z,0
2026-06-09T17:26:19.259Z,0
2026-06-09T17:40:29.646Z,0
2026-06-09T17:41:30.544Z,0
2026-06-09T17:44:08.526Z,0
2026-06-09T17:44:40.617Z,0
2026-06-09T17:49:22.881Z,0
2026-06-09T17:50:54.945Z,0
2026-06-09T18:00:00.172Z,0
2026-06-09T18:01:21.918Z,0
2026-06-09T18:02:42.811Z,0
2026-06-09T18:03:10.104Z,0
2026-06-09T18:13:34.405Z,0
2026-06-09T18:30:58.412Z,0
2026-06-09T18:32:53.452Z,0
2026-06-10T06:00:00Z,0
2026-06-10T06:00:00.05Z,0
2026-06-10T08:29:55Z,0
2026-06-10T08:29:56.462Z,0
2026-06-10T08:30:23Z,0
2026-06-10T08:30:30.64Z,0
2026-06-10T08:43:19Z,0
2026-06-10T08:43:23.162Z,0
2026-06-10T09:20:33Z,0
2026-06-10T09:20:33.418Z,0
2026-06-10T09:30:06Z,0
2026-06-10T09:30:13.892Z,0
2026-06-10T09:30:51Z,0
2026-06-10T09:30:53.392Z,0
2026-06-10T09:34:23Z,0
2026-06-10T09:34:25.482Z,0
2026-06-10T09:34:57Z,0
2026-06-10T09:34:58.883Z,0
2026-06-10T09:46:37Z,0
2026-06-10T09:46:38.836Z,0
2026-06-10T09:48:22Z,0
2026-06-10T09:48:22.726Z,0
2026-06-10T09:50:01Z,0
2026-06-10T09:50:10.694Z,0
2026-06-10T09:51:34Z,0
2026-06-10T09:51:36.345Z,0
2026-06-10T09:52:01Z,0
2026-06-10T09:52:04.656Z,0
2026-06-10T09:52:52Z,0
2026-06-10T09:52:53.474Z,0
2026-06-10T10:04:39Z,0
2026-06-10T10:04:40.927Z,0
2026-06-10T10:05:22Z,0
2026-06-10T10:05:24.977Z,0
2026-06-10T10:25:02Z,0
2026-06-10T10:25:13.438Z,0
2026-06-10T10:25:47Z,0
2026-06-10T10:25:49.509Z,0
2026-06-10T10:38:05Z,0
2026-06-10T10:38:06.426Z,0
2026-06-10T10:38:49Z,0
2026-06-10T10:38:52.251Z,0
2026-06-10T11:34:18Z,0
2026-06-10T11:34:20.089Z,0
2026-06-10T11:34:47Z,0
2026-06-10T11:34:48.099Z,0
2026-06-10T11:36:53Z,0
2026-06-10T11:36:54.642Z,0
2026-06-10T11:38:25Z,0
2026-06-10T11:38:28.014Z,0
2026-06-10T11:44:18Z,0
2026-06-10T11:44:19.587Z,0
2026-06-10T11:45:11Z,0
2026-06-10T11:45:15.151Z,0
2026-06-10T12:09:41Z,0
2026-06-10T12:09:43.25Z,0
2026-06-10T12:11:03Z,0
2026-06-10T12:11:07.24Z,0
2026-06-10T12:30:07Z,0
2026-06-10T12:30:14.06Z,0
2026-06-10T12:31:01Z,0
2026-06-10T12:31:03.997Z,0
2026-06-10T12:44:26Z,0
2026-06-10T12:44:29.24Z,0
2026-06-10T12:45:33Z,0
2026-06-10T12:45:35.309Z,0
2026-06-10T12:47:07Z,0
2026-06-10T12:47:09.438Z,0
2026-06-10T12:47:40Z,0
2026-06-10T12:47:42.022Z,0
2026-06-10T12:53:24Z,0
2026-06-10T12:53:25.973Z,0
2026-06-10T12:54:51Z,0
2026-06-10T12:54:54.022Z,0
2026-06-10T13:03:17Z,0
2026-06-10T13:03:18.286Z,0
2026-06-10T13:03:39Z,0
2026-06-10T13:03:41.276Z,0
2026-06-10T13:06:51Z,0
2026-06-10T13:06:52.976Z,0
2026-06-10T13:07:46Z,0
2026-06-10T13:07:46.98Z,0
2026-06-10T13:27:47Z,0
2026-06-10T13:27:48.994Z,0
2026-06-10T13:30:50Z,0
2026-06-10T13:30:53.377Z,0
2026-06-10T14:06:14Z,0
2026-06-10T14:06:16.944Z,0
2026-06-10T14:07:02Z,0
2026-06-10T14:07:04.028Z,0
2026-06-10T14:11:05Z,0
2026-06-10T14:11:08.01Z,0
2026-06-10T14:11:33Z,0
2026-06-10T14:11:34.554Z,0
2026-06-10T14:15:50Z,0
2026-06-10T14:15:51.277Z,0
2026-06-10T14:17:54Z,0
2026-06-10T14:17:55.344Z,0
2026-06-10T14:18:22Z,0
2026-06-10T14:18:23.355Z,0
2026-06-10T14:19:44Z,0
2026-06-10T14:19:46.033Z,0
2026-06-10T14:28:59Z,0
2026-06-10T14:29:02.131Z,0
2026-06-10T14:29:36Z,0
2026-06-10T14:29:38.141Z,0
2026-06-10T14:38:51Z,0
2026-06-10T14:38:52.304Z,0
2026-06-10T14:41:34Z,0
2026-06-10T14:41:37.053Z,0
2026-06-10T14:42:29Z,0
2026-06-10T14:42:30.331Z,0
2026-06-10T14:43:07Z,0
2026-06-10T14:43:09.327Z,0
2026-06-10T14:45:49Z,0
2026-06-10T14:45:50.735Z,0
2026-06-10T14:46:53Z,0
2026-06-10T14:46:55.481Z,0
2026-06-10T14:53:49Z,0
2026-06-10T14:53:50.056Z,0
2026-06-10T14:54:17Z,0
2026-06-10T14:54:19.305Z,0
2026-06-10T14:56:45Z,0
2026-06-10T14:56:47.295Z,0
2026-06-10T14:57:07Z,0
2026-06-10T14:57:09.238Z,0
2026-06-10T14:58:58Z,0
2026-06-10T14:58:59.173Z,0
2026-06-10T15:01:03Z,0
2026-06-10T15:01:04.506Z,0
2026-06-10T15:02:53Z,0
2026-06-10T15:02:54.618Z,0
2026-06-10T15:03:25Z,0
2026-06-10T15:03:26.995Z,0
2026-06-10T15:06:12Z,0
2026-06-10T15:06:14.3Z,0
2026-06-10T15:06:44Z,0
2026-06-10T15:06:45.503Z,0
2026-06-10T15:08:33Z,0
2026-06-10T15:08:33.973Z,0
2026-06-10T15:10:40Z,0
2026-06-10T15:10:41.504Z,0
2026-06-10T15:11:40Z,0
2026-06-10T15:11:41.214Z,0
2026-06-10T15:12:08Z,0
2026-06-10T15:12:10.011Z,0
2026-06-10T15:12:57Z,0
2026-06-10T15:12:58.871Z,0
2026-06-10T15:13:46Z,0
2026-06-10T15:13:48.249Z,0
2026-06-10T15:17:18Z,0
2026-06-10T15:17:19.82Z,0
2026-06-10T15:18:01Z,0
2026-06-10T15:18:04.694Z,0
2026-06-10T15:21:22Z,0
2026-06-10T15:21:23.71Z,0
2026-06-10T15:22:12Z,0
2026-06-10T15:22:14.494Z,0
2026-06-10T15:25:08Z,0
2026-06-10T15:25:11.956Z,0
2026-06-10T15:25:52Z,0
2026-06-10T15:25:53.105Z,0
2026-06-10T15:28:43Z,0
2026-06-10T15:28:45.314Z,0
2026-06-10T15:29:39Z,0
2026-06-10T15:29:41.611Z,0
2026-06-10T15:30:33Z,0
2026-06-10T15:30:36.569Z,0
2026-06-10T15:32:16Z,0
2026-06-10T15:32:18.923Z,0
2026-06-10T15:36:26Z,0
2026-06-10T15:36:28.288Z,0
2026-06-10T15:37:04Z,0
2026-06-10T15:37:05.022Z,0
2026-06-10T15:37:30Z,0
2026-06-10T15:37:32.565Z,0
2026-06-10T15:38:03Z,0
2026-06-10T15:38:04.187Z,0
2026-06-10T15:39:14Z,0
2026-06-10T15:39:15.916Z,0
2026-06-10T15:39:31Z,0
2026-06-10T15:39:32.46Z,0
2026-06-10T15:45:10Z,0
2026-06-10T15:45:16.457Z,0
2026-06-10T15:46:05Z,0
2026-06-10T15:46:06.331Z,0
2026-06-10T15:48:50Z,0
2026-06-10T15:48:54.034Z,0
2026-06-10T15:49:23Z,0
2026-06-10T15:49:24.707Z,0
2026-06-10T15:56:49Z,0
2026-06-10T15:56:50.833Z,0
2026-06-10T15:57:49Z,0
2026-06-10T15:57:50.694Z,0
2026-06-10T15:58:55Z,0
2026-06-10T15:58:56.62Z,0
2026-06-10T16:01:00Z,0
2026-06-10T16:01:04.42Z,0
2026-06-10T16:01:28Z,0
2026-06-10T16:01:29.692Z,0
2026-06-10T16:02:16Z,0
2026-06-10T16:02:17.903Z,0
2026-06-10T16:02:59Z,0
2026-06-10T16:03:02.199Z,0
2026-06-10T16:13:18Z,0
2026-06-10T16:13:20.136Z,0
2026-06-10T16:13:50Z,0
2026-06-10T16:13:52.338Z,0
2026-06-10T16:22:45Z,0
2026-06-10T16:22:47.911Z,0
2026-06-10T16:23:07Z,0
2026-06-10T16:23:10.091Z,0
2026-06-10T16:32:35Z,0
2026-06-10T16:32:36.724Z,0
2026-06-10T16:34:23Z,0
2026-06-10T16:34:24.519Z,0
2026-06-10T16:45:11Z,0
2026-06-10T16:45:16.19Z,0
2026-06-10T16:47:05Z,0
2026-06-10T16:47:07.967Z,0
2026-06-10T16:49:19Z,0
2026-06-10T16:49:21.276Z,0
2026-06-10T16:52:43Z,0
2026-06-10T16:52:44.004Z,0
2026-06-10T16:54:09Z,0
2026-06-10T16:54:10.685Z,0
2026-06-10T16:56:13Z,0
2026-06-10T16:56:16.491Z,0
2026-06-10T16:57:14Z,0
2026-06-10T16:57:16.069Z,0
2026-06-10T16:58:03Z,0
2026-06-10T16:58:04.607Z,0
2026-06-10T17:03:45Z,0
2026-06-10T17:03:46.517Z,0
2026-06-10T17:05:14Z,0
2026-06-10T17:05:15.156Z,0
2026-06-10T17:06:03Z,0
2026-06-10T17:06:09.32Z,0
2026-06-10T17:13:12Z,0
2026-06-10T17:13:15.313Z,0
2026-06-10T17:14:38Z,0
2026-06-10T17:14:39.993Z,0
2026-06-10T17:18:44Z,0
2026-06-10T17:18:45.995Z,0
2026-06-10T17:22:44Z,0
2026-06-10T17:22:45.208Z,0
2026-06-10T17:24:38Z,0
2026-06-10T17:24:40.014Z,0
2026-06-10T17:27:18Z,0
2026-06-10T17:27:19.606Z,0
2026-06-10T17:30:25Z,0
2026-06-10T17:30:26.966Z,0
2026-06-10T17:33:37Z,0
2026-06-10T17:33:39.419Z,0
2026-06-10T17:35:30Z,0
2026-06-10T17:35:33.396Z,0
2026-06-10T17:44:32Z,0
2026-06-10T17:44:33.702Z,0
2026-06-10T17:49:28Z,0
2026-06-10T17:49:30.075Z,0
2026-06-10T17:53:09Z,0
2026-06-10T17:53:10.237Z,0
2026-06-10T18:00:00Z,0
2026-06-10T18:00:02.293Z,0
2026-06-10T18:00:27Z,0
2026-06-10T18:00:29.289Z,0
2026-06-10T18:09:09Z,0
2026-06-10T18:09:10.484Z,0
2026-06-11T06:00:00Z,0
2026-06-11T06:00:00.043Z,0
2026-06-11T09:41:39Z,0
2026-06-11T09:41:42.244Z,0
2026-06-11T09:50:50Z,0
2026-06-11T09:50:51.897Z,0
2026-06-11T09:54:02Z,0
2026-06-11T09:54:04.894Z,0
2026-06-11T09:58:05Z,0
2026-06-11T09:58:08.221Z,0
2026-06-11T10:27:05Z,0
2026-06-11T10:27:05.888Z,0
2026-06-11T10:34:09Z,0
2026-06-11T10:34:11.284Z,0
2026-06-11T10:37:43Z,0
2026-06-11T10:37:44.726Z,0
2026-06-11T10:46:54Z,0
2026-06-11T10:46:56.018Z,0
2026-06-11T10:50:17Z,0
2026-06-11T10:50:20.018Z,0
2026-06-11T10:50:55Z,0
2026-06-11T10:50:56.539Z,0
2026-06-11T11:05:57Z,0
2026-06-11T11:05:59.936Z,0
2026-06-11T11:09:52Z,0
2026-06-11T11:09:53.127Z,0
2026-06-11T11:41:10Z,0
2026-06-11T11:41:13.83Z,0
2026-06-11T11:46:15Z,0
2026-06-11T11:46:17.168Z,0
2026-06-11T12:19:54Z,0
2026-06-11T12:19:55.94Z,0
2026-06-11T12:21:25Z,0
2026-06-11T12:21:26.301Z,0
2026-06-11T12:22:02Z,0
2026-06-11T12:22:04.116Z,0
2026-06-11T12:24:00Z,0
2026-06-11T12:24:05.467Z,0
2026-06-11T12:37:51Z,0
2026-06-11T12:37:53.256Z,0
2026-06-11T12:39:01Z,0
2026-06-11T12:39:04.66Z,0
2026-06-11T12:41:07Z,0
2026-06-11T12:41:09.719Z,0
2026-06-11T12:42:03Z,0
2026-06-11T12:42:05.833Z,0
2026-06-11T12:47:05Z,0
2026-06-11T12:47:07.372Z,0
2026-06-11T12:49:37Z,0
2026-06-11T12:49:40.629Z,0
2026-06-11T12:50:10Z,0
2026-06-11T12:50:14.653Z,0
2026-06-11T12:51:15Z,0
2026-06-11T12:51:16.384Z,0
2026-06-11T12:53:00Z,0
2026-06-11T12:53:04.958Z,0
2026-06-11T12:55:04Z,0
2026-06-11T12:55:10.502Z,0
2026-06-11T12:57:40Z,0
2026-06-11T12:57:41.905Z,0
2026-06-11T12:59:07Z,0
2026-06-11T12:59:10.234Z,0
2026-06-11T13:03:50Z,0
2026-06-11T13:03:51.617Z,0
2026-06-11T13:04:50Z,0
2026-06-11T13:04:51.046Z,0
2026-06-11T13:09:58Z,0
2026-06-11T13:10:01.604Z,0
2026-06-11T13:10:53Z,0
2026-06-11T13:10:56.286Z,0
2026-06-11T13:13:56Z,0
2026-06-11T13:13:58.308Z,0
2026-06-11T13:14:34Z,0
2026-06-11T13:14:35.292Z,0
2026-06-11T13:16:16Z,0
2026-06-11T13:16:18.278Z,0
2026-06-11T13:17:17Z,0
2026-06-11T13:17:19.158Z,0
2026-06-11T13:18:49Z,0
2026-06-11T13:18:52.032Z,0
2026-06-11T13:20:12Z,0
2026-06-11T13:20:17.139Z,0
2026-06-11T13:21:01Z,0
2026-06-11T13:21:04.416Z,0
2026-06-11T13:26:29Z,0
2026-06-11T13:26:30.666Z,0
2026-06-11T13:27:46Z,0
2026-06-11T13:27:47.233Z,0
2026-06-11T13:32:05Z,0
2026-06-11T13:32:06.827Z,0
2026-06-11T13:33:22Z,0
2026-06-11T13:33:23.645Z,0
2026-06-11T13:38:24Z,0
2026-06-11T13:38:27.147Z,0
2026-06-11T13:38:52Z,0
2026-06-11T13:38:54.035Z,0
2026-06-11T13:42:29Z,0
2026-06-11T13:42:31.756Z,0
2026-06-11T13:45:55Z,0
2026-06-11T13:45:57.148Z,0
2026-06-11T13:47:47Z,0
2026-06-11T13:47:49.895Z,0
2026-06-11T13:48:53Z,0
2026-06-11T13:48:56.033Z,0
2026-06-11T13:50:06Z,0
2026-06-11T13:50:13.855Z,0
2026-06-11T13:51:49Z,0
2026-06-11T13:51:50.468Z,0
2026-06-11T13:53:32Z,0
2026-06-11T13:53:33.298Z,0
2026-06-11T13:54:53Z,0
2026-06-11T13:54:55.825Z,0
2026-06-11T13:55:53Z,0
2026-06-11T13:55:54.11Z,0
2026-06-11T13:58:09Z,0
2026-06-11T13:58:10.924Z,0
2026-06-11T13:58:54Z,0
2026-06-11T13:58:57.727Z,0
2026-06-11T14:00:59Z,0
2026-06-11T14:01:03.105Z,0
2026-06-11T14:02:26Z,0
2026-06-11T14:02:28.307Z,0
2026-06-11T14:04:31Z,0
2026-06-11T14:04:33.614Z,0
2026-06-11T14:06:21Z,0
2026-06-11T14:06:22.273Z,0
2026-06-11T14:06:59Z,0
2026-06-11T14:07:00.287Z,0
2026-06-11T14:09:12Z,0
2026-06-11T14:09:13.811Z,0
2026-06-11T14:10:51Z,0
2026-06-11T14:10:52.988Z,0
2026-06-11T14:12:52Z,0
2026-06-11T14:12:56.527Z,0
2026-06-11T14:14:58Z,0
2026-06-11T14:14:59.15Z,0
2026-06-11T14:15:42Z,0
2026-06-11T14:15:43.431Z,0
2026-06-11T14:18:01Z,0
2026-06-11T14:18:04.164Z,0
2026-06-11T14:21:06Z,0
2026-06-11T14:21:08.973Z,0
2026-06-11T14:24:12Z,0
2026-06-11T14:24:13.911Z,0
2026-06-11T14:25:57Z,0
2026-06-11T14:26:00.355Z,0
2026-06-11T14:27:53Z,0
2026-06-11T14:27:54.546Z,0
2026-06-11T14:28:52Z,0
2026-06-11T14:28:55.721Z,0
2026-06-11T14:30:36Z,0
2026-06-11T14:30:38.285Z,0
2026-06-11T14:37:58Z,0
2026-06-11T14:37:59.797Z,0
2026-06-11T14:39:41Z,0
2026-06-11T14:39:42.281Z,0
2026-06-11T14:41:03Z,0
2026-06-11T14:41:05.373Z,0
2026-06-11T14:42:15Z,0
2026-06-11T14:42:16.813Z,0
2026-06-11T14:50:25Z,0
2026-06-11T14:50:26.455Z,0
2026-06-11T14:55:59Z,0
2026-06-11T14:56:01.25Z,0
2026-06-11T14:56:32Z,0
2026-06-11T14:56:33.812Z,0
2026-06-11T14:59:06Z,0
2026-06-11T14:59:07.319Z,0
2026-06-11T15:03:18Z,0
2026-06-11T15:03:19.67Z,0
2026-06-11T15:06:08Z,0
2026-06-11T15:06:09.428Z,0
2026-06-11T15:13:14Z,0
2026-06-11T15:13:15.663Z,0
2026-06-11T15:13:52Z,0
2026-06-11T15:13:56.211Z,0
2026-06-11T15:14:13Z,0
2026-06-11T15:14:14.6Z,0
2026-06-11T15:16:03Z,0
2026-06-11T15:16:04.783Z,0
2026-06-11T15:17:36Z,0
2026-06-11T15:17:37.702Z,0
2026-06-11T15:20:08Z,0
2026-06-11T15:20:12.386Z,0
2026-06-11T15:24:28Z,0
2026-06-11T15:24:30.384Z,0
2026-06-11T15:26:37Z,0
2026-06-11T15:26:41.219Z,0
2026-06-11T15:27:38Z,0
2026-06-11T15:27:39.751Z,0
2026-06-11T15:29:05Z,0
2026-06-11T15:29:06.753Z,0
2026-06-11T15:31:48Z,0
2026-06-11T15:31:51.131Z,0
2026-06-11T15:36:04Z,0
2026-06-11T15:36:06.493Z,0
2026-06-11T15:41:06Z,0
2026-06-11T15:41:08.804Z,0
2026-06-11T15:41:23Z,0
2026-06-11T15:41:24.934Z,0
2026-06-11T15:44:17Z,0
2026-06-11T15:44:18.5Z,0
2026-06-11T15:45:06Z,0
2026-06-11T15:45:11.227Z,0
2026-06-11T15:47:53Z,0
2026-06-11T15:47:55.307Z,0
2026-06-11T15:48:31Z,0
2026-06-11T15:48:32.044Z,0
2026-06-11T15:51:17Z,0
2026-06-11T15:51:18.125Z,0
2026-06-11T15:53:07Z,0
2026-06-11T15:53:08.357Z,0
2026-06-11T16:06:33Z,0
2026-06-11T16:06:36.691Z,0
2026-06-11T16:07:48Z,0
2026-06-11T16:07:50.664Z,0
2026-06-11T18:00:00Z,0
2026-06-11T18:00:00.945Z,0
2026-06-11T19:58:59Z,0
2026-06-11T19:59:00.442Z,0
2026-06-12T06:00:00Z,0
2026-06-12T06:00:03.131Z,0
2026-06-12T07:06:52Z,0
2026-06-12T07:06:53.957Z,0
2026-06-12T07:08:53Z,0
2026-06-12T07:08:56.349Z,0
2026-06-12T07:09:47Z,0
2026-06-12T07:09:49.709Z,0
2026-06-12T07:40:25Z,0
2026-06-12T07:40:26.718Z,0
2026-06-12T07:41:23Z,0
2026-06-12T07:41:24.719Z,0
2026-06-12T07:54:24Z,0
2026-06-12T07:54:26.557Z,0
2026-06-12T07:55:45Z,0
2026-06-12T07:55:48.24Z,0
2026-06-12T08:27:53Z,0
2026-06-12T08:27:56.048Z,0
2026-06-12T08:29:37Z,0
2026-06-12T08:29:39.418Z,0
2026-06-12T08:38:13Z,0
2026-06-12T08:38:14.611Z,0
2026-06-12T08:39:52Z,0
2026-06-12T08:39:55.21Z,0
2026-06-12T08:46:54Z,0
2026-06-12T08:46:55.425Z,0
2026-06-12T08:47:59Z,0
2026-06-12T08:48:00.923Z,0
2026-06-12T09:03:52Z,0
2026-06-12T09:03:53.426Z,0
2026-06-12T09:04:45Z,0
2026-06-12T09:04:48.855Z,0
2026-06-12T09:20:55Z,0
2026-06-12T09:20:58.233Z,0
2026-06-12T09:21:33Z,0
2026-06-12T09:21:34.921Z,0
2026-06-12T09:38:11Z,0
2026-06-12T09:38:13.425Z,0
2026-06-12T09:38:34Z,0
2026-06-12T09:38:36.437Z,0
2026-06-12T09:44:35Z,0
2026-06-12T09:44:36.194Z,0
2026-06-12T09:45:45Z,0
2026-06-12T09:45:46.315Z,0
2026-06-12T09:50:41Z,0
2026-06-12T09:50:43.279Z,0
2026-06-12T09:51:13Z,0
2026-06-12T09:51:14.695Z,0
2026-06-12T09:54:16Z,0
2026-06-12T09:54:19.323Z,0
2026-06-12T09:55:17Z,0
2026-06-12T09:55:18.82Z,0
2026-06-12T10:12:00Z,0
2026-06-12T10:12:03.764Z,0
2026-06-12T10:12:27Z,0
2026-06-12T10:12:28.898Z,0
2026-06-12T10:15:11Z,0
2026-06-12T10:15:16.83Z,0
2026-06-12T10:16:21Z,0
2026-06-12T10:16:24.731Z,0
2026-06-12T10:24:33Z,0
2026-06-12T10:24:34.826Z,0
2026-06-12T10:25:42Z,0
2026-06-12T10:25:44.21Z,0
2026-06-12T10:37:24Z,0
2026-06-12T10:37:27.116Z,0
2026-06-12T10:38:14Z,0
2026-06-12T10:38:16.231Z,0
2026-06-12T10:41:13Z,0
2026-06-12T10:41:16.371Z,0
2026-06-12T10:42:41Z,0
2026-06-12T10:42:43.133Z,0
2026-06-12T10:44:52Z,0
2026-06-12T10:44:55.057Z,0
2026-06-12T10:45:25Z,0
2026-06-12T10:45:26.811Z,0
2026-06-12T10:48:25Z,0
2026-06-12T10:48:26.869Z,0
2026-06-12T10:49:03Z,0
2026-06-12T10:49:05.395Z,0
2026-06-12T11:11:35Z,0
2026-06-12T11:11:37.265Z,0
2026-06-12T11:15:22Z,0
2026-06-12T11:15:23.417Z,0
2026-06-12T11:39:43Z,0
2026-06-12T11:39:44.328Z,0
2026-06-12T11:41:24Z,0
2026-06-12T11:41:26.782Z,0
2026-06-12T12:04:37Z,0
2026-06-12T12:04:38.322Z,0
2026-06-12T12:06:45Z,0
2026-06-12T12:06:46.704Z,0
2026-06-12T12:09:33Z,0
2026-06-12T12:09:36.833Z,0
2026-06-12T12:10:46Z,0
2026-06-12T12:10:47.679Z,0
2026-06-12T12:16:02Z,0
2026-06-12T12:16:05.75Z,0
2026-06-12T12:17:58Z,0
2026-06-12T12:18:00.347Z,0
2026-06-12T12:19:02Z,0
2026-06-12T12:19:05.338Z,0
2026-06-12T12:25:32Z,0
2026-06-12T12:25:34.539Z,0
2026-06-12T12:27:04Z,0
2026-06-12T12:27:05.766Z,0
2026-06-12T12:34:04Z,0
2026-06-12T12:34:06.914Z,0
2026-06-12T12:43:44Z,0
2026-06-12T12:43:45.871Z,0
2026-06-12T12:47:49Z,0
2026-06-12T12:47:52.237Z,0
2026-06-12T12:51:30Z,0
2026-06-12T12:51:32.789Z,0
2026-06-12T12:51:58Z,0
2026-06-12T12:52:00.69Z,0
2026-06-12T12:57:39Z,0
2026-06-12T12:57:41.286Z,0
2026-06-12T13:03:18Z,0
2026-06-12T13:03:20.66Z,0
2026-06-12T13:04:57Z,0
2026-06-12T13:04:59.969Z,0
2026-06-12T13:06:43Z,0
2026-06-12T13:06:44.813Z,0
2026-06-12T13:10:54Z,0
2026-06-12T13:10:55.292Z,0
2026-06-12T13:25:18Z,0
2026-06-12T13:25:20.688Z,0
2026-06-12T13:27:12Z,0
2026-06-12T13:27:14.699Z,0
2026-06-12T13:29:40Z,0
2026-06-12T13:29:41.043Z,0
2026-06-12T13:30:08Z,0
2026-06-12T13:30:13.598Z,0
2026-06-12T13:36:22Z,0
2026-06-12T13:36:25.313Z,0
2026-06-12T13:37:12Z,0
2026-06-12T13:37:13.687Z,0
2026-06-12T13:38:13Z,0
2026-06-12T13:38:15.713Z,0
2026-06-12T13:44:51Z,0
2026-06-12T13:44:54.121Z,0
2026-06-12T13:47:49Z,0
2026-06-12T13:47:51.014Z,0
2026-06-12T13:51:10Z,0
2026-06-12T13:51:13.516Z,0
2026-06-12T13:54:36Z,0
2026-06-12T13:54:38.69Z,0
2026-06-12T13:59:31Z,0
2026-06-12T13:59:33.511Z,0
2026-06-12T14:00:19Z,0
2026-06-12T14:00:21.357Z,0
2026-06-12T14:04:52Z,0
2026-06-12T14:04:55.307Z,0
2026-06-12T14:06:37Z,0
2026-06-12T14:06:40.181Z,0
2026-06-12T14:08:11Z,0
2026-06-12T14:08:14.793Z,0
2026-06-12T14:16:01Z,0
2026-06-12T14:16:05.119Z,0
2026-06-12T14:16:55Z,0
2026-06-12T14:16:57.032Z,0
2026-06-12T14:19:06Z,0
2026-06-12T14:19:07.745Z,0
2026-06-12T14:23:28Z,0
2026-06-12T14:23:30.923Z,0
2026-06-12T14:27:31Z,0
2026-06-12T14:27:33.159Z,0
2026-06-12T14:27:59Z,0
2026-06-12T14:28:00.855Z,0
2026-06-12T14:28:54Z,0
2026-06-12T14:28:57.503Z,0
2026-06-12T14:30:34Z,0
2026-06-12T14:30:35.828Z,0
2026-06-12T14:32:06Z,0
2026-06-12T14:32:10.083Z,0
2026-06-12T14:39:20Z,0
2026-06-12T14:39:22.254Z,0
2026-06-12T14:40:58Z,0
2026-06-12T14:41:00.525Z,0
2026-06-12T14:42:30Z,0
2026-06-12T14:42:31.879Z,0
2026-06-12T14:45:23Z,0
2026-06-12T14:45:24.532Z,0
2026-06-12T14:47:22Z,0
2026-06-12T14:47:24.372Z,0
2026-06-12T14:49:27Z,0
2026-06-12T14:49:28.225Z,0
2026-06-12T14:53:11Z,0
2026-06-12T14:53:12.581Z,0
2026-06-12T14:55:52Z,0
2026-06-12T14:55:54.457Z,0
2026-06-12T14:59:32Z,0
2026-06-12T14:59:34.603Z,0
2026-06-12T15:00:44Z,0
2026-06-12T15:00:45.897Z,0
2026-06-12T15:05:51Z,0
2026-06-12T15:05:53.586Z,0
2026-06-12T15:08:10Z,0
2026-06-12T15:08:10.908Z,0
2026-06-12T15:09:48Z,0
2026-06-12T15:09:50.288Z,0
2026-06-12T15:10:42Z,0
2026-06-12T15:10:44.732Z,0
2026-06-12T15:11:33Z,0
2026-06-12T15:11:34.684Z,0
2026-06-12T15:14:10Z,0
2026-06-12T15:14:12.41Z,0
2026-06-12T15:18:17Z,0
2026-06-12T15:18:20.738Z,0
2026-06-12T15:18:45Z,0
2026-06-12T15:18:47.466Z,0
2026-06-12T15:27:53Z,0
2026-06-12T15:27:56.134Z,0
2026-06-12T15:29:22Z,0
2026-06-12T15:29:23.264Z,0
2026-06-12T17:30:18Z,0
2026-06-12T17:30:20.788Z,0
2026-06-12T17:32:06Z,0
2026-06-12T17:32:09.039Z,0
2026-06-12T18:00:00Z,0
2026-06-12T18:00:15.297Z,0
2026-06-12T19:42:09Z,0
2026-06-12T19:42:10.781Z,0
2026-06-13T06:00:00Z,0
2026-06-13T06:00:00.393Z,0
2026-06-13T07:08:45Z,0
2026-06-13T07:08:47.639Z,0
2026-06-13T08:12:00Z,0
2026-06-13T08:12:03.166Z,0
2026-06-13T08:14:20Z,0
2026-06-13T08:14:21.774Z,0
2026-06-13T08:36:18Z,0
2026-06-13T08:36:20.093Z,0
2026-06-13T09:00:54Z,0
2026-06-13T09:00:56.747Z,0
2026-06-13T09:02:53Z,0
2026-06-13T09:02:56.944Z,0
2026-06-13T09:04:41Z,0
2026-06-13T09:04:43.09Z,0
2026-06-13T09:11:03Z,0
2026-06-13T09:11:05.875Z,0
2026-06-13T09:12:08Z,0
2026-06-13T09:12:09.698Z,0
2026-06-13T09:16:03Z,0
2026-06-13T09:16:06.827Z,0
2026-06-13T09:18:52Z,0
2026-06-13T09:18:53.544Z,0
2026-06-13T09:22:27Z,0
2026-06-13T09:22:31.355Z,0
2026-06-13T09:24:45Z,0
2026-06-13T09:24:46.774Z,0
2026-06-13T09:29:10Z,0
2026-06-13T09:29:12.306Z,0
2026-06-13T09:38:30Z,0
2026-06-13T09:38:32.207Z,0
2026-06-13T10:43:48Z,0
2026-06-13T10:43:50.694Z,0
2026-06-13T10:45:04Z,0
2026-06-13T10:45:12.702Z,0
2026-06-13T11:02:39Z,0
2026-06-13T11:02:41.177Z,0
2026-06-13T11:04:11Z,0
2026-06-13T11:04:12.519Z,0
2026-06-13T11:06:08.495Z,0
2026-06-13T11:07:18.942Z,0
2026-06-13T11:13:53Z,-1
2026-06-13T11:14:00.688Z,-1
2026-06-13T11:14:00.722Z,-1
2026-06-13T11:14:00.753Z,-1
2026-06-13T11:14:00.784Z,-1
2026-06-13T14:32:28Z,-1
2026-06-13T14:32:29.195Z,-1
2026-06-13T14:58:38Z,-1
2026-06-13T14:58:39.687Z,-1
2026-06-13T14:59:15Z,-1
2026-06-13T14:59:17.72Z,-1
2026-06-13T15:00:27Z,-1
2026-06-13T15:00:28.869Z,-1
2026-06-13T15:43:22Z,-1
2026-06-13T15:43:23.359Z,-1
2026-06-13T15:44:22Z,-1
2026-06-13T15:44:23.958Z,-1
2026-06-13T15:49:46Z,-1
2026-06-13T15:49:48.089Z,-1
2026-06-13T15:51:46Z,-1
2026-06-13T15:51:47.625Z,-1
2026-06-13T15:52:42Z,-1
2026-06-13T15:52:44.005Z,-1
2026-06-13T15:55:00Z,-1
2026-06-13T15:55:01.258Z,-1
2026-06-13T15:59:16Z,-1
2026-06-13T15:59:19.181Z,-1
2026-06-13T15:59:54Z,-1
2026-06-13T15:59:54.878Z,-1
2026-06-13T16:05:34Z,-1
2026-06-13T16:05:36.682Z,-1
2026-06-13T16:07:57Z,-1
2026-06-13T16:07:58.975Z,-1
2026-06-13T16:08:44Z,-1
2026-06-13T16:08:45.974Z,-1
2026-06-13T16:10:49Z,-1
2026-06-13T16:10:51.786Z,-1
2026-06-13T16:18:23Z,-1
2026-06-13T16:18:26.397Z,-1
2026-06-13T16:19:13Z,-1
2026-06-13T16:19:15.881Z,-1
2026-06-13T16:22:07Z,-1
2026-06-13T16:22:09.45Z,-1
2026-06-13T16:23:45Z,-1
2026-06-13T16:23:46.338Z,-1
2026-06-13T16:24:39Z,-1
2026-06-13T16:24:40.693Z,-1
2026-06-13T16:36:05Z,-1
2026-06-13T16:36:06.769Z,-1
2026-06-13T16:37:16Z,-1
2026-06-13T16:37:17.615Z,-1
2026-06-13T16:37:49Z,-1
2026-06-13T16:37:50.476Z,-1
2026-06-13T16:46:52Z,-1
2026-06-13T16:46:52.866Z,-1
2026-06-13T16:48:07Z,-1
2026-06-13T16:48:08.605Z,-1
2026-06-13T16:50:04Z,-1
2026-06-13T16:50:13.576Z,-1
2026-06-13T16:51:19Z,-1
2026-06-13T16:51:21.116Z,-1
2026-06-13T16:53:29Z,-1
2026-06-13T16:53:29.674Z,-1
2026-06-13T16:54:51Z,-1
2026-06-13T16:54:51.956Z,-1
2026-06-13T16:56:08Z,-1
2026-06-13T16:56:09.35Z,-1
2026-06-13T16:58:12Z,-1
2026-06-13T16:58:14.225Z,-1
2026-06-13T16:59:35Z,-1
2026-06-13T16:59:37.102Z,-1
2026-06-13T17:00:37Z,-1
2026-06-13T17:00:39.276Z,-1
2026-06-13T17:02:39Z,-1
2026-06-13T17:02:40.727Z,-1
2026-06-13T17:04:47Z,-1
2026-06-13T17:04:48.547Z,-1
2026-06-13T17:06:00Z,-1
2026-06-13T17:06:04.403Z,-1
2026-06-13T17:07:44Z,-1
2026-06-13T17:07:47.642Z,-1
2026-06-13T17:12:24Z,-1
2026-06-13T17:12:27.216Z,-1
2026-06-13T17:16:18Z,-1
2026-06-13T17:16:21.147Z,-1
2026-06-13T17:21:31Z,-1
2026-06-13T17:21:32.455Z,-1
2026-06-13T17:24:09Z,-1
2026-06-13T17:24:10.873Z,-1
2026-06-13T17:25:05Z,-1
2026-06-13T17:25:11.7Z,-1
2026-06-13T17:27:04Z,-1
2026-06-13T17:27:07.282Z,-1
2026-06-13T17:28:05Z,-1
2026-06-13T17:28:05.891Z,-1
2026-06-13T17:32:15Z,-1
2026-06-13T17:32:17.159Z,-1
2026-06-13T17:34:37Z,-1
2026-06-13T17:34:38.873Z,-1
2026-06-13T17:39:41Z,-1
2026-06-13T17:39:42.941Z,-1
2026-06-13T17:40:37Z,-1
2026-06-13T17:40:39.02Z,-1
2026-06-13T17:42:42Z,-1
2026-06-13T17:42:43.591Z,-1
2026-06-13T17:44:14Z,-1
2026-06-13T17:44:16.937Z,-1
2026-06-13T17:45:35Z,-1
2026-06-13T17:45:37.255Z,-1
2026-06-13T17:47:24Z,-1
2026-06-13T17:47:25.243Z,-1
2026-06-13T17:53:50Z,-1
2026-06-13T17:53:52.627Z,-1
2026-06-13T17:58:00Z,-1
2026-06-13T17:58:03.583Z,-1
2026-06-13T17:58:27Z,-1
2026-06-13T17:58:30.212Z,-1
2026-06-13T18:00:00Z,-1
2026-06-13T18:00:03.265Z,-1
2026-06-13T20:24:42Z,-1
2026-06-13T20:24:44.967Z,-1
2026-06-14T06:00:00Z,-1
2026-06-14T06:00:00.703Z,-1
2026-06-14T06:32:46Z,-1
2026-06-14T06:32:49.707Z,-1
2026-06-14T06:33:18Z,-1
2026-06-14T06:33:20.055Z,-1
2026-06-14T06:38:56Z,-1
2026-06-14T06:38:57.288Z,-1
2026-06-14T06:40:34Z,-1
2026-06-14T06:40:35.482Z,-1
2026-06-14T06:43:58Z,-1
2026-06-14T06:44:00.609Z,-1
2026-06-14T08:18:03Z,-1
2026-06-14T08:18:05.182Z,-1
2026-06-14T08:18:26Z,-1
2026-06-14T08:18:27.575Z,-1
2026-06-14T08:22:57Z,-1
2026-06-14T08:22:58.937Z,-1
2026-06-14T08:23:35Z,-1
2026-06-14T08:23:37.831Z,-1
2026-06-14T08:27:43Z,-1
2026-06-14T08:27:45.208Z,-1
2026-06-14T08:28:05Z,-1
2026-06-14T08:28:06.478Z,-1
2026-06-14T08:31:58Z,-1
2026-06-14T08:31:59.214Z,-1
2026-06-14T09:05:50Z,-1
2026-06-14T09:05:52.583Z,-1
2026-06-14T09:08:12Z,-1
2026-06-14T09:08:13.397Z,-1
2026-06-14T09:09:07Z,-1
2026-06-14T09:09:09.014Z,-1
2026-06-14T09:11:50Z,-1
2026-06-14T09:11:52.175Z,-1
2026-06-14T09:28:25Z,-1
2026-06-14T09:28:25.862Z,-1
2026-06-14T09:28:57Z,-1
2026-06-14T09:28:57.823Z,-1
2026-06-14T09:39:39Z,-1
2026-06-14T09:39:41.2Z,-1
2026-06-14T09:40:07Z,-1
2026-06-14T09:40:12.762Z,-1
2026-06-14T09:59:45Z,-1
2026-06-14T09:59:46.641Z,-1
2026-06-14T10:00:22Z,-1
2026-06-14T10:00:24.537Z,-1
2026-06-14T10:08:35Z,-1
2026-06-14T10:08:37.201Z,-1
2026-06-14T10:08:51Z,-1
2026-06-14T10:08:53.624Z,-1
2026-06-14T10:17:27Z,-1
2026-06-14T10:17:31.204Z,-1
2026-06-14T10:19:01Z,-1
2026-06-14T10:19:04.213Z,-1
2026-06-14T10:20:19Z,-1
2026-06-14T10:20:21.095Z,-1
2026-06-14T10:21:45Z,-1
2026-06-14T10:21:46.545Z,-1
2026-06-14T10:23:29Z,-1
2026-06-14T10:23:31.157Z,-1
2026-06-14T10:24:02Z,-1
2026-06-14T10:24:04.721Z,-1
2026-06-14T10:27:22Z,-1
2026-06-14T10:27:24.201Z,-1
2026-06-14T10:28:16Z,-1
2026-06-14T10:28:18.65Z,-1
2026-06-14T10:30:59Z,-1
2026-06-14T10:31:01.435Z,-1
2026-06-14T10:31:43Z,-1
2026-06-14T10:31:44.503Z,-1
2026-06-14T10:33:05Z,-1
2026-06-14T10:33:06.301Z,-1
2026-06-14T10:34:44Z,-1
2026-06-14T10:34:46.083Z,-1
2026-06-14T10:35:26Z,-1
2026-06-14T10:35:28.309Z,-1
2026-06-14T10:44:25Z,-1
2026-06-14T10:44:26.882Z,-1
2026-06-14T10:45:47Z,-1
2026-06-14T10:45:49.127Z,-1
2026-06-14T10:47:24Z,-1
2026-06-14T10:47:25.583Z,-1
2026-06-14T10:52:28Z,-1
2026-06-14T10:52:30.086Z,-1
2026-06-14T10:53:51Z,-1
2026-06-14T10:53:52.995Z,-1
2026-06-14T10:54:50Z,-1
2026-06-14T10:54:51.894Z,-1
2026-06-14T10:56:51Z,-1
2026-06-14T10:56:52.286Z,-1
2026-06-14T10:58:18Z,-1
2026-06-14T10:58:20.358Z,-1
2026-06-14T11:00:16Z,-1
2026-06-14T11:00:23.36Z,-1
2026-06-14T11:00:44Z,-1
2026-06-14T11:00:46.684Z,-1
2026-06-14T11:03:04Z,-1
2026-06-14T11:03:07.392Z,-1
2026-06-14T11:04:37Z,-1
2026-06-14T11:04:39.051Z,-1
2026-06-14T11:19:02Z,-1
2026-06-14T11:19:04.454Z,-1
2026-06-14T12:54:14Z,-1
2026-06-14T12:54:16.48Z,-1
2026-06-14T12:56:29Z,-1
2026-06-14T12:56:31.919Z,-1
2026-06-14T12:58:06Z,-1
2026-06-14T12:58:07.286Z,-1
2026-06-14T12:59:06Z,-1
2026-06-14T12:59:07.593Z,-1
2026-06-14T13:24:07Z,-1
2026-06-14T13:24:08.648Z,-1
2026-06-14T13:24:52Z,-1
2026-06-14T13:24:53.926Z,-1
2026-06-14T13:43:04Z,-1
2026-06-14T13:43:06.096Z,-1
2026-06-14T13:43:26Z,-1
2026-06-14T13:43:27.467Z,-1
2026-06-14T13:55:48Z,-1
2026-06-14T13:55:49.534Z,-1
2026-06-14T13:56:15Z,-1
2026-06-14T13:56:17.351Z,-1
2026-06-14T13:58:05Z,-1
2026-06-14T13:58:06.529Z,-1
2026-06-14T13:58:59Z,-1
2026-06-14T13:59:01.611Z,-1
2026-06-14T14:09:34Z,-1
2026-06-14T14:09:36.261Z,-1
2026-06-14T14:10:24Z,-1
2026-06-14T14:10:25.927Z,-1
2026-06-14T14:15:40Z,-1
2026-06-14T14:15:41.31Z,-1
2026-06-14T14:16:08Z,-1
2026-06-14T14:16:09.092Z,-1
2026-06-14T14:26:57Z,-1
2026-06-14T14:27:00.708Z,-1
2026-06-14T14:27:52Z,-1
2026-06-14T14:27:53.807Z,-1
2026-06-14T14:29:41Z,-1
2026-06-14T14:29:43.476Z,-1
2026-06-14T14:30:57Z,-1
2026-06-14T14:30:59.098Z,-1
2026-06-14T14:31:57Z,-1
2026-06-14T14:31:59.034Z,-1
2026-06-14T14:34:19Z,-1
2026-06-14T14:34:20.872Z,-1
2026-06-14T14:35:51Z,-1
2026-06-14T14:35:59.295Z,-1
2026-06-14T14:37:12Z,-1
2026-06-14T14:37:15.226Z,-1
2026-06-14T15:14:19Z,-1
2026-06-14T15:14:21.447Z,-1
2026-06-14T15:15:24Z,-1
2026-06-14T15:15:27.634Z,-1
2026-06-14T15:17:21Z,-1
2026-06-14T15:17:22.756Z,-1
2026-06-14T15:21:49Z,-1
2026-06-14T15:21:53.079Z,-1
2026-06-14T15:22:21Z,-1
2026-06-14T15:22:23.953Z,-1
2026-06-14T15:31:54Z,-1
2026-06-14T15:31:57.586Z,-1
2026-06-14T15:32:56Z,-1
2026-06-14T15:32:57.316Z,-1
2026-06-14T15:41:40Z,-1
2026-06-14T15:41:42.553Z,-1
2026-06-14T15:42:23Z,-1
2026-06-14T15:42:25.288Z,-1
2026-06-14T15:44:54Z,-1
2026-06-14T15:44:55.371Z,-1
2026-06-14T15:46:48Z,-1
2026-06-14T15:46:49.786Z,-1
2026-06-14T15:55:28Z,-1
2026-06-14T15:55:30.064Z,-1
2026-06-14T16:02:04Z,-1
2026-06-14T16:02:05.687Z,-1
2026-06-14T16:02:58Z,-1
2026-06-14T16:02:59.589Z,-1
2026-06-14T16:06:58Z,-1
2026-06-14T16:07:00.841Z,-1
2026-06-14T16:07:42Z,-1
2026-06-14T16:07:44.738Z,-1
2026-06-14T16:26:25Z,-1
2026-06-14T16:26:25.634Z,-1
2026-06-14T16:28:16Z,-1
2026-06-14T16:28:17.884Z,-1
2026-06-14T17:36:05Z,-1
2026-06-14T17:36:05.987Z,-1
2026-06-14T17:36:27Z,-1
2026-06-14T17:36:29.14Z,-1
2026-06-14T17:44:31Z,-1
2026-06-14T17:44:31.681Z,-1
2026-06-14T18:00:00Z,-1
2026-06-14T18:00:01.415Z,-1
2026-06-14T20:02:24Z,-1
2026-06-14T20:02:24.535Z,-1
2026-06-15T06:00:00Z,-1
2026-06-15T06:00:00.592Z,-1
2026-06-15T06:30:26Z,-1
2026-06-15T06:30:28.528Z,-1
2026-06-15T09:34:30Z,-1
2026-06-15T09:34:32.041Z,-1
2026-06-15T09:38:42Z,-1
2026-06-15T09:38:43.478Z,-1
2026-06-15T09:40:52Z,-1
2026-06-15T09:40:52.643Z,-1
2026-06-15T09:52:20Z,-1
2026-06-15T09:52:20.816Z,-1
2026-06-15T09:53:36Z,-1
2026-06-15T09:53:37.319Z,-1
2026-06-15T10:55:38Z,-1
2026-06-15T10:55:39.921Z,-1
2026-06-15T10:59:39Z,-1
2026-06-15T10:59:40.635Z,-1
2026-06-15T11:02:16Z,-1
2026-06-15T11:02:18.178Z,-1
2026-06-15T11:02:54Z,-1
2026-06-15T11:02:56.617Z,-1
2026-06-15T11:05:32Z,-1
2026-06-15T11:05:35.983Z,-1
2026-06-15T11:06:38Z,-1
2026-06-15T11:06:39.991Z,-1
2026-06-15T11:07:52Z,-1
2026-06-15T11:07:54.634Z,-1
2026-06-15T11:09:39Z,-1
2026-06-15T11:09:40.498Z,-1
2026-06-15T11:10:38Z,-1
2026-06-15T11:10:41.692Z,-1
2026-06-15T11:11:11Z,-1
2026-06-15T11:11:12.417Z,-1
2026-06-15T12:22:15Z,-1
2026-06-15T12:22:16.509Z,-1
2026-06-15T12:27:30Z,-1
2026-06-15T12:27:31.409Z,-1
2026-06-15T16:24:34Z,-1
2026-06-15T16:24:36.371Z,-1
2026-06-15T16:25:55Z,-1
2026-06-15T16:25:58.397Z,-1
2026-06-15T16:38:15Z,-1
2026-06-15T16:38:16.463Z,-1
2026-06-15T16:39:09Z,-1
2026-06-15T16:39:10.41Z,-1
2026-06-15T16:41:10Z,-1
2026-06-15T16:41:11.538Z,-1
2026-06-15T16:41:42Z,-1
2026-06-15T16:41:44.4Z,-1
2026-06-15T16:42:31Z,-1
2026-06-15T16:42:33.58Z,-1
2026-06-15T16:43:09Z,-1
2026-06-15T16:43:11.551Z,-1
2026-06-15T16:44:58Z,-1
2026-06-15T16:44:59.299Z,-1
2026-06-15T16:45:47Z,-1
2026-06-15T16:45:48.54Z,-1
2026-06-15T16:46:47Z,-1
2026-06-15T16:46:49.384Z,-1
2026-06-15T16:47:51Z,-1
2026-06-15T16:47:54.813Z,-1
2026-06-15T17:00:47Z,-1
2026-06-15T17:00:49.448Z,-1
2026-06-15T17:01:10Z,-1
2026-06-15T17:01:11.544Z,-1
2026-06-15T18:00:00Z,-1
2026-06-15T18:00:14.271Z,-1
2026-06-15T18:07:40Z,-1
2026-06-15T18:07:41.362Z,-1
2026-06-15T19:16:29Z,-1
2026-06-15T19:16:30.173Z,-1
2026-06-16T06:00:00Z,-1
2026-06-16T06:00:00.082Z,-1
2026-06-16T09:10:26Z,-1
2026-06-16T09:10:35.282Z,-1
2026-06-16T09:54:52Z,-1
2026-06-16T09:54:53.149Z,-1
2026-06-16T09:55:29Z,-1
2026-06-16T09:55:30.669Z,-1
2026-06-16T09:57:58Z,-1
2026-06-16T09:57:59.021Z,-1
2026-06-16T09:58:54Z,-1
2026-06-16T09:58:54.935Z,-1
2026-06-16T10:01:11Z,-1
2026-06-16T10:01:13.516Z,-1
2026-06-16T10:02:34Z,-1
2026-06-16T10:02:35.74Z,-1
2026-06-16T10:20:40Z,-1
2026-06-16T10:20:42.803Z,-1
2026-06-16T10:36:15Z,-1
2026-06-16T10:36:18.036Z,-1
2026-06-16T10:36:42Z,-1
2026-06-16T10:36:44.646Z,-1
2026-06-16T10:38:37Z,-1
2026-06-16T10:38:38.386Z,-1
2026-06-16T10:39:37Z,-1
2026-06-16T10:39:39.902Z,-1
2026-06-16T10:41:31Z,-1
2026-06-16T10:41:32.966Z,-1
2026-06-16T10:43:04Z,-1
2026-06-16T10:43:06.726Z,-1
2026-06-16T10:45:22Z,-1
2026-06-16T10:45:24.129Z,-1
2026-06-16T10:46:23Z,-1
2026-06-16T10:46:24.659Z,-1
2026-06-16T10:48:18Z,-1
2026-06-16T10:48:20.907Z,-1
2026-06-16T10:49:23Z,-1
2026-06-16T10:49:25.555Z,-1
2026-06-16T10:49:49Z,-1
2026-06-16T10:49:52.658Z,-1
2026-06-16T10:52:32Z,-1
2026-06-16T10:52:35.293Z,-1
2026-06-16T10:53:36Z,-1
2026-06-16T10:53:40.651Z,-1
2026-06-16T11:02:13Z,-1
2026-06-16T11:02:15.305Z,-1
2026-06-16T11:38:25Z,-1
2026-06-16T11:38:28.343Z,-1
2026-06-16T11:39:57Z,-1
2026-06-16T11:39:58.308Z,-1
2026-06-16T11:40:18Z,-1
2026-06-16T11:40:20.846Z,-1
2026-06-16T11:45:53Z,-1
2026-06-16T11:45:56.897Z,-1
2026-06-16T11:47:03Z,-1
2026-06-16T11:47:05.607Z,-1
2026-06-16T11:55:28Z,-1
2026-06-16T11:55:30.063Z,-1
2026-06-16T11:56:38Z,-1
2026-06-16T11:56:40.751Z,-1
2026-06-16T12:01:52Z,-1
2026-06-16T12:01:52.882Z,-1
2026-06-16T12:38:22Z,-1
2026-06-16T12:38:24.099Z,-1
2026-06-16T12:39:43Z,-1
2026-06-16T12:39:45.923Z,-1
2026-06-16T12:42:38Z,-1
2026-06-16T12:42:39.375Z,-1
2026-06-16T12:43:10Z,-1
2026-06-16T12:43:13.614Z,-1
2026-06-16T12:47:00Z,-1
2026-06-16T12:47:04.987Z,-1
2026-06-16T12:49:12Z,-1
2026-06-16T12:49:14.042Z,-1
2026-06-16T12:56:57Z,-1
2026-06-16T12:56:59.206Z,-1
2026-06-16T12:59:14Z,-1
2026-06-16T12:59:16.342Z,-1
2026-06-16T13:01:04Z,-1
2026-06-16T13:01:06.044Z,-1
2026-06-16T13:05:03Z,-1
2026-06-16T13:05:07.946Z,-1
2026-06-16T13:07:19Z,-1
2026-06-16T13:07:21.633Z,-1
2026-06-16T13:08:41Z,-1
2026-06-16T13:08:42.49Z,-1
2026-06-16T13:09:52Z,-1
2026-06-16T13:09:54.124Z,-1
2026-06-16T13:11:08Z,-1
2026-06-16T13:11:08.96Z,-1
2026-06-16T13:16:49Z,-1
2026-06-16T13:16:51.446Z,-1
2026-06-16T13:18:07Z,-1
2026-06-16T13:18:08.66Z,-1
2026-06-16T13:19:39Z,-1
2026-06-16T13:19:40.442Z,-1
2026-06-16T13:22:02Z,-1
2026-06-16T13:22:04.402Z,-1
2026-06-16T13:22:30Z,-1
2026-06-16T13:22:32.642Z,-1
2026-06-16T13:24:34Z,-1
2026-06-16T13:24:37.218Z,-1
2026-06-16T13:26:00Z,-1
2026-06-16T13:26:04.15Z,-1
2026-06-16T13:34:52Z,-1
2026-06-16T13:34:54.503Z,-1
2026-06-16T13:42:49Z,-1
2026-06-16T13:42:51.249Z,-1
2026-06-16T13:55:59Z,-1
2026-06-16T13:56:01.76Z,-1
2026-06-16T13:57:09Z,-1
2026-06-16T13:57:11.645Z,-1
2026-06-16T13:59:03Z,-1
2026-06-16T13:59:04.809Z,-1
2026-06-16T14:00:03Z,-1
2026-06-16T14:00:14.172Z,-1
2026-06-16T14:02:22Z,-1
2026-06-16T14:02:23.949Z,-1
2026-06-16T14:04:49Z,-1
2026-06-16T14:04:51.382Z,-1
2026-06-16T14:05:12Z,-1
2026-06-16T14:05:16.835Z,-1
2026-06-16T14:05:45Z,-1
2026-06-16T14:05:47.334Z,-1
2026-06-16T14:08:58Z,-1
2026-06-16T14:09:00.165Z,-1
2026-06-16T14:09:26Z,-1
2026-06-16T14:09:28.318Z,-1
2026-06-16T14:11:42Z,-1
2026-06-16T14:11:43.728Z,-1
2026-06-16T14:13:30Z,-1
2026-06-16T14:13:32.326Z,-1
2026-06-16T14:14:02Z,-1
2026-06-16T14:14:04.756Z,-1
2026-06-16T15:10:28Z,-1
2026-06-16T15:10:29.498Z,-1
2026-06-16T15:19:03Z,-1
2026-06-16T15:19:05.069Z,-1
2026-06-16T15:20:03Z,-1
2026-06-16T15:20:09.602Z,-1
2026-06-16T15:21:28Z,-1
2026-06-16T15:21:29.572Z,-1
2026-06-16T16:00:21Z,-1
2026-06-16T16:00:22.724Z,-1
2026-06-16T16:00:49Z,-1
2026-06-16T16:00:51.35Z,-1
2026-06-16T16:28:51Z,-1
2026-06-16T16:28:52.353Z,-1
2026-06-16T16:35:50Z,-1
2026-06-16T16:35:51.006Z,-1
2026-06-16T17:00:01Z,-1
2026-06-16T17:00:11.305Z,-1
2026-06-16T17:03:59Z,-1
2026-06-16T17:04:00.943Z,-1
2026-06-16T17:08:48Z,-1
2026-06-16T17:08:49.494Z,-1
2026-06-16T17:10:20Z,-1
2026-06-16T17:10:22.203Z,-1
2026-06-16T18:00:00Z,-1
2026-06-16T18:00:02.845Z,-1
2026-06-16T18:02:38Z,-1
2026-06-16T18:02:39.829Z,-1
2026-06-16T19:49:32Z,-1
2026-06-16T19:49:34.449Z,-1
2026-06-17T06:00:00Z,-1
2026-06-17T06:00:12.728Z,-1
2026-06-17T06:22:41Z,-1
2026-06-17T06:22:44.008Z,-1
2026-06-17T08:33:43Z,3
2026-06-17T08:33:43.596Z,2
2026-06-17T08:33:43.659Z,3
2026-06-17T08:33:44.651Z,3
2026-06-17T08:33:44.781Z,3
2026-06-17T08:33:53Z,4
2026-06-17T08:33:54.101Z,4
2026-06-17T08:36:53Z,3
2026-06-17T08:36:54.497Z,3
2026-06-17T08:36:59Z,-1
2026-06-17T08:37:03.601Z,3
2026-06-17T08:37:03.646Z,3
2026-06-17T08:37:03.683Z,3
2026-06-17T08:37:03.771Z,-1
2026-06-17T08:37:03.81Z,-1
2026-06-17T08:47:07Z,-1
2026-06-17T08:47:09.648Z,-1
2026-06-17T08:47:56Z,-1
2026-06-17T08:47:57.486Z,-1
2026-06-17T08:50:24Z,-1
2026-06-17T08:50:25.409Z,-1
2026-06-17T08:51:23Z,-1
2026-06-17T08:51:26.587Z,-1
2026-06-17T08:53:03Z,-1
2026-06-17T08:53:04.454Z,-1
2026-06-17T09:01:02Z,-1
2026-06-17T09:01:04.416Z,-1
2026-06-17T09:02:19Z,-1
2026-06-17T09:02:20.135Z,-1
2026-06-17T09:04:50Z,-1
2026-06-17T09:04:52.745Z,-1
2026-06-17T09:12:28Z,-1
2026-06-17T09:12:30.049Z,-1
2026-06-17T09:38:27Z,-1
2026-06-17T09:38:28.706Z,-1
2026-06-17T09:39:49Z,-1
2026-06-17T09:39:51.507Z,-1
2026-06-17T09:41:06Z,-1
2026-06-17T09:41:07.633Z,-1
2026-06-17T09:42:00Z,-1
2026-06-17T09:42:03.172Z,-1
2026-06-17T09:50:48Z,-1
2026-06-17T09:50:49.958Z,-1
2026-06-17T09:53:09Z,-1
2026-06-17T09:53:12.344Z,-1
2026-06-17T09:54:08Z,-1
2026-06-17T09:54:10.018Z,-1
2026-06-17T10:05:44Z,-1
2026-06-17T10:05:45.978Z,-1
2026-06-17T10:06:50Z,-1
2026-06-17T10:06:52.147Z,-1
2026-06-17T10:08:39Z,-1
2026-06-17T10:08:41.807Z,-1
2026-06-17T10:10:06Z,-1
2026-06-17T10:10:12.774Z,-1
2026-06-17T10:15:22Z,-1
2026-06-17T10:15:24.896Z,-1
2026-06-17T11:05:08Z,-1
2026-06-17T11:05:14.213Z,-1
2026-06-17T11:05:46Z,-1
2026-06-17T11:05:47.8Z,-1
2026-06-17T11:07:35Z,-1
2026-06-17T11:07:37.041Z,-1
2026-06-17T11:09:25Z,-1
2026-06-17T11:09:27.386Z,-1
2026-06-17T11:10:36Z,-1
2026-06-17T11:10:37.223Z,-1
2026-06-17T11:12:58Z,-1
2026-06-17T11:12:59.311Z,-1
2026-06-17T11:14:20Z,-1
2026-06-17T11:14:22.711Z,-1
2026-06-17T11:15:25Z,-1
2026-06-17T11:15:26.67Z,-1
2026-06-17T11:16:56Z,-1
2026-06-17T11:16:58.462Z,-1
2026-06-17T11:18:52Z,-1
2026-06-17T11:18:53.71Z,-1
2026-06-17T11:19:52Z,-1
2026-06-17T11:19:53.665Z,-1
2026-06-17T11:20:58Z,-1
2026-06-17T11:21:00.295Z,-1
2026-06-17T11:33:01Z,-1
2026-06-17T11:33:04.768Z,-1
2026-06-17T11:34:29Z,-1
2026-06-17T11:34:30.304Z,-1
2026-06-17T18:00:00Z,-1
2026-06-17T18:00:15.895Z,-1
2026-06-17T18:08:55Z,-1
2026-06-17T18:08:57.489Z,-1
2026-06-17T20:04:49Z,-1
2026-06-17T20:04:50.207Z,-1
2026-06-18T06:00:00Z,-1
2026-06-18T06:00:00.596Z,-1
2026-06-18T06:29:29Z,-1
2026-06-18T06:29:29.886Z,-1
2026-06-18T06:39:09Z,-1
2026-06-18T06:39:11.347Z,-1
2026-06-18T06:40:04Z,-1
2026-06-18T06:40:13.583Z,-1
2026-06-18T06:43:47Z,-1
2026-06-18T06:43:47.933Z,-1
2026-06-18T06:49:36Z,-1
2026-06-18T06:49:37.68Z,-1
2026-06-18T06:53:41Z,-1
2026-06-18T06:53:43.238Z,-1
2026-06-18T06:56:53Z,-1
2026-06-18T06:56:54.777Z,-1
2026-06-18T06:58:24Z,-1
2026-06-18T06:58:25.716Z,-1
2026-06-18T07:25:59Z,-1
2026-06-18T07:26:01.53Z,-1
2026-06-18T07:31:01Z,-1
2026-06-18T07:31:05.737Z,-1
2026-06-18T07:35:27Z,-1
2026-06-18T07:35:29.608Z,-1
2026-06-18T08:55:10Z,-1
2026-06-18T08:55:15.588Z,-1
2026-06-18T09:03:48Z,-1
2026-06-18T09:03:49.73Z,-1
2026-06-18T09:04:54Z,-1
2026-06-18T09:05:01.251Z,-1
2026-06-18T09:13:22Z,-1
2026-06-18T09:13:24.499Z,-1
2026-06-18T09:14:00Z,-1
2026-06-18T09:14:01.209Z,-1
2026-06-18T09:16:49Z,-1
2026-06-18T09:16:51.136Z,-1
2026-06-18T09:19:08Z,-1
2026-06-18T09:19:11.113Z,-1
2026-06-18T09:20:08Z,-1
2026-06-18T09:20:20.413Z,-1
2026-06-18T09:22:06Z,-1
2026-06-18T09:22:09.372Z,-1
2026-06-18T09:22:39Z,-1
2026-06-18T09:22:41.07Z,-1
2026-06-18T09:25:07Z,-1
2026-06-18T09:25:17.271Z,-1
2026-06-18T09:26:24Z,-1
2026-06-18T09:26:26.47Z,-1
2026-06-18T09:28:32Z,-1
2026-06-18T09:28:33.122Z,-1
2026-06-18T09:29:15Z,-1
2026-06-18T09:29:16.11Z,-1
2026-06-18T09:31:28Z,-1
2026-06-18T09:31:30.074Z,-1
2026-06-18T09:32:24Z,-1
2026-06-18T09:32:25.684Z,-1
2026-06-18T09:41:25Z,-1
2026-06-18T09:41:29.536Z,-1
2026-06-18T09:42:03Z,-1
2026-06-18T09:42:03.86Z,-1
2026-06-18T09:53:48Z,-1
2026-06-18T09:53:50.962Z,-1
2026-06-18T09:55:32Z,-1
2026-06-18T09:55:32.987Z,-1
2026-06-18T09:56:48Z,-1
2026-06-18T09:56:49.379Z,-1
2026-06-18T09:59:38Z,-1
2026-06-18T09:59:40.14Z,-1
2026-06-18T10:00:11Z,-1
2026-06-18T10:00:15.844Z,-1
2026-06-18T10:01:01Z,-1
2026-06-18T10:01:06.676Z,-1
2026-06-18T10:03:17Z,-1
2026-06-18T10:03:18.208Z,-1
2026-06-18T10:04:43Z,-1
2026-06-18T10:04:45.574Z,-1
2026-06-18T10:12:52Z,-1
2026-06-18T10:12:53.778Z,-1
2026-06-18T10:13:19Z,-1
2026-06-18T10:13:20.636Z,-1
2026-06-18T10:16:01Z,-1
2026-06-18T10:16:05.754Z,-1
2026-06-18T10:16:50Z,-1
2026-06-18T10:16:52.319Z,-1
2026-06-18T10:22:27Z,-1
2026-06-18T10:22:28.464Z,-1
2026-06-18T10:23:20Z,-1
2026-06-18T10:23:21.976Z,-1
2026-06-18T10:25:32Z,-1
2026-06-18T10:25:33.437Z,-1
2026-06-18T10:25:59Z,-1
2026-06-18T10:26:02.424Z,-1
2026-06-18T10:28:34Z,-1
2026-06-18T10:28:37.699Z,-1
2026-06-18T10:29:22Z,-1
2026-06-18T10:29:24.398Z,-1
2026-06-18T10:38:01Z,-1
2026-06-18T10:38:04.891Z,-1
2026-06-18T10:40:45Z,-1
2026-06-18T10:40:47.461Z,-1
2026-06-18T10:41:23Z,-1
2026-06-18T10:41:25.918Z,-1
2026-06-18T11:35:11Z,-1
2026-06-18T11:35:17.855Z,-1
2026-06-18T11:35:32Z,-1
2026-06-18T11:35:34.959Z,-1
2026-06-18T11:57:06Z,-1
2026-06-18T11:57:09.535Z,-1
2026-06-18T11:57:49Z,-1
2026-06-18T11:57:52.294Z,-1
2026-06-18T12:13:08Z,-1
2026-06-18T12:13:10.671Z,-1
2026-06-18T12:13:46Z,-1
2026-06-18T12:13:47.497Z,-1
2026-06-18T12:18:44Z,-1
2026-06-18T12:18:44.923Z,-1
2026-06-18T12:19:59Z,-1
2026-06-18T12:20:00.419Z,-1
2026-06-18T12:24:48Z,-1
2026-06-18T12:24:50.508Z,-1
2026-06-18T12:26:26Z,-1
2026-06-18T12:26:29.183Z,-1
2026-06-18T12:28:08Z,-1
2026-06-18T12:28:10.32Z,-1
2026-06-18T12:35:44Z,-1
2026-06-18T12:35:45.709Z,-1
2026-06-18T12:36:34Z,-1
2026-06-18T12:36:36.116Z,-1
2026-06-18T12:39:17Z,-1
2026-06-18T12:39:19.65Z,-1
2026-06-18T12:41:18Z,-1
2026-06-18T12:41:21.358Z,-1
2026-06-18T12:42:25Z,-1
2026-06-18T12:42:27.043Z,-1
2026-06-18T12:47:52Z,-1
2026-06-18T12:47:53.915Z,-1
2026-06-18T12:48:46Z,-1
2026-06-18T12:48:49.129Z,-1
2026-06-18T12:49:47Z,-1
2026-06-18T12:49:49.506Z,-1
2026-06-18T12:51:19Z,-1
2026-06-18T12:51:20.419Z,-1
2026-06-18T13:32:23Z,-1
2026-06-18T13:32:24.817Z,-1
2026-06-18T13:32:55Z,-1
2026-06-18T13:32:57.179Z,-1
2026-06-18T13:34:22Z,-1
2026-06-18T13:34:23.663Z,-1
2026-06-18T13:35:50Z,-1
2026-06-18T13:35:52.405Z,-1
2026-06-18T13:41:00Z,-1
2026-06-18T13:41:02.396Z,-1
2026-06-18T13:42:27Z,-1
2026-06-18T13:42:29.103Z,-1
2026-06-18T13:43:37Z,-1
2026-06-18T13:43:40.234Z,-1
2026-06-18T13:45:48Z,-1
2026-06-18T13:45:51.216Z,-1
2026-06-18T13:48:14Z,-1
2026-06-18T13:48:15.971Z,-1
2026-06-18T13:48:46Z,-1
2026-06-18T13:48:48.178Z,-1
2026-06-18T13:49:14Z,-1
2026-06-18T13:49:17.051Z,-1
2026-06-18T14:01:59Z,-1
2026-06-18T14:02:01.162Z,-1
2026-06-18T14:02:49Z,-1
2026-06-18T14:02:52.338Z,-1
2026-06-18T14:04:27Z,-1
2026-06-18T14:04:28.772Z,-1
2026-06-18T14:05:05Z,-1
2026-06-18T14:05:10.451Z,-1
2026-06-18T14:10:56Z,-1
2026-06-18T14:10:57.219Z,-1
2026-06-18T14:12:28Z,-1
2026-06-18T14:12:29.814Z,-1
2026-06-18T14:13:43Z,-1
2026-06-18T14:13:44.843Z,-1
2026-06-18T14:15:42Z,-1
2026-06-18T14:15:43.7Z,-1
2026-06-18T14:17:13Z,-1
2026-06-18T14:17:14.198Z,-1
2026-06-18T14:25:10Z,-1
2026-06-18T14:25:14.162Z,-1
2026-06-18T14:26:46Z,-1
2026-06-18T14:26:47.059Z,-1
2026-06-18T14:32:12Z,-1
2026-06-18T14:32:13.512Z,-1
2026-06-18T14:32:56Z,-1
2026-06-18T14:32:58.754Z,-1
2026-06-18T16:08:46Z,-1
2026-06-18T16:08:48.16Z,-1
2026-06-18T16:17:26Z,-1
2026-06-18T16:17:29.395Z,-1
2026-06-18T16:18:15Z,-1
2026-06-18T16:18:16.852Z,-1
2026-06-18T16:23:47Z,-1
2026-06-18T16:23:49.074Z,-1
2026-06-18T16:25:12Z,-1
2026-06-18T16:25:13.329Z,-1
2026-06-18T16:27:16Z,-1
2026-06-18T16:27:22.228Z,-1
2026-06-18T16:28:11Z,-1
2026-06-18T16:28:13.026Z,-1
2026-06-18T16:30:24Z,-1
2026-06-18T16:30:26.465Z,-1
2026-06-18T16:34:17Z,-1
2026-06-18T16:34:19.713Z,-1
2026-06-18T16:36:38Z,-1
2026-06-18T16:36:40.309Z,-1
2026-06-18T16:47:26Z,-1
2026-06-18T16:47:29.456Z,-1
2026-06-18T16:48:58Z,-1
2026-06-18T16:48:59.674Z,-1
2026-06-18T16:50:20Z,-1
2026-06-18T16:50:24.64Z,-1
2026-06-18T16:55:36Z,-1
2026-06-18T16:55:37.923Z,-1
2026-06-18T17:07:45Z,-1
2026-06-18T17:07:48.615Z,-1
2026-06-18T17:14:43Z,-1
2026-06-18T17:14:45.304Z,-1
2026-06-18T17:44:42Z,-1
2026-06-18T17:44:44.425Z,-1
2026-06-18T17:46:01Z,-1
2026-06-18T17:46:03.631Z,-1
2026-06-18T17:47:18Z,-1
2026-06-18T17:47:19.706Z,-1
2026-06-18T17:52:34Z,-1
2026-06-18T17:52:36.283Z,-1
2026-06-18T17:53:29Z,-1
2026-06-18T17:53:31.182Z,-1
2026-06-18T17:55:46Z,-1
2026-06-18T17:55:47.042Z,-1
2026-06-18T17:56:40Z,-1
2026-06-18T17:56:41.812Z,-1
2026-06-18T17:59:13Z,-1
2026-06-18T17:59:14.027Z,-1
2026-06-18T18:00:00Z,-1
2026-06-18T18:00:00.066Z,-1
2026-06-18T18:10:09Z,-1
2026-06-18T18:10:13.961Z,-1
2026-06-18T18:11:47Z,-1
2026-06-18T18:11:48.932Z,-1
2026-06-18T18:32:54Z,-1
2026-06-18T18:32:57.061Z,-1
2026-06-18T19:41:58Z,-1
2026-06-18T19:42:01.29Z,-1
2026-06-19T06:00:00Z,-1
2026-06-19T06:00:00.323Z,-1
2026-06-19T06:27:30Z,-1
2026-06-19T06:27:31.367Z,-1
2026-06-19T06:30:47Z,-1
2026-06-19T06:30:48.675Z,-1
2026-06-19T06:32:04Z,-1
2026-06-19T06:32:06.292Z,-1
2026-06-19T06:35:52Z,-1
2026-06-19T06:35:53.41Z,-1
2026-06-19T06:37:53Z,-1
2026-06-19T06:37:54.315Z,-1
2026-06-19T08:59:20Z,-1
2026-06-19T08:59:23.678Z,-1
2026-06-19T09:00:25Z,-1
2026-06-19T09:00:26.502Z,-1
2026-06-19T09:17:34Z,-1
2026-06-19T09:17:35.873Z,-1
2026-06-19T10:51:57Z,-1
2026-06-19T10:51:57.716Z,-1
2026-06-19T10:53:03Z,-1
2026-06-19T10:53:05.332Z,-1
2026-06-19T11:12:23Z,-1
2026-06-19T11:12:25.753Z,-1
2026-06-19T11:13:33Z,-1
2026-06-19T11:13:36.408Z,-1
2026-06-19T11:15:06Z,-1
2026-06-19T11:15:12.638Z,-1
2026-06-19T11:18:32Z,-1
2026-06-19T11:18:34.329Z,-1
2026-06-19T11:35:18Z,-1
2026-06-19T11:35:19.766Z,-1
2026-06-19T11:35:46Z,-1
2026-06-19T11:35:48.932Z,-1
2026-06-19T12:17:01Z,-1
2026-06-19T12:17:04.084Z,-1
2026-06-19T12:18:12Z,-1
2026-06-19T12:18:14.106Z,-1
2026-06-19T13:51:54Z,-1
2026-06-19T13:51:56.276Z,-1
2026-06-19T13:52:43Z,-1
2026-06-19T13:52:44.196Z,-1
2026-06-19T13:55:05Z,-1
2026-06-19T13:55:10.285Z,-1
2026-06-19T13:56:16Z,-1
2026-06-19T13:56:16.995Z,-1
2026-06-19T18:00:00Z,-1
2026-06-19T18:00:03.601Z,-1
2026-06-19T18:30:31Z,-1
2026-06-19T18:30:32.934Z,-1
2026-06-19T19:15:54Z,-1
2026-06-19T19:15:56.942Z,-1
2026-06-20T06:00:00Z,-1
2026-06-20T06:00:00.284Z,-1
2026-06-20T07:37:34Z,-1
2026-06-20T07:37:35.604Z,-1
2026-06-20T08:10:09Z,-1
2026-06-20T08:10:14.349Z,-1
2026-06-20T08:11:13Z,-1
2026-06-20T08:11:15.487Z,-1
2026-06-20T08:12:24Z,-1
2026-06-20T08:12:25.049Z,-1
2026-06-20T08:14:15Z,-1
2026-06-20T08:14:16.112Z,-1
2026-06-20T08:15:32Z,-1
2026-06-20T08:15:34.269Z,-1
2026-06-20T08:16:04Z,-1
2026-06-20T08:16:09.999Z,-1
2026-06-20T08:19:57Z,-1
2026-06-20T08:19:58.553Z,-1
2026-06-20T08:21:30Z,-1
2026-06-20T08:21:31.926Z,-1
2026-06-20T08:31:22Z,-1
2026-06-20T08:31:24.343Z,-1
2026-06-20T08:35:07Z,-1
2026-06-20T08:35:12.789Z,-1
2026-06-20T08:36:08Z,-1
2026-06-20T08:36:09.461Z,-1
2026-06-20T08:39:23Z,-1
2026-06-20T08:39:24.405Z,-1
2026-06-20T08:41:51Z,-1
2026-06-20T08:41:52.477Z,-1
2026-06-20T08:43:12Z,-1
2026-06-20T08:43:16.297Z,-1
2026-06-20T08:44:00Z,-1
2026-06-20T08:44:05.277Z,-1
2026-06-20T08:47:40Z,-1
2026-06-20T08:47:42.194Z,-1
2026-06-20T08:50:15Z,-1
2026-06-20T08:50:17.563Z,-1
2026-06-20T09:13:44Z,-1
2026-06-20T09:13:46.465Z,-1
2026-06-20T09:14:35Z,-1
2026-06-20T09:14:36.421Z,-1
2026-06-20T09:26:56Z,-1
2026-06-20T09:26:57.974Z,-1
2026-06-20T09:27:35Z,-1
2026-06-20T09:27:37.192Z,-1
2026-06-20T09:30:09Z,-1
2026-06-20T09:30:12.603Z,-1
2026-06-20T09:31:35Z,-1
2026-06-20T09:31:37.536Z,-1
2026-06-20T09:32:08Z,-1
2026-06-20T09:32:10.061Z,-1
2026-06-20T09:34:23Z,-1
2026-06-20T09:34:25.905Z,-1
2026-06-20T09:34:56Z,-1
2026-06-20T09:34:57.741Z,-1
2026-06-20T09:40:36Z,-1
2026-06-20T09:40:37.048Z,-1
2026-06-20T09:41:18Z,-1
2026-06-20T09:41:21.381Z,-1
2026-06-20T09:44:13Z,-1
2026-06-20T09:44:15.394Z,-1
2026-06-20T09:44:39Z,-1
2026-06-20T09:44:43.668Z,-1
2026-06-20T09:46:49Z,-1
2026-06-20T09:46:52.178Z,-1
2026-06-20T09:47:59Z,-1
2026-06-20T09:48:03.127Z,-1
2026-06-20T09:49:51Z,-1
2026-06-20T09:49:54.24Z,-1
2026-06-20T09:51:44Z,-1
2026-06-20T09:51:46.112Z,-1
2026-06-20T09:56:27Z,-1
2026-06-20T09:56:30.03Z,-1
2026-06-20T09:57:14Z,-1
2026-06-20T09:57:17.138Z,-1
2026-06-20T09:59:21Z,-1
2026-06-20T09:59:22.891Z,-1
2026-06-20T10:00:43Z,-1
2026-06-20T10:00:45.391Z,-1
2026-06-20T10:02:56Z,-1
2026-06-20T10:02:57.492Z,-1
2026-06-20T10:04:18Z,-1
2026-06-20T10:04:20.766Z,-1
2026-06-20T10:05:56Z,-1
2026-06-20T10:05:58.369Z,-1
2026-06-20T10:06:45Z,-1
2026-06-20T10:06:46.268Z,-1
2026-06-20T10:12:15Z,-1
2026-06-20T10:12:17.593Z,-1
2026-06-20T10:14:55Z,-1
2026-06-20T10:14:58.301Z,-1
2026-06-20T10:15:23Z,-1
2026-06-20T10:15:25.073Z,-1
2026-06-20T10:17:23Z,-1
2026-06-20T10:17:25.05Z,-1
2026-06-20T10:18:45Z,-1
2026-06-20T10:18:47.04Z,-1
2026-06-20T10:20:52Z,-1
2026-06-20T10:20:54.229Z,-1
2026-06-20T10:22:09Z,-1
2026-06-20T10:22:11.644Z,-1
2026-06-20T10:23:48Z,-1
2026-06-20T10:23:49.742Z,-1
2026-06-20T10:25:10Z,-1
2026-06-20T10:25:16.62Z,-1
2026-06-20T10:26:31Z,-1
2026-06-20T10:26:32.98Z,-1
2026-06-20T10:27:53Z,-1
2026-06-20T10:27:54.067Z,-1
2026-06-20T10:30:13Z,-1
2026-06-20T10:30:14.781Z,-1
2026-06-20T10:31:13Z,-1
2026-06-20T10:31:15.285Z,-1
2026-06-20T10:33:44Z,-1
2026-06-20T10:33:45.574Z,-1
2026-06-20T10:34:12Z,-1
2026-06-20T10:34:13.28Z,-1
2026-06-20T10:35:38Z,-1
2026-06-20T10:35:39.845Z,-1
2026-06-20T10:37:24Z,-1
2026-06-20T10:37:26.297Z,-1
2026-06-20T10:39:39Z,-1
2026-06-20T10:39:41.024Z,-1
2026-06-20T10:40:46Z,-1
2026-06-20T10:40:48.016Z,-1
2026-06-20T10:42:08Z,-1
2026-06-20T10:42:09.912Z,-1
2026-06-20T10:43:46Z,-1
2026-06-20T10:43:48.238Z,-1
2026-06-20T10:45:06Z,-1
2026-06-20T10:45:11.967Z,-1
2026-06-20T10:47:17Z,-1
2026-06-20T10:47:18.326Z,-1
2026-06-20T10:47:49Z,-1
2026-06-20T10:47:50.525Z,-1
2026-06-20T10:50:16Z,-1
2026-06-20T10:50:17.729Z,-1
2026-06-20T10:52:10Z,-1
2026-06-20T10:52:10.918Z,-1
2026-06-20T10:53:42Z,-1
2026-06-20T10:53:44.496Z,-1
2026-06-20T10:55:07Z,-1
2026-06-20T10:55:11.681Z,-1
2026-06-20T11:00:08Z,-1
2026-06-20T11:00:15.098Z,-1
2026-06-20T11:00:52Z,-1
2026-06-20T11:00:54.554Z,-1
2026-06-20T11:06:17Z,-1
2026-06-20T11:06:19.373Z,-1
2026-06-20T11:07:11Z,-1
2026-06-20T11:07:13.269Z,-1
2026-06-20T11:09:25Z,-1
2026-06-20T11:09:26.533Z,-1
2026-06-20T11:09:57Z,-1
2026-06-20T11:09:59.917Z,-1
2026-06-20T11:15:43Z,-1
2026-06-20T11:15:44.106Z,-1
2026-06-20T11:16:05Z,-1
2026-06-20T11:16:07.607Z,-1
2026-06-20T11:24:55Z,-1
2026-06-20T11:24:57.014Z,-1
2026-06-20T11:27:43Z,-1
2026-06-20T11:27:46.148Z,-1
2026-06-20T11:28:11Z,-1
2026-06-20T11:28:13.847Z,-1
2026-06-20T11:29:44Z,-1
2026-06-20T11:29:46.316Z,-1
2026-06-20T11:31:15Z,-1
2026-06-20T11:31:17.541Z,-1
2026-06-20T11:33:47Z,-1
2026-06-20T11:33:50.142Z,-1
2026-06-20T11:34:48Z,-1
2026-06-20T11:34:49.498Z,-1
2026-06-20T11:36:37Z,-1
2026-06-20T11:36:39.216Z,-1
2026-06-20T11:37:48Z,-1
2026-06-20T11:37:50.878Z,-1
2026-06-20T11:38:32Z,-1
2026-06-20T11:38:35.048Z,-1
2026-06-20T11:41:09Z,-1
2026-06-20T11:41:11.657Z,-1
2026-06-20T11:42:46Z,-1
2026-06-20T11:42:48.185Z,-1
2026-06-20T11:44:02Z,-1
2026-06-20T11:44:06.302Z,-1
2026-06-20T11:45:40Z,-1
2026-06-20T11:45:43.569Z,-1
2026-06-20T11:47:18Z,-1
2026-06-20T11:47:20.907Z,-1
2026-06-20T11:48:28Z,-1
2026-06-20T11:48:30.73Z,-1
2026-06-20T11:57:01Z,-1
2026-06-20T11:57:04.859Z,-1
2026-06-20T11:58:16Z,-1
2026-06-20T11:58:18.77Z,-1
2026-06-20T12:03:11Z,-1
2026-06-20T12:03:13.944Z,-1
2026-06-20T12:05:17Z,-1
2026-06-20T12:05:19.296Z,-1
2026-06-20T12:09:21Z,-1
2026-06-20T12:09:24.905Z,-1
2026-06-20T12:11:26Z,-1
2026-06-20T12:11:27.825Z,-1
2026-06-20T12:12:37Z,-1
2026-06-20T12:12:41.147Z,-1
2026-06-20T12:14:37Z,-1
2026-06-20T12:14:38.564Z,-1
2026-06-20T12:15:59Z,-1
2026-06-20T12:16:01.854Z,-1
2026-06-20T12:17:05Z,-1
2026-06-20T12:17:07.156Z,-1
2026-06-20T12:29:24Z,-1
2026-06-20T12:29:25.772Z,-1
2026-06-20T13:01:36Z,-1
2026-06-20T13:01:37.926Z,-1
2026-06-20T13:06:25Z,-1
2026-06-20T13:06:27.056Z,-1
2026-06-20T13:08:47Z,-1
2026-06-20T13:08:49.918Z,-1
2026-06-20T13:09:41Z,-1
2026-06-20T13:09:43.529Z,-1
2026-06-20T13:11:19Z,-1
2026-06-20T13:11:21.088Z,-1
2026-06-20T13:12:45Z,-1
2026-06-20T13:12:46.873Z,-1
2026-06-20T13:14:41Z,-1
2026-06-20T13:14:43.351Z,-1
2026-06-20T13:19:28Z,-1
2026-06-20T13:19:29.275Z,-1
2026-06-20T13:20:55Z,-1
2026-06-20T13:20:56.493Z,-1
2026-06-20T13:22:24Z,-1
2026-06-20T13:22:24.855Z,-1
2026-06-20T13:22:57Z,-1
2026-06-20T13:22:58.962Z,-1
2026-06-20T13:28:35Z,-1
2026-06-20T13:28:36.234Z,-1
2026-06-20T13:29:35Z,-1
2026-06-20T13:29:37.732Z,-1
2026-06-20T13:30:23Z,-1
2026-06-20T13:30:25.348Z,-1
2026-06-20T13:47:10Z,-1
2026-06-20T13:47:12.098Z,-1
2026-06-20T13:47:37Z,-1
2026-06-20T13:47:38.694Z,-1
2026-06-20T13:58:54Z,-1
2026-06-20T13:58:56.474Z,-1
2026-06-20T14:00:49Z,-1
2026-06-20T14:00:51.586Z,-1
2026-06-20T14:34:15Z,-1
2026-06-20T14:34:17.414Z,-1
2026-06-20T14:35:53Z,-1
2026-06-20T14:35:55.251Z,-1
2026-06-20T15:19:07Z,-1
2026-06-20T15:19:09.683Z,-1
2026-06-20T15:19:36Z,-1
2026-06-20T15:19:37.454Z,-1
2026-06-20T15:21:26Z,-1
2026-06-20T15:21:27.629Z,-1
2026-06-20T15:22:38Z,-1
2026-06-20T15:22:40.063Z,-1
2026-06-20T15:31:35Z,-1
2026-06-20T15:31:36.953Z,-1
2026-06-20T15:32:08Z,-1
2026-06-20T15:32:11.076Z,-1
2026-06-20T15:33:26Z,-1
2026-06-20T15:33:27.026Z,-1
2026-06-20T15:35:21Z,-1
2026-06-20T15:35:23.818Z,-1
2026-06-20T15:40:33Z,-1
2026-06-20T15:40:34.575Z,-1
2026-06-20T15:41:37Z,-1
2026-06-20T15:41:39.498Z,-1
2026-06-20T15:53:20Z,-1
2026-06-20T15:53:22.392Z,-1
2026-06-20T15:53:58Z,-1
2026-06-20T15:54:00.233Z,-1
2026-06-20T15:56:25Z,-1
2026-06-20T15:56:26.997Z,-1
2026-06-20T15:57:16Z,-1
2026-06-20T15:57:17.332Z,-1
2026-06-20T15:59:39Z,-1
2026-06-20T15:59:40.142Z,-1
2026-06-20T16:00:55Z,-1
2026-06-20T16:00:58.232Z,-1
2026-06-20T16:02:28Z,-1
2026-06-20T16:02:28.833Z,-1
2026-06-20T16:03:38Z,-1
2026-06-20T16:03:40.414Z,-1
2026-06-20T16:22:18Z,-1
2026-06-20T16:22:20.725Z,-1
2026-06-20T16:22:51Z,-1
2026-06-20T16:22:52.857Z,-1
2026-06-20T17:03:31Z,-1
2026-06-20T17:03:34.705Z,-1
2026-06-20T17:13:37Z,-1
2026-06-20T17:13:38.836Z,-1
2026-06-20T17:17:05Z,-1
2026-06-20T17:17:06.871Z,-1
2026-06-20T17:19:47Z,-1
2026-06-20T17:19:49.588Z,-1
2026-06-20T17:23:37Z,-1
2026-06-20T17:23:38.918Z,-1
2026-06-20T17:27:16Z,-1
2026-06-20T17:27:19.624Z,-1
2026-06-20T17:27:44Z,-1
2026-06-20T17:27:46.295Z,-1
2026-06-20T17:35:50Z,-1
2026-06-20T17:35:51.893Z,-1
2026-06-20T17:37:23Z,-1
2026-06-20T17:37:25.039Z,-1
2026-06-20T17:38:51Z,-1
2026-06-20T17:38:53.634Z,-1
2026-06-20T17:39:40Z,-1
2026-06-20T17:39:42.077Z,-1
2026-06-20T17:45:19Z,-1
2026-06-20T17:45:22.15Z,-1
2026-06-20T17:46:25Z,-1
2026-06-20T17:46:26.542Z,-1
2026-06-20T17:48:30Z,-1
2026-06-20T17:48:31.7Z,-1
2026-06-20T17:50:30Z,-1
2026-06-20T17:50:31.92Z,-1
2026-06-20T17:54:56Z,-1
2026-06-20T17:54:57.995Z,-1
2026-06-20T18:00:00Z,-1
2026-06-20T18:00:03.234Z,-1
2026-06-20T18:00:14Z,-1
2026-06-20T18:00:18.811Z,-1
2026-06-20T18:00:52Z,-1
2026-06-20T18:00:54.204Z,-1
2026-06-20T18:03:07Z,-1
2026-06-20T18:03:09.098Z,-1
2026-06-20T18:04:05Z,-1
2026-06-20T18:04:09.579Z,-1
2026-06-20T18:09:09Z,-1
2026-06-20T18:09:10.06Z,-1
2026-06-20T18:09:36Z,-1
2026-06-20T18:09:38.267Z,-1
2026-06-20T18:16:24Z,-1
2026-06-20T18:16:26.725Z,-1
2026-06-20T18:16:52Z,-1
2026-06-20T18:16:54.416Z,-1
2026-06-20T18:31:05Z,-1
2026-06-20T18:31:07.546Z,-1
2026-06-20T18:32:10Z,-1
2026-06-20T18:32:11.622Z,-1
2026-06-20T18:49:54Z,-1
2026-06-20T18:49:55.005Z,-1
2026-06-20T19:00:13Z,-1
2026-06-20T19:00:22.174Z,-1
2026-06-21T06:00:00Z,-1
2026-06-21T06:00:02.651Z,-1
2026-06-21T06:55:18Z,-1
2026-06-21T06:55:21.132Z,-1
2026-06-21T06:59:35Z,-1
2026-06-21T06:59:37.583Z,-1
2026-06-21T07:01:08Z,-1
2026-06-21T07:01:09.443Z,-1
2026-06-21T08:00:32Z,-1
2026-06-21T08:00:35.469Z,-1
2026-06-21T08:01:05Z,-1
2026-06-21T08:01:06.932Z,-1
2026-06-21T08:07:09Z,-1
2026-06-21T08:07:10.302Z,-1
2026-06-21T08:08:18Z,-1
2026-06-21T08:08:20.046Z,-1
2026-06-21T08:13:01Z,-1
2026-06-21T08:13:03.609Z,-1
2026-06-21T08:13:33Z,-1
2026-06-21T08:13:34.07Z,-1
2026-06-21T08:15:00Z,-1
2026-06-21T08:15:11.862Z,-1
2026-06-21T08:15:38Z,-1
2026-06-21T08:15:38.994Z,-1
2026-06-21T08:18:59Z,-1
2026-06-21T08:19:01.431Z,-1
2026-06-21T08:20:20Z,-1
2026-06-21T08:20:21.778Z,-1
2026-06-21T08:21:19Z,-1
2026-06-21T08:21:22.351Z,-1
2026-06-21T08:21:57Z,-1
2026-06-21T08:21:58.649Z,-1
2026-06-21T08:24:38Z,-1
2026-06-21T08:24:39.061Z,-1
2026-06-21T08:25:15Z,-1
2026-06-21T08:25:17.73Z,-1
2026-06-21T08:27:28Z,-1
2026-06-21T08:27:30.618Z,-1
2026-06-21T08:28:06Z,-1
2026-06-21T08:28:07.068Z,-1
2026-06-21T08:30:54Z,-1
2026-06-21T08:30:57.956Z,-1
2026-06-21T08:32:25Z,-1
2026-06-21T08:32:27.997Z,-1
2026-06-21T08:33:43Z,-1
2026-06-21T08:33:45.086Z,-1
2026-06-21T08:45:56Z,-1
2026-06-21T08:45:58.456Z,-1
2026-06-21T08:50:03Z,-1
2026-06-21T08:50:14.729Z,-1
2026-06-21T08:58:54Z,-1
2026-06-21T08:58:56.992Z,-1
2026-06-21T08:59:17Z,-1
2026-06-21T08:59:18.016Z,-1
2026-06-21T09:12:28Z,-1
2026-06-21T09:12:29.07Z,-1
2026-06-21T09:14:05Z,-1
2026-06-21T09:14:07.066Z,-1
2026-06-21T09:14:38Z,-1
2026-06-21T09:14:39.916Z,-1
2026-06-21T09:15:44Z,-1
2026-06-21T09:15:46.586Z,-1
2026-06-21T09:16:34Z,-1
2026-06-21T09:16:35.978Z,-1
2026-06-21T09:17:39Z,-1
2026-06-21T09:17:42.178Z,-1
2026-06-21T09:25:53Z,-1
2026-06-21T09:25:54.92Z,-1
2026-06-21T09:26:15Z,-1
2026-06-21T09:26:18.96Z,-1
2026-06-21T09:28:12Z,-1
2026-06-21T09:28:13.593Z,-1
2026-06-21T09:29:23Z,-1
2026-06-21T09:29:24.504Z,-1
2026-06-21T09:31:02Z,-1
2026-06-21T09:31:04.288Z,-1
2026-06-21T09:32:01Z,-1
2026-06-21T09:32:05.12Z,-1
2026-06-21T09:34:12Z,-1
2026-06-21T09:34:14.053Z,-1
2026-06-21T09:39:31Z,-1
2026-06-21T09:39:33.174Z,-1
2026-06-21T09:40:54Z,-1
2026-06-21T09:40:55.444Z,-1
2026-06-21T09:41:59Z,-1
2026-06-21T09:42:01.564Z,-1
2026-06-21T09:47:24Z,-1
2026-06-21T09:47:26.173Z,-1
2026-06-21T09:48:40Z,-1
2026-06-21T09:48:41.498Z,-1
2026-06-21T09:50:18Z,-1
2026-06-21T09:50:19.368Z,-1
2026-06-21T09:52:01Z,-1
2026-06-21T09:52:05.005Z,-1
2026-06-21T09:54:33Z,-1
2026-06-21T09:54:34.694Z,-1
2026-06-21T09:55:01Z,-1
2026-06-21T09:55:13.42Z,-1
2026-06-21T09:56:54Z,-1
2026-06-21T09:56:57.934Z,-1
2026-06-21T09:58:00Z,-1
2026-06-21T09:58:03.721Z,-1
2026-06-21T09:59:27Z,-1
2026-06-21T09:59:28.974Z,-1
2026-06-21T10:01:38Z,-1
2026-06-21T10:01:40.332Z,-1
2026-06-21T10:02:20Z,-1
2026-06-21T10:02:21.534Z,-1
2026-06-21T10:07:56Z,-1
2026-06-21T10:07:58.309Z,-1
2026-06-21T10:08:28Z,-1
2026-06-21T10:08:29.536Z,-1
2026-06-21T10:23:25Z,-1
2026-06-21T10:23:26.274Z,-1
2026-06-21T10:24:41Z,-1
2026-06-21T10:24:42.586Z,-1
2026-06-21T10:26:31Z,-1
2026-06-21T10:26:32.639Z,-1
2026-06-21T10:28:09Z,-1
2026-06-21T10:28:11.159Z,-1
2026-06-21T10:29:37Z,-1
2026-06-21T10:29:38.612Z,-1
2026-06-21T10:31:10Z,-1
2026-06-21T10:31:19.387Z,-1
2026-06-21T10:32:25Z,-1
2026-06-21T10:32:26.495Z,-1
2026-06-21T10:35:05Z,-1
2026-06-21T10:35:10.181Z,-1
2026-06-21T10:35:37Z,-1
2026-06-21T10:35:39.056Z,-1
2026-06-21T10:50:43Z,-1
2026-06-21T10:50:43.945Z,-1
2026-06-21T10:52:09Z,-1
2026-06-21T10:52:11.69Z,-1
2026-06-21T10:53:35Z,-1
2026-06-21T10:53:36.501Z,-1
2026-06-21T10:55:24Z,-1
2026-06-21T10:55:26.054Z,-1
2026-06-21T11:07:00Z,-1
2026-06-21T11:07:03.696Z,-1
2026-06-21T11:08:15Z,-1
2026-06-21T11:08:17.217Z,-1
2026-06-21T11:13:40Z,-1
2026-06-21T11:13:43.259Z,-1
2026-06-21T11:14:23Z,-1
2026-06-21T11:14:25.162Z,-1
2026-06-21T11:15:11Z,-1
2026-06-21T11:15:14.073Z,-1
2026-06-21T11:16:05Z,-1
2026-06-21T11:16:07.883Z,-1
2026-06-21T11:17:01Z,-1
2026-06-21T11:17:05.59Z,-1
2026-06-21T11:17:17Z,-1
2026-06-21T11:17:19.225Z,-1
2026-06-21T11:18:16Z,-1
2026-06-21T11:18:17.299Z,-1
2026-06-21T11:30:19Z,-1
2026-06-21T11:30:21.254Z,-1
2026-06-21T11:31:57Z,-1
2026-06-21T11:31:58.942Z,-1
2026-06-21T11:33:18Z,-1
2026-06-21T11:33:19.704Z,-1
2026-06-21T11:35:45Z,-1
2026-06-21T11:35:46.376Z,-1
2026-06-21T11:36:17Z,-1
2026-06-21T11:36:20.156Z,-1
2026-06-21T11:38:46Z,-1
2026-06-21T11:38:47.404Z,-1
2026-06-21T11:39:51Z,-1
2026-06-21T11:39:53.372Z,-1
2026-06-21T11:45:19Z,-1
2026-06-21T11:45:21.395Z,-1
2026-06-21T11:46:08Z,-1
2026-06-21T11:46:09.532Z,-1
2026-06-21T11:48:24Z,-1
2026-06-21T11:48:25.634Z,-1
2026-06-21T11:49:02Z,-1
2026-06-21T11:49:03.941Z,-1
2026-06-21T11:54:17Z,-1
2026-06-21T11:54:20.296Z,-1
2026-06-21T12:17:39Z,-1
2026-06-21T12:17:42.044Z,-1
2026-06-21T12:19:12Z,-1
2026-06-21T12:19:14.695Z,-1
2026-06-21T12:20:50Z,-1
2026-06-21T12:20:53.058Z,-1
2026-06-21T13:29:56Z,-1
2026-06-21T13:29:57.058Z,-1
2026-06-21T13:30:23Z,-1
2026-06-21T13:30:25.59Z,-1
2026-06-21T13:33:15Z,-1
2026-06-21T13:33:18.504Z,-1
2026-06-21T13:33:37Z,-1
2026-06-21T13:33:39.718Z,-1
2026-06-21T13:58:26Z,-1
2026-06-21T13:58:27.569Z,-1
2026-06-21T13:59:20Z,-1
2026-06-21T13:59:21.185Z,-1
2026-06-21T14:23:10Z,-1
2026-06-21T14:23:11.43Z,-1
2026-06-21T14:24:05Z,-1
2026-06-21T14:24:06.778Z,-1
2026-06-21T15:01:55Z,-1
2026-06-21T15:01:58.14Z,-1
2026-06-21T15:02:28Z,-1
2026-06-21T15:02:30.853Z,-1
2026-06-21T15:05:06Z,-1
2026-06-21T15:05:12.02Z,-1
2026-06-21T15:05:34Z,-1
2026-06-21T15:05:34.795Z,-1
2026-06-21T16:51:53Z,-1
2026-06-21T16:51:55.175Z,-1
2026-06-21T16:56:21Z,-1
2026-06-21T16:56:23.232Z,-1
2026-06-21T16:57:53Z,-1
2026-06-21T16:57:55.613Z,-1
2026-06-21T16:59:25Z,-1
2026-06-21T16:59:26.534Z,-1
2026-06-21T17:01:59Z,-1
2026-06-21T17:02:01.382Z,-1
2026-06-21T17:02:33Z,-1
2026-06-21T17:02:34.663Z,-1
2026-06-21T17:03:12Z,-1
2026-06-21T17:03:14.269Z,-1
2026-06-21T17:15:50Z,-1
2026-06-21T17:15:51.484Z,-1
2026-06-21T17:16:46Z,-1
2026-06-21T17:16:49.792Z,-1
2026-06-21T17:24:55Z,-1
2026-06-21T17:24:56.923Z,-1
2026-06-21T17:29:56Z,-1
2026-06-21T17:29:57.04Z,-1
2026-06-21T17:40:59Z,-1
2026-06-21T17:41:02.847Z,-1
2026-06-21T17:41:59Z,-1
2026-06-21T17:41:59.981Z,-1
2026-06-21T17:53:21Z,-1
2026-06-21T17:53:24.44Z,-1
2026-06-21T17:54:43Z,-1
2026-06-21T17:54:47.288Z,-1
2026-06-21T17:59:39Z,-1
2026-06-21T17:59:40.714Z,-1
2026-06-21T18:00:00Z,-1
2026-06-21T18:00:02Z,-1
2026-06-21T18:00:02.865Z,-1
2026-06-21T18:00:15.059Z,-1
2026-06-21T18:06:10Z,-1
2026-06-21T18:06:11.632Z,-1
2026-06-21T18:06:53Z,-1
2026-06-21T18:06:55.258Z,-1
2026-06-21T18:28:17Z,-1
2026-06-21T18:28:19.298Z,-1
2026-06-21T18:28:55Z,-1
2026-06-21T18:28:58.833Z,-1
2026-06-21T20:27:46Z,-1
2026-06-21T20:27:49.383Z,-1
2026-06-22T05:58:01Z,-1
2026-06-22T05:58:04.074Z,-1
2026-06-22T06:00:00Z,-1
2026-06-22T06:00:00.102Z,-1
2026-06-22T06:01:56Z,-1
2026-06-22T06:01:58.7Z,-1
2026-06-22T06:05:34Z,-1
2026-06-22T06:05:36.096Z,-1
2026-06-22T06:17:21Z,-1
2026-06-22T06:17:23.41Z,-1
2026-06-22T06:19:22Z,-1
2026-06-22T06:19:24.066Z,-1
2026-06-22T08:21:31Z,-1
2026-06-22T08:21:33.365Z,-1
2026-06-22T08:22:37Z,-1
2026-06-22T08:22:38.34Z,-1
2026-06-22T08:24:04Z,-1
2026-06-22T08:24:07.535Z,-1
2026-06-22T08:47:23Z,-1
2026-06-22T08:47:25.75Z,-1
2026-06-22T09:23:03Z,-1
2026-06-22T09:23:05.291Z,-1
2026-06-22T09:23:48Z,-1
2026-06-22T09:23:51.016Z,-1
2026-06-22T09:35:42Z,-1
2026-06-22T09:35:43.59Z,-1
2026-06-22T09:46:10Z,-1
2026-06-22T09:46:11.513Z,-1
2026-06-22T09:48:27Z,-1
2026-06-22T09:48:29.707Z,-1
2026-06-22T09:49:27Z,-1
2026-06-22T09:49:28.428Z,-1
2026-06-22T10:07:17Z,-1
2026-06-22T10:07:18.722Z,-1
2026-06-22T10:08:00Z,-1
2026-06-22T10:08:06.574Z,-1
2026-06-22T10:10:10Z,-1
2026-06-22T10:10:13.059Z,-1
2026-06-22T10:11:11Z,-1
2026-06-22T10:11:13.013Z,-1
2026-06-22T10:11:54Z,-1
2026-06-22T10:11:55.586Z,-1
2026-06-22T10:15:02Z,-1
2026-06-22T10:15:11.676Z,-1
2026-06-22T10:22:49Z,-1
2026-06-22T10:22:50.948Z,-1
2026-06-22T10:23:33Z,-1
2026-06-22T10:23:34.013Z,-1
2026-06-22T10:24:55Z,-1
2026-06-22T10:24:57.478Z,-1
2026-06-22T10:30:43Z,-1
2026-06-22T10:30:45.326Z,-1
2026-06-22T10:32:42Z,-1
2026-06-22T10:32:43.514Z,-1
2026-06-22T10:39:37Z,-1
2026-06-22T10:39:38.262Z,-1
2026-06-22T10:51:29Z,-1
2026-06-22T10:51:31.327Z,-1
2026-06-22T10:51:56Z,-1
2026-06-22T10:51:58.252Z,-1
2026-06-22T10:57:53Z,-1
2026-06-22T10:57:54.254Z,-1
2026-06-22T10:58:25Z,-1
2026-06-22T10:58:26.822Z,-1
2026-06-22T11:07:11Z,-1
2026-06-22T11:07:12.104Z,-1
2026-06-22T11:08:10Z,-1
2026-06-22T11:08:12.27Z,-1
2026-06-22T11:38:00Z,-1
2026-06-22T11:38:03.853Z,-1
2026-06-22T18:00:00Z,-1
2026-06-22T18:00:13.647Z,-1
2026-06-22T18:02:36Z,-1
2026-06-22T18:02:38.941Z,-1
2026-06-22T18:04:27Z,-1
2026-06-22T18:04:28.338Z,-1
2026-06-22T18:05:53Z,-1
2026-06-22T18:05:54.672Z,-1
2026-06-22T18:10:39Z,-1
2026-06-22T18:10:41.854Z,-1
2026-06-22T18:12:44Z,-1
2026-06-22T18:12:46.36Z,-1
2026-06-22T18:16:58Z,-1
2026-06-22T18:16:59.304Z,-1
2026-06-22T18:19:23Z,-1
2026-06-22T18:19:24.614Z,-1
2026-06-22T18:19:45Z,-1
2026-06-22T18:19:47.519Z,-1
2026-06-22T18:33:10Z,-1
2026-06-22T18:33:11.913Z,-1
2026-06-22T19:46:38Z,-1
2026-06-22T19:46:39.658Z,-1
2026-06-23T06:00:00Z,-1
2026-06-23T06:00:00.745Z,-1
2026-06-23T06:09:28Z,-1
2026-06-23T06:09:30.682Z,-1
2026-06-23T06:17:59Z,-1
2026-06-23T06:18:01.6Z,-1
2026-06-23T06:23:01Z,-1
2026-06-23T06:23:05.041Z,-1
2026-06-23T06:25:44Z,-1
2026-06-23T06:25:46.939Z,-1
2026-06-23T06:33:39Z,-1
2026-06-23T06:33:41.632Z,-1
2026-06-23T07:10:54Z,-1
2026-06-23T07:11:07.335Z,-1
2026-06-23T07:12:01Z,-1
2026-06-23T07:12:04.048Z,-1
2026-06-23T07:29:45Z,-1
2026-06-23T07:29:46.447Z,-1
2026-06-23T07:32:02Z,-1
2026-06-23T07:32:03.823Z,-1
2026-06-23T11:37:50Z,-1
2026-06-23T11:37:51.744Z,-1
2026-06-23T11:38:13Z,-1
2026-06-23T11:38:14.753Z,-1
2026-06-23T13:25:21Z,-1
2026-06-23T13:25:22.265Z,-1
2026-06-23T13:25:58Z,-1
2026-06-23T13:26:00.556Z,-1
2026-06-23T13:37:51Z,-1
2026-06-23T13:37:53.808Z,-1
2026-06-23T13:38:28Z,-1
2026-06-23T13:38:30.081Z,-1
2026-06-23T13:57:50Z,-1
2026-06-23T13:57:51.608Z,-1
2026-06-23T14:03:27Z,-1
2026-06-23T14:03:28.723Z,-1
2026-06-23T14:04:32Z,-1
2026-06-23T14:04:33.47Z,-1
2026-06-23T14:08:45Z,-1
2026-06-23T14:08:46.344Z,-1
2026-06-23T14:10:09Z,-1
2026-06-23T14:10:13.971Z,-1
2026-06-23T14:10:58Z,-1
2026-06-23T14:11:00.206Z,-1
2026-06-23T14:16:10Z,-1
2026-06-23T14:16:11.867Z,-1
2026-06-23T14:20:26Z,-1
2026-06-23T14:20:27.531Z,-1
2026-06-23T14:22:50Z,-1
2026-06-23T14:22:53.403Z,-1
2026-06-23T14:33:27Z,-1
2026-06-23T14:33:29.396Z,-1
2026-06-23T14:34:42Z,-1
2026-06-23T14:34:43.901Z,-1
2026-06-23T18:00:00Z,-1
2026-06-23T18:00:11.224Z,-1
2026-06-23T18:44:37Z,-1
2026-06-23T18:44:38.149Z,-1
2026-06-23T19:56:58Z,-1
2026-06-23T19:57:00.078Z,-1
2026-06-24T06:00:00Z,-1
2026-06-24T06:00:00.14Z,-1
2026-06-24T06:20:54Z,-1
2026-06-24T06:20:56.769Z,-1
2026-06-24T06:40:11Z,-1
2026-06-24T06:40:15.678Z,-1
2026-06-24T06:46:37Z,-1
2026-06-24T06:46:40.669Z,-1
2026-06-24T06:47:05Z,-1
2026-06-24T06:47:07.542Z,-1
2026-06-24T06:52:15Z,-1
2026-06-24T06:52:16.221Z,-1
2026-06-24T07:31:40Z,-1
2026-06-24T07:31:41.142Z,-1
2026-06-24T07:36:38Z,-1
2026-06-24T07:36:40.77Z,-1
2026-06-24T07:39:11Z,-1
2026-06-24T07:39:13.57Z,-1
2026-06-24T07:40:17Z,-1
2026-06-24T07:40:19.34Z,-1
2026-06-24T07:47:26Z,-1
2026-06-24T07:47:27.166Z,-1
2026-06-24T07:54:03Z,-1
2026-06-24T07:54:14.182Z,-1
2026-06-24T08:50:56Z,-1
2026-06-24T08:50:58.631Z,-1
2026-06-24T08:57:28Z,-1
2026-06-24T08:57:29.606Z,-1
2026-06-24T08:58:28Z,-1
2026-06-24T08:58:29.832Z,-1
2026-06-24T09:32:22Z,-1
2026-06-24T09:32:23.89Z,-1
2026-06-24T09:32:54Z,-1
2026-06-24T09:32:57.186Z,-1
2026-06-24T17:28:45Z,-1
2026-06-24T17:28:46.561Z,-1
2026-06-24T17:36:52Z,-1
2026-06-24T17:36:54.093Z,-1
2026-06-24T18:00:00Z,-1
2026-06-24T18:00:00.594Z,-1
2026-06-24T18:39:44Z,-1
2026-06-24T18:39:46.609Z,-1
2026-06-24T19:19:02Z,-1
2026-06-24T19:19:03.445Z,-1
2026-06-25T06:00:00Z,-1
2026-06-25T06:00:00.108Z,-1
2026-06-25T06:15:36Z,-1
2026-06-25T06:15:37.739Z,-1
2026-06-25T06:59:24Z,-1
2026-06-25T06:59:25.774Z,-1
2026-06-25T07:01:59Z,-1
2026-06-25T07:02:00.499Z,-1
2026-06-25T07:15:44Z,-1
2026-06-25T07:15:45.335Z,-1
2026-06-25T07:16:39Z,-1
2026-06-25T07:16:40.314Z,-1
2026-06-25T07:55:47Z,-1
2026-06-25T07:55:48.935Z,-1
2026-06-25T07:56:09Z,-1
2026-06-25T07:56:12.576Z,-1
2026-06-25T07:58:53Z,-1
2026-06-25T07:58:54.032Z,-1
2026-06-25T07:59:31Z,-1
2026-06-25T07:59:32.84Z,-1
2026-06-25T08:07:05Z,-1
2026-06-25T08:07:07.389Z,-1
2026-06-25T08:07:43Z,-1
2026-06-25T08:07:44.964Z,-1
2026-06-25T08:08:37Z,-1
2026-06-25T08:08:38.1Z,-1
2026-06-25T08:09:04Z,-1
2026-06-25T08:09:05.876Z,-1
2026-06-25T08:10:36Z,-1
2026-06-25T08:10:38.252Z,-1
2026-06-25T08:12:54Z,-1
2026-06-25T08:12:58.373Z,-1
2026-06-25T08:14:57Z,-1
2026-06-25T08:14:57.716Z,-1
2026-06-25T08:15:40Z,-1
2026-06-25T08:15:43.057Z,-1
2026-06-25T08:17:08Z,-1
2026-06-25T08:17:08.775Z,-1
2026-06-25T08:18:35Z,-1
2026-06-25T08:18:36.346Z,-1
2026-06-25T08:19:24Z,-1
2026-06-25T08:19:24.971Z,-1
2026-06-25T08:20:36Z,-1
2026-06-25T08:20:38.165Z,-1
2026-06-25T08:21:35Z,-1
2026-06-25T08:21:38.198Z,-1
2026-06-25T08:22:36Z,-1
2026-06-25T08:22:38.687Z,-1
2026-06-25T08:24:10Z,-1
2026-06-25T08:24:11.061Z,-1
2026-06-25T08:24:42Z,-1
2026-06-25T08:24:43.279Z,-1
2026-06-25T08:28:05Z,-1
2026-06-25T08:28:07.332Z,-1
2026-06-25T09:46:15Z,-1
2026-06-25T09:46:17.865Z,-1
2026-06-25T09:46:43Z,-1
2026-06-25T09:46:44.559Z,-1
2026-06-25T10:47:24Z,-1
2026-06-25T10:47:25.371Z,-1
2026-06-25T10:48:12Z,-1
2026-06-25T10:48:15.28Z,-1
2026-06-25T10:49:34Z,-1
2026-06-25T10:49:36.563Z,-1
2026-06-25T10:50:01Z,-1
2026-06-25T10:50:13.34Z,-1
2026-06-25T10:50:57Z,-1
2026-06-25T10:50:58.554Z,-1
2026-06-25T10:52:14Z,-1
2026-06-25T10:52:15.901Z,-1
2026-06-25T10:52:47Z,-1
2026-06-25T10:52:49.725Z,-1
2026-06-25T10:54:14Z,-1
2026-06-25T10:54:16.221Z,-1
2026-06-25T11:14:08Z,-1
2026-06-25T11:14:09.83Z,-1
2026-06-25T11:21:47Z,-1
2026-06-25T11:21:50.895Z,-1
2026-06-25T11:22:43Z,-1
2026-06-25T11:22:45.979Z,-1
2026-06-25T11:24:04Z,-1
2026-06-25T11:24:06.491Z,-1
2026-06-25T11:51:37Z,-1
2026-06-25T11:51:38.274Z,-1
2026-06-25T11:53:30Z,-1
2026-06-25T11:53:30.583Z,-1
2026-06-25T11:54:58Z,-1
2026-06-25T11:54:58.846Z,-1
2026-06-25T12:02:35Z,-1
2026-06-25T12:02:46.091Z,-1
2026-06-25T18:00:00Z,-1
2026-06-25T18:00:01.413Z,-1
2026-06-25T18:30:23Z,-1
2026-06-25T18:30:24.571Z,-1
2026-06-25T19:08:19Z,-1
2026-06-25T19:08:20.984Z,-1
2026-06-26T06:00:00Z,-1
2026-06-26T06:00:02.022Z,-1
2026-06-26T09:30:37Z,-1
2026-06-26T09:30:38.93Z,-1
2026-06-26T10:43:57Z,-1
2026-06-26T10:44:10.701Z,-1
2026-06-26T10:46:14Z,-1
2026-06-26T10:46:15.144Z,-1
2026-06-26T10:54:30Z,-1
2026-06-26T10:54:32.639Z,-1
2026-06-26T10:59:13Z,-1
2026-06-26T10:59:14.708Z,-1
2026-06-26T11:01:12Z,-1
2026-06-26T11:01:13.974Z,-1
2026-06-26T11:04:50Z,-1
2026-06-26T11:04:51.755Z,-1
2026-06-26T11:06:49Z,-1
2026-06-26T11:06:50.766Z,-1
2026-06-26T11:11:44Z,-1
2026-06-26T11:11:47.368Z,-1
2026-06-26T11:12:55Z,-1
2026-06-26T11:12:57.662Z,-1
2026-06-26T18:00:00Z,-1
2026-06-26T18:00:14.473Z,-1
2026-06-27T06:00:00Z,-1
2026-06-27T06:00:01.324Z,-1
2026-06-27T08:28:06Z,-1
2026-06-27T08:28:07.421Z,-1
2026-06-27T08:31:15Z,-1
2026-06-27T08:31:18.777Z,-1
2026-06-27T08:52:46Z,-1
2026-06-27T08:52:47.872Z,-1
2026-06-27T08:58:25Z,-1
2026-06-27T08:58:26.158Z,-1
2026-06-27T09:17:10Z,-1
2026-06-27T09:17:13.654Z,-1
2026-06-27T09:19:20Z,-1
2026-06-27T09:19:22.829Z,-1
2026-06-27T18:00:00Z,-1
2026-06-27T18:00:12.057Z,-1
2026-06-28T06:00:00Z,-1
2026-06-28T06:00:01.268Z,-1
2026-06-28T08:39:54Z,-1
2026-06-28T08:39:54.981Z,-1
2026-06-28T08:41:16Z,-1
2026-06-28T08:41:17.966Z,-1
2026-06-28T08:44:24Z,-1
2026-06-28T08:44:26.592Z,-1
2026-06-28T08:45:36Z,-1
2026-06-28T08:45:39.045Z,-1
2026-06-28T18:00:00Z,-1
2026-06-28T18:00:14.231Z,-1
2026-06-29T06:00:00Z,-1
2026-06-29T06:00:00.721Z,-1
2026-06-29T09:13:49Z,-1
2026-06-29T09:13:51.846Z,-1
2026-06-29T09:14:16Z,-1
2026-06-29T09:14:18.723Z,-1
2026-06-29T18:00:00Z,-1
2026-06-29T18:00:13.958Z,-1
2026-06-29T18:40:55Z,-1
2026-06-29T18:40:58.089Z,-1
2026-06-29T19:18:28Z,-1
2026-06-29T19:18:30.412Z,-1
2026-06-30T06:00:00Z,-1
2026-06-30T06:00:00.077Z,-1
2026-06-30T06:18:56Z,-1
2026-06-30T06:18:58.123Z,-1
2026-06-30T07:31:18Z,-1
2026-06-30T07:31:20.46Z,-1
2026-06-30T07:32:12Z,-1
2026-06-30T07:32:14.755Z,-1
2026-06-30T08:01:45Z,-1
2026-06-30T08:01:46.925Z,-1
2026-06-30T08:03:02Z,-1
2026-06-30T08:03:05.421Z,-1
2026-06-30T08:09:19Z,-1
2026-06-30T08:09:22.312Z,-1
2026-06-30T08:14:42Z,-1
2026-06-30T08:14:44.28Z,-1
2026-06-30T08:18:05Z,-1
2026-06-30T08:18:06.804Z,-1
2026-06-30T08:19:22Z,-1
2026-06-30T08:19:29.895Z,-1
2026-06-30T08:22:26Z,-1
2026-06-30T08:22:33.227Z,-1
2026-06-30T08:25:59Z,-1
2026-06-30T08:26:01.174Z,-1
2026-06-30T08:26:26Z,-1
2026-06-30T08:26:27.528Z,-1
2026-06-30T08:32:40Z,-1
2026-06-30T08:32:41.942Z,-1
2026-06-30T08:35:45Z,-1
2026-06-30T08:35:46.671Z,-1
2026-06-30T18:00:00Z,-1
2026-06-30T18:00:01.217Z,-1
2026-06-30T18:54:20Z,-1
2026-06-30T18:54:21.612Z,-1
2026-06-30T19:07:04Z,-1
2026-06-30T19:07:06.155Z,-1
2026-07-01T06:00:00Z,-1
2026-07-01T06:00:01.659Z,-1
2026-07-01T08:02:56Z,-1
2026-07-01T08:02:59.126Z,-1
2026-07-01T08:12:36Z,-1
2026-07-01T08:12:38.04Z,-1
2026-07-01T08:26:04Z,-1
2026-07-01T08:26:05.371Z,-1
2026-07-01T08:35:58Z,-1
2026-07-01T08:35:59.819Z,-1
2026-07-01T08:38:58Z,-1
2026-07-01T08:39:00.343Z,-1
2026-07-01T08:40:43Z,-1
2026-07-01T08:40:44.844Z,-1
2026-07-01T08:41:16Z,-1
2026-07-01T08:41:18.919Z,-1
2026-07-01T08:42:01Z,-1
2026-07-01T08:42:06.77Z,-1
2026-07-01T18:00:00Z,-1
2026-07-01T18:00:13.779Z,-1
2026-07-02T06:00:00Z,-1
2026-07-02T06:00:01.209Z,-1
2026-07-02T18:00:00Z,-1
2026-07-02T18:00:01.976Z,-1
2026-07-03T06:00:00Z,-1
2026-07-03T06:00:00.214Z,-1
2026-07-03T08:15:26Z,-1
2026-07-03T08:15:27.404Z,-1
2026-07-03T08:17:14Z,-1
2026-07-03T08:17:15.779Z,-1
2026-07-03T08:34:27Z,-1
2026-07-03T08:34:29.064Z,-1
2026-07-03T08:46:46Z,-1
2026-07-03T08:46:47.116Z,-1
2026-07-03T08:49:31Z,-1
2026-07-03T08:49:33.579Z,-1
2026-07-03T08:58:49Z,-1
2026-07-03T08:58:50.659Z,-1
2026-07-03T09:02:32Z,-1
2026-07-03T09:02:34.367Z,-1
2026-07-03T09:06:40Z,-1
2026-07-03T09:06:41.803Z,-1
2026-07-03T09:10:39Z,-1
2026-07-03T09:10:39.717Z,-1
2026-07-03T09:12:01Z,-1
2026-07-03T09:12:08.258Z,-1
2026-07-03T09:14:56Z,-1
2026-07-03T09:14:59.335Z,-1
2026-07-03T09:16:08Z,-1
2026-07-03T09:16:11.024Z,-1
2026-07-03T09:16:37Z,-1
2026-07-03T09:16:38.374Z,-1
2026-07-03T09:19:04Z,-1
2026-07-03T09:19:05.78Z,-1
2026-07-03T10:12:15Z,-1
2026-07-03T10:12:15.777Z,-1
2026-07-03T10:13:36Z,-1
2026-07-03T10:13:38.473Z,-1
2026-07-03T10:22:45Z,-1
2026-07-03T10:22:46.646Z,-1
2026-07-03T10:26:16Z,-1
2026-07-03T10:26:18.99Z,-1
2026-07-03T10:26:49Z,-1
2026-07-03T10:26:52.05Z,-1
2026-07-03T10:30:32Z,-1
2026-07-03T10:30:35.795Z,-1
2026-07-03T18:00:00Z,-1
2026-07-03T18:00:00.077Z,-1
2026-07-03T18:38:21Z,-1
2026-07-03T18:38:26.553Z,-1
2026-07-03T19:59:35Z,-1
2026-07-03T19:59:37.711Z,-1
2026-07-03T20:09:57Z,-1
2026-07-03T20:09:58.358Z,-1
2026-07-03T20:10:56Z,-1
2026-07-03T20:10:58.163Z,-1
2026-07-04T06:00:00Z,-1
2026-07-04T06:00:00.128Z,-1
2026-07-04T06:16:18Z,-1
2026-07-04T06:16:18.709Z,-1
2026-07-04T07:55:12Z,-1
2026-07-04T07:55:13.604Z,-1
2026-07-04T07:55:39Z,-1
2026-07-04T07:55:40.956Z,-1
2026-07-04T08:00:25Z,-1
2026-07-04T08:00:26.722Z,-1
2026-07-04T08:01:03Z,-1
2026-07-04T08:01:04.752Z,-1
2026-07-04T08:12:49Z,-1
2026-07-04T08:12:52.69Z,-1
2026-07-04T08:14:42Z,-1
2026-07-04T08:14:44.075Z,-1
2026-07-04T08:21:37Z,-1
2026-07-04T08:21:39.342Z,-1
2026-07-04T08:24:31Z,-1
2026-07-04T08:24:32.378Z,-1
2026-07-04T08:25:57Z,-1
2026-07-04T08:25:57.4Z,-1
2026-07-04T08:28:06Z,-1
2026-07-04T08:28:08.777Z,-1
2026-07-04T08:29:43Z,-1
2026-07-04T08:29:43.819Z,-1
2026-07-04T08:30:26Z,-1
2026-07-04T08:30:27.979Z,-1
2026-07-04T08:31:24Z,-1
2026-07-04T08:31:26.049Z,-1
2026-07-04T08:38:38Z,-1
2026-07-04T08:38:40.248Z,-1
2026-07-04T08:41:57Z,-1
2026-07-04T08:42:00.177Z,-1
2026-07-04T08:51:39Z,-1
2026-07-04T08:51:41.409Z,-1
2026-07-04T08:52:07Z,-1
2026-07-04T08:52:08.235Z,-1
2026-07-04T08:54:13Z,-1
2026-07-04T08:54:14.914Z,-1
2026-07-04T08:54:50Z,-1
2026-07-04T08:54:51.585Z,-1
2026-07-04T08:55:51Z,-1
2026-07-04T08:55:52.814Z,-1
2026-07-04T08:59:06Z,-1
2026-07-04T08:59:07.537Z,-1
2026-07-04T09:18:13Z,-1
2026-07-04T09:18:15.048Z,-1
2026-07-04T09:18:35Z,-1
2026-07-04T09:18:36.722Z,-1
2026-07-04T18:00:00Z,-1
2026-07-04T18:00:00.265Z,-1
2026-07-04T18:46:57Z,-1
2026-07-04T18:46:58.313Z,-1
2026-07-04T19:13:39Z,-1
2026-07-04T19:13:40.05Z,-1
2026-07-05T06:00:00Z,-1
2026-07-05T06:00:00.073Z,-1
2026-07-05T06:44:33Z,-1
2026-07-05T06:44:34.504Z,-1
2026-07-05T08:04:10Z,-1
2026-07-05T08:04:11.409Z,-1
2026-07-05T08:05:26Z,-1
2026-07-05T08:05:27.991Z,-1
2026-07-05T08:06:43Z,-1
2026-07-05T08:06:44.951Z,-1
2026-07-05T08:07:56Z,-1
2026-07-05T08:07:57.633Z,-1
2026-07-05T08:12:02Z,-1
2026-07-05T08:12:05.345Z,-1
2026-07-05T08:13:42Z,-1
2026-07-05T08:13:44.161Z,-1
2026-07-05T08:41:27Z,-1
2026-07-05T08:41:28.475Z,-1
2026-07-05T08:41:59Z,-1
2026-07-05T08:42:00.836Z,-1
2026-07-05T08:43:38Z,-1
2026-07-05T08:43:39.422Z,-1
2026-07-05T08:44:22Z,-1
2026-07-05T08:44:23.73Z,-1
2026-07-05T08:49:07Z,-1
2026-07-05T08:49:08.303Z,-1
2026-07-05T08:53:47Z,-1
2026-07-05T08:53:48.567Z,-1
2026-07-05T09:03:06Z,-1
2026-07-05T09:03:06.855Z,-1
2026-07-05T09:06:34Z,-1
2026-07-05T09:06:36.116Z,-1
2026-07-05T09:07:23Z,-1
2026-07-05T09:07:24.595Z,-1
2026-07-05T09:09:12Z,-1
2026-07-05T09:09:14.355Z,-1
2026-07-05T09:09:39Z,-1
2026-07-05T09:09:40.579Z,-1
2026-07-05T09:25:56Z,-1
2026-07-05T09:25:57.846Z,-1
2026-07-05T09:26:40Z,-1
2026-07-05T09:26:41.743Z,-1
2026-07-05T18:00:00Z,-1
2026-07-05T18:00:02.033Z,-1
2026-07-05T18:47:17Z,-1
2026-07-05T18:47:18.945Z,-1
2026-07-05T19:25:43Z,-1
2026-07-05T19:25:44.291Z,-1
2026-07-06T06:00:00Z,-1
2026-07-06T06:00:00.045Z,-1
2026-07-06T06:15:44Z,-1
2026-07-06T06:15:45.391Z,-1
2026-07-06T08:51:31Z,-1
2026-07-06T08:51:32.673Z,-1
2026-07-06T16:54:40Z,-1
2026-07-06T16:54:43.018Z,-1
2026-07-06T16:55:13Z,-1
2026-07-06T16:55:15.289Z,-1
2026-07-06T16:56:55Z,-1
2026-07-06T16:56:57.015Z,-1
2026-07-06T16:57:32Z,-1
2026-07-06T16:57:33.864Z,-1
2026-07-06T18:00:00Z,-1
2026-07-06T18:00:00.168Z,-1
2026-07-06T19:23:25Z,-1
2026-07-06T19:23:26.597Z,-1
2026-07-06T19:43:10Z,-1
2026-07-06T19:43:10.904Z,-1
2026-07-07T06:00:00Z,-1
2026-07-07T06:00:01.774Z,-1
2026-07-07T06:07:08Z,-1
2026-07-07T06:07:09.286Z,-1
2026-07-07T06:08:19Z,-1
2026-07-07T06:08:20.668Z,-1
2026-07-07T06:11:25Z,-1
2026-07-07T06:11:27.154Z,-1
2026-07-07T08:07:40Z,-1
2026-07-07T08:07:41.444Z,-1
2026-07-07T08:08:33Z,-1
2026-07-07T08:08:35.734Z,-1
2026-07-07T08:10:16Z,-1
2026-07-07T08:10:16.87Z,-1
2026-07-07T08:11:26Z,-1
2026-07-07T08:11:29.601Z,-1
2026-07-07T08:11:53Z,-1
2026-07-07T08:11:54.493Z,-1
2026-07-07T08:15:16Z,-1
2026-07-07T08:15:17.62Z,-1
2026-07-07T08:21:04Z,-1
2026-07-07T08:21:08.431Z,-1
2026-07-07T08:22:10Z,-1
2026-07-07T08:22:11.202Z,-1
2026-07-07T08:23:04Z,-1
2026-07-07T08:23:05.037Z,-1
2026-07-07T08:24:04Z,-1
2026-07-07T08:24:05.206Z,-1
2026-07-07T08:25:22Z,-1
2026-07-07T08:25:23.054Z,-1
2026-07-07T08:25:55Z,-1
2026-07-07T08:25:56.754Z,-1
2026-07-07T08:33:49Z,-1
2026-07-07T08:33:50.581Z,-1
2026-07-07T08:34:15Z,-1
2026-07-07T08:34:17.59Z,-1
2026-07-07T08:35:58Z,-1
2026-07-07T08:35:59.759Z,-1
2026-07-07T08:45:44Z,-1
2026-07-07T08:45:48.278Z,-1
2026-07-07T08:48:39Z,-1
2026-07-07T08:48:40.567Z,-1
2026-07-07T09:51:25Z,-1
2026-07-07T09:51:26.768Z,-1
2026-07-07T09:54:07Z,-1
2026-07-07T09:54:08.591Z,-1
2026-07-07T09:56:26Z,-1
2026-07-07T09:56:28.329Z,-1
2026-07-07T09:58:09Z,-1
2026-07-07T09:58:10.596Z,-1
2026-07-07T09:58:46Z,-1
2026-07-07T09:58:48.086Z,-1
2026-07-07T10:02:02Z,-1
2026-07-07T10:02:04.84Z,-1
2026-07-07T10:05:01Z,-1
2026-07-07T10:05:11.594Z,-1
2026-07-07T10:06:25Z,-1
2026-07-07T10:06:26.275Z,-1
2026-07-07T10:07:26Z,-1
2026-07-07T10:07:27.849Z,-1
2026-07-07T10:10:19Z,-1
2026-07-07T10:10:20.559Z,-1
2026-07-07T13:35:12Z,-1
2026-07-07T13:35:17.304Z,-1
2026-07-07T13:38:38Z,-1
2026-07-07T13:38:40.958Z,-1
2026-07-07T13:39:11Z,-1
2026-07-07T13:39:12.937Z,-1
2026-07-07T13:42:55Z,-1
2026-07-07T13:42:56.969Z,-1
2026-07-07T13:48:36Z,-1
2026-07-07T13:48:38.928Z,-1
2026-07-07T13:49:14Z,-1
2026-07-07T13:49:17.219Z,-1
2026-07-07T13:54:52Z,-1
2026-07-07T13:54:53.756Z,-1
2026-07-07T13:55:24Z,-1
2026-07-07T13:55:26.211Z,-1
2026-07-07T14:07:12Z,-1
2026-07-07T14:07:15.691Z,-1
2026-07-07T14:16:26Z,-1
2026-07-07T14:16:28.237Z,-1
2026-07-07T14:17:19Z,-1
2026-07-07T14:17:20.817Z,-1
2026-07-07T14:24:39Z,-1
2026-07-07T14:24:39.766Z,-1
2026-07-07T14:25:49Z,-1
2026-07-07T14:25:50.945Z,-1
2026-07-07T14:27:00Z,-1
2026-07-07T14:27:04.099Z,-1
2026-07-07T14:45:30Z,-1
2026-07-07T14:45:31.545Z,-1
2026-07-07T14:47:52Z,-1
2026-07-07T14:47:53.217Z,-1
2026-07-07T14:49:12Z,-1
2026-07-07T14:49:13.455Z,-1
2026-07-07T14:52:12Z,-1
2026-07-07T14:52:14.505Z,-1
2026-07-07T14:57:35Z,-1
2026-07-07T14:57:37.585Z,-1
2026-07-07T14:58:31Z,-1
2026-07-07T14:58:31.894Z,-1
2026-07-07T14:59:42Z,-1
2026-07-07T14:59:42.901Z,-1
2026-07-07T15:04:43Z,-1
2026-07-07T15:04:44.246Z,-1
2026-07-07T15:05:59Z,-1
2026-07-07T15:05:59.797Z,-1
2026-07-07T15:07:04Z,-1
2026-07-07T15:07:06.78Z,-1
2026-07-07T15:18:29Z,-1
2026-07-07T15:18:31.122Z,-1
2026-07-07T15:21:35Z,-1
2026-07-07T15:21:37.941Z,-1
2026-07-07T15:25:21Z,-1
2026-07-07T15:25:25.28Z,-1
2026-07-07T15:31:54Z,-1
2026-07-07T15:31:56.561Z,-1
2026-07-07T15:37:40Z,-1
2026-07-07T15:37:42.705Z,-1
2026-07-07T15:38:07Z,-1
2026-07-07T15:38:08.716Z,-1
2026-07-07T15:51:23Z,-1
2026-07-07T15:51:25.086Z,-1
2026-07-07T15:55:17Z,-1
2026-07-07T15:55:18.392Z,-1
2026-07-07T15:56:43Z,-1
2026-07-07T15:56:44.416Z,-1
2026-07-07T15:59:09Z,-1
2026-07-07T15:59:10.716Z,-1
2026-07-07T16:30:02Z,-1
2026-07-07T16:30:11.383Z,-1
2026-07-07T16:30:40Z,-1
2026-07-07T16:30:40.663Z,-1
2026-07-07T16:42:54Z,-1
2026-07-07T16:42:55.66Z,-1
2026-07-07T16:43:50Z,-1
2026-07-07T16:43:51.539Z,-1
2026-07-07T16:51:20Z,-1
2026-07-07T16:51:22.846Z,-1
2026-07-07T16:51:48Z,-1
2026-07-07T16:51:52.445Z,-1
2026-07-07T16:54:26Z,-1
2026-07-07T16:54:28.525Z,-1
2026-07-07T16:55:00Z,-1
2026-07-07T16:55:13.697Z,-1
2026-07-07T16:55:49Z,-1
2026-07-07T16:55:50.815Z,-1
2026-07-07T16:56:23Z,-1
2026-07-07T16:56:24.728Z,-1
2026-07-07T18:00:00Z,-1
2026-07-07T18:00:00.508Z,-1
2026-07-07T18:47:18Z,-1
2026-07-07T18:47:19.879Z,-1
2026-07-07T20:52:16Z,-1
2026-07-07T20:52:18.823Z,-1
2026-07-08T06:00:00Z,-1
2026-07-08T06:00:00.07Z,-1
2026-07-08T06:06:24Z,-1
2026-07-08T06:06:26.068Z,-1
2026-07-08T08:23:10Z,-1
2026-07-08T08:23:12.272Z,-1
2026-07-08T08:23:59Z,-1
2026-07-08T08:24:01.717Z,-1
2026-07-08T08:25:04Z,-1
2026-07-08T08:25:15.359Z,-1
2026-07-08T16:25:03Z,-1
2026-07-08T16:25:15.414Z,-1
2026-07-08T16:25:57Z,-1
2026-07-08T16:25:59.901Z,-1
2026-07-08T18:00:00Z,-1
2026-07-08T18:00:02.013Z,-1
2026-07-08T18:52:00Z,-1
2026-07-08T18:52:03.902Z,-1
2026-07-08T19:06:48Z,-1
2026-07-08T19:06:50.201Z,-1
2026-07-08T19:13:37Z,-1
2026-07-08T19:13:38.978Z,-1
2026-07-09T02:38:58Z,-1
2026-07-09T02:38:59.069Z,-1
2026-07-09T03:00:07Z,-1
2026-07-09T03:00:13.698Z,-1
2026-07-09T06:00:00Z,-1
2026-07-09T06:00:00.14Z,-1
2026-07-09T06:03:11Z,-1
2026-07-09T06:03:12.874Z,-1
2026-07-09T06:06:35Z,-1
2026-07-09T06:06:38.037Z,-1
2026-07-09T07:11:40Z,-1
2026-07-09T07:11:42.043Z,-1
2026-07-09T07:14:36Z,-1
2026-07-09T07:14:37.459Z,-1
2026-07-09T07:17:09Z,-1
2026-07-09T07:17:10.86Z,-1
2026-07-09T07:27:10Z,-1
2026-07-09T07:27:12.047Z,-1
2026-07-09T07:27:27Z,-1
2026-07-09T07:27:28.556Z,-1
2026-07-09T16:04:03Z,-1
2026-07-09T16:04:04.756Z,-1
2026-07-09T18:00:00Z,-1
2026-07-09T18:00:00.161Z,-1
2026-07-09T20:05:38Z,-1
2026-07-09T20:05:39.944Z,-1
2026-07-10T06:00:00Z,-1
2026-07-10T06:00:00.816Z,-1
2026-07-10T06:28:16Z,-1
2026-07-10T06:28:17.985Z,-1
2026-07-10T07:27:55Z,-1
2026-07-10T07:27:57.021Z,-1
2026-07-10T07:48:12Z,-1
2026-07-10T07:48:13.311Z,-1
2026-07-10T07:53:54Z,-1
2026-07-10T07:53:57.802Z,-1
2026-07-10T08:03:48Z,-1
2026-07-10T08:03:50.732Z,-1
2026-07-10T08:05:58Z,-1
2026-07-10T08:06:00.504Z,-1
2026-07-10T08:17:06Z,-1
2026-07-10T08:17:08.215Z,-1
2026-07-10T08:17:59Z,-1
2026-07-10T08:18:00.797Z,-1
2026-07-10T08:19:19Z,-1
2026-07-10T08:19:22.403Z,-1
2026-07-10T08:24:08Z,-1
2026-07-10T08:24:10.935Z,-1
2026-07-10T08:26:19Z,-1
2026-07-10T08:26:21.367Z,-1
2026-07-10T08:39:05Z,-1
2026-07-10T08:39:07.379Z,-1
2026-07-10T18:00:00Z,-1
2026-07-10T18:00:00.087Z,-1
2026-07-11T06:00:00Z,-1
2026-07-11T06:00:00.338Z,-1
2026-07-11T18:00:00Z,-1
2026-07-11T18:00:02.729Z,-1
2026-07-12T06:00:00Z,-1
2026-07-12T06:00:01.692Z,-1
2026-07-12T18:00:00Z,-1
2026-07-12T18:00:00.647Z,-1
2026-07-13T06:00:00Z,-1
2026-07-13T06:00:19.444Z,-1
2026-07-13T18:00:00Z,-1
2026-07-13T18:00:13.046Z,-1
2026-07-13T18:45:43Z,-1
2026-07-13T18:45:47.421Z,-1
2026-07-13T19:06:20Z,-1
2026-07-13T19:06:21.834Z,-1
