_time,_value
2026-01-01 00:00:00,1.0268604651162792
2026-01-01 01:00:00,0.678671875
2026-01-01 02:00:00,0.36123076923076924
2026-01-01 03:00:00,0.9129427083333334
2026-01-01 04:00:00,1.7944370860927152
2026-01-01 05:00:00,0.9517543859649122
2026-01-01 06:00:00,1.3866666666666667
2026-01-01 07:00:00,1.1705949656750572
2026-01-01 08:00:00,0.8199765258215963
2026-01-01 09:00:00,1.050409638554217
2026-01-01 10:00:00,1.2158227848101266
2026-01-01 11:00:00,0.6339255014326648
2026-01-01 12:00:00,0.8389044943820224
2026-01-01 13:00:00,0.7507799442896935
2026-01-01 14:00:00,0.8957241379310344
2026-01-01 15:00:00,0.952737556561086
2026-01-01 16:00:00,0.5960734463276836
2026-01-01 17:00:00,0.584950495049505
2026-01-01 18:00:00,0.420703125
2026-01-01 19:00:00,0.5468954248366013
2026-01-01 20:00:00,0.27666666666666667
2026-01-01 21:00:00,0.4840816326530612
2026-01-01 22:00:00,0.7695174262734584
2026-01-01 23:00:00,0.5876388888888889
2026-01-02 00:00:00,1.2780289855072464
2026-01-02 01:00:00,0.7742631578947369
2026-01-02 02:00:00,1.3164900662251655
2026-01-02 03:00:00,0.6973611111111111
2026-01-02 04:00:00,0.9604242424242424
2026-01-02 05:00:00,1.0211342592592592
2026-01-02 06:00:00,0.6920460358056265
2026-01-02 07:00:00,0.933025641025641
2026-01-02 08:00:00,0.5701818181818181
2026-01-02 09:00:00,0.7183236994219653
2026-01-02 10:00:00,1.0398419864559818
2026-01-02 11:00:00,1.2376053215077605
2026-01-02 12:00:00,1.1561009174311927
2026-01-02 13:00:00,0.919246231155779
2026-01-02 14:00:00,0.5630182926829268
2026-01-02 15:00:00,0.4992660550458715
2026-01-02 16:00:00,0.29473684210526313
2026-01-02 17:00:00,0.4276551724137931
2026-01-02 18:00:00,
2026-01-02 19:00:00,0.8193129770992367
2026-01-02 20:00:00,0.6379345088161209
2026-01-02 21:00:00,1.4678603603603604
2026-01-02 22:00:00,1.5363876651982378
2026-01-02 23:00:00,0.5106511627906977
2026-01-03 00:00:00,1.555259433962264
2026-01-03 01:00:00,0.6608571428571428
2026-01-03 02:00:00,0.5836890243902438
2026-01-03 03:00:00,0.9347281323877068
2026-01-03 04:00:00,1.2181884057971013
2026-01-03 05:00:00,0.7218769230769231
2026-01-03 06:00:00,1.401068493150685
2026-01-03 07:00:00,1.5821476510067114
2026-01-03 08:00:00,0.8299644128113879
2026-01-03 09:00:00,1.6192636579572448
2026-01-03 10:00:00,1.269016393442623
2026-01-03 11:00:00,1.2182222222222223
2026-01-03 12:00:00,0.8442926829268294
2026-01-03 13:00:00,0.8102669902912621
2026-01-03 14:00:00,0.5404322766570605
2026-01-03 15:00:00,0.4650194552529183
2026-01-03 16:00:00,0.303
2026-01-03 17:00:00,1.3992032967032968
2026-01-03 18:00:00,1.458231441048035
2026-01-03 19:00:00,0.8271496437054632
2026-01-03 20:00:00,1.1461258278145696
2026-01-03 21:00:00,0.7728086419753087
2026-01-03 22:00:00,0.46526548672566376
2026-01-03 23:00:00,0.5362655601659752
2026-01-04 00:00:00,0.9162013729977116
2026-01-04 01:00:00,1.2106792452830188
2026-01-04 02:00:00,0.876743119266055
2026-01-04 03:00:00,1.21568848758465
2026-01-04 04:00:00,0.7790721649484535
2026-01-04 05:00:00,0.6965060240963856
2026-01-04 06:00:00,0.773065693430657
2026-01-04 07:00:00,0.506023622047244
2026-01-04 08:00:00,0.4224832214765101
2026-01-04 09:00:00,0.7356119402985075
2026-01-04 10:00:00,1.352857142857143
2026-01-04 11:00:00,1.8149557522123894
2026-01-04 12:00:00,1.7870175438596492
2026-01-04 13:00:00,1.2785106382978721
2026-01-04 14:00:00,2.9093654266958424
2026-01-04 15:00:00,3.5717970401691335
2026-01-04 16:00:00,3.2094218415417557
2026-01-04 17:00:00,2.7462231759656652
2026-01-04 18:00:00,1.6134725274725275
2026-01-04 19:00:00,2.740663811563169
2026-01-04 20:00:00,2.2330967741935486
2026-01-04 21:00:00,0.7292137592137593
2026-01-04 22:00:00,0.536525974025974
2026-01-04 23:00:00,0.7027704485488128
2026-01-05 00:00:00,0.3140909090909091
2026-01-05 01:00:00,1.0931671554252198
2026-01-05 02:00:00,1.1705066079295154
2026-01-05 03:00:00,1.042017937219731
2026-01-05 04:00:00,1.012949002217295
2026-01-05 05:00:00,0.5454181818181818
2026-01-05 06:00:00,0.5131111111111111
2026-01-05 07:00:00,0.5378089887640449
2026-01-05 08:00:00,0.640664739884393
2026-01-05 09:00:00,0.2798611111111111
2026-01-05 10:00:00,0.13583333333333333
2026-01-05 11:00:00,0.5942903225806452
2026-01-05 12:00:00,1.0169323671497585
2026-01-05 13:00:00,1.7820518358531319
2026-01-05 14:00:00,1.6795164835164833
2026-01-05 15:00:00,1.67119825708061
2026-01-05 16:00:00,1.4454323725055431
2026-01-05 17:00:00,1.3625663716814158
2026-01-05 18:00:00,1.0078310502283105
2026-01-05 19:00:00,0.9979550561797752
2026-01-05 20:00:00,0.8375615763546799
2026-01-05 21:00:00,0.5728682170542636
2026-01-05 22:00:00,0.5
2026-01-05 23:00:00,0.5517213114754098
2026-01-06 00:00:00,0.7322108843537415
2026-01-06 01:00:00,1.3500896860986547
2026-01-06 02:00:00,1.7604761904761905
2026-01-06 03:00:00,2.164625267665953
2026-01-06 04:00:00,2.552844827586207
2026-01-06 05:00:00,3.2458760683760683
2026-01-06 06:00:00,4.332278481012659
2026-01-06 07:00:00,4.153311965811966
2026-01-06 08:00:00,4.799852631578947
2026-01-06 09:00:00,4.4245127118644065
2026-01-06 10:00:00,4.262076271186441
2026-01-06 11:00:00,4.149212765957447
2026-01-06 12:00:00,3.9791525423728817
2026-01-06 13:00:00,3.608148936170213
2026-01-06 14:00:00,4.399384288747346
2026-01-06 15:00:00,4.24484076433121
2026-01-06 16:00:00,2.7316129032258067
2026-01-06 17:00:00,2.2269848156182213
2026-01-06 18:00:00,1.7184868421052633
2026-01-06 19:00:00,1.5115350877192981
2026-01-06 20:00:00,1.1090807174887891
2026-01-06 21:00:00,0.9268372093023256
2026-01-06 22:00:00,0.7934473684210526
2026-01-06 23:00:00,0.6010077519379845
2026-01-07 00:00:00,1.1292727272727272
2026-01-07 01:00:00,1.1454708520179373
2026-01-07 02:00:00,1.8955748373101953
2026-01-07 03:00:00,1.3067567567567568
2026-01-07 04:00:00,1.8131208791208793
2026-01-07 05:00:00,2.5227548806941433
2026-01-07 06:00:00,0.7807178217821783
2026-01-07 07:00:00,2.2151716738197424
2026-01-07 08:00:00,2.2776457883369328
2026-01-07 09:00:00,2.195173913043478
2026-01-07 10:00:00,1.548056768558952
2026-01-07 11:00:00,1.256
2026-01-07 12:00:00,2.5274568965517243
2026-01-07 13:00:00,3.5238577586206894
2026-01-07 14:00:00,4.130360169491525
2026-01-07 15:00:00,2.62025641025641
2026-01-07 16:00:00,2.1484381778741866
2026-01-07 17:00:00,2.1860393873085338
2026-01-07 18:00:00,2.077695652173913
2026-01-07 19:00:00,1.4024608501118567
2026-01-07 20:00:00,1.4126431718061674
2026-01-07 21:00:00,1.685829596412556
2026-01-07 22:00:00,0.897758186397985
2026-01-07 23:00:00,1.7237772925764192
2026-01-08 00:00:00,1.30265625
2026-01-08 01:00:00,0.9671198156682028
2026-01-08 02:00:00,1.164247572815534
2026-01-08 03:00:00,1.7946341463414635
2026-01-08 04:00:00,2.0127982646420826
2026-01-08 05:00:00,2.6711015118790495
2026-01-08 06:00:00,1.5760820045558086
2026-01-08 07:00:00,1.9182135076252724
2026-01-08 08:00:00,1.7094922737306844
2026-01-08 09:00:00,1.607212389380531
2026-01-08 10:00:00,1.9409606986899564
2026-01-08 11:00:00,1.96646288209607
2026-01-08 12:00:00,2.029277899343545
2026-01-08 13:00:00,1.3682959641255605
2026-01-08 14:00:00,1.739032967032967
2026-01-08 15:00:00,2.1996103896103896
2026-01-08 16:00:00,1.6441555555555556
2026-01-08 17:00:00,1.5641059602649006
2026-01-08 18:00:00,1.0977990430622009
2026-01-08 19:00:00,1.3777803738317758
2026-01-08 20:00:00,1.1391304347826088
2026-01-08 21:00:00,1.411729490022173
2026-01-08 22:00:00,1.0268552036199095
2026-01-08 23:00:00,1.5152
2026-01-09 00:00:00,1.3182850779510022
2026-01-09 01:00:00,1.2256947608200457
2026-01-09 02:00:00,1.2504883720930233
2026-01-09 03:00:00,1.0803225806451613
2026-01-09 04:00:00,1.5534354485776805
2026-01-09 05:00:00,0.9776335877862595
2026-01-09 06:00:00,0.8855897435897436
2026-01-09 07:00:00,0.9048724489795917
2026-01-09 08:00:00,0.7021321321321321
2026-01-09 09:00:00,0.5327507163323782
2026-01-09 10:00:00,1.1870666666666665
2026-01-09 11:00:00,0.8016346153846154
2026-01-09 12:00:00,0.9948512585812357
2026-01-09 13:00:00,2.7587581699346404
2026-01-09 14:00:00,3.600191082802548
2026-01-09 15:00:00,3.9290697674418604
2026-01-09 16:00:00,2.75122621564482
2026-01-09 17:00:00,2.1290064794816415
2026-01-09 18:00:00,1.7310173160173161
2026-01-09 19:00:00,1.2277161862527717
2026-01-09 20:00:00,1.4065765765765765
2026-01-09 21:00:00,0.5776071428571429
2026-01-09 22:00:00,0.8274340527577938
2026-01-09 23:00:00,0.9169034090909091
2026-01-10 00:00:00,1.065983379501385
2026-01-10 01:00:00,1.738307692307692
2026-01-10 02:00:00,0.7492690058479532
2026-01-10 03:00:00,1.4369757174392936
2026-01-10 04:00:00,1.3185333333333333
2026-01-10 05:00:00,1.2863274336283186
2026-01-10 06:00:00,1.1270066518847008
2026-01-10 07:00:00,2.15
2026-01-10 08:00:00,2.2044347826086956
2026-01-10 09:00:00,3.533545647558386
2026-01-10 10:00:00,3.3782478632478634
2026-01-10 11:00:00,3.712016985138004
2026-01-10 12:00:00,3.5581075268817206
2026-01-10 13:00:00,3.7618259023354566
2026-01-10 14:00:00,3.4489935760171306
2026-01-10 15:00:00,2.3803640256959318
2026-01-10 16:00:00,1.4873008849557523
2026-01-10 17:00:00,0.8288113695090439
2026-01-10 18:00:00,2.5632173913043474
2026-01-10 19:00:00,1.6965402843601898
2026-01-10 20:00:00,2.3011304347826087
2026-01-10 21:00:00,2.1987201735357917
2026-01-10 22:00:00,0.591489898989899
2026-01-10 23:00:00,0.6480851063829787
2026-01-11 00:00:00,1.2062924281984333
2026-01-11 01:00:00,0.7724634146341463
2026-01-11 02:00:00,1.3066592427616928
2026-01-11 03:00:00,1.27122969837587
2026-01-11 04:00:00,1.6733715596330276
2026-01-11 05:00:00,1.8212472160356348
2026-01-11 06:00:00,2.0598901098901097
2026-01-11 07:00:00,1.7538392857142857
2026-01-11 08:00:00,1.662675438596491
2026-01-11 09:00:00,2.736008583690987
2026-01-11 10:00:00,3.2872510822510823
2026-01-11 11:00:00,2.9667241379310343
2026-01-11 12:00:00,2.311268817204301
2026-01-11 13:00:00,2.2692008639308856
2026-01-11 14:00:00,1.7376200873362446
2026-01-11 15:00:00,1.7792543859649124
2026-01-11 16:00:00,1.0035730858468679
2026-01-11 17:00:00,1.0235321100917432
2026-01-11 18:00:00,0.7744604316546763
2026-01-11 19:00:00,0.8366355140186915
2026-01-11 20:00:00,1.2062643678160918
2026-01-11 21:00:00,1.082824427480916
2026-01-11 22:00:00,0.9344638403990025
2026-01-11 23:00:00,1.4779842931937173
2026-01-12 00:00:00,1.2783111111111112
2026-01-12 01:00:00,1.3240722891566266
2026-01-12 02:00:00,1.0526401869158877
2026-01-12 03:00:00,1.3949408983451534
2026-01-12 04:00:00,1.055552995391705
2026-01-12 05:00:00,1.2033257918552036
2026-01-12 06:00:00,0.9825298329355608
2026-01-12 07:00:00,0.767741935483871
2026-01-12 08:00:00,0.9555970149253731
2026-01-12 09:00:00,1.5636184210526316
2026-01-12 10:00:00,1.3230394431554524
2026-01-12 11:00:00,1.1148831775700936
2026-01-12 12:00:00,0.9985522788203752
2026-01-12 13:00:00,0.8464108910891088
2026-01-12 14:00:00,0.9902375296912114
2026-01-12 15:00:00,1.07578125
2026-01-12 16:00:00,1.1357941834451901
2026-01-12 17:00:00,0.818472553699284
2026-01-12 18:00:00,0.7917615176151762
2026-01-12 19:00:00,0.4501063829787234
2026-01-12 20:00:00,0.13714285714285715
2026-01-12 21:00:00,0.0
2026-01-12 22:00:00,0.2883950617283951
2026-01-12 23:00:00,0.5629629629629629
2026-01-13 00:00:00,1.1654970760233918
2026-01-13 01:00:00,0.6962445414847162
2026-01-13 02:00:00,0.6165356265356265
2026-01-13 03:00:00,0.7814496314496315
2026-01-13 04:00:00,0.729976076555024
2026-01-13 05:00:00,0.7891647331786543
2026-01-13 06:00:00,0.6433434650455927
2026-01-13 07:00:00,0.6128444444444444
2026-01-13 08:00:00,0.9022113022113022
2026-01-13 09:00:00,0.9429857819905213
2026-01-13 10:00:00,1.1006040268456376
2026-01-13 11:00:00,0.8505011933174225
2026-01-13 12:00:00,0.8865133171912832
2026-01-13 13:00:00,1.0739252336448597
2026-01-13 14:00:00,0.5551734104046243
2026-01-13 15:00:00,0.7589893617021276
2026-01-13 16:00:00,0.6491489361702129
2026-01-13 17:00:00,0.33831325301204823
2026-01-13 18:00:00,0.2714285714285714
2026-01-13 19:00:00,0.2810204081632653
2026-01-13 20:00:00,1.016457399103139
2026-01-13 21:00:00,1.1282921348314605
2026-01-13 22:00:00,1.4005543237250553
2026-01-13 23:00:00,1.0836363636363637
2026-01-14 00:00:00,0.3858078602620087
2026-01-14 01:00:00,0.64688995215311
2026-01-14 02:00:00,0.7799392097264438
2026-01-14 03:00:00,1.1696462264150944
2026-01-14 04:00:00,0.8564285714285714
2026-01-14 05:00:00,0.5514798206278028
2026-01-14 06:00:00,0.6222267206477733
2026-01-14 07:00:00,0.9564213197969543
2026-01-14 08:00:00,1.042718204488778
2026-01-14 09:00:00,0.8502116402116402
2026-01-14 10:00:00,1.1694070080862535
2026-01-14 11:00:00,0.6920765027322404
2026-01-14 12:00:00,0.9176392572944296
2026-01-14 13:00:00,0.847866323907455
2026-01-14 14:00:00,0.7306111111111111
2026-01-14 15:00:00,0.8355421686746988
2026-01-14 16:00:00,0.7561340206185567
2026-01-14 17:00:00,0.4767206477732793
2026-01-14 18:00:00,0.6678962536023054
2026-01-14 19:00:00,0.37815789473684214
2026-01-14 20:00:00,0.9778654970760234
2026-01-14 21:00:00,0.8245454545454546
2026-01-14 22:00:00,0.817910447761194
2026-01-14 23:00:00,0.4659176029962547
2026-01-15 00:00:00,0.7657756563245823
2026-01-15 01:00:00,0.45038461538461544
2026-01-15 02:00:00,0.6049579831932773
2026-01-15 03:00:00,0.8846113989637305
2026-01-15 04:00:00,1.0279784366576818
2026-01-15 05:00:00,0.7579156327543424
2026-01-15 06:00:00,0.7894473684210527
2026-01-15 07:00:00,0.7185280373831776
2026-01-15 08:00:00,0.8941830065359477
2026-01-15 09:00:00,1.5860917030567685
2026-01-15 10:00:00,1.4381038374717834
2026-01-15 11:00:00,1.33145584725537
2026-01-15 12:00:00,0.9276108374384237
2026-01-15 13:00:00,1.0668599033816426
2026-01-15 14:00:00,1.2332692307692308
2026-01-15 15:00:00,1.4111971830985914
2026-01-15 16:00:00,1.3881677704194262
2026-01-15 17:00:00,0.5498813056379822
2026-01-15 18:00:00,0.7630434782608695
2026-01-15 19:00:00,0.31107142857142855
2026-01-15 20:00:00,0.6836
2026-01-15 21:00:00,0.8139634146341463
2026-01-15 22:00:00,0.9917632850241546
2026-01-15 23:00:00,1.015609195402299
2026-01-16 00:00:00,0.6866567164179105
2026-01-16 01:00:00,0.4744607843137255
2026-01-16 02:00:00,0.5488796680497925
2026-01-16 03:00:00,0.9283050847457628
2026-01-16 04:00:00,0.5779695431472082
2026-01-16 05:00:00,1.2948538011695905
2026-01-16 06:00:00,0.656260162601626
2026-01-16 07:00:00,0.34319148936170213
2026-01-16 08:00:00,0.6338613861386139
2026-01-16 09:00:00,0.8526456310679612
2026-01-16 10:00:00,0.7005849582172702
2026-01-16 11:00:00,1.2035426008968608
2026-01-16 12:00:00,1.1368235294117646
2026-01-16 13:00:00,1.4362758620689655
2026-01-16 14:00:00,2.453568376068376
2026-01-16 15:00:00,2.4640172786177104
2026-01-16 16:00:00,1.3794570135746607
2026-01-16 17:00:00,1.034883116883117
2026-01-16 18:00:00,0.502760736196319
2026-01-16 19:00:00,0.47444444444444445
2026-01-16 20:00:00,0.4597872340425532
2026-01-16 21:00:00,0.6208490566037737
2026-01-16 22:00:00,0.4266666666666667
2026-01-16 23:00:00,0.5756589147286822
2026-01-17 00:00:00,0.43041666666666667
2026-01-17 01:00:00,1.0279236276849641
2026-01-17 02:00:00,0.4965753424657534
2026-01-17 03:00:00,0.9790261282660333
2026-01-17 04:00:00,0.7930208333333333
2026-01-17 05:00:00,0.957125
2026-01-17 06:00:00,1.4210132158590307
2026-01-17 07:00:00,1.164344827586207
2026-01-17 08:00:00,0.5497682119205298
2026-01-17 09:00:00,1.3388063063063063
2026-01-17 10:00:00,2.288524945770065
2026-01-17 11:00:00,2.3361339092872573
2026-01-17 12:00:00,1.6651006711409395
2026-01-17 13:00:00,0.9572922252010724
2026-01-17 14:00:00,0.6104081632653061
2026-01-17 15:00:00,0.8713698630136987
2026-01-17 16:00:00,1.577699530516432
2026-01-17 17:00:00,1.201095890410959
2026-01-17 18:00:00,0.5517218543046358
2026-01-17 19:00:00,1.08259375
2026-01-17 20:00:00,2.445735930735931
2026-01-17 21:00:00,0.6487796610169492
2026-01-17 22:00:00,1.0135772357723578
2026-01-17 23:00:00,0.786826923076923
2026-01-18 00:00:00,0.308
2026-01-18 01:00:00,0.7516510903426792
2026-01-18 02:00:00,0.9235189873417722
2026-01-18 03:00:00,0.754375
2026-01-18 04:00:00,0.7667477203647416
2026-01-18 05:00:00,0.5580676328502415
2026-01-18 06:00:00,0.7718309859154929
2026-01-18 07:00:00,0.6001845018450185
2026-01-18 08:00:00,0.809452380952381
2026-01-18 09:00:00,1.5709782608695653
2026-01-18 10:00:00,1.691030701754386
2026-01-18 11:00:00,1.7114505494505496
2026-01-18 12:00:00,1.3300710900473933
2026-01-18 13:00:00,1.064141414141414
2026-01-18 14:00:00,0.9957647058823529
2026-01-18 15:00:00,1.010373831775701
2026-01-18 16:00:00,0.5197457627118643
2026-01-18 17:00:00,2.5801176470588234
2026-01-18 18:00:00,2.397235421166307
2026-01-18 19:00:00,0.929546539379475
2026-01-18 20:00:00,1.3623489932885906
2026-01-18 21:00:00,0.8490167865707434
2026-01-18 22:00:00,1.0933630289532295
2026-01-18 23:00:00,1.0154634146341464
2026-01-19 00:00:00,0.8872065727699531
2026-01-19 01:00:00,1.2826444444444443
2026-01-19 02:00:00,0.9144675925925926
2026-01-19 03:00:00,0.9299268292682926
2026-01-19 04:00:00,1.1920852017937218
2026-01-19 05:00:00,1.5955075593952484
2026-01-19 06:00:00,1.659177489177489
2026-01-19 07:00:00,2.6918510638297874
2026-01-19 08:00:00,2.919508547008547
2026-01-19 09:00:00,1.599934210526316
2026-01-19 10:00:00,1.419506726457399
2026-01-19 11:00:00,2.762286324786325
2026-01-19 12:00:00,3.979444444444445
2026-01-19 13:00:00,3.718803418803419
2026-01-19 14:00:00,3.455139186295503
2026-01-19 15:00:00,3.43044776119403
2026-01-19 16:00:00,2.8705341880341884
2026-01-19 17:00:00,3.5425744680851063
2026-01-19 18:00:00,3.19875
2026-01-19 19:00:00,2.9964718614718615
2026-01-19 20:00:00,3.1292735042735043
2026-01-19 21:00:00,2.863918629550321
2026-01-19 22:00:00,2.9777087794432546
2026-01-19 23:00:00,2.8782869379014993
2026-01-20 00:00:00,3.4287820512820515
2026-01-20 01:00:00,4.065307855626327
2026-01-20 02:00:00,4.170912951167728
2026-01-20 03:00:00,3.75592750533049
2026-01-20 04:00:00,3.8946581196581196
2026-01-20 05:00:00,3.529340425531915
2026-01-20 06:00:00,3.236382978723404
2026-01-20 07:00:00,3.719122055674518
2026-01-20 08:00:00,4.238858350951374
2026-01-20 09:00:00,4.673404710920771
2026-01-20 10:00:00,4.697936170212766
2026-01-20 11:00:00,4.419765957446808
2026-01-20 12:00:00,4.330876068376068
2026-01-20 13:00:00,4.9070613107822405
2026-01-20 14:00:00,4.043808510638297
2026-01-20 15:00:00,4.363782051282051
2026-01-20 16:00:00,4.245813953488372
2026-01-20 17:00:00,3.227905982905983
2026-01-20 18:00:00,2.6387124463519314
2026-01-20 19:00:00,3.2776873661670236
2026-01-20 20:00:00,3.160893617021277
2026-01-20 21:00:00,4.112869198312236
2026-01-20 22:00:00,4.4551260504201675
2026-01-20 23:00:00,4.910806794055201
2026-01-21 00:00:00,5.212299578059072
2026-01-21 01:00:00,4.893065539112051
2026-01-21 02:00:00,3.832942430703625
2026-01-21 03:00:00,4.144179104477613
2026-01-21 04:00:00,3.565297872340426
2026-01-21 05:00:00,3.8181818181818183
2026-01-21 06:00:00,2.572752688172043
2026-01-21 07:00:00,1.4698672566371682
2026-01-21 08:00:00,1.5891447368421052
2026-01-21 09:00:00,1.5899334811529933
2026-01-21 10:00:00,3.0893073593073592
2026-01-21 11:00:00,1.6584444444444444
2026-01-21 12:00:00,1.2524644549763033
2026-01-21 13:00:00,0.8396359223300971
2026-01-21 14:00:00,1.269933184855234
2026-01-21 15:00:00,0.5873899371069182
2026-01-21 16:00:00,0.7008398950131233
2026-01-21 17:00:00,0.7370765027322403
2026-01-21 18:00:00,0.5164071856287424
2026-01-21 19:00:00,0.3949442379182156
2026-01-21 20:00:00,0.46632558139534885
2026-01-21 21:00:00,0.5340088105726872
2026-01-21 22:00:00,0.5641637010676157
2026-01-21 23:00:00,1.3712
2026-01-22 00:00:00,1.2933481152993347
2026-01-22 01:00:00,0.8836633663366337
2026-01-22 02:00:00,0.8882321899736147
2026-01-22 03:00:00,1.1246978021978022
2026-01-22 04:00:00,2.1699130434782608
2026-01-22 05:00:00,3.8781395348837213
2026-01-22 06:00:00,3.6171002132196164
2026-01-22 07:00:00,3.855813953488372
2026-01-22 08:00:00,2.5936206896551726
2026-01-22 09:00:00,4.264603854389722
2026-01-22 10:00:00,4.8621720430107525
2026-01-22 11:00:00,5.9035820895522395
2026-01-22 12:00:00,5.227914893617021
2026-01-22 13:00:00,3.9254838709677418
2026-01-22 14:00:00,4.983163481953291
2026-01-22 15:00:00,3.4836808510638297
2026-01-22 16:00:00,3.3115879828326182
2026-01-22 17:00:00,1.9702169197396964
2026-01-22 18:00:00,0.7432000000000001
2026-01-22 19:00:00,0.7507928388746803
2026-01-22 20:00:00,1.1868345323741007
2026-01-22 21:00:00,1.288946188340807
2026-01-22 22:00:00,1.4841059602649005
2026-01-22 23:00:00,1.2414125560538116
2026-01-23 00:00:00,0.5187841945288754
2026-01-23 01:00:00,0.5924647887323944
2026-01-23 02:00:00,0.7096415770609319
2026-01-23 03:00:00,0.6884949832775921
2026-01-23 04:00:00,1.4325277161862529
2026-01-23 05:00:00,0.7999240506329115
2026-01-23 06:00:00,1.0465227817745804
2026-01-23 07:00:00,1.7690371991247267
2026-01-23 08:00:00,1.507760532150776
2026-01-23 09:00:00,2.2320258620689657
2026-01-23 10:00:00,1.6175991189427312
2026-01-23 11:00:00,2.1729955947136563
2026-01-23 12:00:00,2.4428351648351647
2026-01-23 13:00:00,2.9805150214592278
2026-01-23 14:00:00,2.5228540305010894
2026-01-23 15:00:00,2.8432618025751073
2026-01-23 16:00:00,2.609222462203024
2026-01-23 17:00:00,2.766140724946695
2026-01-23 18:00:00,4.45362473347548
2026-01-23 19:00:00,2.3728509719222464
2026-01-23 20:00:00,1.2057494407158837
2026-01-23 21:00:00,1.576813186813187
2026-01-23 22:00:00,1.3408333333333333
2026-01-23 23:00:00,2.215608695652174
2026-01-24 00:00:00,1.746004366812227
2026-01-24 01:00:00,2.4118142548596113
2026-01-24 02:00:00,1.9030217391304347
2026-01-24 03:00:00,1.4462331838565021
2026-01-24 04:00:00,1.7264473684210526
2026-01-24 05:00:00,1.2370227272727272
2026-01-24 06:00:00,3.444307036247335
2026-01-24 07:00:00,1.315201793721973
2026-01-24 08:00:00,1.6453863134657838
2026-01-24 09:00:00,2.115353319057816
2026-01-24 10:00:00,3.0576129032258064
2026-01-24 11:00:00,3.696687898089172
2026-01-24 12:00:00,4.540425531914893
2026-01-24 13:00:00,5.0754255319148935
2026-01-24 14:00:00,3.6536170212765957
2026-01-24 15:00:00,3.6047761194029855
2026-01-24 16:00:00,4.3872340425531915
2026-01-24 17:00:00,3.0278418803418803
2026-01-24 18:00:00,3.2676508620689657
2026-01-24 19:00:00,3.151630901287554
2026-01-24 20:00:00,3.3608067940552018
2026-01-24 21:00:00,3.59727078891258
2026-01-24 22:00:00,3.9675578947368417
2026-01-24 23:00:00,5.8928085106382975
2026-01-25 00:00:00,5.10396186440678
2026-01-25 01:00:00,3.233057324840764
2026-01-25 02:00:00,1.903023758099352
2026-01-25 03:00:00,1.561726457399103
2026-01-25 04:00:00,0.9732101616628175
2026-01-25 05:00:00,0.7979506172839507
2026-01-25 06:00:00,0.7795209580838324
2026-01-25 07:00:00,1.209618320610687
2026-01-25 08:00:00,0.8636170212765958
2026-01-25 09:00:00,0.7740246913580248
2026-01-25 10:00:00,0.9517307692307693
2026-01-25 11:00:00,1.7390178571428572
2026-01-25 12:00:00,2.252333333333333
2026-01-25 13:00:00,2.867516198704104
2026-01-25 14:00:00,2.8051068376068375
2026-01-25 15:00:00,4.11025641025641
2026-01-25 16:00:00,2.7360860215053764
2026-01-25 17:00:00,2.5506236559139785
2026-01-25 18:00:00,2.846379310344828
2026-01-25 19:00:00,2.8459569892473118
2026-01-25 20:00:00,5.466778947368421
2026-01-25 21:00:00,2.681502145922747
2026-01-25 22:00:00,2.843519313304721
2026-01-25 23:00:00,2.16881974248927
2026-01-26 00:00:00,2.824817204301075
2026-01-26 01:00:00,1.704736842105263
2026-01-26 02:00:00,2.054662309368192
2026-01-26 03:00:00,1.0658438287153653
2026-01-26 04:00:00,0.5365338645418326
2026-01-26 05:00:00,1.054380664652568
2026-01-26 06:00:00,0.8756190476190476
2026-01-26 07:00:00,0.495933014354067
2026-01-26 08:00:00,0.582034632034632
2026-01-26 09:00:00,1.3726801801801802
2026-01-26 10:00:00,0.8324009900990099
2026-01-26 11:00:00,1.274004914004914
2026-01-26 12:00:00,1.820813186813187
2026-01-26 13:00:00,1.0744158878504673
2026-01-26 14:00:00,0.8477287066246058
2026-01-26 15:00:00,0.6339678284182305
2026-01-26 16:00:00,0.713514739229025
2026-01-26 17:00:00,0.5878246753246754
2026-01-26 18:00:00,0.8627163461538461
2026-01-26 19:00:00,0.5228571428571429
2026-01-26 20:00:00,1.3337977528089886
2026-01-26 21:00:00,1.180028328611898
2026-01-26 22:00:00,1.6638512035010942
2026-01-26 23:00:00,1.8196263736263736
2026-01-27 00:00:00,1.4904017857142857
2026-01-27 01:00:00,2.0179475982532753
2026-01-27 02:00:00,2.69210752688172
2026-01-27 03:00:00,3.0902169197396963
2026-01-27 04:00:00,2.2779913606911446
2026-01-27 05:00:00,2.8441113490364027
2026-01-27 06:00:00,3.0301298701298705
2026-01-27 07:00:00,2.814341252699784
2026-01-27 08:00:00,4.342077087794433
2026-01-27 09:00:00,3.8514902807775377
2026-01-27 10:00:00,3.5557112526539276
2026-01-27 11:00:00,3.082316017316017
2026-01-27 12:00:00,3.16
2026-01-27 13:00:00,2.481831896551724
2026-01-27 14:00:00,3.372906724511931
2026-01-27 15:00:00,6.87162447257384
2026-01-27 16:00:00,4.810654008438819
2026-01-27 17:00:00,4.036109936575053
2026-01-27 18:00:00,2.8590322580645164
2026-01-27 19:00:00,3.335522388059702
2026-01-27 20:00:00,2.317170626349892
2026-01-27 21:00:00,1.946341463414634
2026-01-27 22:00:00,0.9849315068493151
2026-01-27 23:00:00,0.9988888888888888
2026-01-28 00:00:00,1.0991402714932126
2026-01-28 01:00:00,1.0508937198067632
2026-01-28 02:00:00,1.7234228187919463
2026-01-28 03:00:00,1.6424235807860263
2026-01-28 04:00:00,1.4526845637583894
2026-01-28 05:00:00,1.0695443037974683
2026-01-28 06:00:00,0.8410909090909091
2026-01-28 07:00:00,0.5512735849056604
2026-01-28 08:00:00,0.941027027027027
2026-01-28 09:00:00,0.8628850855745722
2026-01-28 10:00:00,2.8093191489361704
2026-01-28 11:00:00,3.8044946236559136
2026-01-28 12:00:00,5.085581395348838
2026-01-28 13:00:00,7.7815546218487395
2026-01-28 14:00:00,7.947882599580712
2026-01-28 15:00:00,5.754336842105263
2026-01-28 16:00:00,6.44584388185654
2026-01-28 17:00:00,3.7602777777777776
2026-01-28 18:00:00,1.167183770883055
2026-01-28 19:00:00,2.030655021834061
2026-01-28 20:00:00,1.6593939393939394
2026-01-28 21:00:00,2.7389462365591397
2026-01-28 22:00:00,2.083173913043478
2026-01-28 23:00:00,2.655010799136069
2026-01-29 00:00:00,2.3586177105831534
2026-01-29 01:00:00,1.1340389972144846
2026-01-29 02:00:00,0.8295588235294117
2026-01-29 03:00:00,0.4757758620689655
2026-01-29 04:00:00,0.6685526315789474
2026-01-29 05:00:00,1.1582882882882883
2026-01-29 06:00:00,0.9146938775510204
2026-01-29 07:00:00,0.9257894736842106
2026-01-29 08:00:00,0.9480887372013652
2026-01-29 09:00:00,0.9295073891625616
2026-01-29 10:00:00,0.6728828828828829
2026-01-29 11:00:00,0.8050473186119873
2026-01-29 12:00:00,0.58140625
2026-01-29 13:00:00,0.5344402985074627
2026-01-29 14:00:00,0.8900937499999999
2026-01-29 15:00:00,2.8764718614718614
2026-01-29 16:00:00,4.199166666666667
2026-01-29 17:00:00,1.7752097130242825
2026-01-29 18:00:00,1.3711832946635731
2026-01-29 19:00:00,3.075717344753747
2026-01-29 20:00:00,3.338068669527897
2026-01-29 21:00:00,3.011502145922747
2026-01-29 22:00:00,1.75975
2026-01-29 23:00:00,0.7551351351351351
2026-01-30 00:00:00,1.0622041763341068
2026-01-30 01:00:00,2.2531250000000003
2026-01-30 02:00:00,3.0124312896405923
2026-01-30 03:00:00,1.5918485523385302
2026-01-30 04:00:00,1.967280701754386
2026-01-30 05:00:00,1.8788840262582056
2026-01-30 06:00:00,0.7728391959798995
2026-01-30 07:00:00,0.4988034188034188
2026-01-30 08:00:00,0.5854980079681276
2026-01-30 09:00:00,1.1306218905472636
2026-01-30 10:00:00,1.1001913875598086
2026-01-30 11:00:00,1.0810361445783132
2026-01-30 12:00:00,0.8495261845386535
2026-01-30 13:00:00,0.6426168224299066
2026-01-30 14:00:00,1.5923456790123456
2026-01-30 15:00:00,2.4204112554112553
2026-01-30 16:00:00,2.644615384615385
2026-01-30 17:00:00,1.731422319474836
2026-01-30 18:00:00,1.8750663716814158
2026-01-30 19:00:00,1.6930376940133038
2026-01-30 20:00:00,2.4409628008752735
2026-01-30 21:00:00,2.545593952483801
2026-01-30 22:00:00,3.9285864978902953
2026-01-30 23:00:00,3.210491452991453
2026-01-31 00:00:00,3.746737288135593
2026-01-31 01:00:00,2.2283297644539615
2026-01-31 02:00:00,3.8600641025641025
2026-01-31 03:00:00,4.004340425531915
2026-01-31 04:00:00,3.3796595744680853
2026-01-31 05:00:00,3.9488535031847136
2026-01-31 06:00:00,4.408038379530916
2026-01-31 07:00:00,4.492573839662447
2026-01-31 08:00:00,5.633037974683544
2026-01-31 09:00:00,6.092968421052631
2026-01-31 10:00:00,7.204046610169492
2026-01-31 11:00:00,6.925084033613445
2026-01-31 12:00:00,6.171398305084746
2026-01-31 13:00:00,5.959324894514768
2026-01-31 14:00:00,6.286315789473684
2026-01-31 15:00:00,4.943191489361703
2026-01-31 16:00:00,4.755138592750533
2026-01-31 17:00:00,3.689404255319149
2026-01-31 18:00:00,2.356781115879828
2026-01-31 19:00:00,1.7201528384279476
2026-01-31 20:00:00,1.4810222222222222
2026-01-31 21:00:00,1.2614285714285713
2026-01-31 22:00:00,2.435548387096774
2026-01-31 23:00:00,2.316803455723542
2026-02-01 00:00:00,2.179503239740821
2026-02-01 01:00:00,0.6120234604105571
2026-02-01 02:00:00,2.134061135371179
2026-02-01 03:00:00,1.641037527593819
2026-02-01 04:00:00,0.900228426395939
2026-02-01 05:00:00,1.4410769230769231
2026-02-01 06:00:00,1.0136385542168675
2026-02-01 07:00:00,0.9293666666666667
2026-02-01 08:00:00,1.3814935064935066
2026-02-01 09:00:00,1.883896103896104
2026-02-01 10:00:00,1.7725601750547044
2026-02-01 11:00:00,1.0730504587155965
2026-02-01 12:00:00,0.4461461794019933
2026-02-01 13:00:00,1.0233874709976798
2026-02-01 14:00:00,1.5412803532008832
2026-02-01 15:00:00,2.236717062634989
2026-02-01 16:00:00,1.702945054945055
2026-02-01 17:00:00,1.4348775055679288
2026-02-01 18:00:00,1.9933405639913233
2026-02-01 19:00:00,0.5819078947368421
2026-02-01 20:00:00,0.43876033057851244
2026-02-01 21:00:00,0.5547950819672132
2026-02-01 22:00:00,0.9397771587743733
2026-02-01 23:00:00,0.784272997032641
2026-02-02 00:00:00,0.7053571428571429
2026-02-02 01:00:00,0.9655555555555556
2026-02-02 02:00:00,0.6638509316770186
2026-02-02 03:00:00,0.3436619718309859
2026-02-02 04:00:00,0.5432828282828284
2026-02-02 05:00:00,0.8875097276264592
2026-02-02 06:00:00,0.4473563218390805
2026-02-02 07:00:00,0.6278494623655914
2026-02-02 08:00:00,0.7123316062176165
2026-02-02 09:00:00,0.7031929824561404
2026-02-02 10:00:00,1.0247732696897374
2026-02-02 11:00:00,2.050475113122172
2026-02-02 12:00:00,1.9602000000000002
2026-02-02 13:00:00,3.118402625820569
2026-02-02 14:00:00,2.607727272727273
2026-02-02 15:00:00,3.227780172413793
2026-02-02 16:00:00,2.1440652173913044
2026-02-02 17:00:00,2.7227249999999996
2026-02-02 18:00:00,1.1718732782369146
2026-02-02 19:00:00,2.112673913043478
2026-02-02 20:00:00,2.557801724137931
2026-02-02 21:00:00,3.0729059829059833
2026-02-02 22:00:00,2.50940133037694
2026-02-02 23:00:00,3.108354700854701
2026-02-03 00:00:00,0.9745031055900621
2026-02-03 01:00:00,1.44
2026-02-03 02:00:00,0.9302813299232737
2026-02-03 03:00:00,0.7281569965870307
2026-02-03 04:00:00,0.79
2026-02-03 05:00:00,1.6550888888888888
2026-02-03 06:00:00,2.1615720524017465
2026-02-03 07:00:00,0.827682119205298
2026-02-03 08:00:00,1.6959134615384615
2026-02-03 09:00:00,1.054508009153318
2026-02-03 10:00:00,0.9193489583333333
2026-02-03 11:00:00,1.6388009049773755
2026-02-03 12:00:00,1.7753610503282276
2026-02-03 13:00:00,1.248951048951049
2026-02-03 14:00:00,1.435044052863436
2026-02-03 15:00:00,2.1960652173913044
2026-02-03 16:00:00,2.072433628318584
2026-02-03 17:00:00,0.9629931972789115
2026-02-03 18:00:00,0.9900236966824645
2026-02-03 19:00:00,0.5326196473551637
2026-02-03 20:00:00,0.36449640287769786
2026-02-03 21:00:00,1.0627218934911242
2026-02-03 22:00:00,0.653578947368421
2026-02-03 23:00:00,0.573402489626556
2026-02-04 00:00:00,0.7060406091370559
2026-02-04 01:00:00,0.6761351351351351
2026-02-04 02:00:00,1.0597772828507794
2026-02-04 03:00:00,0.8623300970873786
2026-02-04 04:00:00,0.882
2026-02-04 05:00:00,0.826568848758465
2026-02-04 06:00:00,0.6514655172413794
2026-02-04 07:00:00,1.3267209302325582
2026-02-04 08:00:00,1.994880694143167
2026-02-04 09:00:00,1.464436936936937
2026-02-04 10:00:00,1.7264601769911505
2026-02-04 11:00:00,0.5997486033519553
2026-02-04 12:00:00,1.4214905149051489
2026-02-04 13:00:00,2.325844155844156
2026-02-04 14:00:00,2.226738197424893
2026-02-04 15:00:00,1.7769063180827886
2026-02-04 16:00:00,0.9775068493150686
2026-02-04 17:00:00,1.3161725663716815
2026-02-04 18:00:00,1.1438444444444444
2026-02-04 19:00:00,0.6390972222222222
2026-02-04 20:00:00,0.6512149532710281
2026-02-04 21:00:00,1.0659715639810425
2026-02-04 22:00:00,0.7905570291777189
2026-02-04 23:00:00,0.8482894736842106
2026-02-05 00:00:00,0.7747863247863248
2026-02-05 01:00:00,0.7868096514745309
2026-02-05 02:00:00,0.587966804979253
2026-02-05 03:00:00,0.6727325581395349
2026-02-05 04:00:00,0.5670526315789474
2026-02-05 05:00:00,0.9478220858895706
2026-02-05 06:00:00,1.4473857868020303
2026-02-05 07:00:00,0.9671764705882352
2026-02-05 08:00:00,0.7350815217391304
2026-02-05 09:00:00,2.3736802030456854
2026-02-05 10:00:00,5.455957446808511
2026-02-05 11:00:00,4.815148936170212
2026-02-05 12:00:00,6.97478813559322
2026-02-05 13:00:00,6.576034115138593
2026-02-05 14:00:00,7.025517970401691
2026-02-05 15:00:00,5.958710359408033
2026-02-05 16:00:00,4.204055201698514
2026-02-05 17:00:00,3.8671428571428574
2026-02-05 18:00:00,3.7931422505307855
2026-02-05 19:00:00,4.324194915254237
2026-02-05 20:00:00,3.0945415778251597
2026-02-05 21:00:00,3.2081720430107525
2026-02-05 22:00:00,3.1516523605150217
2026-02-05 23:00:00,3.235833333333334
2026-02-06 00:00:00,2.8378401727861773
2026-02-06 01:00:00,2.468698481561822
2026-02-06 02:00:00,2.79321199143469
2026-02-06 03:00:00,2.905064655172414
2026-02-06 04:00:00,1.5057362637362637
2026-02-06 05:00:00,1.0494763092269326
2026-02-06 06:00:00,1.1723000000000001
2026-02-06 07:00:00,0.8514046822742475
2026-02-06 08:00:00,0.874296875
2026-02-06 09:00:00,1.004657142857143
2026-02-06 10:00:00,1.480945945945946
2026-02-06 11:00:00,1.1550351288056206
2026-02-06 12:00:00,0.8617791411042944
2026-02-06 13:00:00,3.5001108033240995
2026-02-06 14:00:00,4.0732543103448275
2026-02-06 15:00:00,5.451659574468086
2026-02-06 16:00:00,4.1322222222222225
2026-02-06 17:00:00,1.8186984815618221
2026-02-06 18:00:00,1.59926267281106
2026-02-06 19:00:00,2.185586956521739
2026-02-06 20:00:00,2.234665226781858
2026-02-06 21:00:00,1.87
2026-02-06 22:00:00,1.5398058252427185
2026-02-06 23:00:00,1.0027058823529411
2026-02-07 00:00:00,1.5242410714285715
2026-02-07 01:00:00,1.3675339366515837
2026-02-07 02:00:00,1.4003333333333332
2026-02-07 03:00:00,1.4798845265588914
2026-02-07 04:00:00,1.620177777777778
2026-02-07 05:00:00,1.8432096069868997
2026-02-07 06:00:00,1.8367755991285404
2026-02-07 07:00:00,1.2323318385650224
2026-02-07 08:00:00,1.1288942307692307
2026-02-07 09:00:00,0.9211586901763223
2026-02-07 10:00:00,2.480620985010707
2026-02-07 11:00:00,2.9070474137931037
2026-02-07 12:00:00,2.903741935483871
2026-02-07 13:00:00,3.010938166311301
2026-02-07 14:00:00,2.457866379310345
2026-02-07 15:00:00,2.5195258620689653
2026-02-07 16:00:00,2.30017316017316
2026-02-07 17:00:00,3.499423076923077
2026-02-07 18:00:00,4.4219450317124736
2026-02-07 19:00:00,4.299599156118143
2026-02-07 20:00:00,3.937713675213675
2026-02-07 21:00:00,2.9290578158458245
2026-02-07 22:00:00,3.279483870967742
2026-02-07 23:00:00,2.84
2026-02-08 00:00:00,1.8533698030634573
2026-02-08 01:00:00,1.968995633187773
2026-02-08 02:00:00,2.446361655773421
2026-02-08 03:00:00,2.330194805194805
2026-02-08 04:00:00,2.128717391304348
2026-02-08 05:00:00,1.17652466367713
2026-02-08 06:00:00,1.608568281938326
2026-02-08 07:00:00,1.574452380952381
2026-02-08 08:00:00,1.0811463414634146
2026-02-08 09:00:00,1.1362305986696233
2026-02-08 10:00:00,0.7476967930029154
2026-02-08 11:00:00,1.990498812351544
2026-02-08 12:00:00,5.278432203389831
2026-02-08 13:00:00,5.886900212314225
2026-02-08 14:00:00,5.528523206751055
2026-02-08 15:00:00,5.560233050847457
2026-02-08 16:00:00,4.190826271186441
2026-02-08 17:00:00,3.737463002114165
2026-02-08 18:00:00,2.96317697228145
2026-02-08 19:00:00,2.5829782608695653
2026-02-08 20:00:00,2.806724137931034
2026-02-08 21:00:00,2.1779694323144105
2026-02-08 22:00:00,2.0379302832244006
2026-02-08 23:00:00,1.973054945054945
2026-02-09 00:00:00,1.2581756756756757
2026-02-09 01:00:00,1.7123362445414847
2026-02-09 02:00:00,1.6663956043956045
2026-02-09 03:00:00,1.2253378378378377
2026-02-09 04:00:00,0.5423529411764706
2026-02-09 05:00:00,0.6856701030927835
2026-02-09 06:00:00,0.67
2026-02-09 07:00:00,0.7651470588235294
2026-02-09 08:00:00,1.132716346153846
2026-02-09 09:00:00,1.5052222222222222
2026-02-09 10:00:00,1.5678854625550662
2026-02-09 11:00:00,1.538447488584475
2026-02-09 12:00:00,1.291279069767442
2026-02-09 13:00:00,1.7399558498896248
2026-02-09 14:00:00,1.499351230425056
2026-02-09 15:00:00,1.514808126410835
2026-02-09 16:00:00,0.8140460526315789
2026-02-09 17:00:00,0.5621739130434783
2026-02-09 18:00:00,0.9333678756476683
2026-02-09 19:00:00,1.1084886649874055
2026-02-09 20:00:00,0.7112
2026-02-09 21:00:00,0.4432793522267206
2026-02-09 22:00:00,0.6456682027649769
2026-02-09 23:00:00,1.1580357142857143
2026-02-10 00:00:00,1.5522505800464037
2026-02-10 01:00:00,0.9230790190735695
2026-02-10 02:00:00,0.9070473537604457
2026-02-10 03:00:00,0.6402985074626866
2026-02-10 04:00:00,1.8417400881057269
2026-02-10 05:00:00,1.2392
2026-02-10 06:00:00,0.4748765432098766
2026-02-10 07:00:00,1.43203007518797
2026-02-10 08:00:00,0.8224912280701754
2026-02-10 09:00:00,0.9794005449591281
2026-02-10 10:00:00,1.134365671641791
2026-02-10 11:00:00,3.104439655172414
2026-02-10 12:00:00,4.060920770877944
2026-02-10 13:00:00,3.5605970149253734
2026-02-10 14:00:00,1.7943680709534369
2026-02-10 15:00:00,2.1354691075514873
2026-02-10 16:00:00,2.158687089715536
2026-02-10 17:00:00,1.4219194312796208
2026-02-10 18:00:00,1.6390265486725664
2026-02-10 19:00:00,2.2119088937093276
2026-02-10 20:00:00,2.1885806451612906
2026-02-10 21:00:00,1.29609375
2026-02-10 22:00:00,0.8289928057553957
2026-02-10 23:00:00,1.1854567307692307
2026-02-11 00:00:00,2.3979220779220776
2026-02-11 01:00:00,3.2616738197424895
2026-02-11 02:00:00,2.679635193133047
2026-02-11 03:00:00,1.8347483588621445
2026-02-11 04:00:00,0.63513353115727
2026-02-11 05:00:00,0.9359900990099009
2026-02-11 06:00:00,0.8600550964187328
2026-02-11 07:00:00,0.8427868852459017
2026-02-11 08:00:00,0.6340140845070422
2026-02-11 09:00:00,0.8853886010362694
2026-02-11 10:00:00,1.0514221218961626
2026-02-11 11:00:00,1.1873863636363637
2026-02-11 12:00:00,1.4809950248756218
2026-02-11 13:00:00,1.330077319587629
2026-02-11 14:00:00,1.3783552631578946
2026-02-11 15:00:00,0.9173580246913581
2026-02-11 16:00:00,0.9739295392953929
2026-02-11 17:00:00,3.790276595744681
2026-02-11 18:00:00,4.773141025641025
2026-02-11 19:00:00,4.32771855010661
2026-02-11 20:00:00,4.868181818181818
2026-02-11 21:00:00,4.975953389830509
2026-02-11 22:00:00,3.6798929336188437
2026-02-11 23:00:00,3.6793881856540085
2026-02-12 00:00:00,4.100212765957447
2026-02-12 01:00:00,3.8536480686695276
2026-02-12 02:00:00,2.7072043010752687
2026-02-12 03:00:00,3.6413978494623658
2026-02-12 04:00:00,4.320380549682875
2026-02-12 05:00:00,3.941677282377919
2026-02-12 06:00:00,3.9364605543710023
2026-02-12 07:00:00,4.6035607675906185
2026-02-12 08:00:00,4.358237791932059
2026-02-12 09:00:00,5.313611111111111
2026-02-12 10:00:00,5.514630021141649
2026-02-12 11:00:00,5.80708245243129
2026-02-12 12:00:00,6.051592356687898
2026-02-12 13:00:00,5.279196617336152
2026-02-12 14:00:00,4.572212765957447
2026-02-12 15:00:00,3.4367811158798283
2026-02-12 16:00:00,3.3988675213675217
2026-02-12 17:00:00,1.4528256070640178
2026-02-12 18:00:00,1.5450666666666666
2026-02-12 19:00:00,1.5663076923076922
2026-02-12 20:00:00,1.0849771689497718
2026-02-12 21:00:00,1.5855119825708062
2026-02-12 22:00:00,1.7435497835497835
2026-02-12 23:00:00,1.584963503649635
2026-02-13 00:00:00,0.8575178997613365
2026-02-13 01:00:00,0.9785851318944844
2026-02-13 02:00:00,0.3807116104868914
2026-02-13 03:00:00,0.7098575498575499
2026-02-13 04:00:00,0.5104946996466431
2026-02-13 05:00:00,0.7202964959568734
2026-02-13 06:00:00,0.6579679144385027
2026-02-13 07:00:00,0.8652333333333333
2026-02-13 08:00:00,1.7483518930957684
2026-02-13 09:00:00,4.493295711060948
2026-02-13 10:00:00,5.590338983050847
2026-02-13 11:00:00,5.562505307855626
2026-02-13 12:00:00,5.941691331923891
2026-02-13 13:00:00,6.774723404255319
2026-02-13 14:00:00,4.3940638297872345
2026-02-13 15:00:00,4.942302771855011
2026-02-13 16:00:00,5.684524312896406
2026-02-13 17:00:00,4.903269639065818
2026-02-13 18:00:00,3.038451612903226
2026-02-13 19:00:00,5.273091684434968
2026-02-13 20:00:00,4.943927813163482
2026-02-13 21:00:00,5.377949260042283
2026-02-13 22:00:00,3.650297872340426
2026-02-13 23:00:00,2.8258635394456286
2026-02-14 00:00:00,2.8935913978494625
2026-02-14 01:00:00,4.132238805970149
2026-02-14 02:00:00,3.7637393162393162
2026-02-14 03:00:00,4.9886324786324785
2026-02-14 04:00:00,5.942805907172995
2026-02-14 05:00:00,5.560976645435244
2026-02-14 06:00:00,5.231708860759493
2026-02-14 07:00:00,5.813220338983051
2026-02-14 08:00:00,6.625548523206752
2026-02-14 09:00:00,8.65813025210084
2026-02-14 10:00:00,7.846829787234043
2026-02-14 11:00:00,7.493488372093023
2026-02-14 12:00:00,7.948799999999999
2026-02-14 13:00:00,8.24470464135021
2026-02-14 14:00:00,8.213107822410148
2026-02-14 15:00:00,7.660317124735729
2026-02-14 16:00:00,7.39813025210084
2026-02-14 17:00:00,5.653901918976546
2026-02-14 18:00:00,4.879557894736842
2026-02-14 19:00:00,5.503389830508475
2026-02-14 20:00:00,5.787330508474576
2026-02-14 21:00:00,6.949052631578947
2026-02-14 22:00:00,6.1564421052631575
2026-02-14 23:00:00,6.629472573839662
2026-02-15 00:00:00,5.33796178343949
2026-02-15 01:00:00,3.8918550106609806
2026-02-15 02:00:00,3.9273290598290598
2026-02-15 03:00:00,4.712245762711864
2026-02-15 04:00:00,5.138216560509554
2026-02-15 05:00:00,5.0495541401273885
2026-02-15 06:00:00,4.484595744680852
2026-02-15 07:00:00,4.266830835117774
2026-02-15 08:00:00,3.464818763326226
2026-02-15 09:00:00,5.269450317124735
2026-02-15 10:00:00,4.294352441613588
2026-02-15 11:00:00,3.244051172707889
2026-02-15 12:00:00,3.668152866242038
2026-02-15 13:00:00,2.9374835886214443
2026-02-15 14:00:00,4.200446808510638
2026-02-15 15:00:00,2.7282905982905983
2026-02-15 16:00:00,4.122489361702128
2026-02-15 17:00:00,3.550518358531318
2026-02-15 18:00:00,2.77755939524838
2026-02-15 19:00:00,3.8502978723404255
2026-02-15 20:00:00,3.7609168443496803
2026-02-15 21:00:00,3.3102558635394455
2026-02-15 22:00:00,3.0277185501066097
2026-02-15 23:00:00,1.6770449172576831
2026-02-16 00:00:00,0.79872
2026-02-16 01:00:00,0.9990625
2026-02-16 02:00:00,3.9059999999999997
2026-02-16 03:00:00,3.893191489361702
2026-02-16 04:00:00,5.096021276595745
2026-02-16 05:00:00,3.5626068376068374
2026-02-16 06:00:00,3.87089552238806
2026-02-16 07:00:00,5.385991561181434
2026-02-16 08:00:00,6.135148305084746
2026-02-16 09:00:00,5.7554042553191485
2026-02-16 10:00:00,4.865498938428875
2026-02-16 11:00:00,3.4622863247863247
2026-02-16 12:00:00,1.7527640449438202
2026-02-16 13:00:00,1.916702819956616
2026-02-16 14:00:00,4.475690021231423
2026-02-16 15:00:00,3.2102771855010666
2026-02-16 16:00:00,3.274936170212766
2026-02-16 17:00:00,2.5243628509719223
2026-02-16 18:00:00,1.4839953810623558
2026-02-16 19:00:00,1.4391529411764705
2026-02-16 20:00:00,3.112526766595289
2026-02-16 21:00:00,3.6232622601279316
2026-02-16 22:00:00,3.246114649681529
2026-02-16 23:00:00,3.269527896995708
2026-02-17 00:00:00,2.1441431670282
2026-02-17 01:00:00,2.228211206896552
2026-02-17 02:00:00,1.9103196347031963
2026-02-17 03:00:00,1.141418439716312
2026-02-17 04:00:00,2.2885054945054946
2026-02-17 05:00:00,1.515188679245283
2026-02-17 06:00:00,0.9558518518518518
2026-02-17 07:00:00,1.2191127098321344
2026-02-17 08:00:00,1.0485670731707317
2026-02-17 09:00:00,1.4022413793103448
2026-02-17 10:00:00,3.095720430107527
2026-02-17 11:00:00,3.1321382289416846
2026-02-17 12:00:00,2.9896551724137934
2026-02-17 13:00:00,2.861553191489362
2026-02-17 14:00:00,3.085610278372591
2026-02-17 15:00:00,2.6427078891258
2026-02-17 16:00:00,1.8631590413943355
2026-02-17 17:00:00,0.9775
2026-02-17 18:00:00,0.9980104712041885
2026-02-17 19:00:00,0.3001754385964912
2026-02-17 20:00:00,1.1336830357142857
2026-02-17 21:00:00,0.5084722222222222
2026-02-17 22:00:00,0.4266129032258064
2026-02-17 23:00:00,0.7737572254335259
2026-02-18 00:00:00,0.1981025641025641
2026-02-18 01:00:00,1.3341190476190476
2026-02-18 02:00:00,0.2755454545454546
2026-02-18 03:00:00,0.536
2026-02-18 04:00:00,0.7854785478547854
2026-02-18 05:00:00,0.8936723163841809
2026-02-18 06:00:00,0.776189024390244
2026-02-18 07:00:00,1.5516169154228856
2026-02-18 08:00:00,1.1722969837587007
2026-02-18 09:00:00,1.0873059360730595
2026-02-18 10:00:00,1.4657407407407408
2026-02-18 11:00:00,1.0676566125290023
2026-02-18 12:00:00,1.1515625
2026-02-18 13:00:00,1.0611136363636364
2026-02-18 14:00:00,0.9548543689320388
2026-02-18 15:00:00,1.3937499999999998
2026-02-18 16:00:00,1.3672307692307692
2026-02-18 17:00:00,0.5442746113989637
2026-02-18 18:00:00,1.7288761467889908
2026-02-18 19:00:00,3.0910278372591007
2026-02-18 20:00:00,1.283563474387528
2026-02-18 21:00:00,1.9311037527593817
2026-02-18 22:00:00,1.5431858407079646
2026-02-18 23:00:00,2.0046320346320345
2026-02-19 00:00:00,0.5809192200557103
2026-02-19 01:00:00,0.6465159574468086
2026-02-19 02:00:00,0.8604556962025316
2026-02-19 03:00:00,1.3193973214285715
2026-02-19 04:00:00,2.6793790149892933
2026-02-19 05:00:00,3.3958562367864693
2026-02-19 06:00:00,2.9890086206896553
2026-02-19 07:00:00,1.9233409610983982
2026-02-19 08:00:00,2.9225917926565876
2026-02-19 09:00:00,3.5541810344827587
2026-02-19 10:00:00,4.463190578158458
2026-02-19 11:00:00,4.070578158458244
2026-02-19 12:00:00,4.075374732334047
2026-02-19 13:00:00,4.107574468085106
2026-02-19 14:00:00,3.8290792291220557
2026-02-19 15:00:00,3.798699360341151
2026-02-19 16:00:00,3.325583864118896
2026-02-19 17:00:00,2.6877801724137935
2026-02-19 18:00:00,2.5364086021505377
2026-02-19 19:00:00,1.6652222222222224
2026-02-19 20:00:00,2.341559829059829
2026-02-19 21:00:00,1.9596312364425161
2026-02-19 22:00:00,1.478086956521739
2026-02-19 23:00:00,0.8529022988505747
2026-02-20 00:00:00,1.059928400954654
2026-02-20 01:00:00,2.10389400921659
2026-02-20 02:00:00,4.381196581196582
2026-02-20 03:00:00,4.982415254237288
2026-02-20 04:00:00,3.6458494623655913
2026-02-20 05:00:00,1.652626931567329
2026-02-20 06:00:00,1.737821350762527
2026-02-20 07:00:00,2.215065502183406
2026-02-20 08:00:00,3.059763440860215
2026-02-20 09:00:00,3.070150214592275
2026-02-20 10:00:00,4.158771186440678
2026-02-20 11:00:00,4.7454042553191496
2026-02-20 12:00:00,4.439166666666667
2026-02-20 13:00:00,3.6730472103004295
2026-02-20 14:00:00,2.703952483801296
2026-02-20 15:00:00,2.8371948608137045
2026-02-20 16:00:00,2.1798283261802576
2026-02-20 17:00:00,2.721496746203904
2026-02-20 18:00:00,1.7634698275862069
2026-02-20 19:00:00,0.7469212410501193
2026-02-20 20:00:00,0.41239520958083836
2026-02-20 21:00:00,0.13689119170984457
2026-02-20 22:00:00,0.35686666666666667
2026-02-20 23:00:00,0.3989795918367347
2026-02-21 00:00:00,1.2745170454545454
2026-02-21 01:00:00,2.2771677559912855
2026-02-21 02:00:00,0.990599520383693
2026-02-21 03:00:00,0.9416333333333333
2026-02-21 04:00:00,0.9996464646464647
2026-02-21 05:00:00,0.84725
2026-02-21 06:00:00,1.1720481927710842
2026-02-21 07:00:00,1.4112008733624455
2026-02-21 08:00:00,1.33509977827051
2026-02-21 09:00:00,1.3006666666666666
2026-02-21 10:00:00,1.4044469026548672
2026-02-21 11:00:00,1.0850238095238094
2026-02-21 12:00:00,1.2839550561797752
2026-02-21 13:00:00,1.6726754385964913
2026-02-21 14:00:00,1.7389532293986636
2026-02-21 15:00:00,1.8298915401301519
2026-02-21 16:00:00,1.7331868131868133
2026-02-21 17:00:00,1.1322616407982262
2026-02-21 18:00:00,1.0713425925925926
2026-02-21 19:00:00,0.526449864498645
2026-02-21 20:00:00,0.17144736842105265
2026-02-21 21:00:00,0.3792619926199262
2026-02-21 22:00:00,0.004596273291925466
2026-02-21 23:00:00,0.06207317073170732
2026-02-22 00:00:00,0.852375
2026-02-22 01:00:00,1.5465256124721602
2026-02-22 02:00:00,1.1396705882352942
2026-02-22 03:00:00,0.49971246006389775
2026-02-22 04:00:00,1.4199762470308788
2026-02-22 05:00:00,0.6372641509433963
2026-02-22 06:00:00,0.3642783505154639
2026-02-22 07:00:00,1.257098901098901
2026-02-22 08:00:00,1.969914163090129
2026-02-22 09:00:00,1.7218161925601752
2026-02-22 10:00:00,1.0062937062937063
2026-02-22 11:00:00,1.2745154185022027
2026-02-22 12:00:00,0.9997435897435897
2026-02-22 13:00:00,1.1504337899543378
2026-02-22 14:00:00,1.3545183486238532
2026-02-22 15:00:00,1.491044083526682
2026-02-22 16:00:00,2.1801293103448276
2026-02-22 17:00:00,0.814364896073903
2026-02-22 18:00:00,0.6957611940298508
2026-02-22 19:00:00,0.16194444444444442
2026-02-22 20:00:00,0.5355764705882353
2026-02-22 21:00:00,0.2921917808219178
2026-02-22 22:00:00,0.008111888111888113
2026-02-22 23:00:00,1.6366814159292036
2026-02-23 00:00:00,1.3361127596439168
2026-02-23 01:00:00,1.2507416879795397
2026-02-23 02:00:00,1.138904109589041
2026-02-23 03:00:00,1.3223266219239374
2026-02-23 04:00:00,1.0299550561797752
2026-02-23 05:00:00,1.0048532731376976
2026-02-23 06:00:00,1.6064285714285713
2026-02-23 07:00:00,1.103438202247191
2026-02-23 08:00:00,1.4143487858719648
2026-02-23 09:00:00,1.0509360730593607
2026-02-23 10:00:00,0.9668720379146919
2026-02-23 11:00:00,1.3911791383219954
2026-02-23 12:00:00,1.3082589285714286
2026-02-23 13:00:00,1.3318735891647855
2026-02-23 14:00:00,1.5276304347826088
2026-02-23 15:00:00,2.4633982683982683
2026-02-23 16:00:00,2.7508704883227177
2026-02-23 17:00:00,2.4277516059957174
2026-02-23 18:00:00,1.502227074235808
2026-02-23 19:00:00,0.4909315068493151
2026-02-23 20:00:00,0.14480686695278971
2026-02-23 21:00:00,0.006666666666666666
2026-02-23 22:00:00,0.8977715877437327
2026-02-23 23:00:00,2.0856209150326794
2026-02-24 00:00:00,0.655896551724138
2026-02-24 01:00:00,0.6886989795918368
2026-02-24 02:00:00,1.6816114790286976
2026-02-24 03:00:00,2.1625217391304346
2026-02-24 04:00:00,1.190275
2026-02-24 05:00:00,0.7119852941176471
2026-02-24 06:00:00,0.48681122448979597
2026-02-24 07:00:00,0.8654368932038835
2026-02-24 08:00:00,1.8596732026143792
2026-02-24 09:00:00,1.4303311258278146
2026-02-24 10:00:00,1.0927252252252253
2026-02-24 11:00:00,0.7593349753694582
2026-02-24 12:00:00,0.9826477541371159
2026-02-24 13:00:00,1.3486926605504586
2026-02-24 14:00:00,1.5030580357142858
2026-02-24 15:00:00,2.182754880694143
2026-02-24 16:00:00,2.3198701298701296
2026-02-24 17:00:00,1.2750779510022272
2026-02-24 18:00:00,0.7280048661800486
2026-02-24 19:00:00,0.11067708333333333
2026-02-24 20:00:00,0.4005705705705706
2026-02-24 21:00:00,0.2943911439114391
2026-02-24 22:00:00,0.01717948717948718
2026-02-24 23:00:00,0.44482905982905985
2026-02-25 00:00:00,0.49829581993569133
2026-02-25 01:00:00,0.641191135734072
2026-02-25 02:00:00,0.8035327635327636
2026-02-25 03:00:00,0.7852744630071599
2026-02-25 04:00:00,1.5421640091116173
2026-02-25 05:00:00,1.3069111111111111
2026-02-25 06:00:00,0.8240046838407494
2026-02-25 07:00:00,0.5843283582089552
2026-02-25 08:00:00,1.1233182844243792
2026-02-25 09:00:00,1.3526385809312638
2026-02-25 10:00:00,0.8722535211267606
2026-02-25 11:00:00,1.2573913043478262
2026-02-25 12:00:00,1.4212149532710279
2026-02-25 13:00:00,2.0573333333333332
2026-02-25 14:00:00,2.604688172043011
2026-02-25 15:00:00,2.8935042735042735
2026-02-25 16:00:00,3.5141755888650965
2026-02-25 17:00:00,3.462186836518047
2026-02-25 18:00:00,2.175538793103448
2026-02-25 19:00:00,1.4807317073170732
2026-02-25 20:00:00,1.1099999999999999
2026-02-25 21:00:00,0.2395258620689655
2026-02-25 22:00:00,0.49967741935483867
2026-02-25 23:00:00,1.4807327586206898
2026-02-26 00:00:00,1.4850328227571115
2026-02-26 01:00:00,0.6590561224489796
2026-02-26 02:00:00,0.8077517564402811
2026-02-26 03:00:00,0.8016083916083916
2026-02-26 04:00:00,1.0988302752293577
2026-02-26 05:00:00,1.259431818181818
2026-02-26 06:00:00,1.1679028697571743
2026-02-26 07:00:00,0.9965540540540541
2026-02-26 08:00:00,1.2826829268292683
2026-02-26 09:00:00,1.7813815789473686
2026-02-26 10:00:00,1.4783143507972665
2026-02-26 11:00:00,1.4258991228070177
2026-02-26 12:00:00,1.9418901098901098
2026-02-26 13:00:00,2.3220689655172415
2026-02-26 14:00:00,3.1128418803418803
2026-02-26 15:00:00,2.6601495726495727
2026-02-26 16:00:00,2.625982721382289
2026-02-26 17:00:00,2.4079443254817985
2026-02-26 18:00:00,1.25569844789357
2026-02-26 19:00:00,0.8234318181818182
2026-02-26 20:00:00,0.9125909090909091
2026-02-26 21:00:00,0.9303589743589743
2026-02-26 22:00:00,1.6153406593406594
2026-02-26 23:00:00,1.8184070796460177
2026-02-27 00:00:00,1.065036496350365
2026-02-27 01:00:00,0.781860465116279
2026-02-27 02:00:00,0.48150470219435737
2026-02-27 03:00:00,0.6463636363636364
2026-02-27 04:00:00,0.4712121212121212
2026-02-27 05:00:00,0.750061919504644
2026-02-27 06:00:00,0.8324860335195532
2026-02-27 07:00:00,1.8881521739130434
2026-02-27 08:00:00,1.390309050772627
2026-02-27 09:00:00,0.8425552825552826
2026-02-27 10:00:00,0.997919621749409
2026-02-27 11:00:00,1.3002059496567506
2026-02-27 12:00:00,1.5797782705099779
2026-02-27 13:00:00,2.162279569892473
2026-02-27 14:00:00,2.6477467811158797
2026-02-27 15:00:00,3.031645299145299
2026-02-27 16:00:00,3.197974413646055
2026-02-27 17:00:00,2.855107296137339
2026-02-27 18:00:00,2.0810492505353317
2026-02-27 19:00:00,1.805109170305677
2026-02-27 20:00:00,0.9196009389671361
2026-02-27 21:00:00,1.0715883668903803
2026-02-27 22:00:00,0.9460888888888889
2026-02-27 23:00:00,0.6112531969309463
2026-02-28 00:00:00,0.6773584905660378
2026-02-28 01:00:00,0.7612074303405573
2026-02-28 02:00:00,0.8308505154639175
2026-02-28 03:00:00,1.0264399092970522
2026-02-28 04:00:00,1.0233780760626399
2026-02-28 05:00:00,1.478711111111111
2026-02-28 06:00:00,1.7724288840262583
2026-02-28 07:00:00,1.3651315789473684
2026-02-28 08:00:00,1.5384563758389262
2026-02-28 09:00:00,1.4288888888888889
2026-02-28 10:00:00,1.315673289183223
2026-02-28 11:00:00,1.4141552511415525
2026-02-28 12:00:00,1.4632250580046404
2026-02-28 13:00:00,1.4808185840707966
2026-02-28 14:00:00,1.6926855895196506
2026-02-28 15:00:00,1.3930995475113122
2026-02-28 16:00:00,2.269177489177489
2026-02-28 17:00:00,2.6273233404710923
2026-02-28 18:00:00,1.8823093681917211
2026-02-28 19:00:00,1.440748898678414
2026-02-28 20:00:00,1.5792424242424243
2026-02-28 21:00:00,0.9327727272727273
2026-02-28 22:00:00,0.9355
2026-02-28 23:00:00,0.8768446601941747
2026-03-01 00:00:00,0.8486246418338109
2026-03-01 01:00:00,0.47748837209302325
2026-03-01 02:00:00,0.3796026490066225
2026-03-01 03:00:00,0.4917924528301887
2026-03-01 04:00:00,0.0035714285714285713
2026-03-01 05:00:00,0.33706586826347307
2026-03-01 06:00:00,0.704020979020979
2026-03-01 07:00:00,0.5350566037735849
2026-03-01 08:00:00,0.5489958158995816
2026-03-01 09:00:00,0.7792263610315185
2026-03-01 10:00:00,0.767625
2026-03-01 11:00:00,1.294095238095238
2026-03-01 12:00:00,1.7055973451327435
2026-03-01 13:00:00,1.8674130434782608
2026-03-01 14:00:00,2.4721199143468953
2026-03-01 15:00:00,2.6507659574468088
2026-03-01 16:00:00,2.5629184549356223
2026-03-01 17:00:00,2.0845474137931035
2026-03-01 18:00:00,1.9580042918454936
2026-03-01 19:00:00,1.6211827956989249
2026-03-01 20:00:00,0.804296875
2026-03-01 21:00:00,0.563899613899614
2026-03-01 22:00:00,0.3452688172043011
2026-03-01 23:00:00,1.0632662192393736
2026-03-02 00:00:00,0.6429181494661922
2026-03-02 01:00:00,0.6914761904761905
2026-03-02 02:00:00,0.8011936936936938
2026-03-02 03:00:00,0.8112080536912752
2026-03-02 04:00:00,1.2485487528344672
2026-03-02 05:00:00,1.3795359628770303
2026-03-02 06:00:00,1.6021333333333334
2026-03-02 07:00:00,1.7979004329004329
2026-03-02 08:00:00,1.75935
2026-03-02 09:00:00,1.7232826086956523
2026-03-02 10:00:00,1.134683257918552
2026-03-02 11:00:00,0.9219083969465649
2026-03-02 12:00:00,0.8880448717948718
2026-03-02 13:00:00,1.8559694989106754
2026-03-02 14:00:00,3.3178038379530914
2026-03-02 15:00:00,2.941744680851064
2026-03-02 16:00:00,2.3954721030042916
2026-03-02 17:00:00,2.5159012875536484
2026-03-02 18:00:00,2.7095726495726495
2026-03-02 19:00:00,2.5897216274089936
2026-03-02 20:00:00,2.69656050955414
2026-03-02 21:00:00,1.74616091954023
2026-03-02 22:00:00,0.7413355048859935
2026-03-02 23:00:00,0.801293103448276
2026-03-03 00:00:00,0.7004089219330855
2026-03-03 01:00:00,0.9736175115207374
2026-03-03 02:00:00,1.0826018099547512
2026-03-03 03:00:00,1.2535652173913043
2026-03-03 04:00:00,1.3272406181015453
2026-03-03 05:00:00,1.3835696821515893
2026-03-03 06:00:00,0.7654187192118226
2026-03-03 07:00:00,0.8102283105022831
2026-03-03 08:00:00,0.9258888888888889
2026-03-03 09:00:00,1.4638681318681317
2026-03-03 10:00:00,1.3146924829157174
2026-03-03 11:00:00,0.8838133333333333
2026-03-03 12:00:00,1.3762045454545453
2026-03-03 13:00:00,1.6336784140969165
2026-03-03 14:00:00,2.041909871244635
2026-03-03 15:00:00,1.4892997811816193
2026-03-03 16:00:00,2.719333333333333
2026-03-03 17:00:00,2.6102141327623127
2026-03-03 18:00:00,1.5347939262472885
2026-03-03 19:00:00,0.6010300429184549
2026-03-03 20:00:00,0.41842364532019705
2026-03-03 21:00:00,1.2410765550239233
2026-03-03 22:00:00,1.2065155807365437
2026-03-03 23:00:00,0.3175862068965517
2026-03-04 00:00:00,0.639419795221843
2026-03-04 01:00:00,0.7583279742765273
2026-03-04 02:00:00,1.267819383259912
2026-03-04 03:00:00,1.3921729490022172
2026-03-04 04:00:00,1.2192776523702031
2026-03-04 05:00:00,1.4171772428884026
2026-03-04 06:00:00,1.5494933920704845
2026-03-04 07:00:00,1.43589010989011
2026-03-04 08:00:00,1.5576525821596245
2026-03-04 09:00:00,0.6585240963855421
2026-03-04 10:00:00,0.9806363636363636
2026-03-04 11:00:00,1.3800671140939598
2026-03-04 12:00:00,1.2938383838383838
2026-03-04 13:00:00,1.4963800904977376
2026-03-04 14:00:00,1.6378270509977826
2026-03-04 15:00:00,1.5212445414847162
2026-03-04 16:00:00,1.089097065462754
2026-03-04 17:00:00,1.723469387755102
2026-03-04 18:00:00,0.6036595744680852
2026-03-04 19:00:00,0.9250455927051671
2026-03-04 20:00:00,1.6393617021276596
2026-03-04 21:00:00,1.4415222482435597
2026-03-04 22:00:00,1.2508383233532936
2026-03-04 23:00:00,1.4509070796460177
2026-03-05 00:00:00,0.8382804232804233
2026-03-05 01:00:00,1.24955223880597
2026-03-05 02:00:00,1.385762331838565
2026-03-05 03:00:00,1.127612293144208
2026-03-05 04:00:00,0.705
2026-03-05 05:00:00,0.6960444444444445
2026-03-05 06:00:00,1.531685912240185
2026-03-05 07:00:00,1.8348380129589632
2026-03-05 08:00:00,1.4505215419501132
2026-03-05 09:00:00,1.9156008583690987
2026-03-05 10:00:00,1.5603253796095446
2026-03-05 11:00:00,1.4424776785714286
2026-03-05 12:00:00,1.0163844393592678
2026-03-05 13:00:00,0.8227806122448981
2026-03-05 14:00:00,1.6793640350877193
2026-03-05 15:00:00,1.876140350877193
2026-03-05 16:00:00,1.6823144104803494
2026-03-05 17:00:00,0.778140243902439
2026-03-05 18:00:00,0.8287566137566137
2026-03-05 19:00:00,1.6215401301518437
2026-03-05 20:00:00,1.2310222222222222
2026-03-05 21:00:00,1.0781776765375854
2026-03-05 22:00:00,0.8543034055727554
2026-03-05 23:00:00,0.7039606741573035
2026-03-06 00:00:00,0.5284227129337539
2026-03-06 01:00:00,0.6135807860262008
2026-03-06 02:00:00,0.531
2026-03-06 03:00:00,1.2224000000000002
2026-03-06 04:00:00,0.6818620689655173
2026-03-06 05:00:00,0.655874125874126
2026-03-06 06:00:00,0.5363600000000001
2026-03-06 07:00:00,0.8666197183098592
2026-03-06 08:00:00,1.1978132118451026
2026-03-06 09:00:00,0.8860913705583756
2026-03-06 10:00:00,1.058009828009828
2026-03-06 11:00:00,1.4101847575057738
2026-03-06 12:00:00,1.5926813186813187
2026-03-06 13:00:00,1.272300469483568
2026-03-06 14:00:00,2.2695565410199556
2026-03-06 15:00:00,1.955887445887446
2026-03-06 16:00:00,3.4326609442060083
2026-03-06 17:00:00,1.6994553376906316
2026-03-06 18:00:00,1.9906521739130436
2026-03-06 19:00:00,2.8835307517084283
2026-03-06 20:00:00,1.9464175824175824
2026-03-06 21:00:00,1.7433103448275862
2026-03-06 22:00:00,1.225593607305936
2026-03-06 23:00:00,0.6697796143250688
2026-03-07 00:00:00,0.7233333333333333
2026-03-07 01:00:00,0.6515402843601895
2026-03-07 02:00:00,0.450650406504065
2026-03-07 03:00:00,0.2925
2026-03-07 04:00:00,0.5122065727699531
2026-03-07 05:00:00,0.6650691244239632
2026-03-07 06:00:00,0.5845244215938303
2026-03-07 07:00:00,0.3955060728744939
2026-03-07 08:00:00,1.0708728179551124
2026-03-07 09:00:00,1.3496171171171172
2026-03-07 10:00:00,1.0779302325581395
2026-03-07 11:00:00,1.142074074074074
2026-03-07 12:00:00,1.0977358490566038
2026-03-07 13:00:00,1.0064434180138568
2026-03-07 14:00:00,1.0817564402810305
2026-03-07 15:00:00,1.1575813953488372
2026-03-07 16:00:00,2.296073752711497
2026-03-07 17:00:00,1.2633333333333334
2026-03-07 18:00:00,0.6589783281733747
2026-03-07 19:00:00,0.6941025641025641
2026-03-07 20:00:00,0.6172264631043257
2026-03-07 21:00:00,0.5365405405405406
2026-03-07 22:00:00,0.3221608040201005
2026-03-07 23:00:00,0.38606060606060605
2026-03-08 00:00:00,0.339375
2026-03-08 01:00:00,0.23508771929824562
2026-03-08 02:00:00,0.08580645161290323
2026-03-08 03:00:00,0.489375
2026-03-08 04:00:00,0.2663063063063063
2026-03-08 05:00:00,0.3264102564102564
2026-03-08 06:00:00,0.29905405405405405
2026-03-08 07:00:00,0.5260893854748604
2026-03-08 08:00:00,0.7067399267399267
2026-03-08 09:00:00,0.5925133689839572
2026-03-08 10:00:00,1.3134451901565996
2026-03-08 11:00:00,1.2565848214285715
2026-03-08 12:00:00,1.153975
2026-03-08 13:00:00,1.2735377358490567
2026-03-08 14:00:00,2.4222657952069717
2026-03-08 15:00:00,2.170238095238095
2026-03-08 16:00:00,2.0098047722342733
2026-03-08 17:00:00,2.1588961038961036
2026-03-08 18:00:00,1.3921238938053098
2026-03-08 19:00:00,1.0252631578947369
2026-03-08 20:00:00,0.789618320610687
2026-03-08 21:00:00,1.745974025974026
2026-03-08 22:00:00,1.0050806451612904
2026-03-08 23:00:00,0.651060606060606
2026-03-09 00:00:00,0.41005747126436776
2026-03-09 01:00:00,1.026122448979592
2026-03-09 02:00:00,1.0467420814479638
2026-03-09 03:00:00,1.564279475982533
2026-03-09 04:00:00,1.5446943231441048
2026-03-09 05:00:00,0.7019534883720929
2026-03-09 06:00:00,0.6519856459330144
2026-03-09 07:00:00,1.0016960352422908
2026-03-09 08:00:00,0.6524315068493151
2026-03-09 09:00:00,0.92992700729927
2026-03-09 10:00:00,0.9267605633802817
2026-03-09 11:00:00,1.0247002398081535
2026-03-09 12:00:00,1.1674352941176471
2026-03-09 13:00:00,1.6177262693156733
2026-03-09 14:00:00,1.1140189125295508
2026-03-09 15:00:00,2.3540128755364806
2026-03-09 16:00:00,2.4933836206896554
2026-03-09 17:00:00,1.6662445414847162
2026-03-09 18:00:00,1.1616780045351474
2026-03-09 19:00:00,0.252970297029703
2026-03-09 20:00:00,0.43605691056910567
2026-03-09 21:00:00,0.5160387811634349
2026-03-09 22:00:00,0.842807486631016
2026-03-09 23:00:00,0.9646043165467626
2026-03-10 00:00:00,1.0008616780045352
2026-03-10 01:00:00,1.3977124183006535
2026-03-10 02:00:00,1.239004424778761
2026-03-10 03:00:00,3.3511637931034484
2026-03-10 04:00:00,2.409440860215054
2026-03-10 05:00:00,1.620782608695652
2026-03-10 06:00:00,1.7985529157667386
2026-03-10 07:00:00,1.2292448512585812
2026-03-10 08:00:00,1.0960189573459715
2026-03-10 09:00:00,0.7490728476821192
2026-03-10 10:00:00,0.6376246334310851
2026-03-10 11:00:00,0.6672651933701658
2026-03-10 12:00:00,0.7883123425692695
2026-03-10 13:00:00,1.2190888888888889
2026-03-10 14:00:00,0.8316071428571429
2026-03-10 15:00:00,0.3601056338028169
2026-03-10 16:00:00,0.5409375
2026-03-10 17:00:00,0.6064119601328903
2026-03-10 18:00:00,0.4729965156794425
2026-03-10 19:00:00,0.7040052356020943
2026-03-10 20:00:00,0.42856677524429965
2026-03-10 21:00:00,0.5343589743589744
2026-03-10 22:00:00,0.48360784313725486
2026-03-10 23:00:00,0.5212449799196787
2026-03-11 00:00:00,0.43459016393442623
2026-03-11 01:00:00,0.6508470588235294
2026-03-11 02:00:00,1.4361925601750547
2026-03-11 03:00:00,0.8837817258883248
2026-03-11 04:00:00,0.4899074074074074
2026-03-11 05:00:00,0.7520578778135047
2026-03-11 06:00:00,0.7748235294117647
2026-03-11 07:00:00,0.5287128712871287
2026-03-11 08:00:00,0.6293850267379679
2026-03-11 09:00:00,1.1430896226415095
2026-03-11 10:00:00,1.524079822616408
2026-03-11 11:00:00,1.049027149321267
2026-03-11 12:00:00,0.9921167883211679
2026-03-11 13:00:00,0.7374550128534705
2026-03-11 14:00:00,1.428488888888889
2026-03-11 15:00:00,0.9015000000000001
2026-03-11 16:00:00,1.243469387755102
2026-03-11 17:00:00,0.9260224719101123
2026-03-11 18:00:00,0.7070935960591133
2026-03-11 19:00:00,0.4464082687338501
2026-03-11 20:00:00,0.26896226415094343
2026-03-11 21:00:00,0.3893795620437956
2026-03-11 22:00:00,0.3165454545454546
2026-03-11 23:00:00,0.404
2026-03-12 00:00:00,0.3237704918032787
2026-03-12 01:00:00,0.40818181818181815
2026-03-12 02:00:00,0.36547945205479454
2026-03-12 03:00:00,0.7049615384615384
2026-03-12 04:00:00,1.0571175166297118
2026-03-12 05:00:00,0.9297380952380953
2026-03-12 06:00:00,0.9620338983050847
2026-03-12 07:00:00,0.9311805555555556
2026-03-12 08:00:00,1.1485651214128034
2026-03-12 09:00:00,0.8158009708737864
2026-03-12 10:00:00,0.8786005089058525
2026-03-12 11:00:00,1.1035336538461538
2026-03-12 12:00:00,1.2823990498812352
2026-03-12 13:00:00,1.2369882352941177
2026-03-12 14:00:00,1.0950471698113209
2026-03-12 15:00:00,1.3775454545454546
2026-03-12 16:00:00,1.481883408071749
2026-03-12 17:00:00,1.6821521739130434
2026-03-12 18:00:00,1.073563474387528
2026-03-12 19:00:00,1.5283185840707965
2026-03-12 20:00:00,1.3216371681415928
2026-03-12 21:00:00,1.5135371179039303
2026-03-12 22:00:00,1.0397808219178082
2026-03-12 23:00:00,0.6131142857142857
2026-03-13 00:00:00,0.5258041958041958
2026-03-13 01:00:00,0.7217045454545454
2026-03-13 02:00:00,1.0167164179104478
2026-03-13 03:00:00,0.9092647058823529
2026-03-13 04:00:00,0.462992700729927
2026-03-13 05:00:00,0.7831553398058253
2026-03-13 06:00:00,0.6586977886977886
2026-03-13 07:00:00,0.9264846416382252
2026-03-13 08:00:00,1.3730043859649124
2026-03-13 09:00:00,1.7255555555555555
2026-03-13 10:00:00,1.8486373626373627
2026-03-13 11:00:00,2.041816192560175
2026-03-13 12:00:00,2.044541484716157
2026-03-13 13:00:00,1.9745232815964524
2026-03-13 14:00:00,1.7409803921568627
2026-03-13 15:00:00,1.6855654101995567
2026-03-13 16:00:00,2.5927526881720433
2026-03-13 17:00:00,2.769399141630901
2026-03-13 18:00:00,1.8049671772428884
2026-03-13 19:00:00,1.2208536585365855
2026-03-13 20:00:00,1.033389423076923
2026-03-13 21:00:00,1.2247874720357943
2026-03-13 22:00:00,1.3060222222222222
2026-03-13 23:00:00,0.8176946107784432
2026-03-14 00:00:00,0.511986301369863
2026-03-14 01:00:00,1.2402215189873418
2026-03-14 02:00:00,1.3561777777777777
2026-03-14 03:00:00,1.3534698795180724
2026-03-14 04:00:00,1.1105882352941177
2026-03-14 05:00:00,0.9189830508474576
2026-03-14 06:00:00,1.119727047146402
2026-03-14 07:00:00,0.5956862745098039
2026-03-14 08:00:00,0.9441363636363637
2026-03-14 09:00:00,1.1165777777777777
2026-03-14 10:00:00,1.0792045454545456
2026-03-14 11:00:00,1.4148623853211009
2026-03-14 12:00:00,3.314828326180258
2026-03-14 13:00:00,4.420531914893617
2026-03-14 14:00:00,4.225948827292111
2026-03-14 15:00:00,3.040236051502146
2026-03-14 16:00:00,1.9849237472766885
2026-03-14 17:00:00,1.093564814814815
2026-03-14 18:00:00,1.3035540838852098
2026-03-14 19:00:00,2.291561822125814
2026-03-14 20:00:00,2.9148827292110875
2026-03-14 21:00:00,1.6049889624724063
2026-03-14 22:00:00,1.1973154362416107
2026-03-14 23:00:00,1.0157300275482093
2026-03-15 00:00:00,1.6115137614678898
2026-03-15 01:00:00,2.2606564551422323
2026-03-15 02:00:00,2.1356832971800435
2026-03-15 03:00:00,2.111326086956522
2026-03-15 04:00:00,2.3
2026-03-15 05:00:00,2.450128755364807
2026-03-15 06:00:00,2.834089935760171
2026-03-15 07:00:00,3.219055793991416
2026-03-15 08:00:00,3.230191082802548
2026-03-15 09:00:00,4.257521367521368
2026-03-15 10:00:00,5.364063829787234
2026-03-15 11:00:00,5.35656779661017
2026-03-15 12:00:00,5.028021052631579
2026-03-15 13:00:00,4.798702127659574
2026-03-15 14:00:00,3.9419491525423727
2026-03-15 15:00:00,4.521191489361702
2026-03-15 16:00:00,4.180042283298097
2026-03-15 17:00:00,3.208154506437768
2026-03-15 18:00:00,1.587339246119734
2026-03-15 19:00:00,1.2985526315789473
2026-03-15 20:00:00,1.5377008928571427
2026-03-15 21:00:00,1.1278876404494382
2026-03-15 22:00:00,0.7014540059347182
2026-03-15 23:00:00,0.7895481927710843
2026-03-16 00:00:00,2.0387581699346407
2026-03-16 01:00:00,1.1282988505747127
2026-03-16 02:00:00,0.6819318181818181
2026-03-16 03:00:00,0.9161064425770309
2026-03-16 04:00:00,0.7388502673796791
2026-03-16 05:00:00,0.900186170212766
2026-03-16 06:00:00,0.9316904761904762
2026-03-16 07:00:00,0.851058495821727
2026-03-16 08:00:00,1.8005345211581294
2026-03-16 09:00:00,1.042877358490566
2026-03-16 10:00:00,1.0500697674418604
2026-03-16 11:00:00,1.1989497716894977
2026-03-16 12:00:00,1.28
2026-03-16 13:00:00,1.5595424836601308
2026-03-16 14:00:00,1.277687074829932
2026-03-16 15:00:00,1.9901315789473684
2026-03-16 16:00:00,2.373896103896104
2026-03-16 17:00:00,2.329032258064516
2026-03-16 18:00:00,1.7184313725490197
2026-03-16 19:00:00,1.143123595505618
2026-03-16 20:00:00,1.3227814569536425
2026-03-16 21:00:00,1.9247930283224401
2026-03-16 22:00:00,1.4271364653243848
2026-03-16 23:00:00,1.2940929203539822
2026-03-17 00:00:00,1.1565168539325843
2026-03-17 01:00:00,1.2115765765765767
2026-03-17 02:00:00,1.5609803921568628
2026-03-17 03:00:00,0.8779353233830846
2026-03-17 04:00:00,1.4809213483146066
2026-03-17 05:00:00,1.6047797356828195
2026-03-17 06:00:00,1.205491990846682
2026-03-17 07:00:00,1.636798245614035
2026-03-17 08:00:00,1.434799107142857
2026-03-17 09:00:00,1.0147294117647059
2026-03-17 10:00:00,0.9238129496402878
2026-03-17 11:00:00,1.4157540603248262
2026-03-17 12:00:00,2.5848260869565216
2026-03-17 13:00:00,3.642997858672377
2026-03-17 14:00:00,3.614136460554371
2026-03-17 15:00:00,3.38152034261242
2026-03-17 16:00:00,3.0851612903225805
2026-03-17 17:00:00,2.4981209503239743
2026-03-17 18:00:00,0.8467865707434054
2026-03-17 19:00:00,0.44166666666666665
2026-03-17 20:00:00,0.6326117647058824
2026-03-17 21:00:00,0.3977777777777778
2026-03-17 22:00:00,0.2604166666666667
2026-03-17 23:00:00,1.0250837988826815
2026-03-18 00:00:00,1.0821739130434782
2026-03-18 01:00:00,1.165514705882353
2026-03-18 02:00:00,2.0871523178807947
2026-03-18 03:00:00,2.144021164021164
2026-03-18 04:00:00,1.4054444444444445
2026-03-18 05:00:00,1.7445330296127564
2026-03-18 06:00:00,1.6030155210643016
2026-03-18 07:00:00,2.1778260869565216
2026-03-18 08:00:00,1.3068141592920353
2026-03-18 09:00:00,1.3861990950226246
2026-03-18 10:00:00,1.593288888888889
2026-03-18 11:00:00,1.6690929203539822
2026-03-18 12:00:00,1.9388621444201313
2026-03-18 13:00:00,1.9977124183006536
2026-03-18 14:00:00,2.156133909287257
2026-03-18 15:00:00,2.2835140997830803
2026-03-18 16:00:00,2.1143939393939393
2026-03-18 17:00:00,1.8559041394335511
2026-03-18 18:00:00,1.8686710239651416
2026-03-18 19:00:00,1.238381374722838
2026-03-18 20:00:00,1.3641269841269843
2026-03-18 21:00:00,1.0241549295774648
2026-03-18 22:00:00,1.1570967741935483
2026-03-18 23:00:00,0.6679113924050633
2026-03-19 00:00:00,0.5844879518072289
2026-03-19 01:00:00,0.7521149425287357
2026-03-19 02:00:00,1.4241870824053453
2026-03-19 03:00:00,1.7029166666666666
2026-03-19 04:00:00,1.2186222222222223
2026-03-19 05:00:00,1.5309347826086956
2026-03-19 06:00:00,1.6511790393013102
2026-03-19 07:00:00,1.3277924944812363
2026-03-19 08:00:00,0.9103266331658292
2026-03-19 09:00:00,1.0030973451327434
2026-03-19 10:00:00,1.7057391304347826
2026-03-19 11:00:00,3.161004273504273
2026-03-19 12:00:00,3.950656779661017
2026-03-19 13:00:00,4.245970149253731
2026-03-19 14:00:00,4.768368644067797
2026-03-19 15:00:00,4.347029914529915
2026-03-19 16:00:00,3.644456289978678
2026-03-19 17:00:00,3.600128755364807
2026-03-19 18:00:00,3.0907855626326963
2026-03-19 19:00:00,2.4088699360341153
2026-03-19 20:00:00,2.391598272138229
2026-03-19 21:00:00,1.7249567099567098
2026-03-19 22:00:00,1.247297297297297
2026-03-19 23:00:00,0.7296703296703297
2026-03-20 00:00:00,0.854652278177458
2026-03-20 01:00:00,1.0584526558891456
2026-03-20 02:00:00,1.2900221238938054
2026-03-20 03:00:00,1.077488888888889
2026-03-20 04:00:00,1.4636946902654868
2026-03-20 05:00:00,1.4046069868995632
2026-03-20 06:00:00,1.357102396514161
2026-03-20 07:00:00,2.4562098501070664
2026-03-20 08:00:00,2.4586451612903226
2026-03-20 09:00:00,2.9073434125269975
2026-03-20 10:00:00,2.840128205128205
2026-03-20 11:00:00,2.937735042735043
2026-03-20 12:00:00,3.7984745762711865
2026-03-20 13:00:00,3.8510381355932206
2026-03-20 14:00:00,3.5323982869379016
2026-03-20 15:00:00,3.4312017167381974
2026-03-20 16:00:00,3.4628662420382166
2026-03-20 17:00:00,3.5443776824034336
2026-03-20 18:00:00,2.732515991471215
2026-03-20 19:00:00,1.4885807860262008
2026-03-20 20:00:00,0.9039954853273139
2026-03-20 21:00:00,0.9729002320185615
2026-03-20 22:00:00,0.9423287671232877
2026-03-20 23:00:00,1.6414223194748359
2026-03-21 00:00:00,1.0023333333333333
2026-03-21 01:00:00,0.9980500000000001
2026-03-21 02:00:00,1.1657843137254902
2026-03-21 03:00:00,1.537517730496454
2026-03-21 04:00:00,0.9697740112994351
2026-03-21 05:00:00,1.323560975609756
2026-03-21 06:00:00,0.9454609929078014
2026-03-21 07:00:00,1.5714412416851442
2026-03-21 08:00:00,0.7868949771689498
2026-03-21 09:00:00,0.948289786223278
2026-03-21 10:00:00,0.7633823529411764
2026-03-21 11:00:00,1.4375514874141877
2026-03-21 12:00:00,2.1753879310344826
2026-03-21 13:00:00,1.82058568329718
2026-03-21 14:00:00,1.5657871396895786
2026-03-21 15:00:00,1.6352401746724892
2026-03-21 16:00:00,1.3058021978021979
2026-03-21 17:00:00,1.2102439024390246
2026-03-21 18:00:00,1.0947111111111112
2026-03-21 19:00:00,1.1350111856823266
2026-03-21 20:00:00,0.9299056603773584
2026-03-21 21:00:00,0.38021739130434784
2026-03-21 22:00:00,0.6459894459102903
2026-03-21 23:00:00,0.5863408521303258
2026-03-22 00:00:00,0.8143814432989691
2026-03-22 01:00:00,1.3715299334811528
2026-03-22 02:00:00,0.9308663366336634
2026-03-22 03:00:00,0.913179012345679
2026-03-22 04:00:00,1.5964225352112678
2026-03-22 05:00:00,1.292802359882006
2026-03-22 06:00:00,0.48786941580756016
2026-03-22 07:00:00,1.265374677002584
2026-03-22 08:00:00,1.3761261261261262
2026-03-22 09:00:00,1.586513157894737
2026-03-22 10:00:00,1.559475982532751
2026-03-22 11:00:00,1.4464449541284403
2026-03-22 12:00:00,1.753149779735683
2026-03-22 13:00:00,1.9458134490238612
2026-03-22 14:00:00,2.387353579175705
2026-03-22 15:00:00,1.6288590604026847
2026-03-22 16:00:00,1.5496127562642368
2026-03-22 17:00:00,1.7108590308370044
2026-03-22 18:00:00,2.0853478260869567
2026-03-22 19:00:00,2.3406652360515023
2026-03-22 20:00:00,0.8563445378151261
2026-03-22 21:00:00,1.14010101010101
2026-03-22 22:00:00,1.7835140997830803
2026-03-22 23:00:00,2.134509803921569
2026-03-23 00:00:00,1.2082182628062361
2026-03-23 01:00:00,1.0770203160270881
2026-03-23 02:00:00,1.6744150110375275
2026-03-23 03:00:00,1.29270783847981
2026-03-23 04:00:00,0.8538802083333333
2026-03-23 05:00:00,1.0408372093023255
2026-03-23 06:00:00,1.2408244680851064
2026-03-23 07:00:00,0.9283860759493671
2026-03-23 08:00:00,1.372239467849224
2026-03-23 09:00:00,1.7655217391304348
2026-03-23 10:00:00,2.8372863247863247
2026-03-23 11:00:00,2.9292077087794435
2026-03-23 12:00:00,3.0225
2026-03-23 13:00:00,2.4293260869565216
2026-03-23 14:00:00,2.9997872340425533
2026-03-23 15:00:00,3.5230638297872336
2026-03-23 16:00:00,3.093640256959315
2026-03-23 17:00:00,2.6418884120171677
2026-03-23 18:00:00,2.640021505376344
2026-03-23 19:00:00,2.757887931034483
2026-03-23 20:00:00,1.6466739606126914
2026-03-23 21:00:00,0.774020618556701
2026-03-23 22:00:00,0.5427380952380952
2026-03-23 23:00:00,0.16931034482758622
2026-03-24 00:00:00,0.8055131264916467
2026-03-24 01:00:00,0.908140589569161
2026-03-24 02:00:00,0.977219730941704
2026-03-24 03:00:00,1.3389841986455981
2026-03-24 04:00:00,0.9456144578313254
2026-03-24 05:00:00,0.9430825242718447
2026-03-24 06:00:00,0.8721725239616613
2026-03-24 07:00:00,1.140249433106576
2026-03-24 08:00:00,0.841563981042654
2026-03-24 09:00:00,1.04270783847981
2026-03-24 10:00:00,1.7154444444444445
2026-03-24 11:00:00,1.757964989059081
2026-03-24 12:00:00,2.3194117647058823
2026-03-24 13:00:00,2.7294588744588744
2026-03-24 14:00:00,2.311763440860215
2026-03-24 15:00:00,2.413577586206897
2026-03-24 16:00:00,2.536923076923077
2026-03-24 17:00:00,2.5162473347547976
2026-03-24 18:00:00,1.5266013071895426
2026-03-24 19:00:00,1.369752808988764
2026-03-24 20:00:00,1.6480610021786493
2026-03-24 21:00:00,0.9194594594594595
2026-03-24 22:00:00,0.6123394495412845
2026-03-24 23:00:00,0.8098596491228071
2026-03-25 00:00:00,1.4054266958424506
2026-03-25 01:00:00,1.3526048565121414
2026-03-25 02:00:00,1.3096452328159645
2026-03-25 03:00:00,1.5034731934731935
2026-03-25 04:00:00,1.2197722095671981
2026-03-25 05:00:00,0.5885754189944135
2026-03-25 06:00:00,1.147659090909091
2026-03-25 07:00:00,1.28280353200883
2026-03-25 08:00:00,1.4901307189542485
2026-03-25 09:00:00,1.3282579185520362
2026-03-25 10:00:00,1.3034521158129175
2026-03-25 11:00:00,0.9790602409638555
2026-03-25 12:00:00,1.5344866071428573
2026-03-25 13:00:00,1.4009953703703704
2026-03-25 14:00:00,1.6942669584245076
2026-03-25 15:00:00,2.3735042735042735
2026-03-25 16:00:00,2.4840259740259745
2026-03-25 17:00:00,2.5481290322580645
2026-03-25 18:00:00,1.1884563758389262
2026-03-25 19:00:00,0.9033088235294118
2026-03-25 20:00:00,0.4952185792349727
2026-03-25 21:00:00,0.5729186602870813
2026-03-25 22:00:00,0.6402298850574712
2026-03-25 23:00:00,0.7029914529914529
2026-03-26 00:00:00,0.6258187134502924
2026-03-26 01:00:00,0.9287228915662651
2026-03-26 02:00:00,0.5987570621468927
2026-03-26 03:00:00,0.8961986301369863
2026-03-26 04:00:00,0.4945084745762712
2026-03-26 05:00:00,0.9981697612732096
2026-03-26 06:00:00,1.4263215859030836
2026-03-26 07:00:00,1.292192393736018
2026-03-26 08:00:00,1.609120879120879
2026-03-26 09:00:00,1.5572307692307692
2026-03-26 10:00:00,1.6711804008908686
2026-03-26 11:00:00,1.8788453159041394
2026-03-26 12:00:00,2.1990064794816413
2026-03-26 13:00:00,3.2884255319148936
2026-03-26 14:00:00,3.6272863247863247
2026-03-26 15:00:00,3.783932346723044
2026-03-26 16:00:00,3.387914893617021
2026-03-26 17:00:00,3.029358974358974
2026-03-26 18:00:00,1.8593478260869565
2026-03-26 19:00:00,0.9324721603563475
2026-03-26 20:00:00,0.6321818181818182
2026-03-26 21:00:00,0.4658670520231214
2026-03-26 22:00:00,0.5330547550432276
2026-03-26 23:00:00,1.1911818181818181
2026-03-27 00:00:00,1.5279333333333334
2026-03-27 01:00:00,1.7457456140350878
2026-03-27 02:00:00,1.1531712962962963
2026-03-27 03:00:00,0.8388888888888888
2026-03-27 04:00:00,0.8725316455696202
2026-03-27 05:00:00,1.3042141230068336
2026-03-27 06:00:00,0.8911325301204819
2026-03-27 07:00:00,1.0692677345537758
2026-03-27 08:00:00,1.3592986425339366
2026-03-27 09:00:00,1.6554767184035477
2026-03-27 10:00:00,1.3080760626398211
2026-03-27 11:00:00,1.2457207207207208
2026-03-27 12:00:00,1.694391304347826
2026-03-27 13:00:00,1.314718309859155
2026-03-27 14:00:00,2.3568749999999996
2026-03-27 15:00:00,2.282419006479482
2026-03-27 16:00:00,2.9806157112526543
2026-03-27 17:00:00,2.867643312101911
2026-03-27 18:00:00,2.588025751072961
2026-03-27 19:00:00,1.6352412280701754
2026-03-27 20:00:00,1.0375221238938053
2026-03-27 21:00:00,0.6484960422163588
2026-03-27 22:00:00,0.6831851851851852
2026-03-27 23:00:00,0.5153743315508021
2026-03-28 00:00:00,0.3802521008403361
2026-03-28 01:00:00,0.551021021021021
2026-03-28 02:00:00,0.31276470588235294
2026-03-28 03:00:00,0.39110389610389606
2026-03-28 04:00:00,0.3203333333333333
2026-03-28 05:00:00,0.4483098591549296
2026-03-28 06:00:00,0.29074074074074074
2026-03-28 07:00:00,0.5223048327137546
2026-03-28 08:00:00,0.7946933333333334
2026-03-28 09:00:00,1.279954648526077
2026-03-28 10:00:00,1.7874835886214442
2026-03-28 11:00:00,1.7094533029612757
2026-03-28 12:00:00,1.8859471365638767
2026-03-28 13:00:00,1.4786917960088692
2026-03-28 14:00:00,1.4584529147982064
2026-03-28 15:00:00,2.7422912205567456
2026-03-28 16:00:00,3.623135593220339
2026-03-28 17:00:00,2.4289721627408993
2026-03-28 18:00:00,1.0004245283018869
2026-03-28 19:00:00,0.7754255319148936
2026-03-28 20:00:00,1.328950892857143
2026-03-28 21:00:00,0.7543922651933701
2026-03-28 22:00:00,0.7255137844611529
2026-03-28 23:00:00,0.9078645833333333
2026-03-29 00:00:00,1.170945945945946
2026-03-29 01:00:00,2.472264957264957
2026-03-29 02:00:00,3.3159745762711865
2026-03-29 03:00:00,3.967310924369748
2026-03-29 04:00:00,2.5768510638297877
2026-03-29 05:00:00,3.652723404255319
2026-03-29 06:00:00,3.518808510638298
2026-03-29 07:00:00,4.3364118895966035
2026-03-29 08:00:00,4.573213530655392
2026-03-29 09:00:00,5.417637130801688
2026-03-29 10:00:00,6.0375523012552295
2026-03-29 11:00:00,4.814409282700423
2026-03-29 12:00:00,4.496334745762712
2026-03-29 13:00:00,4.0129957805907175
2026-03-29 14:00:00,3.6528297872340425
2026-03-29 15:00:00,3.1484468085106383
2026-03-29 16:00:00,3.2567872340425534
2026-03-29 17:00:00,2.2801927194860814
2026-03-29 18:00:00,1.1698034934497816
2026-03-29 19:00:00,1.2572626931567328
2026-03-29 20:00:00,1.675301724137931
2026-03-29 21:00:00,1.841887201735358
2026-03-29 22:00:00,2.266659574468085
2026-03-29 23:00:00,1.6627027027027028
2026-03-30 00:00:00,1.0303676470588234
2026-03-30 01:00:00,1.2336407766990292
2026-03-30 02:00:00,0.5259945504087193
2026-03-30 03:00:00,0.475431654676259
2026-03-30 04:00:00,0.7366374269005849
2026-03-30 05:00:00,1.4207760532150775
2026-03-30 06:00:00,0.9098792270531401
2026-03-30 07:00:00,1.4417943107221005
2026-03-30 08:00:00,2.6601072961373387
2026-03-30 09:00:00,2.3051293103448276
2026-03-30 10:00:00,2.3797204301075268
2026-03-30 11:00:00,2.3733189655172415
2026-03-30 12:00:00,1.8904595185995625
2026-03-30 13:00:00,2.2871551724137933
2026-03-30 14:00:00,2.507418655097614
2026-03-30 15:00:00,2.1448366013071896
2026-03-30 16:00:00,1.637032967032967
2026-03-30 17:00:00,1.1251224944320712
2026-03-30 18:00:00,1.382696629213483
2026-03-30 19:00:00,0.9432304038004751
2026-03-30 20:00:00,0.5965934065934065
2026-03-30 21:00:00,0.6541666666666667
2026-03-30 22:00:00,1.1215489749430525
2026-03-30 23:00:00,1.8316263736263736
2026-03-31 00:00:00,1.0870660146699267
2026-03-31 01:00:00,0.6766666666666666
2026-03-31 02:00:00,1.4242187499999999
2026-03-31 03:00:00,1.3851141552511415
2026-03-31 04:00:00,1.1499756097560976
2026-03-31 05:00:00,0.9577443609022556
2026-03-31 06:00:00,2.241991341991342
2026-03-31 07:00:00,3.536098081023454
2026-03-31 08:00:00,4.49581052631579
2026-03-31 09:00:00,4.324491525423729
2026-03-31 10:00:00,2.925323275862069
2026-03-31 11:00:00,1.6862227074235807
2026-03-31 12:00:00,2.0151818181818184
2026-03-31 13:00:00,2.0037061403508774
2026-03-31 14:00:00,3.495472103004292
2026-03-31 15:00:00,3.2427872340425528
2026-03-31 16:00:00,3.1383155650319834
2026-03-31 17:00:00,2.4780341880341883
2026-03-31 18:00:00,1.9364999999999999
2026-03-31 19:00:00,1.3944662309368192
2026-03-31 20:00:00,0.6781081081081082
2026-03-31 21:00:00,0.5788449848024316
2026-03-31 22:00:00,0.6684189723320159
2026-03-31 23:00:00,0.6274927113702624
2026-04-01 00:00:00,0.5452430555555555
2026-04-01 01:00:00,1.1093617021276596
2026-04-01 02:00:00,0.6581219512195121
2026-04-01 03:00:00,0.8888207547169812
2026-04-01 04:00:00,0.6487228260869565
2026-04-01 05:00:00,1.3650446428571428
2026-04-01 06:00:00,1.2790265486725665
2026-04-01 07:00:00,2.261573275862069
2026-04-01 08:00:00,3.9702114164904865
2026-04-01 09:00:00,3.8270299145299145
2026-04-01 10:00:00,3.2530555555555556
2026-04-01 11:00:00,3.3932409381663113
2026-04-01 12:00:00,2.814413646055437
2026-04-01 13:00:00,2.4122580645161293
2026-04-01 14:00:00,2.5154130434782607
2026-04-01 15:00:00,2.7519354838709678
2026-04-01 16:00:00,3.604135021097046
2026-04-01 17:00:00,2.466112311015119
2026-04-01 18:00:00,1.0918937644341802
2026-04-01 19:00:00,0.9719821826280624
2026-04-01 20:00:00,1.0897368421052631
2026-04-01 21:00:00,1.0550995024875622
2026-04-01 22:00:00,1.3606444444444443
2026-04-01 23:00:00,2.508380129589633
2026-04-02 00:00:00,2.8521720430107527
2026-04-02 01:00:00,3.778123667377399
2026-04-02 02:00:00,4.1665677966101695
2026-04-02 03:00:00,4.575245202558635
2026-04-02 04:00:00,3.5293390191897656
2026-04-02 05:00:00,5.497763713080169
2026-04-02 06:00:00,5.309472573839662
2026-04-02 07:00:00,4.749322033898305
2026-04-02 08:00:00,4.67
2026-04-02 09:00:00,4.108208955223881
2026-04-02 10:00:00,3.5257537154989387
2026-04-02 11:00:00,3.8459574468085105
2026-04-02 12:00:00,3.4250425531914894
2026-04-02 13:00:00,3.7039102564102566
2026-04-02 14:00:00,3.4678494623655913
2026-04-02 15:00:00,2.883744680851064
2026-04-02 16:00:00,4.041751054852321
2026-04-02 17:00:00,3.001853448275862
2026-04-02 18:00:00,2.6500863930885528
2026-04-02 19:00:00,1.8069281045751633
2026-04-02 20:00:00,1.713698924731183
2026-04-02 21:00:00,1.1822610722610722
2026-04-02 22:00:00,1.0209070294784581
2026-04-02 23:00:00,1.1360496613995485
2026-04-03 00:00:00,0.9194835680751173
2026-04-03 01:00:00,1.3321315192743766
2026-04-03 02:00:00,0.9200241545893719
2026-04-03 03:00:00,0.8315061728395061
2026-04-03 04:00:00,0.7117866666666667
2026-04-03 05:00:00,0.6736065573770491
2026-04-03 06:00:00,0.6839142091152814
2026-04-03 07:00:00,1.485704989154013
2026-04-03 08:00:00,2.392055674518201
2026-04-03 09:00:00,1.9334858387799565
2026-04-03 10:00:00,1.6139867841409692
2026-04-03 11:00:00,1.5796681415929203
2026-04-03 12:00:00,1.5206013363028954
2026-04-03 13:00:00,2.1168490153172868
2026-04-03 14:00:00,1.3936946902654868
2026-04-03 15:00:00,3.440724946695096
2026-04-03 16:00:00,3.03768085106383
2026-04-03 17:00:00,2.126436285097192
2026-04-03 18:00:00,1.5036263736263735
2026-04-03 19:00:00,0.6575252525252525
2026-04-03 20:00:00,0.5685676392572944
2026-04-03 21:00:00,0.42464646464646466
2026-04-03 22:00:00,0.7007476635514018
2026-04-03 23:00:00,0.610034965034965
2026-04-04 00:00:00,0.49719033232628396
2026-04-04 01:00:00,0.863012048192771
2026-04-04 02:00:00,1.3779009433962264
2026-04-04 03:00:00,1.2700219298245614
2026-04-04 04:00:00,1.8251731601731602
2026-04-04 05:00:00,0.5719417475728155
2026-04-04 06:00:00,0.6169653179190752
2026-04-04 07:00:00,1.375764192139738
2026-04-04 08:00:00,1.3588105726872246
2026-04-04 09:00:00,1.3161486486486487
2026-04-04 10:00:00,1.1877045454545456
2026-04-04 11:00:00,1.6479545454545454
2026-04-04 12:00:00,1.6712975391498883
2026-04-04 13:00:00,2.0165874730021596
2026-04-04 14:00:00,2.408731182795699
2026-04-04 15:00:00,3.0439400428265526
2026-04-04 16:00:00,2.828827292110874
2026-04-04 17:00:00,2.166355748373102
2026-04-04 18:00:00,1.6525991189427311
2026-04-04 19:00:00,1.3544
2026-04-04 20:00:00,0.46592715231788084
2026-04-04 21:00:00,0.2897321428571429
2026-04-04 22:00:00,0.07801470588235293
2026-04-04 23:00:00,0.3331733333333333
2026-04-05 00:00:00,0.11425
2026-04-05 01:00:00,0.3404663212435233
2026-04-05 02:00:00,1.3120222222222222
2026-04-05 03:00:00,1.572057522123894
2026-04-05 04:00:00,0.9851627906976744
2026-04-05 05:00:00,0.5213595166163142
2026-04-05 06:00:00,0.8628571428571429
2026-04-05 07:00:00,0.8218735891647856
2026-04-05 08:00:00,0.7462935323383084
2026-04-05 09:00:00,0.75151376146789
2026-04-05 10:00:00,1.3891705069124423
2026-04-05 11:00:00,1.7381521739130434
2026-04-05 12:00:00,2.2511063829787235
2026-04-05 13:00:00,2.7720128479657387
2026-04-05 14:00:00,2.735
2026-04-05 15:00:00,2.6161489361702124
2026-04-05 16:00:00,2.7045689655172414
2026-04-05 17:00:00,2.4927194860813704
2026-04-05 18:00:00,2.12060737527115
2026-04-05 19:00:00,2.814613733905579
2026-04-05 20:00:00,1.153388625592417
2026-04-05 21:00:00,0.41766519823788545
2026-04-05 22:00:00,0.5144444444444445
2026-04-05 23:00:00,0.3099576271186441
2026-04-06 00:00:00,0.8345475638051044
2026-04-06 01:00:00,1.5304385964912282
2026-04-06 02:00:00,1.7442608695652175
2026-04-06 03:00:00,1.4115077605321509
2026-04-06 04:00:00,0.7068493150684931
2026-04-06 05:00:00,2.067467248908297
2026-04-06 06:00:00,2.285555555555556
2026-04-06 07:00:00,2.241875
2026-04-06 08:00:00,1.2642070484581498
2026-04-06 09:00:00,1.5402988505747126
2026-04-06 10:00:00,1.4578048780487805
2026-04-06 11:00:00,2.2090455531453363
2026-04-06 12:00:00,3.0289957264957263
2026-04-06 13:00:00,3.160942184154176
2026-04-06 14:00:00,3.8602132196162047
2026-04-06 15:00:00,3.4674364406779663
2026-04-06 16:00:00,3.4400210970464133
2026-04-06 17:00:00,3.2066098081023457
2026-04-06 18:00:00,2.5192025862068967
2026-04-06 19:00:00,1.3066139954853273
2026-04-06 20:00:00,0.38636000000000004
2026-04-06 21:00:00,0.18555555555555556
2026-04-06 22:00:00,0.6123255813953489
2026-04-06 23:00:00,0.9553521126760564
2026-04-07 00:00:00,1.6216703296703296
2026-04-07 01:00:00,1.9725757575757576
2026-04-07 02:00:00,0.8312705882352942
2026-04-07 03:00:00,0.9414155251141552
2026-04-07 04:00:00,0.9407918552036199
2026-04-07 05:00:00,0.869726368159204
2026-04-07 06:00:00,0.7143920595533498
2026-04-07 07:00:00,0.9260550458715596
2026-04-07 08:00:00,0.9543981481481482
2026-04-07 09:00:00,1.254
2026-04-07 10:00:00,1.8417724288840265
2026-04-07 11:00:00,2.5326021505376346
2026-04-07 12:00:00,3.250299785867238
2026-04-07 13:00:00,2.6271306209850103
2026-04-07 14:00:00,2.851330472103004
2026-04-07 15:00:00,3.0587021276595743
2026-04-07 16:00:00,2.7260851063829787
2026-04-07 17:00:00,2.870321199143469
2026-04-07 18:00:00,1.7693231441048036
2026-04-07 19:00:00,1.394074074074074
2026-04-07 20:00:00,0.4613207547169811
2026-04-07 21:00:00,0.7106281407035175
2026-04-07 22:00:00,0.9365057471264367
2026-04-07 23:00:00,0.8220604395604396
2026-04-08 00:00:00,0.690765306122449
2026-04-08 01:00:00,0.8817298578199052
2026-04-08 02:00:00,0.8671253071253071
2026-04-08 03:00:00,1.1170588235294119
2026-04-08 04:00:00,1.087345971563981
2026-04-08 05:00:00,1.0985649202733485
2026-04-08 06:00:00,0.7531219512195123
2026-04-08 07:00:00,1.0669358669833728
2026-04-08 08:00:00,1.1510208816705336
2026-04-08 09:00:00,1.865977777777778
2026-04-08 10:00:00,2.5063557483731023
2026-04-08 11:00:00,3.2930901287553644
2026-04-08 12:00:00,3.2325106382978723
2026-04-08 13:00:00,3.3666808510638297
2026-04-08 14:00:00,3.287420042643923
2026-04-08 15:00:00,2.978787234042553
2026-04-08 16:00:00,3.204182590233546
2026-04-08 17:00:00,2.592008639308855
2026-04-08 18:00:00,2.0326881720430108
2026-04-08 19:00:00,1.485
2026-04-08 20:00:00,0.6625729442970822
2026-04-08 21:00:00,0.540703125
2026-04-08 22:00:00,0.4679591836734694
2026-04-08 23:00:00,0.7606818181818182
2026-04-09 00:00:00,1.0656781609195403
2026-04-09 01:00:00,0.618891820580475
2026-04-09 02:00:00,0.8308759124087591
2026-04-09 03:00:00,0.7286682808716707
2026-04-09 04:00:00,0.9353221957040573
2026-04-09 05:00:00,0.825852534562212
2026-04-09 06:00:00,0.8446453089244852
2026-04-09 07:00:00,1.720695652173913
2026-04-09 08:00:00,1.5174725274725276
2026-04-09 09:00:00,1.5237639198218262
2026-04-09 10:00:00,2.1503246753246756
2026-04-09 11:00:00,2.7051931330472105
2026-04-09 12:00:00,3.507664543524416
2026-04-09 13:00:00,3.193651804670913
2026-04-09 14:00:00,3.2529211087420045
2026-04-09 15:00:00,3.6860042735042735
2026-04-09 16:00:00,3.6910593220338983
2026-04-09 17:00:00,3.5038379530916846
2026-04-09 18:00:00,1.8826637554585153
2026-04-09 19:00:00,0.6107826086956522
2026-04-09 20:00:00,0.41378151260504203
2026-04-09 21:00:00,0.36134078212290505
2026-04-09 22:00:00,1.0121134020618556
2026-04-09 23:00:00,1.4526373626373628
2026-04-10 00:00:00,1.0222041763341068
2026-04-10 01:00:00,2.377066381156317
2026-04-10 02:00:00,1.0538072289156626
2026-04-10 03:00:00,0.7455023923444977
2026-04-10 04:00:00,1.1181132075471698
2026-04-10 05:00:00,0.7055086848635236
2026-04-10 06:00:00,0.963609022556391
2026-04-10 07:00:00,1.5108482142857143
2026-04-10 08:00:00,1.4676872246696036
2026-04-10 09:00:00,1.100801886792453
2026-04-10 10:00:00,1.7557802197802197
2026-04-10 11:00:00,2.5972222222222223
2026-04-10 12:00:00,3.1991932059447983
2026-04-10 13:00:00,3.3575427350427347
2026-04-10 14:00:00,3.7032978723404253
2026-04-10 15:00:00,2.4916239316239315
2026-04-10 16:00:00,3.457336152219873
2026-04-10 17:00:00,3.0759701492537315
2026-04-10 18:00:00,1.989719827586207
2026-04-10 19:00:00,1.03433014354067
2026-04-10 20:00:00,0.8828571428571429
2026-04-10 21:00:00,0.7666049382716049
2026-04-10 22:00:00,1.202074074074074
2026-04-10 23:00:00,0.7054137931034482
2026-04-11 00:00:00,1.8389624724061808
2026-04-11 01:00:00,1.539646017699115
2026-04-11 02:00:00,0.8648857142857143
2026-04-11 03:00:00,1.368814317673378
2026-04-11 04:00:00,1.0512315270935961
2026-04-11 05:00:00,1.2706094808126411
2026-04-11 06:00:00,0.8055692307692308
2026-04-11 07:00:00,1.2289086859688196
2026-04-11 08:00:00,1.3610135135135135
2026-04-11 09:00:00,1.3678014184397165
2026-04-11 10:00:00,1.3782286995515696
2026-04-11 11:00:00,1.5829424778761063
2026-04-11 12:00:00,1.6229978118161927
2026-04-11 13:00:00,1.3579732739420936
2026-04-11 14:00:00,1.7538095238095237
2026-04-11 15:00:00,1.580427927927928
2026-04-11 16:00:00,1.2469213483146067
2026-04-11 17:00:00,1.9040481400437637
2026-04-11 18:00:00,1.5046681415929204
2026-04-11 19:00:00,2.22636761487965
2026-04-11 20:00:00,1.076716049382716
2026-04-11 21:00:00,1.833422222222222
2026-04-11 22:00:00,0.8600666666666666
2026-04-11 23:00:00,1.6423488372093025
2026-04-12 00:00:00,1.0477142857142858
2026-04-12 01:00:00,1.687752808988764
2026-04-12 02:00:00,1.410896860986547
2026-04-12 03:00:00,0.9116752577319588
2026-04-12 04:00:00,1.763930131004367
2026-04-12 05:00:00,1.5234868421052632
2026-04-12 06:00:00,0.9321445221445221
2026-04-12 07:00:00,1.0118119266055046
2026-04-12 08:00:00,1.8180610021786492
2026-04-12 09:00:00,2.421068376068376
2026-04-12 10:00:00,2.8081034482758622
2026-04-12 11:00:00,2.407887931034483
2026-04-12 12:00:00,3.0727194860813705
2026-04-12 13:00:00,3.1616631130063966
2026-04-12 14:00:00,2.575930735930736
2026-04-12 15:00:00,1.395324074074074
2026-04-12 16:00:00,2.069760348583878
2026-04-12 17:00:00,2.730920770877944
2026-04-12 18:00:00,2.016165577342048
2026-04-12 19:00:00,1.4524943820224718
2026-04-12 20:00:00,1.2238307349665924
2026-04-12 21:00:00,0.42220532319391635
2026-04-12 22:00:00,0.6224029126213593
2026-04-12 23:00:00,2.0752162849872775
2026-04-13 00:00:00,3.5539065817409767
2026-04-13 01:00:00,3.3150212765957447
2026-04-13 02:00:00,2.962961373390558
2026-04-13 03:00:00,3.413482905982906
2026-04-13 04:00:00,3.3776220806794055
2026-04-13 05:00:00,2.687167381974249
2026-04-13 06:00:00,3.5444136460554367
2026-04-13 07:00:00,4.7375527426160335
2026-04-13 08:00:00,5.749786780383795
2026-04-13 09:00:00,5.645350318471338
2026-04-13 10:00:00,6.29084388185654
2026-04-13 11:00:00,6.0238543897216275
2026-04-13 12:00:00,5.484352441613589
2026-04-13 13:00:00,6.031585623678647
2026-04-13 14:00:00,5.0854042553191485
2026-04-13 15:00:00,5.098368644067796
2026-04-13 16:00:00,4.61163829787234
2026-04-13 17:00:00,4.704131355932203
2026-04-13 18:00:00,3.434936440677966
2026-04-13 19:00:00,2.9594871794871795
2026-04-13 20:00:00,3.0741489361702126
2026-04-13 21:00:00,2.4627922077922078
2026-04-13 22:00:00,1.5589277899343543
2026-04-13 23:00:00,0.71375
2026-04-14 00:00:00,1.3263007159904536
2026-04-14 01:00:00,1.37980044345898
2026-04-14 02:00:00,0.7450948509485095
2026-04-14 03:00:00,0.8692857142857142
2026-04-14 04:00:00,0.5915245478036175
2026-04-14 05:00:00,0.7963349514563106
2026-04-14 06:00:00,1.7253846153846153
2026-04-14 07:00:00,2.821239316239316
2026-04-14 08:00:00,4.179701492537314
2026-04-14 09:00:00,4.218726114649681
2026-04-14 10:00:00,3.900403397027601
2026-04-14 11:00:00,3.7452676659528907
2026-04-14 12:00:00,4.82618947368421
2026-04-14 13:00:00,4.439936305732484
2026-04-14 14:00:00,3.5431115879828323
2026-04-14 15:00:00,3.169010752688172
2026-04-14 16:00:00,1.6719913419913421
2026-04-14 17:00:00,1.3415217391304348
2026-04-14 18:00:00,1.1278213507625272
2026-04-14 19:00:00,0.9017555555555556
2026-04-14 20:00:00,0.8763144963144964
2026-04-14 21:00:00,0.45281954887218046
2026-04-14 22:00:00,0.045875
2026-04-14 23:00:00,1.106437125748503
2026-04-15 00:00:00,1.4348245614035087
2026-04-15 01:00:00,1.0307551487414188
2026-04-15 02:00:00,0.8901157407407406
2026-04-15 03:00:00,0.8425874125874127
2026-04-15 04:00:00,1.1676244343891404
2026-04-15 05:00:00,0.9481887755102041
2026-04-15 06:00:00,1.0266190476190475
2026-04-15 07:00:00,1.1125977011494252
2026-04-15 08:00:00,2.808458244111349
2026-04-15 09:00:00,2.4537580993520516
2026-04-15 10:00:00,2.326522678185745
2026-04-15 11:00:00,1.7230349344978166
2026-04-15 12:00:00,1.6967912087912087
2026-04-15 13:00:00,1.6364888888888889
2026-04-15 14:00:00,2.2922269807280515
2026-04-15 15:00:00,3.017133620689655
2026-04-15 16:00:00,2.432564655172414
2026-04-15 17:00:00,1.9596351931330473
2026-04-15 18:00:00,1.037421524663677
2026-04-15 19:00:00,0.7375801749271137
2026-04-15 20:00:00,0.6436363636363637
2026-04-15 21:00:00,0.39496815286624204
2026-04-15 22:00:00,0.24856321839080459
2026-04-15 23:00:00,0.034765100671140935
2026-04-16 00:00:00,0.2617889908256881
2026-04-16 01:00:00,0.6943354430379747
2026-04-16 02:00:00,1.2709156626506022
2026-04-16 03:00:00,1.145861244019139
2026-04-16 04:00:00,1.3913846153846154
2026-04-16 05:00:00,0.2673039215686275
2026-04-16 06:00:00,0.8807978723404255
2026-04-16 07:00:00,1.1567627494456765
2026-04-16 08:00:00,1.419647577092511
2026-04-16 09:00:00,1.7424724061810155
2026-04-16 10:00:00,2.065086956521739
2026-04-16 11:00:00,2.1559652928416484
2026-04-16 12:00:00,2.467893617021277
2026-04-16 13:00:00,2.7181330472103005
2026-04-16 14:00:00,3.0883655913978494
2026-04-16 15:00:00,2.5989032258064517
2026-04-16 16:00:00,2.6229399141630902
2026-04-16 17:00:00,2.3124463519313303
2026-04-16 18:00:00,1.5223478260869565
2026-04-16 19:00:00,0.9807174887892376
2026-04-16 20:00:00,0.5565174129353234
2026-04-16 21:00:00,0.3190076335877863
2026-04-16 22:00:00,0.17318627450980392
2026-04-16 23:00:00,0.09845794392523365
2026-04-17 00:00:00,0.013502824858757062
2026-04-17 01:00:00,0.5517664670658683
2026-04-17 02:00:00,1.188255033557047
2026-04-17 03:00:00,1.5258185840707963
2026-04-17 04:00:00,1.6931072210065645
2026-04-17 05:00:00,0.651842105263158
2026-04-17 06:00:00,0.9303521126760563
2026-04-17 07:00:00,0.824061757719715
2026-04-17 08:00:00,0.9072616136919315
2026-04-17 09:00:00,0.7830097087378641
2026-04-17 10:00:00,0.9522748815165877
2026-04-17 11:00:00,1.3175118483412323
2026-04-17 12:00:00,1.728047722342733
2026-04-17 13:00:00,1.7339035087719297
2026-04-17 14:00:00,2.52247311827957
2026-04-17 15:00:00,2.2045591397849464
2026-04-17 16:00:00,2.293040685224839
2026-04-17 17:00:00,2.1938626609442062
2026-04-17 18:00:00,1.4088427947598254
2026-04-17 19:00:00,0.9974944567627495
2026-04-17 20:00:00,0.3965915492957746
2026-04-17 21:00:00,0.32489082969432315
2026-04-17 22:00:00,0.19358870967741934
2026-04-17 23:00:00,0.02769230769230769
2026-04-18 00:00:00,0.009058823529411765
2026-04-18 01:00:00,0.28691666666666665
2026-04-18 02:00:00,0.751063829787234
2026-04-18 03:00:00,1.077865168539326
2026-04-18 04:00:00,0.9913669064748201
2026-04-18 05:00:00,0.29827118644067796
2026-04-18 06:00:00,1.423362445414847
2026-04-18 07:00:00,1.2571748878923767
2026-04-18 08:00:00,0.9605080831408775
2026-04-18 09:00:00,0.7010804020100503
2026-04-18 10:00:00,1.1453117782909932
2026-04-18 11:00:00,1.8187610619469028
2026-04-18 12:00:00,2.1948051948051948
2026-04-18 13:00:00,2.318620689655172
2026-04-18 14:00:00,2.895692963752665
2026-04-18 15:00:00,3.295117773019272
2026-04-18 16:00:00,3.04813704496788
2026-04-18 17:00:00,2.476666666666667
2026-04-18 18:00:00,1.184799107142857
2026-04-18 19:00:00,0.6434498834498835
2026-04-18 20:00:00,0.5477319587628866
2026-04-18 21:00:00,0.25923076923076926
2026-04-18 22:00:00,0.41727272727272724
2026-04-18 23:00:00,0.05240223463687151
2026-04-19 00:00:00,0.5888111888111889
2026-04-19 01:00:00,1.2726431718061673
2026-04-19 02:00:00,0.34207031250000003
2026-04-19 03:00:00,0.776069182389937
2026-04-19 04:00:00,1.0938876404494382
2026-04-19 05:00:00,0.5381912144702843
2026-04-19 06:00:00,1.0583333333333333
2026-04-19 07:00:00,1.01843537414966
2026-04-19 08:00:00,0.8866901408450705
2026-04-19 09:00:00,1.2067816091954024
2026-04-19 10:00:00,1.6783370288248336
2026-04-19 11:00:00,2.1617672413793105
2026-04-19 12:00:00,1.988311403508772
2026-04-19 13:00:00,2.683965517241379
2026-04-19 14:00:00,3.3045974576271187
2026-04-19 15:00:00,2.9287861271676303
2026-04-19 16:00:00,2.523032258064516
2026-04-19 17:00:00,2.6141666666666667
2026-04-19 18:00:00,1.5995711060948081
2026-04-19 19:00:00,0.5141778975741239
2026-04-19 20:00:00,0.2844107744107744
2026-04-19 21:00:00,0.2932584269662922
2026-04-19 22:00:00,0.052590361445783135
2026-04-19 23:00:00,0.0074444444444444445
2026-04-20 00:00:00,0.6062658227848101
2026-04-20 01:00:00,0.6138922155688622
2026-04-20 02:00:00,1.6253186813186813
2026-04-20 03:00:00,2.0825272331154685
2026-04-20 04:00:00,1.9963894967177243
2026-04-20 05:00:00,0.3454354354354354
2026-04-20 06:00:00,0.8417441860465116
2026-04-20 07:00:00,1.1053333333333333
2026-04-20 08:00:00,1.0400444444444443
2026-04-20 09:00:00,0.9279156908665106
2026-04-20 10:00:00,1.1031991051454137
2026-04-20 11:00:00,1.3562186788154897
2026-04-20 12:00:00,1.8890809628008753
2026-04-20 13:00:00,1.8514725274725274
2026-04-20 14:00:00,2.8279913606911444
2026-04-20 15:00:00,3.1221535181236675
2026-04-20 16:00:00,2.702905982905983
2026-04-20 17:00:00,2.0836324786324787
2026-04-20 18:00:00,1.9007956989247312
2026-04-20 19:00:00,1.1287117903930133
2026-04-20 20:00:00,0.6121116504854369
2026-04-20 21:00:00,0.31483870967741934
2026-04-20 22:00:00,0.04606382978723404
2026-04-20 23:00:00,0.02318918918918919
2026-04-21 00:00:00,0.8019548872180452
2026-04-21 01:00:00,1.2171714922048997
2026-04-21 02:00:00,2.0026133909287256
2026-04-21 03:00:00,0.6830844155844156
2026-04-21 04:00:00,1.0929951690821256
2026-04-21 05:00:00,0.6965573770491803
2026-04-21 06:00:00,1.227291196388262
2026-04-21 07:00:00,1.4607572383073497
2026-04-21 08:00:00,0.9871461716937354
2026-04-21 09:00:00,0.753048128342246
2026-04-21 10:00:00,1.7071772428884024
2026-04-21 11:00:00,1.9534341252699785
2026-04-21 12:00:00,2.2113948497854077
2026-04-21 13:00:00,2.975952890792291
2026-04-21 14:00:00,2.640363247863248
2026-04-21 15:00:00,2.7497424892703863
2026-04-21 16:00:00,2.7339400428265526
2026-04-21 17:00:00,2.531456102783726
2026-04-21 18:00:00,1.9113913043478261
2026-04-21 19:00:00,0.7908624708624707
2026-04-21 20:00:00,0.6028900255754476
2026-04-21 21:00:00,0.09128078817733991
2026-04-21 22:00:00,0.5313105413105413
2026-04-21 23:00:00,0.9810919540229885
2026-04-22 00:00:00,0.5822740524781341
2026-04-22 01:00:00,0.7283024691358024
2026-04-22 02:00:00,0.8306516290726818
2026-04-22 03:00:00,1.0213145539906103
2026-04-22 04:00:00,0.8257142857142858
2026-04-22 05:00:00,0.7865885416666667
2026-04-22 06:00:00,1.1412217194570136
2026-04-22 07:00:00,1.4583516483516483
2026-04-22 08:00:00,1.2931767337807605
2026-04-22 09:00:00,0.7986341463414635
2026-04-22 10:00:00,1.3450776053215077
2026-04-22 11:00:00,1.9506709956709958
2026-04-22 12:00:00,2.1973695652173912
2026-04-22 13:00:00,2.7503440860215056
2026-04-22 14:00:00,2.9231837606837607
2026-04-22 15:00:00,2.5810920770877948
2026-04-22 16:00:00,2.6855555555555553
2026-04-22 17:00:00,2.053019271948608
2026-04-22 18:00:00,1.5091540130151844
2026-04-22 19:00:00,0.9778508771929824
2026-04-22 20:00:00,0.6377419354838709
2026-04-22 21:00:00,0.4333832335329341
2026-04-22 22:00:00,0.27475000000000005
2026-04-22 23:00:00,0.16626666666666667
2026-04-23 00:00:00,0.44742138364779876
2026-04-23 01:00:00,1.4669525959367946
2026-04-23 02:00:00,0.36326018808777427
2026-04-23 03:00:00,0.9014117647058824
2026-04-23 04:00:00,1.5651633986928104
2026-04-23 05:00:00,1.395601750547046
2026-04-23 06:00:00,1.6038274336283187
2026-04-23 07:00:00,1.5608071748878924
2026-04-23 08:00:00,1.2818973214285714
2026-04-23 09:00:00,0.9714928909952607
2026-04-23 10:00:00,2.7588984881209506
2026-04-23 11:00:00,3.7770021413276234
2026-04-23 12:00:00,3.531734475374732
2026-04-23 13:00:00,4.3634810126582275
2026-04-23 14:00:00,4.460063559322034
2026-04-23 15:00:00,4.28132911392405
2026-04-23 16:00:00,3.909512711864407
2026-04-23 17:00:00,3.786398305084746
2026-04-23 18:00:00,3.6896815286624203
2026-04-23 19:00:00,2.1229094827586206
2026-04-23 20:00:00,1.4061556064073226
2026-04-23 21:00:00,0.21085020242914979
2026-04-23 22:00:00,0.4807941176470588
2026-04-23 23:00:00,0.6886436170212766
2026-04-24 00:00:00,0.4520505617977528
2026-04-24 01:00:00,0.48165625
2026-04-24 02:00:00,1.0255955056179775
2026-04-24 03:00:00,1.0437142857142858
2026-04-24 04:00:00,0.8577944862155388
2026-04-24 05:00:00,0.492875
2026-04-24 06:00:00,0.8971428571428571
2026-04-24 07:00:00,0.23666666666666666
2026-04-24 08:00:00,0.6116844919786096
2026-04-24 09:00:00,1.7998698481561823
2026-04-24 10:00:00,1.6545474137931035
2026-04-24 11:00:00,3.0237179487179486
2026-04-24 12:00:00,2.9445182012847964
2026-04-24 13:00:00,3.597063829787234
2026-04-24 14:00:00,2.8914376321353066
2026-04-24 15:00:00,1.8787257019438446
2026-04-24 16:00:00,1.4113495575221238
2026-04-24 17:00:00,0.8419518072289157
2026-04-24 18:00:00,0.980559610705596
2026-04-24 19:00:00,0.7122429906542056
2026-04-24 20:00:00,0.6952148997134671
2026-04-24 21:00:00,-8473.482881355932
2026-04-24 22:00:00,
2026-04-24 23:00:00,
2026-04-25 00:00:00,
2026-04-25 01:00:00,
2026-04-25 02:00:00,
2026-04-25 03:00:00,
2026-04-25 04:00:00,
2026-04-25 05:00:00,
2026-04-25 06:00:00,
2026-04-25 07:00:00,
2026-04-25 08:00:00,
2026-04-25 09:00:00,
2026-04-25 10:00:00,
2026-04-25 11:00:00,
2026-04-25 12:00:00,
2026-04-25 13:00:00,
2026-04-25 14:00:00,
2026-04-25 15:00:00,
2026-04-25 16:00:00,
2026-04-25 17:00:00,
2026-04-25 18:00:00,
2026-04-25 19:00:00,
2026-04-25 20:00:00,
2026-04-25 21:00:00,
2026-04-25 22:00:00,
2026-04-25 23:00:00,
2026-04-26 00:00:00,
2026-04-26 01:00:00,
2026-04-26 02:00:00,
2026-04-26 03:00:00,
2026-04-26 04:00:00,
2026-04-26 05:00:00,
2026-04-26 06:00:00,
2026-04-26 07:00:00,
2026-04-26 08:00:00,
2026-04-26 09:00:00,
2026-04-26 10:00:00,
2026-04-26 11:00:00,
2026-04-26 12:00:00,
2026-04-26 13:00:00,
2026-04-26 14:00:00,
2026-04-26 15:00:00,
2026-04-26 16:00:00,
2026-04-26 17:00:00,
2026-04-26 18:00:00,
2026-04-26 19:00:00,
2026-04-26 20:00:00,
2026-04-26 21:00:00,
2026-04-26 22:00:00,
2026-04-26 23:00:00,
2026-04-27 00:00:00,
2026-04-27 01:00:00,
2026-04-27 02:00:00,
2026-04-27 03:00:00,
2026-04-27 04:00:00,
2026-04-27 05:00:00,
2026-04-27 06:00:00,
2026-04-27 07:00:00,-999999.0
2026-04-27 08:00:00,
2026-04-27 09:00:00,
2026-04-27 10:00:00,
2026-04-27 11:00:00,
2026-04-27 12:00:00,
2026-04-27 13:00:00,
2026-04-27 14:00:00,
2026-04-27 15:00:00,
2026-04-27 16:00:00,
2026-04-27 17:00:00,
2026-04-27 18:00:00,
2026-04-27 19:00:00,
2026-04-27 20:00:00,
2026-04-27 21:00:00,
2026-04-27 22:00:00,
2026-04-27 23:00:00,
2026-04-28 00:00:00,
2026-04-28 01:00:00,
2026-04-28 02:00:00,
2026-04-28 03:00:00,
2026-04-28 04:00:00,
2026-04-28 05:00:00,
2026-04-28 06:00:00,-999999.0
2026-04-28 07:00:00,
2026-04-28 08:00:00,
2026-04-28 09:00:00,
2026-04-28 10:00:00,
2026-04-28 11:00:00,-999999.0
2026-04-28 12:00:00,
2026-04-28 13:00:00,
2026-04-28 14:00:00,
2026-04-28 15:00:00,
2026-04-28 16:00:00,
2026-04-28 17:00:00,
2026-04-28 18:00:00,
2026-04-28 19:00:00,
2026-04-28 20:00:00,
2026-04-28 21:00:00,
2026-04-28 22:00:00,
2026-04-28 23:00:00,
2026-04-29 00:00:00,
2026-04-29 01:00:00,
2026-04-29 02:00:00,
2026-04-29 03:00:00,
2026-04-29 04:00:00,
2026-04-29 05:00:00,
2026-04-29 06:00:00,
2026-04-29 07:00:00,
2026-04-29 08:00:00,-60604.86727272728
2026-04-29 09:00:00,
2026-04-29 10:00:00,
2026-04-29 11:00:00,
2026-04-29 12:00:00,
2026-04-29 13:00:00,
2026-04-29 14:00:00,
2026-04-29 15:00:00,
2026-04-29 16:00:00,
2026-04-29 17:00:00,
2026-04-29 18:00:00,
2026-04-29 19:00:00,
2026-04-29 20:00:00,
2026-04-29 21:00:00,
2026-04-29 22:00:00,
2026-04-29 23:00:00,
2026-04-30 00:00:00,
2026-04-30 01:00:00,
2026-04-30 02:00:00,
2026-04-30 03:00:00,
2026-04-30 04:00:00,
2026-04-30 05:00:00,
2026-04-30 06:00:00,
2026-04-30 07:00:00,
2026-04-30 08:00:00,
2026-04-30 09:00:00,
2026-04-30 10:00:00,
2026-04-30 11:00:00,
2026-04-30 12:00:00,
2026-04-30 13:00:00,
2026-04-30 14:00:00,
2026-04-30 15:00:00,
2026-04-30 16:00:00,
2026-04-30 17:00:00,
2026-04-30 18:00:00,
2026-04-30 19:00:00,
2026-04-30 20:00:00,
2026-04-30 21:00:00,
2026-04-30 22:00:00,
2026-04-30 23:00:00,
2026-05-01 00:00:00,
2026-05-01 01:00:00,
2026-05-01 02:00:00,
2026-05-01 03:00:00,
2026-05-01 04:00:00,
2026-05-01 05:00:00,
2026-05-01 06:00:00,
2026-05-01 07:00:00,
2026-05-01 08:00:00,
2026-05-01 09:00:00,
2026-05-01 10:00:00,
2026-05-01 11:00:00,
2026-05-01 12:00:00,
2026-05-01 13:00:00,
2026-05-01 14:00:00,
2026-05-01 15:00:00,
2026-05-01 16:00:00,
2026-05-01 17:00:00,
2026-05-01 18:00:00,
2026-05-01 19:00:00,
2026-05-01 20:00:00,
2026-05-01 21:00:00,
2026-05-01 22:00:00,
2026-05-01 23:00:00,
2026-05-02 00:00:00,
2026-05-02 01:00:00,
2026-05-02 02:00:00,
2026-05-02 03:00:00,
2026-05-02 04:00:00,
2026-05-02 05:00:00,
2026-05-02 06:00:00,
2026-05-02 07:00:00,
2026-05-02 08:00:00,
2026-05-02 09:00:00,
2026-05-02 10:00:00,
2026-05-02 11:00:00,
2026-05-02 12:00:00,
2026-05-02 13:00:00,
2026-05-02 14:00:00,
2026-05-02 15:00:00,
2026-05-02 16:00:00,
2026-05-02 17:00:00,
2026-05-02 18:00:00,
2026-05-02 19:00:00,
2026-05-02 20:00:00,
2026-05-02 21:00:00,
2026-05-02 22:00:00,
2026-05-02 23:00:00,
2026-05-03 00:00:00,
2026-05-03 01:00:00,
2026-05-03 02:00:00,
2026-05-03 03:00:00,
2026-05-03 04:00:00,
2026-05-03 05:00:00,
2026-05-03 06:00:00,
2026-05-03 07:00:00,
2026-05-03 08:00:00,
2026-05-03 09:00:00,
2026-05-03 10:00:00,
2026-05-03 11:00:00,
2026-05-03 12:00:00,
2026-05-03 13:00:00,
2026-05-03 14:00:00,
2026-05-03 15:00:00,
2026-05-03 16:00:00,
2026-05-03 17:00:00,
2026-05-03 18:00:00,
2026-05-03 19:00:00,
2026-05-03 20:00:00,
2026-05-03 21:00:00,
2026-05-03 22:00:00,
2026-05-03 23:00:00,
2026-05-04 00:00:00,
2026-05-04 01:00:00,
2026-05-04 02:00:00,
2026-05-04 03:00:00,
2026-05-04 04:00:00,
2026-05-04 05:00:00,-6848.575821917808
2026-05-04 06:00:00,0.5085041551246537
2026-05-04 07:00:00,0.4716413373860182
2026-05-04 08:00:00,0.7601420454545454
2026-05-04 09:00:00,0.9244810126582279
2026-05-04 10:00:00,0.9188372093023255
2026-05-04 11:00:00,1.3268
2026-05-04 12:00:00,2.1474505494505496
2026-05-04 13:00:00,2.2640652173913045
2026-05-04 14:00:00,3.7047311827956992
2026-05-04 15:00:00,3.608234042553191
2026-05-04 16:00:00,2.837036247334755
2026-05-04 17:00:00,2.066025917926566
2026-05-04 18:00:00,1.5133480176211453
2026-05-04 19:00:00,1.0968644067796611
2026-05-04 20:00:00,0.6138486842105264
2026-05-04 21:00:00,0.6238046272493574
2026-05-04 22:00:00,0.4032
2026-05-04 23:00:00,0.92984
2026-05-05 00:00:00,0.508125
2026-05-05 01:00:00,0.5567286245353159
2026-05-05 02:00:00,1.4874716981132077
2026-05-05 03:00:00,1.7607608695652175
2026-05-05 04:00:00,1.6715570175438597
2026-05-05 05:00:00,1.8876355748373104
2026-05-05 06:00:00,1.7941830065359476
2026-05-05 07:00:00,2.01
2026-05-05 08:00:00,2.633648068669528
2026-05-05 09:00:00,2.603712446351931
2026-05-05 10:00:00,1.5367549668874172
2026-05-05 11:00:00,1.6971677559912854
2026-05-05 12:00:00,2.383051948051948
2026-05-05 13:00:00,2.638430107526882
2026-05-05 14:00:00,2.8623809523809527
2026-05-05 15:00:00,2.8378768577494693
2026-05-05 16:00:00,3.323987206823028
2026-05-05 17:00:00,3.245496828752643
2026-05-05 18:00:00,2.0320905172413792
2026-05-05 19:00:00,0.7617703349282297
2026-05-05 20:00:00,0.4875
2026-05-05 21:00:00,0.5882108626198084
2026-05-05 22:00:00,0.6302208201892745
2026-05-05 23:00:00,0.43881249999999994
2026-05-06 00:00:00,1.1054415954415955
2026-05-06 01:00:00,1.2946979865771813
2026-05-06 02:00:00,0.8697674418604652
2026-05-06 03:00:00,0.6073144876325088
2026-05-06 04:00:00,0.43346153846153845
2026-05-06 05:00:00,1.210950819672131
2026-05-06 06:00:00,1.057803738317757
2026-05-06 07:00:00,0.7293859649122807
2026-05-06 08:00:00,1.0319310344827586
2026-05-06 09:00:00,1.6385934065934065
2026-05-06 10:00:00,2.1238279569892473
2026-05-06 11:00:00,2.657446351931331
2026-05-06 12:00:00,3.8166524520255862
2026-05-06 13:00:00,4.320951374207188
2026-05-06 14:00:00,4.363752665245203
2026-05-06 15:00:00,4.296779661016949
2026-05-06 16:00:00,3.614936170212766
2026-05-06 17:00:00,3.380659574468085
2026-05-06 18:00:00,2.619851694915254
2026-05-06 19:00:00,1.9830555555555556
2026-05-06 20:00:00,1.8864592274678111
2026-05-06 21:00:00,1.4770495495495497
2026-05-06 22:00:00,0.522029411764706
2026-05-06 23:00:00,0.7655905511811023
2026-05-07 00:00:00,0.5844378698224851
2026-05-07 01:00:00,0.40884375000000006
2026-05-07 02:00:00,0.26680851063829786
2026-05-07 03:00:00,0.5907228915662651
2026-05-07 04:00:00,0.5707458563535912
2026-05-07 05:00:00,0.8211980440097799
2026-05-07 06:00:00,0.8188483146067416
2026-05-07 07:00:00,0.8854784688995215
2026-05-07 08:00:00,0.8473220338983051
2026-05-07 09:00:00,1.2773710073710074
2026-05-07 10:00:00,1.622217090069284
2026-05-07 11:00:00,1.3406812652068125
2026-05-07 12:00:00,1.8563100436681224
2026-05-07 13:00:00,1.6246466809421842
2026-05-07 14:00:00,2.8309574468085104
2026-05-07 15:00:00,2.869300847457627
2026-05-07 16:00:00,2.4003846153846156
2026-05-07 17:00:00,2.526183368869936
2026-05-07 18:00:00,0.8095550351288057
2026-05-07 19:00:00,0.9947945205479453
2026-05-07 20:00:00,0.767303664921466
2026-05-07 21:00:00,0.4564423076923077
2026-05-07 22:00:00,0.5493814432989691
2026-05-07 23:00:00,0.7608904109589041
2026-05-08 00:00:00,1.0244044943820225
2026-05-08 01:00:00,1.2733188720173536
2026-05-08 02:00:00,0.6923214285714285
2026-05-08 03:00:00,0.8282386363636364
2026-05-08 04:00:00,0.6727433628318584
2026-05-08 05:00:00,0.34426356589147283
2026-05-08 06:00:00,1.0883664459161146
2026-05-08 07:00:00,0.8842227979274612
2026-05-08 08:00:00,0.655
2026-05-08 09:00:00,0.7564259927797834
2026-05-08 10:00:00,0.6751515151515152
2026-05-08 11:00:00,1.0823188405797102
2026-05-08 12:00:00,1.3123076923076924
2026-05-08 13:00:00,1.904575163398693
2026-05-08 14:00:00,2.0481263616557737
2026-05-08 15:00:00,2.4481837606837606
2026-05-08 16:00:00,2.965063559322034
2026-05-08 17:00:00,3.2221097046413503
2026-05-08 18:00:00,2.1063043478260868
2026-05-08 19:00:00,1.7881045751633986
2026-05-08 20:00:00,1.0474370709382153
2026-05-08 21:00:00,0.8028909952606635
2026-05-08 22:00:00,0.25425
2026-05-08 23:00:00,0.3981102362204725
2026-05-09 00:00:00,0.6360281690140844
2026-05-09 01:00:00,1.6429193899782135
2026-05-09 02:00:00,1.9890086206896551
2026-05-09 03:00:00,2.084808510638298
2026-05-09 04:00:00,2.081896551724138
2026-05-09 05:00:00,1.1067877094972067
2026-05-09 06:00:00,0.650796178343949
2026-05-09 07:00:00,1.3508900523560208
2026-05-09 08:00:00,1.5345315904139434
2026-05-09 09:00:00,0.39595454545454545
2026-05-09 10:00:00,1.075217391304348
2026-05-09 11:00:00,1.4929677419354839
2026-05-09 12:00:00,1.4817621145374449
2026-05-09 13:00:00,2.1154525862068967
2026-05-09 14:00:00,2.4578131634819536
2026-05-09 15:00:00,3.0704449152542375
2026-05-09 16:00:00,4.364042105263158
2026-05-09 17:00:00,4.009364406779661
2026-05-09 18:00:00,2.3009656652360513
2026-05-09 19:00:00,1.2485906040268457
2026-05-09 20:00:00,0.6359447004608295
2026-05-09 21:00:00,0.48466292134831457
2026-05-09 22:00:00,0.5157297297297297
2026-05-09 23:00:00,0.5665734265734266
2026-05-10 00:00:00,0.5109638554216867
2026-05-10 01:00:00,0.7834650455927051
2026-05-10 02:00:00,0.7028313253012048
2026-05-10 03:00:00,0.8482222222222222
2026-05-10 04:00:00,0.578325
2026-05-10 05:00:00,0.7983064516129033
2026-05-10 06:00:00,1.1439460784313726
2026-05-10 07:00:00,0.6016338028169015
2026-05-10 08:00:00,0.7985326086956522
2026-05-10 09:00:00,1.1748831775700934
2026-05-10 10:00:00,1.56175
2026-05-10 11:00:00,3.0069742489270386
2026-05-10 12:00:00,4.613673036093418
2026-05-10 13:00:00,4.821617647058824
2026-05-10 14:00:00,4.505021276595745
2026-05-10 15:00:00,4.601962025316456
2026-05-10 16:00:00,3.8687552742616034
2026-05-10 17:00:00,3.0090851063829787
2026-05-10 18:00:00,1.468045112781955
2026-05-10 19:00:00,1.0923883928571427
2026-05-10 20:00:00,0.49487654320987656
2026-05-10 21:00:00,2.925022522522523
2026-05-10 22:00:00,3.365635593220339
2026-05-10 23:00:00,2.9168376068376065
2026-05-11 00:00:00,1.9914470842332612
2026-05-11 01:00:00,0.7057071960297766
2026-05-11 02:00:00,1.2292494481236205
2026-05-11 03:00:00,1.0713475177304965
2026-05-11 04:00:00,0.8318269230769231
2026-05-11 05:00:00,0.9386065573770492
2026-05-11 06:00:00,1.0305
2026-05-11 07:00:00,1.7340652173913043
2026-05-11 08:00:00,2.068720173535792
2026-05-11 09:00:00,1.9584381778741866
2026-05-11 10:00:00,1.8848026315789475
2026-05-11 11:00:00,1.875838779956427
2026-05-11 12:00:00,1.411076923076923
2026-05-11 13:00:00,2.9774730021598272
2026-05-11 14:00:00,2.857440860215054
2026-05-11 15:00:00,3.70331914893617
2026-05-11 16:00:00,3.2915744680851065
2026-05-11 17:00:00,3.0532758620689657
2026-05-11 18:00:00,1.9259734513274336
2026-05-11 19:00:00,0.9884579439252337
2026-05-11 20:00:00,0.6904020100502511
2026-05-11 21:00:00,0.553657894736842
2026-05-11 22:00:00,0.4843125
2026-05-11 23:00:00,0.3463701067615658
2026-05-12 00:00:00,0.5819083969465649
2026-05-12 01:00:00,0.5311475409836065
2026-05-12 02:00:00,0.6948924731182796
2026-05-12 03:00:00,0.9733589743589744
2026-05-12 04:00:00,1.4983894230769232
2026-05-12 05:00:00,2.33974358974359
2026-05-12 06:00:00,1.1267194570135746
2026-05-12 07:00:00,1.2077678571428572
2026-05-12 08:00:00,1.7592747252747254
2026-05-12 09:00:00,1.7101339285714285
2026-05-12 10:00:00,1.6411581291759465
2026-05-12 11:00:00,2.2219419642857146
2026-05-12 12:00:00,1.6175615212527963
2026-05-12 13:00:00,2.0382646420824293
2026-05-12 14:00:00,4.054978632478632
2026-05-12 15:00:00,4.909400428265525
2026-05-12 16:00:00,4.904458598726115
2026-05-12 17:00:00,4.435074946466809
2026-05-12 18:00:00,3.9713191489361703
2026-05-12 19:00:00,3.642963752665245
2026-05-12 20:00:00,2.1333405639913234
2026-05-12 21:00:00,1.5700869565217392
2026-05-12 22:00:00,1.232818791946309
2026-05-12 23:00:00,1.9388744588744589
2026-05-13 00:00:00,2.052608695652174
2026-05-13 01:00:00,1.6755164835164835
2026-05-13 02:00:00,0.7071812080536913
2026-05-13 03:00:00,0.45910447761194034
2026-05-13 04:00:00,0.5633590733590733
2026-05-13 05:00:00,0.8695187165775401
2026-05-13 06:00:00,1.1846420323325637
2026-05-13 07:00:00,1.5385434782608696
2026-05-13 08:00:00,2.8931385281385285
2026-05-13 09:00:00,3.3988865096359744
2026-05-13 10:00:00,3.484413646055437
2026-05-13 11:00:00,3.108436830835118
2026-05-13 12:00:00,3.015215517241379
2026-05-13 13:00:00,2.8075541125541124
2026-05-13 14:00:00,1.5816740088105727
2026-05-13 15:00:00,1.570070588235294
2026-05-13 16:00:00,2.575442764578834
2026-05-13 17:00:00,2.925763440860215
2026-05-13 18:00:00,2.0858874458874457
2026-05-13 19:00:00,1.9530283224400873
2026-05-13 20:00:00,1.1356908665105387
2026-05-13 21:00:00,0.750179856115108
2026-05-13 22:00:00,0.8004424778761062
2026-05-13 23:00:00,1.4110869565217392
2026-05-14 00:00:00,0.977210401891253
2026-05-14 01:00:00,0.5687086092715232
2026-05-14 02:00:00,0.32225806451612904
2026-05-14 03:00:00,0.5598466257668712
2026-05-14 04:00:00,0.3823357664233577
2026-05-14 05:00:00,0.6333472803347281
2026-05-14 06:00:00,0.6067810026385224
2026-05-14 07:00:00,1.0037357630979498
2026-05-14 08:00:00,1.8834490238611714
2026-05-14 09:00:00,3.0323010752688173
2026-05-14 10:00:00,2.482164502164502
2026-05-14 11:00:00,1.3166666666666669
2026-05-14 12:00:00,1.2167281105990781
2026-05-14 13:00:00,1.6843440860215055
2026-05-14 14:00:00,2.0045076586433264
2026-05-14 15:00:00,3.522586206896552
2026-05-14 16:00:00,3.7647649572649575
2026-05-14 17:00:00,3.632299578059072
2026-05-14 18:00:00,2.3575321888412013
2026-05-14 19:00:00,1.5410421286031042
2026-05-14 20:00:00,2.0043196544276456
2026-05-14 21:00:00,2.2273978494623656
2026-05-14 22:00:00,1.8884301075268817
2026-05-14 23:00:00,0.8865315315315315
2026-05-15 00:00:00,0.8641666666666666
2026-05-15 01:00:00,1.018116591928251
2026-05-15 02:00:00,0.8274884792626728
2026-05-15 03:00:00,1.179035874439462
2026-05-15 04:00:00,1.4563436123348017
2026-05-15 05:00:00,1.4220484581497799
2026-05-15 06:00:00,1.504177489177489
2026-05-15 07:00:00,1.6307608695652174
2026-05-15 08:00:00,2.284708423326134
2026-05-15 09:00:00,3.0506183368869935
2026-05-15 10:00:00,3.934236559139785
2026-05-15 11:00:00,3.3446004319654428
2026-05-15 12:00:00,4.371290322580645
2026-05-15 13:00:00,4.192356687898089
2026-05-15 14:00:00,4.620126849894292
2026-05-15 15:00:00,4.700845665961945
2026-05-15 16:00:00,3.7308955223880598
2026-05-15 17:00:00,2.894349680170576
2026-05-15 18:00:00,2.734017094017094
2026-05-15 19:00:00,2.111375545851528
2026-05-15 20:00:00,1.0565337423312884
2026-05-15 21:00:00,0.9603409090909091
2026-05-15 22:00:00,0.9016867469879518
2026-05-15 23:00:00,1.5430989010989011
2026-05-16 00:00:00,1.4103341288782816
2026-05-16 01:00:00,1.0282776349614395
2026-05-16 02:00:00,0.4731654676258992
2026-05-16 03:00:00,0.8592059553349876
2026-05-16 04:00:00,0.8683372921615202
2026-05-16 05:00:00,1.1151162790697675
2026-05-16 06:00:00,1.3316263736263736
2026-05-16 07:00:00,1.798108695652174
2026-05-16 08:00:00,2.470759219088937
2026-05-16 09:00:00,3.625714285714286
2026-05-16 10:00:00,3.2154389721627408
2026-05-16 11:00:00,3.8677589852008456
2026-05-16 12:00:00,2.746112311015119
2026-05-16 13:00:00,2.7304273504273504
2026-05-16 14:00:00,2.5488602150537636
2026-05-16 15:00:00,3.9872304439746302
2026-05-16 16:00:00,4.301808510638297
2026-05-16 17:00:00,3.7318259023354567
2026-05-16 18:00:00,3.5855744680851065
2026-05-16 19:00:00,2.055862068965517
2026-05-16 20:00:00,0.951487414187643
2026-05-16 21:00:00,0.35753488372093023
2026-05-16 22:00:00,0.3688477366255144
2026-05-16 23:00:00,0.2696753246753247
2026-05-17 00:00:00,0.2344927536231884
2026-05-17 01:00:00,0.35440860215053765
2026-05-17 02:00:00,0.14954545454545454
2026-05-17 03:00:00,0.2941666666666667
2026-05-17 04:00:00,0.8498555956678701
2026-05-17 05:00:00,0.9886551724137931
2026-05-17 06:00:00,0.554392523364486
2026-05-17 07:00:00,0.7375
2026-05-17 08:00:00,0.8598503740648379
2026-05-17 09:00:00,1.4954587155963301
2026-05-17 10:00:00,1.9812638580931263
2026-05-17 11:00:00,1.8336563876651983
2026-05-17 12:00:00,2.443935483870968
2026-05-17 13:00:00,2.537863247863248
2026-05-17 14:00:00,2.9961752136752136
2026-05-17 15:00:00,1.2311738148984197
2026-05-17 16:00:00,1.0296788990825687
2026-05-17 17:00:00,2.156079295154185
2026-05-17 18:00:00,1.8707709251101323
2026-05-17 19:00:00,0.7240554156171284
2026-05-17 20:00:00,1.6437608695652173
2026-05-17 21:00:00,1.0405309734513275
2026-05-17 22:00:00,0.9715142857142858
2026-05-17 23:00:00,0.8092857142857144
2026-05-18 00:00:00,0.7486495176848875
2026-05-18 01:00:00,1.0511830357142857
2026-05-18 02:00:00,0.93816120906801
2026-05-18 03:00:00,0.6298153034300791
2026-05-18 04:00:00,1.1112499999999998
2026-05-18 05:00:00,0.9136616161616161
2026-05-18 06:00:00,1.4172994652406419
2026-05-18 07:00:00,1.4509417040358745
2026-05-18 08:00:00,0.9734541062801932
2026-05-18 09:00:00,1.3548873873873875
2026-05-18 10:00:00,1.5339002267573698
2026-05-18 11:00:00,1.2336054421768707
2026-05-18 12:00:00,1.8263616557734204
2026-05-18 13:00:00,1.5411185682326622
2026-05-18 14:00:00,2.484313725490196
2026-05-18 15:00:00,3.5743991416309013
2026-05-18 16:00:00,3.2459615384615383
2026-05-18 17:00:00,2.4668869936034117
2026-05-18 18:00:00,1.676359649122807
2026-05-18 19:00:00,0.9120243902439025
2026-05-18 20:00:00,0.7034065934065935
2026-05-18 21:00:00,0.6345890410958904
2026-05-18 22:00:00,0.6428619528619529
2026-05-18 23:00:00,0.24963963963963964
2026-05-19 00:00:00,0.17666666666666667
2026-05-19 01:00:00,0.9733928571428571
2026-05-19 02:00:00,0.9692105263157895
2026-05-19 03:00:00,1.3963516483516485
2026-05-19 04:00:00,1.2293160377358492
2026-05-19 05:00:00,0.5552320675105485
2026-05-19 06:00:00,0.8456965174129353
2026-05-19 07:00:00,1.092214765100671
2026-05-19 08:00:00,1.9069782608695653
2026-05-19 09:00:00,1.3260762331838565
2026-05-19 10:00:00,1.308629213483146
2026-05-19 11:00:00,1.0717117117117116
2026-05-19 12:00:00,1.855054466230937
2026-05-19 13:00:00,2.5804525862068965
2026-05-19 14:00:00,3.556167023554604
2026-05-19 15:00:00,2.7642456896551724
2026-05-19 16:00:00,3.192063829787234
2026-05-19 17:00:00,3.2423076923076923
2026-05-19 18:00:00,1.6069383259911894
2026-05-19 19:00:00,0.8948984198645599
2026-05-19 20:00:00,0.5515611814345992
2026-05-19 21:00:00,0.6478036175710594
2026-05-19 22:00:00,0.9488151658767772
2026-05-19 23:00:00,0.135
2026-05-20 00:00:00,0.6495794392523364
2026-05-20 01:00:00,0.7870232558139535
2026-05-20 02:00:00,1.0156739811912225
2026-05-20 03:00:00,0.9176485788113695
2026-05-20 04:00:00,0.8575
2026-05-20 05:00:00,1.0059250585480093
2026-05-20 06:00:00,1.123557046979866
2026-05-20 07:00:00,0.8137604456824512
2026-05-20 08:00:00,0.9112565445026178
2026-05-20 09:00:00,1.2006040268456375
2026-05-20 10:00:00,1.52265350877193
2026-05-20 11:00:00,1.822494623655914
2026-05-20 12:00:00,2.4168736616702358
2026-05-20 13:00:00,2.9802978723404254
2026-05-20 14:00:00,3.062948717948718
2026-05-20 15:00:00,2.88796573875803
2026-05-20 16:00:00,3.090641025641026
2026-05-20 17:00:00,2.857121535181237
2026-05-20 18:00:00,2.486832971800434
2026-05-20 19:00:00,1.2293073593073593
2026-05-20 20:00:00,0.5252588555858311
2026-05-20 21:00:00,0.366084142394822
2026-05-20 22:00:00,0.37692000000000003
2026-05-20 23:00:00,0.7343030303030302
2026-05-21 00:00:00,1.5997130242825606
2026-05-21 01:00:00,1.8377510917030566
2026-05-21 02:00:00,1.6666896551724137
2026-05-21 03:00:00,0.9547076023391813
2026-05-21 04:00:00,0.8119021739130434
2026-05-21 05:00:00,1.0763004484304932
2026-05-21 06:00:00,1.7005482456140353
2026-05-21 07:00:00,1.8195238095238095
2026-05-21 08:00:00,1.5195374449339207
2026-05-21 09:00:00,1.382126168224299
2026-05-21 10:00:00,1.6825757575757576
2026-05-21 11:00:00,1.645121412803532
2026-05-21 12:00:00,2.157830802603037
2026-05-21 13:00:00,3.0101709401709402
2026-05-21 14:00:00,3.118343949044586
2026-05-21 15:00:00,3.016517094017094
2026-05-21 16:00:00,2.610833333333334
2026-05-21 17:00:00,2.629336188436831
2026-05-21 18:00:00,2.0274458874458876
2026-05-21 19:00:00,1.41
2026-05-21 20:00:00,0.5603754266211604
2026-05-21 21:00:00,0.4124096385542168
2026-05-21 22:00:00,0.6125407166123779
2026-05-21 23:00:00,1.1837844036697247
2026-05-22 00:00:00,1.2733653846153847
2026-05-22 01:00:00,1.178809523809524
2026-05-22 02:00:00,1.579240780911063
2026-05-22 03:00:00,1.211747311827957
2026-05-22 04:00:00,1.838456375838926
2026-05-22 05:00:00,0.6602227722772278
2026-05-22 06:00:00,1.3560485651214127
2026-05-22 07:00:00,1.1797051597051598
2026-05-22 08:00:00,0.8379189189189189
2026-05-22 09:00:00,1.291346578366446
2026-05-22 10:00:00,1.8370065075921909
2026-05-22 11:00:00,3.0773390557939915
2026-05-22 12:00:00,3.1441935483870966
2026-05-22 13:00:00,3.1269787234042554
2026-05-22 14:00:00,3.388076109936575
2026-05-22 15:00:00,3.4280379746835443
2026-05-22 16:00:00,3.30168085106383
2026-05-22 17:00:00,2.764051172707889
2026-05-22 18:00:00,2.8466452991452993
2026-05-22 19:00:00,1.7295689655172413
2026-05-22 20:00:00,0.4990725806451613
2026-05-22 21:00:00,0.3277431906614786
2026-05-22 22:00:00,0.7653132250580047
2026-05-22 23:00:00,0.9493503480278422
2026-05-23 00:00:00,0.9531220657276994
2026-05-23 01:00:00,1.549978021978022
2026-05-23 02:00:00,1.242994652406417
2026-05-23 03:00:00,0.9242431192660551
2026-05-23 04:00:00,1.0718099547511313
2026-05-23 05:00:00,1.089304932735426
2026-05-23 06:00:00,1.3060222222222222
2026-05-23 07:00:00,1.588898678414097
2026-05-23 08:00:00,0.9459198113207548
2026-05-23 09:00:00,1.22707656612529
2026-05-23 10:00:00,2.4969444444444444
2026-05-23 11:00:00,2.9269871794871793
2026-05-23 12:00:00,3.296885593220339
2026-05-23 13:00:00,3.191666666666667
2026-05-23 14:00:00,3.286228813559322
2026-05-23 15:00:00,3.5967584745762715
2026-05-23 16:00:00,3.1163617021276595
2026-05-23 17:00:00,3.1531210191082804
2026-05-23 18:00:00,2.5605095541401273
2026-05-23 19:00:00,1.6596989247311829
2026-05-23 20:00:00,0.8893028846153845
2026-05-23 21:00:00,0.6235398230088495
2026-05-23 22:00:00,0.5705434782608696
2026-05-23 23:00:00,0.945300925925926
2026-05-24 00:00:00,1.7914410480349345
2026-05-24 01:00:00,2.0465584415584415
2026-05-24 02:00:00,1.720799086757991
2026-05-24 03:00:00,1.63190635451505
2026-05-24 04:00:00,1.061896024464832
2026-05-24 05:00:00,1.0704494382022471
2026-05-24 06:00:00,1.5955652173913044
2026-05-24 07:00:00,1.4059825327510918
2026-05-24 08:00:00,1.2257373271889402
2026-05-24 09:00:00,1.0972470588235295
2026-05-24 10:00:00,1.8622149122807017
2026-05-24 11:00:00,2.083290322580645
2026-05-24 12:00:00,2.6225799573560766
2026-05-24 13:00:00,3.170211416490486
2026-05-24 14:00:00,3.242887931034483
2026-05-24 15:00:00,3.430720338983051
2026-05-24 16:00:00,3.416885593220339
2026-05-24 17:00:00,2.77099787685775
2026-05-24 18:00:00,1.6234056399132322
2026-05-24 19:00:00,1.4019047619047618
2026-05-24 20:00:00,0.7822916666666666
2026-05-24 21:00:00,0.39953216374269
2026-05-24 22:00:00,0.303768115942029
2026-05-24 23:00:00,1.4971633237822348
2026-05-25 00:00:00,1.0255522388059701
2026-05-25 01:00:00,0.7670815450643776
2026-05-25 02:00:00,2.033371298405467
2026-05-25 03:00:00,1.27231843575419
2026-05-25 04:00:00,0.9485856079404466
2026-05-25 05:00:00,2.174168466522678
2026-05-25 06:00:00,1.6330837004405285
2026-05-25 07:00:00,1.6233039647577092
2026-05-25 08:00:00,1.403207126948775
2026-05-25 09:00:00,1.1667452830188678
2026-05-25 10:00:00,1.5420394736842105
2026-05-25 11:00:00,2.1852597402597405
2026-05-25 12:00:00,3.3147547974413643
2026-05-25 13:00:00,3.7685042735042735
2026-05-25 14:00:00,3.3276433121019107
2026-05-25 15:00:00,3.3982340425531916
2026-05-25 16:00:00,3.2431410256410254
2026-05-25 17:00:00,3.037457264957265
2026-05-25 18:00:00,2.5035775862068967
2026-05-25 19:00:00,1.6790752688172044
2026-05-25 20:00:00,0.8966019417475728
2026-05-25 21:00:00,0.2451851851851852
2026-05-25 22:00:00,0.25529411764705884
2026-05-25 23:00:00,0.8562390670553935
2026-05-26 00:00:00,1.2500886917960088
2026-05-26 01:00:00,2.0674242424242424
2026-05-26 02:00:00,1.6339954337899545
2026-05-26 03:00:00,0.49429906542056073
2026-05-26 04:00:00,0.580054347826087
2026-05-26 05:00:00,0.6203426791277259
2026-05-26 06:00:00,1.1352655889145495
2026-05-26 07:00:00,1.1359345794392524
2026-05-26 08:00:00,1.1324256292906179
2026-05-26 09:00:00,1.424396355353075
2026-05-26 10:00:00,2.297636761487965
2026-05-26 11:00:00,2.7850325379609546
2026-05-26 12:00:00,2.976745182012848
2026-05-26 13:00:00,3.3449137931034483
2026-05-26 14:00:00,2.999850746268657
2026-05-26 15:00:00,2.8570299145299143
2026-05-26 16:00:00,3.5715286624203824
2026-05-26 17:00:00,3.701220556745182
2026-05-26 18:00:00,2.8320594479830152
2026-05-26 19:00:00,1.7761605206073752
2026-05-26 20:00:00,0.8949734042553191
2026-05-26 21:00:00,0.228
2026-05-26 22:00:00,0.392406015037594
2026-05-26 23:00:00,1.0333018867924528
2026-05-27 00:00:00,1.2212053571428572
2026-05-27 01:00:00,1.0770066518847008
2026-05-27 02:00:00,1.3137762237762238
2026-05-27 03:00:00,0.6162383177570093
2026-05-27 04:00:00,0.9674387527839644
2026-05-27 05:00:00,0.7086024096385543
2026-05-27 06:00:00,1.1087470449172576
2026-05-27 07:00:00,1.7040611353711792
2026-05-27 08:00:00,1.2345785876993167
2026-05-27 09:00:00,1.1522374429223745
2026-05-27 10:00:00,1.2773913043478262
2026-05-27 11:00:00,1.6346827133479211
2026-05-27 12:00:00,1.5032101616628175
2026-05-27 13:00:00,1.7715555555555556
2026-05-27 14:00:00,3.071346153846154
2026-05-27 15:00:00,2.658537634408602
2026-05-27 16:00:00,2.488422174840085
2026-05-27 17:00:00,2.941144708423326
2026-05-27 18:00:00,2.391723404255319
2026-05-27 19:00:00,2.337381974248927
2026-05-27 20:00:00,1.0067667436489607
2026-05-27 21:00:00,0.5262897526501766
2026-05-27 22:00:00,0.21953488372093022
2026-05-27 23:00:00,0.3361842105263158
2026-05-28 00:00:00,0.4504347826086956
2026-05-28 01:00:00,1.8771334792122538
2026-05-28 02:00:00,1.8361002178649237
2026-05-28 03:00:00,1.4659780219780219
2026-05-28 04:00:00,0.720117994100295
2026-05-28 05:00:00,0.36246376811594205
2026-05-28 06:00:00,0.7533506493506494
2026-05-28 07:00:00,0.5861494252873563
2026-05-28 08:00:00,0.8790296495956873
2026-05-28 09:00:00,1.26125
2026-05-28 10:00:00,1.431
2026-05-28 11:00:00,1.4591441441441442
2026-05-28 12:00:00,1.4981637168141593
2026-05-28 13:00:00,2.1337061403508772
2026-05-28 14:00:00,2.3971861471861473
2026-05-28 15:00:00,2.7223076923076923
2026-05-28 16:00:00,2.6474786324786326
2026-05-28 17:00:00,3.355095541401274
2026-05-28 18:00:00,2.1948596112311014
2026-05-28 19:00:00,1.824004329004329
2026-05-28 20:00:00,0.5801479289940829
2026-05-28 21:00:00,0.43748837209302327
2026-05-28 22:00:00,0.08
2026-05-28 23:00:00,0.378828125
2026-05-29 00:00:00,0.7830513595166163
2026-05-29 01:00:00,0.9404313725490197
2026-05-29 02:00:00,1.1433642691415313
2026-05-29 03:00:00,1.0312564102564103
2026-05-29 04:00:00,1.4181401617250673
2026-05-29 05:00:00,1.3934032634032634
2026-05-29 06:00:00,0.9020304568527918
2026-05-29 07:00:00,1.0860850111856823
2026-05-29 08:00:00,1.3240712468193385
2026-05-29 09:00:00,0.9038501291989665
2026-05-29 10:00:00,1.2906849315068494
2026-05-29 11:00:00,1.4539149888143177
2026-05-29 12:00:00,1.539907621247113
2026-05-29 13:00:00,1.5611830357142857
2026-05-29 14:00:00,2.991872340425532
2026-05-29 15:00:00,2.8912231759656652
2026-05-29 16:00:00,2.857413793103448
2026-05-29 17:00:00,2.3937687366167024
2026-05-29 18:00:00,1.8067755991285404
2026-05-29 19:00:00,1.2414159292035398
2026-05-29 20:00:00,0.711890410958904
2026-05-29 21:00:00,0.6757225433526012
2026-05-29 22:00:00,0.2755102040816326
2026-05-29 23:00:00,0.24171875
2026-05-30 00:00:00,0.219
2026-05-30 01:00:00,0.8703598971722365
2026-05-30 02:00:00,1.7262906724511933
2026-05-30 03:00:00,1.8262608695652174
2026-05-30 04:00:00,0.9423209169054442
2026-05-30 05:00:00,0.6946064139941691
2026-05-30 06:00:00,1.0317924528301887
2026-05-30 07:00:00,1.2371269487750558
2026-05-30 08:00:00,1.0687648456057006
2026-05-30 09:00:00,0.863229461756374
2026-05-30 10:00:00,1.4514186046511628
2026-05-30 11:00:00,1.7146875
2026-05-30 12:00:00,2.853471615720524
2026-05-30 13:00:00,3.190107296137339
2026-05-30 14:00:00,3.69204641350211
2026-05-30 15:00:00,3.6459660297239913
2026-05-30 16:00:00,3.6856025369978855
2026-05-30 17:00:00,2.896779661016949
2026-05-30 18:00:00,1.6376470588235292
2026-05-30 19:00:00,0.726516393442623
2026-05-30 20:00:00,0.8173724489795919
2026-05-30 21:00:00,1.1934537246049663
2026-05-30 22:00:00,1.1990989010989013
2026-05-30 23:00:00,0.7566057441253263
2026-05-31 00:00:00,0.48228699551569504
2026-05-31 01:00:00,0.4878640776699029
2026-05-31 02:00:00,0.46959459459459457
2026-05-31 03:00:00,0.5252466367713005
2026-05-31 04:00:00,0.5730434782608695
2026-05-31 05:00:00,0.32161616161616163
2026-05-31 06:00:00,0.4366089965397924
2026-05-31 07:00:00,0.7127906976744186
2026-05-31 08:00:00,1.0291542288557214
2026-05-31 09:00:00,1.1475524475524477
2026-05-31 10:00:00,1.23431654676259
2026-05-31 11:00:00,1.6962723214285713
2026-05-31 12:00:00,2.079268817204301
2026-05-31 13:00:00,3.0018454935622314
2026-05-31 14:00:00,2.883622881355932
2026-05-31 15:00:00,3.152908704883227
2026-05-31 16:00:00,2.16044776119403
2026-05-31 17:00:00,2.236581196581197
2026-05-31 18:00:00,2.812377919320595
2026-05-31 19:00:00,1.4814565217391304
2026-05-31 20:00:00,0.4954817275747508
2026-05-31 21:00:00,0.26067460317460317
2026-05-31 22:00:00,0.2810948905109489
2026-05-31 23:00:00,0.2928476821192053
2026-06-01 00:00:00,0.0
2026-06-01 01:00:00,0.21966101694915255
2026-06-01 02:00:00,0.21142857142857144
2026-06-01 03:00:00,0.46734126984126984
2026-06-01 04:00:00,0.6970873786407766
2026-06-01 05:00:00,1.2216299559471366
2026-06-01 06:00:00,1.6618021978021977
2026-06-01 07:00:00,0.9760633484162896
2026-06-01 08:00:00,0.743395225464191
2026-06-01 09:00:00,1.0424634146341465
2026-06-01 10:00:00,1.5124618736383444
2026-06-01 11:00:00,2.145268817204301
2026-06-01 12:00:00,2.3761965811965813
2026-06-01 13:00:00,2.7248504273504275
2026-06-01 14:00:00,2.80610278372591
2026-06-01 15:00:00,3.3307725321888415
2026-06-01 16:00:00,2.798271889400922
2026-06-01 17:00:00,
2026-06-01 18:00:00,
2026-06-01 19:00:00,
2026-06-01 20:00:00,
2026-06-01 21:00:00,
2026-06-01 22:00:00,
2026-06-01 23:00:00,
2026-06-02 00:00:00,
2026-06-02 01:00:00,
2026-06-02 02:00:00,
2026-06-02 03:00:00,
2026-06-02 04:00:00,
2026-06-02 05:00:00,1.1297368421052632
2026-06-02 06:00:00,0.5695652173913043
2026-06-02 07:00:00,1.1117713004484306
2026-06-02 08:00:00,1.2549887133182844
2026-06-02 09:00:00,0.9410526315789474
2026-06-02 10:00:00,1.0625471698113207
2026-06-02 11:00:00,1.3327562642369022
2026-06-02 12:00:00,2.2653691275167787
2026-06-02 13:00:00,4.118917197452229
2026-06-02 14:00:00,4.336759061833689
2026-06-02 15:00:00,3.3026751592356685
2026-06-02 16:00:00,3.0458029978586727
2026-06-02 17:00:00,2.2205172413793104
2026-06-02 18:00:00,1.831706783369803
2026-06-02 19:00:00,1.418125
2026-06-02 20:00:00,1.1428809523809524
2026-06-02 21:00:00,0.8757908163265307
2026-06-02 22:00:00,1.267820224719101
2026-06-02 23:00:00,1.5098669623059868
2026-06-03 00:00:00,0.621731343283582
2026-06-03 01:00:00,0.4801142857142857
2026-06-03 02:00:00,0.9393485342019544
2026-06-03 03:00:00,0.8026538461538462
2026-06-03 04:00:00,0.6101886792452831
2026-06-03 05:00:00,1.0347457627118644
2026-06-03 06:00:00,2.451068376068376
2026-06-03 07:00:00,2.940491452991453
2026-06-03 08:00:00,3.552457264957265
2026-06-03 09:00:00,3.231663113006397
2026-06-03 10:00:00,3.5595095948827296
2026-06-03 11:00:00,3.591132478632479
2026-06-03 12:00:00,3.4663829787234044
2026-06-03 13:00:00,3.293276595744681
2026-06-03 14:00:00,3.45627408993576
2026-06-03 15:00:00,3.2022814498933903
2026-06-03 16:00:00,3.1648400852878464
2026-06-03 17:00:00,3.0583829787234045
2026-06-03 18:00:00,2.8957296137339057
2026-06-03 19:00:00,1.8676077586206898
2026-06-03 20:00:00,1.0676789587852495
2026-06-03 21:00:00,0.7604308390022676
2026-06-03 22:00:00,0.6593414634146341
2026-06-03 23:00:00,0.5359090909090909
2026-06-04 00:00:00,0.4482758620689655
2026-06-04 01:00:00,0.41707070707070704
2026-06-04 02:00:00,0.47328947368421054
2026-06-04 03:00:00,0.3233552631578947
2026-06-04 04:00:00,0.5189864864864865
2026-06-04 05:00:00,0.49662650602409636
2026-06-04 06:00:00,0.75734375
2026-06-04 07:00:00,0.8527728613569321
2026-06-04 08:00:00,1.2243537414965986
2026-06-04 09:00:00,1.1701133786848072
2026-06-04 10:00:00,1.5129306487695748
2026-06-04 11:00:00,2.165658747300216
2026-06-04 12:00:00,3.083111587982833
2026-06-04 13:00:00,3.413648068669528
2026-06-04 14:00:00,3.382933618843683
2026-06-04 15:00:00,2.9711397849462364
2026-06-04 16:00:00,2.109913606911447
2026-06-04 17:00:00,2.032662337662338
2026-06-04 18:00:00,1.8428571428571427
2026-06-04 19:00:00,1.4510204081632652
2026-06-04 20:00:00,1.0804716981132076
2026-06-04 21:00:00,0.635420054200542
2026-06-04 22:00:00,0.7089
2026-06-04 23:00:00,0.7603724928366762
2026-06-05 00:00:00,0.46260869565217394
2026-06-05 01:00:00,1.383394077448747
2026-06-05 02:00:00,1.0863840399002493
2026-06-05 03:00:00,0.4100787401574803
2026-06-05 04:00:00,0.5910795454545454
2026-06-05 05:00:00,1.067433155080214
2026-06-05 06:00:00,1.515865800865801
2026-06-05 07:00:00,0.8652752293577981
2026-06-05 08:00:00,1.2626818181818182
2026-06-05 09:00:00,2.4232461873638345
2026-06-05 10:00:00,3.5204042553191486
2026-06-05 11:00:00,4.099108280254777
2026-06-05 12:00:00,4.25323467230444
2026-06-05 13:00:00,4.448713080168776
2026-06-05 14:00:00,4.264376321353065
2026-06-05 15:00:00,4.218372093023255
2026-06-05 16:00:00,4.2408528784648185
2026-06-05 17:00:00,3.8440380549682875
2026-06-05 18:00:00,3.354343220338983
2026-06-05 19:00:00,2.6775744680851066
2026-06-05 20:00:00,2.387611940298507
2026-06-05 21:00:00,2.8133333333333335
2026-06-05 22:00:00,2.2479229122055675
2026-06-05 23:00:00,1.3092773892773892
2026-06-06 00:00:00,0.6803324808184144
2026-06-06 01:00:00,0.8276941176470588
2026-06-06 02:00:00,0.5139436619718311
2026-06-06 03:00:00,0.41917763157894733
2026-06-06 04:00:00,0.48397058823529415
2026-06-06 05:00:00,0.5335625
2026-06-06 06:00:00,0.955024154589372
2026-06-06 07:00:00,0.7424301675977654
2026-06-06 08:00:00,1.0756136363636364
2026-06-06 09:00:00,1.1805733944954129
2026-06-06 10:00:00,1.2488741721854304
2026-06-06 11:00:00,1.5936794582392777
2026-06-06 12:00:00,2.476595289079229
2026-06-06 13:00:00,3.391244635193133
2026-06-06 14:00:00,3.3048619957537153
2026-06-06 15:00:00,3.2921627408993577
2026-06-06 16:00:00,3.4557692307692305
2026-06-06 17:00:00,3.7043736730360934
2026-06-06 18:00:00,2.829915074309979
2026-06-06 19:00:00,2.332982832618026
2026-06-06 20:00:00,1.9670877944325482
2026-06-06 21:00:00,1.6954956896551725
2026-06-06 22:00:00,1.160067264573991
2026-06-06 23:00:00,0.4134137931034483
2026-06-07 00:00:00,0.6346843853820597
2026-06-07 01:00:00,0.5559166666666666
2026-06-07 02:00:00,0.5081184668989548
2026-06-07 03:00:00,0.46407035175879396
2026-06-07 04:00:00,0.4333495145631068
2026-06-07 05:00:00,0.7189814814814814
2026-06-07 06:00:00,1.651648590021692
2026-06-07 07:00:00,1.3727450980392157
2026-06-07 08:00:00,1.5722123893805309
2026-06-07 09:00:00,2.4991201716738196
2026-06-07 10:00:00,3.611125265392781
2026-06-07 11:00:00,2.927091295116773
2026-06-07 12:00:00,3.7585531914893617
2026-06-07 13:00:00,3.8363247863247865
2026-06-07 14:00:00,3.535677966101695
2026-06-07 15:00:00,3.589423076923077
2026-06-07 16:00:00,3.5919450317124735
2026-06-07 17:00:00,3.098504273504273
2026-06-07 18:00:00,2.0890712742980564
2026-06-07 19:00:00,1.7779697624190065
2026-06-07 20:00:00,1.374061757719715
2026-06-07 21:00:00,0.3745731707317073
2026-06-07 22:00:00,0.5028571428571429
2026-06-07 23:00:00,0.973536036036036
2026-06-08 00:00:00,0.9264253393665158
2026-06-08 01:00:00,0.6452879581151832
2026-06-08 02:00:00,0.6143287671232877
2026-06-08 03:00:00,0.591076923076923
2026-06-08 04:00:00,0.3315740740740741
2026-06-08 05:00:00,0.6281164383561644
2026-06-08 06:00:00,0.381440329218107
2026-06-08 07:00:00,0.8144247787610619
2026-06-08 08:00:00,1.1707175925925926
2026-06-08 09:00:00,1.586053811659193
2026-06-08 10:00:00,1.7546608315098469
2026-06-08 11:00:00,2.0782863340563993
2026-06-08 12:00:00,2.510666666666667
2026-06-08 13:00:00,2.3744871794871796
2026-06-08 14:00:00,2.5821656050955415
2026-06-08 15:00:00,2.8401709401709403
2026-06-08 16:00:00,2.6201713062098504
2026-06-08 17:00:00,2.2951502145922746
2026-06-08 18:00:00,2.1289721627408995
2026-06-08 19:00:00,1.6133832976445397
2026-06-08 20:00:00,0.7783258928571428
2026-06-08 21:00:00,0.5346882793017457
2026-06-08 22:00:00,0.4472295514511873
2026-06-08 23:00:00,0.4094070080862534
2026-06-09 00:00:00,0.44637640449438204
2026-06-09 01:00:00,0.5411979166666666
2026-06-09 02:00:00,0.44789940828402364
2026-06-09 03:00:00,0.5957326478149101
2026-06-09 04:00:00,1.0243
2026-06-09 05:00:00,1.5240780911062908
2026-06-09 06:00:00,1.3101310043668122
2026-06-09 07:00:00,2.1300639658848612
2026-06-09 08:00:00,1.7656102783725909
2026-06-09 09:00:00,2.036451612903226
2026-06-09 10:00:00,2.177978494623656
2026-06-09 11:00:00,2.357832618025751
2026-06-09 12:00:00,2.1505194805194803
2026-06-09 13:00:00,2.257961373390558
2026-06-09 14:00:00,3.209206008583691
2026-06-09 15:00:00,3.593707627118644
2026-06-09 16:00:00,3.364406779661017
2026-06-09 17:00:00,3.309914712153518
2026-06-09 18:00:00,3.3372823779193204
2026-06-09 19:00:00,2.378504273504274
2026-06-09 20:00:00,1.9172376873661672
2026-06-09 21:00:00,1.2305844155844154
2026-06-09 22:00:00,1.1203991130820399
2026-06-09 23:00:00,0.5835828877005347
2026-06-10 00:00:00,0.2569387755102041
2026-06-10 01:00:00,0.40134228187919463
2026-06-10 02:00:00,1.0514559386973181
2026-06-10 03:00:00,0.834793388429752
2026-06-10 04:00:00,0.6474177215189874
2026-06-10 05:00:00,0.9642317380352645
2026-06-10 06:00:00,1.5997123893805312
2026-06-10 07:00:00,2.3870021413276232
2026-06-10 08:00:00,2.437489177489178
2026-06-10 09:00:00,2.381333333333333
2026-06-10 10:00:00,2.6544444444444446
2026-06-10 11:00:00,2.272489270386266
2026-06-10 12:00:00,2.886
2026-06-10 13:00:00,3.4425799573560765
2026-06-10 14:00:00,3.9065254237288136
2026-06-10 15:00:00,3.9938054968287524
2026-06-10 16:00:00,4.211247357293869
2026-06-10 17:00:00,3.956126315789474
2026-06-10 18:00:00,3.393595744680851
2026-06-10 19:00:00,2.45411889596603
2026-06-10 20:00:00,2.525421166306695
2026-06-10 21:00:00,1.8662689804772234
2026-06-10 22:00:00,1.3140811965811967
2026-06-10 23:00:00,1.588646288209607
2026-06-11 00:00:00,2.116082251082251
2026-06-11 01:00:00,1.913232104121475
2026-06-11 02:00:00,1.904642082429501
2026-06-11 03:00:00,1.485726872246696
2026-06-11 04:00:00,1.2958351409978308
2026-06-11 05:00:00,1.3797173913043477
2026-06-11 06:00:00,1.8406724511930586
2026-06-11 07:00:00,1.9653846153846153
2026-06-11 08:00:00,2.2515301724137933
2026-06-11 09:00:00,2.360236051502146
2026-06-11 10:00:00,2.315610278372591
2026-06-11 11:00:00,2.3176609442060085
2026-06-11 12:00:00,3.065236051502146
2026-06-11 13:00:00,3.172820512820513
2026-06-11 14:00:00,3.4836324786324786
2026-06-11 15:00:00,3.3483227176220804
2026-06-11 16:00:00,3.4120425531914895
2026-06-11 17:00:00,3.2815106382978723
2026-06-11 18:00:00,3.0173940677966105
2026-06-11 19:00:00,2.2335456475583864
2026-06-11 20:00:00,2.1477350427350426
2026-06-11 21:00:00,1.7199136069114471
2026-06-11 22:00:00,0.7133012048192771
2026-06-11 23:00:00,0.23327433628318583
2026-06-12 00:00:00,0.24975
2026-06-12 01:00:00,0.9271354166666667
2026-06-12 02:00:00,1.0762328767123288
2026-06-12 03:00:00,0.46369565217391306
2026-06-12 04:00:00,1.1847488584474886
2026-06-12 05:00:00,1.393522975929978
2026-06-12 06:00:00,1.7754741379310346
2026-06-12 07:00:00,1.4269450549450549
2026-06-12 08:00:00,1.8229580573951434
2026-06-12 09:00:00,2.1050109409190374
2026-06-12 10:00:00,3.5056623931623934
2026-06-12 11:00:00,3.600364025695932
2026-06-12 12:00:00,3.4364680851063834
2026-06-12 13:00:00,3.1781276595744683
2026-06-12 14:00:00,3.0879617834394906
2026-06-12 15:00:00,3.5517372881355933
2026-06-12 16:00:00,3.9290425531914894
2026-06-12 17:00:00,3.472872340425532
2026-06-12 18:00:00,1.9986295503211993
2026-06-12 19:00:00,1.8777729257641922
2026-06-12 20:00:00,1.2719026548672565
2026-06-12 21:00:00,0.6316733067729084
2026-06-12 22:00:00,0.48129870129870134
2026-06-12 23:00:00,0.6580810810810811
2026-06-13 00:00:00,1.323811659192825
2026-06-13 01:00:00,0.9461136363636364
2026-06-13 02:00:00,0.8838571428571429
2026-06-13 03:00:00,1.0134732824427481
2026-06-13 04:00:00,1.1044493392070485
2026-06-13 05:00:00,0.7422325581395349
2026-06-13 06:00:00,0.9187584650112867
2026-06-13 07:00:00,1.2554566210045661
2026-06-13 08:00:00,0.9894823529411764
2026-06-13 09:00:00,1.3942986425339365
2026-06-13 10:00:00,2.3541364605543706
2026-06-13 11:00:00,3.2853404255319147
2026-06-13 12:00:00,4.147094736842106
2026-06-13 13:00:00,4.078919491525424
2026-06-13 14:00:00,3.825617021276596
2026-06-13 15:00:00,3.8406170212765955
2026-06-13 16:00:00,3.4990658174097664
2026-06-13 17:00:00,3.1192291220556747
2026-06-13 18:00:00,2.365772532188841
2026-06-13 19:00:00,1.236767441860465
2026-06-13 20:00:00,0.524236641221374
2026-06-13 21:00:00,0.28930232558139535
2026-06-13 22:00:00,1.0687676056338027
2026-06-13 23:00:00,1.0636343115124154
2026-06-14 00:00:00,1.4634521158129177
2026-06-14 01:00:00,2.0992489270386265
2026-06-14 02:00:00,1.535294117647059
2026-06-14 03:00:00,0.9041314553990611
2026-06-14 04:00:00,1.9487555555555556
2026-06-14 05:00:00,1.4259606986899565
2026-06-14 06:00:00,0.9915419501133786
2026-06-14 07:00:00,1.2903761061946903
2026-06-14 08:00:00,0.8455750000000001
2026-06-14 09:00:00,1.8584598698481563
2026-06-14 10:00:00,1.906586956521739
2026-06-14 11:00:00,2.784076433121019
2026-06-14 12:00:00,3.5356263269639063
2026-06-14 13:00:00,2.9551282051282053
2026-06-14 14:00:00,1.7959606986899563
2026-06-14 15:00:00,2.4552267818574514
2026-06-14 16:00:00,1.91047311827957
2026-06-14 17:00:00,2.47019313304721
2026-06-14 18:00:00,2.436927966101695
2026-06-14 19:00:00,1.4996129032258065
2026-06-14 20:00:00,0.8866203703703703
2026-06-14 21:00:00,0.8192790697674419
2026-06-14 22:00:00,0.44596153846153846
2026-06-14 23:00:00,0.45829059829059826
2026-06-15 00:00:00,1.0069017632241815
2026-06-15 01:00:00,0.6356206896551725
2026-06-15 02:00:00,0.9202756892230577
2026-06-15 03:00:00,1.3492699115044249
2026-06-15 04:00:00,0.6011965811965813
2026-06-15 05:00:00,1.156166219839142
2026-06-15 06:00:00,1.117981220657277
2026-06-15 07:00:00,1.7522462203023756
2026-06-15 08:00:00,2.021288209606987
2026-06-15 09:00:00,2.508376623376624
2026-06-15 10:00:00,2.039032967032967
2026-06-15 11:00:00,1.4378995433789954
2026-06-15 12:00:00,1.9675054704595185
2026-06-15 13:00:00,1.8967538126361656
2026-06-15 14:00:00,2.0712364425162693
2026-06-15 15:00:00,4.356098081023454
2026-06-15 16:00:00,3.4901684210526316
2026-06-15 17:00:00,2.552914893617021
2026-06-15 18:00:00,2.262029914529915
2026-06-15 19:00:00,2.9679405520169855
2026-06-15 20:00:00,2.602089552238806
2026-06-15 21:00:00,2.3331465517241377
2026-06-15 22:00:00,0.7151256281407036
2026-06-15 23:00:00,0.3679565217391304
2026-06-16 00:00:00,0.3643448275862069
2026-06-16 01:00:00,0.37593750000000004
2026-06-16 02:00:00,0.3617708333333333
2026-06-16 03:00:00,0.471067615658363
2026-06-16 04:00:00,0.21733333333333332
2026-06-16 05:00:00,0.46483193277310925
2026-06-16 06:00:00,0.6360504201680672
2026-06-16 07:00:00,0.8632009925558313
2026-06-16 08:00:00,1.2495768374164808
2026-06-16 09:00:00,1.5894877505567928
2026-06-16 10:00:00,2.027435344827586
2026-06-16 11:00:00,2.1917353579175707
2026-06-16 12:00:00,3.225668789808917
2026-06-16 13:00:00,3.4311839323467233
2026-06-16 14:00:00,3.6979449152542374
2026-06-16 15:00:00,2.955548387096774
2026-06-16 16:00:00,3.8184110169491525
2026-06-16 17:00:00,3.306695095948827
2026-06-16 18:00:00,2.8792553191489363
2026-06-16 19:00:00,2.029358974358974
2026-06-16 20:00:00,1.246470588235294
2026-06-16 21:00:00,1.402608695652174
2026-06-16 22:00:00,0.44766272189349116
2026-06-16 23:00:00,0.34823970037453184
2026-06-17 00:00:00,0.5484920634920635
2026-06-17 01:00:00,1.5546724890829693
2026-06-17 02:00:00,1.0153603603603603
2026-06-17 03:00:00,0.5460191082802548
2026-06-17 04:00:00,1.189586776859504
2026-06-17 05:00:00,1.5831828442437923
2026-06-17 06:00:00,1.4283187772925763
2026-06-17 07:00:00,1.3281422018348625
2026-06-17 08:00:00,1.2939545454545456
2026-06-17 09:00:00,1.2462358276643992
2026-06-17 10:00:00,2.598175965665236
2026-06-17 11:00:00,2.6341702127659574
2026-06-17 12:00:00,3.324615384615385
2026-06-17 13:00:00,3.567770700636943
2026-06-17 14:00:00,3.615192307692308
2026-06-17 15:00:00,3.2975744680851062
2026-06-17 16:00:00,2.963696581196581
2026-06-17 17:00:00,3.1760721868365183
2026-06-17 18:00:00,2.6659872611464968
2026-06-17 19:00:00,1.4854130434782609
2026-06-17 20:00:00,1.0314908256880735
2026-06-17 21:00:00,1.2625054945054945
2026-06-17 22:00:00,0.7291387559808612
2026-06-17 23:00:00,0.6040333333333333
2026-06-18 00:00:00,0.7837847222222222
2026-06-18 01:00:00,1.6124288840262582
2026-06-18 02:00:00,1.360219298245614
2026-06-18 03:00:00,0.8631428571428571
2026-06-18 04:00:00,0.7509631728045325
2026-06-18 05:00:00,0.8472781065088757
2026-06-18 06:00:00,1.0981712962962964
2026-06-18 07:00:00,1.5546982758620689
2026-06-18 08:00:00,1.9461111111111111
2026-06-18 09:00:00,2.227792207792208
2026-06-18 10:00:00,2.1666167023554603
2026-06-18 11:00:00,2.9888841201716736
2026-06-18 12:00:00,3.8602547770700637
2026-06-18 13:00:00,4.432148936170213
2026-06-18 14:00:00,4.119746300211417
2026-06-18 15:00:00,3.8508474576271183
2026-06-18 16:00:00,3.4566666666666666
2026-06-18 17:00:00,2.823510638297872
2026-06-18 18:00:00,2.293063829787234
2026-06-18 19:00:00,1.8089008620689655
2026-06-18 20:00:00,0.8550700934579439
2026-06-18 21:00:00,1.4829759299781182
2026-06-18 22:00:00,1.4386153846153846
2026-06-18 23:00:00,0.666294964028777
2026-06-19 00:00:00,0.7914869888475836
2026-06-19 01:00:00,1.7595154185022028
2026-06-19 02:00:00,0.6194300518134714
2026-06-19 03:00:00,0.6238218390804597
2026-06-19 04:00:00,0.6539642857142858
2026-06-19 05:00:00,0.43989949748743723
2026-06-19 06:00:00,1.2052317880794703
2026-06-19 07:00:00,0.9549363867684479
2026-06-19 08:00:00,1.1110185185185184
2026-06-19 09:00:00,1.9272270742358077
2026-06-19 10:00:00,2.792407809110629
2026-06-19 11:00:00,3.4789439655172414
2026-06-19 12:00:00,3.056574468085106
2026-06-19 13:00:00,3.14411889596603
2026-06-19 14:00:00,3.6294904458598727
2026-06-19 15:00:00,3.196301075268817
2026-06-19 16:00:00,2.7021398305084747
2026-06-19 17:00:00,2.5197002141327625
2026-06-19 18:00:00,2.331879049676026
2026-06-19 19:00:00,1.9442672413793103
2026-06-19 20:00:00,1.408051948051948
2026-06-19 21:00:00,1.1910123456790125
2026-06-19 22:00:00,0.5100621118012423
2026-06-19 23:00:00,0.9634625322997417
2026-06-20 00:00:00,1.5271397379912663
2026-06-20 01:00:00,1.6332251082251081
2026-06-20 02:00:00,1.4666520787746171
2026-06-20 03:00:00,1.007075
2026-06-20 04:00:00,0.8256583629893238
2026-06-20 05:00:00,1.2123497267759562
2026-06-20 06:00:00,0.8790931989924433
2026-06-20 07:00:00,0.7189119170984456
2026-06-20 08:00:00,0.7285671641791045
2026-06-20 09:00:00,2.2497550111358575
2026-06-20 10:00:00,3.4103601694915255
2026-06-20 11:00:00,4.110995762711864
2026-06-20 12:00:00,3.8677446808510636
2026-06-20 13:00:00,4.492021052631579
2026-06-20 14:00:00,3.6434249471458773
2026-06-20 15:00:00,3.964957805907173
2026-06-20 16:00:00,4.263580508474576
2026-06-20 17:00:00,4.032959830866807
2026-06-20 18:00:00,3.7255813953488373
2026-06-20 19:00:00,3.142959830866808
2026-06-20 20:00:00,1.4576222222222222
2026-06-20 21:00:00,0.5585454545454546
2026-06-20 22:00:00,0.9565982404692082
2026-06-20 23:00:00,1.3226039387308532
2026-06-21 00:00:00,0.9174606741573034
2026-06-21 01:00:00,1.0387899543378996
2026-06-21 02:00:00,1.383071748878924
2026-06-21 03:00:00,2.267424892703863
2026-06-21 04:00:00,1.0364102564102564
2026-06-21 05:00:00,1.1460180995475113
2026-06-21 06:00:00,1.9272173913043478
2026-06-21 07:00:00,1.7567895878524946
2026-06-21 08:00:00,1.041879518072289
2026-06-21 09:00:00,2.192603036876356
2026-06-21 10:00:00,4.072473572938689
2026-06-21 11:00:00,4.724418604651163
2026-06-21 12:00:00,4.141324786324787
2026-06-21 13:00:00,4.132652631578948
2026-06-21 14:00:00,4.235473684210526
2026-06-21 15:00:00,4.548340425531914
2026-06-21 16:00:00,4.123023255813954
2026-06-21 17:00:00,3.5089171974522295
2026-06-21 18:00:00,3.282584745762712
2026-06-21 19:00:00,2.60146186440678
2026-06-21 20:00:00,1.2680964467005076
2026-06-21 21:00:00,0.46133757961783445
2026-06-21 22:00:00,0.38438914027149323
2026-06-21 23:00:00,0.7635613207547169
2026-06-22 00:00:00,1.2223946784922393
2026-06-22 01:00:00,1.7351851851851854
2026-06-22 02:00:00,1.2338031319910514
2026-06-22 03:00:00,1.0219794344473008
2026-06-22 04:00:00,2.101030701754386
2026-06-22 05:00:00,1.6706430155210643
2026-06-22 06:00:00,1.7027272727272726
2026-06-22 07:00:00,1.933782608695652
2026-06-22 08:00:00,1.5319955156950673
2026-06-22 09:00:00,1.6596263736263737
2026-06-22 10:00:00,2.6732543103448276
2026-06-22 11:00:00,3.060682302771855
2026-06-22 12:00:00,3.902591006423983
2026-06-22 13:00:00,3.5474680851063827
2026-06-22 14:00:00,3.2907692307692304
2026-06-22 15:00:00,3.2674623655913977
2026-06-22 16:00:00,2.6710967741935483
2026-06-22 17:00:00,2.2190638297872343
2026-06-22 18:00:00,2.628283261802575
2026-06-22 19:00:00,1.161095890410959
2026-06-22 20:00:00,0.5737530864197531
2026-06-22 21:00:00,0.3324892703862661
2026-06-22 22:00:00,0.3328220858895706
2026-06-22 23:00:00,0.9769291338582676
2026-06-23 00:00:00,1.3566666666666665
2026-06-23 01:00:00,1.983834422657952
2026-06-23 02:00:00,2.3306911447084233
2026-06-23 03:00:00,0.7703617571059431
2026-06-23 04:00:00,1.9717333333333333
2026-06-23 05:00:00,0.6014035087719298
2026-06-23 06:00:00,1.2943529411764707
2026-06-23 07:00:00,1.0340909090909092
2026-06-23 08:00:00,1.3742342342342342
2026-06-23 09:00:00,1.2745785876993165
2026-06-23 10:00:00,1.9829978118161926
2026-06-23 11:00:00,2.403196544276458
2026-06-23 12:00:00,3.5824839400428266
2026-06-23 13:00:00,4.0039019189765455
2026-06-23 14:00:00,4.179085106382979
2026-06-23 15:00:00,4.197987288135593
2026-06-23 16:00:00,3.763446808510638
2026-06-23 17:00:00,3.006135881104034
2026-06-23 18:00:00,2.5994893617021275
2026-06-23 19:00:00,2.270749464668094
2026-06-23 20:00:00,1.3061810154525388
2026-06-23 21:00:00,0.7657246376811594
2026-06-23 22:00:00,0.6132541567695963
2026-06-23 23:00:00,0.5554712041884816
2026-06-24 00:00:00,0.41100000000000003
2026-06-24 01:00:00,1.5155164835164836
2026-06-24 02:00:00,1.698082788671024
2026-06-24 03:00:00,1.2717999999999998
2026-06-24 04:00:00,1.0955944055944056
2026-06-24 05:00:00,1.228628318584071
2026-06-24 06:00:00,0.9197457627118644
2026-06-24 07:00:00,1.6087191011235955
2026-06-24 08:00:00,1.6174945533769063
2026-06-24 09:00:00,1.3928153153153153
2026-06-24 10:00:00,2.2841176470588236
2026-06-24 11:00:00,3.2030322580645163
2026-06-24 12:00:00,3.589164882226981
2026-06-24 13:00:00,3.916301075268817
2026-06-24 14:00:00,3.8603191489361706
2026-06-24 15:00:00,3.6811252653927813
2026-06-24 16:00:00,3.4216135881104033
2026-06-24 17:00:00,3.9408297872340428
2026-06-24 18:00:00,2.658404255319149
2026-06-24 19:00:00,1.7511764705882351
2026-06-24 20:00:00,1.436
2026-06-24 21:00:00,0.3312541254125413
2026-06-24 22:00:00,0.3765927977839335
2026-06-24 23:00:00,0.5905882352941176
2026-06-25 00:00:00,1.3702004454342984
2026-06-25 01:00:00,0.6467065868263473
2026-06-25 02:00:00,0.41572815533980584
2026-06-25 03:00:00,2.2170258620689656
2026-06-25 04:00:00,1.438675799086758
2026-06-25 05:00:00,0.8650123456790123
2026-06-25 06:00:00,1.3398241758241758
2026-06-25 07:00:00,1.0197685185185186
2026-06-25 08:00:00,0.8579512195121951
2026-06-25 09:00:00,1.962891304347826
2026-06-25 10:00:00,1.8727886710239652
2026-06-25 11:00:00,2.732771855010661
2026-06-25 12:00:00,3.1144230769230767
2026-06-25 13:00:00,3.444498933901919
2026-06-25 14:00:00,3.6602141327623126
2026-06-25 15:00:00,3.6504893617021277
2026-06-25 16:00:00,3.933333333333333
2026-06-25 17:00:00,3.1179399141630904
2026-06-25 18:00:00,2.9785560344827586
2026-06-25 19:00:00,2.1482543103448277
2026-06-25 20:00:00,1.665938864628821
2026-06-25 21:00:00,1.35929203539823
2026-06-25 22:00:00,0.8654196642685851
2026-06-25 23:00:00,0.5870065789473684
2026-06-26 00:00:00,0.6481052631578947
2026-06-26 01:00:00,0.15072289156626506
2026-06-26 02:00:00,1.3239522546419098
2026-06-26 03:00:00,0.9008212560386474
2026-06-26 04:00:00,1.126127450980392
2026-06-26 05:00:00,0.7728610354223433
2026-06-26 06:00:00,0.6307871720116619
2026-06-26 07:00:00,0.5747142857142857
2026-06-26 08:00:00,1.1518944844124699
2026-06-26 09:00:00,1.7232181425485962
2026-06-26 10:00:00,1.773640350877193
2026-06-26 11:00:00,2.5414989293361887
2026-06-26 12:00:00,2.4529828326180256
2026-06-26 13:00:00,3.065534188034188
2026-06-26 14:00:00,2.9098068669527897
2026-06-26 15:00:00,3.450699152542373
2026-06-26 16:00:00,3.231610169491525
2026-06-26 17:00:00,3.2290063424947144
2026-06-26 18:00:00,3.6624524312896405
2026-06-26 19:00:00,2.5376559139784947
2026-06-26 20:00:00,2.7159656652360518
2026-06-26 21:00:00,2.3118201284796576
2026-06-26 22:00:00,1.3275492341356672
2026-06-26 23:00:00,1.3423799126637554
2026-06-27 00:00:00,1.2230820399113083
2026-06-27 01:00:00,0.7733178654292344
2026-06-27 02:00:00,0.5124894514767933
2026-06-27 03:00:00,0.4105376344086022
2026-06-27 04:00:00,0.4980078125
2026-06-27 05:00:00,0.41150837988826816
2026-06-27 06:00:00,1.2235980148883374
2026-06-27 07:00:00,1.0374477958236659
2026-06-27 08:00:00,0.9608153477218226
2026-06-27 09:00:00,1.5083771929824563
2026-06-27 10:00:00,1.7519088937093275
2026-06-27 11:00:00,2.397473002159827
2026-06-27 12:00:00,2.736488222698073
2026-06-27 13:00:00,3.09135881104034
2026-06-27 14:00:00,3.342191489361702
2026-06-27 15:00:00,3.3770824524312895
2026-06-27 16:00:00,3.663255319148936
2026-06-27 17:00:00,3.223728813559322
2026-06-27 18:00:00,3.2071063829787234
2026-06-27 19:00:00,2.152774193548387
2026-06-27 20:00:00,1.680304347826087
2026-06-27 21:00:00,1.2677827050997783
2026-06-27 22:00:00,0.5882448979591837
2026-06-27 23:00:00,0.31413793103448273
2026-06-28 00:00:00,0.44838297872340427
2026-06-28 01:00:00,0.2974825174825175
2026-06-28 02:00:00,0.09875
2026-06-28 03:00:00,1.1781268882175226
2026-06-28 04:00:00,1.3153289473684209
2026-06-28 05:00:00,0.5926732673267328
2026-06-28 06:00:00,0.6839488636363636
2026-06-28 07:00:00,1.0827083333333334
2026-06-28 08:00:00,1.361031390134529
2026-06-28 09:00:00,1.9383010752688172
2026-06-28 10:00:00,2.4152034261241973
2026-06-28 11:00:00,2.6955674518201285
2026-06-28 12:00:00,3.0199145299145296
2026-06-28 13:00:00,3.371978723404255
2026-06-28 14:00:00,3.369168443496802
2026-06-28 15:00:00,2.7245202558635393
2026-06-28 16:00:00,2.7359701492537316
2026-06-28 17:00:00,2.732025586353944
2026-06-28 18:00:00,2.342639484978541
2026-06-28 19:00:00,1.9423260869565218
2026-06-28 20:00:00,1.83882863340564
2026-06-28 21:00:00,0.906235294117647
2026-06-28 22:00:00,0.41082251082251087
2026-06-28 23:00:00,0.5531493506493507
2026-06-29 00:00:00,0.9664611260053619
2026-06-29 01:00:00,0.7307648725212464
2026-06-29 02:00:00,1.1409492273730686
2026-06-29 03:00:00,0.5856657963446475
2026-06-29 04:00:00,0.9272705882352941
2026-06-29 05:00:00,1.0111036036036036
2026-06-29 06:00:00,1.3847712418300653
2026-06-29 07:00:00,1.5660681818181819
2026-06-29 08:00:00,1.4753880266075388
2026-06-29 09:00:00,1.2601886792452832
2026-06-29 10:00:00,2.0918995633187776
2026-06-29 11:00:00,2.978559139784946
2026-06-29 12:00:00,3.606581196581197
2026-06-29 13:00:00,3.3908067940552016
2026-06-29 14:00:00,3.7180720338983053
2026-06-29 15:00:00,3.5898089171974523
2026-06-29 16:00:00,3.4432692307692307
2026-06-29 17:00:00,3.510300429184549
2026-06-29 18:00:00,2.3961324786324787
2026-06-29 19:00:00,1.395330396475771
2026-06-29 20:00:00,1.032632743362832
2026-06-29 21:00:00,0.589003984063745
2026-06-29 22:00:00,0.68616
2026-06-29 23:00:00,0.31622047244094487
2026-06-30 00:00:00,0.3930150753768844
2026-06-30 01:00:00,1.2102105263157894
2026-06-30 02:00:00,1.2211160714285714
2026-06-30 03:00:00,0.4997058823529411
2026-06-30 04:00:00,0.4919485294117647
2026-06-30 05:00:00,0.657265625
2026-06-30 06:00:00,1.2269469026548674
2026-06-30 07:00:00,0.8538694638694638
2026-06-30 08:00:00,0.9508312958435208
2026-06-30 09:00:00,1.399599109131403
2026-06-30 10:00:00,1.7401978021978022
2026-06-30 11:00:00,2.318488120950324
2026-06-30 12:00:00,2.920883620689655
2026-06-30 13:00:00,3.053006396588486
2026-06-30 14:00:00,3.06019313304721
2026-06-30 15:00:00,2.9565021459227467
2026-06-30 16:00:00,2.649017094017094
2026-06-30 17:00:00,2.6671489361702125
2026-06-30 18:00:00,2.230276595744681
2026-06-30 19:00:00,2.4416737288135595
2026-06-30 20:00:00,1.7816919739696313
2026-06-30 21:00:00,1.4273459715639811
2026-06-30 22:00:00,0.7731794871794873
2026-06-30 23:00:00,0.38121875
2026-07-01 00:00:00,0.4429166666666667
2026-07-01 01:00:00,0.40230337078651685
2026-07-01 02:00:00,0.42552631578947364
2026-07-01 03:00:00,0.4714583333333333
2026-07-01 04:00:00,0.9571345029239765
2026-07-01 05:00:00,0.7387295081967213
2026-07-01 06:00:00,1.259823399558499
2026-07-01 07:00:00,0.8551834862385321
2026-07-01 08:00:00,0.818076923076923
2026-07-01 09:00:00,1.2365753424657535
2026-07-01 10:00:00,1.9512638580931263
2026-07-01 11:00:00,2.1516414686825054
2026-07-01 12:00:00,2.6406666666666667
2026-07-01 13:00:00,3.4128326180257513
2026-07-01 14:00:00,3.6243855932203393
2026-07-01 15:00:00,3.3774413646055437
2026-07-01 16:00:00,3.2303177966101697
2026-07-01 17:00:00,3.1694658119658117
2026-07-01 18:00:00,2.449914163090129
2026-07-01 19:00:00,1.6301521739130436
2026-07-01 20:00:00,1.316140350877193
2026-07-01 21:00:00,1.403103448275862
2026-07-01 22:00:00,1.6753418803418805
2026-07-01 23:00:00,1.5291323210412147
2026-07-02 00:00:00,0.950913140311804
2026-07-02 01:00:00,1.003758865248227
2026-07-02 02:00:00,0.7302030456852792
2026-07-02 03:00:00,0.733581267217631
2026-07-02 04:00:00,0.5737313432835821
2026-07-02 05:00:00,0.9894601542416452
2026-07-02 06:00:00,1.2157575757575756
2026-07-02 07:00:00,1.8744444444444444
2026-07-02 08:00:00,1.9278384279475984
2026-07-02 09:00:00,2.480936170212766
2026-07-02 10:00:00,2.347456896551724
2026-07-02 11:00:00,3.0380085653104927
2026-07-02 12:00:00,3.028422174840085
2026-07-02 13:00:00,3.3723290598290596
2026-07-02 14:00:00,3.261367521367521
2026-07-02 15:00:00,4.083940677966102
2026-07-02 16:00:00,3.5581584582441117
2026-07-02 17:00:00,3.0604700854700853
2026-07-02 18:00:00,2.5879184549356222
2026-07-02 19:00:00,2.722744680851064
2026-07-02 20:00:00,2.0908817204301076
2026-07-02 21:00:00,1.6606465517241378
2026-07-02 22:00:00,1.008551401869159
2026-07-02 23:00:00,0.7306068601583113
2026-07-03 00:00:00,0.5104954954954954
2026-07-03 01:00:00,0.33050505050505047
2026-07-03 02:00:00,0.54778125
2026-07-03 03:00:00,0.36520231213872834
2026-07-03 04:00:00,0.31014388489208633
2026-07-03 05:00:00,0.4887046632124353
2026-07-03 06:00:00,0.5548224852071006
2026-07-03 07:00:00,1.1205882352941177
2026-07-03 08:00:00,1.0330150753768843
2026-07-03 09:00:00,1.085677570093458
2026-07-03 10:00:00,1.609934065934066
2026-07-03 11:00:00,2.391058315334773
2026-07-03 12:00:00,2.739271948608137
2026-07-03 13:00:00,2.9360897435897435
2026-07-03 14:00:00,3.305614406779661
2026-07-03 15:00:00,2.8298513800424625
2026-07-03 16:00:00,3.0004282655246253
2026-07-03 17:00:00,2.90482905982906
2026-07-03 18:00:00,2.5813548387096774
2026-07-03 19:00:00,1.7176304347826088
2026-07-03 20:00:00,0.7881060606060606
2026-07-03 21:00:00,0.41268656716417906
2026-07-03 22:00:00,0.4051807228915663
2026-07-03 23:00:00,0.6210093896713615
2026-07-04 00:00:00,0.3422857142857143
2026-07-04 01:00:00,0.09571428571428571
2026-07-04 02:00:00,0.5713953488372093
2026-07-04 03:00:00,0.544672131147541
2026-07-04 04:00:00,0.8027642276422765
2026-07-04 05:00:00,0.7779318181818182
2026-07-04 06:00:00,0.571918158567775
2026-07-04 07:00:00,0.9649417249417249
2026-07-04 08:00:00,0.7263549160671463
2026-07-04 09:00:00,1.4000873362445414
2026-07-04 10:00:00,2.0457451403887688
2026-07-04 11:00:00,2.5488626609442058
2026-07-04 12:00:00,3.1136730360934184
2026-07-04 13:00:00,3.093340471092077
2026-07-04 14:00:00,3.421906779661017
2026-07-04 15:00:00,4.068895966029724
2026-07-04 16:00:00,3.952478813559322
2026-07-04 17:00:00,3.3172649572649573
2026-07-04 18:00:00,2.898884120171674
2026-07-04 19:00:00,1.9157792207792208
2026-07-04 20:00:00,0.944334085778781
2026-07-04 21:00:00,0.6122222222222223
2026-07-04 22:00:00,0.5429256594724221
2026-07-04 23:00:00,0.5231404958677686
2026-07-05 00:00:00,0.2746601941747573
2026-07-05 01:00:00,0.38396551724137934
2026-07-05 02:00:00,0.4118617021276596
2026-07-05 03:00:00,0.5038766519823789
2026-07-05 04:00:00,0.7836883116883118
2026-07-05 05:00:00,1.1564317180616739
2026-07-05 06:00:00,1.6994553376906316
2026-07-05 07:00:00,1.078943661971831
2026-07-05 08:00:00,0.7241561712846348
2026-07-05 09:00:00,1.2979687500000001
2026-07-05 10:00:00,1.857943722943723
2026-07-05 11:00:00,2.047274678111588
2026-07-05 12:00:00,2.9187473460721867
2026-07-05 13:00:00,3.063580508474576
2026-07-05 14:00:00,2.7979569892473117
2026-07-05 15:00:00,2.7483261802575107
2026-07-05 16:00:00,2.4309957627118646
2026-07-05 17:00:00,2.246255411255411
2026-07-05 18:00:00,2.1971030042918454
2026-07-05 19:00:00,1.3459161147902872
2026-07-05 20:00:00,0.9195454545454546
2026-07-05 21:00:00,0.3428740157480315
2026-07-05 22:00:00,0.3200390625
2026-07-05 23:00:00,0.2895
2026-07-06 00:00:00,0.24385245901639344
2026-07-06 01:00:00,0.7363235294117647
2026-07-06 02:00:00,1.2290092165898616
2026-07-06 03:00:00,1.0049640287769783
2026-07-06 04:00:00,1.3082899628252789
2026-07-06 05:00:00,1.9728416485900218
2026-07-06 06:00:00,1.3090969162995596
2026-07-06 07:00:00,1.1396380090497737
2026-07-06 08:00:00,0.8718912529550827
2026-07-06 09:00:00,1.0123058823529412
2026-07-06 10:00:00,1.3773873873873872
2026-07-06 11:00:00,1.9152222222222224
2026-07-06 12:00:00,2.1366594360086766
2026-07-06 13:00:00,2.4367099567099566
2026-07-06 14:00:00,3.178720682302772
2026-07-06 15:00:00,3.4147844827586207
2026-07-06 16:00:00,3.379299363057325
2026-07-06 17:00:00,2.9236989247311826
2026-07-06 18:00:00,2.3436422413793103
2026-07-06 19:00:00,1.4298687089715536
2026-07-06 20:00:00,0.4824705882352941
2026-07-06 21:00:00,0.3485
2026-07-06 22:00:00,0.2753260869565218
2026-07-06 23:00:00,0.20765432098765432
2026-07-07 00:00:00,0.3522959183673469
2026-07-07 01:00:00,0.49937499999999996
2026-07-07 02:00:00,0.4114285714285715
2026-07-07 03:00:00,0.5886351706036745
2026-07-07 04:00:00,1.901169977924945
2026-07-07 05:00:00,1.7363636363636366
2026-07-07 06:00:00,1.595764192139738
2026-07-07 07:00:00,0.860462962962963
2026-07-07 08:00:00,1.115281690140845
2026-07-07 09:00:00,0.8336384976525821
2026-07-07 10:00:00,1.2666964285714286
2026-07-07 11:00:00,1.324730941704036
2026-07-07 12:00:00,1.941010989010989
2026-07-07 13:00:00,2.7009635974304067
2026-07-07 14:00:00,3.092863247863248
2026-07-07 15:00:00,3.195448717948718
2026-07-07 16:00:00,2.7466309012875536
2026-07-07 17:00:00,2.7033049040511723
2026-07-07 18:00:00,1.8600434782608695
2026-07-07 19:00:00,0.8787286063569681
2026-07-07 20:00:00,0.6986405529953916
2026-07-07 21:00:00,0.6472183908045978
2026-07-07 22:00:00,0.36292263610315184
2026-07-07 23:00:00,0.3249146757679181
2026-07-08 00:00:00,0.21823529411764706
2026-07-08 01:00:00,1.3793627450980392
2026-07-08 02:00:00,1.3547865168539326
2026-07-08 03:00:00,0.7887164179104479
2026-07-08 04:00:00,1.0501173020527859
2026-07-08 05:00:00,1.5023582089552239
2026-07-08 06:00:00,1.7405274725274724
2026-07-08 07:00:00,1.347639198218263
2026-07-08 08:00:00,1.1283953488372092
2026-07-08 09:00:00,0.9982550335570469
2026-07-08 10:00:00,1.0141791044776118
2026-07-08 11:00:00,1.4841228070175438
2026-07-08 12:00:00,1.9512026726057907
2026-07-08 13:00:00,2.954678111587983
2026-07-08 14:00:00,3.378865096359743
2026-07-08 15:00:00,3.7249032258064516
2026-07-08 16:00:00,3.696524520255864
2026-07-08 17:00:00,3.2414649681528664
2026-07-08 18:00:00,2.05280777537797
2026-07-08 19:00:00,1.0111436950146628
2026-07-08 20:00:00,0.3807253886010363
2026-07-08 21:00:00,0.4776171875
2026-07-08 22:00:00,0.6015606936416185
2026-07-08 23:00:00,0.4176536312849162
2026-07-09 00:00:00,0.5385131195335278
2026-07-09 01:00:00,0.6778756476683938
2026-07-09 02:00:00,0.6107629427792916
2026-07-09 03:00:00,1.58431718061674
2026-07-09 04:00:00,1.269667458432304
2026-07-09 05:00:00,0.6759326424870467
2026-07-09 06:00:00,0.9725405405405405
2026-07-09 07:00:00,1.0117687074829933
2026-07-09 08:00:00,0.8067848101265823
2026-07-09 09:00:00,0.8355949367088608
2026-07-09 10:00:00,0.9423239436619718
2026-07-09 11:00:00,1.7934135667396063
2026-07-09 12:00:00,2.5821581196581196
2026-07-09 13:00:00,3.2646666666666664
2026-07-09 14:00:00,3.7306638115631694
2026-07-09 15:00:00,3.384570815450644
2026-07-09 16:00:00,1.7789416846652268
2026-07-09 17:00:00,2.0988646288209605
2026-07-09 18:00:00,2.3761027837259103
2026-07-09 19:00:00,1.669760348583878
2026-07-09 20:00:00,2.0199147121535184
2026-07-09 21:00:00,1.4673318872017356
2026-07-09 22:00:00,1.3210154525386313
2026-07-09 23:00:00,0.7159047619047619
2026-07-10 00:00:00,0.4568328445747801
2026-07-10 01:00:00,0.3885950413223141
2026-07-10 02:00:00,0.38488372093023254
2026-07-10 03:00:00,0.8991608391608392
2026-07-10 04:00:00,0.9779498861047836
2026-07-10 05:00:00,0.9375446428571428
2026-07-10 06:00:00,1.1618099547511311
2026-07-10 07:00:00,0.9667839195979899
2026-07-10 08:00:00,1.03876993166287
2026-07-10 09:00:00,1.0352522935779818
2026-07-10 10:00:00,1.490423162583519
2026-07-10 11:00:00,1.5257812499999999
2026-07-10 12:00:00,1.9456136363636365
2026-07-10 13:00:00,2.9706623931623932
2026-07-10 14:00:00,3.2753418803418803
2026-07-10 15:00:00,3.648269230769231
2026-07-10 16:00:00,3.4293037974683545
2026-07-10 17:00:00,2.884989293361884
2026-07-10 18:00:00,2.0914163090128755
2026-07-10 19:00:00,1.6885529157667385
2026-07-10 20:00:00,2.0682264957264955
2026-07-10 21:00:00,2.5470410367170624
2026-07-10 22:00:00,1.9938260869565216
2026-07-10 23:00:00,1.9424892703862662
2026-07-11 00:00:00,0.8937573964497041
2026-07-11 01:00:00,0.553695652173913
2026-07-11 02:00:00,1.2676136363636363
2026-07-11 03:00:00,1.206993166287016
2026-07-11 04:00:00,1.3346770601336302
2026-07-11 05:00:00,1.0683374083129584
2026-07-11 06:00:00,1.0038388625592418
2026-07-11 07:00:00,0.8393333333333334
2026-07-11 08:00:00,1.1575288683602771
2026-07-11 09:00:00,1.5114505494505495
2026-07-11 10:00:00,1.5935529411764706
2026-07-11 11:00:00,2.9358974358974357
2026-07-11 12:00:00,3.122723404255319
2026-07-11 13:00:00,3.2143524416135882
2026-07-11 14:00:00,4.272033898305085
2026-07-11 15:00:00,3.8110782241014802
2026-07-11 16:00:00,2.9824307036247335
2026-07-11 17:00:00,3.252484076433121
2026-07-11 18:00:00,2.547505330490405
2026-07-11 19:00:00,2.554150537634409
2026-07-11 20:00:00,1.6451521739130435
2026-07-11 21:00:00,1.2204044943820225
2026-07-11 22:00:00,0.7289486552567237
2026-07-11 23:00:00,0.406039603960396
2026-07-12 00:00:00,0.744869109947644
2026-07-12 01:00:00,0.7358490566037735
2026-07-12 02:00:00,0.7963185378590079
2026-07-12 03:00:00,0.7454885057471264
2026-07-12 04:00:00,0.9703225806451612
2026-07-12 05:00:00,0.7655601659751037
2026-07-12 06:00:00,0.9871890547263682
2026-07-12 07:00:00,0.9716577540106951
2026-07-12 08:00:00,1.970997830802603
2026-07-12 09:00:00,2.1562634989200866
2026-07-12 10:00:00,2.314399141630901
2026-07-12 11:00:00,2.5672317596566523
2026-07-12 12:00:00,2.492966101694915
2026-07-12 13:00:00,2.843609341825902
2026-07-12 14:00:00,3.3863347457627118
2026-07-12 15:00:00,4.058837209302325
2026-07-12 16:00:00,4.349660297239915
2026-07-12 17:00:00,4.284046610169491
2026-07-12 18:00:00,3.0635319148936166
2026-07-12 19:00:00,2.8797234042553193
2026-07-12 20:00:00,2.0260434782608696
2026-07-12 21:00:00,1.3021382289416847
2026-07-12 22:00:00,1.0073671497584542
2026-07-12 23:00:00,0.5638790035587188
2026-07-13 00:00:00,0.38701149425287357
2026-07-13 01:00:00,0.0
2026-07-13 02:00:00,0.0
2026-07-13 03:00:00,0.02
2026-07-13 04:00:00,0.6863392857142857
2026-07-13 05:00:00,0.49484732824427485
2026-07-13 06:00:00,0.9027621483375959
2026-07-13 07:00:00,1.1111111111111112
2026-07-13 08:00:00,0.9625490196078432
2026-07-13 09:00:00,1.2158041958041959
2026-07-13 10:00:00,1.6130734966592428
2026-07-13 11:00:00,1.6619369369369368
2026-07-13 12:00:00,2.0751298701298704
2026-07-13 13:00:00,2.8332835820895523
2026-07-13 14:00:00,3.1995329087048834
2026-07-13 15:00:00,2.9975957446808508
2026-07-13 16:00:00,3.150529661016949
2026-07-13 17:00:00,3.156167023554604
2026-07-13 18:00:00,2.5764392324093817
2026-07-13 19:00:00,1.6456709956709956
2026-07-13 20:00:00,1.1966075388026607
2026-07-13 21:00:00,1.0098614318706698
2026-07-13 22:00:00,0.6790602409638554
