_time,_value
2026-08-01T00:01:02.21Z,72.32
2026-08-01T00:06:02.643Z,72.74
2026-08-01T00:11:03.187Z,72.99
2026-08-01T00:16:02.359Z,73.06
2026-08-01T00:21:02.62Z,73.53
2026-08-01T00:26:02.464Z,73.69
2026-08-01T00:31:02.557Z,73.59
2026-08-01T00:36:02.755Z,73.76
2026-08-01T00:41:02.313Z,74.39
2026-08-01T00:46:02.557Z,74.61
2026-08-01T00:51:02.321Z,75.51
2026-08-01T00:56:02.523Z,75.73
2026-08-01T01:01:02.649Z,75.98
2026-08-01T01:06:02.508Z,75.95
2026-08-01T01:11:02.624Z,76.46
2026-08-01T01:16:02.493Z,76.68
2026-08-01T01:21:02.792Z,76.62
2026-08-01T01:26:02.558Z,76.68
2026-08-01T01:31:02.348Z,76.91
2026-08-01T01:36:02.626Z,76.97
2026-08-01T01:41:02.491Z,77.16
2026-08-01T01:46:02.655Z,77.45
2026-08-01T01:51:02.621Z,78.02
2026-08-01T01:56:02.794Z,78.31
2026-08-01T02:01:02.527Z,78.62
2026-08-01T02:06:02.678Z,78.88
2026-08-01T02:11:02.599Z,78.56
2026-08-01T02:16:02.688Z,78.47
2026-08-01T02:21:02.426Z,78.62
2026-08-01T02:26:02.595Z,78.4
2026-08-01T02:31:02.393Z,78.37
2026-08-01T02:36:02.597Z,78.59
2026-08-01T02:41:02.329Z,78.97
2026-08-01T02:46:02.623Z,79.04
2026-08-01T02:51:02.565Z,79.13
2026-08-01T02:56:02.273Z,79.2
2026-08-01T03:01:02.769Z,79.74
2026-08-01T03:06:02.361Z,79.8
2026-08-01T03:11:02.712Z,79.49
2026-08-01T03:16:02.893Z,79.33
2026-08-01T03:21:03.17Z,79.29
2026-08-01T03:26:03.399Z,79.49
2026-08-01T03:31:03.989Z,79.33
2026-08-01T03:36:02.312Z,79.45
2026-08-01T03:41:02.68Z,79.36
2026-08-01T03:46:02.839Z,79.45
2026-08-01T03:51:02.643Z,79.33
2026-08-01T03:56:02.936Z,79.39
2026-08-01T04:01:02.337Z,79.49
2026-08-01T04:06:03.557Z,80.6
2026-08-01T04:11:02.481Z,81.39
2026-08-01T04:16:02.282Z,81.62
2026-08-01T04:21:02.948Z,81.84
2026-08-01T04:26:02.908Z,82.0
2026-08-01T04:31:02.413Z,81.24
2026-08-01T04:36:02.418Z,81.17
2026-08-01T04:41:02.49Z,81.14
2026-08-01T04:46:02.231Z,81.14
2026-08-01T04:51:02.502Z,81.36
2026-08-01T04:56:03.277Z,81.39
2026-08-01T05:01:02.591Z,81.49
2026-08-01T05:06:02.807Z,81.74
2026-08-01T05:11:02.559Z,82.29
2026-08-01T05:16:02.396Z,82.26
2026-08-01T05:21:02.479Z,82.0
2026-08-01T05:26:02.692Z,82.03
2026-08-01T05:31:02.676Z,82.54
2026-08-01T05:36:02.739Z,82.79
2026-08-01T05:41:02.451Z,82.73
2026-08-01T05:46:02.374Z,82.47
2026-08-01T05:51:02.436Z,82.16
2026-08-01T05:56:02.678Z,81.91
2026-08-01T06:01:02.955Z,82.51
2026-08-01T06:06:02.318Z,82.7
2026-08-01T06:11:02.644Z,82.19
2026-08-01T06:16:04.368Z,81.94
2026-08-01T06:21:02.655Z,81.84
2026-08-01T06:26:02.472Z,81.11
2026-08-01T06:31:02.312Z,81.27
2026-08-01T06:36:02.647Z,81.17
2026-08-01T06:41:02.3Z,81.14
2026-08-01T06:46:02.88Z,81.14
2026-08-01T06:51:02.478Z,81.43
2026-08-01T06:56:02.386Z,81.2
2026-08-01T07:01:02.619Z,81.07
2026-08-01T07:06:03.302Z,80.28
2026-08-01T07:11:02.434Z,79.61
2026-08-01T07:16:02.388Z,79.01
2026-08-01T07:21:03.344Z,78.15
2026-08-01T07:26:02.548Z,78.12
2026-08-01T07:31:02.506Z,77.7
2026-08-01T07:36:02.464Z,76.97
2026-08-01T07:41:02.371Z,76.14
2026-08-01T07:46:02.654Z,74.58
2026-08-01T07:51:02.442Z,74.33
2026-08-01T07:56:02.701Z,74.43
2026-08-01T08:01:02.412Z,73.98
2026-08-01T08:06:02.601Z,73.85
2026-08-01T08:11:02.322Z,72.96
2026-08-01T08:16:02.628Z,73.34
2026-08-01T08:21:02.445Z,72.04
2026-08-01T08:26:02.439Z,72.58
2026-08-01T08:31:02.434Z,72.1
2026-08-01T08:36:02.778Z,71.31
2026-08-01T08:41:02.446Z,71.08
2026-08-01T08:46:02.51Z,70.22
2026-08-01T08:51:02.871Z,69.39
2026-08-01T08:56:02.484Z,69.07
2026-08-01T09:01:02.323Z,68.28
2026-08-01T09:06:02.72Z,68.63
2026-08-01T09:11:03.714Z,67.78
2026-08-01T09:16:02.917Z,66.15
2026-08-01T09:21:02.574Z,65.13
2026-08-01T09:26:02.417Z,63.95
2026-08-01T09:31:04.324Z,62.59
2026-08-01T09:36:02.761Z,61.44
2026-08-01T09:41:02.714Z,61.06
2026-08-01T09:46:02.408Z,61.5
2026-08-01T09:51:02.226Z,58.29
2026-08-01T09:56:02.691Z,59.62
2026-08-01T10:01:02.664Z,58.13
2026-08-01T10:06:02.452Z,58.48
2026-08-01T10:11:02.339Z,58.64
2026-08-01T10:16:03.783Z,56.73
2026-08-01T10:21:02.259Z,53.89
2026-08-01T10:26:02.379Z,58.06
2026-08-01T10:31:02.586Z,55.71
2026-08-01T10:36:02.35Z,56.38
2026-08-01T10:41:04.348Z,56.86
2026-08-01T10:46:02.733Z,57.3
2026-08-01T10:51:03.056Z,57.33
2026-08-01T10:56:08.333Z,56.98
2026-08-01T11:01:02.457Z,56.02
2026-08-01T11:06:02.477Z,57.17
2026-08-01T11:11:02.819Z,56.54
2026-08-01T11:16:02.633Z,58.13
2026-08-01T11:21:02.386Z,55.49
2026-08-01T11:26:02.529Z,55.99
2026-08-01T11:31:02.273Z,55.14
2026-08-01T11:36:02.683Z,55.42
2026-08-01T11:41:02.93Z,56.63
2026-08-01T11:46:02.632Z,57.04
2026-08-01T11:51:02.585Z,57.11
2026-08-01T11:56:02.309Z,57.56
2026-08-01T12:01:02.424Z,57.21
2026-08-01T12:06:02.749Z,56.51
2026-08-01T12:11:02.664Z,56.79
2026-08-01T12:16:02.668Z,57.11
2026-08-01T12:21:02.748Z,57.08
2026-08-01T12:26:02.514Z,57.94
2026-08-01T12:31:02.318Z,57.01
2026-08-01T12:36:02.774Z,56.6
2026-08-01T12:41:03.165Z,56.69
2026-08-01T12:46:02.588Z,56.63
2026-08-01T12:51:02.534Z,55.99
2026-08-01T12:56:03.193Z,56.73
2026-08-01T13:01:02.353Z,56.19
2026-08-01T13:06:02.632Z,56.19
2026-08-01T13:11:04.439Z,55.61
2026-08-01T13:16:02.683Z,56.22
2026-08-01T13:21:02.302Z,56.34
2026-08-01T13:26:02.75Z,56.38
2026-08-01T13:31:03.023Z,56.41
2026-08-01T13:36:02.543Z,57.08
2026-08-01T13:41:02.561Z,56.98
2026-08-01T13:46:02.485Z,56.73
2026-08-01T13:51:02.412Z,56.09
2026-08-01T13:56:02.709Z,56.89
2026-08-01T14:01:02.697Z,56.69
2026-08-01T14:06:02.536Z,57.33
2026-08-01T14:11:02.628Z,56.57
2026-08-01T14:16:03.584Z,55.61
2026-08-01T14:21:03.061Z,56.02
2026-08-01T14:26:02.58Z,55.61
2026-08-01T14:31:02.465Z,56.38
2026-08-01T14:36:02.263Z,57.81
2026-08-01T14:41:02.623Z,56.12
2026-08-01T14:46:02.829Z,54.82
2026-08-01T14:51:02.378Z,55.36
2026-08-01T14:56:02.478Z,55.9
2026-08-01T15:01:02.644Z,57.04
2026-08-01T15:06:02.657Z,58.35
2026-08-01T15:11:02.482Z,58.54
2026-08-01T15:16:02.608Z,58.93
2026-08-01T15:21:03.24Z,58.93
2026-08-01T15:26:02.664Z,58.99
2026-08-01T15:31:02.685Z,59.02
2026-08-01T15:36:02.408Z,59.05
2026-08-01T15:41:03.873Z,59.88
2026-08-01T15:46:04.326Z,60.55
2026-08-01T15:51:02.398Z,60.48
2026-08-01T15:56:02.849Z,60.55
2026-08-01T16:01:03.895Z,60.93
2026-08-01T16:06:02.585Z,61.31
2026-08-01T16:11:03.956Z,61.22
2026-08-01T16:16:02.802Z,61.09
2026-08-01T16:21:02.569Z,61.15
2026-08-01T16:26:03.287Z,60.68
2026-08-01T16:31:02.657Z,61.03
2026-08-01T16:36:02.847Z,61.44
2026-08-01T16:41:02.26Z,61.34
2026-08-01T16:46:02.505Z,62.11
2026-08-01T16:51:02.772Z,62.17
2026-08-01T16:56:02.666Z,62.36
2026-08-01T17:01:02.451Z,63.0
2026-08-01T17:06:02.454Z,63.32
2026-08-01T17:11:02.584Z,63.73
2026-08-01T17:16:02.723Z,64.69
2026-08-01T17:21:02.455Z,64.91
2026-08-01T17:26:02.539Z,65.16
2026-08-01T17:31:02.397Z,65.61
2026-08-01T17:36:02.754Z,65.77
2026-08-01T17:41:02.647Z,66.31
2026-08-01T17:46:02.461Z,67.14
2026-08-01T17:51:02.337Z,67.96
2026-08-01T17:56:02.514Z,67.84
2026-08-01T18:01:02.432Z,67.99
2026-08-01T18:06:02.723Z,68.41
2026-08-01T18:11:02.54Z,68.31
2026-08-01T18:16:04.164Z,68.03
2026-08-01T18:21:02.694Z,67.71
2026-08-01T18:26:02.51Z,67.96
2026-08-01T18:31:02.332Z,67.93
2026-08-01T18:36:02.682Z,68.66
2026-08-01T18:41:02.621Z,68.69
2026-08-01T18:46:02.522Z,68.66
2026-08-01T18:51:02.763Z,70.82
2026-08-01T18:56:10.895Z,73.47
2026-08-01T19:01:02.403Z,73.98
2026-08-01T19:06:02.266Z,74.08
2026-08-01T19:11:02.635Z,75.25
2026-08-01T19:16:03.243Z,75.06
2026-08-01T19:21:02.517Z,74.43
2026-08-01T19:26:02.733Z,74.29
2026-08-01T19:31:02.469Z,74.52
2026-08-01T19:36:02.337Z,73.69
2026-08-01T19:41:05.222Z,74.52
2026-08-01T19:46:02.36Z,75.12
2026-08-01T19:51:02.673Z,75.12
2026-08-01T19:56:02.603Z,75.28
2026-08-01T20:01:02.302Z,74.74
2026-08-01T20:06:04.328Z,75.09
2026-08-01T20:11:02.486Z,74.74
2026-08-01T20:16:02.607Z,74.52
2026-08-01T20:21:02.81Z,74.58
2026-08-01T20:26:02.459Z,74.84
2026-08-01T20:31:02.496Z,76.08
2026-08-01T20:36:02.942Z,76.75
2026-08-01T20:41:02.64Z,76.94
2026-08-01T20:46:02.465Z,76.97
2026-08-01T20:51:02.793Z,77.57
2026-08-01T20:56:03.291Z,77.96
2026-08-01T21:01:02.386Z,78.15
2026-08-01T21:06:04.723Z,78.34
2026-08-01T21:11:04.006Z,78.5
2026-08-01T21:16:02.221Z,78.69
2026-08-01T21:21:02.482Z,78.72
2026-08-01T21:26:02.295Z,78.75
2026-08-01T21:31:02.571Z,78.94
2026-08-01T21:36:02.849Z,79.17
2026-08-01T21:41:02.26Z,79.29
2026-08-01T21:46:02.614Z,79.77
2026-08-01T21:51:04.022Z,80.06
2026-08-01T21:56:02.562Z,80.09
2026-08-01T22:01:02.329Z,80.09
2026-08-01T22:06:02.996Z,80.09
2026-08-01T22:11:02.439Z,80.09
2026-08-01T22:16:02.566Z,80.06
2026-08-01T22:21:02.456Z,79.96
2026-08-01T22:26:02.637Z,80.22
2026-08-01T22:31:04.467Z,80.6
2026-08-01T22:36:03.211Z,80.79
2026-08-01T22:41:02.358Z,80.98
2026-08-01T22:46:02.975Z,81.14
2026-08-01T22:51:02.395Z,81.24
2026-08-01T22:56:02.666Z,81.39
2026-08-01T23:01:02.402Z,81.46
2026-08-01T23:06:04.73Z,81.59
2026-08-01T23:11:02.636Z,81.62
2026-08-01T23:16:02.459Z,81.74
2026-08-01T23:21:02.655Z,81.84
2026-08-01T23:26:02.703Z,81.71
2026-08-01T23:31:02.646Z,81.84
2026-08-01T23:36:00.479Z,81.87
2026-08-01T23:41:02.547Z,81.84
2026-08-01T23:46:02.524Z,81.94
2026-08-01T23:51:02.624Z,82.06
2026-08-01T23:56:02.452Z,82.12
2026-08-02T00:01:04.162Z,82.09
2026-08-02T00:06:03.319Z,82.35
2026-08-02T00:11:02.65Z,82.35
2026-08-02T00:16:02.391Z,82.57
2026-08-02T00:21:03.807Z,82.54
2026-08-02T00:26:02.464Z,82.79
2026-08-02T00:31:02.694Z,83.02
2026-08-02T00:36:02.414Z,82.89
2026-08-02T00:41:02.577Z,83.05
2026-08-02T00:46:03.813Z,83.4
2026-08-02T00:51:02.85Z,83.72
2026-08-02T00:56:02.516Z,83.66
2026-08-02T01:01:02.747Z,83.97
2026-08-02T01:06:04.53Z,84.13
2026-08-02T01:11:03.195Z,84.36
2026-08-02T01:16:02.643Z,84.48
2026-08-02T01:21:03.34Z,84.61
2026-08-02T01:26:02.58Z,84.42
2026-08-02T01:31:02.427Z,84.48
2026-08-02T01:36:02.365Z,84.57
2026-08-02T01:41:02.495Z,84.68
2026-08-02T01:46:02.275Z,84.68
2026-08-02T01:51:02.556Z,84.57
2026-08-02T01:56:02.294Z,84.42
2026-08-02T02:01:02.623Z,84.45
2026-08-02T02:06:03.926Z,84.39
2026-08-02T02:11:02.684Z,84.13
2026-08-02T02:16:02.374Z,84.16
2026-08-02T02:21:02.19Z,84.22
2026-08-02T02:26:02.619Z,84.19
2026-08-02T02:31:02.365Z,84.04
2026-08-02T02:36:02.545Z,84.07
2026-08-02T02:41:02.31Z,83.81
2026-08-02T02:46:02.562Z,83.84
2026-08-02T02:51:02.28Z,83.94
2026-08-02T02:56:02.699Z,84.1
2026-08-02T03:01:02.61Z,84.32
2026-08-02T03:06:02.637Z,84.36
2026-08-02T03:11:02.386Z,84.51
2026-08-02T03:16:02.553Z,84.64
2026-08-02T03:21:02.854Z,84.77
2026-08-02T03:26:02.349Z,84.68
2026-08-02T03:31:02.507Z,84.57
2026-08-02T03:36:02.678Z,84.61
2026-08-02T03:41:02.876Z,84.68
2026-08-02T03:46:02.661Z,84.57
2026-08-02T03:51:02.443Z,84.99
2026-08-02T03:56:02.4Z,85.09
2026-08-02T04:01:03.054Z,85.21
2026-08-02T04:06:02.621Z,85.72
2026-08-02T04:11:04.583Z,85.97
2026-08-02T04:16:02.693Z,86.11
2026-08-02T04:21:02.682Z,86.08
2026-08-02T04:26:02.691Z,86.01
2026-08-02T04:31:03.219Z,85.97
2026-08-02T04:36:02.679Z,85.82
2026-08-02T04:41:02.779Z,85.94
2026-08-02T04:46:02.624Z,86.39
2026-08-02T04:51:02.507Z,86.36
2026-08-02T04:56:02.321Z,86.49
2026-08-02T05:01:02.673Z,86.49
2026-08-02T05:06:02.537Z,86.64
2026-08-02T05:11:02.67Z,86.71
2026-08-02T05:16:03.377Z,86.43
2026-08-02T05:21:03.667Z,86.36
2026-08-02T05:26:02.439Z,86.26
2026-08-02T05:31:02.378Z,86.39
2026-08-02T05:36:04.033Z,86.39
2026-08-02T05:41:02.378Z,86.39
2026-08-02T05:46:02.483Z,86.2
2026-08-02T05:51:02.322Z,85.76
2026-08-02T05:56:02.49Z,85.62
2026-08-02T06:01:02.467Z,85.53
2026-08-02T06:06:02.551Z,85.5
2026-08-02T06:11:02.393Z,85.37
2026-08-02T06:16:02.276Z,85.5
2026-08-02T06:21:02.608Z,85.53
2026-08-02T06:26:02.756Z,85.21
2026-08-02T06:31:02.462Z,85.09
2026-08-02T06:36:02.649Z,84.54
2026-08-02T06:41:03.314Z,83.87
2026-08-02T06:46:02.451Z,83.34
2026-08-02T06:51:02.325Z,82.06
2026-08-02T06:56:02.669Z,81.59
2026-08-02T07:01:02.487Z,80.89
2026-08-02T07:06:03.176Z,80.12
2026-08-02T07:11:02.596Z,79.64
2026-08-02T07:16:02.797Z,78.62
2026-08-02T07:21:02.418Z,77.8
2026-08-02T07:26:02.679Z,78.12
2026-08-02T07:31:02.827Z,77.16
2026-08-02T07:36:02.488Z,76.43
2026-08-02T07:41:02.721Z,75.63
2026-08-02T07:46:02.621Z,75.06
2026-08-02T07:51:02.453Z,74.29
2026-08-02T07:56:02.731Z,73.76
2026-08-02T08:01:03.502Z,72.48
2026-08-02T08:06:02.325Z,71.97
2026-08-02T08:11:02.825Z,71.59
2026-08-02T08:16:02.389Z,70.44
2026-08-02T08:21:02.486Z,71.08
2026-08-02T08:26:04.029Z,69.56
2026-08-02T08:31:02.911Z,68.19
2026-08-02T08:36:03.881Z,67.49
2026-08-02T08:41:02.555Z,67.61
2026-08-02T08:46:03.499Z,65.89
2026-08-02T08:51:03.525Z,65.01
2026-08-02T08:56:02.51Z,64.08
2026-08-02T09:01:02.379Z,63.41
2026-08-02T09:06:03.327Z,62.49
2026-08-02T09:11:02.649Z,61.37
2026-08-02T09:16:02.898Z,60.23
2026-08-02T09:21:02.311Z,58.29
2026-08-02T09:26:02.818Z,59.85
2026-08-02T09:31:02.429Z,58.51
2026-08-02T09:36:02.411Z,58.48
2026-08-02T09:41:02.349Z,58.45
2026-08-02T09:46:02.356Z,57.59
2026-08-02T09:51:02.316Z,56.41
2026-08-02T09:56:02.346Z,56.16
2026-08-02T10:01:02.685Z,55.55
2026-08-02T10:06:02.762Z,55.49
2026-08-02T10:11:02.596Z,54.44
2026-08-02T10:16:02.771Z,53.99
2026-08-02T10:21:02.668Z,52.28
2026-08-02T10:26:02.729Z,50.77
2026-08-02T10:31:02.534Z,47.69
2026-08-02T10:36:02.637Z,44.86
2026-08-02T10:41:02.436Z,45.08
2026-08-02T10:46:04.008Z,42.56
2026-08-02T10:51:02.618Z,46.29
2026-08-02T10:56:04.275Z,44.41
2026-08-02T11:01:03.227Z,41.48
2026-08-02T11:06:03.072Z,42.25
2026-08-02T11:11:02.913Z,38.71
2026-08-02T11:16:03.599Z,38.27
2026-08-02T11:21:02.525Z,36.9
2026-08-02T11:26:03.079Z,38.11
2026-08-02T11:31:02.438Z,36.55
2026-08-02T11:36:02.664Z,35.47
2026-08-02T11:41:02.487Z,37.76
2026-08-02T11:46:02.705Z,37.41
2026-08-02T11:51:02.701Z,39.19
2026-08-02T11:56:02.679Z,41.9
2026-08-02T12:01:02.989Z,41.26
2026-08-02T12:06:02.495Z,38.42
2026-08-02T12:11:02.525Z,38.11
2026-08-02T12:16:02.413Z,38.62
2026-08-02T12:21:02.295Z,37.83
2026-08-02T12:26:02.925Z,37.66
2026-08-02T12:31:02.594Z,37.41
2026-08-02T12:36:04.003Z,37.28
2026-08-02T12:41:02.982Z,37.69
2026-08-02T12:46:03.674Z,37.25
2026-08-02T12:51:06.793Z,38.04
2026-08-02T12:56:02.398Z,38.84
2026-08-02T13:01:02.887Z,38.94
2026-08-02T13:06:02.701Z,39.99
2026-08-02T13:11:02.582Z,39.38
2026-08-02T13:16:02.521Z,38.68
2026-08-02T13:21:02.519Z,39.54
2026-08-02T13:26:05.275Z,39.99
2026-08-02T13:31:04.444Z,39.51
2026-08-02T13:36:02.717Z,40.02
2026-08-02T13:41:02.752Z,40.91
2026-08-02T13:46:02.734Z,39.96
2026-08-02T13:51:02.808Z,40.81
2026-08-02T13:56:02.63Z,39.7
2026-08-02T14:01:02.693Z,39.67
2026-08-02T14:06:02.555Z,40.4
2026-08-02T14:11:02.607Z,39.96
2026-08-02T14:16:02.648Z,38.84
2026-08-02T14:21:02.576Z,39.79
2026-08-02T14:26:02.454Z,39.7
2026-08-02T14:31:03.387Z,40.31
2026-08-02T14:36:02.346Z,39.29
2026-08-02T14:41:02.382Z,38.11
2026-08-02T14:46:02.385Z,37.95
2026-08-02T14:51:03.409Z,38.39
2026-08-02T14:56:02.657Z,37.63
2026-08-02T15:01:03.2Z,36.55
2026-08-02T15:06:02.565Z,37.31
2026-08-02T15:11:02.589Z,36.87
2026-08-02T15:16:03.11Z,36.23
2026-08-02T15:21:02.254Z,37.06
2026-08-02T15:26:02.421Z,36.36
2026-08-02T15:31:02.406Z,36.58
2026-08-02T15:36:02.44Z,36.61
2026-08-02T15:41:02.407Z,37.16
2026-08-02T15:46:02.66Z,34.74
2026-08-02T15:51:02.533Z,34.45
2026-08-02T15:56:03.212Z,34.07
2026-08-02T16:01:02.465Z,34.22
2026-08-02T16:06:02.85Z,34.83
2026-08-02T16:11:02.613Z,33.56
2026-08-02T16:16:02.233Z,33.91
2026-08-02T16:21:02.42Z,34.16
2026-08-02T16:26:02.248Z,33.59
2026-08-02T16:31:02.663Z,33.87
2026-08-02T16:36:03.138Z,32.54
2026-08-02T16:41:02.61Z,33.21
2026-08-02T16:46:02.555Z,33.24
2026-08-02T16:51:02.732Z,33.46
2026-08-02T16:56:02.563Z,33.84
2026-08-02T17:01:02.644Z,32.22
2026-08-02T17:06:02.731Z,32.64
2026-08-02T17:11:02.767Z,34.8
2026-08-02T17:16:04.921Z,34.1
2026-08-02T17:21:02.839Z,33.84
2026-08-02T17:26:02.619Z,33.56
2026-08-02T17:31:03.501Z,33.94
2026-08-02T17:36:02.988Z,33.84
2026-08-02T17:41:02.481Z,33.91
2026-08-02T17:46:02.658Z,34.01
2026-08-02T17:51:02.567Z,35.85
2026-08-02T17:56:02.901Z,36.32
2026-08-02T18:01:02.581Z,36.32
2026-08-02T18:06:02.449Z,37.66
2026-08-02T18:11:02.556Z,37.66
2026-08-02T18:16:03.517Z,44.83
2026-08-02T18:21:02.86Z,46.16
2026-08-02T18:26:02.273Z,49.41
2026-08-02T18:31:05.195Z,50.77
2026-08-02T18:36:02.666Z,53.13
2026-08-02T18:41:02.606Z,54.5
2026-08-02T18:46:02.765Z,56.09
2026-08-02T18:51:02.384Z,57.33
2026-08-02T18:56:02.552Z,57.71
2026-08-02T19:01:02.674Z,58.48
2026-08-02T19:06:02.673Z,59.28
2026-08-02T19:11:02.604Z,60.1
2026-08-02T19:16:03.349Z,60.45
2026-08-02T19:21:04.889Z,61.03
2026-08-02T19:26:02.43Z,61.31
2026-08-02T19:31:02.27Z,61.5
2026-08-02T19:36:04.768Z,61.28
2026-08-02T19:41:02.664Z,61.57
2026-08-02T19:46:02.359Z,61.79
2026-08-02T19:51:02.762Z,62.27
2026-08-02T19:56:02.601Z,62.77
2026-08-02T20:01:02.442Z,63.16
2026-08-02T20:06:03.625Z,63.73
2026-08-02T20:11:02.666Z,64.4
2026-08-02T20:16:02.542Z,64.08
2026-08-02T20:21:02.333Z,63.32
2026-08-02T20:26:04.516Z,61.28
2026-08-02T20:31:02.416Z,60.36
2026-08-02T20:36:02.734Z,60.13
2026-08-02T20:41:02.66Z,60.42
2026-08-02T20:46:02.613Z,61.5
2026-08-02T20:51:02.347Z,62.59
2026-08-02T20:56:02.535Z,63.89
2026-08-02T21:01:02.464Z,64.87
2026-08-02T21:06:02.413Z,64.78
2026-08-02T21:11:02.698Z,64.78
2026-08-02T21:16:02.689Z,65.42
2026-08-02T21:21:02.527Z,66.18
2026-08-02T21:26:02.81Z,66.47
2026-08-02T21:31:02.446Z,67.17
2026-08-02T21:36:02.703Z,67.64
2026-08-02T21:41:02.395Z,68.25
2026-08-02T21:46:02.291Z,68.92
2026-08-02T21:51:02.652Z,69.17
2026-08-02T21:56:02.385Z,69.49
2026-08-02T22:01:02.326Z,69.84
2026-08-02T22:06:02.617Z,70.38
2026-08-02T22:11:02.676Z,71.11
2026-08-02T22:16:02.484Z,71.78
2026-08-02T22:21:02.631Z,72.48
2026-08-02T22:26:02.744Z,72.86
2026-08-02T22:31:02.447Z,72.71
2026-08-02T22:36:03.837Z,73.34
2026-08-02T22:41:05.877Z,73.37
2026-08-02T22:46:02.546Z,73.09
2026-08-02T22:51:02.636Z,72.04
2026-08-02T22:56:02.58Z,71.56
2026-08-02T23:01:02.373Z,71.66
2026-08-02T23:06:03.692Z,72.19
2026-08-02T23:11:03.335Z,72.26
2026-08-02T23:16:02.445Z,72.1
2026-08-02T23:21:02.258Z,72.45
2026-08-02T23:26:02.421Z,72.89
2026-08-02T23:31:02.36Z,73.56
2026-08-02T23:36:02.795Z,74.11
2026-08-02T23:41:03.174Z,74.43
2026-08-02T23:46:02.665Z,74.87
2026-08-02T23:51:04.102Z,75.22
2026-08-02T23:56:03.022Z,75.35
2026-08-03T00:01:02.515Z,75.25
2026-08-03T00:06:02.402Z,75.06
2026-08-03T00:11:02.838Z,75.38
2026-08-03T00:16:02.296Z,75.7
2026-08-03T00:21:03.44Z,75.79
2026-08-03T00:26:03.282Z,76.46
2026-08-03T00:31:02.992Z,76.91
2026-08-03T00:36:02.464Z,76.97
2026-08-03T00:41:02.708Z,77.38
2026-08-03T00:46:03.557Z,77.26
2026-08-03T00:51:02.707Z,77.38
2026-08-03T00:56:02.521Z,77.45
2026-08-03T01:01:03.157Z,77.7
2026-08-03T01:06:02.53Z,78.15
2026-08-03T01:11:02.735Z,78.75
2026-08-03T01:16:02.534Z,79.04
2026-08-03T01:21:02.472Z,79.36
2026-08-03T01:26:02.602Z,79.49
2026-08-03T01:31:02.442Z,79.45
2026-08-03T01:36:02.832Z,79.77
2026-08-03T01:41:02.256Z,80.28
2026-08-03T01:46:02.591Z,80.5
2026-08-03T01:51:02.5Z,80.37
2026-08-03T01:56:03.461Z,80.44
2026-08-03T02:01:02.679Z,80.79
2026-08-03T02:06:03.708Z,81.07
2026-08-03T02:11:02.446Z,81.46
2026-08-03T02:16:02.296Z,80.54
2026-08-03T02:21:02.511Z,80.22
2026-08-03T02:26:02.456Z,79.87
2026-08-03T02:31:02.502Z,80.03
2026-08-03T02:36:02.392Z,79.9
2026-08-03T02:41:02.505Z,79.96
2026-08-03T02:46:02.625Z,79.93
2026-08-03T02:51:02.834Z,80.09
2026-08-03T02:56:02.391Z,80.12
2026-08-03T03:01:03.81Z,80.6
2026-08-03T03:06:02.542Z,80.44
2026-08-03T03:11:02.647Z,80.5
2026-08-03T03:16:02.525Z,80.66
2026-08-03T03:21:02.651Z,80.54
2026-08-03T03:26:02.288Z,80.5
2026-08-03T03:31:02.583Z,80.85
2026-08-03T03:36:02.373Z,81.04
2026-08-03T03:41:02.629Z,81.24
2026-08-03T03:46:02.611Z,81.14
2026-08-03T03:51:02.373Z,81.36
2026-08-03T03:56:02.588Z,81.49
2026-08-03T04:01:02.886Z,82.03
2026-08-03T04:06:02.663Z,82.03
2026-08-03T04:11:02.314Z,82.38
2026-08-03T04:16:02.609Z,82.86
2026-08-03T04:21:02.684Z,83.05
2026-08-03T04:26:02.334Z,82.79
2026-08-03T04:31:02.934Z,82.47
2026-08-03T04:36:02.831Z,82.09
2026-08-03T04:41:03.496Z,81.91
2026-08-03T04:46:02.642Z,82.09
2026-08-03T04:51:02.533Z,82.12
2026-08-03T04:56:02.371Z,81.94
2026-08-03T05:01:04.035Z,82.06
2026-08-03T05:06:02.379Z,82.29
2026-08-03T05:11:02.702Z,82.47
2026-08-03T05:16:02.658Z,81.97
2026-08-03T05:21:02.45Z,81.77
2026-08-03T05:26:03.28Z,81.49
2026-08-03T05:31:02.349Z,81.52
2026-08-03T05:36:02.649Z,81.52
2026-08-03T05:41:02.812Z,81.11
2026-08-03T05:46:02.586Z,80.85
2026-08-03T05:51:02.277Z,80.6
2026-08-03T05:56:02.718Z,80.82
2026-08-03T06:01:02.732Z,80.57
2026-08-03T06:06:02.555Z,79.93
2026-08-03T06:11:02.465Z,79.49
2026-08-03T06:16:02.298Z,79.07
2026-08-03T06:21:02.881Z,78.34
2026-08-03T06:26:02.924Z,77.64
2026-08-03T06:31:02.602Z,76.87
2026-08-03T06:36:02.622Z,76.53
2026-08-03T06:41:02.387Z,75.76
2026-08-03T06:46:02.601Z,75.51
2026-08-03T06:51:02.58Z,75.0
2026-08-03T06:56:02.521Z,74.78
2026-08-03T07:01:02.598Z,74.55
2026-08-03T07:06:02.508Z,74.43
2026-08-03T07:11:02.398Z,75.51
2026-08-03T07:16:02.651Z,74.87
2026-08-03T07:21:02.5Z,73.76
2026-08-03T07:26:02.957Z,69.71
2026-08-03T07:31:02.274Z,67.33
2026-08-03T07:36:02.706Z,62.97
2026-08-03T07:41:02.911Z,63.16
2026-08-03T07:46:02.441Z,60.93
2026-08-03T07:51:03.244Z,60.96
2026-08-03T07:56:02.368Z,60.96
2026-08-03T08:01:02.473Z,58.26
2026-08-03T08:06:04.547Z,59.31
2026-08-03T08:11:02.646Z,58.76
2026-08-03T08:16:02.606Z,58.89
2026-08-03T08:21:02.361Z,57.14
2026-08-03T08:26:03.64Z,53.99
2026-08-03T08:31:02.507Z,52.56
2026-08-03T08:36:02.677Z,48.71
2026-08-03T08:41:02.445Z,44.89
2026-08-03T08:46:02.312Z,48.74
2026-08-03T08:51:04.205Z,45.65
2026-08-03T08:56:02.628Z,41.04
2026-08-03T09:01:02.7Z,42.82
2026-08-03T09:06:02.291Z,38.11
2026-08-03T09:11:02.931Z,37.79
2026-08-03T09:16:02.851Z,35.82
2026-08-03T09:21:02.436Z,36.67
2026-08-03T09:26:02.754Z,37.16
2026-08-03T09:31:03.853Z,35.62
2026-08-03T09:36:02.621Z,35.03
2026-08-03T09:41:02.572Z,36.64
2026-08-03T09:46:02.585Z,34.74
2026-08-03T09:51:02.55Z,33.17
2026-08-03T09:56:02.627Z,31.91
2026-08-03T10:01:02.597Z,32.22
2026-08-03T10:06:02.69Z,35.56
2026-08-03T10:11:02.402Z,32.99
2026-08-03T10:16:02.657Z,30.6
2026-08-03T10:21:03.995Z,33.17
2026-08-03T10:26:02.712Z,30.09
2026-08-03T10:31:03.112Z,29.52
2026-08-03T10:36:02.625Z,28.12
2026-08-03T10:41:02.721Z,27.73
2026-08-03T10:46:02.602Z,27.26
2026-08-03T10:51:02.694Z,30.47
2026-08-03T10:56:02.762Z,26.65
2026-08-03T11:01:02.63Z,26.52
2026-08-03T11:06:02.796Z,25.73
2026-08-03T11:11:02.661Z,32.26
2026-08-03T11:16:02.475Z,27.7
2026-08-03T11:21:02.357Z,26.33
2026-08-03T11:26:02.489Z,24.2
2026-08-03T11:31:02.336Z,24.26
2026-08-03T11:36:02.453Z,23.94
2026-08-03T11:41:02.735Z,24.26
2026-08-03T11:46:02.906Z,22.61
2026-08-03T11:51:02.576Z,22.99
2026-08-03T11:56:02.582Z,22.83
2026-08-03T12:01:02.573Z,21.62
2026-08-03T12:06:02.518Z,25.0
2026-08-03T12:11:02.611Z,23.09
2026-08-03T12:16:02.437Z,23.24
2026-08-03T12:21:02.37Z,23.98
2026-08-03T12:26:02.556Z,23.06
2026-08-03T12:31:02.62Z,22.26
2026-08-03T12:36:02.604Z,20.7
2026-08-03T12:41:03.026Z,22.23
2026-08-03T12:46:02.41Z,22.45
2026-08-03T12:51:04.524Z,21.69
2026-08-03T12:56:02.614Z,22.01
2026-08-03T13:01:04.142Z,21.72
2026-08-03T13:06:02.616Z,21.11
2026-08-03T13:11:02.402Z,21.98
2026-08-03T13:16:02.254Z,21.14
2026-08-03T13:21:02.387Z,21.02
2026-08-03T13:26:02.711Z,21.56
2026-08-03T13:31:02.61Z,29.87
2026-08-03T13:36:02.577Z,34.89
2026-08-03T13:41:02.7Z,41.23
2026-08-03T13:46:02.549Z,44.83
2026-08-03T13:51:02.497Z,48.42
2026-08-03T13:56:02.474Z,51.19
2026-08-03T14:01:02.451Z,52.4
2026-08-03T14:06:03.312Z,52.81
2026-08-03T14:11:02.501Z,53.01
2026-08-03T14:16:02.654Z,53.22
2026-08-03T14:21:02.387Z,53.13
2026-08-03T14:26:02.892Z,54.47
2026-08-03T14:31:02.478Z,54.94
2026-08-03T14:36:02.534Z,54.5
2026-08-03T14:41:02.567Z,55.11
2026-08-03T14:46:02.393Z,56.73
2026-08-03T14:51:02.656Z,57.04
2026-08-03T14:56:02.635Z,57.84
2026-08-03T15:01:02.611Z,58.29
2026-08-03T15:06:02.491Z,59.11
2026-08-03T15:11:03.124Z,59.72
2026-08-03T15:16:02.827Z,60.29
2026-08-03T15:21:02.493Z,61.31
2026-08-03T15:26:02.415Z,62.3
2026-08-03T15:31:02.301Z,63.29
2026-08-03T15:36:02.661Z,64.14
2026-08-03T15:41:06.254Z,65.26
2026-08-03T15:46:02.381Z,66.09
2026-08-03T15:51:02.961Z,66.5
2026-08-03T15:56:02.666Z,67.33
2026-08-03T16:01:03.143Z,67.46
2026-08-03T16:06:02.603Z,68.47
2026-08-03T16:11:02.906Z,67.04
2026-08-03T16:16:02.607Z,65.42
2026-08-03T16:21:02.501Z,65.29
2026-08-03T16:26:02.509Z,65.04
2026-08-03T16:31:02.828Z,65.32
2026-08-03T16:36:03.021Z,65.36
2026-08-03T16:41:02.825Z,65.8
2026-08-03T16:46:02.188Z,65.77
2026-08-03T16:51:03.283Z,66.31
2026-08-03T16:56:02.381Z,66.21
2026-08-03T17:01:03.043Z,66.02
2026-08-03T17:06:02.63Z,65.36
2026-08-03T17:11:02.383Z,64.49
2026-08-03T17:16:02.947Z,64.62
2026-08-03T17:21:02.501Z,63.67
2026-08-03T17:26:02.505Z,62.81
2026-08-03T17:31:02.423Z,62.62
2026-08-03T17:36:02.424Z,62.23
2026-08-03T17:41:02.596Z,60.23
2026-08-03T17:46:02.576Z,61.34
2026-08-03T17:51:02.532Z,61.09
2026-08-03T17:56:02.901Z,62.08
2026-08-03T18:01:03.876Z,62.01
2026-08-03T18:06:02.64Z,62.23
2026-08-03T18:11:02.487Z,61.53
2026-08-03T18:16:02.411Z,61.92
2026-08-03T18:21:02.239Z,62.65
2026-08-03T18:26:02.623Z,64.69
2026-08-03T18:31:03.5Z,65.67
2026-08-03T18:36:02.335Z,66.66
2026-08-03T18:41:02.696Z,68.09
2026-08-03T18:46:02.71Z,68.89
2026-08-03T18:51:02.639Z,68.98
2026-08-03T18:56:02.519Z,68.16
2026-08-03T19:01:02.72Z,65.36
2026-08-03T19:06:02.588Z,63.29
2026-08-03T19:11:04.504Z,61.6
2026-08-03T19:16:02.514Z,62.59
2026-08-03T19:21:02.986Z,64.53
2026-08-03T19:26:02.399Z,65.13
2026-08-03T19:31:02.495Z,66.24
2026-08-03T19:36:02.649Z,66.15
2026-08-03T19:41:03.38Z,64.81
2026-08-03T19:46:03.261Z,64.11
2026-08-03T19:51:02.665Z,64.84
2026-08-03T19:56:02.598Z,66.88
2026-08-03T20:01:03.201Z,67.61
2026-08-03T20:06:06.135Z,68.51
2026-08-03T20:11:02.317Z,69.62
2026-08-03T20:16:03.576Z,70.41
2026-08-03T20:21:02.795Z,70.51
2026-08-03T20:26:02.667Z,71.05
2026-08-03T20:31:02.871Z,71.78
2026-08-03T20:36:02.333Z,72.22
2026-08-03T20:41:02.218Z,73.44
2026-08-03T20:46:02.56Z,74.01
2026-08-03T20:51:02.417Z,74.52
2026-08-03T20:56:02.712Z,74.84
2026-08-03T21:01:02.54Z,74.81
2026-08-03T21:06:02.445Z,75.28
2026-08-03T21:11:02.727Z,75.47
2026-08-03T21:16:02.47Z,75.73
2026-08-03T21:21:02.644Z,75.89
2026-08-03T21:26:03.199Z,75.76
2026-08-03T21:31:02.645Z,75.76
2026-08-03T21:36:02.438Z,76.4
2026-08-03T21:41:02.691Z,76.3
2026-08-03T21:46:02.994Z,76.68
2026-08-03T21:51:02.361Z,76.81
2026-08-03T21:56:02.653Z,77.22
2026-08-03T22:01:02.584Z,77.1
2026-08-03T22:06:03.331Z,76.84
2026-08-03T22:11:02.871Z,76.87
2026-08-03T22:16:04.716Z,77.03
2026-08-03T22:21:02.316Z,77.26
2026-08-03T22:26:02.648Z,77.57
2026-08-03T22:31:03.037Z,77.8
2026-08-03T22:36:02.728Z,78.02
2026-08-03T22:41:02.512Z,78.05
2026-08-03T22:46:02.37Z,78.62
2026-08-03T22:51:02.657Z,78.66
2026-08-03T22:56:02.934Z,79.23
2026-08-03T23:01:03.099Z,79.45
2026-08-03T23:06:04.474Z,79.52
2026-08-03T23:11:02.655Z,80.06
2026-08-03T23:16:02.834Z,79.84
2026-08-03T23:21:02.769Z,80.12
2026-08-03T23:26:02.686Z,80.44
2026-08-03T23:31:02.458Z,80.25
2026-08-03T23:36:02.665Z,80.34
2026-08-03T23:41:02.464Z,80.31
2026-08-03T23:46:02.273Z,80.73
2026-08-03T23:51:02.538Z,81.04
2026-08-03T23:56:02.529Z,81.3
2026-08-04T00:01:02.729Z,80.85
2026-08-04T00:06:02.469Z,80.06
2026-08-04T00:11:05.024Z,79.2
2026-08-04T00:16:03.117Z,78.88
2026-08-04T00:21:02.585Z,78.47
2026-08-04T00:26:02.396Z,77.99
2026-08-04T00:31:02.618Z,77.19
2026-08-04T00:36:02.318Z,76.75
2026-08-04T00:41:03.826Z,76.3
2026-08-04T00:46:02.574Z,75.92
2026-08-04T00:51:02.617Z,75.76
2026-08-04T00:56:02.669Z,75.57
2026-08-04T01:01:04.457Z,75.44
2026-08-04T01:06:02.644Z,75.41
2026-08-04T01:11:02.406Z,76.59
2026-08-04T01:16:02.99Z,78.02
2026-08-04T01:21:02.331Z,78.28
2026-08-04T01:26:02.677Z,77.73
2026-08-04T01:31:02.674Z,77.22
2026-08-04T01:36:02.799Z,76.87
2026-08-04T01:41:02.786Z,76.59
2026-08-04T01:46:02.467Z,76.53
2026-08-04T01:51:02.596Z,76.46
2026-08-04T01:56:02.353Z,76.4
2026-08-04T02:01:02.46Z,76.59
2026-08-04T02:06:02.982Z,76.53
2026-08-04T02:11:02.704Z,76.36
2026-08-04T02:16:02.367Z,76.87
2026-08-04T02:21:03.075Z,76.87
2026-08-04T02:26:02.848Z,77.13
2026-08-04T02:31:02.307Z,76.94
2026-08-04T02:36:02.88Z,76.3
2026-08-04T02:41:02.43Z,75.54
2026-08-04T02:46:03.438Z,75.12
2026-08-04T02:51:02.649Z,73.34
2026-08-04T02:56:02.366Z,69.24
2026-08-04T03:01:03.05Z,67.01
2026-08-04T03:06:02.443Z,63.03
2026-08-04T03:11:02.357Z,64.05
2026-08-04T03:16:03.561Z,65.99
2026-08-04T03:21:02.551Z,67.9
2026-08-04T03:26:02.68Z,69.77
2026-08-04T03:31:02.548Z,69.17
2026-08-04T03:36:02.33Z,68.28
2026-08-04T03:41:03.924Z,67.29
2026-08-04T03:46:02.458Z,64.87
2026-08-04T03:51:02.661Z,60.9
2026-08-04T03:56:02.562Z,57.74
2026-08-04T04:01:02.972Z,56.79
2026-08-04T04:06:02.602Z,55.96
2026-08-04T04:11:02.334Z,56.44
2026-08-04T04:16:03.903Z,56.48
2026-08-04T04:21:02.671Z,56.28
2026-08-04T04:26:02.379Z,55.08
2026-08-04T04:31:02.734Z,53.86
2026-08-04T04:36:02.377Z,55.17
2026-08-04T04:41:02.549Z,56.38
2026-08-04T04:46:02.783Z,55.14
2026-08-04T04:51:04.216Z,57.11
2026-08-04T04:56:02.641Z,57.14
2026-08-04T05:01:02.502Z,57.27
2026-08-04T05:06:02.437Z,58.83
2026-08-04T05:11:02.515Z,58.96
2026-08-04T05:16:02.467Z,54.12
2026-08-04T05:21:02.59Z,54.5
2026-08-04T05:26:02.537Z,54.59
2026-08-04T05:31:02.589Z,53.99
2026-08-04T05:36:02.421Z,54.34
2026-08-04T05:41:04.268Z,55.42
2026-08-04T05:46:02.592Z,57.04
2026-08-04T05:51:02.308Z,54.21
2026-08-04T05:56:02.767Z,52.75
2026-08-04T06:01:02.796Z,52.34
2026-08-04T06:06:02.574Z,50.74
2026-08-04T06:11:02.469Z,48.55
2026-08-04T06:16:02.637Z,46.77
2026-08-04T06:21:02.42Z,45.33
2026-08-04T06:26:02.364Z,45.56
2026-08-04T06:31:02.377Z,45.43
2026-08-04T06:36:02.925Z,45.27
2026-08-04T06:41:02.686Z,44.83
2026-08-04T06:46:03.143Z,45.05
2026-08-04T06:51:02.402Z,46.16
2026-08-04T06:56:02.573Z,45.56
2026-08-04T07:01:02.624Z,45.78
2026-08-04T07:06:02.561Z,44.19
2026-08-04T07:11:02.473Z,44.67
2026-08-04T07:16:02.532Z,42.56
2026-08-04T07:21:02.435Z,42.66
2026-08-04T07:26:02.526Z,41.36
2026-08-04T07:31:02.406Z,40.69
2026-08-04T07:36:03.311Z,41.23
2026-08-04T07:41:02.589Z,39.29
2026-08-04T07:46:03.582Z,38.53
2026-08-04T07:51:02.526Z,38.01
2026-08-04T07:56:05.35Z,38.08
2026-08-04T08:01:02.518Z,37.16
2026-08-04T08:06:02.431Z,37.6
2026-08-04T08:11:02.429Z,36.96
2026-08-04T08:16:02.275Z,36.96
2026-08-04T08:21:02.581Z,37.12
2026-08-04T08:26:04.508Z,36.64
2026-08-04T08:31:02.476Z,36.49
2026-08-04T08:36:02.419Z,36.39
2026-08-04T08:41:02.636Z,36.2
2026-08-04T08:46:02.376Z,35.06
2026-08-04T08:51:02.311Z,35.28
2026-08-04T08:56:02.497Z,34.71
2026-08-04T09:01:02.305Z,34.89
2026-08-04T09:06:02.624Z,37.02
2026-08-04T09:11:05.309Z,34.36
2026-08-04T09:16:02.441Z,34.13
2026-08-04T09:21:02.513Z,34.51
2026-08-04T09:26:02.56Z,34.29
2026-08-04T09:31:03.048Z,33.66
2026-08-04T09:36:03.511Z,34.77
2026-08-04T09:41:03.062Z,33.46
2026-08-04T09:46:02.595Z,32.92
2026-08-04T09:51:02.351Z,32.73
2026-08-04T09:56:02.322Z,33.17
2026-08-04T10:01:02.808Z,32.92
2026-08-04T10:06:02.636Z,33.49
2026-08-04T10:11:02.816Z,31.3
2026-08-04T10:16:02.679Z,32.41
2026-08-04T10:21:02.838Z,31.68
2026-08-04T10:26:02.413Z,31.84
2026-08-04T10:31:05.029Z,30.47
2026-08-04T10:36:02.624Z,30.66
2026-08-04T10:41:03.917Z,30.44
2026-08-04T10:46:04.282Z,32.89
2026-08-04T10:51:02.966Z,30.66
2026-08-04T10:56:02.445Z,29.23
2026-08-04T11:01:03.598Z,29.87
2026-08-04T11:06:00.472Z,31.01
2026-08-04T11:11:03.493Z,30.25
2026-08-04T11:16:02.462Z,29.55
2026-08-04T11:21:02.729Z,29.13
2026-08-04T11:26:02.544Z,27.83
2026-08-04T11:31:02.599Z,27.35
2026-08-04T11:36:02.423Z,28.24
2026-08-04T11:41:02.455Z,29.71
2026-08-04T11:46:02.592Z,27.38
2026-08-04T11:51:02.356Z,27.35
2026-08-04T11:56:02.645Z,28.5
2026-08-04T12:01:02.672Z,27.83
2026-08-04T12:06:03.634Z,28.15
2026-08-04T12:11:04.541Z,31.81
2026-08-04T12:16:02.506Z,27.29
2026-08-04T12:21:02.742Z,26.68
2026-08-04T12:26:23.594Z,26.97
2026-08-04T12:31:02.492Z,27.48
2026-08-04T12:36:02.757Z,29.23
2026-08-04T12:41:02.366Z,27.38
2026-08-04T12:46:02.638Z,27.73
2026-08-04T12:51:02.613Z,27.51
2026-08-04T12:56:05.019Z,26.21
2026-08-04T13:01:02.423Z,26.4
2026-08-04T13:06:02.737Z,27.19
2026-08-04T13:11:04.337Z,26.65
2026-08-04T13:16:02.31Z,25.22
2026-08-04T13:21:02.502Z,25.0
2026-08-04T13:26:00.444Z,24.84
2026-08-04T13:31:02.752Z,25.25
2026-08-04T13:36:02.509Z,24.84
2026-08-04T13:41:02.672Z,25.7
2026-08-04T13:46:02.613Z,30.89
2026-08-04T13:51:02.697Z,30.19
2026-08-04T13:56:02.813Z,32.09
2026-08-04T14:01:00.487Z,32.48
2026-08-04T14:06:02.359Z,33.84
2026-08-04T14:11:02.665Z,35.09
2026-08-04T14:16:02.583Z,34.61
2026-08-04T14:21:04.387Z,32.44
2026-08-04T14:26:02.399Z,33.49
2026-08-04T14:31:02.689Z,34.07
2026-08-04T14:36:02.653Z,34.13
2026-08-04T14:41:02.519Z,33.46
2026-08-04T14:46:02.356Z,33.97
2026-08-04T14:51:02.268Z,35.12
2026-08-04T14:56:03.117Z,34.92
2026-08-04T15:01:02.736Z,36.9
2026-08-04T15:06:02.605Z,35.73
2026-08-04T15:11:02.399Z,34.77
2026-08-04T15:16:02.372Z,35.97
2026-08-04T15:21:02.364Z,35.94
2026-08-04T15:26:04.844Z,36.26
2026-08-04T15:31:02.697Z,36.23
2026-08-04T15:36:02.571Z,35.76
2026-08-04T15:41:02.469Z,36.04
2026-08-04T15:46:02.305Z,36.23
2026-08-04T15:51:02.312Z,37.09
2026-08-04T15:56:02.327Z,36.74
2026-08-04T16:01:02.523Z,37.83
2026-08-04T16:06:02.505Z,37.31
2026-08-04T16:11:02.427Z,36.67
2026-08-04T16:16:02.249Z,36.96
2026-08-04T16:21:00.492Z,37.83
2026-08-04T16:26:02.508Z,36.14
2026-08-04T16:31:00.436Z,36.93
2026-08-04T16:36:02.737Z,36.32
2026-08-04T16:41:02.79Z,35.97
2026-08-04T16:46:00.443Z,35.94
2026-08-04T16:51:02.429Z,36.14
2026-08-04T16:56:02.412Z,36.39
2026-08-04T17:01:02.652Z,35.66
2026-08-04T17:06:03.002Z,36.01
2026-08-04T17:11:02.417Z,35.18
2026-08-04T17:16:04.517Z,36.93
2026-08-04T17:21:02.65Z,37.06
2026-08-04T17:26:02.505Z,35.73
2026-08-04T17:31:02.344Z,37.06
2026-08-04T17:36:02.872Z,34.99
2026-08-04T17:41:02.492Z,34.16
2026-08-04T17:46:02.423Z,34.67
2026-08-04T17:51:02.42Z,35.24
2026-08-04T17:56:02.395Z,34.39
2026-08-04T18:01:02.791Z,34.99
2026-08-04T18:06:03.771Z,34.77
2026-08-04T18:11:02.893Z,35.24
2026-08-04T18:16:02.643Z,34.89
2026-08-04T18:21:02.598Z,34.64
2026-08-04T18:26:02.394Z,35.06
2026-08-04T18:31:00.43Z,35.28
2026-08-04T18:36:02.663Z,35.73
2026-08-04T18:41:02.507Z,35.76
2026-08-04T18:46:02.337Z,36.17
2026-08-04T18:51:02.662Z,36.49
2026-08-04T18:56:02.569Z,41.13
2026-08-04T19:01:02.491Z,49.06
2026-08-04T19:06:02.722Z,51.58
2026-08-04T19:11:02.524Z,54.06
2026-08-04T19:16:02.451Z,55.93
2026-08-04T19:21:02.267Z,57.94
2026-08-04T19:26:02.734Z,59.5
2026-08-04T19:31:02.606Z,61.06
2026-08-04T19:36:02.417Z,61.92
2026-08-04T19:41:02.621Z,63.22
2026-08-04T19:46:02.456Z,64.27
2026-08-04T19:51:02.271Z,64.69
2026-08-04T19:56:02.645Z,65.36
2026-08-04T20:01:02.584Z,66.18
2026-08-04T20:06:02.662Z,66.72
2026-08-04T20:11:03.036Z,67.81
2026-08-04T20:16:02.579Z,68.19
2026-08-04T20:21:02.578Z,68.12
2026-08-04T20:26:00.424Z,67.87
2026-08-04T20:31:02.501Z,67.74
2026-08-04T20:36:02.514Z,67.64
2026-08-04T20:41:02.656Z,67.46
2026-08-04T20:46:02.654Z,67.46
2026-08-04T20:51:02.747Z,67.87
2026-08-04T20:56:02.608Z,68.37
2026-08-04T21:01:02.403Z,68.76
2026-08-04T21:06:03.124Z,69.59
2026-08-04T21:11:02.68Z,69.91
2026-08-04T21:16:02.467Z,70.35
2026-08-04T21:21:02.387Z,70.82
2026-08-04T21:26:02.451Z,70.57
2026-08-04T21:31:02.956Z,70.61
2026-08-04T21:36:02.599Z,70.22
2026-08-04T21:41:02.37Z,70.09
2026-08-04T21:46:02.491Z,70.79
2026-08-04T21:51:02.355Z,71.4
2026-08-04T21:56:02.786Z,72.16
2026-08-04T22:01:02.51Z,72.64
2026-08-04T22:06:02.839Z,72.96
2026-08-04T22:11:02.287Z,73.24
2026-08-04T22:16:02.624Z,73.72
2026-08-04T22:21:02.538Z,74.08
2026-08-04T22:26:02.288Z,74.23
2026-08-04T22:31:02.613Z,73.94
2026-08-04T22:36:02.374Z,74.17
2026-08-04T22:41:02.368Z,74.33
2026-08-04T22:46:02.658Z,74.46
2026-08-04T22:51:02.609Z,74.58
2026-08-04T22:56:04.514Z,74.61
2026-08-04T23:01:02.323Z,74.84
2026-08-04T23:06:02.737Z,74.68
2026-08-04T23:11:02.604Z,75.06
2026-08-04T23:16:02.776Z,75.31
2026-08-04T23:21:02.291Z,75.79
2026-08-04T23:26:02.584Z,76.01
2026-08-04T23:31:02.362Z,75.95
2026-08-04T23:36:02.651Z,75.38
2026-08-04T23:41:02.821Z,74.9
2026-08-04T23:46:02.323Z,74.14
2026-08-04T23:51:02.594Z,73.53
2026-08-04T23:56:02.387Z,72.93
2026-08-05T00:01:02.758Z,72.16
2026-08-05T00:06:02.484Z,71.87
2026-08-05T00:11:02.652Z,71.24
2026-08-05T00:16:02.503Z,70.99
2026-08-05T00:21:02.441Z,69.65
2026-08-05T00:26:02.659Z,70.0
2026-08-05T00:31:02.703Z,69.3
2026-08-05T00:36:02.634Z,69.01
2026-08-05T00:41:02.435Z,68.63
2026-08-05T00:46:02.671Z,68.82
2026-08-05T00:51:02.338Z,68.69
2026-08-05T00:56:02.55Z,68.89
2026-08-05T01:01:03.131Z,68.86
2026-08-05T01:06:02.275Z,69.33
2026-08-05T01:11:02.596Z,69.14
2026-08-05T01:16:03.962Z,69.17
2026-08-05T01:21:00.46Z,68.82
2026-08-05T01:26:02.567Z,68.76
2026-08-05T01:31:02.259Z,67.9
2026-08-05T01:36:02.569Z,68.31
2026-08-05T01:41:03.275Z,68.44
2026-08-05T01:46:02.613Z,68.51
2026-08-05T01:51:02.87Z,68.41
2026-08-05T01:56:02.283Z,67.74
2026-08-05T02:01:02.614Z,67.36
2026-08-05T02:06:04.321Z,65.74
2026-08-05T02:11:02.345Z,65.07
2026-08-05T02:16:02.232Z,64.59
2026-08-05T02:21:02.601Z,64.3
2026-08-05T02:26:02.614Z,64.27
2026-08-05T02:31:02.487Z,64.78
2026-08-05T02:36:02.508Z,65.48
2026-08-05T02:41:02.432Z,65.89
2026-08-05T02:46:00.432Z,66.21
2026-08-05T02:51:02.556Z,66.91
2026-08-05T02:56:03.017Z,67.52
2026-08-05T03:01:02.653Z,67.74
2026-08-05T03:06:02.872Z,68.25
2026-08-05T03:11:02.535Z,68.44
2026-08-05T03:16:02.579Z,69.65
2026-08-05T03:21:02.304Z,69.04
2026-08-05T03:26:02.56Z,69.77
2026-08-05T03:31:02.229Z,71.37
2026-08-05T03:36:02.572Z,68.37
2026-08-05T03:41:02.746Z,68.31
2026-08-05T03:46:02.532Z,67.78
2026-08-05T03:51:00.418Z,68.54
2026-08-05T03:56:02.3Z,69.01
2026-08-05T04:01:02.453Z,69.27
2026-08-05T04:06:08.913Z,70.19
2026-08-05T04:11:03.266Z,72.71
2026-08-05T04:16:02.588Z,73.41
2026-08-05T04:21:02.927Z,71.66
2026-08-05T04:26:03.351Z,70.03
2026-08-05T04:31:02.815Z,68.09
2026-08-05T04:36:02.455Z,66.91
2026-08-05T04:41:02.553Z,66.15
2026-08-05T04:46:02.32Z,66.66
2026-08-05T04:51:02.547Z,66.24
2026-08-05T04:56:02.532Z,68.16
2026-08-05T05:01:02.314Z,68.79
2026-08-05T05:06:02.589Z,70.26
2026-08-05T05:11:02.399Z,72.36
2026-08-05T05:16:02.873Z,72.99
2026-08-05T05:21:02.494Z,74.58
2026-08-05T05:26:03.276Z,75.16
2026-08-05T05:31:02.865Z,75.54
2026-08-05T05:36:02.648Z,75.63
2026-08-05T05:41:02.22Z,75.47
2026-08-05T05:46:02.465Z,75.38
2026-08-05T05:51:03.725Z,75.12
2026-08-05T05:56:02.795Z,74.52
2026-08-05T06:01:02.451Z,73.66
2026-08-05T06:06:03.149Z,73.24
2026-08-05T06:11:02.483Z,73.94
2026-08-05T06:16:02.494Z,74.64
2026-08-05T06:21:02.361Z,75.41
2026-08-05T06:26:03.563Z,75.28
2026-08-05T06:31:02.738Z,75.47
2026-08-05T06:36:02.848Z,75.25
2026-08-05T06:41:04.768Z,74.84
2026-08-05T06:46:02.501Z,74.84
2026-08-05T06:51:02.42Z,74.87
2026-08-05T06:56:02.396Z,75.12
2026-08-05T07:01:02.311Z,74.52
2026-08-05T07:06:02.497Z,73.98
2026-08-05T07:11:02.297Z,73.41
2026-08-05T07:16:02.574Z,73.12
2026-08-05T07:21:02.554Z,74.36
2026-08-05T07:26:02.337Z,73.82
2026-08-05T07:31:02.609Z,73.15
2026-08-05T07:36:02.543Z,72.32
2026-08-05T07:41:02.637Z,71.43
2026-08-05T07:46:02.225Z,71.81
2026-08-05T07:51:02.509Z,69.07
2026-08-05T07:56:02.733Z,68.66
2026-08-05T08:01:03.158Z,68.82
2026-08-05T08:06:02.263Z,67.74
2026-08-05T08:11:02.312Z,65.99
2026-08-05T08:16:02.545Z,65.71
2026-08-05T08:21:02.558Z,67.08
2026-08-05T08:26:02.619Z,68.41
2026-08-05T08:31:02.638Z,68.03
2026-08-05T08:36:02.43Z,67.33
2026-08-05T08:41:02.339Z,68.28
2026-08-05T08:46:02.747Z,66.62
2026-08-05T08:51:02.49Z,64.94
2026-08-05T08:56:03.402Z,66.34
2026-08-05T09:01:02.663Z,66.53
2026-08-05T09:06:02.473Z,67.61
2026-08-05T09:11:02.535Z,64.53
2026-08-05T09:16:02.583Z,63.83
2026-08-05T09:21:02.809Z,62.9
2026-08-05T09:26:00.472Z,62.65
2026-08-05T09:31:02.76Z,60.64
2026-08-05T09:36:03.383Z,62.74
2026-08-05T09:41:02.83Z,60.45
2026-08-05T09:46:03.48Z,57.71
2026-08-05T09:51:02.652Z,57.43
2026-08-05T09:56:04.314Z,54.85
2026-08-05T10:01:02.4Z,58.51
2026-08-05T10:06:02.802Z,57.24
2026-08-05T10:11:03.814Z,58.03
2026-08-05T10:16:03.751Z,52.46
2026-08-05T10:21:02.342Z,56.28
2026-08-05T10:26:00.39Z,54.79
2026-08-05T10:31:03.17Z,55.11
2026-08-05T10:36:02.861Z,54.37
2026-08-05T10:41:02.309Z,54.53
2026-08-05T10:46:02.437Z,53.39
2026-08-05T10:51:02.622Z,54.15
2026-08-05T10:56:02.529Z,56.06
2026-08-05T11:01:02.453Z,54.79
2026-08-05T11:06:03.117Z,56.89
2026-08-05T11:11:02.523Z,56.92
2026-08-05T11:16:02.429Z,54.97
2026-08-05T11:21:02.73Z,54.37
2026-08-05T11:26:02.599Z,54.34
2026-08-05T11:31:02.644Z,53.83
2026-08-05T11:36:02.764Z,52.34
2026-08-05T11:41:02.368Z,52.21
2026-08-05T11:46:02.44Z,53.86
2026-08-05T11:51:02.903Z,52.28
2026-08-05T11:56:04.695Z,50.3
2026-08-05T12:01:02.618Z,49.47
2026-08-05T12:06:02.625Z,53.07
2026-08-05T12:11:02.526Z,50.17
2026-08-05T12:16:02.435Z,52.31
2026-08-05T12:21:02.562Z,52.43
2026-08-05T12:26:02.872Z,52.31
2026-08-05T12:31:02.446Z,48.99
2026-08-05T12:36:02.319Z,51.51
2026-08-05T12:41:02.759Z,49.92
2026-08-05T12:46:02.527Z,50.14
2026-08-05T12:51:02.511Z,51.26
2026-08-05T12:56:01.068Z,51.06
2026-08-05T13:01:00.921Z,51.51
2026-08-05T13:06:02.591Z,50.74
2026-08-05T13:11:03.433Z,49.6
2026-08-05T13:16:03.723Z,51.41
2026-08-05T13:21:02.342Z,48.29
2026-08-05T13:26:02.692Z,49.51
2026-08-05T13:31:02.579Z,47.24
2026-08-05T13:36:02.425Z,46.99
2026-08-05T13:41:03.805Z,48.07
2026-08-05T13:46:02.694Z,50.52
2026-08-05T13:51:04.171Z,49.69
2026-08-05T13:56:02.594Z,48.14
2026-08-05T14:01:02.588Z,48.61
2026-08-05T14:06:04.407Z,48.52
2026-08-05T14:11:02.59Z,49.02
2026-08-05T14:16:02.339Z,48.07
2026-08-05T14:21:02.808Z,47.62
2026-08-05T14:26:02.707Z,46.8
2026-08-05T14:31:02.413Z,48.26
2026-08-05T14:36:02.943Z,48.55
2026-08-05T14:41:03.463Z,46.26
2026-08-05T14:46:02.526Z,47.91
2026-08-05T14:51:02.551Z,47.53
2026-08-05T14:56:03.548Z,47.66
2026-08-05T15:01:02.294Z,47.15
2026-08-05T15:06:02.602Z,46.96
2026-08-05T15:11:02.469Z,51.16
2026-08-05T15:16:02.655Z,48.84
2026-08-05T15:21:02.324Z,48.55
2026-08-05T15:26:02.505Z,48.39
2026-08-05T15:31:02.543Z,49.28
2026-08-05T15:36:03.029Z,49.44
2026-08-05T15:41:04.332Z,50.17
2026-08-05T15:46:02.586Z,48.96
2026-08-05T15:51:02.445Z,50.04
2026-08-05T15:56:02.332Z,49.86
2026-08-05T16:01:02.684Z,49.69
2026-08-05T16:06:04.371Z,50.27
2026-08-05T16:11:02.649Z,48.29
2026-08-05T16:16:02.532Z,49.16
2026-08-05T16:21:02.367Z,50.62
2026-08-05T16:26:02.487Z,50.46
2026-08-05T16:31:02.381Z,50.42
2026-08-05T16:36:00.412Z,50.36
2026-08-05T16:41:02.674Z,50.01
2026-08-05T16:46:03.528Z,50.65
2026-08-05T16:51:02.504Z,52.34
2026-08-05T16:56:03.217Z,51.29
2026-08-05T17:01:02.565Z,52.31
2026-08-05T17:06:02.518Z,52.08
2026-08-05T17:11:02.688Z,52.11
2026-08-05T17:16:00.408Z,51.54
2026-08-05T17:21:02.473Z,51.76
2026-08-05T17:26:02.263Z,50.3
2026-08-05T17:31:02.586Z,51.0
2026-08-05T17:36:03.17Z,49.57
2026-08-05T17:41:02.506Z,49.09
2026-08-05T17:46:02.356Z,49.72
2026-08-05T17:51:02.595Z,51.64
2026-08-05T17:56:02.422Z,51.54
2026-08-05T18:01:04.176Z,51.29
2026-08-05T18:06:02.479Z,54.31
2026-08-05T18:11:02.196Z,55.58
2026-08-05T18:16:03.174Z,57.21
2026-08-05T18:21:02.348Z,59.31
2026-08-05T18:26:00.412Z,61.06
2026-08-05T18:31:02.503Z,62.08
2026-08-05T18:36:02.471Z,62.42
2026-08-05T18:41:02.494Z,63.29
2026-08-05T18:46:00.422Z,63.48
2026-08-05T18:51:02.414Z,63.73
2026-08-05T18:56:02.3Z,62.97
2026-08-05T19:01:02.624Z,61.57
2026-08-05T19:06:02.527Z,61.25
2026-08-05T19:11:02.449Z,61.25
2026-08-05T19:16:02.597Z,62.59
2026-08-05T19:21:02.601Z,62.9
2026-08-05T19:26:03.965Z,64.4
2026-08-05T19:31:02.662Z,65.57
2026-08-05T19:36:02.541Z,66.41
2026-08-05T19:41:03.19Z,67.46
2026-08-05T19:46:02.588Z,67.99
2026-08-05T19:51:02.556Z,68.92
2026-08-05T19:56:02.478Z,69.3
2026-08-05T20:01:03.02Z,69.71
2026-08-05T20:06:02.773Z,70.09
2026-08-05T20:11:02.502Z,70.51
2026-08-05T20:16:02.513Z,71.08
2026-08-05T20:21:02.45Z,72.13
2026-08-05T20:26:02.368Z,73.09
2026-08-05T20:31:02.654Z,73.98
2026-08-05T20:36:02.447Z,74.11
2026-08-05T20:41:03.528Z,74.55
2026-08-05T20:46:02.456Z,74.78
2026-08-05T20:51:02.393Z,75.06
2026-08-05T20:56:02.671Z,75.31
2026-08-05T21:01:02.387Z,75.63
2026-08-05T21:06:02.284Z,75.98
2026-08-05T21:11:02.518Z,76.3
2026-08-05T21:16:02.579Z,76.4
2026-08-05T21:21:02.3Z,76.78
2026-08-05T21:26:02.521Z,76.87
2026-08-05T21:31:02.397Z,76.81
2026-08-05T21:36:02.757Z,76.97
2026-08-05T21:41:02.968Z,76.97
2026-08-05T21:46:02.223Z,77.19
2026-08-05T21:51:02.547Z,77.22
2026-08-05T21:56:02.43Z,77.42
2026-08-05T22:01:02.583Z,77.64
2026-08-05T22:06:02.471Z,77.89
2026-08-05T22:11:02.382Z,78.08
2026-08-05T22:16:02.67Z,78.12
2026-08-05T22:21:02.465Z,78.43
2026-08-05T22:26:02.513Z,78.75
2026-08-05T22:31:02.365Z,78.88
2026-08-05T22:36:00.502Z,78.88
2026-08-05T22:41:02.539Z,79.23
2026-08-05T22:46:02.819Z,79.26
2026-08-05T22:51:02.682Z,79.49
2026-08-05T22:56:02.887Z,79.55
2026-08-05T23:01:02.627Z,79.74
2026-08-05T23:06:02.455Z,79.9
2026-08-05T23:11:02.389Z,79.93
2026-08-05T23:16:02.74Z,80.19
2026-08-05T23:21:03.697Z,80.44
2026-08-05T23:26:00.458Z,80.5
2026-08-05T23:31:02.656Z,80.37
2026-08-05T23:36:02.792Z,80.34
2026-08-05T23:41:02.488Z,80.5
2026-08-05T23:46:02.702Z,80.73
2026-08-05T23:51:02.408Z,80.76
2026-08-05T23:56:00.445Z,80.92
2026-08-06T00:01:02.342Z,81.3
2026-08-06T00:06:00.494Z,81.17
2026-08-06T00:11:02.523Z,81.17
2026-08-06T00:16:02.704Z,81.27
2026-08-06T00:21:02.479Z,81.46
2026-08-06T00:26:02.955Z,81.43
2026-08-06T00:31:04.472Z,81.65
2026-08-06T00:36:02.532Z,81.68
2026-08-06T00:41:02.225Z,81.94
2026-08-06T00:46:02.773Z,81.97
2026-08-06T00:51:02.36Z,81.91
2026-08-06T00:56:02.542Z,82.16
2026-08-06T01:01:02.362Z,82.44
2026-08-06T01:06:02.403Z,82.35
2026-08-06T01:11:02.64Z,82.51
2026-08-06T01:16:02.408Z,82.44
2026-08-06T01:21:02.764Z,82.35
2026-08-06T01:26:02.402Z,82.54
2026-08-06T01:31:02.473Z,82.76
2026-08-06T01:36:02.291Z,82.79
2026-08-06T01:41:02.47Z,83.08
2026-08-06T01:46:00.42Z,83.17
2026-08-06T01:51:02.67Z,83.08
2026-08-06T01:56:03.851Z,82.79
2026-08-06T02:01:02.773Z,82.73
2026-08-06T02:06:02.301Z,82.57
2026-08-06T02:11:02.485Z,82.19
2026-08-06T02:16:02.721Z,81.65
2026-08-06T02:21:02.383Z,81.59
2026-08-06T02:26:02.739Z,81.74
2026-08-06T02:31:02.333Z,81.77
2026-08-06T02:36:02.654Z,81.56
2026-08-06T02:41:02.416Z,81.65
2026-08-06T02:46:00.477Z,81.91
2026-08-06T02:51:02.454Z,82.09
2026-08-06T02:56:02.733Z,82.26
2026-08-06T03:01:02.336Z,82.22
2026-08-06T03:06:02.561Z,82.16
2026-08-06T03:11:02.529Z,81.91
2026-08-06T03:16:02.646Z,81.65
2026-08-06T03:21:02.441Z,81.46
2026-08-06T03:26:02.594Z,81.68
2026-08-06T03:31:02.265Z,81.74
2026-08-06T03:36:02.279Z,81.84
2026-08-06T03:41:02.647Z,82.03
2026-08-06T03:46:02.395Z,81.94
2026-08-06T03:51:02.576Z,82.35
2026-08-06T03:56:02.404Z,82.0
2026-08-06T04:01:03.264Z,81.87
2026-08-06T04:06:03.134Z,82.22
2026-08-06T04:11:03.119Z,82.67
2026-08-06T04:16:01.081Z,82.64
2026-08-06T04:21:03.29Z,82.89
2026-08-06T04:26:03.053Z,82.7
2026-08-06T04:31:02.615Z,82.7
2026-08-06T04:36:02.964Z,83.27
2026-08-06T04:41:00.462Z,83.17
2026-08-06T04:46:03.559Z,84.57
2026-08-06T04:51:02.507Z,85.31
2026-08-06T04:56:02.687Z,85.15
2026-08-06T05:01:02.579Z,84.99
2026-08-06T05:06:03.591Z,84.96
2026-08-06T05:11:02.705Z,84.48
2026-08-06T05:16:02.455Z,84.39
2026-08-06T05:21:02.717Z,84.32
2026-08-06T05:26:02.551Z,84.29
2026-08-06T05:31:02.341Z,84.42
2026-08-06T05:36:02.804Z,83.97
2026-08-06T05:41:02.564Z,84.54
2026-08-06T05:46:00.745Z,84.68
2026-08-06T05:51:02.446Z,84.89
2026-08-06T05:56:02.511Z,84.74
2026-08-06T06:01:02.359Z,84.32
2026-08-06T06:06:02.765Z,83.87
2026-08-06T06:11:02.592Z,83.56
2026-08-06T06:16:02.488Z,83.43
2026-08-06T06:21:02.364Z,82.92
2026-08-06T06:26:02.619Z,82.19
2026-08-06T06:31:02.634Z,81.65
2026-08-06T06:36:02.318Z,81.07
2026-08-06T06:41:02.695Z,79.99
2026-08-06T06:46:02.656Z,79.99
2026-08-06T06:51:02.476Z,78.78
2026-08-06T06:56:02.945Z,78.05
2026-08-06T07:01:03.213Z,77.8
2026-08-06T07:06:03.178Z,77.61
2026-08-06T07:11:02.908Z,77.16
2026-08-06T07:16:02.772Z,76.33
2026-08-06T07:21:00.46Z,75.73
2026-08-06T07:26:02.883Z,75.82
2026-08-06T07:31:02.672Z,75.89
2026-08-06T07:36:02.503Z,75.7
2026-08-06T07:41:02.447Z,75.92
2026-08-06T07:46:04.306Z,75.28
2026-08-06T07:51:02.626Z,74.64
2026-08-06T07:56:02.532Z,74.71
2026-08-06T08:01:02.477Z,73.98
2026-08-06T08:06:02.272Z,73.85
2026-08-06T08:11:02.365Z,73.21
2026-08-06T08:16:02.6Z,73.47
2026-08-06T08:21:02.543Z,73.41
2026-08-06T08:26:02.266Z,72.93
2026-08-06T08:31:02.563Z,72.13
2026-08-06T08:36:02.298Z,72.83
2026-08-06T08:41:02.581Z,70.96
2026-08-06T08:46:02.42Z,68.92
2026-08-06T08:51:03.091Z,68.12
2026-08-06T08:56:02.317Z,66.66
2026-08-06T09:01:02.869Z,65.61
2026-08-06T09:06:02.474Z,63.7
2026-08-06T09:11:02.905Z,66.79
2026-08-06T09:16:02.567Z,64.62
2026-08-06T09:21:02.196Z,64.24
2026-08-06T09:26:02.66Z,62.65
2026-08-06T09:31:02.434Z,62.17
2026-08-06T09:36:04.449Z,63.06
2026-08-06T09:41:00.407Z,61.92
2026-08-06T09:46:03.538Z,62.74
2026-08-06T09:51:03.362Z,63.06
2026-08-06T09:56:02.71Z,62.33
2026-08-06T10:01:03.184Z,61.98
2026-08-06T10:06:02.324Z,60.8
2026-08-06T10:11:03.139Z,60.55
2026-08-06T10:16:02.513Z,59.59
2026-08-06T10:21:02.567Z,60.77
2026-08-06T10:26:04.211Z,58.38
2026-08-06T10:31:03.101Z,59.81
2026-08-06T10:36:03.314Z,59.91
2026-08-06T10:41:02.75Z,59.81
2026-08-06T10:46:05.425Z,60.42
2026-08-06T10:51:03.779Z,59.15
2026-08-06T10:56:02.406Z,58.41
2026-08-06T11:01:02.297Z,57.97
2026-08-06T11:06:02.696Z,58.26
2026-08-06T11:11:02.523Z,58.09
2026-08-06T11:16:02.331Z,58.38
2026-08-06T11:21:02.664Z,58.06
2026-08-06T11:26:02.526Z,58.09
2026-08-06T11:31:02.621Z,59.75
2026-08-06T11:36:02.488Z,57.04
2026-08-06T11:41:02.669Z,57.36
2026-08-06T11:46:02.386Z,56.38
2026-08-06T11:51:02.352Z,55.99
2026-08-06T11:56:00.45Z,55.52
2026-08-06T12:01:02.507Z,55.84
2026-08-06T12:06:02.411Z,55.33
2026-08-06T12:11:02.651Z,56.02
2026-08-06T12:16:02.624Z,54.88
2026-08-06T12:21:02.505Z,54.88
2026-08-06T12:26:02.362Z,54.5
2026-08-06T12:31:02.534Z,52.91
2026-08-06T12:36:05.464Z,53.8
2026-08-06T12:41:02.467Z,52.72
2026-08-06T12:46:02.677Z,53.29
2026-08-06T12:51:02.305Z,51.29
2026-08-06T12:56:03.288Z,52.59
2026-08-06T13:01:02.642Z,50.56
2026-08-06T13:06:02.517Z,51.73
2026-08-06T13:11:02.301Z,50.08
2026-08-06T13:16:02.557Z,52.97
2026-08-06T13:21:02.418Z,50.36
2026-08-06T13:26:03.428Z,47.82
2026-08-06T13:31:02.577Z,47.15
2026-08-06T13:36:02.427Z,48.49
2026-08-06T13:41:02.259Z,48.23
2026-08-06T13:46:00.433Z,46.29
2026-08-06T13:51:02.454Z,48.61
2026-08-06T13:56:02.396Z,47.47
2026-08-06T14:01:02.284Z,45.68
2026-08-06T14:06:02.57Z,45.3
2026-08-06T14:11:02.282Z,47.05
2026-08-06T14:16:02.504Z,46.1
2026-08-06T14:21:04.487Z,45.27
2026-08-06T14:26:02.618Z,43.14
2026-08-06T14:31:02.598Z,41.13
2026-08-06T14:36:02.26Z,41.23
2026-08-06T14:41:04.892Z,40.4
2026-08-06T14:46:03.381Z,41.86
2026-08-06T14:51:02.479Z,41.16
2026-08-06T14:56:02.255Z,43.84
2026-08-06T15:01:02.531Z,44.35
2026-08-06T15:06:02.399Z,44.06
2026-08-06T15:11:05.012Z,44.51
2026-08-06T15:16:02.691Z,45.52
2026-08-06T15:21:02.427Z,45.11
2026-08-06T15:26:02.257Z,46.16
2026-08-06T15:31:02.749Z,46.45
2026-08-06T15:36:02.541Z,46.0
2026-08-06T15:41:02.616Z,45.33
2026-08-06T15:46:03.514Z,45.84
2026-08-06T15:51:02.622Z,46.51
2026-08-06T15:56:02.341Z,46.86
2026-08-06T16:01:00.425Z,47.28
2026-08-06T16:06:02.58Z,47.75
2026-08-06T16:11:02.405Z,47.18
2026-08-06T16:16:02.428Z,46.7
2026-08-06T16:21:02.667Z,48.01
2026-08-06T16:26:02.554Z,47.85
2026-08-06T16:31:02.475Z,48.17
2026-08-06T16:36:01.422Z,49.28
2026-08-06T16:41:02.631Z,47.66
2026-08-06T16:46:02.602Z,48.29
2026-08-06T16:51:02.443Z,49.57
2026-08-06T16:56:02.669Z,49.31
2026-08-06T17:01:02.547Z,50.77
2026-08-06T17:06:02.867Z,51.44
2026-08-06T17:11:02.585Z,51.26
2026-08-06T17:16:02.542Z,51.51
2026-08-06T17:21:04.766Z,51.51
2026-08-06T17:26:04.645Z,50.39
2026-08-06T17:31:00.489Z,50.33
2026-08-06T17:36:02.527Z,50.04
2026-08-06T17:41:02.434Z,49.72
2026-08-06T17:46:00.441Z,49.63
2026-08-06T17:51:02.444Z,49.31
2026-08-06T17:56:02.331Z,52.46
2026-08-06T18:01:02.698Z,52.69
2026-08-06T18:06:02.719Z,53.04
2026-08-06T18:11:02.842Z,54.94
2026-08-06T18:16:03.147Z,56.02
2026-08-06T18:21:03.022Z,53.51
2026-08-06T18:26:02.379Z,56.92
2026-08-06T18:31:03.013Z,54.79
2026-08-06T18:36:02.494Z,55.64
2026-08-06T18:41:02.567Z,56.22
2026-08-06T18:46:02.275Z,56.19
2026-08-06T18:51:04.162Z,55.9
2026-08-06T18:56:02.564Z,56.63
2026-08-06T19:01:02.601Z,58.32
2026-08-06T19:06:02.499Z,59.46
2026-08-06T19:11:02.54Z,58.32
2026-08-06T19:16:00.736Z,59.62
2026-08-06T19:21:02.662Z,61.09
2026-08-06T19:26:02.552Z,62.27
2026-08-06T19:31:02.822Z,62.84
2026-08-06T19:36:03.367Z,62.94
2026-08-06T19:41:02.505Z,62.84
2026-08-06T19:46:02.489Z,62.49
2026-08-06T19:51:02.711Z,62.97
2026-08-06T19:56:02.516Z,63.32
2026-08-06T20:01:06.727Z,63.73
2026-08-06T20:06:00.434Z,64.56
2026-08-06T20:11:02.541Z,66.15
2026-08-06T20:16:02.54Z,67.61
2026-08-06T20:21:02.843Z,67.93
2026-08-06T20:26:02.553Z,68.16
2026-08-06T20:31:02.663Z,68.12
2026-08-06T20:36:02.454Z,68.82
2026-08-06T20:41:00.532Z,69.52
2026-08-06T20:46:02.703Z,70.06
2026-08-06T20:51:04.34Z,70.67
2026-08-06T20:56:02.653Z,70.57
2026-08-06T21:01:03.279Z,71.34
2026-08-06T21:06:02.599Z,71.75
2026-08-06T21:11:02.383Z,72.01
2026-08-06T21:16:02.771Z,72.16
2026-08-06T21:21:02.612Z,72.51
2026-08-06T21:26:02.311Z,72.89
2026-08-06T21:31:02.728Z,73.24
2026-08-06T21:36:03.045Z,73.53
2026-08-06T21:41:02.686Z,73.79
2026-08-06T21:46:02.479Z,73.91
2026-08-06T21:51:02.766Z,74.08
2026-08-06T21:56:02.436Z,74.17
2026-08-06T22:01:00.441Z,74.04
2026-08-06T22:06:02.511Z,74.43
2026-08-06T22:11:02.283Z,74.64
2026-08-06T22:16:02.757Z,75.22
2026-08-06T22:21:02.657Z,75.51
2026-08-06T22:26:04.461Z,75.57
2026-08-06T22:31:02.488Z,76.11
2026-08-06T22:36:02.243Z,76.59
2026-08-06T22:41:02.452Z,76.59
2026-08-06T22:46:01.675Z,76.75
2026-08-06T22:51:05.964Z,76.91
2026-08-06T22:56:02.467Z,77.03
2026-08-06T23:01:02.427Z,77.35
2026-08-06T23:06:03.692Z,77.26
2026-08-06T23:11:02.901Z,77.8
2026-08-06T23:16:02.639Z,77.96
2026-08-06T23:21:02.643Z,78.05
2026-08-06T23:26:02.553Z,77.99
2026-08-06T23:31:02.554Z,78.18
2026-08-06T23:36:02.929Z,78.34
2026-08-06T23:41:03.13Z,78.31
2026-08-06T23:46:02.341Z,78.56
2026-08-06T23:51:02.609Z,78.66
2026-08-06T23:56:03.107Z,79.04
2026-08-07T00:01:02.388Z,79.1
2026-08-07T00:06:02.659Z,79.2
2026-08-07T00:11:04.609Z,79.1
2026-08-07T00:16:02.59Z,79.42
2026-08-07T00:21:03.148Z,79.74
2026-08-07T00:26:02.848Z,79.99
2026-08-07T00:31:03.557Z,80.09
2026-08-07T00:36:02.778Z,80.19
2026-08-07T00:41:02.299Z,80.34
2026-08-07T00:46:02.639Z,80.41
2026-08-07T00:51:02.412Z,80.57
2026-08-07T00:56:02.725Z,80.89
2026-08-07T01:01:02.464Z,80.85
2026-08-07T01:06:02.683Z,81.14
2026-08-07T01:11:02.836Z,81.11
2026-08-07T01:16:02.485Z,81.56
2026-08-07T01:21:02.595Z,81.87
2026-08-07T01:26:02.822Z,82.35
2026-08-07T01:31:02.739Z,82.19
2026-08-07T01:36:02.956Z,82.12
2026-08-07T01:41:02.42Z,82.29
2026-08-07T01:46:02.641Z,82.38
2026-08-07T01:51:02.465Z,82.61
2026-08-07T01:56:02.68Z,82.82
2026-08-07T02:01:02.337Z,83.11
2026-08-07T02:06:02.503Z,82.86
2026-08-07T02:11:02.407Z,82.99
2026-08-07T02:16:02.596Z,82.86
2026-08-07T02:21:02.448Z,82.73
2026-08-07T02:26:02.694Z,82.92
2026-08-07T02:31:02.283Z,82.86
2026-08-07T02:36:04.7Z,82.99
2026-08-07T02:41:02.389Z,83.27
2026-08-07T02:46:02.618Z,83.91
2026-08-07T02:51:03.658Z,83.97
2026-08-07T02:56:02.948Z,83.94
2026-08-07T03:01:02.651Z,84.19
2026-08-07T03:06:02.644Z,84.19
2026-08-07T03:11:02.383Z,84.07
2026-08-07T03:16:02.706Z,84.16
2026-08-07T03:21:02.32Z,84.42
2026-08-07T03:26:02.603Z,84.99
2026-08-07T03:31:02.39Z,84.8
2026-08-07T03:36:03.198Z,84.83
2026-08-07T03:41:02.706Z,85.31
2026-08-07T03:46:02.653Z,85.85
2026-08-07T03:51:04.718Z,85.97
2026-08-07T03:56:00.454Z,85.66
2026-08-07T04:01:01.57Z,85.62
2026-08-07T04:06:02.512Z,84.45
2026-08-07T04:11:02.675Z,83.81
2026-08-07T04:16:02.465Z,83.43
2026-08-07T04:21:02.255Z,83.27
2026-08-07T04:26:02.613Z,83.17
2026-08-07T04:31:02.508Z,83.17
2026-08-07T04:36:02.562Z,83.27
2026-08-07T04:41:02.52Z,83.27
2026-08-07T04:46:02.459Z,83.02
2026-08-07T04:51:02.678Z,82.54
2026-08-07T04:56:02.377Z,82.89
2026-08-07T05:01:02.65Z,82.96
2026-08-07T05:06:02.86Z,83.02
2026-08-07T05:11:02.771Z,82.99
2026-08-07T05:16:02.394Z,83.27
2026-08-07T05:21:02.292Z,83.53
2026-08-07T05:26:02.712Z,84.54
2026-08-07T05:31:02.508Z,85.37
2026-08-07T05:36:03.514Z,85.79
2026-08-07T05:41:03.137Z,85.28
2026-08-07T05:46:02.533Z,84.74
2026-08-07T05:51:02.681Z,84.19
2026-08-07T05:56:02.495Z,84.22
2026-08-07T06:01:02.357Z,84.1
2026-08-07T06:06:02.732Z,84.07
2026-08-07T06:11:02.506Z,83.81
2026-08-07T06:16:02.68Z,83.56
2026-08-07T06:21:02.433Z,83.21
2026-08-07T06:26:02.29Z,83.05
2026-08-07T06:31:03.991Z,82.79
2026-08-07T06:36:03.104Z,82.67
2026-08-07T06:41:02.528Z,81.94
2026-08-07T06:46:02.276Z,81.97
2026-08-07T06:51:02.722Z,81.74
2026-08-07T06:56:02.701Z,81.52
2026-08-07T07:01:04.893Z,80.79
2026-08-07T07:06:02.529Z,80.5
2026-08-07T07:11:03.241Z,80.31
2026-08-07T07:16:03.55Z,79.49
2026-08-07T07:21:02.683Z,78.82
2026-08-07T07:26:02.592Z,78.08
2026-08-07T07:31:02.369Z,77.38
2026-08-07T07:36:02.77Z,77.35
2026-08-07T07:41:02.665Z,76.97
2026-08-07T07:46:02.563Z,75.0
2026-08-07T07:51:02.504Z,73.69
2026-08-07T07:56:02.465Z,73.69
2026-08-07T08:01:02.359Z,72.19
2026-08-07T08:06:03.305Z,71.43
2026-08-07T08:11:02.454Z,70.26
2026-08-07T08:16:03.145Z,68.66
2026-08-07T08:21:02.735Z,66.88
2026-08-07T08:26:02.469Z,64.72
2026-08-07T08:31:02.875Z,65.1
2026-08-07T08:36:02.592Z,62.77
2026-08-07T08:41:00.392Z,62.3
2026-08-07T08:46:03.056Z,60.74
2026-08-07T08:51:02.324Z,63.73
2026-08-07T08:56:00.929Z,60.16
2026-08-07T09:01:02.463Z,59.91
2026-08-07T09:06:02.706Z,60.83
2026-08-07T09:11:03.733Z,59.56
2026-08-07T09:16:02.482Z,57.59
2026-08-07T09:21:02.909Z,54.34
2026-08-07T09:26:02.331Z,50.11
2026-08-07T09:31:02.642Z,50.94
2026-08-07T09:36:03.117Z,53.68
2026-08-07T09:41:02.389Z,52.21
2026-08-07T09:46:03.091Z,50.59
2026-08-07T09:51:02.529Z,50.71
2026-08-07T09:56:02.509Z,50.04
2026-08-07T10:01:02.412Z,51.67
2026-08-07T10:06:03.285Z,49.79
2026-08-07T10:11:02.59Z,51.23
2026-08-07T10:16:02.626Z,46.67
2026-08-07T10:21:02.28Z,50.14
2026-08-07T10:26:02.562Z,52.78
2026-08-07T10:31:02.336Z,50.52
2026-08-07T10:36:02.869Z,49.82
2026-08-07T10:41:02.839Z,49.34
2026-08-07T10:46:02.7Z,50.62
2026-08-07T10:51:02.495Z,50.42
2026-08-07T10:56:02.52Z,50.56
2026-08-07T11:01:03.432Z,49.66
2026-08-07T11:06:02.433Z,51.73
2026-08-07T11:11:00.384Z,49.89
2026-08-07T11:16:02.621Z,50.74
2026-08-07T11:21:02.599Z,51.12
2026-08-07T11:26:02.489Z,50.65
2026-08-07T11:31:02.336Z,50.74
2026-08-07T11:36:06.426Z,52.4
2026-08-07T11:41:02.305Z,50.59
2026-08-07T11:46:03.08Z,49.57
2026-08-07T11:51:02.941Z,51.12
2026-08-07T11:56:07.16Z,49.06
2026-08-07T12:01:04.016Z,46.67
2026-08-07T12:06:02.742Z,50.91
2026-08-07T12:11:02.525Z,50.56
2026-08-07T12:16:03.698Z,53.04
2026-08-07T12:21:02.847Z,48.96
2026-08-07T12:26:02.559Z,49.63
2026-08-07T12:31:00.416Z,48.26
2026-08-07T12:36:07.428Z,47.21
2026-08-07T12:41:00.366Z,47.02
2026-08-07T12:46:19.875Z,45.11
2026-08-07T12:51:02.485Z,46.86
2026-08-07T12:56:02.659Z,43.33
2026-08-07T13:01:03.029Z,43.3
2026-08-07T13:06:02.455Z,41.36
2026-08-07T13:11:02.515Z,41.64
2026-08-07T13:16:02.913Z,41.93
2026-08-07T13:21:28.895Z,42.34
2026-08-07T13:26:02.667Z,40.05
2026-08-07T13:31:02.585Z,40.37
2026-08-07T13:36:02.637Z,40.18
2026-08-07T13:41:02.339Z,40.59
2026-08-07T13:46:02.694Z,41.61
2026-08-07T13:51:04.171Z,41.42
2026-08-07T13:56:02.919Z,42.44
2026-08-07T14:01:02.691Z,40.31
2026-08-07T14:06:02.554Z,39.67
2026-08-07T14:11:03.19Z,40.05
2026-08-07T14:16:03.383Z,41.13
2026-08-07T14:21:02.731Z,39.54
2026-08-07T14:26:02.607Z,40.53
2026-08-07T14:31:02.925Z,40.84
2026-08-07T14:36:02.338Z,40.31
2026-08-07T14:41:00.467Z,41.54
2026-08-07T14:46:02.634Z,40.4
2026-08-07T14:51:00.536Z,40.27
2026-08-07T14:56:02.44Z,39.92
2026-08-07T15:01:02.704Z,40.62
2026-08-07T15:06:04.5Z,41.42
2026-08-07T15:11:02.631Z,41.23
2026-08-07T15:16:02.848Z,41.99
2026-08-07T15:21:02.673Z,40.94
2026-08-07T15:26:04.852Z,40.94
2026-08-07T15:31:04.617Z,41.13
2026-08-07T15:36:02.761Z,40.11
2026-08-07T15:41:02.588Z,41.9
2026-08-07T15:46:03.023Z,42.34
2026-08-07T15:51:02.288Z,42.63
2026-08-07T15:56:02.443Z,43.3
2026-08-07T16:01:00.385Z,43.49
2026-08-07T16:06:02.99Z,44.54
2026-08-07T16:11:02.457Z,45.3
2026-08-07T16:16:02.457Z,45.05
2026-08-07T16:21:04.793Z,45.94
2026-08-07T16:26:02.67Z,45.4
2026-08-07T16:31:02.615Z,45.94
2026-08-07T16:36:02.653Z,46.29
2026-08-07T16:41:02.583Z,46.83
2026-08-07T16:46:02.491Z,47.18
2026-08-07T16:51:02.323Z,47.88
2026-08-07T16:56:03.354Z,48.87
2026-08-07T17:01:00.349Z,50.39
2026-08-07T17:06:00.37Z,52.34
2026-08-07T17:11:02.69Z,53.04
2026-08-07T17:16:02.3Z,53.71
2026-08-07T17:21:02.691Z,54.34
2026-08-07T17:26:02.682Z,53.71
2026-08-07T17:31:04.506Z,53.77
2026-08-07T17:36:00.587Z,48.55
2026-08-07T17:41:02.792Z,47.12
2026-08-07T17:46:02.351Z,46.67
2026-08-07T17:51:02.331Z,46.96
2026-08-07T17:56:02.637Z,46.67
2026-08-07T18:01:02.489Z,46.74
2026-08-07T18:06:02.677Z,47.05
2026-08-07T18:11:02.482Z,46.45
2026-08-07T18:16:02.266Z,45.49
2026-08-07T18:21:00.565Z,45.68
2026-08-07T18:26:02.591Z,45.52
2026-08-07T18:31:02.806Z,45.21
2026-08-07T18:36:02.34Z,46.64
2026-08-07T18:41:03.663Z,54.34
2026-08-07T18:46:02.939Z,56.48
2026-08-07T18:51:02.49Z,57.74
2026-08-07T18:56:02.351Z,58.38
2026-08-07T19:01:02.542Z,59.46
2026-08-07T19:06:00.354Z,59.91
2026-08-07T19:11:02.549Z,59.43
2026-08-07T19:16:02.482Z,59.11
2026-08-07T19:21:02.415Z,58.29
2026-08-07T19:26:02.671Z,57.81
2026-08-07T19:31:02.663Z,58.93
2026-08-07T19:36:00.42Z,62.59
2026-08-07T19:41:02.561Z,63.22
2026-08-07T19:46:02.4Z,63.44
2026-08-07T19:51:00.423Z,63.73
2026-08-07T19:56:02.897Z,63.89
2026-08-07T20:01:02.854Z,63.44
2026-08-07T20:06:02.438Z,63.67
2026-08-07T20:11:02.294Z,64.05
2026-08-07T20:16:02.663Z,64.53
2026-08-07T20:21:02.643Z,65.86
2026-08-07T20:26:02.64Z,66.24
2026-08-07T20:31:02.799Z,66.56
2026-08-07T20:36:02.905Z,66.79
2026-08-07T20:41:00.324Z,67.14
2026-08-07T20:46:02.53Z,67.23
2026-08-07T20:51:02.39Z,66.21
2026-08-07T20:56:02.389Z,64.84
2026-08-07T21:01:00.487Z,65.8
2026-08-07T21:06:02.651Z,67.08
2026-08-07T21:11:02.408Z,67.99
2026-08-07T21:16:02.879Z,68.51
2026-08-07T21:21:02.848Z,70.51
2026-08-07T21:26:02.647Z,70.64
2026-08-07T21:31:02.703Z,72.01
2026-08-07T21:36:02.371Z,72.54
2026-08-07T21:41:02.755Z,72.68
2026-08-07T21:46:02.514Z,73.12
2026-08-07T21:51:02.373Z,73.66
2026-08-07T21:56:02.687Z,73.72
2026-08-07T22:01:02.78Z,73.79
2026-08-07T22:06:03.482Z,74.14
2026-08-07T22:11:02.494Z,74.36
2026-08-07T22:16:02.768Z,74.36
2026-08-07T22:21:02.472Z,74.2
2026-08-07T22:26:02.909Z,74.39
2026-08-07T22:31:02.907Z,74.78
2026-08-07T22:36:03.808Z,74.84
2026-08-07T22:41:02.289Z,74.78
2026-08-07T22:46:02.719Z,74.87
2026-08-07T22:51:03.229Z,75.44
2026-08-07T22:56:02.732Z,75.44
2026-08-07T23:01:02.507Z,75.47
2026-08-07T23:06:02.408Z,75.73
2026-08-07T23:11:02.725Z,75.7
2026-08-07T23:16:02.531Z,76.17
2026-08-07T23:21:02.373Z,76.08
2026-08-07T23:26:03.006Z,76.05
2026-08-07T23:31:02.702Z,76.33
2026-08-07T23:36:02.408Z,76.43
2026-08-07T23:41:00.358Z,76.87
2026-08-07T23:46:02.611Z,76.97
2026-08-07T23:51:02.639Z,77.64
2026-08-07T23:56:02.433Z,78.05
2026-08-08T00:01:02.481Z,77.61
2026-08-08T00:06:00.553Z,78.02
2026-08-08T00:11:02.654Z,78.37
2026-08-08T00:16:03.07Z,78.62
2026-08-08T00:21:02.455Z,78.75
2026-08-08T00:26:02.56Z,78.85
2026-08-08T00:31:03.255Z,79.42
2026-08-08T00:36:02.283Z,79.29
2026-08-08T00:41:02.439Z,79.99
2026-08-08T00:46:02.384Z,80.15
2026-08-08T00:51:02.251Z,79.8
2026-08-08T00:56:02.471Z,76.21
2026-08-08T01:01:04.469Z,75.6
2026-08-08T01:06:02.636Z,74.93
2026-08-08T01:11:02.422Z,74.04
2026-08-08T01:16:02.58Z,73.82
2026-08-08T01:21:02.477Z,73.94
2026-08-08T01:26:00.422Z,74.17
2026-08-08T01:31:03.188Z,73.76
2026-08-08T01:36:02.419Z,74.43
2026-08-08T01:41:02.569Z,74.29
2026-08-08T01:46:02.146Z,73.69
2026-08-08T01:51:02.493Z,74.29
2026-08-08T01:56:00.489Z,74.29
2026-08-08T02:01:02.474Z,74.81
2026-08-08T02:06:02.438Z,76.21
2026-08-08T02:11:02.378Z,77.8
2026-08-08T02:16:02.512Z,78.24
2026-08-08T02:21:02.527Z,78.31
2026-08-08T02:26:03.052Z,76.21
2026-08-08T02:31:02.498Z,74.52
2026-08-08T02:36:00.418Z,77.1
2026-08-08T02:41:02.388Z,77.35
2026-08-08T02:46:02.968Z,77.86
2026-08-08T02:51:04.679Z,78.53
2026-08-08T02:56:02.568Z,78.62
2026-08-08T03:01:02.322Z,78.75
2026-08-08T03:06:02.587Z,78.94
2026-08-08T03:11:02.329Z,79.13
2026-08-08T03:16:00.367Z,79.87
2026-08-08T03:21:02.439Z,80.63
2026-08-08T03:26:02.83Z,81.46
2026-08-08T03:31:02.623Z,81.46
2026-08-08T03:36:02.43Z,81.77
2026-08-08T03:41:02.67Z,81.77
2026-08-08T03:46:02.691Z,81.59
2026-08-08T03:51:02.583Z,81.36
2026-08-08T03:56:02.354Z,81.17
2026-08-08T04:01:02.652Z,81.49
2026-08-08T04:06:02.384Z,81.59
2026-08-08T04:11:02.321Z,81.87
2026-08-08T04:16:02.756Z,81.94
2026-08-08T04:21:02.529Z,82.12
2026-08-08T04:26:02.654Z,82.44
2026-08-08T04:31:02.478Z,82.41
2026-08-08T04:36:03.16Z,82.29
2026-08-08T04:41:02.348Z,82.41
2026-08-08T04:46:02.545Z,82.32
2026-08-08T04:51:02.288Z,82.54
2026-08-08T04:56:02.716Z,82.57
2026-08-08T05:01:02.68Z,82.73
2026-08-08T05:06:02.476Z,83.11
2026-08-08T05:11:02.685Z,83.14
2026-08-08T05:16:02.431Z,83.4
2026-08-08T05:21:02.607Z,83.72
2026-08-08T05:26:02.603Z,85.06
2026-08-08T05:31:02.667Z,81.56
2026-08-08T05:36:02.493Z,77.64
2026-08-08T05:41:04.202Z,76.75
2026-08-08T05:46:02.618Z,77.19
2026-08-08T05:51:02.63Z,77.29
2026-08-08T05:56:00.372Z,77.38
2026-08-08T06:01:02.337Z,77.22
2026-08-08T06:06:00.648Z,76.87
2026-08-08T06:11:00.346Z,76.78
2026-08-08T06:16:02.461Z,76.3
2026-08-08T06:21:02.367Z,76.24
2026-08-08T06:26:02.278Z,76.14
2026-08-08T06:31:02.258Z,77.38
2026-08-08T06:36:00.432Z,77.7
2026-08-08T06:41:00.405Z,77.96
2026-08-08T06:46:02.674Z,78.28
2026-08-08T06:51:02.35Z,77.99
2026-08-08T06:56:00.499Z,78.37
2026-08-08T07:01:02.544Z,78.28
2026-08-08T07:06:02.439Z,77.93
2026-08-08T07:11:02.339Z,77.19
2026-08-08T07:16:02.766Z,75.73
2026-08-08T07:21:02.426Z,75.31
2026-08-08T07:26:00.377Z,74.26
2026-08-08T07:31:02.637Z,73.72
2026-08-08T07:36:02.563Z,73.98
2026-08-08T07:41:02.391Z,73.63
2026-08-08T07:46:04.311Z,73.59
2026-08-08T07:51:02.639Z,72.86
2026-08-08T07:56:03.283Z,73.28
2026-08-08T08:01:02.492Z,72.68
2026-08-08T08:06:02.67Z,72.32
2026-08-08T08:11:03.059Z,70.99
2026-08-08T08:16:02.677Z,70.09
2026-08-08T08:21:02.375Z,68.09
2026-08-08T08:26:02.94Z,66.28
2026-08-08T08:31:02.487Z,63.67
2026-08-08T08:36:02.412Z,64.05
2026-08-08T08:41:02.274Z,63.48
2026-08-08T08:46:02.743Z,61.25
2026-08-08T08:51:02.647Z,60.48
2026-08-08T08:56:02.379Z,59.59
2026-08-08T09:01:02.424Z,58.96
2026-08-08T09:06:03.827Z,57.62
2026-08-08T09:11:02.614Z,54.47
2026-08-08T09:16:02.671Z,54.56
2026-08-08T09:21:02.5Z,51.79
2026-08-08T09:26:03.05Z,51.54
2026-08-08T09:31:02.853Z,46.83
2026-08-08T09:36:02.243Z,50.24
2026-08-08T09:41:02.728Z,47.4
2026-08-08T09:46:02.48Z,52.62
2026-08-08T09:51:06.133Z,46.42
2026-08-08T09:56:02.742Z,48.99
2026-08-08T10:01:02.539Z,47.05
2026-08-08T10:06:02.755Z,47.82
2026-08-08T10:11:02.377Z,46.07
2026-08-08T10:16:02.253Z,47.24
2026-08-08T10:21:02.632Z,46.58
2026-08-08T10:26:02.476Z,46.1
2026-08-08T10:31:02.506Z,47.91
2026-08-08T10:36:00.369Z,47.4
2026-08-08T10:41:03.274Z,47.09
2026-08-08T10:46:02.541Z,46.54
2026-08-08T10:51:02.725Z,45.56
2026-08-08T10:56:03.227Z,45.05
2026-08-08T11:01:02.582Z,44.25
2026-08-08T11:06:03.013Z,43.23
2026-08-08T11:11:00.446Z,42.88
2026-08-08T11:16:02.456Z,42.34
2026-08-08T11:21:02.72Z,42.47
2026-08-08T11:26:02.571Z,39.12
2026-08-08T11:31:02.567Z,41.96
2026-08-08T11:36:02.546Z,40.75
2026-08-08T11:41:03.22Z,39.79
2026-08-08T11:46:02.619Z,39.26
2026-08-08T11:51:02.523Z,40.05
2026-08-08T11:56:02.355Z,38.27
2026-08-08T12:01:03.053Z,38.33
2026-08-08T12:06:00.328Z,37.51
2026-08-08T12:11:00.325Z,39.09
2026-08-08T12:16:02.551Z,38.71
2026-08-08T12:21:02.338Z,39.92
2026-08-08T12:26:05.156Z,37.6
2026-08-08T12:31:03.495Z,39.47
2026-08-08T12:36:02.312Z,38.21
2026-08-08T12:41:02.648Z,36.39
2026-08-08T12:46:02.335Z,36.74
2026-08-08T12:51:01.219Z,33.97
2026-08-08T12:56:02.569Z,33.84
2026-08-08T13:01:02.664Z,32.35
2026-08-08T13:06:02.98Z,32.12
2026-08-08T13:11:02.614Z,32.38
2026-08-08T13:16:02.524Z,34.07
2026-08-08T13:21:02.972Z,34.01
2026-08-08T13:26:02.308Z,31.71
2026-08-08T13:31:00.311Z,28.37
2026-08-08T13:36:02.604Z,29.74
2026-08-08T13:41:02.689Z,28.62
2026-08-08T13:46:02.529Z,27.32
2026-08-08T13:51:02.529Z,28.59
2026-08-08T13:56:02.321Z,28.43
2026-08-08T14:01:02.427Z,27.67
2026-08-08T14:06:02.565Z,27.86
2026-08-08T14:11:02.666Z,27.42
2026-08-08T14:16:02.682Z,29.87
2026-08-08T14:21:02.78Z,27.96
2026-08-08T14:26:02.962Z,29.84
2026-08-08T14:31:02.623Z,28.15
2026-08-08T14:36:02.522Z,27.42
2026-08-08T14:41:02.31Z,27.89
2026-08-08T14:46:00.434Z,29.26
2026-08-08T14:51:02.703Z,29.17
2026-08-08T14:56:02.262Z,29.71
2026-08-08T15:01:00.35Z,27.96
2026-08-08T15:06:03.217Z,32.44
2026-08-08T15:11:02.496Z,36.29
2026-08-08T15:16:03.372Z,35.09
2026-08-08T15:21:04.986Z,37.37
2026-08-08T15:26:00.959Z,38.84
2026-08-08T15:31:02.449Z,38.01
2026-08-08T15:36:02.636Z,39.57
2026-08-08T15:41:02.682Z,39.54
2026-08-08T15:46:02.85Z,40.53
2026-08-08T15:51:02.569Z,40.56
2026-08-08T15:56:02.452Z,40.84
2026-08-08T16:01:02.441Z,40.21
2026-08-08T16:06:02.395Z,39.47
2026-08-08T16:11:02.384Z,40.24
2026-08-08T16:16:02.867Z,39.19
2026-08-08T16:21:02.7Z,38.62
2026-08-08T16:26:02.594Z,38.01
2026-08-08T16:31:02.26Z,40.11
2026-08-08T16:36:00.373Z,39.86
2026-08-08T16:41:02.686Z,38.87
2026-08-08T16:46:02.455Z,39.22
2026-08-08T16:51:02.665Z,37.66
2026-08-08T16:56:02.941Z,39.22
2026-08-08T17:01:02.313Z,39.51
2026-08-08T17:06:00.349Z,38.71
2026-08-08T17:11:02.43Z,38.65
2026-08-08T17:16:02.432Z,38.36
2026-08-08T17:21:02.917Z,37.44
2026-08-08T17:26:00.476Z,36.52
2026-08-08T17:31:02.544Z,37.69
2026-08-08T17:36:02.328Z,38.33
2026-08-08T17:41:03.287Z,38.3
2026-08-08T17:46:02.696Z,38.21
2026-08-08T17:51:02.5Z,38.33
2026-08-08T17:56:02.952Z,38.81
2026-08-08T18:01:00.333Z,39.38
2026-08-08T18:06:02.599Z,40.24
2026-08-08T18:11:02.317Z,41.13
2026-08-08T18:16:00.406Z,41.64
2026-08-08T18:21:02.673Z,42.53
2026-08-08T18:26:02.503Z,43.08
2026-08-08T18:31:02.375Z,43.58
2026-08-08T18:36:02.434Z,44.51
2026-08-08T18:41:00.329Z,45.11
2026-08-08T18:46:00.329Z,46.26
2026-08-08T18:51:02.512Z,46.83
2026-08-08T18:56:02.211Z,47.69
2026-08-08T19:01:00.411Z,49.06
2026-08-08T19:06:02.69Z,49.02
2026-08-08T19:11:02.461Z,49.86
2026-08-08T19:16:03.281Z,52.21
2026-08-08T19:21:02.366Z,53.48
2026-08-08T19:26:02.661Z,54.41
2026-08-08T19:31:02.427Z,55.29
2026-08-08T19:36:02.886Z,57.78
2026-08-08T19:41:02.455Z,59.08
2026-08-08T19:46:02.348Z,58.73
2026-08-08T19:51:02.569Z,59.78
2026-08-08T19:56:02.554Z,61.34
2026-08-08T20:01:02.371Z,63.16
2026-08-08T20:06:02.196Z,64.56
2026-08-08T20:11:02.612Z,65.61
2026-08-08T20:16:02.376Z,66.72
2026-08-08T20:21:02.359Z,67.84
2026-08-08T20:26:02.684Z,68.89
2026-08-08T20:31:02.588Z,70.29
2026-08-08T20:36:02.354Z,71.72
2026-08-08T20:41:02.643Z,73.12
2026-08-08T20:46:02.622Z,74.04
2026-08-08T20:51:02.348Z,74.36
2026-08-08T20:56:02.451Z,74.68
2026-08-08T21:01:02.443Z,75.09
2026-08-08T21:06:00.342Z,75.47
2026-08-08T21:11:02.619Z,75.54
2026-08-08T21:16:02.676Z,75.82
2026-08-08T21:21:02.465Z,76.24
2026-08-08T21:26:02.759Z,76.62
2026-08-08T21:31:02.629Z,77.0
2026-08-08T21:36:02.446Z,77.29
2026-08-08T21:41:02.311Z,77.51
2026-08-08T21:46:02.648Z,77.8
2026-08-08T21:51:02.607Z,77.67
2026-08-08T21:56:02.534Z,77.7
2026-08-08T22:01:02.38Z,77.86
2026-08-08T22:06:02.605Z,77.77
2026-08-08T22:11:02.432Z,77.64
2026-08-08T22:16:02.404Z,77.96
2026-08-08T22:21:03.054Z,78.15
2026-08-08T22:26:02.561Z,78.18
2026-08-08T22:31:02.33Z,78.56
2026-08-08T22:36:02.694Z,78.66
2026-08-08T22:41:02.532Z,78.88
2026-08-08T22:46:02.699Z,79.01
2026-08-08T22:51:02.353Z,79.2
2026-08-08T22:56:03.326Z,79.01
2026-08-08T23:01:02.648Z,78.88
2026-08-08T23:06:02.41Z,79.13
2026-08-08T23:11:02.911Z,79.39
2026-08-08T23:16:02.415Z,79.42
2026-08-08T23:21:02.643Z,79.29
2026-08-08T23:26:02.547Z,79.23
2026-08-08T23:31:00.475Z,79.45
2026-08-08T23:36:02.571Z,79.74
2026-08-08T23:41:02.692Z,79.93
2026-08-08T23:46:02.503Z,79.77
2026-08-08T23:51:00.801Z,80.25
2026-08-08T23:56:02.548Z,80.47
2026-08-09T00:01:00.448Z,80.47
2026-08-09T00:06:02.516Z,80.85
2026-08-09T00:11:02.241Z,80.82
2026-08-09T00:16:02.705Z,81.43
2026-08-09T00:21:02.497Z,81.46
2026-08-09T00:26:03.123Z,81.91
2026-08-09T00:31:02.447Z,81.97
2026-08-09T00:36:02.875Z,82.09
2026-08-09T00:41:02.252Z,82.03
2026-08-09T00:46:02.506Z,82.7
2026-08-09T00:51:00.362Z,82.7
2026-08-09T00:56:02.46Z,82.41
2026-08-09T01:01:02.356Z,81.97
2026-08-09T01:06:02.404Z,81.49
2026-08-09T01:11:00.363Z,81.43
2026-08-09T01:16:02.894Z,81.3
2026-08-09T01:21:02.548Z,81.39
2026-08-09T01:26:03.265Z,81.36
2026-08-09T01:31:03.042Z,81.39
2026-08-09T01:36:05.294Z,81.84
2026-08-09T01:41:03.069Z,82.0
2026-08-09T01:46:00.458Z,81.91
2026-08-09T01:51:02.608Z,81.52
2026-08-09T01:56:03.249Z,81.2
2026-08-09T02:01:00.383Z,81.27
2026-08-09T02:06:02.701Z,80.63
2026-08-09T02:11:02.83Z,80.19
2026-08-09T02:16:00.371Z,79.61
2026-08-09T02:21:02.319Z,79.04
2026-08-09T02:26:02.58Z,78.72
2026-08-09T02:31:02.522Z,78.24
2026-08-09T02:36:02.777Z,77.73
2026-08-09T02:41:02.451Z,77.42
2026-08-09T02:46:02.626Z,77.0
2026-08-09T02:51:02.52Z,77.03
2026-08-09T02:56:02.712Z,77.1
2026-08-09T03:01:02.527Z,77.26
2026-08-09T03:06:02.476Z,77.45
2026-08-09T03:11:02.281Z,77.77
2026-08-09T03:16:02.554Z,77.64
2026-08-09T03:21:02.329Z,78.15
2026-08-09T03:26:03.665Z,79.36
2026-08-09T03:31:02.47Z,79.52
2026-08-09T03:36:02.717Z,79.84
2026-08-09T03:41:01.584Z,79.29
2026-08-09T03:46:02.336Z,78.28
2026-08-09T03:51:00.412Z,78.24
2026-08-09T03:56:02.344Z,77.86
2026-08-09T04:01:02.657Z,77.86
2026-08-09T04:06:02.406Z,77.67
2026-08-09T04:11:02.608Z,77.61
2026-08-09T04:16:04.73Z,77.96
2026-08-09T04:21:02.285Z,77.67
2026-08-09T04:26:02.611Z,77.51
2026-08-09T04:31:02.614Z,77.67
2026-08-09T04:36:02.375Z,77.64
2026-08-09T04:41:02.606Z,77.7
2026-08-09T04:46:03.217Z,77.57
2026-08-09T04:51:00.755Z,77.16
2026-08-09T04:56:02.533Z,77.38
2026-08-09T05:01:02.903Z,77.61
2026-08-09T05:06:02.667Z,77.89
2026-08-09T05:11:02.805Z,77.8
2026-08-09T05:16:02.607Z,76.08
2026-08-09T05:21:02.647Z,76.14
2026-08-09T05:26:02.397Z,74.71
2026-08-09T05:31:04.133Z,72.71
2026-08-09T05:36:02.587Z,70.26
2026-08-09T05:41:02.376Z,68.72
2026-08-09T05:46:02.553Z,67.55
2026-08-09T05:51:05.556Z,66.34
2026-08-09T05:56:02.283Z,66.06
2026-08-09T06:01:01.337Z,65.71
2026-08-09T06:06:02.625Z,64.02
2026-08-09T06:11:02.702Z,63.06
2026-08-09T06:16:00.39Z,61.98
2026-08-09T06:21:02.904Z,61.88
2026-08-09T06:26:03.616Z,61.98
2026-08-09T06:31:00.399Z,60.55
2026-08-09T06:36:02.488Z,60.77
2026-08-09T06:41:02.418Z,60.55
2026-08-09T06:46:00.366Z,60.45
2026-08-09T06:51:02.552Z,60.23
2026-08-09T06:56:02.465Z,59.81
2026-08-09T07:01:02.927Z,59.59
2026-08-09T07:06:02.386Z,59.5
2026-08-09T07:11:00.559Z,58.64
2026-08-09T07:16:00.385Z,58.83
2026-08-09T07:21:02.649Z,59.11
2026-08-09T07:26:02.317Z,58.61
2026-08-09T07:31:02.423Z,58.32
2026-08-09T07:36:02.586Z,58.03
2026-08-09T07:41:03.176Z,57.65
2026-08-09T07:46:02.644Z,57.01
2026-08-09T07:51:02.675Z,57.39
2026-08-09T07:56:02.55Z,56.54
2026-08-09T08:01:02.861Z,58.32
2026-08-09T08:06:00.376Z,60.13
2026-08-09T08:11:02.653Z,61.66
2026-08-09T08:16:03.127Z,63.29
2026-08-09T08:21:00.405Z,63.0
2026-08-09T08:26:02.664Z,64.66
2026-08-09T08:31:02.529Z,64.97
2026-08-09T08:36:00.39Z,67.08
2026-08-09T08:41:02.489Z,66.06
2026-08-09T08:46:02.426Z,65.42
2026-08-09T08:51:02.607Z,64.72
2026-08-09T08:56:03.913Z,64.84
2026-08-09T09:01:02.694Z,64.21
2026-08-09T09:06:02.569Z,63.19
2026-08-09T09:11:03.378Z,64.08
2026-08-09T09:16:02.334Z,64.3
2026-08-09T09:21:02.229Z,64.56
2026-08-09T09:26:05.335Z,63.16
2026-08-09T09:31:00.473Z,62.42
2026-08-09T09:36:02.515Z,61.25
2026-08-09T09:41:02.579Z,60.61
2026-08-09T09:46:02.438Z,60.23
2026-08-09T09:51:02.286Z,58.86
2026-08-09T09:56:03.989Z,60.04
2026-08-09T10:01:02.427Z,58.96
2026-08-09T10:06:02.432Z,58.83
2026-08-09T10:11:02.715Z,58.13
2026-08-09T10:16:02.358Z,58.13
2026-08-09T10:21:02.697Z,56.89
2026-08-09T10:26:02.795Z,57.81
2026-08-09T10:31:02.504Z,57.27
2026-08-09T10:36:02.441Z,57.84
2026-08-09T10:41:02.795Z,56.92
2026-08-09T10:46:00.365Z,59.31
2026-08-09T10:51:26.707Z,57.78
2026-08-09T10:56:04.588Z,57.59
2026-08-09T11:01:00.35Z,56.54
2026-08-09T11:06:02.728Z,55.08
2026-08-09T11:11:02.635Z,52.66
2026-08-09T11:16:03.763Z,52.56
2026-08-09T11:21:03.366Z,54.88
2026-08-09T11:26:02.272Z,52.62
2026-08-09T11:31:02.545Z,53.36
2026-08-09T11:36:02.453Z,50.74
2026-08-09T11:41:02.375Z,51.64
2026-08-09T11:46:02.968Z,52.28
2026-08-09T11:51:01.331Z,50.49
2026-08-09T11:56:02.403Z,52.75
2026-08-09T12:01:00.36Z,50.81
2026-08-09T12:06:02.652Z,50.24
2026-08-09T12:11:03.298Z,49.47
2026-08-09T12:16:02.289Z,50.17
2026-08-09T12:21:04.144Z,50.88
2026-08-09T12:26:03.012Z,50.94
2026-08-09T12:31:02.625Z,53.74
2026-08-09T12:36:02.576Z,50.04
2026-08-09T12:41:02.579Z,51.73
2026-08-09T12:46:02.563Z,51.19
2026-08-09T12:51:02.827Z,51.73
2026-08-09T12:56:02.654Z,51.35
2026-08-09T13:01:02.862Z,51.09
2026-08-09T13:06:02.41Z,52.02
2026-08-09T13:11:02.792Z,51.47
2026-08-09T13:16:02.34Z,52.84
2026-08-09T13:21:03.526Z,51.58
2026-08-09T13:26:02.61Z,52.53
2026-08-09T13:31:02.408Z,50.74
2026-08-09T13:36:02.238Z,49.63
2026-08-09T13:41:02.561Z,50.59
2026-08-09T13:46:03.166Z,51.96
2026-08-09T13:51:02.888Z,50.33
2026-08-09T13:56:02.497Z,51.26
2026-08-09T14:01:02.275Z,52.05
2026-08-09T14:06:00.441Z,52.37
2026-08-09T14:11:02.487Z,51.16
2026-08-09T14:16:02.316Z,53.89
2026-08-09T14:21:02.671Z,53.48
2026-08-09T14:26:02.551Z,52.78
2026-08-09T14:31:02.551Z,52.91
2026-08-09T14:36:02.556Z,53.01
2026-08-09T14:41:02.421Z,51.58
2026-08-09T14:46:02.359Z,50.94
2026-08-09T14:51:02.709Z,51.06
2026-08-09T14:56:04.559Z,53.26
2026-08-09T15:01:02.638Z,52.75
2026-08-09T15:06:03.208Z,50.71
2026-08-09T15:11:00.353Z,50.77
2026-08-09T15:16:02.503Z,50.04
2026-08-09T15:21:02.381Z,50.52
2026-08-09T15:26:02.714Z,50.08
2026-08-09T15:31:02.61Z,50.88
2026-08-09T15:36:02.508Z,49.28
2026-08-09T15:41:02.505Z,50.39
2026-08-09T15:46:05.896Z,48.67
2026-08-09T15:51:00.362Z,49.69
2026-08-09T15:56:00.335Z,50.27
2026-08-09T16:01:02.532Z,50.77
2026-08-09T16:06:02.734Z,53.48
2026-08-09T16:11:02.466Z,53.74
2026-08-09T16:16:03.091Z,53.8
2026-08-09T16:21:02.436Z,54.28
2026-08-09T16:26:02.474Z,54.18
2026-08-09T16:31:03.124Z,54.31
2026-08-09T16:36:02.505Z,56.6
2026-08-09T16:41:02.434Z,56.89
2026-08-09T16:46:03.852Z,56.95
2026-08-09T16:51:02.353Z,57.46
2026-08-09T16:56:02.659Z,58.26
2026-08-09T17:01:02.4Z,58.54
2026-08-09T17:06:02.909Z,58.76
2026-08-09T17:11:02.621Z,59.81
2026-08-09T17:16:03.235Z,60.45
2026-08-09T17:21:01.307Z,60.61
2026-08-09T17:26:02.721Z,61.22
2026-08-09T17:31:02.498Z,62.23
2026-08-09T17:36:02.387Z,63.0
2026-08-09T17:41:02.374Z,63.76
2026-08-09T17:46:02.575Z,64.08
2026-08-09T17:51:02.353Z,64.46
2026-08-09T17:56:03.438Z,64.97
2026-08-09T18:01:02.371Z,65.61
2026-08-09T18:06:00.361Z,66.37
2026-08-09T18:11:00.439Z,66.53
2026-08-09T18:16:02.639Z,67.01
2026-08-09T18:21:02.608Z,67.39
2026-08-09T18:26:02.76Z,67.17
2026-08-09T18:31:00.323Z,67.23
2026-08-09T18:36:02.85Z,67.78
2026-08-09T18:41:02.543Z,68.57
2026-08-09T18:46:00.324Z,69.21
2026-08-09T18:51:02.531Z,69.77
2026-08-09T18:56:04.478Z,70.19
2026-08-09T19:01:02.623Z,70.7
2026-08-09T19:06:02.678Z,71.02
2026-08-09T19:11:02.496Z,71.37
2026-08-09T19:16:02.431Z,71.91
2026-08-09T19:21:02.612Z,72.32
2026-08-09T19:26:02.446Z,72.8
2026-08-09T19:31:03.285Z,72.99
2026-08-09T19:36:02.385Z,73.21
2026-08-09T19:41:00.397Z,73.56
2026-08-09T19:46:02.8Z,73.82
2026-08-09T19:51:02.317Z,74.17
2026-08-09T19:56:02.841Z,74.33
2026-08-09T20:01:00.359Z,74.52
2026-08-09T20:06:02.525Z,74.81
2026-08-09T20:11:02.498Z,74.96
2026-08-09T20:16:02.542Z,75.35
2026-08-09T20:21:02.395Z,75.44
2026-08-09T20:26:01.341Z,75.54
2026-08-09T20:31:02.633Z,75.57
2026-08-09T20:36:02.656Z,75.51
2026-08-09T20:41:03.414Z,75.66
2026-08-09T20:46:02.599Z,75.73
2026-08-09T20:51:02.479Z,75.66
2026-08-09T20:56:02.287Z,75.51
2026-08-09T21:01:02.287Z,75.47
2026-08-09T21:06:02.308Z,75.51
2026-08-09T21:11:02.68Z,75.89
2026-08-09T21:16:02.362Z,75.76
2026-08-09T21:21:03.615Z,75.7
2026-08-09T21:26:02.73Z,75.73
2026-08-09T21:31:00.441Z,76.08
2026-08-09T21:36:02.678Z,76.05
2026-08-09T21:41:02.696Z,76.59
2026-08-09T21:46:00.374Z,76.87
2026-08-09T21:51:02.349Z,77.38
2026-08-09T21:56:02.742Z,77.64
2026-08-09T22:01:02.693Z,77.96
2026-08-09T22:06:02.603Z,78.43
2026-08-09T22:11:02.643Z,78.69
2026-08-09T22:16:02.374Z,78.69
2026-08-09T22:21:01.994Z,78.82
2026-08-09T22:26:02.312Z,78.78
2026-08-09T22:31:02.638Z,79.01
2026-08-09T22:36:02.485Z,79.07
2026-08-09T22:41:02.752Z,79.17
2026-08-09T22:46:02.462Z,79.42
2026-08-09T22:51:02.861Z,79.13
2026-08-09T22:56:01.665Z,79.36
2026-08-09T23:01:02.482Z,79.45
2026-08-09T23:06:02.375Z,79.74
2026-08-09T23:11:00.35Z,79.61
2026-08-09T23:16:02.662Z,79.68
2026-08-09T23:21:02.382Z,80.06
2026-08-09T23:26:02.511Z,80.12
2026-08-09T23:31:02.441Z,80.03
2026-08-09T23:36:02.679Z,80.22
2026-08-09T23:41:02.764Z,80.19
2026-08-09T23:46:02.434Z,80.22
2026-08-09T23:51:02.666Z,80.28
2026-08-09T23:56:00.307Z,80.28
2026-08-10T00:01:02.484Z,79.93
2026-08-10T00:06:02.352Z,79.9
2026-08-10T00:11:02.599Z,79.8
2026-08-10T00:16:02.468Z,79.74
2026-08-10T00:21:02.332Z,79.71
2026-08-10T00:26:02.283Z,79.77
2026-08-10T00:31:02.569Z,79.9
2026-08-10T00:36:02.316Z,80.09
2026-08-10T00:41:00.452Z,79.99
2026-08-10T00:46:02.543Z,80.03
2026-08-10T00:51:00.321Z,79.87
2026-08-10T00:56:02.51Z,79.96
2026-08-10T01:01:02.254Z,80.12
2026-08-10T01:06:00.399Z,80.57
2026-08-10T01:11:02.771Z,80.47
2026-08-10T01:16:02.436Z,80.5
2026-08-10T01:21:03.029Z,80.22
2026-08-10T01:26:03.339Z,80.19
2026-08-10T01:31:02.276Z,80.15
2026-08-10T01:36:02.548Z,80.37
2026-08-10T01:41:02.393Z,80.31
2026-08-10T01:46:00.424Z,80.47
2026-08-10T01:51:02.564Z,80.57
2026-08-10T01:56:03.468Z,80.76
2026-08-10T02:01:05.279Z,81.14
2026-08-10T02:06:00.389Z,81.14
2026-08-10T02:11:02.924Z,81.14
2026-08-10T02:16:02.642Z,80.98
2026-08-10T02:21:02.593Z,81.07
2026-08-10T02:26:02.809Z,80.89
2026-08-10T02:31:02.496Z,80.76
2026-08-10T02:36:01.287Z,80.82
2026-08-10T02:41:02.503Z,81.17
2026-08-10T02:46:03.137Z,81.39
2026-08-10T02:51:02.705Z,81.46
2026-08-10T02:56:02.628Z,81.46
2026-08-10T03:01:03.113Z,81.33
2026-08-10T03:06:02.363Z,81.3
2026-08-10T03:11:02.83Z,81.65
2026-08-10T03:16:02.409Z,81.59
2026-08-10T03:21:00.327Z,81.81
2026-08-10T03:26:03.313Z,81.84
2026-08-10T03:31:02.286Z,82.06
2026-08-10T03:36:02.533Z,82.06
2026-08-10T03:41:02.464Z,81.77
2026-08-10T03:46:02.169Z,81.65
2026-08-10T03:51:02.522Z,81.59
2026-08-10T03:56:00.413Z,81.81
2026-08-10T04:01:02.55Z,81.91
2026-08-10T04:06:03.004Z,82.32
2026-08-10T04:11:00.297Z,82.86
2026-08-10T04:16:01.522Z,82.89
2026-08-10T04:21:02.922Z,83.11
2026-08-10T04:26:02.527Z,83.31
2026-08-10T04:31:02.517Z,83.59
2026-08-10T04:36:02.475Z,83.69
2026-08-10T04:41:03.471Z,83.75
2026-08-10T04:46:02.542Z,84.01
2026-08-10T04:51:02.293Z,84.39
2026-08-10T04:56:00.429Z,84.45
2026-08-10T05:01:02.552Z,84.8
2026-08-10T05:06:02.28Z,84.86
2026-08-10T05:11:02.882Z,84.86
2026-08-10T05:16:02.478Z,84.86
2026-08-10T05:21:06.914Z,84.83
2026-08-10T05:26:02.619Z,84.54
2026-08-10T05:31:02.751Z,84.68
2026-08-10T05:36:02.528Z,84.71
2026-08-10T05:41:02.362Z,84.68
2026-08-10T05:46:02.612Z,84.39
2026-08-10T05:51:02.378Z,84.32
2026-08-10T05:56:02.679Z,84.16
2026-08-10T06:01:02.576Z,84.29
2026-08-10T06:06:02.882Z,84.29
2026-08-10T06:11:02.377Z,84.39
2026-08-10T06:16:02.403Z,84.51
2026-08-10T06:21:02.481Z,84.07
2026-08-10T06:26:02.676Z,84.07
2026-08-10T06:31:02.577Z,83.66
2026-08-10T06:36:02.487Z,83.02
2026-08-10T06:41:04.749Z,82.16
2026-08-10T06:46:02.792Z,81.62
2026-08-10T06:51:03.156Z,80.73
2026-08-10T06:56:00.303Z,79.87
2026-08-10T07:01:03.488Z,79.61
2026-08-10T07:06:02.779Z,78.94
2026-08-10T07:11:02.704Z,77.96
2026-08-10T07:16:02.482Z,77.22
2026-08-10T07:21:02.434Z,76.36
2026-08-10T07:26:02.602Z,75.76
2026-08-10T07:31:02.917Z,75.73
2026-08-10T07:36:02.821Z,74.36
2026-08-10T07:41:02.475Z,73.66
2026-08-10T07:46:03.403Z,73.76
2026-08-10T07:51:00.292Z,72.64
2026-08-10T07:56:02.305Z,72.61
2026-08-10T08:01:02.365Z,71.4
2026-08-10T08:06:02.613Z,71.28
2026-08-10T08:11:03.297Z,70.99
2026-08-10T08:16:02.48Z,69.91
2026-08-10T08:21:00.405Z,69.27
2026-08-10T08:26:03.268Z,68.57
2026-08-10T08:31:02.456Z,69.07
2026-08-10T08:36:02.409Z,68.47
2026-08-10T08:41:02.381Z,67.93
2026-08-10T08:46:00.964Z,67.39
2026-08-10T08:51:02.619Z,67.81
2026-08-10T08:56:02.541Z,65.99
2026-08-10T09:01:00.288Z,65.36
2026-08-10T09:06:00.286Z,66.02
2026-08-10T09:11:02.844Z,64.56
2026-08-10T09:16:02.467Z,62.08
2026-08-10T09:21:02.496Z,62.62
2026-08-10T09:26:00.393Z,61.73
2026-08-10T09:31:00.409Z,60.71
2026-08-10T09:36:02.484Z,60.93
2026-08-10T09:41:03.755Z,60.39
2026-08-10T09:46:02.514Z,60.64
2026-08-10T09:51:02.227Z,60.1
2026-08-10T09:56:00.404Z,60.16
2026-08-10T10:01:02.481Z,60.07
2026-08-10T10:06:03.338Z,60.8
2026-08-10T10:11:01.385Z,60.58
2026-08-10T10:16:02.588Z,58.83
2026-08-10T10:21:02.438Z,59.31
2026-08-10T10:26:02.623Z,58.83
2026-08-10T10:31:00.465Z,58.73
2026-08-10T10:36:02.678Z,58.86
2026-08-10T10:41:03.565Z,58.61
2026-08-10T10:46:02.377Z,58.16
2026-08-10T10:51:02.368Z,57.87
2026-08-10T10:56:03.122Z,57.49
2026-08-10T11:01:00.441Z,57.87
2026-08-10T11:06:00.421Z,58.41
2026-08-10T11:11:02.544Z,60.64
2026-08-10T11:16:02.625Z,59.59
2026-08-10T11:21:02.478Z,59.94
2026-08-10T11:26:02.374Z,59.75
2026-08-10T11:31:02.59Z,60.33
2026-08-10T11:36:02.663Z,58.67
2026-08-10T11:41:04.173Z,59.28
2026-08-10T11:46:02.554Z,59.72
2026-08-10T11:51:02.558Z,58.03
2026-08-10T11:56:02.44Z,59.34
2026-08-10T12:01:03.059Z,58.41
2026-08-10T12:06:00.36Z,59.11
2026-08-10T12:11:00.311Z,58.54
2026-08-10T12:16:02.541Z,58.93
2026-08-10T12:21:02.306Z,58.45
2026-08-10T12:26:04.438Z,59.5
2026-08-10T12:31:00.414Z,59.62
2026-08-10T12:36:02.561Z,59.21
2026-08-10T12:41:02.714Z,59.21
2026-08-10T12:46:01.294Z,59.21
2026-08-10T12:51:00.484Z,60.16
2026-08-10T12:56:00.263Z,58.86
2026-08-10T13:01:02.654Z,59.75
2026-08-10T13:06:02.462Z,59.91
2026-08-10T13:11:02.919Z,58.61
2026-08-10T13:16:02.328Z,58.8
2026-08-10T13:21:00.355Z,58.76
2026-08-10T13:26:00.249Z,59.37
2026-08-10T13:31:02.351Z,59.5
2026-08-10T13:36:02.359Z,60.48
2026-08-10T13:41:00.352Z,61.15
2026-08-10T13:46:02.604Z,59.72
2026-08-10T13:51:02.686Z,59.43
2026-08-10T13:56:01.133Z,59.81
2026-08-10T14:01:01.4Z,60.04
2026-08-10T14:06:03.236Z,59.94
2026-08-10T14:11:02.262Z,60.48
2026-08-10T14:16:02.579Z,61.37
2026-08-10T14:21:02.296Z,61.57
2026-08-10T14:26:00.464Z,61.92
2026-08-10T14:31:00.301Z,62.33
2026-08-10T14:36:02.567Z,62.77
2026-08-10T14:41:02.379Z,63.48
2026-08-10T14:46:02.357Z,64.08
2026-08-10T14:51:02.428Z,64.17
2026-08-10T14:56:02.52Z,64.46
2026-08-10T15:01:02.449Z,65.19
2026-08-10T15:06:02.687Z,65.13
2026-08-10T15:11:03.473Z,54.18
2026-08-10T15:16:03.499Z,61.5
2026-08-10T15:21:02.564Z,65.67
2026-08-10T15:26:02.504Z,66.06
2026-08-10T15:31:00.239Z,63.6
2026-08-10T15:36:02.409Z,63.89
2026-08-10T15:41:02.29Z,64.87
2026-08-10T15:46:00.287Z,67.61
2026-08-10T15:51:02.764Z,71.53
2026-08-10T15:56:02.471Z,70.32
2026-08-10T16:01:02.467Z,69.3
2026-08-10T16:06:02.072Z,71.43
2026-08-10T16:11:00.393Z,70.44
2026-08-10T16:16:02.389Z,70.7
2026-08-10T16:21:02.8Z,72.22
2026-08-10T16:26:02.45Z,71.97
2026-08-10T16:31:02.569Z,70.61
2026-08-10T16:36:02.388Z,69.65
2026-08-10T16:41:03.701Z,69.77
2026-08-10T16:46:02.611Z,69.3
2026-08-10T16:51:02.603Z,65.86
2026-08-10T16:56:02.742Z,64.3
2026-08-10T17:01:02.542Z,65.51
2026-08-10T17:06:02.642Z,67.49
2026-08-10T17:11:01.078Z,67.93
2026-08-10T17:16:02.385Z,69.87
2026-08-10T17:21:00.408Z,70.35
2026-08-10T17:26:00.359Z,68.25
2026-08-10T17:31:02.503Z,68.09
2026-08-10T17:36:02.342Z,68.6
2026-08-10T17:41:00.403Z,71.43
2026-08-10T17:46:02.299Z,70.82
2026-08-10T17:51:00.333Z,71.08
2026-08-10T17:56:02.538Z,71.97
2026-08-10T18:01:03.492Z,71.84
2026-08-10T18:06:00.247Z,72.8
2026-08-10T18:11:02.813Z,72.93
2026-08-10T18:16:02.947Z,74.71
2026-08-10T18:21:00.329Z,74.96
2026-08-10T18:26:00.334Z,75.0
2026-08-10T18:31:02.466Z,74.84
2026-08-10T18:36:02.532Z,73.5
2026-08-10T18:41:01.567Z,74.08
2026-08-10T18:46:02.848Z,73.59
2026-08-10T18:51:00.369Z,73.5
2026-08-10T18:56:02.616Z,72.51
2026-08-10T19:01:02.458Z,72.45
2026-08-10T19:06:02.431Z,72.22
2026-08-10T19:11:02.617Z,71.72
2026-08-10T19:16:02.422Z,71.62
2026-08-10T19:21:00.388Z,71.56
2026-08-10T19:26:03.022Z,71.97
2026-08-10T19:31:02.239Z,72.96
2026-08-10T19:36:02.529Z,72.45
2026-08-10T19:41:02.362Z,73.06
2026-08-10T19:46:02.636Z,73.91
2026-08-10T19:51:02.562Z,74.52
2026-08-10T19:56:00.428Z,74.74
2026-08-10T20:01:02.567Z,74.2
2026-08-10T20:06:02.438Z,73.06
2026-08-10T20:11:02.4Z,72.71
2026-08-10T20:16:02.567Z,72.68
2026-08-10T20:21:02.407Z,72.32
2026-08-10T20:26:02.66Z,71.87
2026-08-10T20:31:02.265Z,71.56
2026-08-10T20:36:02.703Z,71.49
2026-08-10T20:41:02.381Z,71.24
2026-08-10T20:46:02.236Z,71.37
2026-08-10T20:51:02.55Z,70.99
2026-08-10T20:56:02.352Z,71.4
2026-08-10T21:01:02.643Z,71.14
2026-08-10T21:06:02.369Z,71.31
2026-08-10T21:11:00.361Z,71.78
2026-08-10T21:16:02.611Z,71.69
2026-08-10T21:21:00.343Z,72.26
2026-08-10T21:26:00.463Z,72.74
2026-08-10T21:31:02.414Z,73.06
2026-08-10T21:36:00.667Z,73.94
2026-08-10T21:41:02.453Z,74.78
2026-08-10T21:46:02.3Z,74.71
2026-08-10T21:51:00.444Z,74.52
2026-08-10T21:56:03.823Z,74.2
2026-08-10T22:01:02.357Z,73.85
2026-08-10T22:06:00.225Z,73.37
2026-08-10T22:11:02.459Z,73.72
2026-08-10T22:16:00.36Z,73.72
2026-08-10T22:21:02.536Z,73.85
2026-08-10T22:26:00.344Z,73.76
2026-08-10T22:31:01.551Z,73.88
2026-08-10T22:36:02.226Z,73.53
2026-08-10T22:41:00.27Z,73.66
2026-08-10T22:46:01.221Z,73.82
2026-08-10T22:51:02.89Z,74.23
2026-08-10T22:56:05.032Z,74.61
2026-08-10T23:01:02.691Z,74.68
2026-08-10T23:06:02.759Z,74.78
2026-08-10T23:11:00.386Z,74.84
2026-08-10T23:16:02.542Z,75.16
2026-08-10T23:21:00.227Z,74.74
2026-08-10T23:26:00.26Z,74.58
2026-08-10T23:31:02.347Z,74.36
2026-08-10T23:36:00.378Z,74.46
2026-08-10T23:41:03.465Z,74.23
2026-08-10T23:46:02.446Z,74.2
2026-08-10T23:51:03.684Z,74.11
2026-08-10T23:56:02.527Z,74.11
2026-08-11T00:01:04.17Z,73.88
2026-08-11T00:06:00.225Z,73.41
2026-08-11T00:11:02.315Z,73.66
2026-08-11T00:16:00.821Z,74.23
2026-08-11T00:21:02.517Z,74.9
2026-08-11T00:26:00.222Z,75.09
2026-08-11T00:31:02.329Z,75.57
2026-08-11T00:36:01.956Z,75.89
2026-08-11T00:41:02.364Z,75.95
2026-08-11T00:46:03.244Z,76.05
2026-08-11T00:51:02.293Z,76.05
2026-08-11T00:56:02.735Z,76.43
2026-08-11T01:01:02.391Z,76.43
2026-08-11T01:06:00.262Z,76.36
2026-08-11T01:11:02.488Z,76.43
2026-08-11T01:16:02.469Z,76.65
2026-08-11T01:21:02.535Z,76.68
2026-08-11T01:26:02.256Z,76.68
2026-08-11T01:31:00.497Z,76.68
2026-08-11T01:36:02.451Z,76.33
2026-08-11T01:41:00.362Z,76.43
2026-08-11T01:46:02.483Z,76.53
2026-08-11T01:51:02.499Z,77.32
2026-08-11T01:56:02.658Z,76.91
2026-08-11T02:01:02.319Z,76.65
2026-08-11T02:06:01.419Z,76.43
2026-08-11T02:11:02.628Z,76.05
2026-08-11T02:16:00.338Z,75.82
2026-08-11T02:21:01.483Z,75.12
2026-08-11T02:26:00.243Z,74.49
2026-08-11T02:31:02.287Z,74.23
2026-08-11T02:36:02.197Z,74.33
2026-08-11T02:41:02.517Z,74.17
2026-08-11T02:46:00.758Z,74.26
2026-08-11T02:51:02.46Z,74.39
2026-08-11T02:56:02.478Z,74.52
2026-08-11T03:01:02.56Z,74.52
2026-08-11T03:06:02.467Z,74.46
2026-08-11T03:11:00.29Z,74.52
2026-08-11T03:16:02.543Z,74.71
2026-08-11T03:21:02.379Z,74.81
2026-08-11T03:26:00.371Z,75.09
2026-08-11T03:31:00.206Z,75.41
2026-08-11T03:36:02.445Z,75.89
2026-08-11T03:41:02.387Z,76.01
2026-08-11T03:46:00.311Z,75.89
2026-08-11T03:51:02.456Z,76.01
2026-08-11T03:56:02.493Z,76.27
2026-08-11T04:01:03.273Z,76.4
2026-08-11T04:06:02.308Z,76.59
2026-08-11T04:11:02.368Z,76.78
2026-08-11T04:16:02.671Z,76.87
2026-08-11T04:21:02.318Z,77.06
2026-08-11T04:26:00.207Z,77.7
2026-08-11T04:31:02.476Z,78.28
2026-08-11T04:36:01.367Z,78.62
2026-08-11T04:41:02.552Z,78.78
2026-08-11T04:46:02.415Z,78.62
2026-08-11T04:51:00.246Z,78.24
2026-08-11T04:56:00.266Z,77.7
2026-08-11T05:01:02.363Z,77.26
2026-08-11T05:06:00.514Z,76.78
2026-08-11T05:11:01.691Z,76.68
2026-08-11T05:16:02.446Z,77.03
2026-08-11T05:21:02.337Z,77.26
2026-08-11T05:26:01.761Z,77.19
2026-08-11T05:31:02.313Z,77.35
2026-08-11T05:36:00.375Z,77.57
2026-08-11T05:41:02.267Z,77.93
2026-08-11T05:46:02.603Z,78.28
2026-08-11T05:51:02.476Z,78.18
2026-08-11T05:56:00.354Z,78.47
2026-08-11T06:01:00.219Z,78.69
2026-08-11T06:06:00.7Z,78.75
2026-08-11T06:11:03.606Z,78.5
2026-08-11T06:16:02.389Z,78.05
2026-08-11T06:21:00.427Z,77.67
2026-08-11T06:26:02.772Z,77.57
2026-08-11T06:31:04.503Z,76.94
2026-08-11T06:36:04.991Z,76.62
2026-08-11T06:41:02.824Z,76.4
2026-08-11T06:46:02.474Z,76.4
2026-08-11T06:51:02.882Z,76.43
2026-08-11T06:56:01.145Z,76.14
2026-08-11T07:01:00.47Z,75.73
2026-08-11T07:06:02.323Z,75.19
2026-08-11T07:11:02.898Z,75.0
2026-08-11T07:16:02.417Z,74.52
2026-08-11T07:21:03.028Z,74.2
2026-08-11T07:26:01.003Z,73.18
2026-08-11T07:31:00.189Z,72.29
2026-08-11T07:36:02.464Z,71.94
2026-08-11T07:41:00.272Z,71.37
2026-08-11T07:46:00.396Z,70.92
2026-08-11T07:51:02.48Z,70.47
2026-08-11T07:56:02.446Z,70.03
2026-08-11T08:01:02.756Z,69.84
2026-08-11T08:06:01.194Z,69.65
2026-08-11T08:11:01.419Z,69.39
2026-08-11T08:16:01.217Z,68.98
2026-08-11T08:21:02.348Z,68.72
2026-08-11T08:26:02.29Z,68.31
2026-08-11T08:31:02.599Z,67.68
2026-08-11T08:36:00.271Z,68.03
2026-08-11T08:41:00.199Z,66.18
2026-08-11T08:46:02.274Z,66.06
2026-08-11T08:51:00.349Z,65.48
2026-08-11T08:56:02.6Z,64.75
2026-08-11T09:01:02.656Z,64.24
2026-08-11T09:06:02.66Z,63.44
2026-08-11T09:11:02.577Z,64.24
2026-08-11T09:16:02.403Z,63.38
2026-08-11T09:21:00.26Z,62.71
2026-08-11T09:26:02.41Z,63.0
2026-08-11T09:31:02.515Z,63.25
2026-08-11T09:36:02.441Z,63.38
2026-08-11T09:41:02.238Z,62.01
2026-08-11T09:46:00.348Z,60.87
2026-08-11T09:51:00.596Z,61.18
2026-08-11T09:56:00.365Z,60.23
2026-08-11T10:01:02.173Z,60.07
2026-08-11T10:06:02.563Z,59.05
2026-08-11T10:11:02.311Z,58.03
2026-08-11T10:16:02.341Z,58.54
2026-08-11T10:21:00.234Z,59.97
2026-08-11T10:26:02.866Z,55.33
2026-08-11T10:31:02.519Z,56.22
2026-08-11T10:36:02.397Z,56.19
2026-08-11T10:41:02.593Z,55.81
2026-08-11T10:46:00.218Z,53.86
2026-08-11T10:51:02.405Z,53.16
2026-08-11T10:56:00.406Z,52.46
2026-08-11T11:01:00.261Z,51.44
2026-08-11T11:06:00.37Z,50.59
2026-08-11T11:11:02.644Z,52.53
2026-08-11T11:16:00.267Z,50.81
2026-08-11T11:21:00.302Z,48.87
2026-08-11T11:26:02.424Z,49.79
2026-08-11T11:31:02.771Z,49.41
2026-08-11T11:36:00.239Z,48.07
2026-08-11T11:41:02.447Z,48.64
2026-08-11T11:46:00.4Z,48.87
2026-08-11T11:51:03.057Z,48.01
2026-08-11T11:56:02.368Z,48.49
2026-08-11T12:01:02.387Z,48.2
2026-08-11T12:06:02.964Z,46.8
2026-08-11T12:11:04.543Z,46.77
2026-08-11T12:16:03.283Z,47.94
2026-08-11T12:21:02.355Z,46.22
2026-08-11T12:26:00.482Z,47.72
2026-08-11T12:31:00.418Z,45.72
2026-08-11T12:36:00.315Z,45.97
2026-08-11T12:41:00.864Z,46.29
2026-08-11T12:46:00.32Z,44.95
2026-08-11T12:51:02.552Z,45.87
2026-08-11T12:56:00.304Z,45.62
2026-08-11T13:01:03.609Z,46.58
2026-08-11T13:06:02.828Z,47.21
2026-08-11T13:11:02.286Z,47.09
2026-08-11T13:16:00.357Z,44.0
2026-08-11T13:21:03.04Z,45.4
2026-08-11T13:26:02.495Z,46.29
2026-08-11T13:31:01.527Z,44.03
2026-08-11T13:36:02.505Z,44.06
2026-08-11T13:41:02.548Z,45.02
2026-08-11T13:46:02.265Z,48.39
2026-08-11T13:51:00.162Z,49.41
2026-08-11T13:56:02.501Z,48.93
2026-08-11T14:01:02.374Z,49.6
2026-08-11T14:06:02.269Z,51.03
2026-08-11T14:11:00.364Z,50.91
2026-08-11T14:16:00.358Z,50.39
2026-08-11T14:21:00.194Z,50.68
2026-08-11T14:26:02.345Z,51.61
2026-08-11T14:31:02.671Z,52.08
2026-08-11T14:36:00.889Z,53.04
2026-08-11T14:41:01.874Z,52.53
2026-08-11T14:46:02.423Z,53.48
2026-08-11T14:51:00.577Z,54.24
2026-08-11T14:56:04.265Z,54.66
2026-08-11T15:01:00.162Z,54.5
2026-08-11T15:06:00.182Z,54.24
2026-08-11T15:11:00.288Z,53.99
2026-08-11T15:16:00.194Z,53.39
2026-08-11T15:21:03.052Z,53.8
2026-08-11T15:26:00.255Z,53.04
2026-08-11T15:31:02.409Z,53.26
2026-08-11T15:36:00.294Z,52.66
2026-08-11T15:41:01.413Z,52.87
2026-08-11T15:46:02.496Z,53.29
2026-08-11T15:51:02.522Z,53.13
2026-08-11T15:56:02.442Z,52.49
2026-08-11T16:01:02.588Z,52.56
2026-08-11T16:06:00.216Z,52.94
2026-08-11T16:11:03.057Z,52.34
2026-08-11T16:16:00.453Z,53.22
2026-08-11T16:21:00.39Z,53.77
2026-08-11T16:26:01.681Z,53.45
2026-08-11T16:31:02.502Z,53.86
2026-08-11T16:36:00.766Z,54.72
2026-08-11T16:41:03.005Z,53.83
2026-08-11T16:46:00.198Z,54.66
2026-08-11T16:51:02.31Z,54.31
2026-08-11T16:56:00.399Z,54.06
2026-08-11T17:01:00.202Z,54.44
2026-08-11T17:06:02.492Z,54.66
2026-08-11T17:11:02.409Z,55.64
2026-08-11T17:16:00.179Z,55.46
2026-08-11T17:21:02.587Z,55.52
2026-08-11T17:26:02.298Z,56.16
2026-08-11T17:31:00.314Z,56.63
2026-08-11T17:36:01.632Z,56.6
2026-08-11T17:41:02.551Z,56.54
2026-08-11T17:46:02.407Z,55.67
2026-08-11T17:51:02.887Z,55.74
2026-08-11T17:56:00.312Z,55.9
2026-08-11T18:01:00.294Z,57.21
2026-08-11T18:06:02.588Z,56.69
2026-08-11T18:11:02.265Z,56.54
2026-08-11T18:16:02.312Z,57.84
2026-08-11T18:21:02.479Z,58.61
2026-08-11T18:26:00.427Z,60.04
2026-08-11T18:31:04.175Z,60.87
2026-08-11T18:36:02.536Z,61.37
2026-08-11T18:41:02.522Z,62.33
2026-08-11T18:46:00.202Z,62.71
2026-08-11T18:51:02.096Z,63.86
2026-08-11T18:56:00.34Z,64.84
2026-08-11T19:01:00.254Z,65.74
2026-08-11T19:06:00.185Z,66.66
2026-08-11T19:11:00.231Z,67.2
2026-08-11T19:16:04.163Z,67.99
2026-08-11T19:21:03.044Z,68.63
2026-08-11T19:26:00.376Z,69.33
2026-08-11T19:31:02.575Z,69.94
2026-08-11T19:36:02.823Z,70.22
2026-08-11T19:41:00.263Z,70.7
2026-08-11T19:46:02.478Z,70.89
2026-08-11T19:51:00.351Z,71.05
2026-08-11T19:56:00.179Z,71.14
2026-08-11T20:01:02.39Z,71.4
2026-08-11T20:06:02.62Z,71.72
2026-08-11T20:11:02.569Z,71.84
2026-08-11T20:16:02.409Z,71.72
2026-08-11T20:21:02.426Z,71.87
2026-08-11T20:26:00.26Z,72.04
2026-08-11T20:31:02.456Z,72.16
2026-08-11T20:36:00.366Z,72.45
2026-08-11T20:41:00.283Z,72.68
2026-08-11T20:46:00.269Z,72.89
2026-08-11T20:51:03.228Z,73.03
2026-08-11T20:56:02.463Z,73.41
2026-08-11T21:01:03.241Z,73.76
2026-08-11T21:06:02.411Z,73.88
2026-08-11T21:11:02.553Z,73.98
2026-08-11T21:16:03.834Z,74.49
2026-08-11T21:21:02.865Z,74.78
2026-08-11T21:26:00.2Z,75.03
2026-08-11T21:31:00.249Z,75.28
2026-08-11T21:36:01.257Z,75.47
2026-08-11T21:41:00.445Z,75.47
2026-08-11T21:46:00.233Z,75.54
2026-08-11T21:51:01.667Z,75.73
2026-08-11T21:56:02.354Z,75.89
2026-08-11T22:01:00.373Z,75.95
2026-08-11T22:06:02.529Z,76.08
2026-08-11T22:11:02.509Z,76.17
2026-08-11T22:16:02.508Z,76.33
2026-08-11T22:21:00.386Z,76.46
2026-08-11T22:26:02.447Z,76.53
2026-08-11T22:31:02.546Z,76.56
2026-08-11T22:36:02.534Z,76.56
2026-08-11T22:41:02.69Z,76.68
2026-08-11T22:46:02.338Z,76.65
2026-08-11T22:51:02.591Z,76.81
2026-08-11T22:56:02.414Z,77.1
2026-08-11T23:01:02.061Z,77.16
2026-08-11T23:06:05.551Z,77.26
2026-08-11T23:11:02.755Z,77.19
2026-08-11T23:16:02.646Z,77.32
2026-08-11T23:21:01.488Z,77.29
2026-08-11T23:26:00.432Z,77.61
2026-08-11T23:31:02.581Z,77.51
2026-08-11T23:36:02.461Z,77.61
2026-08-11T23:41:00.334Z,77.77
2026-08-11T23:46:02.463Z,77.7
2026-08-11T23:51:00.28Z,77.93
2026-08-11T23:56:00.276Z,78.28
2026-08-12T00:01:00.428Z,78.37
2026-08-12T00:06:02.554Z,78.05
2026-08-12T00:11:02.297Z,78.37
2026-08-12T00:16:00.22Z,78.53
2026-08-12T00:21:02.703Z,78.53
2026-08-12T00:26:02.299Z,78.34
2026-08-12T00:31:00.304Z,78.34
2026-08-12T00:36:02.905Z,78.28
2026-08-12T00:41:00.389Z,78.34
2026-08-12T00:46:00.593Z,78.05
2026-08-12T00:51:02.409Z,78.28
2026-08-12T00:56:03.227Z,78.43
2026-08-12T01:01:02.415Z,78.78
2026-08-12T01:06:02.28Z,78.82
2026-08-12T01:11:02.512Z,78.91
2026-08-12T01:16:02.356Z,78.75
2026-08-12T01:21:02.741Z,78.82
2026-08-12T01:26:00.579Z,79.01
2026-08-12T01:31:00.204Z,79.07
2026-08-12T01:36:02.418Z,79.39
2026-08-12T01:41:00.278Z,79.58
2026-08-12T01:46:02.755Z,79.61
2026-08-12T01:51:02.232Z,79.71
2026-08-12T01:56:00.25Z,79.87
2026-08-12T02:01:02.527Z,80.25
2026-08-12T02:06:02.5Z,80.73
2026-08-12T02:11:02.762Z,80.63
2026-08-12T02:16:02.493Z,80.63
2026-08-12T02:21:02.651Z,81.04
2026-08-12T02:26:02.536Z,81.46
2026-08-12T02:31:02.868Z,81.39
2026-08-12T02:36:02.517Z,81.97
2026-08-12T02:41:00.298Z,82.03
2026-08-12T02:46:03.427Z,82.38
2026-08-12T02:51:02.643Z,82.57
2026-08-12T02:56:02.52Z,82.09
2026-08-12T03:01:02.301Z,82.51
2026-08-12T03:06:00.313Z,82.32
2026-08-12T03:11:04.55Z,82.0
2026-08-12T03:16:00.737Z,81.84
2026-08-12T03:21:00.181Z,81.65
2026-08-12T03:26:00.359Z,81.36
2026-08-12T03:31:00.212Z,80.98
2026-08-12T03:36:00.251Z,81.27
2026-08-12T03:41:00.193Z,81.24
2026-08-12T03:46:00.276Z,81.11
2026-08-12T03:51:02.409Z,81.3
2026-08-12T03:56:00.378Z,81.3
2026-08-12T04:01:03.483Z,81.3
2026-08-12T04:06:03.534Z,81.74
2026-08-12T04:11:01.263Z,81.91
2026-08-12T04:16:03.118Z,82.09
2026-08-12T04:21:01.176Z,82.44
2026-08-12T04:26:03.763Z,82.44
2026-08-12T04:31:03.132Z,82.29
2026-08-12T04:36:00.933Z,82.16
2026-08-12T04:41:02.711Z,82.0
2026-08-12T04:46:02.415Z,81.81
2026-08-12T04:51:02.431Z,81.81
2026-08-12T04:56:00.214Z,82.16
2026-08-12T05:01:03.392Z,82.09
2026-08-12T05:06:02.476Z,81.94
2026-08-12T05:11:00.293Z,81.74
2026-08-12T05:16:00.289Z,81.68
2026-08-12T05:21:02.521Z,81.59
2026-08-12T05:26:03.37Z,81.52
2026-08-12T05:31:02.446Z,81.46
2026-08-12T05:36:00.305Z,81.27
2026-08-12T05:41:00.269Z,81.2
2026-08-12T05:46:02.497Z,81.14
2026-08-12T05:51:00.407Z,81.04
2026-08-12T05:56:02.556Z,80.73
2026-08-12T06:01:02.509Z,80.54
2026-08-12T06:06:02.264Z,80.34
2026-08-12T06:11:02.429Z,80.37
2026-08-12T06:16:00.201Z,80.15
2026-08-12T06:21:02.59Z,80.06
2026-08-12T06:26:02.251Z,80.03
2026-08-12T06:31:05.303Z,80.09
2026-08-12T06:36:02.434Z,80.06
2026-08-12T06:41:02.921Z,79.68
2026-08-12T06:46:02.937Z,79.93
2026-08-12T06:51:02.368Z,79.68
2026-08-12T06:56:02.539Z,79.45
2026-08-12T07:01:01.064Z,78.97
2026-08-12T07:06:01.031Z,78.75
2026-08-12T07:11:03.905Z,78.69
2026-08-12T07:16:00.277Z,77.99
2026-08-12T07:21:00.456Z,77.45
2026-08-12T07:26:00.702Z,76.97
2026-08-12T07:31:02.69Z,76.36
2026-08-12T07:36:02.479Z,75.28
2026-08-12T07:41:02.59Z,74.93
2026-08-12T07:46:02.424Z,74.2
2026-08-12T07:51:01.399Z,74.01
2026-08-12T07:56:02.378Z,72.93
2026-08-12T08:01:02.551Z,72.13
2026-08-12T08:06:03.284Z,71.78
2026-08-12T08:11:02.349Z,71.31
2026-08-12T08:16:00.285Z,70.0
2026-08-12T08:21:02.721Z,70.29
2026-08-12T08:26:00.495Z,70.51
2026-08-12T08:31:02.59Z,69.56
2026-08-12T08:36:02.606Z,69.74
2026-08-12T08:41:00.198Z,70.22
2026-08-12T08:46:02.458Z,68.31
2026-08-12T08:51:00.22Z,68.31
2026-08-12T08:56:02.524Z,68.34
2026-08-12T09:01:02.625Z,66.53
2026-08-12T09:06:00.249Z,67.96
2026-08-12T09:11:02.706Z,65.74
2026-08-12T09:16:04.064Z,66.31
2026-08-12T09:21:00.394Z,65.86
2026-08-12T09:26:02.541Z,63.64
2026-08-12T09:31:02.45Z,64.08
2026-08-12T09:36:02.366Z,63.73
2026-08-12T09:41:00.491Z,61.69
2026-08-12T09:46:02.682Z,62.11
2026-08-12T09:51:02.359Z,60.96
2026-08-12T09:56:01.69Z,61.41
2026-08-12T10:01:03.338Z,61.69
2026-08-12T10:06:03.443Z,62.65
2026-08-12T10:11:03.53Z,60.07
2026-08-12T10:16:03.232Z,60.74
2026-08-12T10:21:03.103Z,61.06
2026-08-12T10:26:03.08Z,59.62
2026-08-12T10:31:01.146Z,61.25
2026-08-12T10:36:01.29Z,61.73
2026-08-12T10:41:03.561Z,59.15
2026-08-12T10:46:00.21Z,60.77
2026-08-12T10:51:02.951Z,59.78
2026-08-12T10:56:02.784Z,59.66
2026-08-12T11:01:00.417Z,59.72
2026-08-12T11:06:02.707Z,59.4
2026-08-12T11:11:01.806Z,59.81
2026-08-12T11:16:00.545Z,58.29
2026-08-12T11:21:01.87Z,57.65
2026-08-12T11:26:02.557Z,57.56
2026-08-12T11:31:02.58Z,58.13
2026-08-12T11:36:02.604Z,56.38
2026-08-12T11:41:00.279Z,56.79
2026-08-12T11:46:00.256Z,58.8
2026-08-12T11:51:02.168Z,56.83
2026-08-12T11:56:01.064Z,55.64
2026-08-12T12:01:02.501Z,54.88
2026-08-12T12:06:02.43Z,55.87
2026-08-12T12:11:00.385Z,55.04
2026-08-12T12:16:00.407Z,55.29
2026-08-12T12:21:02.752Z,54.31
2026-08-12T12:26:04.404Z,53.32
2026-08-12T12:31:02.511Z,53.64
2026-08-12T12:36:05.506Z,54.03
2026-08-12T12:41:02.921Z,52.11
2026-08-12T12:46:02.933Z,52.81
2026-08-12T12:51:01.993Z,52.43
2026-08-12T12:56:00.645Z,53.54
2026-08-12T13:01:02.931Z,51.82
2026-08-12T13:06:02.729Z,52.72
2026-08-12T13:11:11.791Z,50.81
2026-08-12T13:16:02.564Z,52.34
2026-08-12T13:21:09.335Z,53.01
2026-08-12T13:26:02.398Z,50.74
2026-08-12T13:31:00.352Z,51.73
2026-08-12T13:36:02.38Z,51.64
2026-08-12T13:41:00.258Z,50.17
2026-08-12T13:46:00.335Z,51.38
2026-08-12T13:51:00.222Z,50.11
2026-08-12T13:56:01.82Z,50.97
2026-08-12T14:01:04.804Z,52.72
2026-08-12T14:06:05.036Z,50.14
2026-08-12T14:11:03.446Z,51.44
2026-08-12T14:16:02.356Z,50.68
2026-08-12T14:21:03.985Z,51.26
2026-08-12T14:26:00.419Z,50.94
2026-08-12T14:31:00.437Z,50.21
2026-08-12T14:36:01.958Z,52.4
2026-08-12T14:41:02.542Z,49.19
2026-08-12T14:46:02.555Z,50.14
2026-08-12T14:51:02.315Z,51.03
2026-08-12T14:56:02.49Z,51.26
2026-08-12T15:01:02.346Z,49.72
2026-08-12T15:06:02.595Z,49.12
2026-08-12T15:11:03.25Z,49.06
2026-08-12T15:16:02.434Z,50.11
2026-08-12T15:21:02.296Z,50.81
2026-08-12T15:26:00.933Z,50.91
2026-08-12T15:31:02.627Z,51.09
2026-08-12T15:36:00.186Z,50.88
2026-08-12T15:41:02.309Z,51.26
2026-08-12T15:46:00.271Z,52.62
2026-08-12T15:51:01.285Z,52.91
2026-08-12T15:56:02.553Z,52.4
2026-08-12T16:01:01.665Z,52.21
2026-08-12T16:06:01.063Z,50.46
2026-08-12T16:11:00.925Z,51.12
2026-08-12T16:16:01.039Z,51.47
2026-08-12T16:21:01.354Z,50.27
2026-08-12T16:26:03.532Z,51.7
2026-08-12T16:31:00.333Z,49.72
2026-08-12T16:36:00.34Z,50.17
2026-08-12T16:41:00.171Z,50.14
2026-08-12T16:46:03.042Z,53.13
2026-08-12T16:51:02.509Z,52.34
2026-08-12T16:56:02.646Z,55.67
2026-08-12T17:01:02.418Z,56.51
2026-08-12T17:06:02.345Z,55.71
2026-08-12T17:11:02.454Z,56.79
2026-08-12T17:16:02.361Z,58.38
2026-08-12T17:21:00.213Z,57.94
2026-08-12T17:26:02.753Z,57.56
2026-08-12T17:31:00.254Z,58.19
2026-08-12T17:36:02.408Z,59.18
2026-08-12T17:41:01.196Z,58.41
2026-08-12T17:46:00.555Z,59.34
2026-08-12T17:51:01.812Z,59.18
2026-08-12T17:56:02.526Z,59.62
2026-08-12T18:01:02.441Z,60.13
2026-08-12T18:06:02.242Z,60.8
2026-08-12T18:11:00.316Z,60.96
2026-08-12T18:16:02.625Z,61.22
2026-08-12T18:21:01.258Z,61.22
2026-08-12T18:26:02.353Z,61.31
2026-08-12T18:31:02.251Z,61.34
2026-08-12T18:36:00.283Z,61.57
2026-08-12T18:41:02.374Z,61.79
2026-08-12T18:46:00.373Z,61.63
2026-08-12T18:51:00.647Z,61.92
2026-08-12T18:56:00.472Z,62.23
2026-08-12T19:01:02.411Z,62.65
2026-08-12T19:06:02.796Z,63.51
2026-08-12T19:11:02.647Z,64.24
2026-08-12T19:16:00.22Z,65.04
2026-08-12T19:21:00.251Z,65.96
2026-08-12T19:26:00.201Z,66.44
2026-08-12T19:31:00.265Z,67.14
2026-08-12T19:36:00.355Z,67.64
2026-08-12T19:41:04.631Z,68.54
2026-08-12T19:46:00.219Z,69.33
2026-08-12T19:51:02.416Z,70.12
2026-08-12T19:56:00.7Z,70.92
2026-08-12T20:01:02.477Z,71.78
2026-08-12T20:06:02.462Z,72.39
2026-08-12T20:11:02.368Z,72.93
2026-08-12T20:16:02.663Z,73.69
2026-08-12T20:21:02.379Z,74.14
2026-08-12T20:26:02.55Z,74.26
2026-08-12T20:31:00.231Z,74.61
2026-08-12T20:36:02.33Z,74.74
2026-08-12T20:41:00.38Z,75.09
2026-08-12T20:46:02.467Z,75.41
2026-08-12T20:51:02.814Z,75.79
2026-08-12T20:56:02.087Z,76.11
2026-08-12T21:01:02.459Z,76.3
2026-08-12T21:06:02.434Z,76.43
2026-08-12T21:11:00.208Z,76.53
2026-08-12T21:16:02.7Z,76.71
2026-08-12T21:21:00.302Z,76.84
2026-08-12T21:26:02.466Z,76.81
2026-08-12T21:31:00.523Z,77.03
2026-08-12T21:36:02.78Z,77.06
2026-08-12T21:41:02.482Z,77.29
2026-08-12T21:46:00.586Z,77.38
2026-08-12T21:51:00.276Z,77.7
2026-08-12T21:56:02.813Z,78.02
2026-08-12T22:01:01.926Z,78.37
2026-08-12T22:06:01.155Z,78.31
2026-08-12T22:11:03.052Z,78.66
2026-08-12T22:16:00.971Z,78.72
2026-08-12T22:21:00.234Z,78.91
2026-08-12T22:26:02.284Z,79.1
2026-08-12T22:31:00.377Z,79.2
2026-08-12T22:36:00.179Z,79.61
2026-08-12T22:41:00.143Z,79.84
2026-08-12T22:46:00.183Z,80.44
2026-08-12T22:51:03.285Z,80.44
2026-08-12T22:56:00.318Z,80.22
2026-08-12T23:01:00.282Z,80.12
2026-08-12T23:06:02.589Z,80.57
2026-08-12T23:11:02.357Z,80.54
2026-08-12T23:16:00.523Z,80.76
2026-08-12T23:21:00.211Z,81.14
2026-08-12T23:26:02.363Z,81.14
2026-08-12T23:31:00.48Z,81.24
2026-08-12T23:36:01.146Z,81.27
2026-08-12T23:41:01.919Z,81.33
2026-08-12T23:46:02.485Z,81.46
2026-08-12T23:51:03.653Z,81.74
2026-08-12T23:56:00.336Z,82.0
2026-08-13T00:01:00.214Z,82.29
2026-08-13T00:06:00.238Z,82.29
2026-08-13T00:11:02.493Z,82.7
2026-08-13T00:16:02.515Z,82.92
2026-08-13T00:21:02.378Z,82.96
2026-08-13T00:26:00.144Z,83.05
2026-08-13T00:31:00.28Z,82.86
2026-08-13T00:36:02.621Z,82.67
2026-08-13T00:41:00.508Z,82.47
2026-08-13T00:46:02.695Z,82.26
2026-08-13T00:51:02.346Z,82.12
2026-08-13T00:56:00.368Z,82.22
2026-08-13T01:01:02.523Z,82.12
2026-08-13T01:06:01.535Z,82.12
2026-08-13T01:11:02.392Z,82.26
2026-08-13T01:16:00.883Z,82.7
2026-08-13T01:21:00.268Z,82.7
2026-08-13T01:26:00.165Z,82.96
2026-08-13T01:31:02.453Z,83.37
2026-08-13T01:36:00.167Z,83.14
2026-08-13T01:41:00.227Z,83.17
2026-08-13T01:46:00.316Z,83.05
2026-08-13T01:51:02.498Z,82.96
2026-08-13T01:56:02.354Z,83.08
2026-08-13T02:01:00.164Z,83.53
2026-08-13T02:06:02.538Z,83.72
2026-08-13T02:11:00.228Z,83.62
2026-08-13T02:16:02.501Z,83.91
2026-08-13T02:21:02.251Z,84.07
2026-08-13T02:26:00.224Z,84.1
2026-08-13T02:31:00.185Z,84.01
2026-08-13T02:36:04.148Z,84.04
2026-08-13T02:41:00.318Z,83.81
2026-08-13T02:46:00.45Z,84.1
2026-08-13T02:51:02.748Z,84.26
2026-08-13T02:56:02.324Z,84.26
2026-08-13T03:01:00.25Z,84.1
2026-08-13T03:06:00.171Z,83.02
2026-08-13T03:11:02.084Z,83.27
2026-08-13T03:16:02.348Z,83.21
2026-08-13T03:21:00.242Z,82.76
2026-08-13T03:26:00.312Z,82.61
2026-08-13T03:31:00.144Z,82.51
2026-08-13T03:36:00.202Z,82.51
2026-08-13T03:41:01.02Z,82.41
2026-08-13T03:46:02.277Z,82.35
2026-08-13T03:51:01.431Z,82.44
2026-08-13T03:56:04.649Z,82.64
2026-08-13T04:01:00.902Z,82.89
2026-08-13T04:06:03.162Z,82.76
2026-08-13T04:11:03.391Z,82.79
2026-08-13T04:16:02.426Z,82.96
2026-08-13T04:21:00.229Z,82.82
2026-08-13T04:26:03.19Z,82.96
2026-08-13T04:31:02.475Z,83.14
2026-08-13T04:36:00.819Z,83.46
2026-08-13T04:41:02.54Z,83.66
2026-08-13T04:46:00.229Z,83.56
2026-08-13T04:51:02.431Z,83.27
2026-08-13T04:56:02.356Z,82.82
2026-08-13T05:01:01.268Z,82.03
2026-08-13T05:06:02.957Z,79.64
2026-08-13T05:11:00.198Z,79.2
2026-08-13T05:16:02.375Z,78.97
2026-08-13T05:21:02.506Z,78.72
2026-08-13T05:26:00.182Z,78.28
2026-08-13T05:31:00.271Z,77.83
2026-08-13T05:36:00.168Z,77.42
2026-08-13T05:41:02.307Z,77.61
2026-08-13T05:46:00.274Z,78.24
2026-08-13T05:51:00.966Z,78.69
2026-08-13T05:56:02.813Z,79.36
2026-08-13T06:01:02.521Z,79.23
2026-08-13T06:06:00.279Z,79.64
2026-08-13T06:11:00.195Z,79.45
2026-08-13T06:16:02.286Z,79.07
2026-08-13T06:21:05.512Z,77.77
2026-08-13T06:26:02.491Z,77.0
2026-08-13T06:31:00.305Z,76.65
2026-08-13T06:36:02.356Z,76.68
2026-08-13T06:41:02.379Z,77.99
2026-08-13T06:46:02.246Z,77.99
2026-08-13T06:51:02.269Z,77.89
2026-08-13T06:56:02.177Z,77.67
2026-08-13T07:01:00.263Z,77.1
2026-08-13T07:06:00.323Z,78.02
2026-08-13T07:11:00.387Z,78.85
2026-08-13T07:16:02.533Z,79.1
2026-08-13T07:21:03.482Z,78.88
2026-08-13T07:26:01.23Z,78.15
2026-08-13T07:31:00.261Z,77.35
2026-08-13T07:36:00.147Z,76.78
2026-08-13T07:41:02.736Z,76.68
2026-08-13T07:46:02.512Z,76.65
2026-08-13T07:51:02.336Z,75.89
2026-08-13T07:56:00.379Z,74.74
2026-08-13T08:01:00.704Z,73.63
2026-08-13T08:06:02.355Z,73.59
2026-08-13T08:11:00.167Z,72.64
2026-08-13T08:16:00.264Z,72.04
2026-08-13T08:21:00.178Z,71.53
2026-08-13T08:26:02.368Z,71.4
2026-08-13T08:31:02.417Z,70.29
2026-08-13T08:36:00.197Z,69.59
2026-08-13T08:41:00.307Z,68.28
2026-08-13T08:46:00.169Z,64.46
2026-08-13T08:51:02.481Z,64.17
2026-08-13T08:56:00.275Z,62.3
2026-08-13T09:01:00.347Z,62.65
2026-08-13T09:06:02.583Z,61.5
2026-08-13T09:11:02.374Z,61.18
2026-08-13T09:16:00.166Z,59.78
2026-08-13T09:21:00.595Z,57.01
2026-08-13T09:26:00.139Z,55.52
2026-08-13T09:31:02.449Z,56.12
2026-08-13T09:36:02.332Z,51.44
2026-08-13T09:41:00.253Z,50.84
2026-08-13T09:46:02.663Z,49.31
2026-08-13T09:51:02.575Z,51.54
2026-08-13T09:56:00.369Z,50.49
2026-08-13T10:01:01.025Z,52.62
2026-08-13T10:06:01.081Z,49.57
2026-08-13T10:11:01.39Z,52.24
2026-08-13T10:16:00.228Z,49.06
2026-08-13T10:21:00.269Z,47.56
2026-08-13T10:26:02.539Z,49.28
2026-08-13T10:31:02.984Z,47.53
2026-08-13T10:36:02.575Z,45.97
2026-08-13T10:41:02.444Z,44.89
2026-08-13T10:46:00.367Z,45.75
2026-08-13T10:51:02.353Z,44.25
2026-08-13T10:56:00.753Z,45.97
2026-08-13T11:01:01.155Z,47.94
2026-08-13T11:06:00.263Z,47.05
2026-08-13T11:11:01.216Z,46.22
2026-08-13T11:16:02.62Z,46.16
2026-08-13T11:21:02.512Z,50.08
2026-08-13T11:26:02.351Z,49.63
2026-08-13T11:31:02.553Z,46.48
2026-08-13T11:36:00.216Z,49.95
2026-08-13T11:41:00.339Z,48.55
2026-08-13T11:46:02.401Z,49.02
2026-08-13T11:51:00.145Z,47.98
2026-08-13T11:56:00.151Z,48.49
2026-08-13T12:01:02.371Z,48.58
2026-08-13T12:06:02.396Z,46.26
2026-08-13T12:11:00.144Z,46.42
2026-08-13T12:16:00.201Z,46.45
2026-08-13T12:21:00.173Z,46.04
2026-08-13T12:26:02.392Z,44.12
2026-08-13T12:31:02.543Z,43.71
2026-08-13T12:36:02.076Z,42.34
2026-08-13T12:41:01.935Z,42.21
2026-08-13T12:46:00.958Z,40.62
2026-08-13T12:51:00.301Z,41.77
2026-08-13T12:56:00.357Z,40.88
2026-08-13T13:01:00.868Z,39.83
2026-08-13T13:06:00.222Z,39.92
2026-08-13T13:11:02.609Z,38.91
2026-08-13T13:16:01.337Z,40.05
2026-08-13T13:21:00.298Z,40.02
2026-08-13T13:26:00.277Z,40.08
2026-08-13T13:31:03.29Z,39.96
2026-08-13T13:36:02.479Z,39.7
2026-08-13T13:41:00.232Z,37.76
2026-08-13T13:46:00.225Z,38.39
2026-08-13T13:51:02.559Z,38.01
2026-08-13T13:56:01.724Z,38.49
2026-08-13T14:01:05.017Z,38.33
2026-08-13T14:06:02.406Z,38.01
2026-08-13T14:11:00.388Z,37.51
2026-08-13T14:16:00.179Z,37.79
2026-08-13T14:21:02.662Z,38.27
2026-08-13T14:26:02.506Z,37.37
2026-08-13T14:31:02.553Z,37.06
2026-08-13T14:36:00.198Z,37.92
2026-08-13T14:41:02.423Z,38.49
2026-08-13T14:46:02.42Z,38.81
2026-08-13T14:51:02.327Z,38.68
2026-08-13T14:56:02.492Z,37.98
2026-08-13T15:01:00.225Z,37.69
2026-08-13T15:06:02.481Z,38.68
2026-08-13T15:11:00.153Z,38.97
2026-08-13T15:16:00.574Z,37.89
2026-08-13T15:21:02.579Z,36.74
2026-08-13T15:26:02.561Z,37.34
2026-08-13T15:31:03.337Z,37.79
2026-08-13T15:36:00.156Z,37.12
2026-08-13T15:41:00.283Z,38.27
2026-08-13T15:46:01.17Z,38.39
2026-08-13T15:51:02.609Z,39.03
2026-08-13T15:56:02.351Z,38.62
2026-08-13T16:01:00.204Z,39.41
2026-08-13T16:06:02.537Z,38.84
2026-08-13T16:11:02.511Z,39.54
2026-08-13T16:16:00.233Z,39.67
2026-08-13T16:21:00.185Z,40.21
2026-08-13T16:26:02.546Z,39.67
2026-08-13T16:31:00.231Z,40.18
2026-08-13T16:36:02.476Z,40.78
2026-08-13T16:41:02.992Z,40.18
2026-08-13T16:46:02.671Z,40.94
2026-08-13T16:51:02.387Z,41.04
2026-08-13T16:56:03.019Z,41.04
2026-08-13T17:01:00.136Z,41.58
2026-08-13T17:06:00.974Z,42.21
2026-08-13T17:11:00.371Z,44.16
2026-08-13T17:16:00.24Z,45.62
2026-08-13T17:21:00.192Z,46.42
2026-08-13T17:26:02.682Z,46.51
2026-08-13T17:31:02.546Z,47.5
2026-08-13T17:36:00.518Z,47.75
2026-08-13T17:41:02.355Z,48.17
2026-08-13T17:46:01.413Z,48.9
2026-08-13T17:51:02.307Z,50.17
2026-08-13T17:56:00.715Z,50.39
2026-08-13T18:01:00.268Z,50.94
2026-08-13T18:06:02.52Z,52.34
2026-08-13T18:11:02.575Z,53.54
2026-08-13T18:16:02.911Z,53.77
2026-08-13T18:21:00.166Z,54.18
2026-08-13T18:26:01.575Z,54.53
2026-08-13T18:31:02.409Z,54.79
2026-08-13T18:36:00.313Z,55.17
2026-08-13T18:41:02.205Z,55.67
2026-08-13T18:46:02.517Z,55.93
2026-08-13T18:51:00.346Z,56.28
2026-08-13T18:56:03.29Z,56.73
2026-08-13T19:01:00.17Z,57.49
2026-08-13T19:06:02.338Z,57.78
2026-08-13T19:11:00.153Z,58.99
2026-08-13T19:16:00.214Z,59.72
2026-08-13T19:21:02.727Z,60.13
2026-08-13T19:26:04.054Z,60.42
2026-08-13T19:31:02.547Z,60.68
2026-08-13T19:36:02.32Z,61.09
2026-08-13T19:41:02.243Z,62.23
2026-08-13T19:46:02.46Z,63.67
2026-08-13T19:51:00.444Z,64.17
2026-08-13T19:56:00.258Z,64.81
2026-08-13T20:01:00.205Z,65.64
2026-08-13T20:06:02.581Z,65.71
2026-08-13T20:11:02.281Z,66.31
2026-08-13T20:16:02.319Z,66.97
2026-08-13T20:21:00.831Z,67.43
2026-08-13T20:26:02.613Z,67.52
2026-08-13T20:31:02.393Z,67.55
2026-08-13T20:36:00.203Z,67.46
2026-08-13T20:41:00.164Z,67.74
2026-08-13T20:46:00.373Z,67.99
2026-08-13T20:51:00.286Z,67.55
2026-08-13T20:56:02.396Z,66.88
2026-08-13T21:01:00.206Z,66.5
2026-08-13T21:06:00.133Z,65.26
2026-08-13T21:11:00.325Z,64.17
2026-08-13T21:16:02.65Z,63.89
2026-08-13T21:21:02.54Z,63.67
2026-08-13T21:26:02.323Z,63.29
2026-08-13T21:31:00.261Z,62.39
2026-08-13T21:36:02.384Z,61.18
2026-08-13T21:41:03.833Z,60.8
2026-08-13T21:46:00.258Z,59.94
2026-08-13T21:51:01.004Z,59.75
2026-08-13T21:56:00.164Z,59.97
2026-08-13T22:01:00.13Z,60.29
2026-08-13T22:06:00.594Z,61.15
2026-08-13T22:11:00.155Z,62.39
2026-08-13T22:16:00.232Z,65.42
2026-08-13T22:21:02.386Z,67.01
2026-08-13T22:26:02.349Z,68.19
2026-08-13T22:31:00.338Z,70.0
2026-08-13T22:36:01.003Z,71.14
2026-08-13T22:41:00.243Z,71.59
2026-08-13T22:46:02.286Z,72.39
2026-08-13T22:51:00.503Z,72.32
2026-08-13T22:56:00.205Z,72.32
2026-08-13T23:01:02.383Z,72.54
2026-08-13T23:06:02.393Z,72.07
2026-08-13T23:11:00.183Z,72.48
2026-08-13T23:16:02.587Z,73.12
2026-08-13T23:21:02.341Z,73.12
2026-08-13T23:26:00.288Z,73.5
2026-08-13T23:31:00.212Z,74.2
2026-08-13T23:36:02.423Z,74.9
2026-08-13T23:41:02.479Z,75.25
2026-08-13T23:46:00.563Z,75.38
2026-08-13T23:51:02.59Z,75.57
2026-08-13T23:56:02.428Z,76.43
2026-08-14T00:01:00.43Z,76.81
2026-08-14T00:06:02.457Z,77.1
2026-08-14T00:11:02.334Z,77.19
2026-08-14T00:16:00.526Z,77.19
2026-08-14T00:21:00.143Z,77.48
2026-08-14T00:26:02.526Z,77.77
2026-08-14T00:31:02.399Z,77.86
2026-08-14T00:36:00.369Z,77.8
2026-08-14T00:41:02.435Z,78.02
2026-08-14T00:46:02.517Z,78.31
2026-08-14T00:51:02.606Z,78.08
2026-08-14T00:56:02.346Z,77.89
2026-08-14T01:01:01.637Z,77.57
2026-08-14T01:06:00.157Z,77.42
2026-08-14T01:11:02.416Z,77.42
2026-08-14T01:16:00.208Z,77.8
2026-08-14T01:21:00.245Z,77.86
2026-08-14T01:26:02.54Z,78.62
2026-08-14T01:31:02.363Z,78.75
2026-08-14T01:36:00.3Z,78.94
2026-08-14T01:41:00.243Z,78.62
2026-08-14T01:46:02.318Z,78.75
2026-08-14T01:51:01.698Z,78.53
2026-08-14T01:56:00.208Z,78.88
2026-08-14T02:01:02.374Z,78.94
2026-08-14T02:06:02.269Z,79.36
2026-08-14T02:11:00.244Z,79.29
2026-08-14T02:16:02.346Z,79.87
2026-08-14T02:21:02.539Z,79.68
2026-08-14T02:26:02.692Z,80.03
2026-08-14T02:31:02.413Z,80.37
2026-08-14T02:36:02.955Z,80.41
2026-08-14T02:41:00.284Z,80.5
2026-08-14T02:46:02.323Z,80.44
2026-08-14T02:51:00.972Z,80.76
2026-08-14T02:56:02.873Z,80.73
2026-08-14T03:01:00.264Z,80.76
2026-08-14T03:06:00.902Z,81.01
2026-08-14T03:11:00.894Z,81.3
2026-08-14T03:16:02.516Z,81.01
2026-08-14T03:21:00.216Z,80.6
2026-08-14T03:26:02.559Z,80.63
2026-08-14T03:31:03.228Z,80.54
2026-08-14T03:36:02.387Z,80.57
2026-08-14T03:41:00.578Z,80.92
2026-08-14T03:46:00.232Z,80.79
2026-08-14T03:51:03.287Z,80.73
2026-08-14T03:56:00.745Z,80.25
2026-08-14T04:01:02.619Z,80.57
2026-08-14T04:06:02.834Z,80.09
2026-08-14T04:11:02.245Z,79.99
2026-08-14T04:16:00.271Z,79.45
2026-08-14T04:21:02.396Z,78.08
2026-08-14T04:26:00.142Z,77.89
2026-08-14T04:31:00.177Z,77.57
2026-08-14T04:36:02.52Z,77.77
2026-08-14T04:41:01.086Z,77.57
2026-08-14T04:46:02.89Z,77.83
2026-08-14T04:51:02.274Z,77.99
2026-08-14T04:56:03.217Z,78.18
2026-08-14T05:01:00.181Z,78.02
2026-08-14T05:06:00.27Z,76.21
2026-08-14T05:11:00.2Z,76.33
2026-08-14T05:16:00.266Z,76.94
2026-08-14T05:21:02.486Z,76.97
2026-08-14T05:26:02.396Z,77.0
2026-08-14T05:31:02.309Z,77.38
2026-08-14T05:36:03.508Z,77.1
2026-08-14T05:41:00.172Z,76.71
2026-08-14T05:46:02.464Z,76.56
2026-08-14T05:51:02.314Z,75.41
2026-08-14T05:56:00.337Z,74.61
2026-08-14T06:01:00.253Z,73.53
2026-08-14T06:06:02.528Z,73.12
2026-08-14T06:11:00.476Z,73.03
2026-08-14T06:16:02.4Z,72.58
2026-08-14T06:21:00.202Z,71.72
2026-08-14T06:26:00.283Z,71.81
2026-08-14T06:31:00.215Z,71.28
2026-08-14T06:36:02.395Z,70.86
2026-08-14T06:41:00.142Z,70.29
2026-08-14T06:46:00.206Z,70.29
2026-08-14T06:51:02.558Z,69.24
2026-08-14T06:56:00.372Z,69.11
2026-08-14T07:01:02.482Z,67.93
2026-08-14T07:06:02.512Z,67.33
2026-08-14T07:11:02.51Z,66.34
2026-08-14T07:16:02.449Z,65.61
2026-08-14T07:21:02.413Z,65.07
2026-08-14T07:26:00.244Z,63.79
2026-08-14T07:31:02.527Z,64.14
2026-08-14T07:36:02.419Z,63.64
2026-08-14T07:41:02.3Z,63.64
2026-08-14T07:46:00.292Z,63.6
2026-08-14T07:51:00.137Z,64.08
2026-08-14T07:56:02.287Z,64.34
2026-08-14T08:01:02.48Z,64.24
2026-08-14T08:06:00.158Z,64.75
2026-08-14T08:11:00.182Z,64.56
2026-08-14T08:16:03.084Z,64.08
2026-08-14T08:21:02.377Z,63.57
2026-08-14T08:26:00.322Z,63.73
2026-08-14T08:31:00.487Z,63.0
2026-08-14T08:36:02.442Z,61.28
2026-08-14T08:41:02.396Z,60.2
2026-08-14T08:46:00.285Z,59.72
2026-08-14T08:51:02.615Z,58.57
2026-08-14T08:56:02.755Z,55.36
2026-08-14T09:01:00.226Z,52.87
2026-08-14T09:06:02.55Z,55.17
2026-08-14T09:11:02.534Z,52.97
2026-08-14T09:16:02.417Z,52.37
2026-08-14T09:21:02.55Z,53.32
2026-08-14T09:26:00.291Z,51.82
2026-08-14T09:31:00.503Z,51.41
2026-08-14T09:36:02.572Z,50.3
2026-08-14T09:41:02.4Z,50.94
2026-08-14T09:46:00.214Z,51.0
2026-08-14T09:51:01.042Z,50.88
2026-08-14T09:56:02.699Z,50.27
2026-08-14T10:01:02.338Z,51.64
2026-08-14T10:06:02.411Z,48.77
2026-08-14T10:11:00.362Z,48.11
2026-08-14T10:16:00.362Z,48.11
2026-08-14T10:21:02.32Z,47.15
2026-08-14T10:26:02.506Z,45.72
2026-08-14T10:31:02.384Z,45.62
2026-08-14T10:36:00.308Z,44.89
2026-08-14T10:41:06.581Z,45.75
2026-08-14T10:46:23.379Z,44.06
2026-08-14T10:51:02.566Z,43.61
2026-08-14T10:56:06.788Z,45.49
2026-08-14T11:01:21.029Z,44.35
2026-08-14T11:06:00.81Z,41.29
2026-08-14T11:11:02.568Z,41.33
2026-08-14T11:16:00.497Z,42.06
2026-08-14T11:21:02.378Z,42.44
2026-08-14T11:26:01.191Z,45.02
2026-08-14T11:31:00.161Z,42.12
2026-08-14T11:36:00.759Z,43.93
2026-08-14T11:41:00.266Z,41.33
2026-08-14T11:46:02.464Z,42.6
2026-08-14T11:51:02.485Z,39.7
2026-08-14T11:56:00.193Z,38.94
2026-08-14T12:01:02.459Z,40.43
2026-08-14T12:06:03.477Z,39.73
2026-08-14T12:11:02.483Z,39.64
2026-08-14T12:16:02.565Z,38.56
2026-08-14T12:21:02.51Z,37.66
2026-08-14T12:26:02.638Z,36.2
2026-08-14T12:31:02.303Z,35.24
2026-08-14T12:36:00.158Z,36.14
2026-08-14T12:41:00.547Z,35.59
2026-08-14T12:46:00.291Z,37.41
2026-08-14T12:51:01.679Z,35.31
2026-08-14T12:56:02.653Z,32.44
2026-08-14T13:01:00.219Z,36.9
2026-08-14T13:06:06.438Z,34.22
2026-08-14T13:11:07.165Z,33.56
2026-08-14T13:16:00.845Z,32.57
2026-08-14T13:21:00.341Z,32.67
2026-08-14T13:26:02.575Z,32.41
2026-08-14T13:31:00.241Z,32.03
2026-08-14T13:36:00.306Z,31.36
2026-08-14T13:41:00.19Z,31.81
2026-08-14T13:46:02.527Z,33.02
2026-08-14T13:51:02.469Z,33.17
2026-08-14T13:56:02.367Z,33.72
2026-08-14T14:01:00.95Z,34.54
2026-08-14T14:06:00.23Z,36.11
2026-08-14T14:11:00.165Z,35.97
2026-08-14T14:16:01.236Z,36.32
2026-08-14T14:21:00.133Z,37.37
2026-08-14T14:26:02.298Z,37.34
2026-08-14T14:31:03.094Z,38.01
2026-08-14T14:36:00.214Z,37.16
2026-08-14T14:41:01.04Z,38.91
2026-08-14T14:46:02.459Z,38.24
2026-08-14T14:51:02.41Z,39.19
2026-08-14T14:56:02.699Z,40.11
2026-08-14T15:01:00.121Z,39.86
2026-08-14T15:06:02.432Z,41.07
2026-08-14T15:11:00.321Z,41.96
2026-08-14T15:16:00.554Z,41.54
2026-08-14T15:21:02.775Z,41.74
2026-08-14T15:26:02.323Z,42.6
2026-08-14T15:31:01.297Z,43.84
2026-08-14T15:36:00.181Z,42.56
2026-08-14T15:41:02.346Z,42.25
2026-08-14T15:46:00.268Z,42.21
2026-08-14T15:51:00.142Z,42.95
2026-08-14T15:56:04.809Z,42.47
2026-08-14T16:01:02.724Z,41.8
2026-08-14T16:06:00.137Z,42.63
2026-08-14T16:11:00.375Z,42.63
2026-08-14T16:16:00.34Z,43.36
2026-08-14T16:21:00.164Z,43.3
2026-08-14T16:26:01.82Z,44.76
2026-08-14T16:31:00.142Z,44.98
2026-08-14T16:36:00.283Z,45.24
2026-08-14T16:41:00.217Z,44.7
2026-08-14T16:46:02.561Z,44.25
2026-08-14T16:51:02.493Z,44.35
2026-08-14T16:56:00.148Z,44.0
2026-08-14T17:01:00.212Z,44.92
2026-08-14T17:06:02.646Z,44.98
2026-08-14T17:11:02.468Z,44.67
2026-08-14T17:16:00.272Z,47.02
2026-08-14T17:21:00.383Z,48.29
2026-08-14T17:26:01.541Z,48.84
2026-08-14T17:31:02.402Z,48.96
2026-08-14T17:36:00.37Z,49.98
2026-08-14T17:41:02.389Z,50.49
2026-08-14T17:46:00.254Z,51.41
2026-08-14T17:51:00.195Z,52.37
2026-08-14T17:56:00.211Z,53.04
2026-08-14T18:01:02.392Z,53.8
2026-08-14T18:06:02.665Z,54.59
2026-08-14T18:11:00.226Z,55.33
2026-08-14T18:16:02.63Z,55.93
2026-08-14T18:21:04.249Z,57.36
2026-08-14T18:26:02.452Z,58.48
2026-08-14T18:31:02.343Z,59.18
2026-08-14T18:36:02.399Z,60.45
2026-08-14T18:41:00.381Z,61.03
2026-08-14T18:46:01.838Z,61.95
2026-08-14T18:51:00.564Z,63.19
2026-08-14T18:56:00.7Z,64.24
2026-08-14T19:01:00.295Z,64.75
2026-08-14T19:06:02.449Z,65.39
2026-08-14T19:11:01.689Z,65.96
2026-08-14T19:16:01.844Z,66.31
2026-08-14T19:21:02.376Z,66.62
2026-08-14T19:26:01.664Z,67.2
2026-08-14T19:31:01.667Z,68.28
2026-08-14T19:36:02.419Z,69.11
2026-08-14T19:41:00.166Z,69.68
2026-08-14T19:46:03.186Z,70.51
2026-08-14T19:51:00.359Z,71.05
2026-08-14T19:56:02.395Z,71.62
2026-08-14T20:01:00.348Z,72.54
2026-08-14T20:06:00.317Z,73.37
2026-08-14T20:11:01.849Z,73.66
2026-08-14T20:16:02.322Z,74.11
2026-08-14T20:21:02.47Z,74.11
2026-08-14T20:26:00.21Z,74.58
2026-08-14T20:31:00.137Z,74.81
2026-08-14T20:36:01.404Z,75.0
2026-08-14T20:41:02.392Z,75.19
2026-08-14T20:46:00.127Z,75.38
2026-08-14T20:51:00.302Z,75.7
2026-08-14T20:56:00.15Z,75.86
2026-08-14T21:01:04.563Z,76.14
2026-08-14T21:06:02.218Z,76.05
2026-08-14T21:11:02.486Z,76.33
2026-08-14T21:16:02.57Z,76.65
2026-08-14T21:21:00.337Z,76.87
2026-08-14T21:26:02.576Z,77.1
2026-08-14T21:31:02.314Z,77.16
2026-08-14T21:36:00.202Z,77.35
2026-08-14T21:41:00.266Z,77.54
2026-08-14T21:46:02.53Z,77.8
2026-08-14T21:51:02.363Z,78.15
2026-08-14T21:56:02.228Z,78.53
2026-08-14T22:01:02.554Z,78.69
2026-08-14T22:06:00.304Z,78.97
2026-08-14T22:11:04.144Z,79.04
2026-08-14T22:16:02.377Z,79.39
2026-08-14T22:21:02.729Z,79.29
2026-08-14T22:26:02.33Z,79.58
2026-08-14T22:31:00.322Z,79.71
2026-08-14T22:36:00.23Z,79.87
2026-08-14T22:41:00.18Z,80.22
2026-08-14T22:46:02.345Z,80.41
2026-08-14T22:51:00.263Z,80.63
2026-08-14T22:56:03.794Z,80.73
2026-08-14T23:01:00.865Z,80.57
2026-08-14T23:06:00.319Z,80.82
2026-08-14T23:11:00.147Z,80.98
2026-08-14T23:16:02.371Z,80.85
2026-08-14T23:21:00.265Z,80.79
2026-08-14T23:26:02.435Z,80.95
2026-08-14T23:31:02.574Z,80.95
2026-08-14T23:36:00.32Z,80.98
2026-08-14T23:41:01.161Z,81.43
2026-08-14T23:46:02.516Z,81.65
2026-08-14T23:51:02.426Z,81.43
2026-08-14T23:56:02.41Z,81.33
2026-08-15T00:01:00.32Z,81.56
2026-08-15T00:06:00.15Z,81.56
2026-08-15T00:11:02.452Z,81.65
2026-08-15T00:16:03.69Z,82.16
2026-08-15T00:21:01.702Z,82.35
2026-08-15T00:26:01.716Z,82.41
2026-08-15T00:31:02.713Z,82.57
2026-08-15T00:36:00.16Z,82.26
2026-08-15T00:41:05.847Z,81.91
2026-08-15T00:46:00.157Z,82.47
2026-08-15T00:51:01.499Z,82.47
2026-08-15T00:56:04.17Z,82.82
2026-08-15T01:01:03.243Z,83.4
2026-08-15T01:06:00.349Z,83.31
2026-08-15T01:11:00.205Z,83.14
2026-08-15T01:16:02.234Z,83.27
2026-08-15T01:21:00.238Z,82.92
2026-08-15T01:26:00.281Z,82.96
2026-08-15T01:31:02.426Z,82.99
2026-08-15T01:36:00.283Z,83.37
2026-08-15T01:41:00.24Z,83.37
2026-08-15T01:46:02.352Z,83.46
2026-08-15T01:51:00.365Z,83.34
2026-08-15T01:56:00.244Z,83.4
2026-08-15T02:01:02.39Z,83.46
2026-08-15T02:06:00.298Z,83.37
2026-08-15T02:11:00.157Z,83.24
2026-08-15T02:16:02.511Z,83.14
2026-08-15T02:21:00.359Z,83.11
2026-08-15T02:26:02.413Z,83.78
2026-08-15T02:31:00.304Z,83.78
2026-08-15T02:36:02.483Z,84.26
2026-08-15T02:41:00.18Z,84.42
2026-08-15T02:46:02.424Z,84.48
2026-08-15T02:51:00.117Z,84.74
2026-08-15T02:56:02.512Z,84.61
2026-08-15T03:01:02.687Z,84.8
2026-08-15T03:06:00.19Z,84.57
2026-08-15T03:11:02.326Z,85.28
2026-08-15T03:16:02.581Z,85.15
2026-08-15T03:21:00.435Z,85.15
2026-08-15T03:26:02.35Z,85.24
2026-08-15T03:31:00.331Z,86.17
2026-08-15T03:36:01.689Z,86.01
2026-08-15T03:41:02.413Z,86.23
2026-08-15T03:46:00.517Z,85.97
2026-08-15T03:51:02.999Z,86.2
2026-08-15T03:56:00.231Z,86.29
2026-08-15T04:01:00.127Z,85.97
2026-08-15T04:06:04.254Z,85.66
2026-08-15T04:11:00.31Z,85.79
2026-08-15T04:16:00.711Z,85.53
2026-08-15T04:21:00.247Z,85.59
2026-08-15T04:26:02.665Z,85.59
2026-08-15T04:31:02.477Z,85.56
2026-08-15T04:36:01.279Z,86.04
2026-08-15T04:41:02.295Z,86.64
2026-08-15T04:46:00.251Z,86.55
2026-08-15T04:51:00.181Z,86.78
2026-08-15T04:56:02.497Z,86.52
2026-08-15T05:01:00.145Z,85.91
2026-08-15T05:06:00.191Z,85.85
2026-08-15T05:11:01.153Z,85.85
2026-08-15T05:16:01.148Z,85.82
2026-08-15T05:21:02.427Z,85.59
2026-08-15T05:26:00.165Z,85.28
2026-08-15T05:31:02.798Z,85.21
2026-08-15T05:36:00.497Z,85.06
2026-08-15T05:41:02.423Z,84.96
2026-08-15T05:46:00.296Z,85.18
2026-08-15T05:51:00.233Z,85.41
2026-08-15T05:56:00.214Z,85.34
2026-08-15T06:01:03.117Z,84.93
2026-08-15T06:06:00.317Z,84.71
2026-08-15T06:11:02.472Z,84.83
2026-08-15T06:16:00.315Z,84.68
2026-08-15T06:21:00.239Z,84.13
2026-08-15T06:26:02.36Z,83.02
2026-08-15T06:31:00.683Z,81.43
2026-08-15T06:36:00.151Z,80.22
2026-08-15T06:41:03.042Z,79.1
2026-08-15T06:46:00.165Z,77.83
2026-08-15T06:51:00.285Z,77.89
2026-08-15T06:56:00.338Z,77.13
2026-08-15T07:01:00.537Z,77.13
2026-08-15T07:06:01.932Z,76.84
2026-08-15T07:11:02.033Z,75.76
2026-08-15T07:16:00.149Z,74.9
2026-08-15T07:21:00.33Z,74.26
2026-08-15T07:26:00.137Z,73.37
2026-08-15T07:31:00.214Z,72.83
2026-08-15T07:36:00.835Z,71.43
2026-08-15T07:41:05.185Z,68.54
2026-08-15T07:46:02.512Z,66.62
2026-08-15T07:51:02.517Z,65.93
2026-08-15T07:56:00.366Z,65.01
2026-08-15T08:01:00.295Z,64.08
2026-08-15T08:06:00.254Z,63.86
2026-08-15T08:11:00.249Z,61.82
2026-08-15T08:16:01.215Z,61.85
2026-08-15T08:21:02.445Z,61.37
2026-08-15T08:26:02.456Z,59.91
2026-08-15T08:31:00.237Z,59.66
2026-08-15T08:36:02.576Z,59.53
2026-08-15T08:41:02.439Z,60.8
2026-08-15T08:46:00.336Z,56.12
2026-08-15T08:51:03.397Z,56.28
2026-08-15T08:56:02.586Z,54.97
2026-08-15T09:01:02.444Z,52.75
2026-08-15T09:06:02.394Z,47.4
2026-08-15T09:11:00.198Z,48.23
2026-08-15T09:16:02.274Z,45.78
2026-08-15T09:21:00.313Z,44.16
2026-08-15T09:26:00.145Z,42.98
2026-08-15T09:31:00.172Z,43.78
2026-08-15T09:36:02.32Z,45.05
2026-08-15T09:41:00.133Z,42.82
2026-08-15T09:46:00.917Z,41.74
2026-08-15T09:51:02.45Z,40.4
2026-08-15T09:56:00.252Z,38.87
2026-08-15T10:01:02.626Z,39.12
2026-08-15T10:06:01.219Z,37.89
2026-08-15T10:11:00.238Z,36.77
2026-08-15T10:16:02.881Z,37.79
2026-08-15T10:21:02.85Z,37.28
2026-08-15T10:26:02.408Z,37.79
2026-08-15T10:31:03.335Z,36.36
2026-08-15T10:36:02.489Z,37.66
2026-08-15T10:41:02.469Z,39.67
2026-08-15T10:46:00.256Z,37.95
2026-08-15T10:51:00.172Z,33.62
2026-08-15T10:56:03.731Z,34.04
2026-08-15T11:01:02.497Z,34.74
2026-08-15T11:06:02.446Z,34.89
2026-08-15T11:11:03.597Z,32.79
2026-08-15T11:16:02.321Z,31.52
2026-08-15T11:21:02.463Z,34.92
2026-08-15T11:26:00.37Z,30.89
2026-08-15T11:31:00.345Z,31.62
2026-08-15T11:36:00.178Z,32.22
2026-08-15T11:41:01.3Z,31.97
2026-08-15T11:46:00.29Z,34.92
2026-08-15T11:51:00.23Z,31.91
2026-08-15T11:56:01.437Z,32.16
2026-08-15T12:01:02.481Z,32.86
2026-08-15T12:06:02.382Z,32.44
2026-08-15T12:11:02.278Z,33.05
2026-08-15T12:16:00.284Z,32.51
2026-08-15T12:21:00.238Z,32.22
2026-08-15T12:26:02.458Z,33.31
2026-08-15T12:31:02.384Z,32.22
2026-08-15T12:36:00.339Z,32.57
2026-08-15T12:41:02.37Z,32.57
2026-08-15T12:46:02.399Z,33.11
2026-08-15T12:51:00.31Z,33.59
2026-08-15T12:56:05.326Z,32.16
2026-08-15T13:01:00.633Z,31.36
2026-08-15T13:06:00.187Z,31.68
2026-08-15T13:11:00.161Z,31.2
2026-08-15T13:16:02.441Z,30.82
2026-08-15T13:21:02.216Z,28.28
2026-08-15T13:26:00.383Z,28.08
2026-08-15T13:31:00.314Z,29.23
2026-08-15T13:36:02.431Z,29.55
2026-08-15T13:41:00.269Z,28.98
2026-08-15T13:46:00.188Z,30.06
2026-08-15T13:51:02.551Z,30.44
2026-08-15T13:56:00.217Z,30.92
2026-08-15T14:01:00.183Z,30.19
2026-08-15T14:06:02.322Z,29.8
2026-08-15T14:11:00.23Z,29.9
2026-08-15T14:16:00.215Z,30.25
2026-08-15T14:21:02.547Z,29.84
2026-08-15T14:26:00.349Z,29.93
2026-08-15T14:31:00.28Z,29.77
2026-08-15T14:36:00.365Z,30.31
2026-08-15T14:41:00.256Z,30.12
2026-08-15T14:46:01.586Z,30.02
2026-08-15T14:51:00.571Z,30.19
2026-08-15T14:56:02.403Z,30.6
2026-08-15T15:01:03.571Z,31.14
2026-08-15T15:06:02.489Z,30.89
2026-08-15T15:11:00.797Z,27.86
2026-08-15T15:16:02.334Z,28.5
2026-08-15T15:21:00.209Z,30.79
2026-08-15T15:26:00.382Z,30.79
2026-08-15T15:31:02.414Z,30.85
2026-08-15T15:36:04.326Z,31.27
2026-08-15T15:41:00.248Z,30.92
2026-08-15T15:46:02.508Z,31.3
2026-08-15T15:51:02.337Z,31.17
2026-08-15T15:56:01.521Z,31.17
2026-08-15T16:01:00.234Z,31.33
2026-08-15T16:06:03.146Z,31.56
2026-08-15T16:11:03.486Z,31.97
2026-08-15T16:16:00.23Z,32.12
2026-08-15T16:21:00.144Z,32.7
2026-08-15T16:26:02.368Z,30.25
2026-08-15T16:31:02.463Z,29.42
2026-08-15T16:36:01.159Z,29.96
2026-08-15T16:41:00.403Z,30.98
2026-08-15T16:46:02.506Z,31.56
2026-08-15T16:51:01.225Z,30.12
2026-08-15T16:56:00.183Z,30.5
2026-08-15T17:01:01.146Z,30.98
2026-08-15T17:06:01.169Z,31.04
2026-08-15T17:11:02.442Z,31.3
2026-08-15T17:16:02.389Z,30.41
2026-08-15T17:21:00.207Z,30.12
2026-08-15T17:26:02.516Z,31.01
2026-08-15T17:31:03.72Z,29.8
2026-08-15T17:36:02.412Z,30.92
2026-08-15T17:41:00.272Z,29.74
2026-08-15T17:46:02.466Z,40.46
2026-08-15T17:51:02.467Z,55.17
2026-08-15T17:56:02.368Z,58.38
2026-08-15T18:01:00.187Z,61.06
2026-08-15T18:06:00.159Z,62.71
2026-08-15T18:11:00.273Z,63.22
2026-08-15T18:16:00.144Z,63.67
2026-08-15T18:21:02.409Z,62.81
2026-08-15T18:26:00.135Z,63.22
2026-08-15T18:31:03.39Z,57.97
2026-08-15T18:36:02.851Z,57.11
2026-08-15T18:41:03.077Z,57.11
2026-08-15T18:46:00.585Z,56.34
2026-08-15T18:51:02.465Z,56.57
2026-08-15T18:56:01.89Z,59.08
2026-08-15T19:01:02.48Z,60.74
2026-08-15T19:06:02.585Z,60.55
2026-08-15T19:11:02.304Z,60.83
2026-08-15T19:16:00.358Z,61.85
2026-08-15T19:21:00.195Z,62.97
2026-08-15T19:26:01.777Z,65.13
2026-08-15T19:31:02.425Z,65.99
2026-08-15T19:36:01.509Z,67.04
2026-08-15T19:41:02.556Z,67.58
2026-08-15T19:46:04.041Z,68.03
2026-08-15T19:51:03.331Z,67.99
2026-08-15T19:56:00.302Z,68.34
2026-08-15T20:01:00.23Z,68.57
2026-08-15T20:06:02.757Z,68.72
2026-08-15T20:11:00.205Z,69.07
2026-08-15T20:16:01.208Z,69.52
2026-08-15T20:21:02.37Z,70.16
2026-08-15T20:26:00.284Z,70.32
2026-08-15T20:31:02.473Z,70.19
2026-08-15T20:36:02.521Z,70.47
2026-08-15T20:41:00.138Z,72.36
2026-08-15T20:46:00.207Z,73.06
2026-08-15T20:51:03.44Z,73.09
2026-08-15T20:56:00.435Z,73.56
2026-08-15T21:01:02.357Z,73.76
2026-08-15T21:06:02.503Z,73.79
2026-08-15T21:11:00.293Z,74.11
2026-08-15T21:16:00.169Z,73.79
2026-08-15T21:21:00.187Z,74.11
2026-08-15T21:26:02.482Z,73.91
2026-08-15T21:31:03.108Z,74.55
2026-08-15T21:36:00.953Z,74.49
2026-08-15T21:41:02.401Z,75.09
2026-08-15T21:46:01.207Z,76.05
2026-08-15T21:51:02.26Z,76.14
2026-08-15T21:56:00.159Z,76.27
2026-08-15T22:01:01.195Z,76.27
2026-08-15T22:06:03.356Z,76.17
2026-08-15T22:11:02.482Z,76.62
2026-08-15T22:16:00.351Z,76.78
2026-08-15T22:21:02.37Z,76.94
2026-08-15T22:26:00.254Z,77.06
2026-08-15T22:31:00.204Z,77.16
2026-08-15T22:36:02.495Z,77.35
2026-08-15T22:41:00.329Z,77.77
2026-08-15T22:46:00.244Z,77.8
2026-08-15T22:51:02.575Z,78.28
2026-08-15T22:56:02.291Z,78.34
2026-08-15T23:01:00.389Z,78.02
2026-08-15T23:06:00.183Z,77.51
2026-08-15T23:11:02.44Z,76.59
2026-08-15T23:16:00.277Z,74.23
2026-08-15T23:21:00.251Z,71.94
2026-08-15T23:26:00.289Z,71.81
2026-08-15T23:31:00.671Z,72.45
2026-08-15T23:36:02.504Z,73.09
2026-08-15T23:41:02.397Z,73.53
2026-08-15T23:46:02.393Z,74.04
2026-08-15T23:51:02.548Z,73.85
2026-08-15T23:56:02.534Z,73.24
2026-08-16T00:01:01.124Z,72.96
2026-08-16T00:06:02.959Z,72.68
2026-08-16T00:11:02.367Z,72.45
2026-08-16T00:16:00.408Z,71.94
2026-08-16T00:21:00.216Z,71.53
2026-08-16T00:26:02.643Z,71.66
2026-08-16T00:31:01.702Z,71.75
2026-08-16T00:36:00.26Z,70.67
2026-08-16T00:41:02.346Z,69.01
2026-08-16T00:46:02.286Z,68.66
2026-08-16T00:51:02.567Z,65.19
2026-08-16T00:56:00.163Z,62.33
2026-08-16T01:01:00.13Z,60.39
2026-08-16T01:06:03.485Z,59.85
2026-08-16T01:11:02.432Z,58.51
2026-08-16T01:16:02.413Z,57.21
2026-08-16T01:21:00.26Z,57.3
2026-08-16T01:26:02.334Z,56.66
2026-08-16T01:31:02.482Z,55.67
2026-08-16T01:36:00.304Z,54.56
2026-08-16T01:41:00.393Z,53.86
2026-08-16T01:46:02.389Z,52.97
2026-08-16T01:51:03.081Z,52.75
2026-08-16T01:56:00.272Z,52.11
2026-08-16T02:01:02.657Z,51.82
2026-08-16T02:06:02.482Z,51.99
2026-08-16T02:11:03.15Z,51.67
2026-08-16T02:16:00.333Z,51.58
2026-08-16T02:21:02.392Z,51.23
2026-08-16T02:26:02.338Z,51.35
2026-08-16T02:31:00.355Z,51.54
2026-08-16T02:36:00.176Z,51.47
2026-08-16T02:41:02.472Z,51.51
2026-08-16T02:46:02.924Z,51.76
2026-08-16T02:51:00.222Z,51.86
2026-08-16T02:56:00.229Z,51.82
2026-08-16T03:01:03.104Z,52.34
2026-08-16T03:06:00.166Z,52.08
2026-08-16T03:11:00.265Z,52.17
2026-08-16T03:16:02.389Z,52.14
2026-08-16T03:21:03.064Z,52.49
2026-08-16T03:26:00.382Z,53.48
2026-08-16T03:31:00.301Z,53.42
2026-08-16T03:36:02.634Z,54.18
2026-08-16T03:41:02.5Z,54.66
2026-08-16T03:46:02.338Z,55.17
2026-08-16T03:51:00.226Z,55.42
2026-08-16T03:56:02.345Z,55.61
2026-08-16T04:01:00.307Z,57.11
2026-08-16T04:06:16.403Z,57.59
2026-08-16T04:11:02.3Z,59.08
2026-08-16T04:16:00.303Z,58.93
2026-08-16T04:21:02.351Z,60.99
2026-08-16T04:26:02.314Z,59.62
2026-08-16T04:31:00.353Z,60.01
2026-08-16T04:36:02.482Z,62.62
2026-08-16T04:41:00.183Z,62.65
2026-08-16T04:46:00.226Z,62.36
2026-08-16T04:51:02.42Z,65.61
2026-08-16T04:56:01.946Z,63.09
2026-08-16T05:01:05.808Z,64.56
2026-08-16T05:06:06.752Z,61.12
2026-08-16T05:11:02.351Z,60.93
2026-08-16T05:16:00.997Z,59.69
2026-08-16T05:21:00.158Z,59.66
2026-08-16T05:26:00.92Z,58.41
2026-08-16T05:31:02.737Z,58.38
2026-08-16T05:36:00.38Z,57.78
2026-08-16T05:41:00.264Z,57.68
2026-08-16T05:46:03.498Z,57.81
2026-08-16T05:51:00.184Z,58.03
2026-08-16T05:56:02.492Z,58.26
2026-08-16T06:01:02.615Z,58.29
2026-08-16T06:06:00.406Z,58.26
2026-08-16T06:11:00.348Z,58.13
2026-08-16T06:16:02.503Z,57.91
2026-08-16T06:21:02.909Z,57.71
2026-08-16T06:26:01.368Z,57.71
2026-08-16T06:31:02.563Z,57.81
2026-08-16T06:36:02.505Z,57.33
2026-08-16T06:41:02.684Z,57.36
2026-08-16T06:46:00.29Z,57.46
2026-08-16T06:51:00.51Z,56.98
2026-08-16T06:56:02.346Z,57.24
2026-08-16T07:01:02.463Z,56.31
2026-08-16T07:06:02.617Z,56.25
2026-08-16T07:11:02.591Z,55.64
2026-08-16T07:16:00.2Z,55.23
2026-08-16T07:21:00.33Z,55.14
2026-08-16T07:26:02.286Z,54.85
2026-08-16T07:31:02.332Z,55.14
2026-08-16T07:36:00.256Z,54.47
2026-08-16T07:41:00.178Z,54.18
2026-08-16T07:46:00.317Z,53.22
2026-08-16T07:51:02.488Z,52.31
2026-08-16T07:56:00.191Z,52.17
2026-08-16T08:01:02.648Z,51.16
2026-08-16T08:06:00.284Z,51.12
2026-08-16T08:11:02.333Z,50.59
2026-08-16T08:16:02.411Z,49.72
2026-08-16T08:21:00.184Z,53.01
2026-08-16T08:26:00.159Z,49.09
2026-08-16T08:31:03.444Z,49.19
2026-08-16T08:36:02.756Z,48.14
2026-08-16T08:41:02.54Z,48.01
2026-08-16T08:46:02.511Z,46.8
2026-08-16T08:51:00.215Z,45.91
2026-08-16T08:56:00.185Z,45.91
2026-08-16T09:01:00.561Z,45.81
2026-08-16T09:06:01.43Z,45.81
2026-08-16T09:11:00.422Z,46.1
2026-08-16T09:16:01.389Z,46.04
2026-08-16T09:21:00.212Z,45.87
2026-08-16T09:26:00.252Z,44.83
2026-08-16T09:31:00.407Z,45.08
2026-08-16T09:36:02.442Z,45.17
2026-08-16T09:41:02.419Z,44.83
2026-08-16T09:46:02.421Z,44.63
2026-08-16T09:51:02.403Z,44.03
2026-08-16T09:56:00.584Z,43.39
2026-08-16T10:01:03.334Z,44.98
2026-08-16T10:06:02.443Z,43.26
2026-08-16T10:11:01.93Z,45.68
2026-08-16T10:16:01.118Z,43.93
2026-08-16T10:21:00.219Z,43.93
2026-08-16T10:26:02.836Z,42.88
2026-08-16T10:31:04.142Z,45.17
2026-08-16T10:36:00.713Z,41.99
2026-08-16T10:41:00.157Z,41.77
2026-08-16T10:46:00.182Z,42.09
2026-08-16T10:51:00.244Z,40.91
2026-08-16T10:56:03.101Z,43.08
2026-08-16T11:01:02.667Z,42.76
2026-08-16T11:06:00.27Z,41.45
2026-08-16T11:11:00.192Z,43.58
2026-08-16T11:16:00.163Z,46.04
2026-08-16T11:21:02.734Z,45.87
2026-08-16T11:26:03.479Z,46.8
2026-08-16T11:31:02.587Z,47.75
2026-08-16T11:36:02.472Z,48.96
2026-08-16T11:41:02.79Z,49.51
2026-08-16T11:46:02.387Z,53.04
2026-08-16T11:51:01.137Z,52.43
2026-08-16T11:56:03.302Z,52.59
2026-08-16T12:01:00.291Z,51.92
2026-08-16T12:06:00.214Z,46.96
2026-08-16T12:11:01.165Z,46.7
2026-08-16T12:16:00.31Z,48.17
2026-08-16T12:21:00.151Z,47.75
2026-08-16T12:26:00.192Z,50.11
2026-08-16T12:31:02.511Z,51.7
2026-08-16T12:36:02.486Z,49.6
2026-08-16T12:41:02.445Z,49.54
2026-08-16T12:46:02.437Z,47.44
2026-08-16T12:51:00.309Z,47.91
2026-08-16T12:56:00.217Z,46.35
2026-08-16T13:01:02.792Z,47.85
2026-08-16T13:06:02.328Z,43.58
2026-08-16T13:11:00.201Z,46.77
2026-08-16T13:16:00.3Z,48.77
2026-08-16T13:21:02.627Z,49.34
2026-08-16T13:26:02.571Z,48.61
2026-08-16T13:31:04.565Z,51.29
2026-08-16T13:36:02.336Z,50.59
2026-08-16T13:41:02.565Z,51.76
2026-08-16T13:46:00.194Z,53.1
2026-08-16T13:51:02.536Z,53.61
2026-08-16T13:56:02.507Z,55.17
2026-08-16T14:01:02.569Z,55.49
2026-08-16T14:06:02.683Z,55.46
2026-08-16T14:11:00.331Z,55.49
2026-08-16T14:16:00.28Z,54.37
2026-08-16T14:21:02.629Z,56.12
2026-08-16T14:26:00.175Z,55.61
2026-08-16T14:31:00.165Z,55.14
2026-08-16T14:36:02.511Z,55.11
2026-08-16T14:41:02.566Z,54.18
2026-08-16T14:46:02.389Z,55.64
2026-08-16T14:51:03.184Z,55.33
2026-08-16T14:56:02.504Z,53.48
2026-08-16T15:01:00.325Z,54.69
2026-08-16T15:06:02.367Z,54.69
2026-08-16T15:11:02.321Z,55.84
2026-08-16T15:16:02.928Z,54.41
2026-08-16T15:21:00.388Z,55.42
2026-08-16T15:26:00.279Z,55.74
2026-08-16T15:31:03.673Z,56.79
2026-08-16T15:36:02.858Z,54.97
2026-08-16T15:41:02.318Z,55.46
2026-08-16T15:46:02.251Z,53.26
2026-08-16T15:51:00.391Z,54.31
2026-08-16T15:56:00.144Z,53.54
2026-08-16T16:01:00.201Z,51.47
2026-08-16T16:06:02.452Z,51.38
2026-08-16T16:11:02.444Z,52.66
2026-08-16T16:16:00.635Z,53.89
2026-08-16T16:21:02.374Z,49.57
2026-08-16T16:26:02.475Z,53.83
2026-08-16T16:31:00.332Z,52.31
2026-08-16T16:36:00.342Z,51.29
2026-08-16T16:41:02.512Z,47.82
2026-08-16T16:46:03.241Z,46.61
2026-08-16T16:51:03.034Z,50.21
2026-08-16T16:56:00.753Z,45.72
2026-08-16T17:01:02.42Z,49.09
2026-08-16T17:06:00.201Z,46.0
2026-08-16T17:11:00.405Z,49.6
2026-08-16T17:16:03.476Z,51.99
2026-08-16T17:21:02.538Z,49.25
2026-08-16T17:26:02.692Z,51.79
2026-08-16T17:31:00.329Z,50.65
2026-08-16T17:36:00.351Z,52.66
2026-08-16T17:41:01.158Z,54.56
2026-08-16T17:46:03.621Z,56.69
2026-08-16T17:51:02.431Z,56.48
2026-08-16T17:56:00.256Z,55.42
2026-08-16T18:01:00.261Z,56.83
2026-08-16T18:06:02.475Z,57.49
2026-08-16T18:11:00.217Z,57.36
2026-08-16T18:16:00.208Z,58.13
2026-08-16T18:21:02.907Z,58.67
2026-08-16T18:26:02.549Z,60.23
2026-08-16T18:31:02.34Z,60.83
2026-08-16T18:36:00.305Z,60.87
2026-08-16T18:41:02.83Z,60.83
2026-08-16T18:46:02.609Z,62.14
2026-08-16T18:51:02.496Z,62.62
2026-08-16T18:56:01.734Z,63.41
2026-08-16T19:01:12.732Z,64.66
2026-08-16T19:06:24.123Z,65.04
2026-08-16T19:11:02.391Z,65.93
2026-08-16T19:16:00.394Z,67.14
2026-08-16T19:21:01.642Z,68.16
2026-08-16T19:26:00.359Z,67.81
2026-08-16T19:31:00.802Z,68.19
2026-08-16T19:36:00.191Z,68.16
2026-08-16T19:41:02.54Z,67.39
2026-08-16T19:46:01.325Z,67.96
2026-08-16T19:51:02.735Z,68.37
2026-08-16T19:56:02.302Z,68.79
2026-08-16T20:01:00.31Z,69.24
2026-08-16T20:06:02.221Z,70.54
2026-08-16T20:11:00.27Z,71.34
2026-08-16T20:16:02.6Z,71.21
2026-08-16T20:21:02.455Z,71.21
2026-08-16T20:26:00.405Z,71.43
2026-08-16T20:31:00.246Z,71.11
2026-08-16T20:36:01.714Z,72.22
2026-08-16T20:41:02.308Z,72.26
2026-08-16T20:46:02.395Z,71.81
2026-08-16T20:51:02.336Z,71.78
2026-08-16T20:56:00.491Z,72.71
2026-08-16T21:01:03.033Z,73.37
2026-08-16T21:06:00.261Z,73.94
2026-08-16T21:11:00.188Z,74.81
2026-08-16T21:16:02.86Z,75.63
2026-08-16T21:21:00.618Z,76.33
2026-08-16T21:26:00.206Z,76.94
2026-08-16T21:31:02.966Z,76.87
2026-08-16T21:36:02.367Z,77.8
2026-08-16T21:41:00.18Z,78.34
2026-08-16T21:46:01.93Z,78.31
2026-08-16T21:51:00.165Z,78.59
2026-08-16T21:56:00.31Z,78.69
2026-08-16T22:01:03.296Z,78.72
2026-08-16T22:06:00.174Z,78.56
2026-08-16T22:11:00.175Z,78.18
2026-08-16T22:16:02.746Z,77.48
2026-08-16T22:21:02.799Z,76.75
2026-08-16T22:26:02.38Z,76.91
2026-08-16T22:31:01.382Z,77.19
2026-08-16T22:36:00.336Z,77.77
2026-08-16T22:41:00.646Z,78.85
2026-08-16T22:46:02.357Z,79.96
2026-08-16T22:51:02.299Z,80.34
2026-08-16T22:56:02.543Z,80.06
2026-08-16T23:01:02.441Z,79.96
2026-08-16T23:06:02.598Z,79.93
2026-08-16T23:11:02.42Z,79.84
2026-08-16T23:16:00.216Z,79.87
2026-08-16T23:21:00.341Z,79.96
2026-08-16T23:26:02.709Z,79.84
2026-08-16T23:31:02.486Z,79.84
2026-08-16T23:36:02.415Z,79.77
2026-08-16T23:41:02.382Z,79.74
2026-08-16T23:46:00.148Z,79.68
2026-08-16T23:51:02.462Z,79.64
2026-08-16T23:56:00.175Z,79.87
2026-08-17T00:01:00.249Z,79.84
2026-08-17T00:06:01.831Z,79.99
2026-08-17T00:11:02.333Z,79.99
2026-08-17T00:16:03.076Z,79.8
2026-08-17T00:21:01.948Z,79.74
2026-08-17T00:26:00.141Z,79.99
2026-08-17T00:31:03.089Z,80.06
2026-08-17T00:36:02.265Z,80.19
2026-08-17T00:41:02.729Z,79.99
2026-08-17T00:46:02.524Z,79.8
2026-08-17T00:51:02.427Z,79.2
2026-08-17T00:56:00.375Z,78.66
2026-08-17T01:01:03.138Z,78.28
2026-08-17T01:06:02.616Z,78.12
2026-08-17T01:11:03.35Z,77.77
2026-08-17T01:16:03.127Z,78.02
2026-08-17T01:21:05.574Z,78.28
2026-08-17T01:26:01.041Z,78.34
2026-08-17T01:31:03.595Z,78.08
2026-08-17T01:36:02.584Z,78.47
2026-08-17T01:41:00.171Z,78.66
2026-08-17T01:46:02.659Z,78.72
2026-08-17T01:51:03.325Z,78.66
2026-08-17T01:56:00.448Z,78.66
2026-08-17T02:01:02.671Z,78.69
2026-08-17T02:06:00.484Z,79.01
2026-08-17T02:11:02.444Z,79.52
2026-08-17T02:16:02.36Z,79.8
2026-08-17T02:21:00.173Z,79.71
2026-08-17T02:26:02.399Z,79.64
2026-08-17T02:31:00.376Z,79.52
2026-08-17T02:36:00.24Z,79.29
2026-08-17T02:41:01.494Z,79.36
2026-08-17T02:46:02.535Z,79.13
2026-08-17T02:51:02.543Z,79.23
2026-08-17T02:56:02.432Z,79.49
2026-08-17T03:01:02.53Z,79.77
2026-08-17T03:06:02.341Z,79.8
2026-08-17T03:11:00.169Z,79.45
2026-08-17T03:16:02.577Z,79.23
2026-08-17T03:21:02.523Z,79.33
2026-08-17T03:26:00.164Z,79.07
2026-08-17T03:31:02.402Z,78.53
2026-08-17T03:36:00.911Z,78.15
2026-08-17T03:41:03.026Z,77.7
2026-08-17T03:46:02.731Z,77.35
2026-08-17T03:51:00.401Z,76.75
2026-08-17T03:56:02.324Z,76.62
2026-08-17T04:01:02.878Z,75.66
2026-08-17T04:06:01.3Z,75.41
2026-08-17T04:11:03.335Z,75.0
2026-08-17T04:16:02.611Z,75.35
2026-08-17T04:21:02.928Z,75.41
2026-08-17T04:26:02.403Z,76.11
2026-08-17T04:31:03.218Z,76.59
2026-08-17T04:36:00.286Z,76.21
2026-08-17T04:41:00.244Z,75.76
2026-08-17T04:46:00.243Z,74.46
2026-08-17T04:51:01.054Z,73.53
2026-08-17T04:56:02.494Z,73.37
2026-08-17T05:01:02.46Z,73.31
2026-08-17T05:06:03.165Z,73.47
2026-08-17T05:11:00.197Z,73.53
2026-08-17T05:16:00.214Z,73.5
2026-08-17T05:21:00.286Z,73.47
2026-08-17T05:26:00.183Z,73.12
2026-08-17T05:31:02.695Z,72.01
2026-08-17T05:36:01.608Z,71.11
2026-08-17T05:41:02.023Z,71.37
2026-08-17T05:46:02.463Z,70.67
2026-08-17T05:51:00.239Z,70.61
2026-08-17T05:56:02.584Z,70.41
2026-08-17T06:01:02.535Z,70.92
2026-08-17T06:06:00.372Z,71.34
2026-08-17T06:11:02.548Z,71.49
2026-08-17T06:16:02.281Z,71.14
2026-08-17T06:21:00.317Z,71.81
2026-08-17T06:26:02.27Z,71.69
2026-08-17T06:31:02.61Z,71.69
2026-08-17T06:36:02.42Z,70.92
2026-08-17T06:41:02.713Z,69.33
2026-08-17T06:46:02.415Z,68.92
2026-08-17T06:51:00.252Z,68.63
2026-08-17T06:56:00.328Z,68.06
2026-08-17T07:01:02.471Z,67.96
2026-08-17T07:06:06.617Z,67.87
2026-08-17T07:11:02.489Z,65.42
2026-08-17T07:16:03.062Z,64.24
2026-08-17T07:21:02.291Z,62.84
2026-08-17T07:26:00.35Z,61.15
2026-08-17T07:31:01.821Z,59.69
2026-08-17T07:36:00.312Z,59.5
2026-08-17T07:41:00.198Z,59.24
2026-08-17T07:46:02.723Z,58.96
2026-08-17T07:51:00.268Z,58.73
2026-08-17T07:56:02.459Z,58.16
2026-08-17T08:01:02.43Z,57.59
2026-08-17T08:06:02.658Z,57.59
2026-08-17T08:11:02.483Z,56.38
2026-08-17T08:16:02.349Z,55.55
2026-08-17T08:21:00.347Z,55.11
2026-08-17T08:26:00.724Z,55.42
2026-08-17T08:31:00.216Z,56.98
2026-08-17T08:36:02.382Z,60.52
2026-08-17T08:41:00.153Z,61.25
2026-08-17T08:46:00.241Z,62.14
2026-08-17T08:51:00.153Z,63.6
2026-08-17T08:56:02.449Z,62.59
2026-08-17T09:01:10.351Z,62.17
2026-08-17T09:06:25.496Z,61.41
2026-08-17T09:11:02.642Z,60.87
2026-08-17T09:16:02.447Z,60.26
2026-08-17T09:21:02.686Z,61.09
2026-08-17T09:26:02.494Z,59.53
2026-08-17T09:31:03.842Z,58.73
2026-08-17T09:36:02.352Z,58.93
2026-08-17T09:41:02.359Z,59.37
2026-08-17T09:46:02.177Z,58.03
2026-08-17T09:51:00.194Z,59.62
2026-08-17T09:56:01.162Z,58.64
2026-08-17T10:01:00.563Z,57.17
2026-08-17T10:06:02.429Z,58.0
2026-08-17T10:11:00.153Z,59.05
2026-08-17T10:16:02.559Z,60.42
2026-08-17T10:21:02.399Z,58.35
2026-08-17T10:26:02.324Z,59.24
2026-08-17T10:31:00.214Z,58.29
2026-08-17T10:36:00.281Z,58.03
2026-08-17T10:41:00.149Z,55.71
2026-08-17T10:46:01.176Z,56.89
2026-08-17T10:51:00.211Z,57.17
2026-08-17T10:56:02.276Z,57.17
2026-08-17T11:01:01.524Z,55.87
2026-08-17T11:06:02.369Z,55.46
2026-08-17T11:11:00.315Z,55.71
2026-08-17T11:16:02.156Z,57.21
2026-08-17T11:21:00.159Z,53.77
2026-08-17T11:26:00.447Z,53.57
2026-08-17T11:31:02.392Z,52.43
2026-08-17T11:36:02.345Z,53.1
2026-08-17T11:41:00.181Z,51.92
2026-08-17T11:46:00.133Z,51.19
2026-08-17T11:51:02.552Z,50.24
2026-08-17T11:56:00.287Z,50.11
2026-08-17T12:01:02.356Z,48.42
2026-08-17T12:06:00.198Z,49.34
2026-08-17T12:11:01.568Z,47.5
2026-08-17T12:16:00.3Z,47.94
2026-08-17T12:21:00.716Z,47.15
2026-08-17T12:26:01.349Z,47.94
2026-08-17T12:31:02.61Z,49.22
2026-08-17T12:36:02.975Z,51.32
2026-08-17T12:41:02.498Z,50.94
2026-08-17T12:46:03.304Z,51.99
2026-08-17T12:51:02.469Z,51.82
2026-08-17T12:56:00.164Z,51.79
2026-08-17T13:01:01.071Z,52.02
2026-08-17T13:06:01.155Z,52.31
2026-08-17T13:11:02.381Z,50.88
2026-08-17T13:16:03.97Z,49.63
2026-08-17T13:21:03.388Z,48.87
2026-08-17T13:26:02.304Z,50.24
2026-08-17T13:31:02.521Z,50.59
2026-08-17T13:36:02.328Z,48.17
2026-08-17T13:41:00.851Z,47.53
2026-08-17T13:46:00.18Z,47.94
2026-08-17T13:51:00.425Z,43.81
2026-08-17T13:56:00.292Z,44.67
2026-08-17T14:01:00.368Z,44.16
2026-08-17T14:06:03.082Z,43.04
2026-08-17T14:11:00.134Z,42.63
2026-08-17T14:16:00.157Z,41.99
2026-08-17T14:21:00.283Z,40.91
2026-08-17T14:26:02.922Z,39.44
2026-08-17T14:31:03.532Z,40.27
2026-08-17T14:36:02.581Z,38.21
2026-08-17T14:41:02.497Z,37.69
2026-08-17T14:46:00.189Z,38.04
2026-08-17T14:51:03.609Z,38.14
2026-08-17T14:56:02.402Z,38.08
2026-08-17T15:01:02.242Z,37.6
2026-08-17T15:06:02.424Z,37.28
2026-08-17T15:11:00.192Z,37.72
2026-08-17T15:16:00.575Z,38.11
2026-08-17T15:21:00.209Z,38.42
2026-08-17T15:26:02.254Z,38.87
2026-08-17T15:31:00.227Z,38.91
2026-08-17T15:36:02.579Z,38.62
2026-08-17T15:41:00.653Z,38.94
2026-08-17T15:46:00.166Z,40.37
2026-08-17T15:51:02.424Z,41.39
2026-08-17T15:56:00.504Z,43.08
2026-08-17T16:01:01.843Z,44.09
2026-08-17T16:06:02.352Z,42.69
2026-08-17T16:11:02.503Z,42.41
2026-08-17T16:16:02.714Z,43.08
2026-08-17T16:21:04.87Z,44.95
2026-08-17T16:26:00.174Z,44.98
2026-08-17T16:31:02.483Z,44.95
2026-08-17T16:36:00.137Z,45.4
2026-08-17T16:41:02.801Z,46.22
2026-08-17T16:46:03.826Z,46.48
2026-08-17T16:51:00.329Z,46.16
2026-08-17T16:56:00.973Z,46.74
2026-08-17T17:01:02.682Z,47.94
2026-08-17T17:06:00.863Z,48.74
2026-08-17T17:11:02.814Z,49.72
2026-08-17T17:16:00.136Z,50.21
2026-08-17T17:21:01.104Z,50.14
2026-08-17T17:26:03.086Z,50.11
2026-08-17T17:31:02.351Z,49.86
2026-08-17T17:36:02.267Z,50.94
2026-08-17T17:41:00.304Z,50.97
2026-08-17T17:46:00.252Z,51.29
2026-08-17T17:51:02.912Z,51.12
2026-08-17T17:56:02.651Z,51.47
2026-08-17T18:01:00.307Z,51.64
2026-08-17T18:06:01.393Z,52.34
2026-08-17T18:11:00.163Z,52.62
2026-08-17T18:16:02.366Z,53.16
2026-08-17T18:21:02.338Z,53.26
2026-08-17T18:26:00.203Z,53.26
2026-08-17T18:31:00.265Z,53.13
2026-08-17T18:36:00.2Z,53.04
2026-08-17T18:41:02.49Z,53.16
2026-08-17T18:46:01.28Z,53.48
2026-08-17T18:51:02.547Z,53.8
2026-08-17T18:56:00.137Z,54.03
2026-08-17T19:01:02.019Z,53.45
2026-08-17T19:06:02.547Z,53.07
2026-08-17T19:11:00.151Z,53.39
2026-08-17T19:16:02.27Z,53.39
2026-08-17T19:21:00.209Z,53.68
2026-08-17T19:26:00.739Z,54.15
2026-08-17T19:31:02.343Z,54.56
2026-08-17T19:36:02.611Z,54.79
2026-08-17T19:41:01.218Z,55.08
2026-08-17T19:46:02.99Z,55.52
2026-08-17T19:51:02.598Z,56.16
2026-08-17T19:56:01.181Z,56.25
2026-08-17T20:01:00.312Z,56.89
2026-08-17T20:06:00.266Z,57.62
2026-08-17T20:11:02.326Z,58.09
2026-08-17T20:16:02.582Z,58.76
2026-08-17T20:21:02.287Z,59.34
2026-08-17T20:26:00.346Z,59.53
2026-08-17T20:31:00.18Z,59.69
2026-08-17T20:36:02.342Z,59.81
2026-08-17T20:41:00.355Z,59.85
2026-08-17T20:46:00.187Z,60.39
2026-08-17T20:51:02.528Z,60.68
2026-08-17T20:56:02.82Z,61.98
2026-08-17T21:01:00.217Z,62.14
2026-08-17T21:06:02.451Z,62.46
2026-08-17T21:11:02.741Z,63.19
2026-08-17T21:16:00.313Z,63.64
2026-08-17T21:21:00.121Z,63.76
2026-08-17T21:26:04.697Z,64.08
2026-08-17T21:31:02.539Z,65.42
2026-08-17T21:36:02.395Z,66.06
2026-08-17T21:41:00.272Z,65.61
2026-08-17T21:46:02.56Z,66.21
2026-08-17T21:51:02.448Z,66.37
2026-08-17T21:56:00.142Z,66.76
2026-08-17T22:01:00.123Z,66.62
2026-08-17T22:06:06.477Z,66.18
2026-08-17T22:11:00.23Z,67.04
2026-08-17T22:16:03.58Z,66.66
2026-08-17T22:21:02.307Z,66.56
2026-08-17T22:26:00.121Z,67.04
2026-08-17T22:31:00.212Z,67.33
2026-08-17T22:36:03.09Z,67.52
2026-08-17T22:41:00.245Z,67.99
2026-08-17T22:46:00.138Z,67.99
2026-08-17T22:51:02.369Z,68.09
2026-08-17T22:56:00.196Z,68.28
2026-08-17T23:01:02.563Z,68.44
2026-08-17T23:06:02.479Z,68.69
2026-08-17T23:11:00.154Z,70.44
2026-08-17T23:16:00.193Z,70.73
2026-08-17T23:21:02.424Z,70.96
2026-08-17T23:26:00.664Z,70.73
2026-08-17T23:31:03.236Z,70.03
2026-08-17T23:36:00.354Z,70.26
2026-08-17T23:41:02.532Z,70.19
2026-08-17T23:46:03.907Z,70.82
2026-08-17T23:51:00.266Z,71.11
2026-08-17T23:56:02.445Z,71.05
2026-08-18T00:01:00.124Z,69.81
2026-08-18T00:06:01.021Z,69.21
2026-08-18T00:11:02.38Z,69.36
2026-08-18T00:16:00.224Z,70.06
2026-08-18T00:21:03.214Z,70.96
2026-08-18T00:26:00.234Z,70.32
2026-08-18T00:31:00.181Z,69.62
2026-08-18T00:36:02.507Z,69.21
2026-08-18T00:41:03.092Z,68.47
2026-08-18T00:46:00.127Z,68.19
2026-08-18T00:51:00.607Z,68.12
2026-08-18T00:56:02.926Z,68.06
2026-08-18T01:01:00.322Z,68.16
2026-08-18T01:06:00.619Z,68.34
2026-08-18T01:11:02.45Z,68.44
2026-08-18T01:16:02.389Z,68.44
2026-08-18T01:21:00.338Z,68.76
2026-08-18T01:26:02.995Z,68.09
2026-08-18T01:31:02.384Z,67.23
2026-08-18T01:36:00.704Z,65.71
2026-08-18T01:41:00.222Z,65.29
2026-08-18T01:46:00.595Z,65.67
2026-08-18T01:51:00.849Z,64.94
2026-08-18T01:56:02.335Z,65.57
2026-08-18T02:01:00.275Z,65.54
2026-08-18T02:06:02.102Z,66.06
2026-08-18T02:11:02.428Z,65.8
2026-08-18T02:16:00.225Z,66.15
2026-08-18T02:21:02.605Z,67.04
2026-08-18T02:26:02.316Z,67.04
2026-08-18T02:31:00.633Z,66.69
2026-08-18T02:36:02.439Z,66.72
2026-08-18T02:41:00.295Z,66.91
2026-08-18T02:46:02.49Z,67.43
2026-08-18T02:51:02.59Z,67.58
2026-08-18T02:56:00.197Z,67.87
2026-08-18T03:01:00.248Z,67.78
2026-08-18T03:06:02.324Z,67.58
2026-08-18T03:11:00.331Z,67.96
2026-08-18T03:16:02.811Z,67.36
2026-08-18T03:21:00.164Z,67.14
2026-08-18T03:26:00.144Z,66.85
2026-08-18T03:31:02.343Z,67.36
2026-08-18T03:36:00.172Z,67.43
2026-08-18T03:41:00.381Z,67.43
2026-08-18T03:46:00.362Z,68.06
2026-08-18T03:51:00.366Z,67.61
2026-08-18T03:56:02.484Z,67.78
2026-08-18T04:01:02.763Z,67.78
2026-08-18T04:06:01.155Z,68.6
2026-08-18T04:11:03.151Z,69.46
2026-08-18T04:16:02.341Z,70.92
2026-08-18T04:21:02.435Z,70.16
2026-08-18T04:26:02.649Z,69.68
2026-08-18T04:31:00.22Z,69.04
2026-08-18T04:36:02.657Z,71.08
2026-08-18T04:41:00.178Z,70.38
2026-08-18T04:46:02.413Z,69.71
2026-08-18T04:51:00.82Z,68.79
2026-08-18T04:56:02.725Z,68.37
2026-08-18T05:01:00.292Z,67.2
2026-08-18T05:06:00.214Z,66.66
2026-08-18T05:11:02.912Z,66.47
2026-08-18T05:16:00.257Z,65.89
2026-08-18T05:21:00.184Z,65.19
2026-08-18T05:26:00.154Z,65.26
2026-08-18T05:31:02.402Z,65.61
2026-08-18T05:36:02.452Z,65.99
2026-08-18T05:41:02.384Z,66.44
2026-08-18T05:46:00.678Z,67.26
2026-08-18T05:51:02.739Z,68.47
2026-08-18T05:56:00.61Z,69.21
2026-08-18T06:01:02.317Z,69.71
2026-08-18T06:06:02.793Z,69.65
2026-08-18T06:11:02.427Z,69.62
2026-08-18T06:16:01.061Z,69.17
2026-08-18T06:21:02.162Z,68.16
2026-08-18T06:26:02.509Z,67.49
2026-08-18T06:31:02.319Z,66.66
2026-08-18T06:36:00.302Z,65.19
2026-08-18T06:41:00.334Z,64.53
2026-08-18T06:46:02.881Z,63.7
2026-08-18T06:51:02.378Z,63.09
2026-08-18T06:56:01.248Z,62.68
2026-08-18T07:01:02.449Z,62.01
2026-08-18T07:06:00.793Z,60.99
2026-08-18T07:11:02.779Z,60.55
2026-08-18T07:16:02.338Z,59.18
2026-08-18T07:21:02.398Z,58.03
2026-08-18T07:26:03.43Z,57.27
2026-08-18T07:31:00.707Z,56.41
2026-08-18T07:36:00.771Z,55.99
2026-08-18T07:41:02.248Z,55.11
2026-08-18T07:46:00.35Z,54.85
2026-08-18T07:51:00.797Z,53.48
2026-08-18T07:56:03.012Z,52.91
2026-08-18T08:01:02.587Z,52.28
2026-08-18T08:06:03.692Z,51.23
2026-08-18T08:11:03.005Z,50.49
2026-08-18T08:16:02.353Z,49.51
2026-08-18T08:21:00.248Z,48.39
2026-08-18T08:26:00.298Z,48.61
2026-08-18T08:31:00.216Z,47.62
2026-08-18T08:36:02.497Z,48.11
2026-08-18T08:41:00.256Z,47.37
2026-08-18T08:46:00.246Z,47.59
2026-08-18T08:51:02.414Z,47.12
2026-08-18T08:56:02.259Z,46.99
2026-08-18T09:01:00.169Z,46.19
2026-08-18T09:06:02.354Z,46.07
2026-08-18T09:11:00.17Z,45.49
2026-08-18T09:16:00.395Z,44.63
2026-08-18T09:21:00.15Z,43.42
2026-08-18T09:26:02.367Z,43.52
2026-08-18T09:31:02.96Z,42.47
2026-08-18T09:36:02.3Z,42.41
2026-08-18T09:41:00.345Z,40.69
2026-08-18T09:46:00.15Z,40.46
2026-08-18T09:51:02.467Z,38.3
2026-08-18T09:56:04.964Z,36.46
2026-08-18T10:01:02.629Z,35.82
2026-08-18T10:06:02.584Z,33.72
2026-08-18T10:11:02.571Z,35.97
2026-08-18T10:16:02.59Z,34.51
2026-08-18T10:21:00.314Z,34.8
2026-08-18T10:26:02.509Z,31.84
2026-08-18T10:31:02.313Z,34.33
2026-08-18T10:36:00.641Z,34.51
2026-08-18T10:41:02.619Z,31.52
2026-08-18T10:46:02.775Z,32.57
2026-08-18T10:51:00.541Z,32.29
2026-08-18T10:56:00.861Z,31.87
2026-08-18T11:01:00.205Z,31.91
2026-08-18T11:06:00.31Z,32.89
2026-08-18T11:11:00.374Z,32.32
2026-08-18T11:16:00.177Z,30.57
2026-08-18T11:21:00.157Z,31.2
2026-08-18T11:26:00.129Z,31.08
2026-08-18T11:31:04.031Z,30.63
2026-08-18T11:36:01.379Z,31.2
2026-08-18T11:41:00.354Z,30.57
2026-08-18T11:46:00.166Z,30.92
2026-08-18T11:51:00.27Z,31.71
2026-08-18T11:56:02.696Z,31.87
2026-08-18T12:01:02.686Z,33.66
2026-08-18T12:06:02.491Z,37.54
2026-08-18T12:11:02.408Z,37.66
2026-08-18T12:16:02.572Z,37.51
2026-08-18T12:21:02.446Z,40.31
2026-08-18T12:26:00.339Z,40.21
2026-08-18T12:31:02.546Z,42.28
2026-08-18T12:36:00.378Z,42.5
2026-08-18T12:41:00.213Z,43.87
2026-08-18T12:46:02.76Z,43.93
2026-08-18T12:51:02.308Z,43.11
2026-08-18T12:56:01.629Z,40.08
2026-08-18T13:01:03.223Z,44.92
2026-08-18T13:06:02.843Z,42.18
2026-08-18T13:11:03.326Z,42.44
2026-08-18T13:16:03.125Z,41.68
2026-08-18T13:21:01.553Z,40.78
2026-08-18T13:26:02.344Z,39.76
2026-08-18T13:31:02.281Z,40.37
2026-08-18T13:36:02.997Z,39.7
2026-08-18T13:41:01.274Z,38.74
2026-08-18T13:46:02.403Z,37.69
2026-08-18T13:51:03.389Z,37.09
2026-08-18T13:56:00.311Z,36.81
2026-08-18T14:01:00.317Z,36.84
2026-08-18T14:06:02.367Z,36.39
2026-08-18T14:11:02.355Z,36.67
2026-08-18T14:16:02.397Z,35.82
2026-08-18T14:21:00.204Z,33.91
2026-08-18T14:26:00.146Z,34.26
2026-08-18T14:31:00.229Z,34.33
2026-08-18T14:36:00.137Z,33.37
2026-08-18T14:41:02.583Z,34.07
2026-08-18T14:46:00.126Z,32.57
2026-08-18T14:51:02.66Z,33.08
2026-08-18T14:56:02.357Z,33.81
2026-08-18T15:01:02.366Z,31.39
2026-08-18T15:06:00.203Z,32.92
2026-08-18T15:11:00.239Z,32.51
2026-08-18T15:16:05.323Z,31.36
2026-08-18T15:21:00.264Z,30.98
2026-08-18T15:26:00.254Z,32.06
2026-08-18T15:31:00.31Z,31.65
2026-08-18T15:36:02.485Z,30.57
2026-08-18T15:41:00.17Z,31.94
2026-08-18T15:46:02.408Z,31.59
2026-08-18T15:51:00.372Z,32.0
2026-08-18T15:56:00.267Z,29.52
2026-08-18T16:01:02.535Z,29.32
2026-08-18T16:06:00.358Z,29.71
2026-08-18T16:11:00.194Z,29.07
2026-08-18T16:16:00.172Z,29.77
2026-08-18T16:21:02.504Z,29.45
2026-08-18T16:26:02.58Z,30.15
2026-08-18T16:31:00.383Z,30.63
2026-08-18T16:36:00.278Z,29.68
2026-08-18T16:41:02.384Z,30.66
2026-08-18T16:46:02.806Z,29.49
2026-08-18T16:51:00.192Z,29.23
2026-08-18T16:56:00.171Z,29.45
2026-08-18T17:01:02.489Z,30.54
2026-08-18T17:06:02.335Z,30.5
2026-08-18T17:11:00.208Z,31.27
2026-08-18T17:16:00.209Z,31.56
2026-08-18T17:21:02.481Z,32.41
2026-08-18T17:26:03.262Z,32.48
2026-08-18T17:31:00.31Z,32.79
2026-08-18T17:36:00.166Z,32.12
2026-08-18T17:41:00.197Z,32.16
2026-08-18T17:46:02.26Z,33.87
2026-08-18T17:51:00.337Z,34.33
2026-08-18T17:56:00.276Z,33.87
2026-08-18T18:01:00.168Z,35.24
2026-08-18T18:06:00.162Z,35.91
2026-08-18T18:11:00.183Z,36.55
2026-08-18T18:16:02.28Z,37.63
2026-08-18T18:21:02.817Z,39.86
2026-08-18T18:26:00.251Z,41.1
2026-08-18T18:31:02.712Z,42.88
2026-08-18T18:36:02.347Z,44.92
2026-08-18T18:41:00.602Z,46.13
2026-08-18T18:46:00.273Z,47.31
2026-08-18T18:51:00.246Z,48.29
2026-08-18T18:56:00.647Z,48.58
2026-08-18T19:01:01.12Z,47.72
2026-08-18T19:06:01.761Z,45.4
2026-08-18T19:11:02.163Z,43.23
2026-08-18T19:16:01.267Z,44.7
2026-08-18T19:21:03.199Z,46.32
2026-08-18T19:26:02.456Z,46.0
2026-08-18T19:31:01.071Z,45.37
2026-08-18T19:36:01.705Z,45.17
2026-08-18T19:41:01.586Z,45.49
2026-08-18T19:46:00.147Z,46.32
2026-08-18T19:51:00.186Z,46.67
2026-08-18T19:56:04.292Z,46.83
2026-08-18T20:01:02.351Z,46.83
2026-08-18T20:06:00.196Z,47.37
2026-08-18T20:11:00.202Z,47.79
2026-08-18T20:16:00.46Z,47.82
2026-08-18T20:21:00.343Z,47.88
2026-08-18T20:26:00.388Z,48.46
2026-08-18T20:31:00.155Z,48.93
2026-08-18T20:36:00.313Z,49.6
2026-08-18T20:41:00.338Z,50.52
2026-08-18T20:46:00.265Z,51.09
2026-08-18T20:51:00.243Z,52.43
2026-08-18T20:56:00.413Z,53.13
2026-08-18T21:01:26.869Z,53.71
2026-08-18T21:06:00.157Z,54.5
2026-08-18T21:11:02.428Z,54.94
2026-08-18T21:16:00.183Z,55.14
2026-08-18T21:21:02.051Z,54.85
2026-08-18T21:26:00.197Z,54.12
2026-08-18T21:31:03.304Z,54.44
2026-08-18T21:36:01.905Z,54.91
2026-08-18T21:41:02.358Z,55.39
2026-08-18T21:46:02.372Z,55.99
2026-08-18T21:51:00.136Z,56.86
2026-08-18T21:56:02.486Z,57.39
2026-08-18T22:01:01.174Z,58.48
2026-08-18T22:06:03.113Z,58.86
2026-08-18T22:11:01.145Z,59.75
2026-08-18T22:16:02.089Z,60.39
2026-08-18T22:21:01.57Z,60.9
2026-08-18T22:26:02.472Z,62.14
2026-08-18T22:31:02.626Z,62.94
2026-08-18T22:36:00.201Z,63.16
2026-08-18T22:41:00.177Z,63.73
2026-08-18T22:46:00.2Z,64.78
2026-08-18T22:51:02.433Z,65.89
2026-08-18T22:56:00.282Z,65.83
2026-08-18T23:01:01.625Z,66.06
2026-08-18T23:06:02.574Z,66.31
2026-08-18T23:11:02.437Z,67.26
2026-08-18T23:16:02.341Z,67.81
2026-08-18T23:21:02.968Z,67.99
2026-08-18T23:26:00.217Z,69.14
2026-08-18T23:31:00.412Z,69.01
2026-08-18T23:36:00.245Z,69.65
2026-08-18T23:41:00.133Z,70.06
2026-08-18T23:46:03.184Z,70.61
2026-08-18T23:51:00.222Z,70.92
2026-08-18T23:56:00.408Z,71.4
2026-08-19T00:01:02.578Z,72.58
2026-08-19T00:06:00.246Z,72.32
2026-08-19T00:11:01.447Z,72.64
2026-08-19T00:16:00.147Z,73.03
2026-08-19T00:21:02.722Z,73.59
2026-08-19T00:26:00.348Z,73.91
2026-08-19T00:31:00.397Z,73.94
2026-08-19T00:36:02.741Z,74.36
2026-08-19T00:41:02.292Z,74.71
2026-08-19T00:46:00.333Z,75.41
2026-08-19T00:51:00.362Z,76.05
2026-08-19T00:56:01.325Z,75.95
2026-08-19T01:01:01.186Z,76.08
2026-08-19T01:06:03.565Z,76.43
2026-08-19T01:11:00.166Z,76.78
2026-08-19T01:16:03.441Z,76.81
2026-08-19T01:21:03.095Z,76.75
2026-08-19T01:26:00.208Z,77.03
2026-08-19T01:31:03.214Z,77.22
2026-08-19T01:36:03.313Z,77.32
2026-08-19T01:41:00.936Z,77.38
2026-08-19T01:46:00.191Z,77.22
2026-08-19T01:51:02.784Z,76.78
2026-08-19T01:56:00.241Z,76.56
2026-08-19T02:01:00.123Z,77.38
2026-08-19T02:06:00.231Z,77.67
2026-08-19T02:11:00.644Z,74.26
2026-08-19T02:16:02.68Z,69.04
2026-08-19T02:21:00.132Z,67.29
2026-08-19T02:26:02.59Z,67.55
2026-08-19T02:31:00.175Z,67.64
2026-08-19T02:36:00.194Z,67.26
2026-08-19T02:41:03.415Z,67.78
2026-08-19T02:46:04.828Z,68.25
2026-08-19T02:51:04.861Z,69.62
2026-08-19T02:56:02.613Z,70.41
2026-08-19T03:01:00.24Z,71.31
2026-08-19T03:06:00.316Z,73.47
2026-08-19T03:11:02.605Z,75.44
2026-08-19T03:16:02.45Z,74.36
2026-08-19T03:21:00.128Z,75.54
2026-08-19T03:26:02.38Z,77.51
2026-08-19T03:31:00.308Z,73.28
2026-08-19T03:36:02.565Z,68.66
2026-08-19T03:41:02.358Z,67.58
2026-08-19T03:46:04.697Z,67.9
2026-08-19T03:51:02.581Z,68.22
2026-08-19T03:56:01.42Z,67.93
2026-08-19T04:01:00.216Z,68.54
2026-08-19T04:06:00.192Z,68.19
2026-08-19T04:11:00.272Z,67.93
2026-08-19T04:16:01.245Z,68.06
2026-08-19T04:21:00.201Z,67.99
2026-08-19T04:26:02.783Z,67.58
2026-08-19T04:31:00.23Z,67.55
2026-08-19T04:36:00.206Z,67.81
2026-08-19T04:41:02.387Z,68.34
2026-08-19T04:46:02.322Z,68.03
2026-08-19T04:51:00.192Z,68.19
2026-08-19T04:56:00.902Z,68.19
2026-08-19T05:01:03.471Z,67.78
2026-08-19T05:06:09.924Z,67.61
2026-08-19T05:11:00.253Z,67.58
2026-08-19T05:16:02.793Z,66.15
2026-08-19T05:21:02.622Z,65.45
2026-08-19T05:26:00.217Z,64.08
2026-08-19T05:31:00.267Z,63.38
2026-08-19T05:36:00.251Z,63.44
2026-08-19T05:41:00.243Z,64.17
2026-08-19T05:46:04.358Z,64.75
2026-08-19T05:51:00.327Z,64.91
2026-08-19T05:56:00.142Z,65.22
2026-08-19T06:01:00.269Z,65.86
2026-08-19T06:06:03.058Z,65.64
2026-08-19T06:11:02.656Z,65.71
2026-08-19T06:16:02.6Z,65.51
2026-08-19T06:21:02.37Z,65.45
2026-08-19T06:26:00.382Z,64.91
2026-08-19T06:31:00.378Z,65.19
2026-08-19T06:36:00.319Z,65.01
2026-08-19T06:41:00.181Z,63.67
2026-08-19T06:46:00.15Z,63.16
2026-08-19T06:51:02.819Z,59.97
2026-08-19T06:56:00.241Z,60.07
2026-08-19T07:01:00.164Z,59.91
2026-08-19T07:06:02.498Z,59.81
2026-08-19T07:11:02.846Z,59.15
2026-08-19T07:16:02.534Z,59.24
2026-08-19T07:21:00.841Z,58.29
2026-08-19T07:26:04.075Z,58.83
2026-08-19T07:31:02.604Z,57.81
2026-08-19T07:36:02.326Z,58.29
2026-08-19T07:41:00.386Z,57.94
2026-08-19T07:46:02.621Z,58.03
2026-08-19T07:51:00.727Z,59.05
2026-08-19T07:56:01.174Z,56.28
2026-08-19T08:01:02.371Z,54.18
2026-08-19T08:06:00.405Z,53.54
2026-08-19T08:11:00.678Z,51.23
2026-08-19T08:16:00.323Z,51.64
2026-08-19T08:21:02.503Z,52.21
2026-08-19T08:26:03.421Z,51.64
2026-08-19T08:31:02.53Z,53.96
2026-08-19T08:36:02.288Z,52.21
2026-08-19T08:41:00.209Z,51.09
2026-08-19T08:46:02.328Z,48.77
2026-08-19T08:51:01.901Z,48.81
2026-08-19T08:56:00.331Z,45.43
2026-08-19T09:01:02.418Z,44.76
2026-08-19T09:06:02.729Z,44.44
2026-08-19T09:11:02.605Z,45.14
2026-08-19T09:16:00.228Z,43.65
2026-08-19T09:21:01.308Z,43.08
2026-08-19T09:26:00.289Z,41.71
2026-08-19T09:31:01.115Z,41.1
2026-08-19T09:36:03.026Z,41.54
2026-08-19T09:41:02.596Z,40.05
2026-08-19T09:46:01.113Z,39.61
2026-08-19T09:51:03.265Z,39.67
2026-08-19T09:56:02.65Z,38.91
2026-08-19T10:01:03.846Z,38.36
2026-08-19T10:06:03.262Z,38.14
2026-08-19T10:11:03.208Z,37.86
2026-08-19T10:16:03.364Z,38.14
2026-08-19T10:21:02.937Z,38.33
2026-08-19T10:26:00.21Z,38.08
2026-08-19T10:31:00.149Z,34.39
2026-08-19T10:36:00.142Z,34.96
2026-08-19T10:41:02.535Z,34.54
2026-08-19T10:46:02.345Z,31.62
2026-08-19T10:51:00.321Z,34.39
2026-08-19T10:56:00.286Z,33.52
2026-08-19T11:01:03.591Z,31.94
2026-08-19T11:06:00.27Z,31.17
2026-08-19T11:11:00.28Z,35.37
2026-08-19T11:16:00.211Z,31.33
2026-08-19T11:21:00.213Z,34.96
2026-08-19T11:26:02.379Z,30.09
2026-08-19T11:31:02.544Z,30.98
2026-08-19T11:36:00.183Z,29.07
2026-08-19T11:41:02.411Z,29.87
2026-08-19T11:46:03.253Z,30.66
2026-08-19T11:51:02.596Z,32.06
2026-08-19T11:56:02.431Z,29.49
2026-08-19T12:01:00.861Z,29.23
2026-08-19T12:06:02.562Z,29.17
2026-08-19T12:11:02.478Z,28.78
2026-08-19T12:16:02.325Z,29.93
2026-08-19T12:21:01.267Z,31.11
2026-08-19T12:26:01.365Z,32.83
2026-08-19T12:31:00.363Z,30.31
2026-08-19T12:36:02.196Z,29.39
2026-08-19T12:41:00.214Z,28.88
2026-08-19T12:46:00.807Z,29.29
2026-08-19T12:51:02.949Z,28.47
2026-08-19T12:56:00.181Z,30.92
2026-08-19T13:01:02.675Z,29.49
2026-08-19T13:06:00.871Z,28.66
2026-08-19T13:11:00.604Z,27.92
2026-08-19T13:16:01.561Z,28.12
2026-08-19T13:21:02.606Z,28.24
2026-08-19T13:26:00.646Z,28.66
2026-08-19T13:31:02.657Z,29.74
2026-08-19T13:36:02.884Z,28.88
2026-08-19T13:41:00.347Z,34.29
2026-08-19T13:46:00.964Z,33.21
2026-08-19T13:51:00.241Z,32.83
2026-08-19T13:56:02.499Z,32.03
2026-08-19T14:01:00.175Z,34.58
2026-08-19T14:06:03.658Z,36.14
2026-08-19T14:11:00.288Z,37.79
2026-08-19T14:16:00.523Z,38.17
2026-08-19T14:21:00.146Z,37.06
2026-08-19T14:26:00.208Z,37.12
2026-08-19T14:31:00.216Z,36.14
2026-08-19T14:36:00.258Z,35.66
2026-08-19T14:41:02.446Z,35.5
2026-08-19T14:46:00.312Z,34.42
2026-08-19T14:51:02.613Z,33.81
2026-08-19T14:56:02.362Z,33.4
2026-08-19T15:01:02.425Z,31.78
2026-08-19T15:06:02.892Z,31.17
2026-08-19T15:11:06.516Z,30.47
2026-08-19T15:16:02.43Z,29.64
2026-08-19T15:21:02.733Z,27.13
2026-08-19T15:26:02.59Z,27.54
2026-08-19T15:31:19.734Z,26.94
2026-08-19T15:36:02.747Z,25.06
2026-08-19T15:41:02.4Z,26.71
2026-08-19T15:46:02.5Z,27.29
2026-08-19T15:51:00.207Z,27.77
2026-08-19T15:56:02.171Z,29.42
2026-08-19T16:01:03.463Z,30.69
2026-08-19T16:06:11.416Z,30.54
2026-08-19T16:11:00.308Z,30.44
2026-08-19T16:16:02.418Z,30.37
2026-08-19T16:21:00.232Z,31.17
2026-08-19T16:26:03.597Z,32.89
2026-08-19T16:31:01.543Z,34.39
2026-08-19T16:36:04.736Z,32.83
2026-08-19T16:41:00.279Z,32.96
2026-08-19T16:46:02.816Z,33.66
2026-08-19T16:51:01.847Z,33.52
2026-08-19T16:56:02.475Z,33.43
2026-08-19T17:01:02.466Z,34.48
2026-08-19T17:06:02.38Z,30.95
2026-08-19T17:11:02.583Z,30.02
2026-08-19T17:16:02.372Z,29.1
2026-08-19T17:21:02.995Z,29.13
2026-08-19T17:26:02.314Z,30.06
2026-08-19T17:31:00.312Z,30.85
2026-08-19T17:36:01.093Z,30.72
2026-08-19T17:41:01.599Z,30.89
2026-08-19T17:46:00.217Z,32.19
2026-08-19T17:51:00.297Z,34.01
2026-08-19T17:56:02.682Z,35.21
2026-08-19T18:01:03.464Z,37.09
2026-08-19T18:06:00.182Z,37.06
2026-08-19T18:11:02.606Z,36.55
2026-08-19T18:16:02.96Z,37.09
2026-08-19T18:21:01.059Z,38.08
2026-08-19T18:26:02.367Z,39.09
2026-08-19T18:31:03.3Z,38.94
2026-08-19T18:36:00.168Z,39.29
2026-08-19T18:41:00.422Z,39.16
2026-08-19T18:46:02.529Z,38.74
2026-08-19T18:51:00.161Z,40.37
2026-08-19T18:56:02.693Z,39.19
2026-08-19T19:01:01.195Z,26.71
2026-08-19T19:06:01.248Z,35.31
2026-08-19T19:11:02.538Z,37.06
2026-08-19T19:16:01.339Z,39.54
2026-08-19T19:21:01.156Z,27.54
2026-08-19T19:26:00.194Z,29.39
2026-08-19T19:31:00.24Z,33.97
2026-08-19T19:36:00.249Z,32.57
2026-08-19T19:41:03.08Z,38.14
2026-08-19T19:46:00.31Z,41.13
2026-08-19T19:51:00.227Z,42.88
2026-08-19T19:56:00.232Z,44.09
2026-08-19T20:01:02.858Z,44.63
2026-08-19T20:06:01.686Z,45.05
2026-08-19T20:11:02.464Z,45.24
2026-08-19T20:16:02.688Z,45.43
2026-08-19T20:21:00.188Z,46.19
2026-08-19T20:26:02.562Z,47.59
2026-08-19T20:31:02.475Z,49.19
2026-08-19T20:36:02.387Z,49.63
2026-08-19T20:41:00.274Z,50.08
2026-08-19T20:46:00.341Z,50.14
2026-08-19T20:51:00.814Z,49.76
2026-08-19T20:56:00.332Z,49.79
2026-08-19T21:01:00.32Z,50.24
2026-08-19T21:06:02.394Z,48.81
2026-08-19T21:11:02.521Z,46.92
2026-08-19T21:16:03.108Z,43.11
2026-08-19T21:21:02.512Z,42.82
2026-08-19T21:26:00.284Z,44.48
2026-08-19T21:31:00.304Z,44.92
2026-08-19T21:36:00.198Z,42.85
2026-08-19T21:42:12.143Z,39.03
2026-08-19T21:46:02.309Z,38.27
2026-08-19T21:51:02.378Z,38.36
2026-08-19T21:56:02.338Z,38.62
2026-08-19T22:01:01.344Z,38.53
2026-08-19T22:06:02.469Z,38.84
2026-08-19T22:11:03.387Z,38.3
2026-08-19T22:16:01.442Z,37.86
2026-08-19T22:21:03.029Z,36.11
2026-08-19T22:26:00.228Z,34.83
2026-08-19T22:31:01.781Z,32.92
2026-08-19T22:36:00.22Z,33.21
2026-08-19T22:41:03.167Z,33.27
2026-08-19T22:46:02.477Z,28.31
2026-08-19T22:51:02.825Z,27.13
2026-08-19T22:56:00.423Z,28.21
2026-08-19T23:01:00.246Z,28.69
2026-08-19T23:06:03.121Z,29.87
2026-08-19T23:11:02.695Z,30.5
2026-08-19T23:16:02.265Z,31.08
2026-08-19T23:21:01.737Z,31.01
2026-08-19T23:26:02.382Z,31.04
2026-08-19T23:31:02.476Z,30.92
2026-08-19T23:36:02.306Z,31.62
2026-08-19T23:41:02.436Z,32.16
2026-08-19T23:46:02.332Z,33.17
2026-08-19T23:51:02.4Z,32.61
2026-08-19T23:56:02.814Z,33.17
2026-08-20T00:01:00.306Z,33.78
2026-08-20T00:06:00.194Z,33.94
2026-08-20T00:11:02.983Z,34.07
2026-08-20T00:16:00.328Z,34.71
2026-08-20T00:21:03.572Z,43.71
2026-08-20T00:26:00.199Z,49.37
2026-08-20T00:31:02.435Z,51.19
2026-08-20T00:36:02.554Z,51.79
2026-08-20T00:41:00.221Z,51.58
2026-08-20T00:46:02.8Z,49.76
2026-08-20T00:51:00.298Z,50.01
2026-08-20T00:56:02.961Z,50.3
2026-08-20T01:01:03.954Z,50.65
2026-08-20T01:06:03.783Z,51.26
2026-08-20T01:11:03.213Z,50.71
2026-08-20T01:16:01.893Z,50.59
2026-08-20T01:21:01.567Z,50.52
2026-08-20T01:26:02.466Z,50.52
2026-08-20T01:31:02.296Z,50.59
2026-08-20T01:36:01.335Z,50.91
2026-08-20T01:41:02.406Z,50.24
2026-08-20T01:46:02.734Z,45.43
2026-08-20T01:51:00.489Z,43.08
2026-08-20T01:56:02.618Z,42.28
2026-08-20T02:01:02.54Z,42.34
2026-08-20T02:06:02.548Z,43.11
2026-08-20T02:11:02.479Z,43.01
2026-08-20T02:16:02.652Z,42.82
2026-08-20T02:21:00.783Z,43.04
2026-08-20T02:26:02.607Z,42.66
2026-08-20T02:31:02.422Z,42.34
2026-08-20T02:36:02.443Z,41.68
2026-08-20T02:41:02.47Z,41.64
2026-08-20T02:46:00.647Z,42.03
2026-08-20T02:51:02.466Z,42.12
2026-08-20T02:56:02.516Z,41.58
2026-08-20T03:01:04.145Z,41.83
2026-08-20T03:06:05.075Z,41.68
2026-08-20T03:11:00.316Z,41.93
2026-08-20T03:16:02.593Z,41.93
2026-08-20T03:21:03.169Z,42.63
2026-08-20T03:26:02.649Z,42.95
2026-08-20T03:31:00.368Z,44.03
2026-08-20T03:36:02.76Z,44.12
2026-08-20T03:41:05.324Z,43.9
2026-08-20T03:46:02.627Z,45.59
2026-08-20T03:51:02.567Z,45.91
2026-08-20T03:56:02.422Z,45.68
2026-08-20T04:01:02.417Z,45.94
2026-08-20T04:06:02.601Z,46.22
2026-08-20T04:11:02.466Z,47.62
2026-08-20T04:16:00.309Z,47.44
2026-08-20T04:21:02.553Z,48.58
2026-08-20T04:26:02.772Z,48.01
2026-08-20T04:31:02.615Z,48.01
2026-08-20T04:36:02.497Z,48.77
2026-08-20T04:41:02.629Z,49.47
2026-08-20T04:46:02.636Z,48.99
2026-08-20T04:51:02.951Z,49.12
2026-08-20T04:56:00.384Z,49.86
2026-08-20T05:01:02.894Z,49.44
2026-08-20T05:06:00.283Z,52.05
2026-08-20T05:11:02.587Z,53.71
2026-08-20T05:16:02.839Z,53.71
2026-08-20T05:21:02.509Z,53.77
2026-08-20T05:26:02.452Z,54.44
2026-08-20T05:31:02.39Z,53.42
2026-08-20T05:36:02.397Z,54.44
2026-08-20T05:41:03.359Z,55.08
2026-08-20T05:46:00.386Z,55.84
2026-08-20T05:51:00.238Z,55.87
2026-08-20T05:56:02.564Z,55.99
2026-08-20T06:01:02.753Z,56.6
2026-08-20T06:06:02.712Z,57.74
2026-08-20T06:11:02.389Z,59.75
2026-08-20T06:16:02.244Z,57.94
2026-08-20T06:21:00.235Z,59.91
2026-08-20T06:26:02.544Z,59.11
2026-08-20T06:31:03.217Z,56.76
2026-08-20T06:36:02.473Z,56.51
2026-08-20T06:41:02.943Z,55.39
2026-08-20T06:46:02.02Z,55.14
2026-08-20T06:51:02.663Z,53.36
2026-08-20T06:56:00.312Z,51.82
2026-08-20T07:01:01.323Z,49.28
2026-08-20T07:06:02.831Z,49.98
2026-08-20T07:11:04.59Z,49.63
2026-08-20T07:16:02.89Z,48.58
2026-08-20T07:21:03.422Z,48.52
2026-08-20T07:26:02.539Z,47.85
2026-08-20T07:31:02.685Z,48.04
2026-08-20T07:36:02.713Z,46.77
2026-08-20T07:41:03.085Z,47.34
2026-08-20T07:46:00.332Z,46.54
2026-08-20T07:51:02.761Z,45.05
2026-08-20T07:56:02.725Z,45.59
2026-08-20T08:01:00.29Z,44.48
2026-08-20T08:06:00.335Z,45.84
2026-08-20T08:11:02.377Z,43.93
2026-08-20T08:16:02.732Z,44.73
2026-08-20T08:21:00.337Z,44.57
2026-08-20T08:26:02.546Z,45.05
2026-08-20T08:31:02.502Z,43.11
2026-08-20T08:36:00.279Z,42.76
2026-08-20T08:41:02.782Z,42.66
2026-08-20T08:46:02.526Z,41.54
2026-08-20T08:51:00.286Z,39.47
2026-08-20T08:56:02.885Z,38.01
2026-08-20T09:01:02.704Z,35.73
2026-08-20T09:06:05.708Z,35.53
2026-08-20T09:11:02.734Z,37.63
2026-08-20T09:16:02.585Z,35.06
2026-08-20T09:21:02.476Z,34.42
2026-08-20T09:26:02.418Z,34.33
2026-08-20T09:31:02.623Z,35.34
2026-08-20T09:36:02.463Z,35.15
2026-08-20T09:41:02.463Z,36.64
2026-08-20T09:46:02.649Z,34.67
2026-08-20T09:51:02.577Z,35.79
2026-08-20T09:56:03.71Z,34.22
2026-08-20T10:01:02.523Z,34.64
2026-08-20T10:06:02.788Z,33.34
2026-08-20T10:11:01.088Z,34.61
2026-08-20T10:16:01.463Z,33.05
2026-08-20T10:21:02.66Z,33.66
2026-08-20T10:26:02.39Z,32.7
2026-08-20T10:31:02.532Z,32.48
2026-08-20T10:36:02.634Z,31.65
2026-08-20T10:41:02.548Z,31.04
2026-08-20T10:46:03.515Z,30.37
2026-08-20T10:51:00.212Z,30.95
2026-08-20T10:56:02.675Z,32.92
2026-08-20T11:01:02.603Z,33.4
2026-08-20T11:06:00.285Z,33.94
2026-08-20T11:11:00.325Z,35.62
2026-08-20T11:16:03.099Z,32.79
2026-08-20T11:21:01.795Z,32.92
2026-08-20T11:26:00.287Z,33.91
2026-08-20T11:31:00.228Z,35.12
2026-08-20T11:36:00.205Z,37.47
2026-08-20T11:41:00.367Z,42.25
2026-08-20T11:46:00.326Z,44.06
2026-08-20T11:51:00.222Z,44.22
2026-08-20T11:56:00.337Z,39.61
2026-08-20T12:01:02.626Z,37.34
2026-08-20T12:06:03.257Z,37.34
2026-08-20T12:11:02.493Z,37.41
2026-08-20T12:16:00.368Z,37.31
2026-08-20T12:21:00.263Z,35.88
2026-08-20T12:26:01.995Z,36.04
2026-08-20T12:31:01.058Z,35.82
2026-08-20T12:36:00.256Z,37.66
2026-08-20T12:41:02.714Z,38.97
2026-08-20T12:46:02.908Z,39.16
2026-08-20T12:51:01.104Z,40.46
2026-08-20T12:56:02.482Z,40.84
2026-08-20T13:01:07.447Z,40.81
2026-08-20T13:06:01.407Z,41.96
2026-08-20T13:11:02.667Z,42.85
2026-08-20T13:16:00.776Z,44.95
2026-08-20T13:21:01.519Z,41.96
2026-08-20T13:26:03.529Z,39.64
2026-08-20T13:31:03.159Z,40.4
2026-08-20T13:36:03.354Z,39.22
2026-08-20T13:41:02.762Z,38.39
2026-08-20T13:46:02.371Z,39.06
2026-08-20T13:51:02.976Z,39.54
2026-08-20T13:56:01.557Z,40.27
2026-08-20T14:01:02.682Z,40.21
2026-08-20T14:06:00.342Z,40.91
2026-08-20T14:11:03.192Z,41.16
2026-08-20T14:16:02.349Z,40.62
2026-08-20T14:21:02.687Z,41.58
2026-08-20T14:26:02.411Z,41.23
2026-08-20T14:31:05.299Z,41.26
2026-08-20T14:36:02.651Z,41.86
2026-08-20T14:41:02.548Z,42.53
2026-08-20T14:46:03.538Z,42.66
2026-08-20T14:51:02.847Z,44.12
2026-08-20T14:56:02.416Z,43.93
2026-08-20T15:01:02.768Z,43.46
2026-08-20T15:06:00.47Z,42.72
2026-08-20T15:11:02.529Z,39.22
2026-08-20T15:16:00.223Z,38.97
2026-08-20T15:21:01.286Z,38.97
2026-08-20T15:26:00.338Z,38.24
2026-08-20T15:31:05.401Z,37.22
2026-08-20T15:36:00.568Z,37.22
2026-08-20T15:41:02.476Z,36.99
2026-08-20T15:46:02.517Z,36.36
2026-08-20T15:51:02.361Z,36.32
2026-08-20T15:56:02.484Z,36.32
2026-08-20T16:01:01.319Z,36.77
2026-08-20T16:06:01.375Z,37.47
2026-08-20T16:11:03.992Z,39.22
2026-08-20T16:16:01.334Z,40.56
2026-08-20T16:21:02.489Z,39.44
2026-08-20T16:26:00.238Z,46.54
2026-08-20T16:31:01.036Z,53.42
2026-08-20T16:36:02.461Z,55.55
2026-08-20T16:41:03.712Z,56.06
2026-08-20T16:46:00.2Z,58.06
2026-08-20T16:51:00.306Z,59.46
2026-08-20T16:56:03.904Z,59.66
2026-08-20T17:01:00.205Z,59.81
2026-08-20T17:06:00.323Z,59.85
2026-08-20T17:11:00.33Z,59.91
2026-08-20T17:16:02.412Z,59.97
2026-08-20T17:21:00.223Z,59.81
2026-08-20T17:26:02.487Z,59.53
2026-08-20T17:31:02.82Z,59.5
2026-08-20T17:36:02.592Z,59.21
2026-08-20T17:41:04.873Z,58.93
2026-08-20T17:46:02.563Z,58.99
2026-08-20T17:51:02.395Z,58.64
2026-08-20T17:56:03.433Z,57.91
2026-08-20T18:01:00.793Z,60.83
2026-08-20T18:06:02.509Z,59.88
2026-08-20T18:11:03.07Z,61.09
2026-08-20T18:16:02.475Z,60.01
2026-08-20T18:21:03.438Z,60.29
2026-08-20T18:26:02.348Z,59.4
2026-08-20T18:31:01.501Z,60.1
2026-08-20T18:36:02.966Z,59.69
2026-08-20T18:41:02.436Z,59.5
2026-08-20T18:46:02.439Z,59.11
2026-08-20T18:51:00.179Z,59.56
2026-08-20T18:56:03.086Z,59.24
2026-08-20T19:01:03.049Z,59.46
2026-08-20T19:06:00.27Z,60.55
2026-08-20T19:11:00.829Z,61.31
2026-08-20T19:16:00.204Z,62.23
2026-08-20T19:21:03.288Z,63.7
2026-08-20T19:26:02.621Z,63.19
2026-08-20T19:31:02.452Z,62.46
2026-08-20T19:36:00.332Z,62.42
2026-08-20T19:41:00.214Z,62.23
2026-08-20T19:46:02.959Z,62.36
2026-08-20T19:51:02.559Z,62.42
2026-08-20T19:56:02.642Z,62.52
2026-08-20T20:01:02.504Z,63.13
2026-08-20T20:06:02.419Z,63.09
2026-08-20T20:11:00.254Z,63.25
2026-08-20T20:16:00.663Z,63.54
2026-08-20T20:21:00.172Z,63.99
2026-08-20T20:26:02.517Z,63.99
2026-08-20T20:31:03.753Z,64.24
2026-08-20T20:36:00.239Z,63.73
2026-08-20T20:41:02.617Z,64.14
2026-08-20T20:46:03.471Z,63.95
2026-08-20T20:51:00.59Z,64.05
2026-08-20T20:56:02.443Z,64.84
2026-08-20T21:01:02.573Z,65.39
2026-08-20T21:06:00.4Z,65.83
2026-08-20T21:11:00.783Z,65.8
2026-08-20T21:16:02.831Z,65.89
2026-08-20T21:21:02.521Z,65.89
2026-08-20T21:26:00.235Z,65.54
2026-08-20T21:31:02.503Z,65.54
2026-08-20T21:36:00.252Z,65.57
2026-08-20T21:41:02.538Z,65.8
2026-08-20T21:46:02.419Z,65.8
2026-08-20T21:51:02.574Z,65.61
2026-08-20T21:56:01.436Z,65.67
2026-08-20T22:01:02.657Z,65.96
2026-08-20T22:06:04.355Z,66.15
2026-08-20T22:11:02.531Z,66.12
2026-08-20T22:16:03.381Z,66.24
2026-08-20T22:21:00.178Z,66.53
2026-08-20T22:26:02.39Z,66.76
2026-08-20T22:31:02.435Z,66.79
2026-08-20T22:36:02.647Z,67.23
2026-08-20T22:41:02.554Z,67.36
2026-08-20T22:46:02.757Z,67.46
2026-08-20T22:51:02.428Z,67.46
2026-08-20T22:56:00.307Z,67.58
2026-08-20T23:01:02.746Z,67.71
2026-08-20T23:06:02.676Z,67.78
2026-08-20T23:11:02.711Z,67.74
2026-08-20T23:16:03.35Z,67.71
2026-08-20T23:21:00.452Z,67.55
2026-08-20T23:26:00.259Z,67.46
2026-08-20T23:31:02.502Z,67.39
2026-08-20T23:36:02.128Z,67.58
2026-08-20T23:41:02.547Z,67.9
2026-08-20T23:46:02.389Z,68.09
2026-08-20T23:51:00.286Z,68.95
2026-08-20T23:56:02.391Z,68.89
2026-08-21T00:01:00.346Z,69.21
2026-08-21T00:06:02.614Z,69.59
2026-08-21T00:11:02.85Z,69.62
2026-08-21T00:16:00.201Z,69.68
2026-08-21T00:21:02.599Z,69.56
2026-08-21T00:26:00.665Z,69.74
2026-08-21T00:31:02.508Z,70.06
2026-08-21T00:36:02.783Z,70.26
2026-08-21T00:41:00.273Z,70.12
2026-08-21T00:46:01.526Z,70.22
2026-08-21T00:51:02.472Z,70.44
2026-08-21T00:56:02.348Z,70.38
2026-08-21T01:01:03.837Z,70.09
2026-08-21T01:06:00.477Z,69.94
2026-08-21T01:11:03.421Z,69.91
2026-08-21T01:16:01.168Z,70.0
2026-08-21T01:21:00.21Z,70.06
2026-08-21T01:26:00.284Z,69.97
2026-08-21T01:31:01.44Z,69.94
2026-08-21T01:36:02.658Z,70.82
2026-08-21T01:41:01.438Z,71.02
2026-08-21T01:46:02.582Z,71.11
2026-08-21T01:51:02.452Z,71.53
2026-08-21T01:56:02.672Z,71.56
2026-08-21T02:01:02.628Z,71.75
2026-08-21T02:06:02.364Z,71.72
2026-08-21T02:11:00.221Z,71.34
2026-08-21T02:16:03.713Z,71.08
2026-08-21T02:21:02.745Z,70.89
2026-08-21T02:26:02.582Z,70.79
2026-08-21T02:31:02.283Z,71.05
2026-08-21T02:36:00.252Z,71.11
2026-08-21T02:41:02.529Z,71.28
2026-08-21T02:46:00.449Z,71.34
2026-08-21T02:51:02.63Z,71.72
2026-08-21T02:56:02.497Z,72.01
2026-08-21T03:01:00.644Z,72.22
2026-08-21T03:06:05.124Z,72.71
2026-08-21T03:11:02.407Z,72.86
2026-08-21T03:16:00.288Z,72.96
2026-08-21T03:21:02.529Z,73.34
2026-08-21T03:26:00.309Z,73.37
2026-08-21T03:31:02.524Z,74.39
2026-08-21T03:36:00.249Z,73.98
2026-08-21T03:41:03.282Z,74.08
2026-08-21T03:46:02.652Z,74.33
2026-08-21T03:51:02.608Z,74.36
2026-08-21T03:56:00.591Z,74.52
2026-08-21T04:01:03.615Z,74.55
2026-08-21T04:06:02.929Z,74.9
2026-08-21T04:11:00.187Z,76.65
2026-08-21T04:16:02.457Z,75.89
2026-08-21T04:21:03.063Z,75.44
2026-08-21T04:26:02.352Z,75.19
2026-08-21T04:31:00.244Z,74.74
2026-08-21T04:36:00.343Z,75.98
2026-08-21T04:41:02.433Z,75.95
2026-08-21T04:46:02.57Z,76.05
2026-08-21T04:51:05.332Z,76.65
2026-08-21T04:56:02.623Z,77.1
2026-08-21T05:01:00.234Z,77.13
2026-08-21T05:06:02.454Z,77.73
2026-08-21T05:11:02.436Z,76.65
2026-08-21T05:16:02.764Z,76.59
2026-08-21T05:21:00.202Z,75.22
2026-08-21T05:26:02.748Z,74.81
2026-08-21T05:31:00.501Z,74.36
2026-08-21T05:36:02.061Z,72.68
2026-08-21T05:41:00.217Z,71.81
2026-08-21T05:46:00.963Z,71.78
2026-08-21T05:51:00.172Z,72.19
2026-08-21T05:56:00.232Z,72.22
2026-08-21T06:01:02.569Z,72.19
2026-08-21T06:06:02.549Z,72.04
2026-08-21T06:11:00.427Z,72.19
2026-08-21T06:16:03.301Z,72.26
2026-08-21T06:21:00.631Z,71.78
2026-08-21T06:26:00.261Z,70.54
2026-08-21T06:31:02.73Z,69.27
2026-08-21T06:36:00.198Z,68.54
2026-08-21T06:41:00.188Z,67.96
2026-08-21T06:46:02.407Z,67.78
2026-08-21T06:51:02.597Z,67.68
2026-08-21T06:56:03.995Z,66.69
2026-08-21T07:01:00.583Z,67.46
2026-08-21T07:06:02.54Z,66.85
2026-08-21T07:11:02.638Z,65.54
2026-08-21T07:16:00.214Z,65.96
2026-08-21T07:21:00.556Z,65.1
2026-08-21T07:26:00.283Z,63.25
2026-08-21T07:31:00.267Z,61.6
2026-08-21T07:36:00.38Z,60.83
2026-08-21T07:41:00.242Z,59.97
2026-08-21T07:46:02.417Z,59.37
2026-08-21T07:51:02.534Z,59.15
2026-08-21T07:56:00.335Z,57.81
2026-08-21T08:01:02.385Z,57.78
2026-08-21T08:06:02.547Z,57.21
2026-08-21T08:11:00.243Z,57.11
2026-08-21T08:16:02.327Z,56.38
2026-08-21T08:21:04.405Z,56.09
2026-08-21T08:26:02.633Z,55.08
2026-08-21T08:31:01.251Z,55.26
2026-08-21T08:36:02.3Z,54.5
2026-08-21T08:41:02.422Z,54.66
2026-08-21T08:46:02.51Z,53.13
2026-08-21T08:51:00.273Z,52.02
2026-08-21T08:56:02.307Z,52.62
2026-08-21T09:01:00.572Z,50.62
2026-08-21T09:06:00.217Z,50.11
2026-08-21T09:11:04.141Z,49.34
2026-08-21T09:16:00.27Z,50.49
2026-08-21T09:21:02.33Z,48.61
2026-08-21T09:26:02.687Z,49.16
2026-08-21T09:31:02.581Z,47.56
2026-08-21T09:36:02.499Z,47.31
2026-08-21T09:41:02.597Z,46.1
2026-08-21T09:46:00.52Z,45.68
2026-08-21T09:51:03.081Z,45.91
2026-08-21T09:56:02.342Z,46.35
2026-08-21T10:01:03.965Z,45.37
2026-08-21T10:06:02.822Z,44.92
2026-08-21T10:11:01.074Z,44.98
2026-08-21T10:16:00.254Z,44.03
2026-08-21T10:21:00.189Z,42.34
2026-08-21T10:26:03.73Z,43.36
2026-08-21T10:31:02.496Z,42.69
2026-08-21T10:36:01.875Z,41.77
2026-08-21T10:41:00.247Z,42.47
2026-08-21T10:46:00.397Z,40.37
2026-08-21T10:51:00.375Z,41.36
2026-08-21T10:56:02.677Z,41.8
2026-08-21T11:01:02.544Z,39.96
2026-08-21T11:06:02.988Z,42.82
2026-08-21T11:11:00.274Z,40.46
2026-08-21T11:16:00.258Z,37.16
2026-08-21T11:21:00.186Z,36.74
2026-08-21T11:26:02.879Z,37.86
2026-08-21T11:31:02.786Z,37.63
2026-08-21T11:36:00.245Z,37.69
2026-08-21T11:41:02.45Z,37.06
2026-08-21T11:46:02.641Z,37.09
2026-08-21T11:51:04.904Z,36.32
2026-08-21T11:56:05.155Z,36.46
2026-08-21T12:01:00.411Z,37.37
2026-08-21T12:06:02.626Z,34.99
2026-08-21T12:11:00.383Z,35.5
2026-08-21T12:16:02.609Z,35.82
2026-08-21T12:21:02.682Z,38.04
2026-08-21T12:26:00.181Z,35.88
2026-08-21T12:31:02.533Z,35.53
2026-08-21T12:36:02.52Z,36.04
2026-08-21T12:41:02.48Z,33.05
2026-08-21T12:46:01.925Z,32.41
2026-08-21T12:51:02.534Z,32.38
2026-08-21T12:56:00.196Z,33.24
2026-08-21T13:01:03.401Z,33.43
2026-08-21T13:06:03.582Z,34.39
2026-08-21T13:11:00.391Z,33.46
2026-08-21T13:16:02.974Z,34.45
2026-08-21T13:21:04.248Z,33.14
2026-08-21T13:26:02.552Z,34.45
2026-08-21T13:31:00.245Z,33.84
2026-08-21T13:36:02.609Z,35.41
2026-08-21T13:41:02.509Z,33.21
2026-08-21T13:46:00.231Z,33.34
2026-08-21T13:51:02.704Z,33.78
2026-08-21T13:56:02.464Z,33.59
2026-08-21T14:01:00.337Z,33.91
2026-08-21T14:06:00.276Z,31.87
2026-08-21T14:11:00.272Z,32.19
2026-08-21T14:16:02.445Z,31.74
2026-08-21T14:21:01.568Z,32.86
2026-08-21T14:26:02.622Z,32.79
2026-08-21T14:31:02.654Z,31.56
2026-08-21T14:36:02.532Z,31.84
2026-08-21T14:41:00.304Z,31.2
2026-08-21T14:46:00.272Z,32.73
2026-08-21T14:51:02.463Z,28.78
2026-08-21T14:56:02.544Z,32.29
2026-08-21T15:01:00.277Z,30.6
2026-08-21T15:06:02.373Z,29.42
2026-08-21T15:11:00.293Z,31.24
2026-08-21T15:16:02.716Z,36.84
2026-08-21T15:21:02.855Z,37.83
2026-08-21T15:26:02.422Z,38.14
2026-08-21T15:31:00.215Z,38.21
2026-08-21T15:36:02.689Z,38.65
2026-08-21T15:41:02.466Z,38.08
2026-08-21T15:46:00.417Z,38.24
2026-08-21T15:51:02.591Z,38.01
2026-08-21T15:56:02.617Z,39.0
2026-08-21T16:01:02.539Z,39.09
2026-08-21T16:06:01.303Z,39.57
2026-08-21T16:11:02.499Z,39.03
2026-08-21T16:16:00.45Z,39.41
2026-08-21T16:21:02.569Z,39.09
2026-08-21T16:26:02.54Z,38.78
2026-08-21T16:31:00.379Z,39.19
2026-08-21T16:36:02.471Z,39.73
2026-08-21T16:41:02.288Z,39.61
2026-08-21T16:46:02.59Z,40.46
2026-08-21T16:51:02.834Z,41.99
2026-08-21T16:56:02.758Z,41.54
2026-08-21T17:01:02.763Z,42.03
2026-08-21T17:06:02.522Z,42.15
2026-08-21T17:11:00.404Z,42.47
2026-08-21T17:16:00.248Z,42.88
2026-08-21T17:21:02.483Z,42.5
2026-08-21T17:26:03.34Z,42.69
2026-08-21T17:31:00.23Z,42.88
2026-08-21T17:36:02.472Z,42.66
2026-08-21T17:41:02.536Z,42.53
2026-08-21T17:46:02.398Z,42.66
2026-08-21T17:51:00.275Z,42.79
2026-08-21T17:56:00.264Z,42.28
2026-08-21T18:01:00.241Z,42.21
2026-08-21T18:06:00.221Z,42.09
2026-08-21T18:11:05.221Z,41.86
2026-08-21T18:16:00.198Z,41.64
2026-08-21T18:21:02.802Z,41.64
2026-08-21T18:26:00.21Z,41.61
2026-08-21T18:31:02.597Z,42.28
2026-08-21T18:36:02.294Z,41.74
2026-08-21T18:41:00.214Z,41.9
2026-08-21T18:46:00.289Z,41.93
2026-08-21T18:51:02.526Z,42.12
2026-08-21T18:56:02.338Z,42.34
2026-08-21T19:01:01.617Z,42.82
2026-08-21T19:06:03.453Z,42.21
2026-08-21T19:11:03.616Z,42.06
2026-08-21T19:16:03.573Z,42.47
2026-08-21T19:21:00.205Z,42.85
2026-08-21T19:26:04.059Z,42.37
2026-08-21T19:31:02.569Z,43.14
2026-08-21T19:36:00.269Z,43.3
2026-08-21T19:41:02.618Z,43.58
2026-08-21T19:46:02.351Z,43.97
2026-08-21T19:51:00.297Z,44.38
2026-08-21T19:56:00.23Z,44.48
2026-08-21T20:01:02.466Z,45.05
2026-08-21T20:06:00.223Z,45.81
2026-08-21T20:11:03.645Z,46.51
2026-08-21T20:16:02.425Z,47.5
2026-08-21T20:21:00.264Z,47.5
2026-08-21T20:26:02.67Z,47.59
2026-08-21T20:31:02.496Z,48.04
2026-08-21T20:36:00.467Z,47.12
2026-08-21T20:41:02.575Z,47.56
2026-08-21T20:46:02.439Z,47.98
2026-08-21T20:51:01.346Z,48.2
2026-08-21T20:56:02.525Z,50.14
2026-08-21T21:01:00.553Z,50.88
2026-08-21T21:06:02.624Z,51.03
2026-08-21T21:11:00.178Z,51.96
2026-08-21T21:16:02.517Z,52.62
2026-08-21T21:21:02.471Z,53.71
2026-08-21T21:26:00.386Z,55.17
2026-08-21T21:31:00.378Z,56.76
2026-08-21T21:36:02.794Z,57.68
2026-08-21T21:41:00.303Z,59.56
2026-08-21T21:46:02.662Z,59.56
2026-08-21T21:51:00.266Z,60.07
2026-08-21T21:56:05.478Z,62.04
2026-08-21T22:01:02.762Z,62.52
2026-08-21T22:06:02.486Z,62.46
2026-08-21T22:11:01.404Z,63.16
2026-08-21T22:16:02.553Z,63.95
2026-08-21T22:21:02.362Z,63.99
2026-08-21T22:26:00.228Z,64.49
2026-08-21T22:31:02.459Z,65.8
2026-08-21T22:36:00.214Z,66.15
2026-08-21T22:41:03.087Z,66.59
2026-08-21T22:46:00.37Z,67.11
2026-08-21T22:51:02.705Z,67.55
2026-08-21T22:56:02.559Z,67.96
2026-08-21T23:01:00.3Z,68.57
2026-08-21T23:06:01.971Z,69.33
2026-08-21T23:11:02.553Z,69.3
2026-08-21T23:16:00.435Z,69.81
2026-08-21T23:21:00.234Z,70.0
2026-08-21T23:26:02.486Z,70.54
2026-08-21T23:31:00.376Z,70.86
2026-08-21T23:36:02.698Z,70.96
2026-08-21T23:41:00.24Z,71.14
2026-08-21T23:46:02.54Z,71.4
2026-08-21T23:51:02.481Z,71.31
2026-08-21T23:56:03.249Z,71.4
2026-08-22T00:01:03.89Z,71.21
2026-08-22T00:06:02.526Z,71.43
2026-08-22T00:11:03.223Z,71.43
2026-08-22T00:16:00.403Z,71.81
2026-08-22T00:21:02.432Z,72.01
2026-08-22T00:26:00.23Z,72.86
2026-08-22T00:31:00.934Z,73.5
2026-08-22T00:36:01.395Z,73.91
2026-08-22T00:41:02.549Z,74.14
2026-08-22T00:46:02.354Z,74.49
2026-08-22T00:51:01.832Z,74.52
2026-08-22T00:56:02.66Z,74.78
2026-08-22T01:01:03.426Z,75.28
2026-08-22T01:06:05.906Z,75.44
2026-08-22T01:11:01.73Z,75.66
2026-08-22T01:16:00.234Z,75.86
2026-08-22T01:21:00.227Z,75.79
2026-08-22T01:26:00.385Z,75.6
2026-08-22T01:31:00.375Z,75.31
2026-08-22T01:36:02.893Z,75.25
2026-08-22T01:41:02.36Z,74.93
2026-08-22T01:46:00.355Z,74.87
2026-08-22T01:51:02.382Z,74.87
2026-08-22T01:56:03.481Z,75.22
2026-08-22T02:01:02.704Z,75.63
2026-08-22T02:06:02.422Z,76.08
2026-08-22T02:11:03.268Z,75.92
2026-08-22T02:16:02.486Z,75.92
2026-08-22T02:21:02.536Z,76.33
2026-08-22T02:26:03.512Z,76.43
2026-08-22T02:31:01.228Z,76.87
2026-08-22T02:36:00.211Z,76.87
2026-08-22T02:41:00.394Z,77.19
2026-08-22T02:46:00.25Z,77.51
2026-08-22T02:51:02.749Z,77.86
2026-08-22T02:56:00.373Z,78.02
2026-08-22T03:01:02.685Z,78.15
2026-08-22T03:06:02.492Z,77.83
2026-08-22T03:11:00.402Z,77.64
2026-08-22T03:16:00.28Z,77.54
2026-08-22T03:21:02.433Z,77.16
2026-08-22T03:26:00.798Z,77.19
2026-08-22T03:31:02.734Z,77.35
2026-08-22T03:36:02.364Z,77.77
2026-08-22T03:41:00.174Z,78.28
2026-08-22T03:46:02.393Z,78.31
2026-08-22T03:51:02.651Z,78.12
2026-08-22T03:56:00.209Z,78.37
2026-08-22T04:01:01.713Z,78.43
2026-08-22T04:06:01.28Z,78.91
2026-08-22T04:11:00.776Z,79.52
2026-08-22T04:16:03.526Z,79.77
2026-08-22T04:21:02.501Z,79.36
2026-08-22T04:26:03.676Z,79.29
2026-08-22T04:31:00.167Z,78.75
2026-08-22T04:36:03.508Z,78.91
2026-08-22T04:41:03.437Z,78.21
2026-08-22T04:46:03.381Z,77.57
2026-08-22T04:51:02.666Z,77.45
2026-08-22T04:56:02.547Z,77.32
2026-08-22T05:01:02.437Z,77.61
2026-08-22T05:06:02.857Z,77.45
2026-08-22T05:11:02.403Z,78.15
2026-08-22T05:16:00.185Z,78.4
2026-08-22T05:21:00.168Z,77.67
2026-08-22T05:26:03.055Z,77.51
2026-08-22T05:31:00.274Z,77.45
2026-08-22T05:36:00.951Z,77.7
2026-08-22T05:41:02.418Z,77.86
2026-08-22T05:46:03.248Z,77.67
2026-08-22T05:51:02.731Z,77.89
2026-08-22T05:56:02.454Z,78.43
2026-08-22T06:01:02.603Z,78.43
2026-08-22T06:06:03.255Z,78.43
2026-08-22T06:11:00.375Z,78.94
2026-08-22T06:16:00.804Z,78.88
2026-08-22T06:21:01.286Z,78.62
2026-08-22T06:26:02.548Z,78.05
2026-08-22T06:31:00.177Z,77.42
2026-08-22T06:36:02.429Z,76.65
2026-08-22T06:41:01.909Z,76.05
2026-08-22T06:46:02.859Z,75.89
2026-08-22T06:51:02.641Z,75.57
2026-08-22T06:56:02.522Z,75.16
2026-08-22T07:01:08.222Z,74.87
2026-08-22T07:06:03.067Z,74.74
2026-08-22T07:11:03.753Z,73.56
2026-08-22T07:16:00.153Z,73.72
2026-08-22T07:21:00.222Z,73.31
2026-08-22T07:26:03.212Z,73.66
2026-08-22T07:31:02.408Z,73.98
2026-08-22T07:36:01.807Z,72.89
2026-08-22T07:41:00.232Z,72.74
2026-08-22T07:46:00.27Z,73.21
2026-08-22T07:51:03.478Z,73.53
2026-08-22T07:56:00.711Z,72.61
2026-08-22T08:01:00.253Z,72.39
2026-08-22T08:06:00.382Z,70.67
2026-08-22T08:11:02.692Z,69.91
2026-08-22T08:16:02.452Z,69.07
2026-08-22T08:21:00.263Z,70.09
2026-08-22T08:26:00.152Z,69.21
2026-08-22T08:31:02.653Z,67.84
2026-08-22T08:36:02.434Z,68.22
2026-08-22T08:41:00.352Z,66.5
2026-08-22T08:46:00.994Z,64.56
2026-08-22T08:51:00.193Z,65.36
2026-08-22T08:56:02.594Z,63.19
2026-08-22T09:01:00.278Z,62.68
2026-08-22T09:06:02.843Z,62.74
2026-08-22T09:11:02.37Z,58.29
2026-08-22T09:16:00.23Z,56.79
2026-08-22T09:21:02.462Z,56.86
2026-08-22T09:26:03.039Z,59.5
2026-08-22T09:31:03.17Z,59.34
2026-08-22T09:36:00.471Z,57.84
2026-08-22T09:41:02.517Z,57.56
2026-08-22T09:46:00.308Z,55.61
2026-08-22T09:51:02.649Z,56.38
2026-08-22T09:56:00.664Z,56.02
2026-08-22T10:01:03.478Z,55.77
2026-08-22T10:06:03.245Z,56.02
2026-08-22T10:11:03.454Z,56.22
2026-08-22T10:16:03.13Z,55.17
2026-08-22T10:21:02.427Z,56.12
2026-08-22T10:26:00.19Z,56.34
2026-08-22T10:31:00.215Z,55.14
2026-08-22T10:36:00.161Z,54.94
2026-08-22T10:41:00.246Z,55.29
2026-08-22T10:46:02.459Z,53.19
2026-08-22T10:51:00.284Z,51.86
2026-08-22T10:56:00.43Z,51.82
2026-08-22T11:01:02.566Z,53.07
2026-08-22T11:06:00.398Z,53.04
2026-08-22T11:11:03.594Z,51.32
2026-08-22T11:16:03Z,50.68
2026-08-22T11:21:02.824Z,51.03
2026-08-22T11:26:00.249Z,53.26
2026-08-22T11:31:02.408Z,50.81
2026-08-22T11:36:02.522Z,48.77
2026-08-22T11:41:03.085Z,47.82
2026-08-22T11:46:02.576Z,48.04
2026-08-22T11:51:02.417Z,47.75
2026-08-22T11:56:00.381Z,46.92
2026-08-22T12:01:02.689Z,49.66
2026-08-22T12:06:00.358Z,48.71
2026-08-22T12:11:00.289Z,49.41
2026-08-22T12:16:00.892Z,50.27
2026-08-22T12:21:03.832Z,49.79
2026-08-22T12:26:00.275Z,48.77
2026-08-22T12:31:02.63Z,49.69
2026-08-22T12:36:02.82Z,48.96
2026-08-22T12:41:00.148Z,50.36
2026-08-22T12:46:00.341Z,50.94
2026-08-22T12:51:02.485Z,51.06
2026-08-22T12:56:00.213Z,50.46
2026-08-22T13:01:03.555Z,50.21
2026-08-22T13:06:03.718Z,50.39
2026-08-22T13:11:02.449Z,50.97
2026-08-22T13:16:11.502Z,48.55
2026-08-22T13:21:00.183Z,50.01
2026-08-22T13:26:02.633Z,49.25
2026-08-22T13:31:02.545Z,49.57
2026-08-22T13:36:01.723Z,50.46
2026-08-22T13:41:02.583Z,50.08
2026-08-22T13:46:00.516Z,49.09
2026-08-22T13:51:02.547Z,49.72
2026-08-22T13:56:02.578Z,51.23
2026-08-22T14:01:02.527Z,48.77
2026-08-22T14:06:03.123Z,47.56
2026-08-22T14:11:02.923Z,47.34
2026-08-22T14:16:02.532Z,47.66
2026-08-22T14:21:03.145Z,46.77
2026-08-22T14:26:00.307Z,47.98
2026-08-22T14:31:02.442Z,46.8
2026-08-22T14:36:03.132Z,46.39
2026-08-22T14:41:00.161Z,47.15
2026-08-22T14:46:02.586Z,47.15
2026-08-22T14:51:03.541Z,47.18
2026-08-22T14:56:02.565Z,46.74
2026-08-22T15:01:08.853Z,47.31
2026-08-22T15:06:03.844Z,45.59
2026-08-22T15:11:02.56Z,47.53
2026-08-22T15:16:02.544Z,46.13
2026-08-22T15:21:00.355Z,46.64
2026-08-22T15:26:00.248Z,45.78
2026-08-22T15:31:00.153Z,45.24
2026-08-22T15:36:03.063Z,46.89
2026-08-22T15:41:00.15Z,44.83
2026-08-22T15:46:02.393Z,46.74
2026-08-22T15:51:00.384Z,47.05
2026-08-22T15:56:00.186Z,48.93
2026-08-22T16:01:02.36Z,47.31
2026-08-22T16:06:03.298Z,48.9
2026-08-22T16:11:02.383Z,48.74
2026-08-22T16:16:02.294Z,49.12
2026-08-22T16:21:02.677Z,51.0
2026-08-22T16:26:02.645Z,51.19
2026-08-22T16:31:00.368Z,52.28
2026-08-22T16:36:00.228Z,52.08
2026-08-22T16:41:02.472Z,52.43
2026-08-22T16:46:02.4Z,53.19
2026-08-22T16:51:02.793Z,52.94
2026-08-22T16:56:02.44Z,53.71
2026-08-22T17:01:00.365Z,53.99
2026-08-22T17:06:03.032Z,53.64
2026-08-22T17:11:02.465Z,54.15
2026-08-22T17:16:01.335Z,55.04
2026-08-22T17:21:00.185Z,55.01
2026-08-22T17:26:02.415Z,56.09
2026-08-22T17:31:01.089Z,55.46
2026-08-22T17:36:03.412Z,56.09
2026-08-22T17:41:00.608Z,55.17
2026-08-22T17:46:02.509Z,56.89
2026-08-22T17:51:03.616Z,56.31
2026-08-22T17:56:00.234Z,57.36
2026-08-22T18:01:01.606Z,58.41
2026-08-22T18:06:02.669Z,58.22
2026-08-22T18:11:02.725Z,58.41
2026-08-22T18:16:00.237Z,58.61
2026-08-22T18:21:02.754Z,59.43
2026-08-22T18:26:00.183Z,59.56
2026-08-22T18:31:02.378Z,60.36
2026-08-22T18:36:03.012Z,60.8
2026-08-22T18:41:02.702Z,61.25
2026-08-22T18:46:02.405Z,61.53
2026-08-22T18:51:02.668Z,61.82
2026-08-22T18:56:00.904Z,62.3
2026-08-22T19:01:01.449Z,62.84
2026-08-22T19:06:01.377Z,63.38
2026-08-22T19:11:03.524Z,62.77
2026-08-22T19:16:03.566Z,62.81
2026-08-22T19:21:03.911Z,62.9
2026-08-22T19:26:02.461Z,63.06
2026-08-22T19:31:00.346Z,63.6
2026-08-22T19:36:02.853Z,64.72
2026-08-22T19:41:02.438Z,65.04
2026-08-22T19:46:01.792Z,65.1
2026-08-22T19:51:02.536Z,65.26
2026-08-22T19:56:02.545Z,65.36
2026-08-22T20:01:02.42Z,65.74
2026-08-22T20:06:02.903Z,66.09
2026-08-22T20:11:00.259Z,66.28
2026-08-22T20:16:02.551Z,66.69
2026-08-22T20:21:00.407Z,67.08
2026-08-22T20:26:02.616Z,67.36
2026-08-22T20:31:02.395Z,67.68
2026-08-22T20:36:00.286Z,67.87
2026-08-22T20:41:00.249Z,68.12
2026-08-22T20:46:02.673Z,68.28
2026-08-22T20:51:00.444Z,68.47
2026-08-22T20:56:02.555Z,68.72
2026-08-22T21:01:01.146Z,68.82
2026-08-22T21:06:00.178Z,68.92
2026-08-22T21:11:00.226Z,69.42
2026-08-22T21:16:02.437Z,69.62
2026-08-22T21:21:02.649Z,69.84
2026-08-22T21:26:02.398Z,69.68
2026-08-22T21:31:00.404Z,69.65
2026-08-22T21:36:00.334Z,69.62
2026-08-22T21:41:00.26Z,70.16
2026-08-22T21:46:02.525Z,70.19
2026-08-22T21:51:00.351Z,70.19
2026-08-22T21:56:02.47Z,70.16
2026-08-22T22:01:02.602Z,70.38
2026-08-22T22:06:00.216Z,70.61
2026-08-22T22:11:02.372Z,70.54
2026-08-22T22:16:02.683Z,70.47
2026-08-22T22:21:02.418Z,70.57
2026-08-22T22:26:00.19Z,70.76
2026-08-22T22:31:02.622Z,70.92
2026-08-22T22:36:00.327Z,71.05
2026-08-22T22:41:02.476Z,71.62
2026-08-22T22:46:02.63Z,71.72
2026-08-22T22:51:03.116Z,72.04
2026-08-22T22:56:03.385Z,71.97
2026-08-22T23:01:02.638Z,72.45
2026-08-22T23:06:00.322Z,72.77
2026-08-22T23:11:00.333Z,73.12
2026-08-22T23:16:02.626Z,73.37
2026-08-22T23:21:02.025Z,73.47
2026-08-22T23:26:02.632Z,73.91
2026-08-22T23:31:00.21Z,74.52
2026-08-22T23:36:02.484Z,74.87
2026-08-22T23:41:00.943Z,75.06
2026-08-22T23:46:00.175Z,75.31
2026-08-22T23:51:00.174Z,75.54
2026-08-22T23:56:02.588Z,74.96
2026-08-23T00:01:03.299Z,74.96
2026-08-23T00:06:02.661Z,75.35
2026-08-23T00:11:02.422Z,75.47
2026-08-23T00:16:00.201Z,75.38
2026-08-23T00:21:02.31Z,75.25
2026-08-23T00:26:02.471Z,75.44
2026-08-23T00:31:00.492Z,76.05
2026-08-23T00:36:02.616Z,75.57
2026-08-23T00:41:02.241Z,76.11
2026-08-23T00:46:02.751Z,76.08
2026-08-23T00:51:00.621Z,76.4
2026-08-23T00:56:02.347Z,76.78
2026-08-23T01:01:02.469Z,77.51
2026-08-23T01:06:02.503Z,77.93
2026-08-23T01:11:00.161Z,78.05
2026-08-23T01:16:00.195Z,78.75
2026-08-23T01:21:02.956Z,78.75
2026-08-23T01:26:00.377Z,78.82
2026-08-23T01:31:02.519Z,78.94
2026-08-23T01:36:02.583Z,78.66
2026-08-23T01:41:00.286Z,78.15
2026-08-23T01:46:00.329Z,77.35
2026-08-23T01:51:00.224Z,76.01
2026-08-23T01:56:02.468Z,75.38
2026-08-23T02:01:00.351Z,74.81
2026-08-23T02:06:02.722Z,74.36
2026-08-23T02:11:02.31Z,74.11
2026-08-23T02:16:02.651Z,73.94
2026-08-23T02:21:02.361Z,74.04
2026-08-23T02:26:00.194Z,74.11
2026-08-23T02:31:00.221Z,74.33
2026-08-23T02:36:02.591Z,74.11
2026-08-23T02:41:02.969Z,74.17
2026-08-23T02:46:00.222Z,74.29
2026-08-23T02:51:02.438Z,74.52
2026-08-23T02:56:04.874Z,74.84
2026-08-23T03:01:02.449Z,75.0
2026-08-23T03:06:01.171Z,75.19
2026-08-23T03:11:03.549Z,75.47
2026-08-23T03:16:00.574Z,75.66
2026-08-23T03:21:02.725Z,75.73
2026-08-23T03:26:00.192Z,75.86
2026-08-23T03:31:00.187Z,75.79
2026-08-23T03:36:02.667Z,76.17
2026-08-23T03:41:03.593Z,76.24
2026-08-23T03:46:00.227Z,76.49
2026-08-23T03:51:02.584Z,76.65
2026-08-23T03:56:03.71Z,76.91
2026-08-23T04:01:02.642Z,76.59
2026-08-23T04:06:00.219Z,76.33
2026-08-23T04:11:02.727Z,76.3
2026-08-23T04:16:00.476Z,76.08
2026-08-23T04:21:02.828Z,76.56
2026-08-23T04:26:02.507Z,76.3
2026-08-23T04:31:02.387Z,76.4
2026-08-23T04:36:00.23Z,76.56
2026-08-23T04:41:02.497Z,76.56
2026-08-23T04:46:00.706Z,76.97
2026-08-23T04:51:02.381Z,77.54
2026-08-23T04:56:02.355Z,77.48
2026-08-23T05:01:02.615Z,78.02
2026-08-23T05:06:01.869Z,79.04
2026-08-23T05:11:02.457Z,78.59
2026-08-23T05:16:01.567Z,77.7
2026-08-23T05:21:02.685Z,77.93
2026-08-23T05:26:02.691Z,78.15
2026-08-23T05:31:03.162Z,78.15
2026-08-23T05:36:00.313Z,78.08
2026-08-23T05:41:02.404Z,78.59
2026-08-23T05:46:02.561Z,78.18
2026-08-23T05:51:02.671Z,77.83
2026-08-23T05:56:05.259Z,77.57
2026-08-23T06:01:14.902Z,77.45
2026-08-23T06:06:20.585Z,77.03
2026-08-23T06:11:02.408Z,76.46
2026-08-23T06:16:02.782Z,76.53
2026-08-23T06:21:02.4Z,76.71
2026-08-23T06:26:00.211Z,76.75
2026-08-23T06:31:02.394Z,76.36
2026-08-23T06:36:00.322Z,75.86
2026-08-23T06:41:00.347Z,76.14
2026-08-23T06:46:00.199Z,76.11
2026-08-23T06:51:02.419Z,76.4
2026-08-23T06:56:00.344Z,75.86
2026-08-23T07:01:00.831Z,75.7
2026-08-23T07:06:00.56Z,75.66
2026-08-23T07:11:03.098Z,74.81
2026-08-23T07:16:02.328Z,74.68
2026-08-23T07:21:02.84Z,74.39
2026-08-23T07:26:02.676Z,73.98
2026-08-23T07:31:00.236Z,73.24
2026-08-23T07:36:00.196Z,73.37
2026-08-23T07:41:02.626Z,73.18
2026-08-23T07:46:02.632Z,72.74
2026-08-23T07:51:02.933Z,72.58
2026-08-23T07:56:03.088Z,73.09
2026-08-23T08:01:02.573Z,72.86
2026-08-23T08:06:02.539Z,73.59
2026-08-23T08:11:00.375Z,73.72
2026-08-23T08:16:02.697Z,72.01
2026-08-23T08:21:02.921Z,71.28
2026-08-23T08:26:02.411Z,71.56
2026-08-23T08:31:00.334Z,70.38
2026-08-23T08:36:00.341Z,69.07
2026-08-23T08:41:02.703Z,68.28
2026-08-23T08:46:03.674Z,67.9
2026-08-23T08:51:02.377Z,65.71
2026-08-23T08:56:02.621Z,65.42
2026-08-23T09:01:00.689Z,64.14
2026-08-23T09:06:03.908Z,63.76
2026-08-23T09:11:00.841Z,64.49
2026-08-23T09:16:02.453Z,64.37
2026-08-23T09:21:00.195Z,62.94
2026-08-23T09:26:00.309Z,60.83
2026-08-23T09:31:02.438Z,60.55
2026-08-23T09:36:02.977Z,61.34
2026-08-23T09:41:02.462Z,60.83
2026-08-23T09:46:03.867Z,60.48
2026-08-23T09:51:02.436Z,60.16
2026-08-23T09:56:00.378Z,61.12
2026-08-23T10:01:02.749Z,59.66
2026-08-23T10:06:00.592Z,60.52
2026-08-23T10:11:00.45Z,58.22
2026-08-23T10:16:00.205Z,59.34
2026-08-23T10:21:00.192Z,59.18
2026-08-23T10:26:00.33Z,59.31
2026-08-23T10:31:00.202Z,58.67
2026-08-23T10:36:02.458Z,58.06
2026-08-23T10:41:00.374Z,57.62
2026-08-23T10:46:02.976Z,57.68
2026-08-23T10:51:02.298Z,57.71
2026-08-23T10:56:00.365Z,57.71
2026-08-23T11:01:00.64Z,58.45
2026-08-23T11:06:02.255Z,57.36
2026-08-23T11:11:00.516Z,59.24
2026-08-23T11:16:02.486Z,58.45
2026-08-23T11:21:00.329Z,58.09
2026-08-23T11:26:00.24Z,55.71
2026-08-23T11:31:02.423Z,57.62
2026-08-23T11:36:02.311Z,55.87
2026-08-23T11:41:04.949Z,55.42
2026-08-23T11:46:00.219Z,55.04
2026-08-23T11:51:00.384Z,56.31
2026-08-23T11:56:00.284Z,55.74
2026-08-23T12:01:00.795Z,54.06
2026-08-23T12:06:00.186Z,54.97
2026-08-23T12:11:02.6Z,54.47
2026-08-23T12:16:02.391Z,54.79
2026-08-23T12:21:02.428Z,54.03
2026-08-23T12:26:02.302Z,53.64
2026-08-23T12:31:00.286Z,52.97
2026-08-23T12:36:02.554Z,53.42
2026-08-23T12:41:00.199Z,53.07
2026-08-23T12:46:02.651Z,53.19
2026-08-23T12:51:02.578Z,53.48
2026-08-23T12:56:02.538Z,54.12
2026-08-23T13:01:03.51Z,54.31
2026-08-23T13:06:03.397Z,54.82
2026-08-23T13:11:03.505Z,55.29
2026-08-23T13:16:03.455Z,53.93
2026-08-23T13:21:03.604Z,54.82
2026-08-23T13:26:03.239Z,54.34
2026-08-23T13:31:00.923Z,54.21
2026-08-23T13:36:03.417Z,54.72
2026-08-23T13:41:02.428Z,55.33
2026-08-23T13:46:02.589Z,55.58
2026-08-23T13:51:00.247Z,55.11
2026-08-23T13:56:03.366Z,55.77
2026-08-23T14:01:02.596Z,54.91
2026-08-23T14:06:02.57Z,54.66
2026-08-23T14:11:02.523Z,54.18
2026-08-23T14:16:02.579Z,54.79
2026-08-23T14:21:00.892Z,54.24
2026-08-23T14:26:00.243Z,54.62
2026-08-23T14:31:02.579Z,55.33
2026-08-23T14:36:02.449Z,55.87
2026-08-23T14:41:02.474Z,56.12
2026-08-23T14:46:00.354Z,56.12
2026-08-23T14:51:00.208Z,55.77
2026-08-23T14:56:04.621Z,55.74
2026-08-23T15:01:01.228Z,56.44
2026-08-23T15:06:00.686Z,56.22
2026-08-23T15:11:02.453Z,56.12
2026-08-23T15:16:02.42Z,56.44
2026-08-23T15:21:00.26Z,56.44
2026-08-23T15:26:03.027Z,57.01
2026-08-23T15:31:00.298Z,57.91
2026-08-23T15:36:00.352Z,57.84
2026-08-23T15:41:02.385Z,57.46
2026-08-23T15:46:02.7Z,57.46
2026-08-23T15:51:00.241Z,59.56
2026-08-23T15:56:00.271Z,60.2
2026-08-23T16:01:03.643Z,60.77
2026-08-23T16:06:03.127Z,61.6
2026-08-23T16:11:01.203Z,61.31
2026-08-23T16:16:01.693Z,61.76
2026-08-23T16:21:03.371Z,62.04
2026-08-23T16:26:02.499Z,61.73
2026-08-23T16:31:01.458Z,61.82
2026-08-23T16:36:03.771Z,61.18
2026-08-23T16:41:02.975Z,62.11
2026-08-23T16:46:02.564Z,62.33
2026-08-23T16:51:02.528Z,62.65
2026-08-23T16:56:02.44Z,62.3
2026-08-23T17:01:00.329Z,62.08
2026-08-23T17:06:03.203Z,62.62
2026-08-23T17:11:02.602Z,62.68
2026-08-23T17:16:02.44Z,62.27
2026-08-23T17:21:02.402Z,61.6
2026-08-23T17:26:02.831Z,61.41
2026-08-23T17:31:00.323Z,61.82
2026-08-23T17:36:00.29Z,61.28
2026-08-23T17:41:03.638Z,61.6
2026-08-23T17:46:00.216Z,61.57
2026-08-23T17:51:00.365Z,62.14
2026-08-23T17:56:02.584Z,62.68
2026-08-23T18:01:02.342Z,63.38
2026-08-23T18:06:01.776Z,63.86
2026-08-23T18:11:00.184Z,64.08
2026-08-23T18:16:02.46Z,64.69
2026-08-23T18:21:00.206Z,64.94
2026-08-23T18:26:02.447Z,65.51
2026-08-23T18:31:00.157Z,66.12
2026-08-23T18:36:00.153Z,66.56
2026-08-23T18:41:00.309Z,67.2
2026-08-23T18:46:02.421Z,67.71
2026-08-23T18:51:01.192Z,68.51
2026-08-23T18:56:02.417Z,69.01
2026-08-23T19:01:03.701Z,69.56
2026-08-23T19:06:01.412Z,70.29
2026-08-23T19:11:05.479Z,70.44
2026-08-23T19:16:01.463Z,70.67
2026-08-23T19:21:01.891Z,71.08
2026-08-23T19:26:02.507Z,71.46
2026-08-23T19:31:02.472Z,71.59
2026-08-23T19:36:00.55Z,71.81
2026-08-23T19:41:00.562Z,71.91
2026-08-23T19:46:02.509Z,72.16
2026-08-23T19:51:00.333Z,72.29
2026-08-23T19:56:00.375Z,72.29
2026-08-23T20:01:02.591Z,72.42
2026-08-23T20:06:02.446Z,72.71
2026-08-23T20:11:00.416Z,72.8
2026-08-23T20:16:00.497Z,72.74
2026-08-23T20:21:02.587Z,72.86
2026-08-23T20:26:02.385Z,73.09
2026-08-23T20:31:02.557Z,73.56
2026-08-23T20:36:02.659Z,73.63
2026-08-23T20:41:00.219Z,73.79
2026-08-23T20:46:02.57Z,74.11
2026-08-23T20:51:02.362Z,74.17
2026-08-23T20:56:02.692Z,74.04
2026-08-23T21:01:08.611Z,74.14
2026-08-23T21:06:07.062Z,74.43
2026-08-23T21:11:02.58Z,74.58
2026-08-23T21:16:00.305Z,74.74
2026-08-23T21:21:00.155Z,74.9
2026-08-23T21:26:00.263Z,74.87
2026-08-23T21:31:00.307Z,74.9
2026-08-23T21:36:01.396Z,74.78
2026-08-23T21:41:02.469Z,75.35
2026-08-23T21:46:00.496Z,75.66
2026-08-23T21:51:02.733Z,75.89
2026-08-23T21:56:02.445Z,76.01
2026-08-23T22:01:02.464Z,76.21
2026-08-23T22:06:02.654Z,76.36
2026-08-23T22:11:00.302Z,76.56
2026-08-23T22:16:02.568Z,76.59
2026-08-23T22:21:02.384Z,76.71
2026-08-23T22:26:00.312Z,76.84
2026-08-23T22:31:02.451Z,76.87
2026-08-23T22:36:00.732Z,76.78
2026-08-23T22:41:02.462Z,76.84
2026-08-23T22:46:00.316Z,76.91
2026-08-23T22:51:02.42Z,76.94
2026-08-23T22:56:02.452Z,76.94
2026-08-23T23:01:02.429Z,76.65
2026-08-23T23:06:02.597Z,76.46
2026-08-23T23:11:02.541Z,76.27
2026-08-23T23:16:02.732Z,76.17
2026-08-23T23:21:02.502Z,76.17
2026-08-23T23:26:00.334Z,76.24
2026-08-23T23:31:02.419Z,76.4
2026-08-23T23:36:01.878Z,76.49
2026-08-23T23:41:02.881Z,77.16
2026-08-23T23:46:04.09Z,77.26
2026-08-23T23:51:02.655Z,77.48
2026-08-23T23:56:02.396Z,77.73
2026-08-24T00:01:00.384Z,77.93
2026-08-24T00:06:02.69Z,78.05
2026-08-24T00:11:02.481Z,78.31
2026-08-24T00:16:02.618Z,78.43
2026-08-24T00:21:00.708Z,79.36
2026-08-24T00:26:02.399Z,79.55
2026-08-24T00:31:02.296Z,79.84
2026-08-24T00:36:02.679Z,79.93
2026-08-24T00:41:00.357Z,80.03
2026-08-24T00:46:00.349Z,80.73
2026-08-24T00:51:02.402Z,80.95
2026-08-24T00:56:00.371Z,81.14
2026-08-24T01:01:03.41Z,81.17
2026-08-24T01:06:01.101Z,81.2
2026-08-24T01:11:03.482Z,81.3
2026-08-24T01:16:03.402Z,81.3
2026-08-24T01:21:02.784Z,81.36
2026-08-24T01:26:00.273Z,81.3
2026-08-24T01:31:02.347Z,81.2
2026-08-24T01:36:02.116Z,81.39
2026-08-24T01:41:02.512Z,81.33
2026-08-24T01:46:02.427Z,81.74
2026-08-24T01:51:02.64Z,81.74
2026-08-24T01:56:02.498Z,81.87
2026-08-24T02:01:00.867Z,82.09
2026-08-24T02:06:01.638Z,81.94
2026-08-24T02:11:02.646Z,82.38
2026-08-24T02:16:00.443Z,82.73
2026-08-24T02:21:02.799Z,82.7
2026-08-24T02:26:00.194Z,82.47
2026-08-24T02:31:00.287Z,82.76
2026-08-24T02:36:02.859Z,82.67
2026-08-24T02:41:03Z,82.64
2026-08-24T02:46:02.644Z,82.57
2026-08-24T02:51:00.936Z,82.47
2026-08-24T02:56:02.581Z,82.38
2026-08-24T03:01:00.987Z,82.44
2026-08-24T03:06:02.398Z,82.67
2026-08-24T03:11:00.373Z,82.79
2026-08-24T03:16:02.665Z,82.89
2026-08-24T03:21:02.34Z,82.79
2026-08-24T03:26:00.265Z,82.61
2026-08-24T03:31:00.731Z,82.47
2026-08-24T03:36:02.352Z,82.26
2026-08-24T03:41:00.382Z,82.09
2026-08-24T03:46:02.561Z,81.84
2026-08-24T03:51:02.625Z,82.03
2026-08-24T03:56:02.387Z,82.29
2026-08-24T04:01:03.22Z,82.03
2026-08-24T04:06:01.127Z,81.94
2026-08-24T04:11:03.264Z,82.29
2026-08-24T04:16:01.305Z,82.32
2026-08-24T04:21:02.434Z,82.7
2026-08-24T04:26:03.14Z,82.16
2026-08-24T04:31:00.941Z,82.03
2026-08-24T04:36:03.429Z,82.26
2026-08-24T04:41:02.593Z,82.0
2026-08-24T04:46:00.303Z,81.91
2026-08-24T04:51:02.597Z,82.06
2026-08-24T04:56:00.223Z,82.51
2026-08-24T05:01:00.386Z,82.61
2026-08-24T05:06:00.278Z,82.44
2026-08-24T05:11:03.157Z,82.96
2026-08-24T05:16:02.547Z,82.76
2026-08-24T05:21:00.259Z,82.67
2026-08-24T05:26:02.618Z,82.67
2026-08-24T05:31:02.456Z,82.89
2026-08-24T05:36:02.476Z,82.35
2026-08-24T05:41:02.572Z,82.38
2026-08-24T05:46:02.489Z,83.81
2026-08-24T05:51:00.307Z,83.87
2026-08-24T05:56:02.576Z,84.57
2026-08-24T06:01:02.519Z,84.45
2026-08-24T06:06:00.226Z,83.91
2026-08-24T06:11:02.443Z,83.91
2026-08-24T06:16:01.201Z,83.87
2026-08-24T06:21:02.514Z,83.84
2026-08-24T06:26:00.589Z,83.66
2026-08-24T06:31:02.471Z,83.21
2026-08-24T06:36:01.41Z,83.11
2026-08-24T06:41:02.403Z,82.92
2026-08-24T06:46:00.312Z,82.73
2026-08-24T06:51:02.343Z,83.05
2026-08-24T06:56:03.085Z,83.14
2026-08-24T07:01:07.166Z,82.57
2026-08-24T07:06:04.114Z,82.82
2026-08-24T07:11:00.183Z,82.29
2026-08-24T07:16:03.234Z,81.24
2026-08-24T07:21:02.127Z,81.11
2026-08-24T07:26:02.712Z,80.31
2026-08-24T07:31:02.488Z,79.84
2026-08-24T07:36:01.784Z,79.77
2026-08-24T07:41:01.471Z,80.09
2026-08-24T07:46:02.596Z,80.09
2026-08-24T07:51:02.562Z,79.96
2026-08-24T07:56:00.332Z,79.8
2026-08-24T08:01:00.19Z,79.33
2026-08-24T08:06:02.7Z,78.69
2026-08-24T08:11:00.339Z,78.91
2026-08-24T08:16:02.508Z,79.23
2026-08-24T08:21:00.297Z,78.21
2026-08-24T08:26:00.271Z,76.94
2026-08-24T08:31:02.831Z,76.65
2026-08-24T08:36:02.442Z,77.61
2026-08-24T08:41:00.341Z,77.22
2026-08-24T08:46:00.485Z,76.62
2026-08-24T08:51:00.141Z,76.78
2026-08-24T08:56:02.301Z,76.36
2026-08-24T09:01:00.196Z,76.4
2026-08-24T09:06:00.287Z,76.24
2026-08-24T09:11:03.366Z,75.63
2026-08-24T09:16:00.341Z,74.49
2026-08-24T09:21:00.301Z,73.5
2026-08-24T09:26:02.482Z,73.15
2026-08-24T09:31:02.61Z,72.36
2026-08-24T09:36:02.369Z,72.89
2026-08-24T09:41:00.243Z,72.45
2026-08-24T09:46:02.309Z,71.21
2026-08-24T09:51:03.054Z,71.72
2026-08-24T09:56:00.294Z,69.52
2026-08-24T10:01:03.609Z,70.82
2026-08-24T10:06:03.795Z,69.3
2026-08-24T10:11:01.007Z,68.66
2026-08-24T10:16:02.967Z,68.72
2026-08-24T10:21:00.194Z,69.39
2026-08-24T10:26:00.136Z,68.37
2026-08-24T10:31:02.705Z,68.69
2026-08-24T10:36:00.184Z,68.6
2026-08-24T10:41:02.58Z,67.78
2026-08-24T10:46:02.511Z,65.54
2026-08-24T10:51:02.536Z,65.74
2026-08-24T10:56:00.471Z,65.22
2026-08-24T11:01:00.354Z,64.27
2026-08-24T11:06:02.463Z,63.54
2026-08-24T11:11:02.598Z,63.73
2026-08-24T11:16:00.339Z,63.6
2026-08-24T11:21:00.306Z,63.86
2026-08-24T11:26:00.187Z,64.43
2026-08-24T11:31:02.588Z,63.79
2026-08-24T11:36:02.603Z,63.13
2026-08-24T11:41:02.384Z,63.44
2026-08-24T11:46:01.644Z,63.03
2026-08-24T11:51:03.17Z,62.08
2026-08-24T11:56:02.779Z,62.52
2026-08-24T12:01:17.46Z,62.33
2026-08-24T12:06:23.546Z,61.41
2026-08-24T12:11:00.216Z,61.09
2026-08-24T12:16:02.512Z,59.97
2026-08-24T12:21:03.12Z,61.47
2026-08-24T12:26:00.313Z,60.48
2026-08-24T12:31:02.424Z,58.64
2026-08-24T12:36:02.552Z,59.62
2026-08-24T12:41:02.483Z,59.4
2026-08-24T12:46:02.351Z,59.78
2026-08-24T12:51:00.317Z,57.04
2026-08-24T12:56:02.395Z,55.49
2026-08-24T13:01:03.239Z,56.38
2026-08-24T13:06:03.526Z,55.87
2026-08-24T13:11:04.009Z,54.41
2026-08-24T13:16:01.323Z,53.29
2026-08-24T13:21:04.421Z,52.81
2026-08-24T13:26:00.353Z,53.89
2026-08-24T13:31:03.222Z,52.75
2026-08-24T13:36:02.3Z,53.77
2026-08-24T13:41:00.148Z,51.96
2026-08-24T13:46:02.568Z,51.99
2026-08-24T13:51:02.462Z,52.11
2026-08-24T13:56:00.292Z,51.58
2026-08-24T14:01:00.305Z,50.59
2026-08-24T14:06:00.197Z,50.39
2026-08-24T14:11:02.602Z,50.27
2026-08-24T14:16:02.43Z,49.89
2026-08-24T14:21:02.741Z,49.86
2026-08-24T14:26:02.353Z,48.29
2026-08-24T14:31:00.524Z,49.22
2026-08-24T14:36:00.144Z,47.75
2026-08-24T14:41:00.128Z,46.58
2026-08-24T14:46:02.583Z,47.15
2026-08-24T14:51:00.18Z,47.02
2026-08-24T14:56:02.399Z,47.31
2026-08-24T15:01:03.778Z,46.35
2026-08-24T15:06:02.426Z,46.04
2026-08-24T15:11:02.29Z,45.49
2026-08-24T15:16:00.399Z,44.79
2026-08-24T15:21:03.049Z,44.92
2026-08-24T15:26:01.302Z,46.19
2026-08-24T15:31:02.544Z,45.14
2026-08-24T15:36:02.405Z,45.52
2026-08-24T15:41:00.292Z,46.99
2026-08-24T15:46:00.176Z,46.99
2026-08-24T15:51:02.38Z,47.31
2026-08-24T15:56:00.37Z,48.23
2026-08-24T16:01:01.316Z,48.58
2026-08-24T16:06:00.342Z,46.8
2026-08-24T16:11:00.2Z,46.04
2026-08-24T16:16:02.474Z,46.64
2026-08-24T16:21:02.547Z,46.29
2026-08-24T16:26:01.065Z,45.33
2026-08-24T16:31:02.514Z,45.27
2026-08-24T16:36:00.359Z,44.48
2026-08-24T16:41:03.376Z,44.09
2026-08-24T16:46:00.529Z,44.44
2026-08-24T16:51:00.22Z,44.79
2026-08-24T16:56:02.393Z,44.16
2026-08-24T17:01:00.286Z,44.54
2026-08-24T17:06:00.42Z,43.71
2026-08-24T17:11:01.684Z,43.84
2026-08-24T17:16:00.506Z,44.38
2026-08-24T17:21:02.574Z,43.61
2026-08-24T17:26:02.441Z,43.84
2026-08-24T17:31:02.416Z,44.32
2026-08-24T17:36:00.165Z,43.61
2026-08-24T17:41:00.255Z,43.78
2026-08-24T17:46:00.134Z,43.81
2026-08-24T17:51:02.025Z,43.84
2026-08-24T17:56:02.636Z,44.54
2026-08-24T18:01:02.595Z,45.05
2026-08-24T18:06:02.588Z,45.68
2026-08-24T18:11:02.329Z,45.33
2026-08-24T18:16:00.13Z,45.72
2026-08-24T18:21:02.439Z,46.13
2026-08-24T18:26:02.515Z,47.91
2026-08-24T18:31:00.168Z,47.59
2026-08-24T18:36:00.142Z,48.49
2026-08-24T18:41:00.361Z,48.39
2026-08-24T18:46:00.315Z,49.25
2026-08-24T18:51:00.122Z,49.54
2026-08-24T18:56:02.566Z,49.86
2026-08-24T19:01:03.595Z,50.42
2026-08-24T19:06:02.661Z,51.09
2026-08-24T19:11:01.301Z,51.67
2026-08-24T19:16:00.477Z,51.89
2026-08-24T19:21:03.606Z,52.34
2026-08-24T19:26:00.867Z,52.91
2026-08-24T19:31:00.185Z,53.48
2026-08-24T19:36:02.986Z,54.06
2026-08-24T19:41:00.195Z,54.66
2026-08-24T19:46:00.212Z,55.11
2026-08-24T19:51:03.135Z,55.23
2026-08-24T19:56:00.26Z,55.71
2026-08-24T20:01:02.634Z,55.55
2026-08-24T20:06:00.174Z,55.87
2026-08-24T20:11:02.506Z,55.81
2026-08-24T20:16:00.422Z,55.81
2026-08-24T20:21:00.33Z,55.77
2026-08-24T20:26:02.483Z,54.97
2026-08-24T20:31:03.073Z,51.89
2026-08-24T20:36:02.878Z,47.24
2026-08-24T20:41:00.4Z,44.57
2026-08-24T20:46:00.416Z,44.22
2026-08-24T20:51:00.209Z,44.19
2026-08-24T20:56:00.136Z,44.41
2026-08-24T21:01:02.704Z,44.32
2026-08-24T21:06:02.313Z,44.48
2026-08-24T21:11:00.257Z,44.22
2026-08-24T21:16:00.207Z,43.87
2026-08-24T21:21:00.123Z,43.74
2026-08-24T21:26:00.951Z,43.33
2026-08-24T21:31:02.652Z,43.52
2026-08-24T21:36:02.362Z,42.88
2026-08-24T21:41:00.215Z,42.41
2026-08-24T21:46:00.153Z,42.37
2026-08-24T21:51:02.521Z,42.18
2026-08-24T21:56:00.093Z,42.15
2026-08-24T22:01:02.515Z,42.95
2026-08-24T22:06:03.397Z,43.46
2026-08-24T22:11:01.394Z,43.42
2026-08-24T22:16:00.783Z,43.3
2026-08-24T22:21:02.566Z,43.49
2026-08-24T22:26:02.511Z,43.3
2026-08-24T22:31:00.119Z,42.76
2026-08-24T22:36:00.123Z,42.69
2026-08-24T22:41:03.086Z,42.66
2026-08-24T22:46:00.797Z,42.88
2026-08-24T22:51:02.585Z,43.14
2026-08-24T22:56:00.103Z,43.3
2026-08-24T23:01:00.362Z,43.42
2026-08-24T23:06:02.339Z,43.68
2026-08-24T23:11:00.37Z,43.74
2026-08-24T23:16:02.413Z,43.81
2026-08-24T23:21:00.378Z,44.12
2026-08-24T23:26:00.114Z,43.9
2026-08-24T23:31:02.607Z,43.97
2026-08-24T23:36:00.127Z,43.97
2026-08-24T23:41:00.272Z,43.97
2026-08-24T23:46:03.249Z,44.03
2026-08-24T23:51:02.703Z,44.28
2026-08-24T23:56:00.284Z,44.25
2026-08-25T00:01:02.712Z,44.57
2026-08-25T00:06:01.917Z,44.76
2026-08-25T00:11:02.56Z,44.95
2026-08-25T00:16:01.465Z,45.27
2026-08-25T00:21:00.142Z,45.49
2026-08-25T00:26:02.295Z,45.81
2026-08-25T00:31:02.484Z,46.1
2026-08-25T00:36:00.158Z,46.39
2026-08-25T00:41:02.62Z,46.74
2026-08-25T00:46:02.423Z,47.02
2026-08-25T00:51:00.098Z,47.05
2026-08-25T00:56:00.132Z,47.37
2026-08-25T01:01:02.339Z,48.14
2026-08-25T01:06:07.94Z,48.11
2026-08-25T01:11:00.119Z,48.29
2026-08-25T01:16:00.663Z,49.02
2026-08-25T01:21:02.764Z,50.11
2026-08-25T01:26:02.421Z,51.32
2026-08-25T01:31:00.452Z,54.56
2026-08-25T01:36:03.144Z,54.53
2026-08-25T01:41:02.373Z,54.53
2026-08-25T01:46:00.264Z,54.28
2026-08-25T01:51:01.682Z,54.37
2026-08-25T01:56:00.367Z,56.38
2026-08-25T02:01:00.168Z,55.04
2026-08-25T02:06:02.774Z,54.24
2026-08-25T02:11:02.529Z,53.22
2026-08-25T02:16:02.729Z,52.31
2026-08-25T02:21:03.486Z,51.16
2026-08-25T02:26:00.708Z,50.36
2026-08-25T02:31:00.094Z,49.89
2026-08-25T02:36:02.345Z,49.37
2026-08-25T02:41:00.101Z,49.44
2026-08-25T02:46:03.214Z,49.41
2026-08-25T02:51:02.362Z,49.57
2026-08-25T02:56:00.443Z,49.69
2026-08-25T03:01:16.308Z,49.72
2026-08-25T03:06:29.585Z,49.95
2026-08-25T03:11:02.558Z,49.98
2026-08-25T03:16:00.075Z,49.89
2026-08-25T03:21:02.603Z,49.92
2026-08-25T03:26:00.16Z,50.21
2026-08-25T03:31:00.649Z,50.3
2026-08-25T03:36:02.413Z,50.46
2026-08-25T03:41:00.296Z,50.74
2026-08-25T03:46:02.526Z,50.88
2026-08-25T03:51:01.63Z,50.91
2026-08-25T03:56:02.49Z,50.94
2026-08-25T04:01:00.226Z,50.94
2026-08-25T04:06:00.821Z,51.23
2026-08-25T04:11:00.114Z,51.19
2026-08-25T04:16:00.116Z,51.89
2026-08-25T04:21:02.361Z,51.32
2026-08-25T04:26:00.201Z,51.41
2026-08-25T04:31:00.151Z,51.44
2026-08-25T04:36:00.111Z,51.54
2026-08-25T04:41:00.318Z,52.94
2026-08-25T04:46:02.451Z,53.19
2026-08-25T04:51:02.996Z,54.06
2026-08-25T04:56:00.338Z,55.11
2026-08-25T05:01:01.226Z,55.84
2026-08-25T05:06:02.296Z,56.25
2026-08-25T05:11:00.296Z,55.9
2026-08-25T05:16:00.741Z,56.86
2026-08-25T05:21:03.17Z,56.86
2026-08-25T05:26:00.333Z,57.14
2026-08-25T05:31:02.505Z,57.43
2026-08-25T05:36:02.301Z,57.62
2026-08-25T05:41:02.503Z,57.81
2026-08-25T05:46:02.919Z,58.26
2026-08-25T05:51:00.29Z,58.38
2026-08-25T05:56:00.111Z,58.45
2026-08-25T06:01:02.342Z,59.24
2026-08-25T06:06:02.753Z,59.5
2026-08-25T06:11:00.314Z,60.42
2026-08-25T06:16:02.45Z,61.12
2026-08-25T06:21:01.778Z,60.01
2026-08-25T06:26:00.163Z,58.22
2026-08-25T06:31:00.135Z,55.99
2026-08-25T06:36:00.083Z,55.11
2026-08-25T06:41:00.152Z,54.37
2026-08-25T06:46:00.205Z,54.18
2026-08-25T06:51:01.999Z,54.53
2026-08-25T06:56:00.12Z,53.86
2026-08-25T07:01:08.257Z,54.47
2026-08-25T07:06:02.28Z,53.86
2026-08-25T07:11:02.333Z,53.54
2026-08-25T07:16:00.077Z,53.1
2026-08-25T07:21:01.398Z,52.72
2026-08-25T07:26:02.661Z,52.24
2026-08-25T07:31:02.46Z,52.43
2026-08-25T07:36:00.118Z,52.08
2026-08-25T07:41:00.319Z,52.21
2026-08-25T07:46:00.157Z,52.43
2026-08-25T07:51:00.075Z,52.46
2026-08-25T07:56:00.171Z,52.84
2026-08-25T08:01:00.303Z,52.59
2026-08-25T08:06:00.116Z,53.04
2026-08-25T08:11:03.078Z,52.31
2026-08-25T08:16:02.373Z,51.61
2026-08-25T08:21:02.508Z,50.21
2026-08-25T08:26:02.482Z,49.06
2026-08-25T08:31:00.268Z,48.42
2026-08-25T08:36:02.281Z,47.66
2026-08-25T08:41:00.129Z,47.18
2026-08-25T08:46:03.788Z,47.31
2026-08-25T08:51:02.486Z,46.99
2026-08-25T08:56:02.438Z,45.56
2026-08-25T09:01:01.569Z,45.05
2026-08-25T09:06:02.559Z,44.76
2026-08-25T09:11:02.371Z,44.44
2026-08-25T09:16:00.324Z,46.29
2026-08-25T09:21:02.129Z,45.27
2026-08-25T09:26:02.503Z,44.63
2026-08-25T09:31:02.524Z,44.41
2026-08-25T09:36:00.31Z,45.05
2026-08-25T09:41:00.117Z,44.92
2026-08-25T09:46:00.12Z,43.81
2026-08-25T09:51:02.096Z,43.23
2026-08-25T09:56:02.506Z,43.39
2026-08-25T10:01:02.709Z,42.63
2026-08-25T10:06:02.261Z,42.63
2026-08-25T10:11:00.115Z,43.84
2026-08-25T10:16:02.498Z,41.68
2026-08-25T10:21:00.2Z,41.48
2026-08-25T10:26:00.103Z,41.71
2026-08-25T10:31:00.842Z,41.54
2026-08-25T10:36:02.404Z,40.62
2026-08-25T10:41:00.166Z,40.08
2026-08-25T10:46:00.752Z,40.31
2026-08-25T10:51:03.206Z,39.89
2026-08-25T10:56:00.171Z,39.76
2026-08-25T11:01:00.136Z,40.02
2026-08-25T11:06:02.585Z,38.56
2026-08-25T11:11:02.328Z,37.95
2026-08-25T11:16:01.389Z,37.28
2026-08-25T11:21:03.624Z,37.76
2026-08-25T11:26:00.144Z,38.59
2026-08-25T11:31:00.187Z,39.38
2026-08-25T11:36:03.4Z,37.76
2026-08-25T11:41:00.172Z,37.76
2026-08-25T11:46:02.501Z,36.23
2026-08-25T11:51:02.781Z,38.27
2026-08-25T11:56:03.334Z,37.12
2026-08-25T12:01:00.156Z,38.01
2026-08-25T12:06:00.125Z,36.32
2026-08-25T12:11:01.068Z,34.86
2026-08-25T12:16:00.157Z,37.16
2026-08-25T12:21:00.155Z,35.37
2026-08-25T12:26:02.558Z,34.58
2026-08-25T12:31:02.367Z,33.56
2026-08-25T12:36:02.671Z,35.21
2026-08-25T12:41:02.538Z,34.8
2026-08-25T12:46:00.164Z,33.66
2026-08-25T12:51:00.119Z,33.91
2026-08-25T12:56:00.638Z,36.42
2026-08-25T13:01:03.979Z,33.37
2026-08-25T13:06:01.268Z,33.94
2026-08-25T13:11:00.148Z,34.89
2026-08-25T13:16:03.591Z,33.66
2026-08-25T13:21:05.15Z,35.34
2026-08-25T13:26:02.407Z,33.02
2026-08-25T13:31:01.295Z,32.54
2026-08-25T13:36:02.757Z,33.43
2026-08-25T13:41:00.167Z,32.29
2026-08-25T13:46:00.179Z,31.68
2026-08-25T13:51:02.404Z,32.29
2026-08-25T13:56:00.154Z,31.08
2026-08-25T14:01:02.751Z,34.26
2026-08-25T14:06:02.363Z,33.56
2026-08-25T14:11:00.192Z,31.39
2026-08-25T14:16:02.592Z,31.14
2026-08-25T14:21:02.985Z,31.01
2026-08-25T14:26:00.146Z,33.14
2026-08-25T14:31:00.697Z,31.27
2026-08-25T14:36:02.54Z,31.17
2026-08-25T14:41:00.997Z,31.33
2026-08-25T14:46:00.184Z,31.68
2026-08-25T14:51:00.116Z,32.61
2026-08-25T14:56:02.589Z,33.24
2026-08-25T15:01:02.441Z,32.06
2026-08-25T15:06:00.338Z,31.56
2026-08-25T15:11:00.169Z,32.38
2026-08-25T15:16:00.124Z,34.48
2026-08-25T15:21:02.701Z,36.08
2026-08-25T15:26:00.072Z,35.15
2026-08-25T15:31:02.517Z,35.69
2026-08-25T15:36:02.661Z,35.82
2026-08-25T15:41:00.143Z,36.67
2026-08-25T15:46:00.334Z,35.34
2026-08-25T15:51:00.051Z,35.97
2026-08-25T15:56:02.452Z,36.17
2026-08-25T16:01:00.175Z,37.95
2026-08-25T16:06:15.207Z,37.95
2026-08-25T16:11:00.065Z,37.92
2026-08-25T16:16:00.726Z,37.95
2026-08-25T16:21:00.449Z,38.24
2026-08-25T16:26:01.33Z,38.08
2026-08-25T16:31:00.595Z,38.74
2026-08-25T16:36:02.435Z,39.06
2026-08-25T16:41:00.123Z,38.49
2026-08-25T16:46:00.401Z,39.19
2026-08-25T16:51:00.126Z,40.24
2026-08-25T16:56:00.098Z,40.11
2026-08-25T17:01:04.111Z,40.53
2026-08-25T17:06:00.167Z,40.37
2026-08-25T17:11:00.15Z,40.37
2026-08-25T17:16:02.398Z,40.21
2026-08-25T17:21:02.6Z,40.78
2026-08-25T17:26:00.047Z,40.49
2026-08-25T17:31:02.571Z,40.59
2026-08-25T17:36:02.734Z,41.01
2026-08-25T17:41:00.267Z,42.37
2026-08-25T17:46:01.445Z,42.63
2026-08-25T17:51:03.115Z,42.85
2026-08-25T17:56:03.232Z,43.08
2026-08-25T18:01:17.816Z,44.03
2026-08-25T18:06:33.434Z,44.12
2026-08-25T18:11:00.144Z,44.76
2026-08-25T18:16:02.289Z,44.6
2026-08-25T18:21:02.789Z,44.63
2026-08-25T18:26:00.116Z,44.7
2026-08-25T18:31:02.316Z,45.43
2026-08-25T18:36:00.162Z,45.78
2026-08-25T18:41:02.661Z,46.39
2026-08-25T18:46:00.566Z,46.86
2026-08-25T18:51:02.868Z,47.18
2026-08-25T18:56:00.074Z,47.31
2026-08-25T19:01:00.193Z,47.59
2026-08-25T19:06:00.082Z,47.98
2026-08-25T19:11:02.651Z,48.11
2026-08-25T19:16:00.267Z,48.29
2026-08-25T19:21:02.516Z,48.67
2026-08-25T19:26:00.269Z,49.37
2026-08-25T19:31:00.312Z,49.51
2026-08-25T19:36:00.06Z,49.79
2026-08-25T19:41:00.213Z,51.06
2026-08-25T19:46:02.437Z,53.29
2026-08-25T19:51:03.431Z,53.74
2026-08-25T19:56:00.257Z,53.36
2026-08-25T20:01:00.113Z,53.64
2026-08-25T20:06:00.107Z,53.61
2026-08-25T20:11:00.066Z,54.06
2026-08-25T20:16:00.07Z,54.12
2026-08-25T20:21:00.057Z,54.34
2026-08-25T20:26:00.201Z,54.31
2026-08-25T20:31:02.53Z,54.15
2026-08-25T20:36:02.427Z,54.66
2026-08-25T20:41:00.278Z,54.18
2026-08-25T20:46:02.679Z,54.76
2026-08-25T20:51:00.265Z,55.11
2026-08-25T20:56:00.119Z,56.22
2026-08-25T21:01:00.09Z,57.3
2026-08-25T21:06:02.618Z,58.29
2026-08-25T21:11:00.172Z,58.96
2026-08-25T21:16:02.388Z,59.43
2026-08-25T21:21:01.223Z,59.59
2026-08-25T21:26:00.188Z,60.01
2026-08-25T21:31:00.05Z,60.26
2026-08-25T21:36:02.736Z,61.15
2026-08-25T21:41:00.624Z,62.11
2026-08-25T21:46:00.089Z,63.29
2026-08-25T21:51:00.182Z,64.43
2026-08-25T21:56:02.422Z,65.51
2026-08-25T22:01:00.251Z,65.74
2026-08-25T22:06:02.432Z,65.67
2026-08-25T22:11:02.764Z,65.99
2026-08-25T22:16:00.299Z,66.56
2026-08-25T22:21:02.47Z,66.76
2026-08-25T22:26:00.085Z,67.43
2026-08-25T22:31:00.301Z,68.95
2026-08-25T22:36:02.309Z,69.62
2026-08-25T22:41:00.212Z,69.84
2026-08-25T22:46:02.268Z,69.87
2026-08-25T22:51:02.794Z,70.22
2026-08-25T22:56:02.458Z,70.51
2026-08-25T23:01:00.272Z,70.47
2026-08-25T23:06:00.288Z,70.76
2026-08-25T23:11:00.258Z,70.76
2026-08-25T23:16:00.073Z,71.34
2026-08-25T23:21:00.298Z,71.43
2026-08-25T23:26:00.153Z,71.69
2026-08-25T23:31:02.401Z,71.81
2026-08-25T23:36:00.063Z,71.62
2026-08-25T23:41:00.19Z,71.49
2026-08-25T23:46:00.348Z,71.14
2026-08-25T23:51:02.362Z,70.76
2026-08-25T23:56:00.31Z,70.51
2026-08-26T00:01:00.143Z,70.76
2026-08-26T00:06:00.281Z,70.92
2026-08-26T00:11:00.093Z,71.94
2026-08-26T00:16:02.407Z,72.19
2026-08-26T00:21:02.955Z,72.22
2026-08-26T00:26:00.209Z,72.26
2026-08-26T00:31:00.145Z,71.91
2026-08-26T00:36:03.286Z,71.56
2026-08-26T00:41:00.651Z,71.14
2026-08-26T00:46:00.845Z,69.33
2026-08-26T00:51:02.427Z,66.69
2026-08-26T00:56:00.16Z,66.41
2026-08-26T01:01:00.241Z,67.61
2026-08-26T01:06:02.389Z,67.23
2026-08-26T01:11:00.056Z,67.55
2026-08-26T01:16:02.395Z,66.97
2026-08-26T01:21:00.186Z,66.31
2026-08-26T01:26:00.163Z,64.87
2026-08-26T01:31:02.281Z,65.19
2026-08-26T01:36:00.243Z,65.29
2026-08-26T01:41:02.409Z,65.45
2026-08-26T01:46:00.543Z,64.53
2026-08-26T01:51:00.175Z,68.69
2026-08-26T01:56:02.462Z,69.21
2026-08-26T02:01:00.054Z,70.44
2026-08-26T02:06:00.253Z,70.44
2026-08-26T02:11:00.066Z,70.09
2026-08-26T02:16:02.455Z,70.57
2026-08-26T02:21:00.192Z,69.77
2026-08-26T02:26:02.514Z,70.86
2026-08-26T02:31:02.304Z,71.14
2026-08-26T02:36:00.318Z,70.67
2026-08-26T02:41:02.432Z,70.29
2026-08-26T02:46:00.423Z,69.87
2026-08-26T02:51:01.679Z,69.71
2026-08-26T02:56:02.594Z,69.17
2026-08-26T03:01:00.12Z,68.86
2026-08-26T03:06:01.673Z,67.84
2026-08-26T03:11:00.164Z,67.39
2026-08-26T03:16:00.183Z,67.52
2026-08-26T03:21:00.129Z,67.68
2026-08-26T03:26:00.202Z,67.58
2026-08-26T03:31:02.327Z,67.87
2026-08-26T03:36:00.061Z,67.96
2026-08-26T03:41:02.728Z,68.22
2026-08-26T03:46:00.302Z,68.22
2026-08-26T03:51:02.464Z,68.41
2026-08-26T03:56:00.116Z,70.09
2026-08-26T04:01:00.324Z,71.02
2026-08-26T04:06:03.004Z,72.39
2026-08-26T04:11:02.54Z,72.42
2026-08-26T04:16:02.546Z,72.89
2026-08-26T04:21:02.111Z,72.99
2026-08-26T04:26:02.539Z,73.85
2026-08-26T04:31:00.194Z,73.34
2026-08-26T04:36:00.065Z,73.31
2026-08-26T04:41:00.101Z,73.15
2026-08-26T04:46:00.278Z,72.86
2026-08-26T04:51:00.134Z,71.72
2026-08-26T04:56:00.058Z,71.78
2026-08-26T05:01:00.195Z,70.7
2026-08-26T05:06:00.178Z,69.65
2026-08-26T05:11:02.373Z,69.14
2026-08-26T05:16:00.327Z,68.92
2026-08-26T05:21:03.279Z,69.33
2026-08-26T05:26:00.234Z,71.56
2026-08-26T05:31:00.163Z,70.41
2026-08-26T05:36:02.371Z,69.91
2026-08-26T05:41:00.309Z,69.56
2026-08-26T05:46:02.282Z,69.46
2026-08-26T05:51:03.357Z,69.3
2026-08-26T05:56:00.094Z,69.71
2026-08-26T06:01:02.53Z,69.81
2026-08-26T06:06:01.965Z,69.46
2026-08-26T06:11:02.491Z,69.24
2026-08-26T06:16:00.125Z,69.77
2026-08-26T06:21:02.581Z,69.52
2026-08-26T06:26:00.084Z,69.33
2026-08-26T06:31:00.142Z,68.89
2026-08-26T06:36:02.286Z,68.79
2026-08-26T06:41:00.209Z,68.22
2026-08-26T06:46:02.479Z,68.19
2026-08-26T06:51:02.299Z,68.12
2026-08-26T06:56:00.1Z,68.6
2026-08-26T07:01:02.811Z,68.31
2026-08-26T07:06:00.548Z,68.09
2026-08-26T07:11:00.266Z,67.23
2026-08-26T07:16:00.28Z,66.66
2026-08-26T07:21:02.674Z,66.97
2026-08-26T07:26:01.841Z,66.69
2026-08-26T07:31:00.263Z,66.12
2026-08-26T07:36:02.768Z,65.22
2026-08-26T07:41:00.123Z,63.83
2026-08-26T07:46:00.123Z,64.05
2026-08-26T07:51:00.961Z,64.75
2026-08-26T07:56:00.214Z,63.76
2026-08-26T08:01:00.1Z,62.97
2026-08-26T08:06:02.193Z,62.62
2026-08-26T08:11:00.044Z,62.33
2026-08-26T08:16:02.455Z,62.59
2026-08-26T08:21:02.096Z,63.38
2026-08-26T08:26:00.216Z,64.46
2026-08-26T08:31:00.132Z,64.72
2026-08-26T08:36:01.707Z,64.49
2026-08-26T08:41:02.473Z,65.04
2026-08-26T08:46:02.365Z,66.18
2026-08-26T08:51:02.515Z,64.62
2026-08-26T08:56:00.775Z,63.95
2026-08-26T09:01:03.513Z,62.08
2026-08-26T09:06:06.847Z,62.39
2026-08-26T09:11:00.069Z,61.09
2026-08-26T09:16:02.502Z,61.06
2026-08-26T09:21:00.192Z,58.86
2026-08-26T09:26:00.061Z,56.44
2026-08-26T09:31:00.26Z,56.02
2026-08-26T09:36:00.314Z,56.95
2026-08-26T09:41:00.263Z,55.93
2026-08-26T09:46:02.566Z,56.51
2026-08-26T09:51:00.073Z,55.55
2026-08-26T09:56:00.059Z,53.51
2026-08-26T10:01:00.288Z,53.32
2026-08-26T10:06:00.556Z,54.66
2026-08-26T10:11:02.427Z,54.24
2026-08-26T10:16:00.349Z,54.18
2026-08-26T10:21:00.191Z,53.29
2026-08-26T10:26:00.063Z,50.94
2026-08-26T10:31:00.497Z,53.32
2026-08-26T10:36:00.17Z,49.34
2026-08-26T10:41:04.463Z,48.2
2026-08-26T10:46:00.141Z,50.21
2026-08-26T10:51:01.291Z,48.2
2026-08-26T10:56:00.085Z,48.11
2026-08-26T11:01:00.148Z,48.49
2026-08-26T11:06:02.547Z,47.88
2026-08-26T11:11:00.074Z,47.31
2026-08-26T11:16:00.13Z,44.89
2026-08-26T11:21:02.444Z,46.07
2026-08-26T11:26:00.295Z,46.42
2026-08-26T11:31:02.393Z,45.11
2026-08-26T11:36:00.081Z,46.26
2026-08-26T11:41:00.127Z,43.71
2026-08-26T11:46:02.39Z,46.67
2026-08-26T11:51:00.12Z,45.62
2026-08-26T11:56:00.162Z,44.03
2026-08-26T12:01:00.251Z,42.88
2026-08-26T12:06:02.318Z,43.68
2026-08-26T12:11:00.278Z,39.0
2026-08-26T12:16:02.345Z,39.0
2026-08-26T12:21:02.205Z,38.39
2026-08-26T12:26:00.06Z,37.34
2026-08-26T12:31:00.364Z,38.27
2026-08-26T12:36:02.154Z,38.42
2026-08-26T12:41:00.114Z,38.78
2026-08-26T12:46:02.427Z,39.06
2026-08-26T12:51:00.165Z,38.65
2026-08-26T12:56:00.066Z,37.6
2026-08-26T13:01:00.938Z,39.44
2026-08-26T13:06:01.951Z,38.81
2026-08-26T13:11:02.451Z,39.51
2026-08-26T13:16:02.373Z,39.29
2026-08-26T13:21:02.603Z,38.14
2026-08-26T13:26:00.146Z,38.49
2026-08-26T13:31:02.244Z,38.59
2026-08-26T13:36:02.587Z,38.94
2026-08-26T13:41:02.318Z,36.23
2026-08-26T13:46:00.079Z,36.2
2026-08-26T13:51:02.442Z,35.82
2026-08-26T13:56:00.185Z,35.76
2026-08-26T14:01:00.288Z,35.41
2026-08-26T14:06:02.526Z,36.01
2026-08-26T14:11:00.105Z,36.87
2026-08-26T14:16:02.533Z,37.31
2026-08-26T14:21:00.088Z,37.72
2026-08-26T14:26:00.272Z,36.77
2026-08-26T14:31:01.295Z,35.85
2026-08-26T14:36:00.103Z,35.79
2026-08-26T14:41:03.258Z,36.77
2026-08-26T14:46:00.26Z,38.11
2026-08-26T14:51:00.039Z,36.14
2026-08-26T14:56:02.676Z,37.83
2026-08-26T15:01:00.265Z,37.63
2026-08-26T15:06:01.544Z,38.46
2026-08-26T15:11:00.123Z,38.62
2026-08-26T15:16:01.154Z,38.71
2026-08-26T15:21:00.105Z,38.49
2026-08-26T15:26:02.292Z,38.27
2026-08-26T15:31:00.285Z,40.05
2026-08-26T15:36:00.196Z,39.47
2026-08-26T15:41:00.114Z,40.78
2026-08-26T15:46:00.092Z,42.25
2026-08-26T15:51:02.646Z,41.54
2026-08-26T15:56:00.531Z,42.5
2026-08-26T16:01:01.338Z,41.13
2026-08-26T16:06:00.094Z,40.43
2026-08-26T16:11:00.286Z,39.47
2026-08-26T16:16:00.293Z,41.01
2026-08-26T16:21:00.147Z,40.78
2026-08-26T16:26:02.346Z,41.39
2026-08-26T16:31:00.097Z,41.1
2026-08-26T16:36:00.153Z,41.77
2026-08-26T16:41:00.111Z,41.9
2026-08-26T16:46:00.118Z,42.21
2026-08-26T16:51:02.47Z,41.74
2026-08-26T16:56:02.444Z,40.34
2026-08-26T17:01:02.421Z,39.76
2026-08-26T17:06:03.239Z,41.64
2026-08-26T17:11:00.096Z,43.17
2026-08-26T17:16:00.138Z,43.01
2026-08-26T17:21:02.424Z,43.39
2026-08-26T17:26:02.68Z,43.49
2026-08-26T17:31:02.503Z,41.61
2026-08-26T17:36:00.109Z,41.29
2026-08-26T17:41:00.143Z,39.22
2026-08-26T17:46:00.677Z,40.88
2026-08-26T17:51:00.08Z,41.36
2026-08-26T17:56:02.483Z,42.6
2026-08-26T18:01:00.562Z,42.79
2026-08-26T18:06:00.134Z,43.33
2026-08-26T18:11:00.161Z,41.23
2026-08-26T18:16:02.324Z,41.26
2026-08-26T18:21:01.728Z,42.09
2026-08-26T18:26:00.268Z,42.18
2026-08-26T18:31:02.422Z,42.69
2026-08-26T18:36:01.874Z,43.33
2026-08-26T18:41:02.54Z,43.9
2026-08-26T18:46:00.05Z,43.84
2026-08-26T18:51:00.091Z,44.44
2026-08-26T18:56:00.077Z,44.73
2026-08-26T19:01:00.584Z,45.08
2026-08-26T19:06:00.09Z,47.31
2026-08-26T19:11:00.208Z,53.19
2026-08-26T19:16:00.026Z,54.37
2026-08-26T19:21:00.051Z,54.79
2026-08-26T19:26:00.093Z,55.2
2026-08-26T19:31:02.566Z,55.61
2026-08-26T19:36:00.069Z,55.74
2026-08-26T19:41:00.207Z,55.9
2026-08-26T19:46:00.051Z,55.93
2026-08-26T19:51:02.39Z,56.19
2026-08-26T19:56:02.463Z,56.31
2026-08-26T20:01:01.355Z,56.54
2026-08-26T20:06:02.471Z,56.89
2026-08-26T20:11:02.574Z,57.39
2026-08-26T20:16:00.061Z,56.76
2026-08-26T20:21:00.031Z,57.17
2026-08-26T20:26:02.475Z,57.21
2026-08-26T20:31:00.182Z,58.06
2026-08-26T20:36:00.055Z,58.13
2026-08-26T20:41:00.139Z,59.15
2026-08-26T20:46:00.899Z,59.81
2026-08-26T20:51:00.13Z,60.52
2026-08-26T20:56:00.078Z,61.12
2026-08-26T21:01:00.051Z,61.03
2026-08-26T21:06:00.124Z,61.47
2026-08-26T21:11:00.155Z,62.36
2026-08-26T21:16:01.618Z,62.49
2026-08-26T21:21:02.268Z,62.77
2026-08-26T21:26:00.054Z,62.9
2026-08-26T21:31:00.249Z,62.62
2026-08-26T21:36:00.295Z,62.9
2026-08-26T21:41:00.106Z,62.97
2026-08-26T21:46:00.333Z,63.13
2026-08-26T21:51:02.474Z,63.38
2026-08-26T21:56:00.226Z,63.67
2026-08-26T22:01:00.215Z,63.44
2026-08-26T22:06:02.264Z,63.64
2026-08-26T22:11:00.099Z,63.73
2026-08-26T22:16:02.348Z,63.76
2026-08-26T22:21:00.148Z,64.08
2026-08-26T22:26:00.096Z,64.49
2026-08-26T22:31:00.773Z,64.62
2026-08-26T22:36:02.803Z,65.1
2026-08-26T22:41:03.147Z,65.48
2026-08-26T22:46:00.262Z,65.71
2026-08-26T22:51:00.103Z,66.12
2026-08-26T22:56:00.578Z,65.99
2026-08-26T23:01:02.352Z,65.96
2026-08-26T23:06:00.036Z,66.18
2026-08-26T23:11:02.409Z,67.01
2026-08-26T23:16:00.275Z,67.36
2026-08-26T23:21:00.139Z,67.61
2026-08-26T23:26:02.331Z,67.52
2026-08-26T23:31:00.232Z,67.33
2026-08-26T23:36:02.416Z,67.33
2026-08-26T23:41:02.347Z,67.23
2026-08-26T23:46:00.141Z,66.91
2026-08-26T23:51:02.388Z,66.66
2026-08-26T23:56:00.25Z,66.53
2026-08-27T00:01:11.329Z,66.62
2026-08-27T00:06:18.414Z,66.82
2026-08-27T00:11:00.07Z,66.62
2026-08-27T00:16:00.211Z,66.56
2026-08-27T00:21:01.843Z,66.62
2026-08-27T00:26:00.218Z,66.69
2026-08-27T00:31:00.082Z,66.94
2026-08-27T00:36:01.612Z,67.23
2026-08-27T00:41:02.489Z,67.36
2026-08-27T00:46:00.137Z,67.58
2026-08-27T00:51:00.023Z,67.9
2026-08-27T00:56:00.073Z,67.84
2026-08-27T01:01:00.638Z,67.81
2026-08-27T01:06:03.612Z,68.34
2026-08-27T01:11:00.403Z,68.44
2026-08-27T01:16:01.1Z,68.95
2026-08-27T01:21:02.649Z,69.01
2026-08-27T01:26:00.272Z,69.17
2026-08-27T01:31:00.249Z,69.46
2026-08-27T01:36:02.993Z,69.3
2026-08-27T01:41:00.208Z,69.33
2026-08-27T01:46:00.248Z,69.33
2026-08-27T01:51:00.031Z,69.87
2026-08-27T01:56:00.026Z,69.71
2026-08-27T02:01:02.468Z,69.74
2026-08-27T02:06:02.334Z,69.91
2026-08-27T02:11:00.206Z,70.26
2026-08-27T02:16:00.121Z,70.7
2026-08-27T02:21:00.093Z,70.54
2026-08-27T02:26:00.338Z,70.29
2026-08-27T02:31:02.465Z,69.94
2026-08-27T02:36:01.112Z,69.49
2026-08-27T02:41:00.103Z,70.0
2026-08-27T02:46:00.078Z,70.16
2026-08-27T02:51:00.101Z,69.97
2026-08-27T02:56:02.792Z,69.71
2026-08-27T03:01:00.136Z,69.14
2026-08-27T03:06:00.063Z,68.41
2026-08-27T03:11:00.171Z,67.87
2026-08-27T03:16:00.028Z,67.29
2026-08-27T03:21:01.338Z,66.88
2026-08-27T03:26:03.106Z,66.21
2026-08-27T03:31:00.287Z,65.61
2026-08-27T03:36:02.555Z,65.77
2026-08-27T03:41:00.267Z,65.36
2026-08-27T03:46:00.087Z,65.1
2026-08-27T03:51:02.309Z,64.72
2026-08-27T03:56:00.08Z,65.07
2026-08-27T04:01:00.343Z,65.13
2026-08-27T04:06:02.105Z,65.93
2026-08-27T04:11:00.222Z,65.67
2026-08-27T04:16:02.328Z,67.14
2026-08-27T04:21:03.473Z,68.03
2026-08-27T04:26:00.261Z,67.2
2026-08-27T04:31:00.092Z,67.26
2026-08-27T04:36:02.485Z,68.6
2026-08-27T04:41:00.064Z,69.17
2026-08-27T04:46:00.859Z,69.24
2026-08-27T04:51:02.522Z,68.69
2026-08-27T04:56:02.452Z,69.52
2026-08-27T05:01:00.114Z,68.63
2026-08-27T05:06:00.281Z,70.41
2026-08-27T05:11:02.4Z,69.3
2026-08-27T05:16:00.211Z,68.82
2026-08-27T05:21:00.091Z,68.92
2026-08-27T05:26:00.869Z,69.11
2026-08-27T05:31:01.217Z,69.21
2026-08-27T05:36:02.757Z,70.35
2026-08-27T05:41:00.107Z,70.64
2026-08-27T05:46:00.985Z,70.99
2026-08-27T05:51:00.236Z,70.86
2026-08-27T05:56:00.044Z,71.75
2026-08-27T06:01:00.147Z,71.21
2026-08-27T06:06:02.831Z,70.76
2026-08-27T06:11:00.282Z,70.12
2026-08-27T06:16:00.136Z,67.55
2026-08-27T06:21:02.38Z,64.17
2026-08-27T06:26:00.126Z,63.22
2026-08-27T06:31:00.355Z,61.69
2026-08-27T06:36:02.636Z,61.25
2026-08-27T06:41:00.615Z,59.97
2026-08-27T06:46:02.285Z,59.66
2026-08-27T06:51:00.158Z,58.61
2026-08-27T06:56:00.168Z,58.67
2026-08-27T07:01:00.079Z,57.59
2026-08-27T07:06:03.851Z,56.63
2026-08-27T07:11:01.157Z,55.93
2026-08-27T07:16:02.094Z,55.42
2026-08-27T07:21:03.291Z,55.64
2026-08-27T07:26:02.506Z,55.17
2026-08-27T07:31:00.247Z,54.76
2026-08-27T07:36:02.104Z,55.2
2026-08-27T07:41:01.597Z,55.17
2026-08-27T07:46:00.201Z,54.97
2026-08-27T07:51:01.776Z,54.53
2026-08-27T07:56:00.027Z,54.76
2026-08-27T08:01:02.422Z,54.44
2026-08-27T08:06:00.027Z,55.14
2026-08-27T08:11:00.064Z,55.52
2026-08-27T08:16:00.313Z,54.79
2026-08-27T08:21:00.027Z,54.91
2026-08-27T08:26:00.055Z,54.44
2026-08-27T08:31:00.258Z,54.94
2026-08-27T08:36:02.743Z,53.86
2026-08-27T08:41:03.386Z,53.68
2026-08-27T08:46:00.078Z,54.31
2026-08-27T08:51:00.536Z,54.24
2026-08-27T08:56:00.021Z,54.44
2026-08-27T09:01:00.096Z,54.69
2026-08-27T09:06:02.566Z,54.37
2026-08-27T09:11:00.12Z,53.57
2026-08-27T09:16:00.14Z,54.59
2026-08-27T09:21:00.075Z,54.15
2026-08-27T09:26:00.121Z,53.61
2026-08-27T09:31:00.261Z,54.37
2026-08-27T09:36:00.142Z,51.38
2026-08-27T09:41:00.051Z,50.97
2026-08-27T09:46:00.142Z,51.79
2026-08-27T09:51:02.441Z,47.88
2026-08-27T09:56:00.231Z,46.86
2026-08-27T10:01:00.917Z,44.28
2026-08-27T10:06:00.086Z,46.19
2026-08-27T10:11:00.162Z,46.77
2026-08-27T10:16:02.542Z,43.39
2026-08-27T10:21:04.438Z,46.22
2026-08-27T10:26:00.115Z,42.34
2026-08-27T10:31:02.56Z,43.74
2026-08-27T10:36:00.226Z,43.33
2026-08-27T10:41:00.09Z,42.47
2026-08-27T10:46:00.034Z,43.3
2026-08-27T10:51:01.81Z,41.61
2026-08-27T10:56:00.222Z,41.61
2026-08-27T11:01:00.023Z,40.05
2026-08-27T11:06:02.383Z,43.36
2026-08-27T11:11:00.069Z,41.96
2026-08-27T11:16:02.471Z,39.03
2026-08-27T11:21:02.321Z,39.29
2026-08-27T11:26:01.623Z,40.62
2026-08-27T11:31:01.016Z,38.62
2026-08-27T11:36:03.63Z,37.16
2026-08-27T11:41:00.265Z,36.23
2026-08-27T11:46:02.567Z,35.56
2026-08-27T11:51:02.473Z,37.76
2026-08-27T11:56:00.073Z,37.44
2026-08-27T12:01:00.024Z,35.88
2026-08-27T12:06:00.107Z,35.34
2026-08-27T12:11:00.093Z,36.29
2026-08-27T12:16:00.125Z,36.29
2026-08-27T12:21:00.07Z,35.03
2026-08-27T12:26:00.113Z,34.74
2026-08-27T12:31:00.07Z,34.19
2026-08-27T12:36:00.025Z,33.66
2026-08-27T12:41:00.288Z,35.56
2026-08-27T12:46:02.322Z,33.94
2026-08-27T12:51:00.231Z,34.99
2026-08-27T12:56:00.048Z,33.81
2026-08-27T13:01:00.933Z,33.69
2026-08-27T13:06:04.681Z,32.7
2026-08-27T13:11:00.092Z,32.26
2026-08-27T13:16:00.204Z,31.68
2026-08-27T13:21:00.03Z,33.37
2026-08-27T13:26:02.376Z,29.87
2026-08-27T13:31:00.186Z,30.85
2026-08-27T13:36:02.537Z,29.87
2026-08-27T13:41:00.183Z,30.66
2026-08-27T13:46:00.321Z,30.5
2026-08-27T13:51:00.119Z,29.93
2026-08-27T13:56:02.54Z,30.72
2026-08-27T14:01:02.433Z,31.24
2026-08-27T14:06:02.368Z,31.87
2026-08-27T14:11:00.241Z,29.99
2026-08-27T14:16:00.405Z,30.76
2026-08-27T14:21:02.332Z,31.46
2026-08-27T14:26:00.057Z,32.38
2026-08-27T14:31:00.205Z,32.92
2026-08-27T14:36:00.033Z,32.29
2026-08-27T14:41:00.032Z,33.17
2026-08-27T14:46:00.212Z,33.11
2026-08-27T14:51:00.032Z,31.2
2026-08-27T14:56:02.521Z,33.94
2026-08-27T15:01:15.995Z,33.02
2026-08-27T15:06:23.394Z,32.99
2026-08-27T15:11:00.095Z,32.89
2026-08-27T15:16:02.365Z,31.49
2026-08-27T15:21:02.801Z,32.09
2026-08-27T15:26:02.401Z,32.57
2026-08-27T15:31:02.377Z,32.79
2026-08-27T15:36:02.598Z,31.08
2026-08-27T15:41:00.137Z,31.91
2026-08-27T15:46:00.197Z,31.52
2026-08-27T15:51:02.082Z,31.94
2026-08-27T15:56:00.175Z,31.08
2026-08-27T16:01:00.253Z,31.04
2026-08-27T16:06:00.279Z,32.22
2026-08-27T16:11:00.195Z,31.62
2026-08-27T16:16:00.063Z,31.62
2026-08-27T16:21:00.252Z,32.16
2026-08-27T16:26:00.17Z,33.08
2026-08-27T16:31:00.29Z,35.12
2026-08-27T16:36:00.119Z,35.97
2026-08-27T16:41:02.372Z,35.66
2026-08-27T16:46:00.105Z,36.17
2026-08-27T16:51:01.73Z,36.42
2026-08-27T16:56:02.391Z,37.28
2026-08-27T17:01:00.185Z,37.57
2026-08-27T17:06:00.128Z,37.63
2026-08-27T17:11:00.051Z,38.39
2026-08-27T17:16:01.685Z,39.19
2026-08-27T17:21:00.051Z,38.94
2026-08-27T17:26:00.193Z,39.06
2026-08-27T17:31:00.62Z,40.59
2026-08-27T17:36:02.531Z,40.59
2026-08-27T17:41:00.136Z,40.78
2026-08-27T17:46:00.9Z,41.83
2026-08-27T17:51:00.438Z,42.95
2026-08-27T17:56:00.108Z,42.85
2026-08-27T18:01:02.444Z,43.68
2026-08-27T18:06:00.027Z,43.97
2026-08-27T18:11:00.037Z,43.78
2026-08-27T18:16:01.924Z,43.81
2026-08-27T18:21:00.329Z,44.03
2026-08-27T18:26:00.177Z,44.38
2026-08-27T18:31:00.254Z,44.48
2026-08-27T18:36:00.027Z,45.21
2026-08-27T18:41:02.338Z,45.43
2026-08-27T18:46:00.057Z,45.84
2026-08-27T18:51:00.133Z,45.97
2026-08-27T18:56:00.092Z,45.97
2026-08-27T19:01:01.069Z,46.1
2026-08-27T19:06:00.208Z,46.29
2026-08-27T19:11:00.245Z,46.26
2026-08-27T19:16:00.032Z,46.8
2026-08-27T19:21:00.178Z,46.42
2026-08-27T19:26:00.125Z,46.96
2026-08-27T19:31:02.512Z,48.87
2026-08-27T19:36:00.167Z,48.07
2026-08-27T19:41:01.438Z,48.84
2026-08-27T19:46:02.437Z,49.41
2026-08-27T19:51:02.299Z,49.6
2026-08-27T19:56:00.267Z,50.65
2026-08-27T20:01:00.588Z,52.17
2026-08-27T20:06:00.158Z,53.04
2026-08-27T20:11:02.386Z,54.34
2026-08-27T20:16:00.425Z,58.22
2026-08-27T20:21:02.997Z,57.43
2026-08-27T20:26:00.083Z,57.78
2026-08-27T20:31:00.099Z,56.89
2026-08-27T20:36:00.091Z,57.78
2026-08-27T20:41:02.457Z,56.92
2026-08-27T20:46:02.285Z,59.18
2026-08-27T20:51:02.33Z,60.48
2026-08-27T20:56:00.202Z,61.09
2026-08-27T21:01:03.523Z,61.22
2026-08-27T21:06:00.117Z,61.34
2026-08-27T21:11:00.194Z,62.08
2026-08-27T21:16:00.717Z,62.87
2026-08-27T21:21:00.033Z,62.9
2026-08-27T21:26:01.071Z,63.35
2026-08-27T21:31:00.114Z,63.89
2026-08-27T21:36:00.177Z,63.44
2026-08-27T21:41:00.068Z,61.15
2026-08-27T21:46:02.282Z,60.74
2026-08-27T21:51:00.279Z,60.9
2026-08-27T21:56:00.171Z,60.61
2026-08-27T22:01:00.211Z,60.9
2026-08-27T22:06:02.526Z,59.85
2026-08-27T22:11:00.175Z,56.09
2026-08-27T22:16:00.115Z,48.55
2026-08-27T22:21:02.364Z,44.06
2026-08-27T22:26:02.411Z,41.77
2026-08-27T22:31:02.326Z,41.26
2026-08-27T22:36:02.46Z,41.16
2026-08-27T22:41:00.206Z,41.1
2026-08-27T22:46:02.521Z,41.51
2026-08-27T22:51:00.311Z,41.58
2026-08-27T22:56:02.363Z,41.51
2026-08-27T23:01:02.4Z,41.9
2026-08-27T23:06:00.139Z,42.28
2026-08-27T23:11:02.454Z,42.44
2026-08-27T23:16:00.274Z,42.47
2026-08-27T23:21:01.927Z,42.47
2026-08-27T23:26:00.123Z,42.53
2026-08-27T23:31:00.203Z,42.28
2026-08-27T23:36:02.527Z,41.61
2026-08-27T23:41:02.308Z,40.84
2026-08-27T23:46:00.086Z,40.49
2026-08-27T23:51:00.065Z,40.08
2026-08-27T23:56:00.054Z,39.79
2026-08-28T00:01:00.108Z,39.03
2026-08-28T00:06:02.533Z,38.71
2026-08-28T00:11:00.123Z,38.56
2026-08-28T00:16:00.196Z,38.24
2026-08-28T00:21:00.309Z,37.92
2026-08-28T00:26:03.615Z,37.63
2026-08-28T00:31:00.817Z,37.22
2026-08-28T00:36:02.592Z,37.09
2026-08-28T00:41:03.396Z,36.46
2026-08-28T00:46:00.501Z,36.17
2026-08-28T00:51:01.098Z,36.01
2026-08-28T00:56:00.046Z,36.08
2026-08-28T01:01:00.892Z,35.62
2026-08-28T01:06:00.327Z,35.62
2026-08-28T01:11:00.348Z,35.82
2026-08-28T01:16:00.783Z,35.79
2026-08-28T01:21:02.591Z,35.82
2026-08-28T01:26:02.306Z,36.01
2026-08-28T01:31:00.38Z,36.08
2026-08-28T01:36:02.39Z,36.2
2026-08-28T01:41:00.219Z,36.23
2026-08-28T01:46:00.098Z,36.61
2026-08-28T01:51:02.359Z,36.9
2026-08-28T01:56:00.302Z,37.22
2026-08-28T02:01:00.186Z,37.51
2026-08-28T02:06:00.184Z,37.79
2026-08-28T02:11:02.295Z,37.98
2026-08-28T02:16:02.368Z,38.14
2026-08-28T02:21:00.261Z,38.71
2026-08-28T02:26:00.124Z,38.97
2026-08-28T02:31:00.072Z,39.26
2026-08-28T02:36:02.373Z,39.51
2026-08-28T02:41:00.307Z,39.51
2026-08-28T02:46:00.06Z,39.57
2026-08-28T02:51:03.072Z,39.86
2026-08-28T02:56:02.359Z,40.21
2026-08-28T03:01:00.198Z,41.07
2026-08-28T03:06:02.749Z,40.78
2026-08-28T03:11:02.383Z,41.1
2026-08-28T03:16:00.189Z,41.19
2026-08-28T03:21:02.322Z,41.19
2026-08-28T03:26:00.234Z,41.23
2026-08-28T03:31:02.339Z,41.19
2026-08-28T03:36:01.103Z,41.23
2026-08-28T03:41:02.225Z,41.45
2026-08-28T03:46:00.198Z,41.58
2026-08-28T03:51:02.343Z,41.68
2026-08-28T03:56:00.094Z,41.74
2026-08-28T04:01:01.275Z,41.9
2026-08-28T04:06:03.402Z,42.37
2026-08-28T04:11:01.258Z,42.95
2026-08-28T04:16:00.85Z,43.36
2026-08-28T04:21:00.618Z,43.84
2026-08-28T04:26:00.108Z,45.3
2026-08-28T04:31:02.877Z,44.79
2026-08-28T04:36:02.323Z,45.05
2026-08-28T04:41:00.069Z,45.4
2026-08-28T04:46:02.413Z,45.97
2026-08-28T04:51:00.263Z,46.58
2026-08-28T04:56:00.107Z,46.67
2026-08-28T05:01:02.751Z,47.82
2026-08-28T05:06:02.736Z,48.71
2026-08-28T05:11:00.094Z,48.04
2026-08-28T05:16:00.059Z,47.53
2026-08-28T05:21:02.09Z,47.18
2026-08-28T05:26:02.323Z,48.01
2026-08-28T05:31:02.715Z,47.85
2026-08-28T05:36:00.689Z,48.04
2026-08-28T05:41:00.202Z,47.75
2026-08-28T05:46:02.687Z,47.88
2026-08-28T05:51:05.267Z,48.04
2026-08-28T05:56:01.265Z,48.49
2026-08-28T06:01:01.267Z,48.49
2026-08-28T06:06:02.895Z,48.26
2026-08-28T06:11:02.583Z,48.26
2026-08-28T06:16:00.241Z,48.23
2026-08-28T06:21:02.438Z,48.11
2026-08-28T06:26:00.251Z,47.75
2026-08-28T06:31:01.485Z,47.82
2026-08-28T06:36:02.356Z,47.72
2026-08-28T06:41:00.236Z,47.53
2026-08-28T06:46:02.777Z,47.44
2026-08-28T06:51:00.107Z,47.4
2026-08-28T06:56:00.06Z,47.5
2026-08-28T07:01:01.515Z,47.31
2026-08-28T07:06:02.388Z,47.21
2026-08-28T07:11:00.332Z,47.21
2026-08-28T07:16:00.097Z,47.12
2026-08-28T07:21:02.692Z,46.99
2026-08-28T07:26:02.479Z,47.02
2026-08-28T07:31:00.483Z,47.02
2026-08-28T07:36:02.596Z,46.86
2026-08-28T07:41:00.124Z,46.7
2026-08-28T07:46:00.292Z,46.26
2026-08-28T07:51:00.132Z,46.04
2026-08-28T07:56:00.194Z,46.7
2026-08-28T08:01:01.543Z,46.07
2026-08-28T08:06:02.509Z,46.48
2026-08-28T08:11:00.287Z,46.19
2026-08-28T08:16:00.179Z,45.75
2026-08-28T08:21:00.476Z,45.81
2026-08-28T08:26:00.324Z,44.79
2026-08-28T08:31:00.133Z,44.48
2026-08-28T08:36:03.361Z,43.93
2026-08-28T08:41:00.111Z,43.9
2026-08-28T08:46:01.672Z,43.81
2026-08-28T08:51:00.053Z,43.17
2026-08-28T08:56:00.111Z,43.61
2026-08-28T09:01:02.828Z,43.42
2026-08-28T09:06:02.821Z,43.23
2026-08-28T09:11:00.055Z,43.11
2026-08-28T09:16:00.057Z,42.95
2026-08-28T09:21:00.246Z,42.98
2026-08-28T09:26:02.568Z,43.11
2026-08-28T09:31:00.901Z,43.39
2026-08-28T09:36:00.102Z,43.26
2026-08-28T09:41:00.052Z,43.11
2026-08-28T09:46:00.26Z,43.2
2026-08-28T09:51:02.66Z,43.55
2026-08-28T09:56:00.371Z,43.36
2026-08-28T10:01:03.672Z,43.3
2026-08-28T10:06:03.589Z,42.79
2026-08-28T10:11:02.415Z,43.17
2026-08-28T10:16:01.635Z,43.08
2026-08-28T10:21:00.126Z,42.91
2026-08-28T10:26:02.522Z,43.3
2026-08-28T10:31:00.199Z,43.08
2026-08-28T10:36:02.522Z,43.26
2026-08-28T10:41:00.159Z,43.65
2026-08-28T10:46:00.3Z,44.48
2026-08-28T10:51:00.66Z,45.81
2026-08-28T10:56:00.152Z,47.88
2026-08-28T11:01:00.757Z,48.29
2026-08-28T11:06:01.945Z,48.14
2026-08-28T11:11:02.485Z,48.67
2026-08-28T11:16:00.257Z,48.01
2026-08-28T11:21:00.079Z,46.35
2026-08-28T11:26:00.275Z,45.78
2026-08-28T11:31:00.229Z,45.24
2026-08-28T11:36:02.564Z,45.14
2026-08-28T11:41:02.941Z,44.86
2026-08-28T11:46:00.253Z,45.21
2026-08-28T11:51:00.306Z,45.24
2026-08-28T11:56:00.073Z,44.86
2026-08-28T12:01:02.379Z,45.17
2026-08-28T12:06:00.178Z,48.49
2026-08-28T12:11:02.603Z,49.54
2026-08-28T12:16:00.181Z,49.41
2026-08-28T12:21:00.191Z,51.32
2026-08-28T12:26:00.039Z,48.74
2026-08-28T12:31:00.467Z,51.26
2026-08-28T12:36:00.097Z,54.41
2026-08-28T12:41:00.039Z,59.31
2026-08-28T12:46:00.194Z,62.39
2026-08-28T12:51:02.648Z,63.83
2026-08-28T12:56:00.164Z,64.75
2026-08-28T13:01:02.715Z,66.15
2026-08-28T13:06:00.089Z,63.6
2026-08-28T13:11:00.044Z,63.29
2026-08-28T13:16:02.35Z,61.47
2026-08-28T13:21:00.526Z,60.8
2026-08-28T13:26:00.056Z,57.68
2026-08-28T13:31:00.126Z,56.73
2026-08-28T13:36:00.346Z,56.92
2026-08-28T13:41:00.181Z,55.46
2026-08-28T13:46:02.436Z,53.93
2026-08-28T13:51:00.027Z,53.36
2026-08-28T13:56:02.513Z,50.84
2026-08-28T14:01:02.457Z,52.08
2026-08-28T14:06:01.178Z,52.43
2026-08-28T14:11:03.402Z,51.47
2026-08-28T14:16:02.476Z,51.23
2026-08-28T14:21:00.027Z,52.05
2026-08-28T14:26:02.336Z,52.17
2026-08-28T14:31:00.243Z,52.84
2026-08-28T14:36:00.859Z,51.76
2026-08-28T14:41:00.218Z,52.17
2026-08-28T14:46:00.074Z,53.16
2026-08-28T14:51:02.624Z,52.84
2026-08-28T14:56:02.823Z,52.17
2026-08-28T15:01:03.255Z,52.84
2026-08-28T15:06:00.012Z,52.59
2026-08-28T15:11:02.432Z,53.32
2026-08-28T15:16:00.268Z,52.87
2026-08-28T15:21:00.283Z,53.48
2026-08-28T15:26:02.495Z,50.94
2026-08-28T15:31:00.291Z,51.51
2026-08-28T15:36:03.279Z,52.46
2026-08-28T15:41:00.15Z,51.47
2026-08-28T15:46:00.077Z,50.33
2026-08-28T15:51:02.922Z,48.2
2026-08-28T15:56:00.195Z,46.96
2026-08-28T16:01:00.103Z,48.99
2026-08-28T16:06:00.069Z,48.84
2026-08-28T16:11:02.39Z,47.94
2026-08-28T16:16:00.226Z,46.48
2026-08-28T16:21:00.177Z,45.08
2026-08-28T16:26:00.033Z,44.83
2026-08-28T16:31:00.245Z,45.81
2026-08-28T16:36:00.693Z,44.09
2026-08-28T16:41:00.205Z,45.14
2026-08-28T16:46:02.393Z,45.24
2026-08-28T16:51:02.201Z,44.12
2026-08-28T16:55:59.991Z,43.2
2026-08-28T17:01:00.937Z,42.72
2026-08-28T17:06:02.253Z,42.31
2026-08-28T17:10:59.992Z,42.76
2026-08-28T17:16:00.262Z,42.66
2026-08-28T17:21:00.235Z,41.74
2026-08-28T17:26:00.017Z,41.8
2026-08-28T17:31:00.07Z,42.37
2026-08-28T17:36:00.077Z,41.23
2026-08-28T17:41:00.179Z,41.36
2026-08-28T17:46:00.632Z,41.51
2026-08-28T17:51:02.707Z,41.54
2026-08-28T17:56:00.162Z,41.9
2026-08-28T18:01:01.793Z,41.68
2026-08-28T18:06:02.38Z,41.83
2026-08-28T18:11:01.09Z,42.28
2026-08-28T18:16:02.583Z,42.72
2026-08-28T18:21:00.249Z,44.16
2026-08-28T18:26:02.51Z,45.94
2026-08-28T18:31:00.306Z,45.94
2026-08-28T18:36:02.926Z,46.07
2026-08-28T18:41:00.197Z,48.42
2026-08-28T18:46:01.076Z,48.93
2026-08-28T18:51:02.704Z,48.39
2026-08-28T18:56:00.127Z,49.16
2026-08-28T19:00:59.981Z,51.61
2026-08-28T19:05:59.988Z,52.34
2026-08-28T19:11:00.123Z,52.43
2026-08-28T19:16:00.492Z,52.21
2026-08-28T19:21:00.028Z,53.36
2026-08-28T19:25:59.992Z,54.28
2026-08-28T19:31:00.914Z,54.91
2026-08-28T19:36:02.298Z,55.14
2026-08-28T19:41:02.337Z,55.61
2026-08-28T19:46:00.241Z,56.6
2026-08-28T19:51:02.32Z,56.51
2026-08-28T19:56:00.051Z,56.51
2026-08-28T20:01:02.508Z,57.49
2026-08-28T20:06:02.426Z,58.22
2026-08-28T20:11:00.242Z,58.57
2026-08-28T20:15:59.988Z,59.11
2026-08-28T20:21:00.121Z,57.97
2026-08-28T20:26:02.821Z,58.96
2026-08-28T20:31:00.024Z,58.48
2026-08-28T20:36:00.134Z,58.89
2026-08-28T20:41:02.632Z,59.34
2026-08-28T20:46:02.188Z,59.59
2026-08-28T20:51:03.766Z,59.78
2026-08-28T20:55:59.99Z,59.56
2026-08-28T21:00:59.999Z,58.83
2026-08-28T21:06:00.183Z,59.62
2026-08-28T21:11:00.048Z,60.13
2026-08-28T21:16:00.06Z,60.9
2026-08-28T21:21:01.66Z,61.28
2026-08-28T21:26:00.096Z,61.69
2026-08-28T21:31:00.325Z,62.17
2026-08-28T21:36:01.599Z,62.27
2026-08-28T21:41:00.041Z,62.46
2026-08-28T21:46:00.405Z,63.13
2026-08-28T21:51:00.212Z,63.95
2026-08-28T21:56:00.01Z,64.08
2026-08-28T22:01:00.053Z,64.91
2026-08-28T22:06:02.6Z,65.89
2026-08-28T22:11:00.767Z,66.31
2026-08-28T22:16:00.056Z,67.78
2026-08-28T22:21:00.021Z,67.99
2026-08-28T22:26:02.878Z,68.63
2026-08-28T22:31:00.155Z,69.17
2026-08-28T22:36:02.487Z,66.85
2026-08-28T22:41:00.16Z,65.1
2026-08-28T22:46:00.198Z,63.73
2026-08-28T22:51:01.184Z,62.39
2026-08-28T22:56:00.042Z,61.82
2026-08-28T23:00:59.996Z,60.71
2026-08-28T23:05:59.969Z,60.01
2026-08-28T23:11:02.396Z,59.85
2026-08-28T23:16:00.149Z,59.78
2026-08-28T23:21:02.388Z,59.59
2026-08-28T23:26:02.328Z,59.53
2026-08-28T23:30:59.993Z,59.62
2026-08-28T23:36:00.132Z,59.91
2026-08-28T23:41:00.048Z,60.2
2026-08-28T23:45:59.971Z,60.52
2026-08-28T23:51:02.561Z,60.74
2026-08-28T23:56:02.23Z,60.93
2026-08-29T00:01:00.187Z,60.93
2026-08-29T00:06:00.693Z,61.06
2026-08-29T00:11:00.163Z,61.25
2026-08-29T00:16:00.047Z,61.41
2026-08-29T00:21:00.227Z,61.47
2026-08-29T00:26:01.027Z,61.47
2026-08-29T00:31:00.25Z,61.57
2026-08-29T00:36:00.05Z,61.85
2026-08-29T00:41:02.085Z,62.2
2026-08-29T00:46:00.097Z,62.36
2026-08-29T00:50:59.975Z,62.36
2026-08-29T00:56:01.832Z,61.98
2026-08-29T01:01:01.393Z,62.08
2026-08-29T01:06:00.011Z,62.46
2026-08-29T01:11:03.599Z,63.06
2026-08-29T01:16:02.434Z,63.51
2026-08-29T01:21:00.183Z,63.76
2026-08-29T01:26:02.451Z,63.99
2026-08-29T01:31:00.052Z,64.17
2026-08-29T01:36:00.743Z,64.08
2026-08-29T01:40:59.997Z,63.41
2026-08-29T01:45:59.955Z,63.19
2026-08-29T01:51:00.181Z,62.81
2026-08-29T01:56:00.1Z,62.55
2026-08-29T02:01:00.221Z,63.19
2026-08-29T02:06:00.41Z,63.67
2026-08-29T02:11:02.595Z,64.62
2026-08-29T02:15:59.958Z,64.87
2026-08-29T02:21:00.122Z,65.54
2026-08-29T02:26:00.163Z,65.48
2026-08-29T02:30:59.97Z,65.57
2026-08-29T02:36:00.599Z,65.77
2026-08-29T02:41:00.343Z,64.72
2026-08-29T02:46:00.177Z,63.92
2026-08-29T02:51:00.631Z,64.05
2026-08-29T02:56:02.549Z,63.83
2026-08-29T03:01:00.189Z,63.09
2026-08-29T03:06:00.022Z,62.55
2026-08-29T03:11:00.224Z,62.36
2026-08-29T03:16:02.435Z,62.62
2026-08-29T03:21:00.132Z,63.35
2026-08-29T03:26:02.675Z,63.95
2026-08-29T03:31:00.032Z,64.59
2026-08-29T03:36:00.03Z,65.32
2026-08-29T03:41:00.19Z,65.96
2026-08-29T03:45:59.97Z,66.18
2026-08-29T03:51:00.362Z,66.72
2026-08-29T03:56:00.199Z,65.8
2026-08-29T04:00:59.994Z,64.78
2026-08-29T04:06:00.011Z,64.91
2026-08-29T04:11:02.793Z,66.91
2026-08-29T04:16:00.207Z,70.22
2026-08-29T04:20:59.952Z,69.07
2026-08-29T04:26:01.945Z,66.28
2026-08-29T04:31:00.204Z,66.62
2026-08-29T04:36:00.419Z,65.99
2026-08-29T04:41:02.135Z,64.97
2026-08-29T04:46:00.138Z,63.44
2026-08-29T04:51:00.022Z,63.51
2026-08-29T04:56:00.077Z,63.57
2026-08-29T05:00:59.974Z,66.56
2026-08-29T05:06:00.016Z,65.45
2026-08-29T05:11:00.082Z,67.23
2026-08-29T05:16:00.027Z,64.91
2026-08-29T05:21:00.031Z,65.57
2026-08-29T05:26:03.658Z,66.15
2026-08-29T05:31:00.123Z,66.24
2026-08-29T05:36:02.451Z,66.59
2026-08-29T05:41:00.148Z,67.11
2026-08-29T05:45:59.983Z,67.61
2026-08-29T05:50:59.974Z,68.69
2026-08-29T05:55:59.957Z,69.68
2026-08-29T06:01:00.036Z,70.47
2026-08-29T06:06:00.082Z,67.87
2026-08-29T06:11:00.194Z,64.27
2026-08-29T06:16:00.174Z,64.53
2026-08-29T06:21:01.655Z,63.16
2026-08-29T06:26:00.923Z,64.24
2026-08-29T06:31:02.831Z,61.76
2026-08-29T06:36:00.079Z,58.03
2026-08-29T06:41:00.188Z,56.31
2026-08-29T06:46:00.165Z,53.93
2026-08-29T06:51:00.015Z,52.28
2026-08-29T06:56:00.115Z,51.99
2026-08-29T07:01:06.018Z,51.06
2026-08-29T07:06:00.13Z,49.89
2026-08-29T07:11:02.408Z,49.63
2026-08-29T07:16:00.085Z,49.82
2026-08-29T07:21:00.018Z,47.85
2026-08-29T07:26:00.662Z,47.82
2026-08-29T07:31:02.717Z,47.79
2026-08-29T07:36:00.102Z,46.54
2026-08-29T07:41:02.343Z,46.04
2026-08-29T07:46:02.605Z,45.75
2026-08-29T07:50:59.994Z,45.4
2026-08-29T07:56:22.1Z,44.67
2026-08-29T08:01:02.485Z,44.44
2026-08-29T08:06:01.953Z,42.25
2026-08-29T08:11:00.078Z,41.61
2026-08-29T08:16:01.2Z,41.42
2026-08-29T08:21:00.22Z,40.46
2026-08-29T08:26:00.009Z,40.27
2026-08-29T08:31:00.696Z,40.05
2026-08-29T08:36:02.977Z,38.84
2026-08-29T08:41:00.277Z,41.1
2026-08-29T08:46:02.981Z,38.3
2026-08-29T08:51:00.12Z,37.28
2026-08-29T08:56:00.528Z,37.09
2026-08-29T09:01:00.11Z,38.11
2026-08-29T09:05:59.985Z,35.53
2026-08-29T09:11:00.131Z,33.62
2026-08-29T09:16:02.273Z,30.79
2026-08-29T09:21:00.068Z,31.56
2026-08-29T09:26:01.202Z,31.11
2026-08-29T09:31:00.017Z,32.03
2026-08-29T09:36:00.269Z,30.72
2026-08-29T09:41:00.115Z,31.56
2026-08-29T09:46:00.063Z,31.42
2026-08-29T09:50:59.952Z,32.92
2026-08-29T09:55:59.971Z,31.04
2026-08-29T10:00:59.946Z,32.51
2026-08-29T10:06:11.058Z,31.78
2026-08-29T10:10:59.981Z,31.2
2026-08-29T10:16:02.776Z,34.58
2026-08-29T10:21:00.561Z,33.02
2026-08-29T10:26:00.023Z,33.17
2026-08-29T10:31:02.867Z,34.07
2026-08-29T10:35:59.955Z,32.67
2026-08-29T10:41:02.357Z,32.16
2026-08-29T10:46:00.062Z,33.4
2026-08-29T10:51:00.112Z,32.76
2026-08-29T10:56:02.336Z,33.84
2026-08-29T11:01:00.14Z,32.32
2026-08-29T11:06:00.083Z,32.35
2026-08-29T11:11:00.017Z,34.92
2026-08-29T11:15:59.954Z,32.22
2026-08-29T11:21:02.548Z,32.38
2026-08-29T11:26:00.098Z,32.26
2026-08-29T11:31:00.977Z,33.05
2026-08-29T11:36:00.01Z,35.03
2026-08-29T11:41:01.71Z,31.27
2026-08-29T11:46:03.8Z,33.02
2026-08-29T11:51:00.119Z,34.33
2026-08-29T11:56:00.034Z,32.03
2026-08-29T12:01:02.304Z,30.22
2026-08-29T12:05:59.933Z,31.46
2026-08-29T12:11:00.137Z,31.27
2026-08-29T12:16:00.199Z,32.83
2026-08-29T12:21:02.457Z,30.63
2026-08-29T12:26:03.177Z,28.24
2026-08-29T12:30:59.993Z,28.98
2026-08-29T12:36:00.125Z,30.12
2026-08-29T12:41:00.203Z,29.8
2026-08-29T12:46:00.101Z,30.66
2026-08-29T12:51:00.647Z,29.55
2026-08-29T12:55:59.996Z,25.83
2026-08-29T13:01:01.539Z,29.2
2026-08-29T13:05:59.989Z,27.86
2026-08-29T13:11:00.14Z,29.13
2026-08-29T13:16:00.064Z,30.57
2026-08-29T13:21:04.641Z,30.06
2026-08-29T13:26:00.054Z,32.86
2026-08-29T13:31:01.674Z,33.49
2026-08-29T13:36:00.075Z,34.1
2026-08-29T13:41:00.022Z,34.29
2026-08-29T13:46:01.022Z,35.56
2026-08-29T13:51:00.233Z,37.76
2026-08-29T13:56:00.46Z,38.56
2026-08-29T14:01:00.113Z,37.69
2026-08-29T14:06:00.133Z,36.93
2026-08-29T14:11:00.069Z,37.19
2026-08-29T14:15:59.983Z,37.83
2026-08-29T14:21:02.849Z,38.17
2026-08-29T14:25:59.968Z,35.47
2026-08-29T14:30:59.956Z,35.76
2026-08-29T14:35:59.973Z,36.55
2026-08-29T14:41:00.19Z,38.62
2026-08-29T14:46:02.487Z,36.39
2026-08-29T14:51:03.247Z,35.82
2026-08-29T14:56:00.21Z,36.36
2026-08-29T15:01:01.118Z,36.84
2026-08-29T15:05:59.953Z,38.71
2026-08-29T15:11:00.092Z,36.49
2026-08-29T15:16:01.074Z,36.2
2026-08-29T15:21:00.002Z,37.57
2026-08-29T15:26:00.108Z,36.81
2026-08-29T15:31:00.123Z,36.29
2026-08-29T15:36:00.096Z,37.34
2026-08-29T15:40:59.958Z,36.84
2026-08-29T15:46:01.425Z,37.19
2026-08-29T15:51:02.472Z,37.02
2026-08-29T15:56:00.073Z,36.52
2026-08-29T16:01:03.182Z,36.87
2026-08-29T16:06:00.443Z,37.69
2026-08-29T16:11:00.094Z,37.12
2026-08-29T16:16:01.336Z,37.47
2026-08-29T16:21:00.155Z,38.04
2026-08-29T16:26:00.008Z,39.12
2026-08-29T16:31:01.271Z,39.35
2026-08-29T16:36:00.224Z,40.94
2026-08-29T16:41:00.059Z,40.49
2026-08-29T16:45:59.951Z,40.98
2026-08-29T16:50:59.959Z,41.61
2026-08-29T16:56:02.591Z,41.51
2026-08-29T17:01:01.697Z,41.36
2026-08-29T17:06:01.059Z,41.71
2026-08-29T17:11:00.181Z,42.03
2026-08-29T17:16:01.192Z,42.37
2026-08-29T17:21:00.426Z,42.63
2026-08-29T17:26:03.047Z,42.95
2026-08-29T17:31:01.441Z,44.19
2026-08-29T17:36:00.205Z,45.43
2026-08-29T17:41:02.608Z,46.22
2026-08-29T17:45:59.98Z,46.32
2026-08-29T17:51:02.757Z,46.26
2026-08-29T17:56:02.766Z,46.77
2026-08-29T18:01:02.489Z,49.31
2026-08-29T18:06:00.137Z,51.16
2026-08-29T18:10:59.94Z,52.28
2026-08-29T18:15:59.968Z,53.29
2026-08-29T18:21:00.11Z,54.88
2026-08-29T18:26:00.118Z,56.48
2026-08-29T18:31:00.354Z,57.65
2026-08-29T18:36:00.795Z,58.26
2026-08-29T18:41:00.092Z,59.08
2026-08-29T18:46:02.456Z,60.29
2026-08-29T18:51:00.186Z,61.09
2026-08-29T18:56:00.107Z,61.76
2026-08-29T19:01:02.405Z,63.13
2026-08-29T19:06:00.247Z,64.62
2026-08-29T19:11:00.098Z,65.13
2026-08-29T19:15:59.982Z,66.06
2026-08-29T19:20:59.96Z,66.53
2026-08-29T19:25:59.965Z,66.59
2026-08-29T19:30:59.986Z,67.2
2026-08-29T19:36:00.196Z,67.9
2026-08-29T19:41:00.134Z,68.76
2026-08-29T19:45:59.959Z,69.62
2026-08-29T19:51:00.067Z,70.12
2026-08-29T19:56:00.113Z,70.76
2026-08-29T20:01:01.516Z,71.24
2026-08-29T20:06:00.187Z,71.4
2026-08-29T20:11:02.439Z,71.62
2026-08-29T20:16:01.541Z,71.75
2026-08-29T20:21:00.144Z,72.04
2026-08-29T20:26:00.186Z,72.51
2026-08-29T20:30:59.948Z,73.44
2026-08-29T20:35:59.988Z,73.34
2026-08-29T20:41:00.065Z,74.17
2026-08-29T20:46:00.167Z,74.29
2026-08-29T20:51:02.568Z,74.46
2026-08-29T20:56:00.012Z,75.28
2026-08-29T21:01:00.192Z,75.28
2026-08-29T21:06:00.19Z,75.22
2026-08-29T21:10:59.97Z,75.92
2026-08-29T21:16:00.097Z,76.17
2026-08-29T21:21:02.065Z,76.33
2026-08-29T21:26:00.154Z,76.65
2026-08-29T21:30:59.991Z,76.75
2026-08-29T21:36:00.276Z,77.03
2026-08-29T21:40:59.977Z,77.35
2026-08-29T21:46:00.087Z,77.54
2026-08-29T21:51:00.107Z,77.7
2026-08-29T21:56:00.081Z,78.21
2026-08-29T22:01:00.221Z,78.31
2026-08-29T22:05:59.982Z,78.21
2026-08-29T22:10:59.909Z,78.43
2026-08-29T22:16:02.178Z,78.4
2026-08-29T22:21:02.498Z,78.53
2026-08-29T22:26:02.351Z,78.66
2026-08-29T22:31:00.039Z,78.59
2026-08-29T22:35:59.94Z,78.69
2026-08-29T22:41:00.091Z,79.36
2026-08-29T22:46:00.951Z,79.42
2026-08-29T22:51:00.1Z,79.49
2026-08-29T22:56:00.146Z,79.71
2026-08-29T23:01:00.441Z,79.96
2026-08-29T23:06:02.65Z,79.99
2026-08-29T23:10:59.996Z,80.44
2026-08-29T23:16:00.597Z,80.82
2026-08-29T23:21:00.413Z,80.82
2026-08-29T23:26:00.147Z,81.68
2026-08-29T23:31:00.135Z,82.44
2026-08-29T23:36:00.089Z,82.06
2026-08-29T23:41:02.441Z,81.87
2026-08-29T23:46:00.043Z,82.51
2026-08-29T23:51:02.967Z,83.05
2026-08-29T23:55:59.941Z,82.82
2026-08-30T00:00:59.952Z,82.57
2026-08-30T00:06:00.186Z,82.73
2026-08-30T00:11:00.344Z,83.11
2026-08-30T00:16:00.372Z,83.4
2026-08-30T00:21:00.08Z,82.73
2026-08-30T00:26:00.577Z,81.68
2026-08-30T00:31:02.379Z,80.82
2026-08-30T00:36:02.354Z,80.22
2026-08-30T00:41:00.142Z,79.77
2026-08-30T00:46:02.268Z,79.52
2026-08-30T00:51:00.031Z,79.23
2026-08-30T00:56:00.068Z,79.29
2026-08-30T01:01:00.639Z,79.13
2026-08-30T01:06:00.086Z,79.07
2026-08-30T01:11:00.044Z,78.88
2026-08-30T01:16:00.072Z,79.1
2026-08-30T01:20:59.917Z,79.13
2026-08-30T01:26:00.694Z,79.2
2026-08-30T01:30:59.936Z,79.04
2026-08-30T01:36:00.228Z,78.72
2026-08-30T01:41:00.026Z,78.53
2026-08-30T01:46:00.104Z,78.34
2026-08-30T01:51:00.038Z,78.28
2026-08-30T01:55:59.914Z,78.31
2026-08-30T02:01:02.368Z,78.4
2026-08-30T02:06:02.445Z,78.82
2026-08-30T02:11:00.612Z,78.66
2026-08-30T02:16:00.169Z,79.01
2026-08-30T02:21:00.255Z,79.45
2026-08-30T02:26:02.567Z,79.52
2026-08-30T02:31:00.934Z,79.13
2026-08-30T02:36:00.148Z,79.13
2026-08-30T02:40:59.934Z,79.1
2026-08-30T02:46:01.345Z,78.82
2026-08-30T02:51:04.142Z,78.62
2026-08-30T02:55:59.967Z,78.4
2026-08-30T03:01:00.988Z,78.37
2026-08-30T03:06:02.348Z,78.72
2026-08-30T03:11:02.27Z,79.1
2026-08-30T03:15:59.975Z,79.36
2026-08-30T03:21:02.317Z,79.8
2026-08-30T03:26:02.427Z,79.33
2026-08-30T03:31:02.443Z,78.82
2026-08-30T03:35:59.954Z,78.66
2026-08-30T03:41:00.065Z,78.78
2026-08-30T03:45:59.959Z,78.47
2026-08-30T03:50:59.971Z,77.42
2026-08-30T03:56:02.935Z,76.59
2026-08-30T04:01:02.829Z,75.66
2026-08-30T04:06:02.555Z,75.66
2026-08-30T04:10:59.977Z,75.63
2026-08-30T04:15:59.96Z,75.31
2026-08-30T04:21:00.194Z,75.57
2026-08-30T04:26:00.044Z,75.38
2026-08-30T04:31:01.301Z,75.25
2026-08-30T04:36:00.948Z,75.66
2026-08-30T04:41:02.704Z,76.94
2026-08-30T04:46:00.01Z,76.91
2026-08-30T04:51:01.099Z,76.65
2026-08-30T04:56:02.444Z,76.71
2026-08-30T05:00:59.96Z,76.91
2026-08-30T05:06:02.092Z,77.16
2026-08-30T05:11:02.403Z,77.64
2026-08-30T05:16:00.192Z,77.54
2026-08-30T05:21:00.159Z,77.48
2026-08-30T05:26:00.037Z,77.64
2026-08-30T05:31:00.065Z,77.67
2026-08-30T05:36:00.14Z,77.61
2026-08-30T05:41:00.051Z,77.51
2026-08-30T05:46:00.87Z,77.77
2026-08-30T05:51:02.086Z,77.8
2026-08-30T05:55:59.937Z,77.73
2026-08-30T06:01:01.343Z,77.54
2026-08-30T06:06:00.116Z,77.38
2026-08-30T06:11:00.029Z,77.13
2026-08-30T06:16:00.008Z,76.4
2026-08-30T06:21:01.974Z,76.14
2026-08-30T06:25:59.972Z,75.82
2026-08-30T06:31:00.17Z,75.63
2026-08-30T06:36:00.103Z,75.66
2026-08-30T06:40:59.994Z,75.28
2026-08-30T06:46:00.163Z,74.78
2026-08-30T06:51:00.087Z,74.55
2026-08-30T06:55:59.999Z,73.91
2026-08-30T07:01:00.064Z,73.59
2026-08-30T07:06:01.774Z,73.37
2026-08-30T07:11:00.213Z,72.71
2026-08-30T07:16:01.041Z,72.07
2026-08-30T07:21:01.889Z,71.62
2026-08-30T07:26:00.186Z,70.09
2026-08-30T07:30:59.93Z,69.36
2026-08-30T07:35:59.96Z,68.63
2026-08-30T07:41:00.693Z,68.12
2026-08-30T07:46:00.034Z,67.26
2026-08-30T07:50:59.943Z,66.97
2026-08-30T07:55:59.965Z,65.57
2026-08-30T08:01:00.543Z,64.34
2026-08-30T08:06:00.176Z,63.38
2026-08-30T08:10:59.966Z,61.88
2026-08-30T08:16:00.67Z,62.42
2026-08-30T08:21:00.625Z,61.69
2026-08-30T08:26:00.074Z,60.68
2026-08-30T08:31:00.028Z,59.91
2026-08-30T08:35:59.939Z,59.43
2026-08-30T08:40:59.981Z,59.11
2026-08-30T08:45:59.979Z,58.96
2026-08-30T08:51:02.414Z,58.06
2026-08-30T08:55:59.972Z,58.86
2026-08-30T09:00:59.983Z,59.62
2026-08-30T09:06:00.172Z,56.09
2026-08-30T09:10:59.975Z,55.52
2026-08-30T09:16:00.07Z,54.24
2026-08-30T09:21:00.101Z,54.66
2026-08-30T09:26:01.979Z,56.79
2026-08-30T09:31:00.121Z,51.19
2026-08-30T09:35:59.944Z,51.38
2026-08-30T09:40:59.955Z,50.71
2026-08-30T09:46:00.04Z,53.26
2026-08-30T09:51:01.598Z,49.02
2026-08-30T09:56:02.803Z,49.44
2026-08-30T10:01:00.03Z,46.64
2026-08-30T10:05:59.915Z,47.05
2026-08-30T10:11:00.205Z,47.79
2026-08-30T10:16:00.072Z,47.31
2026-08-30T10:21:02.265Z,46.39
2026-08-30T10:26:00.115Z,47.05
2026-08-30T10:31:00.178Z,47.59
2026-08-30T10:36:00.169Z,47.75
2026-08-30T10:40:59.93Z,47.5
2026-08-30T10:46:00.12Z,44.6
2026-08-30T10:50:59.962Z,45.59
2026-08-30T10:56:02.804Z,46.45
2026-08-30T11:01:00.124Z,43.81
2026-08-30T11:05:59.941Z,43.87
2026-08-30T11:10:59.985Z,44.7
2026-08-30T11:15:59.958Z,42.85
2026-08-30T11:21:00.798Z,42.41
2026-08-30T11:26:00.085Z,42.72
2026-08-30T11:30:59.991Z,39.51
2026-08-30T11:36:02.263Z,40.49
2026-08-30T11:41:00.797Z,38.01
2026-08-30T11:45:59.966Z,36.42
2026-08-30T11:51:02.543Z,36.87
2026-08-30T11:56:02.103Z,38.59
2026-08-30T12:00:59.938Z,35.53
2026-08-30T12:06:01.161Z,32.0
2026-08-30T12:11:00.714Z,31.42
2026-08-30T12:16:00.064Z,32.64
2026-08-30T12:20:59.957Z,31.04
2026-08-30T12:26:00.118Z,29.23
2026-08-30T12:31:02.313Z,30.15
2026-08-30T12:36:00.058Z,27.45
2026-08-30T12:41:02.632Z,30.89
2026-08-30T12:46:00.117Z,31.65
2026-08-30T12:51:00.023Z,29.77
2026-08-30T12:56:00.173Z,29.8
2026-08-30T13:01:00.352Z,29.61
2026-08-30T13:06:02.464Z,28.47
2026-08-30T13:11:00.143Z,29.71
2026-08-30T13:16:00.05Z,30.34
2026-08-30T13:21:00.986Z,30.57
2026-08-30T13:26:00.089Z,31.65
2026-08-30T13:30:59.945Z,30.85
2026-08-30T13:36:00.712Z,33.46
2026-08-30T13:40:59.967Z,35.21
2026-08-30T13:46:00.077Z,34.26
2026-08-30T13:51:00.575Z,36.99
2026-08-30T13:56:02.885Z,37.31
2026-08-30T14:01:00.008Z,36.49
2026-08-30T14:06:01.009Z,37.28
2026-08-30T14:11:02.731Z,36.93
2026-08-30T14:16:00.166Z,38.42
2026-08-30T14:21:01.142Z,36.52
2026-08-30T14:26:02.191Z,35.73
2026-08-30T14:31:00.053Z,36.96
2026-08-30T14:36:00.089Z,36.96
2026-08-30T14:41:00.204Z,34.74
2026-08-30T14:46:02.502Z,35.69
2026-08-30T14:51:00.025Z,36.26
2026-08-30T14:56:00.205Z,36.99
2026-08-30T15:01:02.436Z,36.17
2026-08-30T15:06:02.699Z,36.81
2026-08-30T15:11:00.203Z,37.63
2026-08-30T15:16:00.139Z,36.49
2026-08-30T15:21:00.054Z,36.52
2026-08-30T15:26:01.094Z,36.17
2026-08-30T15:30:59.949Z,37.06
2026-08-30T15:36:00.04Z,35.21
2026-08-30T15:41:00.03Z,36.17
2026-08-30T15:46:00.276Z,36.36
2026-08-30T15:50:59.998Z,37.06
2026-08-30T15:56:01.806Z,35.53
2026-08-30T16:00:59.957Z,35.97
2026-08-30T16:05:59.948Z,36.64
2026-08-30T16:11:02.361Z,36.96
2026-08-30T16:16:00.104Z,36.55
2026-08-30T16:21:00.063Z,37.02
2026-08-30T16:26:02.422Z,36.52
2026-08-30T16:30:59.97Z,36.74
2026-08-30T16:36:00.333Z,36.67
2026-08-30T16:41:00.109Z,36.29
2026-08-30T16:46:01.213Z,36.29
2026-08-30T16:50:59.97Z,35.47
2026-08-30T16:55:59.984Z,35.56
2026-08-30T17:01:01.565Z,35.82
2026-08-30T17:06:00.106Z,35.47
2026-08-30T17:11:01.566Z,34.61
2026-08-30T17:16:00.072Z,35.09
2026-08-30T17:21:00.611Z,34.39
2026-08-30T17:26:00.302Z,34.26
2026-08-30T17:31:00.086Z,32.99
2026-08-30T17:36:00.487Z,33.62
2026-08-30T17:41:00.409Z,33.56
2026-08-30T17:46:02.174Z,33.72
2026-08-30T17:51:01.428Z,34.1
2026-08-30T17:56:04.963Z,33.78
2026-08-30T18:00:59.987Z,33.87
2026-08-30T18:05:59.922Z,34.51
2026-08-30T18:11:01.946Z,34.89
2026-08-30T18:16:02.412Z,35.73
2026-08-30T18:21:00.025Z,36.39
2026-08-30T18:26:00.181Z,37.69
2026-08-30T18:31:00.314Z,39.09
2026-08-30T18:36:00.003Z,39.76
2026-08-30T18:41:00.138Z,41.51
2026-08-30T18:46:00.045Z,42.31
2026-08-30T18:51:02.559Z,43.01
2026-08-30T18:56:02.897Z,44.48
2026-08-30T19:01:02.753Z,45.21
2026-08-30T19:06:01.014Z,46.99
2026-08-30T19:11:00.065Z,48.36
2026-08-30T19:16:00.175Z,49.28
2026-08-30T19:21:02.331Z,50.36
2026-08-30T19:26:02.654Z,50.36
2026-08-30T19:31:00.633Z,51.09
2026-08-30T19:36:00.04Z,52.46
2026-08-30T19:41:00.229Z,53.39
2026-08-30T19:46:00.033Z,53.64
2026-08-30T19:51:00.175Z,54.82
2026-08-30T19:56:02.388Z,55.04
2026-08-30T20:00:59.937Z,55.36
2026-08-30T20:06:00.021Z,55.81
2026-08-30T20:11:03.064Z,56.06
2026-08-30T20:16:03.813Z,56.63
2026-08-30T20:21:00.53Z,56.89
2026-08-30T20:25:59.966Z,57.33
2026-08-30T20:31:00.083Z,57.53
2026-08-30T20:36:02.473Z,58.32
2026-08-30T20:40:59.958Z,58.41
2026-08-30T20:46:00.198Z,58.7
2026-08-30T20:51:00.915Z,58.8
2026-08-30T20:56:01.813Z,59.34
2026-08-30T21:01:02.383Z,59.66
2026-08-30T21:06:01.531Z,59.11
2026-08-30T21:11:00.006Z,58.73
2026-08-30T21:16:02.556Z,59.81
2026-08-30T21:21:00.179Z,60.61
2026-08-30T21:26:00.05Z,61.34
2026-08-30T21:31:02.339Z,61.69
2026-08-30T21:36:00.221Z,62.55
2026-08-30T21:41:02.879Z,63.32
2026-08-30T21:46:02.391Z,63.51
2026-08-30T21:51:01.388Z,64.69
2026-08-30T21:56:02.479Z,65.54
2026-08-30T22:01:00.089Z,66.97
2026-08-30T22:06:00.048Z,67.46
2026-08-30T22:10:59.984Z,68.86
2026-08-30T22:16:00.1Z,69.24
2026-08-30T22:21:02.248Z,69.77
2026-08-30T22:26:00.464Z,70.29
2026-08-30T22:31:00.444Z,71.84
2026-08-30T22:36:00.587Z,71.91
2026-08-30T22:41:00.016Z,72.99
2026-08-30T22:46:00.204Z,73.63
2026-08-30T22:51:01.95Z,74.78
2026-08-30T22:56:00.192Z,74.9
2026-08-30T23:01:02.555Z,75.44
2026-08-30T23:06:00.102Z,75.47
2026-08-30T23:11:00.057Z,75.89
2026-08-30T23:15:59.962Z,76.01
2026-08-30T23:20:59.969Z,76.43
2026-08-30T23:26:00.156Z,76.65
2026-08-30T23:31:00.639Z,77.03
2026-08-30T23:36:01.708Z,76.94
2026-08-30T23:41:00.419Z,77.38
2026-08-30T23:46:00.334Z,77.67
2026-08-30T23:51:02.678Z,77.96
2026-08-30T23:56:00.088Z,78.75
2026-08-31T00:01:00.786Z,78.85
2026-08-31T00:06:02.151Z,78.97
2026-08-31T00:11:00.072Z,79.29
2026-08-31T00:16:00.121Z,79.36
2026-08-31T00:21:02.246Z,79.17
2026-08-31T00:26:00.307Z,79.13
2026-08-31T00:31:00.077Z,79.26
2026-08-31T00:36:00.078Z,79.49
2026-08-31T00:41:00.03Z,79.99
2026-08-31T00:46:00.108Z,80.5
2026-08-31T00:50:59.942Z,80.31
2026-08-31T00:56:01.739Z,80.6
2026-08-31T01:01:00.311Z,80.6
2026-08-31T01:06:02.275Z,80.6
2026-08-31T01:11:00.052Z,81.07
2026-08-31T01:16:00.321Z,81.39
2026-08-31T01:21:00.09Z,81.74
2026-08-31T01:26:00.192Z,81.91
2026-08-31T01:31:00.138Z,81.74
2026-08-31T01:36:00.074Z,79.93
2026-08-31T01:41:00.132Z,77.77
2026-08-31T01:45:59.941Z,74.84
2026-08-31T01:51:02.689Z,72.89
2026-08-31T01:56:00.182Z,71.75
2026-08-31T02:01:00.183Z,71.31
2026-08-31T02:06:02.327Z,71.02
2026-08-31T02:11:00.109Z,70.0
2026-08-31T02:16:02.457Z,70.03
2026-08-31T02:21:01.694Z,70.61
2026-08-31T02:26:00.269Z,71.53
2026-08-31T02:30:59.947Z,71.75
2026-08-31T02:35:59.933Z,72.13
2026-08-31T02:40:59.947Z,72.64
2026-08-31T02:46:02.435Z,72.16
2026-08-31T02:51:01.956Z,71.14
2026-08-31T02:56:00.145Z,70.57
2026-08-31T03:01:01.71Z,70.89
2026-08-31T03:06:00.108Z,70.51
2026-08-31T03:11:00.326Z,69.59
2026-08-31T03:16:00.082Z,69.17
2026-08-31T03:21:02.153Z,69.27
2026-08-31T03:25:59.956Z,68.82
2026-08-31T03:31:00.034Z,68.76
2026-08-31T03:36:02.305Z,69.36
2026-08-31T03:40:59.948Z,70.32
2026-08-31T03:45:59.926Z,71.05
2026-08-31T03:51:01.949Z,71.37
2026-08-31T03:56:02.399Z,71.21
2026-08-31T04:01:01.155Z,71.56
2026-08-31T04:06:00.042Z,71.84
2026-08-31T04:10:59.988Z,70.57
2026-08-31T04:16:01.272Z,68.54
2026-08-31T04:21:00.128Z,68.19
2026-08-31T04:26:00.408Z,67.08
2026-08-31T04:31:00.051Z,66.82
2026-08-31T04:35:59.994Z,67.01
2026-08-31T04:40:59.921Z,65.67
2026-08-31T04:46:00.011Z,63.57
2026-08-31T04:51:00.163Z,62.3
2026-08-31T04:56:00.118Z,61.18
2026-08-31T05:01:02.517Z,61.28
2026-08-31T05:06:01.552Z,62.9
2026-08-31T05:11:00.001Z,62.84
2026-08-31T05:16:00.219Z,62.23
2026-08-31T05:21:01.947Z,62.52
2026-08-31T05:26:00.014Z,63.32
2026-08-31T05:31:00.138Z,64.4
2026-08-31T05:36:00.304Z,64.91
2026-08-31T05:40:59.953Z,65.54
2026-08-31T05:46:00.109Z,66.53
2026-08-31T05:51:01.92Z,66.09
2026-08-31T05:56:02.381Z,65.29
2026-08-31T06:01:00.205Z,65.29
2026-08-31T06:06:02.034Z,66.31
2026-08-31T06:11:00.302Z,66.5
2026-08-31T06:15:59.933Z,66.41
2026-08-31T06:20:59.929Z,65.45
2026-08-31T06:26:00.168Z,65.57
2026-08-31T06:31:00.389Z,65.64
2026-08-31T06:36:00.007Z,65.74
2026-08-31T06:41:02.748Z,65.64
2026-08-31T06:46:00.197Z,63.92
2026-08-31T06:51:01.611Z,62.14
2026-08-31T06:56:02.67Z,60.26
2026-08-31T07:00:59.99Z,60.58
2026-08-31T07:06:00.17Z,59.69
2026-08-31T07:11:00.113Z,58.86
2026-08-31T07:16:00.05Z,58.61
2026-08-31T07:21:00.035Z,58.96
2026-08-31T07:25:59.927Z,57.84
2026-08-31T07:31:00.014Z,56.54
2026-08-31T07:36:00.087Z,55.11
2026-08-31T07:41:00.032Z,54.21
2026-08-31T07:46:00.566Z,52.94
2026-08-31T07:51:01.663Z,52.21
2026-08-31T07:56:00.504Z,50.52
2026-08-31T08:01:01.941Z,48.49
2026-08-31T08:05:59.987Z,47.94
2026-08-31T08:11:00.273Z,47.12
2026-08-31T08:16:00.048Z,45.91
2026-08-31T08:21:00.305Z,45.46
2026-08-31T08:26:02.44Z,45.78
2026-08-31T08:31:00.061Z,44.73
2026-08-31T08:36:00.914Z,43.23
2026-08-31T08:41:04.428Z,43.11
2026-08-31T08:46:03.632Z,42.31
2026-08-31T08:51:00.315Z,41.45
2026-08-31T08:56:00.196Z,41.71
2026-08-31T09:01:02.758Z,41.13
2026-08-31T09:06:00.178Z,41.39
2026-08-31T09:10:59.938Z,43.97
2026-08-31T09:16:00.002Z,40.18
2026-08-31T09:21:00.035Z,39.38
2026-08-31T09:26:00.155Z,38.36
2026-08-31T09:31:00.084Z,38.33
2026-08-31T09:36:02.299Z,38.59
2026-08-31T09:41:00.178Z,39.83
2026-08-31T09:46:00.127Z,39.22
2026-08-31T09:51:02.474Z,37.41
2026-08-31T09:55:59.998Z,38.01
2026-08-31T10:01:00.087Z,38.87
2026-08-31T10:06:00.199Z,38.24
2026-08-31T10:10:59.978Z,39.61
2026-08-31T10:15:59.929Z,39.83
2026-08-31T10:21:00.175Z,38.94
2026-08-31T10:26:00.78Z,41.13
2026-08-31T10:30:59.912Z,40.31
2026-08-31T10:35:59.902Z,40.31
2026-08-31T10:40:59.976Z,41.45
2026-08-31T10:46:00.16Z,40.08
2026-08-31T10:51:00.071Z,42.28
2026-08-31T10:55:59.932Z,41.83
2026-08-31T11:01:02.083Z,40.21
2026-08-31T11:06:00.18Z,40.91
2026-08-31T11:11:00.04Z,40.43
2026-08-31T11:16:02.493Z,41.83
2026-08-31T11:20:59.936Z,40.53
2026-08-31T11:26:00.06Z,40.84
2026-08-31T11:31:01.737Z,40.08
2026-08-31T11:36:00.153Z,42.82
2026-08-31T11:41:00.035Z,40.46
2026-08-31T11:46:00.168Z,41.36
2026-08-31T11:51:00.68Z,41.07
2026-08-31T11:56:00.155Z,41.9
2026-08-31T12:01:01.673Z,42.41
2026-08-31T12:06:00.07Z,43.52
2026-08-31T12:11:01.007Z,43.2
2026-08-31T12:15:59.995Z,43.36
2026-08-31T12:21:00.169Z,43.68
2026-08-31T12:26:00.17Z,43.87
2026-08-31T12:31:02.297Z,44.06
2026-08-31T12:36:01.77Z,43.65
2026-08-31T12:40:59.896Z,44.0
2026-08-31T12:45:59.908Z,44.51
2026-08-31T12:50:59.892Z,43.9
2026-08-31T12:55:59.891Z,44.92
2026-08-31T13:01:00.052Z,45.62
2026-08-31T13:06:00.04Z,46.1
2026-08-31T13:11:00.063Z,45.84
2026-08-31T13:16:02.439Z,46.0
2026-08-31T13:21:00.111Z,46.7
2026-08-31T13:25:59.976Z,46.04
2026-08-31T13:31:00.005Z,46.07
2026-08-31T13:36:02.405Z,45.78
2026-08-31T13:41:00.186Z,45.24
2026-08-31T13:46:01.533Z,44.51
2026-08-31T13:51:02.652Z,44.12
2026-08-31T13:56:00.074Z,43.04
2026-08-31T14:01:00.019Z,42.95
2026-08-31T14:06:00.005Z,43.49
2026-08-31T14:11:00.045Z,44.06
2026-08-31T14:16:00.873Z,43.17
2026-08-31T14:20:59.964Z,43.78
2026-08-31T14:25:59.892Z,42.69
2026-08-31T14:31:00.024Z,43.87
2026-08-31T14:36:00.01Z,44.06
2026-08-31T14:41:00.062Z,43.61
2026-08-31T14:46:01.517Z,43.61
2026-08-31T14:51:00.567Z,44.41
2026-08-31T14:55:59.931Z,42.72
2026-08-31T15:01:01.424Z,43.61
2026-08-31T15:06:00.088Z,44.06
2026-08-31T15:11:00.023Z,44.06
2026-08-31T15:16:01.08Z,44.19
2026-08-31T15:20:59.877Z,45.87
2026-08-31T15:26:00.059Z,46.04
2026-08-31T15:31:00.105Z,49.95
2026-08-31T15:36:02.753Z,50.11
2026-08-31T15:41:00.083Z,50.24
2026-08-31T15:46:00.088Z,50.52
2026-08-31T15:50:59.967Z,51.0
2026-08-31T15:56:00.032Z,50.08
2026-08-31T16:01:00.037Z,51.51
2026-08-31T16:05:59.915Z,51.44
2026-08-31T16:11:00.017Z,51.51
2026-08-31T16:15:59.982Z,51.76
2026-08-31T16:21:00.028Z,53.04
2026-08-31T16:26:00.424Z,51.99
2026-08-31T16:31:00.045Z,52.24
2026-08-31T16:36:02.891Z,53.19
2026-08-31T16:41:00.134Z,52.87
2026-08-31T16:46:00.433Z,52.49
2026-08-31T16:51:01.886Z,52.59
2026-08-31T16:55:59.981Z,52.02
2026-08-31T17:00:59.909Z,50.68
2026-08-31T17:06:00.151Z,51.03
2026-08-31T17:10:59.992Z,52.05
2026-08-31T17:16:00.723Z,51.64
2026-08-31T17:21:00.144Z,50.77
2026-08-31T17:26:00.028Z,50.24
2026-08-31T17:31:00.188Z,51.99
2026-08-31T17:36:00.187Z,52.78
2026-08-31T17:41:00.01Z,53.36
2026-08-31T17:45:59.985Z,54.79
2026-08-31T17:51:00.889Z,55.61
2026-08-31T17:56:00.03Z,56.51
2026-08-31T18:01:00.017Z,56.79
2026-08-31T18:05:59.913Z,58.76
2026-08-31T18:10:59.971Z,59.91
2026-08-31T18:16:00.01Z,61.69
2026-08-31T18:21:01.544Z,62.2
2026-08-31T18:25:59.996Z,62.62
2026-08-31T18:31:00.073Z,63.38
2026-08-31T18:36:00.051Z,64.59
2026-08-31T18:40:59.9Z,66.66
2026-08-31T18:45:59.915Z,67.68
2026-08-31T18:51:00.075Z,68.57
2026-08-31T18:55:59.979Z,69.68
2026-08-31T19:01:00.089Z,70.47
2026-08-31T19:06:00.108Z,71.02
2026-08-31T19:11:00.068Z,71.59
2026-08-31T19:16:00.017Z,72.29
2026-08-31T19:21:00.298Z,73.12
2026-08-31T19:25:59.993Z,73.44
2026-08-31T19:31:00.876Z,73.79
2026-08-31T19:36:02.832Z,74.33
2026-08-31T19:41:00.165Z,74.55
2026-08-31T19:45:59.986Z,74.81
2026-08-31T19:51:01.892Z,75.06
2026-08-31T19:56:00.12Z,75.76
2026-08-31T20:01:00.255Z,76.33
2026-08-31T20:05:59.918Z,76.56
2026-08-31T20:11:00.064Z,76.84
2026-08-31T20:16:00.036Z,76.87
2026-08-31T20:21:00.193Z,77.06
2026-08-31T20:26:00.102Z,77.38
2026-08-31T20:31:00.109Z,77.51
2026-08-31T20:36:01.472Z,77.73
2026-08-31T20:40:59.915Z,77.96
2026-08-31T20:46:00.794Z,78.05
2026-08-31T20:51:01.22Z,78.21
2026-08-31T20:56:00.075Z,78.53
2026-08-31T21:01:00.074Z,78.69
2026-08-31T21:06:00.171Z,78.82
2026-08-31T21:11:00.115Z,78.78
2026-08-31T21:16:00.009Z,78.91
2026-08-31T21:21:01.343Z,79.13
2026-08-31T21:26:00.058Z,79.13
2026-08-31T21:31:00.33Z,79.17
2026-08-31T21:35:59.914Z,79.58
2026-08-31T21:41:02.954Z,80.09
2026-08-31T21:46:00.041Z,80.25
2026-08-31T21:51:00.975Z,80.95
2026-08-31T21:56:00.042Z,80.95
2026-08-31T22:01:00.182Z,81.17
2026-08-31T22:06:00.026Z,81.49
2026-08-31T22:11:02.373Z,81.59
2026-08-31T22:16:00.038Z,81.56
2026-08-31T22:20:59.922Z,81.62
2026-08-31T22:25:59.904Z,81.65
2026-08-31T22:31:00.453Z,81.52
2026-08-31T22:36:00.052Z,81.33
2026-08-31T22:41:00.071Z,81.39
2026-08-31T22:46:00.165Z,81.39
2026-08-31T22:51:01.063Z,81.3
2026-08-31T22:56:00.062Z,81.33
2026-08-31T23:01:00.053Z,81.3
2026-08-31T23:06:00.253Z,81.24
2026-08-31T23:11:00.046Z,81.3
2026-08-31T23:16:00.117Z,81.52
2026-08-31T23:20:59.977Z,81.43
2026-08-31T23:26:00.103Z,81.33
2026-08-31T23:31:00.068Z,81.36
2026-08-31T23:35:59.975Z,81.3
2026-08-31T23:41:02.072Z,81.33
2026-08-31T23:46:00.017Z,81.43
2026-08-31T23:50:59.928Z,81.33
2026-08-31T23:56:03.603Z,81.11
2026-09-01T00:01:00.112Z,81.33
2026-09-01T00:06:03.194Z,82.03
2026-09-01T00:11:01.849Z,82.38
2026-09-01T00:15:59.966Z,82.26
2026-09-01T00:21:00.717Z,82.79
2026-09-01T00:26:00.045Z,82.79
2026-09-01T00:31:00.104Z,82.96
2026-09-01T00:36:00.092Z,83.17
2026-09-01T00:41:00.163Z,83.14
2026-09-01T00:46:00.019Z,83.27
2026-09-01T00:51:00.169Z,83.21
2026-09-01T00:56:02.179Z,83.46
2026-09-01T01:00:59.902Z,83.69
2026-09-01T01:06:00.11Z,84.01
2026-09-01T01:10:59.983Z,84.39
2026-09-01T01:16:00.105Z,84.07
2026-09-01T01:21:00.42Z,83.97
2026-09-01T01:25:59.929Z,83.97
2026-09-01T01:31:00.915Z,84.04
2026-09-01T01:36:04.056Z,84.42
2026-09-01T01:41:00.023Z,84.64
2026-09-01T01:46:00.359Z,84.8
2026-09-01T01:50:59.886Z,84.07
2026-09-01T01:56:02.149Z,83.56
2026-09-01T02:01:02.473Z,82.99
2026-09-01T02:05:59.981Z,82.61
2026-09-01T02:10:59.978Z,82.41
2026-09-01T02:16:00.029Z,81.87
2026-09-01T02:21:00.145Z,81.65
2026-09-01T02:26:00.023Z,81.46
2026-09-01T02:31:02.366Z,81.27
2026-09-01T02:36:00.442Z,81.33
2026-09-01T02:41:01.332Z,81.36
2026-09-01T02:46:00.063Z,81.56
2026-09-01T02:51:00.034Z,81.65
2026-09-01T02:56:00.091Z,81.87
2026-09-01T03:01:00.039Z,82.67
2026-09-01T03:06:00.089Z,82.86
2026-09-01T03:11:01.741Z,82.7
2026-09-01T03:15:59.894Z,82.57
2026-09-01T03:21:00.081Z,82.29
2026-09-01T03:25:59.898Z,81.94
2026-09-01T03:30:59.916Z,81.59
2026-09-01T03:36:00.079Z,81.71
2026-09-01T03:41:01.744Z,81.68
2026-09-01T03:45:59.981Z,81.43
2026-09-01T03:51:00.019Z,81.24
2026-09-01T03:55:59.885Z,81.52
2026-09-01T04:01:00.037Z,81.68
2026-09-01T04:06:00.128Z,81.97
2026-09-01T04:11:00.136Z,82.22
2026-09-01T04:15:59.915Z,82.29
2026-09-01T04:21:00.184Z,82.29
2026-09-01T04:26:00.087Z,82.29
2026-09-01T04:31:00.022Z,82.32
2026-09-01T04:36:00.04Z,82.29
2026-09-01T04:41:01.465Z,82.51
2026-09-01T04:46:00.09Z,83.31
2026-09-01T04:51:00.119Z,83.69
2026-09-01T04:56:00.629Z,84.04
2026-09-01T05:01:01.784Z,83.87
2026-09-01T05:05:59.896Z,83.62
2026-09-01T05:11:01.337Z,83.11
2026-09-01T05:16:03.147Z,82.67
2026-09-01T05:21:00.085Z,82.44
2026-09-01T05:26:00.713Z,82.06
2026-09-01T05:31:00.087Z,81.84
2026-09-01T05:36:00.129Z,81.97
2026-09-01T05:40:59.883Z,81.84
2026-09-01T05:45:59.879Z,81.74
2026-09-01T05:51:00.858Z,81.77
2026-09-01T05:56:01.303Z,81.59
2026-09-01T06:00:59.88Z,81.74
2026-09-01T06:06:00.197Z,81.59
2026-09-01T06:11:00.178Z,81.33
2026-09-01T06:16:00.146Z,80.98
2026-09-01T06:20:59.901Z,80.85
2026-09-01T06:25:59.913Z,80.47
2026-09-01T06:30:59.881Z,80.12
2026-09-01T06:36:00.051Z,79.55
2026-09-01T06:41:00.876Z,78.88
2026-09-01T06:46:02.331Z,78.62
2026-09-01T06:51:02.554Z,77.86
2026-09-01T06:55:59.999Z,77.45
2026-09-01T07:01:00.559Z,77.06
2026-09-01T07:06:00.135Z,75.79
2026-09-01T07:11:01.39Z,75.73
2026-09-01T07:15:59.993Z,75.66
2026-09-01T07:20:59.957Z,75.19
2026-09-01T07:26:00.15Z,75.12
2026-09-01T07:30:59.914Z,74.49
2026-09-01T07:35:59.961Z,74.9
2026-09-01T07:41:00.028Z,73.72
2026-09-01T07:46:00.05Z,74.68
2026-09-01T07:51:00.109Z,74.26
2026-09-01T07:56:00.189Z,73.59
2026-09-01T08:01:02.181Z,73.28
2026-09-01T08:05:59.968Z,73.69
2026-09-01T08:11:00.45Z,73.63
2026-09-01T08:16:00.069Z,73.82
2026-09-01T08:21:02.332Z,74.58
2026-09-01T08:25:59.957Z,74.49
2026-09-01T08:30:59.946Z,74.78
2026-09-01T08:35:59.987Z,75.76
2026-09-01T08:41:00.956Z,75.51
2026-09-01T08:46:01.561Z,75.82
2026-09-01T08:51:00.069Z,75.63
2026-09-01T08:56:00.233Z,75.06
2026-09-01T09:00:59.956Z,75.25
2026-09-01T09:06:00.435Z,74.68
2026-09-01T09:11:02.631Z,73.18
2026-09-01T09:16:00.068Z,73.18
2026-09-01T09:21:01.777Z,72.99
2026-09-01T09:26:01.022Z,72.83
2026-09-01T09:31:00.467Z,71.31
2026-09-01T09:36:00.149Z,71.97
2026-09-01T09:41:00.044Z,71.17
2026-09-01T09:46:00.088Z,70.32
2026-09-01T09:51:00.008Z,69.56
2026-09-01T09:55:59.984Z,70.19
2026-09-01T10:01:01.979Z,69.97
2026-09-01T10:06:01.854Z,69.52
2026-09-01T10:10:59.963Z,67.78
2026-09-01T10:16:00.706Z,67.29
2026-09-01T10:20:59.987Z,66.24
2026-09-01T10:26:00.153Z,65.77
2026-09-01T10:30:59.997Z,65.01
2026-09-01T10:35:59.882Z,62.9
2026-09-01T10:40:59.962Z,62.39
2026-09-01T10:46:00.154Z,61.76
2026-09-01T10:50:59.951Z,62.81
2026-09-01T10:56:00.179Z,63.32
2026-09-01T11:00:59.964Z,64.4
2026-09-01T11:05:59.999Z,64.21
2026-09-01T11:11:00.058Z,64.84
2026-09-01T11:16:01.087Z,64.56
2026-09-01T11:21:02.029Z,63.41
2026-09-01T11:26:02.312Z,64.27
2026-09-01T11:31:00.027Z,65.1
2026-09-01T11:36:02.671Z,64.94
2026-09-01T11:41:00.03Z,65.71
2026-09-01T11:46:00.074Z,61.47
2026-09-01T11:51:00.008Z,63.13
2026-09-01T11:56:00.801Z,60.42
2026-09-01T12:01:00.074Z,60.58
2026-09-01T12:06:01.439Z,61.09
2026-09-01T12:10:59.884Z,62.46
2026-09-01T12:15:59.953Z,61.63
2026-09-01T12:21:00.096Z,61.31
2026-09-01T12:26:02.688Z,61.57
2026-09-01T12:31:00.135Z,61.69
2026-09-01T12:35:59.927Z,61.5
2026-09-01T12:41:00.069Z,61.53
2026-09-01T12:46:00.055Z,61.79
2026-09-01T12:50:59.997Z,62.33
2026-09-01T12:56:00.034Z,63.22
2026-09-01T13:01:00.044Z,63.44
2026-09-01T13:06:00.083Z,63.57
2026-09-01T13:11:00.904Z,63.41
2026-09-01T13:16:00.127Z,63.35
2026-09-01T13:21:00.109Z,62.84
2026-09-01T13:26:00.052Z,62.74
2026-09-01T13:31:00.39Z,62.62
2026-09-01T13:36:00.835Z,62.52
2026-09-01T13:40:59.964Z,62.3
2026-09-01T13:46:00.858Z,61.37
2026-09-01T13:51:01.206Z,60.93
2026-09-01T13:55:59.993Z,58.96
2026-09-01T14:00:59.972Z,58.86
2026-09-01T14:06:00.039Z,60.04
2026-09-01T14:10:59.929Z,58.32
2026-09-01T14:15:59.985Z,59.02
2026-09-01T14:21:00.059Z,59.97
2026-09-01T14:26:02.268Z,58.54
2026-09-01T14:31:01.047Z,58.16
2026-09-01T14:36:00.73Z,58.03
2026-09-01T14:41:00.055Z,58.03
2026-09-01T14:46:02.481Z,58.16
2026-09-01T14:51:00.155Z,57.94
2026-09-01T14:55:59.952Z,56.73
2026-09-01T15:01:00.173Z,57.24
2026-09-01T15:06:00.56Z,56.34
2026-09-01T15:11:02.487Z,55.58
2026-09-01T15:16:00.162Z,54.41
2026-09-01T15:21:00.135Z,55.64
2026-09-01T15:26:02.027Z,54.82
2026-09-01T15:31:00.162Z,55.17
2026-09-01T15:36:00.174Z,54.97
2026-09-01T15:40:59.971Z,55.74
2026-09-01T15:45:59.937Z,55.77
2026-09-01T15:51:00.265Z,56.09
2026-09-01T15:56:00.084Z,54.97
2026-09-01T16:01:00.055Z,55.11
2026-09-01T16:06:02.365Z,55.96
2026-09-01T16:11:01.713Z,56.95
2026-09-01T16:16:00.113Z,57.14
2026-09-01T16:21:00.128Z,56.51
2026-09-01T16:26:00.134Z,56.79
2026-09-01T16:31:00.117Z,56.89
2026-09-01T16:36:00.051Z,58.0
2026-09-01T16:40:59.977Z,58.45
2026-09-01T16:46:00.676Z,58.67
2026-09-01T16:51:00Z,59.72
2026-09-01T16:56:03.587Z,59.5
2026-09-01T17:01:00.007Z,59.85
2026-09-01T17:06:00.104Z,59.37
2026-09-01T17:10:59.993Z,60.04
2026-09-01T17:16:00.053Z,60.01
2026-09-01T17:20:59.941Z,60.23
2026-09-01T17:26:00.008Z,61.18
2026-09-01T17:31:02.294Z,61.57
2026-09-01T17:36:00.055Z,62.27
2026-09-01T17:41:00.044Z,62.23
2026-09-01T17:46:00.124Z,62.59
2026-09-01T17:50:59.983Z,62.68
2026-09-01T17:55:59.922Z,63.48
2026-09-01T18:00:59.938Z,63.95
2026-09-01T18:06:02.334Z,64.34
2026-09-01T18:11:00.133Z,65.26
2026-09-01T18:15:59.994Z,65.99
2026-09-01T18:21:00.063Z,66.21
2026-09-01T18:25:59.958Z,66.94
2026-09-01T18:31:02.627Z,67.14
2026-09-01T18:35:59.893Z,67.43
2026-09-01T18:40:59.968Z,67.99
2026-09-01T18:46:00.008Z,68.92
2026-09-01T18:51:00.63Z,69.77
2026-09-01T18:56:00.186Z,70.7
2026-09-01T19:01:00.034Z,71.24
2026-09-01T19:06:02.411Z,71.4
2026-09-01T19:11:00.551Z,71.87
2026-09-01T19:16:03.137Z,72.19
2026-09-01T19:21:02.356Z,72.64
2026-09-01T19:26:01.412Z,73.03
2026-09-01T19:31:00.155Z,73.34
2026-09-01T19:36:00.033Z,74.23
2026-09-01T19:41:00.05Z,74.64
2026-09-01T19:46:00.18Z,75.41
2026-09-01T19:50:59.973Z,75.86
2026-09-01T19:56:00.998Z,76.43
2026-09-01T20:00:59.963Z,76.84
2026-09-01T20:05:59.996Z,77.16
2026-09-01T20:11:00.174Z,77.45
2026-09-01T20:16:02.872Z,77.51
2026-09-01T20:20:59.997Z,77.86
2026-09-01T20:26:00.039Z,78.02
2026-09-01T20:31:02.454Z,78.21
2026-09-01T20:36:00.584Z,78.59
2026-09-01T20:41:00.008Z,78.66
2026-09-01T20:46:02.61Z,79.01
2026-09-01T20:51:00.736Z,79.17
2026-09-01T20:56:00.05Z,79.29
2026-09-01T21:01:02.3Z,79.39
2026-09-01T21:06:00.263Z,79.58
2026-09-01T21:10:59.952Z,79.61
2026-09-01T21:16:02.346Z,79.8
2026-09-01T21:20:59.985Z,79.96
2026-09-01T21:26:01.63Z,80.28
2026-09-01T21:31:00.076Z,80.28
2026-09-01T21:36:00.209Z,80.44
2026-09-01T21:40:59.894Z,80.47
2026-09-01T21:46:00.17Z,80.57
2026-09-01T21:51:00.065Z,80.73
2026-09-01T21:55:59.945Z,80.85
2026-09-01T22:00:59.992Z,81.07
2026-09-01T22:06:00.19Z,81.24
2026-09-01T22:11:00.185Z,81.11
2026-09-01T22:16:02.812Z,81.2
2026-09-01T22:20:59.979Z,81.71
2026-09-01T22:26:00.166Z,81.91
2026-09-01T22:31:00.006Z,82.19
2026-09-01T22:36:00.026Z,82.32
2026-09-01T22:41:02.369Z,82.29
2026-09-01T22:46:00.202Z,82.44
2026-09-01T22:51:00.456Z,82.57
2026-09-01T22:56:00.038Z,82.44
2026-09-01T23:01:00.175Z,82.54
2026-09-01T23:05:59.898Z,82.51
2026-09-01T23:10:59.974Z,82.0
2026-09-01T23:16:01.217Z,82.0
2026-09-01T23:20:59.958Z,82.16
2026-09-01T23:26:00.051Z,82.19
2026-09-01T23:31:00.116Z,82.09
2026-09-01T23:36:00.15Z,82.09
2026-09-01T23:40:59.978Z,82.16
2026-09-01T23:46:01.159Z,81.94
2026-09-01T23:51:00.248Z,81.84
2026-09-01T23:56:01.47Z,81.49
2026-09-02T00:01:01.121Z,81.3
2026-09-02T00:06:00.183Z,81.62
2026-09-02T00:11:00.117Z,81.87
2026-09-02T00:16:01.315Z,82.7
2026-09-02T00:21:00.119Z,82.54
2026-09-02T00:26:00.023Z,82.35
2026-09-02T00:31:00.285Z,83.21
2026-09-02T00:36:00.066Z,83.56
2026-09-02T00:41:00.04Z,83.72
2026-09-02T00:46:00.172Z,83.49
2026-09-02T00:51:00.059Z,83.4
2026-09-02T00:56:02.314Z,83.21
2026-09-02T01:00:59.932Z,83.11
2026-09-02T01:05:59.976Z,83.08
2026-09-02T01:10:59.948Z,83.37
2026-09-02T01:15:59.999Z,83.46
2026-09-02T01:20:59.933Z,83.49
2026-09-02T01:26:00.105Z,83.53
2026-09-02T01:30:59.986Z,83.56
2026-09-02T01:36:00.114Z,83.59
2026-09-02T01:40:59.916Z,83.69
2026-09-02T01:46:00.636Z,83.78
2026-09-02T01:51:00.057Z,83.59
2026-09-02T01:56:00.137Z,83.34
2026-09-02T02:01:00.933Z,83.34
2026-09-02T02:06:02.568Z,83.11
2026-09-02T02:11:00.132Z,83.31
2026-09-02T02:16:00.074Z,83.66
2026-09-02T02:21:02.356Z,83.56
2026-09-02T02:25:59.939Z,83.4
2026-09-02T02:31:00.194Z,83.53
2026-09-02T02:36:00.073Z,83.49
2026-09-02T02:41:00.107Z,83.08
2026-09-02T02:45:59.99Z,82.96
2026-09-02T02:50:59.942Z,82.86
2026-09-02T02:56:00.105Z,83.31
2026-09-02T03:01:00.119Z,83.34
2026-09-02T03:06:00.118Z,83.37
2026-09-02T03:10:59.932Z,83.49
2026-09-02T03:16:00.966Z,83.59
2026-09-02T03:20:59.938Z,84.1
2026-09-02T03:26:00.055Z,84.07
2026-09-02T03:31:00.513Z,83.87
2026-09-02T03:36:03.127Z,83.37
2026-09-02T03:41:02.335Z,83.21
2026-09-02T03:45:59.955Z,82.89
2026-09-02T03:51:00.131Z,82.76
2026-09-02T03:56:02.459Z,82.79
2026-09-02T04:00:59.996Z,83.05
2026-09-02T04:06:02.026Z,82.86
2026-09-02T04:10:59.938Z,83.05
2026-09-02T04:16:00.128Z,83.4
2026-09-02T04:21:02.069Z,83.56
2026-09-02T04:26:00.076Z,82.38
2026-09-02T04:30:59.979Z,81.94
2026-09-02T04:36:02.326Z,81.94
2026-09-02T04:41:00.112Z,81.77
2026-09-02T04:46:00.083Z,82.06
2026-09-02T04:51:00.131Z,82.12
2026-09-02T04:56:00.099Z,81.87
2026-09-02T05:01:00.153Z,82.54
2026-09-02T05:05:59.922Z,82.76
2026-09-02T05:11:00.061Z,83.21
2026-09-02T05:15:59.908Z,82.99
2026-09-02T05:21:01.84Z,82.7
2026-09-02T05:26:01.069Z,82.73
2026-09-02T05:31:00.346Z,82.73
2026-09-02T05:35:59.978Z,82.86
2026-09-02T05:40:59.954Z,82.73
2026-09-02T05:46:00.502Z,82.82
2026-09-02T05:51:01.577Z,82.89
2026-09-02T05:55:59.868Z,82.64
2026-09-02T06:00:59.932Z,82.7
2026-09-02T06:06:01.466Z,82.64
2026-09-02T06:11:00.107Z,82.38
2026-09-02T06:16:01.781Z,82.16
2026-09-02T06:21:03.757Z,81.97
2026-09-02T06:25:59.915Z,81.65
2026-09-02T06:31:00.199Z,81.33
2026-09-02T06:36:00.15Z,81.07
2026-09-02T06:41:00.032Z,80.92
2026-09-02T06:46:00.039Z,80.31
2026-09-02T06:51:00.011Z,79.9
2026-09-02T06:56:00.172Z,79.26
2026-09-02T07:01:00.174Z,78.62
2026-09-02T07:06:01.168Z,78.37
2026-09-02T07:10:59.955Z,78.18
2026-09-02T07:16:00.169Z,78.08
2026-09-02T07:21:01.211Z,78.18
2026-09-02T07:25:59.869Z,77.29
2026-09-02T07:31:00.033Z,76.94
2026-09-02T07:35:59.928Z,76.17
2026-09-02T07:41:00.253Z,76.53
2026-09-02T07:46:01.18Z,75.7
2026-09-02T07:51:01.37Z,75.06
2026-09-02T07:55:59.928Z,75.19
2026-09-02T08:01:00.264Z,74.04
2026-09-02T08:05:59.951Z,72.61
2026-09-02T08:10:59.951Z,71.91
2026-09-02T08:16:00.174Z,70.86
2026-09-02T08:21:01.778Z,69.97
2026-09-02T08:25:59.861Z,68.6
2026-09-02T08:30:59.866Z,67.9
2026-09-02T08:35:59.987Z,68.47
2026-09-02T08:41:00.136Z,67.11
2026-09-02T08:45:59.999Z,67.36
2026-09-02T08:51:00.064Z,68.34
2026-09-02T08:56:00.403Z,67.52
2026-09-02T09:00:59.936Z,67.26
2026-09-02T09:06:00.623Z,65.8
2026-09-02T09:11:00.201Z,64.87
2026-09-02T09:15:59.946Z,66.09
2026-09-02T09:20:59.997Z,64.69
2026-09-02T09:25:59.957Z,63.67
2026-09-02T09:31:00.003Z,63.51
2026-09-02T09:36:00.6Z,63.44
2026-09-02T09:41:00.169Z,63.51
2026-09-02T09:46:02.111Z,62.49
2026-09-02T09:51:00.427Z,63.57
2026-09-02T09:56:02.109Z,64.21
2026-09-02T10:01:00.971Z,62.42
2026-09-02T10:05:59.901Z,62.2
2026-09-02T10:11:00.052Z,62.3
2026-09-02T10:15:59.862Z,64.78
2026-09-02T10:21:00.045Z,63.51
2026-09-02T10:25:59.906Z,63.95
2026-09-02T10:31:00.143Z,62.97
2026-09-02T10:36:00.466Z,63.13
2026-09-02T10:41:00.017Z,62.39
2026-09-02T10:45:59.997Z,62.36
2026-09-02T10:50:59.916Z,62.68
2026-09-02T10:56:01.683Z,62.11
2026-09-02T11:01:00.165Z,62.68
2026-09-02T11:06:02.442Z,61.6
2026-09-02T11:11:00.132Z,61.57
2026-09-02T11:16:00.061Z,60.16
2026-09-02T11:20:59.916Z,60.87
2026-09-02T11:26:00.101Z,60.87
2026-09-02T11:31:00.579Z,60.26
2026-09-02T11:36:00.123Z,59.05
2026-09-02T11:40:59.931Z,59.15
2026-09-02T11:45:59.966Z,60.55
2026-09-02T11:50:59.94Z,59.78
2026-09-02T11:56:02.422Z,61.53
2026-09-02T12:00:59.875Z,59.85
2026-09-02T12:06:00.956Z,59.31
2026-09-02T12:11:01.695Z,59.91
2026-09-02T12:16:00.416Z,59.24
2026-09-02T12:21:00.018Z,59.56
2026-09-02T12:26:01.846Z,59.24
2026-09-02T12:31:00.078Z,58.83
2026-09-02T12:36:00.066Z,58.09
2026-09-02T12:41:00.13Z,57.53
2026-09-02T12:46:01.448Z,57.53
2026-09-02T12:51:00.527Z,56.66
2026-09-02T12:56:00.587Z,55.81
2026-09-02T13:00:59.859Z,56.44
2026-09-02T13:05:59.959Z,56.31
2026-09-02T13:11:00.284Z,57.27
2026-09-02T13:16:02.995Z,56.09
2026-09-02T13:21:00.08Z,54.82
2026-09-02T13:26:01.476Z,55.49
2026-09-02T13:31:00.025Z,55.71
2026-09-02T13:36:00.078Z,53.77
2026-09-02T13:41:01.823Z,54.44
2026-09-02T13:45:59.965Z,53.04
2026-09-02T13:51:00.369Z,51.86
2026-09-02T13:56:00.11Z,52.02
2026-09-02T14:00:59.942Z,51.35
2026-09-02T14:06:00.043Z,51.19
2026-09-02T14:10:59.937Z,53.71
2026-09-02T14:16:00.099Z,51.67
2026-09-02T14:21:02.38Z,49.86
2026-09-02T14:26:00.072Z,50.36
2026-09-02T14:31:02.389Z,50.17
2026-09-02T14:35:59.952Z,48.67
2026-09-02T14:41:00.082Z,49.51
2026-09-02T14:46:00.016Z,48.67
2026-09-02T14:51:00.012Z,50.11
2026-09-02T14:56:00.142Z,49.44
2026-09-02T15:01:00.084Z,49.02
2026-09-02T15:06:00.128Z,48.99
2026-09-02T15:11:00.096Z,49.95
2026-09-02T15:16:00.036Z,48.26
2026-09-02T15:21:00.134Z,47.4
2026-09-02T15:26:00.206Z,46.96
2026-09-02T15:30:59.961Z,48.9
2026-09-02T15:36:00.452Z,47.98
2026-09-02T15:41:01.515Z,49.41
2026-09-02T15:46:02.033Z,48.96
2026-09-02T15:50:59.948Z,47.09
2026-09-02T15:56:01.302Z,46.39
2026-09-02T16:00:59.982Z,48.33
2026-09-02T16:05:59.932Z,48.49
2026-09-02T16:10:59.961Z,48.93
2026-09-02T16:16:01.867Z,49.72
2026-09-02T16:21:01.641Z,50.17
2026-09-02T16:25:59.915Z,49.72
2026-09-02T16:30:59.929Z,50.3
2026-09-02T16:35:59.881Z,49.41
2026-09-02T16:41:00.139Z,49.76
2026-09-02T16:45:59.949Z,50.84
2026-09-02T16:51:00.06Z,52.46
2026-09-02T16:56:00.115Z,52.49
2026-09-02T17:01:00.077Z,53.74
2026-09-02T17:06:00.13Z,53.19
2026-09-02T17:11:01.178Z,52.56
2026-09-02T17:16:00.084Z,52.53
2026-09-02T17:21:00.03Z,54.12
2026-09-02T17:26:00.064Z,54.09
2026-09-02T17:31:00.108Z,54.66
2026-09-02T17:35:59.88Z,54.59
2026-09-02T17:41:00.1Z,55.33
2026-09-02T17:45:59.94Z,55.74
2026-09-02T17:51:00.023Z,55.36
2026-09-02T17:56:00.029Z,55.04
2026-09-02T18:01:00.06Z,55.64
2026-09-02T18:05:59.906Z,55.39
2026-09-02T18:11:02.437Z,55.49
2026-09-02T18:16:00.523Z,55.58
2026-09-02T18:21:02.981Z,55.93
2026-09-02T18:26:00.062Z,56.22
2026-09-02T18:31:01.061Z,56.69
2026-09-02T18:36:02.789Z,57.39
2026-09-02T18:41:00.076Z,57.94
2026-09-02T18:46:00.048Z,58.13
2026-09-02T18:51:02.688Z,58.86
2026-09-02T18:56:00.107Z,59.72
2026-09-02T19:00:59.97Z,60.36
2026-09-02T19:06:00.122Z,60.83
2026-09-02T19:11:02.754Z,61.53
2026-09-02T19:16:01.06Z,62.42
2026-09-02T19:21:00.06Z,63.09
2026-09-02T19:25:59.877Z,63.6
2026-09-02T19:31:00.139Z,64.27
2026-09-02T19:36:00.215Z,65.04
2026-09-02T19:41:00.593Z,65.45
2026-09-02T19:46:00.146Z,65.83
2026-09-02T19:51:00.059Z,65.64
2026-09-02T19:55:59.928Z,65.01
2026-09-02T20:00:59.957Z,64.94
2026-09-02T20:06:02.329Z,65.13
2026-09-02T20:10:59.933Z,65.42
2026-09-02T20:15:59.934Z,65.89
2026-09-02T20:21:00.014Z,66.34
2026-09-02T20:26:00.149Z,66.72
2026-09-02T20:31:01.395Z,67.36
2026-09-02T20:36:00.034Z,67.71
2026-09-02T20:41:00.884Z,68.16
2026-09-02T20:46:01.217Z,68.6
2026-09-02T20:51:00.02Z,68.86
2026-09-02T20:56:00.032Z,69.36
2026-09-02T21:00:59.95Z,69.42
2026-09-02T21:05:59.924Z,70.12
2026-09-02T21:10:59.973Z,70.73
2026-09-02T21:16:00.393Z,70.47
2026-09-02T21:20:59.902Z,70.89
2026-09-02T21:26:01.085Z,71.4
2026-09-02T21:31:00.048Z,71.91
2026-09-02T21:36:04.042Z,72.32
2026-09-02T21:40:59.982Z,72.68
2026-09-02T21:46:00.032Z,72.86
2026-09-02T21:50:59.903Z,73.06
2026-09-02T21:56:00.129Z,73.47
2026-09-02T22:00:59.981Z,74.08
2026-09-02T22:06:00.113Z,74.52
2026-09-02T22:11:00.139Z,75.57
2026-09-02T22:16:00.539Z,75.86
2026-09-02T22:20:59.968Z,76.11
2026-09-02T22:25:59.913Z,76.27
2026-09-02T22:31:00.003Z,76.75
2026-09-02T22:36:00.084Z,77.19
2026-09-02T22:40:59.951Z,77.48
2026-09-02T22:46:02.432Z,78.08
2026-09-02T22:50:59.94Z,78.4
2026-09-02T22:56:00.106Z,78.56
2026-09-02T23:00:59.966Z,78.94
2026-09-02T23:06:00.07Z,79.13
2026-09-02T23:11:00.095Z,79.26
2026-09-02T23:16:00.295Z,79.58
2026-09-02T23:21:01.944Z,79.77
2026-09-02T23:26:00.09Z,80.15
2026-09-02T23:31:00Z,80.5
2026-09-02T23:36:00.906Z,81.04
2026-09-02T23:41:00.06Z,81.56
2026-09-02T23:45:59.932Z,81.77
2026-09-02T23:51:01.4Z,82.29
2026-09-02T23:55:59.901Z,81.94
2026-09-03T00:00:59.899Z,82.35
2026-09-03T00:06:02.867Z,82.09
2026-09-03T00:11:00.104Z,81.74
2026-09-03T00:16:02.67Z,81.97
2026-09-03T00:21:00.016Z,82.29
2026-09-03T00:26:00.07Z,82.76
2026-09-03T00:31:00.084Z,83.21
2026-09-03T00:36:01.613Z,83.49
2026-09-03T00:40:59.897Z,83.69
2026-09-03T00:46:00.071Z,83.84
2026-09-03T00:51:02.528Z,83.81
2026-09-03T00:56:00.077Z,83.75
2026-09-03T01:01:00.064Z,83.66
2026-09-03T01:06:00.117Z,83.62
2026-09-03T01:10:59.902Z,83.11
2026-09-03T01:15:59.871Z,82.89
2026-09-03T01:21:02.34Z,82.54
2026-09-03T01:26:00.392Z,82.19
2026-09-03T01:30:59.884Z,81.97
2026-09-03T01:35:59.998Z,81.77
2026-09-03T01:40:59.9Z,81.74
2026-09-03T01:46:00.785Z,81.81
2026-09-03T01:51:00.098Z,81.65
2026-09-03T01:55:59.953Z,81.74
2026-09-03T02:00:59.994Z,81.74
2026-09-03T02:06:00.118Z,81.91
2026-09-03T02:11:00.091Z,82.35
2026-09-03T02:15:59.901Z,82.35
2026-09-03T02:21:01.298Z,82.86
2026-09-03T02:26:00.067Z,83.17
2026-09-03T02:30:59.98Z,83.27
2026-09-03T02:36:01.242Z,83.59
2026-09-03T02:41:00.062Z,83.46
2026-09-03T02:45:59.997Z,83.91
2026-09-03T02:51:01.767Z,84.04
2026-09-03T02:56:00.107Z,83.97
2026-09-03T03:01:00.096Z,84.16
2026-09-03T03:06:00.626Z,83.97
2026-09-03T03:11:02.412Z,84.22
2026-09-03T03:16:00.118Z,84.61
2026-09-03T03:21:00.102Z,84.71
2026-09-03T03:26:02.503Z,84.83
2026-09-03T03:30:59.883Z,84.74
2026-09-03T03:36:00.099Z,84.74
2026-09-03T03:41:00.119Z,84.74
2026-09-03T03:46:00.196Z,84.04
2026-09-03T03:51:00.646Z,83.87
2026-09-03T03:56:00.073Z,83.69
2026-09-03T04:01:00.014Z,83.14
2026-09-03T04:05:59.913Z,82.76
2026-09-03T04:11:00.062Z,82.41
2026-09-03T04:16:00.912Z,82.09
2026-09-03T04:21:00.053Z,81.65
2026-09-03T04:25:59.961Z,81.49
2026-09-03T04:30:59.894Z,81.43
2026-09-03T04:35:59.89Z,81.33
2026-09-03T04:41:00.008Z,81.2
2026-09-03T04:46:00.069Z,81.56
2026-09-03T04:50:59.911Z,81.62
2026-09-03T04:56:00.703Z,81.49
2026-09-03T05:01:00.071Z,81.74
2026-09-03T05:05:59.977Z,81.2
2026-09-03T05:10:59.989Z,81.3
2026-09-03T05:15:59.946Z,81.24
2026-09-03T05:21:01.47Z,80.44
2026-09-03T05:25:59.974Z,80.44
2026-09-03T05:30:59.943Z,80.73
2026-09-03T05:35:59.902Z,80.95
2026-09-03T05:40:59.956Z,80.95
2026-09-03T05:45:59.891Z,81.43
2026-09-03T05:51:00.032Z,82.03
2026-09-03T05:55:59.936Z,82.29
2026-09-03T06:01:01.23Z,82.29
2026-09-03T06:06:00.083Z,82.16
2026-09-03T06:10:59.876Z,81.91
2026-09-03T06:16:00.033Z,82.06
2026-09-03T06:20:59.87Z,82.19
2026-09-03T06:25:59.879Z,82.19
2026-09-03T06:31:00.101Z,82.32
2026-09-03T06:35:59.891Z,82.41
2026-09-03T06:40:59.869Z,82.16
2026-09-03T06:46:02.709Z,81.36
2026-09-03T06:51:00.52Z,80.95
2026-09-03T06:56:01.306Z,80.73
2026-09-03T07:01:02.356Z,80.85
2026-09-03T07:06:02.009Z,80.63
2026-09-03T07:11:00.507Z,80.76
2026-09-03T07:15:59.898Z,80.5
2026-09-03T07:21:00.001Z,79.77
2026-09-03T07:25:59.966Z,79.74
2026-09-03T07:31:02.513Z,79.42
2026-09-03T07:35:59.903Z,78.85
2026-09-03T07:41:00.054Z,79.01
2026-09-03T07:46:00.519Z,78.78
2026-09-03T07:50:59.926Z,78.62
2026-09-03T07:55:59.944Z,78.02
2026-09-03T08:01:02.825Z,77.54
2026-09-03T08:06:00.371Z,76.94
2026-09-03T08:10:59.907Z,76.05
2026-09-03T08:15:59.97Z,75.86
2026-09-03T08:21:00.225Z,76.24
2026-09-03T08:26:01.41Z,74.61
2026-09-03T08:31:00.083Z,74.46
2026-09-03T08:35:59.916Z,73.98
2026-09-03T08:41:02.459Z,73.21
2026-09-03T08:46:01.737Z,71.43
2026-09-03T08:51:00.1Z,72.64
2026-09-03T08:56:00.032Z,71.31
2026-09-03T09:01:00.083Z,71.43
2026-09-03T09:05:59.92Z,70.47
2026-09-03T09:11:00.719Z,69.87
2026-09-03T09:16:01.836Z,70.03
2026-09-03T09:20:59.873Z,68.82
2026-09-03T09:26:00.104Z,69.49
2026-09-03T09:31:01.473Z,69.01
2026-09-03T09:35:59.966Z,68.31
2026-09-03T09:41:00.091Z,66.85
2026-09-03T09:46:00.089Z,67.14
2026-09-03T09:50:59.994Z,65.71
2026-09-03T09:56:00.095Z,64.69
2026-09-03T10:01:02.276Z,64.94
2026-09-03T10:06:00.028Z,64.49
2026-09-03T10:11:00.452Z,64.69
2026-09-03T10:16:01.802Z,64.59
2026-09-03T10:20:59.973Z,64.97
2026-09-03T10:26:00.028Z,62.55
2026-09-03T10:31:02.341Z,62.59
2026-09-03T10:36:00.044Z,63.32
2026-09-03T10:41:00.074Z,62.39
2026-09-03T10:46:02.171Z,59.94
2026-09-03T10:51:00.049Z,61.98
2026-09-03T10:55:59.913Z,60.93
2026-09-03T11:01:02.007Z,59.91
2026-09-03T11:06:00.825Z,57.94
2026-09-03T11:11:00.51Z,60.74
2026-09-03T11:16:01.934Z,59.62
2026-09-03T11:21:00.027Z,59.5
2026-09-03T11:25:59.969Z,60.2
2026-09-03T11:31:02.024Z,58.76
2026-09-03T11:35:59.849Z,60.99
2026-09-03T11:41:00.751Z,59.15
2026-09-03T11:46:00.951Z,58.89
2026-09-03T11:51:00.051Z,58.67
2026-09-03T11:56:00.055Z,58.19
2026-09-03T12:01:00.428Z,57.04
2026-09-03T12:06:00.102Z,55.49
2026-09-03T12:11:00.063Z,55.26
2026-09-03T12:16:01.726Z,54.03
2026-09-03T12:20:59.925Z,53.61
2026-09-03T12:25:59.883Z,50.33
2026-09-03T12:31:00.456Z,53.42
2026-09-03T12:35:59.907Z,53.1
2026-09-03T12:41:00.199Z,51.73
2026-09-03T12:46:03.928Z,49.41
2026-09-03T12:50:59.896Z,48.01
2026-09-03T12:56:00.065Z,47.21
2026-09-03T13:01:00.004Z,47.28
2026-09-03T13:06:00.063Z,47.91
2026-09-03T13:10:59.93Z,47.82
2026-09-03T13:16:01.569Z,48.87
2026-09-03T13:20:59.838Z,45.94
2026-09-03T13:26:00.291Z,46.96
2026-09-03T13:31:00.025Z,45.65
2026-09-03T13:36:02.809Z,47.24
2026-09-03T13:40:59.988Z,47.94
2026-09-03T13:46:02.391Z,46.32
2026-09-03T13:51:02.546Z,45.68
2026-09-03T13:56:00.083Z,44.22
2026-09-03T14:00:59.952Z,42.69
2026-09-03T14:06:00.604Z,43.74
2026-09-03T14:10:59.919Z,43.01
2026-09-03T14:15:59.996Z,44.73
2026-09-03T14:21:02.599Z,41.83
2026-09-03T14:25:59.945Z,41.19
2026-09-03T14:31:00.007Z,41.19
2026-09-03T14:36:02.515Z,41.83
2026-09-03T14:41:01.227Z,41.99
2026-09-03T14:46:02.406Z,41.71
2026-09-03T14:51:00.045Z,42.18
2026-09-03T14:55:59.976Z,42.91
2026-09-03T15:01:01.086Z,43.3
2026-09-03T15:05:59.948Z,43.3
2026-09-03T15:10:59.884Z,45.27
2026-09-03T15:15:59.997Z,43.65
2026-09-03T15:21:00.041Z,44.0
2026-09-03T15:25:59.853Z,45.11
2026-09-03T15:31:00.956Z,44.89
2026-09-03T15:36:00.085Z,44.73
2026-09-03T15:40:59.965Z,45.75
2026-09-03T15:46:00.011Z,45.81
2026-09-03T15:51:02.143Z,44.51
2026-09-03T15:55:59.923Z,45.27
2026-09-03T16:01:01.433Z,45.46
2026-09-03T16:06:00.073Z,44.79
2026-09-03T16:10:59.916Z,45.56
2026-09-03T16:15:59.878Z,45.02
2026-09-03T16:21:00.196Z,45.46
2026-09-03T16:26:00.114Z,45.59
2026-09-03T16:31:00.673Z,46.61
2026-09-03T16:35:59.951Z,45.84
2026-09-03T16:40:59.866Z,46.54
2026-09-03T16:45:59.963Z,46.61
2026-09-03T16:51:01.895Z,47.53
2026-09-03T16:55:59.913Z,48.17
2026-09-03T17:00:59.862Z,50.27
2026-09-03T17:06:02.344Z,49.41
2026-09-03T17:11:00.055Z,49.63
2026-09-03T17:15:59.898Z,51.51
2026-09-03T17:21:02.811Z,51.54
2026-09-03T17:26:00.005Z,52.87
2026-09-03T17:30:59.893Z,54.06
2026-09-03T17:36:00.044Z,54.76
2026-09-03T17:40:59.839Z,54.66
2026-09-03T17:45:59.99Z,55.74
2026-09-03T17:51:02.294Z,56.69
2026-09-03T17:55:59.974Z,57.39
2026-09-03T18:00:59.97Z,58.19
2026-09-03T18:05:59.965Z,58.7
2026-09-03T18:10:59.891Z,58.89
2026-09-03T18:16:00.671Z,59.31
2026-09-03T18:20:59.882Z,60.2
2026-09-03T18:25:59.855Z,60.29
2026-09-03T18:31:00.04Z,61.09
2026-09-03T18:35:59.893Z,61.47
2026-09-03T18:40:59.988Z,61.92
2026-09-03T18:46:00.015Z,61.66
2026-09-03T18:50:59.918Z,62.39
2026-09-03T18:55:59.906Z,62.74
2026-09-03T19:00:59.968Z,63.48
2026-09-03T19:06:00.941Z,63.03
2026-09-03T19:10:59.953Z,63.57
2026-09-03T19:16:00.008Z,64.08
2026-09-03T19:21:01.328Z,64.37
2026-09-03T19:25:59.876Z,65.13
2026-09-03T19:30:59.841Z,65.64
2026-09-03T19:36:01.872Z,66.85
2026-09-03T19:40:59.949Z,66.79
2026-09-03T19:46:00.148Z,67.33
2026-09-03T19:51:00.084Z,67.96
2026-09-03T19:56:00.094Z,68.12
2026-09-03T20:00:59.853Z,68.31
2026-09-03T20:05:59.914Z,68.63
2026-09-03T20:11:02.006Z,68.98
2026-09-03T20:15:59.91Z,69.52
2026-09-03T20:21:00.642Z,70.22
2026-09-03T20:25:59.958Z,70.89
2026-09-03T20:30:59.917Z,72.13
2026-09-03T20:36:01.043Z,72.71
2026-09-03T20:41:00.06Z,73.06
2026-09-03T20:45:59.916Z,73.18
2026-09-03T20:50:59.951Z,73.15
2026-09-03T20:56:02.96Z,73.31
2026-09-03T21:00:59.847Z,73.44
2026-09-03T21:05:59.991Z,73.44
2026-09-03T21:10:59.978Z,73.79
2026-09-03T21:16:00.039Z,73.91
2026-09-03T21:20:59.849Z,74.14
2026-09-03T21:26:02.286Z,74.17
2026-09-03T21:31:00.006Z,74.04
2026-09-03T21:35:59.93Z,74.23
2026-09-03T21:41:03.278Z,74.49
2026-09-03T21:45:59.926Z,74.64
2026-09-03T21:50:59.982Z,74.87
2026-09-03T21:55:59.967Z,75.44
2026-09-03T22:01:00.093Z,75.66
2026-09-03T22:06:00.164Z,76.08
2026-09-03T22:11:00.062Z,76.94
2026-09-03T22:15:59.891Z,77.35
2026-09-03T22:21:00.399Z,77.77
2026-09-03T22:25:59.966Z,77.73
2026-09-03T22:30:59.978Z,77.83
2026-09-03T22:35:59.872Z,78.12
2026-09-03T22:41:01.981Z,78.18
2026-09-03T22:46:00.263Z,78.75
2026-09-03T22:51:00.038Z,79.01
2026-09-03T22:56:02.068Z,78.94
2026-09-03T23:00:59.822Z,79.45
2026-09-03T23:06:01.367Z,79.33
2026-09-03T23:11:00.009Z,79.17
2026-09-03T23:16:00.007Z,79.13
2026-09-03T23:21:01.371Z,79.17
2026-09-03T23:26:02.226Z,79.33
2026-09-03T23:30:59.976Z,80.03
2026-09-03T23:36:01.016Z,81.11
2026-09-03T23:40:59.996Z,81.33
2026-09-03T23:45:59.846Z,82.09
2026-09-03T23:51:00.235Z,82.32
2026-09-03T23:56:02.082Z,82.54
2026-09-04T00:01:00.207Z,82.67
2026-09-04T00:06:00.075Z,82.7
2026-09-04T00:11:00.064Z,82.7
2026-09-04T00:16:00.012Z,82.99
2026-09-04T00:21:00.751Z,83.59
2026-09-04T00:26:02.406Z,83.46
2026-09-04T00:30:59.924Z,83.62
2026-09-04T00:36:00.507Z,83.97
2026-09-04T00:40:59.835Z,83.97
2026-09-04T00:46:00.046Z,84.01
2026-09-04T00:51:00.09Z,83.87
2026-09-04T00:56:00.017Z,83.91
2026-09-04T01:00:59.882Z,84.07
2026-09-04T01:05:59.969Z,84.1
2026-09-04T01:10:59.872Z,84.13
2026-09-04T01:15:59.995Z,83.94
2026-09-04T01:21:00.086Z,84.04
2026-09-04T01:26:01.148Z,83.87
2026-09-04T01:30:59.975Z,84.22
2026-09-04T01:36:00.455Z,84.48
2026-09-04T01:40:59.919Z,84.77
2026-09-04T01:45:59.947Z,85.5
2026-09-04T01:51:00.066Z,85.76
2026-09-04T01:56:00.994Z,85.85
2026-09-04T02:00:59.819Z,85.59
2026-09-04T02:06:00.024Z,86.01
2026-09-04T02:11:00.556Z,86.17
2026-09-04T02:16:00.894Z,86.33
2026-09-04T02:21:00.16Z,86.74
2026-09-04T02:25:59.856Z,86.93
2026-09-04T02:31:00.04Z,86.71
2026-09-04T02:35:59.909Z,86.64
2026-09-04T02:41:01.701Z,86.61
2026-09-04T02:46:00.79Z,86.23
2026-09-04T02:50:59.902Z,86.11
2026-09-04T02:56:00.472Z,85.85
2026-09-04T03:00:59.959Z,85.15
2026-09-04T03:06:00.006Z,85.12
2026-09-04T03:10:59.857Z,85.03
2026-09-04T03:16:00.05Z,85.06
2026-09-04T03:21:00.07Z,85.12
2026-09-04T03:26:00.014Z,84.93
2026-09-04T03:31:00.031Z,84.99
2026-09-04T03:35:59.972Z,85.15
2026-09-04T03:40:59.824Z,85.15
2026-09-04T03:46:04.196Z,85.18
2026-09-04T03:50:59.867Z,85.06
2026-09-04T03:56:01.493Z,85.28
2026-09-04T04:01:02.412Z,85.34
2026-09-04T04:06:00.1Z,85.28
2026-09-04T04:10:59.866Z,85.34
2026-09-04T04:16:00.093Z,85.21
2026-09-04T04:21:00.078Z,85.28
2026-09-04T04:25:59.992Z,85.31
2026-09-04T04:31:00.012Z,85.56
2026-09-04T04:36:00.032Z,85.79
2026-09-04T04:40:59.793Z,85.91
2026-09-04T04:46:01.413Z,86.68
2026-09-04T04:50:59.846Z,86.84
2026-09-04T04:55:59.968Z,86.64
2026-09-04T05:00:59.896Z,86.61
2026-09-04T05:06:00.129Z,86.49
2026-09-04T05:11:00.234Z,86.52
2026-09-04T05:15:59.914Z,86.43
2026-09-04T05:21:00.447Z,86.39
2026-09-04T05:26:00.353Z,86.49
2026-09-04T05:30:59.786Z,86.71
2026-09-04T05:35:59.857Z,86.55
2026-09-04T05:40:59.832Z,86.49
2026-09-04T05:46:00.056Z,86.52
2026-09-04T05:50:59.864Z,86.49
2026-09-04T05:55:59.871Z,86.61
2026-09-04T06:01:00.069Z,86.74
2026-09-04T06:06:00.031Z,86.55
2026-09-04T06:10:59.976Z,86.33
2026-09-04T06:15:59.868Z,86.17
2026-09-04T06:21:00.014Z,85.94
2026-09-04T06:25:59.858Z,85.79
2026-09-04T06:30:59.958Z,85.66
2026-09-04T06:35:59.976Z,85.34
2026-09-04T06:40:59.871Z,85.24
2026-09-04T06:45:59.792Z,85.03
2026-09-04T06:51:00.03Z,84.86
2026-09-04T06:56:00.022Z,84.61
2026-09-04T07:01:01.485Z,84.45
2026-09-04T07:05:59.837Z,84.01
2026-09-04T07:10:59.788Z,83.59
2026-09-04T07:16:01.98Z,82.73
2026-09-04T07:21:00.06Z,82.44
2026-09-04T07:26:00.307Z,81.43
2026-09-04T07:30:59.946Z,80.73
2026-09-04T07:35:59.87Z,80.22
2026-09-04T07:41:00.057Z,80.5
2026-09-04T07:45:59.864Z,79.9
2026-09-04T07:50:59.942Z,79.1
2026-09-04T07:56:01.795Z,77.45
2026-09-04T08:01:00.19Z,76.08
2026-09-04T08:05:59.99Z,75.09
2026-09-04T08:10:59.989Z,74.46
2026-09-04T08:15:59.974Z,73.79
2026-09-04T08:21:01.465Z,72.71
2026-09-04T08:25:59.987Z,70.22
2026-09-04T08:30:59.883Z,69.17
2026-09-04T08:36:00.328Z,68.54
2026-09-04T08:40:59.766Z,65.96
2026-09-04T08:46:00.283Z,66.34
2026-09-04T08:51:01.634Z,66.12
2026-09-04T08:56:00.024Z,63.09
2026-09-04T09:00:59.97Z,63.83
2026-09-04T09:06:01.626Z,63.38
2026-09-04T09:10:59.822Z,60.9
2026-09-04T09:15:59.803Z,61.44
2026-09-04T09:21:01.689Z,62.46
2026-09-04T09:25:59.846Z,59.08
2026-09-04T09:30:59.981Z,58.48
2026-09-04T09:36:01.664Z,59.72
2026-09-04T09:41:00.17Z,59.75
2026-09-04T09:46:00.389Z,57.56
2026-09-04T09:51:02.029Z,56.54
2026-09-04T09:55:59.978Z,55.9
2026-09-04T10:01:00.166Z,55.49
2026-09-04T10:05:59.925Z,55.96
2026-09-04T10:10:59.875Z,54.31
2026-09-04T10:16:00.012Z,53.74
2026-09-04T10:20:59.814Z,54.47
2026-09-04T10:25:59.892Z,52.49
2026-09-04T10:31:00.231Z,52.91
2026-09-04T10:35:59.988Z,51.73
2026-09-04T10:40:59.923Z,49.19
2026-09-04T10:45:59.815Z,51.19
2026-09-04T10:50:59.921Z,53.29
2026-09-04T10:56:00.025Z,48.64
2026-09-04T11:00:59.844Z,52.53
2026-09-04T11:06:00.042Z,48.67
2026-09-04T11:10:59.848Z,48.77
2026-09-04T11:15:59.895Z,46.29
2026-09-04T11:20:59.965Z,46.0
2026-09-04T11:25:59.883Z,45.91
2026-09-04T11:30:59.826Z,45.75
2026-09-04T11:36:00.138Z,48.49
2026-09-04T11:41:02.633Z,46.92
2026-09-04T11:45:59.967Z,43.33
2026-09-04T11:51:00.006Z,43.42
2026-09-04T11:56:04.521Z,44.32
2026-09-04T12:00:59.967Z,42.95
2026-09-04T12:05:59.865Z,43.2
2026-09-04T12:11:02.105Z,42.28
2026-09-04T12:15:59.823Z,45.3
2026-09-04T12:20:59.975Z,43.01
2026-09-04T12:25:59.854Z,43.46
2026-09-04T12:30:59.835Z,42.18
2026-09-04T12:35:59.966Z,41.61
2026-09-04T12:40:59.979Z,41.99
2026-09-04T12:45:59.751Z,42.82
2026-09-04T12:51:01.323Z,42.37
2026-09-04T12:56:02.422Z,42.12
2026-09-04T13:00:59.998Z,39.83
2026-09-04T13:05:59.886Z,40.4
2026-09-04T13:10:59.834Z,39.54
2026-09-04T13:15:59.891Z,39.57
2026-09-04T13:20:59.951Z,39.76
2026-09-04T13:25:59.802Z,40.4
2026-09-04T13:30:59.95Z,40.21
2026-09-04T13:35:59.867Z,39.89
2026-09-04T13:40:59.858Z,42.34
2026-09-04T13:45:59.88Z,41.58
2026-09-04T13:50:59.887Z,40.81
2026-09-04T13:56:02.683Z,41.61
2026-09-04T14:00:59.875Z,41.1
2026-09-04T14:06:01.142Z,42.15
2026-09-04T14:10:59.98Z,43.65
2026-09-04T14:15:59.975Z,43.49
2026-09-04T14:21:00.227Z,42.88
2026-09-04T14:26:00.36Z,46.42
2026-09-04T14:30:59.902Z,43.68
2026-09-04T14:36:02.373Z,44.76
2026-09-04T14:40:59.838Z,44.35
2026-09-04T14:45:59.829Z,44.16
2026-09-04T14:51:00.01Z,45.91
2026-09-04T14:56:02.28Z,44.7
2026-09-04T15:01:00.29Z,43.61
2026-09-04T15:06:00.047Z,44.06
2026-09-04T15:10:59.749Z,43.14
2026-09-04T15:16:00.01Z,43.81
2026-09-04T15:21:00.015Z,43.65
2026-09-04T15:25:59.823Z,44.44
2026-09-04T15:30:59.967Z,44.51
2026-09-04T15:36:00.624Z,46.58
2026-09-04T15:40:59.986Z,43.9
2026-09-04T15:45:59.804Z,45.24
2026-09-04T15:51:01.47Z,44.35
2026-09-04T15:55:59.8Z,44.95
2026-09-04T16:00:59.952Z,45.49
2026-09-04T16:05:59.949Z,44.44
2026-09-04T16:10:59.822Z,45.27
2026-09-04T16:15:59.861Z,46.54
2026-09-04T16:20:59.845Z,46.67
2026-09-04T16:25:59.889Z,46.35
2026-09-04T16:30:59.939Z,48.04
2026-09-04T16:35:59.791Z,49.57
2026-09-04T16:41:00.081Z,49.63
2026-09-04T16:46:00.005Z,50.39
2026-09-04T16:50:59.852Z,50.97
2026-09-04T16:55:59.939Z,52.02
2026-09-04T17:00:59.86Z,52.31
2026-09-04T17:05:59.918Z,52.24
2026-09-04T17:10:59.976Z,54.44
2026-09-04T17:15:59.82Z,55.58
2026-09-04T17:21:00.139Z,56.41
2026-09-04T17:25:59.792Z,56.69
2026-09-04T17:30:59.765Z,57.39
2026-09-04T17:35:59.981Z,57.91
2026-09-04T17:40:59.822Z,58.19
2026-09-04T17:46:00.864Z,58.7
2026-09-04T17:50:59.96Z,58.8
2026-09-04T17:55:59.818Z,59.37
2026-09-04T18:01:00.864Z,59.94
2026-09-04T18:06:01.76Z,60.61
2026-09-04T18:10:59.864Z,61.47
2026-09-04T18:16:00.321Z,62.27
2026-09-04T18:21:01.934Z,62.94
2026-09-04T18:25:59.844Z,63.73
2026-09-04T18:30:59.776Z,64.3
2026-09-04T18:36:03.008Z,64.62
2026-09-04T18:41:00.012Z,65.19
2026-09-04T18:46:01.036Z,65.83
2026-09-04T18:51:02.308Z,66.79
2026-09-04T18:56:00.634Z,67.58
2026-09-04T19:01:03.252Z,68.22
2026-09-04T19:06:04.274Z,68.41
2026-09-04T19:10:59.869Z,68.82
2026-09-04T19:15:59.855Z,69.49
2026-09-04T19:20:59.804Z,70.29
2026-09-04T19:25:59.938Z,70.89
2026-09-04T19:31:00.687Z,71.24
2026-09-04T19:35:59.86Z,71.72
2026-09-04T19:41:00.845Z,72.04
2026-09-04T19:46:00.752Z,72.39
2026-09-04T19:50:59.799Z,72.64
2026-09-04T19:56:00.003Z,72.93
2026-09-04T20:01:00.34Z,73.15
2026-09-04T20:05:59.919Z,73.63
2026-09-04T20:10:59.974Z,73.76
2026-09-04T20:16:00.308Z,74.08
2026-09-04T20:20:59.765Z,74.39
2026-09-04T20:25:59.99Z,74.84
2026-09-04T20:31:00.683Z,75.19
2026-09-04T20:35:59.998Z,75.63
2026-09-04T20:41:00.015Z,75.76
2026-09-04T20:45:59.899Z,76.17
2026-09-04T20:50:59.787Z,76.43
2026-09-04T20:55:59.86Z,76.59
2026-09-04T21:00:59.944Z,76.87
2026-09-04T21:05:59.925Z,76.81
2026-09-04T21:11:01.559Z,77.0
2026-09-04T21:15:59.952Z,77.06
2026-09-04T21:21:02.543Z,77.32
2026-09-04T21:25:59.859Z,77.35
2026-09-04T21:30:59.931Z,77.35
2026-09-04T21:35:59.822Z,77.67
2026-09-04T21:40:59.786Z,77.7
2026-09-04T21:45:59.964Z,77.86
2026-09-04T21:50:59.852Z,77.86
2026-09-04T21:55:59.978Z,78.02
2026-09-04T22:00:59.882Z,78.37
2026-09-04T22:06:01.535Z,78.31
2026-09-04T22:11:01.204Z,78.28
2026-09-04T22:16:00.25Z,78.59
2026-09-04T22:20:59.991Z,78.53
2026-09-04T22:26:00.48Z,78.53
2026-09-04T22:30:59.995Z,78.53
2026-09-04T22:36:00.111Z,78.66
2026-09-04T22:40:59.814Z,78.72
2026-09-04T22:45:59.838Z,78.78
2026-09-04T22:51:01.303Z,78.85
2026-09-04T22:55:59.876Z,79.23
2026-09-04T23:00:59.907Z,79.23
2026-09-04T23:05:59.899Z,78.94
2026-09-04T23:10:59.948Z,78.94
2026-09-04T23:16:00.39Z,78.82
2026-09-04T23:21:01.601Z,78.82
2026-09-04T23:25:59.922Z,79.52
2026-09-04T23:30:59.808Z,79.68
2026-09-04T23:35:59.828Z,79.61
2026-09-04T23:40:59.797Z,79.61
2026-09-04T23:46:00.372Z,79.55
2026-09-04T23:50:59.883Z,79.74
2026-09-04T23:56:00.024Z,79.99
2026-09-05T00:01:00.006Z,79.96
2026-09-05T00:05:59.791Z,80.31
2026-09-05T00:10:59.857Z,80.57
2026-09-05T00:15:59.915Z,81.07
2026-09-05T00:21:01.391Z,81.11
2026-09-05T00:25:59.982Z,80.79
2026-09-05T00:30:59.779Z,81.33
2026-09-05T00:35:59.883Z,81.59
2026-09-05T00:40:59.945Z,81.62
2026-09-05T00:45:59.789Z,81.68
2026-09-05T00:50:59.845Z,81.59
2026-09-05T00:55:59.92Z,81.62
2026-09-05T01:00:59.956Z,81.91
2026-09-05T01:05:59.966Z,82.03
2026-09-05T01:10:59.97Z,82.09
2026-09-05T01:15:59.959Z,82.89
2026-09-05T01:20:59.916Z,83.4
2026-09-05T01:25:59.883Z,83.43
2026-09-05T01:31:00.459Z,83.11
2026-09-05T01:35:59.841Z,83.05
2026-09-05T01:40:59.79Z,83.14
2026-09-05T01:45:59.862Z,83.27
2026-09-05T01:50:59.759Z,83.24
2026-09-05T01:56:02.513Z,84.32
2026-09-05T02:00:59.721Z,84.26
2026-09-05T02:06:00.721Z,83.78
2026-09-05T02:11:00.317Z,83.37
2026-09-05T02:15:59.772Z,83.05
2026-09-05T02:20:59.911Z,82.96
2026-09-05T02:26:00.383Z,83.21
2026-09-05T02:30:59.932Z,83.08
2026-09-05T02:35:59.963Z,82.76
2026-09-05T02:41:01.947Z,82.7
2026-09-05T02:45:59.979Z,82.76
2026-09-05T02:50:59.763Z,82.79
2026-09-05T02:56:01.957Z,82.79
2026-09-05T03:01:00.012Z,82.51
2026-09-05T03:05:59.94Z,82.47
2026-09-05T03:10:59.983Z,82.51
2026-09-05T03:16:00.036Z,82.54
2026-09-05T03:21:02.823Z,82.57
2026-09-05T03:25:59.888Z,82.86
2026-09-05T03:30:59.856Z,82.89
2026-09-05T03:36:00.237Z,82.76
2026-09-05T03:40:59.886Z,82.57
2026-09-05T03:45:59.858Z,82.51
2026-09-05T03:51:00.608Z,82.38
2026-09-05T03:55:59.886Z,82.29
2026-09-05T04:00:59.866Z,82.12
2026-09-05T04:05:59.988Z,81.97
2026-09-05T04:10:59.782Z,82.06
2026-09-05T04:15:59.83Z,81.81
2026-09-05T04:21:01.861Z,81.97
2026-09-05T04:25:59.959Z,82.09
2026-09-05T04:30:59.849Z,82.41
2026-09-05T04:35:59.776Z,82.86
2026-09-05T04:41:00.009Z,82.89
2026-09-05T04:45:59.754Z,83.46
2026-09-05T04:50:59.885Z,85.31
2026-09-05T04:55:59.715Z,85.24
2026-09-05T05:00:59.941Z,83.24
2026-09-05T05:05:59.983Z,82.22
2026-09-05T05:11:01.501Z,82.16
2026-09-05T05:15:59.715Z,82.16
2026-09-05T05:20:59.854Z,81.91
2026-09-05T05:26:01.095Z,82.47
2026-09-05T05:30:59.962Z,83.21
2026-09-05T05:35:59.778Z,84.51
2026-09-05T05:40:59.857Z,83.78
2026-09-05T05:45:59.813Z,83.91
2026-09-05T05:50:59.82Z,83.81
2026-09-05T05:55:59.944Z,84.48
2026-09-05T06:00:59.911Z,84.1
2026-09-05T06:05:59.831Z,84.07
2026-09-05T06:10:59.943Z,82.92
2026-09-05T06:15:59.966Z,82.0
2026-09-05T06:20:59.791Z,81.01
2026-09-05T06:25:59.824Z,80.41
2026-09-05T06:31:02.048Z,80.31
2026-09-05T06:36:00.113Z,80.31
2026-09-05T06:41:00.885Z,80.19
2026-09-05T06:45:59.939Z,79.84
2026-09-05T06:50:59.93Z,79.58
2026-09-05T06:56:00.025Z,78.24
2026-09-05T07:00:59.792Z,77.89
2026-09-05T07:05:59.896Z,77.54
2026-09-05T07:10:59.983Z,78.21
2026-09-05T07:16:01.34Z,78.53
2026-09-05T07:20:59.964Z,78.05
2026-09-05T07:25:59.801Z,77.67
2026-09-05T07:31:01.232Z,76.49
2026-09-05T07:35:59.705Z,76.11
2026-09-05T07:40:59.984Z,75.41
2026-09-05T07:45:59.977Z,74.74
2026-09-05T07:50:59.875Z,73.88
2026-09-05T07:55:59.798Z,72.89
2026-09-05T08:00:59.846Z,71.17
2026-09-05T08:06:00.355Z,71.02
2026-09-05T08:11:00.745Z,68.86
2026-09-05T08:16:00.832Z,68.44
2026-09-05T08:21:02.595Z,67.14
2026-09-05T08:26:00.374Z,68.25
2026-09-05T08:31:01.003Z,66.76
2026-09-05T08:35:59.824Z,64.84
2026-09-05T08:40:59.836Z,65.01
2026-09-05T08:45:59.702Z,64.3
2026-09-05T08:50:59.986Z,64.59
2026-09-05T08:55:59.781Z,63.51
2026-09-05T09:01:01.158Z,63.19
2026-09-05T09:05:59.849Z,61.15
2026-09-05T09:10:59.782Z,60.48
2026-09-05T09:15:59.821Z,59.4
2026-09-05T09:20:59.829Z,60.29
2026-09-05T09:25:59.982Z,59.88
2026-09-05T09:30:59.798Z,57.56
2026-09-05T09:35:59.965Z,57.24
2026-09-05T09:41:00.903Z,53.89
2026-09-05T09:45:59.967Z,51.38
2026-09-05T09:50:59.99Z,52.91
2026-09-05T09:55:59.861Z,53.61
2026-09-05T10:00:59.761Z,50.71
2026-09-05T10:06:00.007Z,50.46
2026-09-05T10:11:01.447Z,48.33
2026-09-05T10:16:01.15Z,45.46
2026-09-05T10:21:04.454Z,47.24
2026-09-05T10:25:59.722Z,43.23
2026-09-05T10:31:00.923Z,44.95
2026-09-05T10:35:59.873Z,43.65
2026-09-05T10:40:59.813Z,44.73
2026-09-05T10:45:59.761Z,43.11
2026-09-05T10:50:59.828Z,41.13
2026-09-05T10:55:59.987Z,40.05
2026-09-05T11:00:59.779Z,39.99
2026-09-05T11:06:02.713Z,42.66
2026-09-05T11:10:59.754Z,41.33
2026-09-05T11:16:01.763Z,43.39
2026-09-05T11:20:59.96Z,44.86
2026-09-05T11:25:59.986Z,39.09
2026-09-05T11:30:59.692Z,40.43
2026-09-05T11:35:59.939Z,39.22
2026-09-05T11:41:00.272Z,39.29
2026-09-05T11:45:59.952Z,41.61
2026-09-05T11:51:02.7Z,37.83
2026-09-05T11:55:59.705Z,37.28
2026-09-05T12:00:59.974Z,36.17
2026-09-05T12:05:59.949Z,36.58
2026-09-05T12:10:59.954Z,36.04
2026-09-05T12:15:59.761Z,35.59
2026-09-05T12:20:59.871Z,34.96
2026-09-05T12:25:59.919Z,35.82
2026-09-05T12:31:01.185Z,34.64
2026-09-05T12:35:59.755Z,34.39
2026-09-05T12:40:59.794Z,34.16
2026-09-05T12:46:00.056Z,33.49
2026-09-05T12:50:59.783Z,34.16
2026-09-05T12:55:59.959Z,35.03
2026-09-05T13:00:59.989Z,36.2
2026-09-05T13:06:00.145Z,35.44
2026-09-05T13:11:02.241Z,36.42
2026-09-05T13:15:59.785Z,37.54
2026-09-05T13:20:59.791Z,36.87
2026-09-05T13:25:59.956Z,36.04
2026-09-05T13:31:00.347Z,37.69
2026-09-05T13:35:59.768Z,37.02
2026-09-05T13:40:59.818Z,35.62
2026-09-05T13:46:01.157Z,36.99
2026-09-05T13:51:00.008Z,36.36
2026-09-05T13:56:00.211Z,36.93
2026-09-05T14:00:59.981Z,36.14
2026-09-05T14:05:59.792Z,39.32
2026-09-05T14:10:59.748Z,36.23
2026-09-05T14:15:59.822Z,37.31
2026-09-05T14:20:59.809Z,36.04
2026-09-05T14:26:01.788Z,35.31
2026-09-05T14:30:59.972Z,36.77
2026-09-05T14:35:59.862Z,34.74
2026-09-05T14:40:59.851Z,34.71
2026-09-05T14:45:59.84Z,34.22
2026-09-05T14:50:59.889Z,34.48
2026-09-05T14:55:59.93Z,34.64
2026-09-05T15:01:00.409Z,33.91
2026-09-05T15:06:02.043Z,34.26
2026-09-05T15:10:59.827Z,34.8
2026-09-05T15:15:59.837Z,34.74
2026-09-05T15:20:59.97Z,34.61
2026-09-05T15:25:59.846Z,35.69
2026-09-05T15:30:59.956Z,36.49
2026-09-05T15:36:00.4Z,36.11
2026-09-05T15:40:59.853Z,35.91
2026-09-05T15:45:59.892Z,36.26
2026-09-05T15:51:02.143Z,36.2
2026-09-05T15:56:00.069Z,36.36
2026-09-05T16:00:59.786Z,35.24
2026-09-05T16:06:02.071Z,34.92
2026-09-05T16:11:00.281Z,34.45
2026-09-05T16:16:00.237Z,34.29
2026-09-05T16:21:02.816Z,35.18
2026-09-05T16:25:59.769Z,33.94
2026-09-05T16:30:59.984Z,33.69
2026-09-05T16:35:59.794Z,33.72
2026-09-05T16:40:59.854Z,35.69
2026-09-05T16:46:00.663Z,34.64
2026-09-05T16:51:02.055Z,34.77
2026-09-05T16:55:59.726Z,35.31
2026-09-05T17:00:59.938Z,36.26
2026-09-05T17:05:59.966Z,36.26
2026-09-05T17:10:59.922Z,36.01
2026-09-05T17:15:59.949Z,36.29
2026-09-05T17:20:59.706Z,35.82
2026-09-05T17:25:59.777Z,37.02
2026-09-05T17:31:00.544Z,36.14
2026-09-05T17:36:02.262Z,36.08
2026-09-05T17:41:00.229Z,35.85
2026-09-05T17:45:59.853Z,35.76
2026-09-05T17:51:02.278Z,35.59
2026-09-05T17:55:59.819Z,35.66
2026-09-05T18:00:59.937Z,35.24
2026-09-05T18:05:59.797Z,35.37
2026-09-05T18:10:59.752Z,35.88
2026-09-05T18:16:01.352Z,36.08
2026-09-05T18:20:59.875Z,37.41
2026-09-05T18:25:59.976Z,38.65
2026-09-05T18:31:01.263Z,40.02
2026-09-05T18:35:59.848Z,41.1
2026-09-05T18:41:00.297Z,41.26
2026-09-05T18:46:00.669Z,41.99
2026-09-05T18:50:59.971Z,41.9
2026-09-05T18:55:59.822Z,42.21
2026-09-05T19:00:59.794Z,42.79
2026-09-05T19:05:59.99Z,43.84
2026-09-05T19:10:59.842Z,44.54
2026-09-05T19:15:59.755Z,45.65
2026-09-05T19:20:59.834Z,46.77
2026-09-05T19:25:59.773Z,47.59
2026-09-05T19:30:59.792Z,48.14
2026-09-05T19:36:00.725Z,48.61
2026-09-05T19:40:59.928Z,49.12
2026-09-05T19:45:59.777Z,48.84
2026-09-05T19:51:00.441Z,48.96
2026-09-05T19:55:59.842Z,48.64
2026-09-05T20:00:59.942Z,47.88
2026-09-05T20:05:59.886Z,47.69
2026-09-05T20:10:59.937Z,47.66
2026-09-05T20:16:00.18Z,48.26
2026-09-05T20:20:59.927Z,48.74
2026-09-05T20:25:59.753Z,48.67
2026-09-05T20:30:59.948Z,49.12
2026-09-05T20:35:59.972Z,50.08
2026-09-05T20:41:02.592Z,51.64
2026-09-05T20:45:59.966Z,53.01
2026-09-05T20:50:59.994Z,54.18
2026-09-05T20:55:59.976Z,54.76
2026-09-05T21:00:59.879Z,55.61
2026-09-05T21:06:00.806Z,56.06
2026-09-05T21:10:59.806Z,56.22
2026-09-05T21:15:59.865Z,57.04
2026-09-05T21:20:59.963Z,57.33
2026-09-05T21:25:59.918Z,57.91
2026-09-05T21:30:59.952Z,58.8
2026-09-05T21:35:59.975Z,59.56
2026-09-05T21:40:59.915Z,60.26
2026-09-05T21:45:59.82Z,60.48
2026-09-05T21:50:59.809Z,60.87
2026-09-05T21:55:59.798Z,62.01
2026-09-05T22:00:59.776Z,62.55
2026-09-05T22:06:00.823Z,63.7
2026-09-05T22:11:02.218Z,63.0
2026-09-05T22:15:59.816Z,61.22
2026-09-05T22:21:00.91Z,58.67
2026-09-05T22:26:02.049Z,56.6
2026-09-05T22:30:59.804Z,55.49
2026-09-05T22:35:59.915Z,55.55
2026-09-05T22:41:02.003Z,56.06
2026-09-05T22:46:00.41Z,56.73
2026-09-05T22:50:59.926Z,56.57
2026-09-05T22:55:59.887Z,56.73
2026-09-05T23:00:59.765Z,57.3
2026-09-05T23:06:01.1Z,57.91
2026-09-05T23:11:02.338Z,57.68
2026-09-05T23:15:59.941Z,56.63
2026-09-05T23:21:00.239Z,55.96
2026-09-05T23:26:01.922Z,55.84
2026-09-05T23:30:59.858Z,55.55
2026-09-05T23:35:59.79Z,55.52
2026-09-05T23:41:01.85Z,55.49
2026-09-05T23:45:59.751Z,55.39
2026-09-05T23:51:00.393Z,55.87
2026-09-05T23:56:02.439Z,56.22
2026-09-06T00:01:00.574Z,56.69
2026-09-06T00:05:59.814Z,57.21
2026-09-06T00:10:59.945Z,57.3
2026-09-06T00:15:59.865Z,57.59
2026-09-06T00:20:59.794Z,57.84
2026-09-06T00:26:00.455Z,57.49
2026-09-06T00:31:00.023Z,57.46
2026-09-06T00:35:59.932Z,57.59
2026-09-06T00:40:59.879Z,57.59
2026-09-06T00:45:59.712Z,58.29
2026-09-06T00:51:01.739Z,58.7
2026-09-06T00:56:01.275Z,59.28
2026-09-06T01:00:59.742Z,59.37
2026-09-06T01:05:59.956Z,59.66
2026-09-06T01:10:59.791Z,59.4
2026-09-06T01:15:59.722Z,59.08
2026-09-06T01:20:59.83Z,58.93
2026-09-06T01:26:01.892Z,59.05
2026-09-06T01:31:00.234Z,58.54
2026-09-06T01:35:59.798Z,58.03
2026-09-06T01:40:59.88Z,57.74
2026-09-06T01:45:59.927Z,56.83
2026-09-06T01:50:59.83Z,56.41
2026-09-06T01:56:01.473Z,56.73
2026-09-06T02:00:59.907Z,56.79
2026-09-06T02:05:59.772Z,57.56
2026-09-06T02:11:00.681Z,57.68
2026-09-06T02:15:59.719Z,58.13
2026-09-06T02:21:00.727Z,58.32
2026-09-06T02:25:59.934Z,58.51
2026-09-06T02:30:59.869Z,58.7
2026-09-06T02:35:59.869Z,59.59
2026-09-06T02:41:02.617Z,59.02
2026-09-06T02:45:59.78Z,58.0
2026-09-06T02:50:59.928Z,56.28
2026-09-06T02:55:59.864Z,56.25
2026-09-06T03:00:59.858Z,56.69
2026-09-06T03:06:01.4Z,56.44
2026-09-06T03:11:00.673Z,57.14
2026-09-06T03:15:59.721Z,57.68
2026-09-06T03:20:59.936Z,57.56
2026-09-06T03:25:59.753Z,56.95
2026-09-06T03:30:59.871Z,57.04
2026-09-06T03:35:59.764Z,57.01
2026-09-06T03:40:59.819Z,57.11
2026-09-06T03:45:59.866Z,58.09
2026-09-06T03:50:59.892Z,58.61
2026-09-06T03:55:59.935Z,58.7
2026-09-06T04:00:59.914Z,59.72
2026-09-06T04:05:59.898Z,62.39
2026-09-06T04:11:00.379Z,65.16
2026-09-06T04:15:59.745Z,62.59
2026-09-06T04:20:59.716Z,60.42
2026-09-06T04:26:00.249Z,60.87
2026-09-06T04:30:59.88Z,60.87
2026-09-06T04:35:59.708Z,62.77
2026-09-06T04:40:59.885Z,62.55
2026-09-06T04:46:02.006Z,63.0
2026-09-06T04:50:59.762Z,62.9
2026-09-06T04:55:59.703Z,62.14
2026-09-06T05:00:59.663Z,61.41
2026-09-06T05:05:59.788Z,62.42
2026-09-06T05:11:00.763Z,60.2
2026-09-06T05:16:00.322Z,59.21
2026-09-06T05:20:59.698Z,58.93
2026-09-06T05:25:59.737Z,58.22
2026-09-06T05:30:59.999Z,58.54
2026-09-06T05:35:59.926Z,58.96
2026-09-06T05:40:59.768Z,58.96
2026-09-06T05:45:59.877Z,59.75
2026-09-06T05:50:59.806Z,59.5
2026-09-06T05:55:59.705Z,60.04
2026-09-06T06:00:59.788Z,60.45
2026-09-06T06:05:59.923Z,60.8
2026-09-06T06:11:00.611Z,62.2
2026-09-06T06:15:59.948Z,61.53
2026-09-06T06:20:59.741Z,61.41
2026-09-06T06:25:59.718Z,60.33
2026-09-06T06:30:59.817Z,58.89
2026-09-06T06:35:59.877Z,58.48
2026-09-06T06:41:00.545Z,57.74
2026-09-06T06:45:59.743Z,58.54
2026-09-06T06:50:59.791Z,58.54
2026-09-06T06:55:59.72Z,56.79
2026-09-06T07:00:59.745Z,57.24
2026-09-06T07:05:59.825Z,56.86
2026-09-06T07:10:59.868Z,55.42
2026-09-06T07:15:59.901Z,55.39
2026-09-06T07:20:59.796Z,55.33
2026-09-06T07:25:59.973Z,54.28
2026-09-06T07:30:59.807Z,55.42
2026-09-06T07:35:59.888Z,53.68
2026-09-06T07:40:59.745Z,52.37
2026-09-06T07:45:59.707Z,51.67
2026-09-06T07:50:59.878Z,49.72
2026-09-06T07:55:59.906Z,49.34
2026-09-06T08:00:59.723Z,48.42
2026-09-06T08:05:59.984Z,48.77
2026-09-06T08:10:59.726Z,48.33
2026-09-06T08:15:59.829Z,47.91
2026-09-06T08:21:00.231Z,45.62
2026-09-06T08:25:59.869Z,45.33
2026-09-06T08:31:01.599Z,46.19
2026-09-06T08:35:59.868Z,44.73
2026-09-06T08:40:59.977Z,45.21
2026-09-06T08:46:00.288Z,44.95
2026-09-06T08:50:59.707Z,45.84
2026-09-06T08:56:00.008Z,46.0
2026-09-06T09:01:00.224Z,45.43
2026-09-06T09:05:59.817Z,46.0
2026-09-06T09:10:59.933Z,45.62
2026-09-06T09:16:00.493Z,45.08
2026-09-06T09:20:59.925Z,45.72
2026-09-06T09:26:00.003Z,46.8
2026-09-06T09:30:59.806Z,44.86
2026-09-06T09:35:59.792Z,44.6
2026-09-06T09:40:59.883Z,44.57
2026-09-06T09:46:01.613Z,43.61
2026-09-06T09:50:59.912Z,42.72
2026-09-06T09:56:00.344Z,42.76
2026-09-06T10:00:59.772Z,42.41
2026-09-06T10:05:59.72Z,41.64
2026-09-06T10:11:00.326Z,40.46
2026-09-06T10:16:01.873Z,40.24
2026-09-06T10:20:59.741Z,39.54
2026-09-06T10:25:59.93Z,44.98
2026-09-06T10:31:02.141Z,39.19
2026-09-06T10:35:59.709Z,37.47
2026-09-06T10:40:59.825Z,37.51
2026-09-06T10:45:59.684Z,38.46
2026-09-06T10:50:59.827Z,37.19
2026-09-06T10:55:59.83Z,36.84
2026-09-06T11:01:00.024Z,38.94
2026-09-06T11:05:59.739Z,38.49
2026-09-06T11:10:59.896Z,38.39
2026-09-06T11:15:59.683Z,37.92
2026-09-06T11:20:59.756Z,37.02
2026-09-06T11:26:00.113Z,37.44
2026-09-06T11:31:02.441Z,38.87
2026-09-06T11:35:59.879Z,36.23
2026-09-06T11:40:59.672Z,36.71
2026-09-06T11:46:02.741Z,35.24
2026-09-06T11:50:59.868Z,35.91
2026-09-06T11:55:59.798Z,36.11
2026-09-06T12:00:59.83Z,36.17
2026-09-06T12:05:59.847Z,33.94
2026-09-06T12:11:00.176Z,36.84
2026-09-06T12:15:59.779Z,35.03
2026-09-06T12:20:59.705Z,35.41
2026-09-06T12:25:59.883Z,36.49
2026-09-06T12:30:59.682Z,35.18
2026-09-06T12:35:59.752Z,35.91
2026-09-06T12:40:59.751Z,34.77
2026-09-06T12:46:02.414Z,36.61
2026-09-06T12:50:59.784Z,33.02
2026-09-06T12:56:00.286Z,32.64
2026-09-06T13:00:59.731Z,33.05
2026-09-06T13:05:59.781Z,32.19
2026-09-06T13:10:59.71Z,32.19
2026-09-06T13:15:59.723Z,32.51
2026-09-06T13:20:59.706Z,36.81
2026-09-06T13:25:59.841Z,36.55
2026-09-06T13:31:00.102Z,38.36
2026-09-06T13:35:59.841Z,37.41
2026-09-06T13:41:00.293Z,36.77
2026-09-06T13:45:59.891Z,35.59
2026-09-06T13:50:59.976Z,33.78
2026-09-06T13:55:59.761Z,36.26
2026-09-06T14:00:59.803Z,35.24
2026-09-06T14:05:59.658Z,34.83
2026-09-06T14:11:00.544Z,35.66
2026-09-06T14:15:59.878Z,36.2
2026-09-06T14:21:00.312Z,36.9
2026-09-06T14:25:59.896Z,35.53
2026-09-06T14:31:02.105Z,41.64
2026-09-06T14:35:59.728Z,43.52
2026-09-06T14:40:59.695Z,45.11
2026-09-06T14:46:01.726Z,44.89
2026-09-06T14:50:59.801Z,42.72
2026-09-06T14:55:59.924Z,45.05
2026-09-06T15:01:02.157Z,43.2
2026-09-06T15:05:59.779Z,44.86
2026-09-06T15:10:59.729Z,45.43
2026-09-06T15:16:00.085Z,44.95
2026-09-06T15:20:59.835Z,44.54
2026-09-06T15:25:59.67Z,43.36
2026-09-06T15:30:59.893Z,44.57
2026-09-06T15:35:59.693Z,45.75
2026-09-06T15:41:01.638Z,44.76
2026-09-06T15:46:00.237Z,45.87
2026-09-06T15:51:01.329Z,45.68
2026-09-06T15:56:00.827Z,47.28
2026-09-06T16:01:04.794Z,47.82
2026-09-06T16:05:59.675Z,47.69
2026-09-06T16:10:59.791Z,47.69
2026-09-06T16:15:59.736Z,47.34
2026-09-06T16:20:59.913Z,47.79
2026-09-06T16:26:01.426Z,47.79
2026-09-06T16:30:59.658Z,47.69
2026-09-06T16:35:59.775Z,48.64
2026-09-06T16:41:01.193Z,49.09
2026-09-06T16:46:03.348Z,49.69
2026-09-06T16:50:59.788Z,49.89
2026-09-06T16:56:00.81Z,50.08
2026-09-06T17:00:59.812Z,50.59
2026-09-06T17:05:59.972Z,50.56
2026-09-06T17:11:00.384Z,50.39
2026-09-06T17:15:59.922Z,51.35
2026-09-06T17:21:00.813Z,51.38
2026-09-06T17:25:59.779Z,51.26
2026-09-06T17:31:02.261Z,51.19
2026-09-06T17:35:59.849Z,51.79
2026-09-06T17:40:59.791Z,51.96
2026-09-06T17:46:02.449Z,52.08
2026-09-06T17:50:59.686Z,52.75
2026-09-06T17:56:00.443Z,53.45
2026-09-06T18:00:59.822Z,53.01
2026-09-06T18:05:59.911Z,53.64
2026-09-06T18:10:59.753Z,54.06
2026-09-06T18:16:02.439Z,54.12
2026-09-06T18:20:59.885Z,54.76
2026-09-06T18:25:59.851Z,55.08
2026-09-06T18:31:03.338Z,55.42
2026-09-06T18:35:59.813Z,55.84
2026-09-06T18:40:59.763Z,55.87
2026-09-06T18:46:01.994Z,56.69
2026-09-06T18:51:00.672Z,57.36
2026-09-06T18:56:00.753Z,58.03
2026-09-06T19:00:59.784Z,58.22
2026-09-06T19:05:59.865Z,58.16
2026-09-06T19:10:59.854Z,58.32
2026-09-06T19:15:59.699Z,58.67
2026-09-06T19:20:59.864Z,58.99
2026-09-06T19:25:59.927Z,59.11
2026-09-06T19:30:59.716Z,59.53
2026-09-06T19:35:59.658Z,59.85
2026-09-06T19:40:59.898Z,60.26
2026-09-06T19:45:59.766Z,60.83
2026-09-06T19:50:59.782Z,61.25
2026-09-06T19:55:59.688Z,61.82
2026-09-06T20:01:01.927Z,62.68
2026-09-06T20:05:59.778Z,63.29
2026-09-06T20:11:00.406Z,63.83
2026-09-06T20:16:01.588Z,64.08
2026-09-06T20:20:59.87Z,64.81
2026-09-06T20:26:00.157Z,65.77
2026-09-06T20:30:59.858Z,66.56
2026-09-06T20:35:59.767Z,67.04
2026-09-06T20:41:00.374Z,67.74
2026-09-06T20:45:59.703Z,68.12
2026-09-06T20:50:59.77Z,68.37
2026-09-06T20:55:59.869Z,69.24
2026-09-06T21:01:01.639Z,69.74
2026-09-06T21:05:59.859Z,69.68
2026-09-06T21:10:59.893Z,70.0
2026-09-06T21:15:59.684Z,70.92
2026-09-06T21:20:59.894Z,71.21
2026-09-06T21:25:59.669Z,71.94
2026-09-06T21:30:59.893Z,72.22
2026-09-06T21:35:59.824Z,72.83
2026-09-06T21:41:00.311Z,73.41
2026-09-06T21:45:59.798Z,74.08
2026-09-06T21:51:00.094Z,74.26
2026-09-06T21:56:00.43Z,73.91
2026-09-06T22:01:01.16Z,74.78
2026-09-06T22:05:59.798Z,74.43
2026-09-06T22:10:59.767Z,74.17
2026-09-06T22:16:01.295Z,74.04
2026-09-06T22:20:59.819Z,74.11
2026-09-06T22:25:59.88Z,73.94
2026-09-06T22:31:00.817Z,74.11
2026-09-06T22:35:59.661Z,74.78
2026-09-06T22:40:59.774Z,74.61
2026-09-06T22:45:59.768Z,75.31
2026-09-06T22:50:59.683Z,75.28
2026-09-06T22:55:59.878Z,75.35
2026-09-06T23:00:59.83Z,75.16
2026-09-06T23:05:59.888Z,75.38
2026-09-06T23:10:59.707Z,75.66
2026-09-06T23:16:00.834Z,75.89
2026-09-06T23:20:59.803Z,75.89
2026-09-06T23:25:59.782Z,73.37
2026-09-06T23:30:59.788Z,72.96
2026-09-06T23:35:59.663Z,72.68
2026-09-06T23:40:59.823Z,72.26
2026-09-06T23:46:00.82Z,72.13
2026-09-06T23:50:59.965Z,71.62
2026-09-06T23:56:00.166Z,70.41
2026-09-07T00:00:59.793Z,70.44
2026-09-07T00:06:00.717Z,70.38
2026-09-07T00:10:59.903Z,70.38
2026-09-07T00:15:59.724Z,70.64
2026-09-07T00:20:59.68Z,70.79
2026-09-07T00:25:59.747Z,70.99
2026-09-07T00:30:59.872Z,70.99
2026-09-07T00:35:59.695Z,70.67
2026-09-07T00:40:59.796Z,70.79
2026-09-07T00:46:00.487Z,70.61
2026-09-07T00:50:59.91Z,70.67
2026-09-07T00:55:59.805Z,70.86
2026-09-07T01:00:59.856Z,70.09
2026-09-07T01:06:02.035Z,69.11
2026-09-07T01:10:59.718Z,66.69
2026-09-07T01:15:59.766Z,65.01
2026-09-07T01:20:59.973Z,64.87
2026-09-07T01:25:59.905Z,64.97
2026-09-07T01:31:00.144Z,65.51
2026-09-07T01:36:01.505Z,66.5
2026-09-07T01:40:59.692Z,67.39
2026-09-07T01:45:59.725Z,68.57
2026-09-07T01:51:01.764Z,68.82
2026-09-07T01:55:59.925Z,71.46
2026-09-07T02:01:00.063Z,72.51
2026-09-07T02:05:59.761Z,71.87
2026-09-07T02:11:00.809Z,71.08
2026-09-07T02:15:59.731Z,71.62
2026-09-07T02:20:59.693Z,72.07
2026-09-07T02:25:59.741Z,73.03
2026-09-07T02:30:59.885Z,73.66
2026-09-07T02:36:00.957Z,73.41
2026-09-07T02:40:59.795Z,73.18
2026-09-07T02:45:59.732Z,73.69
2026-09-07T02:50:59.754Z,73.21
2026-09-07T02:55:59.819Z,71.94
2026-09-07T03:00:59.883Z,72.58
2026-09-07T03:05:59.832Z,73.31
2026-09-07T03:10:59.887Z,73.69
2026-09-07T03:15:59.912Z,73.5
2026-09-07T03:20:59.917Z,74.04
2026-09-07T03:25:59.893Z,74.29
2026-09-07T03:30:59.696Z,74.36
2026-09-07T03:35:59.878Z,74.46
2026-09-07T03:40:59.809Z,74.36
2026-09-07T03:45:59.787Z,74.23
2026-09-07T03:50:59.825Z,73.63
2026-09-07T03:55:59.812Z,73.06
2026-09-07T04:01:00.007Z,72.96
2026-09-07T04:05:59.771Z,73.31
2026-09-07T04:10:59.888Z,73.5
2026-09-07T04:15:59.733Z,73.15
2026-09-07T04:20:59.953Z,72.96
2026-09-07T04:26:02.324Z,72.68
2026-09-07T04:30:59.717Z,72.29
2026-09-07T04:36:01.036Z,73.12
2026-09-07T04:40:59.7Z,73.18
2026-09-07T04:45:59.764Z,71.69
2026-09-07T04:50:59.735Z,72.89
2026-09-07T04:56:02.46Z,71.53
2026-09-07T05:00:59.753Z,72.71
2026-09-07T05:06:01.375Z,71.97
2026-09-07T05:10:59.86Z,72.42
2026-09-07T05:16:00.599Z,71.62
2026-09-07T05:21:01.547Z,71.69
2026-09-07T05:25:59.611Z,71.28
2026-09-07T05:31:00.382Z,71.24
2026-09-07T05:36:03.139Z,70.99
2026-09-07T05:40:59.683Z,70.76
2026-09-07T05:45:59.793Z,69.46
2026-09-07T05:50:59.654Z,69.36
2026-09-07T05:55:59.608Z,69.04
2026-09-07T06:00:59.79Z,68.37
2026-09-07T06:06:00.838Z,67.64
2026-09-07T06:10:59.701Z,66.72
2026-09-07T06:15:59.808Z,65.42
2026-09-07T06:21:01.455Z,64.3
2026-09-07T06:26:02.376Z,62.94
2026-09-07T06:30:59.802Z,62.33
2026-09-07T06:35:59.696Z,61.47
2026-09-07T06:40:59.789Z,61.76
2026-09-07T06:46:00.373Z,60.1
2026-09-07T06:50:59.608Z,59.11
2026-09-07T06:55:59.853Z,58.45
2026-09-07T07:00:59.861Z,58.38
2026-09-07T07:06:00.1Z,58.16
2026-09-07T07:11:01.771Z,57.68
2026-09-07T07:15:59.666Z,57.08
2026-09-07T07:20:59.727Z,56.57
2026-09-07T07:26:01.906Z,56.02
2026-09-07T07:30:59.761Z,54.69
2026-09-07T07:35:59.978Z,54.62
2026-09-07T07:40:59.699Z,54.03
2026-09-07T07:45:59.871Z,52.75
2026-09-07T07:50:59.685Z,51.64
2026-09-07T07:55:59.9Z,50.46
2026-09-07T08:01:00.276Z,48.29
2026-09-07T08:05:59.657Z,47.21
2026-09-07T08:10:59.857Z,46.16
2026-09-07T08:15:59.694Z,45.49
2026-09-07T08:20:59.615Z,45.17
2026-09-07T08:26:00.038Z,44.89
2026-09-07T08:31:00.684Z,43.71
2026-09-07T08:36:01.318Z,43.84
2026-09-07T08:41:01.782Z,44.25
2026-09-07T08:45:59.863Z,43.97
2026-09-07T08:50:59.603Z,43.74
2026-09-07T08:55:59.614Z,43.08
2026-09-07T09:00:59.734Z,42.37
2026-09-07T09:05:59.685Z,43.11
2026-09-07T09:10:59.835Z,41.54
2026-09-07T09:15:59.675Z,41.04
2026-09-07T09:21:00.093Z,40.46
2026-09-07T09:26:01.025Z,40.31
2026-09-07T09:30:59.966Z,39.0
2026-09-07T09:35:59.883Z,38.04
2026-09-07T09:40:59.762Z,37.92
2026-09-07T09:46:02.525Z,37.72
2026-09-07T09:50:59.586Z,35.94
2026-09-07T09:56:01.064Z,35.37
2026-09-07T10:00:59.676Z,35.85
2026-09-07T10:05:59.679Z,35.28
2026-09-07T10:10:59.773Z,30.95
2026-09-07T10:15:59.576Z,32.22
2026-09-07T10:20:59.698Z,32.29
2026-09-07T10:25:59.757Z,31.49
2026-09-07T10:30:59.761Z,32.19
2026-09-07T10:35:59.581Z,33.08
2026-09-07T10:40:59.988Z,29.49
2026-09-07T10:45:59.906Z,30.34
2026-09-07T10:50:59.684Z,31.78
2026-09-07T10:55:59.686Z,29.29
2026-09-07T11:00:59.587Z,30.92
2026-09-07T11:05:59.604Z,30.09
2026-09-07T11:10:59.569Z,28.88
2026-09-07T11:15:59.813Z,29.39
2026-09-07T11:21:01Z,30.69
2026-09-07T11:26:00.888Z,28.5
2026-09-07T11:30:59.909Z,30.09
2026-09-07T11:35:59.622Z,29.2
2026-09-07T11:40:59.695Z,30.06
2026-09-07T11:45:59.92Z,28.47
2026-09-07T11:50:59.727Z,30.34
2026-09-07T11:56:01.244Z,28.94
2026-09-07T12:00:59.658Z,28.15
2026-09-07T12:05:59.57Z,29.61
2026-09-07T12:10:59.617Z,30.12
2026-09-07T12:15:59.616Z,27.54
2026-09-07T12:20:59.776Z,27.26
2026-09-07T12:25:59.755Z,27.29
2026-09-07T12:30:59.726Z,27.26
2026-09-07T12:36:01.236Z,27.73
2026-09-07T12:40:59.694Z,27.61
2026-09-07T12:46:00.085Z,26.65
2026-09-07T12:50:59.709Z,29.93
2026-09-07T12:55:59.725Z,28.62
2026-09-07T13:00:59.754Z,28.34
2026-09-07T13:05:59.723Z,28.82
2026-09-07T13:11:00.029Z,27.48
2026-09-07T13:16:02.162Z,29.01
2026-09-07T13:20:59.797Z,27.7
2026-09-07T13:25:59.758Z,27.54
2026-09-07T13:30:59.777Z,25.19
2026-09-07T13:35:59.611Z,26.97
2026-09-07T13:40:59.724Z,25.25
2026-09-07T13:45:59.798Z,27.13
2026-09-07T13:51:01.26Z,24.84
2026-09-07T13:56:00.086Z,26.81
2026-09-07T14:00:59.684Z,25.28
2026-09-07T14:05:59.823Z,25.31
2026-09-07T14:10:59.692Z,24.29
2026-09-07T14:15:59.693Z,25.79
2026-09-07T14:21:00.387Z,24.58
2026-09-07T14:26:00.431Z,26.11
2026-09-07T14:31:02.582Z,25.73
2026-09-07T14:35:59.607Z,25.09
2026-09-07T14:40:59.744Z,24.58
2026-09-07T14:45:59.678Z,27.26
2026-09-07T14:50:59.64Z,25.63
2026-09-07T14:56:00.827Z,26.62
2026-09-07T15:00:59.853Z,28.18
2026-09-07T15:06:01.271Z,24.87
2026-09-07T15:11:00.15Z,25.86
2026-09-07T15:15:59.754Z,25.66
2026-09-07T15:20:59.681Z,27.29
2026-09-07T15:25:59.807Z,26.52
2026-09-07T15:30:59.699Z,26.21
2026-09-07T15:35:59.557Z,27.35
2026-09-07T15:41:01.334Z,26.78
2026-09-07T15:45:59.697Z,26.3
2026-09-07T15:50:59.796Z,27.35
2026-09-07T15:55:59.613Z,28.02
2026-09-07T16:00:59.613Z,26.81
2026-09-07T16:06:00.176Z,27.67
2026-09-07T16:10:59.564Z,27.83
2026-09-07T16:15:59.585Z,27.54
2026-09-07T16:20:59.672Z,28.31
2026-09-07T16:25:59.586Z,28.69
2026-09-07T16:31:02.025Z,28.43
2026-09-07T16:35:59.726Z,30.12
2026-09-07T16:40:59.761Z,28.08
2026-09-07T16:46:00.736Z,28.82
2026-09-07T16:50:59.737Z,28.69
2026-09-07T16:55:59.766Z,29.04
2026-09-07T17:00:59.615Z,28.94
2026-09-07T17:05:59.905Z,29.68
2026-09-07T17:10:59.806Z,29.77
2026-09-07T17:15:59.724Z,29.9
2026-09-07T17:21:02.577Z,29.87
2026-09-07T17:25:59.754Z,30.54
2026-09-07T17:30:59.79Z,30.47
2026-09-07T17:36:02.423Z,30.95
2026-09-07T17:40:59.786Z,31.68
2026-09-07T17:45:59.644Z,31.84
2026-09-07T17:51:02.286Z,32.44
2026-09-07T17:55:59.673Z,34.86
2026-09-07T18:00:59.598Z,36.99
2026-09-07T18:05:59.627Z,38.39
2026-09-07T18:10:59.666Z,38.87
2026-09-07T18:16:00.636Z,39.67
2026-09-07T18:21:01.158Z,40.21
2026-09-07T18:25:59.607Z,41.26
2026-09-07T18:30:59.931Z,41.42
2026-09-07T18:35:59.757Z,42.06
2026-09-07T18:40:59.684Z,42.95
2026-09-07T18:46:00.243Z,43.04
2026-09-07T18:51:00.156Z,43.14
2026-09-07T18:55:59.668Z,42.69
2026-09-07T19:00:59.767Z,42.82
2026-09-07T19:05:59.918Z,43.52
2026-09-07T19:10:59.847Z,44.32
2026-09-07T19:16:00.066Z,44.76
2026-09-07T19:20:59.693Z,45.4
2026-09-07T19:25:59.699Z,46.0
2026-09-07T19:31:00.239Z,45.97
2026-09-07T19:35:59.779Z,46.0
2026-09-07T19:40:59.797Z,46.8
2026-09-07T19:45:59.642Z,46.86
2026-09-07T19:51:01.292Z,46.96
2026-09-07T19:55:59.589Z,47.4
2026-09-07T20:00:59.585Z,48.11
2026-09-07T20:06:00.408Z,48.74
2026-09-07T20:10:59.807Z,50.14
2026-09-07T20:15:59.605Z,50.71
2026-09-07T20:20:59.835Z,52.02
2026-09-07T20:25:59.612Z,52.37
2026-09-07T20:30:59.807Z,53.07
2026-09-07T20:36:01.625Z,54.24
2026-09-07T20:40:59.748Z,54.72
2026-09-07T20:45:59.719Z,55.33
2026-09-07T20:50:59.692Z,55.67
2026-09-07T20:55:59.805Z,55.84
2026-09-07T21:01:00.301Z,56.63
2026-09-07T21:05:59.585Z,56.95
2026-09-07T21:10:59.685Z,57.87
2026-09-07T21:15:59.581Z,58.67
2026-09-07T21:21:00.974Z,59.21
2026-09-07T21:26:00.446Z,59.46
2026-09-07T21:30:59.638Z,59.97
2026-09-07T21:36:01.977Z,60.96
2026-09-07T21:41:02.176Z,61.44
2026-09-07T21:45:59.561Z,61.53
2026-09-07T21:50:59.748Z,62.49
2026-09-07T21:55:59.727Z,62.84
2026-09-07T22:00:59.793Z,62.97
2026-09-07T22:06:01.2Z,63.6
2026-09-07T22:11:00.312Z,62.77
2026-09-07T22:15:59.813Z,60.45
2026-09-07T22:21:01.623Z,58.19
2026-09-07T22:26:00.156Z,57.49
2026-09-07T22:30:59.56Z,56.89
2026-09-07T22:36:00.769Z,56.89
2026-09-07T22:40:59.835Z,56.69
2026-09-07T22:45:59.831Z,56.28
2026-09-07T22:50:59.696Z,56.41
2026-09-07T22:55:59.799Z,56.38
