_time,_value
2026-08-01T00:01:02.21Z,28.25
2026-08-01T00:06:02.643Z,28.16
2026-08-01T00:11:03.187Z,28.19
2026-08-01T00:16:02.359Z,28.16
2026-08-01T00:21:02.62Z,28.13
2026-08-01T00:26:02.464Z,28.13
2026-08-01T00:31:02.557Z,28.02
2026-08-01T00:36:02.755Z,28.02
2026-08-01T00:41:02.281Z,28.02
2026-08-01T00:46:02.557Z,27.97
2026-08-01T00:51:02.321Z,27.87
2026-08-01T00:56:02.523Z,27.85
2026-08-01T01:01:02.649Z,27.85
2026-08-01T01:06:02.508Z,27.85
2026-08-01T01:11:02.624Z,27.76
2026-08-01T01:16:02.493Z,27.76
2026-08-01T01:21:02.792Z,27.67
2026-08-01T01:26:02.558Z,27.62
2026-08-01T01:31:02.348Z,27.53
2026-08-01T01:36:02.626Z,27.44
2026-08-01T01:41:02.491Z,27.39
2026-08-01T01:46:02.655Z,27.3
2026-08-01T01:51:02.621Z,27.27
2026-08-01T01:56:02.794Z,27.24
2026-08-01T02:01:02.527Z,27.36
2026-08-01T02:06:02.678Z,27.3
2026-08-01T02:11:02.468Z,27.27
2026-08-01T02:16:02.688Z,27.3
2026-08-01T02:21:02.426Z,27.36
2026-08-01T02:26:02.595Z,27.33
2026-08-01T02:31:02.393Z,27.33
2026-08-01T02:36:02.597Z,27.27
2026-08-01T02:41:02.329Z,27.24
2026-08-01T02:46:02.623Z,27.18
2026-08-01T02:51:02.565Z,27.16
2026-08-01T02:56:02.273Z,27.04
2026-08-01T03:01:02.769Z,27.07
2026-08-01T03:06:02.361Z,26.95
2026-08-01T03:11:02.712Z,26.99
2026-08-01T03:16:02.859Z,26.84
2026-08-01T03:21:02.575Z,26.81
2026-08-01T03:26:03.111Z,26.81
2026-08-01T03:31:03.989Z,26.76
2026-08-01T03:36:02.312Z,26.67
2026-08-01T03:41:02.648Z,26.69
2026-08-01T03:46:02.839Z,26.69
2026-08-01T03:51:02.643Z,26.73
2026-08-01T03:56:02.936Z,26.73
2026-08-01T04:01:02.337Z,26.58
2026-08-01T04:06:02.739Z,26.58
2026-08-01T04:11:02.481Z,26.61
2026-08-01T04:16:02.282Z,26.5
2026-08-01T04:21:02.948Z,26.46
2026-08-01T04:26:02.908Z,26.46
2026-08-01T04:31:02.413Z,26.46
2026-08-01T04:36:02.418Z,26.38
2026-08-01T04:41:02.49Z,26.46
2026-08-01T04:46:02.231Z,26.5
2026-08-01T04:51:02.502Z,26.52
2026-08-01T04:56:03.277Z,26.61
2026-08-01T05:01:02.591Z,26.5
2026-08-01T05:06:02.807Z,26.46
2026-08-01T05:11:02.559Z,26.44
2026-08-01T05:16:02.396Z,26.5
2026-08-01T05:21:02.479Z,26.41
2026-08-01T05:26:02.647Z,26.35
2026-08-01T05:31:02.676Z,26.32
2026-08-01T05:36:02.739Z,26.29
2026-08-01T05:41:02.451Z,26.32
2026-08-01T05:46:02.374Z,26.35
2026-08-01T05:51:02.436Z,26.44
2026-08-01T05:56:02.678Z,26.38
2026-08-01T06:01:02.955Z,26.55
2026-08-01T06:06:02.318Z,26.73
2026-08-01T06:11:02.644Z,26.69
2026-08-01T06:16:04.368Z,26.81
2026-08-01T06:21:02.655Z,26.76
2026-08-01T06:26:02.472Z,26.84
2026-08-01T06:31:02.312Z,26.87
2026-08-01T06:36:02.647Z,26.99
2026-08-01T06:41:02.3Z,27.1
2026-08-01T06:46:02.88Z,27.27
2026-08-01T06:51:02.478Z,27.44
2026-08-01T06:56:02.386Z,27.59
2026-08-01T07:01:02.619Z,27.62
2026-08-01T07:06:03.302Z,27.87
2026-08-01T07:11:02.434Z,28.02
2026-08-01T07:16:02.388Z,28.19
2026-08-01T07:21:03.344Z,28.34
2026-08-01T07:26:02.548Z,28.42
2026-08-01T07:31:02.506Z,28.65
2026-08-01T07:36:02.464Z,28.97
2026-08-01T07:41:02.371Z,29.4
2026-08-01T07:46:02.654Z,29.57
2026-08-01T07:51:02.442Z,29.72
2026-08-01T07:56:02.701Z,29.72
2026-08-01T08:01:02.412Z,29.8
2026-08-01T08:06:02.601Z,29.86
2026-08-01T08:11:02.322Z,30.04
2026-08-01T08:16:02.628Z,30.24
2026-08-01T08:21:02.445Z,30.35
2026-08-01T08:26:02.439Z,30.41
2026-08-01T08:31:02.434Z,30.52
2026-08-01T08:36:02.778Z,30.32
2026-08-01T08:41:02.446Z,30.5
2026-08-01T08:46:02.51Z,30.84
2026-08-01T08:51:02.871Z,30.96
2026-08-01T08:56:02.484Z,31.16
2026-08-01T09:01:02.323Z,31.24
2026-08-01T09:06:02.72Z,31.47
2026-08-01T09:11:03.714Z,31.73
2026-08-01T09:16:02.917Z,32.17
2026-08-01T09:21:02.574Z,32.34
2026-08-01T09:26:02.417Z,32.62
2026-08-01T09:31:04.324Z,32.89
2026-08-01T09:36:02.761Z,32.8
2026-08-01T09:41:02.714Z,33.0
2026-08-01T09:46:02.408Z,33.15
2026-08-01T09:51:02.226Z,33.06
2026-08-01T09:56:02.691Z,33.34
2026-08-01T10:01:02.664Z,33.31
2026-08-01T10:06:02.452Z,33.54
2026-08-01T10:11:02.339Z,33.75
2026-08-01T10:16:03.783Z,33.98
2026-08-01T10:21:02.259Z,34.06
2026-08-01T10:26:02.379Z,34.29
2026-08-01T10:31:02.586Z,34.5
2026-08-01T10:36:02.35Z,34.58
2026-08-01T10:41:04.348Z,34.73
2026-08-01T10:46:02.733Z,34.84
2026-08-01T10:51:02.805Z,35.19
2026-08-01T10:56:08.333Z,35.42
2026-08-01T11:01:02.457Z,35.5
2026-08-01T11:06:02.477Z,35.3
2026-08-01T11:11:02.819Z,35.53
2026-08-01T11:16:02.633Z,35.91
2026-08-01T11:21:02.386Z,36.11
2026-08-01T11:26:02.529Z,36.11
2026-08-01T11:31:02.273Z,36.05
2026-08-01T11:36:02.683Z,36.19
2026-08-01T11:41:02.93Z,36.02
2026-08-01T11:46:02.6Z,35.85
2026-08-01T11:51:02.453Z,35.96
2026-08-01T11:56:02.309Z,36.28
2026-08-01T12:01:02.424Z,36.14
2026-08-01T12:06:02.749Z,36.37
2026-08-01T12:11:02.664Z,36.4
2026-08-01T12:16:02.668Z,36.42
2026-08-01T12:21:02.748Z,36.48
2026-08-01T12:26:02.514Z,36.42
2026-08-01T12:31:02.318Z,36.63
2026-08-01T12:36:02.774Z,36.74
2026-08-01T12:41:03.165Z,36.77
2026-08-01T12:46:02.588Z,36.86
2026-08-01T12:51:02.534Z,36.83
2026-08-01T12:56:03.193Z,36.89
2026-08-01T13:01:02.353Z,36.91
2026-08-01T13:06:02.632Z,36.94
2026-08-01T13:11:04.439Z,36.94
2026-08-01T13:16:02.683Z,36.89
2026-08-01T13:21:02.274Z,36.77
2026-08-01T13:26:02.75Z,36.74
2026-08-01T13:31:03.023Z,36.54
2026-08-01T13:36:02.543Z,36.17
2026-08-01T13:41:02.561Z,36.25
2026-08-01T13:46:02.485Z,36.4
2026-08-01T13:51:02.412Z,36.34
2026-08-01T13:56:02.709Z,36.17
2026-08-01T14:01:02.697Z,36.19
2026-08-01T14:06:02.536Z,36.14
2026-08-01T14:11:02.595Z,36.45
2026-08-01T14:16:03.55Z,36.68
2026-08-01T14:21:03.061Z,36.42
2026-08-01T14:26:02.58Z,36.31
2026-08-01T14:31:02.465Z,36.14
2026-08-01T14:36:02.263Z,36.31
2026-08-01T14:41:02.623Z,36.45
2026-08-01T14:46:02.829Z,36.57
2026-08-01T14:51:02.378Z,36.14
2026-08-01T14:56:02.478Z,35.85
2026-08-01T15:01:02.644Z,35.47
2026-08-01T15:06:02.657Z,35.04
2026-08-01T15:11:02.482Z,34.84
2026-08-01T15:16:02.577Z,34.7
2026-08-01T15:21:02.555Z,34.64
2026-08-01T15:26:02.664Z,34.64
2026-08-01T15:31:02.685Z,34.78
2026-08-01T15:36:02.408Z,34.78
2026-08-01T15:41:03.873Z,34.52
2026-08-01T15:46:04.326Z,34.55
2026-08-01T15:51:02.398Z,34.52
2026-08-01T15:56:02.849Z,34.41
2026-08-01T16:01:03.895Z,34.32
2026-08-01T16:06:02.585Z,34.35
2026-08-01T16:11:03.956Z,34.47
2026-08-01T16:16:00.44Z,34.61
2026-08-01T16:21:02.569Z,34.55
2026-08-01T16:26:03.287Z,34.55
2026-08-01T16:31:02.657Z,34.5
2026-08-01T16:36:02.847Z,34.32
2026-08-01T16:41:02.26Z,34.29
2026-08-01T16:46:02.505Z,34.09
2026-08-01T16:51:02.772Z,33.95
2026-08-01T16:56:02.666Z,33.83
2026-08-01T17:01:02.412Z,33.75
2026-08-01T17:06:02.454Z,33.52
2026-08-01T17:11:02.584Z,33.23
2026-08-01T17:16:02.723Z,33.06
2026-08-01T17:21:02.424Z,33.11
2026-08-01T17:26:02.539Z,32.97
2026-08-01T17:31:02.397Z,32.77
2026-08-01T17:36:02.754Z,32.66
2026-08-01T17:41:02.647Z,32.4
2026-08-01T17:46:02.461Z,32.22
2026-08-01T17:51:02.337Z,32.11
2026-08-01T17:56:02.514Z,31.85
2026-08-01T18:01:02.432Z,31.79
2026-08-01T18:06:02.723Z,31.73
2026-08-01T18:11:02.54Z,31.68
2026-08-01T18:16:04.164Z,31.71
2026-08-01T18:21:02.694Z,31.71
2026-08-01T18:26:02.51Z,31.64
2026-08-01T18:31:02.332Z,31.71
2026-08-01T18:36:02.682Z,31.59
2026-08-01T18:41:02.621Z,31.47
2026-08-01T18:46:02.522Z,31.42
2026-08-01T18:51:02.763Z,31.36
2026-08-01T18:56:10.895Z,30.81
2026-08-01T19:01:02.403Z,30.29
2026-08-01T19:06:02.266Z,30.04
2026-08-01T19:11:02.635Z,30.01
2026-08-01T19:16:03.243Z,29.92
2026-08-01T19:21:02.517Z,29.83
2026-08-01T19:26:02.733Z,29.89
2026-08-01T19:31:02.469Z,30.06
2026-08-01T19:36:02.337Z,30.01
2026-08-01T19:41:05.222Z,30.01
2026-08-01T19:46:02.36Z,29.89
2026-08-01T19:51:02.673Z,29.86
2026-08-01T19:56:02.603Z,29.75
2026-08-01T20:01:02.302Z,29.69
2026-08-01T20:06:04.328Z,29.69
2026-08-01T20:11:02.486Z,29.66
2026-08-01T20:16:02.607Z,29.69
2026-08-01T20:21:02.81Z,29.57
2026-08-01T20:26:02.459Z,29.63
2026-08-01T20:31:02.496Z,29.43
2026-08-01T20:36:02.942Z,29.43
2026-08-01T20:41:02.64Z,29.29
2026-08-01T20:46:02.465Z,29.29
2026-08-01T20:51:02.793Z,29.26
2026-08-01T20:56:03.291Z,29.03
2026-08-01T21:01:02.386Z,29.06
2026-08-01T21:06:04.723Z,28.91
2026-08-01T21:11:04.006Z,28.88
2026-08-01T21:16:02.221Z,28.77
2026-08-01T21:21:02.482Z,28.77
2026-08-01T21:26:02.295Z,28.71
2026-08-01T21:31:02.571Z,28.62
2026-08-01T21:36:02.849Z,28.65
2026-08-01T21:41:02.26Z,28.51
2026-08-01T21:46:02.614Z,28.57
2026-08-01T21:51:04.022Z,28.54
2026-08-01T21:56:02.562Z,28.54
2026-08-01T22:01:02.329Z,28.45
2026-08-01T22:06:02.996Z,28.45
2026-08-01T22:11:02.439Z,28.36
2026-08-01T22:16:02.566Z,28.42
2026-08-01T22:21:02.456Z,28.48
2026-08-01T22:26:02.637Z,28.45
2026-08-01T22:31:04.467Z,28.39
2026-08-01T22:36:03.211Z,28.36
2026-08-01T22:41:02.358Z,28.31
2026-08-01T22:46:02.975Z,28.25
2026-08-01T22:51:02.395Z,28.19
2026-08-01T22:56:02.666Z,28.28
2026-08-01T23:01:02.402Z,28.25
2026-08-01T23:06:04.73Z,28.11
2026-08-01T23:11:02.636Z,28.16
2026-08-01T23:16:02.459Z,28.22
2026-08-01T23:21:02.655Z,28.19
2026-08-01T23:26:02.703Z,28.11
2026-08-01T23:31:02.646Z,28.16
2026-08-01T23:36:00.479Z,28.05
2026-08-01T23:41:02.513Z,27.97
2026-08-01T23:46:02.524Z,28.02
2026-08-01T23:51:02.624Z,28.05
2026-08-01T23:56:02.452Z,27.97
2026-08-02T00:01:04.162Z,28.02
2026-08-02T00:06:03.319Z,27.97
2026-08-02T00:11:02.65Z,27.9
2026-08-02T00:16:02.391Z,27.9
2026-08-02T00:21:03.807Z,27.9
2026-08-02T00:26:02.464Z,27.85
2026-08-02T00:31:02.659Z,27.79
2026-08-02T00:36:02.414Z,27.79
2026-08-02T00:41:02.577Z,27.71
2026-08-02T00:46:03.813Z,27.71
2026-08-02T00:51:02.85Z,27.67
2026-08-02T00:56:02.516Z,27.56
2026-08-02T01:01:02.747Z,27.59
2026-08-02T01:06:04.53Z,27.59
2026-08-02T01:11:03.195Z,27.56
2026-08-02T01:16:02.643Z,27.56
2026-08-02T01:21:03.34Z,27.48
2026-08-02T01:26:02.58Z,27.53
2026-08-02T01:31:02.427Z,27.41
2026-08-02T01:36:02.365Z,27.41
2026-08-02T01:41:02.495Z,27.41
2026-08-02T01:46:02.275Z,27.39
2026-08-02T01:51:02.556Z,27.33
2026-08-02T01:56:02.294Z,27.36
2026-08-02T02:01:02.623Z,27.33
2026-08-02T02:06:03.926Z,27.3
2026-08-02T02:11:02.655Z,27.27
2026-08-02T02:16:02.374Z,27.33
2026-08-02T02:21:02.19Z,27.24
2026-08-02T02:26:02.619Z,27.3
2026-08-02T02:31:02.365Z,27.33
2026-08-02T02:36:02.545Z,27.3
2026-08-02T02:41:02.31Z,27.24
2026-08-02T02:46:02.562Z,27.22
2026-08-02T02:51:02.28Z,27.16
2026-08-02T02:56:02.699Z,27.13
2026-08-02T03:01:02.61Z,27.07
2026-08-02T03:06:02.637Z,27.13
2026-08-02T03:11:02.386Z,27.13
2026-08-02T03:16:02.553Z,27.13
2026-08-02T03:21:02.854Z,27.18
2026-08-02T03:26:02.349Z,27.13
2026-08-02T03:31:02.507Z,27.13
2026-08-02T03:36:02.678Z,27.16
2026-08-02T03:41:02.876Z,27.16
2026-08-02T03:46:02.661Z,27.1
2026-08-02T03:51:02.443Z,26.92
2026-08-02T03:56:02.4Z,26.9
2026-08-02T04:01:03.054Z,26.84
2026-08-02T04:06:02.621Z,26.78
2026-08-02T04:11:04.583Z,26.73
2026-08-02T04:16:02.521Z,26.76
2026-08-02T04:21:02.682Z,26.69
2026-08-02T04:26:02.691Z,26.61
2026-08-02T04:31:03.219Z,26.52
2026-08-02T04:36:02.679Z,26.44
2026-08-02T04:41:02.779Z,26.46
2026-08-02T04:46:02.624Z,26.46
2026-08-02T04:51:02.507Z,26.46
2026-08-02T04:56:02.321Z,26.41
2026-08-02T05:01:02.673Z,26.44
2026-08-02T05:06:02.537Z,26.44
2026-08-02T05:11:02.67Z,26.46
2026-08-02T05:16:03.377Z,26.41
2026-08-02T05:21:03.667Z,26.44
2026-08-02T05:26:02.439Z,26.38
2026-08-02T05:31:02.378Z,26.29
2026-08-02T05:36:04.033Z,26.2
2026-08-02T05:41:02.378Z,26.24
2026-08-02T05:46:02.483Z,26.32
2026-08-02T05:51:02.322Z,26.32
2026-08-02T05:56:02.49Z,26.44
2026-08-02T06:01:02.467Z,26.46
2026-08-02T06:06:02.551Z,26.41
2026-08-02T06:11:02.393Z,26.27
2026-08-02T06:16:02.276Z,26.29
2026-08-02T06:21:02.608Z,26.29
2026-08-02T06:26:02.756Z,26.44
2026-08-02T06:31:02.462Z,26.41
2026-08-02T06:36:02.649Z,26.55
2026-08-02T06:41:03.314Z,26.67
2026-08-02T06:46:02.451Z,26.81
2026-08-02T06:51:02.294Z,26.92
2026-08-02T06:56:02.669Z,27.07
2026-08-02T07:01:02.487Z,27.3
2026-08-02T07:06:01.526Z,27.5
2026-08-02T07:11:02.596Z,27.53
2026-08-02T07:16:02.797Z,27.85
2026-08-02T07:21:02.418Z,27.93
2026-08-02T07:26:02.679Z,28.05
2026-08-02T07:31:02.79Z,28.22
2026-08-02T07:36:02.488Z,28.48
2026-08-02T07:41:02.721Z,28.62
2026-08-02T07:46:02.586Z,28.77
2026-08-02T07:51:02.453Z,29.14
2026-08-02T07:56:02.731Z,29.23
2026-08-02T08:01:03.502Z,29.46
2026-08-02T08:06:02.325Z,29.52
2026-08-02T08:11:02.825Z,29.8
2026-08-02T08:16:02.389Z,30.01
2026-08-02T08:21:02.486Z,30.01
2026-08-02T08:26:04.029Z,30.24
2026-08-02T08:31:02.911Z,30.52
2026-08-02T08:36:03.881Z,30.64
2026-08-02T08:41:02.555Z,30.87
2026-08-02T08:46:03.499Z,31.07
2026-08-02T08:51:02.82Z,31.22
2026-08-02T08:56:02.51Z,31.47
2026-08-02T09:01:02.379Z,31.87
2026-08-02T09:06:03.327Z,32.28
2026-08-02T09:11:02.649Z,32.51
2026-08-02T09:16:02.898Z,32.71
2026-08-02T09:21:02.268Z,32.85
2026-08-02T09:26:02.818Z,32.89
2026-08-02T09:31:02.396Z,33.31
2026-08-02T09:36:02.411Z,33.75
2026-08-02T09:41:02.349Z,34.03
2026-08-02T09:46:02.356Z,34.09
2026-08-02T09:51:02.316Z,34.24
2026-08-02T09:56:02.346Z,34.32
2026-08-02T10:01:02.685Z,34.5
2026-08-02T10:06:02.728Z,34.81
2026-08-02T10:11:02.596Z,35.24
2026-08-02T10:16:02.771Z,35.33
2026-08-02T10:21:02.668Z,35.45
2026-08-02T10:26:02.729Z,35.59
2026-08-02T10:31:02.534Z,35.96
2026-08-02T10:36:02.637Z,36.42
2026-08-02T10:41:02.436Z,36.68
2026-08-02T10:46:04.008Z,36.8
2026-08-02T10:51:02.618Z,36.94
2026-08-02T10:56:04.275Z,37.29
2026-08-02T11:01:03.227Z,37.26
2026-08-02T11:06:03.072Z,37.69
2026-08-02T11:11:02.871Z,38.12
2026-08-02T11:16:03.599Z,38.29
2026-08-02T11:21:02.525Z,38.41
2026-08-02T11:26:03.079Z,38.58
2026-08-02T11:31:02.438Z,38.64
2026-08-02T11:36:02.664Z,38.82
2026-08-02T11:41:02.487Z,38.96
2026-08-02T11:46:02.705Z,39.13
2026-08-02T11:51:02.701Z,39.22
2026-08-02T11:56:02.679Z,39.24
2026-08-02T12:01:02.989Z,39.47
2026-08-02T12:06:02.495Z,39.59
2026-08-02T12:11:02.525Z,39.5
2026-08-02T12:16:02.413Z,39.79
2026-08-02T12:21:02.295Z,39.96
2026-08-02T12:26:02.925Z,39.85
2026-08-02T12:31:02.361Z,39.99
2026-08-02T12:36:04.003Z,40.31
2026-08-02T12:41:02.982Z,40.51
2026-08-02T12:46:03.674Z,40.57
2026-08-02T12:51:06.793Z,40.63
2026-08-02T12:56:02.398Z,40.86
2026-08-02T13:01:02.887Z,40.91
2026-08-02T13:06:02.701Z,40.86
2026-08-02T13:11:02.582Z,40.65
2026-08-02T13:16:02.521Z,40.71
2026-08-02T13:21:02.519Z,40.83
2026-08-02T13:26:05.275Z,40.8
2026-08-02T13:31:04.444Z,40.74
2026-08-02T13:36:02.717Z,40.83
2026-08-02T13:41:02.752Z,41.0
2026-08-02T13:46:02.734Z,40.8
2026-08-02T13:51:02.808Z,40.65
2026-08-02T13:56:02.63Z,40.77
2026-08-02T14:01:02.693Z,40.83
2026-08-02T14:06:02.555Z,40.77
2026-08-02T14:11:02.607Z,40.8
2026-08-02T14:16:02.648Z,40.94
2026-08-02T14:21:02.576Z,41.03
2026-08-02T14:26:02.454Z,41.0
2026-08-02T14:31:02.839Z,40.91
2026-08-02T14:36:02.346Z,41.06
2026-08-02T14:41:02.382Z,41.09
2026-08-02T14:46:02.385Z,40.89
2026-08-02T14:51:03.409Z,41.0
2026-08-02T14:56:02.657Z,41.0
2026-08-02T15:01:03.2Z,40.68
2026-08-02T15:06:02.565Z,41.0
2026-08-02T15:11:02.557Z,41.03
2026-08-02T15:16:03.11Z,40.91
2026-08-02T15:21:02.224Z,40.74
2026-08-02T15:26:02.421Z,40.8
2026-08-02T15:31:02.406Z,40.89
2026-08-02T15:36:02.44Z,40.83
2026-08-02T15:41:02.407Z,40.77
2026-08-02T15:46:02.66Z,40.74
2026-08-02T15:51:02.533Z,40.65
2026-08-02T15:56:03.212Z,40.6
2026-08-02T16:01:02.465Z,40.68
2026-08-02T16:06:02.85Z,40.71
2026-08-02T16:11:02.613Z,40.71
2026-08-02T16:16:02.233Z,40.54
2026-08-02T16:21:02.42Z,40.4
2026-08-02T16:26:02.248Z,40.34
2026-08-02T16:31:02.663Z,40.34
2026-08-02T16:36:03.138Z,40.31
2026-08-02T16:41:02.61Z,40.4
2026-08-02T16:46:02.555Z,40.31
2026-08-02T16:51:02.692Z,40.14
2026-08-02T16:56:02.563Z,40.05
2026-08-02T17:01:02.644Z,40.02
2026-08-02T17:06:01.381Z,39.99
2026-08-02T17:11:02.767Z,39.91
2026-08-02T17:16:04.921Z,39.85
2026-08-02T17:21:02.799Z,39.85
2026-08-02T17:26:02.577Z,39.91
2026-08-02T17:31:03.501Z,39.79
2026-08-02T17:36:02.988Z,39.73
2026-08-02T17:41:02.448Z,39.65
2026-08-02T17:46:02.515Z,39.47
2026-08-02T17:51:02.535Z,39.5
2026-08-02T17:56:02.901Z,39.36
2026-08-02T18:01:02.546Z,39.07
2026-08-02T18:06:02.449Z,38.98
2026-08-02T18:11:02.556Z,38.73
2026-08-02T18:16:03.517Z,38.49
2026-08-02T18:21:02.86Z,38.15
2026-08-02T18:26:02.236Z,37.58
2026-08-02T18:31:02.981Z,37.03
2026-08-02T18:36:02.666Z,36.42
2026-08-02T18:41:02.57Z,35.94
2026-08-02T18:46:02.765Z,35.27
2026-08-02T18:51:02.384Z,34.84
2026-08-02T18:56:02.552Z,34.67
2026-08-02T19:01:02.674Z,34.44
2026-08-02T19:06:02.673Z,34.12
2026-08-02T19:11:02.575Z,33.8
2026-08-02T19:16:03.349Z,33.63
2026-08-02T19:21:04.889Z,33.46
2026-08-02T19:26:02.396Z,33.26
2026-08-02T19:31:02.27Z,33.17
2026-08-02T19:36:04.768Z,33.06
2026-08-02T19:41:02.664Z,32.94
2026-08-02T19:46:02.359Z,32.8
2026-08-02T19:51:02.762Z,32.71
2026-08-02T19:56:02.601Z,32.57
2026-08-02T20:01:02.442Z,32.36
2026-08-02T20:06:03.625Z,32.17
2026-08-02T20:11:02.628Z,32.13
2026-08-02T20:16:02.542Z,31.87
2026-08-02T20:21:02.333Z,31.71
2026-08-02T20:26:04.516Z,31.56
2026-08-02T20:31:02.416Z,31.56
2026-08-02T20:36:02.734Z,31.5
2026-08-02T20:41:02.66Z,31.39
2026-08-02T20:46:02.613Z,31.33
2026-08-02T20:51:02.347Z,31.24
2026-08-02T20:56:02.535Z,31.16
2026-08-02T21:01:02.464Z,31.13
2026-08-02T21:06:02.381Z,31.07
2026-08-02T21:11:02.698Z,30.99
2026-08-02T21:16:02.655Z,30.87
2026-08-02T21:21:02.527Z,30.81
2026-08-02T21:26:02.81Z,30.81
2026-08-02T21:31:02.446Z,30.67
2026-08-02T21:36:02.703Z,30.55
2026-08-02T21:41:02.395Z,30.5
2026-08-02T21:46:02.291Z,30.44
2026-08-02T21:51:02.652Z,30.32
2026-08-02T21:56:02.385Z,30.27
2026-08-02T22:01:02.295Z,30.21
2026-08-02T22:06:02.617Z,30.15
2026-08-02T22:11:02.676Z,30.04
2026-08-02T22:16:02.484Z,29.98
2026-08-02T22:21:00.444Z,29.98
2026-08-02T22:26:02.744Z,29.86
2026-08-02T22:31:02.447Z,29.78
2026-08-02T22:36:03.837Z,29.66
2026-08-02T22:41:05.877Z,29.75
2026-08-02T22:46:02.546Z,29.75
2026-08-02T22:51:02.597Z,29.63
2026-08-02T22:56:02.58Z,29.52
2026-08-02T23:01:02.373Z,29.46
2026-08-02T23:06:03.692Z,29.4
2026-08-02T23:11:03.335Z,29.37
2026-08-02T23:16:02.445Z,29.32
2026-08-02T23:21:02.258Z,29.26
2026-08-02T23:26:02.421Z,29.26
2026-08-02T23:31:02.36Z,29.17
2026-08-02T23:36:02.795Z,29.03
2026-08-02T23:41:03.174Z,29.03
2026-08-02T23:46:02.665Z,28.94
2026-08-02T23:51:04.102Z,28.85
2026-08-02T23:56:03.022Z,28.8
2026-08-03T00:01:02.515Z,28.83
2026-08-03T00:06:02.37Z,28.8
2026-08-03T00:11:02.838Z,28.71
2026-08-03T00:16:02.296Z,28.62
2026-08-03T00:21:03.44Z,28.51
2026-08-03T00:26:02.835Z,28.45
2026-08-03T00:31:02.992Z,28.36
2026-08-03T00:36:02.464Z,28.39
2026-08-03T00:41:02.538Z,28.42
2026-08-03T00:46:03.523Z,28.25
2026-08-03T00:51:02.707Z,28.22
2026-08-03T00:56:02.521Z,28.19
2026-08-03T01:01:03.157Z,28.05
2026-08-03T01:06:02.53Z,27.93
2026-08-03T01:11:02.735Z,27.9
2026-08-03T01:16:02.534Z,27.73
2026-08-03T01:21:02.472Z,27.71
2026-08-03T01:26:02.602Z,27.62
2026-08-03T01:31:02.411Z,27.48
2026-08-03T01:36:02.8Z,27.41
2026-08-03T01:41:02.256Z,27.36
2026-08-03T01:46:02.591Z,27.27
2026-08-03T01:51:02.462Z,27.18
2026-08-03T01:56:03.461Z,27.24
2026-08-03T02:01:02.639Z,27.13
2026-08-03T02:06:03.258Z,27.04
2026-08-03T02:11:02.446Z,26.92
2026-08-03T02:16:02.296Z,26.92
2026-08-03T02:21:02.511Z,27.01
2026-08-03T02:26:02.422Z,27.13
2026-08-03T02:31:02.502Z,27.1
2026-08-03T02:36:02.392Z,27.13
2026-08-03T02:41:02.505Z,27.13
2026-08-03T02:46:02.625Z,27.13
2026-08-03T02:51:02.834Z,27.13
2026-08-03T02:56:02.391Z,27.07
2026-08-03T03:01:03.81Z,27.07
2026-08-03T03:06:02.432Z,27.01
2026-08-03T03:11:02.647Z,27.04
2026-08-03T03:16:02.525Z,26.99
2026-08-03T03:21:02.651Z,27.04
2026-08-03T03:26:02.288Z,26.95
2026-08-03T03:31:02.583Z,26.84
2026-08-03T03:36:02.373Z,26.84
2026-08-03T03:41:02.629Z,26.78
2026-08-03T03:46:00.44Z,26.84
2026-08-03T03:51:02.373Z,26.78
2026-08-03T03:56:02.588Z,26.67
2026-08-03T04:01:02.745Z,26.58
2026-08-03T04:06:02.626Z,26.52
2026-08-03T04:11:02.314Z,26.46
2026-08-03T04:16:02.573Z,26.38
2026-08-03T04:21:02.641Z,26.44
2026-08-03T04:26:02.334Z,26.29
2026-08-03T04:31:02.934Z,26.29
2026-08-03T04:36:01.597Z,26.2
2026-08-03T04:41:03.496Z,26.2
2026-08-03T04:46:02.608Z,26.15
2026-08-03T04:51:02.533Z,26.06
2026-08-03T04:56:02.335Z,26.09
2026-08-03T05:01:04.035Z,25.95
2026-08-03T05:06:02.379Z,25.83
2026-08-03T05:11:02.702Z,25.75
2026-08-03T05:16:02.658Z,25.63
2026-08-03T05:21:02.45Z,25.63
2026-08-03T05:26:03.28Z,25.55
2026-08-03T05:31:02.349Z,25.52
2026-08-03T05:36:02.649Z,25.6
2026-08-03T05:41:02.812Z,25.57
2026-08-03T05:46:02.586Z,25.6
2026-08-03T05:51:02.277Z,25.72
2026-08-03T05:56:02.718Z,25.78
2026-08-03T06:01:02.732Z,25.8
2026-08-03T06:06:02.555Z,25.92
2026-08-03T06:11:02.465Z,25.97
2026-08-03T06:16:02.298Z,26.12
2026-08-03T06:21:02.881Z,26.27
2026-08-03T06:26:02.924Z,26.46
2026-08-03T06:31:02.602Z,26.55
2026-08-03T06:36:02.622Z,26.73
2026-08-03T06:41:02.387Z,26.78
2026-08-03T06:46:02.601Z,26.99
2026-08-03T06:51:02.58Z,27.07
2026-08-03T06:56:02.521Z,27.3
2026-08-03T07:01:02.598Z,27.41
2026-08-03T07:06:02.508Z,27.67
2026-08-03T07:11:02.398Z,27.9
2026-08-03T07:16:00.425Z,28.13
2026-08-03T07:21:02.5Z,28.51
2026-08-03T07:26:02.957Z,28.74
2026-08-03T07:31:02.274Z,29.06
2026-08-03T07:36:02.706Z,29.32
2026-08-03T07:41:02.911Z,29.66
2026-08-03T07:46:02.441Z,30.15
2026-08-03T07:51:03.244Z,30.32
2026-08-03T07:56:02.368Z,30.75
2026-08-03T08:01:02.473Z,31.24
2026-08-03T08:06:04.505Z,31.56
2026-08-03T08:11:02.646Z,31.62
2026-08-03T08:16:02.606Z,31.71
2026-08-03T08:21:02.361Z,32.05
2026-08-03T08:26:03.64Z,32.28
2026-08-03T08:31:02.462Z,32.36
2026-08-03T08:36:02.572Z,32.66
2026-08-03T08:41:02.445Z,32.82
2026-08-03T08:46:02.312Z,33.08
2026-08-03T08:51:04.205Z,33.2
2026-08-03T08:56:02.596Z,33.4
2026-08-03T09:01:02.7Z,33.75
2026-08-03T09:06:02.291Z,34.18
2026-08-03T09:11:02.931Z,34.58
2026-08-03T09:16:02.851Z,34.61
2026-08-03T09:21:02.436Z,34.73
2026-08-03T09:26:00.405Z,34.78
2026-08-03T09:31:03.853Z,34.98
2026-08-03T09:36:02.621Z,35.13
2026-08-03T09:41:02.572Z,35.3
2026-08-03T09:46:02.585Z,35.5
2026-08-03T09:51:02.515Z,35.82
2026-08-03T09:56:02.627Z,36.08
2026-08-03T10:01:02.597Z,36.17
2026-08-03T10:06:00.445Z,36.05
2026-08-03T10:11:02.402Z,36.31
2026-08-03T10:16:02.657Z,36.77
2026-08-03T10:21:03.995Z,36.97
2026-08-03T10:26:02.712Z,37.23
2026-08-03T10:31:03.112Z,37.54
2026-08-03T10:36:02.625Z,37.8
2026-08-03T10:41:02.721Z,37.98
2026-08-03T10:46:00.397Z,37.89
2026-08-03T10:51:02.694Z,38.12
2026-08-03T10:56:02.727Z,38.38
2026-08-03T11:01:02.63Z,38.64
2026-08-03T11:06:02.796Z,38.84
2026-08-03T11:11:02.661Z,38.84
2026-08-03T11:16:02.475Z,38.87
2026-08-03T11:21:02.357Z,39.07
2026-08-03T11:26:02.489Z,38.98
2026-08-03T11:31:02.336Z,39.24
2026-08-03T11:36:02.453Z,39.56
2026-08-03T11:41:02.735Z,39.62
2026-08-03T11:46:00.414Z,39.96
2026-08-03T11:51:02.576Z,40.19
2026-08-03T11:56:02.549Z,40.28
2026-08-03T12:01:02.573Z,40.48
2026-08-03T12:06:02.518Z,40.57
2026-08-03T12:11:02.611Z,40.63
2026-08-03T12:16:02.437Z,40.54
2026-08-03T12:21:02.37Z,40.42
2026-08-03T12:26:02.518Z,40.31
2026-08-03T12:31:02.441Z,40.31
2026-08-03T12:36:02.604Z,40.22
2026-08-03T12:41:02.87Z,40.22
2026-08-03T12:46:02.41Z,40.22
2026-08-03T12:51:04.524Z,40.19
2026-08-03T12:56:02.614Z,40.14
2026-08-03T13:01:04.142Z,40.14
2026-08-03T13:06:02.616Z,39.93
2026-08-03T13:11:02.282Z,39.93
2026-08-03T13:16:02.223Z,39.88
2026-08-03T13:21:02.387Z,39.7
2026-08-03T13:26:02.68Z,39.76
2026-08-03T13:31:02.61Z,39.7
2026-08-03T13:36:02.577Z,39.39
2026-08-03T13:41:02.7Z,39.01
2026-08-03T13:46:02.549Z,38.41
2026-08-03T13:51:02.497Z,38.18
2026-08-03T13:56:02.43Z,37.8
2026-08-03T14:01:02.451Z,37.72
2026-08-03T14:06:03.312Z,37.77
2026-08-03T14:11:02.501Z,37.89
2026-08-03T14:16:02.654Z,37.95
2026-08-03T14:21:02.387Z,37.89
2026-08-03T14:26:02.892Z,37.69
2026-08-03T14:31:02.478Z,37.72
2026-08-03T14:36:02.496Z,37.38
2026-08-03T14:41:02.567Z,37.23
2026-08-03T14:46:02.356Z,37.05
2026-08-03T14:51:02.656Z,36.6
2026-08-03T14:56:02.593Z,36.28
2026-08-03T15:01:02.611Z,36.19
2026-08-03T15:06:02.491Z,35.88
2026-08-03T15:11:03.124Z,35.53
2026-08-03T15:16:02.827Z,35.33
2026-08-03T15:21:02.453Z,35.04
2026-08-03T15:26:02.415Z,34.84
2026-08-03T15:31:02.301Z,34.52
2026-08-03T15:36:02.661Z,34.32
2026-08-03T15:41:06.224Z,33.95
2026-08-03T15:46:02.381Z,33.78
2026-08-03T15:51:02.961Z,33.72
2026-08-03T15:56:02.666Z,33.6
2026-08-03T16:01:03.143Z,33.54
2026-08-03T16:06:02.603Z,33.6
2026-08-03T16:11:02.871Z,33.83
2026-08-03T16:16:02.607Z,34.03
2026-08-03T16:21:02.501Z,34.01
2026-08-03T16:26:02.509Z,33.95
2026-08-03T16:31:02.828Z,33.98
2026-08-03T16:36:03.021Z,33.66
2026-08-03T16:41:02.825Z,33.6
2026-08-03T16:46:02.188Z,33.52
2026-08-03T16:51:03.283Z,33.34
2026-08-03T16:56:02.381Z,33.31
2026-08-03T17:01:03.043Z,33.4
2026-08-03T17:06:02.63Z,33.52
2026-08-03T17:11:02.383Z,33.78
2026-08-03T17:16:02.904Z,34.01
2026-08-03T17:21:02.501Z,34.03
2026-08-03T17:26:02.505Z,34.09
2026-08-03T17:31:02.423Z,33.92
2026-08-03T17:36:02.424Z,33.98
2026-08-03T17:41:02.538Z,33.83
2026-08-03T17:46:02.576Z,33.8
2026-08-03T17:51:02.532Z,33.72
2026-08-03T17:56:02.862Z,33.52
2026-08-03T18:01:03.876Z,33.4
2026-08-03T18:06:02.64Z,33.43
2026-08-03T18:11:02.487Z,33.46
2026-08-03T18:16:02.411Z,33.37
2026-08-03T18:21:02.239Z,33.29
2026-08-03T18:26:02.623Z,33.08
2026-08-03T18:31:03.5Z,32.82
2026-08-03T18:36:02.335Z,32.59
2026-08-03T18:41:02.696Z,32.34
2026-08-03T18:46:02.71Z,31.99
2026-08-03T18:51:02.639Z,31.73
2026-08-03T18:56:02.519Z,31.71
2026-08-03T19:01:02.72Z,31.62
2026-08-03T19:06:02.588Z,31.56
2026-08-03T19:11:04.504Z,31.5
2026-08-03T19:16:02.514Z,31.45
2026-08-03T19:21:02.986Z,31.39
2026-08-03T19:26:02.399Z,31.45
2026-08-03T19:31:02.495Z,31.33
2026-08-03T19:36:02.649Z,31.33
2026-08-03T19:41:03.38Z,31.24
2026-08-03T19:46:03.261Z,31.13
2026-08-03T19:51:00.402Z,31.1
2026-08-03T19:56:02.598Z,30.99
2026-08-03T20:01:03.201Z,30.93
2026-08-03T20:06:06.135Z,30.81
2026-08-03T20:11:02.317Z,30.7
2026-08-03T20:16:03.543Z,30.67
2026-08-03T20:21:02.795Z,30.55
2026-08-03T20:26:02.667Z,30.5
2026-08-03T20:31:02.871Z,30.35
2026-08-03T20:36:02.333Z,30.29
2026-08-03T20:41:02.218Z,30.24
2026-08-03T20:46:02.523Z,30.15
2026-08-03T20:51:02.417Z,30.12
2026-08-03T20:56:00.418Z,29.98
2026-08-03T21:01:02.54Z,29.83
2026-08-03T21:06:02.445Z,29.83
2026-08-03T21:11:02.589Z,29.78
2026-08-03T21:16:02.47Z,29.75
2026-08-03T21:21:02.644Z,29.63
2026-08-03T21:26:03.199Z,29.6
2026-08-03T21:31:02.645Z,29.52
2026-08-03T21:36:02.438Z,29.29
2026-08-03T21:41:02.691Z,29.29
2026-08-03T21:46:02.994Z,29.17
2026-08-03T21:51:02.361Z,29.11
2026-08-03T21:56:02.653Z,29.06
2026-08-03T22:01:02.584Z,28.97
2026-08-03T22:06:03.331Z,29.0
2026-08-03T22:11:02.871Z,28.94
2026-08-03T22:16:04.716Z,28.83
2026-08-03T22:21:02.282Z,28.65
2026-08-03T22:26:02.648Z,28.57
2026-08-03T22:31:03.003Z,28.42
2026-08-03T22:36:02.728Z,28.25
2026-08-03T22:41:02.512Z,28.08
2026-08-03T22:46:02.37Z,27.9
2026-08-03T22:51:02.657Z,27.9
2026-08-03T22:56:02.934Z,27.73
2026-08-03T23:01:03.099Z,27.67
2026-08-03T23:06:04.474Z,27.62
2026-08-03T23:11:02.655Z,27.56
2026-08-03T23:16:02.834Z,27.5
2026-08-03T23:21:02.769Z,27.5
2026-08-03T23:26:02.655Z,27.41
2026-08-03T23:31:02.422Z,27.39
2026-08-03T23:36:02.665Z,27.3
2026-08-03T23:41:02.464Z,27.27
2026-08-03T23:46:02.273Z,27.16
2026-08-03T23:51:02.538Z,27.04
2026-08-03T23:56:02.529Z,27.13
2026-08-04T00:01:02.729Z,27.22
2026-08-04T00:06:02.438Z,27.39
2026-08-04T00:11:02.787Z,27.48
2026-08-04T00:16:03.117Z,27.5
2026-08-04T00:21:02.585Z,27.5
2026-08-04T00:26:02.396Z,27.44
2026-08-04T00:31:02.618Z,27.44
2026-08-04T00:36:02.318Z,27.48
2026-08-04T00:41:03.826Z,27.56
2026-08-04T00:46:02.574Z,27.59
2026-08-04T00:51:02.617Z,27.59
2026-08-04T00:56:02.669Z,27.56
2026-08-04T01:01:04.457Z,27.59
2026-08-04T01:06:02.644Z,27.41
2026-08-04T01:11:02.406Z,27.36
2026-08-04T01:16:02.99Z,27.3
2026-08-04T01:21:02.331Z,27.27
2026-08-04T01:26:02.677Z,27.24
2026-08-04T01:31:02.674Z,27.24
2026-08-04T01:36:02.799Z,27.3
2026-08-04T01:41:02.786Z,27.27
2026-08-04T01:46:02.467Z,27.13
2026-08-04T01:51:02.596Z,27.1
2026-08-04T01:56:02.353Z,26.99
2026-08-04T02:01:02.46Z,27.01
2026-08-04T02:06:02.982Z,26.92
2026-08-04T02:11:02.704Z,26.92
2026-08-04T02:16:02.367Z,26.87
2026-08-04T02:21:03.075Z,26.61
2026-08-04T02:26:02.848Z,26.46
2026-08-04T02:31:02.307Z,26.5
2026-08-04T02:36:01.901Z,26.52
2026-08-04T02:41:02.43Z,26.61
2026-08-04T02:46:03.438Z,26.64
2026-08-04T02:51:02.649Z,26.55
2026-08-04T02:56:02.366Z,26.58
2026-08-04T03:01:03.05Z,26.73
2026-08-04T03:06:02.443Z,26.92
2026-08-04T03:11:02.357Z,26.99
2026-08-04T03:16:03.561Z,27.1
2026-08-04T03:21:02.551Z,26.99
2026-08-04T03:26:02.68Z,26.84
2026-08-04T03:31:02.548Z,26.61
2026-08-04T03:36:02.33Z,26.55
2026-08-04T03:41:03.924Z,26.46
2026-08-04T03:46:02.425Z,26.44
2026-08-04T03:51:02.661Z,26.41
2026-08-04T03:56:02.562Z,26.5
2026-08-04T04:01:02.972Z,26.52
2026-08-04T04:06:02.561Z,26.69
2026-08-04T04:11:02.334Z,26.67
2026-08-04T04:16:03.371Z,26.58
2026-08-04T04:21:02.534Z,26.67
2026-08-04T04:26:02.379Z,26.44
2026-08-04T04:31:02.595Z,26.29
2026-08-04T04:36:02.377Z,26.27
2026-08-04T04:41:02.549Z,26.29
2026-08-04T04:46:02.783Z,26.04
2026-08-04T04:51:04.216Z,25.92
2026-08-04T04:56:02.641Z,25.75
2026-08-04T05:01:02.502Z,25.6
2026-08-04T05:06:02.437Z,25.6
2026-08-04T05:11:02.515Z,25.57
2026-08-04T05:16:02.467Z,25.46
2026-08-04T05:21:02.59Z,25.46
2026-08-04T05:26:02.378Z,25.43
2026-08-04T05:31:02.589Z,25.37
2026-08-04T05:36:02.421Z,25.26
2026-08-04T05:41:04.268Z,25.23
2026-08-04T05:46:02.592Z,25.11
2026-08-04T05:51:02.308Z,25.26
2026-08-04T05:56:00.433Z,25.72
2026-08-04T06:01:02.75Z,26.09
2026-08-04T06:06:02.574Z,26.27
2026-08-04T06:11:02.469Z,26.44
2026-08-04T06:16:02.472Z,26.81
2026-08-04T06:21:02.375Z,27.13
2026-08-04T06:26:02.364Z,27.33
2026-08-04T06:31:02.377Z,27.53
2026-08-04T06:36:02.925Z,27.73
2026-08-04T06:41:02.686Z,28.05
2026-08-04T06:46:03.106Z,28.25
2026-08-04T06:51:02.282Z,28.28
2026-08-04T06:56:02.573Z,28.48
2026-08-04T07:01:02.586Z,28.74
2026-08-04T07:06:02.561Z,29.03
2026-08-04T07:11:02.473Z,29.37
2026-08-04T07:16:02.532Z,29.72
2026-08-04T07:21:02.435Z,30.06
2026-08-04T07:26:02.526Z,30.35
2026-08-04T07:31:02.375Z,30.75
2026-08-04T07:36:03.311Z,31.1
2026-08-04T07:41:02.589Z,31.56
2026-08-04T07:46:03.297Z,31.87
2026-08-04T07:51:02.526Z,32.13
2026-08-04T07:56:05.35Z,32.48
2026-08-04T08:01:02.518Z,32.77
2026-08-04T08:06:02.431Z,33.03
2026-08-04T08:11:02.392Z,33.2
2026-08-04T08:16:02.242Z,33.46
2026-08-04T08:21:02.581Z,33.57
2026-08-04T08:26:04.508Z,33.86
2026-08-04T08:31:02.438Z,34.12
2026-08-04T08:36:02.419Z,34.18
2026-08-04T08:41:02.636Z,34.27
2026-08-04T08:46:02.376Z,34.38
2026-08-04T08:51:02.311Z,34.58
2026-08-04T08:56:02.497Z,34.81
2026-08-04T09:01:02.305Z,34.98
2026-08-04T09:06:02.624Z,35.1
2026-08-04T09:11:05.309Z,35.27
2026-08-04T09:16:02.441Z,35.3
2026-08-04T09:21:02.465Z,35.53
2026-08-04T09:26:02.56Z,35.82
2026-08-04T09:31:03.048Z,35.76
2026-08-04T09:36:03.511Z,35.88
2026-08-04T09:41:03.062Z,36.14
2026-08-04T09:46:02.595Z,36.14
2026-08-04T09:51:02.351Z,36.4
2026-08-04T09:56:02.322Z,36.6
2026-08-04T10:01:02.808Z,36.68
2026-08-04T10:06:02.636Z,36.97
2026-08-04T10:11:02.816Z,36.94
2026-08-04T10:16:02.649Z,36.89
2026-08-04T10:21:02.838Z,36.97
2026-08-04T10:26:02.413Z,37.29
2026-08-04T10:31:05.029Z,37.63
2026-08-04T10:36:02.624Z,37.77
2026-08-04T10:41:03.877Z,37.92
2026-08-04T10:46:04.282Z,38.1
2026-08-04T10:51:02.966Z,38.18
2026-08-04T10:56:02.445Z,38.41
2026-08-04T11:01:03.566Z,38.7
2026-08-04T11:06:00.472Z,38.87
2026-08-04T11:11:03.362Z,39.07
2026-08-04T11:16:02.462Z,38.98
2026-08-04T11:21:02.729Z,39.13
2026-08-04T11:26:02.544Z,39.19
2026-08-04T11:31:02.599Z,39.13
2026-08-04T11:36:02.423Z,39.13
2026-08-04T11:41:02.418Z,38.96
2026-08-04T11:46:02.592Z,39.16
2026-08-04T11:51:02.356Z,39.04
2026-08-04T11:56:02.645Z,38.93
2026-08-04T12:01:02.557Z,39.01
2026-08-04T12:06:03.634Z,38.98
2026-08-04T12:11:04.541Z,39.31
2026-08-04T12:16:02.506Z,39.5
2026-08-04T12:21:02.742Z,39.62
2026-08-04T12:26:23.594Z,39.62
2026-08-04T12:31:02.492Z,39.5
2026-08-04T12:36:02.757Z,39.65
2026-08-04T12:41:02.366Z,39.65
2026-08-04T12:46:02.638Z,39.65
2026-08-04T12:51:02.578Z,39.62
2026-08-04T12:56:05.019Z,39.88
2026-08-04T13:01:02.423Z,40.02
2026-08-04T13:06:02.737Z,39.79
2026-08-04T13:11:04.337Z,39.93
2026-08-04T13:16:02.31Z,40.25
2026-08-04T13:21:02.502Z,40.22
2026-08-04T13:26:00.444Z,40.34
2026-08-04T13:31:00.382Z,40.51
2026-08-04T13:36:02.509Z,40.54
2026-08-04T13:41:02.672Z,40.68
2026-08-04T13:46:02.58Z,40.8
2026-08-04T13:51:02.697Z,40.63
2026-08-04T13:56:02.813Z,40.37
2026-08-04T14:01:00.487Z,40.28
2026-08-04T14:06:02.359Z,40.05
2026-08-04T14:11:02.665Z,39.96
2026-08-04T14:16:02.583Z,39.76
2026-08-04T14:21:04.348Z,39.7
2026-08-04T14:26:02.399Z,39.82
2026-08-04T14:31:02.689Z,39.7
2026-08-04T14:36:02.653Z,39.88
2026-08-04T14:41:02.488Z,39.82
2026-08-04T14:46:02.356Z,39.91
2026-08-04T14:51:02.268Z,39.88
2026-08-04T14:56:03.117Z,39.62
2026-08-04T15:01:02.736Z,39.65
2026-08-04T15:06:02.605Z,39.65
2026-08-04T15:11:02.399Z,39.59
2026-08-04T15:16:02.372Z,39.62
2026-08-04T15:21:02.364Z,39.56
2026-08-04T15:26:03.795Z,39.68
2026-08-04T15:31:02.535Z,39.59
2026-08-04T15:36:02.571Z,39.45
2026-08-04T15:41:02.469Z,39.45
2026-08-04T15:46:02.274Z,39.47
2026-08-04T15:51:02.312Z,39.19
2026-08-04T15:56:02.327Z,39.27
2026-08-04T16:01:02.321Z,39.19
2026-08-04T16:06:02.505Z,39.04
2026-08-04T16:11:02.427Z,39.01
2026-08-04T16:16:02.249Z,38.98
2026-08-04T16:21:00.492Z,38.98
2026-08-04T16:26:02.508Z,38.98
2026-08-04T16:31:00.436Z,38.98
2026-08-04T16:36:02.737Z,38.98
2026-08-04T16:41:02.756Z,39.04
2026-08-04T16:46:00.443Z,38.96
2026-08-04T16:51:02.429Z,38.84
2026-08-04T16:56:02.412Z,38.93
2026-08-04T17:01:02.652Z,38.87
2026-08-04T17:06:03.002Z,38.82
2026-08-04T17:11:02.417Z,38.64
2026-08-04T17:16:04.517Z,38.58
2026-08-04T17:21:02.65Z,38.49
2026-08-04T17:26:02.505Z,38.52
2026-08-04T17:31:02.344Z,38.52
2026-08-04T17:36:02.872Z,38.47
2026-08-04T17:41:02.492Z,38.35
2026-08-04T17:46:02.423Z,38.18
2026-08-04T17:51:02.42Z,38.15
2026-08-04T17:56:02.395Z,38.12
2026-08-04T18:01:02.791Z,38.03
2026-08-04T18:06:03.771Z,38.01
2026-08-04T18:11:02.893Z,37.92
2026-08-04T18:16:02.643Z,37.89
2026-08-04T18:21:02.598Z,37.75
2026-08-04T18:26:02.394Z,37.63
2026-08-04T18:31:00.43Z,37.46
2026-08-04T18:36:02.663Z,37.2
2026-08-04T18:41:02.507Z,37.05
2026-08-04T18:46:02.337Z,36.91
2026-08-04T18:51:00.367Z,36.71
2026-08-04T18:56:02.569Z,36.51
2026-08-04T19:01:02.491Z,35.99
2026-08-04T19:06:02.722Z,35.22
2026-08-04T19:11:02.491Z,34.5
2026-08-04T19:16:02.451Z,33.89
2026-08-04T19:21:02.267Z,33.29
2026-08-04T19:26:02.734Z,32.71
2026-08-04T19:31:02.606Z,32.31
2026-08-04T19:36:02.385Z,31.96
2026-08-04T19:41:02.621Z,31.73
2026-08-04T19:46:02.456Z,31.5
2026-08-04T19:51:02.271Z,31.33
2026-08-04T19:56:02.645Z,31.24
2026-08-04T20:01:02.584Z,30.93
2026-08-04T20:06:02.662Z,30.84
2026-08-04T20:11:03.036Z,30.64
2026-08-04T20:16:02.579Z,30.64
2026-08-04T20:21:02.578Z,30.58
2026-08-04T20:26:00.424Z,30.47
2026-08-04T20:31:02.501Z,30.38
2026-08-04T20:36:02.514Z,30.29
2026-08-04T20:41:02.656Z,30.24
2026-08-04T20:46:02.654Z,30.06
2026-08-04T20:51:02.747Z,30.09
2026-08-04T20:56:02.608Z,30.04
2026-08-04T21:01:02.349Z,29.98
2026-08-04T21:06:03.124Z,29.89
2026-08-04T21:11:02.68Z,29.86
2026-08-04T21:16:02.467Z,29.86
2026-08-04T21:21:02.387Z,29.75
2026-08-04T21:26:02.413Z,29.72
2026-08-04T21:31:02.956Z,29.69
2026-08-04T21:36:02.599Z,29.69
2026-08-04T21:41:02.37Z,29.55
2026-08-04T21:46:02.491Z,29.49
2026-08-04T21:51:02.355Z,29.43
2026-08-04T21:56:02.786Z,29.4
2026-08-04T22:01:02.51Z,29.34
2026-08-04T22:06:02.839Z,29.26
2026-08-04T22:11:02.287Z,29.17
2026-08-04T22:16:02.624Z,29.17
2026-08-04T22:21:02.538Z,29.06
2026-08-04T22:26:02.258Z,29.06
2026-08-04T22:31:02.613Z,29.0
2026-08-04T22:36:02.374Z,28.94
2026-08-04T22:41:02.368Z,28.91
2026-08-04T22:46:00.39Z,28.88
2026-08-04T22:51:02.609Z,28.65
2026-08-04T22:56:04.514Z,28.68
2026-08-04T23:01:02.323Z,28.65
2026-08-04T23:06:01.547Z,28.71
2026-08-04T23:11:02.604Z,28.54
2026-08-04T23:16:02.737Z,28.48
2026-08-04T23:21:02.291Z,28.39
2026-08-04T23:26:02.584Z,28.31
2026-08-04T23:31:02.362Z,28.19
2026-08-04T23:36:02.651Z,28.42
2026-08-04T23:41:02.821Z,28.6
2026-08-04T23:46:02.323Z,28.62
2026-08-04T23:51:02.594Z,28.77
2026-08-04T23:56:02.387Z,28.85
2026-08-05T00:01:00.344Z,28.85
2026-08-05T00:06:02.484Z,28.85
2026-08-05T00:11:02.517Z,28.83
2026-08-05T00:16:02.503Z,28.85
2026-08-05T00:21:02.441Z,28.77
2026-08-05T00:26:02.659Z,28.8
2026-08-05T00:31:02.703Z,28.77
2026-08-05T00:36:02.634Z,28.68
2026-08-05T00:41:02.435Z,28.65
2026-08-05T00:46:02.671Z,28.65
2026-08-05T00:51:02.338Z,28.54
2026-08-05T00:56:02.55Z,28.39
2026-08-05T01:01:03.131Z,28.28
2026-08-05T01:06:02.275Z,27.97
2026-08-05T01:11:02.566Z,27.97
2026-08-05T01:16:03.962Z,27.93
2026-08-05T01:21:00.46Z,27.87
2026-08-05T01:26:02.532Z,27.82
2026-08-05T01:31:02.259Z,27.64
2026-08-05T01:36:02.569Z,27.64
2026-08-05T01:41:03.275Z,27.59
2026-08-05T01:46:00.36Z,27.59
2026-08-05T01:51:02.87Z,27.53
2026-08-05T01:56:02.249Z,27.67
2026-08-05T02:01:00.42Z,27.67
2026-08-05T02:06:04.321Z,27.71
2026-08-05T02:11:02.345Z,27.79
2026-08-05T02:16:02.232Z,27.82
2026-08-05T02:21:02.601Z,27.85
2026-08-05T02:26:02.577Z,27.79
2026-08-05T02:31:02.487Z,27.71
2026-08-05T02:36:02.508Z,27.73
2026-08-05T02:41:02.432Z,27.48
2026-08-05T02:46:00.432Z,27.41
2026-08-05T02:51:02.556Z,27.3
2026-08-05T02:56:02.923Z,27.22
2026-08-05T03:01:02.621Z,27.01
2026-08-05T03:06:02.872Z,26.99
2026-08-05T03:11:02.535Z,26.87
2026-08-05T03:16:02.545Z,26.76
2026-08-05T03:21:02.269Z,26.61
2026-08-05T03:26:02.56Z,26.58
2026-08-05T03:31:02.229Z,26.46
2026-08-05T03:36:02.572Z,26.41
2026-08-05T03:41:02.746Z,26.35
2026-08-05T03:46:02.532Z,26.44
2026-08-05T03:51:00.418Z,26.35
2026-08-05T03:56:02.3Z,26.32
2026-08-05T04:01:02.453Z,26.38
2026-08-05T04:06:08.913Z,26.46
2026-08-05T04:11:00.589Z,26.44
2026-08-05T04:16:02.588Z,26.35
2026-08-05T04:21:02.927Z,26.2
2026-08-05T04:26:03.319Z,26.35
2026-08-05T04:31:02.815Z,26.67
2026-08-05T04:36:02.455Z,26.95
2026-08-05T04:41:02.553Z,27.07
2026-08-05T04:46:02.32Z,27.13
2026-08-05T04:51:02.547Z,26.99
2026-08-05T04:56:02.498Z,26.92
2026-08-05T05:01:02.314Z,26.76
2026-08-05T05:06:00.357Z,26.76
2026-08-05T05:11:02.399Z,26.69
2026-08-05T05:16:01.42Z,26.52
2026-08-05T05:21:02.494Z,26.41
2026-08-05T05:26:02.928Z,26.38
2026-08-05T05:31:02.865Z,26.32
2026-08-05T05:36:02.648Z,26.32
2026-08-05T05:41:02.22Z,26.27
2026-08-05T05:46:02.465Z,26.32
2026-08-05T05:51:03.571Z,26.44
2026-08-05T05:56:02.795Z,26.38
2026-08-05T06:01:02.451Z,26.58
2026-08-05T06:06:03.149Z,26.81
2026-08-05T06:11:02.483Z,26.92
2026-08-05T06:16:02.494Z,27.13
2026-08-05T06:21:02.361Z,27.3
2026-08-05T06:26:03.563Z,27.33
2026-08-05T06:31:02.738Z,27.53
2026-08-05T06:36:02.269Z,27.59
2026-08-05T06:41:00.363Z,27.76
2026-08-05T06:46:02.501Z,27.87
2026-08-05T06:51:02.42Z,28.11
2026-08-05T06:56:02.356Z,28.25
2026-08-05T07:01:02.311Z,28.36
2026-08-05T07:06:02.497Z,28.62
2026-08-05T07:11:02.297Z,28.77
2026-08-05T07:16:02.574Z,29.14
2026-08-05T07:21:02.554Z,29.55
2026-08-05T07:26:02.337Z,29.86
2026-08-05T07:31:00.372Z,30.21
2026-08-05T07:36:02.543Z,30.38
2026-08-05T07:41:02.602Z,30.52
2026-08-05T07:46:02.225Z,30.75
2026-08-05T07:51:02.337Z,30.78
2026-08-05T07:56:02.733Z,31.19
2026-08-05T08:01:03.158Z,31.3
2026-08-05T08:06:02.263Z,31.39
2026-08-05T08:11:02.312Z,31.64
2026-08-05T08:16:02.545Z,31.62
2026-08-05T08:21:02.558Z,31.79
2026-08-05T08:26:02.587Z,31.91
2026-08-05T08:31:02.538Z,32.08
2026-08-05T08:36:02.43Z,32.22
2026-08-05T08:41:02.309Z,32.43
2026-08-05T08:46:02.715Z,32.31
2026-08-05T08:51:02.49Z,32.31
2026-08-05T08:56:03.402Z,32.28
2026-08-05T09:01:02.663Z,32.17
2026-08-05T09:06:02.473Z,32.45
2026-08-05T09:11:02.39Z,32.77
2026-08-05T09:16:02.583Z,33.0
2026-08-05T09:21:02.339Z,33.31
2026-08-05T09:26:00.472Z,33.26
2026-08-05T09:31:02.76Z,33.49
2026-08-05T09:36:03.383Z,33.75
2026-08-05T09:41:02.83Z,33.95
2026-08-05T09:46:03.48Z,34.03
2026-08-05T09:51:02.652Z,34.32
2026-08-05T09:56:04.314Z,34.44
2026-08-05T10:01:02.4Z,34.44
2026-08-05T10:06:02.802Z,34.47
2026-08-05T10:11:03.814Z,34.64
2026-08-05T10:16:03.751Z,34.75
2026-08-05T10:21:02.342Z,34.98
2026-08-05T10:26:00.39Z,35.24
2026-08-05T10:31:03.17Z,35.24
2026-08-05T10:36:02.861Z,35.22
2026-08-05T10:41:02.309Z,35.45
2026-08-05T10:46:02.405Z,35.39
2026-08-05T10:51:02.622Z,35.56
2026-08-05T10:56:02.529Z,35.7
2026-08-05T11:01:02.453Z,35.85
2026-08-05T11:06:03.117Z,35.68
2026-08-05T11:11:02.523Z,35.76
2026-08-05T11:16:02.429Z,35.94
2026-08-05T11:21:00.368Z,35.7
2026-08-05T11:26:02.599Z,35.59
2026-08-05T11:31:02.644Z,35.5
2026-08-05T11:36:02.764Z,35.56
2026-08-05T11:41:02.368Z,35.7
2026-08-05T11:46:02.44Z,35.79
2026-08-05T11:51:02.903Z,35.88
2026-08-05T11:56:02.448Z,35.94
2026-08-05T12:01:02.618Z,35.82
2026-08-05T12:06:02.625Z,35.88
2026-08-05T12:11:02.526Z,35.82
2026-08-05T12:16:02.435Z,35.94
2026-08-05T12:21:02.562Z,36.14
2026-08-05T12:26:02.872Z,36.37
2026-08-05T12:31:02.446Z,36.54
2026-08-05T12:36:02.319Z,36.28
2026-08-05T12:41:02.759Z,36.37
2026-08-05T12:46:02.527Z,36.34
2026-08-05T12:51:02.511Z,36.37
2026-08-05T12:56:01.068Z,36.19
2026-08-05T13:01:00.921Z,36.19
2026-08-05T13:06:02.591Z,36.48
2026-08-05T13:11:03.433Z,36.74
2026-08-05T13:16:03.511Z,36.54
2026-08-05T13:21:02.342Z,36.42
2026-08-05T13:26:02.692Z,36.22
2026-08-05T13:31:02.579Z,36.31
2026-08-05T13:36:02.425Z,36.48
2026-08-05T13:41:03.805Z,36.34
2026-08-05T13:46:02.694Z,36.48
2026-08-05T13:51:04.171Z,36.74
2026-08-05T13:56:02.594Z,36.68
2026-08-05T14:01:02.588Z,36.6
2026-08-05T14:06:04.407Z,36.31
2026-08-05T14:11:02.59Z,36.28
2026-08-05T14:16:02.339Z,36.54
2026-08-05T14:21:02.778Z,36.6
2026-08-05T14:26:02.707Z,36.63
2026-08-05T14:31:02.413Z,36.6
2026-08-05T14:36:02.763Z,36.54
2026-08-05T14:41:03.463Z,36.54
2026-08-05T14:46:02.526Z,36.8
2026-08-05T14:51:02.474Z,36.45
2026-08-05T14:56:03.548Z,36.68
2026-08-05T15:01:02.294Z,36.74
2026-08-05T15:06:02.602Z,36.48
2026-08-05T15:11:02.469Z,36.57
2026-08-05T15:16:02.655Z,36.54
2026-08-05T15:21:02.324Z,36.45
2026-08-05T15:26:02.505Z,36.57
2026-08-05T15:31:02.543Z,36.66
2026-08-05T15:36:00.372Z,36.31
2026-08-05T15:41:03.745Z,36.25
2026-08-05T15:46:02.586Z,36.22
2026-08-05T15:51:02.445Z,36.19
2026-08-05T15:56:02.332Z,36.4
2026-08-05T16:01:02.684Z,36.34
2026-08-05T16:06:04.371Z,36.25
2026-08-05T16:11:02.649Z,36.17
2026-08-05T16:16:02.532Z,36.17
2026-08-05T16:21:02.33Z,35.99
2026-08-05T16:26:02.487Z,36.05
2026-08-05T16:31:02.345Z,36.02
2026-08-05T16:36:00.412Z,36.05
2026-08-05T16:41:02.674Z,35.96
2026-08-05T16:46:03.528Z,35.65
2026-08-05T16:51:02.447Z,35.82
2026-08-05T16:56:03.217Z,35.96
2026-08-05T17:01:02.565Z,35.65
2026-08-05T17:06:02.518Z,35.59
2026-08-05T17:11:02.423Z,35.16
2026-08-05T17:16:00.408Z,35.13
2026-08-05T17:21:02.473Z,35.16
2026-08-05T17:26:02.263Z,34.87
2026-08-05T17:31:02.586Z,34.9
2026-08-05T17:36:03.17Z,34.47
2026-08-05T17:41:02.46Z,34.32
2026-08-05T17:46:02.356Z,34.24
2026-08-05T17:51:02.595Z,34.32
2026-08-05T17:56:02.377Z,34.06
2026-08-05T18:01:04.176Z,33.95
2026-08-05T18:06:02.479Z,33.83
2026-08-05T18:11:02.162Z,33.86
2026-08-05T18:16:03.174Z,33.54
2026-08-05T18:21:02.348Z,33.29
2026-08-05T18:26:00.412Z,33.0
2026-08-05T18:31:02.503Z,32.89
2026-08-05T18:36:02.471Z,32.74
2026-08-05T18:41:02.494Z,32.54
2026-08-05T18:46:00.422Z,32.25
2026-08-05T18:51:02.414Z,32.02
2026-08-05T18:56:02.3Z,31.94
2026-08-05T19:01:02.624Z,31.79
2026-08-05T19:06:02.527Z,31.76
2026-08-05T19:11:02.449Z,31.59
2026-08-05T19:16:02.597Z,31.56
2026-08-05T19:21:02.601Z,31.45
2026-08-05T19:26:03.965Z,31.27
2026-08-05T19:31:02.662Z,31.22
2026-08-05T19:36:02.541Z,31.13
2026-08-05T19:41:03.095Z,30.93
2026-08-05T19:46:02.588Z,30.87
2026-08-05T19:51:02.556Z,30.67
2026-08-05T19:56:02.478Z,30.58
2026-08-05T20:01:03.02Z,30.52
2026-08-05T20:06:02.773Z,30.44
2026-08-05T20:11:02.502Z,30.32
2026-08-05T20:16:02.513Z,30.29
2026-08-05T20:21:02.45Z,30.18
2026-08-05T20:26:02.368Z,30.01
2026-08-05T20:31:02.654Z,29.86
2026-08-05T20:36:02.447Z,29.83
2026-08-05T20:41:03.528Z,29.66
2026-08-05T20:46:02.456Z,29.66
2026-08-05T20:51:02.393Z,29.66
2026-08-05T20:56:02.671Z,29.49
2026-08-05T21:01:02.387Z,29.4
2026-08-05T21:06:02.284Z,29.34
2026-08-05T21:11:02.518Z,29.23
2026-08-05T21:16:02.579Z,29.2
2026-08-05T21:21:02.3Z,29.14
2026-08-05T21:26:02.521Z,29.11
2026-08-05T21:31:02.397Z,29.08
2026-08-05T21:36:02.757Z,29.03
2026-08-05T21:41:02.968Z,29.06
2026-08-05T21:46:02.223Z,29.0
2026-08-05T21:51:02.547Z,28.91
2026-08-05T21:56:02.43Z,29.0
2026-08-05T22:01:02.583Z,28.97
2026-08-05T22:06:02.471Z,28.91
2026-08-05T22:11:02.382Z,28.8
2026-08-05T22:16:02.67Z,28.77
2026-08-05T22:21:02.465Z,28.65
2026-08-05T22:26:02.513Z,28.68
2026-08-05T22:31:02.365Z,28.62
2026-08-05T22:36:00.502Z,28.6
2026-08-05T22:41:02.539Z,28.51
2026-08-05T22:46:02.776Z,28.45
2026-08-05T22:51:02.682Z,28.36
2026-08-05T22:56:02.887Z,28.42
2026-08-05T23:01:02.627Z,28.34
2026-08-05T23:06:02.455Z,28.28
2026-08-05T23:11:02.389Z,28.28
2026-08-05T23:16:02.74Z,28.19
2026-08-05T23:21:03.697Z,28.19
2026-08-05T23:26:00.458Z,28.16
2026-08-05T23:31:02.656Z,28.22
2026-08-05T23:36:02.792Z,28.13
2026-08-05T23:41:02.488Z,28.08
2026-08-05T23:46:02.702Z,28.05
2026-08-05T23:51:02.408Z,28.02
2026-08-05T23:56:00.445Z,27.9
2026-08-06T00:01:02.342Z,27.87
2026-08-06T00:06:00.494Z,27.87
2026-08-06T00:11:02.523Z,27.85
2026-08-06T00:16:02.704Z,27.76
2026-08-06T00:21:02.479Z,27.71
2026-08-06T00:26:02.955Z,27.62
2026-08-06T00:31:04.472Z,27.59
2026-08-06T00:36:02.501Z,27.53
2026-08-06T00:41:02.225Z,27.5
2026-08-06T00:46:02.773Z,27.44
2026-08-06T00:51:02.36Z,27.44
2026-08-06T00:56:02.51Z,27.36
2026-08-06T01:01:02.362Z,27.41
2026-08-06T01:06:02.403Z,27.3
2026-08-06T01:11:02.64Z,27.33
2026-08-06T01:16:02.408Z,27.3
2026-08-06T01:21:02.764Z,27.18
2026-08-06T01:26:02.402Z,27.24
2026-08-06T01:31:02.473Z,27.22
2026-08-06T01:36:02.291Z,27.22
2026-08-06T01:41:02.47Z,27.13
2026-08-06T01:46:00.42Z,27.24
2026-08-06T01:51:02.67Z,27.36
2026-08-06T01:56:03.851Z,27.36
2026-08-06T02:01:02.773Z,27.48
2026-08-06T02:06:02.258Z,27.62
2026-08-06T02:11:02.485Z,27.71
2026-08-06T02:16:02.721Z,27.64
2026-08-06T02:21:02.383Z,27.67
2026-08-06T02:26:02.739Z,27.67
2026-08-06T02:31:02.333Z,27.79
2026-08-06T02:36:02.654Z,27.71
2026-08-06T02:41:02.416Z,27.73
2026-08-06T02:46:00.477Z,27.73
2026-08-06T02:51:02.454Z,27.71
2026-08-06T02:56:02.733Z,27.67
2026-08-06T03:01:02.336Z,27.76
2026-08-06T03:06:02.561Z,27.73
2026-08-06T03:11:02.382Z,27.73
2026-08-06T03:16:02.611Z,27.67
2026-08-06T03:21:02.441Z,27.71
2026-08-06T03:26:02.594Z,27.59
2026-08-06T03:31:02.265Z,27.53
2026-08-06T03:36:02.279Z,27.48
2026-08-06T03:41:02.647Z,27.39
2026-08-06T03:46:02.395Z,27.24
2026-08-06T03:51:02.576Z,27.1
2026-08-06T03:56:02.404Z,26.99
2026-08-06T04:01:03.264Z,26.99
2026-08-06T04:06:03.134Z,26.9
2026-08-06T04:11:03.119Z,26.78
2026-08-06T04:16:01.081Z,26.69
2026-08-06T04:21:03.29Z,26.67
2026-08-06T04:26:03.053Z,26.67
2026-08-06T04:31:02.615Z,26.64
2026-08-06T04:36:02.964Z,26.58
2026-08-06T04:41:00.462Z,26.58
2026-08-06T04:46:02.847Z,26.67
2026-08-06T04:51:02.507Z,26.84
2026-08-06T04:56:02.687Z,26.87
2026-08-06T05:01:02.536Z,26.9
2026-08-06T05:06:03.591Z,26.9
2026-08-06T05:11:00.39Z,26.87
2026-08-06T05:16:02.455Z,26.92
2026-08-06T05:21:02.717Z,26.81
2026-08-06T05:26:02.551Z,26.87
2026-08-06T05:31:02.341Z,26.84
2026-08-06T05:36:02.804Z,26.78
2026-08-06T05:41:02.564Z,26.76
2026-08-06T05:46:00.745Z,26.87
2026-08-06T05:51:02.446Z,26.92
2026-08-06T05:56:02.511Z,27.01
2026-08-06T06:01:02.359Z,27.13
2026-08-06T06:06:02.765Z,27.18
2026-08-06T06:11:02.592Z,27.33
2026-08-06T06:16:02.488Z,27.48
2026-08-06T06:21:02.316Z,27.73
2026-08-06T06:26:02.619Z,27.79
2026-08-06T06:31:02.634Z,28.05
2026-08-06T06:36:02.318Z,28.16
2026-08-06T06:41:02.695Z,28.25
2026-08-06T06:46:02.656Z,28.39
2026-08-06T06:51:02.476Z,28.51
2026-08-06T06:56:02.945Z,28.65
2026-08-06T07:01:03.213Z,28.71
2026-08-06T07:06:02.596Z,28.83
2026-08-06T07:11:02.908Z,28.97
2026-08-06T07:16:02.772Z,29.0
2026-08-06T07:21:00.46Z,29.0
2026-08-06T07:26:02.883Z,28.88
2026-08-06T07:31:02.672Z,28.91
2026-08-06T07:36:02.503Z,28.97
2026-08-06T07:41:02.447Z,29.14
2026-08-06T07:46:04.306Z,29.26
2026-08-06T07:51:02.626Z,29.11
2026-08-06T07:56:02.532Z,29.23
2026-08-06T08:01:02.445Z,29.32
2026-08-06T08:06:02.272Z,29.17
2026-08-06T08:11:02.365Z,29.2
2026-08-06T08:16:02.6Z,29.37
2026-08-06T08:21:02.388Z,29.43
2026-08-06T08:26:02.266Z,29.66
2026-08-06T08:31:02.563Z,29.78
2026-08-06T08:36:02.298Z,29.89
2026-08-06T08:41:02.581Z,30.32
2026-08-06T08:46:02.379Z,30.96
2026-08-06T08:51:03.091Z,31.45
2026-08-06T08:56:02.317Z,31.73
2026-08-06T09:01:02.869Z,31.85
2026-08-06T09:06:02.474Z,32.05
2026-08-06T09:11:02.905Z,31.94
2026-08-06T09:16:02.567Z,32.25
2026-08-06T09:21:02.196Z,32.51
2026-08-06T09:26:02.66Z,32.59
2026-08-06T09:31:02.434Z,32.54
2026-08-06T09:36:04.449Z,32.66
2026-08-06T09:41:00.407Z,32.59
2026-08-06T09:46:03.538Z,32.66
2026-08-06T09:51:03.362Z,32.62
2026-08-06T09:56:02.71Z,32.66
2026-08-06T10:01:03.184Z,33.03
2026-08-06T10:06:02.324Z,33.06
2026-08-06T10:11:03.139Z,33.37
2026-08-06T10:16:02.513Z,33.6
2026-08-06T10:21:02.567Z,33.63
2026-08-06T10:26:04.211Z,33.72
2026-08-06T10:31:03.101Z,33.83
2026-08-06T10:36:03.314Z,33.8
2026-08-06T10:41:02.019Z,33.92
2026-08-06T10:46:05.425Z,34.18
2026-08-06T10:51:03.779Z,34.47
2026-08-06T10:56:02.406Z,34.84
2026-08-06T11:01:02.297Z,34.81
2026-08-06T11:06:02.696Z,35.04
2026-08-06T11:11:02.523Z,34.73
2026-08-06T11:16:02.331Z,34.98
2026-08-06T11:21:02.664Z,35.13
2026-08-06T11:26:02.526Z,35.22
2026-08-06T11:31:02.621Z,35.27
2026-08-06T11:36:02.488Z,35.65
2026-08-06T11:41:02.616Z,35.65
2026-08-06T11:46:02.386Z,35.36
2026-08-06T11:51:02.352Z,35.27
2026-08-06T11:56:00.45Z,35.16
2026-08-06T12:01:02.507Z,35.22
2026-08-06T12:06:02.411Z,35.24
2026-08-06T12:11:02.651Z,35.3
2026-08-06T12:16:02.624Z,35.36
2026-08-06T12:21:02.505Z,35.42
2026-08-06T12:26:02.362Z,35.59
2026-08-06T12:31:02.534Z,35.88
2026-08-06T12:36:05.464Z,35.53
2026-08-06T12:41:02.467Z,35.53
2026-08-06T12:46:02.677Z,35.59
2026-08-06T12:51:02.275Z,35.73
2026-08-06T12:56:03.288Z,35.73
2026-08-06T13:01:02.642Z,35.65
2026-08-06T13:06:02.517Z,35.91
2026-08-06T13:11:02.301Z,35.76
2026-08-06T13:16:02.557Z,35.79
2026-08-06T13:21:02.418Z,35.94
2026-08-06T13:26:03.428Z,36.19
2026-08-06T13:31:02.577Z,36.28
2026-08-06T13:36:02.427Z,36.19
2026-08-06T13:41:02.259Z,36.25
2026-08-06T13:46:00.433Z,36.28
2026-08-06T13:51:02.454Z,36.42
2026-08-06T13:56:02.396Z,36.4
2026-08-06T14:01:02.284Z,36.6
2026-08-06T14:06:02.57Z,36.37
2026-08-06T14:11:02.282Z,36.45
2026-08-06T14:16:02.504Z,36.68
2026-08-06T14:21:04.487Z,36.6
2026-08-06T14:26:02.618Z,36.89
2026-08-06T14:31:02.598Z,36.86
2026-08-06T14:36:02.26Z,36.83
2026-08-06T14:41:04.851Z,36.74
2026-08-06T14:46:00.408Z,36.68
2026-08-06T14:51:02.479Z,36.83
2026-08-06T14:56:02.255Z,36.86
2026-08-06T15:01:02.531Z,36.74
2026-08-06T15:06:02.399Z,36.83
2026-08-06T15:11:05.012Z,36.57
2026-08-06T15:16:02.691Z,36.66
2026-08-06T15:21:02.427Z,36.68
2026-08-06T15:26:02.257Z,36.48
2026-08-06T15:31:02.749Z,36.34
2026-08-06T15:36:02.541Z,36.57
2026-08-06T15:41:02.616Z,36.6
2026-08-06T15:46:03.514Z,36.91
2026-08-06T15:51:02.622Z,36.91
2026-08-06T15:56:02.341Z,36.8
2026-08-06T16:01:00.425Z,36.74
2026-08-06T16:06:02.58Z,36.57
2026-08-06T16:11:02.405Z,36.6
2026-08-06T16:16:02.428Z,36.66
2026-08-06T16:21:02.667Z,36.42
2026-08-06T16:26:02.522Z,36.22
2026-08-06T16:31:02.475Z,36.42
2026-08-06T16:36:01.422Z,36.22
2026-08-06T16:41:02.631Z,36.11
2026-08-06T16:46:02.602Z,35.82
2026-08-06T16:51:02.443Z,35.79
2026-08-06T16:56:02.669Z,35.94
2026-08-06T17:01:02.514Z,35.47
2026-08-06T17:06:02.867Z,35.27
2026-08-06T17:11:02.585Z,35.19
2026-08-06T17:16:02.542Z,35.3
2026-08-06T17:21:04.766Z,35.07
2026-08-06T17:26:04.645Z,34.98
2026-08-06T17:31:00.489Z,34.93
2026-08-06T17:36:02.527Z,34.93
2026-08-06T17:41:02.434Z,34.81
2026-08-06T17:46:00.441Z,34.61
2026-08-06T17:51:02.444Z,34.38
2026-08-06T17:56:02.331Z,34.06
2026-08-06T18:01:02.66Z,33.54
2026-08-06T18:06:02.719Z,33.31
2026-08-06T18:11:02.842Z,33.03
2026-08-06T18:16:03.147Z,32.85
2026-08-06T18:21:03.022Z,32.82
2026-08-06T18:26:02.343Z,32.74
2026-08-06T18:31:03.013Z,32.68
2026-08-06T18:36:02.494Z,32.62
2026-08-06T18:41:02.567Z,32.54
2026-08-06T18:46:02.275Z,32.43
2026-08-06T18:51:04.162Z,32.31
2026-08-06T18:56:02.564Z,32.13
2026-08-06T19:01:02.601Z,32.13
2026-08-06T19:06:02.499Z,31.96
2026-08-06T19:11:02.54Z,31.76
2026-08-06T19:16:00.736Z,31.71
2026-08-06T19:21:02.662Z,31.53
2026-08-06T19:26:02.552Z,31.39
2026-08-06T19:31:02.822Z,31.24
2026-08-06T19:36:03.367Z,31.04
2026-08-06T19:41:02.469Z,30.99
2026-08-06T19:46:02.489Z,30.99
2026-08-06T19:51:00.384Z,30.75
2026-08-06T19:56:02.483Z,30.84
2026-08-06T20:01:06.727Z,30.78
2026-08-06T20:06:00.434Z,30.67
2026-08-06T20:11:02.511Z,30.61
2026-08-06T20:16:02.54Z,30.44
2026-08-06T20:21:00.365Z,30.44
2026-08-06T20:26:02.553Z,30.29
2026-08-06T20:31:02.663Z,30.29
2026-08-06T20:36:02.454Z,30.18
2026-08-06T20:41:00.532Z,30.04
2026-08-06T20:46:02.703Z,30.04
2026-08-06T20:51:04.34Z,29.83
2026-08-06T20:56:02.653Z,29.86
2026-08-06T21:01:03.234Z,29.78
2026-08-06T21:06:02.599Z,29.69
2026-08-06T21:11:02.383Z,29.57
2026-08-06T21:16:02.771Z,29.49
2026-08-06T21:21:02.612Z,29.4
2026-08-06T21:26:02.28Z,29.26
2026-08-06T21:31:02.728Z,29.14
2026-08-06T21:36:03.045Z,29.03
2026-08-06T21:41:02.686Z,29.06
2026-08-06T21:46:02.479Z,29.06
2026-08-06T21:51:02.766Z,28.91
2026-08-06T21:56:02.436Z,28.88
2026-08-06T22:01:00.441Z,28.88
2026-08-06T22:06:02.511Z,28.74
2026-08-06T22:11:02.283Z,28.74
2026-08-06T22:16:02.757Z,28.65
2026-08-06T22:21:02.657Z,28.54
2026-08-06T22:26:04.461Z,28.51
2026-08-06T22:31:02.488Z,28.48
2026-08-06T22:36:02.243Z,28.36
2026-08-06T22:41:02.452Z,28.36
2026-08-06T22:46:01.675Z,28.28
2026-08-06T22:51:05.716Z,28.28
2026-08-06T22:56:02.467Z,28.16
2026-08-06T23:01:02.427Z,28.13
2026-08-06T23:06:03.692Z,28.08
2026-08-06T23:11:02.901Z,28.02
2026-08-06T23:16:02.639Z,27.99
2026-08-06T23:21:02.643Z,27.97
2026-08-06T23:26:02.553Z,27.9
2026-08-06T23:31:02.554Z,27.93
2026-08-06T23:36:02.929Z,27.87
2026-08-06T23:41:03.13Z,27.85
2026-08-06T23:46:02.341Z,27.71
2026-08-06T23:51:02.609Z,27.71
2026-08-06T23:56:03.071Z,27.73
2026-08-07T00:01:02.388Z,27.67
2026-08-07T00:06:02.659Z,27.59
2026-08-07T00:11:04.609Z,27.53
2026-08-07T00:16:02.59Z,27.48
2026-08-07T00:21:03.148Z,27.53
2026-08-07T00:26:02.848Z,27.39
2026-08-07T00:31:03.557Z,27.41
2026-08-07T00:36:02.778Z,27.41
2026-08-07T00:41:02.299Z,27.39
2026-08-07T00:46:02.639Z,27.36
2026-08-07T00:51:02.412Z,27.33
2026-08-07T00:56:00.33Z,27.22
2026-08-07T01:01:02.464Z,27.18
2026-08-07T01:06:02.683Z,27.1
2026-08-07T01:11:02.836Z,27.07
2026-08-07T01:16:02.485Z,27.04
2026-08-07T01:21:02.595Z,27.07
2026-08-07T01:26:02.822Z,26.99
2026-08-07T01:31:02.739Z,27.01
2026-08-07T01:36:02.956Z,26.95
2026-08-07T01:41:02.42Z,26.92
2026-08-07T01:46:02.641Z,26.95
2026-08-07T01:51:02.465Z,26.92
2026-08-07T01:56:02.68Z,26.92
2026-08-07T02:01:02.337Z,26.9
2026-08-07T02:06:02.503Z,26.92
2026-08-07T02:11:02.407Z,27.01
2026-08-07T02:16:02.596Z,27.01
2026-08-07T02:21:02.448Z,26.92
2026-08-07T02:26:02.694Z,26.95
2026-08-07T02:31:02.283Z,26.92
2026-08-07T02:36:04.7Z,26.84
2026-08-07T02:41:02.353Z,26.81
2026-08-07T02:46:02.618Z,26.78
2026-08-07T02:51:03.658Z,26.78
2026-08-07T02:56:02.948Z,26.76
2026-08-07T03:01:02.651Z,26.67
2026-08-07T03:06:02.644Z,26.73
2026-08-07T03:11:02.383Z,26.67
2026-08-07T03:16:02.706Z,26.67
2026-08-07T03:21:02.32Z,26.58
2026-08-07T03:26:00.328Z,26.55
2026-08-07T03:31:02.39Z,26.52
2026-08-07T03:36:03.165Z,26.41
2026-08-07T03:41:02.706Z,26.46
2026-08-07T03:46:02.653Z,26.58
2026-08-07T03:51:04.683Z,26.58
2026-08-07T03:56:00.454Z,26.58
2026-08-07T04:01:01.57Z,26.61
2026-08-07T04:06:02.512Z,26.44
2026-08-07T04:11:02.675Z,26.41
2026-08-07T04:16:02.42Z,26.46
2026-08-07T04:21:02.255Z,26.41
2026-08-07T04:26:02.613Z,26.38
2026-08-07T04:31:02.508Z,26.44
2026-08-07T04:36:02.562Z,26.35
2026-08-07T04:41:02.52Z,26.44
2026-08-07T04:46:02.459Z,26.41
2026-08-07T04:51:02.678Z,26.44
2026-08-07T04:56:02.377Z,26.35
2026-08-07T05:01:00.342Z,26.35
2026-08-07T05:06:02.86Z,26.27
2026-08-07T05:11:02.771Z,26.2
2026-08-07T05:16:02.394Z,26.12
2026-08-07T05:21:02.292Z,26.04
2026-08-07T05:26:02.712Z,26.01
2026-08-07T05:31:02.508Z,26.09
2026-08-07T05:36:03.514Z,26.24
2026-08-07T05:41:03.137Z,26.32
2026-08-07T05:46:02.533Z,26.27
2026-08-07T05:51:02.681Z,26.27
2026-08-07T05:56:02.495Z,26.32
2026-08-07T06:01:02.323Z,26.38
2026-08-07T06:06:02.732Z,26.41
2026-08-07T06:11:02.506Z,26.46
2026-08-07T06:16:02.68Z,26.64
2026-08-07T06:21:02.433Z,26.69
2026-08-07T06:26:02.29Z,26.81
2026-08-07T06:31:03.991Z,26.95
2026-08-07T06:36:03.104Z,26.95
2026-08-07T06:41:02.528Z,27.04
2026-08-07T06:46:02.276Z,27.18
2026-08-07T06:51:02.722Z,27.33
2026-08-07T06:56:02.701Z,27.41
2026-08-07T07:01:04.893Z,27.48
2026-08-07T07:06:02.529Z,27.71
2026-08-07T07:11:03.241Z,27.76
2026-08-07T07:16:03.55Z,27.93
2026-08-07T07:21:02.683Z,28.11
2026-08-07T07:26:02.592Z,28.22
2026-08-07T07:31:02.369Z,28.39
2026-08-07T07:36:02.77Z,28.45
2026-08-07T07:41:02.665Z,28.71
2026-08-07T07:46:02.563Z,28.85
2026-08-07T07:51:02.504Z,29.03
2026-08-07T07:56:02.465Z,29.2
2026-08-07T08:01:02.359Z,29.4
2026-08-07T08:06:03.305Z,29.63
2026-08-07T08:11:02.42Z,29.83
2026-08-07T08:16:03.145Z,30.09
2026-08-07T08:21:02.735Z,30.44
2026-08-07T08:26:02.469Z,30.73
2026-08-07T08:31:02.875Z,30.75
2026-08-07T08:36:00.439Z,30.96
2026-08-07T08:41:00.392Z,31.19
2026-08-07T08:46:03.056Z,31.24
2026-08-07T08:51:02.324Z,31.36
2026-08-07T08:56:00.929Z,31.47
2026-08-07T09:01:02.463Z,31.42
2026-08-07T09:06:02.706Z,31.53
2026-08-07T09:11:03.733Z,31.79
2026-08-07T09:16:02.482Z,32.02
2026-08-07T09:21:02.909Z,32.62
2026-08-07T09:26:02.331Z,32.97
2026-08-07T09:31:02.642Z,33.2
2026-08-07T09:36:03.117Z,33.26
2026-08-07T09:41:02.389Z,33.29
2026-08-07T09:46:03.091Z,33.52
2026-08-07T09:51:02.529Z,33.89
2026-08-07T09:56:02.509Z,34.09
2026-08-07T10:01:02.412Z,34.01
2026-08-07T10:06:03.285Z,34.35
2026-08-07T10:11:02.59Z,34.73
2026-08-07T10:16:02.626Z,34.67
2026-08-07T10:21:02.28Z,34.84
2026-08-07T10:26:02.562Z,35.07
2026-08-07T10:31:02.336Z,35.33
2026-08-07T10:36:02.869Z,35.42
2026-08-07T10:41:02.839Z,35.42
2026-08-07T10:46:02.7Z,35.3
2026-08-07T10:51:02.495Z,35.65
2026-08-07T10:56:02.52Z,35.79
2026-08-07T11:01:03.432Z,35.91
2026-08-07T11:06:02.311Z,35.94
2026-08-07T11:11:00.384Z,36.14
2026-08-07T11:16:02.621Z,36.08
2026-08-07T11:21:02.599Z,36.25
2026-08-07T11:26:02.489Z,36.25
2026-08-07T11:31:02.336Z,36.19
2026-08-07T11:36:06.426Z,36.4
2026-08-07T11:41:02.305Z,36.45
2026-08-07T11:46:03.08Z,36.8
2026-08-07T11:51:02.941Z,36.89
2026-08-07T11:56:07.16Z,37.26
2026-08-07T12:01:04.016Z,37.26
2026-08-07T12:06:02.742Z,37.31
2026-08-07T12:11:02.525Z,37.43
2026-08-07T12:16:03.698Z,37.54
2026-08-07T12:21:02.847Z,37.63
2026-08-07T12:26:02.559Z,37.66
2026-08-07T12:31:00.416Z,37.72
2026-08-07T12:36:07.428Z,37.77
2026-08-07T12:41:00.366Z,37.75
2026-08-07T12:46:19.875Z,38.12
2026-08-07T12:51:02.485Z,38.35
2026-08-07T12:56:02.659Z,38.35
2026-08-07T13:01:03.029Z,38.24
2026-08-07T13:06:02.455Z,38.49
2026-08-07T13:11:02.515Z,38.44
2026-08-07T13:16:02.913Z,38.7
2026-08-07T13:21:28.895Z,38.9
2026-08-07T13:26:02.667Z,38.98
2026-08-07T13:31:02.585Z,38.87
2026-08-07T13:36:02.637Z,38.78
2026-08-07T13:41:02.339Z,38.73
2026-08-07T13:46:02.694Z,38.78
2026-08-07T13:51:04.171Z,38.84
2026-08-07T13:56:02.919Z,38.87
2026-08-07T14:01:02.691Z,38.73
2026-08-07T14:06:02.554Z,38.84
2026-08-07T14:11:03.19Z,38.73
2026-08-07T14:16:03.383Z,38.75
2026-08-07T14:21:02.731Z,38.75
2026-08-07T14:26:02.607Z,38.78
2026-08-07T14:31:02.925Z,38.73
2026-08-07T14:36:02.338Z,38.87
2026-08-07T14:41:00.467Z,38.58
2026-08-07T14:46:02.634Z,38.49
2026-08-07T14:51:00.536Z,38.7
2026-08-07T14:56:02.44Z,38.56
2026-08-07T15:01:02.704Z,38.58
2026-08-07T15:06:04.5Z,38.73
2026-08-07T15:11:02.631Z,38.64
2026-08-07T15:16:02.848Z,38.64
2026-08-07T15:21:02.673Z,38.56
2026-08-07T15:26:04.852Z,38.44
2026-08-07T15:31:04.617Z,38.58
2026-08-07T15:36:02.761Z,38.67
2026-08-07T15:41:02.588Z,38.56
2026-08-07T15:46:03.023Z,38.24
2026-08-07T15:51:02.288Z,38.29
2026-08-07T15:56:02.443Z,38.21
2026-08-07T16:01:00.385Z,38.18
2026-08-07T16:06:02.99Z,38.24
2026-08-07T16:11:02.457Z,38.12
2026-08-07T16:16:02.457Z,38.01
2026-08-07T16:21:04.793Z,37.92
2026-08-07T16:26:02.67Z,37.84
2026-08-07T16:31:02.615Z,37.54
2026-08-07T16:36:02.653Z,37.43
2026-08-07T16:41:02.583Z,37.4
2026-08-07T16:46:02.491Z,37.26
2026-08-07T16:51:02.323Z,37.05
2026-08-07T16:56:03.354Z,36.74
2026-08-07T17:01:00.349Z,36.42
2026-08-07T17:06:00.37Z,36.14
2026-08-07T17:11:02.69Z,35.79
2026-08-07T17:16:02.3Z,35.59
2026-08-07T17:21:02.691Z,35.53
2026-08-07T17:26:02.682Z,35.5
2026-08-07T17:31:04.506Z,35.56
2026-08-07T17:36:00.587Z,35.47
2026-08-07T17:41:02.792Z,35.47
2026-08-07T17:46:02.351Z,35.42
2026-08-07T17:51:02.331Z,35.27
2026-08-07T17:56:02.637Z,35.24
2026-08-07T18:01:02.489Z,35.04
2026-08-07T18:06:02.677Z,35.01
2026-08-07T18:11:02.482Z,34.9
2026-08-07T18:16:02.266Z,34.9
2026-08-07T18:21:00.565Z,34.87
2026-08-07T18:26:02.591Z,34.84
2026-08-07T18:31:02.806Z,34.87
2026-08-07T18:36:02.34Z,34.9
2026-08-07T18:41:03.663Z,34.7
2026-08-07T18:46:02.939Z,34.32
2026-08-07T18:51:02.49Z,34.03
2026-08-07T18:56:02.351Z,33.86
2026-08-07T19:01:02.542Z,33.63
2026-08-07T19:06:00.354Z,33.37
2026-08-07T19:11:02.549Z,33.26
2026-08-07T19:16:02.482Z,33.06
2026-08-07T19:21:02.415Z,32.89
2026-08-07T19:26:02.671Z,32.74
2026-08-07T19:31:02.663Z,32.74
2026-08-07T19:36:00.42Z,32.71
2026-08-07T19:41:02.561Z,32.48
2026-08-07T19:46:02.4Z,32.43
2026-08-07T19:51:00.423Z,32.25
2026-08-07T19:56:02.897Z,32.11
2026-08-07T20:01:02.854Z,31.94
2026-08-07T20:06:02.438Z,31.73
2026-08-07T20:11:02.294Z,31.71
2026-08-07T20:16:02.663Z,31.62
2026-08-07T20:21:02.643Z,31.5
2026-08-07T20:26:02.64Z,31.42
2026-08-07T20:31:02.799Z,31.36
2026-08-07T20:36:02.905Z,31.3
2026-08-07T20:41:00.324Z,31.19
2026-08-07T20:46:02.53Z,31.16
2026-08-07T20:51:02.39Z,30.99
2026-08-07T20:56:02.389Z,30.9
2026-08-07T21:01:00.487Z,30.9
2026-08-07T21:06:02.651Z,30.84
2026-08-07T21:11:02.408Z,30.73
2026-08-07T21:16:02.879Z,30.52
2026-08-07T21:21:02.848Z,30.41
2026-08-07T21:26:02.647Z,30.32
2026-08-07T21:31:02.703Z,30.18
2026-08-07T21:36:02.371Z,30.09
2026-08-07T21:41:02.755Z,29.89
2026-08-07T21:46:02.514Z,29.83
2026-08-07T21:51:02.373Z,29.63
2026-08-07T21:56:02.687Z,29.6
2026-08-07T22:01:02.78Z,29.57
2026-08-07T22:06:03.482Z,29.6
2026-08-07T22:11:02.494Z,29.52
2026-08-07T22:16:02.768Z,29.49
2026-08-07T22:21:02.472Z,29.34
2026-08-07T22:26:02.909Z,29.37
2026-08-07T22:31:02.907Z,29.26
2026-08-07T22:36:03.808Z,29.32
2026-08-07T22:41:02.289Z,29.29
2026-08-07T22:46:02.719Z,29.26
2026-08-07T22:51:03.229Z,29.14
2026-08-07T22:56:02.732Z,29.2
2026-08-07T23:01:02.507Z,29.08
2026-08-07T23:06:02.408Z,29.08
2026-08-07T23:11:02.725Z,29.0
2026-08-07T23:16:02.531Z,28.85
2026-08-07T23:21:02.373Z,28.91
2026-08-07T23:26:03.006Z,28.88
2026-08-07T23:31:02.702Z,28.88
2026-08-07T23:36:02.408Z,28.71
2026-08-07T23:41:00.358Z,28.6
2026-08-07T23:46:02.611Z,28.51
2026-08-07T23:51:02.639Z,28.39
2026-08-07T23:56:02.433Z,28.34
2026-08-08T00:01:02.481Z,28.25
2026-08-08T00:06:00.553Z,28.19
2026-08-08T00:11:02.654Z,28.05
2026-08-08T00:16:03.07Z,27.93
2026-08-08T00:21:02.455Z,27.79
2026-08-08T00:26:02.56Z,27.71
2026-08-08T00:31:03.255Z,27.59
2026-08-08T00:36:02.283Z,27.53
2026-08-08T00:41:02.439Z,27.48
2026-08-08T00:46:02.384Z,27.48
2026-08-08T00:51:02.251Z,27.53
2026-08-08T00:56:02.471Z,27.36
2026-08-08T01:01:04.469Z,27.36
2026-08-08T01:06:02.636Z,27.3
2026-08-08T01:11:02.422Z,27.3
2026-08-08T01:16:02.58Z,27.18
2026-08-08T01:21:02.477Z,27.16
2026-08-08T01:26:00.422Z,27.04
2026-08-08T01:31:03.188Z,26.92
2026-08-08T01:36:02.419Z,26.84
2026-08-08T01:41:02.569Z,26.69
2026-08-08T01:46:02.146Z,26.76
2026-08-08T01:51:02.493Z,26.61
2026-08-08T01:56:00.489Z,26.58
2026-08-08T02:01:02.474Z,26.52
2026-08-08T02:06:02.438Z,26.46
2026-08-08T02:11:02.378Z,26.41
2026-08-08T02:16:02.512Z,26.44
2026-08-08T02:21:02.527Z,26.44
2026-08-08T02:26:03.052Z,26.38
2026-08-08T02:31:02.498Z,26.32
2026-08-08T02:36:00.418Z,26.38
2026-08-08T02:41:02.388Z,26.5
2026-08-08T02:46:02.968Z,26.52
2026-08-08T02:51:04.679Z,26.5
2026-08-08T02:56:02.568Z,26.52
2026-08-08T03:01:02.322Z,26.46
2026-08-08T03:06:02.587Z,26.35
2026-08-08T03:11:02.329Z,26.29
2026-08-08T03:16:00.367Z,26.24
2026-08-08T03:21:02.439Z,26.24
2026-08-08T03:26:02.83Z,26.35
2026-08-08T03:31:02.623Z,26.41
2026-08-08T03:36:02.43Z,26.41
2026-08-08T03:41:02.67Z,26.46
2026-08-08T03:46:02.691Z,26.41
2026-08-08T03:51:02.583Z,26.35
2026-08-08T03:56:02.354Z,26.32
2026-08-08T04:01:02.652Z,26.2
2026-08-08T04:06:02.384Z,26.12
2026-08-08T04:11:02.321Z,26.04
2026-08-08T04:16:02.756Z,26.01
2026-08-08T04:21:02.529Z,25.89
2026-08-08T04:26:02.654Z,25.89
2026-08-08T04:31:02.478Z,25.83
2026-08-08T04:36:03.16Z,25.75
2026-08-08T04:41:02.348Z,25.66
2026-08-08T04:46:02.545Z,25.63
2026-08-08T04:51:02.288Z,25.49
2026-08-08T04:56:02.716Z,25.49
2026-08-08T05:01:02.68Z,25.55
2026-08-08T05:06:02.476Z,25.52
2026-08-08T05:11:02.685Z,25.52
2026-08-08T05:16:02.431Z,25.55
2026-08-08T05:21:02.607Z,25.49
2026-08-08T05:26:02.603Z,25.63
2026-08-08T05:31:02.667Z,25.43
2026-08-08T05:36:02.493Z,25.23
2026-08-08T05:41:04.202Z,25.29
2026-08-08T05:46:02.618Z,25.49
2026-08-08T05:51:02.63Z,25.57
2026-08-08T05:56:00.372Z,25.66
2026-08-08T06:01:02.337Z,25.6
2026-08-08T06:06:00.648Z,25.63
2026-08-08T06:11:00.346Z,25.69
2026-08-08T06:16:02.461Z,25.69
2026-08-08T06:21:02.367Z,25.69
2026-08-08T06:26:02.278Z,25.78
2026-08-08T06:31:02.258Z,25.86
2026-08-08T06:36:00.432Z,25.92
2026-08-08T06:41:00.405Z,26.09
2026-08-08T06:46:02.674Z,26.27
2026-08-08T06:51:02.35Z,26.46
2026-08-08T06:56:00.499Z,26.69
2026-08-08T07:01:02.544Z,26.92
2026-08-08T07:06:02.439Z,27.01
2026-08-08T07:11:02.339Z,27.36
2026-08-08T07:16:02.766Z,27.59
2026-08-08T07:21:02.426Z,27.9
2026-08-08T07:26:00.377Z,28.13
2026-08-08T07:31:02.637Z,28.31
2026-08-08T07:36:02.563Z,28.54
2026-08-08T07:41:02.391Z,28.65
2026-08-08T07:46:04.311Z,28.94
2026-08-08T07:51:02.639Z,29.03
2026-08-08T07:56:03.283Z,29.0
2026-08-08T08:01:02.492Z,29.14
2026-08-08T08:06:02.67Z,29.32
2026-08-08T08:11:03.059Z,29.57
2026-08-08T08:16:02.677Z,29.98
2026-08-08T08:21:02.375Z,30.24
2026-08-08T08:26:02.94Z,30.44
2026-08-08T08:31:02.487Z,30.58
2026-08-08T08:36:02.412Z,30.52
2026-08-08T08:41:02.274Z,30.87
2026-08-08T08:46:02.743Z,31.27
2026-08-08T08:51:02.647Z,31.53
2026-08-08T08:56:02.379Z,31.79
2026-08-08T09:01:02.424Z,32.28
2026-08-08T09:06:03.827Z,32.48
2026-08-08T09:11:02.614Z,32.74
2026-08-08T09:16:02.671Z,33.11
2026-08-08T09:21:02.5Z,33.4
2026-08-08T09:26:03.05Z,33.49
2026-08-08T09:31:02.853Z,33.72
2026-08-08T09:36:02.243Z,34.12
2026-08-08T09:41:02.728Z,34.44
2026-08-08T09:46:02.48Z,34.58
2026-08-08T09:51:06.133Z,35.1
2026-08-08T09:56:02.742Z,35.27
2026-08-08T10:01:02.539Z,35.56
2026-08-08T10:06:02.755Z,35.42
2026-08-08T10:11:02.377Z,35.59
2026-08-08T10:16:02.253Z,35.85
2026-08-08T10:21:02.632Z,35.94
2026-08-08T10:26:02.476Z,36.08
2026-08-08T10:31:02.506Z,36.19
2026-08-08T10:36:00.369Z,36.25
2026-08-08T10:41:03.274Z,36.34
2026-08-08T10:46:02.541Z,36.6
2026-08-08T10:51:02.725Z,36.57
2026-08-08T10:56:03.227Z,36.74
2026-08-08T11:01:02.582Z,36.89
2026-08-08T11:06:03.013Z,37.12
2026-08-08T11:11:00.446Z,37.31
2026-08-08T11:16:02.456Z,37.52
2026-08-08T11:21:02.72Z,37.54
2026-08-08T11:26:02.571Z,37.84
2026-08-08T11:31:02.567Z,38.07
2026-08-08T11:36:02.546Z,38.29
2026-08-08T11:41:03.22Z,38.33
2026-08-08T11:46:02.619Z,38.44
2026-08-08T11:51:02.523Z,38.75
2026-08-08T11:56:02.355Z,38.9
2026-08-08T12:01:03.053Z,38.9
2026-08-08T12:06:00.328Z,38.98
2026-08-08T12:11:00.325Z,39.13
2026-08-08T12:16:02.551Z,39.16
2026-08-08T12:21:02.338Z,39.31
2026-08-08T12:26:05.156Z,39.53
2026-08-08T12:31:03.495Z,39.56
2026-08-08T12:36:02.312Z,39.68
2026-08-08T12:41:02.648Z,39.7
2026-08-08T12:46:02.335Z,39.88
2026-08-08T12:51:01.219Z,39.7
2026-08-08T12:56:02.569Z,39.65
2026-08-08T13:01:02.664Z,39.88
2026-08-08T13:06:02.98Z,39.93
2026-08-08T13:11:02.614Z,40.05
2026-08-08T13:16:02.524Z,40.02
2026-08-08T13:21:02.972Z,39.85
2026-08-08T13:26:02.308Z,40.05
2026-08-08T13:31:00.311Z,40.28
2026-08-08T13:36:02.604Z,40.57
2026-08-08T13:41:02.689Z,40.63
2026-08-08T13:46:02.529Z,40.65
2026-08-08T13:51:02.529Z,40.65
2026-08-08T13:56:02.321Z,40.45
2026-08-08T14:01:02.427Z,40.63
2026-08-08T14:06:02.565Z,40.6
2026-08-08T14:11:02.666Z,40.48
2026-08-08T14:16:02.682Z,40.57
2026-08-08T14:21:02.78Z,40.25
2026-08-08T14:26:02.962Z,40.25
2026-08-08T14:31:02.623Z,40.28
2026-08-08T14:36:02.522Z,40.14
2026-08-08T14:41:02.31Z,40.31
2026-08-08T14:46:00.434Z,40.14
2026-08-08T14:51:02.703Z,40.19
2026-08-08T14:56:02.262Z,40.34
2026-08-08T15:01:00.35Z,40.25
2026-08-08T15:06:03.217Z,40.11
2026-08-08T15:11:02.496Z,39.85
2026-08-08T15:16:03.372Z,39.65
2026-08-08T15:21:04.986Z,39.16
2026-08-08T15:26:00.959Z,38.7
2026-08-08T15:31:02.449Z,38.7
2026-08-08T15:36:02.636Z,38.49
2026-08-08T15:41:02.682Z,38.38
2026-08-08T15:46:02.85Z,38.18
2026-08-08T15:51:02.569Z,38.29
2026-08-08T15:56:02.452Z,38.29
2026-08-08T16:01:02.441Z,38.44
2026-08-08T16:06:02.395Z,38.49
2026-08-08T16:11:02.384Z,38.35
2026-08-08T16:16:02.867Z,38.29
2026-08-08T16:21:02.7Z,38.24
2026-08-08T16:26:02.594Z,38.1
2026-08-08T16:31:02.26Z,37.72
2026-08-08T16:36:00.373Z,37.66
2026-08-08T16:41:02.686Z,37.61
2026-08-08T16:46:02.455Z,37.52
2026-08-08T16:51:02.665Z,37.4
2026-08-08T16:56:02.941Z,37.4
2026-08-08T17:01:02.313Z,37.31
2026-08-08T17:06:00.349Z,37.46
2026-08-08T17:11:02.43Z,37.54
2026-08-08T17:16:02.432Z,37.46
2026-08-08T17:21:02.917Z,37.35
2026-08-08T17:26:00.476Z,37.17
2026-08-08T17:31:02.544Z,37.17
2026-08-08T17:36:02.328Z,37.09
2026-08-08T17:41:03.287Z,36.94
2026-08-08T17:46:02.696Z,36.8
2026-08-08T17:51:02.5Z,36.71
2026-08-08T17:56:02.952Z,36.66
2026-08-08T18:01:00.333Z,36.31
2026-08-08T18:06:02.599Z,36.17
2026-08-08T18:11:02.317Z,36.14
2026-08-08T18:16:00.406Z,35.85
2026-08-08T18:21:02.673Z,35.82
2026-08-08T18:26:02.503Z,35.65
2026-08-08T18:31:02.375Z,35.53
2026-08-08T18:36:02.434Z,35.3
2026-08-08T18:41:00.329Z,35.01
2026-08-08T18:46:00.329Z,34.78
2026-08-08T18:51:02.512Z,34.58
2026-08-08T18:56:02.211Z,34.44
2026-08-08T19:01:00.411Z,34.21
2026-08-08T19:06:02.69Z,33.98
2026-08-08T19:11:02.461Z,33.8
2026-08-08T19:16:03.281Z,33.69
2026-08-08T19:21:02.366Z,33.37
2026-08-08T19:26:02.661Z,33.26
2026-08-08T19:31:02.427Z,33.0
2026-08-08T19:36:02.886Z,32.85
2026-08-08T19:41:02.455Z,32.71
2026-08-08T19:46:02.348Z,32.51
2026-08-08T19:51:00.317Z,32.31
2026-08-08T19:56:02.554Z,32.13
2026-08-08T20:01:02.371Z,32.02
2026-08-08T20:06:02.196Z,31.82
2026-08-08T20:11:00.3Z,31.73
2026-08-08T20:16:02.376Z,31.56
2026-08-08T20:21:02.324Z,31.42
2026-08-08T20:26:02.684Z,31.36
2026-08-08T20:31:02.588Z,31.24
2026-08-08T20:36:02.354Z,31.19
2026-08-08T20:41:02.643Z,30.96
2026-08-08T20:46:00.304Z,30.78
2026-08-08T20:51:02.348Z,30.58
2026-08-08T20:56:02.451Z,30.58
2026-08-08T21:01:02.443Z,30.47
2026-08-08T21:06:00.342Z,30.38
2026-08-08T21:11:00.316Z,30.32
2026-08-08T21:16:02.676Z,30.24
2026-08-08T21:21:02.465Z,30.09
2026-08-08T21:26:02.759Z,30.01
2026-08-08T21:31:02.629Z,29.98
2026-08-08T21:36:02.412Z,29.95
2026-08-08T21:41:02.311Z,29.89
2026-08-08T21:46:02.648Z,29.95
2026-08-08T21:51:02.607Z,29.83
2026-08-08T21:56:02.498Z,29.8
2026-08-08T22:01:02.38Z,29.75
2026-08-08T22:06:02.605Z,29.66
2026-08-08T22:11:02.432Z,29.6
2026-08-08T22:16:02.404Z,29.6
2026-08-08T22:21:03.054Z,29.57
2026-08-08T22:26:02.561Z,29.49
2026-08-08T22:31:02.33Z,29.55
2026-08-08T22:36:02.694Z,29.49
2026-08-08T22:41:02.532Z,29.37
2026-08-08T22:46:02.699Z,29.32
2026-08-08T22:51:02.353Z,29.32
2026-08-08T22:56:03.326Z,29.23
2026-08-08T23:01:02.648Z,29.23
2026-08-08T23:06:02.41Z,29.2
2026-08-08T23:11:02.911Z,29.08
2026-08-08T23:16:02.415Z,29.06
2026-08-08T23:21:02.643Z,29.03
2026-08-08T23:26:02.547Z,28.94
2026-08-08T23:31:00.475Z,28.94
2026-08-08T23:36:02.571Z,28.8
2026-08-08T23:41:02.692Z,28.8
2026-08-08T23:46:02.503Z,28.62
2026-08-08T23:51:00.801Z,28.62
2026-08-08T23:56:02.548Z,28.57
2026-08-09T00:01:00.448Z,28.54
2026-08-09T00:06:02.516Z,28.39
2026-08-09T00:11:02.241Z,28.34
2026-08-09T00:16:02.705Z,28.34
2026-08-09T00:21:02.497Z,28.22
2026-08-09T00:26:03.123Z,28.13
2026-08-09T00:31:02.447Z,28.16
2026-08-09T00:36:02.875Z,28.11
2026-08-09T00:41:02.252Z,27.97
2026-08-09T00:46:02.506Z,27.97
2026-08-09T00:51:00.362Z,28.05
2026-08-09T00:56:02.46Z,28.02
2026-08-09T01:01:02.356Z,28.16
2026-08-09T01:06:02.404Z,28.28
2026-08-09T01:11:00.363Z,28.28
2026-08-09T01:16:02.894Z,28.22
2026-08-09T01:21:02.548Z,28.22
2026-08-09T01:26:03.265Z,28.22
2026-08-09T01:31:03.042Z,28.05
2026-08-09T01:36:05.294Z,27.97
2026-08-09T01:41:03.069Z,27.93
2026-08-09T01:46:00.458Z,27.99
2026-08-09T01:51:02.608Z,28.02
2026-08-09T01:56:03.207Z,27.9
2026-08-09T02:01:00.383Z,27.9
2026-08-09T02:06:02.701Z,27.87
2026-08-09T02:11:02.83Z,27.73
2026-08-09T02:16:00.371Z,27.73
2026-08-09T02:21:02.319Z,27.73
2026-08-09T02:26:02.58Z,27.73
2026-08-09T02:31:02.522Z,27.71
2026-08-09T02:36:02.777Z,27.76
2026-08-09T02:41:02.451Z,27.73
2026-08-09T02:46:02.626Z,27.67
2026-08-09T02:51:02.52Z,27.71
2026-08-09T02:56:02.712Z,27.62
2026-08-09T03:01:02.527Z,27.53
2026-08-09T03:06:02.476Z,27.48
2026-08-09T03:11:02.281Z,27.39
2026-08-09T03:16:02.554Z,27.24
2026-08-09T03:21:02.329Z,27.16
2026-08-09T03:26:03.665Z,27.01
2026-08-09T03:31:02.47Z,26.95
2026-08-09T03:36:02.717Z,26.9
2026-08-09T03:41:01.584Z,26.73
2026-08-09T03:46:02.336Z,26.61
2026-08-09T03:51:00.412Z,26.46
2026-08-09T03:56:02.344Z,26.5
2026-08-09T04:01:02.657Z,26.52
2026-08-09T04:06:02.406Z,26.52
2026-08-09T04:11:02.608Z,26.61
2026-08-09T04:16:04.73Z,26.64
2026-08-09T04:21:02.285Z,26.58
2026-08-09T04:26:02.611Z,26.46
2026-08-09T04:31:02.614Z,26.5
2026-08-09T04:36:02.375Z,26.58
2026-08-09T04:41:02.606Z,26.61
2026-08-09T04:46:03.217Z,26.52
2026-08-09T04:51:00.755Z,26.38
2026-08-09T04:56:02.533Z,26.15
2026-08-09T05:01:02.903Z,26.04
2026-08-09T05:06:02.667Z,25.97
2026-08-09T05:11:02.805Z,25.92
2026-08-09T05:16:02.607Z,25.83
2026-08-09T05:21:02.647Z,25.78
2026-08-09T05:26:02.397Z,25.8
2026-08-09T05:31:04.133Z,25.86
2026-08-09T05:36:02.587Z,25.86
2026-08-09T05:41:02.376Z,25.86
2026-08-09T05:46:02.553Z,26.01
2026-08-09T05:51:05.556Z,26.15
2026-08-09T05:56:02.283Z,26.24
2026-08-09T06:01:01.337Z,26.46
2026-08-09T06:06:02.625Z,26.44
2026-08-09T06:11:02.702Z,26.52
2026-08-09T06:16:00.39Z,26.73
2026-08-09T06:21:02.904Z,26.95
2026-08-09T06:26:03.616Z,27.1
2026-08-09T06:31:00.399Z,27.22
2026-08-09T06:36:02.488Z,27.3
2026-08-09T06:41:02.418Z,27.48
2026-08-09T06:46:00.366Z,27.64
2026-08-09T06:51:02.552Z,27.9
2026-08-09T06:56:02.465Z,28.13
2026-08-09T07:01:02.927Z,28.31
2026-08-09T07:06:02.386Z,28.42
2026-08-09T07:11:00.559Z,28.54
2026-08-09T07:16:00.385Z,28.65
2026-08-09T07:21:02.649Z,28.85
2026-08-09T07:26:02.317Z,29.08
2026-08-09T07:31:02.423Z,29.14
2026-08-09T07:36:02.586Z,29.49
2026-08-09T07:41:03.176Z,29.75
2026-08-09T07:46:02.644Z,30.06
2026-08-09T07:51:02.675Z,30.32
2026-08-09T07:56:02.55Z,30.52
2026-08-09T08:01:02.861Z,30.93
2026-08-09T08:06:00.376Z,31.27
2026-08-09T08:11:02.653Z,31.24
2026-08-09T08:16:03.127Z,31.47
2026-08-09T08:21:00.405Z,31.82
2026-08-09T08:26:02.664Z,32.13
2026-08-09T08:31:02.529Z,32.31
2026-08-09T08:36:00.39Z,31.96
2026-08-09T08:41:02.489Z,32.34
2026-08-09T08:46:02.426Z,32.17
2026-08-09T08:51:02.607Z,32.57
2026-08-09T08:56:03.913Z,32.8
2026-08-09T09:01:02.694Z,33.17
2026-08-09T09:06:02.569Z,33.17
2026-08-09T09:11:03.378Z,33.11
2026-08-09T09:16:02.334Z,33.17
2026-08-09T09:21:02.229Z,33.23
2026-08-09T09:26:05.335Z,33.4
2026-08-09T09:31:00.473Z,33.54
2026-08-09T09:36:02.515Z,33.54
2026-08-09T09:41:02.579Z,33.63
2026-08-09T09:46:02.438Z,33.72
2026-08-09T09:51:02.286Z,33.95
2026-08-09T09:56:03.989Z,34.15
2026-08-09T10:01:02.427Z,34.41
2026-08-09T10:06:02.432Z,34.47
2026-08-09T10:11:02.715Z,34.64
2026-08-09T10:16:02.358Z,34.67
2026-08-09T10:21:02.697Z,34.84
2026-08-09T10:26:02.795Z,35.04
2026-08-09T10:31:02.504Z,34.9
2026-08-09T10:36:02.441Z,34.9
2026-08-09T10:41:02.795Z,34.84
2026-08-09T10:46:00.365Z,34.93
2026-08-09T10:51:26.707Z,35.36
2026-08-09T10:56:04.588Z,35.3
2026-08-09T11:01:00.35Z,35.53
2026-08-09T11:06:02.728Z,35.59
2026-08-09T11:11:02.635Z,35.94
2026-08-09T11:16:03.763Z,35.96
2026-08-09T11:21:03.366Z,36.19
2026-08-09T11:26:02.272Z,36.48
2026-08-09T11:31:02.545Z,36.31
2026-08-09T11:36:02.453Z,36.77
2026-08-09T11:41:02.375Z,36.89
2026-08-09T11:46:02.968Z,36.91
2026-08-09T11:51:01.331Z,37.17
2026-08-09T11:56:02.403Z,36.97
2026-08-09T12:01:00.36Z,37.05
2026-08-09T12:06:02.652Z,37.09
2026-08-09T12:11:03.298Z,37.12
2026-08-09T12:16:02.289Z,37.09
2026-08-09T12:21:04.144Z,36.86
2026-08-09T12:26:03.012Z,36.97
2026-08-09T12:31:02.625Z,36.94
2026-08-09T12:36:02.576Z,37.0
2026-08-09T12:41:02.579Z,36.97
2026-08-09T12:46:02.563Z,36.94
2026-08-09T12:51:02.827Z,36.94
2026-08-09T12:56:02.654Z,37.03
2026-08-09T13:01:02.862Z,37.03
2026-08-09T13:06:02.41Z,37.15
2026-08-09T13:11:02.792Z,37.15
2026-08-09T13:16:02.34Z,37.2
2026-08-09T13:21:03.526Z,37.2
2026-08-09T13:26:02.61Z,37.43
2026-08-09T13:31:02.408Z,37.63
2026-08-09T13:36:02.238Z,37.43
2026-08-09T13:41:02.561Z,37.31
2026-08-09T13:46:03.166Z,37.26
2026-08-09T13:51:02.888Z,37.05
2026-08-09T13:56:02.497Z,37.03
2026-08-09T14:01:02.275Z,37.26
2026-08-09T14:06:00.441Z,37.46
2026-08-09T14:11:02.487Z,37.26
2026-08-09T14:16:02.316Z,37.15
2026-08-09T14:21:02.671Z,37.23
2026-08-09T14:26:02.551Z,37.09
2026-08-09T14:31:02.551Z,37.26
2026-08-09T14:36:02.556Z,37.15
2026-08-09T14:41:02.421Z,37.35
2026-08-09T14:46:02.359Z,37.4
2026-08-09T14:51:02.709Z,37.43
2026-08-09T14:56:04.559Z,37.15
2026-08-09T15:01:02.638Z,37.12
2026-08-09T15:06:03.208Z,37.15
2026-08-09T15:11:00.353Z,37.43
2026-08-09T15:16:02.503Z,37.35
2026-08-09T15:21:02.381Z,37.31
2026-08-09T15:26:02.714Z,37.26
2026-08-09T15:31:02.61Z,37.35
2026-08-09T15:36:02.508Z,37.35
2026-08-09T15:41:02.505Z,37.26
2026-08-09T15:46:05.896Z,36.94
2026-08-09T15:51:00.362Z,36.89
2026-08-09T15:56:00.335Z,36.8
2026-08-09T16:01:02.532Z,36.57
2026-08-09T16:06:02.734Z,36.42
2026-08-09T16:11:02.466Z,36.28
2026-08-09T16:16:03.091Z,36.31
2026-08-09T16:21:02.436Z,36.08
2026-08-09T16:26:02.474Z,35.82
2026-08-09T16:31:03.124Z,35.62
2026-08-09T16:36:02.505Z,35.59
2026-08-09T16:41:02.434Z,35.39
2026-08-09T16:46:03.852Z,35.33
2026-08-09T16:51:02.353Z,35.33
2026-08-09T16:56:02.659Z,35.22
2026-08-09T17:01:02.4Z,35.04
2026-08-09T17:06:02.909Z,34.9
2026-08-09T17:11:02.621Z,34.81
2026-08-09T17:16:03.235Z,34.78
2026-08-09T17:21:01.307Z,34.78
2026-08-09T17:26:02.721Z,34.58
2026-08-09T17:31:02.498Z,34.09
2026-08-09T17:36:02.387Z,33.86
2026-08-09T17:41:02.374Z,33.8
2026-08-09T17:46:02.575Z,33.6
2026-08-09T17:51:02.353Z,33.49
2026-08-09T17:56:03.438Z,33.4
2026-08-09T18:01:02.371Z,33.23
2026-08-09T18:06:00.361Z,33.08
2026-08-09T18:11:00.439Z,33.03
2026-08-09T18:16:02.639Z,32.89
2026-08-09T18:21:02.608Z,32.94
2026-08-09T18:26:02.76Z,32.97
2026-08-09T18:31:00.323Z,32.85
2026-08-09T18:36:02.85Z,32.82
2026-08-09T18:41:02.543Z,32.71
2026-08-09T18:46:00.324Z,32.62
2026-08-09T18:51:02.531Z,32.36
2026-08-09T18:56:04.478Z,32.17
2026-08-09T19:01:02.623Z,32.05
2026-08-09T19:06:02.678Z,31.94
2026-08-09T19:11:02.496Z,31.76
2026-08-09T19:16:02.431Z,31.64
2026-08-09T19:21:02.612Z,31.5
2026-08-09T19:26:02.446Z,31.39
2026-08-09T19:31:03.285Z,31.39
2026-08-09T19:36:02.385Z,31.42
2026-08-09T19:41:00.397Z,31.3
2026-08-09T19:46:02.8Z,31.24
2026-08-09T19:51:02.317Z,31.07
2026-08-09T19:56:02.841Z,31.07
2026-08-09T20:01:00.359Z,30.96
2026-08-09T20:06:02.525Z,30.9
2026-08-09T20:11:02.498Z,30.87
2026-08-09T20:16:02.542Z,30.81
2026-08-09T20:21:02.395Z,30.67
2026-08-09T20:26:01.341Z,30.67
2026-08-09T20:31:02.633Z,30.64
2026-08-09T20:36:02.656Z,30.58
2026-08-09T20:41:03.414Z,30.5
2026-08-09T20:46:02.599Z,30.52
2026-08-09T20:51:02.479Z,30.44
2026-08-09T20:56:02.319Z,30.41
2026-08-09T21:01:02.287Z,30.41
2026-08-09T21:06:02.308Z,30.38
2026-08-09T21:11:02.68Z,30.41
2026-08-09T21:16:02.362Z,30.35
2026-08-09T21:21:03.73Z,30.29
2026-08-09T21:26:02.73Z,30.24
2026-08-09T21:31:00.441Z,30.18
2026-08-09T21:36:02.678Z,30.21
2026-08-09T21:41:02.696Z,30.12
2026-08-09T21:46:00.374Z,30.06
2026-08-09T21:51:02.349Z,29.98
2026-08-09T21:56:02.742Z,29.95
2026-08-09T22:01:02.693Z,29.95
2026-08-09T22:06:02.603Z,29.83
2026-08-09T22:11:02.643Z,29.78
2026-08-09T22:16:02.409Z,29.75
2026-08-09T22:21:01.994Z,29.72
2026-08-09T22:26:02.312Z,29.72
2026-08-09T22:31:02.638Z,29.6
2026-08-09T22:36:02.485Z,29.55
2026-08-09T22:41:02.752Z,29.57
2026-08-09T22:46:02.462Z,29.55
2026-08-09T22:51:02.861Z,29.49
2026-08-09T22:56:01.665Z,29.55
2026-08-09T23:01:02.482Z,29.55
2026-08-09T23:06:02.375Z,29.49
2026-08-09T23:11:00.35Z,29.52
2026-08-09T23:16:02.662Z,29.4
2026-08-09T23:21:02.382Z,29.4
2026-08-09T23:26:02.511Z,29.4
2026-08-09T23:31:02.441Z,29.37
2026-08-09T23:36:02.785Z,29.4
2026-08-09T23:41:02.764Z,29.26
2026-08-09T23:46:02.434Z,29.23
2026-08-09T23:51:02.666Z,29.29
2026-08-09T23:56:00.307Z,29.29
2026-08-10T00:01:02.484Z,29.32
2026-08-10T00:06:02.352Z,29.26
2026-08-10T00:11:02.599Z,29.23
2026-08-10T00:16:02.468Z,29.26
2026-08-10T00:21:02.332Z,29.14
2026-08-10T00:26:02.283Z,29.14
2026-08-10T00:31:02.569Z,29.14
2026-08-10T00:36:02.316Z,29.06
2026-08-10T00:41:00.452Z,29.06
2026-08-10T00:46:02.543Z,29.03
2026-08-10T00:51:00.321Z,29.0
2026-08-10T00:56:02.51Z,29.0
2026-08-10T01:01:02.254Z,28.97
2026-08-10T01:06:00.399Z,29.0
2026-08-10T01:11:02.771Z,28.94
2026-08-10T01:16:02.436Z,28.91
2026-08-10T01:21:03.029Z,28.91
2026-08-10T01:26:03.339Z,28.88
2026-08-10T01:31:02.276Z,28.88
2026-08-10T01:36:02.548Z,28.88
2026-08-10T01:41:02.393Z,28.8
2026-08-10T01:46:00.424Z,28.74
2026-08-10T01:51:02.564Z,28.71
2026-08-10T01:56:03.468Z,28.71
2026-08-10T02:01:05.279Z,28.65
2026-08-10T02:06:00.389Z,28.65
2026-08-10T02:11:02.924Z,28.6
2026-08-10T02:16:02.642Z,28.54
2026-08-10T02:21:02.593Z,28.51
2026-08-10T02:26:02.809Z,28.65
2026-08-10T02:31:02.496Z,28.65
2026-08-10T02:36:01.287Z,28.62
2026-08-10T02:41:02.503Z,28.62
2026-08-10T02:46:03.137Z,28.62
2026-08-10T02:51:02.705Z,28.57
2026-08-10T02:56:02.628Z,28.6
2026-08-10T03:01:03.113Z,28.57
2026-08-10T03:06:02.363Z,28.54
2026-08-10T03:11:02.83Z,28.57
2026-08-10T03:16:02.409Z,28.48
2026-08-10T03:21:00.327Z,28.45
2026-08-10T03:26:03.313Z,28.36
2026-08-10T03:31:02.286Z,28.36
2026-08-10T03:36:02.533Z,28.36
2026-08-10T03:41:02.464Z,28.45
2026-08-10T03:46:02.169Z,28.34
2026-08-10T03:51:02.522Z,28.28
2026-08-10T03:56:00.413Z,28.19
2026-08-10T04:01:02.55Z,28.19
2026-08-10T04:06:03.004Z,28.05
2026-08-10T04:11:00.297Z,28.08
2026-08-10T04:16:01.522Z,27.97
2026-08-10T04:21:02.922Z,27.99
2026-08-10T04:26:02.527Z,27.93
2026-08-10T04:31:02.517Z,27.87
2026-08-10T04:36:02.475Z,27.87
2026-08-10T04:41:03.471Z,27.85
2026-08-10T04:46:02.542Z,27.82
2026-08-10T04:51:02.293Z,27.73
2026-08-10T04:56:00.429Z,27.67
2026-08-10T05:01:02.552Z,27.67
2026-08-10T05:06:02.28Z,27.67
2026-08-10T05:11:02.882Z,27.71
2026-08-10T05:16:02.478Z,27.73
2026-08-10T05:21:06.914Z,27.71
2026-08-10T05:26:02.619Z,27.79
2026-08-10T05:31:02.751Z,27.76
2026-08-10T05:36:02.528Z,27.76
2026-08-10T05:41:02.362Z,27.79
2026-08-10T05:46:02.612Z,27.87
2026-08-10T05:51:02.378Z,27.87
2026-08-10T05:56:02.679Z,27.9
2026-08-10T06:01:02.576Z,28.02
2026-08-10T06:06:02.882Z,27.99
2026-08-10T06:11:02.377Z,28.05
2026-08-10T06:16:02.403Z,28.11
2026-08-10T06:21:02.481Z,28.19
2026-08-10T06:26:02.676Z,28.25
2026-08-10T06:31:02.577Z,28.31
2026-08-10T06:36:02.487Z,28.36
2026-08-10T06:41:04.749Z,28.6
2026-08-10T06:46:02.792Z,28.74
2026-08-10T06:51:03.156Z,28.94
2026-08-10T06:56:00.303Z,29.0
2026-08-10T07:01:03.488Z,29.08
2026-08-10T07:06:02.779Z,29.26
2026-08-10T07:11:02.704Z,29.46
2026-08-10T07:16:02.482Z,29.57
2026-08-10T07:21:02.434Z,29.83
2026-08-10T07:26:02.602Z,30.01
2026-08-10T07:31:02.917Z,30.24
2026-08-10T07:36:02.821Z,30.5
2026-08-10T07:41:02.475Z,30.78
2026-08-10T07:46:03.403Z,30.84
2026-08-10T07:51:00.292Z,30.99
2026-08-10T07:56:02.305Z,31.01
2026-08-10T08:01:02.365Z,31.33
2026-08-10T08:06:02.613Z,31.5
2026-08-10T08:11:03.297Z,31.73
2026-08-10T08:16:02.48Z,32.02
2026-08-10T08:21:00.405Z,31.94
2026-08-10T08:26:03.268Z,32.08
2026-08-10T08:31:02.456Z,32.25
2026-08-10T08:36:02.409Z,32.51
2026-08-10T08:41:02.381Z,32.62
2026-08-10T08:46:00.964Z,32.68
2026-08-10T08:51:02.619Z,33.0
2026-08-10T08:56:02.541Z,33.4
2026-08-10T09:01:00.288Z,33.6
2026-08-10T09:06:00.286Z,33.57
2026-08-10T09:11:02.844Z,33.72
2026-08-10T09:16:02.467Z,33.75
2026-08-10T09:21:02.496Z,33.92
2026-08-10T09:26:00.393Z,34.21
2026-08-10T09:31:00.409Z,34.29
2026-08-10T09:36:02.484Z,34.58
2026-08-10T09:41:03.755Z,34.84
2026-08-10T09:46:02.514Z,34.78
2026-08-10T09:51:02.227Z,34.81
2026-08-10T09:56:00.404Z,34.75
2026-08-10T10:01:02.481Z,35.01
2026-08-10T10:06:03.338Z,35.13
2026-08-10T10:11:01.385Z,35.1
2026-08-10T10:16:02.588Z,35.3
2026-08-10T10:21:02.438Z,35.45
2026-08-10T10:26:02.623Z,35.7
2026-08-10T10:31:00.465Z,36.05
2026-08-10T10:36:02.678Z,36.05
2026-08-10T10:41:03.565Z,36.14
2026-08-10T10:46:02.377Z,36.08
2026-08-10T10:51:02.368Z,36.02
2026-08-10T10:56:03.122Z,36.08
2026-08-10T11:01:00.441Z,36.22
2026-08-10T11:06:00.421Z,36.31
2026-08-10T11:11:02.544Z,36.11
2026-08-10T11:16:02.625Z,36.22
2026-08-10T11:21:02.478Z,36.31
2026-08-10T11:26:02.374Z,36.17
2026-08-10T11:31:02.59Z,36.19
2026-08-10T11:36:02.663Z,36.4
2026-08-10T11:41:04.173Z,36.54
2026-08-10T11:46:02.554Z,36.6
2026-08-10T11:51:02.558Z,36.66
2026-08-10T11:56:02.44Z,36.74
2026-08-10T12:01:03.059Z,36.91
2026-08-10T12:06:00.36Z,36.89
2026-08-10T12:11:00.311Z,37.05
2026-08-10T12:16:02.541Z,36.8
2026-08-10T12:21:02.306Z,36.66
2026-08-10T12:26:04.438Z,36.66
2026-08-10T12:31:00.414Z,36.54
2026-08-10T12:36:02.561Z,36.6
2026-08-10T12:41:02.714Z,36.71
2026-08-10T12:46:01.294Z,36.48
2026-08-10T12:51:00.484Z,36.22
2026-08-10T12:56:00.263Z,36.19
2026-08-10T13:01:02.654Z,35.99
2026-08-10T13:06:02.462Z,36.11
2026-08-10T13:11:02.919Z,36.22
2026-08-10T13:16:02.328Z,35.94
2026-08-10T13:21:00.355Z,35.53
2026-08-10T13:26:00.249Z,35.56
2026-08-10T13:31:02.351Z,35.27
2026-08-10T13:36:02.359Z,34.87
2026-08-10T13:41:00.352Z,34.73
2026-08-10T13:46:02.604Z,34.84
2026-08-10T13:51:02.686Z,34.98
2026-08-10T13:56:01.133Z,34.84
2026-08-10T14:01:01.4Z,34.7
2026-08-10T14:06:03.236Z,34.44
2026-08-10T14:11:02.262Z,34.12
2026-08-10T14:16:02.579Z,33.89
2026-08-10T14:21:02.296Z,33.86
2026-08-10T14:26:00.464Z,33.72
2026-08-10T14:31:00.301Z,33.54
2026-08-10T14:36:02.567Z,33.54
2026-08-10T14:41:02.379Z,33.43
2026-08-10T14:46:02.357Z,33.23
2026-08-10T14:51:02.428Z,33.26
2026-08-10T14:56:02.52Z,33.11
2026-08-10T15:01:02.449Z,32.94
2026-08-10T15:06:02.687Z,32.94
2026-08-10T15:11:03.473Z,30.04
2026-08-10T15:16:03.499Z,27.41
2026-08-10T15:21:02.564Z,26.5
2026-08-10T15:26:02.504Z,26.5
2026-08-10T15:31:00.239Z,27.07
2026-08-10T15:36:02.409Z,27.3
2026-08-10T15:41:02.29Z,27.04
2026-08-10T15:46:00.287Z,26.81
2026-08-10T15:51:02.764Z,26.38
2026-08-10T15:56:02.471Z,26.38
2026-08-10T16:01:02.467Z,26.5
2026-08-10T16:06:02.072Z,25.97
2026-08-10T16:11:00.393Z,26.15
2026-08-10T16:16:02.389Z,26.46
2026-08-10T16:21:02.8Z,26.12
2026-08-10T16:26:02.45Z,26.04
2026-08-10T16:31:02.569Z,26.12
2026-08-10T16:36:02.388Z,26.35
2026-08-10T16:41:03.701Z,26.46
2026-08-10T16:46:02.611Z,26.69
2026-08-10T16:51:02.603Z,27.07
2026-08-10T16:56:02.742Z,27.36
2026-08-10T17:01:02.542Z,27.53
2026-08-10T17:06:02.642Z,27.62
2026-08-10T17:11:01.078Z,27.3
2026-08-10T17:16:02.385Z,27.27
2026-08-10T17:21:00.408Z,27.18
2026-08-10T17:26:00.359Z,27.27
2026-08-10T17:31:02.503Z,27.36
2026-08-10T17:36:02.342Z,27.48
2026-08-10T17:41:00.403Z,27.44
2026-08-10T17:46:02.299Z,27.16
2026-08-10T17:51:00.333Z,26.92
2026-08-10T17:56:02.538Z,26.69
2026-08-10T18:01:03.492Z,26.81
2026-08-10T18:06:00.247Z,26.69
2026-08-10T18:11:02.813Z,26.67
2026-08-10T18:16:02.947Z,26.67
2026-08-10T18:21:00.329Z,26.55
2026-08-10T18:26:00.334Z,26.5
2026-08-10T18:31:02.466Z,26.44
2026-08-10T18:36:02.532Z,26.61
2026-08-10T18:41:01.567Z,26.78
2026-08-10T18:46:02.848Z,26.81
2026-08-10T18:51:00.369Z,26.9
2026-08-10T18:56:02.616Z,27.04
2026-08-10T19:01:02.458Z,27.22
2026-08-10T19:06:02.431Z,27.24
2026-08-10T19:11:02.617Z,27.18
2026-08-10T19:16:02.422Z,27.24
2026-08-10T19:21:00.388Z,27.22
2026-08-10T19:26:03.022Z,27.16
2026-08-10T19:31:02.239Z,27.07
2026-08-10T19:36:02.529Z,26.92
2026-08-10T19:41:02.362Z,26.92
2026-08-10T19:46:02.636Z,26.81
2026-08-10T19:51:02.562Z,26.73
2026-08-10T19:56:00.428Z,26.67
2026-08-10T20:01:02.567Z,26.73
2026-08-10T20:06:02.438Z,26.78
2026-08-10T20:11:02.4Z,26.9
2026-08-10T20:16:02.567Z,27.07
2026-08-10T20:21:02.407Z,27.1
2026-08-10T20:26:02.66Z,27.1
2026-08-10T20:31:02.265Z,27.22
2026-08-10T20:36:02.703Z,27.24
2026-08-10T20:41:02.381Z,27.24
2026-08-10T20:46:02.236Z,27.27
2026-08-10T20:51:02.55Z,27.18
2026-08-10T20:56:02.352Z,27.27
2026-08-10T21:01:02.643Z,27.3
2026-08-10T21:06:02.369Z,27.24
2026-08-10T21:11:00.361Z,27.16
2026-08-10T21:16:02.611Z,27.07
2026-08-10T21:21:00.343Z,26.99
2026-08-10T21:26:00.463Z,26.92
2026-08-10T21:31:02.414Z,26.9
2026-08-10T21:36:00.667Z,26.76
2026-08-10T21:41:02.453Z,26.69
2026-08-10T21:46:02.3Z,26.55
2026-08-10T21:51:00.444Z,26.52
2026-08-10T21:56:03.823Z,26.5
2026-08-10T22:01:02.357Z,26.55
2026-08-10T22:06:00.225Z,26.67
2026-08-10T22:11:02.459Z,26.73
2026-08-10T22:16:00.36Z,26.67
2026-08-10T22:21:02.536Z,26.58
2026-08-10T22:26:00.344Z,26.52
2026-08-10T22:31:01.551Z,26.55
2026-08-10T22:36:02.226Z,26.52
2026-08-10T22:41:00.27Z,26.61
2026-08-10T22:46:01.221Z,26.55
2026-08-10T22:51:02.89Z,26.55
2026-08-10T22:56:05.032Z,26.41
2026-08-10T23:01:02.691Z,26.41
2026-08-10T23:06:02.759Z,26.38
2026-08-10T23:11:00.386Z,26.32
2026-08-10T23:16:02.542Z,26.2
2026-08-10T23:21:00.227Z,26.24
2026-08-10T23:26:00.26Z,26.15
2026-08-10T23:31:02.347Z,26.18
2026-08-10T23:36:00.378Z,26.29
2026-08-10T23:41:03.465Z,26.35
2026-08-10T23:46:02.446Z,26.41
2026-08-10T23:51:03.684Z,26.41
2026-08-10T23:56:02.527Z,26.46
2026-08-11T00:01:04.17Z,26.55
2026-08-11T00:06:00.225Z,26.46
2026-08-11T00:11:02.315Z,26.5
2026-08-11T00:16:00.821Z,26.44
2026-08-11T00:21:02.517Z,26.32
2026-08-11T00:26:00.222Z,26.27
2026-08-11T00:31:02.329Z,26.12
2026-08-11T00:36:01.956Z,26.04
2026-08-11T00:41:02.364Z,25.89
2026-08-11T00:46:03.244Z,25.78
2026-08-11T00:51:02.293Z,25.83
2026-08-11T00:56:02.735Z,25.78
2026-08-11T01:01:02.391Z,25.72
2026-08-11T01:06:00.262Z,25.75
2026-08-11T01:11:02.488Z,25.75
2026-08-11T01:16:02.469Z,25.66
2026-08-11T01:21:02.535Z,25.69
2026-08-11T01:26:02.256Z,25.72
2026-08-11T01:31:00.497Z,25.63
2026-08-11T01:36:02.451Z,25.55
2026-08-11T01:41:00.362Z,25.69
2026-08-11T01:46:02.483Z,25.57
2026-08-11T01:51:02.499Z,25.57
2026-08-11T01:56:02.658Z,25.49
2026-08-11T02:01:02.319Z,25.55
2026-08-11T02:06:01.419Z,25.55
2026-08-11T02:11:02.628Z,25.66
2026-08-11T02:16:00.338Z,25.78
2026-08-11T02:21:01.483Z,25.89
2026-08-11T02:26:00.243Z,25.95
2026-08-11T02:31:02.287Z,26.12
2026-08-11T02:36:02.197Z,26.15
2026-08-11T02:41:02.517Z,26.09
2026-08-11T02:46:00.758Z,26.09
2026-08-11T02:51:02.46Z,26.09
2026-08-11T02:56:02.478Z,26.09
2026-08-11T03:01:02.56Z,26.04
2026-08-11T03:06:02.467Z,26.06
2026-08-11T03:11:00.29Z,26.09
2026-08-11T03:16:02.543Z,26.12
2026-08-11T03:21:02.379Z,26.01
2026-08-11T03:26:00.371Z,25.86
2026-08-11T03:31:00.206Z,25.89
2026-08-11T03:36:02.445Z,25.83
2026-08-11T03:41:02.387Z,25.75
2026-08-11T03:46:00.311Z,25.75
2026-08-11T03:51:02.456Z,25.6
2026-08-11T03:56:02.493Z,25.6
2026-08-11T04:01:03.273Z,25.57
2026-08-11T04:06:02.308Z,25.55
2026-08-11T04:11:02.368Z,25.52
2026-08-11T04:16:02.671Z,25.43
2026-08-11T04:21:02.318Z,25.37
2026-08-11T04:26:00.207Z,25.29
2026-08-11T04:31:02.476Z,25.06
2026-08-11T04:36:01.367Z,24.94
2026-08-11T04:41:02.552Z,24.94
2026-08-11T04:46:02.415Z,24.94
2026-08-11T04:51:00.246Z,24.97
2026-08-11T04:56:00.266Z,25.06
2026-08-11T05:01:02.363Z,25.23
2026-08-11T05:06:00.514Z,25.37
2026-08-11T05:11:01.691Z,25.37
2026-08-11T05:16:02.446Z,25.29
2026-08-11T05:21:02.337Z,25.23
2026-08-11T05:26:01.761Z,25.2
2026-08-11T05:31:02.313Z,25.14
2026-08-11T05:36:00.375Z,25.14
2026-08-11T05:41:02.267Z,25.06
2026-08-11T05:46:02.603Z,25.06
2026-08-11T05:51:02.476Z,25.09
2026-08-11T05:56:00.354Z,25.0
2026-08-11T06:01:00.219Z,24.94
2026-08-11T06:06:00.7Z,25.03
2026-08-11T06:11:03.606Z,25.06
2026-08-11T06:16:02.389Z,25.2
2026-08-11T06:21:00.427Z,25.26
2026-08-11T06:26:02.772Z,25.4
2026-08-11T06:31:04.503Z,25.6
2026-08-11T06:36:04.991Z,25.69
2026-08-11T06:41:02.824Z,25.83
2026-08-11T06:46:02.474Z,25.83
2026-08-11T06:51:02.882Z,25.89
2026-08-11T06:56:01.145Z,26.01
2026-08-11T07:01:00.47Z,26.09
2026-08-11T07:06:02.323Z,26.29
2026-08-11T07:11:02.898Z,26.52
2026-08-11T07:16:02.417Z,26.76
2026-08-11T07:21:03.028Z,27.01
2026-08-11T07:26:01.003Z,27.39
2026-08-11T07:31:00.189Z,27.5
2026-08-11T07:36:02.464Z,27.53
2026-08-11T07:41:00.272Z,27.73
2026-08-11T07:46:00.396Z,27.97
2026-08-11T07:51:02.48Z,28.13
2026-08-11T07:56:02.446Z,28.13
2026-08-11T08:01:02.756Z,28.34
2026-08-11T08:06:01.194Z,28.57
2026-08-11T08:11:01.419Z,28.77
2026-08-11T08:16:01.217Z,29.03
2026-08-11T08:21:02.348Z,29.29
2026-08-11T08:26:02.29Z,29.52
2026-08-11T08:31:02.599Z,29.72
2026-08-11T08:36:00.271Z,29.86
2026-08-11T08:41:00.199Z,30.06
2026-08-11T08:46:02.274Z,30.35
2026-08-11T08:51:00.349Z,30.52
2026-08-11T08:56:02.6Z,30.96
2026-08-11T09:01:02.656Z,31.19
2026-08-11T09:06:02.66Z,31.27
2026-08-11T09:11:02.577Z,31.27
2026-08-11T09:16:02.403Z,31.53
2026-08-11T09:21:00.26Z,31.85
2026-08-11T09:26:02.41Z,31.79
2026-08-11T09:31:02.515Z,32.08
2026-08-11T09:36:02.441Z,32.17
2026-08-11T09:41:02.238Z,32.45
2026-08-11T09:46:00.348Z,32.62
2026-08-11T09:51:00.596Z,32.74
2026-08-11T09:56:00.365Z,33.06
2026-08-11T10:01:02.173Z,33.31
2026-08-11T10:06:02.563Z,33.46
2026-08-11T10:11:02.311Z,33.54
2026-08-11T10:16:02.341Z,33.8
2026-08-11T10:21:00.234Z,34.21
2026-08-11T10:26:02.866Z,34.41
2026-08-11T10:31:02.519Z,34.12
2026-08-11T10:36:02.397Z,34.32
2026-08-11T10:41:02.593Z,34.41
2026-08-11T10:46:00.218Z,34.67
2026-08-11T10:51:02.405Z,34.67
2026-08-11T10:56:00.406Z,35.1
2026-08-11T11:01:00.261Z,35.24
2026-08-11T11:06:00.37Z,35.22
2026-08-11T11:11:02.644Z,35.53
2026-08-11T11:16:00.267Z,35.65
2026-08-11T11:21:00.302Z,35.96
2026-08-11T11:26:02.424Z,36.05
2026-08-11T11:31:02.771Z,36.31
2026-08-11T11:36:00.239Z,36.51
2026-08-11T11:41:02.447Z,36.57
2026-08-11T11:46:00.4Z,36.8
2026-08-11T11:51:03.057Z,36.94
2026-08-11T11:56:02.368Z,36.91
2026-08-11T12:01:02.387Z,37.05
2026-08-11T12:06:02.964Z,37.4
2026-08-11T12:11:04.543Z,37.35
2026-08-11T12:16:03.283Z,37.63
2026-08-11T12:21:02.355Z,37.8
2026-08-11T12:26:00.482Z,37.95
2026-08-11T12:31:00.418Z,38.26
2026-08-11T12:36:00.315Z,38.29
2026-08-11T12:41:00.864Z,38.38
2026-08-11T12:46:00.32Z,38.56
2026-08-11T12:51:02.552Z,38.67
2026-08-11T12:56:00.304Z,38.75
2026-08-11T13:01:03.609Z,38.78
2026-08-11T13:06:02.828Z,38.93
2026-08-11T13:11:02.286Z,39.1
2026-08-11T13:16:00.357Z,39.1
2026-08-11T13:21:03.04Z,38.84
2026-08-11T13:26:02.495Z,39.07
2026-08-11T13:31:01.527Z,39.39
2026-08-11T13:36:02.505Z,39.33
2026-08-11T13:41:02.548Z,39.53
2026-08-11T13:46:02.265Z,39.47
2026-08-11T13:51:00.162Z,39.33
2026-08-11T13:56:02.501Z,39.07
2026-08-11T14:01:02.374Z,38.64
2026-08-11T14:06:02.269Z,38.33
2026-08-11T14:11:00.364Z,38.47
2026-08-11T14:16:00.358Z,38.64
2026-08-11T14:21:00.194Z,38.44
2026-08-11T14:26:02.345Z,38.12
2026-08-11T14:31:02.671Z,37.75
2026-08-11T14:36:00.889Z,37.63
2026-08-11T14:41:01.874Z,37.77
2026-08-11T14:46:02.423Z,37.58
2026-08-11T14:51:00.577Z,37.38
2026-08-11T14:56:04.265Z,37.4
2026-08-11T15:01:00.162Z,37.49
2026-08-11T15:06:00.182Z,37.58
2026-08-11T15:11:00.288Z,37.61
2026-08-11T15:16:00.194Z,37.69
2026-08-11T15:21:03.052Z,37.84
2026-08-11T15:26:00.255Z,37.92
2026-08-11T15:31:02.409Z,37.92
2026-08-11T15:36:00.294Z,37.98
2026-08-11T15:41:01.413Z,37.77
2026-08-11T15:46:02.496Z,37.75
2026-08-11T15:51:02.522Z,37.75
2026-08-11T15:56:02.442Z,37.77
2026-08-11T16:01:02.588Z,37.8
2026-08-11T16:06:00.216Z,37.8
2026-08-11T16:11:03.057Z,37.77
2026-08-11T16:16:00.453Z,37.46
2026-08-11T16:21:00.39Z,37.49
2026-08-11T16:26:01.681Z,37.29
2026-08-11T16:31:02.502Z,37.2
2026-08-11T16:36:00.766Z,37.17
2026-08-11T16:41:03.005Z,37.17
2026-08-11T16:46:00.198Z,36.86
2026-08-11T16:51:02.31Z,36.94
2026-08-11T16:56:00.399Z,36.86
2026-08-11T17:01:00.202Z,36.89
2026-08-11T17:06:02.492Z,36.71
2026-08-11T17:11:02.409Z,36.57
2026-08-11T17:16:00.179Z,36.45
2026-08-11T17:21:02.587Z,36.28
2026-08-11T17:26:02.298Z,36.19
2026-08-11T17:31:00.314Z,36.14
2026-08-11T17:36:01.632Z,36.14
2026-08-11T17:41:02.551Z,36.22
2026-08-11T17:46:02.407Z,36.08
2026-08-11T17:51:02.887Z,35.99
2026-08-11T17:56:00.312Z,35.7
2026-08-11T18:01:00.294Z,35.62
2026-08-11T18:06:02.588Z,35.56
2026-08-11T18:11:02.265Z,35.47
2026-08-11T18:16:02.312Z,35.33
2026-08-11T18:21:02.479Z,34.98
2026-08-11T18:26:00.427Z,34.84
2026-08-11T18:31:04.175Z,34.67
2026-08-11T18:36:02.536Z,34.47
2026-08-11T18:41:02.522Z,34.21
2026-08-11T18:46:00.202Z,34.01
2026-08-11T18:51:02.096Z,33.72
2026-08-11T18:56:00.34Z,33.46
2026-08-11T19:01:00.254Z,33.23
2026-08-11T19:06:00.185Z,32.97
2026-08-11T19:11:00.231Z,32.74
2026-08-11T19:16:04.163Z,32.51
2026-08-11T19:21:03.044Z,32.36
2026-08-11T19:26:00.376Z,32.13
2026-08-11T19:31:02.575Z,31.99
2026-08-11T19:36:02.823Z,31.91
2026-08-11T19:41:00.263Z,31.73
2026-08-11T19:46:02.478Z,31.59
2026-08-11T19:51:00.351Z,31.56
2026-08-11T19:56:00.179Z,31.42
2026-08-11T20:01:02.39Z,31.36
2026-08-11T20:06:02.62Z,31.19
2026-08-11T20:11:02.569Z,31.19
2026-08-11T20:16:02.409Z,31.07
2026-08-11T20:21:02.426Z,31.07
2026-08-11T20:26:00.26Z,30.99
2026-08-11T20:31:02.456Z,30.93
2026-08-11T20:36:00.366Z,30.96
2026-08-11T20:41:00.283Z,30.84
2026-08-11T20:46:00.269Z,30.73
2026-08-11T20:51:03.228Z,30.64
2026-08-11T20:56:02.463Z,30.58
2026-08-11T21:01:03.241Z,30.52
2026-08-11T21:06:02.411Z,30.47
2026-08-11T21:11:02.553Z,30.38
2026-08-11T21:16:03.834Z,30.32
2026-08-11T21:21:02.865Z,30.18
2026-08-11T21:26:00.2Z,30.21
2026-08-11T21:31:00.249Z,30.18
2026-08-11T21:36:01.257Z,30.12
2026-08-11T21:41:00.445Z,30.12
2026-08-11T21:46:00.233Z,30.12
2026-08-11T21:51:01.667Z,30.06
2026-08-11T21:56:02.354Z,30.04
2026-08-11T22:01:00.373Z,30.04
2026-08-11T22:06:02.529Z,29.98
2026-08-11T22:11:02.509Z,30.06
2026-08-11T22:16:02.508Z,29.98
2026-08-11T22:21:00.386Z,29.86
2026-08-11T22:26:02.447Z,29.86
2026-08-11T22:31:02.546Z,29.8
2026-08-11T22:36:02.534Z,29.75
2026-08-11T22:41:02.69Z,29.63
2026-08-11T22:46:02.338Z,29.66
2026-08-11T22:51:02.591Z,29.55
2026-08-11T22:56:02.414Z,29.43
2026-08-11T23:01:02.061Z,29.4
2026-08-11T23:06:05.551Z,29.32
2026-08-11T23:11:02.755Z,29.23
2026-08-11T23:16:02.646Z,29.29
2026-08-11T23:21:01.488Z,29.29
2026-08-11T23:26:00.432Z,29.2
2026-08-11T23:31:02.581Z,29.2
2026-08-11T23:36:02.461Z,29.11
2026-08-11T23:41:00.334Z,29.08
2026-08-11T23:46:02.463Z,29.08
2026-08-11T23:51:00.28Z,28.91
2026-08-11T23:56:00.276Z,28.97
2026-08-12T00:01:00.428Z,28.88
2026-08-12T00:06:02.554Z,28.94
2026-08-12T00:11:02.297Z,28.83
2026-08-12T00:16:00.22Z,28.83
2026-08-12T00:21:02.703Z,28.97
2026-08-12T00:26:02.299Z,28.94
2026-08-12T00:31:00.304Z,28.97
2026-08-12T00:36:02.905Z,29.03
2026-08-12T00:41:00.389Z,28.88
2026-08-12T00:46:00.593Z,29.0
2026-08-12T00:51:02.409Z,28.85
2026-08-12T00:56:03.227Z,28.74
2026-08-12T01:01:02.415Z,28.65
2026-08-12T01:06:02.28Z,28.74
2026-08-12T01:11:02.512Z,28.65
2026-08-12T01:16:02.356Z,28.71
2026-08-12T01:21:02.741Z,28.71
2026-08-12T01:26:00.579Z,28.57
2026-08-12T01:31:00.204Z,28.51
2026-08-12T01:36:02.418Z,28.51
2026-08-12T01:41:00.278Z,28.42
2026-08-12T01:46:02.755Z,28.28
2026-08-12T01:51:02.232Z,28.25
2026-08-12T01:56:00.25Z,28.22
2026-08-12T02:01:02.527Z,28.13
2026-08-12T02:06:02.5Z,28.08
2026-08-12T02:11:02.762Z,28.02
2026-08-12T02:16:02.493Z,27.93
2026-08-12T02:21:02.651Z,27.87
2026-08-12T02:26:02.536Z,27.87
2026-08-12T02:31:02.868Z,27.73
2026-08-12T02:36:02.517Z,27.73
2026-08-12T02:41:00.298Z,27.67
2026-08-12T02:46:03.427Z,27.64
2026-08-12T02:51:02.643Z,27.56
2026-08-12T02:56:02.52Z,27.53
2026-08-12T03:01:02.301Z,27.5
2026-08-12T03:06:00.313Z,27.48
2026-08-12T03:11:04.55Z,27.41
2026-08-12T03:16:00.737Z,27.48
2026-08-12T03:21:00.181Z,27.56
2026-08-12T03:26:00.359Z,27.59
2026-08-12T03:31:00.212Z,27.56
2026-08-12T03:36:00.251Z,27.53
2026-08-12T03:41:00.193Z,27.56
2026-08-12T03:46:00.276Z,27.5
2026-08-12T03:51:02.409Z,27.44
2026-08-12T03:56:00.378Z,27.41
2026-08-12T04:01:03.483Z,27.41
2026-08-12T04:06:03.534Z,27.33
2026-08-12T04:11:01.263Z,27.33
2026-08-12T04:16:03.118Z,27.36
2026-08-12T04:21:01.176Z,27.3
2026-08-12T04:26:03.763Z,27.1
2026-08-12T04:31:03.132Z,27.01
2026-08-12T04:36:00.933Z,27.04
2026-08-12T04:41:02.711Z,26.95
2026-08-12T04:46:02.415Z,27.01
2026-08-12T04:51:02.431Z,26.95
2026-08-12T04:56:00.214Z,26.84
2026-08-12T05:01:03.392Z,26.84
2026-08-12T05:06:02.476Z,26.78
2026-08-12T05:11:00.293Z,26.81
2026-08-12T05:16:00.289Z,26.84
2026-08-12T05:21:02.521Z,26.73
2026-08-12T05:26:03.37Z,26.73
2026-08-12T05:31:02.446Z,26.78
2026-08-12T05:36:00.305Z,26.78
2026-08-12T05:41:00.269Z,26.73
2026-08-12T05:46:02.497Z,26.84
2026-08-12T05:51:00.407Z,26.87
2026-08-12T05:56:02.556Z,26.92
2026-08-12T06:01:02.509Z,27.01
2026-08-12T06:06:02.264Z,27.04
2026-08-12T06:11:02.429Z,27.22
2026-08-12T06:16:00.201Z,27.27
2026-08-12T06:21:02.59Z,27.41
2026-08-12T06:26:02.251Z,27.48
2026-08-12T06:31:05.303Z,27.64
2026-08-12T06:36:02.434Z,27.71
2026-08-12T06:41:02.921Z,27.87
2026-08-12T06:46:02.937Z,28.02
2026-08-12T06:51:02.368Z,28.13
2026-08-12T06:56:02.539Z,28.34
2026-08-12T07:01:01.064Z,28.34
2026-08-12T07:06:01.031Z,28.51
2026-08-12T07:11:03.905Z,28.65
2026-08-12T07:16:00.277Z,28.83
2026-08-12T07:21:00.456Z,29.03
2026-08-12T07:26:00.702Z,29.17
2026-08-12T07:31:02.69Z,29.37
2026-08-12T07:36:02.479Z,29.63
2026-08-12T07:41:02.59Z,29.8
2026-08-12T07:46:02.424Z,30.01
2026-08-12T07:51:01.399Z,30.41
2026-08-12T07:56:02.378Z,30.75
2026-08-12T08:01:02.551Z,31.07
2026-08-12T08:06:03.284Z,31.3
2026-08-12T08:11:02.349Z,31.3
2026-08-12T08:16:00.285Z,31.68
2026-08-12T08:21:02.721Z,31.76
2026-08-12T08:26:00.495Z,31.82
2026-08-12T08:31:02.59Z,31.87
2026-08-12T08:36:02.606Z,31.87
2026-08-12T08:41:00.198Z,31.96
2026-08-12T08:46:02.458Z,32.11
2026-08-12T08:51:00.22Z,32.22
2026-08-12T08:56:02.524Z,32.25
2026-08-12T09:01:02.625Z,32.45
2026-08-12T09:06:00.249Z,32.71
2026-08-12T09:11:02.706Z,32.71
2026-08-12T09:16:04.064Z,32.74
2026-08-12T09:21:00.394Z,32.97
2026-08-12T09:26:02.541Z,33.29
2026-08-12T09:31:02.45Z,33.37
2026-08-12T09:36:02.366Z,33.43
2026-08-12T09:41:00.491Z,33.83
2026-08-12T09:46:02.682Z,33.86
2026-08-12T09:51:02.359Z,33.95
2026-08-12T09:56:01.69Z,34.24
2026-08-12T10:01:03.338Z,34.03
2026-08-12T10:06:03.443Z,34.12
2026-08-12T10:11:03.53Z,34.55
2026-08-12T10:16:03.232Z,34.78
2026-08-12T10:21:03.103Z,34.96
2026-08-12T10:26:03.08Z,34.84
2026-08-12T10:31:01.146Z,34.78
2026-08-12T10:36:01.29Z,34.87
2026-08-12T10:41:03.561Z,35.07
2026-08-12T10:46:00.21Z,35.07
2026-08-12T10:51:02.951Z,35.27
2026-08-12T10:56:02.784Z,35.22
2026-08-12T11:01:00.417Z,35.33
2026-08-12T11:06:02.707Z,35.36
2026-08-12T11:11:01.806Z,35.47
2026-08-12T11:16:00.545Z,35.96
2026-08-12T11:21:01.87Z,36.08
2026-08-12T11:26:02.557Z,35.96
2026-08-12T11:31:02.58Z,36.31
2026-08-12T11:36:02.604Z,36.34
2026-08-12T11:41:00.279Z,36.37
2026-08-12T11:46:00.256Z,36.34
2026-08-12T11:51:02.168Z,36.66
2026-08-12T11:56:01.064Z,36.89
2026-08-12T12:01:02.501Z,36.74
2026-08-12T12:06:02.43Z,36.68
2026-08-12T12:11:00.385Z,36.71
2026-08-12T12:16:00.407Z,37.12
2026-08-12T12:21:02.752Z,37.09
2026-08-12T12:26:04.404Z,37.12
2026-08-12T12:31:02.511Z,36.97
2026-08-12T12:36:05.506Z,36.89
2026-08-12T12:41:02.921Z,36.97
2026-08-12T12:46:02.933Z,37.17
2026-08-12T12:51:01.993Z,37.46
2026-08-12T12:56:00.645Z,37.54
2026-08-12T13:01:02.931Z,37.49
2026-08-12T13:06:02.729Z,37.43
2026-08-12T13:11:11.791Z,37.35
2026-08-12T13:16:02.564Z,37.49
2026-08-12T13:21:09.335Z,37.69
2026-08-12T13:26:02.398Z,37.77
2026-08-12T13:31:00.352Z,37.66
2026-08-12T13:36:02.38Z,37.69
2026-08-12T13:41:00.258Z,37.77
2026-08-12T13:46:00.335Z,37.63
2026-08-12T13:51:00.222Z,37.75
2026-08-12T13:56:01.82Z,37.8
2026-08-12T14:01:04.804Z,37.77
2026-08-12T14:06:05.036Z,37.8
2026-08-12T14:11:03.446Z,37.86
2026-08-12T14:16:02.356Z,37.66
2026-08-12T14:21:03.985Z,37.46
2026-08-12T14:26:00.419Z,37.54
2026-08-12T14:31:00.437Z,37.49
2026-08-12T14:36:01.958Z,37.61
2026-08-12T14:41:02.542Z,37.69
2026-08-12T14:46:02.555Z,37.49
2026-08-12T14:51:02.315Z,37.43
2026-08-12T14:56:02.49Z,37.58
2026-08-12T15:01:02.346Z,37.86
2026-08-12T15:06:02.595Z,37.66
2026-08-12T15:11:03.25Z,37.77
2026-08-12T15:16:02.434Z,37.61
2026-08-12T15:21:02.296Z,37.35
2026-08-12T15:26:00.933Z,36.97
2026-08-12T15:31:02.627Z,37.03
2026-08-12T15:36:00.186Z,37.05
2026-08-12T15:41:02.309Z,36.91
2026-08-12T15:46:00.271Z,37.09
2026-08-12T15:51:01.285Z,37.0
2026-08-12T15:56:02.553Z,36.89
2026-08-12T16:01:01.665Z,36.89
2026-08-12T16:06:01.063Z,36.86
2026-08-12T16:11:00.925Z,36.83
2026-08-12T16:16:01.039Z,36.66
2026-08-12T16:21:01.354Z,36.66
2026-08-12T16:26:03.532Z,36.28
2026-08-12T16:31:00.333Z,36.11
2026-08-12T16:36:00.34Z,35.79
2026-08-12T16:41:00.171Z,35.65
2026-08-12T16:46:03.042Z,35.59
2026-08-12T16:51:02.509Z,35.39
2026-08-12T16:56:02.646Z,35.33
2026-08-12T17:01:02.418Z,35.13
2026-08-12T17:06:02.345Z,35.13
2026-08-12T17:11:02.454Z,35.01
2026-08-12T17:16:02.361Z,34.87
2026-08-12T17:21:00.213Z,34.81
2026-08-12T17:26:02.753Z,34.61
2026-08-12T17:31:00.254Z,34.47
2026-08-12T17:36:02.408Z,34.27
2026-08-12T17:41:01.196Z,34.15
2026-08-12T17:46:00.555Z,33.98
2026-08-12T17:51:01.812Z,33.92
2026-08-12T17:56:02.526Z,33.75
2026-08-12T18:01:02.441Z,33.69
2026-08-12T18:06:02.242Z,33.6
2026-08-12T18:11:00.316Z,33.4
2026-08-12T18:16:02.625Z,33.34
2026-08-12T18:21:01.258Z,33.2
2026-08-12T18:26:02.353Z,33.08
2026-08-12T18:31:02.251Z,33.0
2026-08-12T18:36:00.283Z,32.97
2026-08-12T18:41:02.374Z,32.85
2026-08-12T18:46:00.373Z,32.68
2026-08-12T18:51:00.647Z,32.68
2026-08-12T18:56:00.472Z,32.59
2026-08-12T19:01:02.411Z,32.57
2026-08-12T19:06:02.796Z,32.43
2026-08-12T19:11:02.647Z,32.28
2026-08-12T19:16:00.22Z,32.13
2026-08-12T19:21:00.251Z,31.99
2026-08-12T19:26:00.201Z,31.91
2026-08-12T19:31:00.265Z,31.76
2026-08-12T19:36:00.355Z,31.71
2026-08-12T19:41:04.631Z,31.53
2026-08-12T19:46:00.219Z,31.5
2026-08-12T19:51:02.416Z,31.3
2026-08-12T19:56:00.7Z,31.13
2026-08-12T20:01:02.477Z,30.99
2026-08-12T20:06:02.462Z,30.93
2026-08-12T20:11:02.368Z,30.93
2026-08-12T20:16:02.663Z,30.75
2026-08-12T20:21:02.379Z,30.7
2026-08-12T20:26:02.55Z,30.67
2026-08-12T20:31:00.231Z,30.61
2026-08-12T20:36:02.33Z,30.44
2026-08-12T20:41:00.38Z,30.44
2026-08-12T20:46:02.467Z,30.38
2026-08-12T20:51:02.814Z,30.24
2026-08-12T20:56:02.087Z,30.21
2026-08-12T21:01:02.459Z,30.15
2026-08-12T21:06:02.434Z,30.21
2026-08-12T21:11:00.208Z,30.06
2026-08-12T21:16:02.7Z,29.98
2026-08-12T21:21:00.302Z,30.04
2026-08-12T21:26:02.466Z,30.01
2026-08-12T21:31:00.523Z,29.83
2026-08-12T21:36:02.78Z,29.75
2026-08-12T21:41:02.482Z,29.66
2026-08-12T21:46:00.586Z,29.66
2026-08-12T21:51:00.276Z,29.52
2026-08-12T21:56:02.813Z,29.46
2026-08-12T22:01:01.926Z,29.34
2026-08-12T22:06:01.155Z,29.43
2026-08-12T22:11:03.052Z,29.34
2026-08-12T22:16:00.971Z,29.34
2026-08-12T22:21:00.234Z,29.29
2026-08-12T22:26:02.284Z,29.29
2026-08-12T22:31:00.377Z,29.26
2026-08-12T22:36:00.179Z,29.23
2026-08-12T22:41:00.143Z,29.23
2026-08-12T22:46:00.183Z,29.23
2026-08-12T22:51:03.285Z,29.26
2026-08-12T22:56:00.318Z,29.2
2026-08-12T23:01:00.282Z,29.14
2026-08-12T23:06:02.589Z,29.11
2026-08-12T23:11:02.357Z,29.08
2026-08-12T23:16:00.523Z,29.03
2026-08-12T23:21:00.211Z,29.0
2026-08-12T23:26:02.363Z,28.97
2026-08-12T23:31:00.48Z,28.97
2026-08-12T23:36:01.146Z,28.91
2026-08-12T23:41:01.919Z,28.91
2026-08-12T23:46:02.485Z,28.8
2026-08-12T23:51:03.653Z,28.74
2026-08-12T23:56:00.336Z,28.71
2026-08-13T00:01:00.214Z,28.65
2026-08-13T00:06:00.238Z,28.62
2026-08-13T00:11:02.493Z,28.65
2026-08-13T00:16:02.515Z,28.57
2026-08-13T00:21:02.378Z,28.62
2026-08-13T00:26:00.144Z,28.77
2026-08-13T00:31:00.28Z,28.77
2026-08-13T00:36:02.621Z,28.85
2026-08-13T00:41:00.508Z,28.91
2026-08-13T00:46:02.695Z,28.97
2026-08-13T00:51:02.346Z,28.97
2026-08-13T00:56:00.368Z,28.91
2026-08-13T01:01:02.523Z,28.91
2026-08-13T01:06:01.535Z,28.85
2026-08-13T01:11:02.392Z,28.8
2026-08-13T01:16:00.883Z,28.74
2026-08-13T01:21:00.268Z,28.71
2026-08-13T01:26:00.165Z,28.62
2026-08-13T01:31:02.453Z,28.54
2026-08-13T01:36:00.167Z,28.57
2026-08-13T01:41:00.227Z,28.54
2026-08-13T01:46:00.316Z,28.54
2026-08-13T01:51:02.498Z,28.45
2026-08-13T01:56:02.354Z,28.45
2026-08-13T02:01:00.164Z,28.36
2026-08-13T02:06:02.538Z,28.42
2026-08-13T02:11:00.228Z,28.39
2026-08-13T02:16:02.501Z,28.25
2026-08-13T02:21:02.251Z,28.31
2026-08-13T02:26:00.224Z,28.28
2026-08-13T02:31:00.185Z,28.28
2026-08-13T02:36:04.148Z,28.25
2026-08-13T02:41:00.318Z,28.19
2026-08-13T02:46:00.45Z,28.19
2026-08-13T02:51:02.748Z,28.22
2026-08-13T02:56:02.324Z,28.28
2026-08-13T03:01:00.25Z,28.19
2026-08-13T03:06:00.171Z,28.19
2026-08-13T03:11:02.084Z,28.05
2026-08-13T03:16:02.348Z,27.99
2026-08-13T03:21:00.242Z,27.87
2026-08-13T03:26:00.312Z,27.79
2026-08-13T03:31:00.144Z,27.62
2026-08-13T03:36:00.202Z,27.48
2026-08-13T03:41:01.02Z,27.53
2026-08-13T03:46:02.277Z,27.39
2026-08-13T03:51:01.431Z,27.39
2026-08-13T03:56:04.649Z,27.39
2026-08-13T04:01:00.902Z,27.36
2026-08-13T04:06:03.162Z,27.36
2026-08-13T04:11:03.391Z,27.41
2026-08-13T04:16:02.426Z,27.48
2026-08-13T04:21:00.229Z,27.36
2026-08-13T04:26:03.19Z,27.5
2026-08-13T04:31:02.475Z,27.48
2026-08-13T04:36:00.819Z,27.48
2026-08-13T04:41:02.54Z,27.41
2026-08-13T04:46:00.229Z,27.33
2026-08-13T04:51:02.431Z,27.3
2026-08-13T04:56:02.356Z,27.27
2026-08-13T05:01:01.268Z,27.13
2026-08-13T05:06:02.957Z,26.95
2026-08-13T05:11:00.198Z,26.84
2026-08-13T05:16:02.375Z,26.76
2026-08-13T05:21:02.506Z,26.78
2026-08-13T05:26:00.182Z,26.67
2026-08-13T05:31:00.271Z,26.52
2026-08-13T05:36:00.168Z,26.46
2026-08-13T05:41:02.307Z,26.41
2026-08-13T05:46:00.274Z,26.44
2026-08-13T05:51:00.966Z,26.44
2026-08-13T05:56:02.813Z,26.61
2026-08-13T06:01:02.521Z,26.76
2026-08-13T06:06:00.279Z,26.76
2026-08-13T06:11:00.195Z,26.78
2026-08-13T06:16:02.286Z,26.84
2026-08-13T06:21:05.512Z,26.81
2026-08-13T06:26:02.491Z,26.9
2026-08-13T06:31:00.305Z,26.84
2026-08-13T06:36:02.356Z,26.95
2026-08-13T06:41:02.379Z,27.07
2026-08-13T06:46:02.246Z,27.22
2026-08-13T06:51:02.269Z,27.39
2026-08-13T06:56:02.177Z,27.71
2026-08-13T07:01:00.263Z,27.85
2026-08-13T07:06:00.323Z,28.13
2026-08-13T07:11:00.387Z,28.36
2026-08-13T07:16:02.533Z,28.51
2026-08-13T07:21:03.482Z,28.6
2026-08-13T07:26:01.23Z,28.85
2026-08-13T07:31:00.261Z,29.03
2026-08-13T07:36:00.147Z,29.2
2026-08-13T07:41:02.736Z,29.29
2026-08-13T07:46:02.512Z,29.43
2026-08-13T07:51:02.336Z,29.55
2026-08-13T07:56:00.379Z,29.83
2026-08-13T08:01:00.704Z,30.01
2026-08-13T08:06:02.355Z,30.04
2026-08-13T08:11:00.167Z,30.27
2026-08-13T08:16:00.264Z,30.5
2026-08-13T08:21:00.178Z,30.73
2026-08-13T08:26:02.368Z,31.01
2026-08-13T08:31:02.417Z,31.13
2026-08-13T08:36:00.197Z,31.36
2026-08-13T08:41:00.307Z,31.59
2026-08-13T08:46:00.169Z,31.82
2026-08-13T08:51:02.481Z,31.82
2026-08-13T08:56:00.275Z,31.76
2026-08-13T09:01:00.347Z,32.05
2026-08-13T09:06:02.583Z,32.34
2026-08-13T09:11:02.374Z,32.85
2026-08-13T09:16:00.166Z,33.06
2026-08-13T09:21:00.595Z,33.43
2026-08-13T09:26:02.725Z,33.57
2026-08-13T09:31:02.449Z,33.75
2026-08-13T09:36:02.332Z,33.92
2026-08-13T09:41:00.253Z,34.03
2026-08-13T09:46:02.663Z,34.21
2026-08-13T09:51:02.575Z,34.44
2026-08-13T09:56:00.369Z,34.67
2026-08-13T10:01:01.025Z,34.9
2026-08-13T10:06:01.081Z,35.16
2026-08-13T10:11:01.39Z,35.39
2026-08-13T10:16:00.228Z,35.59
2026-08-13T10:21:00.269Z,35.7
2026-08-13T10:26:02.539Z,35.91
2026-08-13T10:31:02.984Z,36.14
2026-08-13T10:36:02.575Z,36.11
2026-08-13T10:41:02.444Z,36.28
2026-08-13T10:46:00.367Z,36.4
2026-08-13T10:51:02.353Z,36.54
2026-08-13T10:56:00.814Z,36.66
2026-08-13T11:01:01.155Z,36.63
2026-08-13T11:06:00.426Z,36.77
2026-08-13T11:11:01.216Z,36.94
2026-08-13T11:16:02.62Z,37.12
2026-08-13T11:21:02.512Z,37.29
2026-08-13T11:26:02.351Z,37.38
2026-08-13T11:31:02.553Z,37.49
2026-08-13T11:36:00.216Z,37.49
2026-08-13T11:41:00.339Z,37.66
2026-08-13T11:46:02.401Z,37.72
2026-08-13T11:51:00.145Z,37.75
2026-08-13T11:56:00.151Z,37.58
2026-08-13T12:01:02.371Z,37.77
2026-08-13T12:06:02.396Z,37.92
2026-08-13T12:11:00.144Z,38.21
2026-08-13T12:16:00.201Z,38.15
2026-08-13T12:21:00.173Z,38.24
2026-08-13T12:26:02.392Z,38.56
2026-08-13T12:31:02.543Z,38.64
2026-08-13T12:36:02.076Z,38.82
2026-08-13T12:41:01.935Z,38.73
2026-08-13T12:46:00.958Z,38.73
2026-08-13T12:51:00.301Z,38.78
2026-08-13T12:56:00.357Z,39.07
2026-08-13T13:01:00.868Z,39.22
2026-08-13T13:06:00.222Z,39.07
2026-08-13T13:11:02.609Z,38.82
2026-08-13T13:16:01.337Z,38.82
2026-08-13T13:21:00.298Z,39.01
2026-08-13T13:26:00.277Z,39.22
2026-08-13T13:31:03.29Z,39.45
2026-08-13T13:36:02.479Z,39.33
2026-08-13T13:41:00.232Z,39.53
2026-08-13T13:46:00.225Z,39.45
2026-08-13T13:51:02.559Z,39.47
2026-08-13T13:56:01.724Z,39.62
2026-08-13T14:01:05.017Z,39.47
2026-08-13T14:06:02.406Z,39.5
2026-08-13T14:11:00.388Z,39.85
2026-08-13T14:16:00.179Z,39.76
2026-08-13T14:21:02.662Z,39.56
2026-08-13T14:26:02.506Z,39.39
2026-08-13T14:31:02.553Z,39.45
2026-08-13T14:36:00.198Z,39.65
2026-08-13T14:41:02.423Z,39.73
2026-08-13T14:46:02.42Z,39.62
2026-08-13T14:51:02.327Z,39.7
2026-08-13T14:56:02.492Z,39.59
2026-08-13T15:01:00.225Z,39.45
2026-08-13T15:06:02.481Z,39.1
2026-08-13T15:11:00.153Z,38.93
2026-08-13T15:16:00.574Z,38.9
2026-08-13T15:21:02.579Z,38.87
2026-08-13T15:26:02.561Z,38.87
2026-08-13T15:31:03.337Z,38.75
2026-08-13T15:36:00.156Z,38.82
2026-08-13T15:41:00.283Z,38.67
2026-08-13T15:46:01.17Z,38.44
2026-08-13T15:51:02.609Z,38.35
2026-08-13T15:56:02.351Z,38.33
2026-08-13T16:01:00.204Z,38.29
2026-08-13T16:06:02.537Z,38.12
2026-08-13T16:11:02.511Z,38.07
2026-08-13T16:16:00.233Z,37.8
2026-08-13T16:21:00.185Z,37.89
2026-08-13T16:26:02.546Z,37.72
2026-08-13T16:31:00.231Z,37.75
2026-08-13T16:36:02.476Z,37.54
2026-08-13T16:41:02.992Z,37.52
2026-08-13T16:46:02.671Z,37.4
2026-08-13T16:51:02.387Z,37.29
2026-08-13T16:56:03.019Z,37.2
2026-08-13T17:01:00.136Z,37.15
2026-08-13T17:06:00.974Z,36.97
2026-08-13T17:11:00.371Z,36.86
2026-08-13T17:16:00.24Z,36.6
2026-08-13T17:21:00.192Z,36.4
2026-08-13T17:26:02.682Z,36.22
2026-08-13T17:31:02.546Z,36.11
2026-08-13T17:36:00.518Z,35.91
2026-08-13T17:41:02.355Z,35.91
2026-08-13T17:46:01.413Z,35.76
2026-08-13T17:51:02.307Z,35.47
2026-08-13T17:56:00.715Z,35.33
2026-08-13T18:01:00.268Z,35.27
2026-08-13T18:06:02.52Z,35.22
2026-08-13T18:11:02.575Z,35.1
2026-08-13T18:16:02.911Z,34.9
2026-08-13T18:21:00.166Z,34.67
2026-08-13T18:26:01.575Z,34.38
2026-08-13T18:31:02.409Z,34.29
2026-08-13T18:36:00.313Z,34.15
2026-08-13T18:41:02.205Z,34.01
2026-08-13T18:46:02.517Z,34.01
2026-08-13T18:51:00.346Z,33.8
2026-08-13T18:56:03.29Z,33.69
2026-08-13T19:01:00.17Z,33.57
2026-08-13T19:06:02.338Z,33.37
2026-08-13T19:11:00.153Z,33.26
2026-08-13T19:16:00.214Z,33.15
2026-08-13T19:21:02.727Z,33.06
2026-08-13T19:26:04.054Z,32.8
2026-08-13T19:31:02.547Z,32.71
2026-08-13T19:36:02.32Z,32.57
2026-08-13T19:41:02.243Z,32.45
2026-08-13T19:46:02.46Z,32.31
2026-08-13T19:51:00.444Z,32.25
2026-08-13T19:56:00.258Z,32.05
2026-08-13T20:01:00.205Z,31.91
2026-08-13T20:06:02.581Z,31.87
2026-08-13T20:11:02.281Z,31.79
2026-08-13T20:16:02.319Z,31.59
2026-08-13T20:21:00.831Z,31.53
2026-08-13T20:26:02.613Z,31.36
2026-08-13T20:31:02.393Z,31.42
2026-08-13T20:36:00.203Z,31.27
2026-08-13T20:41:00.164Z,31.16
2026-08-13T20:46:00.373Z,31.13
2026-08-13T20:51:00.286Z,31.07
2026-08-13T20:56:02.396Z,30.99
2026-08-13T21:01:00.206Z,30.96
2026-08-13T21:06:00.133Z,30.93
2026-08-13T21:11:00.325Z,30.84
2026-08-13T21:16:02.65Z,30.87
2026-08-13T21:21:02.54Z,30.84
2026-08-13T21:26:02.323Z,30.81
2026-08-13T21:31:00.261Z,30.78
2026-08-13T21:36:02.384Z,30.84
2026-08-13T21:41:03.833Z,30.73
2026-08-13T21:46:00.258Z,30.73
2026-08-13T21:51:01.004Z,30.7
2026-08-13T21:56:00.164Z,30.67
2026-08-13T22:01:00.13Z,30.58
2026-08-13T22:06:00.594Z,30.47
2026-08-13T22:11:00.155Z,30.44
2026-08-13T22:16:00.232Z,30.41
2026-08-13T22:21:02.386Z,30.32
2026-08-13T22:26:02.349Z,30.27
2026-08-13T22:31:00.338Z,30.24
2026-08-13T22:36:01.003Z,30.09
2026-08-13T22:41:00.243Z,30.04
2026-08-13T22:46:02.286Z,29.89
2026-08-13T22:51:00.503Z,29.89
2026-08-13T22:56:00.205Z,29.8
2026-08-13T23:01:02.383Z,29.66
2026-08-13T23:06:02.393Z,29.66
2026-08-13T23:11:00.183Z,29.6
2026-08-13T23:16:02.587Z,29.46
2026-08-13T23:21:02.341Z,29.43
2026-08-13T23:26:00.288Z,29.32
2026-08-13T23:31:00.212Z,29.34
2026-08-13T23:36:02.423Z,29.29
2026-08-13T23:41:02.479Z,29.23
2026-08-13T23:46:00.563Z,29.23
2026-08-13T23:51:02.59Z,29.29
2026-08-13T23:56:02.428Z,29.23
2026-08-14T00:01:00.43Z,29.32
2026-08-14T00:06:02.457Z,29.26
2026-08-14T00:11:02.334Z,29.23
2026-08-14T00:16:00.526Z,29.2
2026-08-14T00:21:00.143Z,29.08
2026-08-14T00:26:02.526Z,29.08
2026-08-14T00:31:02.399Z,29.03
2026-08-14T00:36:00.369Z,29.03
2026-08-14T00:41:02.435Z,29.03
2026-08-14T00:46:02.517Z,29.03
2026-08-14T00:51:02.606Z,28.97
2026-08-14T00:56:02.346Z,28.97
2026-08-14T01:01:01.637Z,28.91
2026-08-14T01:06:00.157Z,28.91
2026-08-14T01:11:02.416Z,29.03
2026-08-14T01:16:00.208Z,28.97
2026-08-14T01:21:00.245Z,28.85
2026-08-14T01:26:02.54Z,28.83
2026-08-14T01:31:02.363Z,28.91
2026-08-14T01:36:00.3Z,28.8
2026-08-14T01:41:00.243Z,28.74
2026-08-14T01:46:02.318Z,28.65
2026-08-14T01:51:01.698Z,28.65
2026-08-14T01:56:00.208Z,28.62
2026-08-14T02:01:02.374Z,28.51
2026-08-14T02:06:02.269Z,28.6
2026-08-14T02:11:00.244Z,28.6
2026-08-14T02:16:02.346Z,28.57
2026-08-14T02:21:02.539Z,28.48
2026-08-14T02:26:02.692Z,28.51
2026-08-14T02:31:02.413Z,28.54
2026-08-14T02:36:02.955Z,28.42
2026-08-14T02:41:00.284Z,28.34
2026-08-14T02:46:02.323Z,28.28
2026-08-14T02:51:00.972Z,28.13
2026-08-14T02:56:02.873Z,28.19
2026-08-14T03:01:00.264Z,28.11
2026-08-14T03:06:00.902Z,28.02
2026-08-14T03:11:00.894Z,28.02
2026-08-14T03:16:02.516Z,27.9
2026-08-14T03:21:00.216Z,27.93
2026-08-14T03:26:02.559Z,27.9
2026-08-14T03:31:03.228Z,27.9
2026-08-14T03:36:02.387Z,27.82
2026-08-14T03:41:00.578Z,27.82
2026-08-14T03:46:00.232Z,27.64
2026-08-14T03:51:03.287Z,27.64
2026-08-14T03:56:00.745Z,27.56
2026-08-14T04:01:02.619Z,27.62
2026-08-14T04:06:02.834Z,27.67
2026-08-14T04:11:02.245Z,27.71
2026-08-14T04:16:00.271Z,27.64
2026-08-14T04:21:02.396Z,27.59
2026-08-14T04:26:00.142Z,27.67
2026-08-14T04:31:00.177Z,27.73
2026-08-14T04:36:02.52Z,27.71
2026-08-14T04:41:01.086Z,27.73
2026-08-14T04:46:02.89Z,27.62
2026-08-14T04:51:02.274Z,27.48
2026-08-14T04:56:03.217Z,27.41
2026-08-14T05:01:00.181Z,27.3
2026-08-14T05:06:00.27Z,27.18
2026-08-14T05:11:00.2Z,27.22
2026-08-14T05:16:00.266Z,27.22
2026-08-14T05:21:02.486Z,27.13
2026-08-14T05:26:02.396Z,27.1
2026-08-14T05:31:02.309Z,27.18
2026-08-14T05:36:03.508Z,27.13
2026-08-14T05:41:00.172Z,27.07
2026-08-14T05:46:02.464Z,27.13
2026-08-14T05:51:02.314Z,27.22
2026-08-14T05:56:00.337Z,27.39
2026-08-14T06:01:00.253Z,27.41
2026-08-14T06:06:02.528Z,27.48
2026-08-14T06:11:00.476Z,27.59
2026-08-14T06:16:02.4Z,27.62
2026-08-14T06:21:00.202Z,27.67
2026-08-14T06:26:00.283Z,27.73
2026-08-14T06:31:00.215Z,27.71
2026-08-14T06:36:02.395Z,27.82
2026-08-14T06:41:00.142Z,27.87
2026-08-14T06:46:00.206Z,27.93
2026-08-14T06:51:02.558Z,27.97
2026-08-14T06:56:00.372Z,28.05
2026-08-14T07:01:02.482Z,28.31
2026-08-14T07:06:02.512Z,28.39
2026-08-14T07:11:02.51Z,28.65
2026-08-14T07:16:02.449Z,28.91
2026-08-14T07:21:02.413Z,29.17
2026-08-14T07:26:00.244Z,29.23
2026-08-14T07:31:02.527Z,29.29
2026-08-14T07:36:02.419Z,29.37
2026-08-14T07:41:02.3Z,29.43
2026-08-14T07:46:00.292Z,29.32
2026-08-14T07:51:00.137Z,29.34
2026-08-14T07:56:02.287Z,29.37
2026-08-14T08:01:02.48Z,29.29
2026-08-14T08:06:00.158Z,29.32
2026-08-14T08:11:00.182Z,29.43
2026-08-14T08:16:03.084Z,29.4
2026-08-14T08:21:02.377Z,29.34
2026-08-14T08:26:00.322Z,29.32
2026-08-14T08:31:00.487Z,29.57
2026-08-14T08:36:02.442Z,29.63
2026-08-14T08:41:02.396Z,29.98
2026-08-14T08:46:00.285Z,30.32
2026-08-14T08:51:02.615Z,30.87
2026-08-14T08:56:02.755Z,31.39
2026-08-14T09:01:00.226Z,31.73
2026-08-14T09:06:02.55Z,31.94
2026-08-14T09:11:02.534Z,31.96
2026-08-14T09:16:02.417Z,32.05
2026-08-14T09:21:02.55Z,32.25
2026-08-14T09:26:00.291Z,32.48
2026-08-14T09:31:00.503Z,32.66
2026-08-14T09:36:02.572Z,32.85
2026-08-14T09:41:02.4Z,32.94
2026-08-14T09:46:00.214Z,33.08
2026-08-14T09:51:01.042Z,33.11
2026-08-14T09:56:02.699Z,33.23
2026-08-14T10:01:02.338Z,33.54
2026-08-14T10:06:02.411Z,33.95
2026-08-14T10:11:00.362Z,34.24
2026-08-14T10:16:00.362Z,34.41
2026-08-14T10:21:02.32Z,34.81
2026-08-14T10:26:02.506Z,35.24
2026-08-14T10:31:02.384Z,35.47
2026-08-14T10:36:00.308Z,35.79
2026-08-14T10:41:06.581Z,36.05
2026-08-14T10:46:23.379Z,36.42
2026-08-14T10:51:02.566Z,36.74
2026-08-14T10:56:06.788Z,36.94
2026-08-14T11:01:21.029Z,37.31
2026-08-14T11:06:00.81Z,37.69
2026-08-14T11:11:02.568Z,37.72
2026-08-14T11:16:00.497Z,37.84
2026-08-14T11:21:02.378Z,37.8
2026-08-14T11:26:01.191Z,37.75
2026-08-14T11:31:00.161Z,38.03
2026-08-14T11:36:00.759Z,37.92
2026-08-14T11:41:00.266Z,38.15
2026-08-14T11:46:02.464Z,38.29
2026-08-14T11:51:02.485Z,38.52
2026-08-14T11:56:00.193Z,38.58
2026-08-14T12:01:02.459Z,38.82
2026-08-14T12:06:03.477Z,38.98
2026-08-14T12:11:02.483Z,39.01
2026-08-14T12:16:02.565Z,39.22
2026-08-14T12:21:02.51Z,39.45
2026-08-14T12:26:02.638Z,39.53
2026-08-14T12:31:02.303Z,39.73
2026-08-14T12:36:00.158Z,39.82
2026-08-14T12:41:00.547Z,39.93
2026-08-14T12:46:00.291Z,39.85
2026-08-14T12:51:01.679Z,40.02
2026-08-14T12:56:02.653Z,40.17
2026-08-14T13:01:00.219Z,40.34
2026-08-14T13:06:06.438Z,40.42
2026-08-14T13:11:07.165Z,40.4
2026-08-14T13:16:00.845Z,40.31
2026-08-14T13:21:00.341Z,40.34
2026-08-14T13:26:02.575Z,40.54
2026-08-14T13:31:00.241Z,40.63
2026-08-14T13:36:00.306Z,40.68
2026-08-14T13:41:00.19Z,40.51
2026-08-14T13:46:02.527Z,40.48
2026-08-14T13:51:02.469Z,40.37
2026-08-14T13:56:02.367Z,40.17
2026-08-14T14:01:00.95Z,40.22
2026-08-14T14:06:00.23Z,40.57
2026-08-14T14:11:00.165Z,40.63
2026-08-14T14:16:01.236Z,40.54
2026-08-14T14:21:00.133Z,40.6
2026-08-14T14:26:02.298Z,40.34
2026-08-14T14:31:03.094Z,40.42
2026-08-14T14:36:00.214Z,40.28
2026-08-14T14:41:01.04Z,40.25
2026-08-14T14:46:02.459Z,40.08
2026-08-14T14:51:02.41Z,39.85
2026-08-14T14:56:02.699Z,39.68
2026-08-14T15:01:00.121Z,39.45
2026-08-14T15:06:02.432Z,39.31
2026-08-14T15:11:00.321Z,39.36
2026-08-14T15:16:00.554Z,38.98
2026-08-14T15:21:02.775Z,38.96
2026-08-14T15:26:02.323Z,38.93
2026-08-14T15:31:01.297Z,39.13
2026-08-14T15:36:00.181Z,39.04
2026-08-14T15:41:02.346Z,39.1
2026-08-14T15:46:00.268Z,39.31
2026-08-14T15:51:00.142Z,39.33
2026-08-14T15:56:04.809Z,39.27
2026-08-14T16:01:02.724Z,39.13
2026-08-14T16:06:00.137Z,38.9
2026-08-14T16:11:00.375Z,38.67
2026-08-14T16:16:00.34Z,38.61
2026-08-14T16:21:00.164Z,38.52
2026-08-14T16:26:01.82Z,38.47
2026-08-14T16:31:00.142Z,38.33
2026-08-14T16:36:00.283Z,38.29
2026-08-14T16:41:00.217Z,38.44
2026-08-14T16:46:02.561Z,38.49
2026-08-14T16:51:02.493Z,38.44
2026-08-14T16:56:00.148Z,38.38
2026-08-14T17:01:00.212Z,38.38
2026-08-14T17:06:02.646Z,38.35
2026-08-14T17:11:02.468Z,38.24
2026-08-14T17:16:00.272Z,38.21
2026-08-14T17:21:00.383Z,37.69
2026-08-14T17:26:01.541Z,37.46
2026-08-14T17:31:02.402Z,37.17
2026-08-14T17:36:00.37Z,36.83
2026-08-14T17:41:02.389Z,36.63
2026-08-14T17:46:00.254Z,36.42
2026-08-14T17:51:00.195Z,36.08
2026-08-14T17:56:00.211Z,35.68
2026-08-14T18:01:02.392Z,35.33
2026-08-14T18:06:02.665Z,34.9
2026-08-14T18:11:00.226Z,34.7
2026-08-14T18:16:02.63Z,34.52
2026-08-14T18:21:04.249Z,34.38
2026-08-14T18:26:02.452Z,34.12
2026-08-14T18:31:02.343Z,33.98
2026-08-14T18:36:02.399Z,33.89
2026-08-14T18:41:00.381Z,33.52
2026-08-14T18:46:01.838Z,33.31
2026-08-14T18:51:00.564Z,33.17
2026-08-14T18:56:00.7Z,32.85
2026-08-14T19:01:00.295Z,32.59
2026-08-14T19:06:02.449Z,32.45
2026-08-14T19:11:01.689Z,32.19
2026-08-14T19:16:01.844Z,32.08
2026-08-14T19:21:02.376Z,31.87
2026-08-14T19:26:01.664Z,31.73
2026-08-14T19:31:01.667Z,31.53
2026-08-14T19:36:02.419Z,31.36
2026-08-14T19:41:00.166Z,31.3
2026-08-14T19:46:03.186Z,31.16
2026-08-14T19:51:00.359Z,31.1
2026-08-14T19:56:02.395Z,30.9
2026-08-14T20:01:00.348Z,30.81
2026-08-14T20:06:00.317Z,30.64
2026-08-14T20:11:01.849Z,30.61
2026-08-14T20:16:02.322Z,30.5
2026-08-14T20:21:02.47Z,30.32
2026-08-14T20:26:00.21Z,30.24
2026-08-14T20:31:00.137Z,30.24
2026-08-14T20:36:01.404Z,30.21
2026-08-14T20:41:02.392Z,30.12
2026-08-14T20:46:00.127Z,30.06
2026-08-14T20:51:00.302Z,29.98
2026-08-14T20:56:00.15Z,30.01
2026-08-14T21:01:04.563Z,29.89
2026-08-14T21:06:02.218Z,29.86
2026-08-14T21:11:02.486Z,29.78
2026-08-14T21:16:02.57Z,29.72
2026-08-14T21:21:00.337Z,29.8
2026-08-14T21:26:02.576Z,29.75
2026-08-14T21:31:02.314Z,29.72
2026-08-14T21:36:00.202Z,29.72
2026-08-14T21:41:00.266Z,29.63
2026-08-14T21:46:02.53Z,29.57
2026-08-14T21:51:02.363Z,29.43
2026-08-14T21:56:02.228Z,29.32
2026-08-14T22:01:02.554Z,29.29
2026-08-14T22:06:00.304Z,29.32
2026-08-14T22:11:04.144Z,29.29
2026-08-14T22:16:02.377Z,29.14
2026-08-14T22:21:02.729Z,29.17
2026-08-14T22:26:02.33Z,29.14
2026-08-14T22:31:00.322Z,29.11
2026-08-14T22:36:00.23Z,29.06
2026-08-14T22:41:00.18Z,29.03
2026-08-14T22:46:02.345Z,28.91
2026-08-14T22:51:00.263Z,28.97
2026-08-14T22:56:03.794Z,28.97
2026-08-14T23:01:00.865Z,28.91
2026-08-14T23:06:00.319Z,28.83
2026-08-14T23:11:00.147Z,28.88
2026-08-14T23:16:02.371Z,28.85
2026-08-14T23:21:00.265Z,28.8
2026-08-14T23:26:02.435Z,28.77
2026-08-14T23:31:02.574Z,28.74
2026-08-14T23:36:00.32Z,28.65
2026-08-14T23:41:01.161Z,28.51
2026-08-14T23:46:02.516Z,28.45
2026-08-14T23:51:02.426Z,28.48
2026-08-14T23:56:02.41Z,28.6
2026-08-15T00:01:00.32Z,28.57
2026-08-15T00:06:00.15Z,28.45
2026-08-15T00:11:02.452Z,28.42
2026-08-15T00:16:03.69Z,28.45
2026-08-15T00:21:01.702Z,28.36
2026-08-15T00:26:01.716Z,28.36
2026-08-15T00:31:02.713Z,28.36
2026-08-15T00:36:00.16Z,28.25
2026-08-15T00:41:05.847Z,28.19
2026-08-15T00:46:00.157Z,28.19
2026-08-15T00:51:01.499Z,28.08
2026-08-15T00:56:04.17Z,28.05
2026-08-15T01:01:03.243Z,27.97
2026-08-15T01:06:00.349Z,27.93
2026-08-15T01:11:00.205Z,27.93
2026-08-15T01:16:02.234Z,27.85
2026-08-15T01:21:00.238Z,27.79
2026-08-15T01:26:00.281Z,27.79
2026-08-15T01:31:02.426Z,27.76
2026-08-15T01:36:00.283Z,27.71
2026-08-15T01:41:00.24Z,27.76
2026-08-15T01:46:02.352Z,27.73
2026-08-15T01:51:00.365Z,27.67
2026-08-15T01:56:00.244Z,27.73
2026-08-15T02:01:02.39Z,27.71
2026-08-15T02:06:00.298Z,27.62
2026-08-15T02:11:00.157Z,27.59
2026-08-15T02:16:02.511Z,27.62
2026-08-15T02:21:00.359Z,27.56
2026-08-15T02:26:02.413Z,27.59
2026-08-15T02:31:00.304Z,27.39
2026-08-15T02:36:02.483Z,27.36
2026-08-15T02:41:00.18Z,27.33
2026-08-15T02:46:02.424Z,27.27
2026-08-15T02:51:00.117Z,27.22
2026-08-15T02:56:02.512Z,27.18
2026-08-15T03:01:02.687Z,27.22
2026-08-15T03:06:00.19Z,27.04
2026-08-15T03:11:02.326Z,27.01
2026-08-15T03:16:02.581Z,26.99
2026-08-15T03:21:00.435Z,26.9
2026-08-15T03:26:02.35Z,26.84
2026-08-15T03:31:00.331Z,26.87
2026-08-15T03:36:01.689Z,26.81
2026-08-15T03:41:02.413Z,26.78
2026-08-15T03:46:00.517Z,26.78
2026-08-15T03:51:02.999Z,26.78
2026-08-15T03:56:00.231Z,26.76
2026-08-15T04:01:00.127Z,26.58
2026-08-15T04:06:04.254Z,26.55
2026-08-15T04:11:00.31Z,26.55
2026-08-15T04:16:00.711Z,26.38
2026-08-15T04:21:00.247Z,26.44
2026-08-15T04:26:02.665Z,26.29
2026-08-15T04:31:02.477Z,26.2
2026-08-15T04:36:01.279Z,26.2
2026-08-15T04:41:02.295Z,26.2
2026-08-15T04:46:00.251Z,26.18
2026-08-15T04:51:00.181Z,26.2
2026-08-15T04:56:02.497Z,26.24
2026-08-15T05:01:00.145Z,26.24
2026-08-15T05:06:00.191Z,26.27
2026-08-15T05:11:01.153Z,26.27
2026-08-15T05:16:01.148Z,26.35
2026-08-15T05:21:02.427Z,26.29
2026-08-15T05:26:00.165Z,26.27
2026-08-15T05:31:02.798Z,26.27
2026-08-15T05:36:00.497Z,26.24
2026-08-15T05:41:02.423Z,26.12
2026-08-15T05:46:00.296Z,26.12
2026-08-15T05:51:00.233Z,26.06
2026-08-15T05:56:00.214Z,26.06
2026-08-15T06:01:03.117Z,26.06
2026-08-15T06:06:00.317Z,26.09
2026-08-15T06:11:02.472Z,26.01
2026-08-15T06:16:00.315Z,26.09
2026-08-15T06:21:00.239Z,26.2
2026-08-15T06:26:02.36Z,26.2
2026-08-15T06:31:00.683Z,26.24
2026-08-15T06:36:00.151Z,26.41
2026-08-15T06:41:03.042Z,26.46
2026-08-15T06:46:00.165Z,26.67
2026-08-15T06:51:00.285Z,26.69
2026-08-15T06:56:00.338Z,26.84
2026-08-15T07:01:00.537Z,26.92
2026-08-15T07:06:01.932Z,27.13
2026-08-15T07:11:02.033Z,27.39
2026-08-15T07:16:00.149Z,27.59
2026-08-15T07:21:00.33Z,27.79
2026-08-15T07:26:00.137Z,28.11
2026-08-15T07:31:00.214Z,28.36
2026-08-15T07:36:00.835Z,28.65
2026-08-15T07:41:05.185Z,29.11
2026-08-15T07:46:02.512Z,29.32
2026-08-15T07:51:02.517Z,29.55
2026-08-15T07:56:00.366Z,29.75
2026-08-15T08:01:00.295Z,30.12
2026-08-15T08:06:00.254Z,30.29
2026-08-15T08:11:00.249Z,30.67
2026-08-15T08:16:01.215Z,30.81
2026-08-15T08:21:02.445Z,31.16
2026-08-15T08:26:02.456Z,31.39
2026-08-15T08:31:00.237Z,31.5
2026-08-15T08:36:02.576Z,31.56
2026-08-15T08:41:02.439Z,31.87
2026-08-15T08:46:00.336Z,32.13
2026-08-15T08:51:03.397Z,32.22
2026-08-15T08:56:02.586Z,32.43
2026-08-15T09:01:02.444Z,32.74
2026-08-15T09:06:02.394Z,32.94
2026-08-15T09:11:00.198Z,33.34
2026-08-15T09:16:02.274Z,33.66
2026-08-15T09:21:00.313Z,33.95
2026-08-15T09:26:00.145Z,33.75
2026-08-15T09:31:00.172Z,34.06
2026-08-15T09:36:02.32Z,34.44
2026-08-15T09:41:00.133Z,34.73
2026-08-15T09:46:00.917Z,34.93
2026-08-15T09:51:02.45Z,35.24
2026-08-15T09:56:00.252Z,35.36
2026-08-15T10:01:02.626Z,35.47
2026-08-15T10:06:01.219Z,35.7
2026-08-15T10:11:00.238Z,35.79
2026-08-15T10:16:02.881Z,36.05
2026-08-15T10:21:02.85Z,36.37
2026-08-15T10:26:02.408Z,36.45
2026-08-15T10:31:03.335Z,36.89
2026-08-15T10:36:02.489Z,36.86
2026-08-15T10:41:02.469Z,37.17
2026-08-15T10:46:00.256Z,37.35
2026-08-15T10:51:00.172Z,37.69
2026-08-15T10:56:03.731Z,37.77
2026-08-15T11:01:02.497Z,37.69
2026-08-15T11:06:02.446Z,37.75
2026-08-15T11:11:03.597Z,37.84
2026-08-15T11:16:02.321Z,37.72
2026-08-15T11:21:02.463Z,37.84
2026-08-15T11:26:00.37Z,38.01
2026-08-15T11:31:00.345Z,38.21
2026-08-15T11:36:00.178Z,38.38
2026-08-15T11:41:01.3Z,38.35
2026-08-15T11:46:00.29Z,38.1
2026-08-15T11:51:00.23Z,38.1
2026-08-15T11:56:01.437Z,38.24
2026-08-15T12:01:02.481Z,38.44
2026-08-15T12:06:02.382Z,38.41
2026-08-15T12:11:02.278Z,38.67
2026-08-15T12:16:00.284Z,38.84
2026-08-15T12:21:00.238Z,38.9
2026-08-15T12:26:02.458Z,38.58
2026-08-15T12:31:02.384Z,38.93
2026-08-15T12:36:00.339Z,39.22
2026-08-15T12:41:02.37Z,39.24
2026-08-15T12:46:02.399Z,38.87
2026-08-15T12:51:00.31Z,39.04
2026-08-15T12:56:05.326Z,38.98
2026-08-15T13:01:00.633Z,38.9
2026-08-15T13:06:00.187Z,38.87
2026-08-15T13:11:00.161Z,38.58
2026-08-15T13:16:02.441Z,38.12
2026-08-15T13:21:02.216Z,38.01
2026-08-15T13:26:00.383Z,37.31
2026-08-15T13:31:00.314Z,36.63
2026-08-15T13:36:02.431Z,36.66
2026-08-15T13:41:00.269Z,36.31
2026-08-15T13:46:00.188Z,35.99
2026-08-15T13:51:02.551Z,35.79
2026-08-15T13:56:00.217Z,35.62
2026-08-15T14:01:00.183Z,36.14
2026-08-15T14:06:02.322Z,36.31
2026-08-15T14:11:00.23Z,36.25
2026-08-15T14:16:00.215Z,36.05
2026-08-15T14:21:02.547Z,36.08
2026-08-15T14:26:00.349Z,35.96
2026-08-15T14:31:00.28Z,36.05
2026-08-15T14:36:00.365Z,35.91
2026-08-15T14:41:00.256Z,35.85
2026-08-15T14:46:01.586Z,35.79
2026-08-15T14:51:00.571Z,35.76
2026-08-15T14:56:02.403Z,35.53
2026-08-15T15:01:03.571Z,35.45
2026-08-15T15:06:02.489Z,35.68
2026-08-15T15:11:00.797Z,35.79
2026-08-15T15:16:02.334Z,36.11
2026-08-15T15:21:00.209Z,35.94
2026-08-15T15:26:00.382Z,35.85
2026-08-15T15:31:02.414Z,35.85
2026-08-15T15:36:04.326Z,35.76
2026-08-15T15:41:00.248Z,35.79
2026-08-15T15:46:02.508Z,35.73
2026-08-15T15:51:02.337Z,35.7
2026-08-15T15:56:01.521Z,35.5
2026-08-15T16:01:00.234Z,35.45
2026-08-15T16:06:03.146Z,35.27
2026-08-15T16:11:03.486Z,35.19
2026-08-15T16:16:00.23Z,35.13
2026-08-15T16:21:00.144Z,35.16
2026-08-15T16:26:02.368Z,35.42
2026-08-15T16:31:02.463Z,35.88
2026-08-15T16:36:01.159Z,36.14
2026-08-15T16:41:00.403Z,36.02
2026-08-15T16:46:02.506Z,36.08
2026-08-15T16:51:01.225Z,36.17
2026-08-15T16:56:00.183Z,36.14
2026-08-15T17:01:01.146Z,36.02
2026-08-15T17:06:01.169Z,35.99
2026-08-15T17:11:02.442Z,36.17
2026-08-15T17:16:02.389Z,36.14
2026-08-15T17:21:00.207Z,36.05
2026-08-15T17:26:02.516Z,36.08
2026-08-15T17:31:03.72Z,36.02
2026-08-15T17:36:02.412Z,36.02
2026-08-15T17:41:00.272Z,36.08
2026-08-15T17:46:02.466Z,36.14
2026-08-15T17:51:02.467Z,35.62
2026-08-15T17:56:02.368Z,34.87
2026-08-15T18:01:00.187Z,33.92
2026-08-15T18:06:00.159Z,33.26
2026-08-15T18:11:00.273Z,32.97
2026-08-15T18:16:00.144Z,32.71
2026-08-15T18:21:02.409Z,32.31
2026-08-15T18:26:00.135Z,32.17
2026-08-15T18:31:03.39Z,31.96
2026-08-15T18:36:02.851Z,31.87
2026-08-15T18:41:03.077Z,31.82
2026-08-15T18:46:00.585Z,31.85
2026-08-15T18:51:02.465Z,31.79
2026-08-15T18:56:01.89Z,31.79
2026-08-15T19:01:02.48Z,31.62
2026-08-15T19:06:02.585Z,31.47
2026-08-15T19:11:02.304Z,31.36
2026-08-15T19:16:00.358Z,31.19
2026-08-15T19:21:00.195Z,31.13
2026-08-15T19:26:01.777Z,31.01
2026-08-15T19:31:02.425Z,30.93
2026-08-15T19:36:01.509Z,30.96
2026-08-15T19:41:02.556Z,30.93
2026-08-15T19:46:04.041Z,30.87
2026-08-15T19:51:03.331Z,30.81
2026-08-15T19:56:00.302Z,30.78
2026-08-15T20:01:00.23Z,30.84
2026-08-15T20:06:02.757Z,30.78
2026-08-15T20:11:00.205Z,30.78
2026-08-15T20:16:01.208Z,30.64
2026-08-15T20:21:02.37Z,30.67
2026-08-15T20:26:00.284Z,30.67
2026-08-15T20:31:02.473Z,30.61
2026-08-15T20:36:02.521Z,30.58
2026-08-15T20:41:00.138Z,30.55
2026-08-15T20:46:00.207Z,30.47
2026-08-15T20:51:03.44Z,30.27
2026-08-15T20:56:00.435Z,30.06
2026-08-15T21:01:02.357Z,29.92
2026-08-15T21:06:02.503Z,29.89
2026-08-15T21:11:00.293Z,29.8
2026-08-15T21:16:00.169Z,29.86
2026-08-15T21:21:00.187Z,29.75
2026-08-15T21:26:02.482Z,29.75
2026-08-15T21:31:03.108Z,29.72
2026-08-15T21:36:00.953Z,29.72
2026-08-15T21:41:02.401Z,29.6
2026-08-15T21:46:01.207Z,29.34
2026-08-15T21:51:02.26Z,29.29
2026-08-15T21:56:00.159Z,29.2
2026-08-15T22:01:01.195Z,29.14
2026-08-15T22:06:03.356Z,29.08
2026-08-15T22:11:02.482Z,28.91
2026-08-15T22:16:00.351Z,28.94
2026-08-15T22:21:02.37Z,28.8
2026-08-15T22:26:00.254Z,28.85
2026-08-15T22:31:00.204Z,28.77
2026-08-15T22:36:02.495Z,28.65
2026-08-15T22:41:00.329Z,28.6
2026-08-15T22:46:00.244Z,28.51
2026-08-15T22:51:02.575Z,28.54
2026-08-15T22:56:02.291Z,28.51
2026-08-15T23:01:00.389Z,28.54
2026-08-15T23:06:00.183Z,28.6
2026-08-15T23:11:02.44Z,28.54
2026-08-15T23:16:00.277Z,28.74
2026-08-15T23:21:00.251Z,28.97
2026-08-15T23:26:00.289Z,29.14
2026-08-15T23:31:00.671Z,29.08
2026-08-15T23:36:02.504Z,29.08
2026-08-15T23:41:02.397Z,29.08
2026-08-15T23:46:02.393Z,29.17
2026-08-15T23:51:02.548Z,29.23
2026-08-15T23:56:02.534Z,29.29
2026-08-16T00:01:01.124Z,29.34
2026-08-16T00:06:02.959Z,29.32
2026-08-16T00:11:02.367Z,29.32
2026-08-16T00:16:00.408Z,29.32
2026-08-16T00:21:00.216Z,29.26
2026-08-16T00:26:02.643Z,29.08
2026-08-16T00:31:01.702Z,29.06
2026-08-16T00:36:00.26Z,29.03
2026-08-16T00:41:02.346Z,29.11
2026-08-16T00:46:02.286Z,29.17
2026-08-16T00:51:02.567Z,29.08
2026-08-16T00:56:00.163Z,29.08
2026-08-16T01:01:02.542Z,29.03
2026-08-16T01:06:03.485Z,28.94
2026-08-16T01:11:02.432Z,28.77
2026-08-16T01:16:02.413Z,28.68
2026-08-16T01:21:00.26Z,28.6
2026-08-16T01:26:02.334Z,28.51
2026-08-16T01:31:02.482Z,28.39
2026-08-16T01:36:00.304Z,28.22
2026-08-16T01:41:00.393Z,28.16
2026-08-16T01:46:02.389Z,28.13
2026-08-16T01:51:03.081Z,27.99
2026-08-16T01:56:00.272Z,27.97
2026-08-16T02:01:02.657Z,27.97
2026-08-16T02:06:02.482Z,27.93
2026-08-16T02:11:03.15Z,27.97
2026-08-16T02:16:00.333Z,27.87
2026-08-16T02:21:02.392Z,27.87
2026-08-16T02:26:02.338Z,27.85
2026-08-16T02:31:00.355Z,27.82
2026-08-16T02:36:00.176Z,27.85
2026-08-16T02:41:02.472Z,27.73
2026-08-16T02:46:02.924Z,27.64
2026-08-16T02:51:00.222Z,27.56
2026-08-16T02:56:00.229Z,27.59
2026-08-16T03:01:03.104Z,27.48
2026-08-16T03:06:00.166Z,27.44
2026-08-16T03:11:00.265Z,27.39
2026-08-16T03:16:02.389Z,27.33
2026-08-16T03:21:03.064Z,27.33
2026-08-16T03:26:00.382Z,27.16
2026-08-16T03:31:00.301Z,27.07
2026-08-16T03:36:02.634Z,26.87
2026-08-16T03:41:02.5Z,26.58
2026-08-16T03:46:02.338Z,26.5
2026-08-16T03:51:00.226Z,26.44
2026-08-16T03:56:02.345Z,26.2
2026-08-16T04:01:00.307Z,26.06
2026-08-16T04:06:16.403Z,25.89
2026-08-16T04:11:02.3Z,25.8
2026-08-16T04:16:00.303Z,25.66
2026-08-16T04:21:02.351Z,25.46
2026-08-16T04:26:02.314Z,25.2
2026-08-16T04:31:00.353Z,25.09
2026-08-16T04:36:02.482Z,24.97
2026-08-16T04:41:00.183Z,24.85
2026-08-16T04:46:00.226Z,24.74
2026-08-16T04:51:02.42Z,24.71
2026-08-16T04:56:01.946Z,24.51
2026-08-16T05:01:05.808Z,24.57
2026-08-16T05:06:06.752Z,24.48
2026-08-16T05:11:02.351Z,24.77
2026-08-16T05:16:00.997Z,24.97
2026-08-16T05:21:00.158Z,25.2
2026-08-16T05:26:00.92Z,25.32
2026-08-16T05:31:02.737Z,25.49
2026-08-16T05:36:00.38Z,25.55
2026-08-16T05:41:00.264Z,25.6
2026-08-16T05:46:03.498Z,25.55
2026-08-16T05:51:00.184Z,25.46
2026-08-16T05:56:02.492Z,25.46
2026-08-16T06:01:02.615Z,25.52
2026-08-16T06:06:00.406Z,25.55
2026-08-16T06:11:00.348Z,25.57
2026-08-16T06:16:02.503Z,25.69
2026-08-16T06:21:02.909Z,25.75
2026-08-16T06:26:01.368Z,25.89
2026-08-16T06:31:02.563Z,25.86
2026-08-16T06:36:02.505Z,25.95
2026-08-16T06:41:02.684Z,26.04
2026-08-16T06:46:00.29Z,26.12
2026-08-16T06:51:00.51Z,26.2
2026-08-16T06:56:02.346Z,26.41
2026-08-16T07:01:02.463Z,26.5
2026-08-16T07:06:02.617Z,26.69
2026-08-16T07:11:02.591Z,26.87
2026-08-16T07:16:00.2Z,27.07
2026-08-16T07:21:00.33Z,27.27
2026-08-16T07:26:02.286Z,27.48
2026-08-16T07:31:02.332Z,27.73
2026-08-16T07:36:00.256Z,27.97
2026-08-16T07:41:00.178Z,28.02
2026-08-16T07:46:00.317Z,28.25
2026-08-16T07:51:02.488Z,28.51
2026-08-16T07:56:00.191Z,28.77
2026-08-16T08:01:02.648Z,28.97
2026-08-16T08:06:00.284Z,29.14
2026-08-16T08:11:02.333Z,29.34
2026-08-16T08:16:02.411Z,29.43
2026-08-16T08:21:00.184Z,29.63
2026-08-16T08:26:00.159Z,29.8
2026-08-16T08:31:03.444Z,29.98
2026-08-16T08:36:02.756Z,30.21
2026-08-16T08:41:02.54Z,30.58
2026-08-16T08:46:02.511Z,30.73
2026-08-16T08:51:00.215Z,31.13
2026-08-16T08:56:00.185Z,31.22
2026-08-16T09:01:00.561Z,31.56
2026-08-16T09:06:01.43Z,31.64
2026-08-16T09:11:00.422Z,31.73
2026-08-16T09:16:01.389Z,32.02
2026-08-16T09:21:00.212Z,32.05
2026-08-16T09:26:00.252Z,32.34
2026-08-16T09:31:00.407Z,32.36
2026-08-16T09:36:02.442Z,32.45
2026-08-16T09:41:02.419Z,32.36
2026-08-16T09:46:02.421Z,32.62
2026-08-16T09:51:02.403Z,32.66
2026-08-16T09:56:00.584Z,33.06
2026-08-16T10:01:03.334Z,33.17
2026-08-16T10:06:02.443Z,33.31
2026-08-16T10:11:01.93Z,33.57
2026-08-16T10:16:01.118Z,33.78
2026-08-16T10:21:00.219Z,33.89
2026-08-16T10:26:02.836Z,34.03
2026-08-16T10:31:04.142Z,34.24
2026-08-16T10:36:00.713Z,34.55
2026-08-16T10:41:00.157Z,34.64
2026-08-16T10:46:00.182Z,34.75
2026-08-16T10:51:00.244Z,34.98
2026-08-16T10:56:03.101Z,34.67
2026-08-16T11:01:02.667Z,35.04
2026-08-16T11:06:00.27Z,34.96
2026-08-16T11:11:00.192Z,35.16
2026-08-16T11:16:00.163Z,35.19
2026-08-16T11:21:02.734Z,35.19
2026-08-16T11:26:03.479Z,35.22
2026-08-16T11:31:02.587Z,35.42
2026-08-16T11:36:02.472Z,35.56
2026-08-16T11:41:02.79Z,35.5
2026-08-16T11:46:02.387Z,35.56
2026-08-16T11:51:01.137Z,35.68
2026-08-16T11:56:03.302Z,35.68
2026-08-16T12:01:00.291Z,35.88
2026-08-16T12:06:00.214Z,36.19
2026-08-16T12:11:01.165Z,36.34
2026-08-16T12:16:00.31Z,36.48
2026-08-16T12:21:00.151Z,36.51
2026-08-16T12:26:00.192Z,36.45
2026-08-16T12:31:02.511Z,36.17
2026-08-16T12:36:02.486Z,36.4
2026-08-16T12:41:02.445Z,36.4
2026-08-16T12:46:02.437Z,36.45
2026-08-16T12:51:00.309Z,36.08
2026-08-16T12:56:00.217Z,36.14
2026-08-16T13:01:02.792Z,36.02
2026-08-16T13:06:02.328Z,36.19
2026-08-16T13:11:00.201Z,36.19
2026-08-16T13:16:00.3Z,36.25
2026-08-16T13:21:02.627Z,35.99
2026-08-16T13:26:02.571Z,35.82
2026-08-16T13:31:04.565Z,35.91
2026-08-16T13:36:02.336Z,35.88
2026-08-16T13:41:02.565Z,35.62
2026-08-16T13:46:00.194Z,35.19
2026-08-16T13:51:02.536Z,35.16
2026-08-16T13:56:02.507Z,35.19
2026-08-16T14:01:02.569Z,35.24
2026-08-16T14:06:02.683Z,35.24
2026-08-16T14:11:00.331Z,35.27
2026-08-16T14:16:00.28Z,35.53
2026-08-16T14:21:02.629Z,35.5
2026-08-16T14:26:00.175Z,35.27
2026-08-16T14:31:00.165Z,35.33
2026-08-16T14:36:02.511Z,35.22
2026-08-16T14:41:03.082Z,35.24
2026-08-16T14:46:02.389Z,35.42
2026-08-16T14:51:03.184Z,35.47
2026-08-16T14:56:02.504Z,35.7
2026-08-16T15:01:00.325Z,35.56
2026-08-16T15:06:02.4Z,35.19
2026-08-16T15:11:02.321Z,35.19
2026-08-16T15:16:02.928Z,35.07
2026-08-16T15:21:00.388Z,35.22
2026-08-16T15:26:00.279Z,35.01
2026-08-16T15:31:03.673Z,34.84
2026-08-16T15:36:02.858Z,34.87
2026-08-16T15:41:02.318Z,34.84
2026-08-16T15:46:02.251Z,34.75
2026-08-16T15:51:00.391Z,34.81
2026-08-16T15:56:02.584Z,34.64
2026-08-16T16:01:00.201Z,34.73
2026-08-16T16:06:02.452Z,34.84
2026-08-16T16:11:02.444Z,34.9
2026-08-16T16:16:00.635Z,34.84
2026-08-16T16:21:02.374Z,35.04
2026-08-16T16:26:02.475Z,35.16
2026-08-16T16:31:00.332Z,35.04
2026-08-16T16:36:00.342Z,35.19
2026-08-16T16:41:02.512Z,35.07
2026-08-16T16:46:03.241Z,34.96
2026-08-16T16:51:03.034Z,34.78
2026-08-16T16:56:00.753Z,34.78
2026-08-16T17:01:02.42Z,34.73
2026-08-16T17:06:00.201Z,34.58
2026-08-16T17:11:00.405Z,34.47
2026-08-16T17:16:03.476Z,34.41
2026-08-16T17:21:02.538Z,34.18
2026-08-16T17:26:02.692Z,33.92
2026-08-16T17:31:00.329Z,33.83
2026-08-16T17:36:00.351Z,33.52
2026-08-16T17:41:01.158Z,33.4
2026-08-16T17:46:03.621Z,33.11
2026-08-16T17:51:02.431Z,33.08
2026-08-16T17:56:00.256Z,32.97
2026-08-16T18:01:00.261Z,32.91
2026-08-16T18:06:02.475Z,33.0
2026-08-16T18:11:00.217Z,32.85
2026-08-16T18:16:00.208Z,32.82
2026-08-16T18:21:02.907Z,32.74
2026-08-16T18:26:02.549Z,32.54
2026-08-16T18:31:02.34Z,32.43
2026-08-16T18:36:00.305Z,32.34
2026-08-16T18:41:02.83Z,32.17
2026-08-16T18:46:02.609Z,32.08
2026-08-16T18:51:02.496Z,31.99
2026-08-16T18:56:01.734Z,31.76
2026-08-16T19:01:12.732Z,31.68
2026-08-16T19:06:24.123Z,31.62
2026-08-16T19:11:02.391Z,31.45
2026-08-16T19:16:00.394Z,31.36
2026-08-16T19:21:01.642Z,31.19
2026-08-16T19:26:00.359Z,31.07
2026-08-16T19:31:00.802Z,31.07
2026-08-16T19:36:00.191Z,30.99
2026-08-16T19:41:02.54Z,30.96
2026-08-16T19:46:01.325Z,30.87
2026-08-16T19:51:02.735Z,30.81
2026-08-16T19:56:02.302Z,30.73
2026-08-16T20:01:00.31Z,30.58
2026-08-16T20:06:02.221Z,30.5
2026-08-16T20:11:00.27Z,30.44
2026-08-16T20:16:02.6Z,30.38
2026-08-16T20:21:02.455Z,30.38
2026-08-16T20:26:00.405Z,30.32
2026-08-16T20:31:00.246Z,30.18
2026-08-16T20:36:01.714Z,30.09
2026-08-16T20:41:02.308Z,30.09
2026-08-16T20:46:02.395Z,30.01
2026-08-16T20:51:02.336Z,30.01
2026-08-16T20:56:00.491Z,29.98
2026-08-16T21:01:03.033Z,29.89
2026-08-16T21:06:00.261Z,29.8
2026-08-16T21:11:00.188Z,29.83
2026-08-16T21:16:02.86Z,29.72
2026-08-16T21:21:00.618Z,29.72
2026-08-16T21:26:00.206Z,29.63
2026-08-16T21:31:02.966Z,29.63
2026-08-16T21:36:02.367Z,29.57
2026-08-16T21:41:00.18Z,29.49
2026-08-16T21:46:01.93Z,29.43
2026-08-16T21:51:00.165Z,29.46
2026-08-16T21:56:00.31Z,29.43
2026-08-16T22:01:03.296Z,29.34
2026-08-16T22:06:00.174Z,29.37
2026-08-16T22:11:00.175Z,29.29
2026-08-16T22:16:02.746Z,29.26
2026-08-16T22:21:02.799Z,29.17
2026-08-16T22:26:02.38Z,29.14
2026-08-16T22:31:01.382Z,29.11
2026-08-16T22:36:00.336Z,28.97
2026-08-16T22:41:00.646Z,28.94
2026-08-16T22:46:02.357Z,28.91
2026-08-16T22:51:02.299Z,28.94
2026-08-16T22:56:02.543Z,28.91
2026-08-16T23:01:02.441Z,28.88
2026-08-16T23:06:02.598Z,28.91
2026-08-16T23:11:02.42Z,28.88
2026-08-16T23:16:00.216Z,28.88
2026-08-16T23:21:00.341Z,28.97
2026-08-16T23:26:02.709Z,28.97
2026-08-16T23:31:02.486Z,29.06
2026-08-16T23:36:02.415Z,29.03
2026-08-16T23:41:02.382Z,29.03
2026-08-16T23:46:00.148Z,29.03
2026-08-16T23:51:02.462Z,29.03
2026-08-16T23:56:00.175Z,29.08
2026-08-17T00:01:00.249Z,29.06
2026-08-17T00:06:01.831Z,29.08
2026-08-17T00:11:02.333Z,29.11
2026-08-17T00:16:03.076Z,29.08
2026-08-17T00:21:01.948Z,29.06
2026-08-17T00:26:00.141Z,29.14
2026-08-17T00:31:03.089Z,29.0
2026-08-17T00:36:02.265Z,28.97
2026-08-17T00:41:02.729Z,29.0
2026-08-17T00:46:02.524Z,28.88
2026-08-17T00:51:02.427Z,28.91
2026-08-17T00:56:00.375Z,28.77
2026-08-17T01:01:03.138Z,28.85
2026-08-17T01:06:02.616Z,28.83
2026-08-17T01:11:03.35Z,28.85
2026-08-17T01:16:03.127Z,28.71
2026-08-17T01:21:05.574Z,28.68
2026-08-17T01:26:01.041Z,28.74
2026-08-17T01:31:03.595Z,28.71
2026-08-17T01:36:02.584Z,28.65
2026-08-17T01:41:00.171Z,28.51
2026-08-17T01:46:02.659Z,28.54
2026-08-17T01:51:03.325Z,28.6
2026-08-17T01:56:00.448Z,28.51
2026-08-17T02:01:02.671Z,28.45
2026-08-17T02:06:00.484Z,28.34
2026-08-17T02:11:02.444Z,28.28
2026-08-17T02:16:02.36Z,28.25
2026-08-17T02:21:00.173Z,28.19
2026-08-17T02:26:02.399Z,28.13
2026-08-17T02:31:00.376Z,28.08
2026-08-17T02:36:00.24Z,28.05
2026-08-17T02:41:01.494Z,27.99
2026-08-17T02:46:02.535Z,27.85
2026-08-17T02:51:02.543Z,27.76
2026-08-17T02:56:02.432Z,27.71
2026-08-17T03:01:02.53Z,27.59
2026-08-17T03:06:02.341Z,27.53
2026-08-17T03:11:00.169Z,27.48
2026-08-17T03:16:02.577Z,27.5
2026-08-17T03:21:02.523Z,27.36
2026-08-17T03:26:00.164Z,27.41
2026-08-17T03:31:02.402Z,27.39
2026-08-17T03:36:00.911Z,27.39
2026-08-17T03:41:03.026Z,27.39
2026-08-17T03:46:02.731Z,27.48
2026-08-17T03:51:00.401Z,27.41
2026-08-17T03:56:02.324Z,27.41
2026-08-17T04:01:02.878Z,27.33
2026-08-17T04:06:01.3Z,27.16
2026-08-17T04:11:03.335Z,27.16
2026-08-17T04:16:02.611Z,27.01
2026-08-17T04:21:02.928Z,26.95
2026-08-17T04:26:02.403Z,26.99
2026-08-17T04:31:03.218Z,26.95
2026-08-17T04:36:00.286Z,26.92
2026-08-17T04:41:00.244Z,26.78
2026-08-17T04:46:00.243Z,26.76
2026-08-17T04:51:01.054Z,26.67
2026-08-17T04:56:02.494Z,26.64
2026-08-17T05:01:02.46Z,26.69
2026-08-17T05:06:03.165Z,26.58
2026-08-17T05:11:00.197Z,26.55
2026-08-17T05:16:00.214Z,26.5
2026-08-17T05:21:00.286Z,26.46
2026-08-17T05:26:00.183Z,26.46
2026-08-17T05:31:02.695Z,26.46
2026-08-17T05:36:01.608Z,26.38
2026-08-17T05:41:02.023Z,26.5
2026-08-17T05:46:02.463Z,26.46
2026-08-17T05:51:00.239Z,26.41
2026-08-17T05:56:02.584Z,26.38
2026-08-17T06:01:02.535Z,26.41
2026-08-17T06:06:00.372Z,26.44
2026-08-17T06:11:02.548Z,26.35
2026-08-17T06:16:02.281Z,26.38
2026-08-17T06:21:00.317Z,26.35
2026-08-17T06:26:02.27Z,26.32
2026-08-17T06:31:02.61Z,26.32
2026-08-17T06:36:02.42Z,26.32
2026-08-17T06:41:02.713Z,26.46
2026-08-17T06:46:02.415Z,26.55
2026-08-17T06:51:00.252Z,26.73
2026-08-17T06:56:00.328Z,26.87
2026-08-17T07:01:02.471Z,27.07
2026-08-17T07:06:06.617Z,27.39
2026-08-17T07:11:02.489Z,27.67
2026-08-17T07:16:03.062Z,27.97
2026-08-17T07:21:02.291Z,28.25
2026-08-17T07:26:00.35Z,28.57
2026-08-17T07:31:01.821Z,28.83
2026-08-17T07:36:00.312Z,29.0
2026-08-17T07:41:00.198Z,29.29
2026-08-17T07:46:02.723Z,29.63
2026-08-17T07:51:00.268Z,30.04
2026-08-17T07:56:02.459Z,30.21
2026-08-17T08:01:02.43Z,30.29
2026-08-17T08:06:02.658Z,30.24
2026-08-17T08:11:02.483Z,30.58
2026-08-17T08:16:02.349Z,30.58
2026-08-17T08:21:00.347Z,31.07
2026-08-17T08:26:00.724Z,31.3
2026-08-17T08:31:00.216Z,31.36
2026-08-17T08:36:02.382Z,31.62
2026-08-17T08:41:00.153Z,31.82
2026-08-17T08:46:00.241Z,32.22
2026-08-17T08:51:00.153Z,32.51
2026-08-17T08:56:02.449Z,32.62
2026-08-17T09:01:10.351Z,32.59
2026-08-17T09:06:25.496Z,32.71
2026-08-17T09:11:02.642Z,33.03
2026-08-17T09:16:02.447Z,33.15
2026-08-17T09:21:02.686Z,33.37
2026-08-17T09:26:02.494Z,33.37
2026-08-17T09:31:03.842Z,33.43
2026-08-17T09:36:02.352Z,33.57
2026-08-17T09:41:02.359Z,33.75
2026-08-17T09:46:02.177Z,33.69
2026-08-17T09:51:00.194Z,34.18
2026-08-17T09:56:01.162Z,34.38
2026-08-17T10:01:00.563Z,34.32
2026-08-17T10:06:02.429Z,34.29
2026-08-17T10:11:00.153Z,34.18
2026-08-17T10:16:02.559Z,34.09
2026-08-17T10:21:02.399Z,34.38
2026-08-17T10:26:02.324Z,34.81
2026-08-17T10:31:00.214Z,34.93
2026-08-17T10:36:00.281Z,34.98
2026-08-17T10:41:00.149Z,35.33
2026-08-17T10:46:01.176Z,35.24
2026-08-17T10:51:00.211Z,35.1
2026-08-17T10:56:02.276Z,35.22
2026-08-17T11:01:01.524Z,35.33
2026-08-17T11:06:02.369Z,35.47
2026-08-17T11:11:00.315Z,35.3
2026-08-17T11:16:02.156Z,35.47
2026-08-17T11:21:00.159Z,35.88
2026-08-17T11:26:00.447Z,36.11
2026-08-17T11:31:02.392Z,36.17
2026-08-17T11:36:02.345Z,35.85
2026-08-17T11:41:00.181Z,35.88
2026-08-17T11:46:00.133Z,36.22
2026-08-17T11:51:02.552Z,36.25
2026-08-17T11:56:00.287Z,36.31
2026-08-17T12:01:02.356Z,36.25
2026-08-17T12:06:00.198Z,35.99
2026-08-17T12:11:01.568Z,36.28
2026-08-17T12:16:00.3Z,36.6
2026-08-17T12:21:00.716Z,36.83
2026-08-17T12:26:01.349Z,36.97
2026-08-17T12:31:02.61Z,36.83
2026-08-17T12:36:02.975Z,36.68
2026-08-17T12:41:02.498Z,36.42
2026-08-17T12:46:03.304Z,36.31
2026-08-17T12:51:02.469Z,36.42
2026-08-17T12:56:00.164Z,36.05
2026-08-17T13:01:01.071Z,35.88
2026-08-17T13:06:01.155Z,35.96
2026-08-17T13:11:02.381Z,36.08
2026-08-17T13:16:03.97Z,36.28
2026-08-17T13:21:03.388Z,36.08
2026-08-17T13:26:02.304Z,35.96
2026-08-17T13:31:02.521Z,36.08
2026-08-17T13:36:02.328Z,36.28
2026-08-17T13:41:00.851Z,36.48
2026-08-17T13:46:00.18Z,36.71
2026-08-17T13:51:00.425Z,37.05
2026-08-17T13:56:00.292Z,37.2
2026-08-17T14:01:00.368Z,37.38
2026-08-17T14:06:03.082Z,37.49
2026-08-17T14:11:00.134Z,37.61
2026-08-17T14:16:00.157Z,37.95
2026-08-17T14:21:00.283Z,37.86
2026-08-17T14:26:02.922Z,37.69
2026-08-17T14:31:03.532Z,37.54
2026-08-17T14:36:02.581Z,37.49
2026-08-17T14:41:02.497Z,37.38
2026-08-17T14:46:00.189Z,37.4
2026-08-17T14:51:03.609Z,37.61
2026-08-17T14:56:02.402Z,37.8
2026-08-17T15:01:02.242Z,38.01
2026-08-17T15:06:02.424Z,38.15
2026-08-17T15:11:00.192Z,37.95
2026-08-17T15:16:00.575Z,37.75
2026-08-17T15:21:00.209Z,37.75
2026-08-17T15:26:02.254Z,37.66
2026-08-17T15:31:00.227Z,37.54
2026-08-17T15:36:02.579Z,37.58
2026-08-17T15:41:00.653Z,37.49
2026-08-17T15:46:00.166Z,37.38
2026-08-17T15:51:02.424Z,37.26
2026-08-17T15:56:00.504Z,37.15
2026-08-17T16:01:01.843Z,37.03
2026-08-17T16:06:02.352Z,36.97
2026-08-17T16:11:02.503Z,36.91
2026-08-17T16:16:02.714Z,36.57
2026-08-17T16:21:04.87Z,36.25
2026-08-17T16:26:00.174Z,36.11
2026-08-17T16:31:02.483Z,36.14
2026-08-17T16:36:00.137Z,36.05
2026-08-17T16:41:02.801Z,35.82
2026-08-17T16:46:03.826Z,35.65
2026-08-17T16:51:00.329Z,35.56
2026-08-17T16:56:00.973Z,35.36
2026-08-17T17:01:02.682Z,35.27
2026-08-17T17:06:00.863Z,35.45
2026-08-17T17:11:02.814Z,35.5
2026-08-17T17:16:00.136Z,35.39
2026-08-17T17:21:01.104Z,35.45
2026-08-17T17:26:03.086Z,35.36
2026-08-17T17:31:02.351Z,35.24
2026-08-17T17:36:02.267Z,35.04
2026-08-17T17:41:00.304Z,35.01
2026-08-17T17:46:00.252Z,34.93
2026-08-17T17:51:02.912Z,34.87
2026-08-17T17:56:02.651Z,34.7
2026-08-17T18:01:00.307Z,34.47
2026-08-17T18:06:01.393Z,34.24
2026-08-17T18:11:00.163Z,33.98
2026-08-17T18:16:02.366Z,33.86
2026-08-17T18:21:02.338Z,33.72
2026-08-17T18:26:00.203Z,33.6
2026-08-17T18:31:00.265Z,33.52
2026-08-17T18:36:00.2Z,33.31
2026-08-17T18:41:02.49Z,33.17
2026-08-17T18:46:01.28Z,33.08
2026-08-17T18:51:02.547Z,32.89
2026-08-17T18:56:00.137Z,32.85
2026-08-17T19:01:02.019Z,32.77
2026-08-17T19:06:02.547Z,32.62
2026-08-17T19:11:00.151Z,32.51
2026-08-17T19:16:02.27Z,32.34
2026-08-17T19:21:00.209Z,32.25
2026-08-17T19:26:00.739Z,32.13
2026-08-17T19:31:02.343Z,32.02
2026-08-17T19:36:02.611Z,31.85
2026-08-17T19:41:01.218Z,31.71
2026-08-17T19:46:02.99Z,31.64
2026-08-17T19:51:02.598Z,31.53
2026-08-17T19:56:01.181Z,31.42
2026-08-17T20:01:00.312Z,31.24
2026-08-17T20:06:00.266Z,31.16
2026-08-17T20:11:02.326Z,30.96
2026-08-17T20:16:02.582Z,30.81
2026-08-17T20:21:02.287Z,30.78
2026-08-17T20:26:00.346Z,30.7
2026-08-17T20:31:00.18Z,30.7
2026-08-17T20:36:02.342Z,30.58
2026-08-17T20:41:00.355Z,30.52
2026-08-17T20:46:00.187Z,30.41
2026-08-17T20:51:02.528Z,30.35
2026-08-17T20:56:02.82Z,30.12
2026-08-17T21:01:00.217Z,29.89
2026-08-17T21:06:02.451Z,29.69
2026-08-17T21:11:02.741Z,29.49
2026-08-17T21:16:00.313Z,29.29
2026-08-17T21:21:00.121Z,29.29
2026-08-17T21:26:04.697Z,29.11
2026-08-17T21:31:02.539Z,28.88
2026-08-17T21:36:02.395Z,28.74
2026-08-17T21:41:00.272Z,28.51
2026-08-17T21:46:02.56Z,28.39
2026-08-17T21:51:02.448Z,28.36
2026-08-17T21:56:00.142Z,28.13
2026-08-17T22:01:00.123Z,28.02
2026-08-17T22:06:06.477Z,28.02
2026-08-17T22:11:00.23Z,27.87
2026-08-17T22:16:03.58Z,27.87
2026-08-17T22:21:02.307Z,27.85
2026-08-17T22:26:00.121Z,27.76
2026-08-17T22:31:00.212Z,27.73
2026-08-17T22:36:03.09Z,27.67
2026-08-17T22:41:00.245Z,27.64
2026-08-17T22:46:00.138Z,27.59
2026-08-17T22:51:02.369Z,27.56
2026-08-17T22:56:00.196Z,27.5
2026-08-17T23:01:02.563Z,27.48
2026-08-17T23:06:02.479Z,27.36
2026-08-17T23:11:00.154Z,27.39
2026-08-17T23:16:00.193Z,27.33
2026-08-17T23:21:02.424Z,27.3
2026-08-17T23:26:00.664Z,27.27
2026-08-17T23:31:03.236Z,27.22
2026-08-17T23:36:00.354Z,27.24
2026-08-17T23:41:02.532Z,27.16
2026-08-17T23:46:03.907Z,27.1
2026-08-17T23:51:00.266Z,27.07
2026-08-17T23:56:02.445Z,26.92
2026-08-18T00:01:00.124Z,26.9
2026-08-18T00:06:01.021Z,26.9
2026-08-18T00:11:02.38Z,26.84
2026-08-18T00:16:00.224Z,26.76
2026-08-18T00:21:03.214Z,26.73
2026-08-18T00:26:00.234Z,26.64
2026-08-18T00:31:00.181Z,26.52
2026-08-18T00:36:02.507Z,26.52
2026-08-18T00:41:03.092Z,26.84
2026-08-18T00:46:00.127Z,26.9
2026-08-18T00:51:00.607Z,26.99
2026-08-18T00:56:02.926Z,26.99
2026-08-18T01:01:00.322Z,26.95
2026-08-18T01:06:00.619Z,26.95
2026-08-18T01:11:02.45Z,26.92
2026-08-18T01:16:02.389Z,26.84
2026-08-18T01:21:00.338Z,26.76
2026-08-18T01:26:02.995Z,26.73
2026-08-18T01:31:02.384Z,26.84
2026-08-18T01:36:00.704Z,26.87
2026-08-18T01:41:00.222Z,26.76
2026-08-18T01:46:00.595Z,26.67
2026-08-18T01:51:00.849Z,26.5
2026-08-18T01:56:02.335Z,26.41
2026-08-18T02:01:00.275Z,26.41
2026-08-18T02:06:02.102Z,26.35
2026-08-18T02:11:02.428Z,26.32
2026-08-18T02:16:00.225Z,26.15
2026-08-18T02:21:02.605Z,25.92
2026-08-18T02:26:02.316Z,25.8
2026-08-18T02:31:00.633Z,25.8
2026-08-18T02:36:02.439Z,25.69
2026-08-18T02:41:00.295Z,25.66
2026-08-18T02:46:02.49Z,25.66
2026-08-18T02:51:02.59Z,25.63
2026-08-18T02:56:00.197Z,25.6
2026-08-18T03:01:00.248Z,25.69
2026-08-18T03:06:02.324Z,25.63
2026-08-18T03:11:00.331Z,25.72
2026-08-18T03:16:02.811Z,25.6
2026-08-18T03:21:00.164Z,25.66
2026-08-18T03:26:00.144Z,25.6
2026-08-18T03:31:02.343Z,25.57
2026-08-18T03:36:00.172Z,25.57
2026-08-18T03:41:00.381Z,25.52
2026-08-18T03:46:00.362Z,25.32
2026-08-18T03:51:00.366Z,25.2
2026-08-18T03:56:02.484Z,25.11
2026-08-18T04:01:02.763Z,25.06
2026-08-18T04:06:01.155Z,24.91
2026-08-18T04:11:03.151Z,24.71
2026-08-18T04:16:02.341Z,24.6
2026-08-18T04:21:02.435Z,24.48
2026-08-18T04:26:02.649Z,24.37
2026-08-18T04:31:00.22Z,24.28
2026-08-18T04:36:02.657Z,24.28
2026-08-18T04:41:00.178Z,24.13
2026-08-18T04:46:02.413Z,24.08
2026-08-18T04:51:00.82Z,24.05
2026-08-18T04:56:02.725Z,23.93
2026-08-18T05:01:00.292Z,23.96
2026-08-18T05:06:00.214Z,23.96
2026-08-18T05:11:02.912Z,23.93
2026-08-18T05:16:00.257Z,23.85
2026-08-18T05:21:00.184Z,23.76
2026-08-18T05:26:00.154Z,23.85
2026-08-18T05:31:02.402Z,23.79
2026-08-18T05:36:02.452Z,23.76
2026-08-18T05:41:02.384Z,23.7
2026-08-18T05:46:00.678Z,23.82
2026-08-18T05:51:02.739Z,23.79
2026-08-18T05:56:00.61Z,23.82
2026-08-18T06:01:02.317Z,23.9
2026-08-18T06:06:02.793Z,23.88
2026-08-18T06:11:02.427Z,23.96
2026-08-18T06:16:01.061Z,24.31
2026-08-18T06:21:02.162Z,24.54
2026-08-18T06:26:02.509Z,25.03
2026-08-18T06:31:02.319Z,25.34
2026-08-18T06:36:00.302Z,25.6
2026-08-18T06:41:00.334Z,25.89
2026-08-18T06:46:02.881Z,26.04
2026-08-18T06:51:02.378Z,26.24
2026-08-18T06:56:01.283Z,26.44
2026-08-18T07:01:02.449Z,26.67
2026-08-18T07:06:03.084Z,27.01
2026-08-18T07:11:02.779Z,27.18
2026-08-18T07:16:02.338Z,27.36
2026-08-18T07:21:02.398Z,27.62
2026-08-18T07:26:03.43Z,27.79
2026-08-18T07:31:00.707Z,27.99
2026-08-18T07:36:00.771Z,28.25
2026-08-18T07:41:02.248Z,28.54
2026-08-18T07:46:00.35Z,28.83
2026-08-18T07:51:00.797Z,29.17
2026-08-18T07:56:03.012Z,29.46
2026-08-18T08:01:02.587Z,29.6
2026-08-18T08:06:03.692Z,29.92
2026-08-18T08:11:03.005Z,30.27
2026-08-18T08:16:02.353Z,30.61
2026-08-18T08:21:00.248Z,30.9
2026-08-18T08:26:00.298Z,31.16
2026-08-18T08:31:00.216Z,31.5
2026-08-18T08:36:02.497Z,31.56
2026-08-18T08:41:00.256Z,31.71
2026-08-18T08:46:00.246Z,31.91
2026-08-18T08:51:02.414Z,32.02
2026-08-18T08:56:02.259Z,32.05
2026-08-18T09:01:00.169Z,32.34
2026-08-18T09:06:02.354Z,32.54
2026-08-18T09:11:00.17Z,32.71
2026-08-18T09:16:00.395Z,33.15
2026-08-18T09:21:00.15Z,33.46
2026-08-18T09:26:02.367Z,33.72
2026-08-18T09:31:02.96Z,33.95
2026-08-18T09:36:02.3Z,34.27
2026-08-18T09:41:00.345Z,34.58
2026-08-18T09:46:00.15Z,34.67
2026-08-18T09:51:02.467Z,35.13
2026-08-18T09:56:04.964Z,35.45
2026-08-18T10:01:02.629Z,35.62
2026-08-18T10:06:02.584Z,35.94
2026-08-18T10:11:02.571Z,35.96
2026-08-18T10:16:02.59Z,36.19
2026-08-18T10:21:00.314Z,36.77
2026-08-18T10:26:02.509Z,36.97
2026-08-18T10:31:02.313Z,37.09
2026-08-18T10:36:00.641Z,37.29
2026-08-18T10:41:02.619Z,37.49
2026-08-18T10:46:02.775Z,37.72
2026-08-18T10:51:00.541Z,37.92
2026-08-18T10:56:00.861Z,38.1
2026-08-18T11:01:00.205Z,38.07
2026-08-18T11:06:00.31Z,38.1
2026-08-18T11:11:00.374Z,38.12
2026-08-18T11:16:00.177Z,38.38
2026-08-18T11:21:00.157Z,38.29
2026-08-18T11:26:00.129Z,38.61
2026-08-18T11:31:04.031Z,39.01
2026-08-18T11:36:01.379Z,39.16
2026-08-18T11:41:00.354Z,39.39
2026-08-18T11:46:00.166Z,39.42
2026-08-18T11:51:00.27Z,39.36
2026-08-18T11:56:02.696Z,39.33
2026-08-18T12:01:02.686Z,39.22
2026-08-18T12:06:02.491Z,39.24
2026-08-18T12:11:02.408Z,39.04
2026-08-18T12:16:02.572Z,39.33
2026-08-18T12:21:02.446Z,39.19
2026-08-18T12:26:00.339Z,38.84
2026-08-18T12:31:02.546Z,38.49
2026-08-18T12:36:00.378Z,38.38
2026-08-18T12:41:00.213Z,38.24
2026-08-18T12:46:02.76Z,38.38
2026-08-18T12:51:02.308Z,38.12
2026-08-18T12:56:01.629Z,38.1
2026-08-18T13:01:03.223Z,38.1
2026-08-18T13:06:02.843Z,38.29
2026-08-18T13:11:03.326Z,38.26
2026-08-18T13:16:03.125Z,38.21
2026-08-18T13:21:01.553Z,38.29
2026-08-18T13:26:02.344Z,38.58
2026-08-18T13:31:02.281Z,38.49
2026-08-18T13:36:02.997Z,38.61
2026-08-18T13:41:01.274Z,38.7
2026-08-18T13:46:02.403Z,38.49
2026-08-18T13:51:03.389Z,38.49
2026-08-18T13:56:00.311Z,38.75
2026-08-18T14:01:00.317Z,38.82
2026-08-18T14:06:02.367Z,38.96
2026-08-18T14:11:02.355Z,39.04
2026-08-18T14:16:02.397Z,39.16
2026-08-18T14:21:00.204Z,39.36
2026-08-18T14:26:00.146Z,39.36
2026-08-18T14:31:00.229Z,39.27
2026-08-18T14:36:00.137Z,39.04
2026-08-18T14:41:02.583Z,39.01
2026-08-18T14:46:00.126Z,39.07
2026-08-18T14:51:02.66Z,38.93
2026-08-18T14:56:02.357Z,39.04
2026-08-18T15:01:02.366Z,39.33
2026-08-18T15:06:00.203Z,39.31
2026-08-18T15:11:00.239Z,39.39
2026-08-18T15:16:05.323Z,39.33
2026-08-18T15:21:00.264Z,39.56
2026-08-18T15:26:00.254Z,39.68
2026-08-18T15:31:00.31Z,39.93
2026-08-18T15:36:02.485Z,39.85
2026-08-18T15:41:00.17Z,39.56
2026-08-18T15:46:02.408Z,39.16
2026-08-18T15:51:00.372Z,39.07
2026-08-18T15:56:00.267Z,39.1
2026-08-18T16:01:02.535Z,39.22
2026-08-18T16:06:00.358Z,39.16
2026-08-18T16:11:00.194Z,38.96
2026-08-18T16:16:00.172Z,38.93
2026-08-18T16:21:02.504Z,39.1
2026-08-18T16:26:02.58Z,39.04
2026-08-18T16:31:00.383Z,39.04
2026-08-18T16:36:00.278Z,39.04
2026-08-18T16:41:02.384Z,39.16
2026-08-18T16:46:02.806Z,38.98
2026-08-18T16:51:00.192Z,38.82
2026-08-18T16:56:00.171Z,38.61
2026-08-18T17:01:02.489Z,38.56
2026-08-18T17:06:02.335Z,38.44
2026-08-18T17:11:00.208Z,38.33
2026-08-18T17:16:00.209Z,38.12
2026-08-18T17:21:02.481Z,38.07
2026-08-18T17:26:03.262Z,38.1
2026-08-18T17:31:00.31Z,37.77
2026-08-18T17:36:00.166Z,37.77
2026-08-18T17:41:00.197Z,37.66
2026-08-18T17:46:02.26Z,37.54
2026-08-18T17:51:00.337Z,37.35
2026-08-18T17:56:00.276Z,37.23
2026-08-18T18:01:00.168Z,37.09
2026-08-18T18:06:00.162Z,36.86
2026-08-18T18:11:00.183Z,36.71
2026-08-18T18:16:02.28Z,36.54
2026-08-18T18:21:02.817Z,36.37
2026-08-18T18:26:00.251Z,36.17
2026-08-18T18:31:02.712Z,35.99
2026-08-18T18:36:02.347Z,35.73
2026-08-18T18:41:00.602Z,35.65
2026-08-18T18:46:00.273Z,35.45
2026-08-18T18:51:00.246Z,35.24
2026-08-18T18:56:00.647Z,34.98
2026-08-18T19:01:01.12Z,34.81
2026-08-18T19:06:01.761Z,34.58
2026-08-18T19:11:02.163Z,34.38
2026-08-18T19:16:01.267Z,34.15
2026-08-18T19:21:03.199Z,33.98
2026-08-18T19:26:02.456Z,33.8
2026-08-18T19:31:01.071Z,33.66
2026-08-18T19:36:01.705Z,33.52
2026-08-18T19:41:01.586Z,33.34
2026-08-18T19:46:00.147Z,33.23
2026-08-18T19:51:00.186Z,33.06
2026-08-18T19:56:04.292Z,32.89
2026-08-18T20:01:02.351Z,32.77
2026-08-18T20:06:00.196Z,32.62
2026-08-18T20:11:00.202Z,32.59
2026-08-18T20:16:00.46Z,32.54
2026-08-18T20:21:00.343Z,32.4
2026-08-18T20:26:00.388Z,32.25
2026-08-18T20:31:00.155Z,32.11
2026-08-18T20:36:00.313Z,31.99
2026-08-18T20:41:00.338Z,31.94
2026-08-18T20:46:00.265Z,31.79
2026-08-18T20:51:00.243Z,31.62
2026-08-18T20:56:00.413Z,31.45
2026-08-18T21:01:26.869Z,31.39
2026-08-18T21:06:00.157Z,31.33
2026-08-18T21:11:02.428Z,31.13
2026-08-18T21:16:00.183Z,31.04
2026-08-18T21:21:02.051Z,31.01
2026-08-18T21:26:00.197Z,30.81
2026-08-18T21:31:03.304Z,30.67
2026-08-18T21:36:01.905Z,30.55
2026-08-18T21:41:02.358Z,30.5
2026-08-18T21:46:02.372Z,30.32
2026-08-18T21:51:00.136Z,30.21
2026-08-18T21:56:02.486Z,29.98
2026-08-18T22:01:01.174Z,29.8
2026-08-18T22:06:03.113Z,29.75
2026-08-18T22:11:01.145Z,29.66
2026-08-18T22:16:02.089Z,29.6
2026-08-18T22:21:01.57Z,29.55
2026-08-18T22:26:02.472Z,29.43
2026-08-18T22:31:02.626Z,29.4
2026-08-18T22:36:00.201Z,29.29
2026-08-18T22:41:00.177Z,29.26
2026-08-18T22:46:00.2Z,29.14
2026-08-18T22:51:02.433Z,29.06
2026-08-18T22:56:00.282Z,29.06
2026-08-18T23:01:01.625Z,29.06
2026-08-18T23:06:02.574Z,29.03
2026-08-18T23:11:02.437Z,28.94
2026-08-18T23:16:02.341Z,28.71
2026-08-18T23:21:02.968Z,28.65
2026-08-18T23:26:00.217Z,28.65
2026-08-18T23:31:00.412Z,28.54
2026-08-18T23:36:00.245Z,28.48
2026-08-18T23:41:00.133Z,28.42
2026-08-18T23:46:03.184Z,28.31
2026-08-18T23:51:00.222Z,28.22
2026-08-18T23:56:00.408Z,28.16
2026-08-19T00:01:02.578Z,28.05
2026-08-19T00:06:00.246Z,27.97
2026-08-19T00:11:01.447Z,27.9
2026-08-19T00:16:00.147Z,27.76
2026-08-19T00:21:02.722Z,27.71
2026-08-19T00:26:00.348Z,27.62
2026-08-19T00:31:00.397Z,27.59
2026-08-19T00:36:02.741Z,27.44
2026-08-19T00:41:02.292Z,27.36
2026-08-19T00:46:00.333Z,27.33
2026-08-19T00:51:00.362Z,27.36
2026-08-19T00:56:01.325Z,27.3
2026-08-19T01:01:01.186Z,27.18
2026-08-19T01:06:03.565Z,27.07
2026-08-19T01:11:00.166Z,27.1
2026-08-19T01:16:03.441Z,26.95
2026-08-19T01:21:03.095Z,26.92
2026-08-19T01:26:00.208Z,26.87
2026-08-19T01:31:03.214Z,26.81
2026-08-19T01:36:03.313Z,26.78
2026-08-19T01:41:00.936Z,26.78
2026-08-19T01:46:00.191Z,26.73
2026-08-19T01:51:02.784Z,26.58
2026-08-19T01:56:00.241Z,26.52
2026-08-19T02:01:00.123Z,26.5
2026-08-19T02:06:00.231Z,26.46
2026-08-19T02:11:00.644Z,26.27
2026-08-19T02:16:02.68Z,26.35
2026-08-19T02:21:00.132Z,26.5
2026-08-19T02:26:02.59Z,26.61
2026-08-19T02:31:00.175Z,26.61
2026-08-19T02:36:00.194Z,26.5
2026-08-19T02:41:03.415Z,26.52
2026-08-19T02:46:04.828Z,26.46
2026-08-19T02:51:04.861Z,26.41
2026-08-19T02:56:02.613Z,26.46
2026-08-19T03:01:00.24Z,26.35
2026-08-19T03:06:00.316Z,26.32
2026-08-19T03:11:02.605Z,26.32
2026-08-19T03:16:02.45Z,26.12
2026-08-19T03:21:00.128Z,26.01
2026-08-19T03:26:02.38Z,26.06
2026-08-19T03:31:00.308Z,25.97
2026-08-19T03:36:02.565Z,26.01
2026-08-19T03:41:02.358Z,25.95
2026-08-19T03:46:04.697Z,25.97
2026-08-19T03:51:02.581Z,26.04
2026-08-19T03:56:01.42Z,26.04
2026-08-19T04:01:00.216Z,26.01
2026-08-19T04:06:00.192Z,25.92
2026-08-19T04:11:00.272Z,25.72
2026-08-19T04:16:01.245Z,25.69
2026-08-19T04:21:00.201Z,25.57
2026-08-19T04:26:02.783Z,25.6
2026-08-19T04:31:00.23Z,25.63
2026-08-19T04:36:00.206Z,25.55
2026-08-19T04:41:02.387Z,25.6
2026-08-19T04:46:02.322Z,25.57
2026-08-19T04:51:00.192Z,25.6
2026-08-19T04:56:00.902Z,25.57
2026-08-19T05:01:03.471Z,25.57
2026-08-19T05:06:09.924Z,25.57
2026-08-19T05:11:00.253Z,25.6
2026-08-19T05:16:02.793Z,25.57
2026-08-19T05:21:02.622Z,25.52
2026-08-19T05:26:00.217Z,25.52
2026-08-19T05:31:00.267Z,25.55
2026-08-19T05:36:00.251Z,25.63
2026-08-19T05:41:00.243Z,25.49
2026-08-19T05:46:04.358Z,25.34
2026-08-19T05:51:00.327Z,25.37
2026-08-19T05:56:00.142Z,25.32
2026-08-19T06:01:00.269Z,25.32
2026-08-19T06:06:03.058Z,25.29
2026-08-19T06:11:02.656Z,25.34
2026-08-19T06:16:02.6Z,25.29
2026-08-19T06:21:02.37Z,25.46
2026-08-19T06:26:00.382Z,25.46
2026-08-19T06:31:00.378Z,25.69
2026-08-19T06:36:00.319Z,25.83
2026-08-19T06:41:00.181Z,26.01
2026-08-19T06:46:00.15Z,26.15
2026-08-19T06:51:02.819Z,26.44
2026-08-19T06:56:00.241Z,26.69
2026-08-19T07:01:00.164Z,26.92
2026-08-19T07:06:02.498Z,27.18
2026-08-19T07:11:02.846Z,27.33
2026-08-19T07:16:02.534Z,27.44
2026-08-19T07:21:00.841Z,27.5
2026-08-19T07:26:04.075Z,27.59
2026-08-19T07:31:02.604Z,27.87
2026-08-19T07:36:02.326Z,28.16
2026-08-19T07:41:00.386Z,28.34
2026-08-19T07:46:02.621Z,28.74
2026-08-19T07:51:00.727Z,29.08
2026-08-19T07:56:01.174Z,29.49
2026-08-19T08:01:02.371Z,29.86
2026-08-19T08:06:00.405Z,30.12
2026-08-19T08:11:00.678Z,30.44
2026-08-19T08:16:00.323Z,30.64
2026-08-19T08:21:02.503Z,30.93
2026-08-19T08:26:03.421Z,31.24
2026-08-19T08:31:02.53Z,31.5
2026-08-19T08:36:02.288Z,31.79
2026-08-19T08:41:00.209Z,31.91
2026-08-19T08:46:02.328Z,32.08
2026-08-19T08:51:01.901Z,32.45
2026-08-19T08:56:00.331Z,32.74
2026-08-19T09:01:02.418Z,33.0
2026-08-19T09:06:02.729Z,33.23
2026-08-19T09:11:02.605Z,33.43
2026-08-19T09:16:00.228Z,33.83
2026-08-19T09:21:01.308Z,34.24
2026-08-19T09:26:00.289Z,34.52
2026-08-19T09:31:01.115Z,34.81
2026-08-19T09:36:03.026Z,34.98
2026-08-19T09:41:02.596Z,35.24
2026-08-19T09:46:01.113Z,35.73
2026-08-19T09:51:03.265Z,35.99
2026-08-19T09:56:02.65Z,35.99
2026-08-19T10:01:03.846Z,36.22
2026-08-19T10:06:03.262Z,36.48
2026-08-19T10:11:03.208Z,36.74
2026-08-19T10:16:03.364Z,36.97
2026-08-19T10:21:02.937Z,37.2
2026-08-19T10:26:00.21Z,37.58
2026-08-19T10:31:00.149Z,37.86
2026-08-19T10:36:00.142Z,38.21
2026-08-19T10:41:02.535Z,38.52
2026-08-19T10:46:02.345Z,38.58
2026-08-19T10:51:00.321Z,38.52
2026-08-19T10:56:00.286Z,38.56
2026-08-19T11:01:03.591Z,38.84
2026-08-19T11:06:00.27Z,39.1
2026-08-19T11:11:00.28Z,39.31
2026-08-19T11:16:00.211Z,39.16
2026-08-19T11:21:00.213Z,39.13
2026-08-19T11:26:02.379Z,39.36
2026-08-19T11:31:02.544Z,39.62
2026-08-19T11:36:00.183Z,39.93
2026-08-19T11:41:02.411Z,40.25
2026-08-19T11:46:03.253Z,40.31
2026-08-19T11:51:02.596Z,40.57
2026-08-19T11:56:02.431Z,40.8
2026-08-19T12:01:00.861Z,40.94
2026-08-19T12:06:02.562Z,40.94
2026-08-19T12:11:02.478Z,41.12
2026-08-19T12:16:02.325Z,41.29
2026-08-19T12:21:01.267Z,41.58
2026-08-19T12:26:01.365Z,42.01
2026-08-19T12:31:00.363Z,42.07
2026-08-19T12:36:02.196Z,42.1
2026-08-19T12:41:00.214Z,42.18
2026-08-19T12:46:00.807Z,42.24
2026-08-19T12:51:02.949Z,42.35
2026-08-19T12:56:00.181Z,42.24
2026-08-19T13:01:02.675Z,42.44
2026-08-19T13:06:00.871Z,42.64
2026-08-19T13:11:00.604Z,42.64
2026-08-19T13:16:01.561Z,42.79
2026-08-19T13:21:02.606Z,42.87
2026-08-19T13:26:00.646Z,43.1
2026-08-19T13:31:02.657Z,43.39
2026-08-19T13:36:02.884Z,43.39
2026-08-19T13:41:00.347Z,43.47
2026-08-19T13:46:00.964Z,43.21
2026-08-19T13:51:00.241Z,43.25
2026-08-19T13:56:02.499Z,43.19
2026-08-19T14:01:00.175Z,43.1
2026-08-19T14:06:03.658Z,42.9
2026-08-19T14:11:00.288Z,42.79
2026-08-19T14:16:00.523Z,42.64
2026-08-19T14:21:00.146Z,42.67
2026-08-19T14:26:00.208Z,42.64
2026-08-19T14:31:00.216Z,42.47
2026-08-19T14:36:00.258Z,42.35
2026-08-19T14:41:02.446Z,42.44
2026-08-19T14:46:00.312Z,42.7
2026-08-19T14:51:02.613Z,42.56
2026-08-19T14:56:02.362Z,42.47
2026-08-19T15:01:02.425Z,42.56
2026-08-19T15:06:02.892Z,42.35
2026-08-19T15:11:06.516Z,42.76
2026-08-19T15:16:02.43Z,42.72
2026-08-19T15:21:02.733Z,42.56
2026-08-19T15:26:02.59Z,42.44
2026-08-19T15:31:19.734Z,42.27
2026-08-19T15:36:02.747Z,42.12
2026-08-19T15:41:02.4Z,41.78
2026-08-19T15:46:02.5Z,41.43
2026-08-19T15:51:00.207Z,41.2
2026-08-19T15:56:02.171Z,41.03
2026-08-19T16:01:03.463Z,40.68
2026-08-19T16:06:11.416Z,40.4
2026-08-19T16:11:00.308Z,40.17
2026-08-19T16:16:02.418Z,40.08
2026-08-19T16:21:00.232Z,39.91
2026-08-19T16:26:03.597Z,39.82
2026-08-19T16:31:01.543Z,39.59
2026-08-19T16:36:04.736Z,39.45
2026-08-19T16:41:00.279Z,39.27
2026-08-19T16:46:02.816Z,39.27
2026-08-19T16:51:01.847Z,39.27
2026-08-19T16:56:02.475Z,39.33
2026-08-19T17:01:02.466Z,39.31
2026-08-19T17:06:02.38Z,39.24
2026-08-19T17:11:02.583Z,39.65
2026-08-19T17:16:02.372Z,39.73
2026-08-19T17:21:02.995Z,39.93
2026-08-19T17:26:02.314Z,39.91
2026-08-19T17:31:00.312Z,39.85
2026-08-19T17:36:01.093Z,39.68
2026-08-19T17:41:01.599Z,39.56
2026-08-19T17:46:00.217Z,39.45
2026-08-19T17:51:00.297Z,39.24
2026-08-19T17:56:02.682Z,39.01
2026-08-19T18:01:00.138Z,38.52
2026-08-19T18:06:00.182Z,38.24
2026-08-19T18:11:02.606Z,38.24
2026-08-19T18:16:02.96Z,38.12
2026-08-19T18:21:01.059Z,37.98
2026-08-19T18:26:02.367Z,37.75
2026-08-19T18:31:03.3Z,37.58
2026-08-19T18:36:00.168Z,37.58
2026-08-19T18:41:00.137Z,37.43
2026-08-19T18:46:02.529Z,37.35
2026-08-19T18:51:00.161Z,37.31
2026-08-19T18:56:02.693Z,37.05
2026-08-19T19:01:01.195Z,38.56
2026-08-19T19:06:01.248Z,38.78
2026-08-19T19:11:02.538Z,38.38
2026-08-19T19:16:01.339Z,37.8
2026-08-19T19:21:01.156Z,38.07
2026-08-19T19:26:00.194Z,39.07
2026-08-19T19:31:00.24Z,38.75
2026-08-19T19:36:00.249Z,38.44
2026-08-19T19:41:03.08Z,38.1
2026-08-19T19:46:00.31Z,37.63
2026-08-19T19:51:00.227Z,36.86
2026-08-19T19:56:00.232Z,36.48
2026-08-19T20:01:02.858Z,36.22
2026-08-19T20:06:01.686Z,36.02
2026-08-19T20:11:02.464Z,35.82
2026-08-19T20:16:02.688Z,35.7
2026-08-19T20:21:00.188Z,35.53
2026-08-19T20:26:02.562Z,35.36
2026-08-19T20:31:02.475Z,35.1
2026-08-19T20:36:02.387Z,34.96
2026-08-19T20:41:00.274Z,34.81
2026-08-19T20:46:00.341Z,34.61
2026-08-19T20:51:00.814Z,34.52
2026-08-19T20:56:00.332Z,34.52
2026-08-19T21:01:00.32Z,34.41
2026-08-19T21:06:02.394Z,34.41
2026-08-19T21:11:02.521Z,34.55
2026-08-19T21:16:03.108Z,34.9
2026-08-19T21:21:02.512Z,35.16
2026-08-19T21:26:00.284Z,35.3
2026-08-19T21:31:00.304Z,35.27
2026-08-19T21:36:00.198Z,35.19
2026-08-19T21:42:12.143Z,35.39
2026-08-19T21:46:02.309Z,35.79
2026-08-19T21:51:02.378Z,36.08
2026-08-19T21:56:02.338Z,36.14
2026-08-19T22:01:01.344Z,36.25
2026-08-19T22:06:02.469Z,36.28
2026-08-19T22:11:03.387Z,36.28
2026-08-19T22:16:01.442Z,36.34
2026-08-19T22:21:03.029Z,36.28
2026-08-19T22:26:00.228Z,36.54
2026-08-19T22:31:01.781Z,36.6
2026-08-19T22:36:00.22Z,36.8
2026-08-19T22:41:03.167Z,36.77
2026-08-19T22:46:02.477Z,37.8
2026-08-19T22:51:00.136Z,38.47
2026-08-19T22:56:00.126Z,38.47
2026-08-19T23:01:00.246Z,38.18
2026-08-19T23:06:03.121Z,37.95
2026-08-19T23:11:01.117Z,37.52
2026-08-19T23:16:02.265Z,37.31
2026-08-19T23:21:01.685Z,37.09
2026-08-19T23:26:02.382Z,36.94
2026-08-19T23:31:02.476Z,36.8
2026-08-19T23:36:02.306Z,36.71
2026-08-19T23:41:00.801Z,36.48
2026-08-19T23:46:02.332Z,36.28
2026-08-19T23:51:02.4Z,36.08
2026-08-19T23:56:02.814Z,36.02
2026-08-20T00:01:00.306Z,35.91
2026-08-20T00:06:00.194Z,35.65
2026-08-20T00:11:02.983Z,35.53
2026-08-20T00:16:00.328Z,35.36
2026-08-20T00:21:03.572Z,34.98
2026-08-20T00:26:00.199Z,34.32
2026-08-20T00:31:02.435Z,33.89
2026-08-20T00:36:02.554Z,33.57
2026-08-20T00:41:00.221Z,33.52
2026-08-20T00:46:02.8Z,33.49
2026-08-20T00:51:00.298Z,33.54
2026-08-20T00:56:02.961Z,33.63
2026-08-20T01:01:03.954Z,33.6
2026-08-20T01:06:03.783Z,33.52
2026-08-20T01:11:03.213Z,33.4
2026-08-20T01:16:01.893Z,33.31
2026-08-20T01:21:01.567Z,33.29
2026-08-20T01:26:02.466Z,33.31
2026-08-20T01:31:02.296Z,33.29
2026-08-20T01:36:01.298Z,33.23
2026-08-20T01:41:02.406Z,33.15
2026-08-20T01:46:02.734Z,33.26
2026-08-20T01:51:00.489Z,33.37
2026-08-20T01:56:02.582Z,33.66
2026-08-20T02:01:02.348Z,33.8
2026-08-20T02:06:02.548Z,33.8
2026-08-20T02:11:00.162Z,33.78
2026-08-20T02:16:00.372Z,33.72
2026-08-20T02:21:00.783Z,33.6
2026-08-20T02:26:02.607Z,33.6
2026-08-20T02:31:02.422Z,33.66
2026-08-20T02:36:02.443Z,33.69
2026-08-20T02:41:00.177Z,33.72
2026-08-20T02:46:00.647Z,33.66
2026-08-20T02:51:02.466Z,33.63
2026-08-20T02:56:02.484Z,33.57
2026-08-20T03:01:04.145Z,33.52
2026-08-20T03:06:05.075Z,33.49
2026-08-20T03:11:00.316Z,33.54
2026-08-20T03:16:00.144Z,33.49
2026-08-20T03:21:03.169Z,33.49
2026-08-20T03:26:00.159Z,33.46
2026-08-20T03:31:00.368Z,33.52
2026-08-20T03:36:00.758Z,33.46
2026-08-20T03:41:05.324Z,33.31
2026-08-20T03:46:00.163Z,33.23
2026-08-20T03:51:02.523Z,33.03
2026-08-20T03:56:02.378Z,32.85
2026-08-20T04:01:02.417Z,32.8
2026-08-20T04:06:00.183Z,32.8
2026-08-20T04:11:02.466Z,32.71
2026-08-20T04:16:00.309Z,32.62
2026-08-20T04:21:02.553Z,32.45
2026-08-20T04:26:02.772Z,32.31
2026-08-20T04:31:02.581Z,32.31
2026-08-20T04:36:00.184Z,32.36
2026-08-20T04:41:00.192Z,32.31
2026-08-20T04:46:00.205Z,32.13
2026-08-20T04:51:02.951Z,32.05
2026-08-20T04:56:00.384Z,32.05
2026-08-20T05:01:00.727Z,32.08
2026-08-20T05:06:00.283Z,31.96
2026-08-20T05:11:02.587Z,31.71
2026-08-20T05:16:02.839Z,31.33
2026-08-20T05:21:00.203Z,31.16
2026-08-20T05:26:02.452Z,30.87
2026-08-20T05:31:02.352Z,30.52
2026-08-20T05:36:02.397Z,30.29
2026-08-20T05:41:03.359Z,30.09
2026-08-20T05:46:00.386Z,29.89
2026-08-20T05:51:00.238Z,29.8
2026-08-20T05:56:00.173Z,29.75
2026-08-20T06:01:00.173Z,29.55
2026-08-20T06:06:00.138Z,29.57
2026-08-20T06:11:02.341Z,29.46
2026-08-20T06:16:02.138Z,29.29
2026-08-20T06:21:00.235Z,29.34
2026-08-20T06:26:02.544Z,29.46
2026-08-20T06:31:00.138Z,29.6
2026-08-20T06:36:02.473Z,29.83
2026-08-20T06:41:02.323Z,30.09
2026-08-20T06:46:02.02Z,30.29
2026-08-20T06:51:00.154Z,30.61
2026-08-20T06:56:00.312Z,30.87
2026-08-20T07:01:01.323Z,31.42
2026-08-20T07:06:02.831Z,31.91
2026-08-20T07:11:04.59Z,32.28
2026-08-20T07:16:00.195Z,32.59
2026-08-20T07:21:03.422Z,32.71
2026-08-20T07:26:02.539Z,32.94
2026-08-20T07:31:02.685Z,33.06
2026-08-20T07:36:02.713Z,33.4
2026-08-20T07:41:03.085Z,33.69
2026-08-20T07:46:00.332Z,34.03
2026-08-20T07:51:00.157Z,34.06
2026-08-20T07:56:00.193Z,34.12
2026-08-20T08:01:00.29Z,34.24
2026-08-20T08:06:00.335Z,34.32
2026-08-20T08:11:02.377Z,34.35
2026-08-20T08:16:00.191Z,34.32
2026-08-20T08:21:00.337Z,34.5
2026-08-20T08:26:02.546Z,34.73
2026-08-20T08:31:02.502Z,34.81
2026-08-20T08:36:00.279Z,34.98
2026-08-20T08:41:00.217Z,35.24
2026-08-20T08:46:02.526Z,35.73
2026-08-20T08:51:00.286Z,36.25
2026-08-20T08:56:02.171Z,36.8
2026-08-20T09:01:02.704Z,37.2
2026-08-20T09:06:01.263Z,37.43
2026-08-20T09:11:00.152Z,37.63
2026-08-20T09:16:02.585Z,38.03
2026-08-20T09:21:02.476Z,38.01
2026-08-20T09:26:02.418Z,37.84
2026-08-20T09:31:02.623Z,37.77
2026-08-20T09:36:02.424Z,37.86
2026-08-20T09:41:02.463Z,38.1
2026-08-20T09:46:00.155Z,38.33
2026-08-20T09:51:00.294Z,38.56
2026-08-20T09:56:03.71Z,38.7
2026-08-20T10:01:02.523Z,38.78
2026-08-20T10:06:02.788Z,38.87
2026-08-20T10:11:01.088Z,38.93
2026-08-20T10:16:01.463Z,38.98
2026-08-20T10:21:02.66Z,39.01
2026-08-20T10:26:02.39Z,39.13
2026-08-20T10:31:02.532Z,39.31
2026-08-20T10:36:02.634Z,39.5
2026-08-20T10:41:02.548Z,39.7
2026-08-20T10:46:02.849Z,39.73
2026-08-20T10:51:00.212Z,39.68
2026-08-20T10:56:00.549Z,39.53
2026-08-20T11:01:02.567Z,39.39
2026-08-20T11:06:00.285Z,38.82
2026-08-20T11:11:00.325Z,38.67
2026-08-20T11:16:03.099Z,38.82
2026-08-20T11:21:01.795Z,38.24
2026-08-20T11:26:00.287Z,38.18
2026-08-20T11:31:00.228Z,38.18
2026-08-20T11:36:00.205Z,37.95
2026-08-20T11:41:00.367Z,38.07
2026-08-20T11:46:00.326Z,38.03
2026-08-20T11:51:00.222Z,37.95
2026-08-20T11:56:00.337Z,37.77
2026-08-20T12:01:00.154Z,37.77
2026-08-20T12:06:02.952Z,37.77
2026-08-20T12:11:02.493Z,37.69
2026-08-20T12:16:00.368Z,37.54
2026-08-20T12:21:00.263Z,37.61
2026-08-20T12:26:01.995Z,37.49
2026-08-20T12:31:01.058Z,37.72
2026-08-20T12:36:00.256Z,37.54
2026-08-20T12:41:00.518Z,37.38
2026-08-20T12:46:00.359Z,37.52
2026-08-20T12:51:01.059Z,37.61
2026-08-20T12:56:02.482Z,37.72
2026-08-20T13:01:07.447Z,37.75
2026-08-20T13:06:01.407Z,37.09
2026-08-20T13:11:00.166Z,37.31
2026-08-20T13:16:00.776Z,37.4
2026-08-20T13:21:01.519Z,37.49
2026-08-20T13:26:03.529Z,37.86
2026-08-20T13:31:03.159Z,37.75
2026-08-20T13:36:00.811Z,37.8
2026-08-20T13:41:02.762Z,37.86
2026-08-20T13:46:02.371Z,37.35
2026-08-20T13:51:01.791Z,36.57
2026-08-20T13:56:01.557Z,36.19
2026-08-20T14:01:02.682Z,35.96
2026-08-20T14:06:00.342Z,35.88
2026-08-20T14:11:02.504Z,35.62
2026-08-20T14:16:02.349Z,36.02
2026-08-20T14:21:00.134Z,35.94
2026-08-20T14:26:00.127Z,35.79
2026-08-20T14:31:00.124Z,35.76
2026-08-20T14:36:02.651Z,35.53
2026-08-20T14:41:02.548Z,35.36
2026-08-20T14:46:00.713Z,35.33
2026-08-20T14:51:02.809Z,34.96
2026-08-20T14:56:02.416Z,34.98
2026-08-20T15:01:00.161Z,35.04
2026-08-20T15:06:00.164Z,35.47
2026-08-20T15:11:02.529Z,35.5
2026-08-20T15:16:00.223Z,35.19
2026-08-20T15:21:01.286Z,35.07
2026-08-20T15:26:00.338Z,35.1
2026-08-20T15:31:02.886Z,35.04
2026-08-20T15:36:00.568Z,34.96
2026-08-20T15:41:02.438Z,35.04
2026-08-20T15:46:02.517Z,35.04
2026-08-20T15:51:02.361Z,35.07
2026-08-20T15:56:02.484Z,34.93
2026-08-20T16:01:01.319Z,34.9
2026-08-20T16:06:01.375Z,34.93
2026-08-20T16:11:01.564Z,34.81
2026-08-20T16:16:01.334Z,34.61
2026-08-20T16:21:02.489Z,34.44
2026-08-20T16:26:00.238Z,33.26
2026-08-20T16:31:01.036Z,31.73
2026-08-20T16:36:02.461Z,31.13
2026-08-20T16:41:03.712Z,31.04
2026-08-20T16:46:00.2Z,30.81
2026-08-20T16:51:00.306Z,30.41
2026-08-20T16:56:03.904Z,30.29
2026-08-20T17:01:00.205Z,30.47
2026-08-20T17:06:00.323Z,30.5
2026-08-20T17:11:00.33Z,30.44
2026-08-20T17:16:02.412Z,30.44
2026-08-20T17:21:00.223Z,30.47
2026-08-20T17:26:02.441Z,30.55
2026-08-20T17:31:02.82Z,30.41
2026-08-20T17:36:00.133Z,30.24
2026-08-20T17:41:04.835Z,30.15
2026-08-20T17:46:02.563Z,30.15
2026-08-20T17:51:02.395Z,30.21
2026-08-20T17:56:03.433Z,30.27
2026-08-20T18:01:00.793Z,30.06
2026-08-20T18:06:02.509Z,29.6
2026-08-20T18:11:03.07Z,29.46
2026-08-20T18:16:02.433Z,29.34
2026-08-20T18:21:03.438Z,29.34
2026-08-20T18:26:02.348Z,29.4
2026-08-20T18:31:01.501Z,29.37
2026-08-20T18:36:01.915Z,29.29
2026-08-20T18:41:00.105Z,29.32
2026-08-20T18:46:02.439Z,29.26
2026-08-20T18:51:00.179Z,29.14
2026-08-20T18:56:02.606Z,29.08
2026-08-20T19:01:03.049Z,29.14
2026-08-20T19:06:00.27Z,28.94
2026-08-20T19:11:00.829Z,28.62
2026-08-20T19:16:00.204Z,28.51
2026-08-20T19:21:03.288Z,28.31
2026-08-20T19:26:00.13Z,28.08
2026-08-20T19:31:02.452Z,28.02
2026-08-20T19:36:00.332Z,27.93
2026-08-20T19:41:00.214Z,27.87
2026-08-20T19:46:02.959Z,27.79
2026-08-20T19:51:02.559Z,27.76
2026-08-20T19:56:02.642Z,27.73
2026-08-20T20:01:02.464Z,27.71
2026-08-20T20:06:02.372Z,27.59
2026-08-20T20:11:00.254Z,27.48
2026-08-20T20:16:00.663Z,27.41
2026-08-20T20:21:00.172Z,27.41
2026-08-20T20:26:02.517Z,27.48
2026-08-20T20:31:03.595Z,27.33
2026-08-20T20:36:00.239Z,27.27
2026-08-20T20:41:02.617Z,27.3
2026-08-20T20:46:03.471Z,27.22
2026-08-20T20:51:00.59Z,27.13
2026-08-20T20:56:02.443Z,27.1
2026-08-20T21:01:02.573Z,26.95
2026-08-20T21:06:00.114Z,26.99
2026-08-20T21:11:00.783Z,26.78
2026-08-20T21:16:02.294Z,26.52
2026-08-20T21:21:02.521Z,26.41
2026-08-20T21:26:00.235Z,26.35
2026-08-20T21:31:00.11Z,26.29
2026-08-20T21:36:00.252Z,26.15
2026-08-20T21:41:02.503Z,26.09
2026-08-20T21:46:02.419Z,25.97
2026-08-20T21:51:02.574Z,26.01
2026-08-20T21:56:01.436Z,25.86
2026-08-20T22:01:02.657Z,25.86
2026-08-20T22:06:04.355Z,25.83
2026-08-20T22:11:02.531Z,25.86
2026-08-20T22:16:03.343Z,25.83
2026-08-20T22:21:00.178Z,25.86
2026-08-20T22:26:02.39Z,25.72
2026-08-20T22:31:02.353Z,25.69
2026-08-20T22:36:00.134Z,25.63
2026-08-20T22:41:02.519Z,25.57
2026-08-20T22:46:02.757Z,25.57
2026-08-20T22:51:02.428Z,25.55
2026-08-20T22:56:00.307Z,25.57
2026-08-20T23:01:02.746Z,25.52
2026-08-20T23:06:02.462Z,25.52
2026-08-20T23:11:00.144Z,25.49
2026-08-20T23:16:03.35Z,25.43
2026-08-20T23:21:00.154Z,25.49
2026-08-20T23:26:00.259Z,25.52
2026-08-20T23:31:02.502Z,25.49
2026-08-20T23:36:02.128Z,25.49
2026-08-20T23:41:00.924Z,25.55
2026-08-20T23:46:02.323Z,25.46
2026-08-20T23:51:00.286Z,25.32
2026-08-20T23:56:02.352Z,25.26
2026-08-21T00:01:00.346Z,25.2
2026-08-21T00:06:02.614Z,25.14
2026-08-21T00:11:02.85Z,25.14
2026-08-21T00:16:00.201Z,25.14
2026-08-21T00:21:02.599Z,25.14
2026-08-21T00:26:00.665Z,25.09
2026-08-21T00:31:00.075Z,25.06
2026-08-21T00:36:02.783Z,24.94
2026-08-21T00:41:00.273Z,25.03
2026-08-21T00:46:01.526Z,24.94
2026-08-21T00:51:02.472Z,24.94
2026-08-21T00:56:02.348Z,24.91
2026-08-21T01:01:03.837Z,24.88
2026-08-21T01:06:00.477Z,24.94
2026-08-21T01:11:00.083Z,25.0
2026-08-21T01:16:00.122Z,24.88
2026-08-21T01:21:00.21Z,24.91
2026-08-21T01:26:00.284Z,24.97
2026-08-21T01:31:01.44Z,24.85
2026-08-21T01:36:02.658Z,24.77
2026-08-21T01:41:01.266Z,24.6
2026-08-21T01:46:00.077Z,24.57
2026-08-21T01:51:02.452Z,24.45
2026-08-21T01:56:00.166Z,24.37
2026-08-21T02:01:02.628Z,24.39
2026-08-21T02:06:02.364Z,24.39
2026-08-21T02:11:00.221Z,24.57
2026-08-21T02:16:01.505Z,24.62
2026-08-21T02:21:00.161Z,24.62
2026-08-21T02:26:00.084Z,24.74
2026-08-21T02:31:02.283Z,24.77
2026-08-21T02:36:00.252Z,24.71
2026-08-21T02:41:02.529Z,24.71
2026-08-21T02:46:00.151Z,24.65
2026-08-21T02:51:00.158Z,24.45
2026-08-21T02:56:02.497Z,24.39
2026-08-21T03:01:00.644Z,24.28
2026-08-21T03:06:00.138Z,24.19
2026-08-21T03:11:00.08Z,24.08
2026-08-21T03:16:00.288Z,24.05
2026-08-21T03:21:00.13Z,24.02
2026-08-21T03:26:00.309Z,23.93
2026-08-21T03:31:02.473Z,23.85
2026-08-21T03:36:00.249Z,23.82
2026-08-21T03:41:03.282Z,23.67
2026-08-21T03:46:00.054Z,23.59
2026-08-21T03:51:02.608Z,23.56
2026-08-21T03:56:00.591Z,23.56
2026-08-21T04:01:03.615Z,23.53
2026-08-21T04:06:02.929Z,23.5
2026-08-21T04:11:00.187Z,23.56
2026-08-21T04:16:02.457Z,23.56
2026-08-21T04:21:03.063Z,23.5
2026-08-21T04:26:02.32Z,23.53
2026-08-21T04:31:00.244Z,23.39
2026-08-21T04:36:00.047Z,23.33
2026-08-21T04:41:00.054Z,23.3
2026-08-21T04:46:00.208Z,23.18
2026-08-21T04:51:02.997Z,23.18
2026-08-21T04:56:00.135Z,23.24
2026-08-21T05:01:00.234Z,23.3
2026-08-21T05:06:02.454Z,23.3
2026-08-21T05:11:00.047Z,23.33
2026-08-21T05:16:00.146Z,23.41
2026-08-21T05:21:00.202Z,23.44
2026-08-21T05:26:00.116Z,23.53
2026-08-21T05:31:00.501Z,23.65
2026-08-21T05:36:01.85Z,23.59
2026-08-21T05:41:00.217Z,23.59
2026-08-21T05:46:00.963Z,23.7
2026-08-21T05:51:00.172Z,23.76
2026-08-21T05:56:00.232Z,23.76
2026-08-21T06:01:00.116Z,23.79
2026-08-21T06:06:02.549Z,23.82
2026-08-21T06:11:00.145Z,23.88
2026-08-21T06:16:03.301Z,23.9
2026-08-21T06:21:00.631Z,23.99
2026-08-21T06:26:00.261Z,24.16
2026-08-21T06:31:00.475Z,24.45
2026-08-21T06:36:00.198Z,24.51
2026-08-21T06:41:00.188Z,24.83
2026-08-21T06:46:02.361Z,24.94
2026-08-21T06:51:02.597Z,25.11
2026-08-21T06:56:03.995Z,25.17
2026-08-21T07:01:00.583Z,25.52
2026-08-21T07:06:02.54Z,25.55
2026-08-21T07:11:02.597Z,25.66
2026-08-21T07:16:00.214Z,25.8
2026-08-21T07:21:00.516Z,25.97
2026-08-21T07:26:00.283Z,26.18
2026-08-21T07:31:00.267Z,26.5
2026-08-21T07:36:00.086Z,26.87
2026-08-21T07:41:00.242Z,27.07
2026-08-21T07:46:02.417Z,27.24
2026-08-21T07:51:00.123Z,27.53
2026-08-21T07:56:00.035Z,27.85
2026-08-21T08:01:00.124Z,28.13
2026-08-21T08:06:00.153Z,28.42
2026-08-21T08:11:00.243Z,28.65
2026-08-21T08:16:02.327Z,28.85
2026-08-21T08:21:04.405Z,28.97
2026-08-21T08:26:00.788Z,29.17
2026-08-21T08:31:01.251Z,29.26
2026-08-21T08:36:00.034Z,29.32
2026-08-21T08:41:02.382Z,29.57
2026-08-21T08:46:00.148Z,30.09
2026-08-21T08:51:00.273Z,30.18
2026-08-21T08:56:02.276Z,30.35
2026-08-21T09:01:00.119Z,30.67
2026-08-21T09:06:00.217Z,30.78
2026-08-21T09:11:04.141Z,30.87
2026-08-21T09:16:00.27Z,31.1
2026-08-21T09:21:02.33Z,31.19
2026-08-21T09:26:00.048Z,31.22
2026-08-21T09:31:02.581Z,31.45
2026-08-21T09:36:00.143Z,31.36
2026-08-21T09:41:00.075Z,31.71
2026-08-21T09:46:00.52Z,31.71
2026-08-21T09:51:02.6Z,31.82
2026-08-21T09:56:02.305Z,31.85
2026-08-21T10:01:00.41Z,31.94
2026-08-21T10:06:01.925Z,31.99
2026-08-21T10:11:01.074Z,32.22
2026-08-21T10:16:00.254Z,32.59
2026-08-21T10:21:00.189Z,32.85
2026-08-21T10:26:01.301Z,32.77
2026-08-21T10:31:02.496Z,32.91
2026-08-21T10:36:01.833Z,33.29
2026-08-21T10:41:00.247Z,33.52
2026-08-21T10:46:00.091Z,33.78
2026-08-21T10:51:00.081Z,33.72
2026-08-21T10:56:00.462Z,33.72
2026-08-21T11:01:00.059Z,33.75
2026-08-21T11:06:02.954Z,33.92
2026-08-21T11:11:00.274Z,33.95
2026-08-21T11:16:00.258Z,34.24
2026-08-21T11:21:00.186Z,34.27
2026-08-21T11:26:02.832Z,34.47
2026-08-21T11:31:00.14Z,34.47
2026-08-21T11:36:00.245Z,34.52
2026-08-21T11:41:02.45Z,34.52
2026-08-21T11:46:01.092Z,34.5
2026-08-21T11:51:04.86Z,34.64
2026-08-21T11:56:05.155Z,35.13
2026-08-21T12:01:00.183Z,35.36
2026-08-21T12:06:01.572Z,35.36
2026-08-21T12:11:00.093Z,35.13
2026-08-21T12:16:00.124Z,34.93
2026-08-21T12:21:02.682Z,35.24
2026-08-21T12:26:00.181Z,35.36
2026-08-21T12:31:00.108Z,35.39
2026-08-21T12:36:02.52Z,35.62
2026-08-21T12:41:00.089Z,35.59
2026-08-21T12:46:01.925Z,35.39
2026-08-21T12:51:00.116Z,35.59
2026-08-21T12:56:00.196Z,36.05
2026-08-21T13:01:03.401Z,36.08
2026-08-21T13:06:00.074Z,36.14
2026-08-21T13:11:00.391Z,36.19
2026-08-21T13:16:02.974Z,36.28
2026-08-21T13:21:00.08Z,36.37
2026-08-21T13:26:02.552Z,36.42
2026-08-21T13:31:00.245Z,36.51
2026-08-21T13:36:01.923Z,36.42
2026-08-21T13:41:02.509Z,36.51
2026-08-21T13:46:00.231Z,36.19
2026-08-21T13:51:02.704Z,36.25
2026-08-21T13:56:00.102Z,36.45
2026-08-21T14:01:00.044Z,36.71
2026-08-21T14:06:00.276Z,36.94
2026-08-21T14:11:00.272Z,36.83
2026-08-21T14:16:02.411Z,36.8
2026-08-21T14:21:01.568Z,36.8
2026-08-21T14:26:00.042Z,36.91
2026-08-21T14:31:00.058Z,36.97
2026-08-21T14:36:02.489Z,36.89
2026-08-21T14:41:00.304Z,37.09
2026-08-21T14:46:00.272Z,37.4
2026-08-21T14:51:00.146Z,37.77
2026-08-21T14:56:02.493Z,37.69
2026-08-21T15:01:00.277Z,37.75
2026-08-21T15:06:02.343Z,38.03
2026-08-21T15:11:00.293Z,38.1
2026-08-21T15:16:00.134Z,37.72
2026-08-21T15:21:02.076Z,37.46
2026-08-21T15:26:02.422Z,37.26
2026-08-21T15:31:00.215Z,37.05
2026-08-21T15:36:01.824Z,36.86
2026-08-21T15:41:02.466Z,36.86
2026-08-21T15:46:00.417Z,36.77
2026-08-21T15:51:00.146Z,36.57
2026-08-21T15:56:00.15Z,36.51
2026-08-21T16:01:00.299Z,36.48
2026-08-21T16:06:01.303Z,36.34
2026-08-21T16:11:00.047Z,36.08
2026-08-21T16:16:00.153Z,36.02
2026-08-21T16:21:00.135Z,35.96
2026-08-21T16:26:00.114Z,35.79
2026-08-21T16:31:00.081Z,35.68
2026-08-21T16:36:00.151Z,35.5
2026-08-21T16:41:02.288Z,35.33
2026-08-21T16:46:00.317Z,35.27
2026-08-21T16:51:00.186Z,35.1
2026-08-21T16:56:00.175Z,35.22
2026-08-21T17:01:00.478Z,35.27
2026-08-21T17:06:02.48Z,35.16
2026-08-21T17:11:00.197Z,35.1
2026-08-21T17:16:00.248Z,34.96
2026-08-21T17:21:02.483Z,34.75
2026-08-21T17:26:00.17Z,34.58
2026-08-21T17:31:00.23Z,34.67
2026-08-21T17:36:02.472Z,34.47
2026-08-21T17:41:02.502Z,34.21
2026-08-21T17:46:00.06Z,34.12
2026-08-21T17:51:00.275Z,33.98
2026-08-21T17:56:00.264Z,33.78
2026-08-21T18:01:00.241Z,33.86
2026-08-21T18:06:00.221Z,33.69
2026-08-21T18:11:00.143Z,33.6
2026-08-21T18:16:00.198Z,33.37
2026-08-21T18:21:02.46Z,33.2
2026-08-21T18:26:00.21Z,33.0
2026-08-21T18:31:02.597Z,32.85
2026-08-21T18:36:02.294Z,32.71
2026-08-21T18:41:00.214Z,32.62
2026-08-21T18:46:00.289Z,32.59
2026-08-21T18:51:02.526Z,32.45
2026-08-21T18:56:02.338Z,32.31
2026-08-21T19:01:00.866Z,32.13
2026-08-21T19:06:00.176Z,32.02
2026-08-21T19:11:00.677Z,31.99
2026-08-21T19:16:00.079Z,31.79
2026-08-21T19:21:00.205Z,31.76
2026-08-21T19:26:00.626Z,31.64
2026-08-21T19:31:02.569Z,31.56
2026-08-21T19:36:00.269Z,31.39
2026-08-21T19:41:02.618Z,31.19
2026-08-21T19:46:02.351Z,31.04
2026-08-21T19:51:00.297Z,30.9
2026-08-21T19:56:00.23Z,30.67
2026-08-21T20:01:02.466Z,30.47
2026-08-21T20:06:00.223Z,30.29
2026-08-21T20:11:03.645Z,30.09
2026-08-21T20:16:02.425Z,29.83
2026-08-21T20:21:00.264Z,29.75
2026-08-21T20:26:02.67Z,29.46
2026-08-21T20:31:02.496Z,29.46
2026-08-21T20:36:00.467Z,29.37
2026-08-21T20:41:02.575Z,29.37
2026-08-21T20:46:02.439Z,29.57
2026-08-21T20:51:01.346Z,29.69
2026-08-21T20:56:00.124Z,29.78
2026-08-21T21:01:00.109Z,29.8
2026-08-21T21:06:02.624Z,29.89
2026-08-21T21:11:00.178Z,29.78
2026-08-21T21:16:00.138Z,29.6
2026-08-21T21:21:00.148Z,29.52
2026-08-21T21:26:00.151Z,29.29
2026-08-21T21:31:00.378Z,29.14
2026-08-21T21:36:01.601Z,29.11
2026-08-21T21:41:00.303Z,29.14
2026-08-21T21:46:00.139Z,29.0
2026-08-21T21:51:00.266Z,28.97
2026-08-21T21:56:00.155Z,28.94
2026-08-21T22:01:00.153Z,28.97
2026-08-21T22:06:02.486Z,28.88
2026-08-21T22:11:01.404Z,28.83
2026-08-21T22:16:02.553Z,28.71
2026-08-21T22:21:02.362Z,28.68
2026-08-21T22:26:00.228Z,28.62
2026-08-21T22:31:02.459Z,28.57
2026-08-21T22:36:00.214Z,28.42
2026-08-21T22:41:00.885Z,28.34
2026-08-21T22:46:00.083Z,28.28
2026-08-21T22:51:00.075Z,28.19
2026-08-21T22:56:02.559Z,28.08
2026-08-21T23:01:00.3Z,28.08
2026-08-21T23:06:01.971Z,28.02
2026-08-21T23:11:02.553Z,27.9
2026-08-21T23:16:00.293Z,27.82
2026-08-21T23:21:00.234Z,27.71
2026-08-21T23:26:00.081Z,27.67
2026-08-21T23:31:00.083Z,27.62
2026-08-21T23:36:02.698Z,27.53
2026-08-21T23:41:00.24Z,27.41
2026-08-21T23:46:02.54Z,27.36
2026-08-21T23:51:02.331Z,27.3
2026-08-21T23:56:03.249Z,27.27
2026-08-22T00:01:02.05Z,27.3
2026-08-22T00:06:00.133Z,27.18
2026-08-22T00:11:03.223Z,27.13
2026-08-22T00:16:00.403Z,27.01
2026-08-22T00:21:02.432Z,26.92
2026-08-22T00:26:00.23Z,26.84
2026-08-22T00:31:00.934Z,26.87
2026-08-22T00:36:01.395Z,26.78
2026-08-22T00:41:02.549Z,26.78
2026-08-22T00:46:00.098Z,26.73
2026-08-22T00:51:01.832Z,26.73
2026-08-22T00:56:00.151Z,26.69
2026-08-22T01:01:03.426Z,26.58
2026-08-22T01:06:05.906Z,26.41
2026-08-22T01:11:00.688Z,26.41
2026-08-22T01:16:00.234Z,26.44
2026-08-22T01:21:00.227Z,26.38
2026-08-22T01:26:00.092Z,26.44
2026-08-22T01:31:00.074Z,26.35
2026-08-22T01:36:02.893Z,26.35
2026-08-22T01:41:00.092Z,26.38
2026-08-22T01:46:00.079Z,26.32
2026-08-22T01:51:02.382Z,26.27
2026-08-22T01:56:03.448Z,26.2
2026-08-22T02:01:02.105Z,26.24
2026-08-22T02:06:00.064Z,26.2
2026-08-22T02:11:00.108Z,26.18
2026-08-22T02:16:02.486Z,26.18
2026-08-22T02:21:00.088Z,26.18
2026-08-22T02:26:03.512Z,26.06
2026-08-22T02:31:01.228Z,26.15
2026-08-22T02:36:00.211Z,26.06
2026-08-22T02:41:00.099Z,25.97
2026-08-22T02:46:00.25Z,26.01
2026-08-22T02:51:02.749Z,25.95
2026-08-22T02:56:00.075Z,25.89
2026-08-22T03:01:00.064Z,25.83
2026-08-22T03:06:02.492Z,25.92
2026-08-22T03:11:00.092Z,25.86
2026-08-22T03:16:00.28Z,25.83
2026-08-22T03:21:02.433Z,25.78
2026-08-22T03:26:00.76Z,25.86
2026-08-22T03:31:02.734Z,25.83
2026-08-22T03:36:02.364Z,25.78
2026-08-22T03:41:00.174Z,25.83
2026-08-22T03:46:02.393Z,25.83
2026-08-22T03:51:00.078Z,25.8
2026-08-22T03:56:00.209Z,25.86
2026-08-22T04:01:00.076Z,25.72
2026-08-22T04:06:00.106Z,25.69
2026-08-22T04:11:00.776Z,25.78
2026-08-22T04:16:02.645Z,25.6
2026-08-22T04:21:02.501Z,25.6
2026-08-22T04:26:00.142Z,25.55
2026-08-22T04:31:00.167Z,25.55
2026-08-22T04:36:00.123Z,25.55
2026-08-22T04:41:03.437Z,25.49
2026-08-22T04:46:02.371Z,25.4
2026-08-22T04:51:02.666Z,25.4
2026-08-22T04:56:02.547Z,25.46
2026-08-22T05:01:00.065Z,25.4
2026-08-22T05:06:00.301Z,25.4
2026-08-22T05:11:02.366Z,25.46
2026-08-22T05:16:00.185Z,25.37
2026-08-22T05:21:00.168Z,25.34
2026-08-22T05:26:03.055Z,25.37
2026-08-22T05:31:00.274Z,25.26
2026-08-22T05:36:00.951Z,25.29
2026-08-22T05:41:02.385Z,25.26
2026-08-22T05:46:03.209Z,25.23
2026-08-22T05:51:02.731Z,25.23
2026-08-22T05:56:02.454Z,25.26
2026-08-22T06:01:00.321Z,25.34
2026-08-22T06:06:03.255Z,25.34
2026-08-22T06:11:00.097Z,25.49
2026-08-22T06:16:00.804Z,25.52
2026-08-22T06:21:01.286Z,25.72
2026-08-22T06:26:00.058Z,25.89
2026-08-22T06:31:00.177Z,25.95
2026-08-22T06:36:00.061Z,26.09
2026-08-22T06:41:01.909Z,26.27
2026-08-22T06:46:00.112Z,26.41
2026-08-22T06:51:02.641Z,26.46
2026-08-22T06:56:00.128Z,26.69
2026-08-22T07:01:04.971Z,26.76
2026-08-22T07:06:03.067Z,26.92
2026-08-22T07:11:00.444Z,27.04
2026-08-22T07:16:00.153Z,27.18
2026-08-22T07:21:00.222Z,27.41
2026-08-22T07:26:03.212Z,27.73
2026-08-22T07:31:02.408Z,27.85
2026-08-22T07:36:01.807Z,28.02
2026-08-22T07:41:00.232Z,28.22
2026-08-22T07:46:00.27Z,28.34
2026-08-22T07:51:01.27Z,28.48
2026-08-22T07:56:00.27Z,28.85
2026-08-22T08:01:00.253Z,29.06
2026-08-22T08:06:00.089Z,29.2
2026-08-22T08:11:02.692Z,29.52
2026-08-22T08:16:00.063Z,29.55
2026-08-22T08:21:00.263Z,29.57
2026-08-22T08:26:00.152Z,29.83
2026-08-22T08:31:00.104Z,30.06
2026-08-22T08:36:00.074Z,29.83
2026-08-22T08:41:00.072Z,30.21
2026-08-22T08:46:00.994Z,30.29
2026-08-22T08:51:00.193Z,30.41
2026-08-22T08:56:02.594Z,30.5
2026-08-22T09:01:00.278Z,30.47
2026-08-22T09:06:02.843Z,30.67
2026-08-22T09:11:02.325Z,30.75
2026-08-22T09:16:00.23Z,30.41
2026-08-22T09:21:02.462Z,30.73
2026-08-22T09:26:03.005Z,31.19
2026-08-22T09:31:00.075Z,31.01
2026-08-22T09:36:00.471Z,31.39
2026-08-22T09:41:02.468Z,31.62
2026-08-22T09:46:00.308Z,31.94
2026-08-22T09:51:01.592Z,32.19
2026-08-22T09:56:00.065Z,32.11
2026-08-22T10:01:00.135Z,32.34
2026-08-22T10:06:00.139Z,32.19
2026-08-22T10:11:03.454Z,32.02
2026-08-22T10:16:03.13Z,32.45
2026-08-22T10:21:02.427Z,32.45
2026-08-22T10:26:00.19Z,32.48
2026-08-22T10:31:00.215Z,32.17
2026-08-22T10:36:00.161Z,32.66
2026-08-22T10:41:00.246Z,32.97
2026-08-22T10:46:02.459Z,33.08
2026-08-22T10:51:00.284Z,33.31
2026-08-22T10:56:00.112Z,33.26
2026-08-22T11:01:02.522Z,33.2
2026-08-22T11:06:00.358Z,33.43
2026-08-22T11:11:03.594Z,33.6
2026-08-22T11:16:00.37Z,33.86
2026-08-22T11:21:02.824Z,33.66
2026-08-22T11:26:00.249Z,33.72
2026-08-22T11:31:02.408Z,33.89
2026-08-22T11:36:02.522Z,34.03
2026-08-22T11:41:03.085Z,34.01
2026-08-22T11:46:02.576Z,34.01
2026-08-22T11:51:02.417Z,34.12
2026-08-22T11:56:00.089Z,34.18
2026-08-22T12:01:00.087Z,34.29
2026-08-22T12:06:00.064Z,34.29
2026-08-22T12:11:00.289Z,34.15
2026-08-22T12:16:00.892Z,34.15
2026-08-22T12:21:03.832Z,34.15
2026-08-22T12:26:00.275Z,34.29
2026-08-22T12:31:00.814Z,34.09
2026-08-22T12:36:02.065Z,34.32
2026-08-22T12:41:00.148Z,34.27
2026-08-22T12:46:00.341Z,34.21
2026-08-22T12:51:00.109Z,34.03
2026-08-22T12:56:00.213Z,34.12
2026-08-22T13:01:03.555Z,34.29
2026-08-22T13:06:03.718Z,34.18
2026-08-22T13:11:02.449Z,34.12
2026-08-22T13:16:10.803Z,34.21
2026-08-22T13:21:00.183Z,34.12
2026-08-22T13:26:02.633Z,34.21
2026-08-22T13:31:00.061Z,34.29
2026-08-22T13:36:01.723Z,34.09
2026-08-22T13:41:02.583Z,34.21
2026-08-22T13:46:00.516Z,34.15
2026-08-22T13:51:00.094Z,34.09
2026-08-22T13:56:02.578Z,34.18
2026-08-22T14:01:02.527Z,34.15
2026-08-22T14:06:03.123Z,34.06
2026-08-22T14:11:00.112Z,34.15
2026-08-22T14:16:02.532Z,34.21
2026-08-22T14:21:03.145Z,34.21
2026-08-22T14:26:00.307Z,34.21
2026-08-22T14:31:02.442Z,34.35
2026-08-22T14:36:00.338Z,34.09
2026-08-22T14:41:00.161Z,34.09
2026-08-22T14:46:02.586Z,34.18
2026-08-22T14:51:02.484Z,34.24
2026-08-22T14:56:01.075Z,34.27
2026-08-22T15:01:08.853Z,34.09
2026-08-22T15:06:02.427Z,34.32
2026-08-22T15:11:02.56Z,34.35
2026-08-22T15:16:02.544Z,34.67
2026-08-22T15:21:00.09Z,34.67
2026-08-22T15:26:00.248Z,34.29
2026-08-22T15:31:00.153Z,34.15
2026-08-22T15:36:03.025Z,34.06
2026-08-22T15:41:00.15Z,34.12
2026-08-22T15:46:00.097Z,34.06
2026-08-22T15:51:00.093Z,34.15
2026-08-22T15:56:00.186Z,34.35
2026-08-22T16:01:02.36Z,34.18
2026-08-22T16:06:02.577Z,33.95
2026-08-22T16:11:02.383Z,33.89
2026-08-22T16:16:02.294Z,33.69
2026-08-22T16:21:00.135Z,33.69
2026-08-22T16:26:02.645Z,33.49
2026-08-22T16:31:00.068Z,33.57
2026-08-22T16:36:00.228Z,33.46
2026-08-22T16:41:00.102Z,33.26
2026-08-22T16:46:02.4Z,33.17
2026-08-22T16:51:02.652Z,33.15
2026-08-22T16:56:00.126Z,32.97
2026-08-22T17:01:00.143Z,33.0
2026-08-22T17:06:02.409Z,33.06
2026-08-22T17:11:02.465Z,32.94
2026-08-22T17:16:01.335Z,32.68
2026-08-22T17:21:00.185Z,32.43
2026-08-22T17:26:00.077Z,32.31
2026-08-22T17:31:01.044Z,32.25
2026-08-22T17:36:03.412Z,31.94
2026-08-22T17:41:00.573Z,31.79
2026-08-22T17:46:00.807Z,31.62
2026-08-22T17:51:02.655Z,31.45
2026-08-22T17:56:00.234Z,31.39
2026-08-22T18:01:01.606Z,31.3
2026-08-22T18:06:00.128Z,31.22
2026-08-22T18:11:00.108Z,31.13
2026-08-22T18:16:00.237Z,30.96
2026-08-22T18:21:02.71Z,30.84
2026-08-22T18:26:00.183Z,30.64
2026-08-22T18:31:00.09Z,30.58
2026-08-22T18:36:00.118Z,30.52
2026-08-22T18:41:02.702Z,30.47
2026-08-22T18:46:02.372Z,30.35
2026-08-22T18:51:00.643Z,30.27
2026-08-22T18:56:00.904Z,30.21
2026-08-22T19:01:01.449Z,30.12
2026-08-22T19:06:01.377Z,30.06
2026-08-22T19:11:00.044Z,29.95
2026-08-22T19:16:00.141Z,29.89
2026-08-22T19:21:00.064Z,29.86
2026-08-22T19:26:02.461Z,29.86
2026-08-22T19:31:00.055Z,29.72
2026-08-22T19:36:00.118Z,29.78
2026-08-22T19:41:00.073Z,29.69
2026-08-22T19:46:01.792Z,29.6
2026-08-22T19:51:02.536Z,29.43
2026-08-22T19:56:00.108Z,29.37
2026-08-22T20:01:02.42Z,29.29
2026-08-22T20:06:02.847Z,29.14
2026-08-22T20:11:00.259Z,29.14
2026-08-22T20:16:00.137Z,29.0
2026-08-22T20:21:00.101Z,28.88
2026-08-22T20:26:00.08Z,28.77
2026-08-22T20:31:02.395Z,28.8
2026-08-22T20:36:00.286Z,28.71
2026-08-22T20:41:00.249Z,28.68
2026-08-22T20:46:00.762Z,28.6
2026-08-22T20:51:00.153Z,28.57
2026-08-22T20:56:02.555Z,28.48
2026-08-22T21:01:01.146Z,28.48
2026-08-22T21:06:00.178Z,28.36
2026-08-22T21:11:00.226Z,28.25
2026-08-22T21:16:02.437Z,28.25
2026-08-22T21:21:00.13Z,28.19
2026-08-22T21:26:02.398Z,28.13
2026-08-22T21:31:00.196Z,28.11
2026-08-22T21:36:00.334Z,28.11
2026-08-22T21:41:00.26Z,27.97
2026-08-22T21:46:00.512Z,27.99
2026-08-22T21:51:00.06Z,27.9
2026-08-22T21:56:00.141Z,27.9
2026-08-22T22:01:02.312Z,27.82
2026-08-22T22:06:00.216Z,27.76
2026-08-22T22:11:02.372Z,27.79
2026-08-22T22:16:00.133Z,27.67
2026-08-22T22:21:00.52Z,27.62
2026-08-22T22:26:00.19Z,27.5
2026-08-22T22:31:00.76Z,27.48
2026-08-22T22:36:00.032Z,27.48
2026-08-22T22:41:00.06Z,27.36
2026-08-22T22:46:00.089Z,27.27
2026-08-22T22:51:03.116Z,27.24
2026-08-22T22:56:00.328Z,27.13
2026-08-22T23:01:00.656Z,27.07
2026-08-22T23:06:00.034Z,26.99
2026-08-22T23:11:00.04Z,26.92
2026-08-22T23:16:00.126Z,26.81
2026-08-22T23:21:01.982Z,26.76
2026-08-22T23:26:02.632Z,26.73
2026-08-22T23:31:00.21Z,26.61
2026-08-22T23:36:01.828Z,26.5
2026-08-22T23:41:00.943Z,26.44
2026-08-22T23:46:00.175Z,26.44
2026-08-22T23:51:00.174Z,26.46
2026-08-22T23:56:00.146Z,26.64
2026-08-23T00:01:03.299Z,26.67
2026-08-23T00:06:00.349Z,26.78
2026-08-23T00:11:02.422Z,26.76
2026-08-23T00:16:00.201Z,26.87
2026-08-23T00:21:02.31Z,26.81
2026-08-23T00:26:02.471Z,26.78
2026-08-23T00:31:00.492Z,26.81
2026-08-23T00:36:00.066Z,26.81
2026-08-23T00:41:02.241Z,26.67
2026-08-23T00:46:00.118Z,26.64
2026-08-23T00:51:00.07Z,26.58
2026-08-23T00:56:02.27Z,26.46
2026-08-23T01:01:02.469Z,26.46
2026-08-23T01:06:02.47Z,26.32
2026-08-23T01:11:00.161Z,26.24
2026-08-23T01:16:00.195Z,26.27
2026-08-23T01:21:02.573Z,26.2
2026-08-23T01:26:00.084Z,26.24
2026-08-23T01:31:00.13Z,26.12
2026-08-23T01:36:02.583Z,26.06
2026-08-23T01:41:00.286Z,25.97
2026-08-23T01:46:00.064Z,26.01
2026-08-23T01:51:00.224Z,26.06
2026-08-23T01:56:00.102Z,26.06
2026-08-23T02:01:00.051Z,26.06
2026-08-23T02:06:01.494Z,25.97
2026-08-23T02:11:02.276Z,25.95
2026-08-23T02:16:00.129Z,25.95
2026-08-23T02:21:02.323Z,25.89
2026-08-23T02:26:00.194Z,25.89
2026-08-23T02:31:00.221Z,25.89
2026-08-23T02:36:02.591Z,25.89
2026-08-23T02:41:00.106Z,25.86
2026-08-23T02:46:00.222Z,25.83
2026-08-23T02:51:02.438Z,25.86
2026-08-23T02:56:04.874Z,25.69
2026-08-23T03:01:02.449Z,25.72
2026-08-23T03:06:01.171Z,25.55
2026-08-23T03:11:02.781Z,25.55
2026-08-23T03:16:00.121Z,25.52
2026-08-23T03:21:01.063Z,25.49
2026-08-23T03:26:00.192Z,25.4
2026-08-23T03:31:00.187Z,25.4
2026-08-23T03:36:00.101Z,25.26
2026-08-23T03:41:00.136Z,25.23
2026-08-23T03:46:00.227Z,25.06
2026-08-23T03:51:00.098Z,25.0
2026-08-23T03:56:01.59Z,24.97
2026-08-23T04:01:02.642Z,25.0
2026-08-23T04:06:00.219Z,25.0
2026-08-23T04:11:00.474Z,24.94
2026-08-23T04:16:00.476Z,24.85
2026-08-23T04:21:01.651Z,24.91
2026-08-23T04:26:00.028Z,24.85
2026-08-23T04:31:02.387Z,24.88
2026-08-23T04:36:00.23Z,24.88
2026-08-23T04:41:02.497Z,24.85
2026-08-23T04:46:00.706Z,24.77
2026-08-23T04:51:00.123Z,24.83
2026-08-23T04:56:00.083Z,24.8
2026-08-23T05:01:00.088Z,24.77
2026-08-23T05:06:01.869Z,24.91
2026-08-23T05:11:00.147Z,24.74
2026-08-23T05:16:01.529Z,24.68
2026-08-23T05:21:02.655Z,24.62
2026-08-23T05:26:00.417Z,24.65
2026-08-23T05:31:02.428Z,24.54
2026-08-23T05:36:00.026Z,24.51
2026-08-23T05:41:00.032Z,24.57
2026-08-23T05:46:02.291Z,24.51
2026-08-23T05:51:00.129Z,24.48
2026-08-23T05:56:00.118Z,24.54
2026-08-23T06:01:14.902Z,24.51
2026-08-23T06:06:20.304Z,24.62
2026-08-23T06:11:02.408Z,24.62
2026-08-23T06:16:00.441Z,24.71
2026-08-23T06:21:02.4Z,24.71
2026-08-23T06:26:00.211Z,24.74
2026-08-23T06:31:00.048Z,24.8
2026-08-23T06:36:00.019Z,24.85
2026-08-23T06:41:00.061Z,24.91
2026-08-23T06:46:00.199Z,25.03
2026-08-23T06:51:00.032Z,25.2
2026-08-23T06:56:00.038Z,25.23
2026-08-23T07:01:00.831Z,25.34
2026-08-23T07:06:00.56Z,25.57
2026-08-23T07:11:00.88Z,25.72
2026-08-23T07:16:00.055Z,25.92
2026-08-23T07:21:00.16Z,26.18
2026-08-23T07:26:00.106Z,26.29
2026-08-23T07:31:00.236Z,26.44
2026-08-23T07:36:00.196Z,26.67
2026-08-23T07:41:02.455Z,26.81
2026-08-23T07:46:00.102Z,27.1
2026-08-23T07:51:00.58Z,27.16
2026-08-23T07:56:00.072Z,27.39
2026-08-23T08:01:00.115Z,27.71
2026-08-23T08:06:02.494Z,27.97
2026-08-23T08:11:00.086Z,28.11
2026-08-23T08:16:01.106Z,28.36
2026-08-23T08:21:02.417Z,28.68
2026-08-23T08:26:00.043Z,28.8
2026-08-23T08:31:00.046Z,29.08
2026-08-23T08:36:00.046Z,29.34
2026-08-23T08:41:00.074Z,29.4
2026-08-23T08:46:01.409Z,29.63
2026-08-23T08:51:02.345Z,29.78
2026-08-23T08:56:00.158Z,30.12
2026-08-23T09:01:00.689Z,30.01
2026-08-23T09:06:03.87Z,30.09
2026-08-23T09:11:00.549Z,30.15
2026-08-23T09:16:00.074Z,30.7
2026-08-23T09:21:00.195Z,31.04
2026-08-23T09:26:00.309Z,31.27
2026-08-23T09:31:00.027Z,31.45
2026-08-23T09:36:02.977Z,31.39
2026-08-23T09:41:00.133Z,31.53
2026-08-23T09:46:00.976Z,31.47
2026-08-23T09:51:02.381Z,31.5
2026-08-23T09:56:00.085Z,31.79
2026-08-23T10:01:00.158Z,32.25
2026-08-23T10:06:00.556Z,32.57
2026-08-23T10:11:00.45Z,32.54
2026-08-23T10:16:00.205Z,32.74
2026-08-23T10:21:00.192Z,33.03
2026-08-23T10:26:00.037Z,33.2
2026-08-23T10:31:00.202Z,33.23
2026-08-23T10:36:00.084Z,33.2
2026-08-23T10:41:00.069Z,33.17
2026-08-23T10:46:00.583Z,33.29
2026-08-23T10:51:00.042Z,33.4
2026-08-23T10:56:00.077Z,33.2
2026-08-23T11:01:00.64Z,33.15
2026-08-23T11:05:59.994Z,32.85
2026-08-23T11:11:00.434Z,32.89
2026-08-23T11:16:00.033Z,33.26
2026-08-23T11:21:00.248Z,33.46
2026-08-23T11:26:00.24Z,33.63
2026-08-23T11:31:00.036Z,33.8
2026-08-23T11:36:02.311Z,33.98
2026-08-23T11:41:02.323Z,34.24
2026-08-23T11:46:00.219Z,34.5
2026-08-23T11:51:00.086Z,34.44
2026-08-23T11:55:59.99Z,34.67
2026-08-23T12:01:00.759Z,34.73
2026-08-23T12:06:00.186Z,34.78
2026-08-23T12:11:00.029Z,34.73
2026-08-23T12:16:00.063Z,35.19
2026-08-23T12:21:02.39Z,35.19
2026-08-23T12:26:00.025Z,35.53
2026-08-23T12:30:59.994Z,35.59
2026-08-23T12:36:00.044Z,35.36
2026-08-23T12:41:00.199Z,35.47
2026-08-23T12:46:00.052Z,35.5
2026-08-23T12:51:01.558Z,35.42
2026-08-23T12:56:02.538Z,34.93
2026-08-23T13:01:03.51Z,34.7
2026-08-23T13:06:00.011Z,34.7
2026-08-23T13:11:00.015Z,35.01
2026-08-23T13:16:00.006Z,35.16
2026-08-23T13:21:00.679Z,34.98
2026-08-23T13:26:02.411Z,34.73
2026-08-23T13:31:00.048Z,34.7
2026-08-23T13:36:00.148Z,34.5
2026-08-23T13:41:00.065Z,34.35
2026-08-23T13:46:00.093Z,34.29
2026-08-23T13:51:00.247Z,34.18
2026-08-23T13:56:01.079Z,34.27
2026-08-23T14:01:00.02Z,34.32
2026-08-23T14:06:00.035Z,34.32
2026-08-23T14:11:02.454Z,34.24
2026-08-23T14:16:02.378Z,34.52
2026-08-23T14:21:00.892Z,34.47
2026-08-23T14:26:00.243Z,34.27
2026-08-23T14:31:02.579Z,34.09
2026-08-23T14:36:00.062Z,34.01
2026-08-23T14:41:00.017Z,33.92
2026-08-23T14:46:00.062Z,34.06
2026-08-23T14:51:00.208Z,33.98
2026-08-23T14:56:02.386Z,33.92
2026-08-23T15:01:01.228Z,33.92
2026-08-23T15:06:00.646Z,34.03
2026-08-23T15:11:02.453Z,33.98
2026-08-23T15:16:02.387Z,33.92
2026-08-23T15:21:00.26Z,33.83
2026-08-23T15:26:02.315Z,33.83
2026-08-23T15:31:00Z,33.8
2026-08-23T15:36:00.352Z,33.8
2026-08-23T15:41:02.385Z,33.66
2026-08-23T15:46:00.415Z,33.6
2026-08-23T15:51:00.241Z,33.54
2026-08-23T15:55:59.975Z,33.54
2026-08-23T16:01:00.249Z,33.66
2026-08-23T16:06:02.259Z,33.46
2026-08-23T16:11:00.111Z,33.43
2026-08-23T16:16:00.549Z,33.2
2026-08-23T16:21:00.109Z,33.06
2026-08-23T16:26:02.499Z,33.0
2026-08-23T16:31:01.265Z,32.97
2026-08-23T16:36:00.156Z,33.06
2026-08-23T16:41:02.936Z,32.94
2026-08-23T16:46:00.12Z,32.8
2026-08-23T16:51:00.013Z,32.74
2026-08-23T16:56:02.403Z,32.71
2026-08-23T17:01:00.04Z,32.71
2026-08-23T17:06:01.142Z,32.8
2026-08-23T17:11:00.257Z,32.94
2026-08-23T17:16:02.44Z,33.0
2026-08-23T17:21:02.402Z,33.0
2026-08-23T17:26:02.791Z,32.91
2026-08-23T17:31:00.031Z,32.89
2026-08-23T17:36:00.222Z,32.85
2026-08-23T17:41:02.814Z,32.89
2026-08-23T17:46:00.216Z,32.91
2026-08-23T17:51:00.06Z,32.82
2026-08-23T17:56:00.081Z,32.59
2026-08-23T18:01:02.301Z,32.48
2026-08-23T18:06:01.776Z,32.34
2026-08-23T18:11:00.184Z,32.25
2026-08-23T18:16:00.02Z,32.08
2026-08-23T18:21:00.206Z,31.99
2026-08-23T18:26:00.069Z,31.91
2026-08-23T18:31:00.157Z,31.73
2026-08-23T18:36:00.153Z,31.59
2026-08-23T18:41:00.015Z,31.42
2026-08-23T18:46:00.077Z,31.27
2026-08-23T18:51:01.013Z,31.16
2026-08-23T18:56:02.417Z,31.01
2026-08-23T19:01:00.337Z,30.99
2026-08-23T19:06:00.133Z,30.78
2026-08-23T19:11:00.032Z,30.73
2026-08-23T19:16:00.11Z,30.7
2026-08-23T19:21:01.891Z,30.67
2026-08-23T19:26:02.507Z,30.58
2026-08-23T19:31:00.096Z,30.55
2026-08-23T19:36:00.55Z,30.38
2026-08-23T19:41:00.562Z,30.32
2026-08-23T19:45:59.997Z,30.27
2026-08-23T19:51:00.041Z,30.24
2026-08-23T19:56:00.082Z,30.18
2026-08-23T20:01:00.078Z,30.18
2026-08-23T20:06:02.446Z,30.15
2026-08-23T20:11:00.12Z,30.06
2026-08-23T20:16:00.497Z,30.04
2026-08-23T20:21:02.587Z,29.98
2026-08-23T20:26:02.385Z,29.86
2026-08-23T20:31:00.106Z,29.8
2026-08-23T20:36:01.7Z,29.89
2026-08-23T20:41:00.219Z,29.83
2026-08-23T20:45:59.967Z,29.83
2026-08-23T20:51:02.362Z,29.86
2026-08-23T20:56:00.587Z,29.86
2026-08-23T21:01:08.567Z,29.83
2026-08-23T21:06:07.03Z,29.78
2026-08-23T21:11:02.58Z,29.78
2026-08-23T21:16:00.005Z,29.72
2026-08-23T21:21:00.155Z,29.75
2026-08-23T21:26:00.042Z,29.63
2026-08-23T21:31:00.307Z,29.66
2026-08-23T21:36:01.349Z,29.6
2026-08-23T21:41:00.111Z,29.55
2026-08-23T21:46:00.124Z,29.49
2026-08-23T21:51:00.168Z,29.37
2026-08-23T21:56:00.105Z,29.29
2026-08-23T22:01:02.464Z,29.34
2026-08-23T22:06:01.85Z,29.26
2026-08-23T22:11:00.012Z,29.2
2026-08-23T22:16:00.048Z,29.14
2026-08-23T22:21:01.615Z,29.0
2026-08-23T22:26:00.023Z,29.03
2026-08-23T22:31:00.135Z,28.97
2026-08-23T22:36:00.732Z,29.03
2026-08-23T22:41:00.039Z,28.97
2026-08-23T22:46:00.06Z,29.0
2026-08-23T22:51:00.005Z,28.97
2026-08-23T22:56:00.083Z,29.0
2026-08-23T23:01:00.1Z,28.83
2026-08-23T23:06:00.104Z,28.74
2026-08-23T23:11:02.541Z,28.8
2026-08-23T23:16:00.49Z,28.68
2026-08-23T23:21:00.106Z,28.77
2026-08-23T23:26:00.11Z,28.74
2026-08-23T23:31:00.276Z,28.65
2026-08-23T23:36:01.839Z,28.57
2026-08-23T23:41:00.888Z,28.54
2026-08-23T23:46:04.055Z,28.45
2026-08-23T23:51:00.104Z,28.42
2026-08-23T23:56:00.067Z,28.39
2026-08-24T00:01:00.25Z,28.28
2026-08-24T00:06:00.102Z,28.25
2026-08-24T00:11:00.171Z,28.22
2026-08-24T00:16:02.618Z,28.13
2026-08-24T00:20:59.998Z,28.02
2026-08-24T00:26:00.098Z,27.99
2026-08-24T00:31:00.015Z,27.93
2026-08-24T00:36:01.868Z,27.93
2026-08-24T00:41:00.057Z,27.9
2026-08-24T00:46:00.055Z,27.85
2026-08-24T00:51:00.139Z,27.9
2026-08-24T00:56:00.074Z,27.9
2026-08-24T01:01:00.086Z,27.87
2026-08-24T01:06:00.079Z,27.76
2026-08-24T01:11:00.058Z,27.79
2026-08-24T01:16:00.054Z,27.71
2026-08-24T01:21:02.543Z,27.73
2026-08-24T01:25:59.982Z,27.67
2026-08-24T01:31:00.045Z,27.59
2026-08-24T01:36:02.116Z,27.53
2026-08-24T01:40:59.983Z,27.53
2026-08-24T01:46:00.073Z,27.39
2026-08-24T01:51:00.118Z,27.44
2026-08-24T01:56:00.046Z,27.33
2026-08-24T02:01:00.635Z,27.27
2026-08-24T02:06:01.582Z,27.18
2026-08-24T02:11:00.05Z,27.18
2026-08-24T02:16:00.377Z,27.13
2026-08-24T02:21:01.699Z,27.18
2026-08-24T02:26:00.194Z,27.18
2026-08-24T02:30:59.985Z,27.18
2026-08-24T02:36:02.819Z,27.1
2026-08-24T02:41:00.015Z,27.07
2026-08-24T02:46:00.063Z,27.07
2026-08-24T02:51:00.9Z,27.13
2026-08-24T02:56:00.109Z,27.1
2026-08-24T03:01:00.349Z,27.04
2026-08-24T03:06:00.104Z,27.13
2026-08-24T03:11:00.118Z,27.04
2026-08-24T03:16:00.146Z,27.1
2026-08-24T03:21:00.025Z,27.13
2026-08-24T03:26:00.265Z,27.24
2026-08-24T03:31:00.731Z,27.22
2026-08-24T03:35:59.995Z,27.27
2026-08-24T03:41:00.092Z,27.3
2026-08-24T03:46:00.046Z,27.27
2026-08-24T03:51:00.838Z,27.24
2026-08-24T03:56:02.352Z,27.24
2026-08-24T04:01:03.22Z,27.16
2026-08-24T04:06:01.127Z,27.16
2026-08-24T04:11:00.059Z,27.24
2026-08-24T04:16:00.094Z,27.18
2026-08-24T04:21:02.434Z,27.16
2026-08-24T04:26:03.14Z,27.16
2026-08-24T04:31:00.151Z,27.13
2026-08-24T04:36:00.147Z,27.13
2026-08-24T04:40:59.981Z,27.13
2026-08-24T04:46:00Z,27.04
2026-08-24T04:51:00.024Z,26.99
2026-08-24T04:56:00.223Z,27.01
2026-08-24T05:01:00.082Z,27.07
2026-08-24T05:05:59.989Z,26.99
2026-08-24T05:11:00.094Z,27.04
2026-08-24T05:15:59.979Z,27.04
2026-08-24T05:21:00.185Z,26.95
2026-08-24T05:26:00.093Z,26.95
2026-08-24T05:31:02.456Z,27.04
2026-08-24T05:36:00.043Z,27.22
2026-08-24T05:41:00.086Z,27.24
2026-08-24T05:46:02.436Z,27.33
2026-08-24T05:51:00.009Z,27.16
2026-08-24T05:56:00.136Z,27.07
2026-08-24T06:01:00.035Z,27.07
2026-08-24T06:06:00.226Z,27.18
2026-08-24T06:11:00.131Z,27.07
2026-08-24T06:16:01.163Z,27.13
2026-08-24T06:21:02.514Z,27.13
2026-08-24T06:26:00.218Z,27.22
2026-08-24T06:31:02.471Z,27.22
2026-08-24T06:36:01.268Z,27.16
2026-08-24T06:41:00.019Z,27.18
2026-08-24T06:46:00.021Z,27.27
2026-08-24T06:51:02.343Z,27.24
2026-08-24T06:56:00.764Z,27.22
2026-08-24T07:01:05.137Z,27.33
2026-08-24T07:06:00.124Z,27.39
2026-08-24T07:11:00.183Z,27.41
2026-08-24T07:16:02.356Z,27.39
2026-08-24T07:21:02.127Z,27.33
2026-08-24T07:26:00.084Z,27.27
2026-08-24T07:31:00.111Z,27.3
2026-08-24T07:36:01.784Z,27.33
2026-08-24T07:41:00.846Z,27.27
2026-08-24T07:46:00.045Z,27.36
2026-08-24T07:51:01.146Z,27.39
2026-08-24T07:56:00.041Z,27.5
2026-08-24T08:01:00.19Z,27.67
2026-08-24T08:06:02.07Z,27.76
2026-08-24T08:11:00.035Z,27.85
2026-08-24T08:16:00.11Z,28.05
2026-08-24T08:21:00.253Z,28.19
2026-08-24T08:25:59.981Z,28.13
2026-08-24T08:31:00.742Z,28.08
2026-08-24T08:36:00.058Z,28.05
2026-08-24T08:41:00.049Z,28.16
2026-08-24T08:46:00.485Z,28.11
2026-08-24T08:51:00.141Z,28.19
2026-08-24T08:56:02.301Z,28.31
2026-08-24T09:01:00.196Z,28.39
2026-08-24T09:05:59.988Z,28.34
2026-08-24T09:11:00.027Z,28.6
2026-08-24T09:16:00.341Z,28.71
2026-08-24T09:21:00.024Z,28.91
2026-08-24T09:26:00.271Z,29.03
2026-08-24T09:31:00.101Z,29.14
2026-08-24T09:36:00.089Z,29.23
2026-08-24T09:40:59.947Z,29.37
2026-08-24T09:46:00.021Z,29.43
2026-08-24T09:51:02.762Z,29.55
2026-08-24T09:56:00.003Z,29.66
2026-08-24T10:01:01.215Z,29.69
2026-08-24T10:06:03.795Z,29.78
2026-08-24T10:11:00.021Z,29.66
2026-08-24T10:16:00.911Z,29.75
2026-08-24T10:21:00.194Z,29.8
2026-08-24T10:26:00.136Z,29.98
2026-08-24T10:31:00.881Z,29.95
2026-08-24T10:36:00.184Z,30.12
2026-08-24T10:40:59.955Z,30.64
2026-08-24T10:45:59.99Z,30.87
2026-08-24T10:51:00.133Z,31.13
2026-08-24T10:56:00.471Z,31.16
2026-08-24T11:01:00.354Z,31.45
2026-08-24T11:06:02.463Z,31.64
2026-08-24T11:10:59.996Z,31.45
2026-08-24T11:16:00.076Z,31.53
2026-08-24T11:20:59.995Z,31.53
2026-08-24T11:26:00.187Z,31.47
2026-08-24T11:31:00.713Z,31.45
2026-08-24T11:36:00.009Z,31.59
2026-08-24T11:41:00.021Z,31.68
2026-08-24T11:46:01.644Z,31.79
2026-08-24T11:51:02.534Z,31.96
2026-08-24T11:56:02.204Z,32.02
2026-08-24T12:01:17.164Z,32.19
2026-08-24T12:06:23.512Z,32.22
2026-08-24T12:11:00.216Z,32.45
2026-08-24T12:16:00.096Z,32.74
2026-08-24T12:21:03.12Z,32.94
2026-08-24T12:26:00.028Z,33.11
2026-08-24T12:30:59.954Z,33.23
2026-08-24T12:36:02.552Z,33.29
2026-08-24T12:41:00.003Z,33.6
2026-08-24T12:45:59.966Z,33.92
2026-08-24T12:51:00.026Z,34.24
2026-08-24T12:56:02.395Z,34.12
2026-08-24T13:00:59.983Z,34.32
2026-08-24T13:06:00.276Z,34.44
2026-08-24T13:11:01.503Z,34.61
2026-08-24T13:15:59.97Z,34.98
2026-08-24T13:21:00.85Z,35.01
2026-08-24T13:26:00.353Z,34.84
2026-08-24T13:31:00.025Z,34.9
2026-08-24T13:36:02.3Z,34.81
2026-08-24T13:41:00.148Z,35.01
2026-08-24T13:45:59.963Z,35.16
2026-08-24T13:50:59.949Z,35.3
2026-08-24T13:55:59.999Z,35.5
2026-08-24T14:01:00.157Z,35.33
2026-08-24T14:06:00.197Z,35.3
2026-08-24T14:11:00.057Z,35.42
2026-08-24T14:15:59.985Z,35.56
2026-08-24T14:21:02.459Z,35.76
2026-08-24T14:25:59.962Z,35.76
2026-08-24T14:31:00.524Z,35.79
2026-08-24T14:36:00.144Z,35.82
2026-08-24T14:41:00.128Z,35.88
2026-08-24T14:46:00.166Z,35.65
2026-08-24T14:51:00.18Z,35.59
2026-08-24T14:56:02.399Z,35.62
2026-08-24T15:01:01.491Z,35.76
2026-08-24T15:06:00.083Z,35.94
2026-08-24T15:11:00.024Z,35.85
2026-08-24T15:16:00.358Z,35.96
2026-08-24T15:21:03.049Z,35.82
2026-08-24T15:26:01.302Z,35.59
2026-08-24T15:31:00.111Z,35.53
2026-08-24T15:35:59.974Z,35.45
2026-08-24T15:41:00.004Z,35.39
2026-08-24T15:46:00.176Z,35.56
2026-08-24T15:50:59.96Z,35.53
2026-08-24T15:56:00.078Z,35.59
2026-08-24T16:01:01.316Z,35.53
2026-08-24T16:06:00.051Z,35.45
2026-08-24T16:11:00.2Z,35.42
2026-08-24T16:15:59.972Z,35.27
2026-08-24T16:21:00.095Z,35.19
2026-08-24T16:26:01.065Z,35.19
2026-08-24T16:31:02.378Z,35.3
2026-08-24T16:36:00.056Z,35.45
2026-08-24T16:41:01.244Z,35.45
2026-08-24T16:46:00.478Z,35.5
2026-08-24T16:51:00.22Z,35.42
2026-08-24T16:56:02.393Z,35.24
2026-08-24T17:01:00.163Z,35.16
2026-08-24T17:06:00.42Z,34.96
2026-08-24T17:11:01.684Z,34.67
2026-08-24T17:16:00.471Z,34.5
2026-08-24T17:20:59.991Z,34.38
2026-08-24T17:26:00.012Z,34.09
2026-08-24T17:31:02.416Z,33.95
2026-08-24T17:36:00.165Z,33.8
2026-08-24T17:40:59.967Z,33.78
2026-08-24T17:46:00.134Z,33.75
2026-08-24T17:51:01.985Z,33.63
2026-08-24T17:55:59.99Z,33.49
2026-08-24T18:01:00.016Z,33.37
2026-08-24T18:05:59.986Z,33.23
2026-08-24T18:11:00.018Z,33.08
2026-08-24T18:16:00.13Z,33.0
2026-08-24T18:21:02.396Z,32.97
2026-08-24T18:26:02.515Z,32.89
2026-08-24T18:31:00.168Z,32.8
2026-08-24T18:36:00.142Z,32.59
2026-08-24T18:41:00.069Z,32.45
2026-08-24T18:46:00.028Z,32.19
2026-08-24T18:51:00.122Z,31.99
2026-08-24T18:56:02.566Z,31.96
2026-08-24T19:01:00.175Z,31.85
2026-08-24T19:06:02.661Z,31.73
2026-08-24T19:11:01.301Z,31.64
2026-08-24T19:16:00.477Z,31.56
2026-08-24T19:21:02.341Z,31.47
2026-08-24T19:25:59.998Z,31.39
2026-08-24T19:31:00.185Z,31.16
2026-08-24T19:36:02.986Z,30.99
2026-08-24T19:41:00.195Z,30.87
2026-08-24T19:46:00.212Z,30.78
2026-08-24T19:51:03.135Z,30.67
2026-08-24T19:55:59.973Z,30.73
2026-08-24T20:01:00.029Z,30.55
2026-08-24T20:06:00.174Z,30.5
2026-08-24T20:10:59.976Z,30.44
2026-08-24T20:16:00.376Z,30.5
2026-08-24T20:21:00.033Z,30.44
2026-08-24T20:26:02.483Z,30.41
2026-08-24T20:31:00.579Z,30.5
2026-08-24T20:36:02.878Z,30.78
2026-08-24T20:41:00.4Z,31.16
2026-08-24T20:46:00.416Z,31.36
2026-08-24T20:51:00.209Z,31.39
2026-08-24T20:56:00.136Z,31.27
2026-08-24T21:01:00.053Z,31.1
2026-08-24T21:06:02.313Z,31.04
2026-08-24T21:10:59.965Z,30.93
2026-08-24T21:16:00.207Z,30.78
2026-08-24T21:21:00.123Z,30.73
2026-08-24T21:26:00.951Z,30.67
2026-08-24T21:31:00.487Z,30.61
2026-08-24T21:36:02.362Z,30.67
2026-08-24T21:41:00.215Z,30.55
2026-08-24T21:46:00.153Z,30.58
2026-08-24T21:51:00.088Z,30.55
2026-08-24T21:56:00.093Z,30.44
2026-08-24T22:01:02.515Z,30.32
2026-08-24T22:06:00.053Z,30.27
2026-08-24T22:11:00.044Z,30.09
2026-08-24T22:16:00.783Z,30.12
2026-08-24T22:21:02.566Z,30.06
2026-08-24T22:26:00.05Z,30.01
2026-08-24T22:31:00.119Z,29.92
2026-08-24T22:36:00.123Z,29.98
2026-08-24T22:41:00.691Z,29.95
2026-08-24T22:46:00.713Z,29.83
2026-08-24T22:51:00.046Z,29.8
2026-08-24T22:56:00.103Z,29.75
2026-08-24T23:01:00.362Z,29.57
2026-08-24T23:06:02.339Z,29.46
2026-08-24T23:11:00.37Z,29.34
2026-08-24T23:16:00.074Z,29.37
2026-08-24T23:21:00.378Z,29.32
2026-08-24T23:26:00.114Z,29.29
2026-08-24T23:31:02.607Z,29.29
2026-08-24T23:36:00.127Z,29.23
2026-08-24T23:40:59.982Z,29.26
2026-08-24T23:46:01.621Z,29.2
2026-08-24T23:51:02.703Z,29.14
2026-08-24T23:55:59.995Z,29.08
2026-08-25T00:01:02.712Z,28.97
2026-08-25T00:06:01.917Z,28.94
2026-08-25T00:11:00.091Z,28.83
2026-08-25T00:16:00.264Z,28.68
2026-08-25T00:21:00.142Z,28.45
2026-08-25T00:26:02.295Z,28.36
2026-08-25T00:31:00.055Z,28.34
2026-08-25T00:36:00.158Z,28.19
2026-08-25T00:41:00.062Z,27.99
2026-08-25T00:45:59.954Z,27.82
2026-08-25T00:51:00.098Z,27.76
2026-08-25T00:56:00.132Z,27.71
2026-08-25T01:01:02.339Z,27.59
2026-08-25T01:06:07.94Z,27.39
2026-08-25T01:11:00.119Z,27.3
2026-08-25T01:16:00.663Z,27.16
2026-08-25T01:21:00.054Z,26.9
2026-08-25T01:25:59.999Z,26.64
2026-08-25T01:31:00.013Z,26.27
2026-08-25T01:36:02.297Z,25.92
2026-08-25T01:41:02.373Z,25.57
2026-08-25T01:45:59.971Z,25.26
2026-08-25T01:51:01.682Z,25.03
2026-08-25T01:56:00.059Z,24.74
2026-08-25T02:01:00.168Z,24.68
2026-08-25T02:06:02.774Z,25.0
2026-08-25T02:11:02.529Z,25.34
2026-08-25T02:16:02.729Z,25.83
2026-08-25T02:21:02.449Z,26.41
2026-08-25T02:26:00.708Z,26.58
2026-08-25T02:31:00.094Z,26.84
2026-08-25T02:36:02.345Z,26.99
2026-08-25T02:41:00.101Z,27.04
2026-08-25T02:46:00.939Z,26.87
2026-08-25T02:51:02.362Z,26.84
2026-08-25T02:56:00.443Z,26.9
2026-08-25T03:01:16.308Z,26.84
2026-08-25T03:06:29.284Z,26.84
2026-08-25T03:11:02.558Z,26.78
2026-08-25T03:16:00.075Z,26.81
2026-08-25T03:21:02.603Z,26.76
2026-08-25T03:26:00.16Z,26.76
2026-08-25T03:31:00.649Z,26.73
2026-08-25T03:36:02.413Z,26.5
2026-08-25T03:41:00.003Z,26.46
2026-08-25T03:46:00.058Z,26.44
2026-08-25T03:51:01.594Z,26.38
2026-08-25T03:55:59.977Z,26.38
2026-08-25T04:01:00.226Z,26.41
2026-08-25T04:06:00.821Z,26.35
2026-08-25T04:11:00.114Z,26.32
2026-08-25T04:16:00.116Z,26.29
2026-08-25T04:21:02.361Z,26.15
2026-08-25T04:26:00.201Z,26.2
2026-08-25T04:31:00.151Z,26.18
2026-08-25T04:36:00.111Z,26.15
2026-08-25T04:41:00.029Z,25.95
2026-08-25T04:46:00.049Z,25.75
2026-08-25T04:51:02.996Z,25.34
2026-08-25T04:56:00.035Z,24.97
2026-08-25T05:01:01.145Z,24.71
2026-08-25T05:06:02.296Z,24.6
2026-08-25T05:10:59.994Z,24.42
2026-08-25T05:16:00.741Z,24.31
2026-08-25T05:21:00.622Z,24.16
2026-08-25T05:26:00.043Z,24.02
2026-08-25T05:31:00.009Z,23.9
2026-08-25T05:36:02.301Z,23.73
2026-08-25T05:41:00.036Z,23.47
2026-08-25T05:46:00.915Z,23.36
2026-08-25T05:51:00.29Z,23.24
2026-08-25T05:56:00.111Z,23.13
2026-08-25T06:01:02.342Z,23.1
2026-08-25T06:06:01.93Z,23.04
2026-08-25T06:11:00.023Z,23.1
2026-08-25T06:16:00.034Z,23.1
2026-08-25T06:21:01.778Z,23.13
2026-08-25T06:26:00.163Z,23.44
2026-08-25T06:31:00.135Z,23.76
2026-08-25T06:36:00.083Z,24.02
2026-08-25T06:41:00.152Z,24.19
2026-08-25T06:46:00.205Z,24.37
2026-08-25T06:51:01.907Z,24.45
2026-08-25T06:56:00.12Z,24.6
2026-08-25T07:01:08.257Z,24.74
2026-08-25T07:06:02.28Z,24.88
2026-08-25T07:11:02.333Z,25.09
2026-08-25T07:16:00.077Z,25.46
2026-08-25T07:20:59.998Z,25.66
2026-08-25T07:26:00.037Z,25.95
2026-08-25T07:31:00.032Z,26.09
2026-08-25T07:36:00.118Z,26.12
2026-08-25T07:41:00.319Z,26.01
2026-08-25T07:46:00.157Z,26.01
2026-08-25T07:51:00.075Z,26.01
2026-08-25T07:56:00.171Z,26.06
2026-08-25T08:01:00.012Z,26.24
2026-08-25T08:06:00.116Z,26.41
2026-08-25T08:11:00.446Z,26.67
2026-08-25T08:16:00.018Z,27.04
2026-08-25T08:21:02.508Z,27.56
2026-08-25T08:26:02.482Z,27.82
2026-08-25T08:31:00.032Z,28.16
2026-08-25T08:36:02.246Z,28.36
2026-08-25T08:41:00.129Z,28.71
2026-08-25T08:46:01.429Z,28.8
2026-08-25T08:51:02.486Z,29.23
2026-08-25T08:56:02.438Z,29.43
2026-08-25T09:01:01.569Z,29.78
2026-08-25T09:06:02.559Z,29.8
2026-08-25T09:11:02.371Z,29.86
2026-08-25T09:16:00.083Z,29.92
2026-08-25T09:21:02.091Z,29.98
2026-08-25T09:26:00.016Z,30.01
2026-08-25T09:31:00.02Z,30.24
2026-08-25T09:36:00.021Z,30.15
2026-08-25T09:41:00.117Z,30.47
2026-08-25T09:46:00.12Z,30.61
2026-08-25T09:51:02.096Z,30.75
2026-08-25T09:56:00.013Z,30.78
2026-08-25T10:01:00.299Z,31.1
2026-08-25T10:06:02.261Z,30.99
2026-08-25T10:11:00.115Z,30.9
2026-08-25T10:15:59.99Z,31.53
2026-08-25T10:21:00.2Z,31.22
2026-08-25T10:26:00.103Z,31.42
2026-08-25T10:31:00.842Z,31.45
2026-08-25T10:36:00.048Z,31.62
2026-08-25T10:41:00.166Z,31.71
2026-08-25T10:46:00.752Z,31.87
2026-08-25T10:51:02.561Z,32.19
2026-08-25T10:56:00.171Z,32.74
2026-08-25T11:01:00.136Z,33.15
2026-08-25T11:06:00.309Z,33.34
2026-08-25T11:11:02.328Z,33.29
2026-08-25T11:16:01.389Z,33.34
2026-08-25T11:21:02.855Z,32.85
2026-08-25T11:26:00.144Z,32.68
2026-08-25T11:31:00.187Z,33.15
2026-08-25T11:36:02.711Z,33.23
2026-08-25T11:41:00.172Z,33.43
2026-08-25T11:46:02.501Z,33.63
2026-08-25T11:51:02.745Z,33.86
2026-08-25T11:56:01.067Z,34.03
2026-08-25T12:01:00.156Z,34.38
2026-08-25T12:06:00.125Z,34.64
2026-08-25T12:11:01.068Z,34.67
2026-08-25T12:16:00.157Z,34.47
2026-08-25T12:21:00.155Z,34.7
2026-08-25T12:26:00.043Z,34.73
2026-08-25T12:31:00.171Z,34.9
2026-08-25T12:36:02.671Z,35.01
2026-08-25T12:41:00.032Z,35.16
2026-08-25T12:46:00.164Z,35.24
2026-08-25T12:51:00.119Z,35.42
2026-08-25T12:56:00.638Z,35.47
2026-08-25T13:01:03.979Z,35.39
2026-08-25T13:05:59.971Z,35.42
2026-08-25T13:11:00.148Z,35.5
2026-08-25T13:16:00.031Z,35.62
2026-08-25T13:21:00.031Z,35.65
2026-08-25T13:25:59.994Z,35.88
2026-08-25T13:31:01.295Z,35.99
2026-08-25T13:36:02.757Z,36.19
2026-08-25T13:41:00.167Z,36.4
2026-08-25T13:46:00.179Z,36.4
2026-08-25T13:51:01.911Z,36.42
2026-08-25T13:56:00.154Z,36.51
2026-08-25T14:01:01.858Z,36.19
2026-08-25T14:06:02.363Z,36.45
2026-08-25T14:11:00.192Z,36.66
2026-08-25T14:15:59.988Z,36.66
2026-08-25T14:21:02.985Z,36.54
2026-08-25T14:26:00.146Z,36.83
2026-08-25T14:31:00.697Z,36.91
2026-08-25T14:36:02.54Z,37.03
2026-08-25T14:41:00.997Z,37.09
2026-08-25T14:46:00.184Z,37.38
2026-08-25T14:51:00.116Z,37.35
2026-08-25T14:56:02.589Z,37.23
2026-08-25T15:01:02.441Z,37.23
2026-08-25T15:06:00.338Z,37.23
2026-08-25T15:11:00.169Z,37.26
2026-08-25T15:16:00.124Z,37.46
2026-08-25T15:21:02.701Z,37.4
2026-08-25T15:26:00.072Z,37.23
2026-08-25T15:31:00.524Z,37.26
2026-08-25T15:36:00.429Z,37.15
2026-08-25T15:41:00.143Z,37.09
2026-08-25T15:46:00.334Z,36.86
2026-08-25T15:51:00.051Z,36.77
2026-08-25T15:56:00.206Z,36.8
2026-08-25T16:01:00.175Z,36.57
2026-08-25T16:06:15.207Z,36.74
2026-08-25T16:11:00.065Z,36.68
2026-08-25T16:16:00.726Z,36.42
2026-08-25T16:21:00.449Z,36.4
2026-08-25T16:26:01.283Z,36.45
2026-08-25T16:31:00.595Z,36.42
2026-08-25T16:36:02.435Z,36.25
2026-08-25T16:41:00.123Z,36.19
2026-08-25T16:46:00.401Z,35.96
2026-08-25T16:51:00.126Z,35.68
2026-08-25T16:56:00.098Z,35.7
2026-08-25T17:01:01.795Z,35.45
2026-08-25T17:06:00.167Z,35.27
2026-08-25T17:11:00.15Z,35.36
2026-08-25T17:16:00.014Z,35.24
2026-08-25T17:21:02.6Z,35.24
2026-08-25T17:26:00.047Z,35.04
2026-08-25T17:31:00.006Z,35.01
2026-08-25T17:36:02.734Z,34.81
2026-08-25T17:40:59.974Z,34.64
2026-08-25T17:46:01.445Z,34.47
2026-08-25T17:51:02.712Z,34.29
2026-08-25T17:56:03.232Z,34.18
2026-08-25T18:01:17.513Z,33.95
2026-08-25T18:06:33.403Z,33.72
2026-08-25T18:11:00.144Z,33.72
2026-08-25T18:16:02.289Z,33.57
2026-08-25T18:21:02.789Z,33.4
2026-08-25T18:26:00.116Z,33.31
2026-08-25T18:31:02.316Z,33.23
2026-08-25T18:36:00.162Z,33.03
2026-08-25T18:41:00.017Z,32.91
2026-08-25T18:46:00.566Z,32.89
2026-08-25T18:51:02.868Z,32.59
2026-08-25T18:56:00.074Z,32.48
2026-08-25T19:01:00.193Z,32.36
2026-08-25T19:06:00.082Z,32.28
2026-08-25T19:10:59.984Z,32.17
2026-08-25T19:16:00.156Z,32.05
2026-08-25T19:21:00.025Z,31.87
2026-08-25T19:25:59.971Z,31.79
2026-08-25T19:31:00.03Z,31.68
2026-08-25T19:36:00.06Z,31.5
2026-08-25T19:41:00.213Z,31.5
2026-08-25T19:45:59.964Z,31.3
2026-08-25T19:51:02.821Z,31.1
2026-08-25T19:55:59.961Z,30.87
2026-08-25T20:01:00.113Z,30.7
2026-08-25T20:06:00.107Z,30.47
2026-08-25T20:11:00.066Z,30.32
2026-08-25T20:16:00.07Z,30.09
2026-08-25T20:21:00.057Z,29.98
2026-08-25T20:26:00.201Z,29.83
2026-08-25T20:31:00.021Z,29.78
2026-08-25T20:36:02.427Z,29.66
2026-08-25T20:40:59.987Z,29.52
2026-08-25T20:46:01.101Z,29.43
2026-08-25T20:50:59.961Z,29.26
2026-08-25T20:56:00.119Z,29.14
2026-08-25T21:01:00.09Z,29.0
2026-08-25T21:05:59.967Z,28.91
2026-08-25T21:11:00.172Z,28.88
2026-08-25T21:16:02.388Z,28.83
2026-08-25T21:21:01.179Z,28.65
2026-08-25T21:26:00.188Z,28.62
2026-08-25T21:31:00.05Z,28.54
2026-08-25T21:36:02.696Z,28.36
2026-08-25T21:41:00.624Z,28.16
2026-08-25T21:46:00.089Z,28.08
2026-08-25T21:51:00.182Z,28.05
2026-08-25T21:55:59.961Z,27.9
2026-08-25T22:01:00.251Z,27.87
2026-08-25T22:06:00.006Z,27.9
2026-08-25T22:11:00.449Z,27.73
2026-08-25T22:15:59.997Z,27.73
2026-08-25T22:20:59.99Z,27.59
2026-08-25T22:26:00.085Z,27.56
2026-08-25T22:30:59.986Z,27.48
2026-08-25T22:36:02.309Z,27.44
2026-08-25T22:41:00.212Z,27.36
2026-08-25T22:46:02.268Z,27.27
2026-08-25T22:51:02.794Z,27.24
2026-08-25T22:56:02.458Z,27.22
2026-08-25T23:00:59.985Z,27.13
2026-08-25T23:05:59.992Z,27.22
2026-08-25T23:10:59.98Z,27.1
2026-08-25T23:16:00.073Z,27.07
2026-08-25T23:20:59.995Z,27.07
2026-08-25T23:26:00.153Z,27.07
2026-08-25T23:30:59.948Z,27.01
2026-08-25T23:36:00.063Z,27.04
2026-08-25T23:41:00.19Z,27.04
2026-08-25T23:46:00.348Z,27.07
2026-08-25T23:51:02.362Z,27.07
2026-08-25T23:55:59.999Z,27.07
2026-08-26T00:01:00.143Z,27.01
2026-08-26T00:06:00.024Z,26.99
2026-08-26T00:11:00.093Z,26.84
2026-08-26T00:16:00.408Z,26.87
2026-08-26T00:21:02.315Z,26.81
2026-08-26T00:26:00.209Z,26.84
2026-08-26T00:31:00.145Z,26.99
2026-08-26T00:36:02.621Z,26.95
2026-08-26T00:40:59.992Z,26.9
2026-08-26T00:46:00.845Z,26.76
2026-08-26T00:51:02.427Z,26.61
2026-08-26T00:56:00.16Z,26.5
2026-08-26T01:00:59.954Z,26.46
2026-08-26T01:06:02.353Z,26.38
2026-08-26T01:11:00.056Z,26.41
2026-08-26T01:16:02.395Z,26.44
2026-08-26T01:21:00.186Z,26.44
2026-08-26T01:26:00.163Z,26.44
2026-08-26T01:31:02.281Z,26.46
2026-08-26T01:36:00.243Z,26.44
2026-08-26T01:41:02.409Z,26.44
2026-08-26T01:46:00.482Z,26.5
2026-08-26T01:51:00.175Z,26.52
2026-08-26T01:56:00.03Z,26.61
2026-08-26T02:01:00.054Z,26.61
2026-08-26T02:05:59.956Z,26.55
2026-08-26T02:11:00.066Z,26.61
2026-08-26T02:16:00.032Z,26.55
2026-08-26T02:21:00.192Z,26.46
2026-08-26T02:25:59.961Z,26.41
2026-08-26T02:31:02.304Z,26.46
2026-08-26T02:36:00.022Z,26.5
2026-08-26T02:41:02.432Z,26.46
2026-08-26T02:46:00.036Z,26.5
2026-08-26T02:51:01.679Z,26.55
2026-08-26T02:56:00.501Z,26.55
2026-08-26T03:01:00.12Z,26.58
2026-08-26T03:06:01.673Z,26.46
2026-08-26T03:11:00.164Z,26.41
2026-08-26T03:16:00.183Z,26.29
2026-08-26T03:21:00.129Z,26.09
2026-08-26T03:26:00.202Z,26.01
2026-08-26T03:30:59.971Z,25.92
2026-08-26T03:36:00.061Z,25.97
2026-08-26T03:40:59.984Z,25.95
2026-08-26T03:45:59.991Z,26.06
2026-08-26T03:51:02.464Z,25.92
2026-08-26T03:56:00.116Z,25.89
2026-08-26T04:01:00.324Z,25.86
2026-08-26T04:06:03.004Z,25.83
2026-08-26T04:11:00.085Z,25.83
2026-08-26T04:16:00.97Z,25.8
2026-08-26T04:21:02.111Z,25.72
2026-08-26T04:26:02.539Z,25.6
2026-08-26T04:31:00.194Z,25.66
2026-08-26T04:36:00.065Z,25.66
2026-08-26T04:41:00.101Z,25.72
2026-08-26T04:45:59.985Z,25.78
2026-08-26T04:51:00.134Z,25.8
2026-08-26T04:56:00.058Z,25.78
2026-08-26T05:01:00.195Z,25.8
2026-08-26T05:06:00.178Z,25.69
2026-08-26T05:11:00.031Z,25.78
2026-08-26T05:16:00.03Z,25.78
2026-08-26T05:21:01.072Z,25.78
2026-08-26T05:26:00.234Z,25.75
2026-08-26T05:31:00.163Z,25.66
2026-08-26T05:36:00.03Z,25.78
2026-08-26T05:41:00.022Z,25.66
2026-08-26T05:46:00.051Z,25.75
2026-08-26T05:51:00.786Z,25.83
2026-08-26T05:56:00.094Z,25.92
2026-08-26T06:01:00.05Z,26.01
2026-08-26T06:06:01.965Z,26.12
2026-08-26T06:10:59.998Z,26.09
2026-08-26T06:16:00.125Z,26.15
2026-08-26T06:20:59.965Z,26.2
2026-08-26T06:26:00.084Z,26.32
2026-08-26T06:31:00.142Z,26.38
2026-08-26T06:36:00.015Z,26.35
2026-08-26T06:41:00.209Z,26.35
2026-08-26T06:46:02.479Z,26.44
2026-08-26T06:51:02.299Z,26.24
2026-08-26T06:56:00.1Z,26.29
2026-08-26T07:01:02.811Z,26.46
2026-08-26T07:06:00.548Z,26.46
2026-08-26T07:10:59.971Z,26.55
2026-08-26T07:15:59.984Z,26.81
2026-08-26T07:21:02.674Z,26.92
2026-08-26T07:26:01.841Z,26.99
2026-08-26T07:30:59.969Z,27.13
2026-08-26T07:36:00.355Z,27.22
2026-08-26T07:41:00.123Z,27.48
2026-08-26T07:46:00.123Z,27.53
2026-08-26T07:51:00.961Z,27.5
2026-08-26T07:56:00.214Z,27.59
2026-08-26T08:01:00.1Z,27.85
2026-08-26T08:06:02.193Z,27.99
2026-08-26T08:11:00.044Z,27.99
2026-08-26T08:16:00.824Z,27.99
2026-08-26T08:21:02.052Z,27.79
2026-08-26T08:26:00.216Z,27.62
2026-08-26T08:31:00.132Z,27.56
2026-08-26T08:36:01.707Z,27.48
2026-08-26T08:40:59.971Z,27.62
2026-08-26T08:46:02.365Z,27.85
2026-08-26T08:51:00.73Z,28.08
2026-08-26T08:56:00.775Z,28.22
2026-08-26T09:01:03.216Z,28.39
2026-08-26T09:06:06.847Z,28.57
2026-08-26T09:11:00.069Z,28.8
2026-08-26T09:16:02.502Z,29.2
2026-08-26T09:21:00.192Z,29.43
2026-08-26T09:26:00.061Z,29.83
2026-08-26T09:31:00.26Z,29.83
2026-08-26T09:36:00.314Z,29.89
2026-08-26T09:40:59.964Z,30.01
2026-08-26T09:45:59.967Z,30.35
2026-08-26T09:51:00.073Z,30.52
2026-08-26T09:56:00.059Z,30.64
2026-08-26T10:01:00.047Z,30.75
2026-08-26T10:06:00.556Z,30.84
2026-08-26T10:11:00.013Z,30.96
2026-08-26T10:16:00.349Z,31.33
2026-08-26T10:21:00.191Z,31.62
2026-08-26T10:26:00.063Z,31.96
2026-08-26T10:31:00.46Z,32.34
2026-08-26T10:36:00.17Z,32.62
2026-08-26T10:41:01.155Z,32.66
2026-08-26T10:46:00.141Z,32.91
2026-08-26T10:51:01.291Z,33.29
2026-08-26T10:56:00.085Z,33.31
2026-08-26T11:01:00.148Z,33.37
2026-08-26T11:05:59.982Z,33.6
2026-08-26T11:11:00.074Z,33.78
2026-08-26T11:16:00.13Z,33.95
2026-08-26T11:21:00.02Z,34.06
2026-08-26T11:26:00.295Z,34.09
2026-08-26T11:31:00.029Z,34.09
2026-08-26T11:36:00.081Z,34.21
2026-08-26T11:41:00.127Z,34.52
2026-08-26T11:46:02.39Z,34.58
2026-08-26T11:51:00.12Z,34.78
2026-08-26T11:56:00.162Z,34.84
2026-08-26T12:00:59.962Z,35.1
2026-08-26T12:06:02.318Z,35.3
2026-08-26T12:11:00.278Z,35.27
2026-08-26T12:16:02.345Z,35.3
2026-08-26T12:21:02.166Z,35.56
2026-08-26T12:26:00.06Z,35.7
2026-08-26T12:31:00.291Z,35.68
2026-08-26T12:36:02.154Z,36.05
2026-08-26T12:41:00.114Z,36.17
2026-08-26T12:45:59.994Z,36.22
2026-08-26T12:51:00.165Z,36.31
2026-08-26T12:56:00.066Z,36.31
2026-08-26T13:01:00.938Z,36.4
2026-08-26T13:06:01.951Z,36.54
2026-08-26T13:10:59.97Z,36.63
2026-08-26T13:16:02.373Z,36.66
2026-08-26T13:21:02.06Z,36.57
2026-08-26T13:26:00.146Z,36.48
2026-08-26T13:31:02.244Z,36.57
2026-08-26T13:35:59.962Z,36.8
2026-08-26T13:41:02.318Z,36.89
2026-08-26T13:46:00.079Z,36.89
2026-08-26T13:51:01.608Z,37.12
2026-08-26T13:56:00.185Z,37.09
2026-08-26T14:00:59.992Z,37.12
2026-08-26T14:06:00.024Z,37.23
2026-08-26T14:11:00.105Z,37.31
2026-08-26T14:16:00.604Z,37.05
2026-08-26T14:21:00.088Z,36.94
2026-08-26T14:26:00.085Z,36.83
2026-08-26T14:31:01.254Z,36.97
2026-08-26T14:36:00.103Z,37.09
2026-08-26T14:41:03.258Z,36.77
2026-08-26T14:45:59.98Z,36.54
2026-08-26T14:51:00.039Z,36.6
2026-08-26T14:56:02.676Z,36.45
2026-08-26T15:00:59.97Z,36.4
2026-08-26T15:06:01.544Z,36.25
2026-08-26T15:11:00.123Z,36.25
2026-08-26T15:16:00.948Z,36.37
2026-08-26T15:21:00.105Z,36.28
2026-08-26T15:26:02.292Z,36.25
2026-08-26T15:30:59.99Z,36.08
2026-08-26T15:36:00.196Z,35.94
2026-08-26T15:41:00.114Z,35.79
2026-08-26T15:46:00.092Z,35.79
2026-08-26T15:51:02.495Z,35.73
2026-08-26T15:56:00.531Z,35.79
2026-08-26T16:01:01.338Z,35.85
2026-08-26T16:06:00.094Z,35.82
2026-08-26T16:11:00.002Z,35.76
2026-08-26T16:16:00.01Z,35.65
2026-08-26T16:21:00.147Z,35.59
2026-08-26T16:26:02.346Z,35.47
2026-08-26T16:31:00.097Z,35.33
2026-08-26T16:36:00.153Z,35.3
2026-08-26T16:41:00.111Z,35.16
2026-08-26T16:46:00.118Z,35.22
2026-08-26T16:50:59.966Z,35.16
2026-08-26T16:55:59.995Z,35.16
2026-08-26T17:01:02.421Z,34.98
2026-08-26T17:06:02.331Z,34.9
2026-08-26T17:11:00.096Z,34.78
2026-08-26T17:16:00.138Z,34.47
2026-08-26T17:20:59.921Z,34.35
2026-08-26T17:25:59.911Z,34.21
2026-08-26T17:31:02.503Z,34.15
2026-08-26T17:36:00.109Z,34.09
2026-08-26T17:41:00.143Z,34.12
2026-08-26T17:46:00.609Z,33.98
2026-08-26T17:51:00.08Z,33.75
2026-08-26T17:55:59.957Z,33.66
2026-08-26T18:01:00.562Z,33.46
2026-08-26T18:06:00.134Z,33.15
2026-08-26T18:11:00.161Z,32.97
2026-08-26T18:15:59.97Z,32.8
2026-08-26T18:21:00.964Z,32.62
2026-08-26T18:25:59.971Z,32.45
2026-08-26T18:31:00.185Z,32.22
2026-08-26T18:36:01.819Z,32.05
2026-08-26T18:41:00Z,31.73
2026-08-26T18:46:00.05Z,31.59
2026-08-26T18:51:00.091Z,31.45
2026-08-26T18:56:00.077Z,31.24
2026-08-26T19:01:00.584Z,31.1
2026-08-26T19:06:00.09Z,30.96
2026-08-26T19:11:00.016Z,30.9
2026-08-26T19:16:00.026Z,30.55
2026-08-26T19:21:00.051Z,30.38
2026-08-26T19:26:00.093Z,30.15
2026-08-26T19:31:02.566Z,30.01
2026-08-26T19:36:00.069Z,29.75
2026-08-26T19:40:59.908Z,29.69
2026-08-26T19:46:00.051Z,29.49
2026-08-26T19:50:59.984Z,29.34
2026-08-26T19:56:02.463Z,29.32
2026-08-26T20:01:01.317Z,29.26
2026-08-26T20:05:59.989Z,29.08
2026-08-26T20:11:02.574Z,29.0
2026-08-26T20:16:00.061Z,28.94
2026-08-26T20:21:00.031Z,28.83
2026-08-26T20:25:59.991Z,28.65
2026-08-26T20:31:00.182Z,28.62
2026-08-26T20:36:00.055Z,28.54
2026-08-26T20:41:00.139Z,28.28
2026-08-26T20:46:00.899Z,28.22
2026-08-26T20:51:00.13Z,28.08
2026-08-26T20:56:00.078Z,28.05
2026-08-26T21:01:00.051Z,27.97
2026-08-26T21:06:00.124Z,27.87
2026-08-26T21:11:00.155Z,27.87
2026-08-26T21:16:00.484Z,27.82
2026-08-26T21:21:02.268Z,27.82
2026-08-26T21:26:00.054Z,27.79
2026-08-26T21:30:59.953Z,27.76
2026-08-26T21:36:00.295Z,27.62
2026-08-26T21:41:00.106Z,27.53
2026-08-26T21:46:00.333Z,27.41
2026-08-26T21:51:02.474Z,27.36
2026-08-26T21:55:59.932Z,27.24
2026-08-26T22:00:59.91Z,27.07
2026-08-26T22:05:59.929Z,27.07
2026-08-26T22:11:00.099Z,26.95
2026-08-26T22:15:59.944Z,26.9
2026-08-26T22:21:00.148Z,26.78
2026-08-26T22:26:00.096Z,26.55
2026-08-26T22:31:00.729Z,26.55
2026-08-26T22:36:01.871Z,26.44
2026-08-26T22:40:59.956Z,26.44
2026-08-26T22:45:59.978Z,26.46
2026-08-26T22:51:00.103Z,26.46
2026-08-26T22:56:00.578Z,26.5
2026-08-26T23:01:02.352Z,26.64
2026-08-26T23:06:00.036Z,26.61
2026-08-26T23:11:02.409Z,26.52
2026-08-26T23:15:59.981Z,26.58
2026-08-26T23:21:00.139Z,26.52
2026-08-26T23:25:59.959Z,26.52
2026-08-26T23:30:59.935Z,26.58
2026-08-26T23:35:59.996Z,26.55
2026-08-26T23:41:02.347Z,26.46
2026-08-26T23:46:00.141Z,26.29
2026-08-26T23:51:02.388Z,26.2
2026-08-26T23:55:59.949Z,26.12
2026-08-27T00:01:11.035Z,25.97
2026-08-27T00:06:18.414Z,25.8
2026-08-27T00:11:00.07Z,25.66
2026-08-27T00:15:59.937Z,25.6
2026-08-27T00:21:01.843Z,25.52
2026-08-27T00:26:00.218Z,25.43
2026-08-27T00:31:00.082Z,25.34
2026-08-27T00:36:01.612Z,25.26
2026-08-27T00:41:02.489Z,25.29
2026-08-27T00:46:00.137Z,25.17
2026-08-27T00:51:00.023Z,25.11
2026-08-27T00:56:00.073Z,25.11
2026-08-27T01:01:00.638Z,24.97
2026-08-27T01:06:01.217Z,24.8
2026-08-27T01:10:59.903Z,24.6
2026-08-27T01:16:01.1Z,24.48
2026-08-27T01:21:02.649Z,24.31
2026-08-27T01:25:59.972Z,24.28
2026-08-27T01:30:59.95Z,24.28
2026-08-27T01:35:59.983Z,24.19
2026-08-27T01:40:59.92Z,24.28
2026-08-27T01:45:59.952Z,24.22
2026-08-27T01:51:00.031Z,24.16
2026-08-27T01:56:00.026Z,24.11
2026-08-27T02:00:59.922Z,24.11
2026-08-27T02:06:02.334Z,24.25
2026-08-27T02:10:59.969Z,24.28
2026-08-27T02:16:00.121Z,24.28
2026-08-27T02:21:00.093Z,24.48
2026-08-27T02:26:00.295Z,24.51
2026-08-27T02:30:59.934Z,24.51
2026-08-27T02:36:00.72Z,24.65
2026-08-27T02:41:00.103Z,24.65
2026-08-27T02:46:00.078Z,24.51
2026-08-27T02:51:00.101Z,24.6
2026-08-27T02:56:02.792Z,24.6
2026-08-27T03:01:00.136Z,24.68
2026-08-27T03:06:00.063Z,24.94
2026-08-27T03:11:00.171Z,25.09
2026-08-27T03:16:00.028Z,25.09
2026-08-27T03:21:01.338Z,25.29
2026-08-27T03:25:59.975Z,25.43
2026-08-27T03:30:59.996Z,25.49
2026-08-27T03:36:02.005Z,25.6
2026-08-27T03:40:59.974Z,25.6
2026-08-27T03:46:00.087Z,25.52
2026-08-27T03:51:02.309Z,25.6
2026-08-27T03:56:00.08Z,25.83
2026-08-27T04:01:00.343Z,25.72
2026-08-27T04:06:02.064Z,25.63
2026-08-27T04:10:59.931Z,25.57
2026-08-27T04:15:59.934Z,25.4
2026-08-27T04:21:03.473Z,25.23
2026-08-27T04:25:59.934Z,25.23
2026-08-27T04:31:00.092Z,25.09
2026-08-27T04:36:02.485Z,25.11
2026-08-27T04:41:00.064Z,25.03
2026-08-27T04:46:00.859Z,25.03
2026-08-27T04:50:59.96Z,24.88
2026-08-27T04:56:02.452Z,24.88
2026-08-27T05:01:00.114Z,24.91
2026-08-27T05:06:00.281Z,24.88
2026-08-27T05:11:00.011Z,24.83
2026-08-27T05:15:59.918Z,24.68
2026-08-27T05:21:00.091Z,24.57
2026-08-27T05:26:00.869Z,24.57
2026-08-27T05:31:01.217Z,24.37
2026-08-27T05:36:02.757Z,24.28
2026-08-27T05:41:00.107Z,24.13
2026-08-27T05:46:00.985Z,24.05
2026-08-27T05:50:59.94Z,24.02
2026-08-27T05:56:00.044Z,23.93
2026-08-27T06:01:00.147Z,23.93
2026-08-27T06:05:59.996Z,23.99
2026-08-27T06:10:59.988Z,24.13
2026-08-27T06:16:00.136Z,24.42
2026-08-27T06:21:02.38Z,24.77
2026-08-27T06:26:00.126Z,25.03
2026-08-27T06:31:00.355Z,25.09
2026-08-27T06:36:02.636Z,25.23
2026-08-27T06:41:00.195Z,25.34
2026-08-27T06:46:02.285Z,25.52
2026-08-27T06:51:00.158Z,25.69
2026-08-27T06:56:00.168Z,25.86
2026-08-27T07:01:00.079Z,26.09
2026-08-27T07:06:02.487Z,26.18
2026-08-27T07:10:59.967Z,26.35
2026-08-27T07:16:02.094Z,26.58
2026-08-27T07:21:02.261Z,26.73
2026-08-27T07:26:02.506Z,26.81
2026-08-27T07:30:59.956Z,26.99
2026-08-27T07:36:02.067Z,27.07
2026-08-27T07:41:01.597Z,27.24
2026-08-27T07:45:59.911Z,27.33
2026-08-27T07:51:01.776Z,27.56
2026-08-27T07:56:00.027Z,27.64
2026-08-27T08:00:59.917Z,27.97
2026-08-27T08:06:00.027Z,27.93
2026-08-27T08:11:00.064Z,28.05
2026-08-27T08:16:00.313Z,28.08
2026-08-27T08:21:00.027Z,28.28
2026-08-27T08:26:00.055Z,28.45
2026-08-27T08:31:00.258Z,28.6
2026-08-27T08:36:02.077Z,28.74
2026-08-27T08:41:00.95Z,28.94
2026-08-27T08:46:00.078Z,28.97
2026-08-27T08:50:59.991Z,29.26
2026-08-27T08:56:00.021Z,29.6
2026-08-27T09:01:00.096Z,29.63
2026-08-27T09:06:02.566Z,29.78
2026-08-27T09:11:00.12Z,29.8
2026-08-27T09:16:00.14Z,29.92
2026-08-27T09:21:00.075Z,30.18
2026-08-27T09:26:00.121Z,30.35
2026-08-27T09:30:59.973Z,30.67
2026-08-27T09:36:00.142Z,31.16
2026-08-27T09:41:00.051Z,31.62
2026-08-27T09:46:00.142Z,32.08
2026-08-27T09:50:59.942Z,32.31
2026-08-27T09:55:59.926Z,32.57
2026-08-27T10:01:00.551Z,32.51
2026-08-27T10:06:00.086Z,32.31
2026-08-27T10:11:00.162Z,32.82
2026-08-27T10:15:59.974Z,33.0
2026-08-27T10:21:02.948Z,33.11
2026-08-27T10:26:00.115Z,33.2
2026-08-27T10:31:02.56Z,33.23
2026-08-27T10:35:59.933Z,33.57
2026-08-27T10:41:00.09Z,33.86
2026-08-27T10:46:00.034Z,33.98
2026-08-27T10:51:01.81Z,33.83
2026-08-27T10:55:59.931Z,34.06
2026-08-27T11:01:00.023Z,34.18
2026-08-27T11:05:59.902Z,34.18
2026-08-27T11:11:00.069Z,34.47
2026-08-27T11:15:59.975Z,34.47
2026-08-27T11:20:59.956Z,34.73
2026-08-27T11:26:01.623Z,34.81
2026-08-27T11:31:01.016Z,35.01
2026-08-27T11:36:02.401Z,35.24
2026-08-27T11:40:59.965Z,35.62
2026-08-27T11:45:59.972Z,35.65
2026-08-27T11:51:01.513Z,35.42
2026-08-27T11:56:00.073Z,35.19
2026-08-27T12:01:00.024Z,35.27
2026-08-27T12:06:00.107Z,35.3
2026-08-27T12:11:00.093Z,35.3
2026-08-27T12:16:00.125Z,35.68
2026-08-27T12:21:00.07Z,36.08
2026-08-27T12:26:00.113Z,36.31
2026-08-27T12:31:00.07Z,36.54
2026-08-27T12:36:00.025Z,36.66
2026-08-27T12:40:59.972Z,36.63
2026-08-27T12:45:59.98Z,36.54
2026-08-27T12:50:59.925Z,36.66
2026-08-27T12:56:00.048Z,36.57
2026-08-27T13:01:00.933Z,36.8
2026-08-27T13:06:04.238Z,37.0
2026-08-27T13:11:00.092Z,37.38
2026-08-27T13:15:59.905Z,37.46
2026-08-27T13:21:00.03Z,37.54
2026-08-27T13:26:02.376Z,37.46
2026-08-27T13:30:59.891Z,37.03
2026-08-27T13:36:02.537Z,37.26
2026-08-27T13:41:00.183Z,37.46
2026-08-27T13:46:00.321Z,37.92
2026-08-27T13:51:00.119Z,38.03
2026-08-27T13:55:59.894Z,38.29
2026-08-27T14:01:00.743Z,38.41
2026-08-27T14:06:02.368Z,38.33
2026-08-27T14:10:59.947Z,38.18
2026-08-27T14:16:00.405Z,38.01
2026-08-27T14:21:02.332Z,38.03
2026-08-27T14:26:00.057Z,37.98
2026-08-27T14:30:59.932Z,37.92
2026-08-27T14:36:00.033Z,37.98
2026-08-27T14:41:00.032Z,38.01
2026-08-27T14:45:59.909Z,37.86
2026-08-27T14:51:00.032Z,37.72
2026-08-27T14:56:01.667Z,37.52
2026-08-27T15:01:15.995Z,37.54
2026-08-27T15:06:23.123Z,37.49
2026-08-27T15:11:00.095Z,37.58
2026-08-27T15:15:59.907Z,37.75
2026-08-27T15:21:02.801Z,37.75
2026-08-27T15:25:59.892Z,37.84
2026-08-27T15:31:02.377Z,38.1
2026-08-27T15:36:02.298Z,38.18
2026-08-27T15:41:00.137Z,38.24
2026-08-27T15:45:59.906Z,38.33
2026-08-27T15:51:02.082Z,38.35
2026-08-27T15:55:59.885Z,38.26
2026-08-27T16:00:59.957Z,38.33
2026-08-27T16:05:59.992Z,38.29
2026-08-27T16:10:59.904Z,38.29
2026-08-27T16:16:00.063Z,38.18
2026-08-27T16:20:59.962Z,38.01
2026-08-27T16:26:00.17Z,37.72
2026-08-27T16:31:00.29Z,37.52
2026-08-27T16:36:00.119Z,37.2
2026-08-27T16:40:59.931Z,37.17
2026-08-27T16:46:00.105Z,37.0
2026-08-27T16:51:01.73Z,36.8
2026-08-27T16:55:59.982Z,36.63
2026-08-27T17:00:59.881Z,36.48
2026-08-27T17:06:00.128Z,36.42
2026-08-27T17:11:00.051Z,35.99
2026-08-27T17:15:59.997Z,35.73
2026-08-27T17:21:00.051Z,35.56
2026-08-27T17:25:59.899Z,35.39
2026-08-27T17:31:00.62Z,35.3
2026-08-27T17:36:02.531Z,35.27
2026-08-27T17:41:00.136Z,35.04
2026-08-27T17:46:00.9Z,34.78
2026-08-27T17:51:00.438Z,34.47
2026-08-27T17:56:00.108Z,34.21
2026-08-27T18:00:59.896Z,33.83
2026-08-27T18:06:00.027Z,33.46
2026-08-27T18:11:00.037Z,33.2
2026-08-27T18:16:01.924Z,33.06
2026-08-27T18:21:00.329Z,33.0
2026-08-27T18:25:59.87Z,32.94
2026-08-27T18:31:00.097Z,32.89
2026-08-27T18:36:00.027Z,32.77
2026-08-27T18:40:59.867Z,32.74
2026-08-27T18:46:00.057Z,32.51
2026-08-27T18:51:00.133Z,32.4
2026-08-27T18:56:00.092Z,32.34
2026-08-27T19:01:01.069Z,32.31
2026-08-27T19:05:59.915Z,32.28
2026-08-27T19:10:59.948Z,32.25
2026-08-27T19:16:00.032Z,32.19
2026-08-27T19:20:59.89Z,32.05
2026-08-27T19:26:00.125Z,31.99
2026-08-27T19:31:00.836Z,31.96
2026-08-27T19:35:59.863Z,31.85
2026-08-27T19:41:01.438Z,31.85
2026-08-27T19:45:59.897Z,31.64
2026-08-27T19:51:02.299Z,31.47
2026-08-27T19:55:59.975Z,31.36
2026-08-27T20:01:00.547Z,31.36
2026-08-27T20:05:59.867Z,31.24
2026-08-27T20:10:59.891Z,31.22
2026-08-27T20:15:59.922Z,31.27
2026-08-27T20:21:02.893Z,30.9
2026-08-27T20:26:00.083Z,30.55
2026-08-27T20:31:00.099Z,30.47
2026-08-27T20:36:00.091Z,30.5
2026-08-27T20:40:59.986Z,30.55
2026-08-27T20:46:02.285Z,30.47
2026-08-27T20:51:02.33Z,30.35
2026-08-27T20:55:59.909Z,30.27
2026-08-27T21:01:01.027Z,30.09
2026-08-27T21:06:00.117Z,30.06
2026-08-27T21:10:59.894Z,29.89
2026-08-27T21:15:59.865Z,29.8
2026-08-27T21:21:00.033Z,29.6
2026-08-27T21:26:01.071Z,29.46
2026-08-27T21:31:00.114Z,29.29
2026-08-27T21:35:59.884Z,29.32
2026-08-27T21:41:00.068Z,29.17
2026-08-27T21:45:59.897Z,29.17
2026-08-27T21:50:59.988Z,29.14
2026-08-27T21:56:00.171Z,29.14
2026-08-27T22:00:59.918Z,29.17
2026-08-27T22:06:00.285Z,29.32
2026-08-27T22:10:59.888Z,29.49
2026-08-27T22:16:00.115Z,30.18
2026-08-27T22:20:59.906Z,30.52
2026-08-27T22:25:59.955Z,30.81
2026-08-27T22:31:02.326Z,30.9
2026-08-27T22:36:02.42Z,30.84
2026-08-27T22:40:59.924Z,30.73
2026-08-27T22:46:02.521Z,30.67
2026-08-27T22:51:00.018Z,30.55
2026-08-27T22:55:59.954Z,30.55
2026-08-27T23:00:59.989Z,30.47
2026-08-27T23:06:00.139Z,30.29
2026-08-27T23:10:59.981Z,30.21
2026-08-27T23:15:59.974Z,30.06
2026-08-27T23:21:01.927Z,29.83
2026-08-27T23:26:00.123Z,29.72
2026-08-27T23:30:59.916Z,29.52
2026-08-27T23:35:59.96Z,29.37
2026-08-27T23:41:02.308Z,29.23
2026-08-27T23:46:00.086Z,29.14
2026-08-27T23:51:00.065Z,28.97
2026-08-27T23:56:00.054Z,28.97
2026-08-28T00:01:00.108Z,28.94
2026-08-28T00:05:59.964Z,28.85
2026-08-28T00:11:00.123Z,28.8
2026-08-28T00:15:59.913Z,28.77
2026-08-28T00:20:59.988Z,28.71
2026-08-28T00:26:02.258Z,28.68
2026-08-28T00:31:00.143Z,28.71
2026-08-28T00:36:00.032Z,28.65
2026-08-28T00:41:01.13Z,28.6
2026-08-28T00:46:00.501Z,28.65
2026-08-28T00:51:01.098Z,28.62
2026-08-28T00:56:00.046Z,28.48
2026-08-28T01:01:00.892Z,28.51
2026-08-28T01:06:00.031Z,28.42
2026-08-28T01:11:00.348Z,28.39
2026-08-28T01:16:00.783Z,28.28
2026-08-28T01:21:00.023Z,28.22
2026-08-28T01:26:02.306Z,28.22
2026-08-28T01:31:00.34Z,28.02
2026-08-28T01:35:59.998Z,28.05
2026-08-28T01:40:59.926Z,28.11
2026-08-28T01:46:00.098Z,28.05
2026-08-28T01:50:59.938Z,27.97
2026-08-28T01:56:00.086Z,27.99
2026-08-28T02:00:59.892Z,27.93
2026-08-28T02:05:59.889Z,27.9
2026-08-28T02:11:02.295Z,27.9
2026-08-28T02:15:59.993Z,27.85
2026-08-28T02:20:59.972Z,27.79
2026-08-28T02:26:00.124Z,27.82
2026-08-28T02:31:00.072Z,27.79
2026-08-28T02:35:59.901Z,27.73
2026-08-28T02:40:59.966Z,27.73
2026-08-28T02:46:00.06Z,27.76
2026-08-28T02:51:00.789Z,27.79
2026-08-28T02:56:00.007Z,27.79
2026-08-28T03:00:59.996Z,27.64
2026-08-28T03:05:59.987Z,27.53
2026-08-28T03:11:00.016Z,27.41
2026-08-28T03:15:59.885Z,27.36
2026-08-28T03:20:59.94Z,27.18
2026-08-28T03:25:59.942Z,27.18
2026-08-28T03:30:59.904Z,27.16
2026-08-28T03:36:01.103Z,27.18
2026-08-28T03:40:59.932Z,27.16
2026-08-28T03:45:59.902Z,27.18
2026-08-28T03:51:02.343Z,27.18
2026-08-28T03:56:00.094Z,27.1
2026-08-28T04:01:01.275Z,26.99
2026-08-28T04:05:59.916Z,26.95
2026-08-28T04:10:59.942Z,26.87
2026-08-28T04:16:00.85Z,26.69
2026-08-28T04:21:00.618Z,26.69
2026-08-28T04:26:00.108Z,26.69
2026-08-28T04:30:59.968Z,26.73
2026-08-28T04:35:59.982Z,26.73
2026-08-28T04:41:00.069Z,26.61
2026-08-28T04:46:02.413Z,26.52
2026-08-28T04:50:59.975Z,26.44
2026-08-28T04:56:00.107Z,26.38
2026-08-28T05:01:01.346Z,26.29
2026-08-28T05:06:02.014Z,26.24
2026-08-28T05:11:00.094Z,26.09
2026-08-28T05:16:00.059Z,26.09
2026-08-28T05:21:01.925Z,26.06
2026-08-28T05:26:00.119Z,26.12
2026-08-28T05:31:00.527Z,26.18
2026-08-28T05:36:00.689Z,26.24
2026-08-28T05:41:00.202Z,26.2
2026-08-28T05:46:02.011Z,26.2
2026-08-28T05:51:04.971Z,26.2
2026-08-28T05:56:01.23Z,26.2
2026-08-28T06:01:01.267Z,26.15
2026-08-28T06:06:02.895Z,26.2
2026-08-28T06:10:59.9Z,26.2
2026-08-28T06:15:59.952Z,26.29
2026-08-28T06:21:00.017Z,26.27
2026-08-28T06:25:59.949Z,26.24
2026-08-28T06:31:01.485Z,26.32
2026-08-28T06:36:02.134Z,26.18
2026-08-28T06:40:59.942Z,26.24
2026-08-28T06:46:00.023Z,26.29
2026-08-28T06:51:00.107Z,26.24
2026-08-28T06:56:00.06Z,26.32
2026-08-28T07:01:01.515Z,26.32
2026-08-28T07:06:02.388Z,26.32
2026-08-28T07:10:59.891Z,26.27
2026-08-28T07:16:00.097Z,26.24
2026-08-28T07:21:02.156Z,26.24
2026-08-28T07:25:59.992Z,26.2
2026-08-28T07:31:00.323Z,26.18
2026-08-28T07:35:59.988Z,26.2
2026-08-28T07:41:00.124Z,26.15
2026-08-28T07:46:00.003Z,26.15
2026-08-28T07:51:00.132Z,26.04
2026-08-28T07:55:59.903Z,26.15
2026-08-28T08:01:01.543Z,26.12
2026-08-28T08:05:59.891Z,26.15
2026-08-28T08:11:00.021Z,26.09
2026-08-28T08:15:59.902Z,26.09
2026-08-28T08:21:00.476Z,26.06
2026-08-28T08:26:00.034Z,26.04
2026-08-28T08:31:00.133Z,26.06
2026-08-28T08:36:00.508Z,26.06
2026-08-28T08:41:00.111Z,26.12
2026-08-28T08:46:01.543Z,26.15
2026-08-28T08:51:00.053Z,26.18
2026-08-28T08:56:00.111Z,26.2
2026-08-28T09:01:00.373Z,26.32
2026-08-28T09:06:02.66Z,26.44
2026-08-28T09:11:00.055Z,26.46
2026-08-28T09:16:00.057Z,26.52
2026-08-28T09:20:59.952Z,26.55
2026-08-28T09:25:59.969Z,26.61
2026-08-28T09:31:00.901Z,26.58
2026-08-28T09:36:00.102Z,26.55
2026-08-28T09:41:00.052Z,26.58
2026-08-28T09:45:59.965Z,26.55
2026-08-28T09:51:02.66Z,26.61
2026-08-28T09:56:00.066Z,26.67
2026-08-28T10:01:00.238Z,26.69
2026-08-28T10:06:02.823Z,26.84
2026-08-28T10:11:02.415Z,26.84
2026-08-28T10:16:01.592Z,26.76
2026-08-28T10:21:00.126Z,26.84
2026-08-28T10:25:59.996Z,26.81
2026-08-28T10:30:59.907Z,26.81
2026-08-28T10:36:02.522Z,26.67
2026-08-28T10:40:59.866Z,26.58
2026-08-28T10:46:00.194Z,26.58
2026-08-28T10:51:00.66Z,26.5
2026-08-28T10:55:59.856Z,26.04
2026-08-28T11:01:00.722Z,25.8
2026-08-28T11:06:01.91Z,25.86
2026-08-28T11:10:59.886Z,26.01
2026-08-28T11:16:00.223Z,26.09
2026-08-28T11:21:00.079Z,26.12
2026-08-28T11:25:59.978Z,26.24
2026-08-28T11:30:59.949Z,26.27
2026-08-28T11:36:00.025Z,26.15
2026-08-28T11:40:59.923Z,26.27
2026-08-28T11:45:59.965Z,26.38
2026-08-28T11:50:59.882Z,26.52
2026-08-28T11:56:00.073Z,26.52
2026-08-28T12:00:59.984Z,26.52
2026-08-28T12:05:59.883Z,26.55
2026-08-28T12:10:59.95Z,26.12
2026-08-28T12:15:59.887Z,26.09
2026-08-28T12:20:59.904Z,26.27
2026-08-28T12:26:00.039Z,26.29
2026-08-28T12:31:00.467Z,26.15
2026-08-28T12:36:00.097Z,25.63
2026-08-28T12:41:00.039Z,25.37
2026-08-28T12:45:59.899Z,24.28
2026-08-28T12:51:01.737Z,23.93
2026-08-28T12:55:59.868Z,23.59
2026-08-28T13:01:02.715Z,23.5
2026-08-28T13:06:00.089Z,23.67
2026-08-28T13:11:00.044Z,23.73
2026-08-28T13:15:59.922Z,24.02
2026-08-28T13:21:00.459Z,24.37
2026-08-28T13:26:00.056Z,24.71
2026-08-28T13:31:00.126Z,24.97
2026-08-28T13:36:00.307Z,25.23
2026-08-28T13:40:59.887Z,25.37
2026-08-28T13:45:59.916Z,25.55
2026-08-28T13:51:00.027Z,25.86
2026-08-28T13:55:59.99Z,25.97
2026-08-28T14:00:59.968Z,26.09
2026-08-28T14:06:01.178Z,26.29
2026-08-28T14:11:02.732Z,26.27
2026-08-28T14:15:59.929Z,26.41
2026-08-28T14:21:00.027Z,26.46
2026-08-28T14:26:02.336Z,26.41
2026-08-28T14:30:59.94Z,26.5
2026-08-28T14:36:00.791Z,26.5
2026-08-28T14:40:59.936Z,26.52
2026-08-28T14:46:00.074Z,26.55
2026-08-28T14:50:59.97Z,26.55
2026-08-28T14:56:02.823Z,26.52
2026-08-28T15:01:00.579Z,26.52
2026-08-28T15:06:00.012Z,26.52
2026-08-28T15:10:59.958Z,26.55
2026-08-28T15:15:59.972Z,26.55
2026-08-28T15:20:59.993Z,26.67
2026-08-28T15:26:00.013Z,26.73
2026-08-28T15:31:00.291Z,26.87
2026-08-28T15:36:03.279Z,27.07
2026-08-28T15:40:59.844Z,27.13
2026-08-28T15:46:00.077Z,27.27
2026-08-28T15:50:59.886Z,27.44
2026-08-28T15:55:59.888Z,27.64
2026-08-28T16:01:00.103Z,27.87
2026-08-28T16:06:00.069Z,27.99
2026-08-28T16:10:59.94Z,28.16
2026-08-28T16:15:59.932Z,28.54
2026-08-28T16:20:59.882Z,28.97
2026-08-28T16:26:00.033Z,29.26
2026-08-28T16:30:59.939Z,29.34
2026-08-28T16:36:00.693Z,29.32
2026-08-28T16:40:59.912Z,29.4
2026-08-28T16:45:59.849Z,29.37
2026-08-28T16:51:02.168Z,29.52
2026-08-28T16:55:59.991Z,29.66
2026-08-28T17:01:00.937Z,29.8
2026-08-28T17:06:02.253Z,29.83
2026-08-28T17:10:59.992Z,29.66
2026-08-28T17:16:00.157Z,29.63
2026-08-28T17:20:59.885Z,29.72
2026-08-28T17:26:00.017Z,29.72
2026-08-28T17:31:00.07Z,29.78
2026-08-28T17:36:00.077Z,29.66
2026-08-28T17:40:59.88Z,29.78
2026-08-28T17:46:00.632Z,29.8
2026-08-28T17:51:02.707Z,29.8
2026-08-28T17:55:59.869Z,29.6
2026-08-28T18:01:00.572Z,29.52
2026-08-28T18:05:59.93Z,29.43
2026-08-28T18:11:00.465Z,29.34
2026-08-28T18:16:02.076Z,29.06
2026-08-28T18:20:59.963Z,28.85
2026-08-28T18:25:59.851Z,28.42
2026-08-28T18:30:59.821Z,28.13
2026-08-28T18:35:59.913Z,27.73
2026-08-28T18:40:59.908Z,27.33
2026-08-28T18:46:01.076Z,26.92
2026-08-28T18:51:02.67Z,26.55
2026-08-28T18:55:59.841Z,26.29
2026-08-28T19:00:59.981Z,26.04
2026-08-28T19:05:59.988Z,25.6
2026-08-28T19:10:59.824Z,25.34
2026-08-28T19:16:00.492Z,25.03
2026-08-28T19:21:00.028Z,24.83
2026-08-28T19:25:59.992Z,24.68
2026-08-28T19:31:00.874Z,24.51
2026-08-28T19:36:02.255Z,24.28
2026-08-28T19:41:00.038Z,24.19
2026-08-28T19:45:59.948Z,23.93
2026-08-28T19:50:59.926Z,23.82
2026-08-28T19:56:00.051Z,23.67
2026-08-28T20:00:59.908Z,23.62
2026-08-28T20:05:59.913Z,23.47
2026-08-28T20:10:59.926Z,23.3
2026-08-28T20:15:59.988Z,23.27
2026-08-28T20:20:59.827Z,23.16
2026-08-28T20:26:00.211Z,23.33
2026-08-28T20:31:00.024Z,23.27
2026-08-28T20:35:59.849Z,23.3
2026-08-28T20:41:01.763Z,23.27
2026-08-28T20:46:02.15Z,23.21
2026-08-28T20:51:03.726Z,23.01
2026-08-28T20:55:59.99Z,23.01
2026-08-28T21:00:59.999Z,23.04
2026-08-28T21:05:59.895Z,23.01
2026-08-28T21:11:00.048Z,22.95
2026-08-28T21:16:00.06Z,22.84
2026-08-28T21:21:01.66Z,22.75
2026-08-28T21:26:00.096Z,22.75
2026-08-28T21:30:59.946Z,22.9
2026-08-28T21:36:01.599Z,22.84
2026-08-28T21:41:00.041Z,22.81
2026-08-28T21:46:00.405Z,22.75
2026-08-28T21:50:59.91Z,22.64
2026-08-28T21:56:00.01Z,22.61
2026-08-28T22:01:00.053Z,22.44
2026-08-28T22:06:01.763Z,22.35
2026-08-28T22:10:59.925Z,22.32
2026-08-28T22:16:00.056Z,22.32
2026-08-28T22:21:00.021Z,22.32
2026-08-28T22:25:59.84Z,22.18
2026-08-28T22:30:59.847Z,22.26
2026-08-28T22:36:01.174Z,22.58
2026-08-28T22:40:59.866Z,22.78
2026-08-28T22:45:59.91Z,22.87
2026-08-28T22:51:01.184Z,22.84
2026-08-28T22:56:00.042Z,23.07
2026-08-28T23:00:59.996Z,23.13
2026-08-28T23:05:59.969Z,23.16
2026-08-28T23:11:02.396Z,23.13
2026-08-28T23:15:59.844Z,23.13
2026-08-28T23:20:59.953Z,22.95
2026-08-28T23:26:02.328Z,22.98
2026-08-28T23:30:59.993Z,22.9
2026-08-28T23:35:59.843Z,22.75
2026-08-28T23:41:00.048Z,22.72
2026-08-28T23:45:59.971Z,22.69
2026-08-28T23:51:00.444Z,22.52
2026-08-28T23:56:02.186Z,22.55
2026-08-29T00:00:59.889Z,22.44
2026-08-29T00:05:59.908Z,22.38
2026-08-29T00:10:59.865Z,22.35
2026-08-29T00:16:00.047Z,22.21
2026-08-29T00:21:00.191Z,22.12
2026-08-29T00:26:00.858Z,22.12
2026-08-29T00:31:00.25Z,22.0
2026-08-29T00:36:00.05Z,21.89
2026-08-29T00:41:02.085Z,21.77
2026-08-29T00:45:59.796Z,21.69
2026-08-29T00:50:59.975Z,21.57
2026-08-29T00:56:01.793Z,21.6
2026-08-29T01:00:59.982Z,21.49
2026-08-29T01:06:00.011Z,21.4
2026-08-29T01:11:03.599Z,21.25
2026-08-29T01:16:00.085Z,21.11
2026-08-29T01:20:59.887Z,21.06
2026-08-29T01:26:02.417Z,21.0
2026-08-29T01:31:00.052Z,20.86
2026-08-29T01:36:00.743Z,20.74
2026-08-29T01:40:59.997Z,20.76
2026-08-29T01:45:59.955Z,20.91
2026-08-29T01:51:00.181Z,20.94
2026-08-29T01:55:59.989Z,20.94
2026-08-29T02:00:59.925Z,20.86
2026-08-29T02:06:00.358Z,20.79
2026-08-29T02:10:59.884Z,20.53
2026-08-29T02:15:59.958Z,20.42
2026-08-29T02:21:00.06Z,20.28
2026-08-29T02:25:59.855Z,20.22
2026-08-29T02:30:59.97Z,20.14
2026-08-29T02:36:00.282Z,19.9
2026-08-29T02:41:00.343Z,19.88
2026-08-29T02:45:59.876Z,19.85
2026-08-29T02:51:00.631Z,19.85
2026-08-29T02:55:59.832Z,19.85
2026-08-29T03:00:59.885Z,19.85
2026-08-29T03:06:00.022Z,20.05
2026-08-29T03:10:59.929Z,20.19
2026-08-29T03:15:59.865Z,20.02
2026-08-29T03:20:59.838Z,19.85
2026-08-29T03:25:59.926Z,19.76
2026-08-29T03:31:00.032Z,19.67
2026-08-29T03:36:00.03Z,19.53
2026-08-29T03:40:59.836Z,19.39
2026-08-29T03:45:59.97Z,19.21
2026-08-29T03:51:00.362Z,19.16
2026-08-29T03:55:59.906Z,19.07
2026-08-29T04:00:59.994Z,19.27
2026-08-29T04:06:00.011Z,19.36
2026-08-29T04:11:02.226Z,19.44
2026-08-29T04:15:59.904Z,19.44
2026-08-29T04:20:59.952Z,19.27
2026-08-29T04:26:01.945Z,19.04
2026-08-29T04:30:59.907Z,18.81
2026-08-29T04:36:00.225Z,18.87
2026-08-29T04:41:02.135Z,18.98
2026-08-29T04:45:59.828Z,19.1
2026-08-29T04:51:00.022Z,19.24
2026-08-29T04:55:59.782Z,19.24
2026-08-29T05:00:59.974Z,19.16
2026-08-29T05:06:00.016Z,19.07
2026-08-29T05:10:59.807Z,18.93
2026-08-29T05:16:00.027Z,18.9
2026-08-29T05:21:00.031Z,18.75
2026-08-29T05:26:01.376Z,18.61
2026-08-29T05:30:59.83Z,18.52
2026-08-29T05:35:59.983Z,18.38
2026-08-29T05:40:59.845Z,18.23
2026-08-29T05:45:59.983Z,18.06
2026-08-29T05:50:59.974Z,17.92
2026-08-29T05:55:59.957Z,17.83
2026-08-29T06:01:00.036Z,17.74
2026-08-29T06:06:00.082Z,17.95
2026-08-29T06:10:59.903Z,18.26
2026-08-29T06:15:59.879Z,18.41
2026-08-29T06:21:00.884Z,18.52
2026-08-29T06:26:00.923Z,18.75
2026-08-29T06:31:02.831Z,18.95
2026-08-29T06:35:59.779Z,19.56
2026-08-29T06:40:59.9Z,19.96
2026-08-29T06:45:59.885Z,20.53
2026-08-29T06:51:00.015Z,21.02
2026-08-29T06:55:59.779Z,21.34
2026-08-29T07:01:05.98Z,21.6
2026-08-29T07:05:59.839Z,21.92
2026-08-29T07:10:59.866Z,22.26
2026-08-29T07:15:59.791Z,22.35
2026-08-29T07:21:00.018Z,22.58
2026-08-29T07:26:00.584Z,22.84
2026-08-29T07:31:02.685Z,22.95
2026-08-29T07:35:59.809Z,23.18
2026-08-29T07:40:59.828Z,23.5
2026-08-29T07:46:02.605Z,23.67
2026-08-29T07:50:59.994Z,23.85
2026-08-29T07:56:22.063Z,23.99
2026-08-29T08:00:59.841Z,24.25
2026-08-29T08:06:01.953Z,24.6
2026-08-29T08:10:59.805Z,24.77
2026-08-29T08:16:00.89Z,25.11
2026-08-29T08:20:59.838Z,25.46
2026-08-29T08:26:00.009Z,25.83
2026-08-29T08:31:00.643Z,26.04
2026-08-29T08:35:59.823Z,26.35
2026-08-29T08:41:00.244Z,26.58
2026-08-29T08:46:02.743Z,26.87
2026-08-29T08:50:59.822Z,27.13
2026-08-29T08:56:00.488Z,27.22
2026-08-29T09:00:59.819Z,27.48
2026-08-29T09:05:59.985Z,27.99
2026-08-29T09:10:59.992Z,28.45
2026-08-29T09:16:02.241Z,28.83
2026-08-29T09:20:59.777Z,29.08
2026-08-29T09:26:01.155Z,29.37
2026-08-29T09:31:00.017Z,29.72
2026-08-29T09:35:59.897Z,29.92
2026-08-29T09:41:00.115Z,30.04
2026-08-29T09:45:59.77Z,30.32
2026-08-29T09:50:59.952Z,30.58
2026-08-29T09:55:59.971Z,30.87
2026-08-29T10:00:59.946Z,31.24
2026-08-29T10:06:11.016Z,31.3
2026-08-29T10:10:59.981Z,31.16
2026-08-29T10:16:02.737Z,31.27
2026-08-29T10:21:00.561Z,31.79
2026-08-29T10:26:00.023Z,31.91
2026-08-29T10:31:02.867Z,31.82
2026-08-29T10:35:59.955Z,32.11
2026-08-29T10:40:59.817Z,31.79
2026-08-29T10:45:59.769Z,31.99
2026-08-29T10:50:59.819Z,31.99
2026-08-29T10:56:00.905Z,32.19
2026-08-29T11:00:59.829Z,32.45
2026-08-29T11:05:59.791Z,32.66
2026-08-29T11:11:00.017Z,32.66
2026-08-29T11:15:59.954Z,32.68
2026-08-29T11:20:59.859Z,32.43
2026-08-29T11:25:59.807Z,32.77
2026-08-29T11:31:00.812Z,32.57
2026-08-29T11:36:00.01Z,32.8
2026-08-29T11:41:01.71Z,32.77
2026-08-29T11:46:03.47Z,33.29
2026-08-29T11:50:59.829Z,33.52
2026-08-29T11:56:00.034Z,33.57
2026-08-29T12:01:02.268Z,33.66
2026-08-29T12:05:59.933Z,33.63
2026-08-29T12:10:59.845Z,33.57
2026-08-29T12:15:59.908Z,33.69
2026-08-29T12:20:59.924Z,33.8
2026-08-29T12:26:00.666Z,33.95
2026-08-29T12:30:59.993Z,33.86
2026-08-29T12:35:59.834Z,34.09
2026-08-29T12:40:59.906Z,34.29
2026-08-29T12:46:00.101Z,34.5
2026-08-29T12:50:59.84Z,34.75
2026-08-29T12:55:59.996Z,34.64
2026-08-29T13:01:01.539Z,34.55
2026-08-29T13:05:59.989Z,34.96
2026-08-29T13:10:59.855Z,34.9
2026-08-29T13:15:59.773Z,34.84
2026-08-29T13:21:00.682Z,34.44
2026-08-29T13:25:59.764Z,33.89
2026-08-29T13:31:01.674Z,33.69
2026-08-29T13:35:59.784Z,33.86
2026-08-29T13:41:00.022Z,33.95
2026-08-29T13:46:00.985Z,33.89
2026-08-29T13:50:59.909Z,34.01
2026-08-29T13:56:00.299Z,34.24
2026-08-29T14:00:59.821Z,34.67
2026-08-29T14:05:59.899Z,34.75
2026-08-29T14:10:59.773Z,34.64
2026-08-29T14:15:59.983Z,34.87
2026-08-29T14:21:02.849Z,34.87
2026-08-29T14:25:59.968Z,34.98
2026-08-29T14:30:59.956Z,34.96
2026-08-29T14:35:59.973Z,34.64
2026-08-29T14:40:59.886Z,34.58
2026-08-29T14:45:59.812Z,34.55
2026-08-29T14:51:00.35Z,34.5
2026-08-29T14:55:59.911Z,34.61
2026-08-29T15:01:01.072Z,34.61
2026-08-29T15:05:59.953Z,34.73
2026-08-29T15:10:59.776Z,34.93
2026-08-29T15:16:01.023Z,35.01
2026-08-29T15:21:00.002Z,34.93
2026-08-29T15:25:59.814Z,34.98
2026-08-29T15:30:59.799Z,35.01
2026-08-29T15:35:59.792Z,34.7
2026-08-29T15:40:59.958Z,34.44
2026-08-29T15:46:01.425Z,34.58
2026-08-29T15:50:59.855Z,34.75
2026-08-29T15:55:59.792Z,34.58
2026-08-29T16:01:00.799Z,34.35
2026-08-29T16:06:00.443Z,34.09
2026-08-29T16:10:59.799Z,33.89
2026-08-29T16:16:01.208Z,33.63
2026-08-29T16:20:59.78Z,33.43
2026-08-29T16:26:00.008Z,33.29
2026-08-29T16:31:01.271Z,33.26
2026-08-29T16:35:59.896Z,33.26
2026-08-29T16:40:59.781Z,33.26
2026-08-29T16:45:59.951Z,33.2
2026-08-29T16:50:59.959Z,33.17
2026-08-29T16:55:59.9Z,33.37
2026-08-29T17:01:01.697Z,33.54
2026-08-29T17:06:01.027Z,33.46
2026-08-29T17:11:00.037Z,33.06
2026-08-29T17:16:01.192Z,32.94
2026-08-29T17:21:00.374Z,32.85
2026-08-29T17:25:59.889Z,32.68
2026-08-29T17:31:01.398Z,32.43
2026-08-29T17:35:59.832Z,32.48
2026-08-29T17:40:59.879Z,32.48
2026-08-29T17:45:59.98Z,32.25
2026-08-29T17:51:02.757Z,32.13
2026-08-29T17:56:00.323Z,32.05
2026-08-29T18:00:59.82Z,31.85
2026-08-29T18:05:59.841Z,31.42
2026-08-29T18:10:59.94Z,31.1
2026-08-29T18:15:59.968Z,30.87
2026-08-29T18:20:59.797Z,30.29
2026-08-29T18:26:00.118Z,30.06
2026-08-29T18:31:00.354Z,29.75
2026-08-29T18:35:59.89Z,29.43
2026-08-29T18:40:59.777Z,29.29
2026-08-29T18:45:59.808Z,29.11
2026-08-29T18:50:59.883Z,28.83
2026-08-29T18:55:59.824Z,28.65
2026-08-29T19:00:59.842Z,28.51
2026-08-29T19:05:59.902Z,28.25
2026-08-29T19:10:59.789Z,27.99
2026-08-29T19:15:59.982Z,27.82
2026-08-29T19:20:59.96Z,27.64
2026-08-29T19:25:59.965Z,27.62
2026-08-29T19:30:59.986Z,27.53
2026-08-29T19:35:59.9Z,27.39
2026-08-29T19:40:59.843Z,27.22
2026-08-29T19:45:59.959Z,27.04
2026-08-29T19:50:59.763Z,26.9
2026-08-29T19:55:59.821Z,26.84
2026-08-29T20:01:01.479Z,26.67
2026-08-29T20:06:00.187Z,26.61
2026-08-29T20:11:00.014Z,26.52
2026-08-29T20:16:01.504Z,26.58
2026-08-29T20:20:59.841Z,26.46
2026-08-29T20:25:59.875Z,26.41
2026-08-29T20:30:59.948Z,26.24
2026-08-29T20:35:59.988Z,26.2
2026-08-29T20:40:59.994Z,26.12
2026-08-29T20:45:59.882Z,25.97
2026-08-29T20:51:02.568Z,25.92
2026-08-29T20:56:00.012Z,25.83
2026-08-29T21:00:59.901Z,25.8
2026-08-29T21:05:59.897Z,25.8
2026-08-29T21:10:59.97Z,25.66
2026-08-29T21:15:59.782Z,25.6
2026-08-29T21:21:02.065Z,25.43
2026-08-29T21:25:59.858Z,25.43
2026-08-29T21:30:59.991Z,25.29
2026-08-29T21:35:59.979Z,25.23
2026-08-29T21:40:59.977Z,25.11
2026-08-29T21:45:59.794Z,25.09
2026-08-29T21:50:59.888Z,25.06
2026-08-29T21:55:59.772Z,24.94
2026-08-29T22:01:00.045Z,24.85
2026-08-29T22:05:59.982Z,24.88
2026-08-29T22:10:59.909Z,24.83
2026-08-29T22:16:01.467Z,24.8
2026-08-29T22:20:59.863Z,24.71
2026-08-29T22:25:59.839Z,24.68
2026-08-29T22:30:59.745Z,24.57
2026-08-29T22:35:59.94Z,24.48
2026-08-29T22:40:59.794Z,24.42
2026-08-29T22:46:00.916Z,24.25
2026-08-29T22:50:59.804Z,24.16
2026-08-29T22:55:59.83Z,24.05
2026-08-29T23:01:00.268Z,23.96
2026-08-29T23:05:59.867Z,23.85
2026-08-29T23:10:59.996Z,23.76
2026-08-29T23:16:00.597Z,23.65
2026-08-29T23:20:59.825Z,23.5
2026-08-29T23:25:59.853Z,23.47
2026-08-29T23:31:00.072Z,23.39
2026-08-29T23:35:59.797Z,23.36
2026-08-29T23:40:59.857Z,23.24
2026-08-29T23:45:59.746Z,23.18
2026-08-29T23:51:02.967Z,23.13
2026-08-29T23:55:59.941Z,23.1
2026-08-30T00:00:59.952Z,23.04
2026-08-30T00:05:59.893Z,23.01
2026-08-30T00:11:00.344Z,22.98
2026-08-30T00:16:00.338Z,22.98
2026-08-30T00:20:59.782Z,23.07
2026-08-30T00:26:00.543Z,23.1
2026-08-30T00:30:59.866Z,23.18
2026-08-30T00:36:02.319Z,23.27
2026-08-30T00:40:59.849Z,23.33
2026-08-30T00:46:00.111Z,23.27
2026-08-30T00:50:59.739Z,23.27
2026-08-30T00:55:59.779Z,23.27
2026-08-30T01:01:00.639Z,23.36
2026-08-30T01:05:59.781Z,23.27
2026-08-30T01:10:59.752Z,23.3
2026-08-30T01:15:59.783Z,23.27
2026-08-30T01:20:59.917Z,23.16
2026-08-30T01:26:00.657Z,23.1
2026-08-30T01:30:59.936Z,23.01
2026-08-30T01:36:00.197Z,22.98
2026-08-30T01:40:59.725Z,22.84
2026-08-30T01:45:59.837Z,22.78
2026-08-30T01:50:59.754Z,22.72
2026-08-30T01:55:59.914Z,22.72
2026-08-30T02:00:59.791Z,22.67
2026-08-30T02:06:02.445Z,22.49
2026-08-30T02:11:00.43Z,22.44
2026-08-30T02:15:59.874Z,22.41
2026-08-30T02:21:00.216Z,22.29
2026-08-30T02:25:59.854Z,22.23
2026-08-30T02:31:00.897Z,22.35
2026-08-30T02:35:59.848Z,22.29
2026-08-30T02:40:59.934Z,22.29
2026-08-30T02:46:01.345Z,22.35
2026-08-30T02:51:04.107Z,22.21
2026-08-30T02:55:59.967Z,22.21
2026-08-30T03:01:00.988Z,22.12
2026-08-30T03:06:02.316Z,22.09
2026-08-30T03:10:59.886Z,22.0
2026-08-30T03:15:59.975Z,22.04
2026-08-30T03:21:02.173Z,21.92
2026-08-30T03:25:59.88Z,21.92
2026-08-30T03:30:59.887Z,21.92
2026-08-30T03:35:59.954Z,21.86
2026-08-30T03:40:59.82Z,21.81
2026-08-30T03:45:59.959Z,21.74
2026-08-30T03:50:59.971Z,21.69
2026-08-30T03:56:00.635Z,21.81
2026-08-30T04:01:01.037Z,21.81
2026-08-30T04:06:02.52Z,21.89
2026-08-30T04:10:59.977Z,21.86
2026-08-30T04:15:59.96Z,21.72
2026-08-30T04:21:00.007Z,21.72
2026-08-30T04:25:59.765Z,21.6
2026-08-30T04:31:01.187Z,21.6
2026-08-30T04:36:00.63Z,21.51
2026-08-30T04:40:59.869Z,21.46
2026-08-30T04:45:59.718Z,21.25
2026-08-30T04:51:01.099Z,21.17
2026-08-30T04:55:59.913Z,21.02
2026-08-30T05:00:59.96Z,21.0
2026-08-30T05:06:02.092Z,20.94
2026-08-30T05:10:59.782Z,20.79
2026-08-30T05:15:59.879Z,20.74
2026-08-30T05:20:59.9Z,20.76
2026-08-30T05:25:59.752Z,20.79
2026-08-30T05:31:00.033Z,20.74
2026-08-30T05:35:59.838Z,20.62
2026-08-30T05:40:59.745Z,20.62
2026-08-30T05:46:00.776Z,20.51
2026-08-30T05:51:02.048Z,20.53
2026-08-30T05:55:59.937Z,20.42
2026-08-30T06:01:01.302Z,20.39
2026-08-30T06:05:59.808Z,20.42
2026-08-30T06:10:59.739Z,20.53
2026-08-30T06:16:00.008Z,20.62
2026-08-30T06:21:01.974Z,20.76
2026-08-30T06:25:59.972Z,20.88
2026-08-30T06:30:59.827Z,20.97
2026-08-30T06:35:59.771Z,21.02
2026-08-30T06:40:59.994Z,21.14
2026-08-30T06:46:00.12Z,21.2
2026-08-30T06:50:59.795Z,21.4
2026-08-30T06:55:59.999Z,21.63
2026-08-30T07:00:59.768Z,21.77
2026-08-30T07:06:01.774Z,21.95
2026-08-30T07:10:59.93Z,22.15
2026-08-30T07:16:01.004Z,22.38
2026-08-30T07:21:01.851Z,22.61
2026-08-30T07:25:59.927Z,22.93
2026-08-30T07:30:59.93Z,23.13
2026-08-30T07:35:59.96Z,23.44
2026-08-30T07:41:00.693Z,23.56
2026-08-30T07:45:59.75Z,23.85
2026-08-30T07:50:59.943Z,24.16
2026-08-30T07:55:59.965Z,24.57
2026-08-30T08:01:00.504Z,24.85
2026-08-30T08:05:59.837Z,25.11
2026-08-30T08:10:59.966Z,25.37
2026-08-30T08:16:00.67Z,25.43
2026-08-30T08:21:00.09Z,25.57
2026-08-30T08:25:59.78Z,25.83
2026-08-30T08:30:59.726Z,26.12
2026-08-30T08:35:59.939Z,26.41
2026-08-30T08:40:59.981Z,26.55
2026-08-30T08:45:59.979Z,26.61
2026-08-30T08:50:59.873Z,27.16
2026-08-30T08:55:59.972Z,27.33
2026-08-30T09:00:59.983Z,27.67
2026-08-30T09:05:59.879Z,27.87
2026-08-30T09:10:59.975Z,28.31
2026-08-30T09:15:59.758Z,28.71
2026-08-30T09:20:59.809Z,29.03
2026-08-30T09:26:01.979Z,29.49
2026-08-30T09:30:59.832Z,29.55
2026-08-30T09:35:59.944Z,29.6
2026-08-30T09:40:59.955Z,30.12
2026-08-30T09:45:59.749Z,30.75
2026-08-30T09:51:01.411Z,30.64
2026-08-30T09:55:59.899Z,31.01
2026-08-30T10:00:59.744Z,31.5
2026-08-30T10:05:59.915Z,31.5
2026-08-30T10:10:59.905Z,31.82
2026-08-30T10:15:59.775Z,32.05
2026-08-30T10:20:59.839Z,32.28
2026-08-30T10:25:59.829Z,32.43
2026-08-30T10:31:00.056Z,32.54
2026-08-30T10:35:59.879Z,32.4
2026-08-30T10:40:59.93Z,32.62
2026-08-30T10:45:59.807Z,32.94
2026-08-30T10:50:59.962Z,33.06
2026-08-30T10:56:02.804Z,33.2
2026-08-30T11:00:59.768Z,33.49
2026-08-30T11:05:59.941Z,33.6
2026-08-30T11:10:59.985Z,33.75
2026-08-30T11:15:59.958Z,34.01
2026-08-30T11:21:00.767Z,34.18
2026-08-30T11:25:59.807Z,34.01
2026-08-30T11:30:59.991Z,34.15
2026-08-30T11:36:01.947Z,34.29
2026-08-30T11:41:00.688Z,34.5
2026-08-30T11:45:59.966Z,34.64
2026-08-30T11:51:01.832Z,34.9
2026-08-30T11:56:02.069Z,35.07
2026-08-30T12:00:59.938Z,35.1
2026-08-30T12:06:00.887Z,35.27
2026-08-30T12:10:59.838Z,35.33
2026-08-30T12:15:59.775Z,35.47
2026-08-30T12:20:59.957Z,35.76
2026-08-30T12:25:59.815Z,35.99
2026-08-30T12:30:59.817Z,36.08
2026-08-30T12:35:59.749Z,36.05
2026-08-30T12:40:59.856Z,36.11
2026-08-30T12:45:59.823Z,36.11
2026-08-30T12:50:59.726Z,36.34
2026-08-30T12:55:59.887Z,36.42
2026-08-30T13:01:00.204Z,36.51
2026-08-30T13:05:59.806Z,36.25
2026-08-30T13:11:00.101Z,36.34
2026-08-30T13:15:59.759Z,36.37
2026-08-30T13:21:00.986Z,36.31
2026-08-30T13:25:59.798Z,36.34
2026-08-30T13:30:59.945Z,36.51
2026-08-30T13:36:00.604Z,36.42
2026-08-30T13:40:59.967Z,36.45
2026-08-30T13:45:59.786Z,36.34
2026-08-30T13:51:00.54Z,36.25
2026-08-30T13:56:02.885Z,36.08
2026-08-30T14:01:00.008Z,36.02
2026-08-30T14:06:00.972Z,35.94
2026-08-30T14:11:02.173Z,35.85
2026-08-30T14:15:59.874Z,36.02
2026-08-30T14:21:01.103Z,36.11
2026-08-30T14:26:02.137Z,36.11
2026-08-30T14:30:59.774Z,36.22
2026-08-30T14:35:59.797Z,36.22
2026-08-30T14:40:59.897Z,36.42
2026-08-30T14:45:59.884Z,36.34
2026-08-30T14:50:59.739Z,36.42
2026-08-30T14:55:59.905Z,36.14
2026-08-30T15:00:59.899Z,36.11
2026-08-30T15:06:01.258Z,36.25
2026-08-30T15:10:59.909Z,36.31
2026-08-30T15:16:00.139Z,36.37
2026-08-30T15:20:59.76Z,36.37
2026-08-30T15:26:00.904Z,36.37
2026-08-30T15:30:59.949Z,36.37
2026-08-30T15:35:59.789Z,36.25
2026-08-30T15:40:59.739Z,36.17
2026-08-30T15:45:59.755Z,36.25
2026-08-30T15:50:59.998Z,36.08
2026-08-30T15:56:01.806Z,36.08
2026-08-30T16:00:59.957Z,35.99
2026-08-30T16:05:59.948Z,35.94
2026-08-30T16:10:59.817Z,35.79
2026-08-30T16:15:59.939Z,35.76
2026-08-30T16:20:59.763Z,35.79
2026-08-30T16:25:59.846Z,35.79
2026-08-30T16:30:59.97Z,35.62
2026-08-30T16:36:00.297Z,35.45
2026-08-30T16:41:00.02Z,35.5
2026-08-30T16:46:01.175Z,35.59
2026-08-30T16:50:59.97Z,35.47
2026-08-30T16:55:59.984Z,35.42
2026-08-30T17:01:01.523Z,35.36
2026-08-30T17:05:59.818Z,35.24
2026-08-30T17:11:01.527Z,35.13
2026-08-30T17:16:00.072Z,34.98
2026-08-30T17:21:00.468Z,34.81
2026-08-30T17:25:59.816Z,34.87
2026-08-30T17:30:59.803Z,34.64
2026-08-30T17:36:00.487Z,34.29
2026-08-30T17:40:59.871Z,34.21
2026-08-30T17:46:02.174Z,34.09
2026-08-30T17:51:01.386Z,34.01
2026-08-30T17:56:04.417Z,33.89
2026-08-30T18:00:59.987Z,33.69
2026-08-30T18:05:59.922Z,33.46
2026-08-30T18:11:01.909Z,33.2
2026-08-30T18:15:59.801Z,32.97
2026-08-30T18:20:59.727Z,32.77
2026-08-30T18:25:59.867Z,32.51
2026-08-30T18:30:59.89Z,32.22
2026-08-30T18:36:00.003Z,31.91
2026-08-30T18:40:59.84Z,31.59
2026-08-30T18:45:59.755Z,31.3
2026-08-30T18:50:59.9Z,31.01
2026-08-30T18:56:00.325Z,30.78
2026-08-30T19:01:01.76Z,30.5
2026-08-30T19:06:01.014Z,30.24
2026-08-30T19:10:59.761Z,29.92
2026-08-30T19:15:59.882Z,29.69
2026-08-30T19:20:59.902Z,29.49
2026-08-30T19:26:02.619Z,29.2
2026-08-30T19:31:00.591Z,29.11
2026-08-30T19:35:59.738Z,28.77
2026-08-30T19:40:59.909Z,28.6
2026-08-30T19:45:59.727Z,28.36
2026-08-30T19:50:59.871Z,28.25
2026-08-30T19:55:59.805Z,28.05
2026-08-30T20:00:59.937Z,27.97
2026-08-30T20:05:59.958Z,27.82
2026-08-30T20:11:02.401Z,27.62
2026-08-30T20:16:01.004Z,27.53
2026-08-30T20:21:00.499Z,27.41
2026-08-30T20:25:59.966Z,27.27
2026-08-30T20:30:59.793Z,27.16
2026-08-30T20:36:00.932Z,26.92
2026-08-30T20:40:59.958Z,26.95
2026-08-30T20:45:59.913Z,26.87
2026-08-30T20:51:00.707Z,26.78
2026-08-30T20:56:01.78Z,26.73
2026-08-30T21:01:00.171Z,26.55
2026-08-30T21:06:01.488Z,26.44
2026-08-30T21:10:59.718Z,26.35
2026-08-30T21:15:59.874Z,26.2
2026-08-30T21:20:59.874Z,26.15
2026-08-30T21:25:59.78Z,26.12
2026-08-30T21:30:59.8Z,26.06
2026-08-30T21:35:59.912Z,25.92
2026-08-30T21:40:59.902Z,25.78
2026-08-30T21:45:59.786Z,25.72
2026-08-30T21:51:01.356Z,25.52
2026-08-30T21:55:59.821Z,25.4
2026-08-30T22:00:59.763Z,25.37
2026-08-30T22:05:59.759Z,25.34
2026-08-30T22:10:59.984Z,25.23
2026-08-30T22:15:59.806Z,25.2
2026-08-30T22:21:02.248Z,25.11
2026-08-30T22:26:00.428Z,25.0
2026-08-30T22:31:00.297Z,25.03
2026-08-30T22:35:59.842Z,24.88
2026-08-30T22:40:59.713Z,24.83
2026-08-30T22:46:00.168Z,24.74
2026-08-30T22:51:01.891Z,24.68
2026-08-30T22:55:59.883Z,24.57
2026-08-30T23:00:59.919Z,24.51
2026-08-30T23:05:59.807Z,24.45
2026-08-30T23:10:59.755Z,24.45
2026-08-30T23:15:59.962Z,24.42
2026-08-30T23:20:59.969Z,24.34
2026-08-30T23:25:59.852Z,24.19
2026-08-30T23:31:00.579Z,24.08
2026-08-30T23:36:01.708Z,24.02
2026-08-30T23:41:00.374Z,23.96
2026-08-30T23:45:59.853Z,23.9
2026-08-30T23:51:01.815Z,23.76
2026-08-30T23:55:59.909Z,23.67
2026-08-31T00:01:00.786Z,23.62
2026-08-31T00:06:02.112Z,23.56
2026-08-31T00:10:59.771Z,23.44
2026-08-31T00:15:59.94Z,23.39
2026-08-31T00:21:02.211Z,23.3
2026-08-31T00:25:59.91Z,23.18
2026-08-31T00:30:59.798Z,23.07
2026-08-31T00:36:00.036Z,22.98
2026-08-31T00:40:59.734Z,22.87
2026-08-31T00:45:59.825Z,22.87
2026-08-31T00:50:59.942Z,22.69
2026-08-31T00:56:00.543Z,22.67
2026-08-31T01:00:59.932Z,22.67
2026-08-31T01:06:02.275Z,22.55
2026-08-31T01:10:59.76Z,22.44
2026-08-31T01:15:59.893Z,22.41
2026-08-31T01:20:59.797Z,22.41
2026-08-31T01:25:59.899Z,22.38
2026-08-31T01:30:59.858Z,22.26
2026-08-31T01:35:59.771Z,22.21
2026-08-31T01:40:59.828Z,22.09
2026-08-31T01:45:59.941Z,22.21
2026-08-31T01:51:02.656Z,22.35
2026-08-31T01:55:59.891Z,22.49
2026-08-31T02:00:59.877Z,22.52
2026-08-31T02:06:02.265Z,22.67
2026-08-31T02:10:59.76Z,22.75
2026-08-31T02:16:00.014Z,22.78
2026-08-31T02:21:01.694Z,22.93
2026-08-31T02:26:00.269Z,22.95
2026-08-31T02:30:59.947Z,22.95
2026-08-31T02:35:59.933Z,22.98
2026-08-31T02:40:59.947Z,22.95
2026-08-31T02:45:59.876Z,22.84
2026-08-31T02:51:01.875Z,22.75
2026-08-31T02:55:59.848Z,22.61
2026-08-31T03:01:01.664Z,22.61
2026-08-31T03:05:59.807Z,22.58
2026-08-31T03:10:59.887Z,22.41
2026-08-31T03:15:59.785Z,22.23
2026-08-31T03:21:02.109Z,22.18
2026-08-31T03:25:59.956Z,22.12
2026-08-31T03:30:59.734Z,22.04
2026-08-31T03:35:59.893Z,21.95
2026-08-31T03:40:59.948Z,21.83
2026-08-31T03:45:59.926Z,21.83
2026-08-31T03:51:01.909Z,21.81
2026-08-31T03:55:59.894Z,21.81
2026-08-31T04:01:01.039Z,21.77
2026-08-31T04:05:59.754Z,21.69
2026-08-31T04:10:59.696Z,21.55
2026-08-31T04:16:01.239Z,21.49
2026-08-31T04:21:00.094Z,21.37
2026-08-31T04:25:59.74Z,21.37
2026-08-31T04:30:59.756Z,21.43
2026-08-31T04:35:59.706Z,21.49
2026-08-31T04:40:59.921Z,21.46
2026-08-31T04:45:59.715Z,21.6
2026-08-31T04:50:59.866Z,21.72
2026-08-31T04:55:59.813Z,21.92
2026-08-31T05:01:00.737Z,22.04
2026-08-31T05:06:01.516Z,22.0
2026-08-31T05:10:59.716Z,21.86
2026-08-31T05:15:59.907Z,21.69
2026-08-31T05:21:01.782Z,21.55
2026-08-31T05:25:59.714Z,21.32
2026-08-31T05:30:59.846Z,21.14
2026-08-31T05:36:00.304Z,20.88
2026-08-31T05:40:59.953Z,20.76
2026-08-31T05:46:00.078Z,20.74
2026-08-31T05:51:01.758Z,20.74
2026-08-31T05:56:02.381Z,20.62
2026-08-31T06:00:59.742Z,20.71
2026-08-31T06:06:01.987Z,20.62
2026-08-31T06:10:59.991Z,20.65
2026-08-31T06:15:59.933Z,20.71
2026-08-31T06:20:59.929Z,20.68
2026-08-31T06:25:59.868Z,20.74
2026-08-31T06:31:00.35Z,20.71
2026-08-31T06:35:59.722Z,20.86
2026-08-31T06:41:02.711Z,20.97
2026-08-31T06:45:59.921Z,21.34
2026-08-31T06:51:01.575Z,21.63
2026-08-31T06:56:02.67Z,21.97
2026-08-31T07:00:59.694Z,22.23
2026-08-31T07:05:59.856Z,22.69
2026-08-31T07:10:59.819Z,22.98
2026-08-31T07:15:59.944Z,23.24
2026-08-31T07:20:59.736Z,23.47
2026-08-31T07:25:59.927Z,23.76
2026-08-31T07:30:59.727Z,24.02
2026-08-31T07:35:59.801Z,24.22
2026-08-31T07:40:59.69Z,24.57
2026-08-31T07:46:00.194Z,24.8
2026-08-31T07:51:01.629Z,25.2
2026-08-31T07:56:00.458Z,25.57
2026-08-31T08:01:01.941Z,25.89
2026-08-31T08:05:59.698Z,26.29
2026-08-31T08:10:59.877Z,26.52
2026-08-31T08:15:59.751Z,26.95
2026-08-31T08:21:00.266Z,27.22
2026-08-31T08:26:00.302Z,27.53
2026-08-31T08:30:59.773Z,27.93
2026-08-31T08:36:00.88Z,28.08
2026-08-31T08:41:04.298Z,28.34
2026-08-31T08:46:03.632Z,28.62
2026-08-31T08:50:59.77Z,28.94
2026-08-31T08:55:59.872Z,29.11
2026-08-31T09:01:02.717Z,29.08
2026-08-31T09:05:59.69Z,29.29
2026-08-31T09:10:59.938Z,29.78
2026-08-31T09:15:59.699Z,30.29
2026-08-31T09:20:59.745Z,30.81
2026-08-31T09:25:59.857Z,30.96
2026-08-31T09:30:59.805Z,31.13
2026-08-31T09:35:59.815Z,30.78
2026-08-31T09:40:59.877Z,31.3
2026-08-31T09:45:59.814Z,31.79
2026-08-31T09:50:59.867Z,32.11
2026-08-31T09:55:59.888Z,32.34
2026-08-31T10:00:59.967Z,32.48
2026-08-31T10:06:00.199Z,32.8
2026-08-31T10:10:59.749Z,33.0
2026-08-31T10:15:59.929Z,33.15
2026-08-31T10:20:59.874Z,33.4
2026-08-31T10:26:00.733Z,33.37
2026-08-31T10:30:59.912Z,33.31
2026-08-31T10:35:59.902Z,33.37
2026-08-31T10:40:59.677Z,33.43
2026-08-31T10:45:59.851Z,33.57
2026-08-31T10:50:59.783Z,33.78
2026-08-31T10:55:59.932Z,34.03
2026-08-31T11:01:02.083Z,34.18
2026-08-31T11:05:59.876Z,34.27
2026-08-31T11:10:59.922Z,34.38
2026-08-31T11:15:59.956Z,34.29
2026-08-31T11:20:59.936Z,34.5
2026-08-31T11:25:59.958Z,34.47
2026-08-31T11:31:01.698Z,34.67
2026-08-31T11:35:59.846Z,34.64
2026-08-31T11:40:59.734Z,34.81
2026-08-31T11:45:59.869Z,34.64
2026-08-31T11:51:00.642Z,34.93
2026-08-31T11:55:59.791Z,35.01
2026-08-31T12:01:01.638Z,34.93
2026-08-31T12:05:59.764Z,34.9
2026-08-31T12:11:00.969Z,35.07
2026-08-31T12:15:59.7Z,34.98
2026-08-31T12:20:59.868Z,35.13
2026-08-31T12:26:00.17Z,35.16
2026-08-31T12:30:59.846Z,35.1
2026-08-31T12:36:01.77Z,35.47
2026-08-31T12:40:59.896Z,35.45
2026-08-31T12:45:59.908Z,35.39
2026-08-31T12:50:59.892Z,35.5
2026-08-31T12:55:59.891Z,35.5
2026-08-31T13:00:59.784Z,35.42
2026-08-31T13:05:59.738Z,35.33
2026-08-31T13:10:59.901Z,35.62
2026-08-31T13:16:01.463Z,35.33
2026-08-31T13:20:59.817Z,35.33
2026-08-31T13:25:59.683Z,35.22
2026-08-31T13:30:59.711Z,35.01
2026-08-31T13:35:59.784Z,34.93
2026-08-31T13:41:00.091Z,35.07
2026-08-31T13:46:01.489Z,35.1
2026-08-31T13:51:02.612Z,35.22
2026-08-31T13:55:59.759Z,35.42
2026-08-31T14:00:59.72Z,35.36
2026-08-31T14:05:59.712Z,35.33
2026-08-31T14:10:59.755Z,35.3
2026-08-31T14:16:00.831Z,35.59
2026-08-31T14:20:59.669Z,35.62
2026-08-31T14:25:59.892Z,35.5
2026-08-31T14:30:59.817Z,35.39
2026-08-31T14:35:59.72Z,35.3
2026-08-31T14:40:59.764Z,35.53
2026-08-31T14:46:00.388Z,35.62
2026-08-31T14:51:00.499Z,35.68
2026-08-31T14:55:59.931Z,35.73
2026-08-31T15:01:01.361Z,35.68
2026-08-31T15:05:59.804Z,35.79
2026-08-31T15:10:59.729Z,35.7
2026-08-31T15:16:01.037Z,35.27
2026-08-31T15:20:59.877Z,35.1
2026-08-31T15:25:59.769Z,35.04
2026-08-31T15:30:59.814Z,35.04
2026-08-31T15:35:59.817Z,34.78
2026-08-31T15:40:59.788Z,34.93
2026-08-31T15:45:59.803Z,34.81
2026-08-31T15:50:59.726Z,34.58
2026-08-31T15:55:59.736Z,34.32
2026-08-31T16:00:59.998Z,34.15
2026-08-31T16:05:59.915Z,33.95
2026-08-31T16:10:59.722Z,33.95
2026-08-31T16:15:59.693Z,33.86
2026-08-31T16:20:59.736Z,33.69
2026-08-31T16:26:00.374Z,33.52
2026-08-31T16:30:59.762Z,33.34
2026-08-31T16:36:02.224Z,33.34
2026-08-31T16:40:59.763Z,33.4
2026-08-31T16:46:00.392Z,33.23
2026-08-31T16:51:01.85Z,33.17
2026-08-31T16:55:59.761Z,32.8
2026-08-31T17:00:59.909Z,32.85
2026-08-31T17:05:59.853Z,32.8
2026-08-31T17:10:59.992Z,32.66
2026-08-31T17:16:00.685Z,32.59
2026-08-31T17:20:59.836Z,32.54
2026-08-31T17:25:59.758Z,32.51
2026-08-31T17:30:59.879Z,32.4
2026-08-31T17:35:59.867Z,32.05
2026-08-31T17:40:59.706Z,31.85
2026-08-31T17:45:59.69Z,31.64
2026-08-31T17:51:00.851Z,31.53
2026-08-31T17:55:59.732Z,31.39
2026-08-31T18:00:59.713Z,31.13
2026-08-31T18:05:59.913Z,30.96
2026-08-31T18:10:59.68Z,30.61
2026-08-31T18:15:59.86Z,30.32
2026-08-31T18:21:01.544Z,30.21
2026-08-31T18:25:59.739Z,29.95
2026-08-31T18:30:59.785Z,29.75
2026-08-31T18:35:59.736Z,29.66
2026-08-31T18:40:59.9Z,29.46
2026-08-31T18:45:59.915Z,29.37
2026-08-31T18:50:59.783Z,29.17
2026-08-31T18:55:59.688Z,28.88
2026-08-31T19:00:59.785Z,28.71
2026-08-31T19:05:59.805Z,28.65
2026-08-31T19:10:59.778Z,28.54
2026-08-31T19:15:59.708Z,28.42
2026-08-31T19:21:00.218Z,28.22
2026-08-31T19:25:59.993Z,28.11
2026-08-31T19:31:00.842Z,27.99
2026-08-31T19:36:02.45Z,27.87
2026-08-31T19:41:00.165Z,27.87
2026-08-31T19:45:59.698Z,27.85
2026-08-31T19:51:01.856Z,27.85
2026-08-31T19:55:59.829Z,27.79
2026-08-31T20:01:00.219Z,27.71
2026-08-31T20:05:59.918Z,27.67
2026-08-31T20:10:59.775Z,27.64
2026-08-31T20:15:59.743Z,27.5
2026-08-31T20:20:59.873Z,27.44
2026-08-31T20:25:59.857Z,27.39
2026-08-31T20:30:59.803Z,27.33
2026-08-31T20:36:01.393Z,27.3
2026-08-31T20:40:59.915Z,27.27
2026-08-31T20:46:00.75Z,27.24
2026-08-31T20:51:01.172Z,27.16
2026-08-31T20:55:59.77Z,27.13
2026-08-31T21:00:59.765Z,27.16
2026-08-31T21:05:59.868Z,27.1
2026-08-31T21:10:59.822Z,27.01
2026-08-31T21:15:59.709Z,27.04
2026-08-31T21:21:01.309Z,27.01
2026-08-31T21:25:59.772Z,26.95
2026-08-31T21:31:00.298Z,27.01
2026-08-31T21:35:59.914Z,26.9
2026-08-31T21:40:59.78Z,26.87
2026-08-31T21:45:59.778Z,26.87
2026-08-31T21:51:00.912Z,26.84
2026-08-31T21:55:59.755Z,26.78
2026-08-31T22:01:00.117Z,26.76
2026-08-31T22:05:59.734Z,26.76
2026-08-31T22:10:59.855Z,26.78
2026-08-31T22:15:59.736Z,26.81
2026-08-31T22:20:59.922Z,26.78
2026-08-31T22:25:59.904Z,26.84
2026-08-31T22:31:00.121Z,26.81
2026-08-31T22:35:59.773Z,26.9
2026-08-31T22:40:59.78Z,26.78
2026-08-31T22:45:59.858Z,26.73
2026-08-31T22:51:01.025Z,26.76
2026-08-31T22:55:59.756Z,26.76
2026-08-31T23:00:59.76Z,26.64
2026-08-31T23:06:00.219Z,26.69
2026-08-31T23:10:59.765Z,26.76
2026-08-31T23:15:59.821Z,26.76
2026-08-31T23:20:59.694Z,26.78
2026-08-31T23:25:59.83Z,26.84
2026-08-31T23:30:59.77Z,26.81
2026-08-31T23:35:59.682Z,26.78
2026-08-31T23:41:02.072Z,26.76
2026-08-31T23:45:59.725Z,26.67
2026-08-31T23:50:59.928Z,26.69
2026-08-31T23:56:03.562Z,26.69
2026-09-01T00:00:59.824Z,26.61
2026-09-01T00:06:00.883Z,26.55
2026-09-01T00:11:01.814Z,26.46
2026-09-01T00:15:59.966Z,26.35
2026-09-01T00:21:00.668Z,26.44
2026-09-01T00:25:59.75Z,26.35
2026-09-01T00:30:59.966Z,26.35
2026-09-01T00:35:59.798Z,26.2
2026-09-01T00:41:00.105Z,26.18
2026-09-01T00:45:59.722Z,26.15
2026-09-01T00:50:59.869Z,26.15
2026-09-01T00:56:02.146Z,26.09
2026-09-01T01:00:59.902Z,26.04
2026-09-01T01:05:59.825Z,25.97
2026-09-01T01:10:59.685Z,26.01
2026-09-01T01:15:59.81Z,26.04
2026-09-01T01:21:00.371Z,25.92
2026-09-01T01:25:59.929Z,25.97
2026-09-01T01:31:00.875Z,25.92
2026-09-01T01:36:01.623Z,25.95
2026-09-01T01:40:59.982Z,26.04
2026-09-01T01:45:59.861Z,26.09
2026-09-01T01:50:59.886Z,26.09
2026-09-01T01:56:02.112Z,26.12
2026-09-01T02:00:59.866Z,26.15
2026-09-01T02:05:59.689Z,26.2
2026-09-01T02:10:59.683Z,26.24
2026-09-01T02:15:59.734Z,26.27
2026-09-01T02:21:00.145Z,26.29
2026-09-01T02:25:59.732Z,26.38
2026-09-01T02:30:59.803Z,26.32
2026-09-01T02:36:00.442Z,26.35
2026-09-01T02:41:01.233Z,26.32
2026-09-01T02:45:59.768Z,26.24
2026-09-01T02:50:59.743Z,26.2
2026-09-01T02:55:59.801Z,26.12
2026-09-01T03:00:59.746Z,25.97
2026-09-01T03:05:59.79Z,25.89
2026-09-01T03:11:01.703Z,25.89
2026-09-01T03:15:59.894Z,25.86
2026-09-01T03:20:59.794Z,25.92
2026-09-01T03:25:59.898Z,25.75
2026-09-01T03:30:59.916Z,25.6
2026-09-01T03:35:59.778Z,25.55
2026-09-01T03:41:01.697Z,25.49
2026-09-01T03:45:59.687Z,25.6
2026-09-01T03:50:59.735Z,25.49
2026-09-01T03:55:59.885Z,25.49
2026-09-01T04:00:59.741Z,25.49
2026-09-01T04:05:59.835Z,25.4
2026-09-01T04:10:59.8Z,25.4
2026-09-01T04:15:59.915Z,25.29
2026-09-01T04:20:59.78Z,25.34
2026-09-01T04:25:59.798Z,25.34
2026-09-01T04:30:59.73Z,25.32
2026-09-01T04:36:00.04Z,25.32
2026-09-01T04:41:01.299Z,25.29
2026-09-01T04:45:59.775Z,25.26
2026-09-01T04:50:59.687Z,25.29
2026-09-01T04:55:59.996Z,25.37
2026-09-01T05:01:01.747Z,25.52
2026-09-01T05:05:59.896Z,25.6
2026-09-01T05:11:01.294Z,25.63
2026-09-01T05:15:59.824Z,25.78
2026-09-01T05:20:59.785Z,25.78
2026-09-01T05:26:00.713Z,25.83
2026-09-01T05:30:59.812Z,25.92
2026-09-01T05:35:59.91Z,25.92
2026-09-01T05:40:59.883Z,26.01
2026-09-01T05:45:59.879Z,26.09
2026-09-01T05:51:00.858Z,26.15
2026-09-01T05:56:01.148Z,26.15
2026-09-01T06:00:59.88Z,26.24
2026-09-01T06:05:59.848Z,26.27
2026-09-01T06:11:00.147Z,26.27
2026-09-01T06:15:59.846Z,26.32
2026-09-01T06:20:59.901Z,26.41
2026-09-01T06:25:59.913Z,26.41
2026-09-01T06:30:59.881Z,26.52
2026-09-01T06:35:59.762Z,26.69
2026-09-01T06:41:00.829Z,26.73
2026-09-01T06:46:02.286Z,26.92
2026-09-01T06:50:59.854Z,27.07
2026-09-01T06:55:59.7Z,27.16
2026-09-01T07:01:00.509Z,27.36
2026-09-01T07:05:59.847Z,27.33
2026-09-01T07:11:01.347Z,27.33
2026-09-01T07:15:59.993Z,27.5
2026-09-01T07:20:59.668Z,27.56
2026-09-01T07:25:59.843Z,27.53
2026-09-01T07:30:59.914Z,27.59
2026-09-01T07:35:59.672Z,27.71
2026-09-01T07:40:59.732Z,27.76
2026-09-01T07:45:59.758Z,27.85
2026-09-01T07:50:59.815Z,28.02
2026-09-01T07:55:59.844Z,28.13
2026-09-01T08:01:02.139Z,28.22
2026-09-01T08:05:59.675Z,28.16
2026-09-01T08:11:00.401Z,28.19
2026-09-01T08:15:59.919Z,28.13
2026-09-01T08:20:59.843Z,28.08
2026-09-01T08:25:59.663Z,28.05
2026-09-01T08:30:59.946Z,28.25
2026-09-01T08:35:59.704Z,28.45
2026-09-01T08:41:00.922Z,28.57
2026-09-01T08:46:01.522Z,28.36
2026-09-01T08:50:59.776Z,28.31
2026-09-01T08:56:00.233Z,28.28
2026-09-01T09:00:59.66Z,28.34
2026-09-01T09:05:59.796Z,28.36
2026-09-01T09:11:00.662Z,28.6
2026-09-01T09:15:59.776Z,28.83
2026-09-01T09:21:01.739Z,29.03
2026-09-01T09:26:00.858Z,29.2
2026-09-01T09:31:00.13Z,29.2
2026-09-01T09:35:59.829Z,29.43
2026-09-01T09:40:59.759Z,29.6
2026-09-01T09:45:59.78Z,29.75
2026-09-01T09:50:59.708Z,29.8
2026-09-01T09:55:59.695Z,29.78
2026-09-01T10:01:01.734Z,29.98
2026-09-01T10:06:01.445Z,30.15
2026-09-01T10:10:59.681Z,30.32
2026-09-01T10:16:00.664Z,30.32
2026-09-01T10:20:59.688Z,30.5
2026-09-01T10:25:59.85Z,30.87
2026-09-01T10:30:59.705Z,31.53
2026-09-01T10:35:59.882Z,31.79
2026-09-01T10:40:59.68Z,31.62
2026-09-01T10:45:59.858Z,31.45
2026-09-01T10:50:59.66Z,31.36
2026-09-01T10:55:59.865Z,31.22
2026-09-01T11:00:59.673Z,31.19
2026-09-01T11:05:59.706Z,31.27
2026-09-01T11:10:59.764Z,31.22
2026-09-01T11:16:01.055Z,31.36
2026-09-01T11:21:01.917Z,31.19
2026-09-01T11:25:59.804Z,31.04
2026-09-01T11:30:59.732Z,31.19
2026-09-01T11:35:59.813Z,31.39
2026-09-01T11:40:59.923Z,31.91
2026-09-01T11:45:59.832Z,32.25
2026-09-01T11:50:59.704Z,32.28
2026-09-01T11:56:00.764Z,32.45
2026-09-01T12:00:59.78Z,32.45
2026-09-01T12:06:01.404Z,32.11
2026-09-01T12:10:59.884Z,32.02
2026-09-01T12:15:59.826Z,32.11
2026-09-01T12:20:59.805Z,32.05
2026-09-01T12:25:59.853Z,32.02
2026-09-01T12:30:59.831Z,32.02
2026-09-01T12:35:59.633Z,31.94
2026-09-01T12:40:59.74Z,31.94
2026-09-01T12:45:59.82Z,31.53
2026-09-01T12:50:59.649Z,31.19
2026-09-01T12:55:59.768Z,31.01
2026-09-01T13:00:59.745Z,30.96
2026-09-01T13:05:59.787Z,30.84
2026-09-01T13:11:00.363Z,30.93
2026-09-01T13:15:59.814Z,30.99
2026-09-01T13:20:59.802Z,30.99
2026-09-01T13:26:00.009Z,30.99
2026-09-01T13:30:59.863Z,30.96
2026-09-01T13:36:00.019Z,30.9
2026-09-01T13:40:59.673Z,31.07
2026-09-01T13:46:00.726Z,31.39
2026-09-01T13:51:01.166Z,31.53
2026-09-01T13:55:59.701Z,31.96
2026-09-01T14:00:59.674Z,32.11
2026-09-01T14:05:59.747Z,32.34
2026-09-01T14:10:59.625Z,32.45
2026-09-01T14:15:59.704Z,32.36
2026-09-01T14:21:00.023Z,32.36
2026-09-01T14:26:02.221Z,32.71
2026-09-01T14:30:59.828Z,32.77
2026-09-01T14:35:59.808Z,32.66
2026-09-01T14:40:59.758Z,32.8
2026-09-01T14:45:59.863Z,32.74
2026-09-01T14:50:59.855Z,32.91
2026-09-01T14:55:59.658Z,32.77
2026-09-01T15:01:00.133Z,32.74
2026-09-01T15:06:00.416Z,33.11
2026-09-01T15:11:01.77Z,33.37
2026-09-01T15:15:59.848Z,33.43
2026-09-01T15:20:59.833Z,33.11
2026-09-01T15:26:01.974Z,32.91
2026-09-01T15:30:59.844Z,32.85
2026-09-01T15:35:59.995Z,32.66
2026-09-01T15:40:59.7Z,32.59
2026-09-01T15:45:59.641Z,32.74
2026-09-01T15:51:00.23Z,33.0
2026-09-01T15:55:59.792Z,33.23
2026-09-01T16:00:59.761Z,33.03
2026-09-01T16:05:59.878Z,32.71
2026-09-01T16:11:01.713Z,32.57
2026-09-01T16:15:59.811Z,32.66
2026-09-01T16:20:59.832Z,32.8
2026-09-01T16:25:59.837Z,32.82
2026-09-01T16:30:59.804Z,32.43
2026-09-01T16:36:00.017Z,32.11
2026-09-01T16:40:59.685Z,31.87
2026-09-01T16:46:00.614Z,31.71
2026-09-01T16:50:59.686Z,31.71
2026-09-01T16:56:01.871Z,31.68
2026-09-01T17:00:59.708Z,31.64
2026-09-01T17:06:00.02Z,31.79
2026-09-01T17:10:59.701Z,31.53
2026-09-01T17:15:59.763Z,31.47
2026-09-01T17:20:59.647Z,31.39
2026-09-01T17:25:59.726Z,31.3
2026-09-01T17:30:59.835Z,31.01
2026-09-01T17:35:59.76Z,30.93
2026-09-01T17:40:59.793Z,30.78
2026-09-01T17:45:59.69Z,30.67
2026-09-01T17:50:59.696Z,30.67
2026-09-01T17:55:59.922Z,30.67
2026-09-01T18:00:59.643Z,30.52
2026-09-01T18:05:59.837Z,30.44
2026-09-01T18:10:59.84Z,30.29
2026-09-01T18:15:59.68Z,30.18
2026-09-01T18:20:59.766Z,30.01
2026-09-01T18:25:59.654Z,29.92
2026-09-01T18:30:59.86Z,29.69
2026-09-01T18:35:59.893Z,29.49
2026-09-01T18:40:59.675Z,29.37
2026-09-01T18:45:59.689Z,29.29
2026-09-01T18:51:00.026Z,29.08
2026-09-01T18:55:59.874Z,28.97
2026-09-01T19:00:59.732Z,28.91
2026-09-01T19:05:59.823Z,28.85
2026-09-01T19:10:59.866Z,28.91
2026-09-01T19:16:00.856Z,28.83
2026-09-01T19:20:59.856Z,28.71
2026-09-01T19:26:01.377Z,28.71
2026-09-01T19:31:00.029Z,28.62
2026-09-01T19:35:59.738Z,28.54
2026-09-01T19:40:59.76Z,28.57
2026-09-01T19:45:59.866Z,28.51
2026-09-01T19:50:59.681Z,28.51
2026-09-01T19:56:00.965Z,28.48
2026-09-01T20:00:59.667Z,28.36
2026-09-01T20:05:59.702Z,28.36
2026-09-01T20:10:59.849Z,28.39
2026-09-01T20:16:02.68Z,28.36
2026-09-01T20:20:59.711Z,28.36
2026-09-01T20:25:59.744Z,28.36
2026-09-01T20:30:59.727Z,28.31
2026-09-01T20:36:00.531Z,28.22
2026-09-01T20:40:59.702Z,28.19
2026-09-01T20:46:02.438Z,28.13
2026-09-01T20:51:00.444Z,28.08
2026-09-01T20:55:59.756Z,28.05
2026-09-01T21:00:59.874Z,28.02
2026-09-01T21:06:00.216Z,27.9
2026-09-01T21:10:59.649Z,27.87
2026-09-01T21:16:02.309Z,27.82
2026-09-01T21:20:59.685Z,27.76
2026-09-01T21:26:00.83Z,27.67
2026-09-01T21:30:59.795Z,27.67
2026-09-01T21:35:59.876Z,27.71
2026-09-01T21:40:59.894Z,27.62
2026-09-01T21:45:59.859Z,27.53
2026-09-01T21:50:59.769Z,27.5
2026-09-01T21:55:59.651Z,27.44
2026-09-01T22:00:59.697Z,27.36
2026-09-01T22:05:59.871Z,27.36
2026-09-01T22:10:59.859Z,27.3
2026-09-01T22:16:01.917Z,27.3
2026-09-01T22:20:59.647Z,27.18
2026-09-01T22:25:59.851Z,27.13
2026-09-01T22:30:59.713Z,27.07
2026-09-01T22:35:59.943Z,27.01
2026-09-01T22:41:00.305Z,27.04
2026-09-01T22:45:59.878Z,27.01
2026-09-01T22:50:59.658Z,27.01
2026-09-01T22:55:59.966Z,26.95
2026-09-01T23:00:59.859Z,26.95
2026-09-01T23:05:59.898Z,26.92
2026-09-01T23:10:59.68Z,27.04
2026-09-01T23:16:01.184Z,27.01
2026-09-01T23:20:59.661Z,27.01
2026-09-01T23:25:59.756Z,26.95
2026-09-01T23:30:59.813Z,26.92
2026-09-01T23:35:59.861Z,26.9
2026-09-01T23:40:59.938Z,26.9
2026-09-01T23:46:01.127Z,26.92
2026-09-01T23:51:00.206Z,26.92
2026-09-01T23:56:00.333Z,26.95
2026-09-02T00:01:01.08Z,26.84
2026-09-02T00:05:59.858Z,26.81
2026-09-02T00:10:59.806Z,26.69
2026-09-02T00:16:01.277Z,26.52
2026-09-02T00:20:59.799Z,26.5
2026-09-02T00:25:59.726Z,26.41
2026-09-02T00:30:59.805Z,26.32
2026-09-02T00:35:59.772Z,26.2
2026-09-02T00:40:59.752Z,26.18
2026-09-02T00:45:59.836Z,26.15
2026-09-02T00:50:59.757Z,26.09
2026-09-02T00:55:59.94Z,26.01
2026-09-02T01:00:59.638Z,25.89
2026-09-02T01:05:59.678Z,25.92
2026-09-02T01:10:59.656Z,25.75
2026-09-02T01:15:59.702Z,25.69
2026-09-02T01:20:59.67Z,25.66
2026-09-02T01:25:59.802Z,25.69
2026-09-02T01:30:59.695Z,25.55
2026-09-02T01:35:59.813Z,25.55
2026-09-02T01:40:59.916Z,25.57
2026-09-02T01:46:00.597Z,25.6
2026-09-02T01:50:59.762Z,25.6
2026-09-02T01:55:59.825Z,25.52
2026-09-02T02:01:00.9Z,25.46
2026-09-02T02:06:02.525Z,25.4
2026-09-02T02:10:59.834Z,25.32
2026-09-02T02:15:59.778Z,25.32
2026-09-02T02:21:02.356Z,25.32
2026-09-02T02:25:59.939Z,25.34
2026-09-02T02:30:59.814Z,25.26
2026-09-02T02:35:59.775Z,25.23
2026-09-02T02:40:59.809Z,25.14
2026-09-02T02:45:59.697Z,25.14
2026-09-02T02:50:59.658Z,25.11
2026-09-02T02:55:59.805Z,25.0
2026-09-02T03:00:59.829Z,24.94
2026-09-02T03:05:59.808Z,24.91
2026-09-02T03:10:59.637Z,24.85
2026-09-02T03:16:00.821Z,24.77
2026-09-02T03:20:59.645Z,24.77
2026-09-02T03:25:59.756Z,24.74
2026-09-02T03:31:00.478Z,24.65
2026-09-02T03:36:03.09Z,24.65
2026-09-02T03:40:59.793Z,24.6
2026-09-02T03:45:59.664Z,24.68
2026-09-02T03:50:59.822Z,24.71
2026-09-02T03:55:59.816Z,24.57
2026-09-02T04:00:59.705Z,24.54
2026-09-02T04:06:02.026Z,24.42
2026-09-02T04:10:59.652Z,24.48
2026-09-02T04:15:59.822Z,24.42
2026-09-02T04:21:01.751Z,24.57
2026-09-02T04:25:59.766Z,24.48
2026-09-02T04:30:59.687Z,24.34
2026-09-02T04:35:59.823Z,24.39
2026-09-02T04:40:59.809Z,24.37
2026-09-02T04:45:59.79Z,24.37
2026-09-02T04:50:59.83Z,24.31
2026-09-02T04:55:59.797Z,24.22
2026-09-02T05:00:59.839Z,24.22
2026-09-02T05:05:59.632Z,24.28
2026-09-02T05:10:59.76Z,24.22
2026-09-02T05:15:59.608Z,24.13
2026-09-02T05:21:01.684Z,24.13
2026-09-02T05:26:01.069Z,24.08
2026-09-02T05:31:00.284Z,23.96
2026-09-02T05:35:59.896Z,24.05
2026-09-02T05:40:59.671Z,24.08
2026-09-02T05:45:59.775Z,23.96
2026-09-02T05:51:01.543Z,23.9
2026-09-02T05:55:59.868Z,23.93
2026-09-02T06:00:59.61Z,23.9
2026-09-02T06:06:01.423Z,23.88
2026-09-02T06:11:00.008Z,23.79
2026-09-02T06:16:01.741Z,23.93
2026-09-02T06:21:03.382Z,24.08
2026-09-02T06:25:59.646Z,24.19
2026-09-02T06:31:00.072Z,24.28
2026-09-02T06:35:59.829Z,24.45
2026-09-02T06:40:59.734Z,24.6
2026-09-02T06:45:59.854Z,24.71
2026-09-02T06:50:59.711Z,24.91
2026-09-02T06:55:59.845Z,25.11
2026-09-02T07:00:59.852Z,25.34
2026-09-02T07:06:00.352Z,25.55
2026-09-02T07:10:59.657Z,25.75
2026-09-02T07:16:00.169Z,25.97
2026-09-02T07:21:01.062Z,26.24
2026-09-02T07:25:59.869Z,26.46
2026-09-02T07:30:59.728Z,26.67
2026-09-02T07:35:59.636Z,26.9
2026-09-02T07:41:00.253Z,27.01
2026-09-02T07:46:01.15Z,27.04
2026-09-02T07:51:01.335Z,27.16
2026-09-02T07:55:59.635Z,27.48
2026-09-02T08:00:59.713Z,27.87
2026-09-02T08:05:59.66Z,28.11
2026-09-02T08:10:59.681Z,28.42
2026-09-02T08:15:59.629Z,28.74
2026-09-02T08:21:01.657Z,29.03
2026-09-02T08:25:59.861Z,29.06
2026-09-02T08:30:59.866Z,29.23
2026-09-02T08:35:59.693Z,29.26
2026-09-02T08:40:59.819Z,29.37
2026-09-02T08:45:59.706Z,29.23
2026-09-02T08:50:59.769Z,29.46
2026-09-02T08:56:00.403Z,29.6
2026-09-02T09:00:59.667Z,30.04
2026-09-02T09:06:00.583Z,30.24
2026-09-02T09:11:00.162Z,30.61
2026-09-02T09:15:59.682Z,30.84
2026-09-02T09:20:59.704Z,31.04
2026-09-02T09:25:59.827Z,31.1
2026-09-02T09:30:59.709Z,31.1
2026-09-02T09:36:00.6Z,31.33
2026-09-02T09:41:00.127Z,31.59
2026-09-02T09:46:01.452Z,31.76
2026-09-02T09:51:00.386Z,31.33
2026-09-02T09:56:02.074Z,31.42
2026-09-02T10:01:00.935Z,31.71
2026-09-02T10:05:59.647Z,32.08
2026-09-02T10:10:59.738Z,31.68
2026-09-02T10:15:59.862Z,31.85
2026-09-02T10:20:59.741Z,31.94
2026-09-02T10:25:59.602Z,31.82
2026-09-02T10:30:59.848Z,32.11
2026-09-02T10:36:00.405Z,32.28
2026-09-02T10:40:59.712Z,32.31
2026-09-02T10:45:59.697Z,32.48
2026-09-02T10:50:59.623Z,32.62
2026-09-02T10:56:01.642Z,32.85
2026-09-02T11:00:59.852Z,32.97
2026-09-02T11:05:59.842Z,32.91
2026-09-02T11:10:59.825Z,33.0
2026-09-02T11:15:59.75Z,33.0
2026-09-02T11:20:59.623Z,33.31
2026-09-02T11:25:59.808Z,33.4
2026-09-02T11:30:59.985Z,33.6
2026-09-02T11:35:59.825Z,33.69
2026-09-02T11:40:59.641Z,33.95
2026-09-02T11:45:59.679Z,34.09
2026-09-02T11:50:59.628Z,33.95
2026-09-02T11:55:59.829Z,34.06
2026-09-02T12:00:59.875Z,34.09
2026-09-02T12:06:00.352Z,34.09
2026-09-02T12:11:01.663Z,33.95
2026-09-02T12:15:59.632Z,33.98
2026-09-02T12:20:59.716Z,34.21
2026-09-02T12:26:01.805Z,34.32
2026-09-02T12:30:59.779Z,34.44
2026-09-02T12:35:59.775Z,34.5
2026-09-02T12:40:59.816Z,34.52
2026-09-02T12:46:01.411Z,34.64
2026-09-02T12:51:00.375Z,34.61
2026-09-02T12:55:59.773Z,34.81
2026-09-02T13:00:59.859Z,34.81
2026-09-02T13:05:59.669Z,34.9
2026-09-02T13:10:59.959Z,35.01
2026-09-02T13:15:59.678Z,35.36
2026-09-02T13:20:59.774Z,35.24
2026-09-02T13:26:01.286Z,35.22
2026-09-02T13:30:59.732Z,35.39
2026-09-02T13:35:59.774Z,35.27
2026-09-02T13:41:01.79Z,35.16
2026-09-02T13:45:59.658Z,35.33
2026-09-02T13:50:59.631Z,35.22
2026-09-02T13:55:59.806Z,35.45
2026-09-02T14:00:59.645Z,35.53
2026-09-02T14:05:59.737Z,35.62
2026-09-02T14:10:59.888Z,35.47
2026-09-02T14:15:59.797Z,35.39
2026-09-02T14:20:59.781Z,35.5
2026-09-02T14:25:59.762Z,35.47
2026-09-02T14:31:02.338Z,35.65
2026-09-02T14:35:59.644Z,35.82
2026-09-02T14:40:59.781Z,35.96
2026-09-02T14:45:59.85Z,35.73
2026-09-02T14:50:59.708Z,35.68
2026-09-02T14:56:00.108Z,35.94
2026-09-02T15:00:59.778Z,36.11
2026-09-02T15:05:59.831Z,35.96
2026-09-02T15:10:59.805Z,36.05
2026-09-02T15:15:59.732Z,36.08
2026-09-02T15:21:00.021Z,35.94
2026-09-02T15:26:00.133Z,35.65
2026-09-02T15:30:59.669Z,35.47
2026-09-02T15:35:59.812Z,35.45
2026-09-02T15:41:01.415Z,35.45
2026-09-02T15:46:01.979Z,35.56
2026-09-02T15:50:59.661Z,35.53
2026-09-02T15:56:01.266Z,35.62
2026-09-02T16:00:59.68Z,35.47
2026-09-02T16:05:59.639Z,35.39
2026-09-02T16:10:59.678Z,35.3
2026-09-02T16:16:01.83Z,35.5
2026-09-02T16:21:00.866Z,35.24
2026-09-02T16:25:59.634Z,35.16
2026-09-02T16:30:59.624Z,35.07
2026-09-02T16:35:59.587Z,34.84
2026-09-02T16:40:59.831Z,34.87
2026-09-02T16:45:59.652Z,34.75
2026-09-02T16:50:59.751Z,34.55
2026-09-02T16:55:59.813Z,34.47
2026-09-02T17:00:59.774Z,34.29
2026-09-02T17:05:59.817Z,34.24
2026-09-02T17:11:01.136Z,34.21
2026-09-02T17:15:59.778Z,34.21
2026-09-02T17:20:59.727Z,33.92
2026-09-02T17:25:59.756Z,33.78
2026-09-02T17:30:59.806Z,33.54
2026-09-02T17:35:59.598Z,33.4
2026-09-02T17:40:59.823Z,33.23
2026-09-02T17:45:59.648Z,33.08
2026-09-02T17:50:59.712Z,32.94
2026-09-02T17:55:59.958Z,32.71
2026-09-02T18:00:59.774Z,32.51
2026-09-02T18:05:59.61Z,32.36
2026-09-02T18:10:59.829Z,32.13
2026-09-02T18:16:00.487Z,31.99
2026-09-02T18:21:02.939Z,31.82
2026-09-02T18:25:59.762Z,31.68
2026-09-02T18:31:01.017Z,31.62
2026-09-02T18:35:59.812Z,31.53
2026-09-02T18:40:59.766Z,31.36
2026-09-02T18:45:59.728Z,31.36
2026-09-02T18:50:59.574Z,31.16
2026-09-02T18:55:59.798Z,31.07
2026-09-02T19:00:59.664Z,30.96
2026-09-02T19:05:59.848Z,30.9
2026-09-02T19:11:00.308Z,30.81
2026-09-02T19:16:01.019Z,30.67
2026-09-02T19:20:59.758Z,30.52
2026-09-02T19:25:59.591Z,30.38
2026-09-02T19:30:59.848Z,30.29
2026-09-02T19:36:00.179Z,30.18
2026-09-02T19:40:59.82Z,30.06
2026-09-02T19:45:59.855Z,30.04
2026-09-02T19:50:59.751Z,29.98
2026-09-02T19:55:59.627Z,29.89
2026-09-02T20:00:59.677Z,29.78
2026-09-02T20:06:02.287Z,29.66
2026-09-02T20:10:59.644Z,29.63
2026-09-02T20:15:59.647Z,29.55
2026-09-02T20:20:59.707Z,29.52
2026-09-02T20:25:59.818Z,29.43
2026-09-02T20:31:01.274Z,29.37
2026-09-02T20:35:59.723Z,29.23
2026-09-02T20:41:00.846Z,29.23
2026-09-02T20:46:01.176Z,29.11
2026-09-02T20:50:59.699Z,29.03
2026-09-02T20:55:59.725Z,28.91
2026-09-02T21:00:59.653Z,28.83
2026-09-02T21:05:59.645Z,28.71
2026-09-02T21:10:59.673Z,28.62
2026-09-02T21:16:00.355Z,28.48
2026-09-02T21:20:59.608Z,28.42
2026-09-02T21:26:00.934Z,28.31
2026-09-02T21:31:00.017Z,28.16
2026-09-02T21:36:04.004Z,28.08
2026-09-02T21:40:59.7Z,28.05
2026-09-02T21:45:59.726Z,27.99
2026-09-02T21:50:59.605Z,27.99
2026-09-02T21:55:59.819Z,27.87
2026-09-02T22:00:59.667Z,27.82
2026-09-02T22:05:59.808Z,27.82
2026-09-02T22:10:59.823Z,27.67
2026-09-02T22:16:00.503Z,27.64
2026-09-02T22:20:59.674Z,27.53
2026-09-02T22:25:59.616Z,27.5
2026-09-02T22:30:59.706Z,27.44
2026-09-02T22:35:59.781Z,27.36
2026-09-02T22:40:59.66Z,27.3
2026-09-02T22:46:01.546Z,27.22
2026-09-02T22:50:59.649Z,27.22
2026-09-02T22:55:59.807Z,27.18
2026-09-02T23:00:59.673Z,27.1
2026-09-02T23:05:59.762Z,27.1
2026-09-02T23:10:59.794Z,26.99
2026-09-02T23:16:00.255Z,26.92
2026-09-02T23:21:01.659Z,26.81
2026-09-02T23:25:59.915Z,26.87
2026-09-02T23:30:59.698Z,26.87
2026-09-02T23:36:00.454Z,26.9
2026-09-02T23:40:59.756Z,26.87
2026-09-02T23:45:59.701Z,26.87
2026-09-02T23:51:01.359Z,26.9
2026-09-02T23:55:59.608Z,26.9
2026-09-03T00:00:59.609Z,26.78
2026-09-03T00:06:02.73Z,26.84
2026-09-03T00:10:59.8Z,26.73
2026-09-03T00:15:59.783Z,26.69
2026-09-03T00:20:59.707Z,26.61
2026-09-03T00:25:59.801Z,26.5
2026-09-03T00:30:59.776Z,26.55
2026-09-03T00:36:01.569Z,26.55
2026-09-03T00:40:59.603Z,26.58
2026-09-03T00:45:59.967Z,26.76
2026-09-03T00:51:01.479Z,26.76
2026-09-03T00:55:59.776Z,26.76
2026-09-03T01:01:00.031Z,26.73
2026-09-03T01:05:59.815Z,26.69
2026-09-03T01:10:59.61Z,26.81
2026-09-03T01:15:59.571Z,26.9
2026-09-03T01:20:59.922Z,26.9
2026-09-03T01:26:00.359Z,26.95
2026-09-03T01:30:59.593Z,26.92
2026-09-03T01:35:59.721Z,26.95
2026-09-03T01:40:59.62Z,26.92
2026-09-03T01:46:00.61Z,26.92
2026-09-03T01:50:59.799Z,26.84
2026-09-03T01:55:59.664Z,26.78
2026-09-03T02:00:59.697Z,26.64
2026-09-03T02:05:59.689Z,26.64
2026-09-03T02:10:59.77Z,26.58
2026-09-03T02:15:59.614Z,26.41
2026-09-03T02:21:01.266Z,26.41
2026-09-03T02:25:59.752Z,26.41
2026-09-03T02:30:59.704Z,26.32
2026-09-03T02:36:01.209Z,26.24
2026-09-03T02:40:59.758Z,26.2
2026-09-03T02:45:59.695Z,26.09
2026-09-03T02:51:01.731Z,26.01
2026-09-03T02:55:59.803Z,25.95
2026-09-03T03:00:59.79Z,25.83
2026-09-03T03:06:00.552Z,25.78
2026-09-03T03:11:02.375Z,25.66
2026-09-03T03:15:59.776Z,25.6
2026-09-03T03:20:59.802Z,25.57
2026-09-03T03:26:02.467Z,25.55
2026-09-03T03:30:59.574Z,25.43
2026-09-03T03:35:59.865Z,25.46
2026-09-03T03:40:59.574Z,25.46
2026-09-03T03:46:00.04Z,25.43
2026-09-03T03:51:00.553Z,25.4
2026-09-03T03:55:59.77Z,25.49
2026-09-03T04:00:59.723Z,25.55
2026-09-03T04:05:59.619Z,25.57
2026-09-03T04:10:59.765Z,25.57
2026-09-03T04:16:00.878Z,25.6
2026-09-03T04:20:59.747Z,25.6
2026-09-03T04:25:59.661Z,25.57
2026-09-03T04:30:59.602Z,25.6
2026-09-03T04:35:59.599Z,25.63
2026-09-03T04:40:59.708Z,25.75
2026-09-03T04:45:59.766Z,25.89
2026-09-03T04:50:59.88Z,25.8
2026-09-03T04:55:59.716Z,25.78
2026-09-03T05:00:59.622Z,25.75
2026-09-03T05:05:59.733Z,25.72
2026-09-03T05:10:59.689Z,25.57
2026-09-03T05:15:59.653Z,25.6
2026-09-03T05:21:01.434Z,25.46
2026-09-03T05:25:59.68Z,25.32
2026-09-03T05:30:59.65Z,25.26
2026-09-03T05:35:59.605Z,25.11
2026-09-03T05:40:59.917Z,25.09
2026-09-03T05:45:59.598Z,25.14
2026-09-03T05:50:59.731Z,25.0
2026-09-03T05:55:59.643Z,25.11
2026-09-03T06:01:00.323Z,25.11
2026-09-03T06:05:59.77Z,25.32
2026-09-03T06:10:59.577Z,25.4
2026-09-03T06:15:59.72Z,25.55
2026-09-03T06:20:59.581Z,25.69
2026-09-03T06:25:59.587Z,25.69
2026-09-03T06:30:59.8Z,25.78
2026-09-03T06:35:59.598Z,25.89
2026-09-03T06:40:59.585Z,25.92
2026-09-03T06:46:02.668Z,25.97
2026-09-03T06:51:00.343Z,26.09
2026-09-03T06:56:01.273Z,26.27
2026-09-03T07:01:02.317Z,26.35
2026-09-03T07:06:01.213Z,26.35
2026-09-03T07:11:00.474Z,26.41
2026-09-03T07:15:59.811Z,26.52
2026-09-03T07:20:59.698Z,26.64
2026-09-03T07:25:59.681Z,26.73
2026-09-03T07:31:02.479Z,26.78
2026-09-03T07:35:59.628Z,26.95
2026-09-03T07:40:59.748Z,27.1
2026-09-03T07:46:00.474Z,27.22
2026-09-03T07:50:59.637Z,27.33
2026-09-03T07:55:59.661Z,27.56
2026-09-03T08:01:02.789Z,27.71
2026-09-03T08:06:00.336Z,27.93
2026-09-03T08:10:59.614Z,28.05
2026-09-03T08:15:59.668Z,28.08
2026-09-03T08:21:00.19Z,28.22
2026-09-03T08:26:00.77Z,28.45
2026-09-03T08:30:59.779Z,28.6
2026-09-03T08:35:59.621Z,28.8
2026-09-03T08:40:59.775Z,29.08
2026-09-03T08:46:01.703Z,29.32
2026-09-03T08:50:59.797Z,29.34
2026-09-03T08:55:59.703Z,29.26
2026-09-03T09:00:59.783Z,29.49
2026-09-03T09:05:59.637Z,29.69
2026-09-03T09:11:00.687Z,29.78
2026-09-03T09:16:01.803Z,29.98
2026-09-03T09:20:59.588Z,30.24
2026-09-03T09:26:00.014Z,30.21
2026-09-03T09:31:01.44Z,30.38
2026-09-03T09:35:59.676Z,30.64
2026-09-03T09:40:59.798Z,31.16
2026-09-03T09:45:59.785Z,31.47
2026-09-03T09:50:59.695Z,31.53
2026-09-03T09:55:59.792Z,31.5
2026-09-03T10:01:02.195Z,31.59
2026-09-03T10:05:59.719Z,31.87
2026-09-03T10:11:00.418Z,31.79
2026-09-03T10:16:01.764Z,31.99
2026-09-03T10:20:59.685Z,32.05
2026-09-03T10:25:59.626Z,32.36
2026-09-03T10:31:02.157Z,32.4
2026-09-03T10:35:59.741Z,32.68
2026-09-03T10:40:59.687Z,32.8
2026-09-03T10:46:01.87Z,32.94
2026-09-03T10:50:59.738Z,32.91
2026-09-03T10:55:59.622Z,33.06
2026-09-03T11:01:01.963Z,33.29
2026-09-03T11:06:00.723Z,33.49
2026-09-03T11:11:00.454Z,33.54
2026-09-03T11:16:01.895Z,33.43
2026-09-03T11:20:59.723Z,33.4
2026-09-03T11:25:59.667Z,33.72
2026-09-03T11:31:01.979Z,33.66
2026-09-03T11:35:59.567Z,33.54
2026-09-03T11:41:00.486Z,33.78
2026-09-03T11:46:00.897Z,33.83
2026-09-03T11:50:59.724Z,34.18
2026-09-03T11:55:59.748Z,34.21
2026-09-03T12:01:00.073Z,34.41
2026-09-03T12:05:59.79Z,34.67
2026-09-03T12:10:59.763Z,34.9
2026-09-03T12:16:01.684Z,35.22
2026-09-03T12:20:59.638Z,35.33
2026-09-03T12:25:59.588Z,35.27
2026-09-03T12:31:00.41Z,35.24
2026-09-03T12:35:59.613Z,35.47
2026-09-03T12:41:00.199Z,35.5
2026-09-03T12:46:03.895Z,35.36
2026-09-03T12:50:59.605Z,35.59
2026-09-03T12:55:59.771Z,35.68
2026-09-03T13:00:59.713Z,35.88
2026-09-03T13:05:59.761Z,36.17
2026-09-03T13:10:59.641Z,36.28
2026-09-03T13:16:01.535Z,36.11
2026-09-03T13:20:59.562Z,36.28
2026-09-03T13:26:00.253Z,36.22
2026-09-03T13:30:59.697Z,36.05
2026-09-03T13:35:59.638Z,35.94
2026-09-03T13:40:59.674Z,36.17
2026-09-03T13:45:59.788Z,36.45
2026-09-03T13:50:59.592Z,36.22
2026-09-03T13:55:59.773Z,36.4
2026-09-03T14:00:59.66Z,36.28
2026-09-03T14:05:59.795Z,36.22
2026-09-03T14:10:59.612Z,36.31
2026-09-03T14:15:59.672Z,36.48
2026-09-03T14:21:02.529Z,36.4
2026-09-03T14:25:59.755Z,36.68
2026-09-03T14:30:59.702Z,36.68
2026-09-03T14:36:02.479Z,36.66
2026-09-03T14:41:01.193Z,36.86
2026-09-03T14:45:59.808Z,36.83
2026-09-03T14:50:59.734Z,36.63
2026-09-03T14:55:59.683Z,36.54
2026-09-03T15:01:01.046Z,36.6
2026-09-03T15:05:59.73Z,36.8
2026-09-03T15:10:59.59Z,36.63
2026-09-03T15:15:59.691Z,36.37
2026-09-03T15:20:59.731Z,36.34
2026-09-03T15:25:59.557Z,36.4
2026-09-03T15:31:00.798Z,36.42
2026-09-03T15:35:59.77Z,36.4
2026-09-03T15:40:59.667Z,36.4
2026-09-03T15:45:59.706Z,36.42
2026-09-03T15:51:02.099Z,36.42
2026-09-03T15:55:59.629Z,36.4
2026-09-03T16:01:01.395Z,36.25
2026-09-03T16:05:59.777Z,36.19
2026-09-03T16:10:59.624Z,36.31
2026-09-03T16:15:59.572Z,36.51
2026-09-03T16:21:00.151Z,36.4
2026-09-03T16:25:59.804Z,36.11
2026-09-03T16:31:00.627Z,35.88
2026-09-03T16:35:59.664Z,35.73
2026-09-03T16:40:59.573Z,35.56
2026-09-03T16:45:59.657Z,35.36
2026-09-03T16:51:01.861Z,35.24
2026-09-03T16:55:59.75Z,35.27
2026-09-03T17:00:59.568Z,35.13
2026-09-03T17:06:02.218Z,35.39
2026-09-03T17:10:59.875Z,34.93
2026-09-03T17:15:59.622Z,34.81
2026-09-03T17:21:02.78Z,34.55
2026-09-03T17:25:59.699Z,34.27
2026-09-03T17:30:59.599Z,33.95
2026-09-03T17:35:59.741Z,33.8
2026-09-03T17:40:59.542Z,33.66
2026-09-03T17:45:59.685Z,33.69
2026-09-03T17:51:02.245Z,33.52
2026-09-03T17:55:59.706Z,33.31
2026-09-03T18:00:59.645Z,33.06
2026-09-03T18:05:59.926Z,32.77
2026-09-03T18:10:59.597Z,32.54
2026-09-03T18:16:00.617Z,32.4
2026-09-03T18:20:59.59Z,32.11
2026-09-03T18:25:59.565Z,31.91
2026-09-03T18:30:59.735Z,31.71
2026-09-03T18:35:59.594Z,31.5
2026-09-03T18:40:59.683Z,31.36
2026-09-03T18:45:59.711Z,31.24
2026-09-03T18:50:59.626Z,31.13
2026-09-03T18:55:59.617Z,30.93
2026-09-03T19:00:59.669Z,30.78
2026-09-03T19:06:00.906Z,30.67
2026-09-03T19:10:59.647Z,30.58
2026-09-03T19:15:59.709Z,30.38
2026-09-03T19:21:01.284Z,30.29
2026-09-03T19:25:59.652Z,30.24
2026-09-03T19:30:59.547Z,30.09
2026-09-03T19:36:01.872Z,29.95
2026-09-03T19:40:59.631Z,29.86
2026-09-03T19:46:00.085Z,29.75
2026-09-03T19:50:59.785Z,29.75
2026-09-03T19:55:59.808Z,29.55
2026-09-03T20:00:59.558Z,29.55
2026-09-03T20:05:59.623Z,29.37
2026-09-03T20:11:01.951Z,29.26
2026-09-03T20:15:59.611Z,29.23
2026-09-03T20:21:00.602Z,29.11
2026-09-03T20:25:59.66Z,29.0
2026-09-03T20:30:59.602Z,28.94
2026-09-03T20:36:00.986Z,28.83
2026-09-03T20:40:59.752Z,28.71
2026-09-03T20:45:59.64Z,28.65
2026-09-03T20:50:59.889Z,28.54
2026-09-03T20:56:02.923Z,28.48
2026-09-03T21:00:59.554Z,28.45
2026-09-03T21:05:59.688Z,28.39
2026-09-03T21:10:59.675Z,28.34
2026-09-03T21:15:59.736Z,28.19
2026-09-03T21:20:59.544Z,28.13
2026-09-03T21:26:02.251Z,28.08
2026-09-03T21:30:59.703Z,27.97
2026-09-03T21:35:59.624Z,28.05
2026-09-03T21:41:03.173Z,27.99
2026-09-03T21:45:59.635Z,27.9
2026-09-03T21:50:59.688Z,27.87
2026-09-03T21:55:59.661Z,27.82
2026-09-03T22:00:59.76Z,27.76
2026-09-03T22:06:00.126Z,27.71
2026-09-03T22:10:59.719Z,27.62
2026-09-03T22:15:59.614Z,27.56
2026-09-03T22:21:00.361Z,27.53
2026-09-03T22:25:59.661Z,27.44
2026-09-03T22:30:59.667Z,27.39
2026-09-03T22:35:59.582Z,27.27
2026-09-03T22:41:01.947Z,27.24
2026-09-03T22:45:59.746Z,27.22
2026-09-03T22:50:59.728Z,27.13
2026-09-03T22:56:01.996Z,27.16
2026-09-03T23:00:59.528Z,27.13
2026-09-03T23:06:01.18Z,27.22
2026-09-03T23:10:59.692Z,27.22
2026-09-03T23:15:59.72Z,27.3
2026-09-03T23:21:00.812Z,27.24
2026-09-03T23:26:02.185Z,27.27
2026-09-03T23:30:59.674Z,27.24
2026-09-03T23:36:00.985Z,27.13
2026-09-03T23:40:59.696Z,27.16
2026-09-03T23:45:59.54Z,27.1
2026-09-03T23:51:00.199Z,27.16
2026-09-03T23:56:01.774Z,27.07
2026-09-04T00:01:00.174Z,26.99
2026-09-04T00:05:59.972Z,26.9
2026-09-04T00:10:59.756Z,26.84
2026-09-04T00:15:59.702Z,26.78
2026-09-04T00:21:00.703Z,26.67
2026-09-04T00:26:02.364Z,26.69
2026-09-04T00:30:59.63Z,26.64
2026-09-04T00:35:59.688Z,26.61
2026-09-04T00:40:59.54Z,26.58
2026-09-04T00:45:59.735Z,26.55
2026-09-04T00:50:59.788Z,26.52
2026-09-04T00:55:59.699Z,26.46
2026-09-04T01:00:59.594Z,26.41
2026-09-04T01:05:59.668Z,26.41
2026-09-04T01:10:59.734Z,26.29
2026-09-04T01:15:59.69Z,26.29
2026-09-04T01:20:59.811Z,26.24
2026-09-04T01:26:00.909Z,26.15
2026-09-04T01:30:59.667Z,26.04
2026-09-04T01:35:59.648Z,26.04
2026-09-04T01:40:59.631Z,26.01
2026-09-04T01:45:59.622Z,26.04
2026-09-04T01:50:59.73Z,25.89
2026-09-04T01:56:00.96Z,25.86
2026-09-04T02:00:59.819Z,25.86
2026-09-04T02:05:59.723Z,25.86
2026-09-04T02:11:00.519Z,25.89
2026-09-04T02:16:00.28Z,25.97
2026-09-04T02:20:59.625Z,26.04
2026-09-04T02:25:59.551Z,26.06
2026-09-04T02:30:59.732Z,26.24
2026-09-04T02:35:59.613Z,26.12
2026-09-04T02:41:01.671Z,26.18
2026-09-04T02:46:00.102Z,26.18
2026-09-04T02:50:59.605Z,26.18
2026-09-04T02:55:59.607Z,26.2
2026-09-04T03:00:59.65Z,26.04
2026-09-04T03:05:59.694Z,25.95
2026-09-04T03:10:59.568Z,25.78
2026-09-04T03:15:59.749Z,25.75
2026-09-04T03:20:59.763Z,25.72
2026-09-04T03:25:59.707Z,25.75
2026-09-04T03:30:59.723Z,25.69
2026-09-04T03:35:59.934Z,25.66
2026-09-04T03:40:59.824Z,25.6
2026-09-04T03:46:04.013Z,25.57
2026-09-04T03:50:59.574Z,25.52
2026-09-04T03:56:01.456Z,25.4
2026-09-04T04:01:02.37Z,25.32
2026-09-04T04:05:59.782Z,25.34
2026-09-04T04:10:59.57Z,25.34
2026-09-04T04:15:59.644Z,25.26
2026-09-04T04:20:59.765Z,25.37
2026-09-04T04:25:59.695Z,25.29
2026-09-04T04:30:59.706Z,25.29
2026-09-04T04:35:59.718Z,25.32
2026-09-04T04:40:59.793Z,25.34
2026-09-04T04:46:01.368Z,25.29
2026-09-04T04:50:59.552Z,25.34
2026-09-04T04:55:59.666Z,25.43
2026-09-04T05:00:59.602Z,25.32
2026-09-04T05:06:00.09Z,25.37
2026-09-04T05:11:00.182Z,25.34
2026-09-04T05:15:59.629Z,25.32
2026-09-04T05:20:59.763Z,25.26
2026-09-04T05:26:00.311Z,25.26
2026-09-04T05:30:59.786Z,25.2
2026-09-04T05:35:59.565Z,25.17
2026-09-04T05:40:59.539Z,25.2
2026-09-04T05:45:59.75Z,25.14
2026-09-04T05:50:59.563Z,25.2
2026-09-04T05:55:59.588Z,25.17
2026-09-04T06:00:59.76Z,25.17
2026-09-04T06:05:59.723Z,25.2
2026-09-04T06:10:59.797Z,25.23
2026-09-04T06:15:59.565Z,25.2
2026-09-04T06:20:59.696Z,25.34
2026-09-04T06:25:59.563Z,25.32
2026-09-04T06:30:59.661Z,25.34
2026-09-04T06:35:59.658Z,25.43
2026-09-04T06:40:59.58Z,25.55
2026-09-04T06:45:59.792Z,25.63
2026-09-04T06:50:59.678Z,25.72
2026-09-04T06:55:59.713Z,25.8
2026-09-04T07:01:01.316Z,25.92
2026-09-04T07:05:59.527Z,25.92
2026-09-04T07:10:59.788Z,26.06
2026-09-04T07:16:01.825Z,26.18
2026-09-04T07:20:59.755Z,26.35
2026-09-04T07:25:59.701Z,26.46
2026-09-04T07:30:59.644Z,26.46
2026-09-04T07:35:59.578Z,26.58
2026-09-04T07:40:59.74Z,26.76
2026-09-04T07:45:59.576Z,26.9
2026-09-04T07:50:59.555Z,26.92
2026-09-04T07:56:01.751Z,27.04
2026-09-04T08:00:59.659Z,27.3
2026-09-04T08:05:59.693Z,27.41
2026-09-04T08:10:59.696Z,27.71
2026-09-04T08:15:59.653Z,27.85
2026-09-04T08:21:01.431Z,28.13
2026-09-04T08:25:59.695Z,28.48
2026-09-04T08:30:59.593Z,28.65
2026-09-04T08:35:59.67Z,28.94
2026-09-04T08:40:59.766Z,29.2
2026-09-04T08:46:00.226Z,29.52
2026-09-04T08:51:01.444Z,29.72
2026-09-04T08:55:59.775Z,29.75
2026-09-04T09:00:59.672Z,29.83
2026-09-04T09:06:01.593Z,30.18
2026-09-04T09:10:59.53Z,30.47
2026-09-04T09:15:59.512Z,30.73
2026-09-04T09:21:01.656Z,31.16
2026-09-04T09:25:59.553Z,31.42
2026-09-04T09:30:59.672Z,31.5
2026-09-04T09:36:01.632Z,31.68
2026-09-04T09:41:00.135Z,31.99
2026-09-04T09:45:59.696Z,32.19
2026-09-04T09:51:01.824Z,32.4
2026-09-04T09:55:59.658Z,32.68
2026-09-04T10:01:00.129Z,32.8
2026-09-04T10:05:59.648Z,33.15
2026-09-04T10:10:59.57Z,33.26
2026-09-04T10:15:59.711Z,33.6
2026-09-04T10:20:59.527Z,33.78
2026-09-04T10:25:59.597Z,33.95
2026-09-04T10:31:00.189Z,34.18
2026-09-04T10:35:59.685Z,34.61
2026-09-04T10:40:59.618Z,34.9
2026-09-04T10:45:59.537Z,34.98
2026-09-04T10:50:59.629Z,35.3
2026-09-04T10:55:59.725Z,35.39
2026-09-04T11:00:59.543Z,35.27
2026-09-04T11:05:59.736Z,35.7
2026-09-04T11:10:59.569Z,36.11
2026-09-04T11:15:59.512Z,36.34
2026-09-04T11:20:59.653Z,36.11
2026-09-04T11:25:59.588Z,36.11
2026-09-04T11:30:59.593Z,36.4
2026-09-04T11:35:59.812Z,36.71
2026-09-04T11:41:02.543Z,36.91
2026-09-04T11:45:59.845Z,37.15
2026-09-04T11:50:59.7Z,37.4
2026-09-04T11:56:04.48Z,37.43
2026-09-04T12:00:59.67Z,37.4
2026-09-04T12:05:59.562Z,37.54
2026-09-04T12:11:02.055Z,37.58
2026-09-04T12:15:59.558Z,37.35
2026-09-04T12:20:59.676Z,37.75
2026-09-04T12:25:59.552Z,38.21
2026-09-04T12:30:59.542Z,38.41
2026-09-04T12:35:59.663Z,38.67
2026-09-04T12:40:59.676Z,38.75
2026-09-04T12:45:59.751Z,38.67
2026-09-04T12:51:01.292Z,38.73
2026-09-04T12:56:02.383Z,38.73
2026-09-04T13:00:59.695Z,39.1
2026-09-04T13:05:59.597Z,39.33
2026-09-04T13:10:59.533Z,39.39
2026-09-04T13:15:59.595Z,39.53
2026-09-04T13:20:59.648Z,39.68
2026-09-04T13:25:59.519Z,39.79
2026-09-04T13:30:59.633Z,39.65
2026-09-04T13:35:59.574Z,39.59
2026-09-04T13:40:59.576Z,39.56
2026-09-04T13:45:59.583Z,39.56
2026-09-04T13:50:59.595Z,39.79
2026-09-04T13:55:59.601Z,39.88
2026-09-04T14:00:59.586Z,39.82
2026-09-04T14:06:01.097Z,39.85
2026-09-04T14:10:59.661Z,39.79
2026-09-04T14:15:59.756Z,39.88
2026-09-04T14:21:00.195Z,39.76
2026-09-04T14:25:59.59Z,39.79
2026-09-04T14:30:59.624Z,39.73
2026-09-04T14:36:02.339Z,39.85
2026-09-04T14:40:59.539Z,39.85
2026-09-04T14:45:59.535Z,39.85
2026-09-04T14:50:59.694Z,39.88
2026-09-04T14:56:02.245Z,40.19
2026-09-04T15:01:00.245Z,40.31
2026-09-04T15:05:59.921Z,40.11
2026-09-04T15:10:59.749Z,40.02
2026-09-04T15:15:59.976Z,39.93
2026-09-04T15:20:59.711Z,39.85
2026-09-04T15:25:59.528Z,39.91
2026-09-04T15:30:59.755Z,39.88
2026-09-04T15:35:59.885Z,39.91
2026-09-04T15:40:59.601Z,39.85
2026-09-04T15:45:59.511Z,39.62
2026-09-04T15:51:01.298Z,39.39
2026-09-04T15:55:59.506Z,39.39
2026-09-04T16:00:59.743Z,39.42
2026-09-04T16:05:59.631Z,39.33
2026-09-04T16:10:59.784Z,39.04
2026-09-04T16:15:59.57Z,38.64
2026-09-04T16:20:59.553Z,38.21
2026-09-04T16:25:59.585Z,38.15
2026-09-04T16:30:59.643Z,37.75
2026-09-04T16:35:59.495Z,37.43
2026-09-04T16:41:00.044Z,37.15
2026-09-04T16:45:59.695Z,36.94
2026-09-04T16:50:59.556Z,36.68
2026-09-04T16:55:59.637Z,36.37
2026-09-04T17:00:59.56Z,36.4
2026-09-04T17:05:59.625Z,36.05
2026-09-04T17:10:59.673Z,35.79
2026-09-04T17:15:59.514Z,35.3
2026-09-04T17:20:59.619Z,34.98
2026-09-04T17:25:59.499Z,34.78
2026-09-04T17:30:59.765Z,34.55
2026-09-04T17:35:59.679Z,34.41
2026-09-04T17:40:59.53Z,34.32
2026-09-04T17:46:00.769Z,34.15
2026-09-04T17:50:59.668Z,33.83
2026-09-04T17:55:59.508Z,33.63
2026-09-04T18:01:00.828Z,33.4
2026-09-04T18:06:01.578Z,33.11
2026-09-04T18:10:59.572Z,32.82
2026-09-04T18:16:00.29Z,32.62
2026-09-04T18:21:01.879Z,32.34
2026-09-04T18:25:59.546Z,32.05
2026-09-04T18:30:59.49Z,31.85
2026-09-04T18:36:02.73Z,31.59
2026-09-04T18:40:59.693Z,31.45
2026-09-04T18:46:00.985Z,31.19
2026-09-04T18:51:02.26Z,31.01
2026-09-04T18:56:00.598Z,30.9
2026-09-04T19:01:03.221Z,30.87
2026-09-04T19:06:04.174Z,30.67
2026-09-04T19:10:59.577Z,30.52
2026-09-04T19:15:59.545Z,30.41
2026-09-04T19:20:59.529Z,30.15
2026-09-04T19:25:59.636Z,30.06
2026-09-04T19:31:00.642Z,30.01
2026-09-04T19:35:59.537Z,29.83
2026-09-04T19:41:00.41Z,29.66
2026-09-04T19:46:00.707Z,29.55
2026-09-04T19:50:59.507Z,29.49
2026-09-04T19:55:59.706Z,29.37
2026-09-04T20:00:59.686Z,29.26
2026-09-04T20:05:59.662Z,29.2
2026-09-04T20:10:59.885Z,29.06
2026-09-04T20:15:59.704Z,29.08
2026-09-04T20:20:59.484Z,28.94
2026-09-04T20:25:59.688Z,28.85
2026-09-04T20:31:00.648Z,28.8
2026-09-04T20:35:59.671Z,28.71
2026-09-04T20:40:59.971Z,28.68
2026-09-04T20:45:59.609Z,28.65
2026-09-04T20:50:59.493Z,28.54
2026-09-04T20:55:59.562Z,28.48
2026-09-04T21:00:59.641Z,28.39
2026-09-04T21:05:59.621Z,28.34
2026-09-04T21:11:01.516Z,28.36
2026-09-04T21:15:59.648Z,28.31
2026-09-04T21:21:02.506Z,28.28
2026-09-04T21:25:59.779Z,28.19
2026-09-04T21:30:59.63Z,28.08
2026-09-04T21:35:59.533Z,28.02
2026-09-04T21:40:59.506Z,27.97
2026-09-04T21:45:59.652Z,27.97
2026-09-04T21:50:59.561Z,27.85
2026-09-04T21:55:59.675Z,27.82
2026-09-04T22:00:59.577Z,27.76
2026-09-04T22:06:01.493Z,27.71
2026-09-04T22:11:01.163Z,27.76
2026-09-04T22:16:00.196Z,27.64
2026-09-04T22:20:59.891Z,27.59
2026-09-04T22:26:00.433Z,27.5
2026-09-04T22:30:59.965Z,27.48
2026-09-04T22:36:00.078Z,27.39
2026-09-04T22:40:59.528Z,27.36
2026-09-04T22:45:59.54Z,27.18
2026-09-04T22:51:01.268Z,27.13
2026-09-04T22:55:59.583Z,26.99
2026-09-04T23:00:59.624Z,26.92
2026-09-04T23:05:59.603Z,26.87
2026-09-04T23:10:59.645Z,26.84
2026-09-04T23:16:00.183Z,26.84
2026-09-04T23:21:01.563Z,26.78
2026-09-04T23:25:59.621Z,26.73
2026-09-04T23:30:59.565Z,26.69
2026-09-04T23:35:59.534Z,26.52
2026-09-04T23:40:59.501Z,26.55
2026-09-04T23:46:00.242Z,26.44
2026-09-04T23:50:59.835Z,26.41
2026-09-04T23:55:59.716Z,26.38
2026-09-05T00:00:59.963Z,26.27
2026-09-05T00:05:59.501Z,26.2
2026-09-05T00:10:59.65Z,26.18
2026-09-05T00:15:59.658Z,26.18
2026-09-05T00:21:01.353Z,26.15
2026-09-05T00:25:59.69Z,26.12
2026-09-05T00:30:59.487Z,26.06
2026-09-05T00:35:59.584Z,26.06
2026-09-05T00:40:59.66Z,26.04
2026-09-05T00:45:59.502Z,25.97
2026-09-05T00:50:59.559Z,26.04
2026-09-05T00:55:59.615Z,25.92
2026-09-05T01:00:59.65Z,25.95
2026-09-05T01:05:59.658Z,25.89
2026-09-05T01:10:59.67Z,25.83
2026-09-05T01:15:59.64Z,25.75
2026-09-05T01:20:59.599Z,25.75
2026-09-05T01:25:59.674Z,25.78
2026-09-05T01:31:00.061Z,25.72
2026-09-05T01:35:59.536Z,25.66
2026-09-05T01:40:59.492Z,25.55
2026-09-05T01:45:59.587Z,25.57
2026-09-05T01:50:59.47Z,25.46
2026-09-05T01:56:02.475Z,25.43
2026-09-05T02:00:59.721Z,25.37
2026-09-05T02:06:00.602Z,25.37
2026-09-05T02:10:59.63Z,25.34
2026-09-05T02:15:59.772Z,25.23
2026-09-05T02:20:59.605Z,25.34
2026-09-05T02:25:59.761Z,25.2
2026-09-05T02:30:59.646Z,25.17
2026-09-05T02:35:59.657Z,25.2
2026-09-05T02:41:01.915Z,25.17
2026-09-05T02:45:59.669Z,25.14
2026-09-05T02:50:59.722Z,25.14
2026-09-05T02:56:01.892Z,25.14
2026-09-05T03:00:59.708Z,25.11
2026-09-05T03:05:59.632Z,25.09
2026-09-05T03:10:59.663Z,25.03
2026-09-05T03:15:59.996Z,24.97
2026-09-05T03:21:02.785Z,25.03
2026-09-05T03:25:59.592Z,25.03
2026-09-05T03:30:59.561Z,24.97
2026-09-05T03:36:00.201Z,24.94
2026-09-05T03:40:59.596Z,24.94
2026-09-05T03:45:59.555Z,24.77
2026-09-05T03:51:00.426Z,24.74
2026-09-05T03:55:59.594Z,24.74
2026-09-05T04:00:59.574Z,24.77
2026-09-05T04:05:59.67Z,24.71
2026-09-05T04:10:59.489Z,24.71
2026-09-05T04:15:59.532Z,24.71
2026-09-05T04:21:01.823Z,24.62
2026-09-05T04:25:59.843Z,24.62
2026-09-05T04:30:59.556Z,24.54
2026-09-05T04:35:59.485Z,24.74
2026-09-05T04:40:59.698Z,24.83
2026-09-05T04:45:59.754Z,24.85
2026-09-05T04:50:59.631Z,25.2
2026-09-05T04:55:59.715Z,25.34
2026-09-05T05:00:59.639Z,25.34
2026-09-05T05:05:59.483Z,25.26
2026-09-05T05:11:01.464Z,25.23
2026-09-05T05:15:59.715Z,25.23
2026-09-05T05:20:59.556Z,25.17
2026-09-05T05:26:01.054Z,25.03
2026-09-05T05:30:59.684Z,24.94
2026-09-05T05:35:59.716Z,24.97
2026-09-05T05:40:59.565Z,24.91
2026-09-05T05:45:59.523Z,24.8
2026-09-05T05:50:59.525Z,24.83
2026-09-05T05:55:59.65Z,24.77
2026-09-05T06:00:59.61Z,24.71
2026-09-05T06:05:59.54Z,24.48
2026-09-05T06:10:59.64Z,24.31
2026-09-05T06:15:59.651Z,24.19
2026-09-05T06:20:59.489Z,24.19
2026-09-05T06:25:59.543Z,24.05
2026-09-05T06:31:02.048Z,24.11
2026-09-05T06:35:59.622Z,24.28
2026-09-05T06:41:00.85Z,24.37
2026-09-05T06:45:59.776Z,24.39
2026-09-05T06:50:59.616Z,24.62
2026-09-05T06:55:59.99Z,24.77
2026-09-05T07:00:59.501Z,24.97
2026-09-05T07:05:59.604Z,25.11
2026-09-05T07:10:59.671Z,25.29
2026-09-05T07:16:01.288Z,25.43
2026-09-05T07:20:59.667Z,25.66
2026-09-05T07:25:59.507Z,25.89
2026-09-05T07:31:01.134Z,26.09
2026-09-05T07:35:59.705Z,26.18
2026-09-05T07:40:59.676Z,26.46
2026-09-05T07:45:59.678Z,26.67
2026-09-05T07:50:59.505Z,26.84
2026-09-05T07:55:59.507Z,27.22
2026-09-05T08:00:59.551Z,27.44
2026-09-05T08:06:00.355Z,27.67
2026-09-05T08:11:00.708Z,27.99
2026-09-05T08:16:00.795Z,28.28
2026-09-05T08:20:59.719Z,28.39
2026-09-05T08:26:00.069Z,28.62
2026-09-05T08:31:00.866Z,29.06
2026-09-05T08:35:59.824Z,29.26
2026-09-05T08:40:59.542Z,29.4
2026-09-05T08:45:59.702Z,29.55
2026-09-05T08:50:59.688Z,29.78
2026-09-05T08:55:59.581Z,29.95
2026-09-05T09:01:01.118Z,30.24
2026-09-05T09:05:59.558Z,30.5
2026-09-05T09:10:59.491Z,30.44
2026-09-05T09:15:59.519Z,30.55
2026-09-05T09:20:59.531Z,30.5
2026-09-05T09:25:59.681Z,30.9
2026-09-05T09:30:59.505Z,31.13
2026-09-05T09:35:59.651Z,31.45
2026-09-05T09:41:00.021Z,31.73
2026-09-05T09:45:59.664Z,32.05
2026-09-05T09:50:59.687Z,32.34
2026-09-05T09:55:59.564Z,32.48
2026-09-05T10:00:59.468Z,32.68
2026-09-05T10:05:59.767Z,32.74
2026-09-05T10:11:01.403Z,32.82
2026-09-05T10:16:01.117Z,33.34
2026-09-05T10:20:59.741Z,33.89
2026-09-05T10:25:59.722Z,34.35
2026-09-05T10:31:00.809Z,34.5
2026-09-05T10:35:59.58Z,34.44
2026-09-05T10:40:59.514Z,34.61
2026-09-05T10:45:59.471Z,35.1
2026-09-05T10:50:59.548Z,35.27
2026-09-05T10:55:59.953Z,35.33
2026-09-05T11:00:59.488Z,35.27
2026-09-05T11:06:00.263Z,35.5
2026-09-05T11:10:59.464Z,35.62
2026-09-05T11:16:01.731Z,35.62
2026-09-05T11:20:59.654Z,36.02
2026-09-05T11:25:59.673Z,36.19
2026-09-05T11:30:59.692Z,36.42
2026-09-05T11:35:59.908Z,36.74
2026-09-05T11:40:59.592Z,36.89
2026-09-05T11:45:59.644Z,37.0
2026-09-05T11:50:59.698Z,37.23
2026-09-05T11:55:59.705Z,37.38
2026-09-05T12:00:59.66Z,37.43
2026-09-05T12:05:59.637Z,37.52
2026-09-05T12:10:59.647Z,37.54
2026-09-05T12:15:59.471Z,37.52
2026-09-05T12:20:59.577Z,37.46
2026-09-05T12:25:59.601Z,37.61
2026-09-05T12:31:01.148Z,37.86
2026-09-05T12:35:59.46Z,37.95
2026-09-05T12:40:59.63Z,38.24
2026-09-05T12:45:59.926Z,38.12
2026-09-05T12:50:59.471Z,38.26
2026-09-05T12:55:59.653Z,38.33
2026-09-05T13:00:59.687Z,38.24
2026-09-05T13:06:00.113Z,38.21
2026-09-05T13:11:02.204Z,38.38
2026-09-05T13:15:59.495Z,38.41
2026-09-05T13:20:59.476Z,38.67
2026-09-05T13:25:59.656Z,38.64
2026-09-05T13:30:59.897Z,38.93
2026-09-05T13:35:59.468Z,39.19
2026-09-05T13:40:59.518Z,39.24
2026-09-05T13:46:00.996Z,39.01
2026-09-05T13:50:59.701Z,38.82
2026-09-05T13:56:00.039Z,38.9
2026-09-05T14:00:59.677Z,38.84
2026-09-05T14:05:59.502Z,39.01
2026-09-05T14:10:59.748Z,39.07
2026-09-05T14:15:59.528Z,38.78
2026-09-05T14:20:59.768Z,38.58
2026-09-05T14:26:01.745Z,38.44
2026-09-05T14:30:59.669Z,38.38
2026-09-05T14:35:59.824Z,38.24
2026-09-05T14:40:59.555Z,37.92
2026-09-05T14:45:59.547Z,37.77
2026-09-05T14:50:59.584Z,37.75
2026-09-05T14:55:59.627Z,37.72
2026-09-05T15:01:00.249Z,37.8
2026-09-05T15:06:01.994Z,37.66
2026-09-05T15:10:59.627Z,37.63
2026-09-05T15:15:59.544Z,37.43
2026-09-05T15:20:59.665Z,37.26
2026-09-05T15:25:59.732Z,37.15
2026-09-05T15:30:59.651Z,37.03
2026-09-05T15:36:00.364Z,36.97
2026-09-05T15:40:59.507Z,36.77
2026-09-05T15:45:59.59Z,36.71
2026-09-05T15:51:02.143Z,36.71
2026-09-05T15:56:00.069Z,36.68
2026-09-05T16:00:59.486Z,36.66
2026-09-05T16:06:02.018Z,36.77
2026-09-05T16:10:59.976Z,36.74
2026-09-05T16:16:00.199Z,36.63
2026-09-05T16:21:02.816Z,36.57
2026-09-05T16:25:59.492Z,36.48
2026-09-05T16:30:59.681Z,36.48
2026-09-05T16:35:59.501Z,36.31
2026-09-05T16:40:59.565Z,36.14
2026-09-05T16:46:00.603Z,35.91
2026-09-05T16:51:02.019Z,35.7
2026-09-05T16:55:59.726Z,35.5
2026-09-05T17:00:59.636Z,35.33
2026-09-05T17:05:59.64Z,35.22
2026-09-05T17:10:59.617Z,35.22
2026-09-05T17:15:59.643Z,35.19
2026-09-05T17:20:59.706Z,35.19
2026-09-05T17:25:59.481Z,34.98
2026-09-05T17:31:00.501Z,34.7
2026-09-05T17:36:02.219Z,34.41
2026-09-05T17:40:59.586Z,34.15
2026-09-05T17:45:59.56Z,34.03
2026-09-05T17:51:02.229Z,33.78
2026-09-05T17:55:59.522Z,33.57
2026-09-05T18:00:59.63Z,33.46
2026-09-05T18:05:59.531Z,33.31
2026-09-05T18:10:59.752Z,33.2
2026-09-05T18:16:01.2Z,33.06
2026-09-05T18:20:59.588Z,32.85
2026-09-05T18:25:59.682Z,32.59
2026-09-05T18:31:01.263Z,32.36
2026-09-05T18:35:59.814Z,32.08
2026-09-05T18:40:59.685Z,31.79
2026-09-05T18:46:00.357Z,31.59
2026-09-05T18:50:59.472Z,31.39
2026-09-05T18:55:59.512Z,31.33
2026-09-05T19:00:59.584Z,31.19
2026-09-05T19:05:59.684Z,31.04
2026-09-05T19:10:59.549Z,30.84
2026-09-05T19:15:59.598Z,30.55
2026-09-05T19:20:59.523Z,30.32
2026-09-05T19:25:59.48Z,30.09
2026-09-05T19:30:59.723Z,29.92
2026-09-05T19:35:59.658Z,29.66
2026-09-05T19:40:59.785Z,29.55
2026-09-05T19:45:59.483Z,29.32
2026-09-05T19:50:59.604Z,29.11
2026-09-05T19:55:59.549Z,28.91
2026-09-05T20:00:59.639Z,28.85
2026-09-05T20:05:59.581Z,28.88
2026-09-05T20:10:59.633Z,28.88
2026-09-05T20:16:00.136Z,28.83
2026-09-05T20:20:59.62Z,28.85
2026-09-05T20:25:59.451Z,28.91
2026-09-05T20:30:59.644Z,28.85
2026-09-05T20:35:59.664Z,28.74
2026-09-05T20:40:59.594Z,28.54
2026-09-05T20:45:59.655Z,28.36
2026-09-05T20:50:59.994Z,28.11
2026-09-05T20:55:59.824Z,27.97
2026-09-05T21:00:59.579Z,27.76
2026-09-05T21:06:00.767Z,27.62
2026-09-05T21:10:59.508Z,27.48
2026-09-05T21:15:59.572Z,27.27
2026-09-05T21:20:59.655Z,27.24
2026-09-05T21:25:59.613Z,27.07
2026-09-05T21:30:59.649Z,26.9
2026-09-05T21:35:59.671Z,26.76
2026-09-05T21:40:59.615Z,26.55
2026-09-05T21:45:59.53Z,26.38
2026-09-05T21:50:59.517Z,26.27
2026-09-05T21:55:59.506Z,26.2
2026-09-05T22:00:59.459Z,26.09
2026-09-05T22:06:00.777Z,25.97
2026-09-05T22:11:02.18Z,26.2
2026-09-05T22:15:59.523Z,26.67
2026-09-05T22:21:00.744Z,26.99
2026-09-05T22:26:02.014Z,27.07
2026-09-05T22:30:59.519Z,27.01
2026-09-05T22:35:59.602Z,27.07
2026-09-05T22:41:01.969Z,26.99
2026-09-05T22:46:00.371Z,26.84
2026-09-05T22:50:59.624Z,26.76
2026-09-05T22:55:59.586Z,26.61
2026-09-05T23:00:59.468Z,26.46
2026-09-05T23:06:01.066Z,26.44
2026-09-05T23:11:02.294Z,26.5
2026-09-05T23:15:59.645Z,26.46
2026-09-05T23:21:00.17Z,26.61
2026-09-05T23:26:01.886Z,26.64
2026-09-05T23:30:59.553Z,26.67
2026-09-05T23:35:59.487Z,26.58
2026-09-05T23:41:01.772Z,26.46
2026-09-05T23:45:59.458Z,26.41
2026-09-05T23:51:00.337Z,26.5
2026-09-05T23:56:02.402Z,26.35
2026-09-06T00:00:59.652Z,26.29
2026-09-06T00:05:59.463Z,26.27
2026-09-06T00:10:59.644Z,26.12
2026-09-06T00:15:59.561Z,26.04
2026-09-06T00:20:59.497Z,25.97
2026-09-06T00:26:00.299Z,25.95
2026-09-06T00:30:59.983Z,25.72
2026-09-06T00:35:59.899Z,25.52
2026-09-06T00:40:59.579Z,25.37
2026-09-06T00:45:59.423Z,25.32
2026-09-06T00:51:01.629Z,25.11
2026-09-06T00:56:01.238Z,25.06
2026-09-06T01:00:59.438Z,24.85
2026-09-06T01:05:59.919Z,24.8
2026-09-06T01:10:59.522Z,24.68
2026-09-06T01:15:59.431Z,24.62
2026-09-06T01:20:59.708Z,24.62
2026-09-06T01:26:01.854Z,24.57
2026-09-06T01:30:59.67Z,24.51
2026-09-06T01:35:59.509Z,24.74
2026-09-06T01:40:59.827Z,24.85
2026-09-06T01:45:59.635Z,24.8
2026-09-06T01:50:59.55Z,24.74
2026-09-06T01:56:01.368Z,24.6
2026-09-06T02:00:59.596Z,24.62
2026-09-06T02:05:59.497Z,24.57
2026-09-06T02:11:00.342Z,24.54
2026-09-06T02:15:59.423Z,24.37
2026-09-06T02:20:59.532Z,24.28
2026-09-06T02:25:59.643Z,24.16
2026-09-06T02:30:59.552Z,23.99
2026-09-06T02:35:59.579Z,23.93
2026-09-06T02:41:02.581Z,23.79
2026-09-06T02:45:59.509Z,23.56
2026-09-06T02:50:59.624Z,23.44
2026-09-06T02:55:59.566Z,23.41
2026-09-06T03:00:59.55Z,23.44
2026-09-06T03:06:00.835Z,23.47
2026-09-06T03:11:00.64Z,23.47
2026-09-06T03:15:59.412Z,23.62
2026-09-06T03:20:59.536Z,23.65
2026-09-06T03:25:59.46Z,23.62
2026-09-06T03:30:59.641Z,23.62
2026-09-06T03:35:59.478Z,23.67
2026-09-06T03:40:59.53Z,23.67
2026-09-06T03:45:59.821Z,23.59
2026-09-06T03:50:59.59Z,23.47
2026-09-06T03:55:59.631Z,23.21
2026-09-06T04:00:59.64Z,23.07
2026-09-06T04:05:59.856Z,22.98
2026-09-06T04:11:00.379Z,22.84
2026-09-06T04:15:59.452Z,22.67
2026-09-06T04:20:59.424Z,22.69
2026-09-06T04:26:00.208Z,22.61
2026-09-06T04:30:59.583Z,22.52
2026-09-06T04:35:59.414Z,22.49
2026-09-06T04:40:59.563Z,22.32
2026-09-06T04:46:01.966Z,22.23
2026-09-06T04:50:59.453Z,22.21
2026-09-06T04:55:59.411Z,22.18
2026-09-06T05:00:59.663Z,22.26
2026-09-06T05:05:59.483Z,22.55
2026-09-06T05:11:00.727Z,22.72
2026-09-06T05:15:59.579Z,22.78
2026-09-06T05:20:59.398Z,22.67
2026-09-06T05:25:59.436Z,22.52
2026-09-06T05:30:59.962Z,22.52
2026-09-06T05:35:59.622Z,22.52
2026-09-06T05:40:59.645Z,22.46
2026-09-06T05:45:59.56Z,22.46
2026-09-06T05:50:59.519Z,22.38
2026-09-06T05:55:59.409Z,22.18
2026-09-06T06:00:59.641Z,22.26
2026-09-06T06:05:59.631Z,22.29
2026-09-06T06:11:00.578Z,22.32
2026-09-06T06:15:59.63Z,22.35
2026-09-06T06:20:59.446Z,22.35
2026-09-06T06:25:59.43Z,22.55
2026-09-06T06:30:59.506Z,23.07
2026-09-06T06:35:59.57Z,23.24
2026-09-06T06:41:00.503Z,23.41
2026-09-06T06:45:59.453Z,23.53
2026-09-06T06:50:59.497Z,23.65
2026-09-06T06:55:59.426Z,23.79
2026-09-06T07:00:59.454Z,23.99
2026-09-06T07:05:59.776Z,24.13
2026-09-06T07:10:59.551Z,24.39
2026-09-06T07:15:59.595Z,24.62
2026-09-06T07:20:59.506Z,24.8
2026-09-06T07:25:59.922Z,25.11
2026-09-06T07:30:59.52Z,25.4
2026-09-06T07:35:59.581Z,25.83
2026-09-06T07:40:59.453Z,26.15
2026-09-06T07:45:59.417Z,26.5
2026-09-06T07:50:59.584Z,26.9
2026-09-06T07:55:59.594Z,27.18
2026-09-06T08:00:59.435Z,27.5
2026-09-06T08:05:59.948Z,27.67
2026-09-06T08:10:59.54Z,27.99
2026-09-06T08:15:59.535Z,28.36
2026-09-06T08:20:59.922Z,28.65
2026-09-06T08:25:59.571Z,29.0
2026-09-06T08:31:01.557Z,29.32
2026-09-06T08:35:59.565Z,29.26
2026-09-06T08:40:59.928Z,29.34
2026-09-06T08:45:59.447Z,29.26
2026-09-06T08:50:59.429Z,29.2
2026-09-06T08:55:59.843Z,29.11
2026-09-06T09:00:59.623Z,29.11
2026-09-06T09:05:59.523Z,29.32
2026-09-06T09:10:59.858Z,29.4
2026-09-06T09:16:00.16Z,29.52
2026-09-06T09:20:59.452Z,29.69
2026-09-06T09:25:59.963Z,29.89
2026-09-06T09:30:59.474Z,30.04
2026-09-06T09:35:59.499Z,29.92
2026-09-06T09:40:59.579Z,30.09
2026-09-06T09:46:01.581Z,30.35
2026-09-06T09:50:59.612Z,30.58
2026-09-06T09:55:59.832Z,30.75
2026-09-06T10:00:59.454Z,31.07
2026-09-06T10:05:59.424Z,31.59
2026-09-06T10:11:00.254Z,31.99
2026-09-06T10:16:01.826Z,32.34
2026-09-06T10:20:59.449Z,32.66
2026-09-06T10:25:59.62Z,33.0
2026-09-06T10:31:02.102Z,33.46
2026-09-06T10:35:59.421Z,33.72
2026-09-06T10:40:59.536Z,33.83
2026-09-06T10:45:59.384Z,33.86
2026-09-06T10:50:59.547Z,33.98
2026-09-06T10:55:59.663Z,33.89
2026-09-06T11:00:59.392Z,33.92
2026-09-06T11:05:59.45Z,33.83
2026-09-06T11:10:59.593Z,33.8
2026-09-06T11:15:59.391Z,33.78
2026-09-06T11:20:59.46Z,33.75
2026-09-06T11:26:00.075Z,33.86
2026-09-06T11:31:02.058Z,34.01
2026-09-06T11:35:59.487Z,34.5
2026-09-06T11:40:59.39Z,34.78
2026-09-06T11:46:02.703Z,34.7
2026-09-06T11:50:59.571Z,34.78
2026-09-06T11:55:59.508Z,34.96
2026-09-06T12:00:59.576Z,35.22
2026-09-06T12:05:59.753Z,35.47
2026-09-06T12:11:00.146Z,35.5
2026-09-06T12:15:59.488Z,35.59
2026-09-06T12:20:59.409Z,35.59
2026-09-06T12:25:59.59Z,35.53
2026-09-06T12:30:59.388Z,35.85
2026-09-06T12:35:59.468Z,36.05
2026-09-06T12:40:59.459Z,36.17
2026-09-06T12:46:02.358Z,36.4
2026-09-06T12:50:59.49Z,36.51
2026-09-06T12:56:00.254Z,36.66
2026-09-06T13:00:59.446Z,36.8
2026-09-06T13:05:59.491Z,36.91
2026-09-06T13:10:59.413Z,36.91
2026-09-06T13:15:59.431Z,36.86
2026-09-06T13:20:59.426Z,36.89
2026-09-06T13:25:59.543Z,37.03
2026-09-06T13:30:59.66Z,36.94
2026-09-06T13:35:59.543Z,37.03
2026-09-06T13:41:00.257Z,36.89
2026-09-06T13:45:59.588Z,36.89
2026-09-06T13:50:59.94Z,36.77
2026-09-06T13:55:59.417Z,36.77
2026-09-06T14:00:59.512Z,36.83
2026-09-06T14:05:59.368Z,36.8
2026-09-06T14:11:00.509Z,36.83
2026-09-06T14:15:59.575Z,36.8
2026-09-06T14:21:00.12Z,36.77
2026-09-06T14:25:59.781Z,36.68
2026-09-06T14:31:00.249Z,36.89
2026-09-06T14:35:59.436Z,36.54
2026-09-06T14:40:59.404Z,36.02
2026-09-06T14:46:01.693Z,35.99
2026-09-06T14:50:59.513Z,35.59
2026-09-06T14:55:59.617Z,35.24
2026-09-06T15:01:02.11Z,34.84
2026-09-06T15:05:59.469Z,34.84
2026-09-06T15:10:59.399Z,34.73
2026-09-06T15:16:00.047Z,34.58
2026-09-06T15:20:59.53Z,34.64
2026-09-06T15:25:59.369Z,34.52
2026-09-06T15:30:59.577Z,34.47
2026-09-06T15:35:59.513Z,34.44
2026-09-06T15:41:01.522Z,34.21
2026-09-06T15:45:59.44Z,34.18
2026-09-06T15:51:01.297Z,34.09
2026-09-06T15:56:00.787Z,33.95
2026-09-06T16:00:59.487Z,33.83
2026-09-06T16:05:59.38Z,33.86
2026-09-06T16:10:59.478Z,33.8
2026-09-06T16:15:59.447Z,33.78
2026-09-06T16:20:59.618Z,33.72
2026-09-06T16:26:00.942Z,33.89
2026-09-06T16:30:59.366Z,34.01
2026-09-06T16:35:59.495Z,33.95
2026-09-06T16:41:01.153Z,34.06
2026-09-06T16:46:03.313Z,33.98
2026-09-06T16:50:59.439Z,33.6
2026-09-06T16:56:00.143Z,33.52
2026-09-06T17:00:59.517Z,33.26
2026-09-06T17:05:59.42Z,33.15
2026-09-06T17:11:00.349Z,32.89
2026-09-06T17:15:59.617Z,32.82
2026-09-06T17:20:59.473Z,32.74
2026-09-06T17:25:59.492Z,32.66
2026-09-06T17:31:02.225Z,32.51
2026-09-06T17:35:59.616Z,32.19
2026-09-06T17:40:59.5Z,32.11
2026-09-06T17:45:59.514Z,31.99
2026-09-06T17:50:59.392Z,31.82
2026-09-06T17:56:00.402Z,31.76
2026-09-06T18:00:59.529Z,31.5
2026-09-06T18:05:59.602Z,31.42
2026-09-06T18:10:59.458Z,31.36
2026-09-06T18:15:59.403Z,31.19
2026-09-06T18:20:59.584Z,31.22
2026-09-06T18:25:59.545Z,31.1
2026-09-06T18:31:03.305Z,31.04
2026-09-06T18:35:59.507Z,30.96
2026-09-06T18:40:59.471Z,30.93
2026-09-06T18:46:01.951Z,30.75
2026-09-06T18:51:00.043Z,30.7
2026-09-06T18:56:00.715Z,30.64
2026-09-06T19:00:59.491Z,30.61
2026-09-06T19:05:59.561Z,30.5
2026-09-06T19:10:59.771Z,30.38
2026-09-06T19:15:59.411Z,30.32
2026-09-06T19:20:59.553Z,30.18
2026-09-06T19:25:59.644Z,30.15
2026-09-06T19:30:59.42Z,30.09
2026-09-06T19:35:59.365Z,30.01
2026-09-06T19:40:59.6Z,30.04
2026-09-06T19:45:59.464Z,29.95
2026-09-06T19:50:59.487Z,29.86
2026-09-06T19:55:59.395Z,29.86
2026-09-06T20:01:01.77Z,29.75
2026-09-06T20:05:59.486Z,29.66
2026-09-06T20:11:00.368Z,29.6
2026-09-06T20:16:01.547Z,29.49
2026-09-06T20:20:59.66Z,29.4
2026-09-06T20:26:00.119Z,29.32
2026-09-06T20:30:59.552Z,29.26
2026-09-06T20:35:59.469Z,29.2
2026-09-06T20:41:00.198Z,29.11
2026-09-06T20:45:59.408Z,29.06
2026-09-06T20:50:59.475Z,28.97
2026-09-06T20:55:59.82Z,28.88
2026-09-06T21:01:01.597Z,28.74
2026-09-06T21:05:59.559Z,28.71
2026-09-06T21:10:59.594Z,28.65
2026-09-06T21:15:59.393Z,28.51
2026-09-06T21:20:59.581Z,28.36
2026-09-06T21:25:59.393Z,28.25
2026-09-06T21:30:59.59Z,28.19
2026-09-06T21:35:59.53Z,28.08
2026-09-06T21:41:00.275Z,27.87
2026-09-06T21:45:59.505Z,27.71
2026-09-06T21:50:59.366Z,27.76
2026-09-06T21:56:00.268Z,27.79
2026-09-06T22:01:01.123Z,27.82
2026-09-06T22:05:59.505Z,27.82
2026-09-06T22:10:59.586Z,27.9
2026-09-06T22:16:01.257Z,27.87
2026-09-06T22:20:59.525Z,27.76
2026-09-06T22:25:59.587Z,27.71
2026-09-06T22:31:00.773Z,27.67
2026-09-06T22:35:59.369Z,27.59
2026-09-06T22:40:59.479Z,27.44
2026-09-06T22:45:59.474Z,27.33
2026-09-06T22:50:59.411Z,27.36
2026-09-06T22:55:59.565Z,27.36
2026-09-06T23:00:59.53Z,27.33
2026-09-06T23:05:59.584Z,27.24
2026-09-06T23:10:59.431Z,27.1
2026-09-06T23:16:00.786Z,27.01
2026-09-06T23:20:59.504Z,26.99
2026-09-06T23:25:59.75Z,26.9
2026-09-06T23:30:59.501Z,26.92
2026-09-06T23:35:59.366Z,26.9
2026-09-06T23:40:59.525Z,26.95
2026-09-06T23:46:00.758Z,26.95
2026-09-06T23:50:59.914Z,26.87
2026-09-06T23:55:59.756Z,26.81
2026-09-07T00:00:59.506Z,26.78
2026-09-07T00:05:59.859Z,26.76
2026-09-07T00:10:59.619Z,26.69
2026-09-07T00:15:59.433Z,26.58
2026-09-07T00:20:59.382Z,26.46
2026-09-07T00:25:59.468Z,26.44
2026-09-07T00:30:59.826Z,26.2
2026-09-07T00:35:59.402Z,26.18
2026-09-07T00:40:59.511Z,26.04
2026-09-07T00:46:00.454Z,25.97
2026-09-07T00:50:59.761Z,25.95
2026-09-07T00:55:59.632Z,25.8
2026-09-07T01:00:59.549Z,25.75
2026-09-07T01:06:01.994Z,25.63
2026-09-07T01:10:59.42Z,25.69
2026-09-07T01:15:59.474Z,25.75
2026-09-07T01:20:59.5Z,25.63
2026-09-07T01:25:59.599Z,25.55
2026-09-07T01:31:00.11Z,25.4
2026-09-07T01:36:01.468Z,25.32
2026-09-07T01:40:59.395Z,25.11
2026-09-07T01:45:59.42Z,25.0
2026-09-07T01:51:01.721Z,24.91
2026-09-07T01:55:59.606Z,24.85
2026-09-07T02:00:59.469Z,24.83
2026-09-07T02:05:59.469Z,24.8
2026-09-07T02:10:59.665Z,24.71
2026-09-07T02:15:59.44Z,24.68
2026-09-07T02:20:59.4Z,24.68
2026-09-07T02:25:59.439Z,24.65
2026-09-07T02:30:59.578Z,24.62
2026-09-07T02:36:00.924Z,24.6
2026-09-07T02:40:59.519Z,24.42
2026-09-07T02:45:59.46Z,24.28
2026-09-07T02:50:59.455Z,24.25
2026-09-07T02:55:59.529Z,24.08
2026-09-07T03:00:59.576Z,24.02
2026-09-07T03:05:59.531Z,23.88
2026-09-07T03:10:59.572Z,23.82
2026-09-07T03:15:59.602Z,23.7
2026-09-07T03:20:59.61Z,23.67
2026-09-07T03:25:59.767Z,23.67
2026-09-07T03:30:59.403Z,23.56
2026-09-07T03:35:59.572Z,23.53
2026-09-07T03:40:59.515Z,23.39
2026-09-07T03:45:59.497Z,23.3
2026-09-07T03:50:59.532Z,23.3
2026-09-07T03:55:59.509Z,23.24
2026-09-07T04:00:59.723Z,23.21
2026-09-07T04:05:59.475Z,23.18
2026-09-07T04:10:59.58Z,23.07
2026-09-07T04:15:59.44Z,22.95
2026-09-07T04:20:59.953Z,22.87
2026-09-07T04:25:59.581Z,22.75
2026-09-07T04:30:59.424Z,22.61
2026-09-07T04:36:00.885Z,22.55
2026-09-07T04:40:59.402Z,22.55
2026-09-07T04:45:59.476Z,22.49
2026-09-07T04:50:59.44Z,22.52
2026-09-07T04:55:59.469Z,22.49
2026-09-07T05:00:59.719Z,22.44
2026-09-07T05:06:01.375Z,22.35
2026-09-07T05:10:59.543Z,22.35
2026-09-07T05:16:00.564Z,22.18
2026-09-07T05:21:01.417Z,22.18
2026-09-07T05:25:59.611Z,22.26
2026-09-07T05:31:00.382Z,22.12
2026-09-07T05:36:03.139Z,22.09
2026-09-07T05:40:59.392Z,22.04
2026-09-07T05:45:59.763Z,22.06
2026-09-07T05:50:59.654Z,22.15
2026-09-07T05:55:59.608Z,22.15
2026-09-07T06:00:59.497Z,22.18
2026-09-07T06:06:00.684Z,22.29
2026-09-07T06:10:59.422Z,22.46
2026-09-07T06:15:59.507Z,22.61
2026-09-07T06:21:01.311Z,22.87
2026-09-07T06:25:59.427Z,23.07
2026-09-07T06:30:59.493Z,23.33
2026-09-07T06:35:59.405Z,23.44
2026-09-07T06:40:59.503Z,23.65
2026-09-07T06:46:00.334Z,23.73
2026-09-07T06:50:59.608Z,23.99
2026-09-07T06:55:59.549Z,24.25
2026-09-07T07:00:59.561Z,24.45
2026-09-07T07:06:00.06Z,24.54
2026-09-07T07:11:01.682Z,24.77
2026-09-07T07:15:59.374Z,24.97
2026-09-07T07:20:59.435Z,25.17
2026-09-07T07:26:01.871Z,25.34
2026-09-07T07:30:59.455Z,25.63
2026-09-07T07:35:59.978Z,25.95
2026-09-07T07:40:59.409Z,26.12
2026-09-07T07:45:59.566Z,26.44
2026-09-07T07:50:59.39Z,26.67
2026-09-07T07:55:59.836Z,26.92
2026-09-07T08:00:59.826Z,27.1
2026-09-07T08:05:59.657Z,27.5
2026-09-07T08:10:59.55Z,27.85
2026-09-07T08:15:59.401Z,28.08
2026-09-07T08:20:59.615Z,28.36
2026-09-07T08:25:59.694Z,28.68
2026-09-07T08:31:00.684Z,29.06
2026-09-07T08:36:00.972Z,29.11
2026-09-07T08:41:01.724Z,29.17
2026-09-07T08:45:59.542Z,29.37
2026-09-07T08:50:59.603Z,29.49
2026-09-07T08:55:59.614Z,29.72
2026-09-07T09:00:59.441Z,30.06
2026-09-07T09:05:59.395Z,30.29
2026-09-07T09:10:59.704Z,30.64
2026-09-07T09:15:59.675Z,30.93
2026-09-07T09:20:59.478Z,31.19
2026-09-07T09:26:01.025Z,31.53
2026-09-07T09:30:59.922Z,31.87
2026-09-07T09:35:59.509Z,32.08
2026-09-07T09:40:59.517Z,32.11
2026-09-07T09:45:59.523Z,32.4
2026-09-07T09:50:59.586Z,32.77
2026-09-07T09:56:01.027Z,33.08
2026-09-07T10:00:59.384Z,33.34
2026-09-07T10:05:59.396Z,33.63
2026-09-07T10:10:59.488Z,33.95
2026-09-07T10:15:59.576Z,34.27
2026-09-07T10:20:59.409Z,34.7
2026-09-07T10:25:59.465Z,35.19
2026-09-07T10:30:59.469Z,35.59
2026-09-07T10:35:59.581Z,36.02
2026-09-07T10:40:59.437Z,36.4
2026-09-07T10:45:59.549Z,36.45
2026-09-07T10:50:59.392Z,36.86
2026-09-07T10:55:59.392Z,37.15
2026-09-07T11:00:59.587Z,37.26
2026-09-07T11:05:59.604Z,37.31
2026-09-07T11:10:59.569Z,37.54
2026-09-07T11:15:59.525Z,37.61
2026-09-07T11:21:00.958Z,37.77
2026-09-07T11:26:00.852Z,37.92
2026-09-07T11:30:59.861Z,38.12
2026-09-07T11:35:59.622Z,38.26
2026-09-07T11:40:59.386Z,38.33
2026-09-07T11:45:59.92Z,38.41
2026-09-07T11:50:59.433Z,38.29
2026-09-07T11:56:01.244Z,38.41
2026-09-07T12:00:59.37Z,38.52
2026-09-07T12:05:59.57Z,38.58
2026-09-07T12:10:59.617Z,38.9
2026-09-07T12:15:59.616Z,38.84
2026-09-07T12:20:59.476Z,38.98
2026-09-07T12:25:59.599Z,38.84
2026-09-07T12:30:59.605Z,39.04
2026-09-07T12:36:01.236Z,39.19
2026-09-07T12:40:59.403Z,39.36
2026-09-07T12:45:59.434Z,39.42
2026-09-07T12:50:59.44Z,39.42
2026-09-07T12:55:59.462Z,39.24
2026-09-07T13:00:59.461Z,39.27
2026-09-07T13:05:59.432Z,39.24
2026-09-07T13:10:59.998Z,39.1
2026-09-07T13:16:02.162Z,39.42
2026-09-07T13:20:59.504Z,39.56
2026-09-07T13:25:59.463Z,39.47
2026-09-07T13:30:59.478Z,39.68
2026-09-07T13:35:59.611Z,39.68
2026-09-07T13:40:59.524Z,39.65
2026-09-07T13:45:59.501Z,39.68
2026-09-07T13:51:01.221Z,39.76
2026-09-07T13:55:59.663Z,39.68
2026-09-07T14:00:59.386Z,39.68
2026-09-07T14:05:59.523Z,39.88
2026-09-07T14:10:59.397Z,39.76
2026-09-07T14:15:59.401Z,39.79
2026-09-07T14:21:00.334Z,39.76
2026-09-07T14:26:00.394Z,39.59
2026-09-07T14:30:59.368Z,39.59
2026-09-07T14:35:59.607Z,39.5
2026-09-07T14:40:59.451Z,39.36
2026-09-07T14:45:59.387Z,39.39
2026-09-07T14:50:59.64Z,39.39
2026-09-07T14:56:00.827Z,39.36
2026-09-07T15:00:59.752Z,39.33
2026-09-07T15:06:01.211Z,39.39
2026-09-07T15:10:59.423Z,39.39
2026-09-07T15:15:59.465Z,39.31
2026-09-07T15:20:59.383Z,39.16
2026-09-07T15:25:59.669Z,39.07
2026-09-07T15:30:59.409Z,39.04
2026-09-07T15:35:59.557Z,38.93
2026-09-07T15:41:01.181Z,38.84
2026-09-07T15:45:59.402Z,38.87
2026-09-07T15:50:59.502Z,38.64
2026-09-07T15:55:59.613Z,38.58
2026-09-07T16:00:59.613Z,38.47
2026-09-07T16:06:00.176Z,38.21
2026-09-07T16:10:59.564Z,38.21
2026-09-07T16:15:59.585Z,37.98
2026-09-07T16:20:59.379Z,38.03
2026-09-07T16:25:59.586Z,37.98
2026-09-07T16:31:02.025Z,37.77
2026-09-07T16:35:59.416Z,37.77
2026-09-07T16:40:59.466Z,37.69
2026-09-07T16:46:00.695Z,37.54
2026-09-07T16:50:59.444Z,37.31
2026-09-07T16:55:59.474Z,37.09
2026-09-07T17:00:59.615Z,36.89
2026-09-07T17:05:59.874Z,36.86
2026-09-07T17:10:59.501Z,36.8
2026-09-07T17:15:59.432Z,36.63
2026-09-07T17:20:59.491Z,36.57
2026-09-07T17:25:59.452Z,36.45
2026-09-07T17:30:59.677Z,36.25
2026-09-07T17:36:02.423Z,36.05
2026-09-07T17:40:59.493Z,35.88
2026-09-07T17:45:59.351Z,35.7
2026-09-07T17:50:59.36Z,35.53
2026-09-07T17:55:59.391Z,35.3
2026-09-07T18:00:59.598Z,34.98
2026-09-07T18:05:59.627Z,34.7
2026-09-07T18:10:59.367Z,34.32
2026-09-07T18:16:00.636Z,33.95
2026-09-07T18:21:01.124Z,33.66
2026-09-07T18:25:59.607Z,33.4
2026-09-07T18:30:59.931Z,32.94
2026-09-07T18:35:59.465Z,32.66
2026-09-07T18:40:59.394Z,32.4
2026-09-07T18:46:00.243Z,32.17
2026-09-07T18:51:00.114Z,31.99
2026-09-07T18:55:59.668Z,31.73
2026-09-07T19:00:59.475Z,31.62
2026-09-07T19:05:59.417Z,31.45
2026-09-07T19:10:59.536Z,31.36
2026-09-07T19:16:00.025Z,31.33
2026-09-07T19:20:59.403Z,31.3
2026-09-07T19:25:59.404Z,31.24
2026-09-07T19:31:00.206Z,31.3
2026-09-07T19:35:59.493Z,31.16
2026-09-07T19:40:59.488Z,31.1
2026-09-07T19:45:59.642Z,31.07
2026-09-07T19:51:01.252Z,30.93
2026-09-07T19:55:59.589Z,30.73
2026-09-07T20:00:59.585Z,30.52
2026-09-07T20:06:00.216Z,30.24
2026-09-07T20:10:59.511Z,29.95
2026-09-07T20:15:59.605Z,29.66
2026-09-07T20:20:59.535Z,29.49
2026-09-07T20:25:59.612Z,29.29
2026-09-07T20:30:59.505Z,29.06
2026-09-07T20:36:01.514Z,28.85
2026-09-07T20:40:59.442Z,28.65
2026-09-07T20:45:59.438Z,28.54
2026-09-07T20:50:59.598Z,28.42
2026-09-07T20:55:59.511Z,28.39
2026-09-07T21:00:59.515Z,28.31
2026-09-07T21:05:59.585Z,28.22
2026-09-07T21:10:59.397Z,28.08
2026-09-07T21:15:59.581Z,27.99
2026-09-07T21:21:00.974Z,27.79
2026-09-07T21:25:59.558Z,27.67
2026-09-07T21:30:59.638Z,27.59
2026-09-07T21:36:01.936Z,27.59
2026-09-07T21:40:59.446Z,27.5
2026-09-07T21:45:59.561Z,27.39
2026-09-07T21:50:59.446Z,27.36
2026-09-07T21:55:59.442Z,27.22
2026-09-07T22:00:59.793Z,27.16
2026-09-07T22:06:01.158Z,27.04
2026-09-07T22:10:59.399Z,27.18
2026-09-07T22:15:59.505Z,27.53
2026-09-07T22:21:00.636Z,27.64
2026-09-07T22:26:00.156Z,27.82
2026-09-07T22:30:59.56Z,27.85
2026-09-07T22:36:00.769Z,27.85
2026-09-07T22:40:59.787Z,27.82
2026-09-07T22:45:59.524Z,27.73
2026-09-07T22:50:59.407Z,27.71
2026-09-07T22:55:59.498Z,27.59
